"PhonAlign",0.0,24.487263,"#"
"PhonAlign",24.487263,24.677263,"l"
"PhonAlign",24.677263,24.957263,"O/"
"PhonAlign",24.957263,25.147263,"R"
"PhonAlign",25.147263,25.207263,"#"
"PhonAlign",25.207263,26.338884,"fp"
"PhonAlign",26.338884,31.767187,"#"
"PhonAlign",31.767187,31.877187,"b"
"PhonAlign",31.877187,32.779688,"U~/"
"PhonAlign",32.779688,34.399688,"#"
"PhonAlign",34.399688,34.509688,"p"
"PhonAlign",34.509688,34.539688,"l"
"PhonAlign",34.539688,34.569688,"y"
"PhonAlign",34.569688,34.599688,"t"
"PhonAlign",34.599688,34.789688,"O/"
"PhonAlign",34.789688,34.859688,"m"
"PhonAlign",34.859688,34.999688,"E"
"PhonAlign",34.999688,35.049688,"n"
"PhonAlign",35.049688,35.260313,"O~"
"PhonAlign",35.260313,36.728438,"#"
"PhonAlign",36.728438,36.998438,"m"
"PhonAlign",36.998438,37.488438,"E"
"PhonAlign",37.488438,37.608438,"s"
"PhonAlign",37.608438,37.638438,"k"
"PhonAlign",37.638438,37.758438,"i"
"PhonAlign",37.758438,37.926563,"A/"
"PhonAlign",37.926563,44.777813,"#"
"PhonAlign",44.777813,45.437813,"fp"
"PhonAlign",45.437813,45.537813,"p"
"PhonAlign",45.537813,45.657813,"A/"
"PhonAlign",45.657813,45.687813,"R"
"PhonAlign",45.687813,45.717813,"e"
"PhonAlign",45.717813,45.777813,"g"
"PhonAlign",45.777813,45.867813000000005,"z"
"PhonAlign",45.867813000000005,45.897813,"a~"
"PhonAlign",45.897813,45.927813,"p"
"PhonAlign",45.927813,45.957813,"l"
"PhonAlign",45.957813,46.517813,"@"
"PhonAlign",46.517813,46.583438,"l"
"PhonAlign",46.583438,47.882813,"#"
"PhonAlign",47.882813,47.952813,"l"
"PhonAlign",47.952813,48.062813,"@"
"PhonAlign",48.062813,48.152813,"Z"
"PhonAlign",48.152813,48.202813,"2"
"PhonAlign",48.202813,48.232813,"d"
"PhonAlign",48.232813,48.352813,"i"
"PhonAlign",48.352813,48.392813,"v"
"PhonAlign",48.392813,48.502813,"U~/"
"PhonAlign",48.502813,48.602813,"s"
"PhonAlign",48.602813,48.672813,"i"
"PhonAlign",48.672813,48.792813,"s"
"PhonAlign",48.792813,48.852813,"e"
"PhonAlign",48.852813,48.882813,"l"
"PhonAlign",48.882813,48.952813,"A/"
"PhonAlign",48.952813,49.042813,"s"
"PhonAlign",49.042813,49.142813,"a~"
"PhonAlign",49.142813,49.262813,"s"
"PhonAlign",49.262813,49.292813,"j"
"PhonAlign",49.292813,49.485938,"O~"
"PhonAlign",49.485938,64.955375,"#"
"PhonAlign",64.955375,66.628004,"laugh"
"PhonAlign",66.628004,70.42291,"#"
"PhonAlign",70.42291,72.476192,"laugh"
"PhonAlign",72.476192,77.096076,"#"
"PhonAlign",77.096076,77.136076,"A/"
"PhonAlign",77.136076,77.216076,"l"
"PhonAlign",77.216076,77.546076,"O/"
"PhonAlign",77.546076,77.576076,"R"
"PhonAlign",77.576076,78.576076,"z"
"PhonAlign",78.576076,79.387686,"laugh"
"PhonAlign",79.387686,80.388886,"#"
"PhonAlign",80.388886,80.7616,"laugh"
"PhonAlign",80.7616,100.988438,"#"
"PhonAlign",100.988438,101.168438,"m"
"PhonAlign",101.168438,101.268438,"E"
"PhonAlign",101.268438,101.298438,"n"
"PhonAlign",101.298438,101.408438,"a~"
"PhonAlign",101.408438,101.438438,"p"
"PhonAlign",101.438438,101.478438,"A/"
"PhonAlign",101.478438,101.598438,"s"
"PhonAlign",101.598438,101.628438,"@"
"PhonAlign",101.628438,101.698438,"d"
"PhonAlign",101.698438,101.728438,"y"
"PhonAlign",101.728438,101.828438,"k"
"PhonAlign",101.828438,101.908438,"u"
"PhonAlign",101.908438,102.088438,"s"
"PhonAlign",102.088438,102.138438,"i"
"PhonAlign",102.138438,102.418438,"s"
"PhonAlign",102.418438,102.448438,"e"
"PhonAlign",102.448438,102.478438,"U~/"
"PhonAlign",102.478438,102.528438,"t"
"PhonAlign",102.528438,102.558438,"R"
"PhonAlign",102.558438,102.608438,"y"
"PhonAlign",102.608438,102.638438,"k"
"PhonAlign",102.638438,102.688438,"d"
"PhonAlign",102.688438,102.798438,"R"
"PhonAlign",102.798438,102.828438,"A/"
"PhonAlign",102.828438,102.858438,"d"
"PhonAlign",102.858438,102.888438,"j"
"PhonAlign",102.888438,102.918438,"O/"
"PhonAlign",102.918438,102.948438,"j"
"PhonAlign",102.948438,102.988438,"A/"
"PhonAlign",102.988438,103.068438,"p"
"PhonAlign",103.068438,103.118438,"A/"
"PhonAlign",103.118438,103.158438,"t"
"PhonAlign",103.158438,103.238438,"p"
"PhonAlign",103.238438,103.268438,"y"
"PhonAlign",103.268438,103.318438,"b"
"PhonAlign",103.318438,103.348438,"l"
"PhonAlign",103.348438,103.398438,"i"
"PhonAlign",103.398438,103.553438,"k"
"PhonAlign",103.553438,110.100938,"#"
"PhonAlign",110.100938,110.280938,"w"
"PhonAlign",110.280938,110.520938,"E"
"PhonAlign",110.520938,110.560938,"y"
"PhonAlign",110.560938,110.860938,"n"
"PhonAlign",110.860938,111.020938,"s"
"PhonAlign",111.020938,111.100938,"A/"
"PhonAlign",111.100938,111.130938,"l"
"PhonAlign",111.130938,111.710938,"@"
"PhonAlign",111.710938,111.740938,"w"
"PhonAlign",111.740938,111.906619,"E"
"PhonAlign",111.906619,115.298438,"#"
"PhonAlign",115.298438,115.534688,"m"
"PhonAlign",115.534688,116.530312,"#"
"PhonAlign",116.530312,116.620312,"Z"
"PhonAlign",116.620312,116.720312,"a~"
"PhonAlign",116.720312,116.750312,"R"
"PhonAlign",116.750312,116.800312,"U~/"
"PhonAlign",116.800312,116.890312,"p"
"PhonAlign",116.890312,116.930312,"2"
"PhonAlign",116.930312,117.010312,"a~"
"PhonAlign",117.010312,117.060312,"m"
"PhonAlign",117.060312,117.110312,"O/"
"PhonAlign",117.110312,117.140312,"d"
"PhonAlign",117.140312,117.320312,"@"
"PhonAlign",117.320312,117.460312,"p"
"PhonAlign",117.460312,117.600312,"A/"
"PhonAlign",117.600312,117.740312,"s"
"PhonAlign",117.740312,117.770312,"A/"
"PhonAlign",117.770312,117.820312,"l"
"PhonAlign",117.820312,117.860312,"d"
"PhonAlign",117.860312,117.890312,"@"
"PhonAlign",117.890312,118.040312,"s"
"PhonAlign",118.040312,118.090312,"i"
"PhonAlign",118.090312,118.120312,"n"
"PhonAlign",118.120312,118.160312,"e"
"PhonAlign",118.160312,118.200312,"m"
"PhonAlign",118.200312,118.290312,"A/"
"PhonAlign",118.290312,118.380312,"k"
"PhonAlign",118.380312,118.410312,"a~"
"PhonAlign",118.410312,118.440312,"m"
"PhonAlign",118.440312,118.500312,"E"
"PhonAlign",118.500312,118.660312,"m"
"PhonAlign",118.660312,118.890312,"@"
"PhonAlign",118.890312,118.970312,"m"
"PhonAlign",118.970312,119.000312,"Z"
"PhonAlign",119.000312,119.120312,"a~"
"PhonAlign",119.120312,119.601562,"R"
"PhonAlign",119.601562,121.542187,"#"
"PhonAlign",121.542187,121.612187,"Z"
"PhonAlign",121.612187,121.642187,"@"
"PhonAlign",121.642187,121.682187,"s"
"PhonAlign",121.682187,121.782187,"p"
"PhonAlign",121.782187,121.842187,"A/"
"PhonAlign",121.842187,122.032187,"S"
"PhonAlign",122.032187,122.112187,"s"
"PhonAlign",122.112187,122.152187,"y"
"PhonAlign",122.152187,122.182187,"i"
"PhonAlign",122.182187,122.312187,"Z"
"PhonAlign",122.312187,122.372187,"A/"
"PhonAlign",122.372187,122.412187,"m"
"PhonAlign",122.412187,122.442187,"E"
"PhonAlign",122.442187,122.502187,"A/"
"PhonAlign",122.502187,122.532187,"l"
"PhonAlign",122.532187,122.562187,"e"
"PhonAlign",122.562187,122.602187,"O/"
"PhonAlign",122.602187,122.712187,"k"
"PhonAlign",122.712187,122.762187,"y"
"PhonAlign",122.762187,122.822187,"b"
"PhonAlign",122.822187,122.912187,"@"
"PhonAlign",122.912187,123.052187,"m"
"PhonAlign",123.052187,123.452187,"E"
"PhonAlign",123.452187,123.567188,"z"
"PhonAlign",123.567188,126.908438,"#"
"PhonAlign",126.908438,127.068438,"w"
"PhonAlign",127.068438,127.168438,"E"
"PhonAlign",127.168438,127.268438,"v"
"PhonAlign",127.268438,127.358438,"l"
"PhonAlign",127.358438,127.515938,"A/"
"PhonAlign",127.515938,129.169688,"#"
"PhonAlign",129.169688,129.289688,"Z"
"PhonAlign",129.289688,129.449688,"a~"
"PhonAlign",129.449688,129.479688,"R"
"PhonAlign",129.479688,129.509688,"a~"
"PhonAlign",129.509688,129.559688,"m"
"PhonAlign",129.559688,129.62968800000002,"O/"
"PhonAlign",129.62968800000002,129.729688,"d"
"PhonAlign",129.729688,129.829688,"@"
"PhonAlign",129.829688,129.859688,"Z"
"PhonAlign",129.859688,129.889688,"a~"
"PhonAlign",129.889688,129.919688,"R"
"PhonAlign",129.919688,130.089688,"s"
"PhonAlign",130.089688,130.21968800000002,"A/"
"PhonAlign",130.21968800000002,130.24968800000002,"l"
"PhonAlign",130.24968800000002,130.37968800000002,"s"
"PhonAlign",130.37968800000002,130.589688,"A/"
"PhonAlign",130.589688,130.62968800000002,"l"
"PhonAlign",130.62968800000002,130.679688,"Z"
"PhonAlign",130.679688,130.869688,"a~"
"PhonAlign",130.869688,130.899688,"R"
"PhonAlign",130.899688,131.339688,"fp"
"PhonAlign",131.339688,131.389688,"#"
"PhonAlign",131.389688,131.599688,"s"
"PhonAlign",131.599688,131.68968800000002,"A/"
"PhonAlign",131.68968800000002,131.71968800000002,"l"
"PhonAlign",131.71968800000002,131.74968800000002,"d"
"PhonAlign",131.74968800000002,131.829688,"@"
"PhonAlign",131.829688,131.949688,"t"
"PhonAlign",131.949688,132.049688,"E"
"PhonAlign",132.049688,132.269688,"A/"
"PhonAlign",132.269688,132.329688,"t"
"PhonAlign",132.329688,132.429688,"R"
"PhonAlign",132.429688,132.549688,"u"
"PhonAlign",132.549688,132.809688,"fp"
"PhonAlign",132.809688,133.399688,"#"
"PhonAlign",133.399688,133.43968800000002,"Z"
"PhonAlign",133.43968800000002,133.509688,"a~"
"PhonAlign",133.509688,133.539688,"R"
"PhonAlign",133.539688,133.579688,"U~/"
"PhonAlign",133.579688,133.62968800000002,"t"
"PhonAlign",133.62968800000002,133.679688,"R"
"PhonAlign",133.679688,133.729688,"y"
"PhonAlign",133.729688,133.789688,"k"
"PhonAlign",133.789688,133.859688,"A/"
"PhonAlign",133.859688,133.889688,"v"
"PhonAlign",133.889688,133.979688,"E"
"PhonAlign",133.979688,134.12968800000002,"k"
"PhonAlign",134.12968800000002,134.259688,"d"
"PhonAlign",134.259688,134.299688,"E"
"PhonAlign",134.299688,134.37968800000002,"p"
"PhonAlign",134.37968800000002,134.40968800000002,"l"
"PhonAlign",134.40968800000002,134.459688,"A/"
"PhonAlign",134.459688,134.569688,"s"
"PhonAlign",134.569688,134.62968800000002,"A/"
"PhonAlign",134.62968800000002,134.77968800000002,"s"
"PhonAlign",134.77968800000002,134.899688,"i"
"PhonAlign",134.899688,134.989688,"z"
"PhonAlign",134.989688,135.539688,"e"
"PhonAlign",135.539688,135.599688,"y"
"PhonAlign",135.599688,135.639688,"n"
"PhonAlign",135.639688,135.789688,"s"
"PhonAlign",135.789688,135.859688,"E"
"PhonAlign",135.859688,135.970312,"n"
"PhonAlign",135.970312,141.002112,"#"
"PhonAlign",141.002112,141.623438,"laugh"
"PhonAlign",141.623438,143.952187,"#"
"PhonAlign",143.952187,143.992187,"u"
"PhonAlign",143.992187,144.022187,"i"
"PhonAlign",144.022187,144.102187,"A/"
"PhonAlign",144.102187,144.342187,"v"
"PhonAlign",144.342187,144.41218700000002,"E"
"PhonAlign",144.41218700000002,144.462187,"k"
"PhonAlign",144.462187,144.592187,"d"
"PhonAlign",144.592187,144.63218700000002,"e"
"PhonAlign",144.63218700000002,144.742187,"s"
"PhonAlign",144.742187,144.842187,"p"
"PhonAlign",144.842187,144.952187,"O/"
"PhonAlign",144.952187,145.00218700000002,"t"
"PhonAlign",145.00218700000002,145.072187,"Z"
"PhonAlign",145.072187,145.172187,"a~"
"PhonAlign",145.172187,145.202187,"R"
"PhonAlign",145.202187,145.392187,"E"
"PhonAlign",145.392187,145.552187,"O~"
"PhonAlign",145.552187,145.592187,"n"
"PhonAlign",145.592187,145.762187,"A/"
"PhonAlign",145.762187,145.872187,"k"
"PhonAlign",145.872187,146.302187,"9"
"PhonAlign",146.302187,146.44218700000002,"j"
"PhonAlign",146.44218700000002,146.602187,"@"
"PhonAlign",146.602187,147.41218700000002,"#"
"PhonAlign",147.41218700000002,147.592187,"O/"
"PhonAlign",147.592187,148.19218700000002,"#"
"PhonAlign",148.19218700000002,148.242187,"d"
"PhonAlign",148.242187,148.44218700000002,"a~"
"PhonAlign",148.44218700000002,148.862187,"#"
"PhonAlign",148.862187,148.982187,"d"
"PhonAlign",148.982187,149.22218700000002,"a~"
"PhonAlign",149.22218700000002,149.292187,"l"
"PhonAlign",149.292187,149.362187,"@"
"PhonAlign",149.362187,149.50218700000002,"k"
"PhonAlign",149.50218700000002,149.572187,"w"
"PhonAlign",149.572187,149.652187,"U~/"
"PhonAlign",149.652187,149.682187,"R"
"PhonAlign",149.682187,150.06218700000002,"u"
"PhonAlign",150.06218700000002,150.202187,"Z"
"PhonAlign",150.202187,150.302187,"@"
"PhonAlign",150.302187,151.613438,"laugh"
"PhonAlign",151.613438,164.573438,"#"
"PhonAlign",164.573438,164.81343800000002,"w"
"PhonAlign",164.81343800000002,164.953438,"E"
"PhonAlign",164.953438,165.023438,"Z"
"PhonAlign",165.023438,165.053438,"y"
"PhonAlign",165.053438,165.173438,"s"
"PhonAlign",165.173438,165.203438,"d"
"PhonAlign",165.203438,165.383438,"E"
"PhonAlign",165.383438,165.523438,"z"
"PhonAlign",165.523438,165.59343800000002,"w"
"PhonAlign",165.59343800000002,165.663438,"E"
"PhonAlign",165.663438,165.72343800000002,"d"
"PhonAlign",165.72343800000002,166.243438,"E"
"PhonAlign",166.243438,166.293438,"d"
"PhonAlign",166.293438,166.333438,"E"
"PhonAlign",166.333438,166.573438,"f"
"PhonAlign",166.573438,166.713438,"O/"
"PhonAlign",166.713438,166.773438,"t"
"PhonAlign",166.773438,166.883438,"9"
"PhonAlign",166.883438,166.913438,"j"
"PhonAlign",166.913438,166.985222,"z"
"PhonAlign",166.985222,178.186609,"#"
"PhonAlign",178.186609,178.226609,"w"
"PhonAlign",178.226609,178.376609,"E"
"PhonAlign",178.376609,178.426609,"k"
"PhonAlign",178.426609,178.596609,"O/"
"PhonAlign",178.596609,178.676609,"m"
"PhonAlign",178.676609,178.756609,"@"
"PhonAlign",178.756609,178.856609,"s"
"PhonAlign",178.856609,178.996609,"A/"
"PhonAlign",178.996609,179.806609,"#"
"PhonAlign",179.806609,179.846609,"Z"
"PhonAlign",179.846609,180.006609,"a~"
"PhonAlign",180.006609,180.081563,"R"
"PhonAlign",180.081563,189.548438,"#"
"PhonAlign",189.548438,189.588438,"m"
"PhonAlign",189.588438,189.978438,"fp"
"PhonAlign",189.978438,190.118438,"w"
"PhonAlign",190.118438,190.288438,"E"
"PhonAlign",190.288438,190.448438,"U~/"
"PhonAlign",190.448438,190.888438,"n"
"PhonAlign",190.888438,191.358438,"#"
"PhonAlign",191.358438,191.488438,"w"
"PhonAlign",191.488438,191.598438,"E"
"PhonAlign",191.598438,191.668438,"m"
"PhonAlign",191.668438,191.718438,"i"
"PhonAlign",191.718438,191.778438,"k"
"PhonAlign",191.778438,191.808438,"R"
"PhonAlign",191.808438,191.898438,"O/"
"PhonAlign",191.898438,191.938438,"k"
"PhonAlign",191.938438,192.008438,"R"
"PhonAlign",192.008438,192.068438,"A/"
"PhonAlign",192.068438,192.098438,"v"
"PhonAlign",192.098438,192.188438,"A/"
"PhonAlign",192.188438,192.248438,"t"
"PhonAlign",192.248438,192.298438,"s"
"PhonAlign",192.298438,192.328438,"e"
"PhonAlign",192.328438,192.388438,"t"
"PhonAlign",192.388438,192.468438,"R"
"PhonAlign",192.468438,192.498438,"E"
"PhonAlign",192.498438,192.528438,"b"
"PhonAlign",192.528438,192.558438,"j"
"PhonAlign",192.558438,192.588438,"U~/"
"PhonAlign",192.588438,192.678438,"#"
"PhonAlign",192.678438,192.798438,"p"
"PhonAlign",192.798438,192.828438,"A/"
"PhonAlign",192.828438,192.938438,"s"
"PhonAlign",192.938438,192.998438,"@"
"PhonAlign",192.998438,193.038438,"U~/"
"PhonAlign",193.038438,193.108438,"m"
"PhonAlign",193.108438,193.158438,"i"
"PhonAlign",193.158438,193.228438,"k"
"PhonAlign",193.228438,193.278438,"R"
"PhonAlign",193.278438,193.348438,"O/"
"PhonAlign",193.348438,193.398438,"k"
"PhonAlign",193.398438,193.438438,"O/"
"PhonAlign",193.438438,193.488438,"m"
"PhonAlign",193.488438,193.608438,"s"
"PhonAlign",193.608438,193.718438,"A/"
"PhonAlign",193.718438,193.828438,"s"
"PhonAlign",193.828438,193.878438,"p"
"PhonAlign",193.878438,194.028438,"2"
"PhonAlign",194.028438,194.228438,"t"
"PhonAlign",194.228438,194.478438,"v"
"PhonAlign",194.478438,194.548438,"i"
"PhonAlign",194.548438,194.668438,"t"
"PhonAlign",194.668438,194.698438,"d"
"PhonAlign",194.698438,194.988438,"2"
"PhonAlign",194.988438,195.088438,"v"
"PhonAlign",195.088438,195.208438,"2"
"PhonAlign",195.208438,195.258438,"n"
"PhonAlign",195.258438,195.318438,"i"
"PhonAlign",195.318438,195.528438,"R"
"PhonAlign",195.528438,195.678438,"S"
"PhonAlign",195.678438,195.708438,"j"
"PhonAlign",195.708438,195.748438,"a~"
"PhonAlign",195.748438,195.792188,"t"
"PhonAlign",195.792188,202.764316,"#"
"PhonAlign",202.764316,203.24097,"m"
"PhonAlign",203.24097,213.871224,"#"
"PhonAlign",213.871224,215.045273,"noise"
"PhonAlign",215.045273,223.626812,"#"
"PhonAlign",223.626812,223.936812,"w"
"PhonAlign",223.936812,224.236812,"E"
"PhonAlign",224.236812,225.056812,"#"
"PhonAlign",225.056812,225.093442,"m"
"PhonAlign",225.093442,229.933321,"#"
"PhonAlign",229.933321,229.973321,"laugh"
"PhonAlign",229.973321,230.003321,"d"
"PhonAlign",230.003321,230.063321,"e"
"PhonAlign",230.063321,230.093321,"d"
"PhonAlign",230.093321,230.143321,"e"
"PhonAlign",230.143321,230.183321,"d"
"PhonAlign",230.183321,230.213321,"e"
"PhonAlign",230.213321,230.323321,"laugh"
"PhonAlign",230.323321,230.723321,"#"
"PhonAlign",230.723321,230.823321,"d"
"PhonAlign",230.823321,231.123321,"e"
"PhonAlign",231.123321,231.243321,"#"
"PhonAlign",231.243321,231.363321,"d"
"PhonAlign",231.363321,231.483321,"e"
"PhonAlign",231.483321,233.263321,"#"
"PhonAlign",233.263321,233.343321,"d"
"PhonAlign",233.343321,233.423321,"e"
"PhonAlign",233.423321,233.493321,"d"
"PhonAlign",233.493321,233.643321,"e"
"PhonAlign",233.643321,233.713321,"A/"
"PhonAlign",233.713321,233.743321,"l"
"PhonAlign",233.743321,233.803321,"A/"
"PhonAlign",233.803321,233.943321,"s"
"PhonAlign",233.943321,234.053321,"O/"
"PhonAlign",234.053321,234.113321,"n"
"PhonAlign",234.113321,234.413321,"O/"
"PhonAlign",234.413321,235.323321,"#"
"PhonAlign",235.323321,235.413321,"d"
"PhonAlign",235.413321,235.463321,"i"
"PhonAlign",235.463321,235.533321,"d"
"PhonAlign",235.533321,235.643321,"Z"
"PhonAlign",235.643321,235.693321,"i"
"PhonAlign",235.693321,235.723321,"R"
"PhonAlign",235.723321,235.803321,"e"
"PhonAlign",235.803321,235.863321,"z"
"PhonAlign",235.863321,235.923321,"i"
"PhonAlign",235.923321,235.993321,"d"
"PhonAlign",235.993321,236.313162,"a~"
"PhonAlign",236.313162,253.184063,"#"
"PhonAlign",253.184063,253.274063,"b"
"PhonAlign",253.274063,253.464063,"O/"
"PhonAlign",253.464063,253.534063,"d"
"PhonAlign",253.534063,253.594063,"e"
"PhonAlign",253.594063,253.644063,"p"
"PhonAlign",253.644063,253.744063,"t"
"PhonAlign",253.744063,253.774063,"i"
"PhonAlign",253.774063,253.814063,"t"
"PhonAlign",253.814063,253.944063,"p"
"PhonAlign",253.944063,253.984063,"i"
"PhonAlign",253.984063,254.014063,"d"
"PhonAlign",254.014063,254.174063,"z"
"PhonAlign",254.174063,254.384063,"A/"
"PhonAlign",254.384063,254.424063,"d"
"PhonAlign",254.424063,254.474063,"e"
"PhonAlign",254.474063,254.604063,"p"
"PhonAlign",254.604063,254.714063,"t"
"PhonAlign",254.714063,254.744063,"i"
"PhonAlign",254.744063,254.814063,"t"
"PhonAlign",254.814063,254.894063,"k"
"PhonAlign",254.894063,255.204063,"i"
"PhonAlign",255.204063,255.274063,"S"
"PhonAlign",255.274063,255.374063,"#"
"PhonAlign",255.374063,255.404063,"w"
"PhonAlign",255.404063,255.974063,"E"
"PhonAlign",255.974063,258.644063,"#"
"PhonAlign",258.644063,258.857515,"laugh"
"PhonAlign",258.857515,262.296563,"#"
"PhonAlign",262.296563,262.456563,"n"
"PhonAlign",262.456563,262.666563,"a~"
"PhonAlign",262.666563,262.696563,"d"
"PhonAlign",262.696563,262.726563,"A/"
"PhonAlign",262.726563,262.836563,"k"
"PhonAlign",262.836563,262.896563,"O/"
"PhonAlign",262.896563,262.926563,"R"
"PhonAlign",262.926563,263.556563,"#"
"PhonAlign",263.556563,263.646563,"A/"
"PhonAlign",263.646563,263.676563,"v"
"PhonAlign",263.676563,263.866563,"E"
"PhonAlign",263.866563,264.006563,"k"
"PhonAlign",264.006563,264.136563,"d"
"PhonAlign",264.136563,264.246563,"y"
"PhonAlign",264.246563,264.476563,"S"
"PhonAlign",264.476563,264.586563,"i"
"PhonAlign",264.586563,264.616563,"l"
"PhonAlign",264.616563,264.676563,"i"
"PhonAlign",264.676563,264.736563,"k"
"PhonAlign",264.736563,264.836563,"O~"
"PhonAlign",264.836563,264.976563,"k"
"PhonAlign",264.976563,265.746563,"A/"
"PhonAlign",265.746563,266.666563,"R"
"PhonAlign",266.666563,266.696563,"n"
"PhonAlign",266.696563,266.726563,"e"
"PhonAlign",266.726563,266.819063,"laugh"
"PhonAlign",266.819063,269.995265,"#"
"PhonAlign",269.995265,270.425265,"laugh"
"PhonAlign",270.425265,270.46526500000004,"d"
"PhonAlign",270.46526500000004,270.85526500000003,"E"
"PhonAlign",270.85526500000003,270.97526500000004,"z"
"PhonAlign",270.97526500000004,271.015265,"d"
"PhonAlign",271.015265,271.15526500000004,"E"
"PhonAlign",271.15526500000004,271.245265,"m"
"PhonAlign",271.245265,271.47526500000004,"i"
"PhonAlign",271.47526500000004,271.695265,"n"
"PhonAlign",271.695265,271.72526500000004,"i"
"PhonAlign",271.72526500000004,271.755265,"b"
"PhonAlign",271.755265,271.84526500000004,"y"
"PhonAlign",271.84526500000004,271.885265,"R"
"PhonAlign",271.885265,271.925265,"R"
"PhonAlign",271.925265,271.955265,"i"
"PhonAlign",271.955265,272.175265,"O/"
"PhonAlign",272.175265,272.370938,"z"
"PhonAlign",272.370938,277.956563,"#"
"PhonAlign",277.956563,278.016563,"m"
"PhonAlign",278.016563,278.146563,"A/"
"PhonAlign",278.146563,278.216563,"t"
"PhonAlign",278.216563,278.516563,"E"
"PhonAlign",278.516563,278.546563,"R"
"PhonAlign",278.546563,278.576563,"j"
"PhonAlign",278.576563,278.61656300000004,"E"
"PhonAlign",278.61656300000004,278.656563,"l"
"PhonAlign",278.656563,279.43656300000004,"#"
"PhonAlign",279.43656300000004,279.646563,"f"
"PhonAlign",279.646563,279.696563,"O/"
"PhonAlign",279.696563,279.756563,"p"
"PhonAlign",279.756563,279.796563,"R"
"PhonAlign",279.796563,279.86656300000004,"O/"
"PhonAlign",279.86656300000004,279.896563,"g"
"PhonAlign",279.896563,279.92656300000004,"R"
"PhonAlign",279.92656300000004,279.976563,"A/"
"PhonAlign",279.976563,280.076563,"m"
"PhonAlign",280.076563,280.146563,"e"
"PhonAlign",280.146563,280.17656300000004,"l"
"PhonAlign",280.17656300000004,280.406563,"A/"
"PhonAlign",280.406563,280.456563,"l"
"PhonAlign",280.456563,280.62656300000003,"@"
"PhonAlign",280.62656300000003,280.666563,"l"
"PhonAlign",280.666563,280.756563,"@"
"PhonAlign",280.756563,280.81656300000003,"b"
"PhonAlign",280.81656300000003,280.856563,"y"
"PhonAlign",280.856563,280.976563,"f"
"PhonAlign",280.976563,281.076563,"E"
"PhonAlign",281.076563,281.11656300000004,"l"
"PhonAlign",281.11656300000004,281.196563,"A/"
"PhonAlign",281.196563,298.903615,"#"
"PhonAlign",298.903615,299.905285,"laugh"
"PhonAlign",299.905285,300.289647,"#"
"PhonAlign",300.289647,300.329647,"A/"
"PhonAlign",300.329647,300.359647,"v"
"PhonAlign",300.359647,300.389647,"E"
"PhonAlign",300.389647,300.449647,"k"
"PhonAlign",300.449647,300.549647,"U~/"
"PhonAlign",300.549647,300.819647,"s"
"PhonAlign",300.819647,300.919647,"O~"
"PhonAlign",300.919647,301.00964700000003,"b"
"PhonAlign",301.00964700000003,301.069647,"R"
"PhonAlign",301.069647,301.169647,"E"
"PhonAlign",301.169647,301.199647,"R"
"PhonAlign",301.199647,301.519647,"O/"
"PhonAlign",301.519647,301.979647,"E"
"PhonAlign",301.979647,302.099647,"e"
"PhonAlign",302.099647,302.149647,"d"
"PhonAlign",302.149647,302.179647,"E"
"PhonAlign",302.179647,302.574217,"z"
"PhonAlign",302.574217,302.922541,"#"
"PhonAlign",302.922541,302.97254100000004,"e"
"PhonAlign",302.97254100000004,303.002541,"d"
"PhonAlign",303.002541,303.122541,"e"
"PhonAlign",303.122541,303.15254100000004,"g"
"PhonAlign",303.15254100000004,303.432541,"i"
"PhonAlign",303.432541,303.562541,"t"
"PhonAlign",303.562541,303.922541,"A/"
"PhonAlign",303.922541,303.960938,"R"
"PhonAlign",303.960938,312.651563,"#"
"PhonAlign",312.651563,312.781563,"O~"
"PhonAlign",312.781563,312.881563,"v"
"PhonAlign",312.881563,312.921563,"A/"
"PhonAlign",312.921563,312.951563,"A/"
"PhonAlign",312.951563,312.981563,"m"
"PhonAlign",312.981563,313.021563,"n"
"PhonAlign",313.021563,313.101563,"e"
"PhonAlign",313.101563,313.161563,"d"
"PhonAlign",313.161563,313.241563,"e"
"PhonAlign",313.241563,313.361563,"m"
"PhonAlign",313.361563,313.471563,"A/"
"PhonAlign",313.471563,313.531563,"R"
"PhonAlign",313.531563,313.62156300000004,"j"
"PhonAlign",313.62156300000004,313.69156300000003,"A/"
"PhonAlign",313.69156300000003,313.921563,"S"
"PhonAlign",313.921563,314.181563,"i"
"PhonAlign",314.181563,314.301563,"E"
"PhonAlign",314.301563,314.331563,"s"
"PhonAlign",314.331563,315.857813,"laugh"
"PhonAlign",315.857813,318.033596,"#"
"PhonAlign",318.033596,318.073596,"w"
"PhonAlign",318.073596,318.103596,"E"
"PhonAlign",318.103596,318.601915,"fp"
"PhonAlign",318.601915,320.031879,"#"
"PhonAlign",320.031879,320.171879,"t"
"PhonAlign",320.171879,320.211879,"y"
"PhonAlign",320.211879,320.291879,"t"
"PhonAlign",320.291879,320.341879,"y"
"PhonAlign",320.341879,320.431879,"t"
"PhonAlign",320.431879,320.481879,"y"
"PhonAlign",320.481879,320.571879,"t"
"PhonAlign",320.571879,320.631879,"y"
"PhonAlign",320.631879,320.721879,"t"
"PhonAlign",320.721879,320.791879,"y"
"PhonAlign",320.791879,320.861879,"t"
"PhonAlign",320.861879,320.94187900000003,"y"
"PhonAlign",320.94187900000003,321.00187900000003,"t"
"PhonAlign",321.00187900000003,321.071879,"y"
"PhonAlign",321.071879,321.141879,"t"
"PhonAlign",321.141879,321.211879,"y"
"PhonAlign",321.211879,321.301879,"t"
"PhonAlign",321.301879,321.541879,"y"
"PhonAlign",321.541879,321.831879,"laugh"
"PhonAlign",321.831879,321.901879,"t"
"PhonAlign",321.901879,321.971879,"y"
"PhonAlign",321.971879,322.051879,"t"
"PhonAlign",322.051879,322.131879,"y"
"PhonAlign",322.131879,322.181879,"t"
"PhonAlign",322.181879,322.271879,"y"
"PhonAlign",322.271879,322.321879,"t"
"PhonAlign",322.321879,322.421879,"y"
"PhonAlign",322.421879,322.461879,"t"
"PhonAlign",322.461879,322.571879,"y"
"PhonAlign",322.571879,322.611879,"t"
"PhonAlign",322.611879,322.731879,"y"
"PhonAlign",322.731879,322.781879,"t"
"PhonAlign",322.781879,322.851879,"y"
"PhonAlign",322.851879,322.921879,"t"
"PhonAlign",322.921879,323.031879,"y"
"PhonAlign",323.031879,323.148468,"t"
"PhonAlign",323.148468,349.217993,"#"
"PhonAlign",349.217993,350.464628,"laugh"
"PhonAlign",350.464628,356.409273,"#"
"PhonAlign",356.409273,356.649273,"m"
"PhonAlign",356.649273,356.699273,"w"
"PhonAlign",356.699273,356.729273,"A/"
"PhonAlign",356.729273,357.389273,"laugh"
"PhonAlign",357.389273,357.549273,"m"
"PhonAlign",357.549273,357.649273,"w"
"PhonAlign",357.649273,357.949234,"A/"
"PhonAlign",357.949234,366.145313,"#"
"PhonAlign",366.145313,366.185313,"b"
"PhonAlign",366.185313,366.485313,"U~/"
"PhonAlign",366.485313,366.615313,"S"
"PhonAlign",366.615313,366.645313,"s"
"PhonAlign",366.645313,366.685313,"p"
"PhonAlign",366.685313,366.725313,"A/"
"PhonAlign",366.725313,366.815313,"U~/"
"PhonAlign",366.815313,366.855313,"p"
"PhonAlign",366.855313,366.985313,"t"
"PhonAlign",366.985313,367.045313,"i"
"PhonAlign",367.045313,367.135313,"p"
"PhonAlign",367.135313,367.375313,"@"
"PhonAlign",367.375313,367.515313,"t"
"PhonAlign",367.515313,367.765313,"i"
"PhonAlign",367.765313,367.885313,"t"
"PhonAlign",367.885313,368.285313,"#"
"PhonAlign",368.285313,368.325313,"p"
"PhonAlign",368.325313,368.395313,"t"
"PhonAlign",368.395313,368.435313,"i"
"PhonAlign",368.435313,368.475313,"t"
"PhonAlign",368.475313,368.565313,"p"
"PhonAlign",368.565313,368.865313,"O~"
"PhonAlign",368.865313,369.035313,"S"
"PhonAlign",369.035313,369.570938,"@"
"PhonAlign",369.570938,371.973884,"#"
"PhonAlign",371.973884,372.945527,"laugh"
"PhonAlign",372.945527,375.049342,"#"
"PhonAlign",375.049342,375.289342,"fp"
"PhonAlign",375.289342,375.489342,"p"
"PhonAlign",375.489342,375.54433,"a~"
"PhonAlign",375.54433,376.18598,"#"
"PhonAlign",376.18598,376.28598,"p"
"PhonAlign",376.28598,376.47598,"O~"
"PhonAlign",376.47598,376.60598,"S"
"PhonAlign",376.60598,376.95598,"#"
"PhonAlign",376.95598,376.98598,"E"
"PhonAlign",376.98598,377.02598,"l"
"PhonAlign",377.02598,377.18598,"A/"
"PhonAlign",377.18598,377.40598,"#"
"PhonAlign",377.40598,377.52598,"e"
"PhonAlign",377.52598,377.55598,"l"
"PhonAlign",377.55598,377.64598,"A/"
"PhonAlign",377.64598,377.76598,"p"
"PhonAlign",377.76598,377.85598,"i"
"PhonAlign",377.85598,377.88598,"d"
"PhonAlign",377.88598,377.97598,"z"
"PhonAlign",377.97598,378.07598,"A/"
"PhonAlign",378.07598,378.17598,"k"
"PhonAlign",378.17598,378.26598,"s"
"PhonAlign",378.26598,378.35598,"k"
"PhonAlign",378.35598,378.43598,"s"
"PhonAlign",378.43598,378.55598,"l"
"PhonAlign",378.55598,378.61598,"d"
"PhonAlign",378.61598,378.76598,"d"
"PhonAlign",378.76598,378.79598,"O/"
"PhonAlign",378.79598,378.90598,"m"
"PhonAlign",378.90598,378.96598,"i"
"PhonAlign",378.96598,379.03598,"n"
"PhonAlign",379.03598,379.13598,"O/"
"PhonAlign",379.13598,379.22598,"z"
"PhonAlign",379.22598,379.32598,"p"
"PhonAlign",379.32598,379.41598,"u"
"PhonAlign",379.41598,379.44598,"R"
"PhonAlign",379.44598,379.50598,"A/"
"PhonAlign",379.50598,379.53598,"b"
"PhonAlign",379.53598,379.63598,"s"
"PhonAlign",379.63598,379.74598,"O/"
"PhonAlign",379.74598,379.77598,"R"
"PhonAlign",379.77598,379.85598,"b"
"PhonAlign",379.85598,380.09598,"e"
"PhonAlign",380.09598,380.12598,"R"
"PhonAlign",380.12598,380.489063,"laugh"
"PhonAlign",380.489063,387.171563,"#"
"PhonAlign",387.171563,387.241563,"E"
"PhonAlign",387.241563,387.311563,"d"
"PhonAlign",387.311563,387.431563,"y"
"PhonAlign",387.431563,387.511563,"S"
"PhonAlign",387.511563,387.601563,"a~"
"PhonAlign",387.601563,387.681563,"p"
"PhonAlign",387.681563,387.771563,"A/"
"PhonAlign",387.771563,387.821563,"n"
"PhonAlign",387.821563,387.863437,"j"
"PhonAlign",387.863437,389.69731,"#"
"PhonAlign",389.69731,391.4206,"laugh"
"PhonAlign",391.4206,393.308886,"#"
"PhonAlign",393.308886,394.243863,"laugh"
"PhonAlign",394.243863,421.451066,"#"
"PhonAlign",421.451066,423.229355,"laugh"
"PhonAlign",423.229355,436.96817,"#"
"PhonAlign",436.96817,439.149782,"laugh"
"PhonAlign",439.149782,476.556329,"#"
"PhonAlign",476.556329,481.148438,"laugh"
"PhonAlign",481.148438,484.091141,"#"
"PhonAlign",484.091141,484.211141,"laugh"
"PhonAlign",484.211141,484.291141,"l"
"PhonAlign",484.291141,484.431141,"@"
"PhonAlign",484.431141,484.531141,"p"
"PhonAlign",484.531141,484.741141,"@"
"PhonAlign",484.741141,485.091141,"t"
"PhonAlign",485.091141,485.121141,"i"
"PhonAlign",485.121141,485.291141,"t"
"PhonAlign",485.291141,485.381141,"S"
"PhonAlign",485.381141,485.421141,"j"
"PhonAlign",485.421141,485.551141,"U~/"
"PhonAlign",485.551141,485.581141,"d"
"PhonAlign",485.581141,485.651141,"b"
"PhonAlign",485.651141,485.691141,"O/"
"PhonAlign",485.691141,485.761141,"s"
"PhonAlign",485.761141,485.801141,"t"
"PhonAlign",485.801141,485.831141,"O~"
"PhonAlign",485.831141,485.861141,"d"
"PhonAlign",485.861141,485.901141,"i"
"PhonAlign",485.901141,485.941141,"n"
"PhonAlign",485.941141,486.141141,"A/"
"PhonAlign",486.141141,486.211141,"m"
"PhonAlign",486.211141,486.301141,"i"
"PhonAlign",486.301141,486.491141,"k"
"PhonAlign",486.491141,486.987735,"s"
"PhonAlign",486.987735,491.459063,"#"
"PhonAlign",491.459063,491.499063,"l"
"PhonAlign",491.499063,491.639063,"@"
"PhonAlign",491.639063,491.749063,"S"
"PhonAlign",491.749063,491.779063,"j"
"PhonAlign",491.779063,491.969063,"U~/"
"PhonAlign",491.969063,492.119063,"t"
"PhonAlign",492.119063,492.149063,"b"
"PhonAlign",492.149063,492.209063,"O/"
"PhonAlign",492.209063,492.279063,"s"
"PhonAlign",492.279063,492.349063,"t"
"PhonAlign",492.349063,492.459063,"O~"
"PhonAlign",492.459063,492.499063,"d"
"PhonAlign",492.499063,492.529063,"j"
"PhonAlign",492.529063,492.609063,"n"
"PhonAlign",492.609063,492.639063,"A/"
"PhonAlign",492.639063,492.669063,"m"
"PhonAlign",492.669063,492.699063,"i"
"PhonAlign",492.699063,492.739063,"s"
"PhonAlign",492.739063,492.809063,"s"
"PhonAlign",492.809063,492.839063,"s"
"PhonAlign",492.839063,493.189063,"e"
"PhonAlign",493.189063,493.219063,"v"
"PhonAlign",493.219063,493.269063,"R"
"PhonAlign",493.269063,493.399063,"E"
"PhonAlign",493.399063,493.489063,"k"
"PhonAlign",493.489063,493.609063,"i"
"PhonAlign",493.609063,493.799063,"k"
"PhonAlign",493.799063,493.849063,"i"
"PhonAlign",493.849063,493.909063,"t"
"PhonAlign",493.909063,493.979063,"A/"
"PhonAlign",493.979063,494.019063,"p"
"PhonAlign",494.019063,494.079063,"A/"
"PhonAlign",494.079063,494.109063,"l"
"PhonAlign",494.109063,494.159063,"A/"
"PhonAlign",494.159063,494.249063,"p"
"PhonAlign",494.249063,494.359063,"O/"
"PhonAlign",494.359063,494.399063,"R"
"PhonAlign",494.399063,494.439063,"t"
"PhonAlign",494.439063,494.549063,"@"
"PhonAlign",494.549063,494.579063,"laugh"
"PhonAlign",494.579063,497.669063,"#"
"PhonAlign",497.669063,497.699063,"d"
"PhonAlign",497.699063,497.729063,"d"
"PhonAlign",497.729063,498.039063,"laugh"
"PhonAlign",498.039063,498.069063,"Z"
"PhonAlign",498.069063,498.099063,"a~"
"PhonAlign",498.099063,498.319063,"z"
"PhonAlign",498.319063,499.479063,"#"
"PhonAlign",499.479063,499.509063,"l"
"PhonAlign",499.509063,499.569063,"@"
"PhonAlign",499.569063,499.659063,"f"
"PhonAlign",499.659063,499.689063,"l"
"PhonAlign",499.689063,499.719063,"j"
"PhonAlign",499.719063,499.819063,"E"
"PhonAlign",499.819063,499.929063,"R"
"PhonAlign",499.929063,499.979063,"i"
"PhonAlign",499.979063,500.089063,"s"
"PhonAlign",500.089063,500.209063,"O/"
"PhonAlign",500.209063,500.529063,"R"
"PhonAlign",500.529063,500.619063,"t"
"PhonAlign",500.619063,500.669063,"@"
"PhonAlign",500.669063,500.769063,"p"
"PhonAlign",500.769063,500.869063,"A/"
"PhonAlign",500.869063,501.089063,"R"
"PhonAlign",501.089063,501.189063,"s"
"PhonAlign",501.189063,501.249063,"A/"
"PhonAlign",501.249063,501.389063,"b"
"PhonAlign",501.389063,501.559063,"u"
"PhonAlign",501.559063,501.689063,"S"
"PhonAlign",501.689063,502.005938,"@"
"PhonAlign",502.005938,504.846552,"#"
"PhonAlign",504.846552,505.268209,"e"
"PhonAlign",505.268209,506.282688,"#"
"PhonAlign",506.282688,507.323323,"laugh"
"PhonAlign",507.323323,509.835938,"#"
"PhonAlign",509.835938,509.955938,"e"
"PhonAlign",509.955938,510.025938,"s"
"PhonAlign",510.025938,510.135938,"i"
"PhonAlign",510.135938,510.205938,"p"
"PhonAlign",510.205938,510.235938,"R"
"PhonAlign",510.235938,510.315938,"a~"
"PhonAlign",510.315938,510.365938,"p"
"PhonAlign",510.365938,510.425938,"A/"
"PhonAlign",510.425938,510.455938,"l"
"PhonAlign",510.455938,510.535938,"f"
"PhonAlign",510.535938,510.575938,"l"
"PhonAlign",510.575938,510.605938,"j"
"PhonAlign",510.605938,510.725938,"E"
"PhonAlign",510.725938,511.885938,"R"
"PhonAlign",511.885938,512.095196,"laugh"
"PhonAlign",512.095196,514.135327,"#"
"PhonAlign",514.135327,515.25601,"laugh"
"PhonAlign",515.25601,538.304063,"#"
"PhonAlign",538.304063,538.364063,"m"
"PhonAlign",538.364063,538.444063,"w"
"PhonAlign",538.444063,538.4940630000001,"A/"
"PhonAlign",538.4940630000001,538.5240630000001,"Z"
"PhonAlign",538.5240630000001,538.554063,"v"
"PhonAlign",538.554063,538.584063,"@"
"PhonAlign",538.584063,538.6440630000001,"b"
"PhonAlign",538.6440630000001,538.674063,"j"
"PhonAlign",538.674063,538.7440630000001,"U~/"
"PhonAlign",538.7440630000001,538.794063,"m"
"PhonAlign",538.794063,538.8840630000001,"O/"
"PhonAlign",538.8840630000001,538.944063,"k"
"PhonAlign",538.944063,538.984063,"y"
"PhonAlign",538.984063,539.054063,"p"
"PhonAlign",539.054063,539.164063,"e"
"PhonAlign",539.164063,539.204063,"d"
"PhonAlign",539.204063,539.294063,"E"
"PhonAlign",539.294063,539.324063,"R"
"PhonAlign",539.324063,539.3840630000001,"E"
"PhonAlign",539.3840630000001,539.424063,"z"
"PhonAlign",539.424063,539.464063,"O/"
"PhonAlign",539.464063,539.574063,"s"
"PhonAlign",539.574063,539.6340630000001,"O/"
"PhonAlign",539.6340630000001,539.7640630000001,"s"
"PhonAlign",539.7640630000001,539.794063,"j"
"PhonAlign",539.794063,539.8940630000001,"O/"
"PhonAlign",539.8940630000001,539.934063,"z"
"PhonAlign",539.934063,540.9940630000001,"#"
"PhonAlign",540.9940630000001,541.114063,"t"
"PhonAlign",541.114063,541.174063,"u"
"PhonAlign",541.174063,541.294063,"s"
"PhonAlign",541.294063,541.4040630000001,"k"
"PhonAlign",541.4040630000001,541.6240630000001,"e"
"PhonAlign",541.6240630000001,541.7740630000001,"w"
"PhonAlign",541.7740630000001,542.054063,"E"
"PhonAlign",542.054063,542.174063,"p"
"PhonAlign",542.174063,542.2440630000001,"R"
"PhonAlign",542.2440630000001,542.344063,"O/"
"PhonAlign",542.344063,542.444063,"m"
"PhonAlign",542.444063,543.044063,"O/"
"PhonAlign",543.044063,543.164063,"#"
"PhonAlign",543.164063,543.6340630000001,"t"
"PhonAlign",543.6340630000001,543.724063,"R"
"PhonAlign",543.724063,543.834063,"A/"
"PhonAlign",543.834063,543.924063,"k"
"PhonAlign",543.924063,543.9940630000001,"t"
"PhonAlign",543.9940630000001,544.114063,"f"
"PhonAlign",544.114063,544.1440630000001,"l"
"PhonAlign",544.1440630000001,544.174063,"i"
"PhonAlign",544.174063,544.3840630000001,"E"
"PhonAlign",544.3840630000001,544.497187,"R"
"PhonAlign",544.497187,586.11085,"#"
"PhonAlign",586.11085,587.233278,"laugh"
"PhonAlign",587.233278,626.492813,"#"
"PhonAlign",626.492813,626.6428129999999,"A/"
"PhonAlign",626.6428129999999,626.692813,"t"
"PhonAlign",626.692813,626.722813,"w"
"PhonAlign",626.722813,626.7828129999999,"A/"
"PhonAlign",626.7828129999999,626.862813,"t"
"PhonAlign",626.862813,626.952813,"p"
"PhonAlign",626.952813,626.982813,"@"
"PhonAlign",626.982813,627.072813,"f"
"PhonAlign",627.072813,627.102813,"E"
"PhonAlign",627.102813,627.1328129999999,"R"
"PhonAlign",627.1328129999999,627.242813,"U~/"
"PhonAlign",627.242813,627.322813,"p"
"PhonAlign",627.322813,627.452813,"2"
"PhonAlign",627.452813,627.5528129999999,"t"
"PhonAlign",627.5528129999999,627.592813,"u"
"PhonAlign",627.592813,627.6728129999999,"t"
"PhonAlign",627.6728129999999,627.702813,"l"
"PhonAlign",627.702813,627.742813,"e"
"PhonAlign",627.742813,627.812813,"d"
"PhonAlign",627.812813,627.842813,"e"
"PhonAlign",627.842813,627.9228129999999,"m"
"PhonAlign",627.9228129999999,627.962813,"A/"
"PhonAlign",627.962813,627.992813,"R"
"PhonAlign",627.992813,628.092813,"S"
"PhonAlign",628.092813,628.1728129999999,"A/"
"PhonAlign",628.1728129999999,628.2628129999999,"d"
"PhonAlign",628.2628129999999,628.2928129999999,"m"
"PhonAlign",628.2928129999999,628.322813,"i"
"PhonAlign",628.322813,628.4028129999999,"n"
"PhonAlign",628.4028129999999,628.462813,"i"
"PhonAlign",628.462813,628.5328129999999,"s"
"PhonAlign",628.5328129999999,628.562813,"t"
"PhonAlign",628.562813,628.602813,"R"
"PhonAlign",628.602813,628.6528129999999,"A/"
"PhonAlign",628.6528129999999,628.742813,"t"
"PhonAlign",628.742813,628.822813,"i"
"PhonAlign",628.822813,628.852813,"v"
"PhonAlign",628.852813,628.942813,"p"
"PhonAlign",628.942813,628.992813,"2"
"PhonAlign",628.992813,629.0328129999999,"t"
"PhonAlign",629.0328129999999,629.1328129999999,"E"
"PhonAlign",629.1328129999999,629.1628129999999,"t"
"PhonAlign",629.1628129999999,629.192813,"R"
"PhonAlign",629.192813,629.242813,"Z"
"PhonAlign",629.242813,629.362813,"a~"
"PhonAlign",629.362813,629.3928129999999,"R"
"PhonAlign",629.3928129999999,629.4228129999999,"A/"
"PhonAlign",629.4228129999999,629.452813,"l"
"PhonAlign",629.452813,629.5228129999999,"e"
"PhonAlign",629.5228129999999,629.592813,"v"
"PhonAlign",629.592813,630.202813,"w"
"PhonAlign",630.202813,630.2628129999999,"A/"
"PhonAlign",630.2628129999999,630.322813,"R"
"PhonAlign",630.322813,630.612813,"#"
"PhonAlign",630.612813,630.6728129999999,"fp"
"PhonAlign",630.6728129999999,630.732813,"A/"
"PhonAlign",630.732813,630.7928129999999,"l"
"PhonAlign",630.7928129999999,630.842813,"e"
"PhonAlign",630.842813,630.872813,"v"
"PhonAlign",630.872813,630.942813,"w"
"PhonAlign",630.942813,630.972813,"A/"
"PhonAlign",630.972813,631.002813,"R"
"PhonAlign",631.002813,631.0328129999999,"l"
"PhonAlign",631.0328129999999,631.082813,"A/"
"PhonAlign",631.082813,631.1628129999999,"m"
"PhonAlign",631.1628129999999,631.2928129999999,"E"
"PhonAlign",631.2928129999999,631.322813,"R"
"PhonAlign",631.322813,631.629685,"i"
"PhonAlign",631.629685,632.344668,"#"
"PhonAlign",632.344668,632.424668,"f"
"PhonAlign",632.424668,632.474668,"E"
"PhonAlign",632.474668,632.6546679999999,"R"
"PhonAlign",632.6546679999999,632.824668,"e"
"PhonAlign",632.824668,632.854668,"j"
"PhonAlign",632.854668,632.914668,"m"
"PhonAlign",632.914668,633.064668,"E"
"PhonAlign",633.064668,633.242813,"k"
"PhonAlign",633.242813,636.542896,"#"
"PhonAlign",636.542896,636.7428960000001,"w"
"PhonAlign",636.7428960000001,637.001218,"E"
"PhonAlign",637.001218,640.154473,"#"
"PhonAlign",640.154473,640.414473,"d"
"PhonAlign",640.414473,640.4844730000001,"@"
"PhonAlign",640.4844730000001,640.564473,"m"
"PhonAlign",640.564473,640.674473,"U~/"
"PhonAlign",640.674473,641.4944730000001,"#"
"PhonAlign",641.4944730000001,641.529438,"laugh"
"PhonAlign",641.529438,644.096041,"#"
"PhonAlign",644.096041,645.122813,"laugh"
"PhonAlign",645.122813,646.55741,"#"
"PhonAlign",646.55741,646.59741,"w"
"PhonAlign",646.59741,646.69741,"E"
"PhonAlign",646.69741,646.78741,"w"
"PhonAlign",646.78741,647.31741,"E"
"PhonAlign",647.31741,647.40741,"t"
"PhonAlign",647.40741,647.46741,"R"
"PhonAlign",647.46741,647.50741,"E"
"PhonAlign",647.50741,647.53741,"b"
"PhonAlign",647.53741,647.60741,"O/"
"PhonAlign",647.60741,647.67741,"n"
"PhonAlign",647.67741,647.78741,"p"
"PhonAlign",647.78741,647.82741,"i"
"PhonAlign",647.82741,647.85741,"d"
"PhonAlign",647.85741,647.96741,"z"
"PhonAlign",647.96741,648.33741,"A/"
"PhonAlign",648.33741,649.435672,"laugh"
"PhonAlign",649.435672,650.645641,"#"
"PhonAlign",650.645641,651.5556409999999,"laugh"
"PhonAlign",651.5556409999999,651.9556409999999,"#"
"PhonAlign",651.9556409999999,652.0656409999999,"n"
"PhonAlign",652.0656409999999,652.215641,"a~"
"PhonAlign",652.215641,652.465641,"#"
"PhonAlign",652.465641,652.625641,"O/"
"PhonAlign",652.625641,652.6756409999999,"R"
"PhonAlign",652.6756409999999,652.7856409999999,"b"
"PhonAlign",652.7856409999999,652.9456409999999,"y"
"PhonAlign",652.9456409999999,653.025641,"d"
"PhonAlign",653.025641,653.245641,"Z"
"PhonAlign",653.245641,653.318646,"E"
"PhonAlign",653.318646,663.972188,"#"
"PhonAlign",663.972188,664.172188,"w"
"PhonAlign",664.172188,664.2721879999999,"E"
"PhonAlign",664.2721879999999,664.332188,"b"
"PhonAlign",664.332188,664.5121879999999,"E"
"PhonAlign",664.5121879999999,664.572188,"Z"
"PhonAlign",664.572188,664.662188,"p"
"PhonAlign",664.662188,664.832188,"2"
"PhonAlign",664.832188,664.8721879999999,"z"
"PhonAlign",664.8721879999999,664.932188,"S"
"PhonAlign",664.932188,665.0221879999999,"p"
"PhonAlign",665.0221879999999,665.102188,"@"
"PhonAlign",665.102188,665.192188,"m"
"PhonAlign",665.192188,665.2521879999999,"E"
"PhonAlign",665.2521879999999,665.332188,"t"
"PhonAlign",665.332188,665.362188,"R"
"PhonAlign",665.362188,665.442188,"m"
"PhonAlign",665.442188,665.6221879999999,"A/"
"PhonAlign",665.6221879999999,665.732188,"m"
"PhonAlign",665.732188,665.7621879999999,"A/"
"PhonAlign",665.7621879999999,665.8821879999999,"S"
"PhonAlign",665.8821879999999,665.912188,"E"
"PhonAlign",665.912188,665.962188,"n"
"PhonAlign",665.962188,666.072188,"t"
"PhonAlign",666.072188,666.102188,"w"
"PhonAlign",666.102188,666.1521879999999,"i"
"PhonAlign",666.1521879999999,666.212188,"t"
"PhonAlign",666.212188,666.322188,"S"
"PhonAlign",666.322188,666.542188,"@"
"PhonAlign",666.542188,666.572188,"p"
"PhonAlign",666.572188,666.602188,"u"
"PhonAlign",666.602188,666.6321879999999,"R"
"PhonAlign",666.6321879999999,666.732188,"fp"
"PhonAlign",666.732188,667.4021879999999,"#"
"PhonAlign",667.4021879999999,667.662188,"p"
"PhonAlign",667.662188,667.692188,"u"
"PhonAlign",667.692188,667.722188,"R"
"PhonAlign",667.722188,667.7521879999999,"l"
"PhonAlign",667.7521879999999,667.7821879999999,"E"
"PhonAlign",667.7821879999999,667.962188,"s"
"PhonAlign",667.962188,668.0221879999999,"y"
"PhonAlign",668.0221879999999,669.1421879999999,"b"
"PhonAlign",669.1421879999999,669.270938,"s"
"PhonAlign",669.270938,680.577188,"#"
"PhonAlign",680.577188,680.717188,"b"
"PhonAlign",680.717188,680.817188,"U~/"
"PhonAlign",680.817188,681.027188,"O~"
"PhonAlign",681.027188,681.057188,"l"
"PhonAlign",681.057188,681.217188,"@"
"PhonAlign",681.217188,681.297188,"i"
"PhonAlign",681.297188,681.337188,"j"
"PhonAlign",681.337188,681.8671879999999,"O/"
"PhonAlign",681.8671879999999,682.0071879999999,"O~"
"PhonAlign",682.0071879999999,682.037188,"l"
"PhonAlign",682.037188,682.077188,"@"
"PhonAlign",682.077188,682.177188,"s"
"PhonAlign",682.177188,682.217188,"t"
"PhonAlign",682.217188,682.2571879999999,"R"
"PhonAlign",682.2571879999999,682.287188,"A/"
"PhonAlign",682.287188,682.337188,"m"
"PhonAlign",682.337188,682.417188,"a~"
"PhonAlign",682.417188,682.447188,"l"
"PhonAlign",682.447188,682.547188,"A/"
"PhonAlign",682.547188,682.577188,"j"
"PhonAlign",682.577188,682.647188,"v"
"PhonAlign",682.647188,682.717188,"e"
"PhonAlign",682.717188,682.7571879999999,"j"
"PhonAlign",682.7571879999999,682.857188,"O/"
"PhonAlign",682.857188,682.8871879999999,"R"
"PhonAlign",682.8871879999999,682.917188,"A/"
"PhonAlign",682.917188,682.947188,"l"
"PhonAlign",682.947188,683.017188,"A/"
"PhonAlign",683.017188,683.047188,"R"
"PhonAlign",683.047188,683.077188,"e"
"PhonAlign",683.077188,683.1371879999999,"d"
"PhonAlign",683.1371879999999,683.197188,"i"
"PhonAlign",683.197188,683.344688,"f"
"PhonAlign",683.344688,695.81318,"#"
"PhonAlign",695.81318,695.8731799999999,"w"
"PhonAlign",695.8731799999999,696.25318,"E"
"PhonAlign",696.25318,696.28318,"w"
"PhonAlign",696.28318,696.381499,"E"
"PhonAlign",696.381499,717.725974,"#"
"PhonAlign",717.725974,717.925974,"e"
"PhonAlign",717.925974,718.0259739999999,"v"
"PhonAlign",718.0259739999999,718.055974,"u"
"PhonAlign",718.055974,718.085974,"m"
"PhonAlign",718.085974,718.1159739999999,"d"
"PhonAlign",718.1159739999999,718.1459739999999,"O/"
"PhonAlign",718.1459739999999,718.175974,"n"
"PhonAlign",718.175974,718.205974,"e"
"PhonAlign",718.205974,718.335974,"z"
"PhonAlign",718.335974,718.3659739999999,"d"
"PhonAlign",718.3659739999999,718.465974,"@"
"PhonAlign",718.465974,718.4959739999999,"l"
"PhonAlign",718.4959739999999,718.6259739999999,"A/"
"PhonAlign",718.6259739999999,718.925974,"R"
"PhonAlign",718.925974,718.965974,"Z"
"PhonAlign",718.965974,718.9959739999999,"a~"
"PhonAlign",718.9959739999999,719.155938,"laugh"
"PhonAlign",719.155938,729.666563,"#"
"PhonAlign",729.666563,729.736563,"b"
"PhonAlign",729.736563,729.826563,"E"
"PhonAlign",729.826563,729.896563,"w"
"PhonAlign",729.896563,729.966563,"E"
"PhonAlign",729.966563,730.016563,"b"
"PhonAlign",730.016563,730.096563,"E"
"PhonAlign",730.096563,730.126563,"n"
"PhonAlign",730.126563,730.2265629999999,"O/"
"PhonAlign",730.2265629999999,730.436563,"d"
"PhonAlign",730.436563,730.506563,"y"
"PhonAlign",730.506563,730.736563,"k"
"PhonAlign",730.736563,730.775557,"u"
"PhonAlign",730.775557,735.908762,"#"
"PhonAlign",735.908762,736.1187620000001,"m"
"PhonAlign",736.1187620000001,736.418762,"u"
"PhonAlign",736.418762,736.458748,"e"
"PhonAlign",736.458748,746.420763,"#"
"PhonAlign",746.420763,747.777396,"laugh"
"PhonAlign",747.777396,759.125446,"#"
"PhonAlign",759.125446,759.925446,"O/"
"PhonAlign",759.925446,760.005446,"p"
"PhonAlign",760.005446,760.035446,"y"
"PhonAlign",760.035446,760.205446,"t"
"PhonAlign",760.205446,760.42708,"U~/"
"PhonAlign",760.42708,760.902188,"#"
"PhonAlign",760.902188,761.239688,"noise"
"PhonAlign",761.239688,762.623438,"#"
"PhonAlign",762.623438,762.693438,"w"
"PhonAlign",762.693438,762.723438,"E"
"PhonAlign",762.723438,762.753438,"w"
"PhonAlign",762.753438,762.7834379999999,"E"
"PhonAlign",762.7834379999999,762.9034379999999,"s"
"PhonAlign",762.9034379999999,763.1834379999999,"e"
"PhonAlign",763.1834379999999,763.343438,"v"
"PhonAlign",763.343438,763.373438,"R"
"PhonAlign",763.373438,763.584335,"E"
"PhonAlign",763.584335,765.545953,"#"
"PhonAlign",765.545953,766.86592,"laugh"
"PhonAlign",766.86592,798.347813,"#"
"PhonAlign",798.347813,798.617813,"m"
"PhonAlign",798.617813,798.677813,"w"
"PhonAlign",798.677813,798.717813,"A/"
"PhonAlign",798.717813,798.797813,"Z"
"PhonAlign",798.797813,798.827813,"l"
"PhonAlign",798.827813,798.877813,"@"
"PhonAlign",798.877813,798.977813,"f"
"PhonAlign",798.977813,799.0178129999999,"e"
"PhonAlign",799.0178129999999,799.117813,"s"
"PhonAlign",799.117813,799.225313,"A/"
"PhonAlign",799.225313,803.444063,"#"
"PhonAlign",803.444063,803.5140630000001,"d"
"PhonAlign",803.5140630000001,803.564063,"2"
"PhonAlign",803.564063,803.6340630000001,"m"
"PhonAlign",803.6340630000001,803.734063,"a~"
"PhonAlign",803.734063,803.824063,"d"
"PhonAlign",803.824063,803.874063,"d"
"PhonAlign",803.874063,804.074063,"s"
"PhonAlign",804.074063,804.204063,"y"
"PhonAlign",804.204063,804.2740630000001,"b"
"PhonAlign",804.2740630000001,804.304063,"s"
"PhonAlign",804.304063,804.7840630000001,"e"
"PhonAlign",804.7840630000001,807.5140630000001,"#"
"PhonAlign",807.5140630000001,807.737153,"laugh"
"PhonAlign",807.737153,824.92774,"#"
"PhonAlign",824.92774,825.459394,"laugh"
"PhonAlign",825.459394,862.320938,"#"
"PhonAlign",862.320938,862.650938,"O/"
"PhonAlign",862.650938,862.770938,"k"
"PhonAlign",862.770938,862.8709379999999,"A/"
"PhonAlign",862.8709379999999,863.010938,"S"
"PhonAlign",863.010938,864.260938,"U~/"
"PhonAlign",864.260938,864.483314,"laugh"
"PhonAlign",864.483314,866.298269,"#"
"PhonAlign",866.298269,867.398241,"laugh"
"PhonAlign",867.398241,869.524855,"#"
"PhonAlign",869.524855,870.184838,"laugh"
"PhonAlign",870.184838,875.886362,"#"
"PhonAlign",875.886362,876.3163619999999,"laugh"
"PhonAlign",876.3163619999999,876.4263619999999,"d"
"PhonAlign",876.4263619999999,876.466362,"Z"
"PhonAlign",876.466362,876.526362,"E"
"PhonAlign",876.526362,876.586362,"t"
"PhonAlign",876.586362,876.6863619999999,"p"
"PhonAlign",876.6863619999999,876.886362,"A/"
"PhonAlign",876.886362,877.476362,"k"
"PhonAlign",877.476362,877.866313,"laugh"
"PhonAlign",877.866313,881.895938,"#"
"PhonAlign",881.895938,881.995938,"O~"
"PhonAlign",881.995938,882.065938,"n"
"PhonAlign",882.065938,882.145938,"m"
"PhonAlign",882.145938,882.255938,"e"
"PhonAlign",882.255938,882.485938,"t"
"PhonAlign",882.485938,882.555938,"d"
"PhonAlign",882.555938,882.585938,"E"
"PhonAlign",882.585938,882.685938,"z"
"PhonAlign",882.685938,882.815938,"d"
"PhonAlign",882.815938,882.875938,"e"
"PhonAlign",882.875938,882.985938,"k"
"PhonAlign",882.985938,883.055938,"A/"
"PhonAlign",883.055938,883.105938,"n"
"PhonAlign",883.105938,883.205938,"O~"
"PhonAlign",883.205938,883.245938,"A/"
"PhonAlign",883.245938,883.315938,"t"
"PhonAlign",883.315938,883.345938,"i"
"PhonAlign",883.345938,883.485938,"S"
"PhonAlign",883.485938,883.565938,"9"
"PhonAlign",883.565938,883.595938,"R"
"PhonAlign",883.595938,883.625938,"t"
"PhonAlign",883.625938,883.715938,"p"
"PhonAlign",883.715938,883.775938,"u"
"PhonAlign",883.775938,883.805938,"R"
"PhonAlign",883.805938,883.835938,"l"
"PhonAlign",883.835938,883.915938,"p"
"PhonAlign",883.915938,883.975938,"y"
"PhonAlign",883.975938,884.035938,"b"
"PhonAlign",884.035938,884.075938,"l"
"PhonAlign",884.075938,884.215938,"i"
"PhonAlign",884.215938,884.355938,"k"
"PhonAlign",884.355938,884.415938,"laugh"
"PhonAlign",884.415938,884.555938,"p"
"PhonAlign",884.555938,884.765938,"a~"
"PhonAlign",884.765938,885.345938,"p"
"PhonAlign",885.345938,885.382792,"a~"
"PhonAlign",885.382792,886.862149,"#"
"PhonAlign",886.862149,887.642968,"laugh"
"PhonAlign",887.642968,905.672812,"#"
"PhonAlign",905.672812,906.886774,"m"
"PhonAlign",906.886774,912.957206,"#"
"PhonAlign",912.957206,912.997206,"b"
"PhonAlign",912.997206,913.027206,"U~/"
"PhonAlign",913.027206,913.057206,"Z"
"PhonAlign",913.057206,913.157206,"p"
"PhonAlign",913.157206,913.247206,"@"
"PhonAlign",913.247206,913.477206,"f"
"PhonAlign",913.477206,913.567206,"E"
"PhonAlign",913.567206,913.597206,"R"
"PhonAlign",913.597206,913.697206,"b"
"PhonAlign",913.697206,913.907206,"U~/"
"PhonAlign",913.907206,913.977206,"d"
"PhonAlign",913.977206,914.017206,"y"
"PhonAlign",914.017206,914.107206,"k"
"PhonAlign",914.107206,914.147206,"u"
"PhonAlign",914.147206,914.217206,"Z"
"PhonAlign",914.217206,914.277206,"p"
"PhonAlign",914.277206,914.317206,"@"
"PhonAlign",914.317206,914.397206,"f"
"PhonAlign",914.397206,914.427206,"E"
"PhonAlign",914.427206,914.457206,"R"
"PhonAlign",914.457206,914.487206,"l"
"PhonAlign",914.487206,914.517206,"A/"
"PhonAlign",914.517206,914.547206,"k"
"PhonAlign",914.547206,914.587206,"O~"
"PhonAlign",914.587206,914.647206,"k"
"PhonAlign",914.647206,914.677206,"l"
"PhonAlign",914.677206,914.707206,"y"
"PhonAlign",914.707206,914.757206,"z"
"PhonAlign",914.757206,914.797206,"j"
"PhonAlign",914.797206,914.877206,"O~"
"PhonAlign",914.877206,914.907206,"k"
"PhonAlign",914.907206,914.957206,"O/"
"PhonAlign",914.957206,914.997206,"m"
"PhonAlign",914.997206,915.087206,"s"
"PhonAlign",915.087206,915.227206,"O~"
"PhonAlign",915.227206,915.307206,"n"
"PhonAlign",915.307206,915.527206,"E"
"PhonAlign",915.527206,915.557206,"O~"
"PhonAlign",915.557206,915.607206,"b"
"PhonAlign",915.607206,915.637206,"O/"
"PhonAlign",915.637206,915.667206,"s"
"PhonAlign",915.667206,915.917206,"v"
"PhonAlign",915.917206,915.947206,"R"
"PhonAlign",915.947206,915.977206,"e"
"PhonAlign",915.977206,916.017206,"m"
"PhonAlign",916.017206,916.087206,"a~"
"PhonAlign",916.087206,916.127206,"t"
"PhonAlign",916.127206,916.387206,"u"
"PhonAlign",916.387206,916.487206,"s"
"PhonAlign",916.487206,916.537206,"l"
"PhonAlign",916.537206,916.587206,"e"
"PhonAlign",916.587206,916.677206,"k"
"PhonAlign",916.677206,916.737206,"A/"
"PhonAlign",916.737206,916.844062,"t"
"PhonAlign",916.844062,935.409785,"#"
"PhonAlign",935.409785,935.617175,"m"
"PhonAlign",935.617175,949.007812,"#"
"PhonAlign",949.007812,949.207812,"w"
"PhonAlign",949.207812,949.447812,"E"
"PhonAlign",949.447812,949.527812,"n"
"PhonAlign",949.527812,949.667812,"a~"
"PhonAlign",949.667812,949.727812,"m"
"PhonAlign",949.727812,949.797812,"E"
"PhonAlign",949.797812,949.867812,"Z"
"PhonAlign",949.867812,949.917812,"p"
"PhonAlign",949.917812,950.017812,"a~"
"PhonAlign",950.017812,950.147812,"s"
"PhonAlign",950.147812,950.227812,"E"
"PhonAlign",950.227812,950.587812,"A/"
"PhonAlign",950.587812,950.637812,"U~/"
"PhonAlign",950.637812,950.747812,"a~"
"PhonAlign",950.747812,950.817812,"p"
"PhonAlign",950.817812,950.847812,"l"
"PhonAlign",950.847812,950.907812,"w"
"PhonAlign",950.907812,950.937812,"A/"
"PhonAlign",950.937812,950.967812,"j"
"PhonAlign",950.967812,951.087812,"e"
"PhonAlign",951.087812,951.187812,"d"
"PhonAlign",951.187812,951.467812,"@"
"PhonAlign",951.467812,951.497812,"l"
"PhonAlign",951.497812,951.547812,"A/"
"PhonAlign",951.547812,951.687812,"s"
"PhonAlign",951.687812,951.917812,"A/"
"PhonAlign",951.917812,951.947812,"l"
"PhonAlign",951.947812,952.047812,"@"
"PhonAlign",952.047812,952.127812,"Z"
"PhonAlign",952.127812,952.287812,"a~"
"PhonAlign",952.287812,952.317812,"R"
"PhonAlign",952.317812,952.397812,"U~/"
"PhonAlign",952.397812,952.477812,"m"
"PhonAlign",952.477812,952.547812,"e"
"PhonAlign",952.547812,952.657812,"k"
"PhonAlign",952.657812,952.847812,"k"
"PhonAlign",952.847812,952.917812,"i"
"PhonAlign",952.917812,953.047812,"k"
"PhonAlign",953.047812,953.117812,"b"
"PhonAlign",953.117812,953.227812,"O/"
"PhonAlign",953.227812,953.257812,"s"
"PhonAlign",953.257812,953.287812,"d"
"PhonAlign",953.287812,953.357812,"a~"
"PhonAlign",953.357812,953.387812,"l"
"PhonAlign",953.387812,953.487812,"t"
"PhonAlign",953.487812,953.577812,"E"
"PhonAlign",953.577812,953.687812,"A/"
"PhonAlign",953.687812,953.817812,"t"
"PhonAlign",953.817812,954.257812,"R"
"PhonAlign",954.257812,954.297812,"@"
"PhonAlign",954.297812,954.847812,"#"
"PhonAlign",954.847812,954.947812,"w"
"PhonAlign",954.947812,955.049062,"E"
"PhonAlign",955.049062,963.915584,"#"
"PhonAlign",963.915584,964.015584,"w"
"PhonAlign",964.015584,964.045584,"E"
"PhonAlign",964.045584,964.155584,"U~/"
"PhonAlign",964.155584,964.225584,"m"
"PhonAlign",964.225584,964.275584,"i"
"PhonAlign",964.275584,964.375584,"k"
"PhonAlign",964.375584,964.425584,"R"
"PhonAlign",964.425584,964.505584,"O/"
"PhonAlign",964.505584,964.565584,"k"
"PhonAlign",964.565584,964.665584,"w"
"PhonAlign",964.665584,964.77723,"A/"
"PhonAlign",964.77723,970.692188,"#"
"PhonAlign",970.692188,971.472188,"U~/"
"PhonAlign",971.472188,971.502188,"m"
"PhonAlign",971.502188,971.532188,"i"
"PhonAlign",971.532188,971.562188,"k"
"PhonAlign",971.562188,971.722188,"R"
"PhonAlign",971.722188,971.752188,"O/"
"PhonAlign",971.752188,971.812188,"U~/"
"PhonAlign",971.812188,972.056469,"n"
"PhonAlign",972.056469,980.41626,"#"
"PhonAlign",980.41626,980.45626,"n"
"PhonAlign",980.45626,980.48626,"O/"
"PhonAlign",980.48626,980.51626,"n"
"PhonAlign",980.51626,981.02626,"a~"
"PhonAlign",981.02626,981.05626,"n"
"PhonAlign",981.05626,981.08626,"O/"
"PhonAlign",981.08626,981.12626,"n"
"PhonAlign",981.12626,981.38626,"a~"
"PhonAlign",981.38626,981.47626,"m"
"PhonAlign",981.47626,981.57626,"e"
"PhonAlign",981.57626,981.66626,"m"
"PhonAlign",981.66626,981.72626,"i"
"PhonAlign",981.72626,981.82626,"k"
"PhonAlign",981.82626,981.85626,"R"
"PhonAlign",981.85626,981.94626,"O/"
"PhonAlign",981.94626,982.34626,"k"
"PhonAlign",982.34626,982.38626,"i"
"PhonAlign",982.38626,982.45626,"d"
"PhonAlign",982.45626,982.48626,"E"
"PhonAlign",982.48626,982.58626,"f"
"PhonAlign",982.58626,982.61626,"i"
"PhonAlign",982.61626,982.64626,"l"
"PhonAlign",982.64626,982.71626,"d"
"PhonAlign",982.71626,982.74626,"a~"
"PhonAlign",982.74626,982.77626,"l"
"PhonAlign",982.77626,982.87626,"p"
"PhonAlign",982.87626,982.90626,"y"
"PhonAlign",982.90626,982.95626,"b"
"PhonAlign",982.95626,982.98626,"l"
"PhonAlign",982.98626,983.05626,"i"
"PhonAlign",983.05626,983.247187,"k"
"PhonAlign",983.247187,989.691642,"#"
"PhonAlign",989.691642,989.901642,"w"
"PhonAlign",989.901642,990.259961,"E"
"PhonAlign",990.259961,993.724875,"#"
"PhonAlign",993.724875,993.904875,"laugh"
"PhonAlign",993.904875,995.754875,"#"
"PhonAlign",995.754875,995.804875,"A/"
"PhonAlign",995.804875,995.834875,"l"
"PhonAlign",995.834875,996.054875,"O/"
"PhonAlign",996.054875,996.084875,"R"
"PhonAlign",996.084875,996.114875,"Z"
"PhonAlign",996.114875,996.424875,"e"
"PhonAlign",996.424875,996.634875,"s"
"PhonAlign",996.634875,996.674875,"i"
"PhonAlign",996.674875,996.704875,"R"
"PhonAlign",996.704875,996.744875,"2"
"PhonAlign",996.744875,996.794875,"m"
"PhonAlign",996.794875,996.844875,"A/"
"PhonAlign",996.844875,996.914875,"R"
"PhonAlign",996.914875,996.964875,"k"
"PhonAlign",996.964875,997.004875,"e"
"PhonAlign",997.004875,997.044875,"d"
"PhonAlign",997.044875,997.094875,"d"
"PhonAlign",997.094875,997.124875,"u"
"PhonAlign",997.124875,997.194875,"z"
"PhonAlign",997.194875,997.264875,"k"
"PhonAlign",997.264875,997.304875,"E"
"PhonAlign",997.304875,997.364875,"s"
"PhonAlign",997.364875,997.464875,"t"
"PhonAlign",997.464875,997.494875,"j"
"PhonAlign",997.494875,997.754875,"O~"
"PhonAlign",997.754875,997.984875,"z"
"PhonAlign",997.984875,998.044875,"n"
"PhonAlign",998.044875,998.154875,"O~"
"PhonAlign",998.154875,998.254875,"m"
"PhonAlign",998.254875,998.294875,"2"
"PhonAlign",998.294875,998.424875,"s"
"PhonAlign",998.424875,998.454875,"j"
"PhonAlign",998.454875,998.484875,"2"
"PhonAlign",998.484875,998.614875,"A/"
"PhonAlign",998.614875,998.724875,"R"
"PhonAlign",998.724875,998.754875,"E"
"PhonAlign",998.754875,998.824875,"t"
"PhonAlign",998.824875,998.894875,"e"
"PhonAlign",998.894875,999.224875,"#"
"PhonAlign",999.224875,999.324875,"Z"
"PhonAlign",999.324875,999.454875,"@"
"PhonAlign",999.454875,1000.104875,"#"
"PhonAlign",1000.104875,1000.288044,"laugh"
"PhonAlign",1000.288044,1002.359659,"#"
"PhonAlign",1002.359659,1002.854647,"laugh"
"PhonAlign",1002.854647,1006.079062,"#"
"PhonAlign",1006.079062,1006.119062,"O~"
"PhonAlign",1006.119062,1006.209062,"v"
"PhonAlign",1006.209062,1006.239062,"A/"
"PhonAlign",1006.239062,1006.319062,"p"
"PhonAlign",1006.319062,1006.349062,"R"
"PhonAlign",1006.349062,1006.409062,"a~"
"PhonAlign",1006.409062,1006.439062,"d"
"PhonAlign",1006.439062,1006.469062,"R"
"PhonAlign",1006.469062,1006.519062,"d"
"PhonAlign",1006.519062,1006.599062,"e"
"PhonAlign",1006.599062,1006.689062,"m"
"PhonAlign",1006.689062,1006.799062,"i"
"PhonAlign",1006.799062,1006.849062,"k"
"PhonAlign",1006.849062,1006.969062,"R"
"PhonAlign",1006.969062,1007.439062,"O/"
"PhonAlign",1007.439062,1008.349062,"#"
"PhonAlign",1008.349062,1008.379062,"d"
"PhonAlign",1008.379062,1008.409062,"E"
"PhonAlign",1008.409062,1008.489062,"m"
"PhonAlign",1008.489062,1008.539062,"i"
"PhonAlign",1008.539062,1008.629062,"k"
"PhonAlign",1008.629062,1008.689062,"R"
"PhonAlign",1008.689062,1008.769062,"O/"
"PhonAlign",1008.769062,1008.909062,"d"
"PhonAlign",1008.909062,1009.049062,"u"
"PhonAlign",1009.049062,1011.749063,"#"
"PhonAlign",1011.749063,1011.799063,"m"
"PhonAlign",1011.799063,1011.939063,"i"
"PhonAlign",1011.939063,1012.019063,"k"
"PhonAlign",1012.019063,1012.079063,"R"
"PhonAlign",1012.079063,1012.119063,"O/"
"PhonAlign",1012.119063,1012.229063,"s"
"PhonAlign",1012.229063,1012.339063,"E"
"PhonAlign",1012.339063,1012.369063,"R"
"PhonAlign",1012.369063,1012.399063,"v"
"PhonAlign",1012.399063,1012.429063,"j"
"PhonAlign",1012.429063,1012.459063,"E"
"PhonAlign",1012.459063,1012.710938,"t"
"PhonAlign",1012.710938,1016.234795,"#"
"PhonAlign",1016.234795,1017.279769,"laugh"
"PhonAlign",1017.279769,1030.846097,"#"
"PhonAlign",1030.846097,1030.886097,"b"
"PhonAlign",1030.886097,1031.306097,"U~/"
"PhonAlign",1031.306097,1031.5360970000002,"s"
"PhonAlign",1031.5360970000002,1031.626097,"p"
"PhonAlign",1031.626097,1031.7360970000002,"u"
"PhonAlign",1031.7360970000002,1031.7660970000002,"R"
"PhonAlign",1031.7660970000002,1031.816097,"p"
"PhonAlign",1031.816097,1031.906097,"A/"
"PhonAlign",1031.906097,1032.0060970000002,"R"
"PhonAlign",1032.0060970000002,1032.0360970000002,"R"
"PhonAlign",1032.0360970000002,1032.126097,"A/"
"PhonAlign",1032.126097,1032.176097,"p"
"PhonAlign",1032.176097,1032.326097,"O/"
"PhonAlign",1032.326097,1032.546097,"R"
"PhonAlign",1032.546097,1032.576097,"l"
"PhonAlign",1032.576097,1032.716097,"e"
"PhonAlign",1032.716097,1032.7760970000002,"s"
"PhonAlign",1032.7760970000002,1032.866097,"p"
"PhonAlign",1032.866097,1032.916097,"O/"
"PhonAlign",1032.916097,1032.956097,"n"
"PhonAlign",1032.956097,1033.0360970000002,"s"
"PhonAlign",1033.0360970000002,1033.146097,"O/"
"PhonAlign",1033.146097,1033.176097,"R"
"PhonAlign",1033.176097,1033.206097,"n"
"PhonAlign",1033.206097,1033.365938,"a~"
"PhonAlign",1033.365938,1040.34046,"#"
"PhonAlign",1040.34046,1041.843756,"laugh"
"PhonAlign",1041.843756,1055.391751,"#"
"PhonAlign",1055.391751,1056.565055,"m"
"PhonAlign",1056.565055,1058.256563,"#"
"PhonAlign",1058.256563,1058.416563,"n"
"PhonAlign",1058.416563,1058.5965629999998,"a~"
"PhonAlign",1058.5965629999998,1058.686563,"S"
"PhonAlign",1058.686563,1058.826563,"p"
"PhonAlign",1058.826563,1058.946563,"a~"
"PhonAlign",1058.946563,1059.016563,"s"
"PhonAlign",1059.016563,1059.136563,"k"
"PhonAlign",1059.136563,1059.186563,"O~"
"PhonAlign",1059.186563,1059.266563,"n"
"PhonAlign",1059.266563,1059.706563,"A/"
"PhonAlign",1059.706563,1059.8565629999998,"#"
"PhonAlign",1059.8565629999998,1059.966563,"t"
"PhonAlign",1059.966563,1060.026563,"u"
"PhonAlign",1060.026563,1060.156563,"d"
"PhonAlign",1060.156563,1060.3465629999998,"i"
"PhonAlign",1060.3465629999998,1060.476563,"s"
"PhonAlign",1060.476563,1060.5865629999998,"f"
"PhonAlign",1060.5865629999998,1060.646563,"e"
"PhonAlign",1060.646563,1060.706563,"d"
"PhonAlign",1060.706563,1060.746563,"Z"
"PhonAlign",1060.746563,1060.776563,"A/"
"PhonAlign",1060.776563,1060.826563,"y"
"PhonAlign",1060.826563,1060.896563,"n"
"PhonAlign",1060.896563,1060.996563,"b"
"PhonAlign",1060.996563,1061.046563,"O/"
"PhonAlign",1061.046563,1061.1065629999998,"n"
"PhonAlign",1061.1065629999998,1061.166563,"p"
"PhonAlign",1061.166563,1061.236563,"R"
"PhonAlign",1061.236563,1061.266563,"e"
"PhonAlign",1061.266563,1061.3465629999998,"p"
"PhonAlign",1061.3465629999998,1061.446563,"A/"
"PhonAlign",1061.446563,1061.476563,"R"
"PhonAlign",1061.476563,1061.526563,"A/"
"PhonAlign",1061.526563,1061.676563,"s"
"PhonAlign",1061.676563,1061.706563,"j"
"PhonAlign",1061.706563,1061.8565629999998,"O~"
"PhonAlign",1061.8565629999998,1062.171563,"fp"
"PhonAlign",1062.171563,1072.588251,"#"
"PhonAlign",1072.588251,1073.393438,"laugh"
"PhonAlign",1073.393438,1106.839688,"#"
"PhonAlign",1106.839688,1107.059688,"O~"
"PhonAlign",1107.059688,1107.099688,"n"
"PhonAlign",1107.099688,1107.159688,"A/"
"PhonAlign",1107.159688,1107.259688,"O~"
"PhonAlign",1107.259688,1107.289688,"n"
"PhonAlign",1107.289688,1107.369688,"A/"
"PhonAlign",1107.369688,1107.449688,"p"
"PhonAlign",1107.449688,1107.479688,"A/"
"PhonAlign",1107.479688,1107.519688,"R"
"PhonAlign",1107.519688,1107.589688,"l"
"PhonAlign",1107.589688,1107.629688,"e"
"PhonAlign",1107.629688,1107.719688,"d"
"PhonAlign",1107.719688,1107.849688,"@"
"PhonAlign",1107.849688,1107.919688,"p"
"PhonAlign",1107.919688,1108.009688,"u"
"PhonAlign",1108.009688,1108.039688,"R"
"PhonAlign",1108.039688,1108.079688,"l"
"PhonAlign",1108.079688,1108.399688,"E"
"PhonAlign",1108.399688,1108.729688,"z"
"PhonAlign",1108.729688,1108.839688,"#"
"PhonAlign",1108.839688,1109.029688,"p"
"PhonAlign",1109.029688,1109.149688,"u"
"PhonAlign",1109.149688,1109.179688,"R"
"PhonAlign",1109.179688,1109.209688,"l"
"PhonAlign",1109.209688,1109.489688,"A/"
"PhonAlign",1109.489688,1109.589688,"b"
"PhonAlign",1109.589688,1109.639688,"u"
"PhonAlign",1109.639688,1109.910938,"f"
"PhonAlign",1109.910938,1113.019115,"#"
"PhonAlign",1113.019115,1113.169115,"p"
"PhonAlign",1113.169115,1113.199115,"A/"
"PhonAlign",1113.199115,1113.229115,"d"
"PhonAlign",1113.229115,1113.329115,"O~"
"PhonAlign",1113.329115,1113.489115,"p"
"PhonAlign",1113.489115,1113.589115,"A/"
"PhonAlign",1113.589115,1113.739115,"R"
"PhonAlign",1113.739115,1113.809115,"d"
"PhonAlign",1113.809115,1113.839115,"O~"
"PhonAlign",1113.839115,1113.869115,"n"
"PhonAlign",1113.869115,1113.8991150000002,"O~"
"PhonAlign",1113.8991150000002,1113.929115,"n"
"PhonAlign",1113.929115,1113.959115,"O/"
"PhonAlign",1113.959115,1113.999115,"m"
"PhonAlign",1113.999115,1114.079115,"e"
"PhonAlign",1114.079115,1114.329115,"z"
"PhonAlign",1114.329115,1114.379115,"n"
"PhonAlign",1114.379115,1114.599115,"a~"
"PhonAlign",1114.599115,1114.6591150000002,"m"
"PhonAlign",1114.6591150000002,1114.949115,"E"
"PhonAlign",1114.949115,1115.019115,"p"
"PhonAlign",1115.019115,1115.089115,"u"
"PhonAlign",1115.089115,1115.119115,"R"
"PhonAlign",1115.119115,1115.1491150000002,"l"
"PhonAlign",1115.1491150000002,1115.249115,"A/"
"PhonAlign",1115.249115,1115.309115,"l"
"PhonAlign",1115.309115,1115.369115,"A/"
"PhonAlign",1115.369115,1115.429115,"p"
"PhonAlign",1115.429115,1115.469115,"R"
"PhonAlign",1115.469115,1115.499115,"E"
"PhonAlign",1115.499115,1115.579115,"p"
"PhonAlign",1115.579115,1115.629115,"A/"
"PhonAlign",1115.629115,1115.6591150000002,"R"
"PhonAlign",1115.6591150000002,1115.699115,"A/"
"PhonAlign",1115.699115,1115.799115,"s"
"PhonAlign",1115.799115,1115.829115,"j"
"PhonAlign",1115.829115,1115.9091150000002,"O~"
"PhonAlign",1115.9091150000002,1115.939115,"Z"
"PhonAlign",1115.939115,1115.989115,"a~"
"PhonAlign",1115.989115,1116.029115,"R"
"PhonAlign",1116.029115,1116.1491150000002,"s"
"PhonAlign",1116.1491150000002,1116.249115,"O~"
"PhonAlign",1116.249115,1116.349115,"f"
"PhonAlign",1116.349115,1116.429115,"E"
"PhonAlign",1116.429115,1116.679115,"A/"
"PhonAlign",1116.679115,1116.759115,"p"
"PhonAlign",1116.759115,1116.789115,"E"
"PhonAlign",1116.789115,1116.829115,"l"
"PhonAlign",1116.829115,1116.8991150000002,"A/"
"PhonAlign",1116.8991150000002,1116.999115,"U~/"
"PhonAlign",1116.999115,1117.1591150000002,"S"
"PhonAlign",1117.1591150000002,1117.429115,"E"
"PhonAlign",1117.429115,1117.599115,"f"
"PhonAlign",1117.599115,1117.789115,"u"
"PhonAlign",1117.789115,1118.789115,"fp"
"PhonAlign",1118.789115,1119.090938,"laugh"
"PhonAlign",1119.090938,1124.912813,"#"
"PhonAlign",1124.912813,1125.162813,"t"
"PhonAlign",1125.162813,1125.312813,"#"
"PhonAlign",1125.312813,1125.362813,"t"
"PhonAlign",1125.362813,1125.392813,"R"
"PhonAlign",1125.392813,1125.482813,"A/"
"PhonAlign",1125.482813,1125.5228129999998,"m"
"PhonAlign",1125.5228129999998,1125.572813,"E"
"PhonAlign",1125.572813,1125.7728129999998,"n"
"PhonAlign",1125.7728129999998,1125.862813,"@"
"PhonAlign",1125.862813,1125.962813,"y"
"PhonAlign",1125.962813,1126.092813,"n"
"PhonAlign",1126.092813,1126.552813,"@"
"PhonAlign",1126.552813,1126.602813,"p"
"PhonAlign",1126.602813,1126.652813,"i"
"PhonAlign",1126.652813,1126.822813,"d"
"PhonAlign",1126.822813,1127.302813,"z"
"PhonAlign",1127.302813,1127.332813,"A/"
"PhonAlign",1127.332813,1127.376563,"laugh"
"PhonAlign",1127.376563,1128.968717,"#"
"PhonAlign",1128.968717,1129.992188,"laugh"
"PhonAlign",1129.992188,1134.239609,"#"
"PhonAlign",1134.239609,1134.389609,"w"
"PhonAlign",1134.389609,1134.699609,"E"
"PhonAlign",1134.699609,1134.729609,"w"
"PhonAlign",1134.729609,1134.826261,"E"
"PhonAlign",1134.826261,1141.838438,"#"
"PhonAlign",1141.838438,1142.008438,"w"
"PhonAlign",1142.008438,1142.108438,"E"
"PhonAlign",1142.108438,1144.454063,"#"
"PhonAlign",1144.454063,1144.5540629999998,"d"
"PhonAlign",1144.5540629999998,1144.614063,"e"
"PhonAlign",1144.614063,1144.744063,"z"
"PhonAlign",1144.744063,1144.7840629999998,"d"
"PhonAlign",1144.7840629999998,1144.8140629999998,"E"
"PhonAlign",1144.8140629999998,1144.874063,"m"
"PhonAlign",1144.874063,1144.944063,"E"
"PhonAlign",1144.944063,1145.0440629999998,"k"
"PhonAlign",1145.0440629999998,1145.3140629999998,"#"
"PhonAlign",1145.3140629999998,1145.344063,"d"
"PhonAlign",1145.344063,1145.414063,"m"
"PhonAlign",1145.414063,1145.494063,"E"
"PhonAlign",1145.494063,1145.5640629999998,"k"
"PhonAlign",1145.5640629999998,1145.684063,"A/"
"PhonAlign",1145.684063,1146.334063,"R"
"PhonAlign",1146.334063,1146.5640629999998,"O/"
"PhonAlign",1146.5640629999998,1146.844063,"l"
"PhonAlign",1146.844063,1146.900938,"e"
"PhonAlign",1146.900938,1157.97389,"#"
"PhonAlign",1157.97389,1158.06389,"w"
"PhonAlign",1158.06389,1158.207759,"E"
"PhonAlign",1158.207759,1159.234,"#"
"PhonAlign",1159.234,1159.374,"O/"
"PhonAlign",1159.374,1159.464,"k"
"PhonAlign",1159.464,1159.554011,"E"
"PhonAlign",1159.554011,1243.421112,"#"
"PhonAlign",1243.421112,1245.071653,"laugh"
"PhonAlign",1245.071653,1256.7167,"#"
"PhonAlign",1256.7167,1258.01863,"noise"
"PhonAlign",1258.01863,1270.459688,"#"
"PhonAlign",1270.459688,1270.499688,"d"
"PhonAlign",1270.499688,1270.619688,"y"
"PhonAlign",1270.619688,1270.729688,"k"
"PhonAlign",1270.729688,1270.8096879999998,"u"
"PhonAlign",1270.8096879999998,1270.929688,"s"
"PhonAlign",1270.929688,1271.009688,"s"
"PhonAlign",1271.009688,1271.0396879999998,"R"
"PhonAlign",1271.0396879999998,1271.0696879999998,"E"
"PhonAlign",1271.0696879999998,1271.159688,"U~/"
"PhonAlign",1271.159688,1271.209688,"t"
"PhonAlign",1271.209688,1271.239688,"E"
"PhonAlign",1271.239688,1271.269688,"R"
"PhonAlign",1271.269688,1271.2996879999998,"E"
"PhonAlign",1271.2996879999998,1271.389688,"s"
"PhonAlign",1271.389688,1271.449688,"a~"
"PhonAlign",1271.449688,1271.499688,"O/"
"PhonAlign",1271.499688,1271.619688,"s"
"PhonAlign",1271.619688,1271.649688,"i"
"PhonAlign",1271.649688,1271.729688,"d"
"PhonAlign",1271.729688,1271.859688,"@"
"PhonAlign",1271.859688,1271.939688,"d"
"PhonAlign",1271.939688,1272.449688,"@"
"PhonAlign",1272.449688,1272.479688,"u"
"PhonAlign",1272.479688,1272.599688,"v"
"PhonAlign",1272.599688,1272.629688,"R"
"PhonAlign",1272.629688,1272.659688,"i"
"PhonAlign",1272.659688,1272.689688,"R"
"PhonAlign",1272.689688,1272.729688,"A/"
"PhonAlign",1272.729688,1272.849688,"A/"
"PhonAlign",1272.849688,1273.0696879999998,"p"
"PhonAlign",1273.0696879999998,1273.099688,"l"
"PhonAlign",1273.099688,1273.159688,"y"
"PhonAlign",1273.159688,1273.199688,"l"
"PhonAlign",1273.199688,1273.3096879999998,"A/"
"PhonAlign",1273.3096879999998,1273.369688,"R"
"PhonAlign",1273.369688,1273.459688,"Z"
"PhonAlign",1273.459688,1273.749688,"E"
"PhonAlign",1273.749688,1273.949688,"A/"
"PhonAlign",1273.949688,1273.989688,"v"
"PhonAlign",1273.989688,1274.0596879999998,"w"
"PhonAlign",1274.0596879999998,1274.349688,"A/"
"PhonAlign",1274.349688,1274.379688,"R"
"PhonAlign",1274.379688,1274.429688,"v"
"PhonAlign",1274.429688,1274.459688,"R"
"PhonAlign",1274.459688,1274.489688,"E"
"PhonAlign",1274.489688,1274.5696879999998,"m"
"PhonAlign",1274.5696879999998,1274.7896879999998,"a~"
"PhonAlign",1274.7896879999998,1275.009688,"t"
"PhonAlign",1275.009688,1275.0596879999998,"u"
"PhonAlign",1275.0596879999998,1275.139688,"t"
"PhonAlign",1275.139688,1275.219688,"l"
"PhonAlign",1275.219688,1275.459688,"e"
"PhonAlign",1275.459688,1275.5696879999998,"t"
"PhonAlign",1275.5696879999998,1275.599688,"u"
"PhonAlign",1275.599688,1275.639688,"t"
"PhonAlign",1275.639688,1275.709688,"l"
"PhonAlign",1275.709688,1275.739688,"@"
"PhonAlign",1275.739688,1275.879688,"t"
"PhonAlign",1275.879688,1275.909688,"R"
"PhonAlign",1275.909688,1275.959688,"a~"
"PhonAlign",1275.959688,1275.989688,"S"
"PhonAlign",1275.989688,1276.089688,"d"
"PhonAlign",1276.089688,1276.219688,"A/"
"PhonAlign",1276.219688,1276.3296879999998,"Z"
"PhonAlign",1276.3296879999998,1276.5696879999998,"@"
"PhonAlign",1276.5696879999998,1276.609688,"A/"
"PhonAlign",1276.609688,1276.8096879999998,"s"
"PhonAlign",1276.8096879999998,1276.849688,"e"
"PhonAlign",1276.849688,1277.209688,"2"
"PhonAlign",1277.209688,1280.757103,"#"
"PhonAlign",1280.757103,1280.8671029999998,"w"
"PhonAlign",1280.8671029999998,1281.137103,"E"
"PhonAlign",1281.137103,1281.237103,"w"
"PhonAlign",1281.237103,1281.297103,"E"
"PhonAlign",1281.297103,1281.327103,"w"
"PhonAlign",1281.327103,1281.490418,"E"
"PhonAlign",1281.490418,1285.164405,"#"
"PhonAlign",1285.164405,1285.394405,"w"
"PhonAlign",1285.394405,1285.567728,"E"
"PhonAlign",1285.567728,1356.414146,"#"
"PhonAlign",1356.414146,1356.5541460000002,"l"
"PhonAlign",1356.5541460000002,1356.704146,"A/"
"PhonAlign",1356.704146,1356.844146,"f"
"PhonAlign",1356.844146,1356.884146,"O/"
"PhonAlign",1356.884146,1356.944146,"t"
"PhonAlign",1356.944146,1356.984146,"k"
"PhonAlign",1356.984146,1357.124146,"@"
"PhonAlign",1357.124146,1357.154146,"l"
"PhonAlign",1357.154146,1357.254146,"A/"
"PhonAlign",1357.254146,1357.374146,"f"
"PhonAlign",1357.374146,1357.604146,"O/"
"PhonAlign",1357.604146,1357.674146,"k"
"PhonAlign",1357.674146,1357.704146,"O/"
"PhonAlign",1357.704146,1357.7941460000002,"m"
"PhonAlign",1357.7941460000002,1357.844146,"a~"
"PhonAlign",1357.844146,1357.954146,"s"
"PhonAlign",1357.954146,1357.984146,"e"
"PhonAlign",1357.984146,1358.0441460000002,"A/"
"PhonAlign",1358.0441460000002,1358.134146,"k"
"PhonAlign",1358.134146,1358.214146,"O~"
"PhonAlign",1358.214146,1358.2941460000002,"t"
"PhonAlign",1358.2941460000002,1358.344146,"A/"
"PhonAlign",1358.344146,1358.424146,"k"
"PhonAlign",1358.424146,1358.514146,"t"
"PhonAlign",1358.514146,1359.034146,"e"
"PhonAlign",1359.034146,1359.084146,"l"
"PhonAlign",1359.084146,1359.2941460000002,"e"
"PhonAlign",1359.2941460000002,1359.3241460000002,"m"
"PhonAlign",1359.3241460000002,1359.474146,"e"
"PhonAlign",1359.474146,1359.504146,"k"
"PhonAlign",1359.504146,1359.594146,"d"
"PhonAlign",1359.594146,1359.764146,"@"
"PhonAlign",1359.764146,1359.844146,"t"
"PhonAlign",1359.844146,1359.874146,"m"
"PhonAlign",1359.874146,1360.024146,"E"
"PhonAlign",1360.024146,1360.8141460000002,"t"
"PhonAlign",1360.8141460000002,1361.004146,"A/"
"PhonAlign",1361.004146,1361.614146,"fp"
"PhonAlign",1361.614146,1361.749012,"laugh"
"PhonAlign",1361.749012,1401.755607,"#"
"PhonAlign",1401.755607,1401.935607,"O/"
"PhonAlign",1401.935607,1402.295607,"U~/"
"PhonAlign",1402.295607,1402.335607,"m"
"PhonAlign",1402.335607,1402.375607,"w"
"PhonAlign",1402.375607,1402.485607,"A/"
"PhonAlign",1402.485607,1402.690584,"z"
"PhonAlign",1402.690584,1404.267211,"#"
"PhonAlign",1404.267211,1404.537211,"w"
"PhonAlign",1404.537211,1404.853863,"E"
"PhonAlign",1404.853863,1416.614063,"#"
"PhonAlign",1416.614063,1416.774063,"l"
"PhonAlign",1416.774063,1416.964063,"E"
"PhonAlign",1416.964063,1417.004063,"R"
"PhonAlign",1417.004063,1417.044063,"E"
"PhonAlign",1417.044063,1417.124063,"z"
"PhonAlign",1417.124063,1417.184063,"O/"
"PhonAlign",1417.184063,1417.304063,"s"
"PhonAlign",1417.304063,1417.354063,"O/"
"PhonAlign",1417.354063,1417.484063,"s"
"PhonAlign",1417.484063,1417.514063,"j"
"PhonAlign",1417.514063,1417.564063,"O/"
"PhonAlign",1417.564063,1417.644063,"t"
"PhonAlign",1417.644063,1417.684063,"p"
"PhonAlign",1417.684063,1417.834063,"2"
"PhonAlign",1417.834063,1417.864063,"t"
"PhonAlign",1417.864063,1417.934063,"m"
"PhonAlign",1417.934063,1418.014063,"E"
"PhonAlign",1418.014063,1418.074063,"t"
"PhonAlign",1418.074063,1418.174063,"R"
"PhonAlign",1418.174063,1418.264063,"@"
"PhonAlign",1418.264063,1418.354063,"d"
"PhonAlign",1418.354063,1418.414063,"E"
"PhonAlign",1418.414063,1418.474063,"m"
"PhonAlign",1418.474063,1418.554063,"U~/"
"PhonAlign",1418.554063,1418.644063,"n"
"PhonAlign",1418.644063,1418.807813,"a~"
"PhonAlign",1418.807813,1421.558438,"#"
"PhonAlign",1421.558438,1421.688438,"k"
"PhonAlign",1421.688438,1421.718438,"w"
"PhonAlign",1421.718438,1421.768438,"A/"
"PhonAlign",1421.768438,1421.858438,"k"
"PhonAlign",1421.858438,1421.948438,"@"
"PhonAlign",1421.948438,1422.028438,"n"
"PhonAlign",1422.028438,1422.178438,"a~"
"PhonAlign",1422.178438,1422.388438,"s"
"PhonAlign",1422.388438,1422.558438,"e"
"PhonAlign",1422.558438,1422.718438,"s"
"PhonAlign",1422.718438,1423.438438,"e"
"PhonAlign",1423.438438,1423.588438,"w"
"PhonAlign",1423.588438,1423.819688,"E"
"PhonAlign",1423.819688,1430.434688,"#"
"PhonAlign",1430.434688,1430.644688,"w"
"PhonAlign",1430.644688,1430.8146880000002,"E"
"PhonAlign",1430.8146880000002,1431.3146880000002,"#"
"PhonAlign",1431.3146880000002,1431.624688,"a~"
"PhonAlign",1431.624688,1431.744688,"f"
"PhonAlign",1431.744688,1431.784688,"e"
"PhonAlign",1431.784688,1431.844688,"v"
"PhonAlign",1431.844688,1431.874688,"R"
"PhonAlign",1431.874688,1431.904688,"i"
"PhonAlign",1431.904688,1432.094688,"e"
"PhonAlign",1432.094688,1432.134688,"Z"
"PhonAlign",1432.134688,1432.244688,"a~"
"PhonAlign",1432.244688,1432.290938,"R"
"PhonAlign",1432.290938,1433.894063,"#"
"PhonAlign",1433.894063,1433.974063,"e"
"PhonAlign",1433.974063,1434.144063,"m"
"PhonAlign",1434.144063,1434.174063,"A/"
"PhonAlign",1434.174063,1434.264063,"R"
"PhonAlign",1434.264063,1434.383437,"s"
"PhonAlign",1434.383437,1453.915382,"#"
"PhonAlign",1453.915382,1454.197998,"laugh"
"PhonAlign",1454.197998,1472.537813,"#"
"PhonAlign",1472.537813,1472.577813,"u"
"PhonAlign",1472.577813,1472.607813,"i"
"PhonAlign",1472.607813,1472.917813,"u"
"PhonAlign",1472.917813,1472.977813,"i"
"PhonAlign",1472.977813,1473.007813,"u"
"PhonAlign",1473.007813,1473.077813,"i"
"PhonAlign",1473.077813,1473.1278129999998,"s"
"PhonAlign",1473.1278129999998,1473.217813,"s"
"PhonAlign",1473.217813,1473.277813,"@"
"PhonAlign",1473.277813,1473.4078129999998,"f"
"PhonAlign",1473.4078129999998,1473.467813,"E"
"PhonAlign",1473.467813,1473.537813,"s"
"PhonAlign",1473.537813,1473.607813,"s"
"PhonAlign",1473.607813,1473.6578129999998,"f"
"PhonAlign",1473.6578129999998,1473.697813,"E"
"PhonAlign",1473.697813,1473.757813,"d"
"PhonAlign",1473.757813,1473.987813,"a~"
"PhonAlign",1473.987813,1474.257813,"z"
"PhonAlign",1474.257813,1474.347813,"d"
"PhonAlign",1474.347813,1474.437813,"a~"
"PhonAlign",1474.437813,1474.467813,"l"
"PhonAlign",1474.467813,1474.527813,"@"
"PhonAlign",1474.527813,1474.607813,"d"
"PhonAlign",1474.607813,1474.6578129999998,"2"
"PhonAlign",1474.6578129999998,1474.807813,"s"
"PhonAlign",1474.807813,1475.4078129999998,"2"
"PhonAlign",1475.4078129999998,1475.467813,"m"
"PhonAlign",1475.467813,1475.517813,"E"
"PhonAlign",1475.517813,1475.558438,"n"
"PhonAlign",1475.558438,1477.636146,"#"
"PhonAlign",1477.636146,1478.644454,"laugh"
"PhonAlign",1478.644454,1484.859299,"#"
"PhonAlign",1484.859299,1485.049299,"w"
"PhonAlign",1485.049299,1485.427618,"E"
"PhonAlign",1485.427618,1499.115938,"#"
"PhonAlign",1499.115938,1499.2259379999998,"b"
"PhonAlign",1499.2259379999998,1499.415938,"U~/"
"PhonAlign",1499.415938,1499.515938,"l"
"PhonAlign",1499.515938,1499.565938,"@"
"PhonAlign",1499.565938,1499.675938,"t"
"PhonAlign",1499.675938,1499.825938,"a~"
"PhonAlign",1499.825938,1499.885938,"d"
"PhonAlign",1499.885938,1499.995938,"@"
"PhonAlign",1499.995938,1500.065938,"d"
"PhonAlign",1500.065938,1500.125938,"i"
"PhonAlign",1500.125938,1500.265938,"f"
"PhonAlign",1500.265938,1500.365938,"y"
"PhonAlign",1500.365938,1500.4759379999998,"z"
"PhonAlign",1500.4759379999998,1500.635938,"e"
"PhonAlign",1500.635938,1500.7259379999998,"t"
"PhonAlign",1500.7259379999998,1500.755938,"u"
"PhonAlign",1500.755938,1500.885938,"s"
"PhonAlign",1500.885938,1501.135938,"A/"
"PhonAlign",1501.135938,1501.245938,"p"
"PhonAlign",1501.245938,1501.415938,"A/"
"PhonAlign",1501.415938,1501.4459379999998,"R"
"PhonAlign",1501.4459379999998,1501.545938,"E"
"PhonAlign",1501.545938,1501.575938,"j"
"PhonAlign",1501.575938,1501.625938,"S"
"PhonAlign",1501.625938,1501.7359379999998,"p"
"PhonAlign",1501.7359379999998,1501.815938,"a~"
"PhonAlign",1501.815938,1501.905938,"s"
"PhonAlign",1501.905938,1501.9859379999998,"k"
"PhonAlign",1501.9859379999998,1502.335938,"@"
"PhonAlign",1502.335938,1502.375938,"Z"
"PhonAlign",1502.375938,1502.545938,"a~"
"PhonAlign",1502.545938,1502.605938,"R"
"PhonAlign",1502.605938,1502.745938,"i"
"PhonAlign",1502.745938,1502.815938,"s"
"PhonAlign",1502.815938,1502.855938,"t"
"PhonAlign",1502.855938,1502.925938,"w"
"PhonAlign",1502.925938,1502.9559379999998,"A/"
"PhonAlign",1502.9559379999998,1502.9859379999998,"R"
"PhonAlign",1502.9859379999998,1503.015938,"d"
"PhonAlign",1503.015938,1503.075938,"E"
"PhonAlign",1503.075938,1503.155938,"t"
"PhonAlign",1503.155938,1503.395938,"s"
"PhonAlign",1503.395938,1503.545938,"y"
"PhonAlign",1503.545938,1503.7059379999998,"R"
"PhonAlign",1503.7059379999998,1504.405938,"#"
"PhonAlign",1504.405938,1504.4659379999998,"k"
"PhonAlign",1504.4659379999998,1504.495938,"l"
"PhonAlign",1504.495938,1504.525938,"E"
"PhonAlign",1504.525938,1504.555938,"v"
"PhonAlign",1504.555938,1504.625938,"E"
"PhonAlign",1504.625938,1504.675938,"n"
"PhonAlign",1504.675938,1504.745938,"2"
"PhonAlign",1504.745938,1504.855938,"m"
"PhonAlign",1504.855938,1504.9559379999998,"a~"
"PhonAlign",1504.9559379999998,1505.105938,"s"
"PhonAlign",1505.105938,1505.165938,"@"
"PhonAlign",1505.165938,1505.345938,"f"
"PhonAlign",1505.345938,1505.535938,"e"
"PhonAlign",1505.535938,1506.545938,"#"
"PhonAlign",1506.545938,1506.595938,"S"
"PhonAlign",1506.595938,1506.685938,"p"
"PhonAlign",1506.685938,1506.805938,"a~"
"PhonAlign",1506.805938,1506.9759379999998,"s"
"PhonAlign",1506.9759379999998,1507.4859379999998,"fp"
"PhonAlign",1507.4859379999998,1507.655938,"O~"
"PhonAlign",1507.655938,1507.7259379999998,"n"
"PhonAlign",1507.7259379999998,1507.9659379999998,"#"
"PhonAlign",1507.9659379999998,1508.055938,"S"
"PhonAlign",1508.055938,1508.175938,"p"
"PhonAlign",1508.175938,1508.2359379999998,"@"
"PhonAlign",1508.2359379999998,1508.305938,"k"
"PhonAlign",1508.305938,1508.335938,"O/"
"PhonAlign",1508.335938,1508.4559379999998,"m"
"PhonAlign",1508.4559379999998,1508.535938,"a~"
"PhonAlign",1508.535938,1508.655938,"s"
"PhonAlign",1508.655938,1508.7059379999998,"e"
"PhonAlign",1508.7059379999998,1508.7359379999998,"A/"
"PhonAlign",1508.7359379999998,1508.865938,"A/"
"PhonAlign",1508.865938,1509.115938,"t"
"PhonAlign",1509.115938,1509.255938,"u"
"PhonAlign",1509.255938,1509.435938,"t"
"PhonAlign",1509.435938,1509.495938,"d"
"PhonAlign",1509.495938,1509.565938,"i"
"PhonAlign",1509.565938,1509.655938,"s"
"PhonAlign",1509.655938,1509.685938,"t"
"PhonAlign",1509.685938,1509.7159379999998,"R"
"PhonAlign",1509.7159379999998,1509.755938,"i"
"PhonAlign",1509.755938,1509.835938,"b"
"PhonAlign",1509.835938,1510.065938,"y"
"PhonAlign",1510.065938,1510.095938,"e"
"PhonAlign",1510.095938,1510.185938,"U~/"
"PhonAlign",1510.185938,1510.275938,"m"
"PhonAlign",1510.275938,1510.345938,"w"
"PhonAlign",1510.345938,1510.375938,"A/"
"PhonAlign",1510.375938,1510.425938,"e"
"PhonAlign",1510.425938,1510.4659379999998,"d"
"PhonAlign",1510.4659379999998,1510.495938,"2"
"PhonAlign",1510.495938,1510.545938,"m"
"PhonAlign",1510.545938,1510.595938,"i"
"PhonAlign",1510.595938,1510.655938,"A/"
"PhonAlign",1510.655938,1510.685938,"v"
"PhonAlign",1510.685938,1510.855938,"a~"
"PhonAlign",1510.855938,1510.928438,"t"
"PhonAlign",1510.928438,1514.168438,"#"
"PhonAlign",1514.168438,1514.248438,"w"
"PhonAlign",1514.248438,1514.387813,"E"
"PhonAlign",1514.387813,1516.986563,"#"
"PhonAlign",1516.986563,1517.0865629999998,"Z"
"PhonAlign",1517.0865629999998,1517.256563,"a~"
"PhonAlign",1517.256563,1517.286563,"R"
"PhonAlign",1517.286563,1517.326563,"l"
"PhonAlign",1517.326563,1517.436563,"t"
"PhonAlign",1517.436563,1517.536563,"a~"
"PhonAlign",1517.536563,1517.6065629999998,"d"
"PhonAlign",1517.6065629999998,1517.796563,"@"
"PhonAlign",1517.796563,1517.876563,"d"
"PhonAlign",1517.876563,1518.236563,"@"
"PhonAlign",1518.236563,1519.246563,"#"
"PhonAlign",1519.246563,1519.276563,"l"
"PhonAlign",1519.276563,1519.3565629999998,"t"
"PhonAlign",1519.3565629999998,1519.456563,"a~"
"PhonAlign",1519.456563,1519.526563,"d"
"PhonAlign",1519.526563,1519.676563,"@"
"PhonAlign",1519.676563,1519.726563,"S"
"PhonAlign",1519.726563,1519.756563,"j"
"PhonAlign",1519.756563,1519.786563,"p"
"PhonAlign",1519.786563,1519.936563,"@"
"PhonAlign",1519.936563,1520.0965629999998,"U~/"
"PhonAlign",1520.0965629999998,1520.196563,"p"
"PhonAlign",1520.196563,1520.276563,"2"
"PhonAlign",1520.276563,1520.3365629999998,"l"
"PhonAlign",1520.3365629999998,1520.396563,"e"
"PhonAlign",1520.396563,1520.456563,"Z"
"PhonAlign",1520.456563,1520.566563,"a~"
"PhonAlign",1520.566563,1520.636563,"k"
"PhonAlign",1520.636563,1520.666563,"w"
"PhonAlign",1520.666563,1520.749688,"A/"
"PhonAlign",1520.749688,1541.100938,"#"
"PhonAlign",1541.100938,1541.140938,"A/"
"PhonAlign",1541.140938,1541.170938,"n"
"PhonAlign",1541.170938,1541.390938,"O~"
"PhonAlign",1541.390938,1541.420938,"s"
"PhonAlign",1541.420938,1541.450938,"s"
"PhonAlign",1541.450938,1541.520938,"s"
"PhonAlign",1541.520938,1541.780938,"@"
"PhonAlign",1541.780938,1542.060938,"f"
"PhonAlign",1542.060938,1542.100938,"E"
"PhonAlign",1542.100938,1542.170938,"d"
"PhonAlign",1542.170938,1542.220938,"a~"
"PhonAlign",1542.220938,1542.250938,"l"
"PhonAlign",1542.250938,1542.280938,"A/"
"PhonAlign",1542.280938,1542.380938,"s"
"PhonAlign",1542.380938,1542.470938,"w"
"PhonAlign",1542.470938,1542.500938,"A/"
"PhonAlign",1542.500938,1542.530938,"R"
"PhonAlign",1542.530938,1542.610938,"e"
"PhonAlign",1542.610938,1542.704063,"U~/"
"PhonAlign",1542.704063,1544.779688,"#"
"PhonAlign",1544.779688,1544.839688,"A/"
"PhonAlign",1544.839688,1544.9496880000002,"w"
"PhonAlign",1544.9496880000002,1544.979688,"i"
"PhonAlign",1544.979688,1545.009688,"l"
"PhonAlign",1545.009688,1545.329688,"@"
"PhonAlign",1545.329688,1545.379688,"b"
"PhonAlign",1545.379688,1545.639688,"U~/"
"PhonAlign",1545.639688,1545.6796880000002,"y"
"PhonAlign",1545.6796880000002,1545.719688,"n"
"PhonAlign",1545.719688,1546.389688,"@"
"PhonAlign",1546.389688,1546.479688,"f"
"PhonAlign",1546.479688,1546.519688,"w"
"PhonAlign",1546.519688,1546.559688,"A/"
"PhonAlign",1546.559688,1546.6596880000002,"k"
"PhonAlign",1546.6596880000002,1546.6996880000002,"l"
"PhonAlign",1546.6996880000002,1546.899688,"@"
"PhonAlign",1546.899688,1546.9296880000002,"y"
"PhonAlign",1546.9296880000002,1546.979688,"n"
"PhonAlign",1546.979688,1547.049688,"f"
"PhonAlign",1547.049688,1547.079688,"w"
"PhonAlign",1547.079688,1547.109688,"A/"
"PhonAlign",1547.109688,1547.229688,"k"
"PhonAlign",1547.229688,1547.959688,"@"
"PhonAlign",1547.959688,1549.119688,"#"
"PhonAlign",1549.119688,1549.1896880000002,"l"
"PhonAlign",1549.1896880000002,1549.809688,"@"
"PhonAlign",1549.809688,1550.9396880000002,"#"
"PhonAlign",1550.9396880000002,1550.969688,"d"
"PhonAlign",1550.969688,1550.999688,"O~"
"PhonAlign",1550.999688,1551.059688,"S"
"PhonAlign",1551.059688,1551.129688,"f"
"PhonAlign",1551.129688,1551.1896880000002,"E"
"PhonAlign",1551.1896880000002,1551.219688,"l"
"PhonAlign",1551.219688,1551.309688,"A/"
"PhonAlign",1551.309688,1551.4096880000002,"p"
"PhonAlign",1551.4096880000002,1551.509688,"y"
"PhonAlign",1551.509688,1551.569688,"b"
"PhonAlign",1551.569688,1551.599688,"s"
"PhonAlign",1551.599688,1551.629688,"y"
"PhonAlign",1551.629688,1551.6596880000002,"R"
"PhonAlign",1551.6596880000002,1551.6896880000002,"l"
"PhonAlign",1551.6896880000002,1551.749688,"@"
"PhonAlign",1551.749688,1551.9496880000002,"R"
"PhonAlign",1551.9496880000002,1552.1696880000002,"E"
"PhonAlign",1552.1696880000002,1552.269688,"z"
"PhonAlign",1552.269688,1552.639688,"O/"
"PhonAlign",1552.639688,1552.6696880000002,"z"
"PhonAlign",1552.6696880000002,1553.649688,"#"
"PhonAlign",1553.649688,1554.1596880000002,"fp"
"PhonAlign",1554.1596880000002,1554.279688,"Z"
"PhonAlign",1554.279688,1554.4496880000002,"@"
"PhonAlign",1554.4496880000002,1554.479688,"l"
"PhonAlign",1554.479688,1554.639688,"a~"
"PhonAlign",1554.639688,1554.789688,"s"
"PhonAlign",1554.789688,1554.979688,"t"
"PhonAlign",1554.979688,1555.009688,"w"
"PhonAlign",1555.009688,1555.149688,"i"
"PhonAlign",1555.149688,1555.1996880000002,"t"
"PhonAlign",1555.1996880000002,1555.379688,"S"
"PhonAlign",1555.379688,1555.509688,"e"
"PhonAlign",1555.509688,1555.549688,"A/"
"PhonAlign",1555.549688,1555.619688,"p"
"PhonAlign",1555.619688,1555.6796880000002,"R"
"PhonAlign",1555.6796880000002,1555.809688,"E"
"PhonAlign",1555.809688,1555.849688,"Z"
"PhonAlign",1555.849688,1555.989688,"a~"
"PhonAlign",1555.989688,1556.019688,"R"
"PhonAlign",1556.019688,1556.719688,"fp"
"PhonAlign",1556.719688,1557.389688,"#"
"PhonAlign",1557.389688,1557.4196880000002,"A/"
"PhonAlign",1557.4196880000002,1557.479688,"p"
"PhonAlign",1557.479688,1557.549688,"R"
"PhonAlign",1557.549688,1557.589688,"E"
"PhonAlign",1557.589688,1557.639688,"Z"
"PhonAlign",1557.639688,1557.749688,"f"
"PhonAlign",1557.749688,1557.809688,"E"
"PhonAlign",1557.809688,1557.859688,"y"
"PhonAlign",1557.859688,1557.979688,"n"
"PhonAlign",1557.979688,1558.079688,"s"
"PhonAlign",1558.079688,1558.249688,"O/"
"PhonAlign",1558.249688,1558.589688,"R"
"PhonAlign",1558.589688,1558.639688,"t"
"PhonAlign",1558.639688,1558.729688,"d"
"PhonAlign",1558.729688,1558.9496880000002,"v"
"PhonAlign",1558.9496880000002,1559.079688,"O/"
"PhonAlign",1559.079688,1559.1696880000002,"d"
"PhonAlign",1559.1696880000002,1559.359688,"e"
"PhonAlign",1559.359688,1559.4096880000002,"d"
"PhonAlign",1559.4096880000002,1559.619688,"e"
"PhonAlign",1559.619688,1559.739688,"z"
"PhonAlign",1559.739688,1559.9496880000002,"m"
"PhonAlign",1559.9496880000002,1559.979688,"E"
"PhonAlign",1559.979688,1560.259688,"j"
"PhonAlign",1560.259688,1560.339688,"9"
"PhonAlign",1560.339688,1560.369688,"R"
"PhonAlign",1560.369688,1560.479688,"m"
"PhonAlign",1560.479688,1560.529688,"O/"
"PhonAlign",1560.529688,1560.579688,"m"
"PhonAlign",1560.579688,1560.809688,"a~"
"PhonAlign",1560.809688,1560.912188,"z"
"PhonAlign",1560.912188,1563.342188,"#"
"PhonAlign",1563.342188,1563.452188,"m"
"PhonAlign",1563.452188,1563.612188,"E"
"PhonAlign",1563.612188,1563.7421880000002,"u"
"PhonAlign",1563.7421880000002,1563.812188,"i"
"PhonAlign",1563.812188,1563.942188,"s"
"PhonAlign",1563.942188,1563.9821880000002,"i"
"PhonAlign",1563.9821880000002,1564.032188,"n"
"PhonAlign",1564.032188,1564.622188,"O~"
"PhonAlign",1564.622188,1564.692188,"Z"
"PhonAlign",1564.692188,1564.9821880000002,"a~"
"PhonAlign",1564.9821880000002,1565.0121880000002,"R"
"PhonAlign",1565.0121880000002,1565.072188,"@"
"PhonAlign",1565.072188,1565.152188,"l"
"PhonAlign",1565.152188,1565.272188,"A/"
"PhonAlign",1565.272188,1565.342188,"R"
"PhonAlign",1565.342188,1565.372188,"2"
"PhonAlign",1565.372188,1565.402188,"d"
"PhonAlign",1565.402188,1565.442188,"i"
"PhonAlign",1565.442188,1565.552188,"f"
"PhonAlign",1565.552188,1565.592188,"y"
"PhonAlign",1565.592188,1565.622188,"z"
"PhonAlign",1565.622188,1565.652188,"j"
"PhonAlign",1565.652188,1565.782188,"O~"
"PhonAlign",1565.782188,1566.032188,"e"
"PhonAlign",1566.032188,1566.072188,"d"
"PhonAlign",1566.072188,1566.102188,"i"
"PhonAlign",1566.102188,1566.192188,"s"
"PhonAlign",1566.192188,1566.272188,"p"
"PhonAlign",1566.272188,1566.302188,"O/"
"PhonAlign",1566.302188,1566.372188,"n"
"PhonAlign",1566.372188,1566.432188,"i"
"PhonAlign",1566.432188,1566.462188,"b"
"PhonAlign",1566.462188,1566.532188,"l"
"PhonAlign",1566.532188,1566.582188,"i"
"PhonAlign",1566.582188,1566.632188,"m"
"PhonAlign",1566.632188,1566.702188,"e"
"PhonAlign",1566.702188,1566.7621880000002,"d"
"PhonAlign",1566.7621880000002,1566.792188,"j"
"PhonAlign",1566.792188,1566.822188,"A/"
"PhonAlign",1566.822188,1566.952188,"t"
"PhonAlign",1566.952188,1566.9821880000002,"m"
"PhonAlign",1566.9821880000002,1567.112188,"a~"
"PhonAlign",1567.112188,1567.142188,"y"
"PhonAlign",1567.142188,1567.172188,"n"
"PhonAlign",1567.172188,1567.2421880000002,"f"
"PhonAlign",1567.2421880000002,1567.272188,"w"
"PhonAlign",1567.272188,1567.302188,"A/"
"PhonAlign",1567.302188,1567.432188,"k"
"PhonAlign",1567.432188,1567.602188,"@"
"PhonAlign",1567.602188,1567.682188,"t"
"PhonAlign",1567.682188,1567.712188,"A/"
"PhonAlign",1567.712188,1567.872188,"f"
"PhonAlign",1567.872188,1567.912188,"i"
"PhonAlign",1567.912188,1567.942188,"n"
"PhonAlign",1567.942188,1567.9721880000002,"i"
"PhonAlign",1567.9721880000002,1568.0021880000002,"l"
"PhonAlign",1568.0021880000002,1568.062188,"@"
"PhonAlign",1568.062188,1568.092188,"l"
"PhonAlign",1568.092188,1568.172188,"A/"
"PhonAlign",1568.172188,1568.202188,"j"
"PhonAlign",1568.202188,1568.303438,"v"
"PhonAlign",1568.303438,1577.719688,"#"
"PhonAlign",1577.719688,1577.849688,"b"
"PhonAlign",1577.849688,1577.989688,"U~/"
"PhonAlign",1577.989688,1578.129688,"t"
"PhonAlign",1578.129688,1578.179688,"u"
"PhonAlign",1578.179688,1578.279688,"t"
"PhonAlign",1578.279688,1578.3396879999998,"e"
"PhonAlign",1578.3396879999998,1578.409688,"d"
"PhonAlign",1578.409688,1578.449688,"i"
"PhonAlign",1578.449688,1578.5796879999998,"f"
"PhonAlign",1578.5796879999998,1578.609688,"y"
"PhonAlign",1578.609688,1578.689688,"z"
"PhonAlign",1578.689688,1578.999688,"e"
"PhonAlign",1578.999688,1579.159688,"w"
"PhonAlign",1579.159688,1579.356563,"i"
"PhonAlign",1579.356563,1580.925937,"#"
"PhonAlign",1580.925937,1581.015937,"Z"
"PhonAlign",1581.015937,1581.125937,"a~"
"PhonAlign",1581.125937,1581.155937,"R"
"PhonAlign",1581.155937,1581.545937,"@"
"PhonAlign",1581.545937,1581.675937,"s"
"PhonAlign",1581.675937,1581.725937,"e"
"PhonAlign",1581.725937,1581.845937,"d"
"PhonAlign",1581.845937,1581.955937,"2"
"PhonAlign",1581.955937,1582.055937,"z"
"PhonAlign",1582.055937,1582.185937,"9"
"PhonAlign",1582.185937,1582.465937,"R"
"PhonAlign",1582.465937,1582.585937,"d"
"PhonAlign",1582.585937,1582.675937,"2"
"PhonAlign",1582.675937,1582.715937,"z"
"PhonAlign",1582.715937,1582.815937,"9"
"PhonAlign",1582.815937,1582.845937,"R"
"PhonAlign",1582.845937,1582.915937,"z"
"PhonAlign",1582.915937,1583.045937,"d"
"PhonAlign",1583.045937,1583.095937,"@"
"PhonAlign",1583.095937,1583.175937,"s"
"PhonAlign",1583.175937,1583.205937,"t"
"PhonAlign",1583.205937,1583.245937,"R"
"PhonAlign",1583.245937,1583.275937,"A/"
"PhonAlign",1583.275937,1583.315937,"m"
"PhonAlign",1583.315937,1583.655937,"k"
"PhonAlign",1583.655937,1583.685937,"w"
"PhonAlign",1583.685937,1583.728883,"A/"
"PhonAlign",1583.728883,1592.188446,"#"
"PhonAlign",1592.188446,1593.818438,"laugh"
"PhonAlign",1593.818438,1598.661563,"#"
"PhonAlign",1598.661563,1598.801563,"O~"
"PhonAlign",1598.801563,1598.851563,"n"
"PhonAlign",1598.851563,1598.911563,"E"
"PhonAlign",1598.911563,1598.9715629999998,"b"
"PhonAlign",1598.9715629999998,1599.167813,"O/"
"TokensAlign",0.0,24.487263,"#"
"TokensAlign",24.487263,25.147263,"alors"
"TokensAlign",25.147263,25.207263,"+"
"TokensAlign",25.207263,26.338884,"euh"
"TokensAlign",26.338884,31.767187,"#"
"TokensAlign",31.767187,32.779688,"ben"
"TokensAlign",32.779688,34.399688,"#"
"TokensAlign",34.399688,34.789688,"plutôt"
"TokensAlign",34.789688,34.999688,"mai"
"TokensAlign",34.999688,35.260313,"non"
"TokensAlign",35.260313,36.728438,"#"
"TokensAlign",36.728438,37.488438,"mai"
"TokensAlign",37.488438,37.638438,"est-ce_qu'"
"TokensAlign",37.638438,37.758438,"il_y"
"TokensAlign",37.758438,37.926563,"a"
"TokensAlign",37.926563,44.777813,"#"
"TokensAlign",44.777813,45.437813,"euh"
"TokensAlign",45.437813,46.517813,"par_exemple"
"TokensAlign",46.517813,46.583438,"le"
"TokensAlign",46.583438,47.882813,"#"
"TokensAlign",47.882813,48.062813,"le"
"TokensAlign",48.062813,48.352813,"jeudi"
"TokensAlign",48.352813,48.672813,"vingt_six"
"TokensAlign",48.672813,48.852813,"c'est"
"TokensAlign",48.852813,48.882813,"l'"
"TokensAlign",48.882813,49.485938,"ascension"
"TokensAlign",49.485938,64.955375,"#"
"TokensAlign",64.955375,66.628004,"@"
"TokensAlign",66.628004,70.42291,"#"
"TokensAlign",70.42291,72.476192,"@"
"TokensAlign",72.476192,77.096076,"#"
"TokensAlign",77.096076,78.576076,"alors"
"TokensAlign",78.576076,79.387686,"@"
"TokensAlign",79.387686,80.388886,"#"
"TokensAlign",80.388886,80.7616,"@"
"TokensAlign",80.7616,100.988438,"#"
"TokensAlign",100.988438,101.268438,"mais"
"TokensAlign",101.268438,101.408438,"non"
"TokensAlign",101.408438,101.628438,"parce_que"
"TokensAlign",101.628438,101.908438,"du_coup"
"TokensAlign",101.908438,102.138438,"si"
"TokensAlign",102.138438,102.448438,"c'est"
"TokensAlign",102.448438,102.478438,"un"
"TokensAlign",102.478438,102.638438,"truc"
"TokensAlign",102.638438,102.688438,"de"
"TokensAlign",102.688438,102.918438,"radio"
"TokensAlign",102.918438,102.948438,"y'"
"TokensAlign",102.948438,102.988438,"a"
"TokensAlign",102.988438,103.118438,"pas"
"TokensAlign",103.118438,103.158438,"de"
"TokensAlign",103.158438,103.553438,"public"
"TokensAlign",103.553438,110.100938,"#"
"TokensAlign",110.100938,110.520938,"ouais"
"TokensAlign",110.520938,110.860938,"une"
"TokensAlign",110.860938,111.710938,"salle"
"TokensAlign",111.710938,111.906619,"ouais"
"TokensAlign",111.906619,115.298438,"#"
"TokensAlign",115.298438,115.534688,"mh"
"TokensAlign",115.534688,116.530312,"#"
"TokensAlign",116.530312,116.750312,"genre"
"TokensAlign",116.750312,116.800312,"un"
"TokensAlign",116.800312,116.930312,"peu"
"TokensAlign",116.930312,117.010312,"en"
"TokensAlign",117.010312,117.320312,"mode"
"TokensAlign",117.320312,117.600312,"pas"
"TokensAlign",117.600312,117.820312,"salle"
"TokensAlign",117.820312,117.890312,"de"
"TokensAlign",117.890312,118.290312,"cinéma"
"TokensAlign",118.290312,118.410312,"quand"
"TokensAlign",118.410312,118.890312,"même"
"TokensAlign",118.890312,118.970312,"mais"
"TokensAlign",118.970312,119.601562,"genre"
"TokensAlign",119.601562,121.542187,"#"
"TokensAlign",121.542187,121.642187,"je"
"TokensAlign",121.642187,121.682187,"sais"
"TokensAlign",121.682187,121.842187,"pas"
"TokensAlign",121.842187,122.032187,"je"
"TokensAlign",122.032187,122.182187,"suis"
"TokensAlign",122.182187,122.442187,"jamais"
"TokensAlign",122.442187,122.562187,"aller"
"TokensAlign",122.562187,122.602187,"au"
"TokensAlign",122.602187,122.912187,"cube"
"TokensAlign",122.912187,123.567188,"mais"
"TokensAlign",123.567188,126.908438,"#"
"TokensAlign",126.908438,127.168438,"ouais"
"TokensAlign",127.168438,127.515938,"voilà"
"TokensAlign",127.515938,129.169688,"#"
"TokensAlign",129.169688,129.479688,"genre"
"TokensAlign",129.479688,129.509688,"en"
"TokensAlign",129.509688,129.829688,"mode"
"TokensAlign",129.829688,129.919688,"genre"
"TokensAlign",129.919688,130.24968800000002,"salle"
"TokensAlign",130.24968800000002,130.62968800000002,"salle"
"TokensAlign",130.62968800000002,130.899688,"genre"
"TokensAlign",130.899688,131.339688,"euh"
"TokensAlign",131.339688,131.389688,"+"
"TokensAlign",131.389688,131.71968800000002,"salle"
"TokensAlign",131.71968800000002,131.829688,"de"
"TokensAlign",131.829688,132.429688,"théâtre"
"TokensAlign",132.429688,132.549688,"ou"
"TokensAlign",132.549688,132.809688,"euh"
"TokensAlign",132.809688,133.399688,"+"
"TokensAlign",133.399688,133.539688,"genre"
"TokensAlign",133.539688,133.579688,"un"
"TokensAlign",133.579688,133.789688,"truc"
"TokensAlign",133.789688,134.12968800000002,"avec"
"TokensAlign",134.12968800000002,134.299688,"des"
"TokensAlign",134.299688,134.569688,"places"
"TokensAlign",134.569688,134.989688,"assises"
"TokensAlign",134.989688,135.539688,"et"
"TokensAlign",135.539688,135.639688,"une"
"TokensAlign",135.639688,135.970312,"scène"
"TokensAlign",135.970312,141.002112,"#"
"TokensAlign",141.002112,141.623438,"@"
"TokensAlign",141.623438,143.952187,"#"
"TokensAlign",143.952187,144.022187,"oui"
"TokensAlign",144.022187,144.462187,"avec"
"TokensAlign",144.462187,144.63218700000002,"des"
"TokensAlign",144.63218700000002,145.00218700000002,"spots"
"TokensAlign",145.00218700000002,145.202187,"genre"
"TokensAlign",145.202187,145.392187,"et"
"TokensAlign",145.392187,145.592187,"on"
"TokensAlign",145.592187,146.602187,"accueille"
"TokensAlign",146.602187,147.41218700000002,"+"
"TokensAlign",147.41218700000002,147.592187,"oh"
"TokensAlign",147.592187,148.19218700000002,"+"
"TokensAlign",148.19218700000002,148.44218700000002,"dans"
"TokensAlign",148.44218700000002,148.862187,"+"
"TokensAlign",148.862187,149.22218700000002,"dans"
"TokensAlign",149.22218700000002,149.362187,"le"
"TokensAlign",149.362187,149.652187,"coin"
"TokensAlign",149.652187,150.302187,"rouge"
"TokensAlign",150.302187,151.613438,"@"
"TokensAlign",151.613438,164.573438,"#"
"TokensAlign",164.573438,164.953438,"ouais"
"TokensAlign",164.953438,165.173438,"juste"
"TokensAlign",165.173438,165.523438,"des"
"TokensAlign",165.523438,165.663438,"ouais"
"TokensAlign",165.663438,166.243438,"des"
"TokensAlign",166.243438,166.333438,"des"
"TokensAlign",166.333438,166.985222,"fauteuils"
"TokensAlign",166.985222,178.186609,"#"
"TokensAlign",178.186609,178.376609,"ouais"
"TokensAlign",178.376609,178.756609,"comme"
"TokensAlign",178.756609,178.996609,"ça"
"TokensAlign",178.996609,179.806609,"+"
"TokensAlign",179.806609,180.081563,"genre"
"TokensAlign",180.081563,189.548438,"#"
"TokensAlign",189.548438,189.588438,"mais"
"TokensAlign",189.588438,189.978438,"euh"
"TokensAlign",189.978438,190.288438,"ouais"
"TokensAlign",190.288438,190.888438,"un"
"TokensAlign",190.888438,191.358438,"+"
"TokensAlign",191.358438,191.598438,"ouais"
"TokensAlign",191.598438,191.898438,"micro"
"TokensAlign",191.898438,192.248438,"cravate"
"TokensAlign",192.248438,192.328438,"c'est"
"TokensAlign",192.328438,192.498438,"très"
"TokensAlign",192.498438,192.588438,"bien"
"TokensAlign",192.588438,192.678438,"+"
"TokensAlign",192.678438,192.998438,"parce_que"
"TokensAlign",192.998438,193.038438,"un"
"TokensAlign",193.038438,193.348438,"micro"
"TokensAlign",193.348438,193.488438,"comme"
"TokensAlign",193.488438,193.718438,"ça"
"TokensAlign",193.718438,193.828438,"ça"
"TokensAlign",193.828438,194.228438,"peut"
"TokensAlign",194.228438,194.668438,"vite"
"TokensAlign",194.668438,195.528438,"devenir"
"TokensAlign",195.528438,195.792188,"chiant"
"TokensAlign",195.792188,202.764316,"#"
"TokensAlign",202.764316,203.24097,"mh"
"TokensAlign",203.24097,213.871224,"#"
"TokensAlign",213.871224,215.045273,"*"
"TokensAlign",215.045273,223.626812,"#"
"TokensAlign",223.626812,224.236812,"ouais"
"TokensAlign",224.236812,225.056812,"+"
"TokensAlign",225.056812,225.093442,"mh"
"TokensAlign",225.093442,229.933321,"#"
"TokensAlign",229.933321,229.973321,"@"
"TokensAlign",229.973321,230.143321,"dédé"
"TokensAlign",230.143321,230.213321,"dé"
"TokensAlign",230.213321,230.323321,"@"
"TokensAlign",230.323321,230.723321,"+"
"TokensAlign",230.723321,231.123321,"dé"
"TokensAlign",231.123321,231.243321,"+"
"TokensAlign",231.243321,231.483321,"dé"
"TokensAlign",231.483321,233.263321,"+"
"TokensAlign",233.263321,233.643321,"dédé"
"TokensAlign",233.643321,233.713321,"à"
"TokensAlign",233.713321,233.803321,"la"
"TokensAlign",233.803321,234.413321,"sono"
"TokensAlign",234.413321,235.323321,"+"
"TokensAlign",235.323321,235.693321,"dj"
"TokensAlign",235.693321,236.313162,"résident"
"TokensAlign",236.313162,253.184063,"#"
"TokensAlign",253.184063,253.464063,"bon"
"TokensAlign",253.464063,253.594063,"des"
"TokensAlign",253.594063,253.814063,"petites"
"TokensAlign",253.814063,254.384063,"pizzas"
"TokensAlign",254.384063,254.474063,"des"
"TokensAlign",254.474063,254.814063,"petites"
"TokensAlign",254.814063,255.274063,"quiches"
"TokensAlign",255.274063,255.374063,"+"
"TokensAlign",255.374063,255.974063,"ouais"
"TokensAlign",255.974063,258.644063,"+"
"TokensAlign",258.644063,258.857515,"@"
"TokensAlign",258.857515,262.296563,"#"
"TokensAlign",262.296563,262.666563,"non"
"TokensAlign",262.666563,262.926563,"d'accord"
"TokensAlign",262.926563,263.556563,"+"
"TokensAlign",263.556563,264.006563,"avec"
"TokensAlign",264.006563,264.246563,"du"
"TokensAlign",264.246563,264.676563,"chili"
"TokensAlign",264.676563,264.836563,"con"
"TokensAlign",264.836563,266.726563,"carné"
"TokensAlign",266.726563,266.819063,"@"
"TokensAlign",266.819063,269.995265,"#"
"TokensAlign",269.995265,270.425265,"@"
"TokensAlign",270.425265,270.97526500000004,"des"
"TokensAlign",270.97526500000004,271.15526500000004,"des"
"TokensAlign",271.15526500000004,271.72526500000004,"mini"
"TokensAlign",271.72526500000004,272.370938,"burritos"
"TokensAlign",272.370938,277.956563,"#"
"TokensAlign",277.956563,278.656563,"matériel"
"TokensAlign",278.656563,279.43656300000004,"+"
"TokensAlign",279.43656300000004,279.696563,"faut"
"TokensAlign",279.696563,280.146563,"programmer"
"TokensAlign",280.146563,280.406563,"la"
"TokensAlign",280.406563,280.62656300000003,"le"
"TokensAlign",280.62656300000003,280.756563,"le"
"TokensAlign",280.756563,281.076563,"buffet"
"TokensAlign",281.076563,281.196563,"là"
"TokensAlign",281.196563,298.903615,"#"
"TokensAlign",298.903615,299.905285,"@"
"TokensAlign",299.905285,300.289647,"#"
"TokensAlign",300.289647,300.449647,"avec"
"TokensAlign",300.449647,300.549647,"un"
"TokensAlign",300.549647,301.519647,"sombrero"
"TokensAlign",301.519647,301.979647,"et"
"TokensAlign",301.979647,302.099647,"et"
"TokensAlign",302.099647,302.574217,"des"
"TokensAlign",302.574217,302.922541,"#"
"TokensAlign",302.922541,302.97254100000004,"et"
"TokensAlign",302.97254100000004,303.122541,"des"
"TokensAlign",303.122541,303.960938,"guitares"
"TokensAlign",303.960938,312.651563,"#"
"TokensAlign",312.651563,312.781563,"on"
"TokensAlign",312.781563,312.921563,"va"
"TokensAlign",312.921563,313.101563,"amener"
"TokensAlign",313.101563,313.241563,"des"
"TokensAlign",313.241563,314.331563,"mariachis"
"TokensAlign",314.331563,315.857813,"@"
"TokensAlign",315.857813,318.033596,"#"
"TokensAlign",318.033596,318.103596,"ouais"
"TokensAlign",318.103596,318.601915,"euh"
"TokensAlign",318.601915,320.031879,"#"
"TokensAlign",320.031879,320.211879,"tu"
"TokensAlign",320.211879,320.341879,"tu"
"TokensAlign",320.341879,320.481879,"tu"
"TokensAlign",320.481879,320.631879,"tu"
"TokensAlign",320.631879,320.791879,"tu"
"TokensAlign",320.791879,320.94187900000003,"tu"
"TokensAlign",320.94187900000003,321.071879,"tu"
"TokensAlign",321.071879,321.211879,"tu"
"TokensAlign",321.211879,321.541879,"tu"
"TokensAlign",321.541879,321.831879,"@"
"TokensAlign",321.831879,321.971879,"tu"
"TokensAlign",321.971879,322.131879,"tu"
"TokensAlign",322.131879,322.271879,"tu"
"TokensAlign",322.271879,322.421879,"tu"
"TokensAlign",322.421879,322.571879,"tu"
"TokensAlign",322.571879,322.731879,"tu"
"TokensAlign",322.731879,322.851879,"tu"
"TokensAlign",322.851879,323.031879,"tu"
"TokensAlign",323.031879,323.148468,"tu"
"TokensAlign",323.148468,349.217993,"#"
"TokensAlign",349.217993,350.464628,"@"
"TokensAlign",350.464628,356.409273,"#"
"TokensAlign",356.409273,356.729273,"moi"
"TokensAlign",356.729273,357.389273,"@"
"TokensAlign",357.389273,357.949234,"moi"
"TokensAlign",357.949234,366.145313,"#"
"TokensAlign",366.145313,366.485313,"ben"
"TokensAlign",366.485313,366.615313,"je"
"TokensAlign",366.615313,366.645313,"sais"
"TokensAlign",366.645313,366.725313,"pas"
"TokensAlign",366.725313,366.815313,"un"
"TokensAlign",366.815313,367.045313,"petit"
"TokensAlign",367.045313,367.885313,"petit"
"TokensAlign",367.885313,368.285313,"+"
"TokensAlign",368.285313,368.475313,"petit"
"TokensAlign",368.475313,369.570938,"ponch"
"TokensAlign",369.570938,371.973884,"#"
"TokensAlign",371.973884,372.945527,"@"
"TokensAlign",372.945527,375.049342,"#"
"TokensAlign",375.049342,375.289342,"euh"
"TokensAlign",375.289342,375.54433,"pan"
"TokensAlign",375.54433,376.18598,"#"
"TokensAlign",376.18598,376.60598,"ponch"
"TokensAlign",376.60598,376.95598,"+"
"TokensAlign",376.95598,376.98598,"et"
"TokensAlign",376.98598,377.18598,"la"
"TokensAlign",377.18598,377.40598,"+"
"TokensAlign",377.40598,377.52598,"et"
"TokensAlign",377.52598,377.64598,"la"
"TokensAlign",377.64598,378.07598,"pizza"
"TokensAlign",378.07598,378.55598,"xxl"
"TokensAlign",378.55598,378.61598,"de"
"TokensAlign",378.61598,379.22598,"dominos"
"TokensAlign",379.22598,379.44598,"pour"
"TokensAlign",379.44598,380.12598,"absorber"
"TokensAlign",380.12598,380.489063,"@"
"TokensAlign",380.489063,387.171563,"#"
"TokensAlign",387.171563,387.241563,"et"
"TokensAlign",387.241563,387.431563,"du"
"TokensAlign",387.431563,387.863437,"champagne"
"TokensAlign",387.863437,389.69731,"#"
"TokensAlign",389.69731,391.4206,"@"
"TokensAlign",391.4206,393.308886,"#"
"TokensAlign",393.308886,394.243863,"@"
"TokensAlign",394.243863,421.451066,"#"
"TokensAlign",421.451066,423.229355,"@"
"TokensAlign",423.229355,436.96817,"#"
"TokensAlign",436.96817,439.149782,"@"
"TokensAlign",439.149782,476.556329,"#"
"TokensAlign",476.556329,481.148438,"@"
"TokensAlign",481.148438,484.091141,"#"
"TokensAlign",484.091141,484.211141,"@"
"TokensAlign",484.211141,484.431141,"le"
"TokensAlign",484.431141,485.291141,"petit"
"TokensAlign",485.291141,485.551141,"chien"
"TokensAlign",485.551141,485.581141,"des"
"TokensAlign",485.581141,485.831141,"boston"
"TokensAlign",485.831141,486.987735,"dynamics"
"TokensAlign",486.987735,491.459063,"#"
"TokensAlign",491.459063,491.639063,"le"
"TokensAlign",491.639063,491.969063,"chien"
"TokensAlign",491.969063,492.119063,"de"
"TokensAlign",492.119063,492.459063,"boston"
"TokensAlign",492.459063,492.809063,"dynamics"
"TokensAlign",492.809063,493.189063,"c'est"
"TokensAlign",493.189063,493.399063,"vrai"
"TokensAlign",493.399063,493.609063,"qui"
"TokensAlign",493.609063,493.849063,"qui"
"TokensAlign",493.849063,494.019063,"tape"
"TokensAlign",494.019063,494.079063,"à"
"TokensAlign",494.079063,494.159063,"la"
"TokensAlign",494.159063,494.549063,"porte"
"TokensAlign",494.549063,494.579063,"@"
"TokensAlign",494.579063,497.669063,"+"
"TokensAlign",497.669063,497.699063,"des"
"TokensAlign",497.699063,497.729063,"des"
"TokensAlign",497.729063,498.039063,"@"
"TokensAlign",498.039063,498.319063,"gens"
"TokensAlign",498.319063,499.479063,"+"
"TokensAlign",499.479063,499.569063,"le"
"TokensAlign",499.569063,499.929063,"flyer"
"TokensAlign",499.929063,499.979063,"il"
"TokensAlign",499.979063,500.669063,"sorte"
"TokensAlign",500.669063,501.089063,"par"
"TokensAlign",501.089063,501.249063,"sa"
"TokensAlign",501.249063,502.005938,"bouche"
"TokensAlign",502.005938,504.846552,"#"
"TokensAlign",504.846552,505.268209,"et"
"TokensAlign",505.268209,506.282688,"#"
"TokensAlign",506.282688,507.323323,"@"
"TokensAlign",507.323323,509.835938,"#"
"TokensAlign",509.835938,509.955938,"et"
"TokensAlign",509.955938,510.135938,"s'il"
"TokensAlign",510.135938,510.315938,"prend"
"TokensAlign",510.315938,510.425938,"pas"
"TokensAlign",510.425938,510.455938,"le"
"TokensAlign",510.455938,511.885938,"flyer"
"TokensAlign",511.885938,512.095196,"@"
"TokensAlign",512.095196,514.135327,"#"
"TokensAlign",514.135327,515.25601,"@"
"TokensAlign",515.25601,538.304063,"#"
"TokensAlign",538.304063,538.4940630000001,"moi"
"TokensAlign",538.4940630000001,538.5240630000001,"je"
"TokensAlign",538.5240630000001,538.584063,"veux"
"TokensAlign",538.584063,538.7440630000001,"bien"
"TokensAlign",538.7440630000001,538.794063,"m'"
"TokensAlign",538.794063,539.164063,"occuper"
"TokensAlign",539.164063,539.294063,"des"
"TokensAlign",539.294063,539.464063,"réseaux"
"TokensAlign",539.464063,539.934063,"sociaux"
"TokensAlign",539.934063,540.9940630000001,"+"
"TokensAlign",540.9940630000001,541.174063,"tout"
"TokensAlign",541.174063,541.294063,"ce"
"TokensAlign",541.294063,541.4040630000001,"qui"
"TokensAlign",541.4040630000001,541.6240630000001,"est"
"TokensAlign",541.6240630000001,542.054063,"ouais"
"TokensAlign",542.054063,543.044063,"promos"
"TokensAlign",543.044063,543.164063,"+"
"TokensAlign",543.164063,543.9940630000001,"tracts"
"TokensAlign",543.9940630000001,544.497187,"flyers"
"TokensAlign",544.497187,586.11085,"#"
"TokensAlign",586.11085,587.233278,"@"
"TokensAlign",587.233278,626.492813,"#"
"TokensAlign",626.492813,626.6428129999999,"ah"
"TokensAlign",626.6428129999999,626.7828129999999,"toi"
"TokensAlign",626.7828129999999,626.862813,"tu"
"TokensAlign",626.862813,626.982813,"peux"
"TokensAlign",626.982813,627.1328129999999,"faire"
"TokensAlign",627.1328129999999,627.242813,"un"
"TokensAlign",627.242813,627.452813,"peu"
"TokensAlign",627.452813,627.742813,"toutes_les"
"TokensAlign",627.742813,628.092813,"démarches"
"TokensAlign",628.092813,628.852813,"administratives"
"TokensAlign",628.852813,629.192813,"peut-être"
"TokensAlign",629.192813,629.3928129999999,"genre"
"TokensAlign",629.3928129999999,629.5228129999999,"aller"
"TokensAlign",629.5228129999999,630.322813,"voir"
"TokensAlign",630.322813,630.612813,"+"
"TokensAlign",630.612813,630.6728129999999,"euh"
"TokensAlign",630.6728129999999,630.842813,"aller"
"TokensAlign",630.842813,631.002813,"voir"
"TokensAlign",631.002813,631.082813,"la"
"TokensAlign",631.082813,631.629685,"mairie"
"TokensAlign",631.629685,632.344668,"#"
"TokensAlign",632.344668,632.6546679999999,"faire"
"TokensAlign",632.6546679999999,632.854668,"hey"
"TokensAlign",632.854668,633.242813,"mec"
"TokensAlign",633.242813,636.542896,"#"
"TokensAlign",636.542896,637.001218,"ouais"
"TokensAlign",637.001218,640.154473,"#"
"TokensAlign",640.154473,640.674473,"demain"
"TokensAlign",640.674473,641.4944730000001,"+"
"TokensAlign",641.4944730000001,641.529438,"@"
"TokensAlign",641.529438,644.096041,"#"
"TokensAlign",644.096041,645.122813,"@"
"TokensAlign",645.122813,646.55741,"#"
"TokensAlign",646.55741,646.69741,"ouais"
"TokensAlign",646.69741,647.31741,"ouais"
"TokensAlign",647.31741,647.50741,"très"
"TokensAlign",647.50741,647.67741,"bonne"
"TokensAlign",647.67741,648.33741,"pizza"
"TokensAlign",648.33741,649.435672,"@"
"TokensAlign",649.435672,650.645641,"#"
"TokensAlign",650.645641,651.5556409999999,"@"
"TokensAlign",651.5556409999999,651.9556409999999,"+"
"TokensAlign",651.9556409999999,652.215641,"non"
"TokensAlign",652.215641,652.465641,"+"
"TokensAlign",652.465641,652.6756409999999,"hors"
"TokensAlign",652.6756409999999,653.318646,"budget"
"TokensAlign",653.318646,663.972188,"#"
"TokensAlign",663.972188,664.2721879999999,"ouais"
"TokensAlign",664.2721879999999,664.5121879999999,"ben"
"TokensAlign",664.5121879999999,664.572188,"je"
"TokensAlign",664.572188,664.8721879999999,"peux"
"TokensAlign",664.8721879999999,664.932188,"je"
"TokensAlign",664.932188,665.102188,"peux"
"TokensAlign",665.102188,665.362188,"mettre"
"TokensAlign",665.362188,665.6221879999999,"ma"
"TokensAlign",665.6221879999999,665.7621879999999,"ma"
"TokensAlign",665.7621879999999,665.962188,"chaîne"
"TokensAlign",665.962188,666.542188,"twitch"
"TokensAlign",666.542188,666.6321879999999,"pour"
"TokensAlign",666.6321879999999,666.732188,"euh"
"TokensAlign",666.732188,667.4021879999999,"+"
"TokensAlign",667.4021879999999,667.722188,"pour"
"TokensAlign",667.722188,667.7821879999999,"les"
"TokensAlign",667.7821879999999,669.270938,"subs"
"TokensAlign",669.270938,680.577188,"#"
"TokensAlign",680.577188,680.817188,"ben"
"TokensAlign",680.817188,681.027188,"on"
"TokensAlign",681.027188,681.217188,"le"
"TokensAlign",681.217188,681.8671879999999,"y'au-"
"TokensAlign",681.8671879999999,682.0071879999999,"on"
"TokensAlign",682.0071879999999,682.077188,"le"
"TokensAlign",682.077188,682.337188,"stream"
"TokensAlign",682.337188,682.417188,"en"
"TokensAlign",682.417188,682.647188,"live"
"TokensAlign",682.647188,682.717188,"et"
"TokensAlign",682.717188,682.7571879999999,"il_y"
"TokensAlign",682.7571879999999,682.917188,"aura"
"TokensAlign",682.917188,683.017188,"la"
"TokensAlign",683.017188,683.344688,"redif"
"TokensAlign",683.344688,695.81318,"#"
"TokensAlign",695.81318,696.25318,"ouais"
"TokensAlign",696.25318,696.381499,"ouais"
"TokensAlign",696.381499,717.725974,"#"
"TokensAlign",717.725974,717.925974,"et"
"TokensAlign",717.925974,718.055974,"vous"
"TokensAlign",718.055974,718.085974,"me"
"TokensAlign",718.085974,718.335974,"donnez"
"TokensAlign",718.335974,718.465974,"de"
"TokensAlign",718.465974,718.4959739999999,"l'"
"TokensAlign",718.4959739999999,718.9959739999999,"argent"
"TokensAlign",718.9959739999999,719.155938,"@"
"TokensAlign",719.155938,729.666563,"#"
"TokensAlign",729.666563,729.826563,"ben"
"TokensAlign",729.826563,729.966563,"ouais"
"TokensAlign",729.966563,730.096563,"ben"
"TokensAlign",730.096563,730.2265629999999,"non"
"TokensAlign",730.2265629999999,730.775557,"du_coup"
"TokensAlign",730.775557,735.908762,"#"
"TokensAlign",735.908762,736.458748,"mouais"
"TokensAlign",736.458748,746.420763,"#"
"TokensAlign",746.420763,747.777396,"@"
"TokensAlign",747.777396,759.125446,"#"
"TokensAlign",759.125446,759.925446,"oh"
"TokensAlign",759.925446,760.42708,"putain"
"TokensAlign",760.42708,760.902188,"#"
"TokensAlign",760.902188,761.239688,"*"
"TokensAlign",761.239688,762.623438,"#"
"TokensAlign",762.623438,762.723438,"ouais"
"TokensAlign",762.723438,762.7834379999999,"ouais"
"TokensAlign",762.7834379999999,763.1834379999999,"c'est"
"TokensAlign",763.1834379999999,763.584335,"vrai"
"TokensAlign",763.584335,765.545953,"#"
"TokensAlign",765.545953,766.86592,"@"
"TokensAlign",766.86592,798.347813,"#"
"TokensAlign",798.347813,798.717813,"moi"
"TokensAlign",798.717813,798.797813,"je"
"TokensAlign",798.797813,798.877813,"le"
"TokensAlign",798.877813,799.0178129999999,"fais"
"TokensAlign",799.0178129999999,799.225313,"ça"
"TokensAlign",799.225313,803.444063,"#"
"TokensAlign",803.444063,803.824063,"demande"
"TokensAlign",803.824063,803.874063,"des"
"TokensAlign",803.874063,804.304063,"subs"
"TokensAlign",804.304063,804.7840630000001,"et"
"TokensAlign",804.7840630000001,807.5140630000001,"+"
"TokensAlign",807.5140630000001,807.737153,"@"
"TokensAlign",807.737153,824.92774,"#"
"TokensAlign",824.92774,825.459394,"@"
"TokensAlign",825.459394,862.320938,"#"
"TokensAlign",862.320938,862.650938,"oh"
"TokensAlign",862.650938,863.010938,"cash"
"TokensAlign",863.010938,864.260938,"hein"
"TokensAlign",864.260938,864.483314,"@"
"TokensAlign",864.483314,866.298269,"#"
"TokensAlign",866.298269,867.398241,"@"
"TokensAlign",867.398241,869.524855,"#"
"TokensAlign",869.524855,870.184838,"@"
"TokensAlign",870.184838,875.886362,"#"
"TokensAlign",875.886362,876.3163619999999,"@"
"TokensAlign",876.3163619999999,876.586362,"jet"
"TokensAlign",876.586362,877.476362,"pack"
"TokensAlign",877.476362,877.866313,"@"
"TokensAlign",877.866313,881.895938,"#"
"TokensAlign",881.895938,882.065938,"on"
"TokensAlign",882.065938,882.485938,"met"
"TokensAlign",882.485938,882.685938,"des"
"TokensAlign",882.685938,882.875938,"des"
"TokensAlign",882.875938,883.205938,"canons"
"TokensAlign",883.205938,883.245938,"à"
"TokensAlign",883.245938,883.625938,"t-shirt"
"TokensAlign",883.625938,883.805938,"pour"
"TokensAlign",883.805938,883.835938,"le"
"TokensAlign",883.835938,884.355938,"public"
"TokensAlign",884.355938,884.415938,"@"
"TokensAlign",884.415938,884.765938,"pan"
"TokensAlign",884.765938,885.382792,"pan"
"TokensAlign",885.382792,886.862149,"#"
"TokensAlign",886.862149,887.642968,"@"
"TokensAlign",887.642968,905.672812,"#"
"TokensAlign",905.672812,906.886774,"mh"
"TokensAlign",906.886774,912.957206,"#"
"TokensAlign",912.957206,913.027206,"ben"
"TokensAlign",913.027206,913.057206,"je"
"TokensAlign",913.057206,913.247206,"peux"
"TokensAlign",913.247206,913.597206,"faire"
"TokensAlign",913.597206,913.907206,"ben"
"TokensAlign",913.907206,914.147206,"du_coup"
"TokensAlign",914.147206,914.217206,"je"
"TokensAlign",914.217206,914.317206,"peux"
"TokensAlign",914.317206,914.457206,"faire"
"TokensAlign",914.457206,914.517206,"la"
"TokensAlign",914.517206,914.877206,"conclusion"
"TokensAlign",914.877206,914.997206,"comme"
"TokensAlign",914.997206,915.087206,"ça"
"TokensAlign",915.087206,915.307206,"on"
"TokensAlign",915.307206,915.527206,"est"
"TokensAlign",915.527206,915.557206,"on"
"TokensAlign",915.557206,915.667206,"bosse"
"TokensAlign",915.667206,916.087206,"vraiment"
"TokensAlign",916.087206,916.587206,"tous_les"
"TokensAlign",916.587206,916.844062,"quatre"
"TokensAlign",916.844062,935.409785,"#"
"TokensAlign",935.409785,935.617175,"mh"
"TokensAlign",935.617175,949.007812,"#"
"TokensAlign",949.007812,949.447812,"ouais"
"TokensAlign",949.447812,949.667812,"non"
"TokensAlign",949.667812,949.797812,"mais"
"TokensAlign",949.797812,949.867812,"je"
"TokensAlign",949.867812,950.227812,"pensais"
"TokensAlign",950.227812,950.587812,"à"
"TokensAlign",950.587812,950.637812,"un"
"TokensAlign",950.637812,951.087812,"employé"
"TokensAlign",951.087812,951.467812,"de"
"TokensAlign",951.467812,951.547812,"la"
"TokensAlign",951.547812,952.047812,"salle"
"TokensAlign",952.047812,952.317812,"genre"
"TokensAlign",952.317812,952.397812,"un"
"TokensAlign",952.397812,952.657812,"mec"
"TokensAlign",952.657812,952.917812,"qui"
"TokensAlign",952.917812,953.047812,"qui"
"TokensAlign",953.047812,953.257812,"bosse"
"TokensAlign",953.257812,953.357812,"dans"
"TokensAlign",953.357812,953.387812,"le"
"TokensAlign",953.387812,954.297812,"théâtre"
"TokensAlign",954.297812,954.847812,"+"
"TokensAlign",954.847812,955.049062,"ouais"
"TokensAlign",955.049062,963.915584,"#"
"TokensAlign",963.915584,964.045584,"ouais"
"TokensAlign",964.045584,964.155584,"un"
"TokensAlign",964.155584,964.505584,"micro"
"TokensAlign",964.505584,964.77723,"quoi"
"TokensAlign",964.77723,970.692188,"#"
"TokensAlign",970.692188,971.472188,"un"
"TokensAlign",971.472188,971.752188,"micro"
"TokensAlign",971.752188,972.056469,"un"
"TokensAlign",972.056469,980.41626,"#"
"TokensAlign",980.41626,980.48626,"non"
"TokensAlign",980.48626,981.02626,"non"
"TokensAlign",981.02626,981.08626,"non"
"TokensAlign",981.08626,981.38626,"non"
"TokensAlign",981.38626,981.57626,"met"
"TokensAlign",981.57626,981.94626,"micro"
"TokensAlign",981.94626,982.38626,"qui"
"TokensAlign",982.38626,982.64626,"défile"
"TokensAlign",982.64626,982.74626,"dans"
"TokensAlign",982.74626,982.77626,"le"
"TokensAlign",982.77626,983.247187,"public"
"TokensAlign",983.247187,989.691642,"#"
"TokensAlign",989.691642,990.259961,"ouais"
"TokensAlign",990.259961,993.724875,"#"
"TokensAlign",993.724875,993.904875,"@"
"TokensAlign",993.904875,995.754875,"+"
"TokensAlign",995.754875,996.084875,"alors"
"TokensAlign",996.084875,996.114875,"j'"
"TokensAlign",996.114875,996.424875,"ai"
"TokensAlign",996.424875,996.674875,"si"
"TokensAlign",996.674875,997.004875,"remarqué"
"TokensAlign",997.004875,997.044875,"de"
"TokensAlign",997.044875,997.194875,"douze"
"TokensAlign",997.194875,997.984875,"questions"
"TokensAlign",997.984875,998.154875,"non"
"TokensAlign",998.154875,998.484875,"monsieur"
"TokensAlign",998.484875,998.894875,"arrêtez"
"TokensAlign",998.894875,999.224875,"+"
"TokensAlign",999.224875,999.454875,"je"
"TokensAlign",999.454875,1000.104875,"+"
"TokensAlign",1000.104875,1000.288044,"@"
"TokensAlign",1000.288044,1002.359659,"#"
"TokensAlign",1002.359659,1002.854647,"@"
"TokensAlign",1002.854647,1006.079062,"#"
"TokensAlign",1006.079062,1006.119062,"on"
"TokensAlign",1006.119062,1006.239062,"va"
"TokensAlign",1006.239062,1006.469062,"prendre"
"TokensAlign",1006.469062,1006.599062,"des"
"TokensAlign",1006.599062,1007.439062,"micros"
"TokensAlign",1007.439062,1008.349062,"+"
"TokensAlign",1008.349062,1008.409062,"des"
"TokensAlign",1008.409062,1008.769062,"micros"
"TokensAlign",1008.769062,1009.049062,"doux"
"TokensAlign",1009.049062,1011.749063,"#"
"TokensAlign",1011.749063,1012.119063,"micros"
"TokensAlign",1012.119063,1012.710938,"serviettes"
"TokensAlign",1012.710938,1016.234795,"#"
"TokensAlign",1016.234795,1017.279769,"@"
"TokensAlign",1017.279769,1030.846097,"#"
"TokensAlign",1030.846097,1031.306097,"ben"
"TokensAlign",1031.306097,1031.5360970000002,"ça"
"TokensAlign",1031.5360970000002,1031.7660970000002,"pour"
"TokensAlign",1031.7660970000002,1032.0060970000002,"par"
"TokensAlign",1032.0060970000002,1032.546097,"rapport"
"TokensAlign",1032.546097,1032.716097,"les"
"TokensAlign",1032.716097,1033.176097,"sponsors"
"TokensAlign",1033.176097,1033.365938,"non"
"TokensAlign",1033.365938,1040.34046,"#"
"TokensAlign",1040.34046,1041.843756,"@"
"TokensAlign",1041.843756,1055.391751,"#"
"TokensAlign",1055.391751,1056.565055,"mh"
"TokensAlign",1056.565055,1058.256563,"#"
"TokensAlign",1058.256563,1058.5965629999998,"non"
"TokensAlign",1058.5965629999998,1058.686563,"je"
"TokensAlign",1058.686563,1059.016563,"pense"
"TokensAlign",1059.016563,1059.136563,"qu'"
"TokensAlign",1059.136563,1059.266563,"on"
"TokensAlign",1059.266563,1059.706563,"a"
"TokensAlign",1059.706563,1059.8565629999998,"+"
"TokensAlign",1059.8565629999998,1060.026563,"tout"
"TokensAlign",1060.026563,1060.3465629999998,"dit"
"TokensAlign",1060.3465629999998,1060.476563,"ça"
"TokensAlign",1060.476563,1060.646563,"fait"
"TokensAlign",1060.646563,1060.776563,"déjà"
"TokensAlign",1060.776563,1060.896563,"une"
"TokensAlign",1060.896563,1061.1065629999998,"bonne"
"TokensAlign",1061.1065629999998,1061.8565629999998,"préparation"
"TokensAlign",1061.8565629999998,1062.171563,"euh"
"TokensAlign",1062.171563,1072.588251,"#"
"TokensAlign",1072.588251,1073.393438,"@"
"TokensAlign",1073.393438,1106.839688,"#"
"TokensAlign",1106.839688,1107.099688,"on"
"TokensAlign",1107.099688,1107.159688,"a"
"TokensAlign",1107.159688,1107.289688,"on"
"TokensAlign",1107.289688,1107.369688,"a"
"TokensAlign",1107.369688,1107.629688,"parlé"
"TokensAlign",1107.629688,1107.849688,"de"
"TokensAlign",1107.849688,1108.039688,"pour"
"TokensAlign",1108.039688,1108.729688,"les"
"TokensAlign",1108.729688,1108.839688,"+"
"TokensAlign",1108.839688,1109.179688,"pour"
"TokensAlign",1109.179688,1109.489688,"la"
"TokensAlign",1109.489688,1109.910938,"bouffe"
"TokensAlign",1109.910938,1113.019115,"#"
"TokensAlign",1113.019115,1113.329115,"pardon"
"TokensAlign",1113.329115,1113.839115,"pardon"
"TokensAlign",1113.839115,1113.8991150000002,"non"
"TokensAlign",1113.8991150000002,1113.959115,"non"
"TokensAlign",1113.959115,1114.329115,"mais"
"TokensAlign",1114.329115,1114.599115,"non"
"TokensAlign",1114.599115,1114.949115,"mais"
"TokensAlign",1114.949115,1115.119115,"pour"
"TokensAlign",1115.119115,1115.249115,"la"
"TokensAlign",1115.249115,1115.369115,"la"
"TokensAlign",1115.369115,1115.9091150000002,"préparation"
"TokensAlign",1115.9091150000002,1116.029115,"genre"
"TokensAlign",1116.029115,1116.1491150000002,"si"
"TokensAlign",1116.1491150000002,1116.249115,"on"
"TokensAlign",1116.249115,1116.429115,"fait"
"TokensAlign",1116.429115,1116.829115,"appel"
"TokensAlign",1116.829115,1116.8991150000002,"à"
"TokensAlign",1116.8991150000002,1116.999115,"un"
"TokensAlign",1116.999115,1117.599115,"chef"
"TokensAlign",1117.599115,1117.789115,"ou"
"TokensAlign",1117.789115,1118.789115,"euh"
"TokensAlign",1118.789115,1119.090938,"@"
"TokensAlign",1119.090938,1124.912813,"#"
"TokensAlign",1124.912813,1125.162813,"tu"
"TokensAlign",1125.162813,1125.312813,"+"
"TokensAlign",1125.312813,1125.362813,"tu"
"TokensAlign",1125.362813,1125.862813,"ramènes"
"TokensAlign",1125.862813,1126.552813,"une"
"TokensAlign",1126.552813,1127.332813,"pizza"
"TokensAlign",1127.332813,1127.376563,"@"
"TokensAlign",1127.376563,1128.968717,"#"
"TokensAlign",1128.968717,1129.992188,"@"
"TokensAlign",1129.992188,1134.239609,"#"
"TokensAlign",1134.239609,1134.699609,"ouais"
"TokensAlign",1134.699609,1134.826261,"ouais"
"TokensAlign",1134.826261,1141.838438,"#"
"TokensAlign",1141.838438,1142.108438,"ouais"
"TokensAlign",1142.108438,1144.454063,"#"
"TokensAlign",1144.454063,1144.744063,"des"
"TokensAlign",1144.744063,1144.8140629999998,"des"
"TokensAlign",1144.8140629999998,1145.0440629999998,"mecs"
"TokensAlign",1145.0440629999998,1145.3140629999998,"+"
"TokensAlign",1145.3140629999998,1145.344063,"des"
"TokensAlign",1145.344063,1145.5640629999998,"mecs"
"TokensAlign",1145.5640629999998,1145.684063,"à"
"TokensAlign",1145.684063,1146.900938,"rollers"
"TokensAlign",1146.900938,1157.97389,"#"
"TokensAlign",1157.97389,1158.207759,"ouais"
"TokensAlign",1158.207759,1159.234,"#"
"TokensAlign",1159.234,1159.554011,"ok"
"TokensAlign",1159.554011,1243.421112,"#"
"TokensAlign",1243.421112,1245.071653,"@"
"TokensAlign",1245.071653,1256.7167,"#"
"TokensAlign",1256.7167,1258.01863,"*"
"TokensAlign",1258.01863,1270.459688,"#"
"TokensAlign",1270.459688,1270.619688,"du"
"TokensAlign",1270.619688,1270.8096879999998,"coup"
"TokensAlign",1270.8096879999998,1270.929688,"ça"
"TokensAlign",1270.929688,1271.0696879999998,"serait"
"TokensAlign",1271.0696879999998,1271.449688,"intéressant"
"TokensAlign",1271.449688,1271.649688,"aussi"
"TokensAlign",1271.649688,1271.859688,"de"
"TokensAlign",1271.859688,1272.449688,"d'"
"TokensAlign",1272.449688,1272.689688,"ouvrir"
"TokensAlign",1272.689688,1272.729688,"à"
"TokensAlign",1272.729688,1272.849688,"à"
"TokensAlign",1272.849688,1273.159688,"plus"
"TokensAlign",1273.159688,1273.459688,"large"
"TokensAlign",1273.459688,1273.749688,"et"
"TokensAlign",1273.749688,1274.379688,"avoir"
"TokensAlign",1274.379688,1274.7896879999998,"vraiment"
"TokensAlign",1274.7896879999998,1275.459688,"toutes_les"
"TokensAlign",1275.459688,1275.739688,"toutes_les"
"TokensAlign",1275.739688,1275.989688,"tranches"
"TokensAlign",1275.989688,1276.089688,"d'"
"TokensAlign",1276.089688,1276.5696879999998,"âge"
"TokensAlign",1276.5696879999998,1276.609688,"à"
"TokensAlign",1276.609688,1277.209688,"ce"
"TokensAlign",1277.209688,1280.757103,"#"
"TokensAlign",1280.757103,1281.137103,"ouais"
"TokensAlign",1281.137103,1281.297103,"ouais"
"TokensAlign",1281.297103,1281.490418,"ouais"
"TokensAlign",1281.490418,1285.164405,"#"
"TokensAlign",1285.164405,1285.567728,"ouais"
"TokensAlign",1285.567728,1356.414146,"#"
"TokensAlign",1356.414146,1356.704146,"là"
"TokensAlign",1356.704146,1356.944146,"faut"
"TokensAlign",1356.944146,1357.124146,"que"
"TokensAlign",1357.124146,1357.254146,"là"
"TokensAlign",1357.254146,1357.604146,"faut"
"TokensAlign",1357.604146,1357.984146,"commencer"
"TokensAlign",1357.984146,1358.0441460000002,"à"
"TokensAlign",1358.0441460000002,1359.034146,"contacter"
"TokensAlign",1359.034146,1359.2941460000002,"le"
"TokensAlign",1359.2941460000002,1359.504146,"mec"
"TokensAlign",1359.504146,1359.764146,"de"
"TokensAlign",1359.764146,1359.844146,"de"
"TokensAlign",1359.844146,1361.004146,"meta"
"TokensAlign",1361.004146,1361.614146,"euh"
"TokensAlign",1361.614146,1361.749012,"@"
"TokensAlign",1361.749012,1401.755607,"#"
"TokensAlign",1401.755607,1401.935607,"oh"
"TokensAlign",1401.935607,1402.295607,"un"
"TokensAlign",1402.295607,1402.690584,"mois"
"TokensAlign",1402.690584,1404.267211,"#"
"TokensAlign",1404.267211,1404.853863,"ouais"
"TokensAlign",1404.853863,1416.614063,"#"
"TokensAlign",1416.614063,1416.964063,"les"
"TokensAlign",1416.964063,1417.184063,"réseaux"
"TokensAlign",1417.184063,1417.564063,"sociaux"
"TokensAlign",1417.564063,1417.644063,"tu"
"TokensAlign",1417.644063,1417.864063,"peut"
"TokensAlign",1417.864063,1418.264063,"mettre"
"TokensAlign",1418.264063,1418.414063,"dès"
"TokensAlign",1418.414063,1418.807813,"maintenant"
"TokensAlign",1418.807813,1421.558438,"#"
"TokensAlign",1421.558438,1421.948438,"quoique"
"TokensAlign",1421.948438,1422.178438,"non"
"TokensAlign",1422.178438,1422.558438,"c'est"
"TokensAlign",1422.558438,1423.438438,"c'est"
"TokensAlign",1423.438438,1423.819688,"ouais"
"TokensAlign",1423.819688,1430.434688,"#"
"TokensAlign",1430.434688,1430.8146880000002,"ouais"
"TokensAlign",1430.8146880000002,1431.3146880000002,"+"
"TokensAlign",1431.3146880000002,1431.624688,"en"
"TokensAlign",1431.624688,1432.094688,"février"
"TokensAlign",1432.094688,1432.290938,"genre"
"TokensAlign",1432.290938,1433.894063,"#"
"TokensAlign",1433.894063,1433.974063,"et"
"TokensAlign",1433.974063,1434.383437,"mars"
"TokensAlign",1434.383437,1453.915382,"#"
"TokensAlign",1453.915382,1454.197998,"@"
"TokensAlign",1454.197998,1472.537813,"#"
"TokensAlign",1472.537813,1472.607813,"oui"
"TokensAlign",1472.607813,1472.977813,"oui"
"TokensAlign",1472.977813,1473.077813,"oui"
"TokensAlign",1473.077813,1473.1278129999998,"ça"
"TokensAlign",1473.1278129999998,1473.277813,"se"
"TokensAlign",1473.277813,1473.467813,"fait"
"TokensAlign",1473.467813,1473.537813,"ça"
"TokensAlign",1473.537813,1473.607813,"se"
"TokensAlign",1473.607813,1473.697813,"fait"
"TokensAlign",1473.697813,1474.257813,"dans"
"TokensAlign",1474.257813,1474.437813,"dans"
"TokensAlign",1474.437813,1474.527813,"les"
"TokensAlign",1474.527813,1474.6578129999998,"deux"
"TokensAlign",1474.6578129999998,1475.558438,"semaines"
"TokensAlign",1475.558438,1477.636146,"#"
"TokensAlign",1477.636146,1478.644454,"@"
"TokensAlign",1478.644454,1484.859299,"#"
"TokensAlign",1484.859299,1485.427618,"ouais"
"TokensAlign",1485.427618,1499.115938,"#"
"TokensAlign",1499.115938,1499.415938,"ben"
"TokensAlign",1499.415938,1499.565938,"le"
"TokensAlign",1499.565938,1499.825938,"temps"
"TokensAlign",1499.825938,1499.995938,"de"
"TokensAlign",1499.995938,1500.635938,"diffuser"
"TokensAlign",1500.635938,1500.755938,"tout"
"TokensAlign",1500.755938,1501.135938,"ça"
"TokensAlign",1501.135938,1501.575938,"pareil"
"TokensAlign",1501.575938,1501.625938,"je"
"TokensAlign",1501.625938,1501.905938,"pense"
"TokensAlign",1501.905938,1502.335938,"que"
"TokensAlign",1502.335938,1502.605938,"genre"
"TokensAlign",1502.605938,1502.9859379999998,"histoire"
"TokensAlign",1502.9859379999998,1503.015938,"d'"
"TokensAlign",1503.015938,1503.155938,"être"
"TokensAlign",1503.155938,1503.7059379999998,"sûr"
"TokensAlign",1503.7059379999998,1504.405938,"+"
"TokensAlign",1504.405938,1504.4659379999998,"que"
"TokensAlign",1504.4659379999998,1504.495938,"l'"
"TokensAlign",1504.495938,1504.9559379999998,"événement"
"TokensAlign",1504.9559379999998,1505.165938,"se"
"TokensAlign",1505.165938,1505.535938,"fait"
"TokensAlign",1505.535938,1506.545938,"+"
"TokensAlign",1506.545938,1506.595938,"je"
"TokensAlign",1506.595938,1506.9759379999998,"pense"
"TokensAlign",1506.9759379999998,1507.4859379999998,"euh"
"TokensAlign",1507.4859379999998,1507.7259379999998,"on"
"TokensAlign",1507.7259379999998,1507.9659379999998,"+"
"TokensAlign",1507.9659379999998,1508.055938,"je"
"TokensAlign",1508.055938,1508.2359379999998,"peux"
"TokensAlign",1508.2359379999998,1508.7059379999998,"commencer"
"TokensAlign",1508.7059379999998,1508.7359379999998,"à"
"TokensAlign",1508.7359379999998,1508.865938,"à"
"TokensAlign",1508.865938,1509.435938,"tout"
"TokensAlign",1509.435938,1510.095938,"distribuer"
"TokensAlign",1510.095938,1510.185938,"un"
"TokensAlign",1510.185938,1510.375938,"mois"
"TokensAlign",1510.375938,1510.425938,"et"
"TokensAlign",1510.425938,1510.595938,"demi"
"TokensAlign",1510.595938,1510.928438,"avant"
"TokensAlign",1510.928438,1514.168438,"#"
"TokensAlign",1514.168438,1514.387813,"ouais"
"TokensAlign",1514.387813,1516.986563,"#"
"TokensAlign",1516.986563,1517.286563,"genre"
"TokensAlign",1517.286563,1517.326563,"le"
"TokensAlign",1517.326563,1517.536563,"temps"
"TokensAlign",1517.536563,1517.796563,"de"
"TokensAlign",1517.796563,1518.236563,"de"
"TokensAlign",1518.236563,1519.246563,"+"
"TokensAlign",1519.246563,1519.276563,"le"
"TokensAlign",1519.276563,1519.456563,"temps"
"TokensAlign",1519.456563,1519.676563,"de"
"TokensAlign",1519.676563,1519.936563,"hype"
"TokensAlign",1519.936563,1520.0965629999998,"un"
"TokensAlign",1520.0965629999998,1520.276563,"peu"
"TokensAlign",1520.276563,1520.396563,"les"
"TokensAlign",1520.396563,1520.566563,"gens"
"TokensAlign",1520.566563,1520.749688,"quoi"
"TokensAlign",1520.749688,1541.100938,"#"
"TokensAlign",1541.100938,1541.140938,"ah"
"TokensAlign",1541.140938,1541.390938,"non"
"TokensAlign",1541.390938,1541.420938,"ça"
"TokensAlign",1541.420938,1541.450938,"ça"
"TokensAlign",1541.450938,1541.780938,"se"
"TokensAlign",1541.780938,1542.100938,"fait"
"TokensAlign",1542.100938,1542.220938,"dans"
"TokensAlign",1542.220938,1542.280938,"la"
"TokensAlign",1542.280938,1542.610938,"soirée"
"TokensAlign",1542.610938,1542.704063,"hein"
"TokensAlign",1542.704063,1544.779688,"#"
"TokensAlign",1544.779688,1544.839688,"ah"
"TokensAlign",1544.839688,1544.979688,"oui"
"TokensAlign",1544.979688,1545.329688,"le"
"TokensAlign",1545.329688,1545.639688,"ben"
"TokensAlign",1545.639688,1546.389688,"une"
"TokensAlign",1546.389688,1546.559688,"fois"
"TokensAlign",1546.559688,1546.6596880000002,"que"
"TokensAlign",1546.6596880000002,1546.899688,"le"
"TokensAlign",1546.899688,1546.979688,"une"
"TokensAlign",1546.979688,1547.109688,"fois"
"TokensAlign",1547.109688,1547.959688,"que"
"TokensAlign",1547.959688,1549.119688,"+"
"TokensAlign",1549.119688,1549.809688,"le"
"TokensAlign",1549.809688,1550.9396880000002,"+"
"TokensAlign",1550.9396880000002,1550.999688,"donc"
"TokensAlign",1550.999688,1551.059688,"je"
"TokensAlign",1551.059688,1551.1896880000002,"fais"
"TokensAlign",1551.1896880000002,1551.309688,"la"
"TokensAlign",1551.309688,1551.569688,"pub"
"TokensAlign",1551.569688,1551.6596880000002,"sur"
"TokensAlign",1551.6596880000002,1551.749688,"les"
"TokensAlign",1551.749688,1552.6696880000002,"réseaux"
"TokensAlign",1552.6696880000002,1553.649688,"+"
"TokensAlign",1553.649688,1554.1596880000002,"euh"
"TokensAlign",1554.1596880000002,1554.4496880000002,"je"
"TokensAlign",1554.4496880000002,1554.789688,"lance"
"TokensAlign",1554.789688,1555.379688,"twitch"
"TokensAlign",1555.379688,1555.509688,"et"
"TokensAlign",1555.509688,1555.809688,"après"
"TokensAlign",1555.809688,1556.019688,"genre"
"TokensAlign",1556.019688,1556.719688,"euh"
"TokensAlign",1556.719688,1557.389688,"+"
"TokensAlign",1557.389688,1557.589688,"après"
"TokensAlign",1557.589688,1557.639688,"je"
"TokensAlign",1557.639688,1557.809688,"fais"
"TokensAlign",1557.809688,1557.979688,"une"
"TokensAlign",1557.979688,1558.639688,"sorte"
"TokensAlign",1558.639688,1558.729688,"de"
"TokensAlign",1558.729688,1559.359688,"vod"
"TokensAlign",1559.359688,1559.739688,"des"
"TokensAlign",1559.739688,1560.369688,"meilleurs"
"TokensAlign",1560.369688,1560.912188,"moments"
"TokensAlign",1560.912188,1563.342188,"#"
"TokensAlign",1563.342188,1563.612188,"mais"
"TokensAlign",1563.612188,1563.812188,"oui"
"TokensAlign",1563.812188,1564.622188,"sinon"
"TokensAlign",1564.622188,1565.072188,"genre"
"TokensAlign",1565.072188,1565.272188,"la"
"TokensAlign",1565.272188,1565.782188,"rediffusion"
"TokensAlign",1565.782188,1566.032188,"est"
"TokensAlign",1566.032188,1566.532188,"disponible"
"TokensAlign",1566.532188,1567.112188,"immédiatement"
"TokensAlign",1567.112188,1567.172188,"une"
"TokensAlign",1567.172188,1567.302188,"fois"
"TokensAlign",1567.302188,1567.602188,"que"
"TokensAlign",1567.602188,1567.682188,"t'"
"TokensAlign",1567.682188,1567.712188,"as"
"TokensAlign",1567.712188,1567.9721880000002,"fini"
"TokensAlign",1567.9721880000002,1568.062188,"le"
"TokensAlign",1568.062188,1568.303438,"live"
"TokensAlign",1568.303438,1577.719688,"#"
"TokensAlign",1577.719688,1577.989688,"ben"
"TokensAlign",1577.989688,1578.279688,"tout"
"TokensAlign",1578.279688,1578.3396879999998,"est"
"TokensAlign",1578.3396879999998,1578.999688,"diffusé"
"TokensAlign",1578.999688,1579.356563,"oui"
"TokensAlign",1579.356563,1580.925937,"#"
"TokensAlign",1580.925937,1581.545937,"genre"
"TokensAlign",1581.545937,1581.725937,"c'est"
"TokensAlign",1581.725937,1582.055937,"deux"
"TokensAlign",1582.055937,1582.465937,"heures"
"TokensAlign",1582.465937,1582.715937,"deux"
"TokensAlign",1582.715937,1582.915937,"heures"
"TokensAlign",1582.915937,1583.095937,"de"
"TokensAlign",1583.095937,1583.315937,"stream"
"TokensAlign",1583.315937,1583.728883,"quoi"
"TokensAlign",1583.728883,1592.188446,"#"
"TokensAlign",1592.188446,1593.818438,"@"
"TokensAlign",1593.818438,1598.661563,"#"
"TokensAlign",1598.661563,1598.851563,"on"
"TokensAlign",1598.851563,1598.911563,"est"
"TokensAlign",1598.911563,1599.167813,"bon"
"PronTokAlign",0.0,24.487263,"#=0.0"
"PronTokAlign",24.487263,25.147263,"l-O/-R=0.536"
"PronTokAlign",25.147263,25.207263,"#"
"PronTokAlign",25.207263,26.338884,"fp"
"PronTokAlign",26.338884,31.767187,"#=0.0"
"PronTokAlign",31.767187,32.779688,"b-U~/"
"PronTokAlign",32.779688,34.399688,"#=0.0"
"PronTokAlign",34.399688,34.789688,"p-l-y-t-O/=0.7"
"PronTokAlign",34.789688,34.999688,"m-E"
"PronTokAlign",34.999688,35.260313,"n-O~=0.325"
"PronTokAlign",35.260313,36.728438,"#=0.0"
"PronTokAlign",36.728438,37.488438,"m-E"
"PronTokAlign",37.488438,37.638438,"s-k=0.25"
"PronTokAlign",37.638438,37.758438,"i=0.458"
"PronTokAlign",37.758438,37.926563,"A/"
"PronTokAlign",37.926563,44.777813,"#=0.0"
"PronTokAlign",44.777813,45.437813,"fp"
"PronTokAlign",45.437813,46.517813,"p-A/-R-e-g-z-a~-p-l-@=0.539"
"PronTokAlign",46.517813,46.583438,"l=0.646"
"PronTokAlign",46.583438,47.882813,"#=0.0"
"PronTokAlign",47.882813,48.062813,"l-@=0.667"
"PronTokAlign",48.062813,48.352813,"Z-2-d-i"
"PronTokAlign",48.352813,48.672813,"v-U~/-s-i=0.469"
"PronTokAlign",48.672813,48.852813,"s-e"
"PronTokAlign",48.852813,48.882813,"l"
"PronTokAlign",48.882813,49.485938,"A/-s-a~-s-j-O~"
"PronTokAlign",49.485938,64.955375,"#=0.0"
"PronTokAlign",64.955375,66.628004,"laugh=0.0"
"PronTokAlign",66.628004,70.42291,"#=0.0"
"PronTokAlign",70.42291,72.476192,"laugh=0.0"
"PronTokAlign",72.476192,77.096076,"#=0.0"
"PronTokAlign",77.096076,78.576076,"A/-l-O/-R-z=0.867"
"PronTokAlign",78.576076,79.387686,"laugh"
"PronTokAlign",79.387686,80.388886,"#=0.0"
"PronTokAlign",80.388886,80.7616,"laugh=0.0"
"PronTokAlign",80.7616,100.988438,"#=0.0"
"PronTokAlign",100.988438,101.268438,"m-E=0.74"
"PronTokAlign",101.268438,101.408438,"n-a~=0.532"
"PronTokAlign",101.408438,101.628438,"p-A/-s-@=0.595"
"PronTokAlign",101.628438,101.908438,"d-y-k-u"
"PronTokAlign",101.908438,102.138438,"s-i=0.577"
"PronTokAlign",102.138438,102.448438,"s-e"
"PronTokAlign",102.448438,102.478438,"U~/=0.883"
"PronTokAlign",102.478438,102.638438,"t-R-y-k"
"PronTokAlign",102.638438,102.688438,"d=0.438"
"PronTokAlign",102.688438,102.918438,"R-A/-d-j-O/"
"PronTokAlign",102.918438,102.948438,"j"
"PronTokAlign",102.948438,102.988438,"A/"
"PronTokAlign",102.988438,103.118438,"p-A/=0.828"
"PronTokAlign",103.118438,103.158438,"t=0.502"
"PronTokAlign",103.158438,103.553438,"p-y-b-l-i-k"
"PronTokAlign",103.553438,110.100938,"#=0.0"
"PronTokAlign",110.100938,110.520938,"w-E"
"PronTokAlign",110.520938,110.860938,"y-n=0.569"
"PronTokAlign",110.860938,111.710938,"s-A/-l-@=0.998"
"PronTokAlign",111.710938,111.906619,"w-E"
"PronTokAlign",111.906619,115.298438,"#=0.0"
"PronTokAlign",115.298438,115.534688,"m=0.0"
"PronTokAlign",115.534688,116.530312,"#=0.0"
"PronTokAlign",116.530312,116.750312,"Z-a~-R=0.817"
"PronTokAlign",116.750312,116.800312,"U~/=0.731"
"PronTokAlign",116.800312,116.930312,"p-2"
"PronTokAlign",116.930312,117.010312,"a~"
"PronTokAlign",117.010312,117.320312,"m-O/-d-@=0.862"
"PronTokAlign",117.320312,117.600312,"p-A/=0.804"
"PronTokAlign",117.600312,117.820312,"s-A/-l=0.628"
"PronTokAlign",117.820312,117.890312,"d-@=0.52"
"PronTokAlign",117.890312,118.290312,"s-i-n-e-m-A/=0.513"
"PronTokAlign",118.290312,118.410312,"k-a~=0.88"
"PronTokAlign",118.410312,118.890312,"m-E-m-@=0.819"
"PronTokAlign",118.890312,118.970312,"m=0.447"
"PronTokAlign",118.970312,119.601562,"Z-a~-R=0.904"
"PronTokAlign",119.601562,121.542187,"#=0.0"
"PronTokAlign",121.542187,121.642187,"Z-@=0.365"
"PronTokAlign",121.642187,121.682187,"s=0.262"
"PronTokAlign",121.682187,121.842187,"p-A/=0.602"
"PronTokAlign",121.842187,122.032187,"S=0.803"
"PronTokAlign",122.032187,122.182187,"s-y-i=0.868"
"PronTokAlign",122.182187,122.442187,"Z-A/-m-E=0.595"
"PronTokAlign",122.442187,122.562187,"A/-l-e=0.851"
"PronTokAlign",122.562187,122.602187,"O/"
"PronTokAlign",122.602187,122.912187,"k-y-b-@=0.596"
"PronTokAlign",122.912187,123.567188,"m-E-z=0.979"
"PronTokAlign",123.567188,126.908438,"#=0.0"
"PronTokAlign",126.908438,127.168438,"w-E"
"PronTokAlign",127.168438,127.515938,"v-l-A/=0.761"
"PronTokAlign",127.515938,129.169688,"#=0.0"
"PronTokAlign",129.169688,129.479688,"Z-a~-R=0.711"
"PronTokAlign",129.479688,129.509688,"a~"
"PronTokAlign",129.509688,129.829688,"m-O/-d-@=0.828"
"PronTokAlign",129.829688,129.919688,"Z-a~-R=0.59"
"PronTokAlign",129.919688,130.24968800000002,"s-A/-l=0.75"
"PronTokAlign",130.24968800000002,130.62968800000002,"s-A/-l=0.702"
"PronTokAlign",130.62968800000002,130.899688,"Z-a~-R=0.749"
"PronTokAlign",130.899688,131.339688,"fp"
"PronTokAlign",131.339688,131.389688,"#"
"PronTokAlign",131.389688,131.71968800000002,"s-A/-l=0.711"
"PronTokAlign",131.71968800000002,131.829688,"d-@=0.558"
"PronTokAlign",131.829688,132.429688,"t-E-A/-t-R=0.422"
"PronTokAlign",132.429688,132.549688,"u"
"PronTokAlign",132.549688,132.809688,"fp"
"PronTokAlign",132.809688,133.399688,"#"
"PronTokAlign",133.399688,133.539688,"Z-a~-R=0.853"
"PronTokAlign",133.539688,133.579688,"U~/=0.892"
"PronTokAlign",133.579688,133.789688,"t-R-y-k"
"PronTokAlign",133.789688,134.12968800000002,"A/-v-E-k"
"PronTokAlign",134.12968800000002,134.299688,"d-E=0.313"
"PronTokAlign",134.299688,134.569688,"p-l-A/-s=0.708"
"PronTokAlign",134.569688,134.989688,"A/-s-i-z"
"PronTokAlign",134.989688,135.539688,"e=0.98"
"PronTokAlign",135.539688,135.639688,"y-n=0.783"
"PronTokAlign",135.639688,135.970312,"s-E-n=0.622"
"PronTokAlign",135.970312,141.002112,"#=0.0"
"PronTokAlign",141.002112,141.623438,"laugh=0.0"
"PronTokAlign",141.623438,143.952187,"#=0.0"
"PronTokAlign",143.952187,144.022187,"u-i=0.663"
"PronTokAlign",144.022187,144.462187,"A/-v-E-k"
"PronTokAlign",144.462187,144.63218700000002,"d-e=0.388"
"PronTokAlign",144.63218700000002,145.00218700000002,"s-p-O/-t=0.536"
"PronTokAlign",145.00218700000002,145.202187,"Z-a~-R=0.635"
"PronTokAlign",145.202187,145.392187,"E=0.546"
"PronTokAlign",145.392187,145.592187,"O~-n=0.544"
"PronTokAlign",145.592187,146.602187,"A/-k-9-j-@=0.93"
"PronTokAlign",146.602187,147.41218700000002,"#"
"PronTokAlign",147.41218700000002,147.592187,"O/"
"PronTokAlign",147.592187,148.19218700000002,"#"
"PronTokAlign",148.19218700000002,148.44218700000002,"d-a~=0.6"
"PronTokAlign",148.44218700000002,148.862187,"#"
"PronTokAlign",148.862187,149.22218700000002,"d-a~=0.941"
"PronTokAlign",149.22218700000002,149.362187,"l-@=0.582"
"PronTokAlign",149.362187,149.652187,"k-w-U~/"
"PronTokAlign",149.652187,150.302187,"R-u-Z-@=0.982"
"PronTokAlign",150.302187,151.613438,"laugh"
"PronTokAlign",151.613438,164.573438,"#=0.0"
"PronTokAlign",164.573438,164.953438,"w-E"
"PronTokAlign",164.953438,165.173438,"Z-y-s=0.503"
"PronTokAlign",165.173438,165.523438,"d-E-z=0.353"
"PronTokAlign",165.523438,165.663438,"w-E"
"PronTokAlign",165.663438,166.243438,"d-E=0.387"
"PronTokAlign",166.243438,166.333438,"d-E=0.289"
"PronTokAlign",166.333438,166.985222,"f-O/-t-9-j-z=0.594"
"PronTokAlign",166.985222,178.186609,"#=0.0"
"PronTokAlign",178.186609,178.376609,"w-E"
"PronTokAlign",178.376609,178.756609,"k-O/-m-@=0.891"
"PronTokAlign",178.756609,178.996609,"s-A/"
"PronTokAlign",178.996609,179.806609,"#"
"PronTokAlign",179.806609,180.081563,"Z-a~-R=0.723"
"PronTokAlign",180.081563,189.548438,"#=0.0"
"PronTokAlign",189.548438,189.588438,"m=0.616"
"PronTokAlign",189.588438,189.978438,"fp"
"PronTokAlign",189.978438,190.288438,"w-E"
"PronTokAlign",190.288438,190.888438,"U~/-n=0.931"
"PronTokAlign",190.888438,191.358438,"#"
"PronTokAlign",191.358438,191.598438,"w-E"
"PronTokAlign",191.598438,191.898438,"m-i-k-R-O/"
"PronTokAlign",191.898438,192.248438,"k-R-A/-v-A/-t=0.892"
"PronTokAlign",192.248438,192.328438,"s-e"
"PronTokAlign",192.328438,192.498438,"t-R-E=0.509"
"PronTokAlign",192.498438,192.588438,"b-j-U~/=0.859"
"PronTokAlign",192.588438,192.678438,"#"
"PronTokAlign",192.678438,192.998438,"p-A/-s-@=0.376"
"PronTokAlign",192.998438,193.038438,"U~/=0.713"
"PronTokAlign",193.038438,193.348438,"m-i-k-R-O/"
"PronTokAlign",193.348438,193.488438,"k-O/-m=0.54"
"PronTokAlign",193.488438,193.718438,"s-A/"
"PronTokAlign",193.718438,193.828438,"s=0.835"
"PronTokAlign",193.828438,194.228438,"p-2-t=0.907"
"PronTokAlign",194.228438,194.668438,"v-i-t=0.748"
"PronTokAlign",194.668438,195.528438,"d-2-v-2-n-i-R=0.603"
"PronTokAlign",195.528438,195.792188,"S-j-a~-t=0.558"
"PronTokAlign",195.792188,202.764316,"#=0.0"
"PronTokAlign",202.764316,203.24097,"m=0.0"
"PronTokAlign",203.24097,213.871224,"#=0.0"
"PronTokAlign",213.871224,215.045273,"noise=0.0"
"PronTokAlign",215.045273,223.626812,"#=0.0"
"PronTokAlign",223.626812,224.236812,"w-E"
"PronTokAlign",224.236812,225.056812,"#"
"PronTokAlign",225.056812,225.093442,"m"
"PronTokAlign",225.093442,229.933321,"#=0.0"
"PronTokAlign",229.933321,229.973321,"laugh"
"PronTokAlign",229.973321,230.143321,"d-e-d-e"
"PronTokAlign",230.143321,230.213321,"d-e"
"PronTokAlign",230.213321,230.323321,"laugh"
"PronTokAlign",230.323321,230.723321,"#"
"PronTokAlign",230.723321,231.123321,"d-e"
"PronTokAlign",231.123321,231.243321,"#"
"PronTokAlign",231.243321,231.483321,"d-e"
"PronTokAlign",231.483321,233.263321,"#"
"PronTokAlign",233.263321,233.643321,"d-e-d-e"
"PronTokAlign",233.643321,233.713321,"A/"
"PronTokAlign",233.713321,233.803321,"l-A/"
"PronTokAlign",233.803321,234.413321,"s-O/-n-O/"
"PronTokAlign",234.413321,235.323321,"#"
"PronTokAlign",235.323321,235.693321,"d-i-d-Z-i=0.901"
"PronTokAlign",235.693321,236.313162,"R-e-z-i-d-a~=0.544"
"PronTokAlign",236.313162,253.184063,"#=0.0"
"PronTokAlign",253.184063,253.464063,"b-O/=0.535"
"PronTokAlign",253.464063,253.594063,"d-e=0.388"
"PronTokAlign",253.594063,253.814063,"p-t-i-t=0.545"
"PronTokAlign",253.814063,254.384063,"p-i-d-z-A/=0.868"
"PronTokAlign",254.384063,254.474063,"d-e=0.432"
"PronTokAlign",254.474063,254.814063,"p-t-i-t=0.595"
"PronTokAlign",254.814063,255.274063,"k-i-S=0.704"
"PronTokAlign",255.274063,255.374063,"#"
"PronTokAlign",255.374063,255.974063,"w-E"
"PronTokAlign",255.974063,258.644063,"#"
"PronTokAlign",258.644063,258.857515,"laugh"
"PronTokAlign",258.857515,262.296563,"#=0.0"
"PronTokAlign",262.296563,262.666563,"n-a~=0.394"
"PronTokAlign",262.666563,262.926563,"d-A/-k-O/-R"
"PronTokAlign",262.926563,263.556563,"#"
"PronTokAlign",263.556563,264.006563,"A/-v-E-k"
"PronTokAlign",264.006563,264.246563,"d-y=0.549"
"PronTokAlign",264.246563,264.676563,"S-i-l-i=0.506"
"PronTokAlign",264.676563,264.836563,"k-O~"
"PronTokAlign",264.836563,266.726563,"k-A/-R-n-e"
"PronTokAlign",266.726563,266.819063,"laugh"
"PronTokAlign",266.819063,269.995265,"#=0.0"
"PronTokAlign",269.995265,270.425265,"laugh"
"PronTokAlign",270.425265,270.97526500000004,"d-E-z=0.475"
"PronTokAlign",270.97526500000004,271.15526500000004,"d-E=0.449"
"PronTokAlign",271.15526500000004,271.72526500000004,"m-i-n-i"
"PronTokAlign",271.72526500000004,272.370938,"b-y-R-R-i-O/-z=0.86"
"PronTokAlign",272.370938,277.956563,"#=0.0"
"PronTokAlign",277.956563,278.656563,"m-A/-t-E-R-j-E-l=0.789"
"PronTokAlign",278.656563,279.43656300000004,"#"
"PronTokAlign",279.43656300000004,279.696563,"f-O/=0.569"
"PronTokAlign",279.696563,280.146563,"p-R-O/-g-R-A/-m-e=0.736"
"PronTokAlign",280.146563,280.406563,"l-A/"
"PronTokAlign",280.406563,280.62656300000003,"l-@=0.62"
"PronTokAlign",280.62656300000003,280.756563,"l-@=0.659"
"PronTokAlign",280.756563,281.076563,"b-y-f-E"
"PronTokAlign",281.076563,281.196563,"l-A/"
"PronTokAlign",281.196563,298.903615,"#=0.0"
"PronTokAlign",298.903615,299.905285,"laugh=0.0"
"PronTokAlign",299.905285,300.289647,"#=0.0"
"PronTokAlign",300.289647,300.449647,"A/-v-E-k"
"PronTokAlign",300.449647,300.549647,"U~/=0.884"
"PronTokAlign",300.549647,301.519647,"s-O~-b-R-E-R-O/"
"PronTokAlign",301.519647,301.979647,"E=0.759"
"PronTokAlign",301.979647,302.099647,"e=0.571"
"PronTokAlign",302.099647,302.574217,"d-E-z=0.362"
"PronTokAlign",302.574217,302.922541,"#=0.0"
"PronTokAlign",302.922541,302.97254100000004,"e=0.542"
"PronTokAlign",302.97254100000004,303.122541,"d-e=0.31"
"PronTokAlign",303.122541,303.960938,"g-i-t-A/-R=0.923"
"PronTokAlign",303.960938,312.651563,"#=0.0"
"PronTokAlign",312.651563,312.781563,"O~=0.625"
"PronTokAlign",312.781563,312.921563,"v-A/"
"PronTokAlign",312.921563,313.101563,"A/-m-n-e=0.61"
"PronTokAlign",313.101563,313.241563,"d-e=0.269"
"PronTokAlign",313.241563,314.331563,"m-A/-R-j-A/-S-i-E-s=0.936"
"PronTokAlign",314.331563,315.857813,"laugh"
"PronTokAlign",315.857813,318.033596,"#=0.0"
"PronTokAlign",318.033596,318.103596,"w-E"
"PronTokAlign",318.103596,318.601915,"fp"
"PronTokAlign",318.601915,320.031879,"#=0.0"
"PronTokAlign",320.031879,320.211879,"t-y=0.479"
"PronTokAlign",320.211879,320.341879,"t-y=0.681"
"PronTokAlign",320.341879,320.481879,"t-y=0.65"
"PronTokAlign",320.481879,320.631879,"t-y=0.805"
"PronTokAlign",320.631879,320.791879,"t-y=0.737"
"PronTokAlign",320.791879,320.94187900000003,"t-y=0.814"
"PronTokAlign",320.94187900000003,321.071879,"t-y=0.722"
"PronTokAlign",321.071879,321.211879,"t-y=0.694"
"PronTokAlign",321.211879,321.541879,"t-y=0.691"
"PronTokAlign",321.541879,321.831879,"laugh"
"PronTokAlign",321.831879,321.971879,"t-y=0.659"
"PronTokAlign",321.971879,322.131879,"t-y=0.748"
"PronTokAlign",322.131879,322.271879,"t-y=0.684"
"PronTokAlign",322.271879,322.421879,"t-y=0.799"
"PronTokAlign",322.421879,322.571879,"t-y=0.773"
"PronTokAlign",322.571879,322.731879,"t-y=0.826"
"PronTokAlign",322.731879,322.851879,"t-y=0.625"
"PronTokAlign",322.851879,323.031879,"t-y=0.733"
"PronTokAlign",323.031879,323.148468,"t=0.642"
"PronTokAlign",323.148468,349.217993,"#=0.0"
"PronTokAlign",349.217993,350.464628,"laugh=0.0"
"PronTokAlign",350.464628,356.409273,"#=0.0"
"PronTokAlign",356.409273,356.729273,"m-w-A/"
"PronTokAlign",356.729273,357.389273,"laugh"
"PronTokAlign",357.389273,357.949234,"m-w-A/"
"PronTokAlign",357.949234,366.145313,"#=0.0"
"PronTokAlign",366.145313,366.485313,"b-U~/"
"PronTokAlign",366.485313,366.615313,"S=0.673"
"PronTokAlign",366.615313,366.645313,"s=0.496"
"PronTokAlign",366.645313,366.725313,"p-A/=0.815"
"PronTokAlign",366.725313,366.815313,"U~/=0.802"
"PronTokAlign",366.815313,367.045313,"p-t-i=0.549"
"PronTokAlign",367.045313,367.885313,"p-@-t-i-t=0.534"
"PronTokAlign",367.885313,368.285313,"#"
"PronTokAlign",368.285313,368.475313,"p-t-i-t=0.426"
"PronTokAlign",368.475313,369.570938,"p-O~-S-@=0.997"
"PronTokAlign",369.570938,371.973884,"#=0.0"
"PronTokAlign",371.973884,372.945527,"laugh=0.0"
"PronTokAlign",372.945527,375.049342,"#=0.0"
"PronTokAlign",375.049342,375.289342,"fp"
"PronTokAlign",375.289342,375.54433,"p-a~"
"PronTokAlign",375.54433,376.18598,"#=0.0"
"PronTokAlign",376.18598,376.60598,"p-O~-S=0.583"
"PronTokAlign",376.60598,376.95598,"#"
"PronTokAlign",376.95598,376.98598,"E=0.541"
"PronTokAlign",376.98598,377.18598,"l-A/"
"PronTokAlign",377.18598,377.40598,"#"
"PronTokAlign",377.40598,377.52598,"e=0.639"
"PronTokAlign",377.52598,377.64598,"l-A/"
"PronTokAlign",377.64598,378.07598,"p-i-d-z-A/"
"PronTokAlign",378.07598,378.55598,"k-s-k-s-l=0.49"
"PronTokAlign",378.55598,378.61598,"d=0.452"
"PronTokAlign",378.61598,379.22598,"d-O/-m-i-n-O/-z=0.613"
"PronTokAlign",379.22598,379.44598,"p-u-R"
"PronTokAlign",379.44598,380.12598,"A/-b-s-O/-R-b-e-R=0.551"
"PronTokAlign",380.12598,380.489063,"laugh"
"PronTokAlign",380.489063,387.171563,"#=0.0"
"PronTokAlign",387.171563,387.241563,"E=0.862"
"PronTokAlign",387.241563,387.431563,"d-y=0.667"
"PronTokAlign",387.431563,387.863437,"S-a~-p-A/-n-j=0.693"
"PronTokAlign",387.863437,389.69731,"#=0.0"
"PronTokAlign",389.69731,391.4206,"laugh=0.0"
"PronTokAlign",391.4206,393.308886,"#=0.0"
"PronTokAlign",393.308886,394.243863,"laugh=0.0"
"PronTokAlign",394.243863,421.451066,"#=0.0"
"PronTokAlign",421.451066,423.229355,"laugh=0.0"
"PronTokAlign",423.229355,436.96817,"#=0.0"
"PronTokAlign",436.96817,439.149782,"laugh=0.0"
"PronTokAlign",439.149782,476.556329,"#=0.0"
"PronTokAlign",476.556329,481.148438,"laugh=0.0"
"PronTokAlign",481.148438,484.091141,"#=0.0"
"PronTokAlign",484.091141,484.211141,"laugh"
"PronTokAlign",484.211141,484.431141,"l-@=0.652"
"PronTokAlign",484.431141,485.291141,"p-@-t-i-t=0.532"
"PronTokAlign",485.291141,485.551141,"S-j-U~/=0.542"
"PronTokAlign",485.551141,485.581141,"d=0.272"
"PronTokAlign",485.581141,485.831141,"b-O/-s-t-O~"
"PronTokAlign",485.831141,486.987735,"d-i-n-A/-m-i-k-s=0.371"
"PronTokAlign",486.987735,491.459063,"#=0.0"
"PronTokAlign",491.459063,491.639063,"l-@=0.68"
"PronTokAlign",491.639063,491.969063,"S-j-U~/=0.836"
"PronTokAlign",491.969063,492.119063,"t=0.704"
"PronTokAlign",492.119063,492.459063,"b-O/-s-t-O~"
"PronTokAlign",492.459063,492.809063,"d-j-n-A/-m-i-s-s=0.298"
"PronTokAlign",492.809063,493.189063,"s-e"
"PronTokAlign",493.189063,493.399063,"v-R-E=0.752"
"PronTokAlign",493.399063,493.609063,"k-i=0.546"
"PronTokAlign",493.609063,493.849063,"k-i=0.411"
"PronTokAlign",493.849063,494.019063,"t-A/-p=0.914"
"PronTokAlign",494.019063,494.079063,"A/"
"PronTokAlign",494.079063,494.159063,"l-A/"
"PronTokAlign",494.159063,494.549063,"p-O/-R-t-@=0.966"
"PronTokAlign",494.549063,494.579063,"laugh"
"PronTokAlign",494.579063,497.669063,"#"
"PronTokAlign",497.669063,497.699063,"d=0.537"
"PronTokAlign",497.699063,497.729063,"d=0.427"
"PronTokAlign",497.729063,498.039063,"laugh"
"PronTokAlign",498.039063,498.319063,"Z-a~-z=0.975"
"PronTokAlign",498.319063,499.479063,"#"
"PronTokAlign",499.479063,499.569063,"l-@=0.578"
"PronTokAlign",499.569063,499.929063,"f-l-j-E-R=0.475"
"PronTokAlign",499.929063,499.979063,"i=0.501"
"PronTokAlign",499.979063,500.669063,"s-O/-R-t-@=0.718"
"PronTokAlign",500.669063,501.089063,"p-A/-R"
"PronTokAlign",501.089063,501.249063,"s-A/"
"PronTokAlign",501.249063,502.005938,"b-u-S-@=0.997"
"PronTokAlign",502.005938,504.846552,"#=0.0"
"PronTokAlign",504.846552,505.268209,"e=0.0"
"PronTokAlign",505.268209,506.282688,"#=0.0"
"PronTokAlign",506.282688,507.323323,"laugh=0.0"
"PronTokAlign",507.323323,509.835938,"#=0.0"
"PronTokAlign",509.835938,509.955938,"e=0.796"
"PronTokAlign",509.955938,510.135938,"s-i=0.356"
"PronTokAlign",510.135938,510.315938,"p-R-a~=0.779"
"PronTokAlign",510.315938,510.425938,"p-A/=0.941"
"PronTokAlign",510.425938,510.455938,"l=0.921"
"PronTokAlign",510.455938,511.885938,"f-l-j-E-R=0.349"
"PronTokAlign",511.885938,512.095196,"laugh"
"PronTokAlign",512.095196,514.135327,"#=0.0"
"PronTokAlign",514.135327,515.25601,"laugh=0.0"
"PronTokAlign",515.25601,538.304063,"#=0.0"
"PronTokAlign",538.304063,538.4940630000001,"m-w-A/"
"PronTokAlign",538.4940630000001,538.5240630000001,"Z=0.623"
"PronTokAlign",538.5240630000001,538.584063,"v-@=0.584"
"PronTokAlign",538.584063,538.7440630000001,"b-j-U~/=0.699"
"PronTokAlign",538.7440630000001,538.794063,"m=0.669"
"PronTokAlign",538.794063,539.164063,"O/-k-y-p-e=0.806"
"PronTokAlign",539.164063,539.294063,"d-E=0.421"
"PronTokAlign",539.294063,539.464063,"R-E-z-O/=0.442"
"PronTokAlign",539.464063,539.934063,"s-O/-s-j-O/-z=0.575"
"PronTokAlign",539.934063,540.9940630000001,"#"
"PronTokAlign",540.9940630000001,541.174063,"t-u=0.582"
"PronTokAlign",541.174063,541.294063,"s=0.593"
"PronTokAlign",541.294063,541.4040630000001,"k=0.383"
"PronTokAlign",541.4040630000001,541.6240630000001,"e=0.484"
"PronTokAlign",541.6240630000001,542.054063,"w-E"
"PronTokAlign",542.054063,543.044063,"p-R-O/-m-O/"
"PronTokAlign",543.044063,543.164063,"#"
"PronTokAlign",543.164063,543.9940630000001,"t-R-A/-k-t=0.75"
"PronTokAlign",543.9940630000001,544.497187,"f-l-i-E-R=0.735"
"PronTokAlign",544.497187,586.11085,"#=0.0"
"PronTokAlign",586.11085,587.233278,"laugh=0.0"
"PronTokAlign",587.233278,626.492813,"#=0.0"
"PronTokAlign",626.492813,626.6428129999999,"A/"
"PronTokAlign",626.6428129999999,626.7828129999999,"t-w-A/"
"PronTokAlign",626.7828129999999,626.862813,"t=0.511"
"PronTokAlign",626.862813,626.982813,"p-@=0.61"
"PronTokAlign",626.982813,627.1328129999999,"f-E-R=0.821"
"PronTokAlign",627.1328129999999,627.242813,"U~/=0.796"
"PronTokAlign",627.242813,627.452813,"p-2"
"PronTokAlign",627.452813,627.742813,"t-u-t-l-e=0.338"
"PronTokAlign",627.742813,628.092813,"d-e-m-A/-R-S=0.408"
"PronTokAlign",628.092813,628.852813,"A/-d-m-i-n-i-s-t-R-A/-t-i-v=0.61"
"PronTokAlign",628.852813,629.192813,"p-2-t-E-t-R=0.732"
"PronTokAlign",629.192813,629.3928129999999,"Z-a~-R=0.838"
"PronTokAlign",629.3928129999999,629.5228129999999,"A/-l-e=0.669"
"PronTokAlign",629.5228129999999,630.322813,"v-w-A/-R"
"PronTokAlign",630.322813,630.612813,"#"
"PronTokAlign",630.612813,630.6728129999999,"fp"
"PronTokAlign",630.6728129999999,630.842813,"A/-l-e=0.604"
"PronTokAlign",630.842813,631.002813,"v-w-A/-R"
"PronTokAlign",631.002813,631.082813,"l-A/"
"PronTokAlign",631.082813,631.629685,"m-E-R-i"
"PronTokAlign",631.629685,632.344668,"#=0.0"
"PronTokAlign",632.344668,632.6546679999999,"f-E-R=0.6"
"PronTokAlign",632.6546679999999,632.854668,"e-j=0.456"
"PronTokAlign",632.854668,633.242813,"m-E-k=0.872"
"PronTokAlign",633.242813,636.542896,"#=0.0"
"PronTokAlign",636.542896,637.001218,"w-E"
"PronTokAlign",637.001218,640.154473,"#=0.0"
"PronTokAlign",640.154473,640.674473,"d-@-m-U~/=0.826"
"PronTokAlign",640.674473,641.4944730000001,"#"
"PronTokAlign",641.4944730000001,641.529438,"laugh"
"PronTokAlign",641.529438,644.096041,"#=0.0"
"PronTokAlign",644.096041,645.122813,"laugh=0.0"
"PronTokAlign",645.122813,646.55741,"#=0.0"
"PronTokAlign",646.55741,646.69741,"w-E"
"PronTokAlign",646.69741,647.31741,"w-E"
"PronTokAlign",647.31741,647.50741,"t-R-E=0.566"
"PronTokAlign",647.50741,647.67741,"b-O/-n=0.649"
"PronTokAlign",647.67741,648.33741,"p-i-d-z-A/"
"PronTokAlign",648.33741,649.435672,"laugh"
"PronTokAlign",649.435672,650.645641,"#=0.0"
"PronTokAlign",650.645641,651.5556409999999,"laugh"
"PronTokAlign",651.5556409999999,651.9556409999999,"#"
"PronTokAlign",651.9556409999999,652.215641,"n-a~=0.33"
"PronTokAlign",652.215641,652.465641,"#"
"PronTokAlign",652.465641,652.6756409999999,"O/-R=0.504"
"PronTokAlign",652.6756409999999,653.318646,"b-y-d-Z-E=0.832"
"PronTokAlign",653.318646,663.972188,"#=0.0"
"PronTokAlign",663.972188,664.2721879999999,"w-E"
"PronTokAlign",664.2721879999999,664.5121879999999,"b-E=0.456"
"PronTokAlign",664.5121879999999,664.572188,"Z=0.453"
"PronTokAlign",664.572188,664.8721879999999,"p-2-z=0.521"
"PronTokAlign",664.8721879999999,664.932188,"S=0.584"
"PronTokAlign",664.932188,665.102188,"p-@=0.715"
"PronTokAlign",665.102188,665.362188,"m-E-t-R=0.726"
"PronTokAlign",665.362188,665.6221879999999,"m-A/"
"PronTokAlign",665.6221879999999,665.7621879999999,"m-A/"
"PronTokAlign",665.7621879999999,665.962188,"S-E-n=0.829"
"PronTokAlign",665.962188,666.542188,"t-w-i-t-S-@=0.553"
"PronTokAlign",666.542188,666.6321879999999,"p-u-R"
"PronTokAlign",666.6321879999999,666.732188,"fp"
"PronTokAlign",666.732188,667.4021879999999,"#"
"PronTokAlign",667.4021879999999,667.722188,"p-u-R"
"PronTokAlign",667.722188,667.7821879999999,"l-E=0.273"
"PronTokAlign",667.7821879999999,669.270938,"s-y-b-s=0.605"
"PronTokAlign",669.270938,680.577188,"#=0.0"
"PronTokAlign",680.577188,680.817188,"b-U~/=0.746"
"PronTokAlign",680.817188,681.027188,"O~=0.666"
"PronTokAlign",681.027188,681.217188,"l-@=0.47"
"PronTokAlign",681.217188,681.8671879999999,"i-j-O/=0.397"
"PronTokAlign",681.8671879999999,682.0071879999999,"O~=0.666"
"PronTokAlign",682.0071879999999,682.077188,"l-@=0.432"
"PronTokAlign",682.077188,682.337188,"s-t-R-A/-m=0.603"
"PronTokAlign",682.337188,682.417188,"a~"
"PronTokAlign",682.417188,682.647188,"l-A/-j-v"
"PronTokAlign",682.647188,682.717188,"e=0.679"
"PronTokAlign",682.717188,682.7571879999999,"j=0.637"
"PronTokAlign",682.7571879999999,682.917188,"O/-R-A/"
"PronTokAlign",682.917188,683.017188,"l-A/"
"PronTokAlign",683.017188,683.344688,"R-e-d-i-f=0.669"
"PronTokAlign",683.344688,695.81318,"#=0.0"
"PronTokAlign",695.81318,696.25318,"w-E"
"PronTokAlign",696.25318,696.381499,"w-E"
"PronTokAlign",696.381499,717.725974,"#=0.0"
"PronTokAlign",717.725974,717.925974,"e=0.513"
"PronTokAlign",717.925974,718.055974,"v-u=0.884"
"PronTokAlign",718.055974,718.085974,"m=0.742"
"PronTokAlign",718.085974,718.335974,"d-O/-n-e-z=0.92"
"PronTokAlign",718.335974,718.465974,"d-@=0.46"
"PronTokAlign",718.465974,718.4959739999999,"l"
"PronTokAlign",718.4959739999999,718.9959739999999,"A/-R-Z-a~"
"PronTokAlign",718.9959739999999,719.155938,"laugh"
"PronTokAlign",719.155938,729.666563,"#=0.0"
"PronTokAlign",729.666563,729.826563,"b-E=0.462"
"PronTokAlign",729.826563,729.966563,"w-E"
"PronTokAlign",729.966563,730.096563,"b-E=0.53"
"PronTokAlign",730.096563,730.2265629999999,"n-O/=0.424"
"PronTokAlign",730.2265629999999,730.775557,"d-y-k-u"
"PronTokAlign",730.775557,735.908762,"#=0.0"
"PronTokAlign",735.908762,736.458748,"m-u-e"
"PronTokAlign",736.458748,746.420763,"#=0.0"
"PronTokAlign",746.420763,747.777396,"laugh=0.0"
"PronTokAlign",747.777396,759.125446,"#=0.0"
"PronTokAlign",759.125446,759.925446,"O/"
"PronTokAlign",759.925446,760.42708,"p-y-t-U~/"
"PronTokAlign",760.42708,760.902188,"#=0.0"
"PronTokAlign",760.902188,761.239688,"noise=0.0"
"PronTokAlign",761.239688,762.623438,"#=0.0"
"PronTokAlign",762.623438,762.723438,"w-E"
"PronTokAlign",762.723438,762.7834379999999,"w-E"
"PronTokAlign",762.7834379999999,763.1834379999999,"s-e"
"PronTokAlign",763.1834379999999,763.584335,"v-R-E=0.538"
"PronTokAlign",763.584335,765.545953,"#=0.0"
"PronTokAlign",765.545953,766.86592,"laugh=0.0"
"PronTokAlign",766.86592,798.347813,"#=0.0"
"PronTokAlign",798.347813,798.717813,"m-w-A/"
"PronTokAlign",798.717813,798.797813,"Z=0.584"
"PronTokAlign",798.797813,798.877813,"l-@=0.45"
"PronTokAlign",798.877813,799.0178129999999,"f-e=0.39"
"PronTokAlign",799.0178129999999,799.225313,"s-A/=0.911"
"PronTokAlign",799.225313,803.444063,"#=0.0"
"PronTokAlign",803.444063,803.824063,"d-2-m-a~-d=0.682"
"PronTokAlign",803.824063,803.874063,"d=0.278"
"PronTokAlign",803.874063,804.304063,"s-y-b-s=0.413"
"PronTokAlign",804.304063,804.7840630000001,"e=0.648"
"PronTokAlign",804.7840630000001,807.5140630000001,"#"
"PronTokAlign",807.5140630000001,807.737153,"laugh"
"PronTokAlign",807.737153,824.92774,"#=0.0"
"PronTokAlign",824.92774,825.459394,"laugh=0.0"
"PronTokAlign",825.459394,862.320938,"#=0.0"
"PronTokAlign",862.320938,862.650938,"O/"
"PronTokAlign",862.650938,863.010938,"k-A/-S"
"PronTokAlign",863.010938,864.260938,"U~/"
"PronTokAlign",864.260938,864.483314,"laugh"
"PronTokAlign",864.483314,866.298269,"#=0.0"
"PronTokAlign",866.298269,867.398241,"laugh=0.0"
"PronTokAlign",867.398241,869.524855,"#=0.0"
"PronTokAlign",869.524855,870.184838,"laugh=0.0"
"PronTokAlign",870.184838,875.886362,"#=0.0"
"PronTokAlign",875.886362,876.3163619999999,"laugh"
"PronTokAlign",876.3163619999999,876.586362,"d-Z-E-t=0.745"
"PronTokAlign",876.586362,877.476362,"p-A/-k"
"PronTokAlign",877.476362,877.866313,"laugh"
"PronTokAlign",877.866313,881.895938,"#=0.0"
"PronTokAlign",881.895938,882.065938,"O~-n=0.555"
"PronTokAlign",882.065938,882.485938,"m-e-t=0.485"
"PronTokAlign",882.485938,882.685938,"d-E-z=0.381"
"PronTokAlign",882.685938,882.875938,"d-e=0.336"
"PronTokAlign",882.875938,883.205938,"k-A/-n-O~=0.929"
"PronTokAlign",883.205938,883.245938,"A/"
"PronTokAlign",883.245938,883.625938,"t-i-S-9-R-t"
"PronTokAlign",883.625938,883.805938,"p-u-R"
"PronTokAlign",883.805938,883.835938,"l=0.793"
"PronTokAlign",883.835938,884.355938,"p-y-b-l-i-k"
"PronTokAlign",884.355938,884.415938,"laugh"
"PronTokAlign",884.415938,884.765938,"p-a~"
"PronTokAlign",884.765938,885.382792,"p-a~"
"PronTokAlign",885.382792,886.862149,"#=0.0"
"PronTokAlign",886.862149,887.642968,"laugh=0.0"
"PronTokAlign",887.642968,905.672812,"#=0.0"
"PronTokAlign",905.672812,906.886774,"m=0.0"
"PronTokAlign",906.886774,912.957206,"#=0.0"
"PronTokAlign",912.957206,913.027206,"b-U~/=0.742"
"PronTokAlign",913.027206,913.057206,"Z=0.434"
"PronTokAlign",913.057206,913.247206,"p-@=0.578"
"PronTokAlign",913.247206,913.597206,"f-E-R=0.538"
"PronTokAlign",913.597206,913.907206,"b-U~/=0.704"
"PronTokAlign",913.907206,914.147206,"d-y-k-u"
"PronTokAlign",914.147206,914.217206,"Z=0.501"
"PronTokAlign",914.217206,914.317206,"p-@=0.649"
"PronTokAlign",914.317206,914.457206,"f-E-R=0.78"
"PronTokAlign",914.457206,914.517206,"l-A/"
"PronTokAlign",914.517206,914.877206,"k-O~-k-l-y-z-j-O~"
"PronTokAlign",914.877206,914.997206,"k-O/-m=0.815"
"PronTokAlign",914.997206,915.087206,"s=0.803"
"PronTokAlign",915.087206,915.307206,"O~-n=0.918"
"PronTokAlign",915.307206,915.527206,"E=0.588"
"PronTokAlign",915.527206,915.557206,"O~=0.574"
"PronTokAlign",915.557206,915.667206,"b-O/-s=0.563"
"PronTokAlign",915.667206,916.087206,"v-R-e-m-a~=0.374"
"PronTokAlign",916.087206,916.587206,"t-u-s-l-e=0.159"
"PronTokAlign",916.587206,916.844062,"k-A/-t=0.529"
"PronTokAlign",916.844062,935.409785,"#=0.0"
"PronTokAlign",935.409785,935.617175,"m=0.0"
"PronTokAlign",935.617175,949.007812,"#=0.0"
"PronTokAlign",949.007812,949.447812,"w-E"
"PronTokAlign",949.447812,949.667812,"n-a~=0.55"
"PronTokAlign",949.667812,949.797812,"m-E=0.537"
"PronTokAlign",949.797812,949.867812,"Z=0.544"
"PronTokAlign",949.867812,950.227812,"p-a~-s-E=0.594"
"PronTokAlign",950.227812,950.587812,"A/"
"PronTokAlign",950.587812,950.637812,"U~/=0.551"
"PronTokAlign",950.637812,951.087812,"a~-p-l-w-A/-j-e"
"PronTokAlign",951.087812,951.467812,"d-@=0.959"
"PronTokAlign",951.467812,951.547812,"l-A/"
"PronTokAlign",951.547812,952.047812,"s-A/-l-@=0.672"
"PronTokAlign",952.047812,952.317812,"Z-a~-R=0.674"
"PronTokAlign",952.317812,952.397812,"U~/=0.722"
"PronTokAlign",952.397812,952.657812,"m-e-k=0.564"
"PronTokAlign",952.657812,952.917812,"k-i=0.681"
"PronTokAlign",952.917812,953.047812,"k=0.565"
"PronTokAlign",953.047812,953.257812,"b-O/-s=0.718"
"PronTokAlign",953.257812,953.357812,"d-a~=0.754"
"PronTokAlign",953.357812,953.387812,"l=0.65"
"PronTokAlign",953.387812,954.297812,"t-E-A/-t-R-@=0.355"
"PronTokAlign",954.297812,954.847812,"#"
"PronTokAlign",954.847812,955.049062,"w-E"
"PronTokAlign",955.049062,963.915584,"#=0.0"
"PronTokAlign",963.915584,964.045584,"w-E"
"PronTokAlign",964.045584,964.155584,"U~/=0.684"
"PronTokAlign",964.155584,964.505584,"m-i-k-R-O/"
"PronTokAlign",964.505584,964.77723,"k-w-A/"
"PronTokAlign",964.77723,970.692188,"#=0.0"
"PronTokAlign",970.692188,971.472188,"U~/=0.724"
"PronTokAlign",971.472188,971.752188,"m-i-k-R-O/"
"PronTokAlign",971.752188,972.056469,"U~/-n=0.934"
"PronTokAlign",972.056469,980.41626,"#=0.0"
"PronTokAlign",980.41626,980.48626,"n-O/=0.367"
"PronTokAlign",980.48626,981.02626,"n-a~=0.448"
"PronTokAlign",981.02626,981.08626,"n-O/=0.312"
"PronTokAlign",981.08626,981.38626,"n-a~=0.381"
"PronTokAlign",981.38626,981.57626,"m-e=0.604"
"PronTokAlign",981.57626,981.94626,"m-i-k-R-O/"
"PronTokAlign",981.94626,982.38626,"k-i=0.428"
"PronTokAlign",982.38626,982.64626,"d-E-f-i-l=0.614"
"PronTokAlign",982.64626,982.74626,"d-a~=0.794"
"PronTokAlign",982.74626,982.77626,"l=0.602"
"PronTokAlign",982.77626,983.247187,"p-y-b-l-i-k"
"PronTokAlign",983.247187,989.691642,"#=0.0"
"PronTokAlign",989.691642,990.259961,"w-E"
"PronTokAlign",990.259961,993.724875,"#=0.0"
"PronTokAlign",993.724875,993.904875,"laugh"
"PronTokAlign",993.904875,995.754875,"#"
"PronTokAlign",995.754875,996.084875,"A/-l-O/-R=0.455"
"PronTokAlign",996.084875,996.114875,"Z=0.642"
"PronTokAlign",996.114875,996.424875,"e=0.829"
"PronTokAlign",996.424875,996.674875,"s-i=0.588"
"PronTokAlign",996.674875,997.004875,"R-2-m-A/-R-k-e"
"PronTokAlign",997.004875,997.044875,"d=0.662"
"PronTokAlign",997.044875,997.194875,"d-u-z=0.863"
"PronTokAlign",997.194875,997.984875,"k-E-s-t-j-O~-z=0.946"
"PronTokAlign",997.984875,998.154875,"n-O~=0.338"
"PronTokAlign",998.154875,998.484875,"m-2-s-j-2"
"PronTokAlign",998.484875,998.894875,"A/-R-E-t-e=0.652"
"PronTokAlign",998.894875,999.224875,"#"
"PronTokAlign",999.224875,999.454875,"Z-@=0.98"
"PronTokAlign",999.454875,1000.104875,"#"
"PronTokAlign",1000.104875,1000.288044,"laugh"
"PronTokAlign",1000.288044,1002.359659,"#=0.0"
"PronTokAlign",1002.359659,1002.854647,"laugh=0.0"
"PronTokAlign",1002.854647,1006.079062,"#=0.0"
"PronTokAlign",1006.079062,1006.119062,"O~=0.917"
"PronTokAlign",1006.119062,1006.239062,"v-A/"
"PronTokAlign",1006.239062,1006.469062,"p-R-a~-d-R=0.737"
"PronTokAlign",1006.469062,1006.599062,"d-e=0.428"
"PronTokAlign",1006.599062,1007.439062,"m-i-k-R-O/=0.808"
"PronTokAlign",1007.439062,1008.349062,"#"
"PronTokAlign",1008.349062,1008.409062,"d-E=0.27"
"PronTokAlign",1008.409062,1008.769062,"m-i-k-R-O/=0.774"
"PronTokAlign",1008.769062,1009.049062,"d-u=0.504"
"PronTokAlign",1009.049062,1011.749063,"#=0.0"
"PronTokAlign",1011.749063,1012.119063,"m-i-k-R-O/=0.652"
"PronTokAlign",1012.119063,1012.710938,"s-E-R-v-j-E-t=0.704"
"PronTokAlign",1012.710938,1016.234795,"#=0.0"
"PronTokAlign",1016.234795,1017.279769,"laugh=0.0"
"PronTokAlign",1017.279769,1030.846097,"#=0.0"
"PronTokAlign",1030.846097,1031.306097,"b-U~/=0.986"
"PronTokAlign",1031.306097,1031.5360970000002,"s=0.873"
"PronTokAlign",1031.5360970000002,1031.7660970000002,"p-u-R"
"PronTokAlign",1031.7660970000002,1032.0060970000002,"p-A/-R"
"PronTokAlign",1032.0060970000002,1032.546097,"R-A/-p-O/-R"
"PronTokAlign",1032.546097,1032.716097,"l-e=0.335"
"PronTokAlign",1032.716097,1033.176097,"s-p-O/-n-s-O/-R=0.921"
"PronTokAlign",1033.176097,1033.365938,"n-a~=0.378"
"PronTokAlign",1033.365938,1040.34046,"#=0.0"
"PronTokAlign",1040.34046,1041.843756,"laugh=0.0"
"PronTokAlign",1041.843756,1055.391751,"#=0.0"
"PronTokAlign",1055.391751,1056.565055,"m=0.0"
"PronTokAlign",1056.565055,1058.256563,"#=0.0"
"PronTokAlign",1058.256563,1058.5965629999998,"n-a~=0.598"
"PronTokAlign",1058.5965629999998,1058.686563,"S=0.718"
"PronTokAlign",1058.686563,1059.016563,"p-a~-s=0.814"
"PronTokAlign",1059.016563,1059.136563,"k"
"PronTokAlign",1059.136563,1059.266563,"O~-n=0.842"
"PronTokAlign",1059.266563,1059.706563,"A/"
"PronTokAlign",1059.706563,1059.8565629999998,"#"
"PronTokAlign",1059.8565629999998,1060.026563,"t-u=0.729"
"PronTokAlign",1060.026563,1060.3465629999998,"d-i=0.793"
"PronTokAlign",1060.3465629999998,1060.476563,"s=0.833"
"PronTokAlign",1060.476563,1060.646563,"f-e=0.368"
"PronTokAlign",1060.646563,1060.776563,"d-Z-A/=0.838"
"PronTokAlign",1060.776563,1060.896563,"y-n=0.749"
"PronTokAlign",1060.896563,1061.1065629999998,"b-O/-n=0.814"
"PronTokAlign",1061.1065629999998,1061.8565629999998,"p-R-e-p-A/-R-A/-s-j-O~=0.516"
"PronTokAlign",1061.8565629999998,1062.171563,"fp"
"PronTokAlign",1062.171563,1072.588251,"#=0.0"
"PronTokAlign",1072.588251,1073.393438,"laugh=0.0"
"PronTokAlign",1073.393438,1106.839688,"#=0.0"
"PronTokAlign",1106.839688,1107.099688,"O~-n=0.63"
"PronTokAlign",1107.099688,1107.159688,"A/"
"PronTokAlign",1107.159688,1107.289688,"O~-n=0.513"
"PronTokAlign",1107.289688,1107.369688,"A/"
"PronTokAlign",1107.369688,1107.629688,"p-A/-R-l-e"
"PronTokAlign",1107.629688,1107.849688,"d-@=0.882"
"PronTokAlign",1107.849688,1108.039688,"p-u-R"
"PronTokAlign",1108.039688,1108.729688,"l-E-z=0.885"
"PronTokAlign",1108.729688,1108.839688,"#"
"PronTokAlign",1108.839688,1109.179688,"p-u-R"
"PronTokAlign",1109.179688,1109.489688,"l-A/"
"PronTokAlign",1109.489688,1109.910938,"b-u-f=0.924"
"PronTokAlign",1109.910938,1113.019115,"#=0.0"
"PronTokAlign",1113.019115,1113.329115,"p-A/-d-O~=0.727"
"PronTokAlign",1113.329115,1113.839115,"p-A/-R-d-O~=0.557"
"PronTokAlign",1113.839115,1113.8991150000002,"n-O~=0.334"
"PronTokAlign",1113.8991150000002,1113.959115,"n-O/=0.455"
"PronTokAlign",1113.959115,1114.329115,"m-e-z=0.563"
"PronTokAlign",1114.329115,1114.599115,"n-a~=0.336"
"PronTokAlign",1114.599115,1114.949115,"m-E=0.571"
"PronTokAlign",1114.949115,1115.119115,"p-u-R"
"PronTokAlign",1115.119115,1115.249115,"l-A/"
"PronTokAlign",1115.249115,1115.369115,"l-A/"
"PronTokAlign",1115.369115,1115.9091150000002,"p-R-E-p-A/-R-A/-s-j-O~=0.533"
"PronTokAlign",1115.9091150000002,1116.029115,"Z-a~-R=0.892"
"PronTokAlign",1116.029115,1116.1491150000002,"s=0.848"
"PronTokAlign",1116.1491150000002,1116.249115,"O~=0.845"
"PronTokAlign",1116.249115,1116.429115,"f-E=0.402"
"PronTokAlign",1116.429115,1116.829115,"A/-p-E-l"
"PronTokAlign",1116.829115,1116.8991150000002,"A/"
"PronTokAlign",1116.8991150000002,1116.999115,"U~/=0.789"
"PronTokAlign",1116.999115,1117.599115,"S-E-f"
"PronTokAlign",1117.599115,1117.789115,"u"
"PronTokAlign",1117.789115,1118.789115,"fp"
"PronTokAlign",1118.789115,1119.090938,"laugh"
"PronTokAlign",1119.090938,1124.912813,"#=0.0"
"PronTokAlign",1124.912813,1125.162813,"t=0.415"
"PronTokAlign",1125.162813,1125.312813,"#"
"PronTokAlign",1125.312813,1125.362813,"t=0.559"
"PronTokAlign",1125.362813,1125.862813,"R-A/-m-E-n-@=0.726"
"PronTokAlign",1125.862813,1126.552813,"y-n-@=0.655"
"PronTokAlign",1126.552813,1127.332813,"p-i-d-z-A/"
"PronTokAlign",1127.332813,1127.376563,"laugh"
"PronTokAlign",1127.376563,1128.968717,"#=0.0"
"PronTokAlign",1128.968717,1129.992188,"laugh=0.0"
"PronTokAlign",1129.992188,1134.239609,"#=0.0"
"PronTokAlign",1134.239609,1134.699609,"w-E"
"PronTokAlign",1134.699609,1134.826261,"w-E"
"PronTokAlign",1134.826261,1141.838438,"#=0.0"
"PronTokAlign",1141.838438,1142.108438,"w-E"
"PronTokAlign",1142.108438,1144.454063,"#=0.0"
"PronTokAlign",1144.454063,1144.744063,"d-e-z=0.564"
"PronTokAlign",1144.744063,1144.8140629999998,"d-E=0.298"
"PronTokAlign",1144.8140629999998,1145.0440629999998,"m-E-k=0.55"
"PronTokAlign",1145.0440629999998,1145.3140629999998,"#"
"PronTokAlign",1145.3140629999998,1145.344063,"d=0.458"
"PronTokAlign",1145.344063,1145.5640629999998,"m-E-k=0.941"
"PronTokAlign",1145.5640629999998,1145.684063,"A/"
"PronTokAlign",1145.684063,1146.900938,"R-O/-l-e"
"PronTokAlign",1146.900938,1157.97389,"#=0.0"
"PronTokAlign",1157.97389,1158.207759,"w-E"
"PronTokAlign",1158.207759,1159.234,"#=0.0"
"PronTokAlign",1159.234,1159.554011,"O/-k-E=0.663"
"PronTokAlign",1159.554011,1243.421112,"#=0.0"
"PronTokAlign",1243.421112,1245.071653,"laugh=0.0"
"PronTokAlign",1245.071653,1256.7167,"#=0.0"
"PronTokAlign",1256.7167,1258.01863,"noise=0.0"
"PronTokAlign",1258.01863,1270.459688,"#=0.0"
"PronTokAlign",1270.459688,1270.619688,"d-y=0.829"
"PronTokAlign",1270.619688,1270.8096879999998,"k-u"
"PronTokAlign",1270.8096879999998,1270.929688,"s=0.851"
"PronTokAlign",1270.929688,1271.0696879999998,"s-R-E=0.738"
"PronTokAlign",1271.0696879999998,1271.449688,"U~/-t-E-R-E-s-a~=0.322"
"PronTokAlign",1271.449688,1271.649688,"O/-s-i"
"PronTokAlign",1271.649688,1271.859688,"d-@=0.956"
"PronTokAlign",1271.859688,1272.449688,"d-@=0.767"
"PronTokAlign",1272.449688,1272.689688,"u-v-R-i-R"
"PronTokAlign",1272.689688,1272.729688,"A/"
"PronTokAlign",1272.729688,1272.849688,"A/"
"PronTokAlign",1272.849688,1273.159688,"p-l-y=0.712"
"PronTokAlign",1273.159688,1273.459688,"l-A/-R-Z=0.549"
"PronTokAlign",1273.459688,1273.749688,"E=0.767"
"PronTokAlign",1273.749688,1274.379688,"A/-v-w-A/-R"
"PronTokAlign",1274.379688,1274.7896879999998,"v-R-E-m-a~=0.405"
"PronTokAlign",1274.7896879999998,1275.459688,"t-u-t-l-e=0.874"
"PronTokAlign",1275.459688,1275.739688,"t-u-t-l-@=0.346"
"PronTokAlign",1275.739688,1275.989688,"t-R-a~-S=0.514"
"PronTokAlign",1275.989688,1276.089688,"d=0.619"
"PronTokAlign",1276.089688,1276.5696879999998,"A/-Z-@=0.95"
"PronTokAlign",1276.5696879999998,1276.609688,"A/"
"PronTokAlign",1276.609688,1277.209688,"s-e-2=0.863"
"PronTokAlign",1277.209688,1280.757103,"#=0.0"
"PronTokAlign",1280.757103,1281.137103,"w-E"
"PronTokAlign",1281.137103,1281.297103,"w-E"
"PronTokAlign",1281.297103,1281.490418,"w-E"
"PronTokAlign",1281.490418,1285.164405,"#=0.0"
"PronTokAlign",1285.164405,1285.567728,"w-E"
"PronTokAlign",1285.567728,1356.414146,"#=0.0"
"PronTokAlign",1356.414146,1356.704146,"l-A/"
"PronTokAlign",1356.704146,1356.944146,"f-O/-t=0.383"
"PronTokAlign",1356.944146,1357.124146,"k-@=0.691"
"PronTokAlign",1357.124146,1357.254146,"l-A/"
"PronTokAlign",1357.254146,1357.604146,"f-O/=0.572"
"PronTokAlign",1357.604146,1357.984146,"k-O/-m-a~-s-e=0.716"
"PronTokAlign",1357.984146,1358.0441460000002,"A/"
"PronTokAlign",1358.0441460000002,1359.034146,"k-O~-t-A/-k-t-e=0.597"
"PronTokAlign",1359.034146,1359.2941460000002,"l-e=0.65"
"PronTokAlign",1359.2941460000002,1359.504146,"m-e-k=0.783"
"PronTokAlign",1359.504146,1359.764146,"d-@=0.964"
"PronTokAlign",1359.764146,1359.844146,"t=0.539"
"PronTokAlign",1359.844146,1361.004146,"m-E-t-A/=0.79"
"PronTokAlign",1361.004146,1361.614146,"fp"
"PronTokAlign",1361.614146,1361.749012,"laugh"
"PronTokAlign",1361.749012,1401.755607,"#=0.0"
"PronTokAlign",1401.755607,1401.935607,"O/"
"PronTokAlign",1401.935607,1402.295607,"U~/=0.597"
"PronTokAlign",1402.295607,1402.690584,"m-w-A/-z"
"PronTokAlign",1402.690584,1404.267211,"#=0.0"
"PronTokAlign",1404.267211,1404.853863,"w-E"
"PronTokAlign",1404.853863,1416.614063,"#=0.0"
"PronTokAlign",1416.614063,1416.964063,"l-E=0.463"
"PronTokAlign",1416.964063,1417.184063,"R-E-z-O/=0.462"
"PronTokAlign",1417.184063,1417.564063,"s-O/-s-j-O/=0.683"
"PronTokAlign",1417.564063,1417.644063,"t=0.622"
"PronTokAlign",1417.644063,1417.864063,"p-2-t=0.654"
"PronTokAlign",1417.864063,1418.264063,"m-E-t-R-@=0.728"
"PronTokAlign",1418.264063,1418.414063,"d-E=0.775"
"PronTokAlign",1418.414063,1418.807813,"m-U~/-n-a~=0.582"
"PronTokAlign",1418.807813,1421.558438,"#=0.0"
"PronTokAlign",1421.558438,1421.948438,"k-w-A/-k-@=0.9"
"PronTokAlign",1421.948438,1422.178438,"n-a~=0.448"
"PronTokAlign",1422.178438,1422.558438,"s-e"
"PronTokAlign",1422.558438,1423.438438,"s-e"
"PronTokAlign",1423.438438,1423.819688,"w-E"
"PronTokAlign",1423.819688,1430.434688,"#=0.0"
"PronTokAlign",1430.434688,1430.8146880000002,"w-E"
"PronTokAlign",1430.8146880000002,1431.3146880000002,"#"
"PronTokAlign",1431.3146880000002,1431.624688,"a~"
"PronTokAlign",1431.624688,1432.094688,"f-e-v-R-i-e=0.41"
"PronTokAlign",1432.094688,1432.290938,"Z-a~-R=0.84"
"PronTokAlign",1432.290938,1433.894063,"#=0.0"
"PronTokAlign",1433.894063,1433.974063,"e=0.502"
"PronTokAlign",1433.974063,1434.383437,"m-A/-R-s"
"PronTokAlign",1434.383437,1453.915382,"#=0.0"
"PronTokAlign",1453.915382,1454.197998,"laugh=0.0"
"PronTokAlign",1454.197998,1472.537813,"#=0.0"
"PronTokAlign",1472.537813,1472.607813,"u-i=0.729"
"PronTokAlign",1472.607813,1472.977813,"u-i=0.67"
"PronTokAlign",1472.977813,1473.077813,"u-i=0.765"
"PronTokAlign",1473.077813,1473.1278129999998,"s=0.905"
"PronTokAlign",1473.1278129999998,1473.277813,"s-@=0.771"
"PronTokAlign",1473.277813,1473.467813,"f-E=0.393"
"PronTokAlign",1473.467813,1473.537813,"s=0.568"
"PronTokAlign",1473.537813,1473.607813,"s=0.747"
"PronTokAlign",1473.607813,1473.697813,"f-E=0.397"
"PronTokAlign",1473.697813,1474.257813,"d-a~-z=0.97"
"PronTokAlign",1474.257813,1474.437813,"d-a~=0.851"
"PronTokAlign",1474.437813,1474.527813,"l-@=0.321"
"PronTokAlign",1474.527813,1474.6578129999998,"d-2=0.786"
"PronTokAlign",1474.6578129999998,1475.558438,"s-2-m-E-n=0.593"
"PronTokAlign",1475.558438,1477.636146,"#=0.0"
"PronTokAlign",1477.636146,1478.644454,"laugh=0.0"
"PronTokAlign",1478.644454,1484.859299,"#=0.0"
"PronTokAlign",1484.859299,1485.427618,"w-E"
"PronTokAlign",1485.427618,1499.115938,"#=0.0"
"PronTokAlign",1499.115938,1499.415938,"b-U~/=0.979"
"PronTokAlign",1499.415938,1499.565938,"l-@=0.522"
"PronTokAlign",1499.565938,1499.825938,"t-a~=0.779"
"PronTokAlign",1499.825938,1499.995938,"d-@=0.753"
"PronTokAlign",1499.995938,1500.635938,"d-i-f-y-z-e=0.731"
"PronTokAlign",1500.635938,1500.755938,"t-u=0.593"
"PronTokAlign",1500.755938,1501.135938,"s-A/=0.998"
"PronTokAlign",1501.135938,1501.575938,"p-A/-R-E-j"
"PronTokAlign",1501.575938,1501.625938,"S=0.476"
"PronTokAlign",1501.625938,1501.905938,"p-a~-s=0.839"
"PronTokAlign",1501.905938,1502.335938,"k-@=0.901"
"PronTokAlign",1502.335938,1502.605938,"Z-a~-R=0.563"
"PronTokAlign",1502.605938,1502.9859379999998,"i-s-t-w-A/-R=0.725"
"PronTokAlign",1502.9859379999998,1503.015938,"d=0.684"
"PronTokAlign",1503.015938,1503.155938,"E-t=0.784"
"PronTokAlign",1503.155938,1503.7059379999998,"s-y-R"
"PronTokAlign",1503.7059379999998,1504.405938,"#"
"PronTokAlign",1504.405938,1504.4659379999998,"k=0.767"
"PronTokAlign",1504.4659379999998,1504.495938,"l"
"PronTokAlign",1504.495938,1504.9559379999998,"E-v-E-n-2-m-a~=0.432"
"PronTokAlign",1504.9559379999998,1505.165938,"s-@=0.801"
"PronTokAlign",1505.165938,1505.535938,"f-e=0.241"
"PronTokAlign",1505.535938,1506.545938,"#"
"PronTokAlign",1506.545938,1506.595938,"S=0.527"
"PronTokAlign",1506.595938,1506.9759379999998,"p-a~-s=0.627"
"PronTokAlign",1506.9759379999998,1507.4859379999998,"fp"
"PronTokAlign",1507.4859379999998,1507.7259379999998,"O~-n=0.623"
"PronTokAlign",1507.7259379999998,1507.9659379999998,"#"
"PronTokAlign",1507.9659379999998,1508.055938,"S=0.719"
"PronTokAlign",1508.055938,1508.2359379999998,"p-@=0.834"
"PronTokAlign",1508.2359379999998,1508.7059379999998,"k-O/-m-a~-s-e=0.794"
"PronTokAlign",1508.7059379999998,1508.7359379999998,"A/"
"PronTokAlign",1508.7359379999998,1508.865938,"A/"
"PronTokAlign",1508.865938,1509.435938,"t-u-t=0.933"
"PronTokAlign",1509.435938,1510.095938,"d-i-s-t-R-i-b-y-e=0.573"
"PronTokAlign",1510.095938,1510.185938,"U~/=0.707"
"PronTokAlign",1510.185938,1510.375938,"m-w-A/=0.919"
"PronTokAlign",1510.375938,1510.425938,"e=0.506"
"PronTokAlign",1510.425938,1510.595938,"d-2-m-i"
"PronTokAlign",1510.595938,1510.928438,"A/-v-a~-t=0.947"
"PronTokAlign",1510.928438,1514.168438,"#=0.0"
"PronTokAlign",1514.168438,1514.387813,"w-E"
"PronTokAlign",1514.387813,1516.986563,"#=0.0"
"PronTokAlign",1516.986563,1517.286563,"Z-a~-R=0.553"
"PronTokAlign",1517.286563,1517.326563,"l=0.386"
"PronTokAlign",1517.326563,1517.536563,"t-a~=0.742"
"PronTokAlign",1517.536563,1517.796563,"d-@=0.991"
"PronTokAlign",1517.796563,1518.236563,"d-@=0.799"
"PronTokAlign",1518.236563,1519.246563,"#"
"PronTokAlign",1519.246563,1519.276563,"l=0.541"
"PronTokAlign",1519.276563,1519.456563,"t-a~=0.73"
"PronTokAlign",1519.456563,1519.676563,"d-@=0.82"
"PronTokAlign",1519.676563,1519.936563,"S-j-p-@=0.393"
"PronTokAlign",1519.936563,1520.0965629999998,"U~/=0.695"
"PronTokAlign",1520.0965629999998,1520.276563,"p-2"
"PronTokAlign",1520.276563,1520.396563,"l-e=0.332"
"PronTokAlign",1520.396563,1520.566563,"Z-a~=0.545"
"PronTokAlign",1520.566563,1520.749688,"k-w-A/"
"PronTokAlign",1520.749688,1541.100938,"#=0.0"
"PronTokAlign",1541.100938,1541.140938,"A/"
"PronTokAlign",1541.140938,1541.390938,"n-O~=0.335"
"PronTokAlign",1541.390938,1541.420938,"s=0.648"
"PronTokAlign",1541.420938,1541.450938,"s=0.673"
"PronTokAlign",1541.450938,1541.780938,"s-@=0.934"
"PronTokAlign",1541.780938,1542.100938,"f-E=0.299"
"PronTokAlign",1542.100938,1542.220938,"d-a~=0.923"
"PronTokAlign",1542.220938,1542.280938,"l-A/"
"PronTokAlign",1542.280938,1542.610938,"s-w-A/-R-e"
"PronTokAlign",1542.610938,1542.704063,"U~/"
"PronTokAlign",1542.704063,1544.779688,"#=0.0"
"PronTokAlign",1544.779688,1544.839688,"A/"
"PronTokAlign",1544.839688,1544.979688,"w-i=0.789"
"PronTokAlign",1544.979688,1545.329688,"l-@=0.979"
"PronTokAlign",1545.329688,1545.639688,"b-U~/=0.937"
"PronTokAlign",1545.639688,1546.389688,"y-n-@=0.526"
"PronTokAlign",1546.389688,1546.559688,"f-w-A/=0.646"
"PronTokAlign",1546.559688,1546.6596880000002,"k=0.665"
"PronTokAlign",1546.6596880000002,1546.899688,"l-@=0.548"
"PronTokAlign",1546.899688,1546.979688,"y-n=0.739"
"PronTokAlign",1546.979688,1547.109688,"f-w-A/=0.665"
"PronTokAlign",1547.109688,1547.959688,"k-@=0.997"
"PronTokAlign",1547.959688,1549.119688,"#"
"PronTokAlign",1549.119688,1549.809688,"l-@=0.999"
"PronTokAlign",1549.809688,1550.9396880000002,"#"
"PronTokAlign",1550.9396880000002,1550.999688,"d-O~=0.548"
"PronTokAlign",1550.999688,1551.059688,"S=0.393"
"PronTokAlign",1551.059688,1551.1896880000002,"f-E=0.424"
"PronTokAlign",1551.1896880000002,1551.309688,"l-A/"
"PronTokAlign",1551.309688,1551.569688,"p-y-b=0.906"
"PronTokAlign",1551.569688,1551.6596880000002,"s-y-R"
"PronTokAlign",1551.6596880000002,1551.749688,"l-@=0.329"
"PronTokAlign",1551.749688,1552.6696880000002,"R-E-z-O/-z=0.429"
"PronTokAlign",1552.6696880000002,1553.649688,"#"
"PronTokAlign",1553.649688,1554.1596880000002,"fp"
"PronTokAlign",1554.1596880000002,1554.4496880000002,"Z-@=0.952"
"PronTokAlign",1554.4496880000002,1554.789688,"l-a~-s=0.893"
"PronTokAlign",1554.789688,1555.379688,"t-w-i-t-S=0.777"
"PronTokAlign",1555.379688,1555.509688,"e=0.879"
"PronTokAlign",1555.509688,1555.809688,"A/-p-R-E=0.522"
"PronTokAlign",1555.809688,1556.019688,"Z-a~-R=0.793"
"PronTokAlign",1556.019688,1556.719688,"fp"
"PronTokAlign",1556.719688,1557.389688,"#"
"PronTokAlign",1557.389688,1557.589688,"A/-p-R-E=0.527"
"PronTokAlign",1557.589688,1557.639688,"Z=0.552"
"PronTokAlign",1557.639688,1557.809688,"f-E=0.449"
"PronTokAlign",1557.809688,1557.979688,"y-n=0.786"
"PronTokAlign",1557.979688,1558.639688,"s-O/-R-t=0.7"
"PronTokAlign",1558.639688,1558.729688,"d=0.446"
"PronTokAlign",1558.729688,1559.359688,"v-O/-d-e=0.889"
"PronTokAlign",1559.359688,1559.739688,"d-e-z=0.929"
"PronTokAlign",1559.739688,1560.369688,"m-E-j-9-R=0.831"
"PronTokAlign",1560.369688,1560.912188,"m-O/-m-a~-z=0.835"
"PronTokAlign",1560.912188,1563.342188,"#=0.0"
"PronTokAlign",1563.342188,1563.612188,"m-E=0.334"
"PronTokAlign",1563.612188,1563.812188,"u-i=0.89"
"PronTokAlign",1563.812188,1564.622188,"s-i-n-O~"
"PronTokAlign",1564.622188,1565.072188,"Z-a~-R-@=0.56"
"PronTokAlign",1565.072188,1565.272188,"l-A/"
"PronTokAlign",1565.272188,1565.782188,"R-2-d-i-f-y-z-j-O~"
"PronTokAlign",1565.782188,1566.032188,"e=0.506"
"PronTokAlign",1566.032188,1566.532188,"d-i-s-p-O/-n-i-b-l=0.538"
"PronTokAlign",1566.532188,1567.112188,"i-m-e-d-j-A/-t-m-a~=0.595"
"PronTokAlign",1567.112188,1567.172188,"y-n=0.868"
"PronTokAlign",1567.172188,1567.302188,"f-w-A/=0.636"
"PronTokAlign",1567.302188,1567.602188,"k-@=0.597"
"PronTokAlign",1567.602188,1567.682188,"t"
"PronTokAlign",1567.682188,1567.712188,"A/=0.513"
"PronTokAlign",1567.712188,1567.9721880000002,"f-i-n-i"
"PronTokAlign",1567.9721880000002,1568.062188,"l-@=0.472"
"PronTokAlign",1568.062188,1568.303438,"l-A/-j-v"
"PronTokAlign",1568.303438,1577.719688,"#=0.0"
"PronTokAlign",1577.719688,1577.989688,"b-U~/=0.624"
"PronTokAlign",1577.989688,1578.279688,"t-u-t=0.987"
"PronTokAlign",1578.279688,1578.3396879999998,"e=0.386"
"PronTokAlign",1578.3396879999998,1578.999688,"d-i-f-y-z-e"
"PronTokAlign",1578.999688,1579.356563,"w-i=0.754"
"PronTokAlign",1579.356563,1580.925937,"#=0.0"
"PronTokAlign",1580.925937,1581.545937,"Z-a~-R-@=0.999"
"PronTokAlign",1581.545937,1581.725937,"s-e"
"PronTokAlign",1581.725937,1582.055937,"d-2-z=0.921"
"PronTokAlign",1582.055937,1582.465937,"9-R=0.741"
"PronTokAlign",1582.465937,1582.715937,"d-2-z=0.608"
"PronTokAlign",1582.715937,1582.915937,"9-R-z=0.602"
"PronTokAlign",1582.915937,1583.095937,"d-@=0.425"
"PronTokAlign",1583.095937,1583.315937,"s-t-R-A/-m=0.679"
"PronTokAlign",1583.315937,1583.728883,"k-w-A/"
"PronTokAlign",1583.728883,1592.188446,"#=0.0"
"PronTokAlign",1592.188446,1593.818438,"laugh=0.0"
"PronTokAlign",1593.818438,1598.661563,"#=0.0"
"PronTokAlign",1598.661563,1598.851563,"O~-n=0.726"
"PronTokAlign",1598.851563,1598.911563,"E=0.417"
"PronTokAlign",1598.911563,1599.167813,"b-O/=0.32"
