"PhonAlign",0.0,31.985,"#"
"PhonAlign",31.985,32.025,"b"
"PhonAlign",32.025,32.085,"O/"
"PhonAlign",32.085,32.125,"O~"
"PhonAlign",32.125,32.165,"n"
"PhonAlign",32.165,32.275,"E"
"PhonAlign",32.275,32.341753,"t"
"PhonAlign",32.341753,33.44,"#"
"PhonAlign",33.44,33.57,"O~"
"PhonAlign",33.57,33.61,"n"
"PhonAlign",33.61,33.68,"E"
"PhonAlign",33.68,33.73,"d"
"PhonAlign",33.73,33.82,"a~"
"PhonAlign",33.82,33.91,"z"
"PhonAlign",33.91,34.13,"U~/"
"PhonAlign",34.13,34.41,"#"
"PhonAlign",34.41,34.54,"w"
"PhonAlign",34.54,34.59,"E"
"PhonAlign",34.59,34.66,"O~"
"PhonAlign",34.66,34.709999999999994,"n"
"PhonAlign",34.709999999999994,34.739999999999995,"E"
"PhonAlign",34.739999999999995,34.8,"d"
"PhonAlign",34.8,34.88999999999999,"a~"
"PhonAlign",34.88999999999999,34.94,"z"
"PhonAlign",34.94,35.05,"U~/"
"PhonAlign",35.05,35.08,"d"
"PhonAlign",35.08,35.11,"R"
"PhonAlign",35.11,35.209999999999994,"A/"
"PhonAlign",35.209999999999994,35.239999999999995,"j"
"PhonAlign",35.239999999999995,35.27,"v"
"PhonAlign",35.27,35.41,"s"
"PhonAlign",35.41,35.44,"y"
"PhonAlign",35.44,35.48,"R"
"PhonAlign",35.48,35.599999999999994,"t"
"PhonAlign",35.599999999999994,35.65,"u"
"PhonAlign",35.65,35.709999999999994,"d"
"PhonAlign",35.709999999999994,35.77,"y"
"PhonAlign",35.77,35.809999999999995,"k"
"PhonAlign",35.809999999999995,35.85,"u"
"PhonAlign",35.85,35.92,"#"
"PhonAlign",35.92,35.980000000000004,"k"
"PhonAlign",35.980000000000004,36.010000000000005,"a~"
"PhonAlign",36.010000000000005,36.04,"m"
"PhonAlign",36.04,36.08,"E"
"PhonAlign",36.08,36.15,"m"
"PhonAlign",36.15,36.24,"p"
"PhonAlign",36.24,36.27,"l"
"PhonAlign",36.27,36.3,"y"
"PhonAlign",36.3,36.39,"t"
"PhonAlign",36.39,36.53,"O/"
"PhonAlign",36.53,36.59,"p"
"PhonAlign",36.59,36.67,"R"
"PhonAlign",36.67,36.75,"U~/"
"PhonAlign",36.75,36.83,"t"
"PhonAlign",36.83,36.940000000000005,"a~"
"PhonAlign",36.940000000000005,36.99,"e"
"PhonAlign",36.99,37.09,"t"
"PhonAlign",37.09,37.23,"e"
"PhonAlign",37.23,37.33,"t"
"PhonAlign",37.33,38.0,"#"
"PhonAlign",38.0,38.04,"p"
"PhonAlign",38.04,38.07,"A/"
"PhonAlign",38.07,38.1,"R"
"PhonAlign",38.1,38.22,"s"
"PhonAlign",38.22,38.29,"k"
"PhonAlign",38.29,38.34,"@"
"PhonAlign",38.34,38.37,"l"
"PhonAlign",38.37,38.5,"i"
"PhonAlign",38.5,38.57,"v"
"PhonAlign",38.57,38.66,"E"
"PhonAlign",38.66,38.71,"R"
"PhonAlign",38.71,38.82,"O~"
"PhonAlign",38.82,38.85,"v"
"PhonAlign",38.85,38.89,"A/"
"PhonAlign",38.89,38.99,"p"
"PhonAlign",38.99,39.05,"A/"
"PhonAlign",39.05,39.19,"z"
"PhonAlign",39.19,39.29,"s"
"PhonAlign",39.29,39.32,"@"
"PhonAlign",39.32,39.38,"Z"
"PhonAlign",39.38,39.44,"2"
"PhonAlign",39.44,39.47,"l"
"PhonAlign",39.47,39.5,"e"
"PhonAlign",39.5,39.53,"d"
"PhonAlign",39.53,39.56,"a~"
"PhonAlign",39.56,39.6,"l"
"PhonAlign",39.6,39.64,"E"
"PhonAlign",39.64,39.72,"v"
"PhonAlign",39.72,39.78,"w"
"PhonAlign",39.78,39.85,"A/"
"PhonAlign",39.85,39.97,"t"
"PhonAlign",39.97,40.05,"y"
"PhonAlign",40.05,40.36,"R"
"PhonAlign",40.36,45.905,"#"
"PhonAlign",45.905,45.985,"w"
"PhonAlign",45.985,46.015,"E"
"PhonAlign",46.015,46.095,"m"
"PhonAlign",46.095,46.155,"A/"
"PhonAlign",46.155,46.205,"p"
"PhonAlign",46.205,46.255,"R"
"PhonAlign",46.255,46.285,"E"
"PhonAlign",46.285,46.415,"s"
"PhonAlign",46.415,46.455,"e"
"PhonAlign",46.455,46.615,"t"
"PhonAlign",46.615,46.865,"U~/"
"PhonAlign",46.865,46.975,"s"
"PhonAlign",46.975,47.015,"i"
"PhonAlign",47.015,47.085,"t"
"PhonAlign",47.085,47.115,"l"
"PhonAlign",47.115,47.195,"E"
"PhonAlign",47.195,47.245000000000005,"Z"
"PhonAlign",47.245000000000005,47.335,"a~"
"PhonAlign",47.335,47.365,"A/"
"PhonAlign",47.365,47.395,"l"
"PhonAlign",47.395,47.465,"A/"
"PhonAlign",47.465,47.555,"k"
"PhonAlign",47.555,47.615,"O~"
"PhonAlign",47.615,47.715,"s"
"PhonAlign",47.715,47.765,"O/"
"PhonAlign",47.765,47.815,"m"
"PhonAlign",47.815,47.905,"A/"
"PhonAlign",47.905,48.045,"s"
"PhonAlign",48.045,48.075,"j"
"PhonAlign",48.075,48.155,"O~"
"PhonAlign",48.155,48.225,"d"
"PhonAlign",48.225,48.415,"@"
"PhonAlign",48.415,48.695,"k"
"PhonAlign",48.695,48.755,"A/"
"PhonAlign",48.755,48.785,"R"
"PhonAlign",48.785,48.885,"b"
"PhonAlign",48.885,48.965,"y"
"PhonAlign",48.965,49.015,"R"
"PhonAlign",49.015,49.165,"a~"
"PhonAlign",49.165,49.225,"v"
"PhonAlign",49.225,49.315,"E"
"PhonAlign",49.315,49.365,"n"
"PhonAlign",49.365,49.405,"E"
"PhonAlign",49.405,49.475,"R"
"PhonAlign",49.475,49.725,"#"
"PhonAlign",49.725,49.875,"laugh"
"PhonAlign",49.875,49.985,"l"
"PhonAlign",49.985,50.035,"e"
"PhonAlign",50.035,50.095,"p"
"PhonAlign",50.095,50.125,"@"
"PhonAlign",50.125,50.175,"t"
"PhonAlign",50.175,50.235,"i"
"PhonAlign",50.235,50.335,"S"
"PhonAlign",50.335,50.415,"O/"
"PhonAlign",50.415,50.515,"f"
"PhonAlign",50.515,50.675,"A/"
"PhonAlign",50.675,50.795,"Z"
"PhonAlign",50.795,50.825,"e"
"PhonAlign",50.825,51.035,"t"
"PhonAlign",51.035,51.135,"u"
"PhonAlign",51.135,51.23,"t"
"PhonAlign",51.23,54.683437,"#"
"PhonAlign",54.683437,54.823437,"O/"
"PhonAlign",54.823437,54.913437,"k"
"PhonAlign",54.913437,55.005,"E"
"PhonAlign",55.005,57.0563,"#"
"PhonAlign",57.0563,57.985137,"laugh"
"PhonAlign",57.985137,63.36,"#"
"PhonAlign",63.36,63.4,"m"
"PhonAlign",63.4,63.44,"E"
"PhonAlign",63.44,63.61,"m"
"PhonAlign",63.61,63.64,"@"
"PhonAlign",63.64,63.74,"m"
"PhonAlign",63.74,63.79,"E"
"PhonAlign",63.79,63.88,"m"
"PhonAlign",63.88,63.91,"l"
"PhonAlign",63.91,63.99,"e"
"PhonAlign",63.99,64.11,"t"
"PhonAlign",64.11,64.22,"e"
"PhonAlign",64.22,64.32,"k"
"PhonAlign",64.32,64.49,"w"
"PhonAlign",64.49,64.724063,"A/"
"PhonAlign",64.724063,66.74,"#"
"PhonAlign",66.74,66.78,"l"
"PhonAlign",66.78,66.9,"@"
"PhonAlign",66.9,67.915,"#"
"PhonAlign",67.915,68.08500000000001,"w"
"PhonAlign",68.08500000000001,68.405,"E"
"PhonAlign",68.405,70.06,"#"
"PhonAlign",70.06,70.19,"A/"
"PhonAlign",70.19,70.3,"v"
"PhonAlign",70.3,70.48,"a~"
"PhonAlign",70.48,70.53,"A/"
"PhonAlign",70.53,70.62,"p"
"PhonAlign",70.62,70.73,"R"
"PhonAlign",70.73,70.95,"E"
"PhonAlign",70.95,71.035,"z"
"PhonAlign",71.035,71.588055,"#"
"PhonAlign",71.588055,72.607003,"laugh"
"PhonAlign",72.607003,87.058009,"#"
"PhonAlign",87.058009,87.118009,"m"
"PhonAlign",87.118009,87.198009,"E"
"PhonAlign",87.198009,87.228009,"n"
"PhonAlign",87.228009,87.308009,"a~"
"PhonAlign",87.308009,87.338009,"O~"
"PhonAlign",87.338009,87.398009,"E"
"PhonAlign",87.398009,87.438009,"d"
"PhonAlign",87.438009,87.498009,"a~"
"PhonAlign",87.498009,87.538009,"n"
"PhonAlign",87.538009,87.618009,"O/"
"PhonAlign",87.618009,87.648009,"v"
"PhonAlign",87.648009,87.698009,"w"
"PhonAlign",87.698009,87.748009,"A/"
"PhonAlign",87.748009,87.848009,"t"
"PhonAlign",87.848009,87.888009,"y"
"PhonAlign",87.888009,87.988009,"R"
"PhonAlign",87.988009,88.066318,"z"
"PhonAlign",88.066318,96.719063,"#"
"PhonAlign",96.719063,96.889063,"f"
"PhonAlign",96.889063,96.969063,"O/"
"PhonAlign",96.969063,97.029063,"k"
"PhonAlign",97.029063,97.109063,"O~"
"PhonAlign",97.109063,97.149063,"p"
"PhonAlign",97.149063,97.189063,"R"
"PhonAlign",97.189063,97.249063,"E"
"PhonAlign",97.249063,97.289063,"n"
"PhonAlign",97.289063,97.329063,"y"
"PhonAlign",97.329063,97.399063,"n"
"PhonAlign",97.399063,97.489063,"s"
"PhonAlign",97.489063,97.539063,"@"
"PhonAlign",97.539063,97.579063,"m"
"PhonAlign",97.579063,97.639063,"E"
"PhonAlign",97.639063,97.709063,"n"
"PhonAlign",97.709063,97.749063,"p"
"PhonAlign",97.749063,97.779063,"R"
"PhonAlign",97.779063,97.879063,"E"
"PhonAlign",97.879063,97.979063,"s"
"PhonAlign",97.979063,98.029063,"i"
"PhonAlign",98.029063,98.155,"z"
"PhonAlign",98.155,98.68,"#"
"PhonAlign",98.68,98.74,"O~"
"PhonAlign",98.74,98.77,"A/"
"PhonAlign",98.77,98.83,"d"
"PhonAlign",98.83,98.86,"i"
"PhonAlign",98.86,98.96,"s"
"PhonAlign",98.96,98.99,"y"
"PhonAlign",98.99,99.02,"R"
"PhonAlign",99.02,99.15,"s"
"PhonAlign",99.15,99.27,"U~/"
"PhonAlign",99.27,99.33,"k"
"PhonAlign",99.33,99.41,"Z"
"PhonAlign",99.41,99.55,"u"
"PhonAlign",99.55,99.595,"R"
"PhonAlign",99.595,116.96,"#"
"PhonAlign",116.96,117.15,"S"
"PhonAlign",117.15,117.22,"A/"
"PhonAlign",117.22,117.32,"v"
"PhonAlign",117.32,117.495,"u"
"PhonAlign",117.495,121.64,"#"
"PhonAlign",121.64,121.7,"w"
"PhonAlign",121.7,121.73,"E"
"PhonAlign",121.73,121.82,"m"
"PhonAlign",121.82,121.89,"E"
"PhonAlign",121.89,121.99,"m"
"PhonAlign",121.99,122.13,"E"
"PhonAlign",122.13,122.22,"s"
"PhonAlign",122.22,122.29,"k"
"PhonAlign",122.29,122.33,"i"
"PhonAlign",122.33,122.43,"f"
"PhonAlign",122.43,122.47,"E"
"PhonAlign",122.47,122.51,"A/"
"PhonAlign",122.51,122.63,"s"
"PhonAlign",122.63,122.67,"e"
"PhonAlign",122.67,122.83,"S"
"PhonAlign",122.83,122.98,"O/"
"PhonAlign",122.98,123.01,"l"
"PhonAlign",123.01,123.15,"s"
"PhonAlign",123.15,123.21,"w"
"PhonAlign",123.21,123.24,"A/"
"PhonAlign",123.24,123.27,"R"
"PhonAlign",123.27,123.41,"a~"
"PhonAlign",123.41,123.56,"m"
"PhonAlign",123.56,123.617812,"E"
"PhonAlign",123.617812,132.63,"#"
"PhonAlign",132.63,132.69,"p"
"PhonAlign",132.69,132.73,"A/"
"PhonAlign",132.73,132.79,"R"
"PhonAlign",132.79,132.88,"f"
"PhonAlign",132.88,133.03,"E"
"PhonAlign",133.03,133.14,"t"
"PhonAlign",133.14,175.53,"#"
"PhonAlign",175.53,175.63,"d"
"PhonAlign",175.63,175.85,"e"
"PhonAlign",175.85,176.02,"d"
"PhonAlign",176.02,176.12,"e"
"PhonAlign",176.12,176.28,"d"
"PhonAlign",176.28,176.45,"e"
"PhonAlign",176.45,176.52,"d"
"PhonAlign",176.52,176.66,"e"
"PhonAlign",176.66,176.9,"d"
"PhonAlign",176.9,177.04,"e"
"PhonAlign",177.04,177.12,"d"
"PhonAlign",177.12,177.24,"e"
"PhonAlign",177.24,177.36,"O~"
"PhonAlign",177.36,177.47,"A/"
"PhonAlign",177.47,177.53,"v"
"PhonAlign",177.53,177.62,"E"
"PhonAlign",177.62,177.7,"d"
"PhonAlign",177.7,177.77,"i"
"PhonAlign",177.77,177.84,"t"
"PhonAlign",177.84,179.94,"#"
"PhonAlign",179.94,180.05,"A/"
"PhonAlign",180.05,180.07999999999998,"b"
"PhonAlign",180.07999999999998,180.16,"O~"
"PhonAlign",180.16,180.19,"d"
"PhonAlign",180.19,180.22,"A/"
"PhonAlign",180.22,180.49,"k"
"PhonAlign",180.49,180.52,"O/"
"PhonAlign",180.52,180.59,"R"
"PhonAlign",180.59,181.8,"#"
"PhonAlign",181.8,181.95,"s"
"PhonAlign",181.95,181.98,"e"
"PhonAlign",181.98,182.03,"p"
"PhonAlign",182.03,182.13,"s"
"PhonAlign",182.13,182.16000000000005,"k"
"PhonAlign",182.16000000000005,182.2,"i"
"PhonAlign",182.2,182.28,"s"
"PhonAlign",182.28,182.34,"A/"
"PhonAlign",182.34,182.39,"p"
"PhonAlign",182.39,182.53,"E"
"PhonAlign",182.53,182.68,"l"
"PhonAlign",182.68,182.81,"Z"
"PhonAlign",182.81,182.91000000000005,"e"
"PhonAlign",182.91000000000005,182.94,"R"
"PhonAlign",182.94,183.13,"O/"
"PhonAlign",183.13,183.2,"m"
"PhonAlign",183.2,183.402451,"@"
"PhonAlign",183.402451,184.317533,"laugh"
"PhonAlign",184.317533,185.092378,"#"
"PhonAlign",185.092378,185.282378,"O/"
"PhonAlign",185.282378,185.382378,"k"
"PhonAlign",185.382378,185.549062,"E"
"PhonAlign",185.549062,186.96,"#"
"PhonAlign",186.96,187.0,"m"
"PhonAlign",187.0,187.03,"w"
"PhonAlign",187.03,187.1,"A/"
"PhonAlign",187.1,187.13,"k"
"PhonAlign",187.13,187.16,"O/"
"PhonAlign",187.16,187.2,"m"
"PhonAlign",187.2,187.34,"@"
"PhonAlign",187.34,187.39,"Z"
"PhonAlign",187.39,187.44,"@"
"PhonAlign",187.44,187.5,"l"
"PhonAlign",187.5,187.57,"@"
"PhonAlign",187.57,187.69,"d"
"PhonAlign",187.69,187.75,"i"
"PhonAlign",187.75,187.79,"z"
"PhonAlign",187.79,187.88,"E"
"PhonAlign",187.88,187.96,"Z"
"PhonAlign",187.96,187.99,"l"
"PhonAlign",187.99,188.03,"@"
"PhonAlign",188.03,188.11,"k"
"PhonAlign",188.11,188.14,"O/"
"PhonAlign",188.14,188.18,"n"
"PhonAlign",188.18,188.25,"E"
"PhonAlign",188.25,188.32,"b"
"PhonAlign",188.32,188.4,"j"
"PhonAlign",188.4,188.59,"U~/"
"PhonAlign",188.59,188.64,"d"
"PhonAlign",188.64,188.69,"e"
"PhonAlign",188.69,188.77,"d"
"PhonAlign",188.77,188.87,"e"
"PhonAlign",188.87,188.93,"d"
"PhonAlign",188.93,189.03,"O~"
"PhonAlign",189.03,189.08,"k"
"PhonAlign",189.08,189.17,"S"
"PhonAlign",189.17,189.31,"p"
"PhonAlign",189.31,189.4,"2"
"PhonAlign",189.4,189.43,"z"
"PhonAlign",189.43,189.49,"m"
"PhonAlign",189.49,189.56,"O/"
"PhonAlign",189.56,189.65,"k"
"PhonAlign",189.65,189.68,"y"
"PhonAlign",189.68,189.74,"p"
"PhonAlign",189.74,189.8,"e"
"PhonAlign",189.8,189.84,"d"
"PhonAlign",189.84,189.87,"@"
"PhonAlign",189.87,189.9,"A/"
"PhonAlign",189.9,189.94,"l"
"PhonAlign",189.94,190.0,"e"
"PhonAlign",190.0,190.04,"R"
"PhonAlign",190.04,190.09,"v"
"PhonAlign",190.09,190.16,"w"
"PhonAlign",190.16,190.21,"A/"
"PhonAlign",190.21,190.26,"R"
"PhonAlign",190.26,190.31,"d"
"PhonAlign",190.31,190.39,"e"
"PhonAlign",190.39,190.5,"d"
"PhonAlign",190.5,190.62,"e"
"PhonAlign",190.62,190.71,"d"
"PhonAlign",190.71,190.74,"@"
"PhonAlign",190.74,190.83,"R"
"PhonAlign",190.83,190.9,"E"
"PhonAlign",190.9,190.98,"z"
"PhonAlign",190.98,191.02,"E"
"PhonAlign",191.02,191.07,"R"
"PhonAlign",191.07,191.13,"v"
"PhonAlign",191.13,191.18,"e"
"PhonAlign",191.18,191.3,"s"
"PhonAlign",191.3,191.37,"O~"
"PhonAlign",191.37,191.51,"S"
"PhonAlign",191.51,191.695,"a~"
"PhonAlign",191.695,191.94,"#"
"PhonAlign",191.94,192.09,"m"
"PhonAlign",192.09,192.31,"m"
"PhonAlign",192.31,199.295,"#"
"PhonAlign",199.295,199.495,"b"
"PhonAlign",199.495,199.695,"U~/"
"PhonAlign",199.695,199.775,"m"
"PhonAlign",199.775,199.845,"w"
"PhonAlign",199.845,199.885,"A/"
"PhonAlign",199.885,199.935,"Z"
"PhonAlign",199.935,200.015,"p"
"PhonAlign",200.015,200.085,"a~"
"PhonAlign",200.085,200.185,"s"
"PhonAlign",200.185,200.225,"E"
"PhonAlign",200.225,200.255,"A/"
"PhonAlign",200.255,200.285,"l"
"PhonAlign",200.285,200.335,"e"
"PhonAlign",200.335,200.375,"l"
"PhonAlign",200.375,200.435,"v"
"PhonAlign",200.435,200.495,"w"
"PhonAlign",200.495,200.545,"A/"
"PhonAlign",200.545,200.595,"R"
"PhonAlign",200.595,200.625,"d"
"PhonAlign",200.625,200.655,"E"
"PhonAlign",200.655,200.685,"l"
"PhonAlign",200.685,200.725,"A/"
"PhonAlign",200.725,200.835,"s"
"PhonAlign",200.835,200.865,"m"
"PhonAlign",200.865,200.895,"E"
"PhonAlign",200.895,200.955,"n"
"PhonAlign",200.955,200.985,"p"
"PhonAlign",200.985,201.025,"R"
"PhonAlign",201.025,201.085,"O/"
"PhonAlign",201.085,201.185,"S"
"PhonAlign",201.185,201.235,"E"
"PhonAlign",201.235,201.365,"n"
"PhonAlign",201.365,201.625,"#"
"PhonAlign",201.625,201.735,"k"
"PhonAlign",201.735,201.775,"O/"
"PhonAlign",201.775,201.825,"m"
"PhonAlign",201.825,201.945,"s"
"PhonAlign",201.945,202.025,"A/"
"PhonAlign",202.025,202.125,"i"
"PhonAlign",202.125,202.155,"E"
"PhonAlign",202.155,202.255,"O/"
"PhonAlign",202.255,202.305,"k"
"PhonAlign",202.305,202.335,"u"
"PhonAlign",202.335,202.405,"R"
"PhonAlign",202.405,202.675,"a~"
"PhonAlign",202.675,202.745,"E"
"PhonAlign",202.745,202.805,"i"
"PhonAlign",202.805,202.885,"p"
"PhonAlign",202.885,202.935,"@"
"PhonAlign",202.935,203.045,"s"
"PhonAlign",203.045,203.105,"O/"
"PhonAlign",203.105,203.135,"R"
"PhonAlign",203.135,203.195,"g"
"PhonAlign",203.195,203.225,"A/"
"PhonAlign",203.225,203.325,"n"
"PhonAlign",203.325,203.355,"i"
"PhonAlign",203.355,203.465,"z"
"PhonAlign",203.465,203.515,"e"
"PhonAlign",203.515,203.545,"l"
"PhonAlign",203.545,203.635,"H"
"PhonAlign",203.635,203.705,"O/"
"PhonAlign",203.705,203.905,"s"
"PhonAlign",203.905,203.935,"i"
"PhonAlign",203.935,204.3,"fp"
"PhonAlign",204.3,205.92,"#"
"PhonAlign",205.92,205.96,"s"
"PhonAlign",205.96,206.01,"m"
"PhonAlign",206.01,206.14,"s"
"PhonAlign",206.14,206.21,"a~"
"PhonAlign",206.21,206.24,"b"
"PhonAlign",206.24,206.27,"l"
"PhonAlign",206.27,206.33,"E"
"PhonAlign",206.33,206.45,"t"
"PhonAlign",206.45,206.48,"l"
"PhonAlign",206.48,206.59,"m"
"PhonAlign",206.59,206.64,"j"
"PhonAlign",206.64,206.7,"@"
"PhonAlign",206.7,206.8,"p"
"PhonAlign",206.8,206.9,"u"
"PhonAlign",206.9,206.93,"R"
"PhonAlign",206.93,207.06,"l"
"PhonAlign",207.06,207.09,"H"
"PhonAlign",207.09,207.14,"p"
"PhonAlign",207.14,207.17,"u"
"PhonAlign",207.17,207.24,"R"
"PhonAlign",207.24,207.4,"t"
"PhonAlign",207.4,207.44,"u"
"PhonAlign",207.44,207.47,"l"
"PhonAlign",207.47,207.59,"m"
"PhonAlign",207.59,207.69,"O~"
"PhonAlign",207.69,207.785,"d"
"PhonAlign",207.785,212.595,"#"
"PhonAlign",212.595,212.875,"E"
"PhonAlign",212.875,212.935,"e"
"PhonAlign",212.935,213.065,"k"
"PhonAlign",213.065,213.095,"u"
"PhonAlign",213.095,213.17,"t"
"PhonAlign",213.17,214.314729,"#"
"PhonAlign",214.314729,214.85546,"laugh"
"PhonAlign",214.85546,222.548187,"#"
"PhonAlign",222.548187,224.032716,"laugh"
"PhonAlign",224.032716,224.112716,"i"
"PhonAlign",224.112716,224.272716,"l"
"PhonAlign",224.272716,224.312716,"R"
"PhonAlign",224.312716,224.402716,"A/"
"PhonAlign",224.402716,224.472716,"m"
"PhonAlign",224.472716,224.582716,"A/"
"PhonAlign",224.582716,224.648438,"s"
"PhonAlign",224.648438,249.521769,"#"
"PhonAlign",249.521769,249.561769,"E"
"PhonAlign",249.561769,249.601769,"p"
"PhonAlign",249.601769,249.631769,"i"
"PhonAlign",249.631769,249.771769,"t"
"PhonAlign",249.771769,249.811769,"E"
"PhonAlign",249.811769,249.841769,"y"
"PhonAlign",249.841769,249.871769,"n"
"PhonAlign",249.871769,249.901769,"g"
"PhonAlign",249.901769,249.931769,"R"
"PhonAlign",249.931769,250.061769,"a~"
"PhonAlign",250.061769,250.111769,"d"
"PhonAlign",250.111769,250.201769,"k"
"PhonAlign",250.201769,250.231769,"w"
"PhonAlign",250.231769,250.281769,"E"
"PhonAlign",250.281769,250.341769,"t"
"PhonAlign",250.341769,250.381769,"@"
"PhonAlign",250.381769,250.411769,"O/"
"PhonAlign",250.411769,250.541769,"s"
"PhonAlign",250.541769,250.571769,"i"
"PhonAlign",250.571769,250.611769,"n"
"PhonAlign",250.611769,250.695,"O~"
"PhonAlign",250.695,251.635,"#"
"PhonAlign",251.635,251.675,"p"
"PhonAlign",251.675,251.715,"u"
"PhonAlign",251.715,251.745,"R"
"PhonAlign",251.745,251.775,"f"
"PhonAlign",251.775,251.805,"E"
"PhonAlign",251.805,251.835,"R"
"PhonAlign",251.835,251.865,"d"
"PhonAlign",251.865,251.985,"f"
"PhonAlign",251.985,252.095,"O~"
"PhonAlign",252.095,252.165,"k"
"PhonAlign",252.165,252.205,"O/"
"PhonAlign",252.205,252.255,"m"
"PhonAlign",252.255,252.355,"s"
"PhonAlign",252.355,252.47,"A/"
"PhonAlign",252.47,252.982929,"#"
"PhonAlign",252.982929,255.57105,"laugh"
"PhonAlign",255.57105,257.931835,"#"
"PhonAlign",257.931835,259.759719,"laugh"
"PhonAlign",259.759719,260.05971900000003,"O/"
"PhonAlign",260.05971900000003,260.10971900000004,"n"
"PhonAlign",260.10971900000004,260.199719,"O/"
"PhonAlign",260.199719,260.749719,"#"
"PhonAlign",260.749719,260.79971900000004,"d"
"PhonAlign",260.79971900000004,260.879719,"2"
"PhonAlign",260.879719,261.019719,"f"
"PhonAlign",261.019719,261.10971900000004,"i"
"PhonAlign",261.10971900000004,261.139719,"l"
"PhonAlign",261.139719,261.209719,"m"
"PhonAlign",261.209719,261.399719,"d"
"PhonAlign",261.399719,261.589719,"O~"
"PhonAlign",261.589719,261.794668,"k"
"PhonAlign",261.794668,268.796505,"#"
"PhonAlign",268.796505,269.950667,"laugh"
"PhonAlign",269.950667,290.345,"#"
"PhonAlign",290.345,290.38500000000005,"l"
"PhonAlign",290.38500000000005,290.475,"A/"
"PhonAlign",290.475,290.595,"s"
"PhonAlign",290.595,290.63500000000005,"e"
"PhonAlign",290.63500000000005,290.665,"y"
"PhonAlign",290.665,290.745,"n"
"PhonAlign",290.745,290.82500000000005,"k"
"PhonAlign",290.82500000000005,290.89500000000004,"E"
"PhonAlign",290.89500000000004,290.935,"s"
"PhonAlign",290.935,290.975,"t"
"PhonAlign",290.975,291.00500000000005,"j"
"PhonAlign",291.00500000000005,291.08500000000004,"O~"
"PhonAlign",291.08500000000004,291.13500000000005,"d"
"PhonAlign",291.13500000000005,291.175,"b"
"PhonAlign",291.175,291.21500000000003,"y"
"PhonAlign",291.21500000000003,291.26500000000004,"d"
"PhonAlign",291.26500000000004,291.31500000000005,"Z"
"PhonAlign",291.31500000000005,291.39500000000004,"E"
"PhonAlign",291.39500000000004,291.475,"S"
"PhonAlign",291.475,291.535,"p"
"PhonAlign",291.535,291.58500000000004,"a~"
"PhonAlign",291.58500000000004,291.721538,"s"
"PhonAlign",291.721538,298.085,"#"
"PhonAlign",298.085,298.155,"n"
"PhonAlign",298.155,298.265,"a~"
"PhonAlign",298.265,298.315,"m"
"PhonAlign",298.315,298.385,"E"
"PhonAlign",298.385,298.435,"Z"
"PhonAlign",298.435,298.505,"a~"
"PhonAlign",298.505,298.535,"R"
"PhonAlign",298.535,298.635,"s"
"PhonAlign",298.635,298.725,"e"
"PhonAlign",298.725,298.795,"k"
"PhonAlign",298.795,298.845,"@"
"PhonAlign",298.845,298.875,"A/"
"PhonAlign",298.875,298.905,"l"
"PhonAlign",298.905,299.185,"A/"
"PhonAlign",299.185,299.295,"O/"
"PhonAlign",299.295,299.325,"l"
"PhonAlign",299.325,299.355,"j"
"PhonAlign",299.355,299.485,"@"
"PhonAlign",299.485,299.755,"#"
"PhonAlign",299.755,299.905,"A/"
"PhonAlign",299.905,299.975,"u"
"PhonAlign",299.975,300.105,"i"
"PhonAlign",300.105,300.82,"#"
"PhonAlign",300.82,300.9,"u"
"PhonAlign",300.9,300.97,"i"
"PhonAlign",300.97,302.745,"#"
"PhonAlign",302.745,302.835,"O/"
"PhonAlign",302.835,302.90500000000003,"k"
"PhonAlign",302.90500000000003,303.01,"E"
"PhonAlign",303.01,309.726384,"#"
"PhonAlign",309.726384,309.876384,"n"
"PhonAlign",309.876384,310.116384,"a~"
"PhonAlign",310.116384,310.246384,"s"
"PhonAlign",310.246384,310.416384,"e"
"PhonAlign",310.416384,310.616384,"s"
"PhonAlign",310.616384,310.726384,"e"
"PhonAlign",310.726384,310.876384,"i"
"PhonAlign",310.876384,310.91802,"l"
"PhonAlign",310.91802,313.6,"#"
"PhonAlign",313.6,313.83000000000004,"E"
"PhonAlign",313.83000000000004,314.0,"i"
"PhonAlign",314.0,314.04,"l"
"PhonAlign",314.04,314.45,"#"
"PhonAlign",314.45,314.53,"e"
"PhonAlign",314.53,314.59,"i"
"PhonAlign",314.59,314.7,"f"
"PhonAlign",314.7,314.76,"O/"
"PhonAlign",314.76,314.81,"k"
"PhonAlign",314.81,314.88,"i"
"PhonAlign",314.88,314.98,"s"
"PhonAlign",314.98,315.02,"w"
"PhonAlign",315.02,315.05,"A/"
"PhonAlign",315.05,315.13,"a~"
"PhonAlign",315.13,315.2,"p"
"PhonAlign",315.2,315.29,"A/"
"PhonAlign",315.29,315.38,"t"
"PhonAlign",315.38,315.5,"U~/"
"PhonAlign",315.5,315.537188,"z"
"PhonAlign",315.537188,318.5,"#"
"PhonAlign",318.5,318.7,"w"
"PhonAlign",318.7,318.92,"E"
"PhonAlign",318.92,318.98,"m"
"PhonAlign",318.98,319.16,"E"
"PhonAlign",319.16,319.8,"#"
"PhonAlign",319.8,319.92,"S"
"PhonAlign",319.92,319.99,"p"
"PhonAlign",319.99,320.08,"a~"
"PhonAlign",320.08,320.21,"s"
"PhonAlign",320.21,320.29,"E"
"PhonAlign",320.29,320.35,"m"
"PhonAlign",320.35,320.44,"E"
"PhonAlign",320.44,320.48,"t"
"PhonAlign",320.48,320.51,"R"
"PhonAlign",320.51,320.55,"d"
"PhonAlign",320.55,320.61,"e"
"PhonAlign",320.61,320.76,"p"
"PhonAlign",320.76,320.8,"t"
"PhonAlign",320.8,320.88,"i"
"PhonAlign",320.88,320.93,"t"
"PhonAlign",320.93,321.02,"y"
"PhonAlign",321.02,321.08,"n"
"PhonAlign",321.08,321.14,"p"
"PhonAlign",321.14,321.18,"t"
"PhonAlign",321.18,321.27,"i"
"PhonAlign",321.27,321.33,"t"
"PhonAlign",321.33,321.39,"E"
"PhonAlign",321.39,321.48,"s"
"PhonAlign",321.48,321.56,"t"
"PhonAlign",321.56,321.59,"R"
"PhonAlign",321.59,321.75,"A/"
"PhonAlign",321.75,321.82,"d"
"PhonAlign",321.82,321.94,"@"
"PhonAlign",321.94,322.2,"k"
"PhonAlign",322.2,322.24,"i"
"PhonAlign",322.24,322.31,"p"
"PhonAlign",322.31,322.38,"A/"
"PhonAlign",322.38,322.48,"s"
"PhonAlign",322.48,322.55,"2"
"PhonAlign",322.55,322.6,"R"
"PhonAlign",322.6,322.63,"E"
"PhonAlign",322.63,322.69,"a~"
"PhonAlign",322.69,322.74,"t"
"PhonAlign",322.74,322.78,"R"
"PhonAlign",322.78,322.81,"l"
"PhonAlign",322.81,322.92,"@"
"PhonAlign",322.92,322.95,"v"
"PhonAlign",322.95,323.0,"w"
"PhonAlign",323.0,323.04,"A/"
"PhonAlign",323.04,323.13,"t"
"PhonAlign",323.13,323.16,"y"
"PhonAlign",323.16,323.19,"R"
"PhonAlign",323.19,323.23,"E"
"PhonAlign",323.23,323.27,"d"
"PhonAlign",323.27,323.31,"y"
"PhonAlign",323.31,323.39,"k"
"PhonAlign",323.39,323.42,"u"
"PhonAlign",323.42,323.46,"j"
"PhonAlign",323.46,323.49,"O/"
"PhonAlign",323.49,323.52,"R"
"PhonAlign",323.52,323.57,"E"
"PhonAlign",323.57,323.61,"d"
"PhonAlign",323.61,323.73,"s"
"PhonAlign",323.73,323.82,"O/"
"PhonAlign",323.82,323.85,"R"
"PhonAlign",323.85,323.88,"t"
"PhonAlign",323.88,323.94,"@"
"PhonAlign",323.94,323.98,"d"
"PhonAlign",323.98,324.05,"p"
"PhonAlign",324.05,324.08,"l"
"PhonAlign",324.08,324.22,"A/"
"PhonAlign",324.22,324.45,"s"
"PhonAlign",324.45,324.51,"e"
"PhonAlign",324.51,324.61,"i"
"PhonAlign",324.61,324.66,"l"
"PhonAlign",324.66,325.948952,"#"
"PhonAlign",325.948952,325.98895200000004,"w"
"PhonAlign",325.98895200000004,326.05895200000003,"E"
"PhonAlign",326.05895200000003,326.10895200000004,"b"
"PhonAlign",326.10895200000004,326.278952,"U~/"
"PhonAlign",326.278952,326.30895200000003,"Z"
"PhonAlign",326.30895200000003,326.43895200000003,"@"
"PhonAlign",326.43895200000003,326.478952,"m"
"PhonAlign",326.478952,326.538952,"O/"
"PhonAlign",326.538952,326.60895200000004,"k"
"PhonAlign",326.60895200000004,326.708952,"y"
"PhonAlign",326.708952,326.73895200000004,"p"
"PhonAlign",326.73895200000004,326.768952,"d"
"PhonAlign",326.768952,326.828952,"y"
"PhonAlign",326.828952,326.86895200000004,"p"
"PhonAlign",326.86895200000004,326.978952,"A/"
"PhonAlign",326.978952,327.008952,"R"
"PhonAlign",327.008952,327.068952,"k"
"PhonAlign",327.068952,327.17895200000004,"i"
"PhonAlign",327.17895200000004,327.208952,"g"
"PhonAlign",327.208952,327.288952,"v"
"PhonAlign",327.288952,327.348952,"y"
"PhonAlign",327.348952,327.378952,"k"
"PhonAlign",327.378952,327.458952,"Z"
"PhonAlign",327.458952,327.518952,"@"
"PhonAlign",327.518952,327.55895200000003,"v"
"PhonAlign",327.55895200000003,327.60895200000004,"w"
"PhonAlign",327.60895200000004,327.648952,"A/"
"PhonAlign",327.648952,327.718952,"t"
"PhonAlign",327.718952,327.778952,"R"
"PhonAlign",327.778952,327.838952,"E"
"PhonAlign",327.838952,327.908952,"b"
"PhonAlign",327.908952,327.968952,"j"
"PhonAlign",327.968952,328.138952,"U~/"
"PhonAlign",328.138952,328.198952,"p"
"PhonAlign",328.198952,328.288952,"A/"
"PhonAlign",328.288952,328.318952,"R"
"PhonAlign",328.318952,328.35895200000004,"k"
"PhonAlign",328.35895200000004,328.41895200000005,"O~"
"PhonAlign",328.41895200000005,328.508952,"t"
"PhonAlign",328.508952,328.578952,"i"
"PhonAlign",328.578952,328.628952,"f"
"PhonAlign",328.628952,328.67895200000004,"O/"
"PhonAlign",328.67895200000004,328.73895200000004,"t"
"PhonAlign",328.73895200000004,328.768952,"R"
"PhonAlign",328.768952,328.80895200000003,"u"
"PhonAlign",328.80895200000003,328.838952,"v"
"PhonAlign",328.838952,328.888952,"e"
"PhonAlign",328.888952,328.92895200000004,"k"
"PhonAlign",328.92895200000004,329.038952,"E"
"PhonAlign",329.038952,329.068952,"l"
"PhonAlign",329.068952,329.11895200000004,"k"
"PhonAlign",329.11895200000004,329.198952,"U~/"
"PhonAlign",329.198952,329.278952,"k"
"PhonAlign",329.278952,329.318952,"i"
"PhonAlign",329.318952,329.408952,"p"
"PhonAlign",329.408952,329.448952,"@"
"PhonAlign",329.448952,329.55895200000003,"s"
"PhonAlign",329.55895200000003,329.598952,"E"
"PhonAlign",329.598952,329.67895200000004,"R"
"PhonAlign",329.67895200000004,329.718952,"v"
"PhonAlign",329.718952,329.74895200000003,"i"
"PhonAlign",329.74895200000003,329.788952,"R"
"PhonAlign",329.788952,329.888952,"a~"
"PhonAlign",329.888952,329.91895200000005,"R"
"PhonAlign",329.91895200000005,330.028952,"O/"
"PhonAlign",330.028952,330.05895200000003,"l"
"PhonAlign",330.05895200000003,330.088952,"e"
"PhonAlign",330.088952,330.11895200000004,"l"
"PhonAlign",330.11895200000004,330.408952,"O/"
"PhonAlign",330.408952,330.43895200000003,"R"
"PhonAlign",330.43895200000003,330.468952,"l"
"PhonAlign",330.468952,330.518952,"A/"
"PhonAlign",330.518952,330.54895200000004,"Z"
"PhonAlign",330.54895200000004,330.67895200000004,"v"
"PhonAlign",330.67895200000004,330.718952,"u"
"PhonAlign",330.718952,330.74895200000003,"l"
"PhonAlign",330.74895200000003,330.79895200000004,"E"
"PhonAlign",330.79895200000004,330.888952,"s"
"PhonAlign",330.888952,330.91895200000005,"v"
"PhonAlign",330.91895200000005,330.948952,"u"
"PhonAlign",330.948952,331.018952,"d"
"PhonAlign",331.018952,331.068952,"E"
"PhonAlign",331.068952,331.11895200000004,"b"
"PhonAlign",331.11895200000004,331.148952,"R"
"PhonAlign",331.148952,331.258952,"u"
"PhonAlign",331.258952,331.338952,"j"
"PhonAlign",331.338952,331.448952,"e"
"PhonAlign",331.448952,331.485,"R"
"PhonAlign",331.485,334.98,"#"
"PhonAlign",334.98,335.13,"A/"
"PhonAlign",335.13,335.21000000000004,"m"
"PhonAlign",335.21000000000004,335.37,"E"
"PhonAlign",335.37,335.51,"s"
"PhonAlign",335.51,335.54,"e"
"PhonAlign",335.54,335.57,"l"
"PhonAlign",335.57,335.66,"Z"
"PhonAlign",335.66,335.70000000000005,"u"
"PhonAlign",335.70000000000005,335.73,"R"
"PhonAlign",335.73,335.79,"n"
"PhonAlign",335.79,335.87,"A/"
"PhonAlign",335.87,335.90000000000003,"l"
"PhonAlign",335.90000000000003,335.97,"d"
"PhonAlign",335.97,336.05,"@"
"PhonAlign",336.05,336.15000000000003,"f"
"PhonAlign",336.15000000000003,336.27000000000004,"R"
"PhonAlign",336.27000000000004,336.32,"a~"
"PhonAlign",336.32,336.38,"s"
"PhonAlign",336.38,336.49,"d"
"PhonAlign",336.49,336.54,"2"
"PhonAlign",336.54,336.69,"l"
"PhonAlign",336.69,336.75,"A/"
"PhonAlign",336.75,336.78000000000003,"d"
"PhonAlign",336.78000000000003,336.81,"i"
"PhonAlign",336.81,337.11,"t"
"PhonAlign",337.11,337.39000000000004,"O/"
"PhonAlign",337.39000000000004,337.54,"k"
"PhonAlign",337.54,337.685,"e"
"PhonAlign",337.685,339.139278,"#"
"PhonAlign",339.139278,339.644904,"laugh"
"PhonAlign",339.644904,342.469688,"#"
"PhonAlign",342.469688,342.669688,"O~"
"PhonAlign",342.669688,342.729688,"l"
"PhonAlign",342.729688,342.809688,"H"
"PhonAlign",342.809688,342.969688,"f"
"PhonAlign",342.969688,343.119688,"E"
"PhonAlign",343.119688,343.219688,"t"
"PhonAlign",343.219688,343.37968800000004,"@"
"PhonAlign",343.37968800000004,343.469688,"d"
"PhonAlign",343.469688,343.51968800000003,"E"
"PhonAlign",343.51968800000003,343.619688,"z"
"PhonAlign",343.619688,343.709688,"b"
"PhonAlign",343.709688,343.75968800000004,"E"
"PhonAlign",343.75968800000004,343.789688,"t"
"PhonAlign",343.789688,343.899688,"d"
"PhonAlign",343.899688,343.969688,"@"
"PhonAlign",343.969688,344.109688,"k"
"PhonAlign",344.109688,344.159688,"O~"
"PhonAlign",344.159688,344.209688,"s"
"PhonAlign",344.209688,344.289688,"t"
"PhonAlign",344.289688,344.31968800000004,"R"
"PhonAlign",344.31968800000004,344.359688,"y"
"PhonAlign",344.359688,344.399688,"k"
"PhonAlign",344.399688,344.499688,"s"
"PhonAlign",344.499688,344.529688,"j"
"PhonAlign",344.529688,344.669688,"O~"
"PhonAlign",344.669688,344.719688,"p"
"PhonAlign",344.719688,344.779688,"u"
"PhonAlign",344.779688,344.82968800000003,"R"
"PhonAlign",344.82968800000003,344.859688,"l"
"PhonAlign",344.859688,344.919688,"E"
"PhonAlign",344.919688,344.999688,"b"
"PhonAlign",344.999688,345.029688,"y"
"PhonAlign",345.029688,345.149688,"v"
"PhonAlign",345.149688,345.299688,"E"
"PhonAlign",345.299688,345.399688,"t"
"PhonAlign",345.399688,345.44968800000004,"E"
"PhonAlign",345.44968800000004,345.51968800000003,"t"
"PhonAlign",345.51968800000003,345.659688,"u"
"PhonAlign",345.659688,345.755,"t"
"PhonAlign",345.755,348.68,"#"
"PhonAlign",348.68,348.82,"m"
"PhonAlign",348.82,348.949688,"m"
"PhonAlign",348.949688,350.64,"#"
"PhonAlign",350.64,350.73,"u"
"PhonAlign",350.73,350.84,"i"
"PhonAlign",350.84,350.96,"#"
"PhonAlign",350.96,351.0,"n"
"PhonAlign",351.0,351.08,"a~"
"PhonAlign",351.08,351.13,"m"
"PhonAlign",351.13,351.32,"E"
"PhonAlign",351.32,351.42,"i"
"PhonAlign",351.42,351.55,"f"
"PhonAlign",351.55,351.64,"O/"
"PhonAlign",351.64,351.71,"b"
"PhonAlign",351.71,351.77,"j"
"PhonAlign",351.77,351.85,"U~/"
"PhonAlign",351.85,351.97,"k"
"PhonAlign",351.97,352.06,"@"
"PhonAlign",352.06,352.12,"u"
"PhonAlign",352.12,352.24,"i"
"PhonAlign",352.24,352.605,"#"
"PhonAlign",352.605,352.665,"s"
"PhonAlign",352.665,352.695,"e"
"PhonAlign",352.695,352.755,"U~/"
"PhonAlign",352.755,352.815,"p"
"PhonAlign",352.815,352.865,"2"
"PhonAlign",352.865,352.935,"k"
"PhonAlign",352.935,352.995,"O~"
"PhonAlign",352.995,353.035,"p"
"PhonAlign",353.035,353.065,"l"
"PhonAlign",353.065,353.095,"i"
"PhonAlign",353.095,353.165,"k"
"PhonAlign",353.165,353.195,"e"
"PhonAlign",353.195,353.225,"#"
"PhonAlign",353.225,353.27500000000003,"n"
"PhonAlign",353.27500000000003,353.315,"a~"
"PhonAlign",353.315,353.345,"j"
"PhonAlign",353.345,353.415,"A/"
"PhonAlign",353.415,353.57500000000005,"k"
"PhonAlign",353.57500000000005,353.605,"l"
"PhonAlign",353.605,353.675,"e"
"PhonAlign",353.675,353.77500000000003,"s"
"PhonAlign",353.77500000000003,353.815,"E"
"PhonAlign",353.815,353.875,"R"
"PhonAlign",353.875,353.945,"v"
"PhonAlign",353.945,354.01500000000004,"9"
"PhonAlign",354.01500000000004,354.07500000000005,"R"
"PhonAlign",354.07500000000005,354.135,"k"
"PhonAlign",354.135,354.26500000000004,"s"
"PhonAlign",354.26500000000004,354.535,"O~"
"PhonAlign",354.535,354.61,"t"
"PhonAlign",354.61,358.365938,"#"
"PhonAlign",358.365938,358.47593800000004,"l"
"PhonAlign",358.47593800000004,358.575938,"@"
"PhonAlign",358.575938,358.615938,"p"
"PhonAlign",358.615938,358.645938,"w"
"PhonAlign",358.645938,358.865938,"U~/"
"PhonAlign",358.865938,358.96593800000005,"t"
"PhonAlign",358.96593800000005,359.005938,"l"
"PhonAlign",359.005938,359.065938,"O/"
"PhonAlign",359.065938,359.15593800000005,"Z"
"PhonAlign",359.15593800000005,359.205938,"i"
"PhonAlign",359.205938,359.305938,"s"
"PhonAlign",359.305938,359.42593800000003,"t"
"PhonAlign",359.42593800000003,359.455938,"i"
"PhonAlign",359.455938,359.625938,"k"
"PhonAlign",359.625938,359.674907,"@"
"PhonAlign",359.674907,376.77,"#"
"PhonAlign",376.77,376.81,"t"
"PhonAlign",376.81,376.86,"R"
"PhonAlign",376.86,376.91,"u"
"PhonAlign",376.91,376.96,"v"
"PhonAlign",376.96,377.02,"e"
"PhonAlign",377.02,377.06,"d"
"PhonAlign",377.06,377.09,"p"
"PhonAlign",377.09,377.12,"t"
"PhonAlign",377.12,377.15,"i"
"PhonAlign",377.15,377.24,"k"
"PhonAlign",377.24,377.3,"O/"
"PhonAlign",377.3,377.44,"s"
"PhonAlign",377.44,377.49,"t"
"PhonAlign",377.49,377.59,"y"
"PhonAlign",377.59,377.704687,"m"
"PhonAlign",377.704687,380.35,"#"
"PhonAlign",380.35,380.5100000000001,"A/"
"PhonAlign",380.5100000000001,380.6,"w"
"PhonAlign",380.6,381.145,"E"
"PhonAlign",381.145,381.93,"#"
"PhonAlign",381.93,382.34,"A/"
"PhonAlign",382.34,382.37,"w"
"PhonAlign",382.37,382.4,"A/"
"PhonAlign",382.4,382.47,"i"
"PhonAlign",382.47,382.5,"i"
"PhonAlign",382.5,382.97,"E"
"PhonAlign",382.97,383.01,"s"
"PhonAlign",383.01,391.935,"#"
"PhonAlign",391.935,392.035,"w"
"PhonAlign",392.035,392.175,"E"
"PhonAlign",392.175,393.445,"#"
"PhonAlign",393.445,393.505,"s"
"PhonAlign",393.505,393.535,"e"
"PhonAlign",393.535,393.575,"l"
"PhonAlign",393.575,393.675,"A/"
"PhonAlign",393.675,393.795,"l"
"PhonAlign",393.795,393.845,"O/"
"PhonAlign",393.845,394.025,"Z"
"PhonAlign",394.025,394.115,"i"
"PhonAlign",394.115,394.335,"s"
"PhonAlign",394.335,394.385,"t"
"PhonAlign",394.385,394.445,"i"
"PhonAlign",394.445,394.53,"k"
"PhonAlign",394.53,394.935,"#"
"PhonAlign",394.935,394.975,"s"
"PhonAlign",394.975,395.005,"e"
"PhonAlign",395.005,395.035,"s"
"PhonAlign",395.035,395.065,"n"
"PhonAlign",395.065,395.115,"O~"
"PhonAlign",395.115,395.16,"n"
"PhonAlign",395.16,401.67,"#"
"PhonAlign",401.67,401.77,"E"
"PhonAlign",401.77,401.82,"m"
"PhonAlign",401.82,401.86,"E"
"PhonAlign",401.86,401.95,"O~"
"PhonAlign",401.95,401.99,"n"
"PhonAlign",401.99,402.02,"E"
"PhonAlign",402.02,402.11,"a~"
"PhonAlign",402.11,402.17,"v"
"PhonAlign",402.17,402.22,"w"
"PhonAlign",402.22,402.28,"A/"
"PhonAlign",402.28,402.41,"t"
"PhonAlign",402.41,402.45,"y"
"PhonAlign",402.45,402.63,"R"
"PhonAlign",402.63,404.255,"#"
"PhonAlign",404.255,404.365,"d"
"PhonAlign",404.365,404.455,"O~"
"PhonAlign",404.455,404.635,"k"
"PhonAlign",404.635,404.815,"l"
"PhonAlign",404.815,404.875,"A/"
"PhonAlign",404.875,404.915,"l"
"PhonAlign",404.915,405.015,"k"
"PhonAlign",405.015,405.055,"O/"
"PhonAlign",405.055,405.105,"l"
"PhonAlign",405.105,405.205,"s"
"PhonAlign",405.205,405.255,"A/"
"PhonAlign",405.255,405.285,"v"
"PhonAlign",405.285,405.315,"A/"
"PhonAlign",405.315,405.365,"E"
"PhonAlign",405.365,405.425,"t"
"PhonAlign",405.425,405.495,"R"
"PhonAlign",405.495,405.585,"U~/"
"PhonAlign",405.585,405.665,"p"
"PhonAlign",405.665,405.935,"2"
"PhonAlign",405.935,406.125,"#"
"PhonAlign",406.125,406.255,"u"
"PhonAlign",406.255,406.315,"l"
"PhonAlign",406.315,406.385,"O/"
"PhonAlign",406.385,406.415,"R"
"PhonAlign",406.415,406.455,"i"
"PhonAlign",406.455,406.595,"f"
"PhonAlign",406.595,406.665,"O/"
"PhonAlign",406.665,406.705,"E"
"PhonAlign",406.705,406.755,"t"
"PhonAlign",406.755,406.905,"s"
"PhonAlign",406.905,406.945,"y"
"PhonAlign",406.945,407.035,"R"
"PhonAlign",407.035,407.065,"k"
"PhonAlign",407.065,407.145,"s"
"PhonAlign",407.145,407.205,"@"
"PhonAlign",407.205,407.295,"s"
"PhonAlign",407.295,407.345,"w"
"PhonAlign",407.345,407.395,"A/"
"PhonAlign",407.395,407.465,"p"
"PhonAlign",407.465,407.585,"A/"
"PhonAlign",407.585,407.615,"l"
"PhonAlign",407.615,407.665,"k"
"PhonAlign",407.665,407.745,"O~"
"PhonAlign",407.745,407.805,"d"
"PhonAlign",407.805,407.865,"y"
"PhonAlign",407.865,407.915,"k"
"PhonAlign",407.915,408.075,"t"
"PhonAlign",408.075,408.245,"9"
"PhonAlign",408.245,408.285,"R"
"PhonAlign",408.285,408.335,"d"
"PhonAlign",408.335,408.395,"y"
"PhonAlign",408.395,408.495,"k"
"PhonAlign",408.495,408.64,"u"
"PhonAlign",408.64,409.705,"#"
"PhonAlign",409.705,409.745,"b"
"PhonAlign",409.745,409.785,"O/"
"PhonAlign",409.785,409.845,"A/"
"PhonAlign",409.845,409.885,"p"
"PhonAlign",409.885,409.945,"R"
"PhonAlign",409.945,410.055,"E"
"PhonAlign",410.055,410.195,"O~"
"PhonAlign",410.195,410.285,"p"
"PhonAlign",410.285,410.315,"@"
"PhonAlign",410.315,410.405,"O/"
"PhonAlign",410.405,410.575,"s"
"PhonAlign",410.575,410.745938,"i"
"PhonAlign",410.745938,415.225,"#"
"PhonAlign",415.225,415.295,"n"
"PhonAlign",415.295,415.375,"a~"
"PhonAlign",415.375,415.425,"m"
"PhonAlign",415.425,415.495,"A/"
"PhonAlign",415.495,415.545,"p"
"PhonAlign",415.545,415.605,"R"
"PhonAlign",415.605,415.6350000000001,"E"
"PhonAlign",415.6350000000001,415.745,"O~"
"PhonAlign",415.745,415.795,"p"
"PhonAlign",415.795,415.865,"@"
"PhonAlign",415.865,415.915,"s"
"PhonAlign",415.915,415.975,"b"
"PhonAlign",415.975,416.0750000000001,"A/"
"PhonAlign",416.0750000000001,416.165,"z"
"PhonAlign",416.165,416.245,"e"
"PhonAlign",416.245,416.275,"O/"
"PhonAlign",416.275,416.365,"s"
"PhonAlign",416.365,416.435,"i"
"PhonAlign",416.435,416.535,"s"
"PhonAlign",416.535,416.5750000000001,"y"
"PhonAlign",416.5750000000001,416.655,"R"
"PhonAlign",416.655,416.685,"l"
"PhonAlign",416.685,417.555,"@"
"PhonAlign",417.555,417.755,"#"
"PhonAlign",417.755,417.795,"l"
"PhonAlign",417.795,417.935,"A/"
"PhonAlign",417.935,418.005,"l"
"PhonAlign",418.005,418.045,"A/"
"PhonAlign",418.045,418.145,"b"
"PhonAlign",418.145,418.1950000000001,"O/"
"PhonAlign",418.1950000000001,418.295,"n"
"PhonAlign",418.295,418.3250000000001,"p"
"PhonAlign",418.3250000000001,418.405,"R"
"PhonAlign",418.405,418.465,"E"
"PhonAlign",418.465,418.525,"z"
"PhonAlign",418.525,418.605,"a~"
"PhonAlign",418.605,418.675,"s"
"PhonAlign",418.675,418.775,"d"
"PhonAlign",418.775,418.815,"E"
"PhonAlign",418.815,418.895,"s"
"PhonAlign",418.895,418.955,"p"
"PhonAlign",418.955,419.005,"R"
"PhonAlign",419.005,419.095,"i"
"PhonAlign",419.095,419.125,"d"
"PhonAlign",419.125,419.225,"E"
"PhonAlign",419.225,419.305,"Z"
"PhonAlign",419.305,419.455,"a~"
"PhonAlign",419.455,419.505,"E"
"PhonAlign",419.505,419.6350000000001,"s"
"PhonAlign",419.6350000000001,419.685,"@"
"PhonAlign",419.685,419.755,"d"
"PhonAlign",419.755,419.785,"i"
"PhonAlign",419.785,419.855,"R"
"PhonAlign",419.855,419.915,"k"
"PhonAlign",419.915,419.965,"k"
"PhonAlign",419.965,419.995,"l"
"PhonAlign",419.995,420.045,"@"
"PhonAlign",420.045,420.125,"k"
"PhonAlign",420.125,420.185,"O~"
"PhonAlign",420.185,420.235,"d"
"PhonAlign",420.235,420.295,"y"
"PhonAlign",420.295,420.3250000000001,"k"
"PhonAlign",420.3250000000001,420.405,"t"
"PhonAlign",420.405,420.465,"9"
"PhonAlign",420.465,420.595,"R"
"PhonAlign",420.595,420.6350000000001,"v"
"PhonAlign",420.6350000000001,420.725,"A/"
"PhonAlign",420.725,420.915,"p"
"PhonAlign",420.915,420.955,"A/"
"PhonAlign",420.955,421.095,"f"
"PhonAlign",421.095,421.165,"O/"
"PhonAlign",421.165,421.1950000000001,"R"
"PhonAlign",421.1950000000001,421.305,"s"
"PhonAlign",421.305,421.355,"E"
"PhonAlign",421.355,421.405,"m"
"PhonAlign",421.405,421.515,"a~"
"PhonAlign",421.515,421.645,"s"
"PhonAlign",421.645,421.675,"E"
"PhonAlign",421.675,421.8850000000001,"k"
"PhonAlign",421.8850000000001,421.915,"s"
"PhonAlign",421.915,421.975,"p"
"PhonAlign",421.975,422.005,"l"
"PhonAlign",422.005,422.035,"O/"
"PhonAlign",422.035,422.1350000000001,"z"
"PhonAlign",422.1350000000001,422.175,"e"
"PhonAlign",422.175,422.205,"l"
"PhonAlign",422.205,422.285,"A/"
"PhonAlign",422.285,422.365,"t"
"PhonAlign",422.365,422.425,"E"
"PhonAlign",422.425,422.505,"t"
"PhonAlign",422.505,422.5750000000001,"A/"
"PhonAlign",422.5750000000001,422.605,"v"
"PhonAlign",422.605,422.685,"a~"
"PhonAlign",422.685,422.725,"d"
"PhonAlign",422.725,422.785,"@"
"PhonAlign",422.785,422.845,"R"
"PhonAlign",422.845,422.8850000000001,"p"
"PhonAlign",422.8850000000001,422.965,"A/"
"PhonAlign",422.965,423.015,"R"
"PhonAlign",423.015,423.115,"t"
"PhonAlign",423.115,423.145,"i"
"PhonAlign",423.145,423.295,"R"
"PhonAlign",423.295,428.765,"#"
"PhonAlign",428.765,428.995,"m"
"PhonAlign",428.995,429.13,"#"
"PhonAlign",429.13,429.23,"O/"
"PhonAlign",429.23,429.32,"k"
"PhonAlign",429.32,429.43,"E"
"PhonAlign",429.43,437.065,"#"
"PhonAlign",437.065,437.245,"b"
"PhonAlign",437.245,437.375,"U~/"
"PhonAlign",437.375,437.505,"Z"
"PhonAlign",437.505,437.585,"@"
"PhonAlign",437.585,437.795,"s"
"PhonAlign",437.795,437.895,"Z"
"PhonAlign",437.895,437.925,"@"
"PhonAlign",437.925,438.135,"s"
"PhonAlign",438.135,438.185,"E"
"PhonAlign",438.185,438.285,"p"
"PhonAlign",438.285,438.405,"A/"
"PhonAlign",438.405,438.435,"p"
"PhonAlign",438.435,438.535,"A/"
"PhonAlign",438.535,438.655,"s"
"PhonAlign",438.655,438.745,"k"
"PhonAlign",438.745,438.795,"@"
"PhonAlign",438.795,438.845,"l"
"PhonAlign",438.845,438.915,"@"
"PhonAlign",438.915,439.085,"S"
"PhonAlign",439.085,439.335,"a~"
"PhonAlign",439.335,439.365,"a~"
"PhonAlign",439.365,439.485,"s"
"PhonAlign",439.485,439.535,"w"
"PhonAlign",439.535,439.575,"A/"
"PhonAlign",439.575,439.755,"s"
"PhonAlign",439.755,439.925,"s"
"PhonAlign",439.925,440.235,"e"
"PhonAlign",440.235,440.615,"p"
"PhonAlign",440.615,440.675,"R"
"PhonAlign",440.675,440.755,"i"
"PhonAlign",440.755,440.805,"v"
"PhonAlign",440.805,441.015,"e"
"PhonAlign",441.015,441.265,"s"
"PhonAlign",441.265,441.295,"s"
"PhonAlign",441.295,441.475,"e"
"PhonAlign",441.475,441.515,"A/"
"PhonAlign",441.515,441.585,"d"
"PhonAlign",441.585,441.655,"e"
"PhonAlign",441.655,441.715,"d"
"PhonAlign",441.715,441.845,"e"
"PhonAlign",441.845,441.905,"d"
"PhonAlign",441.905,441.975,"A/"
"PhonAlign",441.975,442.085,"k"
"PhonAlign",442.085,442.225,"O/"
"PhonAlign",442.225,442.255,"R"
"PhonAlign",442.255,442.305,"j"
"PhonAlign",442.305,442.345,"A/"
"PhonAlign",442.345,442.455,"p"
"PhonAlign",442.455,442.525,"A/"
"PhonAlign",442.525,442.605,"d"
"PhonAlign",442.605,442.725,"@"
"PhonAlign",442.725,442.855,"R"
"PhonAlign",442.855,442.915,"E"
"PhonAlign",442.915,442.995,"z"
"PhonAlign",442.995,443.085,"O~"
"PhonAlign",443.085,443.225,"k"
"PhonAlign",443.225,443.255,"O~"
"PhonAlign",443.255,443.545,"n"
"PhonAlign",443.545,443.665,"E"
"PhonAlign",443.665,443.785,"b"
"PhonAlign",443.785,443.875,"@"
"PhonAlign",443.875,443.925,"z"
"PhonAlign",443.925,443.975,"w"
"PhonAlign",443.975,444.035,"U~/"
"PhonAlign",444.035,444.065,"d"
"PhonAlign",444.065,444.115,"p"
"PhonAlign",444.115,444.185,"R"
"PhonAlign",444.185,444.235,"E"
"PhonAlign",444.235,444.265,"v"
"PhonAlign",444.265,444.295,"2"
"PhonAlign",444.295,444.325,"n"
"PhonAlign",444.325,444.355,"i"
"PhonAlign",444.355,444.385,"R"
"PhonAlign",444.385,444.505,"k"
"PhonAlign",444.505,444.555,"i"
"PhonAlign",444.555,444.605,"k"
"PhonAlign",444.605,444.675,"s"
"PhonAlign",444.675,444.735,"@"
"PhonAlign",444.735,444.845,"s"
"PhonAlign",444.845,444.895,"w"
"PhonAlign",444.895,444.965,"A/"
"PhonAlign",444.965,445.04,"t"
"PhonAlign",445.04,447.22,"#"
"PhonAlign",447.22,447.28,"u"
"PhonAlign",447.28,447.31,"i"
"PhonAlign",447.31,447.35,"#"
"PhonAlign",447.35,447.38000000000005,"u"
"PhonAlign",447.38000000000005,447.42,"i"
"PhonAlign",447.42,447.59,"s"
"PhonAlign",447.59,447.62,"e"
"PhonAlign",447.62,448.2000000000001,"v"
"PhonAlign",448.2000000000001,448.23,"R"
"PhonAlign",448.23,448.27,"E"
"PhonAlign",448.27,449.08,"#"
"PhonAlign",449.08,449.14,"b"
"PhonAlign",449.14,449.22,"O/"
"PhonAlign",449.22,449.25,"n"
"PhonAlign",449.25,449.43,"a~"
"PhonAlign",449.43,449.46,"v"
"PhonAlign",449.46,449.49,"A/"
"PhonAlign",449.49,449.54,"z"
"PhonAlign",449.54,449.62,"j"
"PhonAlign",449.62,449.68,"p"
"PhonAlign",449.68,449.72,"A/"
"PhonAlign",449.72,449.77,"d"
"PhonAlign",449.77,449.8,"A/"
"PhonAlign",449.8,449.84,"l"
"PhonAlign",449.84,449.96,"k"
"PhonAlign",449.96,449.99,"O/"
"PhonAlign",449.99,450.075,"l"
"PhonAlign",450.075,463.64051,"#"
"PhonAlign",463.64051,465.854477,"laugh"
"PhonAlign",465.854477,468.518341,"#"
"PhonAlign",468.518341,470.969096,"laugh"
"PhonAlign",470.969096,504.784339,"#"
"PhonAlign",504.784339,504.874339,"w"
"PhonAlign",504.874339,505.29766,"E"
"PhonAlign",505.29766,506.672626,"#"
"PhonAlign",506.672626,506.972626,"s"
"PhonAlign",506.972626,507.042626,"i"
"PhonAlign",507.042626,507.072626,"n"
"PhonAlign",507.072626,507.112626,"O~"
"PhonAlign",507.112626,507.242626,"O~"
"PhonAlign",507.242626,507.292626,"p"
"PhonAlign",507.292626,507.372626,"@"
"PhonAlign",507.372626,507.462626,"f"
"PhonAlign",507.462626,507.522626,"E"
"PhonAlign",507.522626,507.552626,"R"
"PhonAlign",507.552626,507.582626,"l"
"PhonAlign",507.582626,507.642626,"E"
"PhonAlign",507.642626,507.692626,"t"
"PhonAlign",507.692626,507.752626,"R"
"PhonAlign",507.752626,507.792626,"y"
"PhonAlign",507.792626,507.852626,"k"
"PhonAlign",507.852626,507.972626,"p"
"PhonAlign",507.972626,508.002626,"l"
"PhonAlign",508.002626,508.032626,"y"
"PhonAlign",508.032626,508.132626,"s"
"PhonAlign",508.132626,508.222626,"U~/"
"PhonAlign",508.222626,508.252626,"p"
"PhonAlign",508.252626,508.282626,"l"
"PhonAlign",508.282626,508.332626,"k"
"PhonAlign",508.332626,508.382626,"i"
"PhonAlign",508.382626,508.472626,"s"
"PhonAlign",508.472626,508.512626,"f"
"PhonAlign",508.512626,508.552626,"O~"
"PhonAlign",508.552626,508.582626,"m"
"PhonAlign",508.582626,508.662626,"U~/"
"PhonAlign",508.662626,508.712626,"n"
"PhonAlign",508.712626,508.762626,"a~"
"PhonAlign",508.762626,508.802626,"O/"
"PhonAlign",508.802626,508.862626,"s"
"PhonAlign",508.862626,508.892626,"i"
"PhonAlign",508.892626,508.952626,"p"
"PhonAlign",508.952626,509.012626,"A/"
"PhonAlign",509.012626,509.042626,"m"
"PhonAlign",509.042626,509.112626,"A/"
"PhonAlign",509.112626,509.142626,"l"
"PhonAlign",509.142626,509.172626,"d"
"PhonAlign",509.172626,509.252626,"a~"
"PhonAlign",509.252626,509.282626,"l"
"PhonAlign",509.282626,509.352626,"E"
"PhonAlign",509.352626,509.382626,"R"
"PhonAlign",509.382626,509.472626,"E"
"PhonAlign",509.472626,509.532626,"s"
"PhonAlign",509.532626,509.602626,"t"
"PhonAlign",509.602626,509.692626,"O/"
"PhonAlign",509.692626,509.802626,"s"
"PhonAlign",509.802626,509.832626,"e"
"PhonAlign",509.832626,509.862626,"l"
"PhonAlign",509.862626,509.922626,"@"
"PhonAlign",509.922626,510.012626,"p"
"PhonAlign",510.012626,510.082626,"t"
"PhonAlign",510.082626,510.132626,"i"
"PhonAlign",510.132626,510.202626,"t"
"PhonAlign",510.202626,510.272626,"R"
"PhonAlign",510.272626,510.322626,"y"
"PhonAlign",510.322626,510.382626,"k"
"PhonAlign",510.382626,510.462626,"d"
"PhonAlign",510.462626,510.972626,"@"
"PhonAlign",510.972626,511.032626,"#"
"PhonAlign",511.032626,511.192626,"k"
"PhonAlign",511.192626,511.312626,"i"
"PhonAlign",511.312626,511.522626,"k"
"PhonAlign",511.522626,511.552626,"l"
"PhonAlign",511.552626,511.592626,"i"
"PhonAlign",511.592626,511.642626,"n"
"PhonAlign",511.642626,511.702626,"j"
"PhonAlign",511.702626,511.752626,"O/"
"PhonAlign",511.752626,511.962626,"t"
"PhonAlign",511.962626,511.992626,"b"
"PhonAlign",511.992626,512.022626,"i"
"PhonAlign",512.022626,512.062626,"p"
"PhonAlign",512.062626,512.092626,"b"
"PhonAlign",512.092626,512.172626,"i"
"PhonAlign",512.172626,512.202626,"p"
"PhonAlign",512.202626,512.2826259999999,"E"
"PhonAlign",512.2826259999999,512.312626,"b"
"PhonAlign",512.312626,512.4126259999999,"i"
"PhonAlign",512.4126259999999,512.455,"p"
"PhonAlign",512.455,512.98,"#"
"PhonAlign",512.98,513.02,"d"
"PhonAlign",513.02,513.15,"y"
"PhonAlign",513.15,513.27,"k"
"PhonAlign",513.27,513.815,"u"
"PhonAlign",513.815,514.745,"#"
"PhonAlign",514.745,514.815,"l"
"PhonAlign",514.815,514.895,"@"
"PhonAlign",514.895,514.9350000000001,"m"
"PhonAlign",514.9350000000001,515.005,"E"
"PhonAlign",515.005,515.105,"k"
"PhonAlign",515.105,515.155,"i"
"PhonAlign",515.155,515.245,"s"
"PhonAlign",515.245,515.305,"E"
"PhonAlign",515.305,515.365,"k"
"PhonAlign",515.365,515.465,"s"
"PhonAlign",515.465,515.525,"e"
"PhonAlign",515.525,515.615,"p"
"PhonAlign",515.615,515.675,"R"
"PhonAlign",515.675,515.965,"E"
"PhonAlign",515.965,516.445,"e"
"PhonAlign",516.445,516.575,"i"
"PhonAlign",516.575,516.665,"p"
"PhonAlign",516.665,516.725,"@"
"PhonAlign",516.725,516.825,"s"
"PhonAlign",516.825,516.895,"O/"
"PhonAlign",516.895,516.925,"R"
"PhonAlign",516.925,517.035,"t"
"PhonAlign",517.035,517.065,"i"
"PhonAlign",517.065,517.105,"R"
"PhonAlign",517.105,517.215,"s"
"PhonAlign",517.215,517.295,"A/"
"PhonAlign",517.295,517.345,"m"
"PhonAlign",517.345,517.485,"U~/"
"PhonAlign",517.485,517.525,"d"
"PhonAlign",517.525,517.575,"s"
"PhonAlign",517.575,517.655,"A/"
"PhonAlign",517.655,517.715,"v"
"PhonAlign",517.715,517.755,"w"
"PhonAlign",517.755,517.825,"A/"
"PhonAlign",517.825,517.915,"t"
"PhonAlign",517.915,518.005,"y"
"PhonAlign",518.005,518.095,"R"
"PhonAlign",518.095,518.405,"E"
"PhonAlign",518.405,518.505,"O/"
"PhonAlign",518.505,518.585,"p"
"PhonAlign",518.585,518.675,"l"
"PhonAlign",518.675,518.815,"s"
"PhonAlign",518.815,518.855,"E"
"PhonAlign",518.855,518.965,"R"
"PhonAlign",518.965,518.995,"v"
"PhonAlign",518.995,519.045,"9"
"PhonAlign",519.045,519.095,"R"
"PhonAlign",519.095,519.135,"i"
"PhonAlign",519.135,519.265,"s"
"PhonAlign",519.265,519.305,"E"
"PhonAlign",519.305,519.335,"e"
"PhonAlign",519.335,519.375,"g"
"PhonAlign",519.375,519.415,"z"
"PhonAlign",519.415,519.475,"A/"
"PhonAlign",519.475,519.555,"k"
"PhonAlign",519.555,519.635,"t"
"PhonAlign",519.635,519.675,"2"
"PhonAlign",519.675,519.705,"m"
"PhonAlign",519.705,519.735,"a~"
"PhonAlign",519.735,519.815,"u"
"PhonAlign",519.815,519.845,"l"
"PhonAlign",519.845,519.885,"A/"
"PhonAlign",519.885,520.015,"s"
"PhonAlign",520.015,520.055,"E"
"PhonAlign",520.055,520.145,"R"
"PhonAlign",520.145,520.225,"v"
"PhonAlign",520.225,520.295,"2"
"PhonAlign",520.295,520.355,"z"
"PhonAlign",520.355,520.475,"s"
"PhonAlign",520.475,520.515,"E"
"PhonAlign",520.515,520.575,"e"
"PhonAlign",520.575,520.605,"g"
"PhonAlign",520.605,520.675,"z"
"PhonAlign",520.675,520.725,"A/"
"PhonAlign",520.725,520.845,"k"
"PhonAlign",520.845,520.895,"t"
"PhonAlign",520.895,520.945,"2"
"PhonAlign",520.945,520.975,"m"
"PhonAlign",520.975,521.1850000000001,"a~"
"PhonAlign",521.1850000000001,521.45,"u"
"PhonAlign",521.45,526.775,"#"
"PhonAlign",526.775,526.8349999999999,"s"
"PhonAlign",526.8349999999999,526.875,"A/"
"PhonAlign",526.875,526.905,"n"
"PhonAlign",526.905,527.035,"s"
"PhonAlign",527.035,527.0849999999999,"E"
"PhonAlign",527.0849999999999,527.155,"R"
"PhonAlign",527.155,527.265,"A/"
"PhonAlign",527.265,527.3149999999999,"R"
"PhonAlign",527.3149999999999,527.405,"j"
"PhonAlign",527.405,527.505,"U~/"
"PhonAlign",527.505,527.645,"s"
"PhonAlign",527.645,527.725,"e"
"PhonAlign",527.725,527.8349999999999,"Z"
"PhonAlign",527.8349999999999,527.885,"y"
"PhonAlign",527.885,528.005,"s"
"PhonAlign",528.005,528.045,"y"
"PhonAlign",528.045,528.0849999999999,"n"
"PhonAlign",528.0849999999999,528.165,"p"
"PhonAlign",528.165,528.215,"E"
"PhonAlign",528.215,528.305,"R"
"PhonAlign",528.305,528.3349999999999,"t"
"PhonAlign",528.3349999999999,528.415,"s"
"PhonAlign",528.415,528.4549999999999,"e"
"PhonAlign",528.4549999999999,528.625,"n"
"PhonAlign",528.625,528.655,"y"
"PhonAlign",528.655,528.715,"l"
"PhonAlign",528.715,528.835,"#"
"PhonAlign",528.835,528.955,"m"
"PhonAlign",528.955,529.205,"E"
"PhonAlign",529.205,529.325,"s"
"PhonAlign",529.325,529.4350000000001,"A/"
"PhonAlign",529.4350000000001,529.485,"m"
"PhonAlign",529.485,529.5350000000001,"E"
"PhonAlign",529.5350000000001,529.595,"g"
"PhonAlign",529.595,529.645,"z"
"PhonAlign",529.645,529.6850000000001,"i"
"PhonAlign",529.6850000000001,529.715,"s"
"PhonAlign",529.715,529.79,"t"
"PhonAlign",529.79,530.11,"#"
"PhonAlign",530.11,530.659688,"laugh"
"PhonAlign",530.659688,532.865,"#"
"PhonAlign",532.865,532.925,"u"
"PhonAlign",532.925,533.115,"i"
"PhonAlign",533.115,533.165,"u"
"PhonAlign",533.165,533.235,"i"
"PhonAlign",533.235,533.365,"s"
"PhonAlign",533.365,533.395,"e"
"PhonAlign",533.395,533.495,"s"
"PhonAlign",533.495,533.605,"A/"
"PhonAlign",533.605,533.635,"s"
"PhonAlign",533.635,533.665,"e"
"PhonAlign",533.665,533.735,"s"
"PhonAlign",533.735,533.765,"i"
"PhonAlign",533.765,533.795,"n"
"PhonAlign",533.795,533.845,"j"
"PhonAlign",533.845,533.925,"A/"
"PhonAlign",533.925,533.995,"p"
"PhonAlign",533.995,534.035,"l"
"PhonAlign",534.035,534.075,"y"
"PhonAlign",534.075,534.195,"t"
"PhonAlign",534.195,534.315,"s"
"PhonAlign",534.315,534.365,"E"
"PhonAlign",534.365,534.425,"R"
"PhonAlign",534.425,534.495,"v"
"PhonAlign",534.495,534.5550000000001,"9"
"PhonAlign",534.5550000000001,534.62,"R"
"PhonAlign",534.62,534.715,"#"
"PhonAlign",534.715,534.7850000000001,"b"
"PhonAlign",534.7850000000001,534.975,"E"
"PhonAlign",534.975,535.015,"u"
"PhonAlign",535.015,535.0550000000001,"i"
"PhonAlign",535.0550000000001,535.335,"#"
"PhonAlign",535.335,535.365,"v"
"PhonAlign",535.365,535.4050000000001,"y"
"PhonAlign",535.4050000000001,535.445,"k"
"PhonAlign",535.445,535.485,"s"
"PhonAlign",535.485,535.5350000000001,"e"
"PhonAlign",535.5350000000001,535.595,"t"
"PhonAlign",535.595,535.625,"w"
"PhonAlign",535.625,535.6650000000001,"A/"
"PhonAlign",535.6650000000001,535.755,"k"
"PhonAlign",535.755,535.7850000000001,"j"
"PhonAlign",535.7850000000001,535.9150000000001,"R"
"PhonAlign",535.9150000000001,535.955,"2"
"PhonAlign",535.955,536.025,"t"
"PhonAlign",536.025,536.065,"u"
"PhonAlign",536.065,536.095,"R"
"PhonAlign",536.095,536.125,"n"
"PhonAlign",536.125,536.215,"S"
"PhonAlign",536.215,536.255,"E"
"PhonAlign",536.255,536.2950000000001,"R"
"PhonAlign",536.2950000000001,536.375,"S"
"PhonAlign",536.375,536.4050000000001,"e"
"PhonAlign",536.4050000000001,536.505,"t"
"PhonAlign",536.505,536.5450000000001,"O~"
"PhonAlign",536.5450000000001,536.585,"n"
"PhonAlign",536.585,536.6550000000001,"A/"
"PhonAlign",536.6550000000001,536.765,"s"
"PhonAlign",536.765,536.7950000000001,"j"
"PhonAlign",536.7950000000001,536.825,"E"
"PhonAlign",536.825,536.904026,"t"
"PhonAlign",536.904026,541.369873,"#"
"PhonAlign",541.369873,542.556563,"laugh"
"PhonAlign",542.556563,542.7365629999999,"w"
"PhonAlign",542.7365629999999,542.886563,"E"
"PhonAlign",542.886563,542.916563,"n"
"PhonAlign",542.916563,543.006563,"a~"
"PhonAlign",543.006563,543.036563,"m"
"PhonAlign",543.036563,543.076563,"w"
"PhonAlign",543.076563,543.1065629999999,"A/"
"PhonAlign",543.1065629999999,543.296563,"Z"
"PhonAlign",543.296563,543.656563,"@"
"PhonAlign",543.656563,543.686563,"s"
"PhonAlign",543.686563,543.716563,"y"
"PhonAlign",543.716563,543.756563,"i"
"PhonAlign",543.756563,543.786563,"p"
"PhonAlign",543.786563,543.876563,"A/"
"PhonAlign",543.876563,544.016563,"#"
"PhonAlign",544.016563,544.046563,"k"
"PhonAlign",544.046563,544.076563,"w"
"PhonAlign",544.076563,544.1065629999999,"A/"
"PhonAlign",544.1065629999999,544.196563,"m"
"PhonAlign",544.196563,544.2365629999999,"w"
"PhonAlign",544.2365629999999,544.266563,"A/"
"PhonAlign",544.266563,544.326563,"S"
"PhonAlign",544.326563,544.3565629999999,"t"
"PhonAlign",544.3565629999999,544.386563,"R"
"PhonAlign",544.386563,544.416563,"u"
"PhonAlign",544.416563,544.446563,"v"
"PhonAlign",544.446563,544.4765629999999,"k"
"PhonAlign",544.4765629999999,544.546563,"s"
"PhonAlign",544.546563,544.6065629999999,"e"
"PhonAlign",544.6065629999999,544.636563,"b"
"PhonAlign",544.636563,544.706563,"j"
"PhonAlign",544.706563,544.786563,"U~/"
"PhonAlign",544.786563,544.836563,"d"
"PhonAlign",544.836563,544.916563,"@"
"PhonAlign",544.916563,545.036563,"f"
"PhonAlign",545.036563,545.1165629999999,"E"
"PhonAlign",545.1165629999999,545.176563,"R"
"PhonAlign",545.176563,545.365,"@"
"PhonAlign",545.365,545.6,"#"
"PhonAlign",545.6,545.72,"U~/"
"PhonAlign",545.72,545.78,"t"
"PhonAlign",545.78,545.84,"R"
"PhonAlign",545.84,545.88,"y"
"PhonAlign",545.88,545.96,"k"
"PhonAlign",545.96,546.01,"a~"
"PhonAlign",546.01,546.13,"s"
"PhonAlign",546.13,546.1700000000001,"i"
"PhonAlign",546.1700000000001,546.22,"n"
"PhonAlign",546.22,546.27,"j"
"PhonAlign",546.27,546.36,"A/"
"PhonAlign",546.36,546.39,"l"
"PhonAlign",546.39,546.48,"k"
"PhonAlign",546.48,546.51,"O/"
"PhonAlign",546.51,546.5600000000001,"m"
"PhonAlign",546.5600000000001,546.64,"s"
"PhonAlign",546.64,546.6800000000001,"A/"
"PhonAlign",546.6800000000001,546.71,"l"
"PhonAlign",546.71,546.83,"s"
"PhonAlign",546.83,546.89,"E"
"PhonAlign",546.89,546.94,"R"
"PhonAlign",546.94,546.99,"v"
"PhonAlign",546.99,547.0400000000001,"9"
"PhonAlign",547.0400000000001,547.09,"R"
"PhonAlign",547.09,547.13,"i"
"PhonAlign",547.13,547.26,"s"
"PhonAlign",547.26,547.3000000000001,"E"
"PhonAlign",547.3000000000001,547.39,"u"
"PhonAlign",547.39,547.46,"i"
"PhonAlign",547.46,547.52,"v"
"PhonAlign",547.52,547.635,"A/"
"PhonAlign",547.635,547.955,"#"
"PhonAlign",547.955,547.995,"b"
"PhonAlign",547.995,548.125,"O/"
"PhonAlign",548.125,548.205,"A/"
"PhonAlign",548.205,548.235,"p"
"PhonAlign",548.235,548.2950000000001,"R"
"PhonAlign",548.2950000000001,548.335,"E"
"PhonAlign",548.335,548.365,"l"
"PhonAlign",548.365,548.485,"s"
"PhonAlign",548.485,548.5350000000001,"E"
"PhonAlign",548.5350000000001,548.625,"R"
"PhonAlign",548.625,548.6550000000001,"v"
"PhonAlign",548.6550000000001,548.745,"9"
"PhonAlign",548.745,548.7750000000001,"R"
"PhonAlign",548.7750000000001,548.9050000000001,"s"
"PhonAlign",548.9050000000001,548.945,"i"
"PhonAlign",548.945,549.065,"O~"
"PhonAlign",549.065,549.105,"l"
"PhonAlign",549.105,549.1550000000001,"H"
"PhonAlign",549.1550000000001,549.355,"i"
"PhonAlign",549.355,549.385,"l"
"PhonAlign",549.385,549.505,"H"
"PhonAlign",549.505,549.595,"i"
"PhonAlign",549.595,549.7750000000001,"t"
"PhonAlign",549.7750000000001,549.8050000000001,"l"
"PhonAlign",549.8050000000001,549.9050000000001,"H"
"PhonAlign",549.9050000000001,549.985,"d"
"PhonAlign",549.985,550.1650000000001,"i"
"PhonAlign",550.1650000000001,550.55,"z"
"PhonAlign",550.55,550.93,"#"
"PhonAlign",550.93,551.03,"l"
"PhonAlign",551.03,551.12,"@"
"PhonAlign",551.12,551.18,"m"
"PhonAlign",551.18,551.2199999999999,"O/"
"PhonAlign",551.2199999999999,551.31,"d"
"PhonAlign",551.31,551.3599999999999,"E"
"PhonAlign",551.3599999999999,551.39,"l"
"PhonAlign",551.39,551.4599999999999,"d"
"PhonAlign",551.4599999999999,551.52,"@"
"PhonAlign",551.52,551.55,"l"
"PhonAlign",551.55,551.6099999999999,"A/"
"PhonAlign",551.6099999999999,551.6899999999999,"v"
"PhonAlign",551.6899999999999,551.7299999999999,"w"
"PhonAlign",551.7299999999999,551.78,"A/"
"PhonAlign",551.78,551.88,"t"
"PhonAlign",551.88,551.9399999999999,"y"
"PhonAlign",551.9399999999999,552.01,"R"
"PhonAlign",552.01,552.0699999999999,"A/"
"PhonAlign",552.0699999999999,552.1099999999999,"i"
"PhonAlign",552.1099999999999,552.2099999999999,"f"
"PhonAlign",552.2099999999999,552.31,"O/"
"PhonAlign",552.31,552.3399999999999,"d"
"PhonAlign",552.3399999999999,552.37,"R"
"PhonAlign",552.37,552.4,"A/"
"PhonAlign",552.4,552.4399999999999,"f"
"PhonAlign",552.4399999999999,552.4799999999999,"O/"
"PhonAlign",552.4799999999999,552.51,"R"
"PhonAlign",552.51,552.5799999999999,"m"
"PhonAlign",552.5799999999999,552.6099999999999,"e"
"PhonAlign",552.6099999999999,552.6899999999999,"l"
"PhonAlign",552.6899999999999,552.8,"e"
"PhonAlign",552.8,552.91,"s"
"PhonAlign",552.91,552.9499999999999,"E"
"PhonAlign",552.9499999999999,553.01,"R"
"PhonAlign",553.01,553.04,"v"
"PhonAlign",553.04,553.12,"9"
"PhonAlign",553.12,553.18,"R"
"PhonAlign",553.18,553.27,"s"
"PhonAlign",553.27,553.3,"y"
"PhonAlign",553.3,553.3399999999999,"R"
"PhonAlign",553.3399999999999,553.37,"l"
"PhonAlign",553.37,553.4499999999999,"E"
"PhonAlign",553.4499999999999,553.4799999999999,"v"
"PhonAlign",553.4799999999999,553.52,"w"
"PhonAlign",553.52,553.55,"A/"
"PhonAlign",553.55,553.64,"t"
"PhonAlign",553.64,553.6899999999999,"y"
"PhonAlign",553.6899999999999,553.78,"R"
"PhonAlign",553.78,554.315,"#"
"PhonAlign",554.315,555.19,"laugh"
"PhonAlign",555.19,560.52551,"#"
"PhonAlign",560.52551,560.69551,"u"
"PhonAlign",560.69551,561.07551,"i"
"PhonAlign",561.07551,561.19551,"u"
"PhonAlign",561.19551,561.338438,"i"
"PhonAlign",561.338438,566.85,"#"
"PhonAlign",566.85,566.89,"u"
"PhonAlign",566.89,566.9200000000001,"i"
"PhonAlign",566.9200000000001,567.03,"u"
"PhonAlign",567.03,567.28,"i"
"PhonAlign",567.28,567.34,"u"
"PhonAlign",567.34,567.47,"i"
"PhonAlign",567.47,569.719191,"#"
"PhonAlign",569.719191,569.869191,"t"
"PhonAlign",569.869191,569.9291910000001,"R"
"PhonAlign",569.9291910000001,569.959191,"E"
"PhonAlign",569.959191,569.989191,"b"
"PhonAlign",569.989191,570.019191,"j"
"PhonAlign",570.019191,570.075,"U~/"
"PhonAlign",570.075,576.195,"#"
"PhonAlign",576.195,576.235,"u"
"PhonAlign",576.235,576.2650000000001,"i"
"PhonAlign",576.2650000000001,576.2950000000001,"u"
"PhonAlign",576.2950000000001,576.335,"i"
"PhonAlign",576.335,576.565,"u"
"PhonAlign",576.565,576.63,"i"
"PhonAlign",576.63,577.14,"#"
"PhonAlign",577.14,577.21,"t"
"PhonAlign",577.21,577.25,"R"
"PhonAlign",577.25,577.29,"E"
"PhonAlign",577.29,577.3199999999999,"b"
"PhonAlign",577.3199999999999,577.35,"j"
"PhonAlign",577.35,577.39,"U~/"
"PhonAlign",577.39,589.57316,"#"
"PhonAlign",589.57316,589.938176,"laugh"
"PhonAlign",589.938176,598.455,"#"
"PhonAlign",598.455,598.515,"n"
"PhonAlign",598.515,598.635,"O~"
"PhonAlign",598.635,598.715,"s"
"PhonAlign",598.715,598.745,"A/"
"PhonAlign",598.745,598.835,"s"
"PhonAlign",598.835,598.885,"A/"
"PhonAlign",598.885,598.995,"s"
"PhonAlign",598.995,599.0450000000001,"f"
"PhonAlign",599.0450000000001,599.085,"E"
"PhonAlign",599.085,599.125,"A/"
"PhonAlign",599.125,599.1850000000001,"m"
"PhonAlign",599.1850000000001,599.225,"O~"
"PhonAlign",599.225,599.2950000000001,"n"
"PhonAlign",599.2950000000001,599.345,"A/"
"PhonAlign",599.345,599.375,"v"
"PhonAlign",599.375,599.4050000000001,"i"
"PhonAlign",599.4050000000001,599.5350000000001,"s"
"PhonAlign",599.5350000000001,599.565,"e"
"PhonAlign",599.565,599.595,"l"
"PhonAlign",599.595,599.6550000000001,"e"
"PhonAlign",599.6550000000001,599.705,"d"
"PhonAlign",599.705,599.755,"E"
"PhonAlign",599.755,599.835,"R"
"PhonAlign",599.835,599.9150000000001,"n"
"PhonAlign",599.9150000000001,599.945,"j"
"PhonAlign",599.945,600.0250000000001,"e"
"PhonAlign",600.0250000000001,600.095,"t"
"PhonAlign",600.095,600.1650000000001,"R"
"PhonAlign",600.1650000000001,600.215,"y"
"PhonAlign",600.215,600.345,"k"
"PhonAlign",600.345,600.4050000000001,"k"
"PhonAlign",600.4050000000001,600.455,"w"
"PhonAlign",600.455,600.505,"A/"
"PhonAlign",600.505,600.5350000000001,"l"
"PhonAlign",600.5350000000001,600.7750000000001,"U~/"
"PhonAlign",600.7750000000001,600.885,"s"
"PhonAlign",600.885,600.9250000000001,"t"
"PhonAlign",600.9250000000001,601.005,"A/"
"PhonAlign",601.005,601.0350000000001,"l"
"PhonAlign",601.0350000000001,601.125,"A/"
"PhonAlign",601.125,601.245,"s"
"PhonAlign",601.245,601.2750000000001,"j"
"PhonAlign",601.2750000000001,601.345,"O~"
"PhonAlign",601.345,601.375,"l"
"PhonAlign",601.375,601.4350000000001,"A/"
"PhonAlign",601.4350000000001,601.475,"m"
"PhonAlign",601.475,601.515,"i"
"PhonAlign",601.515,601.575,"z"
"PhonAlign",601.575,601.6650000000001,"a~"
"PhonAlign",601.6650000000001,601.715,"p"
"PhonAlign",601.715,601.755,"l"
"PhonAlign",601.755,601.825,"A/"
"PhonAlign",601.825,601.875,"s"
"PhonAlign",601.875,601.945,"d"
"PhonAlign",601.945,602.0350000000001,"y"
"PhonAlign",602.0350000000001,602.1750000000001,"S"
"PhonAlign",602.1750000000001,602.385,"a~"
"PhonAlign",602.385,602.445,"E"
"PhonAlign",602.445,602.585,"t"
"PhonAlign",602.585,602.695,"u"
"PhonAlign",602.695,602.905,"fp"
"PhonAlign",602.905,605.24,"#"
"PhonAlign",605.24,605.3100000000001,"b"
"PhonAlign",605.3100000000001,605.36,"U~/"
"PhonAlign",605.36,605.42,"Z"
"PhonAlign",605.42,605.47,"p"
"PhonAlign",605.47,605.55,"a~"
"PhonAlign",605.55,605.6,"s"
"PhonAlign",605.6,605.65,"k"
"PhonAlign",605.65,605.7,"@"
"PhonAlign",605.7,605.8,"s"
"PhonAlign",605.8,605.84,"@"
"PhonAlign",605.84,605.92,"s"
"PhonAlign",605.92,605.97,"R"
"PhonAlign",605.97,606.04,"A/"
"PhonAlign",606.04,606.14,"f"
"PhonAlign",606.14,606.2,"E"
"PhonAlign",606.2,606.24,"l"
"PhonAlign",606.24,606.35,"A/"
"PhonAlign",606.35,606.39,"v"
"PhonAlign",606.39,606.54,"E"
"PhonAlign",606.54,606.61,"j"
"PhonAlign",606.61,606.645,"@"
"PhonAlign",606.645,606.895,"#"
"PhonAlign",606.895,607.055,"laugh"
"PhonAlign",607.055,607.235,"p"
"PhonAlign",607.235,607.345,"A/"
"PhonAlign",607.345,607.485,"R"
"PhonAlign",607.485,607.5749999999999,"s"
"PhonAlign",607.5749999999999,607.655,"k"
"PhonAlign",607.655,607.745,"l"
"PhonAlign",607.745,607.8149999999999,"H"
"PhonAlign",607.8149999999999,607.875,"i"
"PhonAlign",607.875,607.925,"l"
"PhonAlign",607.925,607.965,"A/"
"PhonAlign",607.965,608.045,"b"
"PhonAlign",608.045,608.115,"@"
"PhonAlign",608.115,608.145,"z"
"PhonAlign",608.145,608.185,"w"
"PhonAlign",608.185,608.245,"U~/"
"PhonAlign",608.245,608.275,"d"
"PhonAlign",608.275,608.365,"s"
"PhonAlign",608.365,608.435,"O~"
"PhonAlign",608.435,608.525,"S"
"PhonAlign",608.525,608.615,"a~"
"PhonAlign",608.615,608.665,"p"
"PhonAlign",608.665,608.715,"u"
"PhonAlign",608.715,608.745,"R"
"PhonAlign",608.745,608.835,"b"
"PhonAlign",608.835,608.915,"O/"
"PhonAlign",608.915,609.025,"s"
"PhonAlign",609.025,609.095,"e"
"PhonAlign",609.095,609.125,"O/"
"PhonAlign",609.125,609.155,"s"
"PhonAlign",609.155,609.2,"i"
"PhonAlign",609.2,611.93,"#"
"PhonAlign",611.93,612.05,"A/"
"PhonAlign",612.05,612.0899999999999,"u"
"PhonAlign",612.0899999999999,612.235,"i"
"PhonAlign",612.235,615.878438,"#"
"PhonAlign",615.878438,615.9184379999999,"b"
"PhonAlign",615.9184379999999,615.948438,"j"
"PhonAlign",615.948438,616.008438,"U~/"
"PhonAlign",616.008438,616.0584379999999,"s"
"PhonAlign",616.0584379999999,616.138438,"y"
"PhonAlign",616.138438,616.25,"R"
"PhonAlign",616.25,616.37,"#"
"PhonAlign",616.37,616.56,""
"PhonAlign",616.56,628.895,"#"
"PhonAlign",628.895,628.935,"b"
"PhonAlign",628.935,628.975,"j"
"PhonAlign",628.975,629.045,"U~/"
"PhonAlign",629.045,629.175,"s"
"PhonAlign",629.175,629.235,"y"
"PhonAlign",629.235,629.355,"R"
"PhonAlign",629.355,634.93,"#"
"PhonAlign",634.93,635.02,"b"
"PhonAlign",635.02,635.1099999999999,"E"
"PhonAlign",635.1099999999999,635.1899999999999,"i"
"PhonAlign",635.1899999999999,635.2199999999999,"l"
"PhonAlign",635.2199999999999,635.28,"v"
"PhonAlign",635.28,635.3599999999999,"a~"
"PhonAlign",635.3599999999999,635.39,"d"
"PhonAlign",635.39,635.42,"R"
"PhonAlign",635.42,635.55,"O~"
"PhonAlign",635.55,635.5999999999999,"k"
"PhonAlign",635.5999999999999,635.68,"U~/"
"PhonAlign",635.68,635.7399999999999,"z"
"PhonAlign",635.7399999999999,635.81,"p"
"PhonAlign",635.81,635.89,"u"
"PhonAlign",635.89,635.92,"R"
"PhonAlign",635.92,635.9799999999999,"s"
"PhonAlign",635.9799999999999,636.05,"a~"
"PhonAlign",636.05,636.16,"p"
"PhonAlign",636.16,636.1899999999999,"l"
"PhonAlign",636.1899999999999,636.2299999999999,"y"
"PhonAlign",636.2299999999999,636.31,"S"
"PhonAlign",636.31,636.3499999999999,"E"
"PhonAlign",636.3499999999999,636.38,"R"
"PhonAlign",636.38,636.4499999999999,"A/"
"PhonAlign",636.4499999999999,636.4799999999999,"l"
"PhonAlign",636.4799999999999,636.54,"A/"
"PhonAlign",636.54,636.67,"f"
"PhonAlign",636.67,636.6999999999999,"n"
"PhonAlign",636.6999999999999,636.76,"A/"
"PhonAlign",636.76,636.8199999999999,"k"
"PhonAlign",636.8199999999999,636.87,"E"
"PhonAlign",636.87,636.93,"p"
"PhonAlign",636.93,636.9599999999999,"E"
"PhonAlign",636.9599999999999,637.01,"R"
"PhonAlign",637.01,637.0899999999999,"s"
"PhonAlign",637.0899999999999,637.12,"O/"
"PhonAlign",637.12,637.15,"n"
"PhonAlign",637.15,637.18,"n"
"PhonAlign",637.18,637.2099999999999,"i"
"PhonAlign",637.2099999999999,637.2399999999999,"R"
"PhonAlign",637.2399999999999,637.3199999999999,"A/"
"PhonAlign",637.3199999999999,637.3499999999999,"l"
"PhonAlign",637.3499999999999,637.38,"A/"
"PhonAlign",637.38,637.4699999999999,"S"
"PhonAlign",637.4699999999999,637.53,"t"
"PhonAlign",637.53,637.56,"e"
"PhonAlign",637.56,637.5899999999999,"l"
"PhonAlign",637.5899999999999,637.62,"A/"
"PhonAlign",637.62,637.6899999999999,"b"
"PhonAlign",637.6899999999999,637.76,"A/"
"PhonAlign",637.76,637.8299999999999,"s"
"PhonAlign",637.8299999999999,637.8599999999999,"e"
"PhonAlign",637.8599999999999,637.91,"p"
"PhonAlign",637.91,637.9399999999999,"A/"
"PhonAlign",637.9399999999999,637.9699999999999,"g"
"PhonAlign",637.9699999999999,638.0,"R"
"PhonAlign",638.0,638.03,"A/"
"PhonAlign",638.03,638.145,"v"
"PhonAlign",638.145,640.1,"#"
"PhonAlign",640.1,640.16,"n"
"PhonAlign",640.16,640.28,"a~"
"PhonAlign",640.28,640.33,"w"
"PhonAlign",640.33,640.36,"i"
"PhonAlign",640.36,640.5,"U~/"
"PhonAlign",640.5,640.58,"t"
"PhonAlign",640.58,640.61,"E"
"PhonAlign",640.61,640.7,"R"
"PhonAlign",640.7,640.76,"n"
"PhonAlign",640.76,640.83,"E"
"PhonAlign",640.83,640.95,"t"
"PhonAlign",640.95,641.53,"e"
"PhonAlign",641.53,646.395,"#"
"PhonAlign",646.395,646.505,"A/"
"PhonAlign",646.505,646.545,"l"
"PhonAlign",646.545,646.625,"A/"
"PhonAlign",646.625,646.725,"s"
"PhonAlign",646.725,646.775,"O/"
"PhonAlign",646.775,646.835,"d"
"PhonAlign",646.835,646.865,"i"
"PhonAlign",646.865,646.895,"R"
"PhonAlign",646.895,647.035,"E"
"PhonAlign",647.035,647.085,"k"
"PhonAlign",647.085,647.185,"t"
"PhonAlign",647.185,647.225,"2"
"PhonAlign",647.225,647.295,"m"
"PhonAlign",647.295,647.375,"a~"
"PhonAlign",647.375,647.435,"t"
"PhonAlign",647.435,647.925,"#"
"PhonAlign",647.925,647.9549999999999,"p"
"PhonAlign",647.9549999999999,647.985,"R"
"PhonAlign",647.985,648.085,"s"
"PhonAlign",648.085,648.175,"k"
"PhonAlign",648.175,648.385,"S"
"PhonAlign",648.385,648.415,"i"
"PhonAlign",648.415,648.465,"m"
"PhonAlign",648.465,648.525,"A/"
"PhonAlign",648.525,648.635,"Z"
"PhonAlign",648.635,648.665,"i"
"PhonAlign",648.665,648.735,"n"
"PhonAlign",648.735,648.855,"k"
"PhonAlign",648.855,648.915,"@"
"PhonAlign",648.915,648.985,"l"
"PhonAlign",648.985,649.0649999999999,"A/"
"PhonAlign",649.0649999999999,649.145,"s"
"PhonAlign",649.145,649.185,"O/"
"PhonAlign",649.185,649.335,"s"
"PhonAlign",649.335,649.405,"A/"
"PhonAlign",649.405,649.505,"s"
"PhonAlign",649.505,649.535,"j"
"PhonAlign",649.535,649.585,"O~"
"PhonAlign",649.585,649.615,"d"
"PhonAlign",649.615,649.6949999999999,"w"
"PhonAlign",649.6949999999999,649.745,"A/"
"PhonAlign",649.745,649.775,"A/"
"PhonAlign",649.775,649.805,"v"
"PhonAlign",649.805,649.845,"w"
"PhonAlign",649.845,649.875,"A/"
"PhonAlign",649.875,649.905,"R"
"PhonAlign",649.905,650.155,"U~/"
"PhonAlign",650.155,650.185,"l"
"PhonAlign",650.185,650.295,"O/"
"PhonAlign",650.295,650.355,"k"
"PhonAlign",650.355,650.475,"A/"
"PhonAlign",650.475,650.58,"l"
"PhonAlign",650.58,655.195,"#"
"PhonAlign",655.195,655.345,"A/"
"PhonAlign",655.345,655.3850000000001,"l"
"PhonAlign",655.3850000000001,655.49,"e"
"PhonAlign",655.49,662.385938,"#"
"PhonAlign",662.385938,662.554688,"m"
"PhonAlign",662.554688,664.215,"#"
"PhonAlign",664.215,664.275,"j"
"PhonAlign",664.275,664.3050000000001,"A/"
"PhonAlign",664.3050000000001,664.335,"O/"
"PhonAlign",664.335,664.4050000000001,"s"
"PhonAlign",664.4050000000001,664.4350000000001,"i"
"PhonAlign",664.4350000000001,664.465,"y"
"PhonAlign",664.465,664.515,"n"
"PhonAlign",664.515,664.615,"s"
"PhonAlign",664.615,664.695,"O/"
"PhonAlign",664.695,664.725,"R"
"PhonAlign",664.725,664.755,"t"
"PhonAlign",664.755,664.7950000000001,"@"
"PhonAlign",664.7950000000001,664.845,"t"
"PhonAlign",664.845,664.9250000000001,"s"
"PhonAlign",664.9250000000001,664.965,"i"
"PhonAlign",664.965,664.995,"n"
"PhonAlign",664.995,665.025,"E"
"PhonAlign",665.025,665.085,"m"
"PhonAlign",665.085,665.1550000000001,"A/"
"PhonAlign",665.1550000000001,665.245,"t"
"PhonAlign",665.245,665.315,"E"
"PhonAlign",665.315,665.385,"k"
"PhonAlign",665.385,665.4350000000001,"k"
"PhonAlign",665.4350000000001,665.465,"A/"
"PhonAlign",665.465,665.525,"u"
"PhonAlign",665.525,665.565,"v"
"PhonAlign",665.565,665.595,"E"
"PhonAlign",665.595,665.625,"R"
"PhonAlign",665.625,665.725,"A/"
"PhonAlign",665.725,665.775,"m"
"PhonAlign",665.775,665.845,"A/"
"PhonAlign",665.845,665.885,"R"
"PhonAlign",665.885,666.015,"s"
"PhonAlign",666.015,666.085,"E"
"PhonAlign",666.085,666.145,"j"
"PhonAlign",666.145,666.195,"@"
"PhonAlign",666.195,666.235,"p"
"PhonAlign",666.235,666.265,"2"
"PhonAlign",666.265,666.345,"t"
"PhonAlign",666.345,666.375,"E"
"PhonAlign",666.375,666.4250000000001,"t"
"PhonAlign",666.4250000000001,666.455,"R"
"PhonAlign",666.455,666.485,"k"
"PhonAlign",666.485,666.515,"O~"
"PhonAlign",666.515,666.5450000000001,"p"
"PhonAlign",666.5450000000001,666.605,"@"
"PhonAlign",666.605,666.6850000000001,"d"
"PhonAlign",666.6850000000001,666.715,"E"
"PhonAlign",666.715,666.745,"p"
"PhonAlign",666.745,666.775,"O/"
"PhonAlign",666.775,666.885,"z"
"PhonAlign",666.885,666.945,"e"
"PhonAlign",666.945,666.985,"l"
"PhonAlign",666.985,667.0450000000001,"A/"
"PhonAlign",667.0450000000001,667.105,"b"
"PhonAlign",667.105,667.2,"A/"
"PhonAlign",667.2,679.637268,"#"
"PhonAlign",679.637268,683.111886,"laugh"
"PhonAlign",683.111886,689.161672,"#"
"PhonAlign",689.161672,689.687249,"laugh"
"PhonAlign",689.687249,692.0,"#"
"PhonAlign",692.0,692.07,"s"
"PhonAlign",692.07,692.1,"e"
"PhonAlign",692.1,692.13,"v"
"PhonAlign",692.13,692.16,"R"
"PhonAlign",692.16,692.24,"E"
"PhonAlign",692.24,692.32,"k"
"PhonAlign",692.32,692.35,"O~"
"PhonAlign",692.35,692.44,"p"
"PhonAlign",692.44,692.5,"2"
"PhonAlign",692.5,692.53,"t"
"PhonAlign",692.53,692.61,"p"
"PhonAlign",692.61,692.64,"R"
"PhonAlign",692.64,692.68,"a~"
"PhonAlign",692.68,692.73,"d"
"PhonAlign",692.73,692.76,"R"
"PhonAlign",692.76,693.149063,"fp"
"PhonAlign",693.149063,695.51,"#"
"PhonAlign",695.51,695.61,"A/"
"PhonAlign",695.61,695.64,"n"
"PhonAlign",695.64,695.71,"a~"
"PhonAlign",695.71,695.74,"m"
"PhonAlign",695.74,695.77,"w"
"PhonAlign",695.77,695.8,"A/"
"PhonAlign",695.8,695.89,"S"
"PhonAlign",695.89,695.96,"f"
"PhonAlign",695.96,696.0,"E"
"PhonAlign",696.0,696.03,"l"
"PhonAlign",696.03,696.11,"A/"
"PhonAlign",696.11,696.16,"m"
"PhonAlign",696.16,696.21,"i"
"PhonAlign",696.21,696.26,"z"
"PhonAlign",696.26,696.34,"a~"
"PhonAlign",696.34,696.38,"p"
"PhonAlign",696.38,696.41,"l"
"PhonAlign",696.41,696.49,"A/"
"PhonAlign",696.49,696.52,"s"
"PhonAlign",696.52,696.56,"d"
"PhonAlign",696.56,696.61,"y"
"PhonAlign",696.61,696.68,"p"
"PhonAlign",696.68,696.76,"A/"
"PhonAlign",696.76,696.8199999999999,"R"
"PhonAlign",696.8199999999999,696.9,"k"
"PhonAlign",696.9,696.95,"i"
"PhonAlign",696.95,697.05,"g"
"PhonAlign",697.05,697.11,"O/"
"PhonAlign",697.11,697.22,"s"
"PhonAlign",697.22,697.33,"i"
"PhonAlign",697.33,698.705,"#"
"PhonAlign",698.705,698.7950000000001,"b"
"PhonAlign",698.7950000000001,698.865,"U~/"
"PhonAlign",698.865,698.9250000000001,"w"
"PhonAlign",698.9250000000001,699.015,"E"
"PhonAlign",699.015,699.085,"Z"
"PhonAlign",699.085,699.1550000000001,"e"
"PhonAlign",699.1550000000001,699.245,"d"
"PhonAlign",699.245,699.335,"i"
"PhonAlign",699.335,699.455,"t"
"PhonAlign",699.455,699.485,"u"
"PhonAlign",699.485,699.5450000000001,"A/"
"PhonAlign",699.5450000000001,699.575,"l"
"PhonAlign",699.575,699.6750000000001,"9"
"PhonAlign",699.6750000000001,699.735,"R"
"PhonAlign",699.735,701.690382,"#"
"PhonAlign",701.690382,701.730382,"m"
"PhonAlign",701.730382,701.850382,"E"
"PhonAlign",701.850382,701.900382,"p"
"PhonAlign",701.900382,701.960382,"A/"
"PhonAlign",701.960382,702.050382,"s"
"PhonAlign",702.050382,702.120382,"@"
"PhonAlign",702.120382,702.200382,"Z"
"PhonAlign",702.200382,702.250382,"e"
"PhonAlign",702.250382,702.320382,"d"
"PhonAlign",702.320382,702.400382,"i"
"PhonAlign",702.400382,702.480382,"k"
"PhonAlign",702.480382,702.580382,"a~"
"PhonAlign",702.580382,702.620382,"i"
"PhonAlign",702.620382,702.710382,"z"
"PhonAlign",702.710382,702.740382,"e"
"PhonAlign",702.740382,702.850382,"t"
"PhonAlign",702.850382,702.890382,"E"
"PhonAlign",702.890382,702.930382,"A/"
"PhonAlign",702.930382,702.960382,"R"
"PhonAlign",702.960382,703.120382,"O/"
"PhonAlign",703.120382,703.150382,"l"
"PhonAlign",703.150382,703.180382,"e"
"PhonAlign",703.180382,703.210382,"v"
"PhonAlign",703.210382,703.260382,"u"
"PhonAlign",703.260382,703.290382,"A/"
"PhonAlign",703.290382,703.360382,"v"
"PhonAlign",703.360382,703.410382,"e"
"PhonAlign",703.410382,703.480382,"d"
"PhonAlign",703.480382,703.550382,"i"
"PhonAlign",703.550382,703.610382,"w"
"PhonAlign",703.610382,703.740382,"E"
"PhonAlign",703.740382,703.800382,"m"
"PhonAlign",703.800382,703.840382,"E"
"PhonAlign",703.840382,703.870382,"i"
"PhonAlign",703.870382,703.980382,"f"
"PhonAlign",703.980382,704.010382,"O/"
"PhonAlign",704.010382,704.090382,"d"
"PhonAlign",704.090382,704.140382,"e"
"PhonAlign",704.140382,704.220382,"t"
"PhonAlign",704.220382,704.270382,"R"
"PhonAlign",704.270382,704.360382,"y"
"PhonAlign",704.360382,704.390382,"k"
"PhonAlign",704.390382,704.440382,"Z"
"PhonAlign",704.440382,704.480382,"e"
"PhonAlign",704.480382,704.540382,"d"
"PhonAlign",704.540382,704.600382,"i"
"PhonAlign",704.600382,704.630382,"k"
"PhonAlign",704.630382,704.660382,"Z"
"PhonAlign",704.660382,704.690382,"m"
"PhonAlign",704.690382,704.790382,"a~"
"PhonAlign",704.790382,704.870382,"O/"
"PhonAlign",704.870382,704.970382,"k"
"PhonAlign",704.970382,705.010382,"y"
"PhonAlign",705.010382,705.240382,"p"
"PhonAlign",705.240382,705.29,"E"
"PhonAlign",705.29,709.155,"#"
"PhonAlign",709.155,709.1949999999999,"t"
"PhonAlign",709.1949999999999,709.225,"w"
"PhonAlign",709.225,709.255,"A/"
"PhonAlign",709.255,709.3349999999999,"t"
"PhonAlign",709.3349999999999,709.415,"f"
"PhonAlign",709.415,709.4649999999999,"E"
"PhonAlign",709.4649999999999,709.495,"l"
"PhonAlign",709.495,709.555,"m"
"PhonAlign",709.555,709.615,"A/"
"PhonAlign",709.615,709.675,"R"
"PhonAlign",709.675,709.755,"k"
"PhonAlign",709.755,709.8149999999999,"A/"
"PhonAlign",709.8149999999999,709.865,"Z"
"PhonAlign",709.865,709.935,"O/"
"PhonAlign",709.935,710.0649999999999,"s"
"PhonAlign",710.0649999999999,710.125,"O/"
"PhonAlign",710.125,710.235,"l"
"PhonAlign",710.235,710.955909,"laugh"
"PhonAlign",710.955909,714.360938,"#"
"PhonAlign",714.360938,714.480938,"O/"
"PhonAlign",714.480938,714.5709380000001,"p"
"PhonAlign",714.5709380000001,714.650938,"U~/"
"PhonAlign",714.650938,714.8209380000001,"s"
"PhonAlign",714.8209380000001,714.867188,"O/"
"PhonAlign",714.867188,720.947767,"#"
"PhonAlign",720.947767,722.050731,"laugh"
"PhonAlign",722.050731,733.26,"#"
"PhonAlign",733.26,733.33,"p"
"PhonAlign",733.33,733.36,"i"
"PhonAlign",733.36,733.45,"p"
"PhonAlign",733.45,733.52,"u"
"PhonAlign",733.52,733.5699999999999,"R"
"PhonAlign",733.5699999999999,733.66,"s"
"PhonAlign",733.66,733.74,"k"
"PhonAlign",733.74,733.84,"e"
"PhonAlign",733.84,733.87,"d"
"PhonAlign",733.87,733.92,"@"
"PhonAlign",733.92,733.95,"l"
"PhonAlign",733.95,734.08,"A/"
"PhonAlign",734.08,734.1899999999999,"p"
"PhonAlign",734.1899999999999,734.25,"y"
"PhonAlign",734.25,734.28,"b"
"PhonAlign",734.28,734.33,"l"
"PhonAlign",734.33,734.38,"i"
"PhonAlign",734.38,734.54,"s"
"PhonAlign",734.54,734.5699999999999,"i"
"PhonAlign",734.5699999999999,734.67,"t"
"PhonAlign",734.67,734.72,"e"
"PhonAlign",734.72,734.76,"E"
"PhonAlign",734.76,734.87,"t"
"PhonAlign",734.87,734.92,"u"
"PhonAlign",734.92,734.96,"i"
"PhonAlign",734.96,735.06,"f"
"PhonAlign",735.06,735.09,"O/"
"PhonAlign",735.09,735.23,"s"
"PhonAlign",735.23,735.26,"j"
"PhonAlign",735.26,735.31,"m"
"PhonAlign",735.31,735.34,"E"
"PhonAlign",735.34,735.37,"t"
"PhonAlign",735.37,735.4,"R"
"PhonAlign",735.4,735.4399999999999,"l"
"PhonAlign",735.4399999999999,735.49,"@"
"PhonAlign",735.49,735.56,"p"
"PhonAlign",735.56,735.59,"l"
"PhonAlign",735.59,735.63,"y"
"PhonAlign",735.63,735.72,"t"
"PhonAlign",735.72,735.8,"O/"
"PhonAlign",735.8,735.87,"p"
"PhonAlign",735.87,735.93,"O/"
"PhonAlign",735.93,736.0699999999999,"s"
"PhonAlign",736.0699999999999,736.1,"i"
"PhonAlign",736.1,736.17,"b"
"PhonAlign",736.17,736.22,"l"
"PhonAlign",736.22,736.27,"O/"
"PhonAlign",736.27,736.43,"s"
"PhonAlign",736.43,736.46,"i"
"PhonAlign",736.46,736.64,"U~/"
"PhonAlign",736.64,739.32,"#"
"PhonAlign",739.32,739.36,"b"
"PhonAlign",739.36,739.4300000000001,"U~/"
"PhonAlign",739.4300000000001,739.5500000000001,"t"
"PhonAlign",739.5500000000001,739.61,"y"
"PhonAlign",739.61,739.6400000000001,"v"
"PhonAlign",739.6400000000001,739.6800000000001,"w"
"PhonAlign",739.6800000000001,739.75,"A/"
"PhonAlign",739.75,739.8900000000001,"t"
"PhonAlign",739.8900000000001,740.0100000000001,"m"
"PhonAlign",740.0100000000001,740.09,"E"
"PhonAlign",740.09,740.1500000000001,"z"
"PhonAlign",740.1500000000001,740.35,"a~"
"PhonAlign",740.35,740.38,"A/"
"PhonAlign",740.38,740.45,"p"
"PhonAlign",740.45,740.5,"A/"
"PhonAlign",740.5,740.5300000000001,"R"
"PhonAlign",740.5300000000001,740.6600000000001,"t"
"PhonAlign",740.6600000000001,740.69,"i"
"PhonAlign",740.69,740.72,"R"
"PhonAlign",740.72,740.75,"O/"
"PhonAlign",740.75,740.7800000000001,"m"
"PhonAlign",740.7800000000001,740.82,"O/"
"PhonAlign",740.82,740.8900000000001,"m"
"PhonAlign",740.8900000000001,740.9200000000001,"a~"
"PhonAlign",740.9200000000001,740.97,"u"
"PhonAlign",740.97,741.0200000000001,"l"
"PhonAlign",741.0200000000001,741.0500000000001,"A/"
"PhonAlign",741.0500000000001,741.1400000000001,"b"
"PhonAlign",741.1400000000001,741.1700000000001,"i"
"PhonAlign",741.1700000000001,741.2,"j"
"PhonAlign",741.2,741.25,"E"
"PhonAlign",741.25,741.33,"t"
"PhonAlign",741.33,741.36,"2"
"PhonAlign",741.36,741.4100000000001,"R"
"PhonAlign",741.4100000000001,741.45,"i"
"PhonAlign",741.45,741.63,"t"
"PhonAlign",741.63,741.6600000000001,"u"
"PhonAlign",741.6600000000001,741.69,"v"
"PhonAlign",741.69,741.72,"E"
"PhonAlign",741.72,741.7600000000001,"R"
"PhonAlign",741.7600000000001,741.795,"t"
"PhonAlign",741.795,748.105,"#"
"PhonAlign",748.105,748.265,"d"
"PhonAlign",748.265,748.325,"@"
"PhonAlign",748.325,748.395,"k"
"PhonAlign",748.395,748.4250000000001,"w"
"PhonAlign",748.4250000000001,748.58,"A/"
"PhonAlign",748.58,752.920313,"#"
"PhonAlign",752.920313,753.43,"e"
"PhonAlign",753.43,753.56,"#"
"PhonAlign",753.56,753.79,"e"
"PhonAlign",753.79,754.18,"#"
"PhonAlign",754.18,754.29,"E"
"PhonAlign",754.29,754.4899999999999,"s"
"PhonAlign",754.4899999999999,754.54,"e"
"PhonAlign",754.54,754.68,"t"
"PhonAlign",754.68,754.7099999999999,"w"
"PhonAlign",754.7099999999999,754.77,"A/"
"PhonAlign",754.77,754.8599999999999,"k"
"PhonAlign",754.8599999999999,754.9,"j"
"PhonAlign",754.9,754.93,"A/"
"PhonAlign",754.93,755.06,"S"
"PhonAlign",755.06,755.1099999999999,"w"
"PhonAlign",755.1099999999999,755.1999999999999,"A/"
"PhonAlign",755.1999999999999,755.4399999999999,"z"
"PhonAlign",755.4399999999999,755.4699999999999,"i"
"PhonAlign",755.4699999999999,755.565,"U~/"
"PhonAlign",755.565,756.525,"#"
"PhonAlign",756.525,757.570929,"laugh"
"PhonAlign",757.570929,761.885,"#"
"PhonAlign",761.885,762.225,"fp"
"PhonAlign",762.225,762.265,"#"
"PhonAlign",762.265,762.345,"E"
"PhonAlign",762.345,762.455,"s"
"PhonAlign",762.455,762.515,"k"
"PhonAlign",762.515,762.605,"@"
"PhonAlign",762.605,762.6949999999999,"i"
"PhonAlign",762.6949999999999,762.8149999999999,"f"
"PhonAlign",762.8149999999999,762.925,"O/"
"PhonAlign",762.925,762.995,"k"
"PhonAlign",762.995,763.235,"O~"
"PhonAlign",763.235,763.275,"p"
"PhonAlign",763.275,763.355,"R"
"PhonAlign",763.355,763.415,"E"
"PhonAlign",763.415,763.495,"v"
"PhonAlign",763.495,763.535,"w"
"PhonAlign",763.535,763.585,"A/"
"PhonAlign",763.585,763.675,"t"
"PhonAlign",763.675,763.735,"p"
"PhonAlign",763.735,763.8149999999999,"2"
"PhonAlign",763.8149999999999,763.845,"t"
"PhonAlign",763.845,763.875,"E"
"PhonAlign",763.875,763.905,"t"
"PhonAlign",763.905,763.935,"R"
"PhonAlign",763.935,763.985,"d"
"PhonAlign",763.985,764.525,"e"
"PhonAlign",764.525,764.575,"z"
"PhonAlign",764.575,764.605,"#"
"PhonAlign",764.605,764.6949999999999,"d"
"PhonAlign",764.6949999999999,764.725,"e"
"PhonAlign",764.725,764.875,"z"
"PhonAlign",764.875,765.135,"d"
"PhonAlign",765.135,765.1949999999999,"e"
"PhonAlign",765.1949999999999,765.3149999999999,"p"
"PhonAlign",765.3149999999999,765.375,"R"
"PhonAlign",765.375,765.415,"O/"
"PhonAlign",765.415,765.4449999999999,"b"
"PhonAlign",765.4449999999999,765.475,"l"
"PhonAlign",765.475,765.505,"E"
"PhonAlign",765.505,765.625,"m"
"PhonAlign",765.625,765.705,"O/"
"PhonAlign",765.705,765.735,"n"
"PhonAlign",765.735,765.805,"i"
"PhonAlign",765.805,765.835,"v"
"PhonAlign",765.835,765.9449999999999,"O/"
"PhonAlign",765.9449999999999,765.985,"d"
"PhonAlign",765.985,766.015,"l"
"PhonAlign",766.015,766.075,"A/"
"PhonAlign",766.075,766.165,"s"
"PhonAlign",766.165,766.1949999999999,"e"
"PhonAlign",766.1949999999999,766.285,"k"
"PhonAlign",766.285,766.325,"y"
"PhonAlign",766.325,766.355,"R"
"PhonAlign",766.355,766.415,"i"
"PhonAlign",766.415,766.485,"t"
"PhonAlign",766.485,766.5649999999999,"e"
"PhonAlign",766.5649999999999,766.745,"k"
"PhonAlign",766.745,766.795,"O~"
"PhonAlign",766.795,766.905,"s"
"PhonAlign",766.905,766.9449999999999,"i"
"PhonAlign",766.9449999999999,766.995,"n"
"PhonAlign",766.995,767.025,"j"
"PhonAlign",767.025,767.055,"d"
"PhonAlign",767.055,767.165,"s"
"PhonAlign",767.165,767.215,"e"
"PhonAlign",767.215,767.295,"k"
"PhonAlign",767.295,767.325,"y"
"PhonAlign",767.325,767.395,"R"
"PhonAlign",767.395,767.425,"i"
"PhonAlign",767.425,767.535,"t"
"PhonAlign",767.535,767.63,"e"
"PhonAlign",767.63,768.76,"#"
"PhonAlign",768.76,768.83,"s"
"PhonAlign",768.83,768.95,"i"
"PhonAlign",768.95,769.36,"fp"
"PhonAlign",769.36,769.595,"#"
"PhonAlign",769.595,769.815,"s"
"PhonAlign",769.815,769.885,"i"
"PhonAlign",769.885,769.945,"j"
"PhonAlign",769.945,770.105,"A/"
"PhonAlign",770.105,771.195,"#"
"PhonAlign",771.195,771.235,"t"
"PhonAlign",771.235,771.315,"A/"
"PhonAlign",771.315,771.345,"R"
"PhonAlign",771.345,771.465,"a~"
"PhonAlign",771.465,771.6350000000001,"t"
"PhonAlign",771.6350000000001,771.6850000000001,"U~/"
"PhonAlign",771.6850000000001,771.845,"O/"
"PhonAlign",771.845,771.9150000000001,"b"
"PhonAlign",771.9150000000001,772.005,"u"
"PhonAlign",772.005,772.085,"m"
"PhonAlign",772.085,772.125,"l"
"PhonAlign",772.125,772.195,"@"
"PhonAlign",772.195,772.355,"f"
"PhonAlign",772.355,772.585,"2"
"PhonAlign",772.585,772.715,"t"
"PhonAlign",772.715,772.875,"A/"
"PhonAlign",772.875,773.215,"k"
"PhonAlign",773.215,773.345,"l"
"PhonAlign",773.345,773.3850000000001,"E"
"PhonAlign",773.3850000000001,773.445,"k"
"PhonAlign",773.445,773.585,"R"
"PhonAlign",773.585,773.725,"a~"
"PhonAlign",773.725,774.0350000000001,"p"
"PhonAlign",774.0350000000001,774.065,"u"
"PhonAlign",774.065,774.095,"m"
"PhonAlign",774.095,774.255,"s"
"PhonAlign",774.255,774.315,"A/"
"PhonAlign",774.315,774.3950000000001,"b"
"PhonAlign",774.3950000000001,774.495,"R"
"PhonAlign",774.495,774.6350000000001,"y"
"PhonAlign",774.6350000000001,774.695,"l"
"PhonAlign",774.695,774.815,"@"
"PhonAlign",774.815,775.08,"#"
"PhonAlign",775.08,775.4200000000001,"p"
"PhonAlign",775.4200000000001,775.45,"a~"
"PhonAlign",775.45,775.5,"k"
"PhonAlign",775.5,775.5300000000001,"t"
"PhonAlign",775.5300000000001,775.5600000000001,"s"
"PhonAlign",775.5600000000001,775.59,"e"
"PhonAlign",775.59,775.9100000000001,"2"
"PhonAlign",775.9100000000001,776.22,"k"
"PhonAlign",776.22,776.25,"O~"
"PhonAlign",776.25,776.3100000000001,"n"
"PhonAlign",776.3100000000001,776.4300000000001,"f"
"PhonAlign",776.4300000000001,776.58,"E"
"PhonAlign",776.58,776.64,"i"
"PhonAlign",776.64,776.74,"f"
"PhonAlign",776.74,776.83,"O/"
"PhonAlign",776.83,776.9300000000001,"k"
"PhonAlign",776.9300000000001,776.98,"O~"
"PhonAlign",776.98,778.54,"#"
"PhonAlign",778.54,779.65,"fp"
"PhonAlign",779.65,780.895,"#"
"PhonAlign",780.895,780.935,"b"
"PhonAlign",780.935,780.985,"O/"
"PhonAlign",780.985,781.025,"A/"
"PhonAlign",781.025,781.055,"l"
"PhonAlign",781.055,781.095,"e"
"PhonAlign",781.095,781.1949999999999,"t"
"PhonAlign",781.1949999999999,781.245,"y"
"PhonAlign",781.245,781.295,"t"
"PhonAlign",781.295,781.355,"O/"
"PhonAlign",781.355,781.4549999999999,"k"
"PhonAlign",781.4549999999999,781.485,"y"
"PhonAlign",781.485,781.515,"p"
"PhonAlign",781.515,781.5649999999999,"d"
"PhonAlign",781.5649999999999,781.605,"@"
"PhonAlign",781.605,781.735,"R"
"PhonAlign",781.735,781.775,"2"
"PhonAlign",781.775,781.875,"k"
"PhonAlign",781.875,782.095,"R"
"PhonAlign",782.095,782.135,"y"
"PhonAlign",782.135,782.295,"t"
"PhonAlign",782.295,782.345,"e"
"PhonAlign",782.345,782.505,"R"
"PhonAlign",782.505,782.535,"d"
"PhonAlign",782.535,782.585,"E"
"PhonAlign",782.585,782.7049999999999,"p"
"PhonAlign",782.7049999999999,782.745,"O~"
"PhonAlign",782.745,782.875,"p"
"PhonAlign",782.875,782.925,"j"
"PhonAlign",782.925,782.99,"e"
"PhonAlign",782.99,796.79,"#"
"PhonAlign",796.79,796.92,"w"
"PhonAlign",796.92,797.08,"E"
"PhonAlign",797.08,797.675,"#"
"PhonAlign",797.675,797.7149999999999,"p"
"PhonAlign",797.7149999999999,797.745,"A/"
"PhonAlign",797.745,797.8449999999999,"s"
"PhonAlign",797.8449999999999,797.905,"k"
"PhonAlign",797.905,798.64,"@"
"PhonAlign",798.64,800.08,"#"
"PhonAlign",800.08,800.1800000000001,"l"
"PhonAlign",800.1800000000001,800.22,"@"
"PhonAlign",800.22,800.2900000000001,"R"
"PhonAlign",800.2900000000001,800.33,"2"
"PhonAlign",800.33,800.36,"l"
"PhonAlign",800.36,800.4200000000001,"A/"
"PhonAlign",800.4200000000001,800.5400000000001,"s"
"PhonAlign",800.5400000000001,800.57,"j"
"PhonAlign",800.57,800.6600000000001,"O~"
"PhonAlign",800.6600000000001,800.73,"O/"
"PhonAlign",800.73,800.84,"s"
"PhonAlign",800.84,800.943097,"i"
"PhonAlign",800.943097,801.885,"#"
"PhonAlign",801.885,801.925,"p"
"PhonAlign",801.925,801.955,"R"
"PhonAlign",801.955,802.0649999999999,"s"
"PhonAlign",802.0649999999999,802.105,"k"
"PhonAlign",802.105,802.135,"i"
"PhonAlign",802.135,802.255,"f"
"PhonAlign",802.255,802.3149999999999,"O/"
"PhonAlign",802.3149999999999,802.375,"E"
"PhonAlign",802.375,802.435,"t"
"PhonAlign",802.435,802.475,"Z"
"PhonAlign",802.475,802.575,"a~"
"PhonAlign",802.575,802.705,"t"
"PhonAlign",802.705,802.805,"i"
"PhonAlign",802.805,802.9449999999999,"j"
"PhonAlign",802.9449999999999,802.985,"A/"
"PhonAlign",802.985,803.055,"v"
"PhonAlign",803.055,803.085,"E"
"PhonAlign",803.085,803.125,"k"
"PhonAlign",803.125,803.155,"l"
"PhonAlign",803.155,803.205,"@"
"PhonAlign",803.205,803.255,"Z"
"PhonAlign",803.255,803.285,"a~"
"PhonAlign",803.285,803.448917,"z"
"PhonAlign",803.448917,804.243207,"#"
"PhonAlign",804.243207,804.709729,"laugh"
"PhonAlign",804.709729,821.464271,"#"
"PhonAlign",821.464271,821.714271,"u"
"PhonAlign",821.714271,821.90426,"i"
"PhonAlign",821.90426,829.595,"#"
"PhonAlign",829.595,829.645,"Z"
"PhonAlign",829.645,829.6750000000001,"p"
"PhonAlign",829.6750000000001,829.705,"@"
"PhonAlign",829.705,829.735,"p"
"PhonAlign",829.735,829.7850000000001,"A/"
"PhonAlign",829.7850000000001,829.855,"t"
"PhonAlign",829.855,829.905,"A/"
"PhonAlign",829.905,829.945,"p"
"PhonAlign",829.945,829.995,"R"
"PhonAlign",829.995,830.0550000000001,"a~"
"PhonAlign",830.0550000000001,830.115,"d"
"PhonAlign",830.115,830.155,"t"
"PhonAlign",830.155,830.205,"O~"
"PhonAlign",830.205,830.245,"m"
"PhonAlign",830.245,830.3050000000001,"E"
"PhonAlign",830.3050000000001,830.4150000000001,"t"
"PhonAlign",830.4150000000001,830.445,"j"
"PhonAlign",830.445,830.515,"e"
"PhonAlign",830.515,830.565,"m"
"PhonAlign",830.565,830.615,"E"
"PhonAlign",830.615,830.655,"b"
"PhonAlign",830.655,830.765,"O~"
"PhonAlign",830.765,831.54,"laugh"
"PhonAlign",831.54,834.94,"#"
"PhonAlign",834.94,835.09,"u"
"PhonAlign",835.09,835.165,"i"
"PhonAlign",835.165,835.58,"#"
"PhonAlign",835.58,835.6500000000001,"s"
"PhonAlign",835.6500000000001,835.72,"i"
"PhonAlign",835.72,835.83,"f"
"PhonAlign",835.83,835.95,"O/"
"PhonAlign",835.95,835.99,"t"
"PhonAlign",835.99,836.0400000000001,"p"
"PhonAlign",836.0400000000001,836.08,"u"
"PhonAlign",836.08,836.1700000000001,"v"
"PhonAlign",836.1700000000001,836.32,"w"
"PhonAlign",836.32,836.35,"A/"
"PhonAlign",836.35,836.38,"R"
"PhonAlign",836.38,836.4100000000001,"E"
"PhonAlign",836.4100000000001,836.44,"v"
"PhonAlign",836.44,836.49,"A/"
"PhonAlign",836.49,836.59,"k"
"PhonAlign",836.59,836.6600000000001,"y"
"PhonAlign",836.6600000000001,836.69,"e"
"PhonAlign",836.69,836.72,"l"
"PhonAlign",836.72,836.75,"@"
"PhonAlign",836.75,836.7800000000001,"v"
"PhonAlign",836.7800000000001,836.82,"w"
"PhonAlign",836.82,836.88,"A/"
"PhonAlign",836.88,836.98,"t"
"PhonAlign",836.98,837.0600000000001,"y"
"PhonAlign",837.0600000000001,837.1500000000001,"R"
"PhonAlign",837.1500000000001,837.19,"E"
"PhonAlign",837.19,837.2700000000001,"t"
"PhonAlign",837.2700000000001,837.34,"u"
"PhonAlign",837.34,837.385,"t"
"PhonAlign",837.385,855.368438,"#"
"PhonAlign",855.368438,855.498438,"f"
"PhonAlign",855.498438,855.5384379999999,"O/"
"PhonAlign",855.5384379999999,855.608438,"k"
"PhonAlign",855.608438,855.6584379999999,"O~"
"PhonAlign",855.6584379999999,855.728438,"f"
"PhonAlign",855.728438,855.888438,"A/"
"PhonAlign",855.888438,855.9284379999999,"s"
"PhonAlign",855.9284379999999,856.043438,"@"
"PhonAlign",856.043438,859.337489,"#"
"PhonAlign",859.337489,860.777223,"laugh"
"PhonAlign",860.777223,872.3437,"#"
"PhonAlign",872.3437,873.226973,"laugh"
"PhonAlign",873.226973,876.42,"#"
"PhonAlign",876.42,876.49,"f"
"PhonAlign",876.49,876.5699999999999,"O/"
"PhonAlign",876.5699999999999,876.5999999999999,"k"
"PhonAlign",876.5999999999999,876.77,"O~"
"PhonAlign",876.77,877.03,"f"
"PhonAlign",877.03,877.0699999999999,"E"
"PhonAlign",877.0699999999999,877.14,"R"
"PhonAlign",877.14,877.18,"y"
"PhonAlign",877.18,877.2299999999999,"n"
"PhonAlign",877.2299999999999,877.31,"A/"
"PhonAlign",877.31,877.38,"f"
"PhonAlign",877.38,877.4599999999999,"i"
"PhonAlign",877.4599999999999,877.55,"S"
"PhonAlign",877.55,877.61,"O/"
"PhonAlign",877.61,877.75,"s"
"PhonAlign",877.75,877.79,"i"
"PhonAlign",877.79,877.86,"p"
"PhonAlign",877.86,877.89,"2"
"PhonAlign",877.89,877.93,"t"
"PhonAlign",877.93,878.0,"E"
"PhonAlign",878.0,878.04,"t"
"PhonAlign",878.04,878.08,"R"
"PhonAlign",878.08,886.4,"#"
"PhonAlign",886.4,886.4399999999999,"m"
"PhonAlign",886.4399999999999,886.51,"A/"
"PhonAlign",886.51,886.61,"t"
"PhonAlign",886.61,886.65,"a~"
"PhonAlign",886.65,886.75,"O~"
"PhonAlign",886.75,886.8,"n"
"PhonAlign",886.8,886.97,"A/"
"PhonAlign",886.97,887.5,"#"
"PhonAlign",887.5,887.6,"w"
"PhonAlign",887.6,887.63,"E"
"PhonAlign",887.63,887.6999999999999,"O~"
"PhonAlign",887.6999999999999,887.74,"n"
"PhonAlign",887.74,887.8,"A/"
"PhonAlign",887.8,887.89,"k"
"PhonAlign",887.89,887.9399999999999,"E"
"PhonAlign",887.9399999999999,887.97,"l"
"PhonAlign",887.97,888.06,"k"
"PhonAlign",888.06,888.15,"U~/"
"PhonAlign",888.15,888.18,"d"
"PhonAlign",888.18,888.29,"a~"
"PhonAlign",888.29,888.3299999999999,"l"
"PhonAlign",888.3299999999999,888.42,"A/"
"PhonAlign",888.42,888.56,"s"
"PhonAlign",888.56,888.83,"O/"
"PhonAlign",888.83,891.67,"#"
"PhonAlign",891.67,891.7099999999999,"t"
"PhonAlign",891.7099999999999,891.74,"R"
"PhonAlign",891.74,891.78,"E"
"PhonAlign",891.78,891.8399999999999,"b"
"PhonAlign",891.8399999999999,891.87,"j"
"PhonAlign",891.87,892.03,"U~/"
"PhonAlign",892.03,892.29,"#"
"PhonAlign",892.29,892.4499999999999,"E"
"PhonAlign",892.4499999999999,892.67,"fp"
"PhonAlign",892.67,892.75,"w"
"PhonAlign",892.75,892.81,"E"
"PhonAlign",892.81,892.99,"d"
"PhonAlign",892.99,893.02,"y"
"PhonAlign",893.02,893.0899999999999,"k"
"PhonAlign",893.0899999999999,893.14,"u"
"PhonAlign",893.14,893.28,"t"
"PhonAlign",893.28,893.3399999999999,"t"
"PhonAlign",893.3399999999999,893.4,"O/"
"PhonAlign",893.4,893.4399999999999,"k"
"PhonAlign",893.4399999999999,893.4699999999999,"y"
"PhonAlign",893.4699999999999,893.5,"p"
"PhonAlign",893.5,893.54,"d"
"PhonAlign",893.54,893.5999999999999,"@"
"PhonAlign",893.5999999999999,893.67,"f"
"PhonAlign",893.67,893.6999999999999,"E"
"PhonAlign",893.6999999999999,893.73,"R"
"PhonAlign",893.73,893.76,"l"
"PhonAlign",893.76,893.81,"A/"
"PhonAlign",893.81,893.9,"f"
"PhonAlign",893.9,893.9399999999999,"i"
"PhonAlign",893.9399999999999,894.02,"S"
"PhonAlign",894.02,894.0799999999999,"O/"
"PhonAlign",894.0799999999999,894.1899999999999,"s"
"PhonAlign",894.1899999999999,894.29,"i"
"PhonAlign",894.29,898.656044,"#"
"PhonAlign",898.656044,898.746044,"E"
"PhonAlign",898.746044,898.7960439999999,"w"
"PhonAlign",898.7960439999999,899.096033,"E"
"PhonAlign",899.096033,912.79,"#"
"PhonAlign",912.79,912.89,"O~"
"PhonAlign",912.89,913.06,"n"
"PhonAlign",913.06,913.13,"w"
"PhonAlign",913.13,913.485,"E"
"PhonAlign",913.485,913.69,"#"
"PhonAlign",913.69,913.75,"w"
"PhonAlign",913.75,913.93,"i"
"PhonAlign",913.93,914.92,"#"
"PhonAlign",914.92,914.97,"t"
"PhonAlign",914.97,915.0,"A/"
"PhonAlign",915.0,915.08,"y"
"PhonAlign",915.08,915.13,"n"
"PhonAlign",915.13,915.22,"i"
"PhonAlign",915.22,915.26,"d"
"PhonAlign",915.26,915.3,"e"
"PhonAlign",915.3,915.33,"w"
"PhonAlign",915.33,915.51,"E"
"PhonAlign",915.51,915.57,"w"
"PhonAlign",915.57,915.814687,"E"
"PhonAlign",915.814687,929.971781,"#"
"PhonAlign",929.971781,931.649999,"laugh"
"PhonAlign",931.649999,941.76,"#"
"PhonAlign",941.76,941.82,"m"
"PhonAlign",941.82,941.86,"E"
"PhonAlign",941.86,941.97,"t"
"PhonAlign",941.97,942.0,"k"
"PhonAlign",942.0,942.04,"R"
"PhonAlign",942.04,942.07,"w"
"PhonAlign",942.07,942.12,"A/"
"PhonAlign",942.12,942.18,"v"
"PhonAlign",942.18,942.23,"R"
"PhonAlign",942.23,942.3,"E"
"PhonAlign",942.3,942.36,"m"
"PhonAlign",942.36,942.45,"a~"
"PhonAlign",942.45,942.48,"k"
"PhonAlign",942.48,942.54,"s"
"PhonAlign",942.54,942.57,"e"
"PhonAlign",942.57,942.66,"p"
"PhonAlign",942.66,942.69,"O/"
"PhonAlign",942.69,942.8,"s"
"PhonAlign",942.8,942.83,"i"
"PhonAlign",942.83,942.9,"b"
"PhonAlign",942.9,942.93,"l"
"PhonAlign",942.93,943.02,"@"
"PhonAlign",943.02,943.055,"s"
"PhonAlign",943.055,949.963551,"#"
"PhonAlign",949.963551,950.123551,"A/"
"PhonAlign",950.123551,950.153551,"l"
"PhonAlign",950.153551,950.183551,"e"
"PhonAlign",950.183551,950.560197,"U~/"
"PhonAlign",950.560197,952.905,"#"
"PhonAlign",952.905,953.095,"A/"
"PhonAlign",953.095,953.125,"l"
"PhonAlign",953.125,953.235,"e"
"PhonAlign",953.235,953.275,"z"
"PhonAlign",953.275,953.505,"#"
"PhonAlign",953.505,953.545,"b"
"PhonAlign",953.545,953.585,"O/"
"PhonAlign",953.585,953.645,"E"
"PhonAlign",953.645,953.755,"k"
"PhonAlign",953.755,953.785,"u"
"PhonAlign",953.785,953.87,"t"
"PhonAlign",953.87,955.975372,"#"
"PhonAlign",955.975372,956.765,"laugh"
"PhonAlign",956.765,956.805,"m"
"PhonAlign",956.805,956.835,"w"
"PhonAlign",956.835,956.865,"A/"
"PhonAlign",956.865,956.945,"S"
"PhonAlign",956.945,957.015,"k"
"PhonAlign",957.015,957.045,"O/"
"PhonAlign",957.045,957.085,"n"
"PhonAlign",957.085,957.185,"E"
"PhonAlign",957.185,975.11,"#"
"PhonAlign",975.11,975.2,"A/"
"PhonAlign",975.2,975.29,"t"
"PhonAlign",975.29,975.38,"a~"
"PhonAlign",975.38,975.43,"d"
"PhonAlign",975.43,975.49,"e"
"PhonAlign",975.49,975.59,"m"
"PhonAlign",975.59,975.7,"A/"
"PhonAlign",975.7,975.8,"t"
"PhonAlign",975.8,975.89,"a~"
"PhonAlign",975.89,975.94,"d"
"PhonAlign",975.94,975.99,"e"
"PhonAlign",975.99,976.06,"p"
"PhonAlign",976.06,976.11,"A/"
"PhonAlign",976.11,976.22,"s"
"PhonAlign",976.22,976.26,"k"
"PhonAlign",976.26,976.29,"@"
"PhonAlign",976.29,976.32,"l"
"PhonAlign",976.32,976.38,"A/"
"PhonAlign",976.38,976.54,"O~"
"PhonAlign",976.54,976.6,"d"
"PhonAlign",976.6,976.77,"i"
"PhonAlign",976.77,976.865,"#"
"PhonAlign",976.865,976.995,"A/"
"PhonAlign",976.995,977.105,"E"
"PhonAlign",977.105,977.185,"k"
"PhonAlign",977.185,977.34422,"s"
"PhonAlign",977.34422,978.19,"#"
"PhonAlign",978.19,978.24,"m"
"PhonAlign",978.24,978.29,"E"
"PhonAlign",978.29,978.43,"k"
"PhonAlign",978.43,978.47,"j"
"PhonAlign",978.47,978.52,"A/"
"PhonAlign",978.52,978.59,"d"
"PhonAlign",978.59,978.66,"i"
"PhonAlign",978.66,978.74,"k"
"PhonAlign",978.74,978.88,"O~"
"PhonAlign",978.88,978.91,"f"
"PhonAlign",978.91,978.96,"2"
"PhonAlign",978.96,978.99,"z"
"PhonAlign",978.99,979.06,"E"
"PhonAlign",979.06,979.13,"t"
"PhonAlign",979.13,979.16,"A/"
"PhonAlign",979.16,979.2,"E"
"PhonAlign",979.2,979.25,"k"
"PhonAlign",979.25,979.285,"s"
"PhonAlign",979.285,980.22,"#"
"PhonAlign",980.22,980.26,"s"
"PhonAlign",980.26,980.31,"i"
"PhonAlign",980.31,980.34,"n"
"PhonAlign",980.34,980.37,"O~"
"PhonAlign",980.37,980.41,"O~"
"PhonAlign",980.41,980.56,"f"
"PhonAlign",980.56,980.61,"E"
"PhonAlign",980.61,980.7,"A/"
"PhonAlign",980.7,980.83,"j"
"PhonAlign",980.83,980.89,"9"
"PhonAlign",980.89,980.925,"R"
"PhonAlign",980.925,984.375,"#"
"PhonAlign",984.375,984.475,"A/"
"PhonAlign",984.475,984.515,"u"
"PhonAlign",984.515,984.595,"i"
"PhonAlign",984.595,984.695,"s"
"PhonAlign",984.695,984.735,"e"
"PhonAlign",984.735,984.885,"v"
"PhonAlign",984.885,984.965,"R"
"PhonAlign",984.965,985.005,"E"
"PhonAlign",985.005,985.465,"#"
"PhonAlign",985.465,985.565,"O/"
"PhonAlign",985.565,985.665,"k"
"PhonAlign",985.665,985.745,"E"
"PhonAlign",985.745,985.785,"v"
"PhonAlign",985.785,985.895,"a~"
"PhonAlign",985.895,985.935,"d"
"PhonAlign",985.935,986.03,"y"
"PhonAlign",986.03,986.125,"#"
"PhonAlign",986.125,987.53,"laugh"
"PhonAlign",987.53,987.827307,"#"
"PhonAlign",987.827307,988.932878,"laugh"
"PhonAlign",988.932878,993.275,"#"
"PhonAlign",993.275,993.435,"A/"
"PhonAlign",993.435,993.465,"m"
"PhonAlign",993.465,993.515,"e"
"PhonAlign",993.515,993.595,"S"
"PhonAlign",993.595,993.655,"p"
"PhonAlign",993.655,993.705,"a~"
"PhonAlign",993.705,993.795,"s"
"PhonAlign",993.795,993.865,"E"
"PhonAlign",993.865,993.895,"A/"
"PhonAlign",993.895,993.965,"Z"
"PhonAlign",993.965,994.075,"a~"
"PhonAlign",994.075,994.105,"R"
"PhonAlign",994.105,994.145,"U~/"
"PhonAlign",994.145,994.225,"t"
"PhonAlign",994.225,994.265,"R"
"PhonAlign",994.265,994.335,"y"
"PhonAlign",994.335,994.375,"k"
"PhonAlign",994.375,994.475,"s"
"PhonAlign",994.475,994.575,"U~/"
"PhonAlign",994.575,994.655,"p"
"PhonAlign",994.655,994.945,"A/"
"PhonAlign",994.945,995.265,"U~/"
"PhonAlign",995.265,995.325,"d"
"PhonAlign",995.325,995.465,"R"
"PhonAlign",995.465,995.595,"A/"
"PhonAlign",995.595,995.625,"j"
"PhonAlign",995.625,995.685,"v"
"PhonAlign",995.685,995.765,"a~"
"PhonAlign",995.765,995.825,"b"
"PhonAlign",995.825,995.945,"O/"
"PhonAlign",995.945,995.975,"R"
"PhonAlign",995.975,996.025,"d"
"PhonAlign",996.025,996.085,"@"
"PhonAlign",996.085,996.155,"m"
"PhonAlign",996.155,996.215,"E"
"PhonAlign",996.215,996.305,"R"
"PhonAlign",996.305,996.425,"t"
"PhonAlign",996.425,996.465,"y"
"PhonAlign",996.465,996.515,"v"
"PhonAlign",996.515,996.545,"w"
"PhonAlign",996.545,996.585,"A/"
"PhonAlign",996.585,996.635,"z"
"PhonAlign",996.635,997.135,"#"
"PhonAlign",997.135,997.245,"Z"
"PhonAlign",997.245,997.365,"a~"
"PhonAlign",997.365,997.395,"R"
"PhonAlign",997.395,997.425,"l"
"PhonAlign",997.425,997.525,"A/"
"PhonAlign",997.525,997.675,"O~"
"PhonAlign",997.675,997.725,"E"
"PhonAlign",997.725,997.785,"d"
"PhonAlign",997.785,997.905,"a~"
"PhonAlign",997.905,997.955,"d"
"PhonAlign",997.955,998.385,"y"
"PhonAlign",998.385,998.565,"#"
"PhonAlign",998.565,998.605,"b"
"PhonAlign",998.605,998.785,"A/"
"PhonAlign",998.785,998.835,"m"
"PhonAlign",998.835,998.965,"d"
"PhonAlign",998.965,999.025,"y"
"PhonAlign",999.025,999.065,"g"
"PhonAlign",999.065,999.095,"R"
"PhonAlign",999.095,999.215,"O/"
"PhonAlign",999.215,999.365,"p"
"PhonAlign",999.365,999.455,"i"
"PhonAlign",999.455,999.505,"m"
"PhonAlign",999.505,999.655,"p"
"PhonAlign",999.655,1000.115,"E"
"PhonAlign",1000.115,1000.145,"l"
"PhonAlign",1000.145,1000.175,"A/"
"PhonAlign",1000.175,1000.325,"b"
"PhonAlign",1000.325,1000.505,"u"
"PhonAlign",1000.505,1000.585,"m"
"PhonAlign",1000.585,1000.645,"b"
"PhonAlign",1000.645,1000.775,"u"
"PhonAlign",1000.775,1000.815,"m"
"PhonAlign",1000.815,1000.915,"b"
"PhonAlign",1000.915,1001.095,"u"
"PhonAlign",1001.095,1001.225,"m"
"PhonAlign",1001.225,1001.855,"#"
"PhonAlign",1001.855,1001.935,"k"
"PhonAlign",1001.935,1001.985,"u"
"PhonAlign",1001.985,1002.105,"S"
"PhonAlign",1002.105,1002.165,"e"
"PhonAlign",1002.165,1002.235,"t"
"PhonAlign",1002.235,1002.335,"s"
"PhonAlign",1002.335,1002.435,"O/"
"PhonAlign",1002.435,1002.465,"l"
"PhonAlign",1002.465,1002.675,"E"
"PhonAlign",1002.675,1002.805,"j"
"PhonAlign",1002.805,1002.865,"p"
"PhonAlign",1002.865,1003.015,"A/"
"PhonAlign",1003.015,1003.125,"m"
"PhonAlign",1003.125,1003.265,"e"
"PhonAlign",1003.265,1003.425,"t"
"PhonAlign",1003.425,1003.505,"g"
"PhonAlign",1003.505,1003.535,"R"
"PhonAlign",1003.535,1003.605,"A/"
"PhonAlign",1003.605,1003.635,"m"
"PhonAlign",1003.635,1003.675,"m"
"PhonAlign",1003.675,1003.745,"A/"
"PhonAlign",1003.745,1003.815,"t"
"PhonAlign",1003.815,1003.875,"t"
"PhonAlign",1003.875,1003.975,"O~"
"PhonAlign",1003.975,1004.115,"f"
"PhonAlign",1004.115,1004.235,"i"
"PhonAlign",1004.235,1004.265,"l"
"PhonAlign",1004.265,1004.365,"m"
"PhonAlign",1004.365,1004.835,"@"
"PhonAlign",1004.835,1006.705,"#"
"PhonAlign",1006.705,1006.825,"E"
"PhonAlign",1006.825,1006.955,"O/"
"PhonAlign",1006.955,1007.245,"O/"
"PhonAlign",1007.245,1007.287351,"O/"
"PhonAlign",1007.287351,1008.32,"#"
"PhonAlign",1008.32,1008.39,"n"
"PhonAlign",1008.39,1008.69,"O/"
"PhonAlign",1008.69,1008.73,"R"
"PhonAlign",1008.73,1008.8,"g"
"PhonAlign",1008.8,1008.9,"A/"
"PhonAlign",1008.9,1008.93,"R"
"PhonAlign",1008.93,1008.96,"d"
"PhonAlign",1008.96,1009.74,"fp"
"PhonAlign",1009.74,1009.83,"#"
"PhonAlign",1009.83,1009.94,"A/"
"PhonAlign",1009.94,1010.03,"m"
"PhonAlign",1010.03,1010.09,"A/"
"PhonAlign",1010.09,1010.12,"R"
"PhonAlign",1010.12,1010.23,"s"
"PhonAlign",1010.23,1010.33,"E"
"PhonAlign",1010.33,1010.43,"j"
"PhonAlign",1010.43,1010.47,"j"
"PhonAlign",1010.47,1010.51,"A/"
"PhonAlign",1010.51,1010.61,"U~/"
"PhonAlign",1010.61,1010.67,"t"
"PhonAlign",1010.67,1010.71,"R"
"PhonAlign",1010.71,1010.76,"y"
"PhonAlign",1010.76,1010.82,"k"
"PhonAlign",1010.82,1010.86,"u"
"PhonAlign",1010.86,1010.94,"j"
"PhonAlign",1010.94,1010.97,"A/"
"PhonAlign",1010.97,1011.0,"d"
"PhonAlign",1011.0,1011.07,"e"
"PhonAlign",1011.07,1011.18,"t"
"PhonAlign",1011.18,1011.23,"E"
"PhonAlign",1011.23,1011.26,"R"
"PhonAlign",1011.26,1011.36,"U~/"
"PhonAlign",1011.36,1011.39,"d"
"PhonAlign",1011.39,1011.44,"b"
"PhonAlign",1011.44,1011.52,"A/"
"PhonAlign",1011.52,1011.61,"s"
"PhonAlign",1011.61,1011.68,"k"
"PhonAlign",1011.68,1011.79,"E"
"PhonAlign",1011.79,1011.87,"t"
"PhonAlign",1011.87,1012.0,"e"
"PhonAlign",1012.0,1012.05,"j"
"PhonAlign",1012.05,1012.08,"A/"
"PhonAlign",1012.08,1012.17,"U~/"
"PhonAlign",1012.17,1012.25,"g"
"PhonAlign",1012.25,1012.29,"R"
"PhonAlign",1012.29,1012.61,"a~"
"PhonAlign",1012.61,1012.94,"fp"
"PhonAlign",1012.94,1013.05,"#"
"PhonAlign",1013.05,1013.14,"a~"
"PhonAlign",1013.14,1013.19,"b"
"PhonAlign",1013.19,1013.29,"O/"
"PhonAlign",1013.29,1013.32,"R"
"PhonAlign",1013.32,1013.38,"d"
"PhonAlign",1013.38,1013.43,"@"
"PhonAlign",1013.43,1013.51,"m"
"PhonAlign",1013.51,1013.55,"E"
"PhonAlign",1013.55,1013.62,"R"
"PhonAlign",1013.62,1013.72,"s"
"PhonAlign",1013.72,1013.75,"e"
"PhonAlign",1013.75,1013.83,"Z"
"PhonAlign",1013.83,1013.86,"y"
"PhonAlign",1013.86,1013.98,"s"
"PhonAlign",1013.98,1014.01,"l"
"PhonAlign",1014.01,1014.04,"A/"
"PhonAlign",1014.04,1014.12,"m"
"PhonAlign",1014.12,1014.15,"E"
"PhonAlign",1014.15,1014.18,"R"
"PhonAlign",1014.18,1014.33,"E"
"PhonAlign",1014.33,1014.38,"l"
"PhonAlign",1014.38,1014.59,"A/"
"PhonAlign",1014.59,1014.65,"#"
"PhonAlign",1014.65,1014.71,"e"
"PhonAlign",1014.71,1014.74,"j"
"PhonAlign",1014.74,1014.77,"A/"
"PhonAlign",1014.77,1014.85,"U~/"
"PhonAlign",1014.85,1014.91,"g"
"PhonAlign",1014.91,1014.95,"R"
"PhonAlign",1014.95,1015.04,"a~"
"PhonAlign",1015.04,1015.11,"p"
"PhonAlign",1015.11,1015.19,"A/"
"PhonAlign",1015.19,1015.23,"R"
"PhonAlign",1015.23,1015.36,"k"
"PhonAlign",1015.36,1015.55,"i"
"PhonAlign",1015.55,1015.58,"g"
"PhonAlign",1015.58,1015.76,"e"
"PhonAlign",1015.76,1015.85,"b"
"PhonAlign",1015.85,1015.96,"A/"
"PhonAlign",1015.96,1016.02,"m"
"PhonAlign",1016.02,1016.31,"t"
"PhonAlign",1016.31,1016.36,"m"
"PhonAlign",1016.36,1016.43,"E"
"PhonAlign",1016.43,1016.46,"l"
"PhonAlign",1016.46,1016.69,"A/"
"PhonAlign",1016.69,1019.995,"#"
"PhonAlign",1019.995,1020.125,"w"
"PhonAlign",1020.125,1020.185,"E"
"PhonAlign",1020.185,1020.265,"f"
"PhonAlign",1020.265,1020.325,"O/"
"PhonAlign",1020.325,1020.375,"E"
"PhonAlign",1020.375,1020.435,"t"
"PhonAlign",1020.435,1020.505,"R"
"PhonAlign",1020.505,1020.555,"U~/"
"PhonAlign",1020.555,1020.765,"n"
"PhonAlign",1020.765,1020.975,"m"
"PhonAlign",1020.975,1021.005,"O~"
"PhonAlign",1021.005,1021.035,"g"
"PhonAlign",1021.035,1021.065,"O/"
"PhonAlign",1021.065,1021.135,"l"
"PhonAlign",1021.135,1021.865,"laugh"
"PhonAlign",1021.865,1022.115,"#"
"PhonAlign",1022.115,1022.195,"s"
"PhonAlign",1022.195,1022.235,"e"
"PhonAlign",1022.235,1022.295,"U~/"
"PhonAlign",1022.295,1022.365,"t"
"PhonAlign",1022.365,1022.415,"E"
"PhonAlign",1022.415,1022.485,"R"
"PhonAlign",1022.485,1022.535,"d"
"PhonAlign",1022.535,1022.565,"i"
"PhonAlign",1022.565,1022.635,"O/"
"PhonAlign",1022.635,1022.685,"m"
"PhonAlign",1022.685,1022.755,"O~"
"PhonAlign",1022.755,1022.855,"g"
"PhonAlign",1022.855,1022.905,"O/"
"PhonAlign",1022.905,1023.015,"l"
"PhonAlign",1023.015,1023.105,"#"
"PhonAlign",1023.105,1023.185,"f"
"PhonAlign",1023.185,1023.265,"O/"
"PhonAlign",1023.265,1023.295,"d"
"PhonAlign",1023.295,1023.325,"R"
"PhonAlign",1023.325,1023.355,"A/"
"PhonAlign",1023.355,1023.385,"l"
"PhonAlign",1023.385,1023.425,"m"
"PhonAlign",1023.425,1023.485,"E"
"PhonAlign",1023.485,1023.525,"t"
"PhonAlign",1023.525,1023.555,"R"
"PhonAlign",1023.555,1023.595,"s"
"PhonAlign",1023.595,1023.635,"y"
"PhonAlign",1023.635,1023.665,"R"
"PhonAlign",1023.665,1023.695,"l"
"PhonAlign",1023.695,1023.745,"A/"
"PhonAlign",1023.745,1023.835,"f"
"PhonAlign",1023.835,1023.895,"i"
"PhonAlign",1023.895,1023.995,"S"
"PhonAlign",1023.995,1024.045,"p"
"PhonAlign",1024.045,1024.125,"A/"
"PhonAlign",1024.125,1024.155,"R"
"PhonAlign",1024.155,1024.185,"k"
"PhonAlign",1024.185,1024.215,"O~"
"PhonAlign",1024.215,1024.255,"t"
"PhonAlign",1024.255,1024.4,"#"
"PhonAlign",1024.4,1024.91,"laugh"
"PhonAlign",1024.91,1025.165,"#"
"PhonAlign",1025.165,1025.255,"m"
"PhonAlign",1025.255,1025.445,"E"
"PhonAlign",1025.445,1025.565,"k"
"PhonAlign",1025.565,1025.695,"p"
"PhonAlign",1025.695,1025.775,"A/"
"PhonAlign",1025.775,1025.805,"R"
"PhonAlign",1025.805,1025.835,"E"
"PhonAlign",1025.835,1025.865,"j"
"PhonAlign",1025.865,1025.905,"i"
"PhonAlign",1025.905,1025.945,"l"
"PhonAlign",1025.945,1026.045,"A/"
"PhonAlign",1026.045,1026.075,"R"
"PhonAlign",1026.075,1026.125,"i"
"PhonAlign",1026.125,1026.155,"v"
"PhonAlign",1026.155,1026.235,"d"
"PhonAlign",1026.235,1026.335,"a~"
"PhonAlign",1026.335,1026.365,"l"
"PhonAlign",1026.365,1026.445,"S"
"PhonAlign",1026.445,1026.575,"a~"
"PhonAlign",1026.575,1026.625,"b"
"PhonAlign",1026.625,1026.695,"A/"
"PhonAlign",1026.695,1026.745,"m"
"PhonAlign",1026.745,1026.815,"i"
"PhonAlign",1026.815,1026.905,"p"
"PhonAlign",1026.905,1026.935,"E"
"PhonAlign",1026.935,1026.995,"R"
"PhonAlign",1026.995,1027.075,"k"
"PhonAlign",1027.075,1027.135,"y"
"PhonAlign",1027.135,1027.215,"t"
"PhonAlign",1027.215,1027.245,"t"
"PhonAlign",1027.245,1027.275,"u"
"PhonAlign",1027.275,1027.325,"t"
"PhonAlign",1027.325,1027.355,"l"
"PhonAlign",1027.355,1027.415,"E"
"PhonAlign",1027.415,1027.455,"v"
"PhonAlign",1027.455,1027.485,"w"
"PhonAlign",1027.485,1027.565,"A/"
"PhonAlign",1027.565,1027.705,"t"
"PhonAlign",1027.705,1027.755,"y"
"PhonAlign",1027.755,1027.81,"R"
"PhonAlign",1027.81,1028.165306,"laugh"
"PhonAlign",1028.165306,1029.39,"#"
"PhonAlign",1029.39,1030.76,"laugh"
"PhonAlign",1030.76,1030.94,"u"
"PhonAlign",1030.94,1031.075,"i"
"PhonAlign",1031.075,1042.7,"#"
"PhonAlign",1042.7,1042.77,"S"
"PhonAlign",1042.77,1042.88,"k"
"PhonAlign",1042.88,1042.91,"O/"
"PhonAlign",1042.91,1042.96,"n"
"PhonAlign",1042.96,1043.06,"E"
"PhonAlign",1043.06,1043.1,"A/"
"PhonAlign",1043.1,1043.18,"d"
"PhonAlign",1043.18,1043.25,"O/"
"PhonAlign",1043.25,1043.32,"b"
"PhonAlign",1043.32,1043.37,"@"
"PhonAlign",1043.37,1110.11,"#"
"PhonAlign",1110.11,1110.2199999999998,"w"
"PhonAlign",1110.2199999999998,1110.305,"E"
"PhonAlign",1110.305,1119.354376,"#"
"PhonAlign",1119.354376,1120.299963,"laugh"
"PhonAlign",1120.299963,1124.985,"#"
"PhonAlign",1124.985,1125.025,"i"
"PhonAlign",1125.025,1125.0649999999998,"O~"
"PhonAlign",1125.0649999999998,1125.275,"t"
"PhonAlign",1125.275,1125.3049999999998,"u"
"PhonAlign",1125.3049999999998,1125.3349999999998,"l"
"PhonAlign",1125.3349999999998,1125.365,"A/"
"PhonAlign",1125.365,1125.505,"R"
"PhonAlign",1125.505,1125.5849999999998,"Z"
"PhonAlign",1125.5849999999998,1125.655,"a~"
"PhonAlign",1125.655,1126.615,"#"
"PhonAlign",1126.615,1126.705,"p"
"PhonAlign",1126.705,1126.865,"O/"
"PhonAlign",1126.865,1127.0649999999998,"v"
"PhonAlign",1127.0649999999998,1127.1049999999998,"v"
"PhonAlign",1127.1049999999998,1127.135,"j"
"PhonAlign",1127.135,1127.32,"@"
"PhonAlign",1127.32,1128.28,"#"
"PhonAlign",1128.28,1128.32,"t"
"PhonAlign",1128.32,1128.35,"t"
"PhonAlign",1128.35,1128.41,"u"
"PhonAlign",1128.41,1128.48,"t"
"PhonAlign",1128.48,1128.53,"f"
"PhonAlign",1128.53,1128.56,"A/"
"PhonAlign",1128.56,1128.59,"s"
"PhonAlign",1128.59,1128.74,"O~"
"PhonAlign",1128.74,1128.82,"i"
"PhonAlign",1128.82,1128.9,"f"
"PhonAlign",1128.9,1128.96,"O/"
"PhonAlign",1128.96,1129.03,"k"
"PhonAlign",1129.03,1129.09,"i"
"PhonAlign",1129.09,1129.18,"k"
"PhonAlign",1129.18,1129.29,"O~"
"PhonAlign",1129.29,1129.33,"d"
"PhonAlign",1129.33,1129.39,"y"
"PhonAlign",1129.39,1129.45,"i"
"PhonAlign",1129.45,1129.53,"z"
"PhonAlign",1129.53,1129.56,"d"
"PhonAlign",1129.56,1129.65,"O~"
"PhonAlign",1129.65,1129.73,"d"
"PhonAlign",1129.73,1129.79,"E"
"PhonAlign",1129.79,1129.82,"Z"
"PhonAlign",1129.82,1129.9,"A/"
"PhonAlign",1129.9,1130.02,"s"
"PhonAlign",1130.02,1130.07,"p"
"PhonAlign",1130.07,1130.15,"@"
"PhonAlign",1130.15,1130.23,"p"
"PhonAlign",1130.23,1130.27,"A/"
"PhonAlign",1130.27,1130.36,"E"
"PhonAlign",1130.36,1130.44,"t"
"PhonAlign",1130.44,1130.53,"R"
"PhonAlign",1130.53,1130.59,"d"
"PhonAlign",1130.59,1130.7,"E"
"PhonAlign",1130.7,1130.83,"t"
"PhonAlign",1130.83,1130.9,"R"
"PhonAlign",1130.9,1130.96,"E"
"PhonAlign",1130.96,1131.04,"t"
"PhonAlign",1131.04,1131.08,"R"
"PhonAlign",1131.08,1131.17,"E"
"PhonAlign",1131.17,1131.27,"v"
"PhonAlign",1131.27,1131.3,"j"
"PhonAlign",1131.3,1131.42,"2"
"PhonAlign",1131.42,1131.46,"z"
"PhonAlign",1131.46,1131.935,"#"
"PhonAlign",1131.935,1131.975,"d"
"PhonAlign",1131.975,1132.095,"O~"
"PhonAlign",1132.095,1132.215,"k"
"PhonAlign",1132.215,1132.73,"fp"
"PhonAlign",1132.73,1133.434718,"#"
"PhonAlign",1133.434718,1134.247803,"laugh"
"PhonAlign",1134.247803,1140.845,"#"
"PhonAlign",1140.845,1140.985,"O/"
"PhonAlign",1140.985,1141.105,"k"
"PhonAlign",1141.105,1141.205,"E"
"PhonAlign",1141.205,1141.735,"#"
"PhonAlign",1141.735,1142.0749999999998,"fp"
"PhonAlign",1142.0749999999998,1142.205,"w"
"PhonAlign",1142.205,1142.365,"E"
"PhonAlign",1142.365,1142.5549999999998,"t"
"PhonAlign",1142.5549999999998,1142.5849999999998,"A/"
"PhonAlign",1142.5849999999998,1142.715,"t"
"PhonAlign",1142.715,1142.7949999999998,"A/"
"PhonAlign",1142.7949999999998,1142.8249999999998,"R"
"PhonAlign",1142.8249999999998,1142.915,"i"
"PhonAlign",1142.915,1142.955,"f"
"PhonAlign",1142.955,1143.0849999999998,"Z"
"PhonAlign",1143.0849999999998,1143.225,"9"
"PhonAlign",1143.225,1143.345,"n"
"PhonAlign",1143.345,1143.905,"#"
"PhonAlign",1143.905,1143.965,"p"
"PhonAlign",1143.965,1144.025,"u"
"PhonAlign",1144.025,1144.055,"R"
"PhonAlign",1144.055,1144.085,"l"
"PhonAlign",1144.085,1144.175,"E"
"PhonAlign",1144.175,1144.215,"z"
"PhonAlign",1144.215,1144.245,"m"
"PhonAlign",1144.245,1144.285,"i"
"PhonAlign",1144.285,1144.355,"n"
"PhonAlign",1144.355,1144.465,"O/"
"PhonAlign",1144.465,1146.98,"#"
"PhonAlign",1146.98,1147.1,"U~/"
"PhonAlign",1147.1,1147.18,"t"
"PhonAlign",1147.18,1147.23,"R"
"PhonAlign",1147.23,1147.29,"y"
"PhonAlign",1147.29,1147.35,"k"
"PhonAlign",1147.35,1147.8,"Z"
"PhonAlign",1147.8,1148.02,"a~"
"PhonAlign",1148.02,1148.05,"R"
"PhonAlign",1148.05,1148.3,"fp"
"PhonAlign",1148.3,1149.315,"#"
"PhonAlign",1149.315,1149.425,"Z"
"PhonAlign",1149.425,1149.495,"a~"
"PhonAlign",1149.495,1149.53,"R"
"PhonAlign",1149.53,1149.775,"#"
"PhonAlign",1149.775,1150.005,"Z"
"PhonAlign",1150.005,1150.125,"9"
"PhonAlign",1150.125,1150.305,"n"
"PhonAlign",1150.305,1150.335,"m"
"PhonAlign",1150.335,1151.21,"fp"
"PhonAlign",1151.21,1164.185667,"#"
"PhonAlign",1164.185667,1165.637172,"laugh"
"PhonAlign",1165.637172,1169.685,"#"
"PhonAlign",1169.685,1169.845,"d"
"PhonAlign",1169.845,1169.875,"i"
"PhonAlign",1169.875,1170.005,"z"
"PhonAlign",1170.005,1170.075,"y"
"PhonAlign",1170.075,1170.125,"i"
"PhonAlign",1170.125,1170.235,"t"
"PhonAlign",1170.235,1170.285,"R"
"PhonAlign",1170.285,1170.425,"a~"
"PhonAlign",1170.425,1170.51,"t"
"PhonAlign",1170.51,1172.235,"#"
"PhonAlign",1172.235,1172.275,"t"
"PhonAlign",1172.275,1172.3249999999998,"A/"
"PhonAlign",1172.3249999999998,1172.3549999999998,"R"
"PhonAlign",1172.3549999999998,1172.405,"i"
"PhonAlign",1172.405,1172.445,"f"
"PhonAlign",1172.445,1172.525,"E"
"PhonAlign",1172.525,1172.625,"t"
"PhonAlign",1172.625,1172.665,"y"
"PhonAlign",1172.665,1172.735,"d"
"PhonAlign",1172.735,1172.8049999999998,"j"
"PhonAlign",1172.8049999999998,1172.945,"a~"
"PhonAlign",1172.945,1172.975,"w"
"PhonAlign",1172.975,1173.075,"E"
"PhonAlign",1173.075,1173.23,"#"
"PhonAlign",1173.23,1173.27,"b"
"PhonAlign",1173.27,1173.3,"j"
"PhonAlign",1173.3,1173.428438,"U~/"
"PhonAlign",1173.428438,1175.75,"#"
"PhonAlign",1175.75,1175.8,"p"
"PhonAlign",1175.8,1175.83,"i"
"PhonAlign",1175.83,1175.86,"A/"
"PhonAlign",1175.86,1175.97,"p"
"PhonAlign",1175.97,1176.1,"R"
"PhonAlign",1176.1,1176.16,"E"
"PhonAlign",1176.16,1176.19,"i"
"PhonAlign",1176.19,1176.23,"f"
"PhonAlign",1176.23,1176.27,"O/"
"PhonAlign",1176.27,1176.33,"U~/"
"PhonAlign",1176.33,1176.39,"p"
"PhonAlign",1176.39,1176.42,"l"
"PhonAlign",1176.42,1176.51,"U~/"
"PhonAlign",1176.51,1176.58,"t"
"PhonAlign",1176.58,1176.65,"A/"
"PhonAlign",1176.65,1176.68,"R"
"PhonAlign",1176.68,1176.73,"i"
"PhonAlign",1176.73,1176.77,"f"
"PhonAlign",1176.77,1176.81,"k"
"PhonAlign",1176.81,1176.84,"a~"
"PhonAlign",1176.84,1176.87,"m"
"PhonAlign",1176.87,1176.94,"E"
"PhonAlign",1176.94,1177.04,"m"
"PhonAlign",1177.04,1177.11,"@"
"PhonAlign",1177.11,1177.15,"p"
"PhonAlign",1177.15,1177.18,"s"
"PhonAlign",1177.18,1177.25,"k"
"PhonAlign",1177.25,1177.3,"m"
"PhonAlign",1177.3,1177.36,"E"
"PhonAlign",1177.36,1177.39,"m"
"PhonAlign",1177.39,1177.54,"s"
"PhonAlign",1177.54,1177.63,"O~"
"PhonAlign",1177.63,1177.69,"n"
"PhonAlign",1177.69,1177.73,"E"
"PhonAlign",1177.73,1177.78,"y"
"PhonAlign",1177.78,1177.86,"n"
"PhonAlign",1177.86,1177.95,"A/"
"PhonAlign",1177.95,1178.08,"s"
"PhonAlign",1178.08,1178.12,"O/"
"PhonAlign",1178.12,1178.559877,"fp"
"PhonAlign",1178.559877,1179.96,"#"
"PhonAlign",1179.96,1180.06,"f"
"PhonAlign",1180.06,1180.22,"k"
"PhonAlign",1180.22,1180.25,"a~"
"PhonAlign",1180.25,1180.28,"m"
"PhonAlign",1180.28,1180.31,"E"
"PhonAlign",1180.31,1180.34,"m"
"PhonAlign",1180.34,1180.38,"a~"
"PhonAlign",1180.38,1180.45,"p"
"PhonAlign",1180.45,1180.51,"R"
"PhonAlign",1180.51,1180.6,"a~"
"PhonAlign",1180.6,1180.63,"d"
"PhonAlign",1180.63,1180.66,"R"
"PhonAlign",1180.66,1180.73,"d"
"PhonAlign",1180.73,1180.78,"y"
"PhonAlign",1180.78,1180.88,"p"
"PhonAlign",1180.88,1180.91,"O/"
"PhonAlign",1180.91,1180.94,"n"
"PhonAlign",1180.94,1181.04,"j"
"PhonAlign",1181.04,1181.09,"O~"
"PhonAlign",1181.09,1181.13,"U~/"
"PhonAlign",1181.13,1181.19,"m"
"PhonAlign",1181.19,1181.22,"O/"
"PhonAlign",1181.22,1181.28,"m"
"PhonAlign",1181.28,1181.415,"a~"
"PhonAlign",1181.415,1181.615,"#"
"PhonAlign",1181.615,1181.730937,"m"
"PhonAlign",1181.730937,1186.2,"#"
"PhonAlign",1186.2,1186.29,"w"
"PhonAlign",1186.29,1186.4,"E"
"PhonAlign",1186.4,1186.59,"#"
"PhonAlign",1186.59,1186.7099999999998,"w"
"PhonAlign",1186.7099999999998,1186.87,"E"
"PhonAlign",1186.87,1186.98,"w"
"PhonAlign",1186.98,1187.03,"E"
"PhonAlign",1187.03,1187.09,"p"
"PhonAlign",1187.09,1187.1799999999998,"u"
"PhonAlign",1187.1799999999998,1187.2099999999998,"R"
"PhonAlign",1187.2099999999998,1187.24,"l"
"PhonAlign",1187.24,1187.3,"e"
"PhonAlign",1187.3,1187.36,"E"
"PhonAlign",1187.36,1187.4199999999998,"k"
"PhonAlign",1187.4199999999998,1187.48,"s"
"PhonAlign",1187.48,1187.51,"w"
"PhonAlign",1187.51,1187.56,"A/"
"PhonAlign",1187.56,1187.65,"s"
"PhonAlign",1187.65,1187.6799999999998,"e"
"PhonAlign",1187.6799999999998,1187.77,"p"
"PhonAlign",1187.77,1187.81,"l"
"PhonAlign",1187.81,1187.85,"y"
"PhonAlign",1187.85,1187.9599999999998,"S"
"PhonAlign",1187.9599999999998,1188.01,"E"
"PhonAlign",1188.01,1188.105,"R"
"PhonAlign",1188.105,1189.175,"#"
"PhonAlign",1189.175,1189.215,"p"
"PhonAlign",1189.215,1189.275,"u"
"PhonAlign",1189.275,1189.305,"R"
"PhonAlign",1189.305,1189.335,"l"
"PhonAlign",1189.335,1189.425,"@"
"PhonAlign",1189.425,1189.465,"Z"
"PhonAlign",1189.465,1189.575,"a~"
"PhonAlign",1189.575,1189.605,"l"
"PhonAlign",1189.605,1189.665,"@"
"PhonAlign",1189.665,1189.775,"t"
"PhonAlign",1189.775,1189.885,"u"
"PhonAlign",1189.885,1189.915,"R"
"PhonAlign",1189.915,1190.015,"i"
"PhonAlign",1190.015,1190.135,"s"
"PhonAlign",1190.135,1190.215,"t"
"PhonAlign",1190.215,1190.315,"z"
"PhonAlign",1190.315,1190.374212,"E"
"PhonAlign",1190.374212,1192.020961,"laugh"
"PhonAlign",1192.020961,1195.440714,"#"
"PhonAlign",1195.440714,1196.125614,"laugh"
"PhonAlign",1196.125614,1209.76,"#"
"PhonAlign",1209.76,1209.86,"U~/"
"PhonAlign",1209.86,1209.96,"f"
"PhonAlign",1209.96,1209.99,"E"
"PhonAlign",1209.99,1210.11,"s"
"PhonAlign",1210.11,1210.14,"t"
"PhonAlign",1210.14,1210.17,"i"
"PhonAlign",1210.17,1210.21,"v"
"PhonAlign",1210.21,1210.29,"A/"
"PhonAlign",1210.29,1210.32,"l"
"PhonAlign",1210.32,1210.37,"a~"
"PhonAlign",1210.37,1210.44,"p"
"PhonAlign",1210.44,1210.47,"l"
"PhonAlign",1210.47,1210.54,"E"
"PhonAlign",1210.54,1210.63,"n"
"PhonAlign",1210.63,1210.74,"E"
"PhonAlign",1210.74,1210.78,"R"
"PhonAlign",1210.78,1211.06,"u"
"PhonAlign",1211.06,1211.13,"l"
"PhonAlign",1211.13,1211.26,"e"
"PhonAlign",1211.26,1211.49,"k"
"PhonAlign",1211.49,1211.55,"O~"
"PhonAlign",1211.55,1211.66,"s"
"PhonAlign",1211.66,1211.72,"O/"
"PhonAlign",1211.72,1211.84,"s"
"PhonAlign",1211.84,1211.91,"O~"
"PhonAlign",1211.91,1212.04,"p"
"PhonAlign",1212.04,1212.13,"E"
"PhonAlign",1212.13,1212.2,"j"
"PhonAlign",1212.2,1212.32,"a~"
"PhonAlign",1212.32,1212.4,"t"
"PhonAlign",1212.4,1212.46,"m"
"PhonAlign",1212.46,1212.49,"w"
"PhonAlign",1212.49,1212.53,"A/"
"PhonAlign",1212.53,1212.61,"Z"
"PhonAlign",1212.61,1212.65,"d"
"PhonAlign",1212.65,1212.73,"i"
"PhonAlign",1212.73,1212.85,"R"
"PhonAlign",1212.85,1212.88,"E"
"PhonAlign",1212.88,1212.93,"Z"
"PhonAlign",1212.93,1213.28,"a~"
"PhonAlign",1213.28,1213.32,"R"
"PhonAlign",1213.32,1213.415,"@"
"PhonAlign",1213.415,1213.48,"#"
"PhonAlign",1213.48,1213.52,"s"
"PhonAlign",1213.52,1213.71,"U~/"
"PhonAlign",1213.71,1213.84,"s"
"PhonAlign",1213.84,1213.91,"i"
"PhonAlign",1213.91,1214.04,"s"
"PhonAlign",1214.04,1214.08,"i"
"PhonAlign",1214.08,1214.14,"b"
"PhonAlign",1214.14,1214.21,"A/"
"PhonAlign",1214.21,1214.34,"l"
"PhonAlign",1214.34,1214.56,"z"
"PhonAlign",1214.56,1214.7,"l"
"PhonAlign",1214.7,1214.76,"A/"
"PhonAlign",1214.76,1214.85,"p"
"PhonAlign",1214.85,1214.89,"l"
"PhonAlign",1214.89,1214.96,"A/"
"PhonAlign",1214.96,1215.0,"s"
"PhonAlign",1215.0,1215.03,"s"
"PhonAlign",1215.03,1215.07,"s"
"PhonAlign",1215.07,1215.12,"R"
"PhonAlign",1215.12,1215.15,"E"
"PhonAlign",1215.15,1215.21,"p"
"PhonAlign",1215.21,1215.29,"A/"
"PhonAlign",1215.29,1215.33,"m"
"PhonAlign",1215.33,1215.41,"A/"
"PhonAlign",1215.41,1215.46,"l"
"PhonAlign",1215.46,1215.53,"k"
"PhonAlign",1215.53,1215.56,"w"
"PhonAlign",1215.56,1215.66,"A/"
"PhonAlign",1215.66,1218.245,"#"
"PhonAlign",1218.245,1218.3549999999998,"w"
"PhonAlign",1218.3549999999998,1218.45,"E"
"PhonAlign",1218.45,1218.785,"#"
"PhonAlign",1218.785,1218.825,"p"
"PhonAlign",1218.825,1218.875,"u"
"PhonAlign",1218.875,1218.9150000000002,"R"
"PhonAlign",1218.9150000000002,1218.985,"l"
"PhonAlign",1218.985,1219.015,"A/"
"PhonAlign",1219.015,1219.045,"s"
"PhonAlign",1219.045,1219.085,"w"
"PhonAlign",1219.085,1219.155,"A/"
"PhonAlign",1219.155,1219.1850000000002,"R"
"PhonAlign",1219.1850000000002,1219.32,"e"
"PhonAlign",1219.32,1221.25,"#"
"PhonAlign",1221.25,1221.35,"A/"
"PhonAlign",1221.35,1221.39,"p"
"PhonAlign",1221.39,1221.43,"R"
"PhonAlign",1221.43,1221.51,"E"
"PhonAlign",1221.51,1221.6,"f"
"PhonAlign",1221.6,1221.65,"v"
"PhonAlign",1221.65,1221.68,"w"
"PhonAlign",1221.68,1221.71,"A/"
"PhonAlign",1221.71,1221.74,"R"
"PhonAlign",1221.74,1221.81,"O/"
"PhonAlign",1221.81,1221.91,"s"
"PhonAlign",1221.91,1221.96,"i"
"PhonAlign",1221.96,1222.04,"k"
"PhonAlign",1222.04,1222.08,"O~"
"PhonAlign",1222.08,1222.12,"b"
"PhonAlign",1222.12,1222.17,"j"
"PhonAlign",1222.17,1222.2,"U~/"
"PhonAlign",1222.2,1222.26,"O~"
"PhonAlign",1222.26,1222.31,"p"
"PhonAlign",1222.31,1222.34,"@"
"PhonAlign",1222.34,1222.39,"m"
"PhonAlign",1222.39,1222.42,"E"
"PhonAlign",1222.42,1222.45,"t"
"PhonAlign",1222.45,1222.48,"R"
"PhonAlign",1222.48,1222.52,"d"
"PhonAlign",1222.52,1222.56,"@"
"PhonAlign",1222.56,1222.63,"v"
"PhonAlign",1222.63,1222.68,"w"
"PhonAlign",1222.68,1222.73,"A/"
"PhonAlign",1222.73,1222.81,"t"
"PhonAlign",1222.81,1222.88,"y"
"PhonAlign",1222.88,1222.96,"R"
"PhonAlign",1222.96,1223.03,"s"
"PhonAlign",1223.03,1223.06,"y"
"PhonAlign",1223.06,1223.17,"R"
"PhonAlign",1223.17,1223.2,"l"
"PhonAlign",1223.2,1223.32,"S"
"PhonAlign",1223.32,1223.44,"a~"
"PhonAlign",1223.44,1224.215,"#"
"PhonAlign",1224.215,1224.275,"d"
"PhonAlign",1224.275,1224.3149999999998,"O~"
"PhonAlign",1224.3149999999998,1224.435,"k"
"PhonAlign",1224.435,1224.465,"O~"
"PhonAlign",1224.465,1224.515,"b"
"PhonAlign",1224.515,1224.5649999999998,"j"
"PhonAlign",1224.5649999999998,1224.645,"U~/"
"PhonAlign",1224.645,1224.725,"t"
"PhonAlign",1224.725,1224.775,"p"
"PhonAlign",1224.775,1224.8049999999998,"l"
"PhonAlign",1224.8049999999998,1224.905,"A/"
"PhonAlign",1224.905,1224.975,"s"
"PhonAlign",1224.975,1228.795,"#"
"PhonAlign",1228.795,1228.835,"s"
"PhonAlign",1228.835,1228.865,"d"
"PhonAlign",1228.865,1228.895,"e"
"PhonAlign",1228.895,1228.9450000000002,"p"
"PhonAlign",1228.9450000000002,1229.015,"a~"
"PhonAlign",1229.015,1229.045,"d"
"PhonAlign",1229.045,1229.075,"R"
"PhonAlign",1229.075,1229.125,"A/"
"PhonAlign",1229.125,1229.155,"d"
"PhonAlign",1229.155,1229.1850000000002,"l"
"PhonAlign",1229.1850000000002,1229.235,"A/"
"PhonAlign",1229.235,1229.305,"t"
"PhonAlign",1229.305,1229.345,"A/"
"PhonAlign",1229.345,1229.375,"j"
"PhonAlign",1229.375,1229.4450000000002,"d"
"PhonAlign",1229.4450000000002,1229.505,"@"
"PhonAlign",1229.505,1229.535,"l"
"PhonAlign",1229.535,1229.595,"E"
"PhonAlign",1229.595,1229.635,"k"
"PhonAlign",1229.635,1229.855,"R"
"PhonAlign",1229.855,1229.89,"a~"
"TokensAlign",0.0,31.985,"#"
"TokensAlign",31.985,32.085,"bon"
"TokensAlign",32.085,32.165,"on"
"TokensAlign",32.165,32.341753,"est"
"TokensAlign",32.341753,33.44,"#"
"TokensAlign",33.44,33.61,"on"
"TokensAlign",33.61,33.68,"est"
"TokensAlign",33.68,33.91,"dans"
"TokensAlign",33.91,34.13,"un"
"TokensAlign",34.13,34.41,"#"
"TokensAlign",34.41,34.59,"ouais"
"TokensAlign",34.59,34.709999999999994,"on"
"TokensAlign",34.709999999999994,34.739999999999995,"est"
"TokensAlign",34.739999999999995,34.94,"dans"
"TokensAlign",34.94,35.05,"un"
"TokensAlign",35.05,35.27,"drive"
"TokensAlign",35.27,35.65,"surtout"
"TokensAlign",35.65,35.77,"du"
"TokensAlign",35.77,35.85,"coup"
"TokensAlign",35.85,35.92,"#"
"TokensAlign",35.92,36.010000000000005,"quand"
"TokensAlign",36.010000000000005,36.15,"même"
"TokensAlign",36.15,36.53,"plutôt"
"TokensAlign",36.53,36.940000000000005,"printemps"
"TokensAlign",36.940000000000005,37.33,"été"
"TokensAlign",37.33,38.0,"#"
"TokensAlign",38.0,38.22,"parce"
"TokensAlign",38.22,38.34,"que"
"TokensAlign",38.34,38.37,"l'"
"TokensAlign",38.37,38.71,"hiver"
"TokensAlign",38.71,38.82,"on"
"TokensAlign",38.82,38.89,"va"
"TokensAlign",38.89,39.19,"pas"
"TokensAlign",39.19,39.32,"se"
"TokensAlign",39.32,39.5,"geler"
"TokensAlign",39.5,39.56,"dans"
"TokensAlign",39.56,39.64,"les"
"TokensAlign",39.64,40.36,"voitures"
"TokensAlign",40.36,45.905,"#"
"TokensAlign",45.905,46.015,"ouais"
"TokensAlign",46.015,46.095,"mais"
"TokensAlign",46.095,46.285,"après"
"TokensAlign",46.285,46.455,"c'est"
"TokensAlign",46.455,46.615,"t'"
"TokensAlign",46.615,47.085,"incites"
"TokensAlign",47.085,47.195,"les"
"TokensAlign",47.195,47.335,"gens"
"TokensAlign",47.335,47.365,"à"
"TokensAlign",47.365,47.465,"la"
"TokensAlign",47.465,48.155,"consommation"
"TokensAlign",48.155,48.415,"de"
"TokensAlign",48.415,49.165,"carburant"
"TokensAlign",49.165,49.475,"vénère"
"TokensAlign",49.475,49.725,"#"
"TokensAlign",49.725,49.875,"@"
"TokensAlign",49.875,50.035,"les"
"TokensAlign",50.035,50.235,"petits"
"TokensAlign",50.235,50.795,"chauffages"
"TokensAlign",50.795,50.825,"et"
"TokensAlign",50.825,51.23,"tout"
"TokensAlign",51.23,54.683437,"#"
"TokensAlign",54.683437,55.005,"ok"
"TokensAlign",55.005,57.0563,"#"
"TokensAlign",57.0563,57.985137,"@"
"TokensAlign",57.985137,63.36,"#"
"TokensAlign",63.36,63.64,"même"
"TokensAlign",63.64,63.88,"même"
"TokensAlign",63.88,63.91,"l'"
"TokensAlign",63.91,64.22,"été"
"TokensAlign",64.22,64.724063,"quoi"
"TokensAlign",64.724063,66.74,"#"
"TokensAlign",66.74,66.9,"les"
"TokensAlign",66.9,67.915,"#"
"TokensAlign",67.915,68.405,"ouais"
"TokensAlign",68.405,70.06,"#"
"TokensAlign",70.06,70.48,"avant"
"TokensAlign",70.48,71.035,"après"
"TokensAlign",71.035,71.588055,"#"
"TokensAlign",71.588055,72.607003,"@"
"TokensAlign",72.607003,87.058009,"#"
"TokensAlign",87.058009,87.198009,"mais"
"TokensAlign",87.198009,87.308009,"non"
"TokensAlign",87.308009,87.338009,"on"
"TokensAlign",87.338009,87.398009,"est"
"TokensAlign",87.398009,87.498009,"dans"
"TokensAlign",87.498009,87.618009,"nos"
"TokensAlign",87.618009,88.066318,"voitures"
"TokensAlign",88.066318,96.719063,"#"
"TokensAlign",96.719063,96.969063,"faut"
"TokensAlign",96.969063,97.029063,"qu'"
"TokensAlign",97.029063,97.109063,"on"
"TokensAlign",97.109063,97.289063,"prenne"
"TokensAlign",97.289063,97.399063,"une"
"TokensAlign",97.399063,97.709063,"semaine"
"TokensAlign",97.709063,98.155,"précise"
"TokensAlign",98.155,98.68,"#"
"TokensAlign",98.68,98.74,"on"
"TokensAlign",98.74,98.77,"a"
"TokensAlign",98.77,98.86,"dit"
"TokensAlign",98.86,99.02,"sur"
"TokensAlign",99.02,99.33,"cinq"
"TokensAlign",99.33,99.595,"jours"
"TokensAlign",99.595,116.96,"#"
"TokensAlign",116.96,117.15,"j'"
"TokensAlign",117.15,117.495,"avoue"
"TokensAlign",117.495,121.64,"#"
"TokensAlign",121.64,121.73,"ouais"
"TokensAlign",121.73,121.89,"mais"
"TokensAlign",121.89,122.13,"mai"
"TokensAlign",122.13,122.29,"est-ce_qu'"
"TokensAlign",122.29,122.33,"il"
"TokensAlign",122.33,122.47,"fait"
"TokensAlign",122.47,122.67,"assez"
"TokensAlign",122.67,122.98,"chaud"
"TokensAlign",122.98,123.01,"le"
"TokensAlign",123.01,123.27,"soir"
"TokensAlign",123.27,123.41,"en"
"TokensAlign",123.41,123.617812,"mai"
"TokensAlign",123.617812,132.63,"#"
"TokensAlign",132.63,133.14,"parfait"
"TokensAlign",133.14,175.53,"#"
"TokensAlign",175.53,176.12,"dédé"
"TokensAlign",176.12,176.66,"dédé"
"TokensAlign",176.66,177.24,"dédé"
"TokensAlign",177.24,177.36,"on"
"TokensAlign",177.36,177.62,"avait"
"TokensAlign",177.62,177.84,"dit"
"TokensAlign",177.84,179.94,"#"
"TokensAlign",179.94,180.16,"ah_bon"
"TokensAlign",180.16,180.59,"d'accord"
"TokensAlign",180.59,181.8,"#"
"TokensAlign",181.8,181.98,"c'est"
"TokensAlign",181.98,182.16000000000005,"parce_qu'"
"TokensAlign",182.16000000000005,182.2,"il"
"TokensAlign",182.2,182.28,"s'"
"TokensAlign",182.28,182.68,"appelle"
"TokensAlign",182.68,183.402451,"jérome"
"TokensAlign",183.402451,184.317533,"@"
"TokensAlign",184.317533,185.092378,"#"
"TokensAlign",185.092378,185.549062,"ok"
"TokensAlign",185.549062,186.96,"#"
"TokensAlign",186.96,187.1,"moi"
"TokensAlign",187.1,187.34,"comme"
"TokensAlign",187.34,187.44,"je"
"TokensAlign",187.44,187.57,"le"
"TokensAlign",187.57,187.88,"disais"
"TokensAlign",187.88,187.96,"je"
"TokensAlign",187.96,188.03,"le"
"TokensAlign",188.03,188.25,"connais"
"TokensAlign",188.25,188.59,"bien"
"TokensAlign",188.59,188.87,"dédé"
"TokensAlign",188.87,189.08,"donc"
"TokensAlign",189.08,189.17,"je"
"TokensAlign",189.17,189.43,"peux"
"TokensAlign",189.43,189.49,"m'"
"TokensAlign",189.49,189.8,"occuper"
"TokensAlign",189.8,189.87,"d'"
"TokensAlign",189.87,190.04,"aller"
"TokensAlign",190.04,190.26,"voir"
"TokensAlign",190.26,190.62,"dédé"
"TokensAlign",190.62,190.74,"de"
"TokensAlign",190.74,191.18,"réserver"
"TokensAlign",191.18,191.37,"son"
"TokensAlign",191.37,191.695,"champ"
"TokensAlign",191.695,191.94,"#"
"TokensAlign",191.94,192.09,"mh"
"TokensAlign",192.09,192.31,"mh"
"TokensAlign",192.31,199.295,"#"
"TokensAlign",199.295,199.695,"ben"
"TokensAlign",199.695,199.885,"moi"
"TokensAlign",199.885,199.935,"je"
"TokensAlign",199.935,200.225,"pensais"
"TokensAlign",200.225,200.335,"aller"
"TokensAlign",200.335,200.375,"le"
"TokensAlign",200.375,200.595,"voir"
"TokensAlign",200.595,200.655,"dès"
"TokensAlign",200.655,200.725,"la"
"TokensAlign",200.725,200.955,"semaine"
"TokensAlign",200.955,201.365,"prochaine"
"TokensAlign",201.365,201.625,"+"
"TokensAlign",201.625,201.825,"comme"
"TokensAlign",201.825,202.025,"ça"
"TokensAlign",202.025,202.125,"il"
"TokensAlign",202.125,202.155,"est"
"TokensAlign",202.155,202.675,"au_courant"
"TokensAlign",202.675,202.745,"et"
"TokensAlign",202.745,202.805,"il"
"TokensAlign",202.805,202.935,"peut"
"TokensAlign",202.935,203.045,"s'"
"TokensAlign",203.045,203.515,"organiser"
"TokensAlign",203.515,203.635,"lui"
"TokensAlign",203.635,203.935,"aussi"
"TokensAlign",203.935,204.3,"euh"
"TokensAlign",204.3,205.92,"#"
"TokensAlign",205.92,205.96,"ça"
"TokensAlign",205.96,206.01,"me"
"TokensAlign",206.01,206.27,"semble"
"TokensAlign",206.27,206.45,"être"
"TokensAlign",206.45,206.48,"le"
"TokensAlign",206.48,206.7,"mieux"
"TokensAlign",206.7,206.93,"pour"
"TokensAlign",206.93,207.09,"lui"
"TokensAlign",207.09,207.24,"pour"
"TokensAlign",207.24,207.47,"tout_le"
"TokensAlign",207.47,207.785,"monde"
"TokensAlign",207.785,212.595,"#"
"TokensAlign",212.595,212.875,"eh"
"TokensAlign",212.875,213.17,"écoute"
"TokensAlign",213.17,214.314729,"#"
"TokensAlign",214.314729,214.85546,"@"
"TokensAlign",214.85546,222.548187,"#"
"TokensAlign",222.548187,224.032716,"@"
"TokensAlign",224.032716,224.272716,"il"
"TokensAlign",224.272716,224.648438,"ramasse"
"TokensAlign",224.648438,249.521769,"#"
"TokensAlign",249.521769,249.561769,"et"
"TokensAlign",249.561769,249.631769,"puis"
"TokensAlign",249.631769,249.771769,"t'"
"TokensAlign",249.771769,249.811769,"es"
"TokensAlign",249.811769,249.871769,"une"
"TokensAlign",249.871769,250.111769,"grande"
"TokensAlign",250.111769,250.381769,"couette"
"TokensAlign",250.381769,250.571769,"aussi"
"TokensAlign",250.571769,250.695,"non"
"TokensAlign",250.695,251.635,"#"
"TokensAlign",251.635,251.745,"pour"
"TokensAlign",251.745,251.835,"faire"
"TokensAlign",251.835,251.865,"des"
"TokensAlign",251.865,252.095,"fonds"
"TokensAlign",252.095,252.255,"comme"
"TokensAlign",252.255,252.47,"ça"
"TokensAlign",252.47,252.982929,"#"
"TokensAlign",252.982929,255.57105,"@"
"TokensAlign",255.57105,257.931835,"#"
"TokensAlign",257.931835,259.759719,"@"
"TokensAlign",259.759719,260.05971900000003,"oh"
"TokensAlign",260.05971900000003,260.199719,"non"
"TokensAlign",260.199719,260.749719,"+"
"TokensAlign",260.749719,260.879719,"deux"
"TokensAlign",260.879719,261.209719,"films"
"TokensAlign",261.209719,261.794668,"donc"
"TokensAlign",261.794668,268.796505,"#"
"TokensAlign",268.796505,269.950667,"@"
"TokensAlign",269.950667,290.345,"#"
"TokensAlign",290.345,290.475,"là"
"TokensAlign",290.475,290.63500000000005,"c'est"
"TokensAlign",290.63500000000005,290.745,"une"
"TokensAlign",290.745,291.08500000000004,"question"
"TokensAlign",291.08500000000004,291.13500000000005,"de"
"TokensAlign",291.13500000000005,291.39500000000004,"budget"
"TokensAlign",291.39500000000004,291.475,"je"
"TokensAlign",291.475,291.721538,"pense"
"TokensAlign",291.721538,298.085,"#"
"TokensAlign",298.085,298.265,"non"
"TokensAlign",298.265,298.385,"mais"
"TokensAlign",298.385,298.535,"genre"
"TokensAlign",298.535,298.725,"c'est"
"TokensAlign",298.725,298.845,"que"
"TokensAlign",298.845,298.875,"à"
"TokensAlign",298.875,299.185,"la"
"TokensAlign",299.185,299.485,"au_lieu"
"TokensAlign",299.485,299.755,"+"
"TokensAlign",299.755,299.905,"ah"
"TokensAlign",299.905,300.105,"oui"
"TokensAlign",300.105,300.82,"#"
"TokensAlign",300.82,300.97,"oui"
"TokensAlign",300.97,302.745,"#"
"TokensAlign",302.745,303.01,"ok"
"TokensAlign",303.01,309.726384,"#"
"TokensAlign",309.726384,310.116384,"non"
"TokensAlign",310.116384,310.416384,"c'est"
"TokensAlign",310.416384,310.726384,"c'est"
"TokensAlign",310.726384,310.91802,"il"
"TokensAlign",310.91802,313.6,"#"
"TokensAlign",313.6,313.83000000000004,"et"
"TokensAlign",313.83000000000004,314.04,"il"
"TokensAlign",314.04,314.45,"#"
"TokensAlign",314.45,314.53,"et"
"TokensAlign",314.53,314.59,"il"
"TokensAlign",314.59,314.76,"faut"
"TokensAlign",314.76,314.81,"qu'"
"TokensAlign",314.81,314.88,"ils"
"TokensAlign",314.88,315.05,"soient"
"TokensAlign",315.05,315.13,"en"
"TokensAlign",315.13,315.537188,"patins"
"TokensAlign",315.537188,318.5,"#"
"TokensAlign",318.5,318.92,"ouais"
"TokensAlign",318.92,319.16,"mais"
"TokensAlign",319.16,319.8,"+"
"TokensAlign",319.8,319.92,"je"
"TokensAlign",319.92,320.29,"pensais"
"TokensAlign",320.29,320.51,"mettre"
"TokensAlign",320.51,320.61,"des"
"TokensAlign",320.61,320.93,"petites"
"TokensAlign",320.93,321.08,"une"
"TokensAlign",321.08,321.33,"petite"
"TokensAlign",321.33,321.94,"estrade"
"TokensAlign",321.94,322.24,"qui"
"TokensAlign",322.24,322.63,"passerait"
"TokensAlign",322.63,322.78,"entre"
"TokensAlign",322.78,322.92,"les"
"TokensAlign",322.92,323.19,"voitures"
"TokensAlign",323.19,323.23,"et"
"TokensAlign",323.23,323.42,"du_coup"
"TokensAlign",323.42,323.46,"il_y"
"TokensAlign",323.46,323.57,"aurait"
"TokensAlign",323.57,323.61,"des"
"TokensAlign",323.61,323.94,"sortes"
"TokensAlign",323.94,323.98,"de"
"TokensAlign",323.98,324.45,"places"
"TokensAlign",324.45,324.51,"et"
"TokensAlign",324.51,324.66,"il"
"TokensAlign",324.66,325.948952,"#"
"TokensAlign",325.948952,326.05895200000003,"ouais"
"TokensAlign",326.05895200000003,326.278952,"ben"
"TokensAlign",326.278952,326.43895200000003,"je"
"TokensAlign",326.43895200000003,326.478952,"m'"
"TokensAlign",326.478952,326.73895200000004,"occupe"
"TokensAlign",326.73895200000004,326.828952,"du"
"TokensAlign",326.828952,327.208952,"parking"
"TokensAlign",327.208952,327.348952,"vu"
"TokensAlign",327.348952,327.378952,"que"
"TokensAlign",327.378952,327.518952,"je"
"TokensAlign",327.518952,327.648952,"vois"
"TokensAlign",327.648952,327.838952,"très"
"TokensAlign",327.838952,328.138952,"bien"
"TokensAlign",328.138952,328.318952,"par"
"TokensAlign",328.318952,328.508952,"contre"
"TokensAlign",328.508952,328.578952,"il"
"TokensAlign",328.578952,328.67895200000004,"faut"
"TokensAlign",328.67895200000004,328.888952,"trouver"
"TokensAlign",328.888952,329.198952,"quelqu'un"
"TokensAlign",329.198952,329.318952,"qui"
"TokensAlign",329.318952,329.448952,"peut"
"TokensAlign",329.448952,329.788952,"servir"
"TokensAlign",329.788952,329.888952,"en"
"TokensAlign",329.888952,330.088952,"roller"
"TokensAlign",330.088952,330.43895200000003,"alors"
"TokensAlign",330.43895200000003,330.518952,"là"
"TokensAlign",330.518952,330.54895200000004,"je"
"TokensAlign",330.54895200000004,330.718952,"vous"
"TokensAlign",330.718952,330.888952,"laisse"
"TokensAlign",330.888952,330.948952,"vous"
"TokensAlign",330.948952,331.485,"débrouiller"
"TokensAlign",331.485,334.98,"#"
"TokensAlign",334.98,335.13,"ah"
"TokensAlign",335.13,335.37,"mais"
"TokensAlign",335.37,335.54,"c'est"
"TokensAlign",335.54,335.57,"le"
"TokensAlign",335.57,335.90000000000003,"journal"
"TokensAlign",335.90000000000003,336.05,"de"
"TokensAlign",336.05,336.38,"france"
"TokensAlign",336.38,336.54,"deux"
"TokensAlign",336.54,336.69,"l'"
"TokensAlign",336.69,336.75,"a"
"TokensAlign",336.75,337.11,"dit"
"TokensAlign",337.11,337.685,"ok"
"TokensAlign",337.685,339.139278,"#"
"TokensAlign",339.139278,339.644904,"@"
"TokensAlign",339.644904,342.469688,"#"
"TokensAlign",342.469688,342.669688,"on"
"TokensAlign",342.669688,342.809688,"lui"
"TokensAlign",342.809688,343.37968800000004,"fait"
"TokensAlign",343.37968800000004,343.619688,"des"
"TokensAlign",343.619688,343.789688,"bêtes"
"TokensAlign",343.789688,343.969688,"de"
"TokensAlign",343.969688,344.669688,"construction"
"TokensAlign",344.669688,344.82968800000003,"pour"
"TokensAlign",344.82968800000003,344.919688,"les"
"TokensAlign",344.919688,345.399688,"buvettes"
"TokensAlign",345.399688,345.44968800000004,"et"
"TokensAlign",345.44968800000004,345.755,"tout"
"TokensAlign",345.755,348.68,"#"
"TokensAlign",348.68,348.82,"mh"
"TokensAlign",348.82,348.949688,"mh"
"TokensAlign",348.949688,350.64,"#"
"TokensAlign",350.64,350.84,"oui"
"TokensAlign",350.84,350.96,"+"
"TokensAlign",350.96,351.08,""
"TokensAlign",351.08,351.32,"mais"
"TokensAlign",351.32,351.42,"il"
"TokensAlign",351.42,351.64,"faut"
"TokensAlign",351.64,352.06,"bien_que"
"TokensAlign",352.06,352.24,"oui"
"TokensAlign",352.24,352.605,"#"
"TokensAlign",352.605,352.695,"c'est"
"TokensAlign",352.695,352.755,"un"
"TokensAlign",352.755,352.865,"peu"
"TokensAlign",352.865,353.195,"compliqué"
"TokensAlign",353.195,353.225,"+"
"TokensAlign",353.225,353.315,""
"TokensAlign",353.315,353.345,"il_y"
"TokensAlign",353.345,353.415,"a"
"TokensAlign",353.415,353.57500000000005,"que"
"TokensAlign",353.57500000000005,353.675,"les"
"TokensAlign",353.675,354.07500000000005,"serveurs"
"TokensAlign",354.07500000000005,354.135,"qui"
"TokensAlign",354.135,354.61,"sont"
"TokensAlign",354.61,358.365938,"#"
"TokensAlign",358.365938,358.575938,"le"
"TokensAlign",358.575938,358.96593800000005,"point"
"TokensAlign",358.96593800000005,359.674907,"logistique"
"TokensAlign",359.674907,376.77,"#"
"TokensAlign",376.77,377.02,"trouver"
"TokensAlign",377.02,377.06,"des"
"TokensAlign",377.06,377.15,"petits"
"TokensAlign",377.15,377.704687,"costumes"
"TokensAlign",377.704687,380.35,"#"
"TokensAlign",380.35,380.5100000000001,"ah"
"TokensAlign",380.5100000000001,381.145,"ouais"
"TokensAlign",381.145,381.93,"#"
"TokensAlign",381.93,382.34,"ah"
"TokensAlign",382.34,383.01,"ouaiiis"
"TokensAlign",383.01,391.935,"#"
"TokensAlign",391.935,392.175,"ouais"
"TokensAlign",392.175,393.445,"#"
"TokensAlign",393.445,393.535,"c'est"
"TokensAlign",393.535,393.675,"la"
"TokensAlign",393.675,394.53,"logistique"
"TokensAlign",394.53,394.935,"#"
"TokensAlign",394.935,395.005,"c'est"
"TokensAlign",395.005,395.035,"ça"
"TokensAlign",395.035,395.16,"non"
"TokensAlign",395.16,401.67,"#"
"TokensAlign",401.67,401.77,"et"
"TokensAlign",401.77,401.86,"mais"
"TokensAlign",401.86,401.99,"on"
"TokensAlign",401.99,402.02,"est"
"TokensAlign",402.02,402.11,"en"
"TokensAlign",402.11,402.63,"voiture"
"TokensAlign",402.63,404.255,"#"
"TokensAlign",404.255,404.635,"donc"
"TokensAlign",404.635,404.815,"l'"
"TokensAlign",404.815,405.105,"alcool"
"TokensAlign",405.105,405.255,"ça"
"TokensAlign",405.255,405.315,"va"
"TokensAlign",405.315,405.495,"être"
"TokensAlign",405.495,405.585,"un"
"TokensAlign",405.585,405.935,"peu"
"TokensAlign",405.935,406.125,"#"
"TokensAlign",406.125,406.255,"ou"
"TokensAlign",406.255,406.415,"alors"
"TokensAlign",406.415,406.455,"il"
"TokensAlign",406.455,406.665,"faut"
"TokensAlign",406.665,406.755,"être"
"TokensAlign",406.755,407.035,"sûr"
"TokensAlign",407.035,407.065,"que"
"TokensAlign",407.065,407.205,"ce"
"TokensAlign",407.205,407.395,"soit"
"TokensAlign",407.395,407.585,"pas"
"TokensAlign",407.585,407.615,"le"
"TokensAlign",407.615,408.285,"conducteur"
"TokensAlign",408.285,408.64,"du_coup"
"TokensAlign",408.64,409.705,"#"
"TokensAlign",409.705,409.785,"bon"
"TokensAlign",409.785,410.055,"après"
"TokensAlign",410.055,410.195,"on"
"TokensAlign",410.195,410.315,"peut"
"TokensAlign",410.315,410.745938,"aussi"
"TokensAlign",410.745938,415.225,"#"
"TokensAlign",415.225,415.375,"non"
"TokensAlign",415.375,415.425,"mais"
"TokensAlign",415.425,415.6350000000001,"après"
"TokensAlign",415.6350000000001,415.745,"on"
"TokensAlign",415.745,415.865,"peut"
"TokensAlign",415.865,415.915,"se"
"TokensAlign",415.915,416.245,"baser"
"TokensAlign",416.245,416.435,"aussi"
"TokensAlign",416.435,416.655,"sur"
"TokensAlign",416.655,417.555,"le"
"TokensAlign",417.555,417.755,"+"
"TokensAlign",417.755,417.935,"la"
"TokensAlign",417.935,418.045,"la"
"TokensAlign",418.045,418.295,"bonne"
"TokensAlign",418.295,418.675,"présence"
"TokensAlign",418.675,418.775,"d'"
"TokensAlign",418.775,419.095,"esprit"
"TokensAlign",419.095,419.225,"des"
"TokensAlign",419.225,419.455,"gens"
"TokensAlign",419.455,419.505,"et"
"TokensAlign",419.505,419.685,"se"
"TokensAlign",419.685,419.855,"dire"
"TokensAlign",419.855,419.915,"que"
"TokensAlign",419.915,419.965,"que"
"TokensAlign",419.965,420.045,"le"
"TokensAlign",420.045,420.595,"conducteur"
"TokensAlign",420.595,420.725,"va"
"TokensAlign",420.725,420.955,"pas"
"TokensAlign",420.955,421.515,"forcément"
"TokensAlign",421.515,421.645,"s'"
"TokensAlign",421.645,422.175,"exploser"
"TokensAlign",422.175,422.285,"la"
"TokensAlign",422.285,422.505,"tête"
"TokensAlign",422.505,422.685,"avant"
"TokensAlign",422.685,422.785,"de"
"TokensAlign",422.785,423.295,"repartir"
"TokensAlign",423.295,428.765,"#"
"TokensAlign",428.765,428.995,"mh"
"TokensAlign",428.995,429.13,"#"
"TokensAlign",429.13,429.43,"ok"
"TokensAlign",429.43,437.065,"#"
"TokensAlign",437.065,437.375,"ben"
"TokensAlign",437.375,437.585,"je"
"TokensAlign",437.585,437.795,"sais"
"TokensAlign",437.795,437.925,"je"
"TokensAlign",437.925,438.185,"sais"
"TokensAlign",438.185,438.405,"pas"
"TokensAlign",438.405,438.795,"parce_que"
"TokensAlign",438.795,438.915,"le"
"TokensAlign",438.915,439.335,"champ"
"TokensAlign",439.335,439.365,"en"
"TokensAlign",439.365,439.575,"soit"
"TokensAlign",439.575,439.755,"si"
"TokensAlign",439.755,440.235,"c'est"
"TokensAlign",440.235,441.015,"privé"
"TokensAlign",441.015,441.265,"si"
"TokensAlign",441.265,441.475,"c'est"
"TokensAlign",441.475,441.515,"à"
"TokensAlign",441.515,441.845,"dédé"
"TokensAlign",441.845,442.255,"d'accord"
"TokensAlign",442.255,442.305,"y'"
"TokensAlign",442.305,442.345,"a"
"TokensAlign",442.345,442.525,"pas"
"TokensAlign",442.525,442.725,"de"
"TokensAlign",442.725,443.085,"raison"
"TokensAlign",443.085,443.225,"qu'"
"TokensAlign",443.225,443.545,"on"
"TokensAlign",443.545,443.665,"ait"
"TokensAlign",443.665,444.035,"besoin"
"TokensAlign",444.035,444.065,"de"
"TokensAlign",444.065,444.385,"prévenir"
"TokensAlign",444.385,444.555,"qui"
"TokensAlign",444.555,444.605,"que"
"TokensAlign",444.605,444.735,"ce"
"TokensAlign",444.735,445.04,"soit"
"TokensAlign",445.04,447.22,"#"
"TokensAlign",447.22,447.31,"oui"
"TokensAlign",447.31,447.35,"+"
"TokensAlign",447.35,447.42,"oui"
"TokensAlign",447.42,447.62,"c'est"
"TokensAlign",447.62,448.27,"vrai"
"TokensAlign",448.27,449.08,"#"
"TokensAlign",449.08,449.22,"bon"
"TokensAlign",449.22,449.43,""
"TokensAlign",449.43,449.54,"vas"
"TokensAlign",449.54,449.62,"-y"
"TokensAlign",449.62,449.72,"pas"
"TokensAlign",449.72,449.77,"d'"
"TokensAlign",449.77,450.075,"alcool"
"TokensAlign",450.075,463.64051,"#"
"TokensAlign",463.64051,465.854477,"@"
"TokensAlign",465.854477,468.518341,"#"
"TokensAlign",468.518341,470.969096,"@"
"TokensAlign",470.969096,504.784339,"#"
"TokensAlign",504.784339,505.29766,"ouais"
"TokensAlign",505.29766,506.672626,"#"
"TokensAlign",506.672626,507.112626,"sinon"
"TokensAlign",507.112626,507.242626,"on"
"TokensAlign",507.242626,507.372626,"peut"
"TokensAlign",507.372626,507.552626,"faire"
"TokensAlign",507.552626,507.642626,"les"
"TokensAlign",507.642626,507.852626,"trucs"
"TokensAlign",507.852626,508.032626,"plus"
"TokensAlign",508.032626,508.282626,"simples"
"TokensAlign",508.282626,508.382626,"qui"
"TokensAlign",508.382626,508.472626,"se"
"TokensAlign",508.472626,508.552626,"font"
"TokensAlign",508.552626,508.762626,"maintenant"
"TokensAlign",508.762626,508.892626,"aussi"
"TokensAlign",508.892626,509.012626,"pas"
"TokensAlign",509.012626,509.142626,"mal"
"TokensAlign",509.142626,509.252626,"dans"
"TokensAlign",509.252626,509.352626,"les"
"TokensAlign",509.352626,509.692626,"restos"
"TokensAlign",509.692626,509.832626,"c'est"
"TokensAlign",509.832626,509.922626,"les"
"TokensAlign",509.922626,510.132626,"petits"
"TokensAlign",510.132626,510.382626,"trucs"
"TokensAlign",510.382626,510.972626,"de"
"TokensAlign",510.972626,511.032626,"+"
"TokensAlign",511.032626,511.312626,"qui"
"TokensAlign",511.312626,511.962626,"clignotent"
"TokensAlign",511.962626,512.062626,"bip"
"TokensAlign",512.062626,512.2826259999999,"bip"
"TokensAlign",512.2826259999999,512.455,"bip"
"TokensAlign",512.455,512.98,"#"
"TokensAlign",512.98,513.15,"du"
"TokensAlign",513.15,513.815,"coup"
"TokensAlign",513.815,514.745,"#"
"TokensAlign",514.745,514.895,"le"
"TokensAlign",514.895,515.105,"mec"
"TokensAlign",515.105,515.155,"il"
"TokensAlign",515.155,515.305,"sait"
"TokensAlign",515.305,515.365,"que"
"TokensAlign",515.365,515.525,"c'est"
"TokensAlign",515.525,515.965,"prêt"
"TokensAlign",515.965,516.445,"et"
"TokensAlign",516.445,516.575,"il"
"TokensAlign",516.575,516.725,"peut"
"TokensAlign",516.725,517.105,"sortir"
"TokensAlign",517.105,517.295,"sa"
"TokensAlign",517.295,517.485,"main"
"TokensAlign",517.485,517.525,"de"
"TokensAlign",517.525,517.655,"sa"
"TokensAlign",517.655,518.095,"voiture"
"TokensAlign",518.095,518.405,"et"
"TokensAlign",518.405,518.585,"hop"
"TokensAlign",518.585,518.675,"le"
"TokensAlign",518.675,519.095,"serveur"
"TokensAlign",519.095,519.135,"il"
"TokensAlign",519.135,519.305,"sait"
"TokensAlign",519.305,519.735,"exactement"
"TokensAlign",519.735,519.815,"où"
"TokensAlign",519.815,519.885,"la"
"TokensAlign",519.885,520.355,"serveuse"
"TokensAlign",520.355,520.515,"sait"
"TokensAlign",520.515,521.1850000000001,"exactement"
"TokensAlign",521.1850000000001,521.45,"où"
"TokensAlign",521.45,526.775,"#"
"TokensAlign",526.775,526.875,"ça"
"TokensAlign",526.875,526.905,"ne"
"TokensAlign",526.905,527.155,"sert"
"TokensAlign",527.155,527.265,"à"
"TokensAlign",527.265,527.505,"rien"
"TokensAlign",527.505,527.725,"c'est"
"TokensAlign",527.725,528.005,"juste"
"TokensAlign",528.005,528.0849999999999,"une"
"TokensAlign",528.0849999999999,528.3349999999999,"perte"
"TokensAlign",528.3349999999999,528.4549999999999,"c'est"
"TokensAlign",528.4549999999999,528.715,"nul"
"TokensAlign",528.715,528.835,"#"
"TokensAlign",528.835,529.205,"mais"
"TokensAlign",529.205,529.4350000000001,"ça"
"TokensAlign",529.4350000000001,529.485,"m'"
"TokensAlign",529.485,529.79,"existe"
"TokensAlign",529.79,530.11,"#"
"TokensAlign",530.11,530.659688,"@"
"TokensAlign",530.659688,532.865,"#"
"TokensAlign",532.865,533.115,"oui"
"TokensAlign",533.115,533.235,"oui"
"TokensAlign",533.235,533.395,"c'est"
"TokensAlign",533.395,533.605,"ça"
"TokensAlign",533.605,533.665,"c'est"
"TokensAlign",533.665,533.735,"ça"
"TokensAlign",533.735,533.765,"il"
"TokensAlign",533.765,533.795,"n'"
"TokensAlign",533.795,533.845,"y"
"TokensAlign",533.845,533.925,"a"
"TokensAlign",533.925,534.075,"plus"
"TokensAlign",534.075,534.195,"de"
"TokensAlign",534.195,534.62,"serveur"
"TokensAlign",534.62,534.715,"#"
"TokensAlign",534.715,534.975,"ben"
"TokensAlign",534.975,535.0550000000001,"oui"
"TokensAlign",535.0550000000001,535.335,"+"
"TokensAlign",535.335,535.4050000000001,"vu"
"TokensAlign",535.4050000000001,535.445,"que"
"TokensAlign",535.445,535.5350000000001,"c'est"
"TokensAlign",535.5350000000001,535.6650000000001,"toi"
"TokensAlign",535.6650000000001,535.7850000000001,"qui"
"TokensAlign",535.7850000000001,536.125,"retourne"
"TokensAlign",536.125,536.4050000000001,"chercher"
"TokensAlign",536.4050000000001,536.585,"ton"
"TokensAlign",536.585,536.904026,"assiette"
"TokensAlign",536.904026,541.369873,"#"
"TokensAlign",541.369873,542.556563,"@"
"TokensAlign",542.556563,542.886563,"ouais"
"TokensAlign",542.886563,543.006563,"non"
"TokensAlign",543.006563,543.1065629999999,"moi"
"TokensAlign",543.1065629999999,543.656563,"je"
"TokensAlign",543.656563,543.756563,"suis"
"TokensAlign",543.756563,543.876563,"pas"
"TokensAlign",543.876563,544.016563,"+"
"TokensAlign",544.016563,544.1065629999999,"quoi"
"TokensAlign",544.1065629999999,544.266563,"moi"
"TokensAlign",544.266563,544.326563,"je"
"TokensAlign",544.326563,544.446563,"trouve"
"TokensAlign",544.446563,544.4765629999999,"que"
"TokensAlign",544.4765629999999,544.6065629999999,"c'est"
"TokensAlign",544.6065629999999,544.786563,"bien"
"TokensAlign",544.786563,544.916563,"de"
"TokensAlign",544.916563,545.365,"faire"
"TokensAlign",545.365,545.6,"#"
"TokensAlign",545.6,545.72,"un"
"TokensAlign",545.72,545.96,"truc"
"TokensAlign",545.96,546.01,"en"
"TokensAlign",546.01,546.39,"signal"
"TokensAlign",546.39,546.5600000000001,"comme"
"TokensAlign",546.5600000000001,546.6800000000001,"ça"
"TokensAlign",546.6800000000001,546.71,"le"
"TokensAlign",546.71,547.09,"serveur"
"TokensAlign",547.09,547.13,"il"
"TokensAlign",547.13,547.3000000000001,"sait"
"TokensAlign",547.3000000000001,547.39,"où"
"TokensAlign",547.39,547.46,"il"
"TokensAlign",547.46,547.635,"va"
"TokensAlign",547.635,547.955,"#"
"TokensAlign",547.955,548.125,"bon"
"TokensAlign",548.125,548.335,"après"
"TokensAlign",548.335,548.365,"le"
"TokensAlign",548.365,548.7750000000001,"serveur"
"TokensAlign",548.7750000000001,548.945,"si"
"TokensAlign",548.945,549.065,"on"
"TokensAlign",549.065,549.355,"lui"
"TokensAlign",549.355,549.595,"lui"
"TokensAlign",549.595,549.7750000000001,"tu"
"TokensAlign",549.7750000000001,549.9050000000001,"lui"
"TokensAlign",549.9050000000001,550.55,"dis"
"TokensAlign",550.55,550.93,"#"
"TokensAlign",550.93,551.12,"le"
"TokensAlign",551.12,551.39,"modèle"
"TokensAlign",551.39,551.52,"de"
"TokensAlign",551.52,551.6099999999999,"la"
"TokensAlign",551.6099999999999,552.01,"voiture"
"TokensAlign",552.01,552.0699999999999,"ah"
"TokensAlign",552.0699999999999,552.1099999999999,"il"
"TokensAlign",552.1099999999999,552.4,"faudra"
"TokensAlign",552.4,552.6099999999999,"former"
"TokensAlign",552.6099999999999,552.8,"les"
"TokensAlign",552.8,553.18,"serveurs"
"TokensAlign",553.18,553.3399999999999,"sur"
"TokensAlign",553.3399999999999,553.4499999999999,"les"
"TokensAlign",553.4499999999999,553.78,"voitures"
"TokensAlign",553.78,554.315,"#"
"TokensAlign",554.315,555.19,"@"
"TokensAlign",555.19,560.52551,"#"
"TokensAlign",560.52551,561.07551,"oui"
"TokensAlign",561.07551,561.338438,"oui"
"TokensAlign",561.338438,566.85,"#"
"TokensAlign",566.85,566.9200000000001,"oui"
"TokensAlign",566.9200000000001,567.28,"oui"
"TokensAlign",567.28,567.47,"oui"
"TokensAlign",567.47,569.719191,"#"
"TokensAlign",569.719191,570.075,"trèsbien"
"TokensAlign",570.075,576.195,"#"
"TokensAlign",576.195,576.2650000000001,"oui"
"TokensAlign",576.2650000000001,576.335,"oui"
"TokensAlign",576.335,576.63,"oui"
"TokensAlign",576.63,577.14,"#"
"TokensAlign",577.14,577.29,"très"
"TokensAlign",577.29,577.39,"bien"
"TokensAlign",577.39,589.57316,"#"
"TokensAlign",589.57316,589.938176,"@"
"TokensAlign",589.938176,598.455,"#"
"TokensAlign",598.455,598.635,"non"
"TokensAlign",598.635,598.745,"ça"
"TokensAlign",598.745,598.885,"ça"
"TokensAlign",598.885,598.995,"se"
"TokensAlign",598.995,599.085,"fait"
"TokensAlign",599.085,599.125,"à"
"TokensAlign",599.125,599.2950000000001,"mon"
"TokensAlign",599.2950000000001,599.4050000000001,"avis"
"TokensAlign",599.4050000000001,599.565,"c'est"
"TokensAlign",599.565,599.6550000000001,"les"
"TokensAlign",599.6550000000001,600.0250000000001,"derniers"
"TokensAlign",600.0250000000001,600.345,"trucs"
"TokensAlign",600.345,600.505,"quoi"
"TokensAlign",600.505,600.5350000000001,"l"
"TokensAlign",600.5350000000001,601.345,"installation"
"TokensAlign",601.345,601.4350000000001,"la"
"TokensAlign",601.4350000000001,601.575,"mise"
"TokensAlign",601.575,601.6650000000001,"en"
"TokensAlign",601.6650000000001,601.875,"place"
"TokensAlign",601.875,602.0350000000001,"du"
"TokensAlign",602.0350000000001,602.385,"champ"
"TokensAlign",602.385,602.445,"et"
"TokensAlign",602.445,602.695,"tout"
"TokensAlign",602.695,602.905,"euh"
"TokensAlign",602.905,605.24,"#"
"TokensAlign",605.24,605.36,"ben"
"TokensAlign",605.36,605.42,"je"
"TokensAlign",605.42,605.6,"pense"
"TokensAlign",605.6,605.7,"que"
"TokensAlign",605.7,605.84,"ce"
"TokensAlign",605.84,606.04,"sera"
"TokensAlign",606.04,606.2,"fait"
"TokensAlign",606.2,606.35,"la"
"TokensAlign",606.35,606.645,"veille"
"TokensAlign",606.645,606.895,"#"
"TokensAlign",606.895,607.055,"@"
"TokensAlign",607.055,607.5749999999999,"parce"
"TokensAlign",607.5749999999999,607.655,"que"
"TokensAlign",607.655,607.8149999999999,"lui"
"TokensAlign",607.8149999999999,607.925,"il"
"TokensAlign",607.925,607.965,"a"
"TokensAlign",607.965,608.245,"besoin"
"TokensAlign",608.245,608.275,"de"
"TokensAlign",608.275,608.435,"son"
"TokensAlign",608.435,608.615,"champ"
"TokensAlign",608.615,608.745,"pour"
"TokensAlign",608.745,609.095,"bosser"
"TokensAlign",609.095,609.2,"aussi"
"TokensAlign",609.2,611.93,"#"
"TokensAlign",611.93,612.05,"ah"
"TokensAlign",612.05,612.235,"oui"
"TokensAlign",612.235,615.878438,"#"
"TokensAlign",615.878438,616.008438,"bien"
"TokensAlign",616.008438,616.25,"sûr"
"TokensAlign",616.25,616.37,"#"
"TokensAlign",616.37,616.56,""
"TokensAlign",616.56,628.895,"#"
"TokensAlign",628.895,629.045,"bien"
"TokensAlign",629.045,629.355,"sûr"
"TokensAlign",629.355,634.93,"#"
"TokensAlign",634.93,635.1099999999999,"ben"
"TokensAlign",635.1099999999999,635.2199999999999,"ils"
"TokensAlign",635.2199999999999,635.55,"vendront"
"TokensAlign",635.55,635.7399999999999,"quinze"
"TokensAlign",635.7399999999999,636.05,"pourcents"
"TokensAlign",636.05,636.2299999999999,"plus"
"TokensAlign",636.2299999999999,636.38,"cher"
"TokensAlign",636.38,636.4499999999999,"à"
"TokensAlign",636.4499999999999,636.54,"la"
"TokensAlign",636.54,636.8199999999999,"fnac"
"TokensAlign",636.8199999999999,636.87,"et"
"TokensAlign",636.87,637.15,"personne"
"TokensAlign",637.15,637.18,"n'"
"TokensAlign",637.18,637.3199999999999,"ira"
"TokensAlign",637.3199999999999,637.3499999999999,"l'"
"TokensAlign",637.3499999999999,637.56,"acheter"
"TokensAlign",637.56,637.76,"là-bas"
"TokensAlign",637.76,637.8599999999999,"c'est"
"TokensAlign",637.8599999999999,637.9399999999999,"pas"
"TokensAlign",637.9399999999999,638.145,"grave"
"TokensAlign",638.145,640.1,"#"
"TokensAlign",640.1,640.28,"non"
"TokensAlign",640.28,640.36,"oui"
"TokensAlign",640.36,640.95,"internet"
"TokensAlign",640.95,641.53,"et"
"TokensAlign",641.53,646.395,"#"
"TokensAlign",646.395,646.505,"à"
"TokensAlign",646.505,646.545,"l'"
"TokensAlign",646.545,646.775,"asso"
"TokensAlign",646.775,647.435,"directement"
"TokensAlign",647.435,647.925,"+"
"TokensAlign",647.925,648.085,"parce"
"TokensAlign",648.085,648.175,"que"
"TokensAlign",648.175,648.385,"j'"
"TokensAlign",648.385,648.735,"imagine"
"TokensAlign",648.735,648.915,"que"
"TokensAlign",648.915,648.985,"l'"
"TokensAlign",648.985,649.585,"association"
"TokensAlign",649.585,649.745,"doit"
"TokensAlign",649.745,649.905,"avoir"
"TokensAlign",649.905,650.155,"un"
"TokensAlign",650.155,650.58,"local"
"TokensAlign",650.58,655.195,"#"
"TokensAlign",655.195,655.49,"allez"
"TokensAlign",655.49,662.385938,"#"
"TokensAlign",662.385938,662.554688,"mh"
"TokensAlign",662.554688,664.215,"#"
"TokensAlign",664.215,664.275,"y"
"TokensAlign",664.275,664.3050000000001,"a"
"TokensAlign",664.3050000000001,664.4350000000001,"aussi"
"TokensAlign",664.4350000000001,664.515,"une"
"TokensAlign",664.515,664.7950000000001,"sorte"
"TokensAlign",664.7950000000001,664.845,"de"
"TokensAlign",664.845,665.385,"cinémathèque"
"TokensAlign",665.385,665.4350000000001,"qui"
"TokensAlign",665.4350000000001,665.465,"a"
"TokensAlign",665.465,665.625,"ouvert"
"TokensAlign",665.625,665.725,"à"
"TokensAlign",665.725,666.195,"marseille"
"TokensAlign",666.195,666.455,"peut-être"
"TokensAlign",666.455,666.485,"qu'"
"TokensAlign",666.485,666.515,"on"
"TokensAlign",666.515,666.605,"peut"
"TokensAlign",666.605,666.945,"déposer"
"TokensAlign",666.945,667.2,"là-bas"
"TokensAlign",667.2,679.637268,"#"
"TokensAlign",679.637268,683.111886,"@"
"TokensAlign",683.111886,689.161672,"#"
"TokensAlign",689.161672,689.687249,"@"
"TokensAlign",689.687249,692.0,"#"
"TokensAlign",692.0,692.1,"c'est"
"TokensAlign",692.1,692.24,"vrai"
"TokensAlign",692.24,692.32,"qu'"
"TokensAlign",692.32,692.35,"on"
"TokensAlign",692.35,692.53,"peut"
"TokensAlign",692.53,692.76,"prendre"
"TokensAlign",692.76,693.149063,"euh"
"TokensAlign",693.149063,695.51,"#"
"TokensAlign",695.51,695.61,"ah"
"TokensAlign",695.61,695.71,"non"
"TokensAlign",695.71,695.8,"moi"
"TokensAlign",695.8,695.89,"je"
"TokensAlign",695.89,696.0,"fais"
"TokensAlign",696.0,696.11,"la"
"TokensAlign",696.11,696.26,"mise"
"TokensAlign",696.26,696.34,"en"
"TokensAlign",696.34,696.52,"place"
"TokensAlign",696.52,696.61,"du"
"TokensAlign",696.61,697.05,"parking"
"TokensAlign",697.05,697.33,"aussi"
"TokensAlign",697.33,698.705,"#"
"TokensAlign",698.705,698.865,"ben"
"TokensAlign",698.865,699.015,"ouais"
"TokensAlign",699.015,699.085,"j'"
"TokensAlign",699.085,699.1550000000001,"ai"
"TokensAlign",699.1550000000001,699.335,"dit"
"TokensAlign",699.335,699.485,"tout"
"TokensAlign",699.485,699.5450000000001,"à"
"TokensAlign",699.5450000000001,699.575,"l'"
"TokensAlign",699.575,699.735,"heure"
"TokensAlign",699.735,701.690382,"#"
"TokensAlign",701.690382,701.850382,"mais"
"TokensAlign",701.850382,702.120382,"parce_que"
"TokensAlign",702.120382,702.200382,"j'"
"TokensAlign",702.200382,702.250382,"ai"
"TokensAlign",702.250382,702.400382,"dit"
"TokensAlign",702.400382,702.580382,"quand"
"TokensAlign",702.580382,702.710382,"ils"
"TokensAlign",702.710382,702.890382,"étaient"
"TokensAlign",702.890382,702.930382,"à"
"TokensAlign",702.930382,703.180382,"roller"
"TokensAlign",703.180382,703.260382,"vous"
"TokensAlign",703.260382,703.410382,"avez"
"TokensAlign",703.410382,703.550382,"dit"
"TokensAlign",703.550382,703.740382,"ouais"
"TokensAlign",703.740382,703.840382,"mais"
"TokensAlign",703.840382,703.870382,"il"
"TokensAlign",703.870382,704.010382,"faut"
"TokensAlign",704.010382,704.140382,"des"
"TokensAlign",704.140382,704.390382,"trucs"
"TokensAlign",704.390382,704.440382,"j'"
"TokensAlign",704.440382,704.480382,"ai"
"TokensAlign",704.480382,704.600382,"dit"
"TokensAlign",704.600382,704.630382,"que"
"TokensAlign",704.630382,704.660382,"je"
"TokensAlign",704.660382,704.690382,"m'"
"TokensAlign",704.690382,704.790382,"en"
"TokensAlign",704.790382,705.29,"occupais"
"TokensAlign",705.29,709.155,"#"
"TokensAlign",709.155,709.255,"toi"
"TokensAlign",709.255,709.3349999999999,"tu"
"TokensAlign",709.3349999999999,709.4649999999999,"fais"
"TokensAlign",709.4649999999999,709.495,"le"
"TokensAlign",709.495,709.865,"marquage"
"TokensAlign",709.865,709.935,"au"
"TokensAlign",709.935,710.235,"sol"
"TokensAlign",710.235,710.955909,"@"
"TokensAlign",710.955909,714.360938,"#"
"TokensAlign",714.360938,714.480938,"au"
"TokensAlign",714.480938,714.867188,"pinceau"
"TokensAlign",714.867188,720.947767,"#"
"TokensAlign",720.947767,722.050731,"@"
"TokensAlign",722.050731,733.26,"#"
"TokensAlign",733.26,733.36,"puis"
"TokensAlign",733.36,733.5699999999999,"pour"
"TokensAlign",733.5699999999999,733.66,"ce"
"TokensAlign",733.66,733.74,"qui"
"TokensAlign",733.74,733.84,"est"
"TokensAlign",733.84,733.92,"de"
"TokensAlign",733.92,734.08,"la"
"TokensAlign",734.08,734.72,"publicité"
"TokensAlign",734.72,734.76,"et"
"TokensAlign",734.76,734.92,"tout"
"TokensAlign",734.92,734.96,"il"
"TokensAlign",734.96,735.09,"faut"
"TokensAlign",735.09,735.23,"s'"
"TokensAlign",735.23,735.26,"y"
"TokensAlign",735.26,735.4,"mettre"
"TokensAlign",735.4,735.49,"le"
"TokensAlign",735.49,735.63,"plus"
"TokensAlign",735.63,735.8,"tôt"
"TokensAlign",735.8,736.22,"possible"
"TokensAlign",736.22,736.46,"aussi"
"TokensAlign",736.46,736.64,"hein"
"TokensAlign",736.64,739.32,"#"
"TokensAlign",739.32,739.4300000000001,"ben"
"TokensAlign",739.4300000000001,739.61,"tu"
"TokensAlign",739.61,739.75,"vois"
"TokensAlign",739.75,739.8900000000001,"tu"
"TokensAlign",739.8900000000001,740.1500000000001,"mets"
"TokensAlign",740.1500000000001,740.35,"en"
"TokensAlign",740.35,740.38,"à"
"TokensAlign",740.38,740.72,"partir"
"TokensAlign",740.72,740.75,"au"
"TokensAlign",740.75,740.9200000000001,"moment"
"TokensAlign",740.9200000000001,740.97,"où"
"TokensAlign",740.97,741.0500000000001,"la"
"TokensAlign",741.0500000000001,741.45,"billetterie"
"TokensAlign",741.45,741.63,"est"
"TokensAlign",741.63,741.795,"ouverte"
"TokensAlign",741.795,748.105,"#"
"TokensAlign",748.105,748.325,"de"
"TokensAlign",748.325,748.58,"quoi"
"TokensAlign",748.58,752.920313,"#"
"TokensAlign",752.920313,753.43,"eh"
"TokensAlign",753.43,753.56,"#"
"TokensAlign",753.56,753.79,"eh"
"TokensAlign",753.79,754.18,"#"
"TokensAlign",754.18,754.29,"et"
"TokensAlign",754.29,754.54,"c'est"
"TokensAlign",754.54,754.77,"toi"
"TokensAlign",754.77,754.9,"qui"
"TokensAlign",754.9,754.93,"a"
"TokensAlign",754.93,755.4699999999999,"choisi"
"TokensAlign",755.4699999999999,755.565,"hein"
"TokensAlign",755.565,756.525,"#"
"TokensAlign",756.525,757.570929,"@"
"TokensAlign",757.570929,761.885,"#"
"TokensAlign",761.885,762.225,"euh"
"TokensAlign",762.225,762.265,"+"
"TokensAlign",762.265,762.455,"est-ce"
"TokensAlign",762.455,762.605,"que"
"TokensAlign",762.605,762.6949999999999,"il"
"TokensAlign",762.6949999999999,762.925,"faut"
"TokensAlign",762.925,762.995,"qu'"
"TokensAlign",762.995,763.235,"on"
"TokensAlign",763.235,763.675,"prévoit"
"TokensAlign",763.675,763.935,"peut-être"
"TokensAlign",763.935,764.575,"des"
"TokensAlign",764.575,764.605,"+"
"TokensAlign",764.605,764.875,"des"
"TokensAlign",764.875,765.1949999999999,"des"
"TokensAlign",765.1949999999999,765.625,"problèmes"
"TokensAlign",765.625,765.705,"au"
"TokensAlign",765.705,765.9449999999999,"niveau"
"TokensAlign",765.9449999999999,765.985,"de"
"TokensAlign",765.985,766.075,"la"
"TokensAlign",766.075,766.5649999999999,"sécurité"
"TokensAlign",766.5649999999999,767.025,"consignes"
"TokensAlign",767.025,767.055,"de"
"TokensAlign",767.055,767.63,"sécurité"
"TokensAlign",767.63,768.76,"#"
"TokensAlign",768.76,768.95,"si"
"TokensAlign",768.95,769.36,"euh"
"TokensAlign",769.36,769.595,"#"
"TokensAlign",769.595,769.885,"si"
"TokensAlign",769.885,769.945,"il_y"
"TokensAlign",769.945,770.105,"a"
"TokensAlign",770.105,771.195,"#"
"TokensAlign",771.195,771.845,"tarantino"
"TokensAlign",771.845,772.085,"boume"
"TokensAlign",772.085,772.195,"le"
"TokensAlign",772.195,772.585,"feu"
"TokensAlign",772.585,773.215,"tac"
"TokensAlign",773.215,773.345,"l'"
"TokensAlign",773.345,773.725,"écran"
"TokensAlign",773.725,774.095,"poum"
"TokensAlign",774.095,774.315,"ça"
"TokensAlign",774.315,774.815,"brûle"
"TokensAlign",774.815,775.08,"#"
"TokensAlign",775.08,775.45,"pan"
"TokensAlign",775.45,775.5,"qu'"
"TokensAlign",775.5,775.5300000000001,"est"
"TokensAlign",775.5300000000001,775.9100000000001,"ce"
"TokensAlign",775.9100000000001,776.22,"qu'"
"TokensAlign",776.22,776.3100000000001,"on"
"TokensAlign",776.3100000000001,776.58,"fait"
"TokensAlign",776.58,776.64,"il"
"TokensAlign",776.64,776.83,"faut"
"TokensAlign",776.83,776.9300000000001,"qu'"
"TokensAlign",776.9300000000001,776.98,"on"
"TokensAlign",776.98,778.54,"#"
"TokensAlign",778.54,779.65,"euh"
"TokensAlign",779.65,780.895,"#"
"TokensAlign",780.895,780.985,"bon"
"TokensAlign",780.985,781.095,"allez"
"TokensAlign",781.095,781.245,"tu"
"TokensAlign",781.245,781.295,"t'"
"TokensAlign",781.295,781.515,"occupes"
"TokensAlign",781.515,781.605,"de"
"TokensAlign",781.605,782.505,"recruter"
"TokensAlign",782.505,782.585,"des"
"TokensAlign",782.585,782.99,"pompiers"
"TokensAlign",782.99,796.79,"#"
"TokensAlign",796.79,797.08,"ouais"
"TokensAlign",797.08,797.675,"#"
"TokensAlign",797.675,798.64,"parce_que"
"TokensAlign",798.64,800.08,"#"
"TokensAlign",800.08,800.22,"les"
"TokensAlign",800.22,800.6600000000001,"relations"
"TokensAlign",800.6600000000001,800.943097,"aussi"
"TokensAlign",800.943097,801.885,"#"
"TokensAlign",801.885,802.0649999999999,"parce"
"TokensAlign",802.0649999999999,802.105,"qu'"
"TokensAlign",802.105,802.135,"il"
"TokensAlign",802.135,802.3149999999999,"faut"
"TokensAlign",802.3149999999999,802.435,"être"
"TokensAlign",802.435,802.9449999999999,"gentil"
"TokensAlign",802.9449999999999,803.125,"avec"
"TokensAlign",803.125,803.205,"les"
"TokensAlign",803.205,803.448917,"gens"
"TokensAlign",803.448917,804.243207,"#"
"TokensAlign",804.243207,804.709729,"@"
"TokensAlign",804.709729,821.464271,"#"
"TokensAlign",821.464271,821.90426,"oui"
"TokensAlign",821.90426,829.595,"#"
"TokensAlign",829.595,829.645,"j"
"TokensAlign",829.645,829.705,"peux"
"TokensAlign",829.705,829.7850000000001,"pas"
"TokensAlign",829.7850000000001,829.855,"t'"
"TokensAlign",829.855,830.115,"apprendre"
"TokensAlign",830.115,830.205,"ton"
"TokensAlign",830.205,830.515,"métier"
"TokensAlign",830.515,830.615,"mais"
"TokensAlign",830.615,830.765,"bon"
"TokensAlign",830.765,831.54,"@"
"TokensAlign",831.54,834.94,"#"
"TokensAlign",834.94,835.165,"oui"
"TokensAlign",835.165,835.58,"#"
"TokensAlign",835.58,835.6500000000001,"si"
"TokensAlign",835.6500000000001,835.72,"il"
"TokensAlign",835.72,835.99,"faut"
"TokensAlign",835.99,836.38,"pouvoir"
"TokensAlign",836.38,836.69,"évacuer"
"TokensAlign",836.69,836.75,"les"
"TokensAlign",836.75,837.1500000000001,"voitures"
"TokensAlign",837.1500000000001,837.19,"et"
"TokensAlign",837.19,837.385,"tout"
"TokensAlign",837.385,855.368438,"#"
"TokensAlign",855.368438,855.5384379999999,"faut"
"TokensAlign",855.5384379999999,855.608438,"qu'"
"TokensAlign",855.608438,855.6584379999999,"on"
"TokensAlign",855.6584379999999,856.043438,"fasse"
"TokensAlign",856.043438,859.337489,"#"
"TokensAlign",859.337489,860.777223,"@"
"TokensAlign",860.777223,872.3437,"#"
"TokensAlign",872.3437,873.226973,"@"
"TokensAlign",873.226973,876.42,"#"
"TokensAlign",876.42,876.5699999999999,"faut"
"TokensAlign",876.5699999999999,876.5999999999999,"qu'"
"TokensAlign",876.5999999999999,876.77,"on"
"TokensAlign",876.77,877.14,"faire"
"TokensAlign",877.14,877.2299999999999,"une"
"TokensAlign",877.2299999999999,877.55,"affiche"
"TokensAlign",877.55,877.79,"aussi"
"TokensAlign",877.79,878.08,"peut-être"
"TokensAlign",878.08,886.4,"#"
"TokensAlign",886.4,886.4399999999999,"mais"
"TokensAlign",886.4399999999999,886.65,"attends"
"TokensAlign",886.65,886.8,"on"
"TokensAlign",886.8,886.97,"a"
"TokensAlign",886.97,887.5,"+"
"TokensAlign",887.5,887.63,"ouais"
"TokensAlign",887.63,887.74,"on"
"TokensAlign",887.74,887.8,"a"
"TokensAlign",887.8,888.15,"quelqu'un"
"TokensAlign",888.15,888.29,"dans"
"TokensAlign",888.29,888.3299999999999,"l'"
"TokensAlign",888.3299999999999,888.83,"asso"
"TokensAlign",888.83,891.67,"#"
"TokensAlign",891.67,891.78,"très"
"TokensAlign",891.78,892.03,"bien"
"TokensAlign",892.03,892.29,"#"
"TokensAlign",892.29,892.4499999999999,"et"
"TokensAlign",892.4499999999999,892.67,"euh"
"TokensAlign",892.67,892.81,"ouais"
"TokensAlign",892.81,893.14,"du_coup"
"TokensAlign",893.14,893.28,"tu"
"TokensAlign",893.28,893.3399999999999,"t'"
"TokensAlign",893.3399999999999,893.5,"occupes"
"TokensAlign",893.5,893.5999999999999,"de"
"TokensAlign",893.5999999999999,893.73,"faire"
"TokensAlign",893.73,893.76,"l'"
"TokensAlign",893.76,894.02,"affiche"
"TokensAlign",894.02,894.29,"aussi"
"TokensAlign",894.29,898.656044,"#"
"TokensAlign",898.656044,898.746044,"et"
"TokensAlign",898.746044,899.096033,"ouais"
"TokensAlign",899.096033,912.79,"#"
"TokensAlign",912.79,913.06,"on"
"TokensAlign",913.06,913.485,"ouais"
"TokensAlign",913.485,913.69,"#"
"TokensAlign",913.69,913.93,"oui"
"TokensAlign",913.93,914.92,"#"
"TokensAlign",914.92,914.97,"t'"
"TokensAlign",914.97,915.0,"as"
"TokensAlign",915.0,915.13,"une"
"TokensAlign",915.13,915.3,"idée"
"TokensAlign",915.3,915.51,"ouais"
"TokensAlign",915.51,915.814687,"ouais"
"TokensAlign",915.814687,929.971781,"#"
"TokensAlign",929.971781,931.649999,"@"
"TokensAlign",931.649999,941.76,"#"
"TokensAlign",941.76,941.86,"mais"
"TokensAlign",941.86,941.97,"tu"
"TokensAlign",941.97,942.12,"crois"
"TokensAlign",942.12,942.45,"vraiment"
"TokensAlign",942.45,942.48,"que"
"TokensAlign",942.48,942.57,"c'est"
"TokensAlign",942.57,943.02,"possible"
"TokensAlign",943.02,943.055,"ça"
"TokensAlign",943.055,949.963551,"#"
"TokensAlign",949.963551,950.183551,"allez"
"TokensAlign",950.183551,950.560197,"hein"
"TokensAlign",950.560197,952.905,"#"
"TokensAlign",952.905,953.275,"allez"
"TokensAlign",953.275,953.505,"+"
"TokensAlign",953.505,953.585,"bon"
"TokensAlign",953.585,953.87,"écoute"
"TokensAlign",953.87,955.975372,"#"
"TokensAlign",955.975372,956.765,"@"
"TokensAlign",956.765,956.865,"moi"
"TokensAlign",956.865,956.945,"je"
"TokensAlign",956.945,957.185,"connais"
"TokensAlign",957.185,975.11,"#"
"TokensAlign",975.11,975.49,"attendez"
"TokensAlign",975.49,975.59,"mais"
"TokensAlign",975.59,975.99,"attendez"
"TokensAlign",975.99,976.29,"parce_que"
"TokensAlign",976.29,976.38,"là"
"TokensAlign",976.38,976.54,"on"
"TokensAlign",976.54,976.77,"dit"
"TokensAlign",976.77,976.865,"#"
"TokensAlign",976.865,976.995,"à"
"TokensAlign",976.995,977.34422,"aix"
"TokensAlign",977.34422,978.19,"#"
"TokensAlign",978.19,978.29,"mais"
"TokensAlign",978.29,978.47,"qui"
"TokensAlign",978.47,978.52,"a"
"TokensAlign",978.52,978.66,"dit"
"TokensAlign",978.66,978.74,"qu'"
"TokensAlign",978.74,978.88,"on"
"TokensAlign",978.88,979.13,"faisait"
"TokensAlign",979.13,979.16,"à"
"TokensAlign",979.16,979.285,"aix"
"TokensAlign",979.285,980.22,"#"
"TokensAlign",980.22,980.37,"sinon"
"TokensAlign",980.37,980.41,"on"
"TokensAlign",980.41,980.61,"fait"
"TokensAlign",980.61,980.925,"ailleurs"
"TokensAlign",980.925,984.375,"#"
"TokensAlign",984.375,984.475,"ah"
"TokensAlign",984.475,984.595,"oui"
"TokensAlign",984.595,984.735,"c'est"
"TokensAlign",984.735,985.005,"vrai"
"TokensAlign",985.005,985.465,"#"
"TokensAlign",985.465,985.745,"ok"
"TokensAlign",985.745,986.03,"vendu"
"TokensAlign",986.03,986.125,"#"
"TokensAlign",986.125,987.53,"@"
"TokensAlign",987.53,987.827307,"#"
"TokensAlign",987.827307,988.932878,"@"
"TokensAlign",988.932878,993.275,"#"
"TokensAlign",993.275,993.435,"ah"
"TokensAlign",993.435,993.515,"mais"
"TokensAlign",993.515,993.595,"je"
"TokensAlign",993.595,993.865,"pensais"
"TokensAlign",993.865,993.895,"à"
"TokensAlign",993.895,994.105,"genre"
"TokensAlign",994.105,994.145,"un"
"TokensAlign",994.145,994.375,"truc"
"TokensAlign",994.375,994.945,"sympa"
"TokensAlign",994.945,995.265,"un"
"TokensAlign",995.265,995.685,"drive"
"TokensAlign",995.685,995.765,"en"
"TokensAlign",995.765,995.975,"bord"
"TokensAlign",995.975,996.085,"de"
"TokensAlign",996.085,996.305,"mer"
"TokensAlign",996.305,996.465,"tu"
"TokensAlign",996.465,996.635,"vois"
"TokensAlign",996.635,997.135,"#"
"TokensAlign",997.135,997.395,"genre"
"TokensAlign",997.395,997.525,"là"
"TokensAlign",997.525,997.675,"on"
"TokensAlign",997.675,997.725,"est"
"TokensAlign",997.725,997.905,"dans"
"TokensAlign",997.905,998.385,"du"
"TokensAlign",998.385,998.565,"+"
"TokensAlign",998.565,998.835,"bam"
"TokensAlign",998.835,999.025,"du"
"TokensAlign",999.025,999.215,"gros"
"TokensAlign",999.215,1000.115,"pimp"
"TokensAlign",1000.115,1000.175,"la"
"TokensAlign",1000.175,1000.585,"boum"
"TokensAlign",1000.585,1000.815,"boum"
"TokensAlign",1000.815,1001.225,"boum"
"TokensAlign",1001.225,1001.855,"+"
"TokensAlign",1001.855,1002.165,"couché"
"TokensAlign",1002.165,1002.235,"de"
"TokensAlign",1002.235,1002.805,"soleil"
"TokensAlign",1002.805,1003.125,"pam"
"TokensAlign",1003.125,1003.265,"et"
"TokensAlign",1003.265,1003.425,"tu"
"TokensAlign",1003.425,1003.815,"grammates"
"TokensAlign",1003.815,1003.975,"ton"
"TokensAlign",1003.975,1004.835,"film"
"TokensAlign",1004.835,1006.705,"#"
"TokensAlign",1006.705,1006.825,"et"
"TokensAlign",1006.825,1006.955,"oh"
"TokensAlign",1006.955,1007.245,"oh"
"TokensAlign",1007.245,1007.287351,"oh"
"TokensAlign",1007.287351,1008.32,"#"
"TokensAlign",1008.32,1008.69,"non"
"TokensAlign",1008.69,1008.96,"regarde"
"TokensAlign",1008.96,1009.74,"euh"
"TokensAlign",1009.74,1009.83,"+"
"TokensAlign",1009.83,1009.94,"a"
"TokensAlign",1009.94,1010.43,"marseille"
"TokensAlign",1010.43,1010.47,"y'"
"TokensAlign",1010.47,1010.51,"a"
"TokensAlign",1010.51,1010.61,"un"
"TokensAlign",1010.61,1010.82,"truc"
"TokensAlign",1010.82,1010.86,"où"
"TokensAlign",1010.86,1010.94,"y'"
"TokensAlign",1010.94,1010.97,"a"
"TokensAlign",1010.97,1011.07,"des"
"TokensAlign",1011.07,1011.36,"terrains"
"TokensAlign",1011.36,1011.39,"de"
"TokensAlign",1011.39,1011.87,"basket"
"TokensAlign",1011.87,1012.0,"et"
"TokensAlign",1012.0,1012.05,"y'"
"TokensAlign",1012.05,1012.08,"a"
"TokensAlign",1012.08,1012.17,"un"
"TokensAlign",1012.17,1012.61,"grand"
"TokensAlign",1012.61,1012.94,"euh"
"TokensAlign",1012.94,1013.05,"+"
"TokensAlign",1013.05,1013.14,"en"
"TokensAlign",1013.14,1013.32,"bord"
"TokensAlign",1013.32,1013.43,"de"
"TokensAlign",1013.43,1013.62,"mer"
"TokensAlign",1013.62,1013.75,"c'est"
"TokensAlign",1013.75,1013.98,"juste"
"TokensAlign",1013.98,1014.04,"la"
"TokensAlign",1014.04,1014.18,"mer"
"TokensAlign",1014.18,1014.33,"est"
"TokensAlign",1014.33,1014.59,"là"
"TokensAlign",1014.59,1014.65,"+"
"TokensAlign",1014.65,1014.71,"et"
"TokensAlign",1014.71,1014.74,"y'"
"TokensAlign",1014.74,1014.77,"a"
"TokensAlign",1014.77,1014.85,"un"
"TokensAlign",1014.85,1015.04,"grand"
"TokensAlign",1015.04,1015.58,"parking"
"TokensAlign",1015.58,1015.76,"et"
"TokensAlign",1015.76,1016.02,"bam"
"TokensAlign",1016.02,1016.31,"te"
"TokensAlign",1016.31,1016.43,"mets"
"TokensAlign",1016.43,1016.69,"là"
"TokensAlign",1016.69,1019.995,"#"
"TokensAlign",1019.995,1020.185,"ouais"
"TokensAlign",1020.185,1020.325,"faut"
"TokensAlign",1020.325,1020.505,"être"
"TokensAlign",1020.505,1020.765,"un"
"TokensAlign",1020.765,1021.135,"mongol"
"TokensAlign",1021.135,1021.865,"@"
"TokensAlign",1021.865,1022.115,"+"
"TokensAlign",1022.115,1022.235,"c'est"
"TokensAlign",1022.235,1022.565,"interdit"
"TokensAlign",1022.565,1022.635,"au"
"TokensAlign",1022.635,1023.015,"mongol"
"TokensAlign",1023.015,1023.105,"+"
"TokensAlign",1023.105,1023.355,"faudra"
"TokensAlign",1023.355,1023.385,"le"
"TokensAlign",1023.385,1023.555,"mettre"
"TokensAlign",1023.555,1023.665,"sur"
"TokensAlign",1023.665,1023.695,"l'"
"TokensAlign",1023.695,1023.995,"affiche"
"TokensAlign",1023.995,1024.255,"par_contre"
"TokensAlign",1024.255,1024.4,"#"
"TokensAlign",1024.4,1024.91,"@"
"TokensAlign",1024.91,1025.165,"#"
"TokensAlign",1025.165,1025.565,"mec"
"TokensAlign",1025.565,1025.865,"pareil"
"TokensAlign",1025.865,1025.945,"il"
"TokensAlign",1025.945,1026.155,"arrive"
"TokensAlign",1026.155,1026.335,"dans"
"TokensAlign",1026.335,1026.365,"le"
"TokensAlign",1026.365,1026.575,"champ"
"TokensAlign",1026.575,1026.745,"bam"
"TokensAlign",1026.745,1026.815,"il"
"TokensAlign",1026.815,1027.215,"percute"
"TokensAlign",1027.215,1027.415,"toutes_les"
"TokensAlign",1027.415,1027.81,"voitures"
"TokensAlign",1027.81,1028.165306,"@"
"TokensAlign",1028.165306,1029.39,"#"
"TokensAlign",1029.39,1030.76,"@"
"TokensAlign",1030.76,1031.075,"oui"
"TokensAlign",1031.075,1042.7,"#"
"TokensAlign",1042.7,1042.77,"je"
"TokensAlign",1042.77,1043.06,"connais"
"TokensAlign",1043.06,1043.37,"adobe"
"TokensAlign",1043.37,1110.11,"#"
"TokensAlign",1110.11,1110.305,"ouais"
"TokensAlign",1110.305,1119.354376,"#"
"TokensAlign",1119.354376,1120.299963,"@"
"TokensAlign",1120.299963,1124.985,"#"
"TokensAlign",1124.985,1125.025,"ils"
"TokensAlign",1125.025,1125.0649999999998,"ont"
"TokensAlign",1125.0649999999998,1125.3049999999998,"tout"
"TokensAlign",1125.3049999999998,1125.3349999999998,"l'"
"TokensAlign",1125.3349999999998,1125.655,"argent"
"TokensAlign",1125.655,1126.615,"+"
"TokensAlign",1126.615,1127.0649999999998,"pauvre"
"TokensAlign",1127.0649999999998,1127.32,"vieux"
"TokensAlign",1127.32,1128.28,"#"
"TokensAlign",1128.28,1128.32,"de"
"TokensAlign",1128.32,1128.48,"toute"
"TokensAlign",1128.48,1128.74,"façon"
"TokensAlign",1128.74,1128.82,"il"
"TokensAlign",1128.82,1128.96,"faut"
"TokensAlign",1128.96,1129.03,"qu'"
"TokensAlign",1129.03,1129.09,"ils"
"TokensAlign",1129.09,1129.53,"conduisent"
"TokensAlign",1129.53,1129.65,"donc"
"TokensAlign",1129.65,1129.9,"déjà"
"TokensAlign",1129.9,1130.02,"ça"
"TokensAlign",1130.02,1130.15,"peut"
"TokensAlign",1130.15,1130.27,"pas"
"TokensAlign",1130.27,1130.53,"être"
"TokensAlign",1130.53,1130.7,"des"
"TokensAlign",1130.7,1130.96,"très"
"TokensAlign",1130.96,1131.17,"très"
"TokensAlign",1131.17,1131.46,"vieux"
"TokensAlign",1131.46,1131.935,"#"
"TokensAlign",1131.935,1132.215,"donc"
"TokensAlign",1132.215,1132.73,"euh"
"TokensAlign",1132.73,1133.434718,"#"
"TokensAlign",1133.434718,1134.247803,"@"
"TokensAlign",1134.247803,1140.845,"#"
"TokensAlign",1140.845,1141.205,"ok"
"TokensAlign",1141.205,1141.735,"#"
"TokensAlign",1141.735,1142.0749999999998,"euh"
"TokensAlign",1142.0749999999998,1142.365,"ouais"
"TokensAlign",1142.365,1142.5849999999998,"ta-"
"TokensAlign",1142.5849999999998,1142.955,"tarifs"
"TokensAlign",1142.955,1143.345,"jeunes"
"TokensAlign",1143.345,1143.905,"#"
"TokensAlign",1143.905,1144.055,"pour"
"TokensAlign",1144.055,1144.215,"les"
"TokensAlign",1144.215,1144.465,"minots"
"TokensAlign",1144.465,1146.98,"#"
"TokensAlign",1146.98,1147.1,"un"
"TokensAlign",1147.1,1147.35,"truc"
"TokensAlign",1147.35,1148.05,"genre"
"TokensAlign",1148.05,1148.3,"euh"
"TokensAlign",1148.3,1149.315,"#"
"TokensAlign",1149.315,1149.53,"genre"
"TokensAlign",1149.53,1149.775,"#"
"TokensAlign",1149.775,1150.305,"jeunes"
"TokensAlign",1150.305,1150.335,"mais"
"TokensAlign",1150.335,1151.21,"euh"
"TokensAlign",1151.21,1164.185667,"#"
"TokensAlign",1164.185667,1165.637172,"@"
"TokensAlign",1165.637172,1169.685,"#"
"TokensAlign",1169.685,1170.125,"dix-huit"
"TokensAlign",1170.125,1170.51,"trente"
"TokensAlign",1170.51,1172.235,"#"
"TokensAlign",1172.235,1172.445,"tarif"
"TokensAlign",1172.445,1172.945,"étudiant"
"TokensAlign",1172.945,1173.075,"ouais"
"TokensAlign",1173.075,1173.23,"#"
"TokensAlign",1173.23,1173.428438,"bien"
"TokensAlign",1173.428438,1175.75,"#"
"TokensAlign",1175.75,1175.83,"puis"
"TokensAlign",1175.83,1176.16,"après"
"TokensAlign",1176.16,1176.19,"il"
"TokensAlign",1176.19,1176.27,"faut"
"TokensAlign",1176.27,1176.33,"un"
"TokensAlign",1176.33,1176.51,"plein"
"TokensAlign",1176.51,1176.77,"tarif"
"TokensAlign",1176.77,1176.84,"quand"
"TokensAlign",1176.84,1177.11,"même"
"TokensAlign",1177.11,1177.25,"parce_que"
"TokensAlign",1177.25,1177.39,"même"
"TokensAlign",1177.39,1177.54,"si"
"TokensAlign",1177.54,1177.69,"on"
"TokensAlign",1177.69,1177.73,"est"
"TokensAlign",1177.73,1177.86,"une"
"TokensAlign",1177.86,1178.12,"asso"
"TokensAlign",1178.12,1178.559877,"euh"
"TokensAlign",1178.559877,1179.96,"#"
"TokensAlign",1179.96,1180.06,"faut"
"TokensAlign",1180.06,1180.25,"quand"
"TokensAlign",1180.25,1180.34,"même"
"TokensAlign",1180.34,1180.38,"en"
"TokensAlign",1180.38,1180.66,"prendre"
"TokensAlign",1180.66,1180.78,"du"
"TokensAlign",1180.78,1181.09,"pognon"
"TokensAlign",1181.09,1181.13,"un"
"TokensAlign",1181.13,1181.415,"moment"
"TokensAlign",1181.415,1181.615,"#"
"TokensAlign",1181.615,1181.730937,"mh"
"TokensAlign",1181.730937,1186.2,"#"
"TokensAlign",1186.2,1186.4,"ouais"
"TokensAlign",1186.4,1186.59,"#"
"TokensAlign",1186.59,1186.87,"ouais"
"TokensAlign",1186.87,1187.03,"ouais"
"TokensAlign",1187.03,1187.2099999999998,"pour"
"TokensAlign",1187.2099999999998,1187.3,"les"
"TokensAlign",1187.3,1187.56,"aixois"
"TokensAlign",1187.56,1187.6799999999998,"c'est"
"TokensAlign",1187.6799999999998,1187.85,"plus"
"TokensAlign",1187.85,1188.105,"cher"
"TokensAlign",1188.105,1189.175,"#"
"TokensAlign",1189.175,1189.305,"pour"
"TokensAlign",1189.305,1189.425,"les"
"TokensAlign",1189.425,1189.575,"gens"
"TokensAlign",1189.575,1189.665,"les"
"TokensAlign",1189.665,1190.315,"touristes"
"TokensAlign",1190.315,1190.374212,"et"
"TokensAlign",1190.374212,1192.020961,"@"
"TokensAlign",1192.020961,1195.440714,"#"
"TokensAlign",1195.440714,1196.125614,"@"
"TokensAlign",1196.125614,1209.76,"#"
"TokensAlign",1209.76,1209.86,"un"
"TokensAlign",1209.86,1210.32,"festival"
"TokensAlign",1210.32,1210.37,"en"
"TokensAlign",1210.37,1210.63,"plein"
"TokensAlign",1210.63,1210.78,"air"
"TokensAlign",1210.78,1211.06,"où"
"TokensAlign",1211.06,1211.26,"les"
"TokensAlign",1211.26,1211.72,"consos"
"TokensAlign",1211.72,1211.91,"sont"
"TokensAlign",1211.91,1212.4,"payantes"
"TokensAlign",1212.4,1212.53,"moi"
"TokensAlign",1212.53,1212.61,"je"
"TokensAlign",1212.61,1212.88,"dirais"
"TokensAlign",1212.88,1213.415,"genre"
"TokensAlign",1213.415,1213.48,"#"
"TokensAlign",1213.48,1213.71,"cinq"
"TokensAlign",1213.71,1213.91,"six"
"TokensAlign",1213.91,1214.08,"six"
"TokensAlign",1214.08,1214.56,"balles"
"TokensAlign",1214.56,1214.76,"la"
"TokensAlign",1214.76,1215.0,"place"
"TokensAlign",1215.0,1215.03,"ce"
"TokensAlign",1215.03,1215.15,"serait"
"TokensAlign",1215.15,1215.29,"pas"
"TokensAlign",1215.29,1215.46,"mal"
"TokensAlign",1215.46,1215.66,"quoi"
"TokensAlign",1215.66,1218.245,"#"
"TokensAlign",1218.245,1218.45,"ouais"
"TokensAlign",1218.45,1218.785,"#"
"TokensAlign",1218.785,1218.9150000000002,"pour"
"TokensAlign",1218.9150000000002,1219.015,"la"
"TokensAlign",1219.015,1219.32,"soirée"
"TokensAlign",1219.32,1221.25,"#"
"TokensAlign",1221.25,1221.51,"après"
"TokensAlign",1221.51,1221.6,"faut"
"TokensAlign",1221.6,1221.74,"voir"
"TokensAlign",1221.74,1221.96,"aussi"
"TokensAlign",1221.96,1222.2,"combien"
"TokensAlign",1222.2,1222.26,"on"
"TokensAlign",1222.26,1222.34,"peut"
"TokensAlign",1222.34,1222.48,"mettre"
"TokensAlign",1222.48,1222.56,"de"
"TokensAlign",1222.56,1222.96,"voitures"
"TokensAlign",1222.96,1223.17,"sur"
"TokensAlign",1223.17,1223.2,"le"
"TokensAlign",1223.2,1223.44,"champ"
"TokensAlign",1223.44,1224.215,"#"
"TokensAlign",1224.215,1224.3149999999998,"donc"
"TokensAlign",1224.3149999999998,1224.645,"combien"
"TokensAlign",1224.645,1224.725,"de"
"TokensAlign",1224.725,1224.975,"places"
"TokensAlign",1224.975,1228.795,"#"
"TokensAlign",1228.795,1228.835,"ça"
"TokensAlign",1228.835,1229.125,"dépendra"
"TokensAlign",1229.125,1229.155,"de"
"TokensAlign",1229.155,1229.235,"la"
"TokensAlign",1229.235,1229.375,"taille"
"TokensAlign",1229.375,1229.505,"de"
"TokensAlign",1229.505,1229.535,"l'"
"TokensAlign",1229.535,1229.89,"écran"
"PronTokAlign",0.0,31.985,"#=0.0"
"PronTokAlign",31.985,32.085,"b-O/=0.523"
"PronTokAlign",32.085,32.165,"O~-n=0.569"
"PronTokAlign",32.165,32.341753,"E-t=0.438"
"PronTokAlign",32.341753,33.44,"#=0.0"
"PronTokAlign",33.44,33.61,"O~-n=0.578"
"PronTokAlign",33.61,33.68,"E=0.326"
"PronTokAlign",33.68,33.91,"d-a~-z=0.943"
"PronTokAlign",33.91,34.13,"U~/=0.721"
"PronTokAlign",34.13,34.41,"#=0.0"
"PronTokAlign",34.41,34.59,"w-E"
"PronTokAlign",34.59,34.709999999999994,"O~-n=0.736"
"PronTokAlign",34.709999999999994,34.739999999999995,"E=0.368"
"PronTokAlign",34.739999999999995,34.94,"d-a~-z=0.64"
"PronTokAlign",34.94,35.05,"U~/=0.532"
"PronTokAlign",35.05,35.27,"d-R-A/-j-v=0.745"
"PronTokAlign",35.27,35.65,"s-y-R-t-u=0.665"
"PronTokAlign",35.65,35.77,"d-y=0.738"
"PronTokAlign",35.77,35.85,"k-u"
"PronTokAlign",35.85,35.92,"#=0.0"
"PronTokAlign",35.92,36.010000000000005,"k-a~=0.898"
"PronTokAlign",36.010000000000005,36.15,"m-E-m=0.613"
"PronTokAlign",36.15,36.53,"p-l-y-t-O/=0.594"
"PronTokAlign",36.53,36.940000000000005,"p-R-U~/-t-a~=0.753"
"PronTokAlign",36.940000000000005,37.33,"e-t-e-t=0.798"
"PronTokAlign",37.33,38.0,"#=0.0"
"PronTokAlign",38.0,38.22,"p-A/-R-s=0.572"
"PronTokAlign",38.22,38.34,"k-@=0.531"
"PronTokAlign",38.34,38.37,"l"
"PronTokAlign",38.37,38.71,"i-v-E-R"
"PronTokAlign",38.71,38.82,"O~=0.828"
"PronTokAlign",38.82,38.89,"v-A/"
"PronTokAlign",38.89,39.19,"p-A/-z=0.788"
"PronTokAlign",39.19,39.32,"s-@=0.625"
"PronTokAlign",39.32,39.5,"Z-2-l-e=0.814"
"PronTokAlign",39.5,39.56,"d-a~=0.538"
"PronTokAlign",39.56,39.64,"l-E=0.266"
"PronTokAlign",39.64,40.36,"v-w-A/-t-y-R=0.54"
"PronTokAlign",40.36,45.905,"#=0.0"
"PronTokAlign",45.905,46.015,"w-E"
"PronTokAlign",46.015,46.095,"m=0.482"
"PronTokAlign",46.095,46.285,"A/-p-R-E=0.476"
"PronTokAlign",46.285,46.455,"s-e"
"PronTokAlign",46.455,46.615,"t"
"PronTokAlign",46.615,47.085,"U~/-s-i-t=0.689"
"PronTokAlign",47.085,47.195,"l-E=0.337"
"PronTokAlign",47.195,47.335,"Z-a~=0.877"
"PronTokAlign",47.335,47.365,"A/"
"PronTokAlign",47.365,47.465,"l-A/"
"PronTokAlign",47.465,48.155,"k-O~-s-O/-m-A/-s-j-O~"
"PronTokAlign",48.155,48.415,"d-@=0.992"
"PronTokAlign",48.415,49.165,"k-A/-R-b-y-R-a~=0.689"
"PronTokAlign",49.165,49.475,"v-E-n-E-R=0.896"
"PronTokAlign",49.475,49.725,"#=0.0"
"PronTokAlign",49.725,49.875,"laugh"
"PronTokAlign",49.875,50.035,"l-e=0.303"
"PronTokAlign",50.035,50.235,"p-@-t-i=0.418"
"PronTokAlign",50.235,50.795,"S-O/-f-A/-Z=0.768"
"PronTokAlign",50.795,50.825,"e=0.551"
"PronTokAlign",50.825,51.23,"t-u-t=0.949"
"PronTokAlign",51.23,54.683437,"#=0.0"
"PronTokAlign",54.683437,55.005,"O/-k-E=0.741"
"PronTokAlign",55.005,57.0563,"#=0.0"
"PronTokAlign",57.0563,57.985137,"laugh=0.0"
"PronTokAlign",57.985137,63.36,"#=0.0"
"PronTokAlign",63.36,63.64,"m-E-m-@=0.528"
"PronTokAlign",63.64,63.88,"m-E-m=0.769"
"PronTokAlign",63.88,63.91,"l"
"PronTokAlign",63.91,64.22,"e-t-e=0.23"
"PronTokAlign",64.22,64.724063,"k-w-A/"
"PronTokAlign",64.724063,66.74,"#=0.0"
"PronTokAlign",66.74,66.9,"l-@=0.265"
"PronTokAlign",66.9,67.915,"#=0.0"
"PronTokAlign",67.915,68.405,"w-E"
"PronTokAlign",68.405,70.06,"#=0.0"
"PronTokAlign",70.06,70.48,"A/-v-a~=0.725"
"PronTokAlign",70.48,71.035,"A/-p-R-E-z=0.648"
"PronTokAlign",71.035,71.588055,"#=0.0"
"PronTokAlign",71.588055,72.607003,"laugh=0.0"
"PronTokAlign",72.607003,87.058009,"#=0.0"
"PronTokAlign",87.058009,87.198009,"m-E=0.705"
"PronTokAlign",87.198009,87.308009,"n-a~=0.359"
"PronTokAlign",87.308009,87.338009,"O~=0.737"
"PronTokAlign",87.338009,87.398009,"E=0.611"
"PronTokAlign",87.398009,87.498009,"d-a~=0.83"
"PronTokAlign",87.498009,87.618009,"n-O/=0.766"
"PronTokAlign",87.618009,88.066318,"v-w-A/-t-y-R-z=0.581"
"PronTokAlign",88.066318,96.719063,"#=0.0"
"PronTokAlign",96.719063,96.969063,"f-O/=0.514"
"PronTokAlign",96.969063,97.029063,"k"
"PronTokAlign",97.029063,97.109063,"O~=0.634"
"PronTokAlign",97.109063,97.289063,"p-R-E-n=0.809"
"PronTokAlign",97.289063,97.399063,"y-n=0.856"
"PronTokAlign",97.399063,97.709063,"s-@-m-E-n=0.565"
"PronTokAlign",97.709063,98.155,"p-R-E-s-i-z=0.536"
"PronTokAlign",98.155,98.68,"#=0.0"
"PronTokAlign",98.68,98.74,"O~=0.711"
"PronTokAlign",98.74,98.77,"A/"
"PronTokAlign",98.77,98.86,"d-i=0.668"
"PronTokAlign",98.86,99.02,"s-y-R"
"PronTokAlign",99.02,99.33,"s-U~/-k=0.568"
"PronTokAlign",99.33,99.595,"Z-u-R=0.785"
"PronTokAlign",99.595,116.96,"#=0.0"
"PronTokAlign",116.96,117.15,"S=0.539"
"PronTokAlign",117.15,117.495,"A/-v-u"
"PronTokAlign",117.495,121.64,"#=0.0"
"PronTokAlign",121.64,121.73,"w-E"
"PronTokAlign",121.73,121.89,"m-E=0.504"
"PronTokAlign",121.89,122.13,"m-E"
"PronTokAlign",122.13,122.29,"s-k=0.578"
"PronTokAlign",122.29,122.33,"i=0.837"
"PronTokAlign",122.33,122.47,"f-E=0.503"
"PronTokAlign",122.47,122.67,"A/-s-e=0.702"
"PronTokAlign",122.67,122.98,"S-O/=0.539"
"PronTokAlign",122.98,123.01,"l=0.394"
"PronTokAlign",123.01,123.27,"s-w-A/-R"
"PronTokAlign",123.27,123.41,"a~"
"PronTokAlign",123.41,123.617812,"m-E"
"PronTokAlign",123.617812,132.63,"#=0.0"
"PronTokAlign",132.63,133.14,"p-A/-R-f-E-t=0.656"
"PronTokAlign",133.14,175.53,"#=0.0"
"PronTokAlign",175.53,176.12,"d-e-d-e"
"PronTokAlign",176.12,176.66,"d-e-d-e"
"PronTokAlign",176.66,177.24,"d-e-d-e"
"PronTokAlign",177.24,177.36,"O~=0.524"
"PronTokAlign",177.36,177.62,"A/-v-E=0.395"
"PronTokAlign",177.62,177.84,"d-i-t=0.65"
"PronTokAlign",177.84,179.94,"#=0.0"
"PronTokAlign",179.94,180.16,"A/-b-O~"
"PronTokAlign",180.16,180.59,"d-A/-k-O/-R"
"PronTokAlign",180.59,181.8,"#=0.0"
"PronTokAlign",181.8,181.98,"s-e"
"PronTokAlign",181.98,182.16000000000005,"p-s-k=0.684"
"PronTokAlign",182.16000000000005,182.2,"i=0.773"
"PronTokAlign",182.2,182.28,"s"
"PronTokAlign",182.28,182.68,"A/-p-E-l=0.384"
"PronTokAlign",182.68,183.402451,"Z-e-R-O/-m-@=0.67"
"PronTokAlign",183.402451,184.317533,"laugh=0.0"
"PronTokAlign",184.317533,185.092378,"#=0.0"
"PronTokAlign",185.092378,185.549062,"O/-k-E=0.579"
"PronTokAlign",185.549062,186.96,"#=0.0"
"PronTokAlign",186.96,187.1,"m-w-A/"
"PronTokAlign",187.1,187.34,"k-O/-m-@=0.786"
"PronTokAlign",187.34,187.44,"Z-@=0.491"
"PronTokAlign",187.44,187.57,"l-@=0.542"
"PronTokAlign",187.57,187.88,"d-i-z-E=0.656"
"PronTokAlign",187.88,187.96,"Z=0.649"
"PronTokAlign",187.96,188.03,"l-@=0.423"
"PronTokAlign",188.03,188.25,"k-O/-n-E=0.58"
"PronTokAlign",188.25,188.59,"b-j-U~/=0.58"
"PronTokAlign",188.59,188.87,"d-e-d-e"
"PronTokAlign",188.87,189.08,"d-O~-k=0.612"
"PronTokAlign",189.08,189.17,"S=0.649"
"PronTokAlign",189.17,189.43,"p-2-z=0.546"
"PronTokAlign",189.43,189.49,"m=0.807"
"PronTokAlign",189.49,189.8,"O/-k-y-p-e=0.748"
"PronTokAlign",189.8,189.87,"d-@=0.502"
"PronTokAlign",189.87,190.04,"A/-l-e-R=0.507"
"PronTokAlign",190.04,190.26,"v-w-A/-R"
"PronTokAlign",190.26,190.62,"d-e-d-e"
"PronTokAlign",190.62,190.74,"d-@=0.516"
"PronTokAlign",190.74,191.18,"R-E-z-E-R-v-e=0.692"
"PronTokAlign",191.18,191.37,"s-O~=0.629"
"PronTokAlign",191.37,191.695,"S-a~"
"PronTokAlign",191.695,191.94,"#=0.0"
"PronTokAlign",191.94,192.09,"m"
"PronTokAlign",192.09,192.31,"m"
"PronTokAlign",192.31,199.295,"#=0.0"
"PronTokAlign",199.295,199.695,"b-U~/=0.995"
"PronTokAlign",199.695,199.885,"m-w-A/"
"PronTokAlign",199.885,199.935,"Z=0.526"
"PronTokAlign",199.935,200.225,"p-a~-s-E=0.645"
"PronTokAlign",200.225,200.335,"A/-l-e=0.718"
"PronTokAlign",200.335,200.375,"l=0.524"
"PronTokAlign",200.375,200.595,"v-w-A/-R"
"PronTokAlign",200.595,200.655,"d-E=0.891"
"PronTokAlign",200.655,200.725,"l-A/"
"PronTokAlign",200.725,200.955,"s-m-E-n=0.819"
"PronTokAlign",200.955,201.365,"p-R-O/-S-E-n=0.588"
"PronTokAlign",201.365,201.625,"#"
"PronTokAlign",201.625,201.825,"k-O/-m=0.806"
"PronTokAlign",201.825,202.025,"s-A/=0.894"
"PronTokAlign",202.025,202.125,"i=0.57"
"PronTokAlign",202.125,202.155,"E=0.361"
"PronTokAlign",202.155,202.675,"O/-k-u-R-a~"
"PronTokAlign",202.675,202.745,"E=0.607"
"PronTokAlign",202.745,202.805,"i=0.679"
"PronTokAlign",202.805,202.935,"p-@=0.621"
"PronTokAlign",202.935,203.045,"s"
"PronTokAlign",203.045,203.515,"O/-R-g-A/-n-i-z-e=0.761"
"PronTokAlign",203.515,203.635,"l-H=0.601"
"PronTokAlign",203.635,203.935,"O/-s-i"
"PronTokAlign",203.935,204.3,"fp"
"PronTokAlign",204.3,205.92,"#=0.0"
"PronTokAlign",205.92,205.96,"s=0.869"
"PronTokAlign",205.96,206.01,"m=0.825"
"PronTokAlign",206.01,206.27,"s-a~-b-l=0.699"
"PronTokAlign",206.27,206.45,"E-t=0.505"
"PronTokAlign",206.45,206.48,"l=0.495"
"PronTokAlign",206.48,206.7,"m-j-@=0.756"
"PronTokAlign",206.7,206.93,"p-u-R"
"PronTokAlign",206.93,207.09,"l-H=0.617"
"PronTokAlign",207.09,207.24,"p-u-R"
"PronTokAlign",207.24,207.47,"t-u-l=0.366"
"PronTokAlign",207.47,207.785,"m-O~-d=0.525"
"PronTokAlign",207.785,212.595,"#=0.0"
"PronTokAlign",212.595,212.875,"E=0.968"
"PronTokAlign",212.875,213.17,"e-k-u-t=0.607"
"PronTokAlign",213.17,214.314729,"#=0.0"
"PronTokAlign",214.314729,214.85546,"laugh=0.0"
"PronTokAlign",214.85546,222.548187,"#=0.0"
"PronTokAlign",222.548187,224.032716,"laugh=0.0"
"PronTokAlign",224.032716,224.272716,"i-l=0.579"
"PronTokAlign",224.272716,224.648438,"R-A/-m-A/-s=0.916"
"PronTokAlign",224.648438,249.521769,"#=0.0"
"PronTokAlign",249.521769,249.561769,"E=0.542"
"PronTokAlign",249.561769,249.631769,"p-i=0.864"
"PronTokAlign",249.631769,249.771769,"t"
"PronTokAlign",249.771769,249.811769,"E=0.547"
"PronTokAlign",249.811769,249.871769,"y-n=0.927"
"PronTokAlign",249.871769,250.111769,"g-R-a~-d=0.8"
"PronTokAlign",250.111769,250.381769,"k-w-E-t-@=0.552"
"PronTokAlign",250.381769,250.571769,"O/-s-i"
"PronTokAlign",250.571769,250.695,"n-O~=0.335"
"PronTokAlign",250.695,251.635,"#=0.0"
"PronTokAlign",251.635,251.745,"p-u-R"
"PronTokAlign",251.745,251.835,"f-E-R=0.953"
"PronTokAlign",251.835,251.865,"d=0.939"
"PronTokAlign",251.865,252.095,"f-O~=0.682"
"PronTokAlign",252.095,252.255,"k-O/-m=0.736"
"PronTokAlign",252.255,252.47,"s-A/=0.638"
"PronTokAlign",252.47,252.982929,"#=0.0"
"PronTokAlign",252.982929,255.57105,"laugh=0.0"
"PronTokAlign",255.57105,257.931835,"#=0.0"
"PronTokAlign",257.931835,259.759719,"laugh=0.0"
"PronTokAlign",259.759719,260.05971900000003,"O/"
"PronTokAlign",260.05971900000003,260.199719,"n-O/=0.359"
"PronTokAlign",260.199719,260.749719,"#"
"PronTokAlign",260.749719,260.879719,"d-2=0.759"
"PronTokAlign",260.879719,261.209719,"f-i-l-m=0.603"
"PronTokAlign",261.209719,261.794668,"d-O~-k=0.991"
"PronTokAlign",261.794668,268.796505,"#=0.0"
"PronTokAlign",268.796505,269.950667,"laugh=0.0"
"PronTokAlign",269.950667,290.345,"#=0.0"
"PronTokAlign",290.345,290.475,"l-A/"
"PronTokAlign",290.475,290.63500000000005,"s-e"
"PronTokAlign",290.63500000000005,290.745,"y-n=0.665"
"PronTokAlign",290.745,291.08500000000004,"k-E-s-t-j-O~"
"PronTokAlign",291.08500000000004,291.13500000000005,"d=0.469"
"PronTokAlign",291.13500000000005,291.39500000000004,"b-y-d-Z-E=0.863"
"PronTokAlign",291.39500000000004,291.475,"S=0.517"
"PronTokAlign",291.475,291.721538,"p-a~-s=0.943"
"PronTokAlign",291.721538,298.085,"#=0.0"
"PronTokAlign",298.085,298.265,"n-a~=0.583"
"PronTokAlign",298.265,298.385,"m-E=0.369"
"PronTokAlign",298.385,298.535,"Z-a~-R=0.917"
"PronTokAlign",298.535,298.725,"s-e"
"PronTokAlign",298.725,298.845,"k-@=0.513"
"PronTokAlign",298.845,298.875,"A/"
"PronTokAlign",298.875,299.185,"l-A/"
"PronTokAlign",299.185,299.485,"O/-l-j-@"
"PronTokAlign",299.485,299.755,"#"
"PronTokAlign",299.755,299.905,"A/"
"PronTokAlign",299.905,300.105,"u-i=0.679"
"PronTokAlign",300.105,300.82,"#=0.0"
"PronTokAlign",300.82,300.97,"u-i=0.627"
"PronTokAlign",300.97,302.745,"#=0.0"
"PronTokAlign",302.745,303.01,"O/-k-E=0.798"
"PronTokAlign",303.01,309.726384,"#=0.0"
"PronTokAlign",309.726384,310.116384,"n-a~=0.867"
"PronTokAlign",310.116384,310.416384,"s-e"
"PronTokAlign",310.416384,310.726384,"s-e"
"PronTokAlign",310.726384,310.91802,"i-l=0.545"
"PronTokAlign",310.91802,313.6,"#=0.0"
"PronTokAlign",313.6,313.83000000000004,"E=0.876"
"PronTokAlign",313.83000000000004,314.04,"i-l=0.534"
"PronTokAlign",314.04,314.45,"#=0.0"
"PronTokAlign",314.45,314.53,"e=0.649"
"PronTokAlign",314.53,314.59,"i=0.693"
"PronTokAlign",314.59,314.76,"f-O/=0.614"
"PronTokAlign",314.76,314.81,"k"
"PronTokAlign",314.81,314.88,"i=0.529"
"PronTokAlign",314.88,315.05,"s-w-A/=0.936"
"PronTokAlign",315.05,315.13,"a~"
"PronTokAlign",315.13,315.537188,"p-A/-t-U~/-z=0.589"
"PronTokAlign",315.537188,318.5,"#=0.0"
"PronTokAlign",318.5,318.92,"w-E"
"PronTokAlign",318.92,319.16,"m-E=0.454"
"PronTokAlign",319.16,319.8,"#"
"PronTokAlign",319.8,319.92,"S=0.703"
"PronTokAlign",319.92,320.29,"p-a~-s-E=0.634"
"PronTokAlign",320.29,320.51,"m-E-t-R=0.606"
"PronTokAlign",320.51,320.61,"d-e=0.441"
"PronTokAlign",320.61,320.93,"p-t-i-t=0.398"
"PronTokAlign",320.93,321.08,"y-n=0.697"
"PronTokAlign",321.08,321.33,"p-t-i-t=0.542"
"PronTokAlign",321.33,321.94,"E-s-t-R-A/-d-@=0.92"
"PronTokAlign",321.94,322.24,"k-i=0.547"
"PronTokAlign",322.24,322.63,"p-A/-s-2-R-E=0.625"
"PronTokAlign",322.63,322.78,"a~-t-R=0.633"
"PronTokAlign",322.78,322.92,"l-@=0.567"
"PronTokAlign",322.92,323.19,"v-w-A/-t-y-R=0.972"
"PronTokAlign",323.19,323.23,"E=0.662"
"PronTokAlign",323.23,323.42,"d-y-k-u"
"PronTokAlign",323.42,323.46,"j=0.676"
"PronTokAlign",323.46,323.57,"O/-R-E=0.478"
"PronTokAlign",323.57,323.61,"d=0.739"
"PronTokAlign",323.61,323.94,"s-O/-R-t-@=0.758"
"PronTokAlign",323.94,323.98,"d=0.423"
"PronTokAlign",323.98,324.45,"p-l-A/-s=0.389"
"PronTokAlign",324.45,324.51,"e=0.694"
"PronTokAlign",324.51,324.66,"i-l=0.685"
"PronTokAlign",324.66,325.948952,"#=0.0"
"PronTokAlign",325.948952,326.05895200000003,"w-E"
"PronTokAlign",326.05895200000003,326.278952,"b-U~/=0.783"
"PronTokAlign",326.278952,326.43895200000003,"Z-@=0.586"
"PronTokAlign",326.43895200000003,326.478952,"m=0.675"
"PronTokAlign",326.478952,326.73895200000004,"O/-k-y-p=0.779"
"PronTokAlign",326.73895200000004,326.828952,"d-y=0.505"
"PronTokAlign",326.828952,327.208952,"p-A/-R-k-i-g"
"PronTokAlign",327.208952,327.348952,"v-y"
"PronTokAlign",327.348952,327.378952,"k=0.821"
"PronTokAlign",327.378952,327.518952,"Z-@=0.482"
"PronTokAlign",327.518952,327.648952,"v-w-A/=0.854"
"PronTokAlign",327.648952,327.838952,"t-R-E=0.662"
"PronTokAlign",327.838952,328.138952,"b-j-U~/=0.607"
"PronTokAlign",328.138952,328.318952,"p-A/-R"
"PronTokAlign",328.318952,328.508952,"k-O~-t=0.807"
"PronTokAlign",328.508952,328.578952,"i=0.675"
"PronTokAlign",328.578952,328.67895200000004,"f-O/=0.48"
"PronTokAlign",328.67895200000004,328.888952,"t-R-u-v-e=0.906"
"PronTokAlign",328.888952,329.198952,"k-E-l-k-U~/"
"PronTokAlign",329.198952,329.318952,"k-i=0.407"
"PronTokAlign",329.318952,329.448952,"p-@=0.661"
"PronTokAlign",329.448952,329.788952,"s-E-R-v-i-R"
"PronTokAlign",329.788952,329.888952,"a~"
"PronTokAlign",329.888952,330.088952,"R-O/-l-e"
"PronTokAlign",330.088952,330.43895200000003,"l-O/-R=0.753"
"PronTokAlign",330.43895200000003,330.518952,"l-A/"
"PronTokAlign",330.518952,330.54895200000004,"Z=0.527"
"PronTokAlign",330.54895200000004,330.718952,"v-u=0.903"
"PronTokAlign",330.718952,330.888952,"l-E-s=0.858"
"PronTokAlign",330.888952,330.948952,"v-u=0.853"
"PronTokAlign",330.948952,331.485,"d-E-b-R-u-j-e-R=0.358"
"PronTokAlign",331.485,334.98,"#=0.0"
"PronTokAlign",334.98,335.13,"A/"
"PronTokAlign",335.13,335.37,"m-E=0.761"
"PronTokAlign",335.37,335.54,"s-e"
"PronTokAlign",335.54,335.57,"l=0.678"
"PronTokAlign",335.57,335.90000000000003,"Z-u-R-n-A/-l=0.767"
"PronTokAlign",335.90000000000003,336.05,"d-@=0.672"
"PronTokAlign",336.05,336.38,"f-R-a~-s=0.61"
"PronTokAlign",336.38,336.54,"d-2=0.613"
"PronTokAlign",336.54,336.69,"l"
"PronTokAlign",336.69,336.75,"A/"
"PronTokAlign",336.75,337.11,"d-i-t=0.804"
"PronTokAlign",337.11,337.685,"O/-k-e=0.832"
"PronTokAlign",337.685,339.139278,"#=0.0"
"PronTokAlign",339.139278,339.644904,"laugh=0.0"
"PronTokAlign",339.644904,342.469688,"#=0.0"
"PronTokAlign",342.469688,342.669688,"O~=0.756"
"PronTokAlign",342.669688,342.809688,"l-H=0.439"
"PronTokAlign",342.809688,343.37968800000004,"f-E-t-@=0.797"
"PronTokAlign",343.37968800000004,343.619688,"d-E-z=0.335"
"PronTokAlign",343.619688,343.789688,"b-E-t=0.572"
"PronTokAlign",343.789688,343.969688,"d-@=0.654"
"PronTokAlign",343.969688,344.669688,"k-O~-s-t-R-y-k-s-j-O~"
"PronTokAlign",344.669688,344.82968800000003,"p-u-R"
"PronTokAlign",344.82968800000003,344.919688,"l-E=0.342"
"PronTokAlign",344.919688,345.399688,"b-y-v-E-t=0.796"
"PronTokAlign",345.399688,345.44968800000004,"E=0.646"
"PronTokAlign",345.44968800000004,345.755,"t-u-t=0.962"
"PronTokAlign",345.755,348.68,"#=0.0"
"PronTokAlign",348.68,348.82,"m"
"PronTokAlign",348.82,348.949688,"m"
"PronTokAlign",348.949688,350.64,"#=0.0"
"PronTokAlign",350.64,350.84,"u-i=0.728"
"PronTokAlign",350.84,350.96,"#"
"PronTokAlign",350.96,351.08,"n-a~"
"PronTokAlign",351.08,351.32,"m-E=0.632"
"PronTokAlign",351.32,351.42,"i=0.662"
"PronTokAlign",351.42,351.64,"f-O/=0.785"
"PronTokAlign",351.64,352.06,"b-j-U~/-k-@"
"PronTokAlign",352.06,352.24,"u-i=0.563"
"PronTokAlign",352.24,352.605,"#=0.0"
"PronTokAlign",352.605,352.695,"s-e"
"PronTokAlign",352.695,352.755,"U~/=0.651"
"PronTokAlign",352.755,352.865,"p-2"
"PronTokAlign",352.865,353.195,"k-O~-p-l-i-k-e"
"PronTokAlign",353.195,353.225,"#"
"PronTokAlign",353.225,353.315,"n-a~"
"PronTokAlign",353.315,353.345,"j=0.554"
"PronTokAlign",353.345,353.415,"A/"
"PronTokAlign",353.415,353.57500000000005,"k=0.669"
"PronTokAlign",353.57500000000005,353.675,"l-e=0.412"
"PronTokAlign",353.675,354.07500000000005,"s-E-R-v-9-R=0.768"
"PronTokAlign",354.07500000000005,354.135,"k=0.594"
"PronTokAlign",354.135,354.61,"s-O~-t=0.72"
"PronTokAlign",354.61,358.365938,"#=0.0"
"PronTokAlign",358.365938,358.575938,"l-@=0.73"
"PronTokAlign",358.575938,358.96593800000005,"p-w-U~/-t=0.56"
"PronTokAlign",358.96593800000005,359.674907,"l-O/-Z-i-s-t-i-k-@=0.5"
"PronTokAlign",359.674907,376.77,"#=0.0"
"PronTokAlign",376.77,377.02,"t-R-u-v-e=0.888"
"PronTokAlign",377.02,377.06,"d=0.604"
"PronTokAlign",377.06,377.15,"p-t-i=0.881"
"PronTokAlign",377.15,377.704687,"k-O/-s-t-y-m=0.573"
"PronTokAlign",377.704687,380.35,"#=0.0"
"PronTokAlign",380.35,380.5100000000001,"A/"
"PronTokAlign",380.5100000000001,381.145,"w-E"
"PronTokAlign",381.145,381.93,"#=0.0"
"PronTokAlign",381.93,382.34,"A/"
"PronTokAlign",382.34,383.01,"w-A/-i-i-E-s=0.751"
"PronTokAlign",383.01,391.935,"#=0.0"
"PronTokAlign",391.935,392.175,"w-E"
"PronTokAlign",392.175,393.445,"#=0.0"
"PronTokAlign",393.445,393.535,"s-e"
"PronTokAlign",393.535,393.675,"l-A/"
"PronTokAlign",393.675,394.53,"l-O/-Z-i-s-t-i-k=0.823"
"PronTokAlign",394.53,394.935,"#=0.0"
"PronTokAlign",394.935,395.005,"s-e"
"PronTokAlign",395.005,395.035,"s=0.891"
"PronTokAlign",395.035,395.16,"n-O~-n=0.326"
"PronTokAlign",395.16,401.67,"#=0.0"
"PronTokAlign",401.67,401.77,"E=0.802"
"PronTokAlign",401.77,401.86,"m-E=0.306"
"PronTokAlign",401.86,401.99,"O~-n=0.602"
"PronTokAlign",401.99,402.02,"E=0.306"
"PronTokAlign",402.02,402.11,"a~"
"PronTokAlign",402.11,402.63,"v-w-A/-t-y-R=0.766"
"PronTokAlign",402.63,404.255,"#=0.0"
"PronTokAlign",404.255,404.635,"d-O~-k=0.955"
"PronTokAlign",404.635,404.815,"l"
"PronTokAlign",404.815,405.105,"A/-l-k-O/-l"
"PronTokAlign",405.105,405.255,"s-A/=0.596"
"PronTokAlign",405.255,405.315,"v-A/"
"PronTokAlign",405.315,405.495,"E-t-R=0.592"
"PronTokAlign",405.495,405.585,"U~/=0.807"
"PronTokAlign",405.585,405.935,"p-2"
"PronTokAlign",405.935,406.125,"#=0.0"
"PronTokAlign",406.125,406.255,"u"
"PronTokAlign",406.255,406.415,"l-O/-R=0.374"
"PronTokAlign",406.415,406.455,"i=0.593"
"PronTokAlign",406.455,406.665,"f-O/=0.696"
"PronTokAlign",406.665,406.755,"E-t=0.816"
"PronTokAlign",406.755,407.035,"s-y-R"
"PronTokAlign",407.035,407.065,"k=0.768"
"PronTokAlign",407.065,407.205,"s-@=0.758"
"PronTokAlign",407.205,407.395,"s-w-A/=0.745"
"PronTokAlign",407.395,407.585,"p-A/=0.837"
"PronTokAlign",407.585,407.615,"l=0.562"
"PronTokAlign",407.615,408.285,"k-O~-d-y-k-t-9-R"
"PronTokAlign",408.285,408.64,"d-y-k-u"
"PronTokAlign",408.64,409.705,"#=0.0"
"PronTokAlign",409.705,409.785,"b-O/=0.591"
"PronTokAlign",409.785,410.055,"A/-p-R-E=0.745"
"PronTokAlign",410.055,410.195,"O~=0.742"
"PronTokAlign",410.195,410.315,"p-@=0.757"
"PronTokAlign",410.315,410.745938,"O/-s-i"
"PronTokAlign",410.745938,415.225,"#=0.0"
"PronTokAlign",415.225,415.375,"n-a~=0.445"
"PronTokAlign",415.375,415.425,"m=0.768"
"PronTokAlign",415.425,415.6350000000001,"A/-p-R-E=0.555"
"PronTokAlign",415.6350000000001,415.745,"O~=0.684"
"PronTokAlign",415.745,415.865,"p-@=0.595"
"PronTokAlign",415.865,415.915,"s=0.514"
"PronTokAlign",415.915,416.245,"b-A/-z-e=0.852"
"PronTokAlign",416.245,416.435,"O/-s-i"
"PronTokAlign",416.435,416.655,"s-y-R"
"PronTokAlign",416.655,417.555,"l-@=0.994"
"PronTokAlign",417.555,417.755,"#"
"PronTokAlign",417.755,417.935,"l-A/"
"PronTokAlign",417.935,418.045,"l-A/"
"PronTokAlign",418.045,418.295,"b-O/-n=0.792"
"PronTokAlign",418.295,418.675,"p-R-E-z-a~-s=0.426"
"PronTokAlign",418.675,418.775,"d=0.686"
"PronTokAlign",418.775,419.095,"E-s-p-R-i"
"PronTokAlign",419.095,419.225,"d-E=0.402"
"PronTokAlign",419.225,419.455,"Z-a~=0.853"
"PronTokAlign",419.455,419.505,"E=0.67"
"PronTokAlign",419.505,419.685,"s-@=0.674"
"PronTokAlign",419.685,419.855,"d-i-R=0.809"
"PronTokAlign",419.855,419.915,"k=0.852"
"PronTokAlign",419.915,419.965,"k=0.803"
"PronTokAlign",419.965,420.045,"l-@=0.465"
"PronTokAlign",420.045,420.595,"k-O~-d-y-k-t-9-R"
"PronTokAlign",420.595,420.725,"v-A/"
"PronTokAlign",420.725,420.955,"p-A/=0.66"
"PronTokAlign",420.955,421.515,"f-O/-R-s-E-m-a~=0.468"
"PronTokAlign",421.515,421.645,"s"
"PronTokAlign",421.645,422.175,"E-k-s-p-l-O/-z-e=0.759"
"PronTokAlign",422.175,422.285,"l-A/"
"PronTokAlign",422.285,422.505,"t-E-t=0.807"
"PronTokAlign",422.505,422.685,"A/-v-a~=0.658"
"PronTokAlign",422.685,422.785,"d-@=0.395"
"PronTokAlign",422.785,423.295,"R-p-A/-R-t-i-R=0.559"
"PronTokAlign",423.295,428.765,"#=0.0"
"PronTokAlign",428.765,428.995,"m=0.0"
"PronTokAlign",428.995,429.13,"#=0.0"
"PronTokAlign",429.13,429.43,"O/-k-E=0.746"
"PronTokAlign",429.43,437.065,"#=0.0"
"PronTokAlign",437.065,437.375,"b-U~/=0.486"
"PronTokAlign",437.375,437.585,"Z-@=0.848"
"PronTokAlign",437.585,437.795,"s=0.348"
"PronTokAlign",437.795,437.925,"Z-@=0.536"
"PronTokAlign",437.925,438.185,"s-E=0.326"
"PronTokAlign",438.185,438.405,"p-A/=0.868"
"PronTokAlign",438.405,438.795,"p-A/-s-k-@=0.498"
"PronTokAlign",438.795,438.915,"l-@=0.511"
"PronTokAlign",438.915,439.335,"S-a~"
"PronTokAlign",439.335,439.365,"a~"
"PronTokAlign",439.365,439.575,"s-w-A/=0.782"
"PronTokAlign",439.575,439.755,"s=0.664"
"PronTokAlign",439.755,440.235,"s-e"
"PronTokAlign",440.235,441.015,"p-R-i-v-e"
"PronTokAlign",441.015,441.265,"s=0.693"
"PronTokAlign",441.265,441.475,"s-e"
"PronTokAlign",441.475,441.515,"A/"
"PronTokAlign",441.515,441.845,"d-e-d-e"
"PronTokAlign",441.845,442.255,"d-A/-k-O/-R"
"PronTokAlign",442.255,442.305,"j"
"PronTokAlign",442.305,442.345,"A/"
"PronTokAlign",442.345,442.525,"p-A/=0.626"
"PronTokAlign",442.525,442.725,"d-@=0.639"
"PronTokAlign",442.725,443.085,"R-E-z-O~=0.608"
"PronTokAlign",443.085,443.225,"k"
"PronTokAlign",443.225,443.545,"O~-n=0.972"
"PronTokAlign",443.545,443.665,"E=0.586"
"PronTokAlign",443.665,444.035,"b-@-z-w-U~/=0.571"
"PronTokAlign",444.035,444.065,"d=0.581"
"PronTokAlign",444.065,444.385,"p-R-E-v-2-n-i-R"
"PronTokAlign",444.385,444.555,"k-i=0.574"
"PronTokAlign",444.555,444.605,"k=0.704"
"PronTokAlign",444.605,444.735,"s-@=0.721"
"PronTokAlign",444.735,445.04,"s-w-A/-t=0.519"
"PronTokAlign",445.04,447.22,"#=0.0"
"PronTokAlign",447.22,447.31,"u-i=0.62"
"PronTokAlign",447.31,447.35,"#"
"PronTokAlign",447.35,447.42,"u-i=0.78"
"PronTokAlign",447.42,447.62,"s-e"
"PronTokAlign",447.62,448.27,"v-R-E=0.569"
"PronTokAlign",448.27,449.08,"#=0.0"
"PronTokAlign",449.08,449.22,"b-O/=0.375"
"PronTokAlign",449.22,449.43,"n-a~"
"PronTokAlign",449.43,449.54,"v-A/-z=0.571"
"PronTokAlign",449.54,449.62,"j=0.403"
"PronTokAlign",449.62,449.72,"p-A/=0.798"
"PronTokAlign",449.72,449.77,"d=0.593"
"PronTokAlign",449.77,450.075,"A/-l-k-O/-l"
"PronTokAlign",450.075,463.64051,"#=0.0"
"PronTokAlign",463.64051,465.854477,"laugh=0.0"
"PronTokAlign",465.854477,468.518341,"#=0.0"
"PronTokAlign",468.518341,470.969096,"laugh=0.0"
"PronTokAlign",470.969096,504.784339,"#=0.0"
"PronTokAlign",504.784339,505.29766,"w-E"
"PronTokAlign",505.29766,506.672626,"#=0.0"
"PronTokAlign",506.672626,507.112626,"s-i-n-O~"
"PronTokAlign",507.112626,507.242626,"O~=0.716"
"PronTokAlign",507.242626,507.372626,"p-@=0.464"
"PronTokAlign",507.372626,507.552626,"f-E-R=0.687"
"PronTokAlign",507.552626,507.642626,"l-E=0.332"
"PronTokAlign",507.642626,507.852626,"t-R-y-k=0.823"
"PronTokAlign",507.852626,508.032626,"p-l-y=0.63"
"PronTokAlign",508.032626,508.282626,"s-U~/-p-l=0.83"
"PronTokAlign",508.282626,508.382626,"k-i=0.413"
"PronTokAlign",508.382626,508.472626,"s=0.886"
"PronTokAlign",508.472626,508.552626,"f-O~=0.826"
"PronTokAlign",508.552626,508.762626,"m-U~/-n-a~=0.652"
"PronTokAlign",508.762626,508.892626,"O/-s-i"
"PronTokAlign",508.892626,509.012626,"p-A/=0.892"
"PronTokAlign",509.012626,509.142626,"m-A/-l"
"PronTokAlign",509.142626,509.252626,"d-a~=0.879"
"PronTokAlign",509.252626,509.352626,"l-E=0.331"
"PronTokAlign",509.352626,509.692626,"R-E-s-t-O/"
"PronTokAlign",509.692626,509.832626,"s-e"
"PronTokAlign",509.832626,509.922626,"l-@=0.323"
"PronTokAlign",509.922626,510.132626,"p-t-i=0.562"
"PronTokAlign",510.132626,510.382626,"t-R-y-k=0.79"
"PronTokAlign",510.382626,510.972626,"d-@=0.97"
"PronTokAlign",510.972626,511.032626,"#"
"PronTokAlign",511.032626,511.312626,"k-i=0.824"
"PronTokAlign",511.312626,511.962626,"k-l-i-n-j-O/-t=0.888"
"PronTokAlign",511.962626,512.062626,"b-i-p=0.793"
"PronTokAlign",512.062626,512.2826259999999,"b-i-p-E=0.439"
"PronTokAlign",512.2826259999999,512.455,"b-i-p=0.709"
"PronTokAlign",512.455,512.98,"#=0.0"
"PronTokAlign",512.98,513.15,"d-y=0.724"
"PronTokAlign",513.15,513.815,"k-u"
"PronTokAlign",513.815,514.745,"#=0.0"
"PronTokAlign",514.745,514.895,"l-@=0.542"
"PronTokAlign",514.895,515.105,"m-E-k=0.675"
"PronTokAlign",515.105,515.155,"i=0.825"
"PronTokAlign",515.155,515.305,"s-E=0.519"
"PronTokAlign",515.305,515.365,"k=0.986"
"PronTokAlign",515.365,515.525,"s-e"
"PronTokAlign",515.525,515.965,"p-R-E=0.893"
"PronTokAlign",515.965,516.445,"e=0.986"
"PronTokAlign",516.445,516.575,"i=0.709"
"PronTokAlign",516.575,516.725,"p-@=0.492"
"PronTokAlign",516.725,517.105,"s-O/-R-t-i-R"
"PronTokAlign",517.105,517.295,"s-A/"
"PronTokAlign",517.295,517.485,"m-U~/"
"PronTokAlign",517.485,517.525,"d=0.617"
"PronTokAlign",517.525,517.655,"s-A/"
"PronTokAlign",517.655,518.095,"v-w-A/-t-y-R=0.62"
"PronTokAlign",518.095,518.405,"E=0.846"
"PronTokAlign",518.405,518.585,"O/-p"
"PronTokAlign",518.585,518.675,"l=0.487"
"PronTokAlign",518.675,519.095,"s-E-R-v-9-R"
"PronTokAlign",519.095,519.135,"i=0.61"
"PronTokAlign",519.135,519.305,"s-E=0.529"
"PronTokAlign",519.305,519.735,"e-g-z-A/-k-t-2-m-a~=0.489"
"PronTokAlign",519.735,519.815,"u"
"PronTokAlign",519.815,519.885,"l-A/"
"PronTokAlign",519.885,520.355,"s-E-R-v-2-z=0.835"
"PronTokAlign",520.355,520.515,"s-E=0.526"
"PronTokAlign",520.515,521.1850000000001,"e-g-z-A/-k-t-2-m-a~=0.528"
"PronTokAlign",521.1850000000001,521.45,"u"
"PronTokAlign",521.45,526.775,"#=0.0"
"PronTokAlign",526.775,526.875,"s-A/=0.654"
"PronTokAlign",526.875,526.905,"n=0.69"
"PronTokAlign",526.905,527.155,"s-E-R"
"PronTokAlign",527.155,527.265,"A/"
"PronTokAlign",527.265,527.505,"R-j-U~/=0.772"
"PronTokAlign",527.505,527.725,"s-e"
"PronTokAlign",527.725,528.005,"Z-y-s=0.698"
"PronTokAlign",528.005,528.0849999999999,"y-n=0.786"
"PronTokAlign",528.0849999999999,528.3349999999999,"p-E-R-t=0.958"
"PronTokAlign",528.3349999999999,528.4549999999999,"s-e"
"PronTokAlign",528.4549999999999,528.715,"n-y-l"
"PronTokAlign",528.715,528.835,"#=0.0"
"PronTokAlign",528.835,529.205,"m-E=0.6"
"PronTokAlign",529.205,529.4350000000001,"s-A/=0.991"
"PronTokAlign",529.4350000000001,529.485,"m=0.798"
"PronTokAlign",529.485,529.79,"E-g-z-i-s-t=0.927"
"PronTokAlign",529.79,530.11,"#=0.0"
"PronTokAlign",530.11,530.659688,"laugh=0.0"
"PronTokAlign",530.659688,532.865,"#=0.0"
"PronTokAlign",532.865,533.115,"u-i=0.662"
"PronTokAlign",533.115,533.235,"u-i=0.612"
"PronTokAlign",533.235,533.395,"s-e"
"PronTokAlign",533.395,533.605,"s-A/=0.992"
"PronTokAlign",533.605,533.665,"s-e"
"PronTokAlign",533.665,533.735,"s=0.567"
"PronTokAlign",533.735,533.765,"i=0.636"
"PronTokAlign",533.765,533.795,"n"
"PronTokAlign",533.795,533.845,"j=0.442"
"PronTokAlign",533.845,533.925,"A/"
"PronTokAlign",533.925,534.075,"p-l-y=0.531"
"PronTokAlign",534.075,534.195,"t=0.467"
"PronTokAlign",534.195,534.62,"s-E-R-v-9-R"
"PronTokAlign",534.62,534.715,"#=0.0"
"PronTokAlign",534.715,534.975,"b-E=0.482"
"PronTokAlign",534.975,535.0550000000001,"u-i=0.589"
"PronTokAlign",535.0550000000001,535.335,"#"
"PronTokAlign",535.335,535.4050000000001,"v-y"
"PronTokAlign",535.4050000000001,535.445,"k=0.515"
"PronTokAlign",535.445,535.5350000000001,"s-e"
"PronTokAlign",535.5350000000001,535.6650000000001,"t-w-A/"
"PronTokAlign",535.6650000000001,535.7850000000001,"k-j=0.489"
"PronTokAlign",535.7850000000001,536.125,"R-2-t-u-R-n=0.978"
"PronTokAlign",536.125,536.4050000000001,"S-E-R-S-e=0.696"
"PronTokAlign",536.4050000000001,536.585,"t-O~-n=0.577"
"PronTokAlign",536.585,536.904026,"A/-s-j-E-t=0.924"
"PronTokAlign",536.904026,541.369873,"#=0.0"
"PronTokAlign",541.369873,542.556563,"laugh=0.0"
"PronTokAlign",542.556563,542.886563,"w-E"
"PronTokAlign",542.886563,543.006563,"n-a~=0.348"
"PronTokAlign",543.006563,543.1065629999999,"m-w-A/"
"PronTokAlign",543.1065629999999,543.656563,"Z-@=0.639"
"PronTokAlign",543.656563,543.756563,"s-y-i=0.896"
"PronTokAlign",543.756563,543.876563,"p-A/=0.552"
"PronTokAlign",543.876563,544.016563,"#"
"PronTokAlign",544.016563,544.1065629999999,"k-w-A/"
"PronTokAlign",544.1065629999999,544.266563,"m-w-A/"
"PronTokAlign",544.266563,544.326563,"S=0.567"
"PronTokAlign",544.326563,544.446563,"t-R-u-v=0.841"
"PronTokAlign",544.446563,544.4765629999999,"k=0.924"
"PronTokAlign",544.4765629999999,544.6065629999999,"s-e"
"PronTokAlign",544.6065629999999,544.786563,"b-j-U~/=0.508"
"PronTokAlign",544.786563,544.916563,"d-@=0.787"
"PronTokAlign",544.916563,545.365,"f-E-R-@=0.753"
"PronTokAlign",545.365,545.6,"#=0.0"
"PronTokAlign",545.6,545.72,"U~/=0.865"
"PronTokAlign",545.72,545.96,"t-R-y-k"
"PronTokAlign",545.96,546.01,"a~"
"PronTokAlign",546.01,546.39,"s-i-n-j-A/-l"
"PronTokAlign",546.39,546.5600000000001,"k-O/-m=0.926"
"PronTokAlign",546.5600000000001,546.6800000000001,"s-A/=0.64"
"PronTokAlign",546.6800000000001,546.71,"l=0.639"
"PronTokAlign",546.71,547.09,"s-E-R-v-9-R"
"PronTokAlign",547.09,547.13,"i=0.708"
"PronTokAlign",547.13,547.3000000000001,"s-E=0.572"
"PronTokAlign",547.3000000000001,547.39,"u"
"PronTokAlign",547.39,547.46,"i=0.578"
"PronTokAlign",547.46,547.635,"v-A/"
"PronTokAlign",547.635,547.955,"#=0.0"
"PronTokAlign",547.955,548.125,"b-O/=0.765"
"PronTokAlign",548.125,548.335,"A/-p-R-E=0.73"
"PronTokAlign",548.335,548.365,"l=0.831"
"PronTokAlign",548.365,548.7750000000001,"s-E-R-v-9-R"
"PronTokAlign",548.7750000000001,548.945,"s-i=0.618"
"PronTokAlign",548.945,549.065,"O~=0.749"
"PronTokAlign",549.065,549.355,"l-H-i=0.496"
"PronTokAlign",549.355,549.595,"l-H-i=0.588"
"PronTokAlign",549.595,549.7750000000001,"t=0.434"
"PronTokAlign",549.7750000000001,549.9050000000001,"l-H=0.435"
"PronTokAlign",549.9050000000001,550.55,"d-i-z=0.999"
"PronTokAlign",550.55,550.93,"#=0.0"
"PronTokAlign",550.93,551.12,"l-@=0.628"
"PronTokAlign",551.12,551.39,"m-O/-d-E-l=0.794"
"PronTokAlign",551.39,551.52,"d-@=0.629"
"PronTokAlign",551.52,551.6099999999999,"l-A/"
"PronTokAlign",551.6099999999999,552.01,"v-w-A/-t-y-R=0.91"
"PronTokAlign",552.01,552.0699999999999,"A/"
"PronTokAlign",552.0699999999999,552.1099999999999,"i=0.795"
"PronTokAlign",552.1099999999999,552.4,"f-O/-d-R-A/"
"PronTokAlign",552.4,552.6099999999999,"f-O/-R-m-e=0.502"
"PronTokAlign",552.6099999999999,552.8,"l-e=0.406"
"PronTokAlign",552.8,553.18,"s-E-R-v-9-R=0.742"
"PronTokAlign",553.18,553.3399999999999,"s-y-R"
"PronTokAlign",553.3399999999999,553.4499999999999,"l-E=0.395"
"PronTokAlign",553.4499999999999,553.78,"v-w-A/-t-y-R=0.506"
"PronTokAlign",553.78,554.315,"#=0.0"
"PronTokAlign",554.315,555.19,"laugh=0.0"
"PronTokAlign",555.19,560.52551,"#=0.0"
"PronTokAlign",560.52551,561.07551,"u-i=0.84"
"PronTokAlign",561.07551,561.338438,"u-i=0.898"
"PronTokAlign",561.338438,566.85,"#=0.0"
"PronTokAlign",566.85,566.9200000000001,"u-i=0.751"
"PronTokAlign",566.9200000000001,567.28,"u-i=0.675"
"PronTokAlign",567.28,567.47,"u-i=0.689"
"PronTokAlign",567.47,569.719191,"#=0.0"
"PronTokAlign",569.719191,570.075,"t-R-E-b-j-U~/=0.434"
"PronTokAlign",570.075,576.195,"#=0.0"
"PronTokAlign",576.195,576.2650000000001,"u-i=0.793"
"PronTokAlign",576.2650000000001,576.335,"u-i=0.559"
"PronTokAlign",576.335,576.63,"u-i=0.73"
"PronTokAlign",576.63,577.14,"#=0.0"
"PronTokAlign",577.14,577.29,"t-R-E=0.453"
"PronTokAlign",577.29,577.39,"b-j-U~/=0.69"
"PronTokAlign",577.39,589.57316,"#=0.0"
"PronTokAlign",589.57316,589.938176,"laugh=0.0"
"PronTokAlign",589.938176,598.455,"#=0.0"
"PronTokAlign",598.455,598.635,"n-O~=0.401"
"PronTokAlign",598.635,598.745,"s-A/=0.641"
"PronTokAlign",598.745,598.885,"s-A/=0.897"
"PronTokAlign",598.885,598.995,"s=0.898"
"PronTokAlign",598.995,599.085,"f-E=0.525"
"PronTokAlign",599.085,599.125,"A/"
"PronTokAlign",599.125,599.2950000000001,"m-O~-n=0.519"
"PronTokAlign",599.2950000000001,599.4050000000001,"A/-v-i=0.795"
"PronTokAlign",599.4050000000001,599.565,"s-e"
"PronTokAlign",599.565,599.6550000000001,"l-e=0.346"
"PronTokAlign",599.6550000000001,600.0250000000001,"d-E-R-n-j-e=0.653"
"PronTokAlign",600.0250000000001,600.345,"t-R-y-k=0.792"
"PronTokAlign",600.345,600.505,"k-w-A/"
"PronTokAlign",600.505,600.5350000000001,"l=0.667"
"PronTokAlign",600.5350000000001,601.345,"U~/-s-t-A/-l-A/-s-j-O~"
"PronTokAlign",601.345,601.4350000000001,"l-A/"
"PronTokAlign",601.4350000000001,601.575,"m-i-z=0.737"
"PronTokAlign",601.575,601.6650000000001,"a~"
"PronTokAlign",601.6650000000001,601.875,"p-l-A/-s=0.678"
"PronTokAlign",601.875,602.0350000000001,"d-y=0.866"
"PronTokAlign",602.0350000000001,602.385,"S-a~"
"PronTokAlign",602.385,602.445,"E=0.656"
"PronTokAlign",602.445,602.695,"t-u=0.752"
"PronTokAlign",602.695,602.905,"fp"
"PronTokAlign",602.905,605.24,"#=0.0"
"PronTokAlign",605.24,605.36,"b-U~/=0.438"
"PronTokAlign",605.36,605.42,"Z=0.495"
"PronTokAlign",605.42,605.6,"p-a~-s=0.946"
"PronTokAlign",605.6,605.7,"k-@=0.816"
"PronTokAlign",605.7,605.84,"s-@=0.549"
"PronTokAlign",605.84,606.04,"s-R-A/=0.92"
"PronTokAlign",606.04,606.2,"f-E=0.468"
"PronTokAlign",606.2,606.35,"l-A/"
"PronTokAlign",606.35,606.645,"v-E-j-@=0.509"
"PronTokAlign",606.645,606.895,"#=0.0"
"PronTokAlign",606.895,607.055,"laugh"
"PronTokAlign",607.055,607.5749999999999,"p-A/-R-s=0.799"
"PronTokAlign",607.5749999999999,607.655,"k=0.509"
"PronTokAlign",607.655,607.8149999999999,"l-H=0.555"
"PronTokAlign",607.8149999999999,607.925,"i-l=0.662"
"PronTokAlign",607.925,607.965,"A/"
"PronTokAlign",607.965,608.245,"b-@-z-w-U~/=0.909"
"PronTokAlign",608.245,608.275,"d=0.589"
"PronTokAlign",608.275,608.435,"s-O~=0.86"
"PronTokAlign",608.435,608.615,"S-a~"
"PronTokAlign",608.615,608.745,"p-u-R"
"PronTokAlign",608.745,609.095,"b-O/-s-e=0.805"
"PronTokAlign",609.095,609.2,"O/-s-i"
"PronTokAlign",609.2,611.93,"#=0.0"
"PronTokAlign",611.93,612.05,"A/"
"PronTokAlign",612.05,612.235,"u-i=0.654"
"PronTokAlign",612.235,615.878438,"#=0.0"
"PronTokAlign",615.878438,616.008438,"b-j-U~/=0.601"
"PronTokAlign",616.008438,616.25,"s-y-R"
"PronTokAlign",616.25,616.37,"#=0.0"
"PronTokAlign",616.37,616.56,""
"PronTokAlign",616.56,628.895,"#=0.0"
"PronTokAlign",628.895,629.045,"b-j-U~/=0.757"
"PronTokAlign",629.045,629.355,"s-y-R"
"PronTokAlign",629.355,634.93,"#=0.0"
"PronTokAlign",634.93,635.1099999999999,"b-E=0.492"
"PronTokAlign",635.1099999999999,635.2199999999999,"i-l=0.391"
"PronTokAlign",635.2199999999999,635.55,"v-a~-d-R-O~=0.718"
"PronTokAlign",635.55,635.7399999999999,"k-U~/-z=0.739"
"PronTokAlign",635.7399999999999,636.05,"p-u-R-s-a~=0.578"
"PronTokAlign",636.05,636.2299999999999,"p-l-y=0.636"
"PronTokAlign",636.2299999999999,636.38,"S-E-R"
"PronTokAlign",636.38,636.4499999999999,"A/"
"PronTokAlign",636.4499999999999,636.54,"l-A/"
"PronTokAlign",636.54,636.8199999999999,"f-n-A/-k"
"PronTokAlign",636.8199999999999,636.87,"E=0.551"
"PronTokAlign",636.87,637.15,"p-E-R-s-O/-n=0.948"
"PronTokAlign",637.15,637.18,"n"
"PronTokAlign",637.18,637.3199999999999,"i-R-A/"
"PronTokAlign",637.3199999999999,637.3499999999999,"l"
"PronTokAlign",637.3499999999999,637.56,"A/-S-t-e=0.861"
"PronTokAlign",637.56,637.76,"l-A/-b-A/"
"PronTokAlign",637.76,637.8599999999999,"s-e"
"PronTokAlign",637.8599999999999,637.9399999999999,"p-A/=0.756"
"PronTokAlign",637.9399999999999,638.145,"g-R-A/-v=0.614"
"PronTokAlign",638.145,640.1,"#=0.0"
"PronTokAlign",640.1,640.28,"n-a~=0.524"
"PronTokAlign",640.28,640.36,"w-i=0.61"
"PronTokAlign",640.36,640.95,"U~/-t-E-R-n-E-t=0.713"
"PronTokAlign",640.95,641.53,"e=0.669"
"PronTokAlign",641.53,646.395,"#=0.0"
"PronTokAlign",646.395,646.505,"A/"
"PronTokAlign",646.505,646.545,"l"
"PronTokAlign",646.545,646.775,"A/-s-O/"
"PronTokAlign",646.775,647.435,"d-i-R-E-k-t-2-m-a~-t=0.746"
"PronTokAlign",647.435,647.925,"#"
"PronTokAlign",647.925,648.085,"p-R-s=0.656"
"PronTokAlign",648.085,648.175,"k=0.619"
"PronTokAlign",648.175,648.385,"S=0.624"
"PronTokAlign",648.385,648.735,"i-m-A/-Z-i-n=0.707"
"PronTokAlign",648.735,648.915,"k-@=0.561"
"PronTokAlign",648.915,648.985,"l"
"PronTokAlign",648.985,649.585,"A/-s-O/-s-A/-s-j-O~"
"PronTokAlign",649.585,649.745,"d-w-A/=0.831"
"PronTokAlign",649.745,649.905,"A/-v-w-A/-R"
"PronTokAlign",649.905,650.155,"U~/=0.641"
"PronTokAlign",650.155,650.58,"l-O/-k-A/-l"
"PronTokAlign",650.58,655.195,"#=0.0"
"PronTokAlign",655.195,655.49,"A/-l-e=0.618"
"PronTokAlign",655.49,662.385938,"#=0.0"
"PronTokAlign",662.385938,662.554688,"m=0.0"
"PronTokAlign",662.554688,664.215,"#=0.0"
"PronTokAlign",664.215,664.275,"j=0.609"
"PronTokAlign",664.275,664.3050000000001,"A/"
"PronTokAlign",664.3050000000001,664.4350000000001,"O/-s-i"
"PronTokAlign",664.4350000000001,664.515,"y-n=0.91"
"PronTokAlign",664.515,664.7950000000001,"s-O/-R-t-@=0.714"
"PronTokAlign",664.7950000000001,664.845,"t=0.405"
"PronTokAlign",664.845,665.385,"s-i-n-E-m-A/-t-E-k=0.855"
"PronTokAlign",665.385,665.4350000000001,"k=0.456"
"PronTokAlign",665.4350000000001,665.465,"A/"
"PronTokAlign",665.465,665.625,"u-v-E-R=0.853"
"PronTokAlign",665.625,665.725,"A/"
"PronTokAlign",665.725,666.195,"m-A/-R-s-E-j-@=0.511"
"PronTokAlign",666.195,666.455,"p-2-t-E-t-R=0.602"
"PronTokAlign",666.455,666.485,"k"
"PronTokAlign",666.485,666.515,"O~=0.712"
"PronTokAlign",666.515,666.605,"p-@=0.645"
"PronTokAlign",666.605,666.945,"d-E-p-O/-z-e=0.601"
"PronTokAlign",666.945,667.2,"l-A/-b-A/"
"PronTokAlign",667.2,679.637268,"#=0.0"
"PronTokAlign",679.637268,683.111886,"laugh=0.0"
"PronTokAlign",683.111886,689.161672,"#=0.0"
"PronTokAlign",689.161672,689.687249,"laugh=0.0"
"PronTokAlign",689.687249,692.0,"#=0.0"
"PronTokAlign",692.0,692.1,"s-e"
"PronTokAlign",692.1,692.24,"v-R-E=0.819"
"PronTokAlign",692.24,692.32,"k"
"PronTokAlign",692.32,692.35,"O~=0.552"
"PronTokAlign",692.35,692.53,"p-2-t=0.48"
"PronTokAlign",692.53,692.76,"p-R-a~-d-R=0.712"
"PronTokAlign",692.76,693.149063,"fp"
"PronTokAlign",693.149063,695.51,"#=0.0"
"PronTokAlign",695.51,695.61,"A/"
"PronTokAlign",695.61,695.71,"n-a~=0.341"
"PronTokAlign",695.71,695.8,"m-w-A/"
"PronTokAlign",695.8,695.89,"S=0.432"
"PronTokAlign",695.89,696.0,"f-E=0.613"
"PronTokAlign",696.0,696.11,"l-A/"
"PronTokAlign",696.11,696.26,"m-i-z=0.796"
"PronTokAlign",696.26,696.34,"a~"
"PronTokAlign",696.34,696.52,"p-l-A/-s=0.898"
"PronTokAlign",696.52,696.61,"d-y=0.794"
"PronTokAlign",696.61,697.05,"p-A/-R-k-i-g"
"PronTokAlign",697.05,697.33,"O/-s-i"
"PronTokAlign",697.33,698.705,"#=0.0"
"PronTokAlign",698.705,698.865,"b-U~/=0.469"
"PronTokAlign",698.865,699.015,"w-E"
"PronTokAlign",699.015,699.085,"Z=0.667"
"PronTokAlign",699.085,699.1550000000001,"e=0.561"
"PronTokAlign",699.1550000000001,699.335,"d-i=0.616"
"PronTokAlign",699.335,699.485,"t-u=0.6"
"PronTokAlign",699.485,699.5450000000001,"A/"
"PronTokAlign",699.5450000000001,699.575,"l"
"PronTokAlign",699.575,699.735,"9-R=0.81"
"PronTokAlign",699.735,701.690382,"#=0.0"
"PronTokAlign",701.690382,701.850382,"m-E=0.656"
"PronTokAlign",701.850382,702.120382,"p-A/-s-@=0.607"
"PronTokAlign",702.120382,702.200382,"Z=0.708"
"PronTokAlign",702.200382,702.250382,"e=0.528"
"PronTokAlign",702.250382,702.400382,"d-i=0.803"
"PronTokAlign",702.400382,702.580382,"k-a~=0.605"
"PronTokAlign",702.580382,702.710382,"i-z=0.626"
"PronTokAlign",702.710382,702.890382,"e-t-E=0.278"
"PronTokAlign",702.890382,702.930382,"A/"
"PronTokAlign",702.930382,703.180382,"R-O/-l-e"
"PronTokAlign",703.180382,703.260382,"v-u=0.82"
"PronTokAlign",703.260382,703.410382,"A/-v-e=0.737"
"PronTokAlign",703.410382,703.550382,"d-i=0.71"
"PronTokAlign",703.550382,703.740382,"w-E"
"PronTokAlign",703.740382,703.840382,"m-E=0.368"
"PronTokAlign",703.840382,703.870382,"i=0.637"
"PronTokAlign",703.870382,704.010382,"f-O/=0.483"
"PronTokAlign",704.010382,704.140382,"d-e=0.382"
"PronTokAlign",704.140382,704.390382,"t-R-y-k=0.805"
"PronTokAlign",704.390382,704.440382,"Z=0.666"
"PronTokAlign",704.440382,704.480382,"e=0.549"
"PronTokAlign",704.480382,704.600382,"d-i=0.8"
"PronTokAlign",704.600382,704.630382,"k=0.719"
"PronTokAlign",704.630382,704.660382,"Z=0.439"
"PronTokAlign",704.660382,704.690382,"m=0.812"
"PronTokAlign",704.690382,704.790382,"a~"
"PronTokAlign",704.790382,705.29,"O/-k-y-p-E=0.762"
"PronTokAlign",705.29,709.155,"#=0.0"
"PronTokAlign",709.155,709.255,"t-w-A/"
"PronTokAlign",709.255,709.3349999999999,"t=0.688"
"PronTokAlign",709.3349999999999,709.4649999999999,"f-E=0.583"
"PronTokAlign",709.4649999999999,709.495,"l=0.812"
"PronTokAlign",709.495,709.865,"m-A/-R-k-A/-Z=0.679"
"PronTokAlign",709.865,709.935,"O/"
"PronTokAlign",709.935,710.235,"s-O/-l"
"PronTokAlign",710.235,710.955909,"laugh"
"PronTokAlign",710.955909,714.360938,"#=0.0"
"PronTokAlign",714.360938,714.480938,"O/"
"PronTokAlign",714.480938,714.867188,"p-U~/-s-O/"
"PronTokAlign",714.867188,720.947767,"#=0.0"
"PronTokAlign",720.947767,722.050731,"laugh=0.0"
"PronTokAlign",722.050731,733.26,"#=0.0"
"PronTokAlign",733.26,733.36,"p-i=0.704"
"PronTokAlign",733.36,733.5699999999999,"p-u-R"
"PronTokAlign",733.5699999999999,733.66,"s=0.862"
"PronTokAlign",733.66,733.74,"k=0.522"
"PronTokAlign",733.74,733.84,"e=0.355"
"PronTokAlign",733.84,733.92,"d-@=0.46"
"PronTokAlign",733.92,734.08,"l-A/"
"PronTokAlign",734.08,734.72,"p-y-b-l-i-s-i-t-e"
"PronTokAlign",734.72,734.76,"E=0.514"
"PronTokAlign",734.76,734.92,"t-u=0.903"
"PronTokAlign",734.92,734.96,"i=0.606"
"PronTokAlign",734.96,735.09,"f-O/=0.495"
"PronTokAlign",735.09,735.23,"s"
"PronTokAlign",735.23,735.26,"j=0.535"
"PronTokAlign",735.26,735.4,"m-E-t-R=0.829"
"PronTokAlign",735.4,735.49,"l-@=0.579"
"PronTokAlign",735.49,735.63,"p-l-y=0.657"
"PronTokAlign",735.63,735.8,"t-O/"
"PronTokAlign",735.8,736.22,"p-O/-s-i-b-l=0.517"
"PronTokAlign",736.22,736.46,"O/-s-i"
"PronTokAlign",736.46,736.64,"U~/"
"PronTokAlign",736.64,739.32,"#=0.0"
"PronTokAlign",739.32,739.4300000000001,"b-U~/=0.54"
"PronTokAlign",739.4300000000001,739.61,"t-y=0.453"
"PronTokAlign",739.61,739.75,"v-w-A/=0.859"
"PronTokAlign",739.75,739.8900000000001,"t=0.433"
"PronTokAlign",739.8900000000001,740.1500000000001,"m-E-z=0.639"
"PronTokAlign",740.1500000000001,740.35,"a~"
"PronTokAlign",740.35,740.38,"A/"
"PronTokAlign",740.38,740.72,"p-A/-R-t-i-R"
"PronTokAlign",740.72,740.75,"O/"
"PronTokAlign",740.75,740.9200000000001,"m-O/-m-a~"
"PronTokAlign",740.9200000000001,740.97,"u"
"PronTokAlign",740.97,741.0500000000001,"l-A/"
"PronTokAlign",741.0500000000001,741.45,"b-i-j-E-t-2-R-i"
"PronTokAlign",741.45,741.63,"t=0.613"
"PronTokAlign",741.63,741.795,"u-v-E-R-t=0.92"
"PronTokAlign",741.795,748.105,"#=0.0"
"PronTokAlign",748.105,748.325,"d-@=0.71"
"PronTokAlign",748.325,748.58,"k-w-A/"
"PronTokAlign",748.58,752.920313,"#=0.0"
"PronTokAlign",752.920313,753.43,"e=0.0"
"PronTokAlign",753.43,753.56,"#=0.0"
"PronTokAlign",753.56,753.79,"e=0.0"
"PronTokAlign",753.79,754.18,"#=0.0"
"PronTokAlign",754.18,754.29,"E=0.747"
"PronTokAlign",754.29,754.54,"s-e"
"PronTokAlign",754.54,754.77,"t-w-A/"
"PronTokAlign",754.77,754.9,"k-j=0.466"
"PronTokAlign",754.9,754.93,"A/"
"PronTokAlign",754.93,755.4699999999999,"S-w-A/-z-i"
"PronTokAlign",755.4699999999999,755.565,"U~/"
"PronTokAlign",755.565,756.525,"#=0.0"
"PronTokAlign",756.525,757.570929,"laugh=0.0"
"PronTokAlign",757.570929,761.885,"#=0.0"
"PronTokAlign",761.885,762.225,"fp"
"PronTokAlign",762.225,762.265,"#"
"PronTokAlign",762.265,762.455,"E-s=0.747"
"PronTokAlign",762.455,762.605,"k-@=0.836"
"PronTokAlign",762.605,762.6949999999999,"i=0.65"
"PronTokAlign",762.6949999999999,762.925,"f-O/=0.618"
"PronTokAlign",762.925,762.995,"k"
"PronTokAlign",762.995,763.235,"O~=0.623"
"PronTokAlign",763.235,763.675,"p-R-E-v-w-A/-t=0.505"
"PronTokAlign",763.675,763.935,"p-2-t-E-t-R=0.627"
"PronTokAlign",763.935,764.575,"d-e-z=0.523"
"PronTokAlign",764.575,764.605,"#"
"PronTokAlign",764.605,764.875,"d-e-z=0.396"
"PronTokAlign",764.875,765.1949999999999,"d-e=0.291"
"PronTokAlign",765.1949999999999,765.625,"p-R-O/-b-l-E-m=0.641"
"PronTokAlign",765.625,765.705,"O/"
"PronTokAlign",765.705,765.9449999999999,"n-i-v-O/"
"PronTokAlign",765.9449999999999,765.985,"d=0.465"
"PronTokAlign",765.985,766.075,"l-A/"
"PronTokAlign",766.075,766.5649999999999,"s-e-k-y-R-i-t-e=0.585"
"PronTokAlign",766.5649999999999,767.025,"k-O~-s-i-n-j=0.569"
"PronTokAlign",767.025,767.055,"d=0.498"
"PronTokAlign",767.055,767.63,"s-e-k-y-R-i-t-e=0.569"
"PronTokAlign",767.63,768.76,"#=0.0"
"PronTokAlign",768.76,768.95,"s-i=0.898"
"PronTokAlign",768.95,769.36,"fp"
"PronTokAlign",769.36,769.595,"#=0.0"
"PronTokAlign",769.595,769.885,"s-i=0.539"
"PronTokAlign",769.885,769.945,"j=0.552"
"PronTokAlign",769.945,770.105,"A/"
"PronTokAlign",770.105,771.195,"#=0.0"
"PronTokAlign",771.195,771.845,"t-A/-R-a~-t-U~/-O/=0.891"
"PronTokAlign",771.845,772.085,"b-u-m=0.552"
"PronTokAlign",772.085,772.195,"l-@=0.581"
"PronTokAlign",772.195,772.585,"f-2"
"PronTokAlign",772.585,773.215,"t-A/-k"
"PronTokAlign",773.215,773.345,"l"
"PronTokAlign",773.345,773.725,"E-k-R-a~"
"PronTokAlign",773.725,774.095,"p-u-m=0.364"
"PronTokAlign",774.095,774.315,"s-A/=0.866"
"PronTokAlign",774.315,774.815,"b-R-y-l-@=0.791"
"PronTokAlign",774.815,775.08,"#=0.0"
"PronTokAlign",775.08,775.45,"p-a~"
"PronTokAlign",775.45,775.5,"k"
"PronTokAlign",775.5,775.5300000000001,"t=0.537"
"PronTokAlign",775.5300000000001,775.9100000000001,"s-e-2=0.99"
"PronTokAlign",775.9100000000001,776.22,"k"
"PronTokAlign",776.22,776.3100000000001,"O~-n=0.557"
"PronTokAlign",776.3100000000001,776.58,"f-E=0.708"
"PronTokAlign",776.58,776.64,"i=0.647"
"PronTokAlign",776.64,776.83,"f-O/=0.564"
"PronTokAlign",776.83,776.9300000000001,"k"
"PronTokAlign",776.9300000000001,776.98,"O~=0.702"
"PronTokAlign",776.98,778.54,"#=0.0"
"PronTokAlign",778.54,779.65,"fp=0.0"
"PronTokAlign",779.65,780.895,"#=0.0"
"PronTokAlign",780.895,780.985,"b-O/=0.535"
"PronTokAlign",780.985,781.095,"A/-l-e=0.712"
"PronTokAlign",781.095,781.245,"t-y=0.489"
"PronTokAlign",781.245,781.295,"t"
"PronTokAlign",781.295,781.515,"O/-k-y-p=0.721"
"PronTokAlign",781.515,781.605,"d-@=0.47"
"PronTokAlign",781.605,782.505,"R-2-k-R-y-t-e-R=0.893"
"PronTokAlign",782.505,782.585,"d-E=0.396"
"PronTokAlign",782.585,782.99,"p-O~-p-j-e=0.748"
"PronTokAlign",782.99,796.79,"#=0.0"
"PronTokAlign",796.79,797.08,"w-E"
"PronTokAlign",797.08,797.675,"#=0.0"
"PronTokAlign",797.675,798.64,"p-A/-s-k-@=0.617"
"PronTokAlign",798.64,800.08,"#=0.0"
"PronTokAlign",800.08,800.22,"l-@=0.416"
"PronTokAlign",800.22,800.6600000000001,"R-2-l-A/-s-j-O~=0.522"
"PronTokAlign",800.6600000000001,800.943097,"O/-s-i"
"PronTokAlign",800.943097,801.885,"#=0.0"
"PronTokAlign",801.885,802.0649999999999,"p-R-s=0.967"
"PronTokAlign",802.0649999999999,802.105,"k"
"PronTokAlign",802.105,802.135,"i=0.635"
"PronTokAlign",802.135,802.3149999999999,"f-O/=0.696"
"PronTokAlign",802.3149999999999,802.435,"E-t=0.708"
"PronTokAlign",802.435,802.9449999999999,"Z-a~-t-i-j=0.641"
"PronTokAlign",802.9449999999999,803.125,"A/-v-E-k"
"PronTokAlign",803.125,803.205,"l-@=0.398"
"PronTokAlign",803.205,803.448917,"Z-a~-z=0.736"
"PronTokAlign",803.448917,804.243207,"#=0.0"
"PronTokAlign",804.243207,804.709729,"laugh=0.0"
"PronTokAlign",804.709729,821.464271,"#=0.0"
"PronTokAlign",821.464271,821.90426,"u-i=0.897"
"PronTokAlign",821.90426,829.595,"#=0.0"
"PronTokAlign",829.595,829.645,"Z=0.951"
"PronTokAlign",829.645,829.705,"p-@=0.999"
"PronTokAlign",829.705,829.7850000000001,"p-A/=0.928"
"PronTokAlign",829.7850000000001,829.855,"t"
"PronTokAlign",829.855,830.115,"A/-p-R-a~-d=0.743"
"PronTokAlign",830.115,830.205,"t-O~=0.87"
"PronTokAlign",830.205,830.515,"m-E-t-j-e=0.654"
"PronTokAlign",830.515,830.615,"m-E=0.405"
"PronTokAlign",830.615,830.765,"b-O~=0.348"
"PronTokAlign",830.765,831.54,"laugh"
"PronTokAlign",831.54,834.94,"#=0.0"
"PronTokAlign",834.94,835.165,"u-i=0.774"
"PronTokAlign",835.165,835.58,"#=0.0"
"PronTokAlign",835.58,835.6500000000001,"s=0.628"
"PronTokAlign",835.6500000000001,835.72,"i=0.508"
"PronTokAlign",835.72,835.99,"f-O/-t=0.572"
"PronTokAlign",835.99,836.38,"p-u-v-w-A/-R"
"PronTokAlign",836.38,836.69,"E-v-A/-k-y-e=0.783"
"PronTokAlign",836.69,836.75,"l-@=0.364"
"PronTokAlign",836.75,837.1500000000001,"v-w-A/-t-y-R=0.585"
"PronTokAlign",837.1500000000001,837.19,"E=0.643"
"PronTokAlign",837.19,837.385,"t-u-t=0.56"
"PronTokAlign",837.385,855.368438,"#=0.0"
"PronTokAlign",855.368438,855.5384379999999,"f-O/=0.434"
"PronTokAlign",855.5384379999999,855.608438,"k"
"PronTokAlign",855.608438,855.6584379999999,"O~=0.871"
"PronTokAlign",855.6584379999999,856.043438,"f-A/-s-@=0.804"
"PronTokAlign",856.043438,859.337489,"#=0.0"
"PronTokAlign",859.337489,860.777223,"laugh=0.0"
"PronTokAlign",860.777223,872.3437,"#=0.0"
"PronTokAlign",872.3437,873.226973,"laugh=0.0"
"PronTokAlign",873.226973,876.42,"#=0.0"
"PronTokAlign",876.42,876.5699999999999,"f-O/=0.477"
"PronTokAlign",876.5699999999999,876.5999999999999,"k"
"PronTokAlign",876.5999999999999,876.77,"O~=0.755"
"PronTokAlign",876.77,877.14,"f-E-R=0.532"
"PronTokAlign",877.14,877.2299999999999,"y-n=0.598"
"PronTokAlign",877.2299999999999,877.55,"A/-f-i-S=0.55"
"PronTokAlign",877.55,877.79,"O/-s-i"
"PronTokAlign",877.79,878.08,"p-2-t-E-t-R=0.942"
"PronTokAlign",878.08,886.4,"#=0.0"
"PronTokAlign",886.4,886.4399999999999,"m=0.52"
"PronTokAlign",886.4399999999999,886.65,"A/-t-a~=0.919"
"PronTokAlign",886.65,886.8,"O~-n=0.779"
"PronTokAlign",886.8,886.97,"A/"
"PronTokAlign",886.97,887.5,"#"
"PronTokAlign",887.5,887.63,"w-E"
"PronTokAlign",887.63,887.74,"O~-n=0.663"
"PronTokAlign",887.74,887.8,"A/"
"PronTokAlign",887.8,888.15,"k-E-l-k-U~/"
"PronTokAlign",888.15,888.29,"d-a~=0.617"
"PronTokAlign",888.29,888.3299999999999,"l"
"PronTokAlign",888.3299999999999,888.83,"A/-s-O/"
"PronTokAlign",888.83,891.67,"#=0.0"
"PronTokAlign",891.67,891.78,"t-R-E=0.618"
"PronTokAlign",891.78,892.03,"b-j-U~/=0.504"
"PronTokAlign",892.03,892.29,"#=0.0"
"PronTokAlign",892.29,892.4499999999999,"E=0.68"
"PronTokAlign",892.4499999999999,892.67,"fp"
"PronTokAlign",892.67,892.81,"w-E"
"PronTokAlign",892.81,893.14,"d-y-k-u"
"PronTokAlign",893.14,893.28,"t=0.828"
"PronTokAlign",893.28,893.3399999999999,"t"
"PronTokAlign",893.3399999999999,893.5,"O/-k-y-p=0.914"
"PronTokAlign",893.5,893.5999999999999,"d-@=0.515"
"PronTokAlign",893.5999999999999,893.73,"f-E-R=0.906"
"PronTokAlign",893.73,893.76,"l"
"PronTokAlign",893.76,894.02,"A/-f-i-S=0.614"
"PronTokAlign",894.02,894.29,"O/-s-i"
"PronTokAlign",894.29,898.656044,"#=0.0"
"PronTokAlign",898.656044,898.746044,"E=0.514"
"PronTokAlign",898.746044,899.096033,"w-E"
"PronTokAlign",899.096033,912.79,"#=0.0"
"PronTokAlign",912.79,913.06,"O~-n=0.927"
"PronTokAlign",913.06,913.485,"w-E"
"PronTokAlign",913.485,913.69,"#=0.0"
"PronTokAlign",913.69,913.93,"w-i=0.562"
"PronTokAlign",913.93,914.92,"#=0.0"
"PronTokAlign",914.92,914.97,"t"
"PronTokAlign",914.97,915.0,"A/=0.586"
"PronTokAlign",915.0,915.13,"y-n=0.705"
"PronTokAlign",915.13,915.3,"i-d-e"
"PronTokAlign",915.3,915.51,"w-E"
"PronTokAlign",915.51,915.814687,"w-E"
"PronTokAlign",915.814687,929.971781,"#=0.0"
"PronTokAlign",929.971781,931.649999,"laugh=0.0"
"PronTokAlign",931.649999,941.76,"#=0.0"
"PronTokAlign",941.76,941.86,"m-E=0.296"
"PronTokAlign",941.86,941.97,"t=0.412"
"PronTokAlign",941.97,942.12,"k-R-w-A/=0.738"
"PronTokAlign",942.12,942.45,"v-R-E-m-a~=0.634"
"PronTokAlign",942.45,942.48,"k=0.52"
"PronTokAlign",942.48,942.57,"s-e"
"PronTokAlign",942.57,943.02,"p-O/-s-i-b-l-@=0.87"
"PronTokAlign",943.02,943.055,"s=0.655"
"PronTokAlign",943.055,949.963551,"#=0.0"
"PronTokAlign",949.963551,950.183551,"A/-l-e=0.582"
"PronTokAlign",950.183551,950.560197,"U~/"
"PronTokAlign",950.560197,952.905,"#=0.0"
"PronTokAlign",952.905,953.275,"A/-l-e-z=0.531"
"PronTokAlign",953.275,953.505,"#"
"PronTokAlign",953.505,953.585,"b-O/=0.394"
"PronTokAlign",953.585,953.87,"E-k-u-t=0.577"
"PronTokAlign",953.87,955.975372,"#=0.0"
"PronTokAlign",955.975372,956.765,"laugh=0.0"
"PronTokAlign",956.765,956.865,"m-w-A/"
"PronTokAlign",956.865,956.945,"S=0.53"
"PronTokAlign",956.945,957.185,"k-O/-n-E=0.376"
"PronTokAlign",957.185,975.11,"#=0.0"
"PronTokAlign",975.11,975.49,"A/-t-a~-d-e=0.761"
"PronTokAlign",975.49,975.59,"m=0.44"
"PronTokAlign",975.59,975.99,"A/-t-a~-d-e=0.856"
"PronTokAlign",975.99,976.29,"p-A/-s-k-@=0.349"
"PronTokAlign",976.29,976.38,"l-A/"
"PronTokAlign",976.38,976.54,"O~=0.552"
"PronTokAlign",976.54,976.77,"d-i=0.672"
"PronTokAlign",976.77,976.865,"#=0.0"
"PronTokAlign",976.865,976.995,"A/"
"PronTokAlign",976.995,977.34422,"E-k-s"
"PronTokAlign",977.34422,978.19,"#=0.0"
"PronTokAlign",978.19,978.29,"m-E=0.435"
"PronTokAlign",978.29,978.47,"k-j=0.457"
"PronTokAlign",978.47,978.52,"A/"
"PronTokAlign",978.52,978.66,"d-i=0.798"
"PronTokAlign",978.66,978.74,"k"
"PronTokAlign",978.74,978.88,"O~=0.62"
"PronTokAlign",978.88,979.13,"f-2-z-E-t=0.273"
"PronTokAlign",979.13,979.16,"A/"
"PronTokAlign",979.16,979.285,"E-k-s"
"PronTokAlign",979.285,980.22,"#=0.0"
"PronTokAlign",980.22,980.37,"s-i-n-O~"
"PronTokAlign",980.37,980.41,"O~=0.896"
"PronTokAlign",980.41,980.61,"f-E=0.382"
"PronTokAlign",980.61,980.925,"A/-j-9-R"
"PronTokAlign",980.925,984.375,"#=0.0"
"PronTokAlign",984.375,984.475,"A/"
"PronTokAlign",984.475,984.595,"u-i=0.668"
"PronTokAlign",984.595,984.735,"s-e"
"PronTokAlign",984.735,985.005,"v-R-E=0.528"
"PronTokAlign",985.005,985.465,"#=0.0"
"PronTokAlign",985.465,985.745,"O/-k-E=0.735"
"PronTokAlign",985.745,986.03,"v-a~-d-y"
"PronTokAlign",986.03,986.125,"#=0.0"
"PronTokAlign",986.125,987.53,"laugh=0.0"
"PronTokAlign",987.53,987.827307,"#=0.0"
"PronTokAlign",987.827307,988.932878,"laugh=0.0"
"PronTokAlign",988.932878,993.275,"#=0.0"
"PronTokAlign",993.275,993.435,"A/"
"PronTokAlign",993.435,993.515,"m-e=0.369"
"PronTokAlign",993.515,993.595,"S=0.573"
"PronTokAlign",993.595,993.865,"p-a~-s-E=0.471"
"PronTokAlign",993.865,993.895,"A/"
"PronTokAlign",993.895,994.105,"Z-a~-R=0.803"
"PronTokAlign",994.105,994.145,"U~/=0.855"
"PronTokAlign",994.145,994.375,"t-R-y-k"
"PronTokAlign",994.375,994.945,"s-U~/-p-A/"
"PronTokAlign",994.945,995.265,"U~/=0.885"
"PronTokAlign",995.265,995.685,"d-R-A/-j-v=0.636"
"PronTokAlign",995.685,995.765,"a~"
"PronTokAlign",995.765,995.975,"b-O/-R"
"PronTokAlign",995.975,996.085,"d-@=0.787"
"PronTokAlign",996.085,996.305,"m-E-R"
"PronTokAlign",996.305,996.465,"t-y=0.47"
"PronTokAlign",996.465,996.635,"v-w-A/-z=0.617"
"PronTokAlign",996.635,997.135,"#=0.0"
"PronTokAlign",997.135,997.395,"Z-a~-R=0.767"
"PronTokAlign",997.395,997.525,"l-A/"
"PronTokAlign",997.525,997.675,"O~=0.593"
"PronTokAlign",997.675,997.725,"E=0.336"
"PronTokAlign",997.725,997.905,"d-a~=0.785"
"PronTokAlign",997.905,998.385,"d-y=0.979"
"PronTokAlign",998.385,998.565,"#"
"PronTokAlign",998.565,998.835,"b-A/-m"
"PronTokAlign",998.835,999.025,"d-y=0.64"
"PronTokAlign",999.025,999.215,"g-R-O/=0.601"
"PronTokAlign",999.215,1000.115,"p-i-m-p-E=0.907"
"PronTokAlign",1000.115,1000.175,"l-A/"
"PronTokAlign",1000.175,1000.585,"b-u-m"
"PronTokAlign",1000.585,1000.815,"b-u-m"
"PronTokAlign",1000.815,1001.225,"b-u-m"
"PronTokAlign",1001.225,1001.855,"#"
"PronTokAlign",1001.855,1002.165,"k-u-S-e"
"PronTokAlign",1002.165,1002.235,"t=0.677"
"PronTokAlign",1002.235,1002.805,"s-O/-l-E-j"
"PronTokAlign",1002.805,1003.125,"p-A/-m"
"PronTokAlign",1003.125,1003.265,"e=0.731"
"PronTokAlign",1003.265,1003.425,"t=0.472"
"PronTokAlign",1003.425,1003.815,"g-R-A/-m-m-A/-t=0.464"
"PronTokAlign",1003.815,1003.975,"t-O~=0.593"
"PronTokAlign",1003.975,1004.835,"f-i-l-m-@=0.921"
"PronTokAlign",1004.835,1006.705,"#=0.0"
"PronTokAlign",1006.705,1006.825,"E=0.824"
"PronTokAlign",1006.825,1006.955,"O/"
"PronTokAlign",1006.955,1007.245,"O/"
"PronTokAlign",1007.245,1007.287351,"O/"
"PronTokAlign",1007.287351,1008.32,"#=0.0"
"PronTokAlign",1008.32,1008.69,"n-O/=0.571"
"PronTokAlign",1008.69,1008.96,"R-g-A/-R-d=0.433"
"PronTokAlign",1008.96,1009.74,"fp"
"PronTokAlign",1009.74,1009.83,"#"
"PronTokAlign",1009.83,1009.94,"A/"
"PronTokAlign",1009.94,1010.43,"m-A/-R-s-E-j=0.808"
"PronTokAlign",1010.43,1010.47,"j"
"PronTokAlign",1010.47,1010.51,"A/"
"PronTokAlign",1010.51,1010.61,"U~/=0.791"
"PronTokAlign",1010.61,1010.82,"t-R-y-k"
"PronTokAlign",1010.82,1010.86,"u"
"PronTokAlign",1010.86,1010.94,"j"
"PronTokAlign",1010.94,1010.97,"A/"
"PronTokAlign",1010.97,1011.07,"d-e=0.445"
"PronTokAlign",1011.07,1011.36,"t-E-R-U~/=0.829"
"PronTokAlign",1011.36,1011.39,"d=0.542"
"PronTokAlign",1011.39,1011.87,"b-A/-s-k-E-t"
"PronTokAlign",1011.87,1012.0,"e=0.674"
"PronTokAlign",1012.0,1012.05,"j"
"PronTokAlign",1012.05,1012.08,"A/"
"PronTokAlign",1012.08,1012.17,"U~/=0.615"
"PronTokAlign",1012.17,1012.61,"g-R-a~=0.771"
"PronTokAlign",1012.61,1012.94,"fp"
"PronTokAlign",1012.94,1013.05,"#"
"PronTokAlign",1013.05,1013.14,"a~"
"PronTokAlign",1013.14,1013.32,"b-O/-R"
"PronTokAlign",1013.32,1013.43,"d-@=0.602"
"PronTokAlign",1013.43,1013.62,"m-E-R"
"PronTokAlign",1013.62,1013.75,"s-e"
"PronTokAlign",1013.75,1013.98,"Z-y-s=0.624"
"PronTokAlign",1013.98,1014.04,"l-A/"
"PronTokAlign",1014.04,1014.18,"m-E-R"
"PronTokAlign",1014.18,1014.33,"E=0.527"
"PronTokAlign",1014.33,1014.59,"l-A/"
"PronTokAlign",1014.59,1014.65,"#"
"PronTokAlign",1014.65,1014.71,"e=0.678"
"PronTokAlign",1014.71,1014.74,"j"
"PronTokAlign",1014.74,1014.77,"A/"
"PronTokAlign",1014.77,1014.85,"U~/=0.723"
"PronTokAlign",1014.85,1015.04,"g-R-a~=0.457"
"PronTokAlign",1015.04,1015.58,"p-A/-R-k-i-g"
"PronTokAlign",1015.58,1015.76,"e=0.882"
"PronTokAlign",1015.76,1016.02,"b-A/-m"
"PronTokAlign",1016.02,1016.31,"t=0.72"
"PronTokAlign",1016.31,1016.43,"m-E=0.573"
"PronTokAlign",1016.43,1016.69,"l-A/"
"PronTokAlign",1016.69,1019.995,"#=0.0"
"PronTokAlign",1019.995,1020.185,"w-E"
"PronTokAlign",1020.185,1020.325,"f-O/=0.617"
"PronTokAlign",1020.325,1020.505,"E-t-R=0.477"
"PronTokAlign",1020.505,1020.765,"U~/-n=0.663"
"PronTokAlign",1020.765,1021.135,"m-O~-g-O/-l"
"PronTokAlign",1021.135,1021.865,"laugh"
"PronTokAlign",1021.865,1022.115,"#"
"PronTokAlign",1022.115,1022.235,"s-e"
"PronTokAlign",1022.235,1022.565,"U~/-t-E-R-d-i=0.722"
"PronTokAlign",1022.565,1022.635,"O/"
"PronTokAlign",1022.635,1023.015,"m-O~-g-O/-l"
"PronTokAlign",1023.015,1023.105,"#"
"PronTokAlign",1023.105,1023.355,"f-O/-d-R-A/"
"PronTokAlign",1023.355,1023.385,"l=0.824"
"PronTokAlign",1023.385,1023.555,"m-E-t-R=0.828"
"PronTokAlign",1023.555,1023.665,"s-y-R"
"PronTokAlign",1023.665,1023.695,"l"
"PronTokAlign",1023.695,1023.995,"A/-f-i-S=0.854"
"PronTokAlign",1023.995,1024.255,"p-A/-R-k-O~-t=0.631"
"PronTokAlign",1024.255,1024.4,"#=0.0"
"PronTokAlign",1024.4,1024.91,"laugh=0.0"
"PronTokAlign",1024.91,1025.165,"#=0.0"
"PronTokAlign",1025.165,1025.565,"m-E-k=0.847"
"PronTokAlign",1025.565,1025.865,"p-A/-R-E-j"
"PronTokAlign",1025.865,1025.945,"i-l=0.651"
"PronTokAlign",1025.945,1026.155,"A/-R-i-v=0.603"
"PronTokAlign",1026.155,1026.335,"d-a~=0.927"
"PronTokAlign",1026.335,1026.365,"l=0.714"
"PronTokAlign",1026.365,1026.575,"S-a~"
"PronTokAlign",1026.575,1026.745,"b-A/-m"
"PronTokAlign",1026.745,1026.815,"i=0.653"
"PronTokAlign",1026.815,1027.215,"p-E-R-k-y-t=0.642"
"PronTokAlign",1027.215,1027.415,"t-u-t-l-E=0.365"
"PronTokAlign",1027.415,1027.81,"v-w-A/-t-y-R=0.667"
"PronTokAlign",1027.81,1028.165306,"laugh=0.0"
"PronTokAlign",1028.165306,1029.39,"#=0.0"
"PronTokAlign",1029.39,1030.76,"laugh"
"PronTokAlign",1030.76,1031.075,"u-i=0.756"
"PronTokAlign",1031.075,1042.7,"#=0.0"
"PronTokAlign",1042.7,1042.77,"S=0.69"
"PronTokAlign",1042.77,1043.06,"k-O/-n-E=0.579"
"PronTokAlign",1043.06,1043.37,"A/-d-O/-b-@=0.658"
"PronTokAlign",1043.37,1110.11,"#=0.0"
"PronTokAlign",1110.11,1110.305,"w-E"
"PronTokAlign",1110.305,1119.354376,"#=0.0"
"PronTokAlign",1119.354376,1120.299963,"laugh=0.0"
"PronTokAlign",1120.299963,1124.985,"#=0.0"
"PronTokAlign",1124.985,1125.025,"i=0.908"
"PronTokAlign",1125.025,1125.0649999999998,"O~=0.527"
"PronTokAlign",1125.0649999999998,1125.3049999999998,"t-u=0.786"
"PronTokAlign",1125.3049999999998,1125.3349999999998,"l"
"PronTokAlign",1125.3349999999998,1125.655,"A/-R-Z-a~"
"PronTokAlign",1125.655,1126.615,"#"
"PronTokAlign",1126.615,1127.0649999999998,"p-O/-v=0.662"
"PronTokAlign",1127.0649999999998,1127.32,"v-j-@=0.755"
"PronTokAlign",1127.32,1128.28,"#=0.0"
"PronTokAlign",1128.28,1128.32,"t=0.419"
"PronTokAlign",1128.32,1128.48,"t-u-t=0.795"
"PronTokAlign",1128.48,1128.74,"f-A/-s-O~"
"PronTokAlign",1128.74,1128.82,"i=0.574"
"PronTokAlign",1128.82,1128.96,"f-O/=0.621"
"PronTokAlign",1128.96,1129.03,"k"
"PronTokAlign",1129.03,1129.09,"i=0.457"
"PronTokAlign",1129.09,1129.53,"k-O~-d-y-i-z=0.469"
"PronTokAlign",1129.53,1129.65,"d-O~=0.688"
"PronTokAlign",1129.65,1129.9,"d-E-Z-A/=0.468"
"PronTokAlign",1129.9,1130.02,"s=0.586"
"PronTokAlign",1130.02,1130.15,"p-@=0.498"
"PronTokAlign",1130.15,1130.27,"p-A/=0.844"
"PronTokAlign",1130.27,1130.53,"E-t-R=0.525"
"PronTokAlign",1130.53,1130.7,"d-E=0.266"
"PronTokAlign",1130.7,1130.96,"t-R-E=0.698"
"PronTokAlign",1130.96,1131.17,"t-R-E=0.599"
"PronTokAlign",1131.17,1131.46,"v-j-2-z=0.536"
"PronTokAlign",1131.46,1131.935,"#=0.0"
"PronTokAlign",1131.935,1132.215,"d-O~-k=0.706"
"PronTokAlign",1132.215,1132.73,"fp"
"PronTokAlign",1132.73,1133.434718,"#=0.0"
"PronTokAlign",1133.434718,1134.247803,"laugh=0.0"
"PronTokAlign",1134.247803,1140.845,"#=0.0"
"PronTokAlign",1140.845,1141.205,"O/-k-E=0.545"
"PronTokAlign",1141.205,1141.735,"#=0.0"
"PronTokAlign",1141.735,1142.0749999999998,"fp"
"PronTokAlign",1142.0749999999998,1142.365,"w-E"
"PronTokAlign",1142.365,1142.5849999999998,"t-A/"
"PronTokAlign",1142.5849999999998,1142.955,"t-A/-R-i-f=0.544"
"PronTokAlign",1142.955,1143.345,"Z-9-n=0.644"
"PronTokAlign",1143.345,1143.905,"#=0.0"
"PronTokAlign",1143.905,1144.055,"p-u-R"
"PronTokAlign",1144.055,1144.215,"l-E-z=0.335"
"PronTokAlign",1144.215,1144.465,"m-i-n-O/=0.756"
"PronTokAlign",1144.465,1146.98,"#=0.0"
"PronTokAlign",1146.98,1147.1,"U~/=0.813"
"PronTokAlign",1147.1,1147.35,"t-R-y-k"
"PronTokAlign",1147.35,1148.05,"Z-a~-R=0.733"
"PronTokAlign",1148.05,1148.3,"fp"
"PronTokAlign",1148.3,1149.315,"#=0.0"
"PronTokAlign",1149.315,1149.53,"Z-a~-R=0.949"
"PronTokAlign",1149.53,1149.775,"#=0.0"
"PronTokAlign",1149.775,1150.305,"Z-9-n=0.597"
"PronTokAlign",1150.305,1150.335,"m=0.383"
"PronTokAlign",1150.335,1151.21,"fp"
"PronTokAlign",1151.21,1164.185667,"#=0.0"
"PronTokAlign",1164.185667,1165.637172,"laugh=0.0"
"PronTokAlign",1165.637172,1169.685,"#=0.0"
"PronTokAlign",1169.685,1170.125,"d-i-z-y-i=0.645"
"PronTokAlign",1170.125,1170.51,"t-R-a~-t=0.927"
"PronTokAlign",1170.51,1172.235,"#=0.0"
"PronTokAlign",1172.235,1172.445,"t-A/-R-i-f"
"PronTokAlign",1172.445,1172.945,"E-t-y-d-j-a~=0.55"
"PronTokAlign",1172.945,1173.075,"w-E"
"PronTokAlign",1173.075,1173.23,"#=0.0"
"PronTokAlign",1173.23,1173.428438,"b-j-U~/=0.673"
"PronTokAlign",1173.428438,1175.75,"#=0.0"
"PronTokAlign",1175.75,1175.83,"p-i=0.669"
"PronTokAlign",1175.83,1176.16,"A/-p-R-E=0.552"
"PronTokAlign",1176.16,1176.19,"i=0.864"
"PronTokAlign",1176.19,1176.27,"f-O/=0.527"
"PronTokAlign",1176.27,1176.33,"U~/=0.776"
"PronTokAlign",1176.33,1176.51,"p-l-U~/=0.869"
"PronTokAlign",1176.51,1176.77,"t-A/-R-i-f"
"PronTokAlign",1176.77,1176.84,"k-a~=0.867"
"PronTokAlign",1176.84,1177.11,"m-E-m-@=0.53"
"PronTokAlign",1177.11,1177.25,"p-s-k=0.333"
"PronTokAlign",1177.25,1177.39,"m-E-m=0.63"
"PronTokAlign",1177.39,1177.54,"s=0.815"
"PronTokAlign",1177.54,1177.69,"O~-n=0.738"
"PronTokAlign",1177.69,1177.73,"E=0.355"
"PronTokAlign",1177.73,1177.86,"y-n=0.637"
"PronTokAlign",1177.86,1178.12,"A/-s-O/"
"PronTokAlign",1178.12,1178.559877,"fp"
"PronTokAlign",1178.559877,1179.96,"#=0.0"
"PronTokAlign",1179.96,1180.06,"f=0.451"
"PronTokAlign",1180.06,1180.25,"k-a~=0.669"
"PronTokAlign",1180.25,1180.34,"m-E-m=0.596"
"PronTokAlign",1180.34,1180.38,"a~"
"PronTokAlign",1180.38,1180.66,"p-R-a~-d-R=0.572"
"PronTokAlign",1180.66,1180.78,"d-y=0.632"
"PronTokAlign",1180.78,1181.09,"p-O/-n-j-O~"
"PronTokAlign",1181.09,1181.13,"U~/=0.703"
"PronTokAlign",1181.13,1181.415,"m-O/-m-a~"
"PronTokAlign",1181.415,1181.615,"#=0.0"
"PronTokAlign",1181.615,1181.730937,"m=0.0"
"PronTokAlign",1181.730937,1186.2,"#=0.0"
"PronTokAlign",1186.2,1186.4,"w-E"
"PronTokAlign",1186.4,1186.59,"#=0.0"
"PronTokAlign",1186.59,1186.87,"w-E"
"PronTokAlign",1186.87,1187.03,"w-E"
"PronTokAlign",1187.03,1187.2099999999998,"p-u-R"
"PronTokAlign",1187.2099999999998,1187.3,"l-e=0.264"
"PronTokAlign",1187.3,1187.56,"E-k-s-w-A/"
"PronTokAlign",1187.56,1187.6799999999998,"s-e"
"PronTokAlign",1187.6799999999998,1187.85,"p-l-y=0.557"
"PronTokAlign",1187.85,1188.105,"S-E-R"
"PronTokAlign",1188.105,1189.175,"#=0.0"
"PronTokAlign",1189.175,1189.305,"p-u-R"
"PronTokAlign",1189.305,1189.425,"l-@=0.35"
"PronTokAlign",1189.425,1189.575,"Z-a~=0.868"
"PronTokAlign",1189.575,1189.665,"l-@=0.292"
"PronTokAlign",1189.665,1190.315,"t-u-R-i-s-t-z=0.757"
"PronTokAlign",1190.315,1190.374212,"E=0.782"
"PronTokAlign",1190.374212,1192.020961,"laugh=0.0"
"PronTokAlign",1192.020961,1195.440714,"#=0.0"
"PronTokAlign",1195.440714,1196.125614,"laugh=0.0"
"PronTokAlign",1196.125614,1209.76,"#=0.0"
"PronTokAlign",1209.76,1209.86,"U~/=0.802"
"PronTokAlign",1209.86,1210.32,"f-E-s-t-i-v-A/-l"
"PronTokAlign",1210.32,1210.37,"a~"
"PronTokAlign",1210.37,1210.63,"p-l-E-n=0.838"
"PronTokAlign",1210.63,1210.78,"E-R"
"PronTokAlign",1210.78,1211.06,"u"
"PronTokAlign",1211.06,1211.26,"l-e=0.27"
"PronTokAlign",1211.26,1211.72,"k-O~-s-O/=0.869"
"PronTokAlign",1211.72,1211.91,"s-O~=0.63"
"PronTokAlign",1211.91,1212.4,"p-E-j-a~-t=0.926"
"PronTokAlign",1212.4,1212.53,"m-w-A/"
"PronTokAlign",1212.53,1212.61,"Z=0.471"
"PronTokAlign",1212.61,1212.88,"d-i-R-E=0.347"
"PronTokAlign",1212.88,1213.415,"Z-a~-R-@=0.627"
"PronTokAlign",1213.415,1213.48,"#=0.0"
"PronTokAlign",1213.48,1213.71,"s-U~/=0.609"
"PronTokAlign",1213.71,1213.91,"s-i=0.423"
"PronTokAlign",1213.91,1214.08,"s-i=0.779"
"PronTokAlign",1214.08,1214.56,"b-A/-l-z=0.797"
"PronTokAlign",1214.56,1214.76,"l-A/"
"PronTokAlign",1214.76,1215.0,"p-l-A/-s=0.884"
"PronTokAlign",1215.0,1215.03,"s=0.843"
"PronTokAlign",1215.03,1215.15,"s-R-E=0.72"
"PronTokAlign",1215.15,1215.29,"p-A/=0.875"
"PronTokAlign",1215.29,1215.46,"m-A/-l"
"PronTokAlign",1215.46,1215.66,"k-w-A/"
"PronTokAlign",1215.66,1218.245,"#=0.0"
"PronTokAlign",1218.245,1218.45,"w-E"
"PronTokAlign",1218.45,1218.785,"#=0.0"
"PronTokAlign",1218.785,1218.9150000000002,"p-u-R"
"PronTokAlign",1218.9150000000002,1219.015,"l-A/"
"PronTokAlign",1219.015,1219.32,"s-w-A/-R-e"
"PronTokAlign",1219.32,1221.25,"#=0.0"
"PronTokAlign",1221.25,1221.51,"A/-p-R-E=0.666"
"PronTokAlign",1221.51,1221.6,"f=0.499"
"PronTokAlign",1221.6,1221.74,"v-w-A/-R"
"PronTokAlign",1221.74,1221.96,"O/-s-i"
"PronTokAlign",1221.96,1222.2,"k-O~-b-j-U~/"
"PronTokAlign",1222.2,1222.26,"O~=0.626"
"PronTokAlign",1222.26,1222.34,"p-@=0.776"
"PronTokAlign",1222.34,1222.48,"m-E-t-R=0.865"
"PronTokAlign",1222.48,1222.56,"d-@=0.447"
"PronTokAlign",1222.56,1222.96,"v-w-A/-t-y-R=0.745"
"PronTokAlign",1222.96,1223.17,"s-y-R"
"PronTokAlign",1223.17,1223.2,"l=0.539"
"PronTokAlign",1223.2,1223.44,"S-a~"
"PronTokAlign",1223.44,1224.215,"#=0.0"
"PronTokAlign",1224.215,1224.3149999999998,"d-O~=0.532"
"PronTokAlign",1224.3149999999998,1224.645,"k-O~-b-j-U~/"
"PronTokAlign",1224.645,1224.725,"t=0.571"
"PronTokAlign",1224.725,1224.975,"p-l-A/-s=0.908"
"PronTokAlign",1224.975,1228.795,"#=0.0"
"PronTokAlign",1228.795,1228.835,"s=0.679"
"PronTokAlign",1228.835,1229.125,"d-e-p-a~-d-R-A/=0.591"
"PronTokAlign",1229.125,1229.155,"d=0.714"
"PronTokAlign",1229.155,1229.235,"l-A/"
"PronTokAlign",1229.235,1229.375,"t-A/-j=0.648"
"PronTokAlign",1229.375,1229.505,"d-@=0.633"
"PronTokAlign",1229.505,1229.535,"l"
"PronTokAlign",1229.535,1229.89,"E-k-R-a~"
