"PhonAlign",0.0,40.02,"#"
"PhonAlign",40.02,40.06,"w"
"PhonAlign",40.06,40.275,"E"
"PhonAlign",40.275,41.42,"#"
"PhonAlign",41.42,41.71,"w"
"PhonAlign",41.71,41.8,"E"
"PhonAlign",41.8,41.9,"s"
"PhonAlign",41.9,41.99,"e"
"PhonAlign",41.99,42.03,"p"
"PhonAlign",42.03,42.06,"s"
"PhonAlign",42.06,42.09,"k"
"PhonAlign",42.09,42.13,"a~"
"PhonAlign",42.13,42.17,"f"
"PhonAlign",42.17,42.31,"E"
"PhonAlign",42.31,42.34,"s"
"PhonAlign",42.34,42.370000000000005,"e"
"PhonAlign",42.370000000000005,42.54,"v"
"PhonAlign",42.54,42.59,"R"
"PhonAlign",42.59,42.77,"E"
"PhonAlign",42.77,42.8,"k"
"PhonAlign",42.8,42.83,"Z"
"PhonAlign",42.83,42.86,"A/"
"PhonAlign",42.86,42.89,"l"
"PhonAlign",42.89,43.0,"E"
"PhonAlign",43.0,43.07,"d"
"PhonAlign",43.07,43.11,"i"
"PhonAlign",43.11,43.17,"R"
"PhonAlign",43.17,43.31,"p"
"PhonAlign",43.31,43.440000000000005,"u"
"PhonAlign",43.440000000000005,43.47,"R"
"PhonAlign",43.47,43.6,"fp"
"PhonAlign",43.6,43.73,"p"
"PhonAlign",43.73,43.79,"u"
"PhonAlign",43.79,43.82,"R"
"PhonAlign",43.82,43.86,"A/"
"PhonAlign",43.86,43.91,"l"
"PhonAlign",43.91,44.010000000000005,"O/"
"PhonAlign",44.010000000000005,44.05,"i"
"PhonAlign",44.05,44.09,"n"
"PhonAlign",44.09,44.16,"s"
"PhonAlign",44.16,44.25,"s"
"PhonAlign",44.25,44.31,"R"
"PhonAlign",44.31,44.36,"E"
"PhonAlign",44.36,44.42,"U~/"
"PhonAlign",44.42,44.5,"p"
"PhonAlign",44.5,44.53,"e"
"PhonAlign",44.53,44.63,"k"
"PhonAlign",44.63,44.71,"A/"
"PhonAlign",44.71,44.8,"b"
"PhonAlign",44.8,44.83,"l"
"PhonAlign",44.83,44.91,"m"
"PhonAlign",44.91,45.02,"e"
"PhonAlign",45.02,45.797204,"fp"
"PhonAlign",45.797204,50.179028,"#"
"PhonAlign",50.179028,51.558125,"laugh"
"PhonAlign",51.558125,64.485,"#"
"PhonAlign",64.485,64.595,"p"
"PhonAlign",64.595,64.635,"2"
"PhonAlign",64.635,64.665,"t"
"PhonAlign",64.665,64.695,"E"
"PhonAlign",64.695,64.735,"t"
"PhonAlign",64.735,64.775,"R"
"PhonAlign",64.775,64.895,"w"
"PhonAlign",64.895,65.05499999999999,"E"
"PhonAlign",65.05499999999999,65.085,"l"
"PhonAlign",65.085,65.135,"E"
"PhonAlign",65.135,65.255,"t"
"PhonAlign",65.255,65.445,"E"
"PhonAlign",65.445,65.545,"e"
"PhonAlign",65.545,65.615,"l"
"PhonAlign",65.615,65.665,"t"
"PhonAlign",65.665,65.755,"e"
"PhonAlign",65.755,65.795,"l"
"PhonAlign",65.795,65.885,"e"
"PhonAlign",65.885,65.995,"t"
"PhonAlign",65.995,66.165,"e"
"PhonAlign",66.165,66.84,"fp"
"PhonAlign",66.84,76.525,"#"
"PhonAlign",76.525,76.56500000000001,"p"
"PhonAlign",76.56500000000001,76.61500000000001,"u"
"PhonAlign",76.61500000000001,76.885,"R"
"PhonAlign",76.885,77.075,"k"
"PhonAlign",77.075,77.105,"w"
"PhonAlign",77.105,77.15,"A/"
"PhonAlign",77.15,80.135,"#"
"PhonAlign",80.135,80.33500000000001,"Z"
"PhonAlign",80.33500000000001,80.36500000000001,"j"
"PhonAlign",80.36500000000001,80.64,"U~/"
"PhonAlign",80.64,106.76,"#"
"PhonAlign",106.76,106.82,"j"
"PhonAlign",106.82,106.85,"A/"
"PhonAlign",106.85,106.89,"d"
"PhonAlign",106.89,106.96,"e"
"PhonAlign",106.96,107.0,"Z"
"PhonAlign",107.0,107.06,"u"
"PhonAlign",107.06,107.09,"R"
"PhonAlign",107.09,107.2,"f"
"PhonAlign",107.2,107.28,"E"
"PhonAlign",107.28,107.31,"R"
"PhonAlign",107.31,107.34,"j"
"PhonAlign",107.34,107.5,"e"
"PhonAlign",107.5,107.96,"a~"
"PhonAlign",107.96,107.99,"#"
"PhonAlign",107.99,108.02,"i"
"PhonAlign",108.02,108.05,"A/"
"PhonAlign",108.05,108.08,"p"
"PhonAlign",108.08,108.11,"A/"
"PhonAlign",108.11,108.25,"z"
"PhonAlign",108.25,108.36,"d"
"PhonAlign",108.36,108.41,"@"
"PhonAlign",108.41,108.44,"Z"
"PhonAlign",108.44,108.49,"u"
"PhonAlign",108.49,108.52,"R"
"PhonAlign",108.52,108.62,"f"
"PhonAlign",108.62,108.65,"E"
"PhonAlign",108.65,108.68,"R"
"PhonAlign",108.68,108.71,"j"
"PhonAlign",108.71,108.74,"e"
"PhonAlign",108.74,108.85,"a~"
"PhonAlign",108.85,108.89,"Z"
"PhonAlign",108.89,108.92,"j"
"PhonAlign",108.92,108.99,"U~/"
"PhonAlign",108.99,109.04,"S"
"PhonAlign",109.04,109.07,"k"
"PhonAlign",109.07,109.14,"R"
"PhonAlign",109.14,109.19,"w"
"PhonAlign",109.19,109.27,"A/"
"PhonAlign",109.27,109.4,"#"
"PhonAlign",109.4,109.47,"s"
"PhonAlign",109.47,109.56,"i"
"PhonAlign",109.56,109.63,"j"
"PhonAlign",109.63,109.69,"A/"
"PhonAlign",109.69,109.72,"l"
"PhonAlign",109.72,109.75,"A/"
"PhonAlign",109.75,109.85,"s"
"PhonAlign",109.85,109.91,"a~"
"PhonAlign",109.91,110.02,"s"
"PhonAlign",110.02,110.05,"j"
"PhonAlign",110.05,110.125,"O~"
"PhonAlign",110.125,111.025,"#"
"PhonAlign",111.025,111.065,"n"
"PhonAlign",111.065,111.175,"O~"
"PhonAlign",111.175,111.225,"p"
"PhonAlign",111.225,111.275,"A/"
"PhonAlign",111.275,111.315,"d"
"PhonAlign",111.315,111.455,"t"
"PhonAlign",111.455,111.53,"u"
"PhonAlign",111.53,111.72,"#"
"PhonAlign",111.72,111.77,"p"
"PhonAlign",111.77,111.8,"A/"
"PhonAlign",111.8,111.86,"d"
"PhonAlign",111.86,111.93,"t"
"PhonAlign",111.93,111.96,"u"
"PhonAlign",111.96,112.01,"t"
"PhonAlign",112.01,112.12,"a~"
"PhonAlign",112.12,112.21,"Z"
"PhonAlign",112.21,112.24,"j"
"PhonAlign",112.24,112.47,"U~/"
"PhonAlign",112.47,113.049129,"laugh"
"PhonAlign",113.049129,132.165,"#"
"PhonAlign",132.165,132.225,"A/"
"PhonAlign",132.225,132.295,"m"
"PhonAlign",132.295,132.355,"E"
"PhonAlign",132.355,132.67499999999998,"R"
"PhonAlign",132.67499999999998,132.70499999999998,"d"
"PhonAlign",132.70499999999998,133.105766,"laugh"
"PhonAlign",133.105766,134.12,"#"
"PhonAlign",134.12,134.33,"A/"
"PhonAlign",134.33,137.02,"#"
"PhonAlign",137.02,137.06,"s"
"PhonAlign",137.06,137.17000000000002,"s"
"PhonAlign",137.17000000000002,137.20000000000002,"R"
"PhonAlign",137.20000000000002,137.24,"A/"
"PhonAlign",137.24,137.31,"p"
"PhonAlign",137.31,137.36,"u"
"PhonAlign",137.36,137.39,"R"
"PhonAlign",137.39,137.42000000000002,"n"
"PhonAlign",137.42000000000002,137.46,"O/"
"PhonAlign",137.46,137.55,"t"
"PhonAlign",137.55,137.58,"u"
"PhonAlign",137.58,137.61,"v"
"PhonAlign",137.61,137.65,"E"
"PhonAlign",137.65,137.70000000000002,"R"
"PhonAlign",137.70000000000002,137.77,"t"
"PhonAlign",137.77,137.85000000000002,"y"
"PhonAlign",137.85000000000002,137.88000000000002,"R"
"PhonAlign",137.88000000000002,137.95000000000002,"A/"
"PhonAlign",137.95000000000002,138.0,"v"
"PhonAlign",138.0,138.05,"E"
"PhonAlign",138.05,138.10000000000002,"k"
"PhonAlign",138.10000000000002,138.13000000000002,"A/"
"PhonAlign",138.13000000000002,138.16,"v"
"PhonAlign",138.16,138.20000000000002,"E"
"PhonAlign",138.20000000000002,138.23000000000002,"k"
"PhonAlign",138.23000000000002,138.59,"fp"
"PhonAlign",138.59,139.76,"#"
"PhonAlign",139.76,139.92,"A/"
"PhonAlign",139.92,139.97,"v"
"PhonAlign",139.97,140.04,"E"
"PhonAlign",140.04,140.17999999999998,"k"
"PhonAlign",140.17999999999998,140.32999999999998,"fp"
"PhonAlign",140.32999999999998,140.39,"S"
"PhonAlign",140.39,140.78,"s"
"PhonAlign",140.78,140.98999999999998,"E"
"PhonAlign",140.98999999999998,141.14,"z"
"PhonAlign",141.14,141.26,"p"
"PhonAlign",141.26,141.53,"l"
"PhonAlign",141.53,142.22,"y"
"PhonAlign",142.22,142.26999999999998,"s"
"PhonAlign",142.26999999999998,142.38,"laugh"
"PhonAlign",142.38,142.878226,"#"
"PhonAlign",142.878226,143.313393,"laugh"
"PhonAlign",143.313393,151.44,"#"
"PhonAlign",151.44,151.5,"l"
"PhonAlign",151.5,151.59,"s"
"PhonAlign",151.59,151.63,"i"
"PhonAlign",151.63,151.67,"Z"
"PhonAlign",151.67,151.7,"j"
"PhonAlign",151.7,151.81,"U~/"
"PhonAlign",151.81,153.245,"#"
"PhonAlign",153.245,153.305,"d"
"PhonAlign",153.305,153.335,"O~"
"PhonAlign",153.335,153.455,"d"
"PhonAlign",153.455,153.54500000000002,"y"
"PhonAlign",153.54500000000002,153.705,"s"
"PhonAlign",153.705,153.785,"i"
"PhonAlign",153.785,153.895,"Z"
"PhonAlign",153.895,153.925,"y"
"PhonAlign",153.925,154.015,"s"
"PhonAlign",154.015,154.115,"k"
"PhonAlign",154.115,154.965,"O/"
"PhonAlign",154.965,155.055,"Z"
"PhonAlign",155.055,155.085,"y"
"PhonAlign",155.085,155.115,"s"
"PhonAlign",155.115,155.165,"k"
"PhonAlign",155.165,155.195,"O/"
"PhonAlign",155.195,155.385,"O~"
"PhonAlign",155.385,155.48,"z"
"PhonAlign",155.48,156.325,"#"
"PhonAlign",156.325,156.36499999999998,"s"
"PhonAlign",156.36499999999998,156.45499999999998,"f"
"PhonAlign",156.45499999999998,156.505,"R"
"PhonAlign",156.505,156.665,"E"
"PhonAlign",156.665,160.68,"#"
"PhonAlign",160.68,160.81,"v"
"PhonAlign",160.81,160.86,"y"
"PhonAlign",160.86,160.95000000000002,"k"
"PhonAlign",160.95000000000002,161.06,"@"
"PhonAlign",161.06,161.16,"s"
"PhonAlign",161.16,161.47,"v"
"PhonAlign",161.47,161.54000000000002,"y"
"PhonAlign",161.54000000000002,161.57,"k"
"PhonAlign",161.57,161.8,"@"
"PhonAlign",161.8,161.89,"s"
"PhonAlign",161.89,161.95000000000002,"A/"
"PhonAlign",161.95000000000002,162.02,"f"
"PhonAlign",162.02,162.09,"e"
"PhonAlign",162.09,162.18,"s"
"PhonAlign",162.18,162.28,"U~/"
"PhonAlign",162.28,162.32,"k"
"PhonAlign",162.32,162.35,"Z"
"PhonAlign",162.35,162.45000000000002,"u"
"PhonAlign",162.45000000000002,162.495,"R"
"PhonAlign",162.495,166.03,"#"
"PhonAlign",166.03,166.09,"w"
"PhonAlign",166.09,166.12,"E"
"PhonAlign",166.12,166.22,"u"
"PhonAlign",166.22,166.25,"i"
"PhonAlign",166.25,166.28,"u"
"PhonAlign",166.28,166.37,"i"
"PhonAlign",166.37,166.4,"u"
"PhonAlign",166.4,166.43,"i"
"PhonAlign",166.43,166.52,"p"
"PhonAlign",166.52,166.58,"A/"
"PhonAlign",166.58,166.7,"R"
"PhonAlign",166.7,166.73,"d"
"PhonAlign",166.73,166.77,"O~"
"PhonAlign",166.77,166.85,"#"
"PhonAlign",166.85,166.97,"w"
"PhonAlign",166.97,167.16,"i"
"PhonAlign",167.16,167.34,"u"
"PhonAlign",167.34,167.56,"i"
"PhonAlign",167.56,167.63,"w"
"PhonAlign",167.63,167.69,"i"
"PhonAlign",167.69,167.89,"#"
"PhonAlign",167.89,167.97,"w"
"PhonAlign",167.97,168.055,"i"
"PhonAlign",168.055,182.650299,"#"
"PhonAlign",182.650299,184.194695,"laugh"
"PhonAlign",184.194695,185.71,"#"
"PhonAlign",185.71,185.97,"s"
"PhonAlign",185.97,186.0,"e"
"PhonAlign",186.0,186.04,"p"
"PhonAlign",186.04,186.09,"A/"
"PhonAlign",186.09,186.12,"g"
"PhonAlign",186.12,186.32,"e"
"PhonAlign",186.32,186.35,"g"
"PhonAlign",186.35,186.495,"e"
"PhonAlign",186.495,217.78,"#"
"PhonAlign",217.78,217.82,"b"
"PhonAlign",217.82,217.99,"O/"
"PhonAlign",217.99,218.13,"s"
"PhonAlign",218.13,218.16,"i"
"PhonAlign",218.16,218.19,"n"
"PhonAlign",218.19,218.32,"O~"
"PhonAlign",218.32,218.35,"l"
"PhonAlign",218.35,218.54,"E"
"PhonAlign",218.54,218.57,"l"
"PhonAlign",218.57,219.03,"e"
"PhonAlign",219.03,219.245,"z"
"PhonAlign",219.245,220.04,"#"
"PhonAlign",220.04,220.2,"b"
"PhonAlign",220.2,220.36,"O/"
"PhonAlign",220.36,220.39,"s"
"PhonAlign",220.39,220.43,"i"
"PhonAlign",220.43,220.47,"n"
"PhonAlign",220.47,220.5,"O~"
"PhonAlign",220.5,220.53,"d"
"PhonAlign",220.53,220.56,"a~"
"PhonAlign",220.56,220.59,"l"
"PhonAlign",220.59,220.66,"@"
"PhonAlign",220.66,220.7,"v"
"PhonAlign",220.7,220.73,"w"
"PhonAlign",220.73,220.77,"A/"
"PhonAlign",220.77,220.86,"t"
"PhonAlign",220.86,220.89,"y"
"PhonAlign",220.89,220.92,"R"
"PhonAlign",220.92,221.0,"k"
"PhonAlign",221.0,221.03,"i"
"PhonAlign",221.03,221.12,"p"
"PhonAlign",221.12,221.2,"A/"
"PhonAlign",221.2,221.29,"s"
"PhonAlign",221.29,221.32,"O~"
"PhonAlign",221.32,221.37,"n"
"PhonAlign",221.37,221.41,"A/"
"PhonAlign",221.41,221.45,"A/"
"PhonAlign",221.45,221.83,"k"
"PhonAlign",221.83,221.97,"R"
"PhonAlign",221.97,222.03,"O/"
"PhonAlign",222.03,222.06,"S"
"PhonAlign",222.06,222.14,"@"
"PhonAlign",222.14,222.17,"l"
"PhonAlign",222.17,222.2,"E"
"PhonAlign",222.2,222.325,"z"
"PhonAlign",222.325,222.565,"#"
"PhonAlign",222.565,222.605,"g"
"PhonAlign",222.605,222.905,"R"
"PhonAlign",222.905,223.005,"i"
"PhonAlign",223.005,223.305,"j"
"PhonAlign",223.305,223.525,"@"
"PhonAlign",223.525,223.605,"k"
"PhonAlign",223.605,223.645,"O/"
"PhonAlign",223.645,223.845,"m"
"PhonAlign",223.845,224.005,"@"
"PhonAlign",224.005,224.145,"s"
"PhonAlign",224.145,224.355,"A/"
"PhonAlign",224.355,224.485,"s"
"PhonAlign",224.485,224.545,"A/"
"PhonAlign",224.545,224.575,"l"
"PhonAlign",224.575,224.735,"A/"
"PhonAlign",224.735,224.825,"s"
"PhonAlign",224.825,224.855,"l"
"PhonAlign",224.855,224.915,"A/"
"PhonAlign",224.915,224.945,"l"
"PhonAlign",224.945,225.025,"A/"
"PhonAlign",225.025,225.105,"b"
"PhonAlign",225.105,225.195,"u"
"PhonAlign",225.195,225.235,"R"
"PhonAlign",225.235,225.325,"t"
"PhonAlign",225.325,225.355,"u"
"PhonAlign",225.355,225.505,"s"
"PhonAlign",225.505,225.625,"9"
"PhonAlign",225.625,225.71,"l"
"PhonAlign",225.71,229.155,"#"
"PhonAlign",229.155,229.235,"w"
"PhonAlign",229.235,229.305,"i"
"PhonAlign",229.305,229.405,"O/"
"PhonAlign",229.405,229.525,"s"
"PhonAlign",229.525,229.65,"i"
"PhonAlign",229.65,231.84,"#"
"PhonAlign",231.84,231.9,"O~"
"PhonAlign",231.9,231.97,"n"
"PhonAlign",231.97,232.0,"l"
"PhonAlign",232.0,232.03,"H"
"PhonAlign",232.03,232.06,"d"
"PhonAlign",232.06,232.16,"O/"
"PhonAlign",232.16,232.26,"n"
"PhonAlign",232.26,232.41,"2"
"PhonAlign",232.41,232.5,"R"
"PhonAlign",232.5,232.7,"A/"
"PhonAlign",232.7,232.76,"Z"
"PhonAlign",232.76,232.84,"a~"
"PhonAlign",232.84,232.88,"R"
"PhonAlign",232.88,232.99,"s"
"PhonAlign",232.99,233.03,"U~/"
"PhonAlign",233.03,233.18,"p"
"PhonAlign",233.18,233.22,"u"
"PhonAlign",233.22,233.25,"R"
"PhonAlign",233.25,233.33,"s"
"PhonAlign",233.33,233.41,"a~"
"PhonAlign",233.41,233.46,"d"
"PhonAlign",233.46,233.49,"E"
"PhonAlign",233.49,233.53,"R"
"PhonAlign",233.53,233.56,"2"
"PhonAlign",233.56,233.61,"v"
"PhonAlign",233.61,233.66,"n"
"PhonAlign",233.66,233.69,"y"
"PhonAlign",233.69,233.74,"d"
"PhonAlign",233.74,233.77,"l"
"PhonAlign",233.77,233.8,"A/"
"PhonAlign",233.8,233.88,"b"
"PhonAlign",233.88,233.94,"y"
"PhonAlign",233.94,233.98,"v"
"PhonAlign",233.98,234.03,"E"
"PhonAlign",234.03,234.17,"t"
"PhonAlign",234.17,235.474836,"#"
"PhonAlign",235.474836,236.362043,"laugh"
"PhonAlign",236.362043,242.59,"#"
"PhonAlign",242.59,242.87,"fp"
"PhonAlign",242.87,242.99,"s"
"PhonAlign",242.99,243.08,"A/"
"PhonAlign",243.08,243.14,"m"
"PhonAlign",243.14,243.17,"w"
"PhonAlign",243.17,243.21,"A/"
"PhonAlign",243.21,243.26,"Z"
"PhonAlign",243.26,243.29,"m"
"PhonAlign",243.29,243.35,"a~"
"PhonAlign",243.35,243.45,"O/"
"PhonAlign",243.45,243.5,"k"
"PhonAlign",243.5,243.62,"y"
"PhonAlign",243.62,243.73,"p"
"PhonAlign",243.73,243.96,"#"
"PhonAlign",243.96,244.0,"Z"
"PhonAlign",244.0,244.2,"E"
"PhonAlign",244.2,244.32,"S"
"PhonAlign",244.32,244.97,"E"
"PhonAlign",244.97,245.64,"#"
"PhonAlign",245.64,245.75,"Z"
"PhonAlign",245.75,245.81,"e"
"PhonAlign",245.81,245.91,"Z"
"PhonAlign",245.91,245.96,"e"
"PhonAlign",245.96,246.03,"m"
"PhonAlign",246.03,246.07,"E"
"PhonAlign",246.07,246.16,"k"
"PhonAlign",246.16,246.25,"O~"
"PhonAlign",246.25,246.33,"t"
"PhonAlign",246.33,246.39,"A/"
"PhonAlign",246.39,246.44,"k"
"PhonAlign",246.44,246.5,"t"
"PhonAlign",246.5,246.53,"O/"
"PhonAlign",246.53,246.67,"s"
"PhonAlign",246.67,246.7,"i"
"PhonAlign",246.7,246.75,"n"
"PhonAlign",246.75,246.79,"e"
"PhonAlign",246.79,246.88,"m"
"PhonAlign",246.88,247.31,"A/"
"PhonAlign",247.31,247.42,"#"
"PhonAlign",247.42,247.52,"O/"
"PhonAlign",247.52,247.87,"s"
"PhonAlign",247.87,247.9,"i"
"PhonAlign",247.9,247.95,"n"
"PhonAlign",247.95,247.98,"E"
"PhonAlign",247.98,248.06,"m"
"PhonAlign",248.06,248.13,"A/"
"PhonAlign",248.13,248.17,"d"
"PhonAlign",248.17,248.3,"E"
"PhonAlign",248.3,248.33,"k"
"PhonAlign",248.33,248.37,"s"
"PhonAlign",248.37,251.722459,"#"
"PhonAlign",251.722459,253.823251,"laugh"
"PhonAlign",253.823251,254.003251,"U~/"
"PhonAlign",254.003251,254.073251,"n"
"PhonAlign",254.073251,254.103251,"g"
"PhonAlign",254.103251,254.163251,"R"
"PhonAlign",254.163251,254.233251,"a~"
"PhonAlign",254.233251,254.343251,"d"
"PhonAlign",254.343251,254.413251,"R"
"PhonAlign",254.413251,254.635,"A/"
"PhonAlign",254.635,255.84,"#"
"PhonAlign",255.84,256.11,"U~/"
"PhonAlign",256.11,256.14,"g"
"PhonAlign",256.14,256.21,"R"
"PhonAlign",256.21,256.3,"a~"
"PhonAlign",256.3,256.33,"d"
"PhonAlign",256.33,256.42,"R"
"PhonAlign",256.42,256.51,"A/"
"PhonAlign",256.51,256.54,"A/"
"PhonAlign",256.54,256.57,"v"
"PhonAlign",256.57,256.63,"E"
"PhonAlign",256.63,256.69,"k"
"PhonAlign",256.69,256.77,"U~/"
"PhonAlign",256.77,256.81,"v"
"PhonAlign",256.81,256.85,"i"
"PhonAlign",256.85,256.89,"d"
"PhonAlign",256.89,256.92,"E"
"PhonAlign",256.92,256.97,"O/"
"PhonAlign",256.97,257.0,"p"
"PhonAlign",257.0,257.04,"R"
"PhonAlign",257.04,257.12,"O/"
"PhonAlign",257.12,257.15,"Z"
"PhonAlign",257.15,257.24,"E"
"PhonAlign",257.24,257.31,"k"
"PhonAlign",257.31,257.34000000000003,"t"
"PhonAlign",257.34000000000003,257.45,"9"
"PhonAlign",257.45,257.48,"R"
"PhonAlign",257.48,257.59000000000003,"A/"
"PhonAlign",257.59000000000003,257.64,"m"
"PhonAlign",257.64,257.67,"A/"
"PhonAlign",257.67,257.78000000000003,"n"
"PhonAlign",257.78000000000003,257.84000000000003,"i"
"PhonAlign",257.84000000000003,257.9,"v"
"PhonAlign",257.9,257.96,"E"
"PhonAlign",257.96,258.07,"l"
"PhonAlign",258.07,258.13,"@"
"PhonAlign",258.13,258.46,"k"
"PhonAlign",258.46,258.49,"O/"
"PhonAlign",258.49,258.54,"m"
"PhonAlign",258.54,259.06,"s"
"PhonAlign",259.06,259.095,"laugh"
"PhonAlign",259.095,261.452813,"#"
"PhonAlign",261.452813,261.915,"laugh"
"PhonAlign",261.915,266.92,"#"
"PhonAlign",266.92,267.07,"b"
"PhonAlign",267.07,267.41,"U~/"
"PhonAlign",267.41,268.48,"#"
"PhonAlign",268.48,268.51,"m"
"PhonAlign",268.51,268.61,"U~/"
"PhonAlign",268.61,268.68,"n"
"PhonAlign",268.68,268.81,"a~"
"PhonAlign",268.81,268.84000000000003,"l"
"PhonAlign",268.84000000000003,268.96000000000004,"A/"
"PhonAlign",268.96000000000004,269.06,"Z"
"PhonAlign",269.06,269.18,"@"
"PhonAlign",269.18,269.21000000000004,"Z"
"PhonAlign",269.21000000000004,269.27000000000004,"Z"
"PhonAlign",269.27000000000004,269.84000000000003,"@"
"PhonAlign",269.84000000000003,269.90000000000003,"Z"
"PhonAlign",269.90000000000003,269.94,"@"
"PhonAlign",269.94,270.06,"s"
"PhonAlign",270.06,270.1,"O/"
"PhonAlign",270.1,270.13,"R"
"PhonAlign",270.13,270.17,"d"
"PhonAlign",270.17,270.2,"l"
"PhonAlign",270.2,270.31,"A/"
"PhonAlign",270.31,270.34000000000003,"R"
"PhonAlign",270.34000000000003,270.38,"E"
"PhonAlign",270.38,270.42,"y"
"PhonAlign",270.42,270.45,"n"
"PhonAlign",270.45,270.48,"j"
"PhonAlign",270.48,270.59000000000003,"O~"
"PhonAlign",270.59000000000003,270.65000000000003,"Z"
"PhonAlign",270.65000000000003,270.68,"j"
"PhonAlign",270.68,270.71000000000004,"v"
"PhonAlign",270.71000000000004,270.85,"e"
"PhonAlign",270.85,270.88,"l"
"PhonAlign",270.88,270.93,"A/"
"PhonAlign",270.93,270.97,"m"
"PhonAlign",270.97,271.02000000000004,"U~/"
"PhonAlign",271.02000000000004,271.2,"t"
"PhonAlign",271.2,271.23,"n"
"PhonAlign",271.23,271.27,"a~"
"PhonAlign",271.27,297.205,"#"
"PhonAlign",297.205,297.765,"laugh"
"PhonAlign",297.765,309.015,"#"
"PhonAlign",309.015,309.095,"A/"
"PhonAlign",309.095,309.185,"b"
"PhonAlign",309.185,309.305,"U~/"
"PhonAlign",309.305,309.405,"u"
"PhonAlign",309.405,309.58,"i"
"PhonAlign",309.58,317.556756,"#"
"PhonAlign",317.556756,318.44,"laugh"
"PhonAlign",318.44,325.421612,"#"
"PhonAlign",325.421612,327.202697,"laugh"
"PhonAlign",327.202697,331.208684,"#"
"PhonAlign",331.208684,332.242648,"laugh"
"PhonAlign",332.242648,336.259656,"#"
"PhonAlign",336.259656,337.106839,"laugh"
"PhonAlign",337.106839,337.733888,"#"
"PhonAlign",337.733888,338.940108,"laugh"
"PhonAlign",338.940108,339.380108,"O~"
"PhonAlign",339.380108,339.430108,"l"
"PhonAlign",339.430108,339.460108,"H"
"PhonAlign",339.460108,339.54010800000003,"R"
"PhonAlign",339.54010800000003,339.590108,"2"
"PhonAlign",339.590108,339.670108,"f"
"PhonAlign",339.670108,339.720108,"e"
"PhonAlign",339.720108,339.79010800000003,"t"
"PhonAlign",339.79010800000003,339.840108,"u"
"PhonAlign",339.840108,339.870108,"l"
"PhonAlign",339.870108,339.98010800000003,"S"
"PhonAlign",339.98010800000003,340.080108,"a~"
"PhonAlign",340.080108,340.120108,"O~"
"PhonAlign",340.120108,340.170108,"l"
"PhonAlign",340.170108,340.280108,"y"
"PhonAlign",340.280108,340.310108,"i"
"PhonAlign",340.310108,340.390108,"p"
"PhonAlign",340.390108,340.560108,"O/"
"PhonAlign",340.560108,340.670108,"z"
"PhonAlign",340.670108,340.780108,"@"
"PhonAlign",340.780108,340.930108,"l"
"PhonAlign",340.930108,341.48010800000003,"@"
"PhonAlign",341.48010800000003,341.580108,"p"
"PhonAlign",341.580108,341.620108,"A/"
"PhonAlign",341.620108,341.760108,"R"
"PhonAlign",341.760108,342.070108,"k"
"PhonAlign",342.070108,342.770108,"E"
"PhonAlign",342.770108,344.03,"laugh"
"PhonAlign",344.03,344.27,"#"
"PhonAlign",344.27,345.338438,"laugh"
"PhonAlign",345.338438,376.325,"#"
"PhonAlign",376.325,376.365,"p"
"PhonAlign",376.365,376.395,"t"
"PhonAlign",376.395,376.435,"i"
"PhonAlign",376.435,376.495,"t"
"PhonAlign",376.495,376.525,"l"
"PhonAlign",376.525,376.585,"a~"
"PhonAlign",376.585,376.625,"b"
"PhonAlign",376.625,376.695,"j"
"PhonAlign",376.695,376.865,"a~"
"PhonAlign",376.865,376.985,"s"
"PhonAlign",376.985,377.195,"@"
"PhonAlign",377.195,377.225,"w"
"PhonAlign",377.225,377.265938,"E"
"PhonAlign",377.265938,384.312732,"#"
"PhonAlign",384.312732,384.706305,"laugh"
"PhonAlign",384.706305,385.186598,"#"
"PhonAlign",385.186598,385.733598,"laugh"
"PhonAlign",385.733598,412.326915,"#"
"PhonAlign",412.326915,413.589228,"laugh"
"PhonAlign",413.589228,422.38,"#"
"PhonAlign",422.38,422.61,"E"
"PhonAlign",422.61,422.68,"b"
"PhonAlign",422.68,422.9,"O~"
"PhonAlign",422.9,423.12,"s"
"PhonAlign",423.12,423.28,"i"
"PhonAlign",423.28,423.31,"w"
"PhonAlign",423.31,423.807188,"E"
"PhonAlign",423.807188,427.185,"#"
"PhonAlign",427.185,427.275,"w"
"PhonAlign",427.275,427.653823,"E"
"PhonAlign",427.653823,442.7,"#"
"PhonAlign",442.7,442.82,"w"
"PhonAlign",442.82,442.99,"E"
"PhonAlign",442.99,446.3,"#"
"PhonAlign",446.3,446.38,"n"
"PhonAlign",446.38,446.45,"a~"
"PhonAlign",446.45,446.54,"m"
"PhonAlign",446.54,446.96,"E"
"PhonAlign",446.96,447.06,"z"
"PhonAlign",447.06,447.2,"i"
"PhonAlign",447.2,447.31,"O/"
"PhonAlign",447.31,447.43,"R"
"PhonAlign",447.43,447.58,"A/"
"PhonAlign",447.58,447.66,"i"
"PhonAlign",447.66,447.7,"O/"
"PhonAlign",447.7,447.73,"R"
"PhonAlign",447.73,447.77,"A/"
"PhonAlign",447.77,447.85,"p"
"PhonAlign",447.85,447.89,"A/"
"PhonAlign",447.89,447.92,"d"
"PhonAlign",447.92,447.99,"A/"
"PhonAlign",447.99,448.03,"l"
"PhonAlign",448.03,448.12,"k"
"PhonAlign",448.12,448.19,"O/"
"PhonAlign",448.19,448.22,"l"
"PhonAlign",448.22,448.31,"S"
"PhonAlign",448.31,448.4,"p"
"PhonAlign",448.4,448.43,"a~"
"PhonAlign",448.43,448.485,"s"
"PhonAlign",448.485,460.11,"#"
"PhonAlign",460.11,460.15,"f"
"PhonAlign",460.15,460.18,"O/"
"PhonAlign",460.18,460.21,"R"
"PhonAlign",460.21,460.28,"m"
"PhonAlign",460.28,460.33,"A/"
"PhonAlign",460.33,460.48,"s"
"PhonAlign",460.48,460.51,"j"
"PhonAlign",460.51,460.6,"O~"
"PhonAlign",460.6,460.69,"b"
"PhonAlign",460.69,460.83,"E"
"PhonAlign",460.83,460.96,"k"
"PhonAlign",460.96,461.03,"u"
"PhonAlign",461.03,461.06,"R"
"PhonAlign",461.06,461.12,"a~"
"PhonAlign",461.12,461.19,"p"
"PhonAlign",461.19,461.23,"R"
"PhonAlign",461.23,461.3,"U~/"
"PhonAlign",461.3,461.37,"t"
"PhonAlign",461.37,461.51,"a~"
"PhonAlign",461.51,461.59,"z"
"PhonAlign",461.59,463.33,"#"
"PhonAlign",463.33,463.42,"d"
"PhonAlign",463.42,463.54,"2"
"PhonAlign",463.54,463.66,"a~"
"PhonAlign",463.66,463.97,"z"
"PhonAlign",463.97,464.0,"laugh"
"PhonAlign",464.0,464.68,"#"
"PhonAlign",464.68,464.73,"b"
"PhonAlign",464.73,465.2,"U~/"
"PhonAlign",465.2,465.28,"k"
"PhonAlign",465.28,465.31,"a~"
"PhonAlign",465.31,465.35,"m"
"PhonAlign",465.35,465.38,"E"
"PhonAlign",465.38,465.424744,"m"
"PhonAlign",465.424744,466.805,"#"
"PhonAlign",466.805,466.885,"A/"
"PhonAlign",466.885,466.915,"l"
"PhonAlign",466.915,466.945,"R"
"PhonAlign",466.945,467.095,"O~"
"PhonAlign",467.095,467.125,"d"
"PhonAlign",467.125,467.175,"i"
"PhonAlign",467.175,467.205,"d"
"PhonAlign",467.205,467.265,"y"
"PhonAlign",467.265,467.355,"k"
"PhonAlign",467.355,467.505,"u"
"PhonAlign",467.505,467.655,"d"
"PhonAlign",467.655,467.705,"2"
"PhonAlign",467.705,467.735,"m"
"PhonAlign",467.735,467.805,"i"
"PhonAlign",467.805,467.835,"l"
"PhonAlign",467.835,467.865,"v"
"PhonAlign",467.865,467.995,"U~/"
"PhonAlign",467.995,468.115,"s"
"PhonAlign",468.115,468.245,"U~/"
"PhonAlign",468.245,468.315,"p"
"PhonAlign",468.315,468.365,"u"
"PhonAlign",468.365,468.395,"R"
"PhonAlign",468.395,468.425,"l"
"PhonAlign",468.425,468.495,"@"
"PhonAlign",468.495,468.575,"f"
"PhonAlign",468.575,468.625,"E"
"PhonAlign",468.625,468.705,"s"
"PhonAlign",468.705,468.735,"t"
"PhonAlign",468.735,468.805,"i"
"PhonAlign",468.805,468.855,"v"
"PhonAlign",468.855,468.965,"A/"
"PhonAlign",468.965,468.995,"l"
"PhonAlign",468.995,469.045,"Z"
"PhonAlign",469.045,469.115,"p"
"PhonAlign",469.115,469.185,"a~"
"PhonAlign",469.185,469.315,"s"
"PhonAlign",469.315,469.425,"@"
"PhonAlign",469.425,469.485,"S"
"PhonAlign",469.485,469.555,"p"
"PhonAlign",469.555,469.615,"a~"
"PhonAlign",469.615,469.675,"s"
"PhonAlign",469.675,469.755,"k"
"PhonAlign",469.755,469.805,"O~"
"PhonAlign",469.805,469.865,"n"
"PhonAlign",469.865,469.935,"E"
"PhonAlign",469.935,469.965,"l"
"PhonAlign",469.965,470.195,"A/"
"PhonAlign",470.195,470.285,"R"
"PhonAlign",470.285,470.320045,"Z"
"PhonAlign",470.320045,479.309062,"#"
"PhonAlign",479.309062,479.349062,"A/"
"PhonAlign",479.349062,479.429062,"p"
"PhonAlign",479.429062,479.489062,"R"
"PhonAlign",479.489062,479.599062,"E"
"PhonAlign",479.599062,479.679062,"f"
"PhonAlign",479.679062,479.729062,"O/"
"PhonAlign",479.729062,479.759062,"d"
"PhonAlign",479.759062,479.789062,"R"
"PhonAlign",479.789062,479.859062,"E"
"PhonAlign",479.859062,479.969062,"U~/"
"PhonAlign",479.969062,480.019062,"s"
"PhonAlign",480.019062,480.089062,"t"
"PhonAlign",480.089062,480.179062,"A/"
"PhonAlign",480.179062,480.209062,"l"
"PhonAlign",480.209062,480.259062,"e"
"PhonAlign",480.259062,480.419062,"U~/"
"PhonAlign",480.419062,480.459062,"t"
"PhonAlign",480.459062,480.499062,"R"
"PhonAlign",480.499062,480.539062,"y"
"PhonAlign",480.539062,480.569062,"k"
"PhonAlign",480.569062,480.659062,"d"
"PhonAlign",480.659062,480.779062,"@"
"PhonAlign",480.779062,480.859062,"m"
"PhonAlign",480.859062,480.949062,"i"
"PhonAlign",480.949062,480.999062,"z"
"PhonAlign",480.999062,481.119062,"a~"
"PhonAlign",481.119062,481.209062,"p"
"PhonAlign",481.209062,481.249062,"l"
"PhonAlign",481.249062,481.369062,"A/"
"PhonAlign",481.369062,481.714266,"s"
"PhonAlign",481.714266,481.84,"#"
"PhonAlign",481.84,481.88,"p"
"PhonAlign",481.88,481.99,"A/"
"PhonAlign",481.99,482.02,"R"
"PhonAlign",482.02,482.1,"R"
"PhonAlign",482.1,482.23,"A/"
"PhonAlign",482.23,482.34,"p"
"PhonAlign",482.34,482.42,"O/"
"PhonAlign",482.42,482.45,"R"
"PhonAlign",482.45,482.84,"O/"
"PhonAlign",482.84,482.93,"p"
"PhonAlign",482.93,482.98,"A/"
"PhonAlign",482.98,483.06,"R"
"PhonAlign",483.06,483.13,"k"
"PhonAlign",483.13,483.39,"i"
"PhonAlign",483.39,483.43,"g"
"PhonAlign",483.43,485.525,"#"
"PhonAlign",485.525,485.565,"R"
"PhonAlign",485.565,485.595,"A/"
"PhonAlign",485.595,485.645,"p"
"PhonAlign",485.645,485.795,"O/"
"PhonAlign",485.795,485.825,"R"
"PhonAlign",485.825,485.995,"O/"
"PhonAlign",485.995,486.055,"p"
"PhonAlign",486.055,486.115,"A/"
"PhonAlign",486.115,486.145,"R"
"PhonAlign",486.145,486.225,"k"
"PhonAlign",486.225,486.315,"i"
"PhonAlign",486.315,486.345,"g"
"PhonAlign",486.345,486.425,"m"
"PhonAlign",486.425,486.505,"E"
"PhonAlign",486.505,486.555,"t"
"PhonAlign",486.555,486.625,"R"
"PhonAlign",486.625,487.235,"U~/"
"PhonAlign",487.235,487.655,"#"
"PhonAlign",487.655,487.735,"U~/"
"PhonAlign",487.735,487.855,"s"
"PhonAlign",487.855,487.885,"i"
"PhonAlign",487.885,487.915,"s"
"PhonAlign",487.915,487.945,"t"
"PhonAlign",487.945,487.975,"E"
"PhonAlign",487.975,488.075,"m"
"PhonAlign",488.075,488.105,"d"
"PhonAlign",488.105,488.145,"@"
"PhonAlign",488.145,488.215,"m"
"PhonAlign",488.215,488.265,"i"
"PhonAlign",488.265,488.315,"z"
"PhonAlign",488.315,488.445,"a~"
"PhonAlign",488.445,488.525,"p"
"PhonAlign",488.525,488.565,"l"
"PhonAlign",488.565,488.705,"A/"
"PhonAlign",488.705,488.735,"s"
"PhonAlign",488.735,488.845,"d"
"PhonAlign",488.845,489.305,"@"
"PhonAlign",489.305,489.975,"#"
"PhonAlign",489.975,490.045,"t"
"PhonAlign",490.045,490.125,"d"
"PhonAlign",490.125,490.195,"@"
"PhonAlign",490.195,490.285,"n"
"PhonAlign",490.285,490.325,"y"
"PhonAlign",490.325,490.355,"m"
"PhonAlign",490.355,490.385,"E"
"PhonAlign",490.385,490.415,"R"
"PhonAlign",490.415,490.575,"O/"
"PhonAlign",490.575,490.615,"t"
"PhonAlign",490.615,490.675,"A/"
"PhonAlign",490.675,490.775,"s"
"PhonAlign",490.775,490.805,"j"
"PhonAlign",490.805,490.925,"O~"
"PhonAlign",490.925,490.955,"p"
"PhonAlign",490.955,490.985,"2"
"PhonAlign",490.985,491.055,"t"
"PhonAlign",491.055,491.135,"E"
"PhonAlign",491.135,491.165,"t"
"PhonAlign",491.165,491.195,"R"
"PhonAlign",491.195,491.305,"d"
"PhonAlign",491.305,491.425,"@"
"PhonAlign",491.425,491.535,"p"
"PhonAlign",491.535,491.575,"l"
"PhonAlign",491.575,491.695,"A/"
"PhonAlign",491.695,491.785,"s"
"PhonAlign",491.785,492.175,"#"
"PhonAlign",492.175,492.215,"k"
"PhonAlign",492.215,492.345,"p"
"PhonAlign",492.345,492.375,"u"
"PhonAlign",492.375,492.405,"R"
"PhonAlign",492.405,492.435,"R"
"PhonAlign",492.435,492.465,"2"
"PhonAlign",492.465,492.545,"t"
"PhonAlign",492.545,492.645,"R"
"PhonAlign",492.645,492.705,"u"
"PhonAlign",492.705,492.795,"v"
"PhonAlign",492.795,492.945,"e"
"PhonAlign",492.945,493.495,"fp"
"PhonAlign",493.495,493.865,"#"
"PhonAlign",493.865,493.905,"p"
"PhonAlign",493.905,493.945,"u"
"PhonAlign",493.945,493.975,"R"
"PhonAlign",493.975,494.025,"t"
"PhonAlign",494.025,494.095,"R"
"PhonAlign",494.095,494.175,"u"
"PhonAlign",494.175,494.235,"v"
"PhonAlign",494.235,494.345,"e"
"PhonAlign",494.345,494.375,"l"
"PhonAlign",494.375,494.645,"@"
"PhonAlign",494.645,494.685,"l"
"PhonAlign",494.685,494.755,"A/"
"PhonAlign",494.755,494.865,"k"
"PhonAlign",494.865,494.925,"O/"
"PhonAlign",494.925,494.995,"m"
"PhonAlign",494.995,495.085,"a~"
"PhonAlign",495.085,495.145,"d"
"PhonAlign",495.145,495.195,"p"
"PhonAlign",495.195,495.275,"A/"
"PhonAlign",495.275,495.305,"R"
"PhonAlign",495.305,495.345,"m"
"PhonAlign",495.345,495.435,"i"
"PhonAlign",495.435,495.465,"l"
"PhonAlign",495.465,495.87,"fp"
"PhonAlign",495.87,496.065,"#"
"PhonAlign",496.065,496.145,"l"
"PhonAlign",496.145,496.325,"e"
"PhonAlign",496.325,496.355,"l"
"PhonAlign",496.355,496.405,"e"
"PhonAlign",496.405,496.485,"p"
"PhonAlign",496.485,496.515,"l"
"PhonAlign",496.515,496.605,"A/"
"PhonAlign",496.605,496.705,"s"
"PhonAlign",496.705,496.735,"d"
"PhonAlign",496.735,496.775,"p"
"PhonAlign",496.775,496.805,"A/"
"PhonAlign",496.805,496.985,"R"
"PhonAlign",496.985,497.195,"k"
"PhonAlign",497.195,497.225,"i"
"PhonAlign",497.225,497.26404,"g"
"PhonAlign",497.26404,500.24,"#"
"PhonAlign",500.24,500.635,"m"
"PhonAlign",500.635,501.52,"#"
"PhonAlign",501.52,501.79,"m"
"PhonAlign",501.79,502.43,"#"
"PhonAlign",502.43,502.675,"m"
"PhonAlign",502.675,514.321215,"#"
"PhonAlign",514.321215,514.461215,"w"
"PhonAlign",514.461215,514.640124,"E"
"PhonAlign",514.640124,515.593434,"#"
"PhonAlign",515.593434,516.023434,"A/"
"PhonAlign",516.023434,516.113434,"u"
"PhonAlign",516.113434,516.163434,"i"
"PhonAlign",516.163434,516.223434,"E"
"PhonAlign",516.223434,516.253434,"g"
"PhonAlign",516.253434,516.343434,"z"
"PhonAlign",516.343434,516.433434,"A/"
"PhonAlign",516.433434,516.503434,"k"
"PhonAlign",516.503434,516.643434,"t"
"PhonAlign",516.643434,516.683434,"#"
"PhonAlign",516.683434,516.803434,"w"
"PhonAlign",516.803434,516.940313,"E"
"PhonAlign",516.940313,517.555051,"#"
"PhonAlign",517.555051,517.695051,"w"
"PhonAlign",517.695051,517.819606,"E"
"PhonAlign",517.819606,539.255893,"#"
"PhonAlign",539.255893,541.785442,"laugh"
"PhonAlign",541.785442,547.677249,"#"
"PhonAlign",547.677249,547.927249,"u"
"PhonAlign",547.927249,548.117238,"i"
"PhonAlign",548.117238,553.74,"#"
"PhonAlign",553.74,553.82,"m"
"PhonAlign",553.82,553.86,"A/"
"PhonAlign",553.86,553.89,"n"
"PhonAlign",553.89,553.92,"j"
"PhonAlign",553.92,553.95,"E"
"PhonAlign",553.95,553.98,"R"
"PhonAlign",553.98,554.01,"n"
"PhonAlign",554.01,554.04,"O/"
"PhonAlign",554.04,554.07,"m"
"PhonAlign",554.07,554.17,"A/"
"PhonAlign",554.17,554.26,"p"
"PhonAlign",554.26,554.29,"R"
"PhonAlign",554.29,554.34,"E"
"PhonAlign",554.34,554.38,"Z"
"PhonAlign",554.38,554.46,"a~"
"PhonAlign",554.46,554.49,"R"
"PhonAlign",554.49,554.57,"v"
"PhonAlign",554.57,554.64,"l"
"PhonAlign",554.64,554.73,"A/"
"PhonAlign",554.73,554.82,"f"
"PhonAlign",554.82,554.88,"O/"
"PhonAlign",554.88,554.97,"t"
"PhonAlign",554.97,555.14,"p"
"PhonAlign",555.14,555.23,"A/"
"PhonAlign",555.23,555.28,"p"
"PhonAlign",555.28,555.3100000000001,"l"
"PhonAlign",555.3100000000001,555.34,"y"
"PhonAlign",555.34,555.42,"k"
"PhonAlign",555.42,555.49,"@"
"PhonAlign",555.49,555.6,"s"
"PhonAlign",555.6,555.66,"A/"
"PhonAlign",555.66,555.75,"p"
"PhonAlign",555.75,555.8100000000001,"A/"
"PhonAlign",555.8100000000001,555.84,"R"
"PhonAlign",555.84,555.9,"t"
"PhonAlign",555.9,555.96,"A/"
"PhonAlign",555.96,556.07,"p"
"PhonAlign",556.07,556.1,"R"
"PhonAlign",556.1,556.17,"E"
"PhonAlign",556.17,556.25,"t"
"PhonAlign",556.25,556.29,"R"
"PhonAlign",556.29,556.32,"O/"
"PhonAlign",556.32,557.001563,"fp"
"PhonAlign",557.001563,559.705,"#"
"PhonAlign",559.705,559.815,"Z"
"PhonAlign",559.815,559.9350000000001,"a~"
"PhonAlign",559.9350000000001,560.015,"R"
"PhonAlign",560.015,560.125,"@"
"PhonAlign",560.125,560.225,"t"
"PhonAlign",560.225,560.2850000000001,"y"
"PhonAlign",560.2850000000001,560.335,"m"
"PhonAlign",560.335,560.4250000000001,"E"
"PhonAlign",560.4250000000001,560.495,"p"
"PhonAlign",560.495,560.615,"A/"
"PhonAlign",560.615,560.6450000000001,"R"
"PhonAlign",560.6450000000001,560.6850000000001,"E"
"PhonAlign",560.6850000000001,560.715,"g"
"PhonAlign",560.715,560.745,"z"
"PhonAlign",560.745,560.7750000000001,"a~"
"PhonAlign",560.7750000000001,560.825,"p"
"PhonAlign",560.825,560.855,"l"
"PhonAlign",560.855,561.115,"#"
"PhonAlign",561.115,561.205,"d"
"PhonAlign",561.205,561.575,"@"
"PhonAlign",561.575,561.835,"#"
"PhonAlign",561.835,561.865,"t"
"PhonAlign",561.865,562.0550000000001,"y"
"PhonAlign",562.0550000000001,562.085,"m"
"PhonAlign",562.085,562.325,"E"
"PhonAlign",562.325,562.4150000000001,"z"
"PhonAlign",562.4150000000001,562.585,"U~/"
"PhonAlign",562.585,562.625,"m"
"PhonAlign",562.625,562.6750000000001,"A/"
"PhonAlign",562.6750000000001,562.745,"R"
"PhonAlign",562.745,562.825,"k"
"PhonAlign",562.825,562.955,"A/"
"PhonAlign",562.955,562.985,"Z"
"PhonAlign",562.985,563.065,"d"
"PhonAlign",563.065,563.1450000000001,"@"
"PhonAlign",563.1450000000001,563.195,"U~/"
"PhonAlign",563.195,563.4250000000001,"A/"
"PhonAlign",563.4250000000001,563.565,"k"
"PhonAlign",563.565,563.7950000000001,"U~/"
"PhonAlign",563.7950000000001,563.9150000000001,"z"
"PhonAlign",563.9150000000001,563.975,"@"
"PhonAlign",563.975,564.3050000000001,"#"
"PhonAlign",564.3050000000001,564.375,"d"
"PhonAlign",564.375,564.445,"@"
"PhonAlign",564.445,564.585,"s"
"PhonAlign",564.585,564.6550000000001,"E"
"PhonAlign",564.6550000000001,564.725,"z"
"PhonAlign",564.725,564.8050000000001,"A/"
"PhonAlign",564.8050000000001,564.875,"t"
"PhonAlign",564.875,564.945,"R"
"PhonAlign",564.945,565.115,"a~"
"PhonAlign",565.115,565.205,"t"
"PhonAlign",565.205,565.3,"#"
"PhonAlign",565.3,565.42,"d"
"PhonAlign",565.42,565.51,"@"
"PhonAlign",565.51,565.5799999999999,"t"
"PhonAlign",565.5799999999999,565.62,"R"
"PhonAlign",565.62,565.7099999999999,"a~"
"PhonAlign",565.7099999999999,565.79,"t"
"PhonAlign",565.79,565.88,"e"
"PhonAlign",565.88,565.99,"U~/"
"PhonAlign",565.99,566.0799999999999,"A/"
"PhonAlign",566.0799999999999,566.17,"k"
"PhonAlign",566.17,566.2099999999999,"A/"
"PhonAlign",566.2099999999999,566.24,"R"
"PhonAlign",566.24,566.28,"a~"
"PhonAlign",566.28,566.3199999999999,"t"
"PhonAlign",566.3199999999999,566.37,"s"
"PhonAlign",566.37,566.5,"U~/"
"PhonAlign",566.5,566.55,"t"
"PhonAlign",566.55,566.5899999999999,"v"
"PhonAlign",566.5899999999999,566.62,"w"
"PhonAlign",566.62,566.7299999999999,"A/"
"PhonAlign",566.7299999999999,567.059744,"E"
"PhonAlign",567.059744,568.42,"#"
"PhonAlign",568.42,568.4699999999999,"s"
"PhonAlign",568.4699999999999,568.53,"e"
"PhonAlign",568.53,568.62,"s"
"PhonAlign",568.62,568.725,"A/"
"PhonAlign",568.725,570.445,"#"
"PhonAlign",570.445,570.495,"t"
"PhonAlign",570.495,570.5350000000001,"y"
"PhonAlign",570.5350000000001,570.615,"k"
"PhonAlign",570.615,570.695,"O/"
"PhonAlign",570.695,570.7650000000001,"m"
"PhonAlign",570.7650000000001,570.9050000000001,"a~"
"PhonAlign",570.9050000000001,570.955,"d"
"PhonAlign",570.955,571.0150000000001,"@"
"PhonAlign",571.0150000000001,571.195,"t"
"PhonAlign",571.195,571.2750000000001,"k"
"PhonAlign",571.2750000000001,571.325,"O/"
"PhonAlign",571.325,571.3850000000001,"m"
"PhonAlign",571.3850000000001,571.485,"a~"
"PhonAlign",571.485,571.5350000000001,"d"
"PhonAlign",571.5350000000001,571.575,"t"
"PhonAlign",571.575,571.625,"y"
"PhonAlign",571.625,571.6750000000001,"d"
"PhonAlign",571.6750000000001,571.725,"O/"
"PhonAlign",571.725,571.7950000000001,"n"
"PhonAlign",571.7950000000001,571.855,"t"
"PhonAlign",571.855,571.9250000000001,"O~"
"PhonAlign",571.9250000000001,571.995,"n"
"PhonAlign",571.995,572.0250000000001,"y"
"PhonAlign",572.0250000000001,572.0550000000001,"m"
"PhonAlign",572.0550000000001,572.085,"e"
"PhonAlign",572.085,572.115,"R"
"PhonAlign",572.115,572.1750000000001,"O/"
"PhonAlign",572.1750000000001,572.215,"d"
"PhonAlign",572.215,572.3050000000001,"p"
"PhonAlign",572.3050000000001,572.345,"l"
"PhonAlign",572.345,572.495,"A/"
"PhonAlign",572.495,572.69,"s"
"PhonAlign",572.69,573.505,"#"
"PhonAlign",573.505,573.705,"e"
"PhonAlign",573.705,574.015,"A/"
"PhonAlign",574.015,574.095,"p"
"PhonAlign",574.095,574.155,"R"
"PhonAlign",574.155,574.185,"E"
"PhonAlign",574.185,574.265,"l"
"PhonAlign",574.265,574.555,"@"
"PhonAlign",574.555,574.665,"e"
"PhonAlign",574.665,574.725,"A/"
"PhonAlign",574.725,574.835,"p"
"PhonAlign",574.835,575.135,"R"
"PhonAlign",575.135,575.165,"E"
"PhonAlign",575.165,575.405,"v"
"PhonAlign",575.405,575.435,"l"
"PhonAlign",575.435,575.47,"A/"
"PhonAlign",575.47,575.55,"#"
"PhonAlign",575.55,575.5899999999999,"s"
"PhonAlign",575.5899999999999,575.62,"e"
"PhonAlign",575.62,575.7199999999999,"s"
"PhonAlign",575.7199999999999,575.885,"A/"
"PhonAlign",575.885,581.1,"#"
"PhonAlign",581.1,581.1700000000001,"s"
"PhonAlign",581.1700000000001,581.25,"A/"
"PhonAlign",581.25,581.3100000000001,"m"
"PhonAlign",581.3100000000001,581.37,"w"
"PhonAlign",581.37,581.4200000000001,"A/"
"PhonAlign",581.4200000000001,581.53,"s"
"PhonAlign",581.53,581.61,"A/"
"PhonAlign",581.61,581.65,"m"
"PhonAlign",581.65,581.69,"w"
"PhonAlign",581.69,581.72,"A/"
"PhonAlign",581.72,581.75,"Z"
"PhonAlign",581.75,581.86,"p"
"PhonAlign",581.86,582.08,"2"
"PhonAlign",582.08,582.12,"z"
"PhonAlign",582.12,582.19,"Z"
"PhonAlign",582.19,582.23,"@"
"PhonAlign",582.23,582.28,"p"
"PhonAlign",582.28,582.4,"2"
"PhonAlign",582.4,582.44,"z"
"PhonAlign",582.44,582.57,"p"
"PhonAlign",582.57,582.64,"2"
"PhonAlign",582.64,582.8100000000001,"t"
"PhonAlign",582.8100000000001,582.85,"E"
"PhonAlign",582.85,582.91,"t"
"PhonAlign",582.91,582.96,"R"
"PhonAlign",582.96,583.02,"m"
"PhonAlign",583.02,583.1,"a~"
"PhonAlign",583.1,583.25,"O/"
"PhonAlign",583.25,583.32,"k"
"PhonAlign",583.32,583.37,"y"
"PhonAlign",583.37,583.46,"p"
"PhonAlign",583.46,583.65,"e"
"PhonAlign",583.65,583.6800000000001,"d"
"PhonAlign",583.6800000000001,583.98,"y"
"PhonAlign",583.98,584.01,"s"
"PhonAlign",584.01,584.09,"i"
"PhonAlign",584.09,584.26,"s"
"PhonAlign",584.26,584.33,"t"
"PhonAlign",584.33,584.37,"E"
"PhonAlign",584.37,584.44,"m"
"PhonAlign",584.44,584.51,"d"
"PhonAlign",584.51,584.57,"n"
"PhonAlign",584.57,584.6,"y"
"PhonAlign",584.6,584.66,"m"
"PhonAlign",584.66,584.69,"E"
"PhonAlign",584.69,584.72,"R"
"PhonAlign",584.72,584.87,"O/"
"PhonAlign",584.87,584.94,"t"
"PhonAlign",584.94,585.01,"A/"
"PhonAlign",585.01,585.12,"s"
"PhonAlign",585.12,585.15,"j"
"PhonAlign",585.15,585.27,"O~"
"PhonAlign",585.27,585.3000000000001,"d"
"PhonAlign",585.3000000000001,585.38,"e"
"PhonAlign",585.38,585.48,"p"
"PhonAlign",585.48,585.52,"l"
"PhonAlign",585.52,585.62,"A/"
"PhonAlign",585.62,585.6700000000001,"s"
"PhonAlign",585.6700000000001,585.72,"p"
"PhonAlign",585.72,585.75,"2"
"PhonAlign",585.75,585.84,"t"
"PhonAlign",585.84,585.88,"E"
"PhonAlign",585.88,585.91,"t"
"PhonAlign",585.91,585.95,"R"
"PhonAlign",585.95,588.57,"#"
"PhonAlign",588.57,588.6500000000001,"b"
"PhonAlign",588.6500000000001,588.88,"U~/"
"PhonAlign",588.88,588.99,"s"
"PhonAlign",588.99,589.25,"A/"
"PhonAlign",589.25,589.34,"b"
"PhonAlign",589.34,589.47,"U~/"
"PhonAlign",589.47,589.58,"s"
"PhonAlign",589.58,589.6600000000001,"A/"
"PhonAlign",589.6600000000001,589.75,"f"
"PhonAlign",589.75,589.83,"O/"
"PhonAlign",589.83,589.94,"k"
"PhonAlign",589.94,590.1600000000001,"@"
"PhonAlign",590.1600000000001,590.2700000000001,"Z"
"PhonAlign",590.2700000000001,590.37,"@"
"PhonAlign",590.37,590.6,"v"
"PhonAlign",590.6,590.6500000000001,"w"
"PhonAlign",590.6500000000001,590.6800000000001,"A/"
"PhonAlign",590.6800000000001,590.7600000000001,"A/"
"PhonAlign",590.7600000000001,590.82,"v"
"PhonAlign",590.82,590.95,"E"
"PhonAlign",590.95,591.07,"k"
"PhonAlign",591.07,591.1,"A/"
"PhonAlign",591.1,591.13,"v"
"PhonAlign",591.13,591.36,"E"
"PhonAlign",591.36,591.3900000000001,"k"
"PhonAlign",591.3900000000001,591.46,"d"
"PhonAlign",591.46,591.5300000000001,"e"
"PhonAlign",591.5300000000001,591.59,"d"
"PhonAlign",591.59,591.7600000000001,"e"
"PhonAlign",591.7600000000001,591.7900000000001,"m"
"PhonAlign",591.7900000000001,591.8900000000001,"Z"
"PhonAlign",591.8900000000001,591.96,"p"
"PhonAlign",591.96,592.0600000000001,"a~"
"PhonAlign",592.0600000000001,592.1700000000001,"s"
"PhonAlign",592.1700000000001,592.24,"Z"
"PhonAlign",592.24,592.5200000000001,"@"
"PhonAlign",592.5200000000001,593.08,"p"
"PhonAlign",593.08,593.19,"a~"
"PhonAlign",593.19,593.24,"s"
"PhonAlign",593.24,593.3100000000001,"k"
"PhonAlign",593.3100000000001,593.37,"O~"
"PhonAlign",593.37,593.5,"p"
"PhonAlign",593.5,593.5400000000001,"@"
"PhonAlign",593.5400000000001,593.7,"s"
"PhonAlign",593.7,593.73,"i"
"PhonAlign",593.73,593.7800000000001,"m"
"PhonAlign",593.7800000000001,593.85,"E"
"PhonAlign",593.85,593.9300000000001,"t"
"PhonAlign",593.9300000000001,594.0200000000001,"R"
"PhonAlign",594.0200000000001,594.555,"fp"
"PhonAlign",594.555,595.34,"#"
"PhonAlign",595.34,595.4300000000001,"f"
"PhonAlign",595.4300000000001,595.5400000000001,"a~"
"PhonAlign",595.5400000000001,595.57,"f"
"PhonAlign",595.57,595.61,"U~/"
"PhonAlign",595.61,595.6800000000001,"p"
"PhonAlign",595.6800000000001,595.76,"A/"
"PhonAlign",595.76,595.85,"t"
"PhonAlign",595.85,595.88,"R"
"PhonAlign",595.88,595.98,"a~"
"PhonAlign",595.98,596.14,"t"
"PhonAlign",596.14,596.21,"s"
"PhonAlign",596.21,596.2900000000001,"a~"
"PhonAlign",596.2900000000001,596.36,"p"
"PhonAlign",596.36,596.4,"R"
"PhonAlign",596.4,596.48,"a~"
"PhonAlign",596.48,596.5400000000001,"d"
"PhonAlign",596.5400000000001,596.58,"R"
"PhonAlign",596.58,596.695,"#"
"PhonAlign",596.695,596.735,"y"
"PhonAlign",596.735,596.7650000000001,"n"
"PhonAlign",596.7650000000001,596.875,"t"
"PhonAlign",596.875,596.9250000000001,"R"
"PhonAlign",596.9250000000001,597.005,"O/"
"PhonAlign",597.005,597.0550000000001,"A/"
"PhonAlign",597.0550000000001,597.085,"l"
"PhonAlign",597.085,597.1550000000001,"A/"
"PhonAlign",597.1550000000001,597.255,"v"
"PhonAlign",597.255,597.3950000000001,"a~"
"PhonAlign",597.3950000000001,597.49,"s"
"PhonAlign",597.49,600.095,"#"
"PhonAlign",600.095,600.235,"w"
"PhonAlign",600.235,600.4150000000001,"E"
"PhonAlign",600.4150000000001,600.525,"s"
"PhonAlign",600.525,600.5550000000001,"e"
"PhonAlign",600.5550000000001,600.6650000000001,"s"
"PhonAlign",600.6650000000001,601.745,"A/"
"PhonAlign",601.745,601.805,"w"
"PhonAlign",601.805,602.235,"E"
"PhonAlign",602.235,602.365,"w"
"PhonAlign",602.365,603.05,"E"
"PhonAlign",603.05,603.38,"m"
"PhonAlign",603.38,603.575,"#"
"PhonAlign",603.575,603.695,"d"
"PhonAlign",603.695,603.825,"2"
"PhonAlign",603.825,603.995,"z"
"PhonAlign",603.995,604.1450000000001,"d"
"PhonAlign",604.1450000000001,604.215,"2"
"PhonAlign",604.215,604.365,"s"
"PhonAlign",604.365,604.495,"2"
"PhonAlign",604.495,604.585,"m"
"PhonAlign",604.585,604.615,"E"
"PhonAlign",604.615,604.705,"n"
"PhonAlign",604.705,604.845,"z"
"PhonAlign",604.845,604.9350000000001,"A/"
"PhonAlign",604.9350000000001,604.975,"v"
"PhonAlign",604.975,605.1750000000001,"a~"
"PhonAlign",605.1750000000001,605.255,"p"
"PhonAlign",605.255,605.2950000000001,"u"
"PhonAlign",605.2950000000001,605.325,"R"
"PhonAlign",605.325,605.365,"E"
"PhonAlign",605.365,605.455,"t"
"PhonAlign",605.455,605.485,"l"
"PhonAlign",605.485,605.625,"A/"
"PhonAlign",605.625,605.6550000000001,"R"
"PhonAlign",605.6550000000001,605.74,"Z"
"PhonAlign",605.74,609.285,"#"
"PhonAlign",609.285,609.355,"u"
"PhonAlign",609.355,609.425,"i"
"PhonAlign",609.425,609.505,"m"
"PhonAlign",609.505,609.625,"E"
"PhonAlign",609.625,609.6949999999999,"n"
"PhonAlign",609.6949999999999,609.795,"O/"
"PhonAlign",609.795,609.865,"m"
"PhonAlign",609.865,609.905,"E"
"PhonAlign",609.905,609.9649999999999,"n"
"PhonAlign",609.9649999999999,610.0749999999999,"O/"
"PhonAlign",610.0749999999999,610.135,"m"
"PhonAlign",610.135,610.3449999999999,"E"
"PhonAlign",610.3449999999999,610.5849999999999,"z"
"PhonAlign",610.5849999999999,610.915,"A/"
"PhonAlign",610.915,611.025,"A/"
"PhonAlign",611.025,611.0949999999999,"p"
"PhonAlign",611.0949999999999,611.3449999999999,"R"
"PhonAlign",611.3449999999999,611.395,"E"
"PhonAlign",611.395,611.475,"p"
"PhonAlign",611.475,611.545,"A/"
"PhonAlign",611.545,611.5849999999999,"R"
"PhonAlign",611.5849999999999,611.6949999999999,"e"
"PhonAlign",611.6949999999999,611.79,"R"
"PhonAlign",611.79,612.526791,"#"
"PhonAlign",612.526791,612.566791,"A/"
"PhonAlign",612.566791,612.646791,"p"
"PhonAlign",612.646791,612.766791,"R"
"PhonAlign",612.766791,612.816791,"E"
"PhonAlign",612.816791,612.876791,"p"
"PhonAlign",612.876791,612.956791,"A/"
"PhonAlign",612.956791,613.016791,"R"
"PhonAlign",613.016791,613.146791,"e"
"PhonAlign",613.146791,613.176791,"E"
"PhonAlign",613.176791,613.2167910000001,"A/"
"PhonAlign",613.2167910000001,613.296791,"p"
"PhonAlign",613.296791,613.336791,"R"
"PhonAlign",613.336791,613.506791,"E"
"PhonAlign",613.506791,613.566791,"z"
"PhonAlign",613.566791,613.616791,"t"
"PhonAlign",613.616791,613.836791,"U~/"
"PhonAlign",613.836791,613.926791,"s"
"PhonAlign",613.926791,614.126791,"t"
"PhonAlign",614.126791,614.226791,"A/"
"PhonAlign",614.226791,614.256791,"l"
"PhonAlign",614.256791,614.346791,"t"
"PhonAlign",614.346791,614.406791,"U~/"
"PhonAlign",614.406791,614.4667910000001,"s"
"PhonAlign",614.4667910000001,614.526791,"t"
"PhonAlign",614.526791,614.566791,"A/"
"PhonAlign",614.566791,614.596791,"l"
"PhonAlign",614.596791,614.696791,"s"
"PhonAlign",614.696791,614.726791,"y"
"PhonAlign",614.726791,614.756791,"R"
"PhonAlign",614.756791,614.866791,"p"
"PhonAlign",614.866791,614.896791,"l"
"PhonAlign",614.896791,614.996791,"A/"
"PhonAlign",614.996791,615.136791,"s"
"PhonAlign",615.136791,615.336791,"@"
"PhonAlign",615.336791,615.396791,"Z"
"PhonAlign",615.396791,615.446791,"a~"
"PhonAlign",615.446791,615.476791,"R"
"PhonAlign",615.476791,615.506791,"l"
"PhonAlign",615.506791,615.556791,"A/"
"PhonAlign",615.556791,615.606791,"v"
"PhonAlign",615.606791,615.686791,"E"
"PhonAlign",615.686791,615.7167910000001,"j"
"PhonAlign",615.7167910000001,615.816791,"k"
"PhonAlign",615.816791,615.846791,"w"
"PhonAlign",615.846791,615.925,"A/"
"PhonAlign",615.925,623.555,"#"
"PhonAlign",623.555,623.6149999999999,"b"
"PhonAlign",623.6149999999999,623.665,"i"
"PhonAlign",623.665,623.7049999999999,"l"
"PhonAlign",623.7049999999999,623.805,"@"
"PhonAlign",623.805,623.8549999999999,"t"
"PhonAlign",623.8549999999999,623.905,"R"
"PhonAlign",623.905,624.02,"i"
"PhonAlign",624.02,625.1,"#"
"PhonAlign",625.1,625.14,"l"
"PhonAlign",625.14,625.1800000000001,"e"
"PhonAlign",625.1800000000001,625.21,"d"
"PhonAlign",625.21,625.24,"2"
"PhonAlign",625.24,625.27,"l"
"PhonAlign",625.27,625.3000000000001,"@"
"PhonAlign",625.3000000000001,625.33,"d"
"PhonAlign",625.33,625.37,"2"
"PhonAlign",625.37,626.845,"#"
"PhonAlign",626.845,626.885,"s"
"PhonAlign",626.885,626.965,"p"
"PhonAlign",626.965,627.015,"O/"
"PhonAlign",627.015,627.0450000000001,"n"
"PhonAlign",627.0450000000001,627.125,"s"
"PhonAlign",627.125,627.1650000000001,"O/"
"PhonAlign",627.1650000000001,627.195,"R"
"PhonAlign",627.195,627.265,"i"
"PhonAlign",627.265,627.345,"A/"
"PhonAlign",627.345,627.455,"t"
"PhonAlign",627.455,627.485,"j"
"PhonAlign",627.485,627.525,"O~"
"PhonAlign",627.525,627.615,"f"
"PhonAlign",627.615,627.645,"n"
"PhonAlign",627.645,627.735,"A/"
"PhonAlign",627.735,627.81,"k"
"PhonAlign",627.81,632.419835,"#"
"PhonAlign",632.419835,633.086909,"laugh"
"PhonAlign",633.086909,633.46714,"#"
"PhonAlign",633.46714,634.234275,"laugh"
"PhonAlign",634.234275,642.525,"#"
"PhonAlign",642.525,642.5649999999999,"s"
"PhonAlign",642.5649999999999,642.595,"i"
"PhonAlign",642.595,642.655,"n"
"PhonAlign",642.655,642.715,"O~"
"PhonAlign",642.715,643.43,"fp"
"PhonAlign",643.43,648.335,"#"
"PhonAlign",648.335,648.465,"w"
"PhonAlign",648.465,648.585,"E"
"PhonAlign",648.585,648.715,"A/"
"PhonAlign",648.715,648.745,"A/"
"PhonAlign",648.745,648.7750000000001,"l"
"PhonAlign",648.7750000000001,648.835,"A/"
"PhonAlign",648.835,648.995,"s"
"PhonAlign",648.995,649.0350000000001,"O/"
"PhonAlign",649.0350000000001,649.4150000000001,"fp"
"PhonAlign",649.4150000000001,650.075,"#"
"PhonAlign",650.075,650.1750000000001,"s"
"PhonAlign",650.1750000000001,650.205,"y"
"PhonAlign",650.205,650.265,"R"
"PhonAlign",650.265,650.335,"l"
"PhonAlign",650.335,650.495,"@"
"PhonAlign",650.495,650.625,"s"
"PhonAlign",650.625,650.6750000000001,"y"
"PhonAlign",650.6750000000001,650.705,"R"
"PhonAlign",650.705,650.745,"l"
"PhonAlign",650.745,650.865,"s"
"PhonAlign",650.865,650.895,"i"
"PhonAlign",650.895,650.9250000000001,"t"
"PhonAlign",650.9250000000001,650.965,"d"
"PhonAlign",650.965,651.0550000000001,"U~/"
"PhonAlign",651.0550000000001,651.135,"t"
"PhonAlign",651.135,651.1650000000001,"E"
"PhonAlign",651.1650000000001,651.195,"R"
"PhonAlign",651.195,651.235,"n"
"PhonAlign",651.235,651.265,"e"
"PhonAlign",651.265,651.345,"d"
"PhonAlign",651.345,651.395,"@"
"PhonAlign",651.395,651.4250000000001,"l"
"PhonAlign",651.4250000000001,651.475,"A/"
"PhonAlign",651.475,651.575,"s"
"PhonAlign",651.575,651.815,"O/"
"PhonAlign",651.815,651.9150000000001,"d"
"PhonAlign",651.9150000000001,651.965,"@"
"PhonAlign",651.965,651.995,"l"
"PhonAlign",651.995,652.0250000000001,"A/"
"PhonAlign",652.0250000000001,652.135,"s"
"PhonAlign",652.135,652.245,"O/"
"PhonAlign",652.245,655.4,"#"
"PhonAlign",655.4,655.52,"E"
"PhonAlign",655.52,655.5799999999999,"b"
"PhonAlign",655.5799999999999,655.65,"E"
"PhonAlign",655.65,655.78,"s"
"PhonAlign",655.78,655.99,"A/"
"PhonAlign",655.99,656.09,"s"
"PhonAlign",656.09,656.24,"O~"
"PhonAlign",656.24,656.27,"p"
"PhonAlign",656.27,656.3,"u"
"PhonAlign",656.3,656.35,"R"
"PhonAlign",656.35,656.39,"e"
"PhonAlign",656.39,656.4399999999999,"e"
"PhonAlign",656.4399999999999,656.54,"s"
"PhonAlign",656.54,656.63,"e"
"PhonAlign",656.63,656.66,"j"
"PhonAlign",656.66,656.74,"e"
"PhonAlign",656.74,656.81,"#"
"PhonAlign",656.81,656.84,"p"
"PhonAlign",656.84,656.9599999999999,"s"
"PhonAlign",656.9599999999999,656.99,"k"
"PhonAlign",656.99,657.0799999999999,"s"
"PhonAlign",657.0799999999999,657.13,"A/"
"PhonAlign",657.13,657.3,"s"
"PhonAlign",657.3,657.3299999999999,"R"
"PhonAlign",657.3299999999999,657.37,"A/"
"PhonAlign",657.37,657.4499999999999,"d"
"PhonAlign",657.4499999999999,657.5,"Z"
"PhonAlign",657.5,657.5799999999999,"A/"
"PhonAlign",657.5799999999999,657.78,"p"
"PhonAlign",657.78,657.81,"l"
"PhonAlign",657.81,657.87,"y"
"PhonAlign",657.87,658.11,"s"
"PhonAlign",658.11,658.1899999999999,"U~/"
"PhonAlign",658.1899999999999,658.3199999999999,"p"
"PhonAlign",658.3199999999999,658.9599999999999,"2"
"PhonAlign",658.9599999999999,659.035,"fp"
"PhonAlign",659.035,659.46,"#"
"PhonAlign",659.46,659.5600000000001,"p"
"PhonAlign",659.5600000000001,659.61,"y"
"PhonAlign",659.61,659.69,"b"
"PhonAlign",659.69,659.75,"l"
"PhonAlign",659.75,659.88,"i"
"PhonAlign",659.88,659.9200000000001,"k"
"PhonAlign",659.9200000000001,659.97,"p"
"PhonAlign",659.97,660.37,"y"
"PhonAlign",660.37,660.4000000000001,"b"
"PhonAlign",660.4000000000001,660.4300000000001,"l"
"PhonAlign",660.4300000000001,660.51,"i"
"PhonAlign",660.51,660.6500000000001,"k"
"PhonAlign",660.6500000000001,660.75,"v"
"PhonAlign",660.75,660.89,"i"
"PhonAlign",660.89,661.1700000000001,"z"
"PhonAlign",661.1700000000001,661.37,"e"
"PhonAlign",661.37,661.71,"A/"
"PhonAlign",661.71,661.7800000000001,"U~/"
"PhonAlign",661.7800000000001,661.85,"f"
"PhonAlign",661.85,661.89,"E"
"PhonAlign",661.89,662.0300000000001,"s"
"PhonAlign",662.0300000000001,662.0600000000001,"t"
"PhonAlign",662.0600000000001,662.11,"i"
"PhonAlign",662.11,662.1500000000001,"v"
"PhonAlign",662.1500000000001,662.3100000000001,"A/"
"PhonAlign",662.3100000000001,662.39,"l"
"PhonAlign",662.39,662.9100000000001,"#"
"PhonAlign",662.9100000000001,662.97,"k"
"PhonAlign",662.97,663.0500000000001,"@"
"PhonAlign",663.0500000000001,663.13,"d"
"PhonAlign",663.13,663.1600000000001,"i"
"PhonAlign",663.1600000000001,663.19,"R"
"PhonAlign",663.19,663.25,"E"
"PhonAlign",663.25,663.3000000000001,"k"
"PhonAlign",663.3000000000001,663.34,"t"
"PhonAlign",663.34,663.38,"2"
"PhonAlign",663.38,663.47,"m"
"PhonAlign",663.47,663.74,"a~"
"PhonAlign",663.74,663.8100000000001,"O/"
"PhonAlign",663.8100000000001,663.97,"s"
"PhonAlign",663.97,664.0,"i"
"PhonAlign",664.0,664.0500000000001,"n"
"PhonAlign",664.0500000000001,664.1,"e"
"PhonAlign",664.1,664.19,"m"
"PhonAlign",664.19,664.63,"A/"
"PhonAlign",664.63,666.6,"#"
"PhonAlign",666.6,666.6800000000001,"w"
"PhonAlign",666.6800000000001,666.78,"E"
"PhonAlign",666.78,668.13,"#"
"PhonAlign",668.13,668.27,"O~"
"PhonAlign",668.27,668.3,"p"
"PhonAlign",668.3,668.33,"u"
"PhonAlign",668.33,668.36,"R"
"PhonAlign",668.36,668.39,"A/"
"PhonAlign",668.39,668.42,"d"
"PhonAlign",668.42,668.45,"O/"
"PhonAlign",668.45,668.48,"n"
"PhonAlign",668.48,668.52,"e"
"PhonAlign",668.52,668.56,"d"
"PhonAlign",668.56,668.6,"e"
"PhonAlign",668.6,668.73,"f"
"PhonAlign",668.73,668.77,"l"
"PhonAlign",668.77,668.83,"i"
"PhonAlign",668.83,668.86,"E"
"PhonAlign",668.86,668.93,"R"
"PhonAlign",668.93,672.355,"#"
"PhonAlign",672.355,672.515,"e"
"PhonAlign",672.515,672.625,"s"
"PhonAlign",672.625,672.6750000000001,"y"
"PhonAlign",672.6750000000001,672.705,"R"
"PhonAlign",672.705,672.765,"l"
"PhonAlign",672.765,672.875,"s"
"PhonAlign",672.875,672.905,"i"
"PhonAlign",672.905,672.965,"t"
"PhonAlign",672.965,673.0450000000001,"U~/"
"PhonAlign",673.0450000000001,673.115,"t"
"PhonAlign",673.115,673.145,"E"
"PhonAlign",673.145,673.1850000000001,"R"
"PhonAlign",673.1850000000001,673.225,"n"
"PhonAlign",673.225,673.2950000000001,"E"
"PhonAlign",673.2950000000001,673.4350000000001,"t"
"PhonAlign",673.4350000000001,673.605,"d"
"PhonAlign",673.605,673.6850000000001,"@"
"PhonAlign",673.6850000000001,673.725,"l"
"PhonAlign",673.725,673.765,"A/"
"PhonAlign",673.765,673.905,"s"
"PhonAlign",673.905,673.99,"O/"
"PhonAlign",673.99,679.956042,"#"
"PhonAlign",679.956042,680.903286,"laugh"
"PhonAlign",680.903286,698.530041,"#"
"PhonAlign",698.530041,698.890041,"A/"
"PhonAlign",698.890041,698.990041,"b"
"PhonAlign",698.990041,699.263356,"O~"
"PhonAlign",699.263356,708.3,"#"
"PhonAlign",708.3,709.505,"laugh"
"PhonAlign",709.505,710.726464,"#"
"PhonAlign",710.726464,711.474734,"laugh"
"PhonAlign",711.474734,711.858041,"#"
"PhonAlign",711.858041,712.0080409999999,"Z"
"PhonAlign",712.0080409999999,712.098041,"A/"
"PhonAlign",712.098041,712.1280409999999,"R"
"PhonAlign",712.1280409999999,712.1580409999999,"i"
"PhonAlign",712.1580409999999,712.198041,"v"
"PhonAlign",712.198041,712.308041,"A/"
"PhonAlign",712.308041,712.348041,"v"
"PhonAlign",712.348041,712.3780409999999,"E"
"PhonAlign",712.3780409999999,712.4080409999999,"k"
"PhonAlign",712.4080409999999,712.448041,"m"
"PhonAlign",712.448041,712.5080409999999,"A/"
"PhonAlign",712.5080409999999,712.568041,"b"
"PhonAlign",712.568041,712.6480409999999,"O~"
"PhonAlign",712.6480409999999,712.698041,"b"
"PhonAlign",712.698041,712.728041,"d"
"PhonAlign",712.728041,712.798041,"@"
"PhonAlign",712.798041,712.858041,"p"
"PhonAlign",712.858041,712.958041,"A/"
"PhonAlign",712.958041,712.988041,"R"
"PhonAlign",712.988041,713.238041,"v"
"PhonAlign",713.238041,713.328041,"2"
"PhonAlign",713.328041,713.4080409999999,"n"
"PhonAlign",713.4080409999999,713.483438,"y"
"PhonAlign",713.483438,718.44,"#"
"PhonAlign",718.44,718.48,"l"
"PhonAlign",718.48,718.6700000000001,"A/"
"PhonAlign",718.6700000000001,718.71,"l"
"PhonAlign",718.71,718.7800000000001,"A/"
"PhonAlign",718.7800000000001,718.84,"b"
"PhonAlign",718.84,718.95,"O~"
"PhonAlign",718.95,718.98,"b"
"PhonAlign",718.98,719.0100000000001,"d"
"PhonAlign",719.0100000000001,719.0600000000001,"@"
"PhonAlign",719.0600000000001,719.1300000000001,"p"
"PhonAlign",719.1300000000001,719.22,"U~/"
"PhonAlign",719.22,719.3000000000001,"t"
"PhonAlign",719.3000000000001,719.33,"y"
"PhonAlign",719.33,719.36,"R"
"PhonAlign",719.36,719.49,"@"
"PhonAlign",719.49,719.71,"d"
"PhonAlign",719.71,719.9100000000001,"@"
"PhonAlign",719.9100000000001,720.0500000000001,"d"
"PhonAlign",720.0500000000001,720.1,"@"
"PhonAlign",720.1,720.1300000000001,"l"
"PhonAlign",720.1300000000001,720.22,"A/"
"PhonAlign",720.22,720.25,"R"
"PhonAlign",720.25,720.32,"b"
"PhonAlign",720.32,720.3800000000001,"i"
"PhonAlign",720.3800000000001,720.4300000000001,"t"
"PhonAlign",720.4300000000001,720.8000000000001,"R"
"PhonAlign",720.8000000000001,721.11,"p"
"PhonAlign",721.11,721.1500000000001,"u"
"PhonAlign",721.1500000000001,721.37,"R"
"PhonAlign",721.37,721.4000000000001,"l"
"PhonAlign",721.4000000000001,721.46,"@"
"PhonAlign",721.46,721.49,"k"
"PhonAlign",721.49,721.5200000000001,"u"
"PhonAlign",721.5200000000001,721.96,"f"
"PhonAlign",721.96,721.99,"R"
"PhonAlign",721.99,722.03,"a~"
"PhonAlign",722.03,728.94,"#"
"PhonAlign",728.94,729.0,"t"
"PhonAlign",729.0,729.07,"R"
"PhonAlign",729.07,729.1600000000001,"w"
"PhonAlign",729.1600000000001,729.2800000000001,"A/"
"PhonAlign",729.2800000000001,729.36,"t"
"PhonAlign",729.36,729.3900000000001,"R"
"PhonAlign",729.3900000000001,729.4200000000001,"w"
"PhonAlign",729.4200000000001,729.46,"A/"
"PhonAlign",729.46,729.5600000000001,"k"
"PhonAlign",729.5600000000001,729.61,"A/"
"PhonAlign",729.61,729.6600000000001,"t"
"PhonAlign",729.6600000000001,729.7900000000001,"t"
"PhonAlign",729.7900000000001,729.85,"R"
"PhonAlign",729.85,729.9200000000001,"w"
"PhonAlign",729.9200000000001,729.97,"A/"
"PhonAlign",729.97,730.0300000000001,"k"
"PhonAlign",730.0300000000001,730.0600000000001,"A/"
"PhonAlign",730.0600000000001,730.1600000000001,"t"
"PhonAlign",730.1600000000001,730.22,"m"
"PhonAlign",730.22,730.25,"w"
"PhonAlign",730.25,730.3000000000001,"A/"
"PhonAlign",730.3000000000001,730.4100000000001,"A/"
"PhonAlign",730.4100000000001,730.45,"l"
"PhonAlign",730.45,730.5200000000001,"A/"
"PhonAlign",730.5200000000001,730.5500000000001,"v"
"PhonAlign",730.5500000000001,730.59,"a~"
"PhonAlign",730.59,730.665,"s"
"PhonAlign",730.665,731.545,"#"
"PhonAlign",731.545,731.615,"f"
"PhonAlign",731.615,731.665,"E"
"PhonAlign",731.665,731.7049999999999,"R"
"PhonAlign",731.7049999999999,731.755,"d"
"PhonAlign",731.755,731.8149999999999,"e"
"PhonAlign",731.8149999999999,731.885,"p"
"PhonAlign",731.885,731.9449999999999,"R"
"PhonAlign",731.9449999999999,732.005,"e"
"PhonAlign",732.005,732.0649999999999,"v"
"PhonAlign",732.0649999999999,732.2249999999999,"a~"
"PhonAlign",732.2249999999999,732.305,"t"
"PhonAlign",732.305,736.2,"#"
"PhonAlign",736.2,736.24,"w"
"PhonAlign",736.24,736.683361,"E"
"PhonAlign",736.683361,750.91,"#"
"PhonAlign",750.91,752.89013,"laugh"
"PhonAlign",752.89013,761.795,"#"
"PhonAlign",761.795,761.895,"A/"
"PhonAlign",761.895,761.985,"b"
"PhonAlign",761.985,762.055,"w"
"PhonAlign",762.055,762.175,"A/"
"PhonAlign",762.175,762.295,"R"
"PhonAlign",762.295,762.41,"@"
"PhonAlign",762.41,774.641709,"#"
"PhonAlign",774.641709,775.19044,"laugh"
"PhonAlign",775.19044,779.69,"#"
"PhonAlign",779.69,780.730313,"laugh"
"PhonAlign",780.730313,801.204644,"#"
"PhonAlign",801.204644,802.385104,"laugh"
"PhonAlign",802.385104,814.71,"#"
"PhonAlign",814.71,814.76,"Z"
"PhonAlign",814.76,815.01,"a~"
"PhonAlign",815.01,815.0400000000001,"R"
"PhonAlign",815.0400000000001,815.11,"Z"
"PhonAlign",815.11,815.22,"y"
"PhonAlign",815.22,815.2800000000001,"s"
"PhonAlign",815.2800000000001,815.36,"t"
"PhonAlign",815.36,815.51,"@"
"PhonAlign",815.51,815.58,"Z"
"PhonAlign",815.58,815.69,"a~"
"PhonAlign",815.69,815.72,"R"
"PhonAlign",815.72,815.75,"Z"
"PhonAlign",815.75,815.8100000000001,"y"
"PhonAlign",815.8100000000001,815.9300000000001,"s"
"PhonAlign",815.9300000000001,815.96,"i"
"PhonAlign",815.96,816.01,"s"
"PhonAlign",816.01,816.0600000000001,"t"
"PhonAlign",816.0600000000001,816.09,"w"
"PhonAlign",816.09,816.12,"A/"
"PhonAlign",816.12,816.1500000000001,"R"
"PhonAlign",816.1500000000001,816.2,"d"
"PhonAlign",816.2,816.25,"@"
"PhonAlign",816.25,816.2800000000001,"l"
"PhonAlign",816.2800000000001,816.32,"@"
"PhonAlign",816.32,816.4200000000001,"p"
"PhonAlign",816.4200000000001,816.45,"R"
"PhonAlign",816.45,816.48,"E"
"PhonAlign",816.48,816.51,"v"
"PhonAlign",816.51,816.5400000000001,"2"
"PhonAlign",816.5400000000001,816.57,"n"
"PhonAlign",816.57,816.6,"i"
"PhonAlign",816.6,816.69,"R"
"PhonAlign",816.69,816.76,"k"
"PhonAlign",816.76,816.7900000000001,"@"
"PhonAlign",816.7900000000001,816.86,"b"
"PhonAlign",816.86,816.89,"O/"
"PhonAlign",816.89,817.125,"fp"
"PhonAlign",817.125,821.195,"#"
"PhonAlign",821.195,821.2750000000001,"w"
"PhonAlign",821.2750000000001,821.58799,"E"
"PhonAlign",821.58799,826.97,"#"
"PhonAlign",826.97,827.01,"Z"
"PhonAlign",827.01,827.0400000000001,"v"
"PhonAlign",827.0400000000001,827.07,"w"
"PhonAlign",827.07,827.1,"A/"
"PhonAlign",827.1,827.2,"s"
"PhonAlign",827.2,827.23,"k"
"PhonAlign",827.23,827.36,"s"
"PhonAlign",827.36,827.778993,"e"
"PhonAlign",827.778993,828.47,"#"
"PhonAlign",828.47,828.51,"laugh"
"PhonAlign",828.51,828.5600000000001,"s"
"PhonAlign",828.5600000000001,828.6,"e"
"PhonAlign",828.6,828.63,"s"
"PhonAlign",828.63,828.6600000000001,"e"
"PhonAlign",828.6600000000001,829.21,"v"
"PhonAlign",829.21,829.73,"R"
"PhonAlign",829.73,829.7900000000001,"E"
"PhonAlign",829.7900000000001,829.84,"k"
"PhonAlign",829.84,829.9,"@"
"PhonAlign",829.9,830.0,"s"
"PhonAlign",830.0,830.115,"i"
"PhonAlign",830.115,831.825,"#"
"PhonAlign",831.825,832.1850000000001,"s"
"PhonAlign",832.1850000000001,832.225,"i"
"PhonAlign",832.225,832.375,"O~"
"PhonAlign",832.375,832.455,"f"
"PhonAlign",832.455,832.575,"E"
"PhonAlign",832.575,832.605,"y"
"PhonAlign",832.605,832.6650000000001,"n"
"PhonAlign",832.6650000000001,832.875,"@"
"PhonAlign",832.875,832.9150000000001,"i"
"PhonAlign",832.9150000000001,833.065,"n"
"PhonAlign",833.065,833.095,"g"
"PhonAlign",833.095,833.125,"l"
"PhonAlign",833.125,833.195,"O/"
"PhonAlign",833.195,833.225,"R"
"PhonAlign",833.225,833.625,"j"
"PhonAlign",833.625,833.725,"O/"
"PhonAlign",833.725,833.7750000000001,"y"
"PhonAlign",833.7750000000001,833.825,"s"
"PhonAlign",833.825,833.8950000000001,"b"
"PhonAlign",833.8950000000001,833.955,"A/"
"PhonAlign",833.955,834.125,"t"
"PhonAlign",834.125,834.3050000000001,"A/"
"PhonAlign",834.3050000000001,834.865,"R"
"PhonAlign",834.865,855.034824,"#"
"PhonAlign",855.034824,855.54577,"laugh"
"PhonAlign",855.54577,869.920714,"#"
"PhonAlign",869.920714,870.2307139999999,"U~/"
"PhonAlign",870.2307139999999,870.300714,"n"
"PhonAlign",870.300714,870.4807139999999,"A/"
"PhonAlign",870.4807139999999,870.790714,"U~/"
"PhonAlign",870.790714,870.830714,"n"
"PhonAlign",870.830714,870.930714,"A/"
"PhonAlign",870.930714,871.010714,"f"
"PhonAlign",871.010714,871.040714,"i"
"PhonAlign",871.040714,871.130714,"S"
"PhonAlign",871.130714,871.200714,"A/"
"PhonAlign",871.200714,871.270714,"Z"
"PhonAlign",871.270714,871.300714,"l"
"PhonAlign",871.300714,871.360714,"y"
"PhonAlign",871.360714,871.400714,"m"
"PhonAlign",871.400714,871.450714,"i"
"PhonAlign",871.450714,871.520714,"n"
"PhonAlign",871.520714,871.570714,"@"
"PhonAlign",871.570714,871.640714,"A/"
"PhonAlign",871.640714,871.7207139999999,"t"
"PhonAlign",871.7207139999999,871.750714,"i"
"PhonAlign",871.750714,871.820714,"m"
"PhonAlign",871.820714,871.950714,"s"
"PhonAlign",871.950714,872.030714,"k"
"PhonAlign",872.030714,872.060714,"w"
"PhonAlign",872.060714,872.300714,"A/"
"PhonAlign",872.300714,872.670714,"R"
"PhonAlign",872.670714,872.835641,"@"
"PhonAlign",872.835641,915.265,"#"
"PhonAlign",915.265,915.385,"A/"
"PhonAlign",915.385,915.425,"p"
"PhonAlign",915.425,915.465,"R"
"PhonAlign",915.465,915.495,"E"
"PhonAlign",915.495,915.605,"O~"
"PhonAlign",915.605,915.705,"A/"
"PhonAlign",915.705,915.765,"p"
"PhonAlign",915.765,915.815,"A/"
"PhonAlign",915.815,915.985,"U~/"
"PhonAlign",915.985,916.015,"b"
"PhonAlign",916.015,916.045,"y"
"PhonAlign",916.045,916.075,"d"
"PhonAlign",916.075,916.105,"Z"
"PhonAlign",916.105,916.175,"e"
"PhonAlign",916.175,916.215,"n"
"PhonAlign",916.215,916.295,"O~"
"PhonAlign",916.295,916.415,"p"
"PhonAlign",916.415,916.455,"l"
"PhonAlign",916.455,916.505,"y"
"PhonAlign",916.505,916.575,"s"
"PhonAlign",916.575,916.655,"i"
"PhonAlign",916.655,916.685,"l"
"PhonAlign",916.685,916.765,"i"
"PhonAlign",916.765,916.815,"m"
"PhonAlign",916.815,916.895,"i"
"PhonAlign",916.895,916.995,"t"
"PhonAlign",916.995,917.075,"e"
"PhonAlign",917.075,917.165,"k"
"PhonAlign",917.165,917.265,"w"
"PhonAlign",917.265,917.305,"A/"
"PhonAlign",917.305,917.495,"#"
"PhonAlign",917.495,917.705,"s"
"PhonAlign",917.705,917.745,"e"
"PhonAlign",917.745,918.645,"fp"
"PhonAlign",918.645,918.705,"#"
"PhonAlign",918.705,918.735,"O~"
"PhonAlign",918.735,918.765,"R"
"PhonAlign",918.765,918.805,"E"
"PhonAlign",918.805,918.865,"s"
"PhonAlign",918.865,918.895,"t"
"PhonAlign",918.895,918.945,"k"
"PhonAlign",918.945,918.975,"a~"
"PhonAlign",918.975,919.005,"m"
"PhonAlign",919.005,919.055,"E"
"PhonAlign",919.055,919.145,"m"
"PhonAlign",919.145,919.245,"s"
"PhonAlign",919.245,919.335,"O~"
"PhonAlign",919.335,919.395,"n"
"PhonAlign",919.395,919.445,"e"
"PhonAlign",919.445,919.515,"k"
"PhonAlign",919.515,919.555,"a~"
"PhonAlign",919.555,919.585,"m"
"PhonAlign",919.585,919.735,"E"
"PhonAlign",919.735,919.765,"m"
"PhonAlign",919.765,919.795,"y"
"PhonAlign",919.795,919.865,"n"
"PhonAlign",919.865,919.945,"@"
"PhonAlign",919.945,920.015,"t"
"PhonAlign",920.015,920.045,"R"
"PhonAlign",920.045,920.465,"e"
"PhonAlign",920.465,920.615,"p"
"PhonAlign",920.615,920.675,"@"
"PhonAlign",920.675,920.775,"t"
"PhonAlign",920.775,920.835,"i"
"PhonAlign",920.835,920.985,"t"
"PhonAlign",920.985,921.015,"A/"
"PhonAlign",921.015,921.135,"s"
"PhonAlign",921.135,921.165,"O/"
"PhonAlign",921.165,921.285,"s"
"PhonAlign",921.285,921.335,"A/"
"PhonAlign",921.335,921.475,"s"
"PhonAlign",921.475,921.505,"j"
"PhonAlign",921.505,921.535,"O~"
"PhonAlign",921.535,922.185842,"fp"
"PhonAlign",922.185842,930.478001,"#"
"PhonAlign",930.478001,932.874159,"laugh"
"PhonAlign",932.874159,953.95,"#"
"PhonAlign",953.95,953.99,"m"
"PhonAlign",953.99,954.06,"E"
"PhonAlign",954.06,954.09,"e"
"PhonAlign",954.09,954.19,"s"
"PhonAlign",954.19,954.26,"@"
"PhonAlign",954.26,954.29,"v"
"PhonAlign",954.29,954.37,"u"
"PhonAlign",954.37,954.42,"k"
"PhonAlign",954.42,954.45,"O/"
"PhonAlign",954.45,954.49,"n"
"PhonAlign",954.49,954.53,"E"
"PhonAlign",954.53,954.65,"s"
"PhonAlign",954.65,954.72,"e"
"PhonAlign",954.72,954.83,"R"
"PhonAlign",954.83,954.91,"e"
"PhonAlign",954.91,955.0,"s"
"PhonAlign",955.0,955.08,"A/"
"PhonAlign",955.08,955.13,"j"
"PhonAlign",955.13,955.19,"O/"
"PhonAlign",955.19,955.22,"v"
"PhonAlign",955.22,955.25,"l"
"PhonAlign",955.25,955.28,"E"
"PhonAlign",955.28,955.41,"Z"
"PhonAlign",955.41,955.54,"a~"
"PhonAlign",955.54,955.65,"d"
"PhonAlign",955.65,956.01,"@"
"PhonAlign",956.01,956.495,"#"
"PhonAlign",956.495,956.535,"e"
"PhonAlign",956.535,956.615,"s"
"PhonAlign",956.615,956.665,"@"
"PhonAlign",956.665,956.775,"k"
"PhonAlign",956.775,956.835,"@"
"PhonAlign",956.835,956.865,"v"
"PhonAlign",956.865,956.945,"u"
"PhonAlign",956.945,957.015,"k"
"PhonAlign",957.015,957.045,"O/"
"PhonAlign",957.045,957.105,"n"
"PhonAlign",957.105,957.165,"E"
"PhonAlign",957.165,957.275,"s"
"PhonAlign",957.275,957.365,"e"
"PhonAlign",957.365,957.465,"n"
"PhonAlign",957.465,957.615,"O/"
"PhonAlign",957.615,957.705,"R"
"PhonAlign",957.705,957.775,"v"
"PhonAlign",957.775,957.845,"p"
"PhonAlign",957.845,958.085,"E"
"PhonAlign",958.085,958.135,"n"
"PhonAlign",958.135,958.755,"laugh"
"PhonAlign",958.755,966.270937,"#"
"PhonAlign",966.270937,966.410937,"b"
"PhonAlign",966.410937,966.510937,"U~/"
"PhonAlign",966.510937,966.590937,"p"
"PhonAlign",966.590937,966.660937,"u"
"PhonAlign",966.660937,966.690937,"R"
"PhonAlign",966.690937,966.760937,"A/"
"PhonAlign",966.760937,966.790937,"v"
"PhonAlign",966.790937,966.820937,"w"
"PhonAlign",966.820937,966.850937,"A/"
"PhonAlign",966.850937,966.880937,"R"
"PhonAlign",966.880937,966.970937,"U~/"
"PhonAlign",966.970937,967.050937,"p"
"PhonAlign",967.050937,967.170937,"2"
"PhonAlign",967.170937,967.240937,"d"
"PhonAlign",967.240937,967.510937,"@"
"PhonAlign",967.510937,967.780937,"U~/"
"PhonAlign",967.780937,967.880937,"p"
"PhonAlign",967.880937,967.960937,"2"
"PhonAlign",967.960937,968.000937,"d"
"PhonAlign",968.000937,968.190937,"@"
"PhonAlign",968.190937,968.240937,"b"
"PhonAlign",968.240937,968.400937,"y"
"PhonAlign",968.400937,968.430937,"d"
"PhonAlign",968.430937,968.460937,"Z"
"PhonAlign",968.460937,968.860937,"E"
"PhonAlign",968.860937,969.090937,"k"
"PhonAlign",969.090937,969.120937,"w"
"PhonAlign",969.120937,969.225,"A/"
"PhonAlign",969.225,981.745,"#"
"PhonAlign",981.745,981.845,"b"
"PhonAlign",981.845,982.045,"U~/"
"PhonAlign",982.045,982.165,"s"
"PhonAlign",982.165,982.225,"e"
"PhonAlign",982.225,982.265,"l"
"PhonAlign",982.265,982.335,"H"
"PhonAlign",982.335,982.425,"k"
"PhonAlign",982.425,982.725,"j"
"PhonAlign",982.725,982.825,"A/"
"PhonAlign",982.825,982.855,"d"
"PhonAlign",982.855,982.885,"i"
"PhonAlign",982.885,983.005,"s"
"PhonAlign",983.005,983.115,"e"
"PhonAlign",983.115,983.145,"l"
"PhonAlign",983.145,983.255,"f"
"PhonAlign",983.255,983.435,"t"
"PhonAlign",983.435,983.485,"i"
"PhonAlign",983.485,983.515,"v"
"PhonAlign",983.515,983.625,"E"
"PhonAlign",983.625,984.125,"k"
"PhonAlign",984.125,984.17,"s"
"PhonAlign",984.17,986.386709,"#"
"PhonAlign",986.386709,987.376029,"laugh"
"PhonAlign",987.376029,1010.888052,"#"
"PhonAlign",1010.888052,1010.958052,"y"
"PhonAlign",1010.958052,1011.018052,"n"
"PhonAlign",1011.018052,1011.068052,"v"
"PhonAlign",1011.068052,1011.108052,"w"
"PhonAlign",1011.108052,1011.148052,"A/"
"PhonAlign",1011.148052,1011.248052,"t"
"PhonAlign",1011.248052,1011.318052,"y"
"PhonAlign",1011.318052,1011.545,"R"
"PhonAlign",1011.545,1013.84,"#"
"PhonAlign",1013.84,1013.88,"t"
"PhonAlign",1013.88,1013.92,"u"
"PhonAlign",1013.92,1013.97,"w"
"PhonAlign",1013.97,1014.08,"E"
"PhonAlign",1014.08,1014.16,"v"
"PhonAlign",1014.16,1014.21,"l"
"PhonAlign",1014.21,1014.3,"A/"
"PhonAlign",1014.3,1014.38,"b"
"PhonAlign",1014.38,1014.7,"U~/"
"PhonAlign",1014.7,1014.76,"b"
"PhonAlign",1014.76,1014.79,"E"
"PhonAlign",1014.79,1014.99,"U~/"
"PhonAlign",1014.99,1015.03,"n"
"PhonAlign",1015.03,1015.06,"d"
"PhonAlign",1015.06,1015.12,"R"
"PhonAlign",1015.12,1015.21,"A/"
"PhonAlign",1015.21,1015.3,"j"
"PhonAlign",1015.3,1015.57,"v"
"PhonAlign",1015.57,1016.28,"#"
"PhonAlign",1016.28,1016.32,"U~/"
"PhonAlign",1016.32,1016.35,"d"
"PhonAlign",1016.35,1016.42,"R"
"PhonAlign",1016.42,1016.45,"i"
"PhonAlign",1016.45,1016.49,"v"
"PhonAlign",1016.49,1016.63,"U~/"
"PhonAlign",1016.63,1016.74,"Z"
"PhonAlign",1016.74,1016.82,"e"
"PhonAlign",1016.82,1016.92,"A/"
"PhonAlign",1016.92,1017.0,"k"
"PhonAlign",1017.0,1017.03,"O/"
"PhonAlign",1017.03,1017.08,"t"
"PhonAlign",1017.08,1017.14,"e"
"PhonAlign",1017.14,1017.19,"d"
"PhonAlign",1017.19,1017.25,"e"
"PhonAlign",1017.25,1017.31,"k"
"PhonAlign",1017.31,1017.37,"A/"
"PhonAlign",1017.37,1017.4,"l"
"PhonAlign",1017.4,1017.57,"a~"
"PhonAlign",1017.57,1017.62,"k"
"PhonAlign",1017.62,1017.71,"z"
"PhonAlign",1017.71,1017.91,"#"
"PhonAlign",1017.91,1017.95,"t"
"PhonAlign",1017.95,1017.99,"u"
"PhonAlign",1017.99,1018.04,"b"
"PhonAlign",1018.04,1018.07,"l"
"PhonAlign",1018.07,1018.1,"i"
"PhonAlign",1018.1,1018.13,"l"
"PhonAlign",1018.13,1018.27,"f"
"PhonAlign",1018.27,1018.39,"R"
"PhonAlign",1018.39,1019.0,"U~/"
"PhonAlign",1019.0,1019.07,"A/"
"PhonAlign",1019.07,1019.1,"m"
"PhonAlign",1019.1,1019.65,"U~/"
"PhonAlign",1019.65,1019.68,"A/"
"PhonAlign",1019.68,1019.71,"A/"
"PhonAlign",1019.71,1019.74,"A/"
"PhonAlign",1019.74,1019.77,"A/"
"PhonAlign",1019.77,1019.8,"A/"
"PhonAlign",1019.8,1019.83,"A/"
"PhonAlign",1019.83,1020.625,"laugh"
"PhonAlign",1020.625,1021.100973,"#"
"PhonAlign",1021.100973,1021.400099,"laugh"
"PhonAlign",1021.400099,1028.387813,"#"
"PhonAlign",1028.387813,1028.497813,"t"
"PhonAlign",1028.497813,1028.577813,"E"
"PhonAlign",1028.577813,1028.687813,"s"
"PhonAlign",1028.687813,1028.717813,"t"
"PhonAlign",1028.717813,1028.797813,"d"
"PhonAlign",1028.797813,1028.837813,"@"
"PhonAlign",1028.837813,1028.967813,"k"
"PhonAlign",1028.967813,1028.997813,"y"
"PhonAlign",1028.997813,1029.0278130000002,"i"
"PhonAlign",1029.0278130000002,1029.067813,"n"
"PhonAlign",1029.067813,1029.127813,"e"
"PhonAlign",1029.127813,1029.227813,"s"
"PhonAlign",1029.227813,1029.257813,"e"
"PhonAlign",1029.257813,1029.387813,"s"
"PhonAlign",1029.387813,1029.427813,"E"
"PhonAlign",1029.427813,1029.457813,"R"
"PhonAlign",1029.457813,1029.707813,"A/"
"PhonAlign",1029.707813,1029.737813,"v"
"PhonAlign",1029.737813,1029.837813,"a~"
"PhonAlign",1029.837813,1029.867813,"d"
"PhonAlign",1029.867813,1030.0178130000002,"@"
"PhonAlign",1030.0178130000002,1030.137813,"a~"
"PhonAlign",1030.137813,1030.167813,"t"
"PhonAlign",1030.167813,1030.197813,"R"
"PhonAlign",1030.197813,1030.227813,"e"
"PhonAlign",1030.227813,1030.307813,"d"
"PhonAlign",1030.307813,1030.367813,"a~"
"PhonAlign",1030.367813,1030.397813,"l"
"PhonAlign",1030.397813,1030.5278130000002,"f"
"PhonAlign",1030.5278130000002,1030.587813,"E"
"PhonAlign",1030.587813,1030.707813,"s"
"PhonAlign",1030.707813,1030.747813,"t"
"PhonAlign",1030.747813,1030.787813,"i"
"PhonAlign",1030.787813,1030.847813,"v"
"PhonAlign",1030.847813,1030.947813,"A/"
"PhonAlign",1030.947813,1031.17,"l"
"PhonAlign",1031.17,1035.015,"#"
"PhonAlign",1035.015,1035.085,"d"
"PhonAlign",1035.085,1035.125,"i"
"PhonAlign",1035.125,1035.1850000000002,"z"
"PhonAlign",1035.1850000000002,1035.265,"A/"
"PhonAlign",1035.265,1035.295,"j"
"PhonAlign",1035.295,1035.325,"n"
"PhonAlign",1035.325,1035.355,"Z"
"PhonAlign",1035.355,1035.385,"v"
"PhonAlign",1035.385,1035.4250000000002,"@"
"PhonAlign",1035.4250000000002,1035.465,"b"
"PhonAlign",1035.465,1035.495,"j"
"PhonAlign",1035.495,1035.535,"U~/"
"PhonAlign",1035.535,1035.565,"m"
"PhonAlign",1035.565,1035.615,"a~"
"PhonAlign",1035.615,1035.735,"O/"
"PhonAlign",1035.735,1035.805,"k"
"PhonAlign",1035.805,1035.835,"y"
"PhonAlign",1035.835,1035.9350000000002,"p"
"PhonAlign",1035.9350000000002,1036.045,"e"
"PhonAlign",1036.045,1036.99,"#"
"PhonAlign",1036.99,1037.11,"Z"
"PhonAlign",1037.11,1037.38,"@"
"PhonAlign",1037.38,1037.45,"Z"
"PhonAlign",1037.45,1037.67,"@"
"PhonAlign",1037.67,1037.77,"Z"
"PhonAlign",1037.77,1037.9,"@"
"PhonAlign",1037.9,1038.0,"Z"
"PhonAlign",1038.0,1038.19,"E"
"PhonAlign",1038.19,1038.25,"d"
"PhonAlign",1038.25,1038.35,"E"
"PhonAlign",1038.35,1038.69,"z"
"PhonAlign",1038.69,1039.22,"A/"
"PhonAlign",1039.22,1039.29,"m"
"PhonAlign",1039.29,1039.32,"i"
"PhonAlign",1039.32,1039.41,"d"
"PhonAlign",1039.41,1039.44,"E"
"PhonAlign",1039.44,1039.56,"s"
"PhonAlign",1039.56,1039.59,"i"
"PhonAlign",1039.59,1039.62,"n"
"PhonAlign",1039.62,1039.67,"A/"
"PhonAlign",1039.67,1039.81,"t"
"PhonAlign",1039.81,1039.88,"9"
"PhonAlign",1039.88,1039.985,"R"
"PhonAlign",1039.985,1046.2,"#"
"PhonAlign",1046.2,1046.32,"w"
"PhonAlign",1046.32,1046.52,"E"
"PhonAlign",1046.52,1046.63,"b"
"PhonAlign",1046.63,1047.25,"U~/"
"PhonAlign",1047.25,1047.64,"#"
"PhonAlign",1047.64,1047.8000000000002,"p"
"PhonAlign",1047.8000000000002,1047.91,"u"
"PhonAlign",1047.91,1048.15,"R"
"PhonAlign",1048.15,1048.26,"f"
"PhonAlign",1048.26,1048.3200000000002,"e"
"PhonAlign",1048.3200000000002,1048.38,"v"
"PhonAlign",1048.38,1048.41,"R"
"PhonAlign",1048.41,1048.5,"i"
"PhonAlign",1048.5,1048.5500000000002,"e"
"PhonAlign",1048.5500000000002,1048.63,"m"
"PhonAlign",1048.63,1048.76,"A/"
"PhonAlign",1048.76,1048.8000000000002,"R"
"PhonAlign",1048.8000000000002,1048.84,"s"
"PhonAlign",1048.84,1048.88,"Z"
"PhonAlign",1048.88,1048.91,"d"
"PhonAlign",1048.91,1048.94,"i"
"PhonAlign",1048.94,1048.97,"R"
"PhonAlign",1048.97,1049.1,"E"
"PhonAlign",1049.1,1049.21,"p"
"PhonAlign",1049.21,1049.25,"u"
"PhonAlign",1049.25,1049.2800000000002,"R"
"PhonAlign",1049.2800000000002,1049.37,"b"
"PhonAlign",1049.37,1049.4,"j"
"PhonAlign",1049.4,1049.47,"U~/"
"PhonAlign",1049.47,1049.5200000000002,"p"
"PhonAlign",1049.5200000000002,1049.5600000000002,"R"
"PhonAlign",1049.5600000000002,1049.59,"E"
"PhonAlign",1049.59,1049.69,"p"
"PhonAlign",1049.69,1049.8100000000002,"A/"
"PhonAlign",1049.8100000000002,1049.84,"R"
"PhonAlign",1049.84,1049.94,"e"
"PhonAlign",1049.94,1050.09,"t"
"PhonAlign",1050.09,1050.13,"u"
"PhonAlign",1050.13,1050.16,"A/"
"PhonAlign",1050.16,1050.68,"v"
"PhonAlign",1050.68,1050.74,"w"
"PhonAlign",1050.74,1050.7700000000002,"A/"
"PhonAlign",1050.7700000000002,1050.8200000000002,"R"
"PhonAlign",1050.8200000000002,1050.85,"l"
"PhonAlign",1050.85,1050.89,"@"
"PhonAlign",1050.89,1050.99,"t"
"PhonAlign",1050.99,1051.1,"a~"
"PhonAlign",1051.1,1051.14,"d"
"PhonAlign",1051.14,1051.23,"@"
"PhonAlign",1051.23,1051.3100000000002,"t"
"PhonAlign",1051.3100000000002,1051.34,"u"
"PhonAlign",1051.34,1051.47,"f"
"PhonAlign",1051.47,1051.5700000000002,"E"
"PhonAlign",1051.5700000000002,1051.64,"R"
"PhonAlign",1051.64,1051.72,"b"
"PhonAlign",1051.72,1051.75,"j"
"PhonAlign",1051.75,1051.915,"U~/"
"PhonAlign",1051.915,1059.015938,"#"
"PhonAlign",1059.015938,1059.065938,"s"
"PhonAlign",1059.065938,1059.195938,"p"
"PhonAlign",1059.195938,1059.265938,"O/"
"PhonAlign",1059.265938,1059.295938,"n"
"PhonAlign",1059.295938,1059.375938,"s"
"PhonAlign",1059.375938,1059.465938,"O/"
"PhonAlign",1059.465938,1059.495938,"R"
"PhonAlign",1059.495938,1059.525938,"d"
"PhonAlign",1059.525938,1059.605938,"Z"
"PhonAlign",1059.605938,1059.655938,"A/"
"PhonAlign",1059.655938,1059.785938,"O~"
"PhonAlign",1059.785938,1059.835938,"p"
"PhonAlign",1059.835938,1059.915938,"@"
"PhonAlign",1059.915938,1059.985938,"d"
"PhonAlign",1059.985938,1060.075938,"Z"
"PhonAlign",1060.075938,1060.155938,"A/"
"PhonAlign",1060.155938,1060.205938,"t"
"PhonAlign",1060.205938,1060.295938,"R"
"PhonAlign",1060.295938,1060.345938,"u"
"PhonAlign",1060.345938,1060.375938,"v"
"PhonAlign",1060.375938,1060.405938,"e"
"PhonAlign",1060.405938,1060.435938,"d"
"PhonAlign",1060.435938,1060.745938,"E"
"PhonAlign",1060.745938,1060.815938,"z"
"PhonAlign",1060.815938,1060.895938,"s"
"PhonAlign",1060.895938,1060.975938,"p"
"PhonAlign",1060.975938,1061.025938,"O/"
"PhonAlign",1061.025938,1061.055938,"n"
"PhonAlign",1061.055938,1061.125938,"s"
"PhonAlign",1061.125938,1061.235938,"O/"
"PhonAlign",1061.235938,1061.265938,"R"
"PhonAlign",1061.265938,1061.315938,"O/"
"PhonAlign",1061.315938,1061.435938,"s"
"PhonAlign",1061.435938,1061.505938,"U~/"
"PhonAlign",1061.505938,1061.595938,"d"
"PhonAlign",1061.595938,1061.765938,"@"
"PhonAlign",1061.765938,1061.805938,"O/"
"PhonAlign",1061.805938,1061.935938,"s"
"PhonAlign",1061.935938,1061.995938,"U~/"
"PhonAlign",1061.995938,1062.025938,"d"
"PhonAlign",1062.025938,1062.055938,"@"
"PhonAlign",1062.055938,1062.085938,"l"
"PhonAlign",1062.085938,1062.125938,"A/"
"PhonAlign",1062.125938,1062.205938,"v"
"PhonAlign",1062.205938,1062.255938,"i"
"PhonAlign",1062.255938,1062.305938,"l"
"PhonAlign",1062.305938,1062.39,"@"
"PhonAlign",1062.39,1064.65,"#"
"PhonAlign",1064.65,1064.69,"d"
"PhonAlign",1064.69,1064.7900000000002,"O~"
"PhonAlign",1064.7900000000002,1064.87,"k"
"PhonAlign",1064.87,1064.99,"@"
"PhonAlign",1064.99,1065.18,"s"
"PhonAlign",1065.18,1065.23,"@"
"PhonAlign",1065.23,1065.35,"s"
"PhonAlign",1065.35,1065.49,"w"
"PhonAlign",1065.49,1065.5800000000002,"A/"
"PhonAlign",1065.5800000000002,1065.61,"A/"
"PhonAlign",1065.61,1065.64,"l"
"PhonAlign",1065.64,1065.67,"A/"
"PhonAlign",1065.67,1065.75,"v"
"PhonAlign",1065.75,1065.7800000000002,"i"
"PhonAlign",1065.7800000000002,1065.8100000000002,"l"
"PhonAlign",1065.8100000000002,1065.84,"@"
"PhonAlign",1065.84,1065.94,"d"
"PhonAlign",1065.94,1066.12,"E"
"PhonAlign",1066.12,1066.16,"k"
"PhonAlign",1066.16,1066.3200000000002,"s"
"PhonAlign",1066.3200000000002,1066.51,"u"
"PhonAlign",1066.51,1066.5400000000002,"m"
"PhonAlign",1066.5400000000002,1066.7800000000002,"E"
"PhonAlign",1066.7800000000002,1066.87,"m"
"PhonAlign",1066.87,1067.01,"@"
"PhonAlign",1067.01,1067.09,"l"
"PhonAlign",1067.09,1067.46,"@"
"PhonAlign",1067.46,1068.14,"#"
"PhonAlign",1068.14,1068.17,"l"
"PhonAlign",1068.17,1068.23,"A/"
"PhonAlign",1068.23,1068.2800000000002,"m"
"PhonAlign",1068.2800000000002,1068.34,"e"
"PhonAlign",1068.34,1068.42,"Z"
"PhonAlign",1068.42,1068.52,"A/"
"PhonAlign",1068.52,1068.685,"n"
"PhonAlign",1068.685,1069.96,"#"
"PhonAlign",1069.96,1070.08,"u"
"PhonAlign",1070.08,1070.24,"O~"
"PhonAlign",1070.24,1070.31,"n"
"PhonAlign",1070.31,1070.34,"A/"
"PhonAlign",1070.34,1070.4,"d"
"PhonAlign",1070.4,1070.45,"i"
"PhonAlign",1070.45,1070.61,"t"
"PhonAlign",1070.61,1070.64,"u"
"PhonAlign",1070.64,1070.83,"A/"
"PhonAlign",1070.83,1070.86,"l"
"PhonAlign",1070.86,1071.15,"9"
"PhonAlign",1071.15,1071.18,"R"
"PhonAlign",1071.18,1071.21,"l"
"PhonAlign",1071.21,1071.24,"l"
"PhonAlign",1071.24,1071.27,"O/"
"PhonAlign",1071.27,1071.38,"f"
"PhonAlign",1071.38,1071.43,"i"
"PhonAlign",1071.43,1071.47,"s"
"PhonAlign",1071.47,1071.51,"d"
"PhonAlign",1071.51,1071.58,"t"
"PhonAlign",1071.58,1071.67,"u"
"PhonAlign",1071.67,1071.7,"R"
"PhonAlign",1071.7,1071.75,"i"
"PhonAlign",1071.75,1071.79,"s"
"PhonAlign",1071.79,1071.825,"m"
"PhonAlign",1071.825,1076.6,"#"
"PhonAlign",1076.6,1076.65,"m"
"PhonAlign",1076.65,1077.4699999999998,"#"
"PhonAlign",1077.4699999999998,1077.505006,"m"
"PhonAlign",1077.505006,1078.311653,"#"
"PhonAlign",1078.311653,1078.351653,"w"
"PhonAlign",1078.351653,1078.401653,"E"
"PhonAlign",1078.401653,1078.501653,"w"
"PhonAlign",1078.501653,1078.761653,"E"
"PhonAlign",1078.761653,1078.831653,"m"
"PhonAlign",1078.831653,1078.881653,"U~/"
"PhonAlign",1078.881653,1078.911653,"t"
"PhonAlign",1078.911653,1078.951653,"2"
"PhonAlign",1078.951653,1078.991653,"n"
"PhonAlign",1078.991653,1079.051653,"a~"
"PhonAlign",1079.051653,1079.1,"t"
"PhonAlign",1079.1,1081.48,"#"
"PhonAlign",1081.48,1081.54,"Z"
"PhonAlign",1081.54,1081.66,"a~"
"PhonAlign",1081.66,1081.69,"R"
"PhonAlign",1081.69,1081.76,"@"
"PhonAlign",1081.76,1081.87,"d"
"PhonAlign",1081.87,1081.91,"i"
"PhonAlign",1081.91,1082.06,"s"
"PhonAlign",1082.06,1082.16,"i"
"PhonAlign",1082.16,1082.23,"d"
"PhonAlign",1082.23,1082.26,"i"
"PhonAlign",1082.26,1082.34,"s"
"PhonAlign",1082.34,1082.37,"i"
"PhonAlign",1082.37,1082.4,"l"
"PhonAlign",1082.4,1082.48,"A/"
"PhonAlign",1082.48,1082.54,"f"
"PhonAlign",1082.54,1082.59,"U~/"
"PhonAlign",1082.59,1082.62,"d"
"PhonAlign",1082.62,1082.65,"l"
"PhonAlign",1082.65,1082.69,"A/"
"PhonAlign",1082.69,1082.77,"n"
"PhonAlign",1082.77,1082.83,"e"
"PhonAlign",1082.83,1082.92,"k"
"PhonAlign",1082.92,1082.97,"w"
"PhonAlign",1082.97,1083.015,"A/"
"PhonAlign",1083.015,1094.74,"#"
"PhonAlign",1094.74,1094.89,"l"
"PhonAlign",1094.89,1094.95,"A/"
"PhonAlign",1094.95,1095.0,"l"
"PhonAlign",1095.0,1095.09,"O/"
"PhonAlign",1095.09,1095.16,"k"
"PhonAlign",1095.16,1095.21,"A/"
"PhonAlign",1095.21,1095.3,"s"
"PhonAlign",1095.3,1095.33,"j"
"PhonAlign",1095.33,1095.36,"O~"
"PhonAlign",1095.36,1095.47,"d"
"PhonAlign",1095.47,1095.6,"S"
"PhonAlign",1095.6,1095.845,"a~"
"PhonAlign",1095.845,1107.065,"#"
"PhonAlign",1107.065,1107.235,"A/"
"PhonAlign",1107.235,1107.325,"p"
"PhonAlign",1107.325,1107.385,"u"
"PhonAlign",1107.385,1107.415,"R"
"PhonAlign",1107.415,1107.475,"l"
"PhonAlign",1107.475,1107.685,"e"
"PhonAlign",1107.685,1107.795,"p"
"PhonAlign",1107.795,1107.845,"u"
"PhonAlign",1107.845,1107.875,"R"
"PhonAlign",1107.875,1107.905,"l"
"PhonAlign",1107.905,1107.975,"e"
"PhonAlign",1107.975,1108.065,"t"
"PhonAlign",1108.065,1108.145,"A/"
"PhonAlign",1108.145,1108.2050000000002,"R"
"PhonAlign",1108.2050000000002,1108.295,"i"
"PhonAlign",1108.295,1108.52,"f"
"PhonAlign",1108.52,1108.965,"#"
"PhonAlign",1108.965,1109.125,"d"
"PhonAlign",1109.125,1109.245,"E"
"PhonAlign",1109.245,1109.3049999999998,"z"
"PhonAlign",1109.3049999999998,1109.465,"b"
"PhonAlign",1109.465,1109.505,"i"
"PhonAlign",1109.505,1109.5649999999998,"j"
"PhonAlign",1109.5649999999998,1109.78,"E"
"PhonAlign",1109.78,1111.68,"#"
"PhonAlign",1111.68,1111.78,"b"
"PhonAlign",1111.78,1111.88,"U~/"
"PhonAlign",1111.88,1111.93,"d"
"PhonAlign",1111.93,1112.03,"Z"
"PhonAlign",1112.03,1112.13,"A/"
"PhonAlign",1112.13,1112.19,"O~"
"PhonAlign",1112.19,1112.22,"v"
"PhonAlign",1112.22,1112.3,"A/"
"PhonAlign",1112.3,1112.41,"f"
"PhonAlign",1112.41,1112.46,"E"
"PhonAlign",1112.46,1112.51,"R"
"PhonAlign",1112.51,1112.87,"U~/"
"PhonAlign",1112.87,1112.98,"n"
"PhonAlign",1112.98,1113.01,"b"
"PhonAlign",1113.01,1113.16,"O~"
"PhonAlign",1113.16,1113.52,"n"
"PhonAlign",1113.52,1113.5800000000002,"l"
"PhonAlign",1113.5800000000002,1113.62,"A/"
"PhonAlign",1113.62,1113.75,"k"
"PhonAlign",1113.75,1113.78,"l"
"PhonAlign",1113.78,1113.8300000000002,"A/"
"PhonAlign",1113.8300000000002,1114.0,"s"
"PhonAlign",1114.0,1114.1,"i"
"PhonAlign",1114.1,1114.21,"k"
"PhonAlign",1114.21,1114.5600000000002,"@"
"PhonAlign",1114.5600000000002,1114.74,"s"
"PhonAlign",1114.74,1114.8,"e"
"PhonAlign",1114.8,1114.87,"n"
"PhonAlign",1114.87,1114.94,"i"
"PhonAlign",1114.94,1115.22,"O/"
"PhonAlign",1115.22,1115.48,"R"
"PhonAlign",1115.48,1115.54,"#"
"PhonAlign",1115.54,1115.72,"fp"
"PhonAlign",1115.72,1115.8,"e"
"PhonAlign",1115.8,1115.9,"t"
"PhonAlign",1115.9,1115.96,"y"
"PhonAlign",1115.96,1116.0,"d"
"PhonAlign",1116.0,1116.0700000000002,"j"
"PhonAlign",1116.0700000000002,1116.24,"a~"
"PhonAlign",1116.24,1116.419183,"z"
"PhonAlign",1116.419183,1118.620049,"#"
"PhonAlign",1118.620049,1119.324801,"laugh"
"PhonAlign",1119.324801,1143.49,"#"
"PhonAlign",1143.49,1143.59,"w"
"PhonAlign",1143.59,1143.76,"E"
"PhonAlign",1143.76,1143.81,"Z"
"PhonAlign",1143.81,1143.95,"a~"
"PhonAlign",1143.95,1144.06,"R"
"PhonAlign",1144.06,1144.15,"U~/"
"PhonAlign",1144.15,1144.24,"t"
"PhonAlign",1144.24,1144.29,"R"
"PhonAlign",1144.29,1144.37,"y"
"PhonAlign",1144.37,1144.41,"k"
"PhonAlign",1144.41,1144.53,"U~/"
"PhonAlign",1144.53,1144.59,"t"
"PhonAlign",1144.59,1144.62,"R"
"PhonAlign",1144.62,1144.69,"y"
"PhonAlign",1144.69,1144.74,"k"
"PhonAlign",1144.74,1144.83,"U~/"
"PhonAlign",1144.83,1144.89,"p"
"PhonAlign",1144.89,1144.93,"2"
"PhonAlign",1144.93,1145.05,"m"
"PhonAlign",1145.05,1145.09,"w"
"PhonAlign",1145.09,1145.14,"U~/"
"PhonAlign",1145.14,1145.17,"d"
"PhonAlign",1145.17,1145.26,"d"
"PhonAlign",1145.26,1145.41,"u"
"PhonAlign",1145.41,1145.585,"z"
"PhonAlign",1145.585,1150.343438,"#"
"PhonAlign",1150.343438,1150.5134380000002,"w"
"PhonAlign",1150.5134380000002,1150.883438,"E"
"PhonAlign",1150.883438,1150.953438,"w"
"PhonAlign",1150.953438,1151.183438,"E"
"PhonAlign",1151.183438,1151.313438,"w"
"PhonAlign",1151.313438,1151.74,"E"
"PhonAlign",1151.74,1153.96,"#"
"PhonAlign",1153.96,1154.0,"b"
"PhonAlign",1154.0,1154.15,"O/"
"PhonAlign",1154.15,1154.2,"b"
"PhonAlign",1154.2,1154.33,"U~/"
"PhonAlign",1154.33,1154.36,"y"
"PhonAlign",1154.36,1154.62,"n"
"PhonAlign",1154.62,1154.69,"k"
"PhonAlign",1154.69,1154.75,"A/"
"PhonAlign",1154.75,1154.81,"t"
"PhonAlign",1154.81,1154.84,"e"
"PhonAlign",1154.84,1154.87,"g"
"PhonAlign",1154.87,1154.95,"O/"
"PhonAlign",1154.95,1154.98,"R"
"PhonAlign",1154.98,1155.01,"i"
"PhonAlign",1155.01,1155.07,"Z"
"PhonAlign",1155.07,1155.14,"a~"
"PhonAlign",1155.14,1155.18,"R"
"PhonAlign",1155.18,1155.32,"p"
"PhonAlign",1155.32,1155.35,"l"
"PhonAlign",1155.35,1155.43,"y"
"PhonAlign",1155.43,1155.55,"s"
"PhonAlign",1155.55,1156.18,"#"
"PhonAlign",1156.18,1156.23,"O~"
"PhonAlign",1156.23,1156.3,"v"
"PhonAlign",1156.3,1156.39,"A/"
"PhonAlign",1156.39,1156.48,"d"
"PhonAlign",1156.48,1156.51,"i"
"PhonAlign",1156.51,1156.61,"R"
"PhonAlign",1156.61,1156.67,"Z"
"PhonAlign",1156.67,1156.85,"a~"
"PhonAlign",1156.85,1156.88,"R"
"PhonAlign",1156.88,1157.0,"d"
"PhonAlign",1157.0,1157.0800000000002,"u"
"PhonAlign",1157.0800000000002,1157.18,"z"
"PhonAlign",1157.18,1157.21,"d"
"PhonAlign",1157.21,1157.27,"i"
"PhonAlign",1157.27,1157.34,"z"
"PhonAlign",1157.34,1157.42,"y"
"PhonAlign",1157.42,1157.49,"i"
"PhonAlign",1157.49,1157.68,"t"
"PhonAlign",1157.68,1161.204101,"#"
"PhonAlign",1161.204101,1161.414101,"w"
"PhonAlign",1161.414101,1161.51576,"E"
"PhonAlign",1161.51576,1162.875,"#"
"PhonAlign",1162.875,1162.935,"b"
"PhonAlign",1162.935,1163.085,"O~"
"PhonAlign",1163.085,1163.315,"fp"
"PhonAlign",1163.315,1163.395,"d"
"PhonAlign",1163.395,1163.445,"y"
"PhonAlign",1163.445,1163.565,"k"
"PhonAlign",1163.565,1163.755,"u"
"PhonAlign",1163.755,1164.665,"U~/"
"PhonAlign",1164.665,1165.125,"n"
"PhonAlign",1165.125,1165.155,"@"
"PhonAlign",1165.155,1165.19,"m"
"PhonAlign",1165.19,1166.41,"#"
"PhonAlign",1166.41,1166.49,"d"
"PhonAlign",1166.49,1166.5800000000002,"e"
"PhonAlign",1166.5800000000002,1166.65,"b"
"PhonAlign",1166.65,1166.73,"i"
"PhonAlign",1166.73,1166.78,"j"
"PhonAlign",1166.78,1166.92,"e"
"PhonAlign",1166.92,1167.12,"p"
"PhonAlign",1167.12,1167.15,"u"
"PhonAlign",1167.15,1167.23,"R"
"PhonAlign",1167.23,1167.67,"fp"
"PhonAlign",1167.67,1167.7900000000002,"d"
"PhonAlign",1167.7900000000002,1167.87,"u"
"PhonAlign",1167.87,1168.01,"z"
"PhonAlign",1168.01,1168.0400000000002,"d"
"PhonAlign",1168.0400000000002,1168.0700000000002,"i"
"PhonAlign",1168.0700000000002,1168.15,"z"
"PhonAlign",1168.15,1168.3300000000002,"y"
"PhonAlign",1168.3300000000002,1168.37,"i"
"PhonAlign",1168.37,1168.985,"#"
"PhonAlign",1168.985,1169.135,"b"
"PhonAlign",1169.135,1169.185,"i"
"PhonAlign",1169.185,1169.285,"j"
"PhonAlign",1169.285,1169.625,"E"
"PhonAlign",1169.625,1169.67,"z"
"PhonAlign",1169.67,1169.885,"#"
"PhonAlign",1169.885,1169.975,"t"
"PhonAlign",1169.975,1170.055,"A/"
"PhonAlign",1170.055,1170.225,"t"
"PhonAlign",1170.225,1170.435,"A/"
"PhonAlign",1170.435,1170.765,"t"
"PhonAlign",1170.765,1170.875,"A/"
"PhonAlign",1170.875,1170.905,"R"
"PhonAlign",1170.905,1170.975,"i"
"PhonAlign",1170.975,1171.045,"f"
"PhonAlign",1171.045,1171.095,"e"
"PhonAlign",1171.095,1171.185,"t"
"PhonAlign",1171.185,1171.245,"y"
"PhonAlign",1171.245,1171.305,"d"
"PhonAlign",1171.305,1171.365,"j"
"PhonAlign",1171.365,1171.545,"a~"
"PhonAlign",1171.545,1174.63,"#"
"PhonAlign",1174.63,1175.1,"fp"
"PhonAlign",1175.1,1175.2600000000002,"t"
"PhonAlign",1175.2600000000002,1175.34,"A/"
"PhonAlign",1175.34,1175.37,"R"
"PhonAlign",1175.37,1175.5,"i"
"PhonAlign",1175.5,1175.67,"f"
"PhonAlign",1175.67,1176.65,"fp"
"PhonAlign",1176.65,1177.08,"#"
"PhonAlign",1177.08,1177.33,"t"
"PhonAlign",1177.33,1177.4,"A/"
"PhonAlign",1177.4,1177.4499999999998,"R"
"PhonAlign",1177.4499999999998,1177.64,"i"
"PhonAlign",1177.64,1177.6799999999998,"f"
"PhonAlign",1177.6799999999998,1177.72,"t"
"PhonAlign",1177.72,1177.82,"A/"
"PhonAlign",1177.82,1177.85,"R"
"PhonAlign",1177.85,1177.9,"i"
"PhonAlign",1177.9,1177.98,"f"
"PhonAlign",1177.98,1178.11,"t"
"PhonAlign",1178.11,1178.1999999999998,"A/"
"PhonAlign",1178.1999999999998,1178.23,"R"
"PhonAlign",1178.23,1178.28,"i"
"PhonAlign",1178.28,1178.32,"f"
"PhonAlign",1178.32,1178.35,"t"
"PhonAlign",1178.35,1178.46,"A/"
"PhonAlign",1178.46,1178.49,"R"
"PhonAlign",1178.49,1178.52,"i"
"PhonAlign",1178.52,1178.56,"f"
"PhonAlign",1178.56,1178.61,"t"
"PhonAlign",1178.61,1178.72,"A/"
"PhonAlign",1178.72,1178.75,"R"
"PhonAlign",1178.75,1178.86,"i"
"PhonAlign",1178.86,1178.9199999999998,"f"
"PhonAlign",1178.9199999999998,1179.05,"t"
"PhonAlign",1179.05,1179.12,"A/"
"PhonAlign",1179.12,1179.15,"R"
"PhonAlign",1179.15,1179.21,"i"
"PhonAlign",1179.21,1179.3,"f"
"PhonAlign",1179.3,1179.33,"n"
"PhonAlign",1179.33,1179.41,"O/"
"PhonAlign",1179.41,1179.4399999999998,"R"
"PhonAlign",1179.4399999999998,1179.48,"m"
"PhonAlign",1179.48,1179.66,"A/"
"PhonAlign",1179.66,1179.885,"l"
"PhonAlign",1179.885,1181.51,"#"
"PhonAlign",1181.51,1181.76,"t"
"PhonAlign",1181.76,1181.84,"A/"
"PhonAlign",1181.84,1181.87,"R"
"PhonAlign",1181.87,1181.94,"i"
"PhonAlign",1181.94,1182.0,"f"
"PhonAlign",1182.0,1182.05,"n"
"PhonAlign",1182.05,1182.16,"O/"
"PhonAlign",1182.16,1182.19,"R"
"PhonAlign",1182.19,1182.26,"m"
"PhonAlign",1182.26,1182.37,"A/"
"PhonAlign",1182.37,1182.45,"l"
"PhonAlign",1182.45,1182.68,"E"
"PhonAlign",1182.68,1182.78,"w"
"PhonAlign",1182.78,1182.95,"E"
"PhonAlign",1182.95,1187.133883,"#"
"PhonAlign",1187.133883,1187.479986,"laugh"
"PhonAlign",1187.479986,1191.326252,"#"
"PhonAlign",1191.326252,1191.688836,"laugh"
"PhonAlign",1191.688836,1192.56,"#"
"PhonAlign",1192.56,1192.64,"s"
"PhonAlign",1192.64,1192.77,"i"
"PhonAlign",1192.77,1193.24,"#"
"PhonAlign",1193.24,1193.31,"t"
"PhonAlign",1193.31,1193.36,"A/"
"PhonAlign",1193.36,1193.4299999999998,"b"
"PhonAlign",1193.4299999999998,1193.47,"i"
"PhonAlign",1193.47,1193.5,"t"
"PhonAlign",1193.5,1193.58,"s"
"PhonAlign",1193.58,1193.61,"y"
"PhonAlign",1193.61,1193.64,"R"
"PhonAlign",1193.64,1193.6699999999998,"l"
"PhonAlign",1193.6699999999998,1193.75,"k"
"PhonAlign",1193.75,1193.79,"u"
"PhonAlign",1193.79,1193.82,"R"
"PhonAlign",1193.82,1193.85,"m"
"PhonAlign",1193.85,1193.88,"i"
"PhonAlign",1193.88,1193.91,"R"
"PhonAlign",1193.91,1193.98,"A/"
"PhonAlign",1193.98,1194.02,"b"
"PhonAlign",1194.02,1194.11,"O/"
"PhonAlign",1194.11,1194.2,"s"
"PhonAlign",1194.2,1194.24,"e"
"PhonAlign",1194.24,1194.33,"p"
"PhonAlign",1194.33,1194.37,"l"
"PhonAlign",1194.37,1194.4,"y"
"PhonAlign",1194.4,1194.55,"s"
"PhonAlign",1194.55,1194.62,"U~/"
"PhonAlign",1194.62,1194.65,"k"
"PhonAlign",1194.65,1194.75,"a~"
"PhonAlign",1194.75,1194.78,"t"
"PhonAlign",1194.78,1194.81,"p"
"PhonAlign",1194.81,1194.85,"u"
"PhonAlign",1194.85,1194.88,"R"
"PhonAlign",1194.88,1194.97,"s"
"PhonAlign",1194.97,1195.05,"a~"
"PhonAlign",1195.05,1195.09,"O/"
"PhonAlign",1195.09,1195.25,"s"
"PhonAlign",1195.25,1195.62916,"i"
"PhonAlign",1195.62916,1197.389116,"#"
"PhonAlign",1197.389116,1198.032188,"laugh"
"PhonAlign",1198.032188,1204.34,"#"
"PhonAlign",1204.34,1204.51,"d"
"PhonAlign",1204.51,1204.56,"y"
"PhonAlign",1204.56,1204.6999999999998,"k"
"PhonAlign",1204.6999999999998,1204.78,"u"
"PhonAlign",1204.78,1204.9199999999998,"O~"
"PhonAlign",1204.9199999999998,1205.01,"p"
"PhonAlign",1205.01,1205.06,"@"
"PhonAlign",1205.06,1205.1,"t"
"PhonAlign",1205.1,1205.1799999999998,"R"
"PhonAlign",1205.1799999999998,1205.29,"u"
"PhonAlign",1205.29,1205.32,"v"
"PhonAlign",1205.32,1205.35,"e"
"PhonAlign",1205.35,1205.51,"U~/"
"PhonAlign",1205.51,1205.59,"t"
"PhonAlign",1205.59,1205.64,"R"
"PhonAlign",1205.64,1205.6899999999998,"y"
"PhonAlign",1205.6899999999998,1205.75,"k"
"PhonAlign",1205.75,1205.91,"U~/"
"PhonAlign",1205.91,1206.05,"p"
"PhonAlign",1206.05,1206.08,"R"
"PhonAlign",1206.08,1206.1999999999998,"i"
"PhonAlign",1206.1999999999998,1206.26,"k"
"PhonAlign",1206.26,1206.29,"a~"
"PhonAlign",1206.29,1206.32,"m"
"PhonAlign",1206.32,1206.48,"E"
"PhonAlign",1206.48,1206.555553,"m"
"PhonAlign",1206.555553,1207.325534,"#"
"PhonAlign",1207.325534,1207.365534,"s"
"PhonAlign",1207.365534,1207.4755340000002,"R"
"PhonAlign",1207.4755340000002,1207.505534,"E"
"PhonAlign",1207.505534,1207.595534,"s"
"PhonAlign",1207.595534,1207.645534,"t"
"PhonAlign",1207.645534,1207.675534,"k"
"PhonAlign",1207.675534,1207.7055340000002,"a~"
"PhonAlign",1207.7055340000002,1207.735534,"m"
"PhonAlign",1207.735534,1207.795534,"E"
"PhonAlign",1207.795534,1207.925534,"m"
"PhonAlign",1207.925534,1208.015534,"U~/"
"PhonAlign",1208.015534,1208.145534,"f"
"PhonAlign",1208.145534,1208.185534,"E"
"PhonAlign",1208.185534,1208.335534,"s"
"PhonAlign",1208.335534,1208.365534,"t"
"PhonAlign",1208.365534,1208.445534,"i"
"PhonAlign",1208.445534,1208.525534,"v"
"PhonAlign",1208.525534,1208.665534,"A/"
"PhonAlign",1208.665534,1208.765534,"l"
"PhonAlign",1208.765534,1209.495,"fp"
"PhonAlign",1209.495,1214.61,"#"
"PhonAlign",1214.61,1214.74,"w"
"PhonAlign",1214.74,1214.97,"E"
"PhonAlign",1214.97,1215.5,"#"
"PhonAlign",1215.5,1215.61,"p"
"PhonAlign",1215.61,1215.78,"u"
"PhonAlign",1215.78,1215.91,"R"
"PhonAlign",1215.91,1216.03,"p"
"PhonAlign",1216.03,1216.19,"u"
"PhonAlign",1216.19,1216.22,"R"
"PhonAlign",1216.22,1216.35,"p"
"PhonAlign",1216.35,1216.46,"u"
"PhonAlign",1216.46,1216.75,"R"
"PhonAlign",1216.75,1216.8,"l"
"PhonAlign",1216.8,1216.88,"e"
"PhonAlign",1216.88,1216.95,"d"
"PhonAlign",1216.95,1217.0,"2"
"PhonAlign",1217.0,1217.12,"s"
"PhonAlign",1217.12,1217.15,"E"
"PhonAlign",1217.15,1217.22,"a~"
"PhonAlign",1217.22,1217.35,"s"
"PhonAlign",1217.35,1217.53,"p"
"PhonAlign",1217.53,1217.64,"u"
"PhonAlign",1217.64,1217.67,"R"
"PhonAlign",1217.67,1217.7,"l"
"PhonAlign",1217.7,1218.31,"fp"
"PhonAlign",1218.31,1218.845,"#"
"PhonAlign",1218.845,1218.905,"p"
"PhonAlign",1218.905,1219.125,"u"
"PhonAlign",1219.125,1219.27,"R"
"PhonAlign",1219.27,1219.45,"#"
"PhonAlign",1219.45,1219.49,"p"
"PhonAlign",1219.49,1219.53,"u"
"PhonAlign",1219.53,1219.56,"R"
"PhonAlign",1219.56,1219.61,"v"
"PhonAlign",1219.61,1219.66,"w"
"PhonAlign",1219.66,1219.72,"A/"
"PhonAlign",1219.72,1219.75,"l"
"PhonAlign",1219.75,1219.8300000000002,"A/"
"PhonAlign",1219.8300000000002,1220.1,"k"
"PhonAlign",1220.1,1220.14,"w"
"PhonAlign",1220.14,1220.19,"A/"
"PhonAlign",1220.19,1220.225,"noise"
"PhonAlign",1220.225,1224.265,"#"
"PhonAlign",1224.265,1224.315,"w"
"PhonAlign",1224.315,1224.345,"E"
"PhonAlign",1224.345,1224.4250000000002,"b"
"PhonAlign",1224.4250000000002,1224.465,"U~/"
"PhonAlign",1224.465,1224.495,"A/"
"PhonAlign",1224.495,1224.575,"p"
"PhonAlign",1224.575,1224.605,"R"
"PhonAlign",1224.605,1224.6450000000002,"E"
"PhonAlign",1224.6450000000002,1224.775,"s"
"PhonAlign",1224.775,1224.845,"A/"
"PhonAlign",1224.845,1224.9550000000002,"s"
"PhonAlign",1224.9550000000002,1225.125,"O~"
"PhonAlign",1225.125,1225.1950000000002,"v"
"PhonAlign",1225.1950000000002,1225.285,"e"
"PhonAlign",1225.285,1225.365,"R"
"PhonAlign",1225.365,1225.4550000000002,"A/"
"PhonAlign",1225.4550000000002,1225.495,"A/"
"PhonAlign",1225.495,1225.6850000000002,"p"
"PhonAlign",1225.6850000000002,1226.325,"R"
"PhonAlign",1226.325,1226.595,"E"
"PhonAlign",1226.595,1226.65639,"z"
"PhonAlign",1226.65639,1227.824278,"#"
"PhonAlign",1227.824278,1228.640092,"laugh"
"PhonAlign",1228.640092,1229.065,"#"
"PhonAlign",1229.065,1229.235,"u"
"PhonAlign",1229.235,1229.265,"i"
"PhonAlign",1229.265,1229.295,"b"
"PhonAlign",1229.295,1229.825,"U~/"
"PhonAlign",1229.825,1229.855,"u"
"PhonAlign",1229.855,1229.93,"i"
"PhonAlign",1229.93,1241.76,"#"
"TokensAlign",0.0,40.02,"#"
"TokensAlign",40.02,40.275,"ouais"
"TokensAlign",40.275,41.42,"#"
"TokensAlign",41.42,41.8,"ouais"
"TokensAlign",41.8,41.99,"c'est"
"TokensAlign",41.99,42.09,"parce_qu'"
"TokensAlign",42.09,42.31,"en_fait"
"TokensAlign",42.31,42.370000000000005,"c'est"
"TokensAlign",42.370000000000005,42.77,"vrai"
"TokensAlign",42.77,42.8,"que"
"TokensAlign",42.8,42.83,"j'"
"TokensAlign",42.83,43.0,"allais"
"TokensAlign",43.0,43.17,"dire"
"TokensAlign",43.17,43.47,"pour"
"TokensAlign",43.47,43.6,"euh"
"TokensAlign",43.6,43.82,"pour"
"TokensAlign",43.82,44.09,"halloween"
"TokensAlign",44.09,44.16,"ça"
"TokensAlign",44.16,44.36,"serait"
"TokensAlign",44.36,44.83,"impeccable"
"TokensAlign",44.83,45.02,"mais"
"TokensAlign",45.02,45.797204,"euh"
"TokensAlign",45.797204,50.179028,"#"
"TokensAlign",50.179028,51.558125,"@"
"TokensAlign",51.558125,64.485,"#"
"TokensAlign",64.485,64.775,"peut-être"
"TokensAlign",64.775,65.05499999999999,"ouais"
"TokensAlign",65.05499999999999,65.085,"l'"
"TokensAlign",65.085,65.445,"été"
"TokensAlign",65.445,65.615,"l"
"TokensAlign",65.615,65.755,"été"
"TokensAlign",65.755,65.795,"l'"
"TokensAlign",65.795,66.165,"été"
"TokensAlign",66.165,66.84,"euh"
"TokensAlign",66.84,76.525,"#"
"TokensAlign",76.525,77.15,"pourquoi"
"TokensAlign",77.15,80.135,"#"
"TokensAlign",80.135,80.64,"juin"
"TokensAlign",80.64,106.76,"#"
"TokensAlign",106.76,106.82,"y"
"TokensAlign",106.82,106.85,"a"
"TokensAlign",106.85,106.96,"des"
"TokensAlign",106.96,107.09,"jours"
"TokensAlign",107.09,107.5,"fériés"
"TokensAlign",107.5,107.96,"en"
"TokensAlign",107.96,107.99,"+"
"TokensAlign",107.99,108.02,"y"
"TokensAlign",108.02,108.05,"a"
"TokensAlign",108.05,108.25,"pas"
"TokensAlign",108.25,108.41,"de"
"TokensAlign",108.41,108.52,"jours"
"TokensAlign",108.52,108.74,"fériés"
"TokensAlign",108.74,108.85,"en"
"TokensAlign",108.85,108.99,"juin"
"TokensAlign",108.99,109.04,"je"
"TokensAlign",109.04,109.27,"crois"
"TokensAlign",109.27,109.4,"#"
"TokensAlign",109.4,109.56,"si"
"TokensAlign",109.56,109.63,"il_y"
"TokensAlign",109.63,109.69,"a"
"TokensAlign",109.69,109.72,"l'"
"TokensAlign",109.72,110.125,"ascension"
"TokensAlign",110.125,111.025,"#"
"TokensAlign",111.025,111.175,"non"
"TokensAlign",111.175,111.275,"pas"
"TokensAlign",111.275,111.315,"du"
"TokensAlign",111.315,111.53,"tout"
"TokensAlign",111.53,111.72,"#"
"TokensAlign",111.72,111.8,"pas"
"TokensAlign",111.8,111.86,"du"
"TokensAlign",111.86,112.01,"tout"
"TokensAlign",112.01,112.12,"en"
"TokensAlign",112.12,112.47,"juin"
"TokensAlign",112.47,113.049129,"@"
"TokensAlign",113.049129,132.165,"#"
"TokensAlign",132.165,132.225,"ah"
"TokensAlign",132.225,132.70499999999998,"merde"
"TokensAlign",132.70499999999998,133.105766,"@"
"TokensAlign",133.105766,134.12,"#"
"TokensAlign",134.12,134.33,"ah"
"TokensAlign",134.33,137.02,"#"
"TokensAlign",137.02,137.06,"ça"
"TokensAlign",137.06,137.24,"sera"
"TokensAlign",137.24,137.39,"pour"
"TokensAlign",137.39,137.55,"notre"
"TokensAlign",137.55,137.88000000000002,"ouverture"
"TokensAlign",137.88000000000002,138.10000000000002,"avec"
"TokensAlign",138.10000000000002,138.23000000000002,"avec"
"TokensAlign",138.23000000000002,138.59,"euh"
"TokensAlign",138.59,139.76,"#"
"TokensAlign",139.76,140.17999999999998,"avec"
"TokensAlign",140.17999999999998,140.32999999999998,"euh"
"TokensAlign",140.32999999999998,140.39,"je"
"TokensAlign",140.39,141.14,"sais"
"TokensAlign",141.14,142.26999999999998,"plus"
"TokensAlign",142.26999999999998,142.38,"@"
"TokensAlign",142.38,142.878226,"#"
"TokensAlign",142.878226,143.313393,"@"
"TokensAlign",143.313393,151.44,"#"
"TokensAlign",151.44,151.5,"le"
"TokensAlign",151.5,151.63,"six"
"TokensAlign",151.63,151.81,"juin"
"TokensAlign",151.81,153.245,"#"
"TokensAlign",153.245,153.335,"donc"
"TokensAlign",153.335,153.54500000000002,"du"
"TokensAlign",153.54500000000002,153.785,"six"
"TokensAlign",153.785,154.965,"jusqu'au"
"TokensAlign",154.965,155.195,"jusqu'au"
"TokensAlign",155.195,155.48,"onze"
"TokensAlign",155.48,156.325,"#"
"TokensAlign",156.325,156.36499999999998,"ça"
"TokensAlign",156.36499999999998,156.665,"ferait"
"TokensAlign",156.665,160.68,"#"
"TokensAlign",160.68,160.86,"vu"
"TokensAlign",160.86,161.06,"que"
"TokensAlign",161.06,161.16,"ça"
"TokensAlign",161.16,161.54000000000002,"vu"
"TokensAlign",161.54000000000002,161.8,"que"
"TokensAlign",161.8,161.95000000000002,"ça"
"TokensAlign",161.95000000000002,162.09,"fait"
"TokensAlign",162.09,162.32,"cinq"
"TokensAlign",162.32,162.495,"jours"
"TokensAlign",162.495,166.03,"#"
"TokensAlign",166.03,166.12,"ouais"
"TokensAlign",166.12,166.25,"oui"
"TokensAlign",166.25,166.37,"oui"
"TokensAlign",166.37,166.43,"oui"
"TokensAlign",166.43,166.77,"pardon"
"TokensAlign",166.77,166.85,"#"
"TokensAlign",166.85,167.16,"oui"
"TokensAlign",167.16,167.56,"oui"
"TokensAlign",167.56,167.69,"oui"
"TokensAlign",167.69,167.89,"#"
"TokensAlign",167.89,168.055,"oui"
"TokensAlign",168.055,182.650299,"#"
"TokensAlign",182.650299,184.194695,"@"
"TokensAlign",184.194695,185.71,"#"
"TokensAlign",185.71,186.0,"c'est"
"TokensAlign",186.0,186.09,"pas"
"TokensAlign",186.09,186.495,"gégé"
"TokensAlign",186.495,217.78,"#"
"TokensAlign",217.78,217.99,"bon"
"TokensAlign",217.99,218.32,"sinon"
"TokensAlign",218.32,218.54,"les"
"TokensAlign",218.54,219.245,"les"
"TokensAlign",219.245,220.04,"#"
"TokensAlign",220.04,220.36,"bon"
"TokensAlign",220.36,220.5,"sinon"
"TokensAlign",220.5,220.56,"dans"
"TokensAlign",220.56,220.66,"les"
"TokensAlign",220.66,220.92,"voitures"
"TokensAlign",220.92,221.03,"qui"
"TokensAlign",221.03,221.29,"passent"
"TokensAlign",221.29,221.37,"on"
"TokensAlign",221.37,221.41,"a"
"TokensAlign",221.41,222.14,"accroche"
"TokensAlign",222.14,222.325,"les"
"TokensAlign",222.325,222.565,"#"
"TokensAlign",222.565,223.525,"grilles"
"TokensAlign",223.525,224.005,"comme"
"TokensAlign",224.005,224.355,"ça"
"TokensAlign",224.355,224.545,"ça"
"TokensAlign",224.545,224.735,"la"
"TokensAlign",224.735,224.825,"ça"
"TokensAlign",224.825,224.915,"la"
"TokensAlign",224.915,225.235,"laboure"
"TokensAlign",225.235,225.355,"tout"
"TokensAlign",225.355,225.71,"seul"
"TokensAlign",225.71,229.155,"#"
"TokensAlign",229.155,229.305,"oui"
"TokensAlign",229.305,229.65,"aussi"
"TokensAlign",229.65,231.84,"#"
"TokensAlign",231.84,231.97,"on"
"TokensAlign",231.97,232.03,"lui"
"TokensAlign",232.03,232.7,"donnera"
"TokensAlign",232.7,232.88,"genre"
"TokensAlign",232.88,233.03,"cinq"
"TokensAlign",233.03,233.41,"pourcents"
"TokensAlign",233.41,233.49,"des"
"TokensAlign",233.49,233.69,"revenus"
"TokensAlign",233.69,233.74,"de"
"TokensAlign",233.74,233.8,"la"
"TokensAlign",233.8,234.17,"buvette"
"TokensAlign",234.17,235.474836,"#"
"TokensAlign",235.474836,236.362043,"@"
"TokensAlign",236.362043,242.59,"#"
"TokensAlign",242.59,242.87,"euh"
"TokensAlign",242.87,243.08,"ça"
"TokensAlign",243.08,243.21,"moi"
"TokensAlign",243.21,243.26,"je"
"TokensAlign",243.26,243.29,"m'"
"TokensAlign",243.29,243.35,"en"
"TokensAlign",243.35,243.73,"occupe"
"TokensAlign",243.73,243.96,"#"
"TokensAlign",243.96,244.0,"j'"
"TokensAlign",244.0,244.2,"ai"
"TokensAlign",244.2,244.32,"j'"
"TokensAlign",244.32,244.97,"ai"
"TokensAlign",244.97,245.64,"+"
"TokensAlign",245.64,245.75,"j'"
"TokensAlign",245.75,245.81,"ai"
"TokensAlign",245.81,245.91,"j'"
"TokensAlign",245.91,245.96,"ai"
"TokensAlign",245.96,246.07,"mes"
"TokensAlign",246.07,246.5,"contacts"
"TokensAlign",246.5,246.53,"au"
"TokensAlign",246.53,247.31,"cinéma"
"TokensAlign",247.31,247.42,"#"
"TokensAlign",247.42,247.52,"au"
"TokensAlign",247.52,248.13,"cinéma"
"TokensAlign",248.13,248.17,"d'"
"TokensAlign",248.17,248.37,"aix"
"TokensAlign",248.37,251.722459,"#"
"TokensAlign",251.722459,253.823251,"@"
"TokensAlign",253.823251,254.073251,"un"
"TokensAlign",254.073251,254.233251,"grand"
"TokensAlign",254.233251,254.635,"drap"
"TokensAlign",254.635,255.84,"#"
"TokensAlign",255.84,256.11,"un"
"TokensAlign",256.11,256.3,"grand"
"TokensAlign",256.3,256.51,"drap"
"TokensAlign",256.51,256.69,"avec"
"TokensAlign",256.69,256.77,"un"
"TokensAlign",256.77,257.48,"vidéoprojecteur"
"TokensAlign",257.48,257.59000000000003,"à"
"TokensAlign",257.59000000000003,258.13,"manivelle"
"TokensAlign",258.13,258.54,"comme"
"TokensAlign",258.54,259.06,"ça"
"TokensAlign",259.06,259.095,"@"
"TokensAlign",259.095,261.452813,"#"
"TokensAlign",261.452813,261.915,"@"
"TokensAlign",261.915,266.92,"#"
"TokensAlign",266.92,267.41,"ben"
"TokensAlign",267.41,268.48,"+"
"TokensAlign",268.48,268.81,"maintenant"
"TokensAlign",268.81,268.96000000000004,"là"
"TokensAlign",268.96000000000004,269.18,"je"
"TokensAlign",269.18,269.21000000000004,"je"
"TokensAlign",269.21000000000004,269.84000000000003,"je"
"TokensAlign",269.84000000000003,269.94,"je"
"TokensAlign",269.94,270.13,"sors"
"TokensAlign",270.13,270.17,"de"
"TokensAlign",270.17,270.31,"la"
"TokensAlign",270.31,270.59000000000003,"réunion"
"TokensAlign",270.59000000000003,270.65000000000003,"j'"
"TokensAlign",270.65000000000003,270.68,"y"
"TokensAlign",270.68,270.85,"vais"
"TokensAlign",270.85,270.93,"là"
"TokensAlign",270.93,271.27,"maintenant"
"TokensAlign",271.27,297.205,"#"
"TokensAlign",297.205,297.765,"@"
"TokensAlign",297.765,309.015,"#"
"TokensAlign",309.015,309.095,"ah"
"TokensAlign",309.095,309.305,"ben"
"TokensAlign",309.305,309.58,"oui"
"TokensAlign",309.58,317.556756,"#"
"TokensAlign",317.556756,318.44,"@"
"TokensAlign",318.44,325.421612,"#"
"TokensAlign",325.421612,327.202697,"@"
"TokensAlign",327.202697,331.208684,"#"
"TokensAlign",331.208684,332.242648,"@"
"TokensAlign",332.242648,336.259656,"#"
"TokensAlign",336.259656,337.106839,"@"
"TokensAlign",337.106839,337.733888,"#"
"TokensAlign",337.733888,338.940108,"@"
"TokensAlign",338.940108,339.380108,"on"
"TokensAlign",339.380108,339.460108,"lui"
"TokensAlign",339.460108,339.720108,"refait"
"TokensAlign",339.720108,339.870108,"tout_le"
"TokensAlign",339.870108,340.080108,"champ"
"TokensAlign",340.080108,340.120108,"on"
"TokensAlign",340.120108,340.310108,"lui"
"TokensAlign",340.310108,340.780108,"pose"
"TokensAlign",340.780108,341.48010800000003,"le"
"TokensAlign",341.48010800000003,342.770108,"parquet"
"TokensAlign",342.770108,344.03,"@"
"TokensAlign",344.03,344.27,"#"
"TokensAlign",344.27,345.338438,"@"
"TokensAlign",345.338438,376.325,"#"
"TokensAlign",376.325,376.495,"petite"
"TokensAlign",376.495,376.525,"l'"
"TokensAlign",376.525,377.195,"ambiance"
"TokensAlign",377.195,377.265938,"ouais"
"TokensAlign",377.265938,384.312732,"#"
"TokensAlign",384.312732,384.706305,"@"
"TokensAlign",384.706305,385.186598,"#"
"TokensAlign",385.186598,385.733598,"@"
"TokensAlign",385.733598,412.326915,"#"
"TokensAlign",412.326915,413.589228,"@"
"TokensAlign",413.589228,422.38,"#"
"TokensAlign",422.38,422.61,"et"
"TokensAlign",422.61,422.9,"bon"
"TokensAlign",422.9,423.28,"si"
"TokensAlign",423.28,423.807188,"ouais"
"TokensAlign",423.807188,427.185,"#"
"TokensAlign",427.185,427.653823,"ouais"
"TokensAlign",427.653823,442.7,"#"
"TokensAlign",442.7,442.99,"ouais"
"TokensAlign",442.99,446.3,"#"
"TokensAlign",446.3,446.45,""
"TokensAlign",446.45,447.06,"mais"
"TokensAlign",447.06,447.2,"il_y"
"TokensAlign",447.2,447.58,"aura"
"TokensAlign",447.58,447.66,"il_y"
"TokensAlign",447.66,447.77,"aura"
"TokensAlign",447.77,447.89,"pas"
"TokensAlign",447.89,447.92,"d'"
"TokensAlign",447.92,448.22,"alcool"
"TokensAlign",448.22,448.31,"j'"
"TokensAlign",448.31,448.485,"pense"
"TokensAlign",448.485,460.11,"#"
"TokensAlign",460.11,460.6,"formation"
"TokensAlign",460.6,460.83,"ben"
"TokensAlign",460.83,461.12,"courant"
"TokensAlign",461.12,461.59,"printemps"
"TokensAlign",461.59,463.33,"#"
"TokensAlign",463.33,463.54,"deux"
"TokensAlign",463.54,463.97,"ans"
"TokensAlign",463.97,464.0,"@"
"TokensAlign",464.0,464.68,"+"
"TokensAlign",464.68,465.2,"ben"
"TokensAlign",465.2,465.31,"quand"
"TokensAlign",465.31,465.424744,"même"
"TokensAlign",465.424744,466.805,"#"
"TokensAlign",466.805,466.945,"alors"
"TokensAlign",466.945,467.095,"on"
"TokensAlign",467.095,467.175,"dit"
"TokensAlign",467.175,467.505,"du_coup"
"TokensAlign",467.505,468.245,"deux_mille_vingt_cinq"
"TokensAlign",468.245,468.395,"pour"
"TokensAlign",468.395,468.495,"le"
"TokensAlign",468.495,468.995,"festival"
"TokensAlign",468.995,469.045,"j"
"TokensAlign",469.045,469.425,"pense"
"TokensAlign",469.425,469.485,"je"
"TokensAlign",469.485,469.675,"pense"
"TokensAlign",469.675,469.755,"qu'"
"TokensAlign",469.755,469.865,"on"
"TokensAlign",469.865,469.935,"est"
"TokensAlign",469.935,470.320045,"large"
"TokensAlign",470.320045,479.309062,"#"
"TokensAlign",479.309062,479.599062,"après"
"TokensAlign",479.599062,479.859062,"faudrait"
"TokensAlign",479.859062,480.259062,"installer"
"TokensAlign",480.259062,480.419062,"un"
"TokensAlign",480.419062,480.569062,"truc"
"TokensAlign",480.569062,480.779062,"de"
"TokensAlign",480.779062,480.999062,"mise"
"TokensAlign",480.999062,481.119062,"en"
"TokensAlign",481.119062,481.714266,"place"
"TokensAlign",481.714266,481.84,"#"
"TokensAlign",481.84,482.02,"par"
"TokensAlign",482.02,482.45,"rapport"
"TokensAlign",482.45,482.84,"au"
"TokensAlign",482.84,483.43,"parking"
"TokensAlign",483.43,485.525,"#"
"TokensAlign",485.525,485.825,"rapport"
"TokensAlign",485.825,485.995,"au"
"TokensAlign",485.995,486.345,"parking"
"TokensAlign",486.345,486.625,"mettre"
"TokensAlign",486.625,487.235,"un"
"TokensAlign",487.235,487.655,"+"
"TokensAlign",487.655,487.735,"un"
"TokensAlign",487.735,488.075,"système"
"TokensAlign",488.075,488.145,"de"
"TokensAlign",488.145,488.315,"mise"
"TokensAlign",488.315,488.445,"en"
"TokensAlign",488.445,488.735,"place"
"TokensAlign",488.735,489.305,"de"
"TokensAlign",489.305,489.975,"+"
"TokensAlign",489.975,490.045,"de"
"TokensAlign",490.045,490.195,"de"
"TokensAlign",490.195,490.925,"numérotation"
"TokensAlign",490.925,491.195,"peut-être"
"TokensAlign",491.195,491.425,"de"
"TokensAlign",491.425,491.785,"place"
"TokensAlign",491.785,492.175,"#"
"TokensAlign",492.175,492.215,"que"
"TokensAlign",492.215,492.405,"pour"
"TokensAlign",492.405,492.945,"retrouver"
"TokensAlign",492.945,493.495,"euh"
"TokensAlign",493.495,493.865,"+"
"TokensAlign",493.865,493.975,"pour"
"TokensAlign",493.975,494.345,"trouver"
"TokensAlign",494.345,494.645,"le"
"TokensAlign",494.645,494.755,"la"
"TokensAlign",494.755,495.145,"commande"
"TokensAlign",495.145,495.435,"parmi"
"TokensAlign",495.435,495.87,"leuh"
"TokensAlign",495.87,496.065,"#"
"TokensAlign",496.065,496.325,"les"
"TokensAlign",496.325,496.405,"les"
"TokensAlign",496.405,496.705,"places"
"TokensAlign",496.705,496.735,"du"
"TokensAlign",496.735,497.26404,"parking"
"TokensAlign",497.26404,500.24,"#"
"TokensAlign",500.24,500.635,"mh"
"TokensAlign",500.635,501.52,"#"
"TokensAlign",501.52,501.79,"mh"
"TokensAlign",501.79,502.43,"#"
"TokensAlign",502.43,502.675,"mh"
"TokensAlign",502.675,514.321215,"#"
"TokensAlign",514.321215,514.640124,"ouais"
"TokensAlign",514.640124,515.593434,"#"
"TokensAlign",515.593434,516.023434,"ah"
"TokensAlign",516.023434,516.163434,"oui"
"TokensAlign",516.163434,516.643434,"exact"
"TokensAlign",516.643434,516.683434,"+"
"TokensAlign",516.683434,516.940313,"ouais"
"TokensAlign",516.940313,517.555051,"#"
"TokensAlign",517.555051,517.819606,"ouais"
"TokensAlign",517.819606,539.255893,"#"
"TokensAlign",539.255893,541.785442,"@"
"TokensAlign",541.785442,547.677249,"#"
"TokensAlign",547.677249,548.117238,"oui"
"TokensAlign",548.117238,553.74,"#"
"TokensAlign",553.74,553.98,"manière"
"TokensAlign",553.98,554.04,"non"
"TokensAlign",554.04,554.07,"mais"
"TokensAlign",554.07,554.34,"après"
"TokensAlign",554.34,554.49,"genre"
"TokensAlign",554.49,554.73,"voilà"
"TokensAlign",554.73,554.97,"faut"
"TokensAlign",554.97,555.23,"pas"
"TokensAlign",555.23,555.34,"non_plus"
"TokensAlign",555.34,555.49,"que"
"TokensAlign",555.49,555.66,"ça"
"TokensAlign",555.66,555.9,"parte"
"TokensAlign",555.9,556.17,"après"
"TokensAlign",556.17,556.32,"trop"
"TokensAlign",556.32,557.001563,"euh"
"TokensAlign",557.001563,559.705,"#"
"TokensAlign",559.705,560.125,"genre"
"TokensAlign",560.125,560.2850000000001,"tu"
"TokensAlign",560.2850000000001,560.4250000000001,"mets"
"TokensAlign",560.4250000000001,560.855,"par_exemple"
"TokensAlign",560.855,561.115,"+"
"TokensAlign",561.115,561.575,"de"
"TokensAlign",561.575,561.835,"+"
"TokensAlign",561.835,562.0550000000001,"tu"
"TokensAlign",562.0550000000001,562.4150000000001,"mets"
"TokensAlign",562.4150000000001,562.585,"un"
"TokensAlign",562.585,562.985,"marquage"
"TokensAlign",562.985,563.1450000000001,"de"
"TokensAlign",563.1450000000001,563.195,"un"
"TokensAlign",563.195,563.4250000000001,"à"
"TokensAlign",563.4250000000001,563.975,"quinze"
"TokensAlign",563.975,564.3050000000001,"+"
"TokensAlign",564.3050000000001,564.445,"de"
"TokensAlign",564.445,564.725,"seize"
"TokensAlign",564.725,564.8050000000001,"à"
"TokensAlign",564.8050000000001,565.205,"trente"
"TokensAlign",565.205,565.3,"#"
"TokensAlign",565.3,565.51,"de"
"TokensAlign",565.51,565.99,"trente-et-un"
"TokensAlign",565.99,566.0799999999999,"à"
"TokensAlign",566.0799999999999,566.5,"quarante_cinq"
"TokensAlign",566.5,566.55,"tu"
"TokensAlign",566.55,566.7299999999999,"vois"
"TokensAlign",566.7299999999999,567.059744,"et"
"TokensAlign",567.059744,568.42,"#"
"TokensAlign",568.42,568.53,"c'est"
"TokensAlign",568.53,568.725,"ça"
"TokensAlign",568.725,570.445,"#"
"TokensAlign",570.445,570.5350000000001,"tu"
"TokensAlign",570.5350000000001,571.0150000000001,"commandes"
"TokensAlign",571.0150000000001,571.195,"tu"
"TokensAlign",571.195,571.5350000000001,"commandes"
"TokensAlign",571.5350000000001,571.625,"tu"
"TokensAlign",571.625,571.7950000000001,"donnes"
"TokensAlign",571.7950000000001,571.9250000000001,"ton"
"TokensAlign",571.9250000000001,572.1750000000001,"numéro"
"TokensAlign",572.1750000000001,572.215,"de"
"TokensAlign",572.215,572.69,"place"
"TokensAlign",572.69,573.505,"#"
"TokensAlign",573.505,573.705,"et"
"TokensAlign",573.705,574.185,"après"
"TokensAlign",574.185,574.555,"le"
"TokensAlign",574.555,574.665,"et"
"TokensAlign",574.665,575.165,"après"
"TokensAlign",575.165,575.47,"voilà"
"TokensAlign",575.47,575.55,"#"
"TokensAlign",575.55,575.62,"c'est"
"TokensAlign",575.62,575.885,"ça"
"TokensAlign",575.885,581.1,"#"
"TokensAlign",581.1,581.25,"ça"
"TokensAlign",581.25,581.4200000000001,"moi"
"TokensAlign",581.4200000000001,581.61,"ça"
"TokensAlign",581.61,581.72,"moi"
"TokensAlign",581.72,581.75,"je"
"TokensAlign",581.75,582.12,"peux"
"TokensAlign",582.12,582.23,"je"
"TokensAlign",582.23,582.44,"peux"
"TokensAlign",582.44,582.96,"peut-être"
"TokensAlign",582.96,583.02,"m'"
"TokensAlign",583.02,583.1,"en"
"TokensAlign",583.1,583.65,"occuper"
"TokensAlign",583.65,583.98,"du"
"TokensAlign",583.98,584.44,"système"
"TokensAlign",584.44,584.51,"de"
"TokensAlign",584.51,585.27,"numérotation"
"TokensAlign",585.27,585.38,"des"
"TokensAlign",585.38,585.6700000000001,"places"
"TokensAlign",585.6700000000001,585.95,"peut-être"
"TokensAlign",585.95,588.57,"#"
"TokensAlign",588.57,588.88,"ben"
"TokensAlign",588.88,589.25,"ça"
"TokensAlign",589.25,589.47,"ben"
"TokensAlign",589.47,589.6600000000001,"ça"
"TokensAlign",589.6600000000001,589.83,"faut"
"TokensAlign",589.83,590.1600000000001,"que"
"TokensAlign",590.1600000000001,590.37,"je"
"TokensAlign",590.37,590.6800000000001,"vois"
"TokensAlign",590.6800000000001,591.07,"avec"
"TokensAlign",591.07,591.3900000000001,"avec"
"TokensAlign",591.3900000000001,591.7600000000001,"dédé"
"TokensAlign",591.7600000000001,591.7900000000001,"mais"
"TokensAlign",591.7900000000001,591.8900000000001,"je"
"TokensAlign",591.8900000000001,592.1700000000001,"pense"
"TokensAlign",592.1700000000001,592.5200000000001,"je"
"TokensAlign",592.5200000000001,593.24,"pense"
"TokensAlign",593.24,593.3100000000001,"qu'"
"TokensAlign",593.3100000000001,593.37,"on"
"TokensAlign",593.37,593.5400000000001,"peut"
"TokensAlign",593.5400000000001,593.7,"s'"
"TokensAlign",593.7,593.73,"y"
"TokensAlign",593.73,594.0200000000001,"mettre"
"TokensAlign",594.0200000000001,594.555,"euh"
"TokensAlign",594.555,595.34,"#"
"TokensAlign",595.34,595.61,"fenfin"
"TokensAlign",595.61,595.76,"pas"
"TokensAlign",595.76,596.14,"trente"
"TokensAlign",596.14,596.2900000000001,"sans"
"TokensAlign",596.2900000000001,596.58,"prendre"
"TokensAlign",596.58,596.695,"#"
"TokensAlign",596.695,596.7650000000001,"une"
"TokensAlign",596.7650000000001,597.005,"trop"
"TokensAlign",597.005,597.0550000000001,"à"
"TokensAlign",597.0550000000001,597.085,"l'"
"TokensAlign",597.085,597.49,"avance"
"TokensAlign",597.49,600.095,"#"
"TokensAlign",600.095,600.4150000000001,"ouais"
"TokensAlign",600.4150000000001,600.5550000000001,"c'est"
"TokensAlign",600.5550000000001,601.745,"ça"
"TokensAlign",601.745,602.235,"ouais"
"TokensAlign",602.235,603.05,"ouais"
"TokensAlign",603.05,603.38,"mh"
"TokensAlign",603.38,603.575,"#"
"TokensAlign",603.575,603.995,"deux"
"TokensAlign",603.995,604.215,"deux"
"TokensAlign",604.215,604.845,"semaines"
"TokensAlign",604.845,605.1750000000001,"avant"
"TokensAlign",605.1750000000001,605.325,"pour"
"TokensAlign",605.325,605.455,"être"
"TokensAlign",605.455,605.74,"large"
"TokensAlign",605.74,609.285,"#"
"TokensAlign",609.285,609.425,"oui"
"TokensAlign",609.425,609.625,"mais"
"TokensAlign",609.625,609.795,"non"
"TokensAlign",609.795,609.905,"mais"
"TokensAlign",609.905,610.0749999999999,"non"
"TokensAlign",610.0749999999999,610.5849999999999,"mais"
"TokensAlign",610.5849999999999,610.915,"à"
"TokensAlign",610.915,611.025,"à"
"TokensAlign",611.025,611.79,"préparer"
"TokensAlign",611.79,612.526791,"#"
"TokensAlign",612.526791,612.566791,"à"
"TokensAlign",612.566791,613.146791,"préparer"
"TokensAlign",613.146791,613.176791,"et"
"TokensAlign",613.176791,613.566791,"après"
"TokensAlign",613.566791,613.616791,"t'"
"TokensAlign",613.616791,614.256791,"installe"
"TokensAlign",614.256791,614.346791,"t'"
"TokensAlign",614.346791,614.596791,"installe"
"TokensAlign",614.596791,614.756791,"sur"
"TokensAlign",614.756791,615.336791,"place"
"TokensAlign",615.336791,615.476791,"genre"
"TokensAlign",615.476791,615.556791,"la"
"TokensAlign",615.556791,615.7167910000001,"veille"
"TokensAlign",615.7167910000001,615.925,"quoi"
"TokensAlign",615.925,623.555,"#"
"TokensAlign",623.555,624.02,"billeterie"
"TokensAlign",624.02,625.1,"#"
"TokensAlign",625.1,625.1800000000001,"les"
"TokensAlign",625.1800000000001,625.3000000000001,"deuxles"
"TokensAlign",625.3000000000001,625.37,"deux"
"TokensAlign",625.37,626.845,"#"
"TokensAlign",626.845,627.525,"sponsorisation"
"TokensAlign",627.525,627.81,"fnac"
"TokensAlign",627.81,632.419835,"#"
"TokensAlign",632.419835,633.086909,"@"
"TokensAlign",633.086909,633.46714,"#"
"TokensAlign",633.46714,634.234275,"@"
"TokensAlign",634.234275,642.525,"#"
"TokensAlign",642.525,642.715,"sinon"
"TokensAlign",642.715,643.43,"euh"
"TokensAlign",643.43,648.335,"#"
"TokensAlign",648.335,648.585,"ouais"
"TokensAlign",648.585,648.715,"à"
"TokensAlign",648.715,648.745,"à"
"TokensAlign",648.745,648.7750000000001,"l'"
"TokensAlign",648.7750000000001,649.0350000000001,"asso"
"TokensAlign",649.0350000000001,649.4150000000001,"euh"
"TokensAlign",649.4150000000001,650.075,"+"
"TokensAlign",650.075,650.265,"sur"
"TokensAlign",650.265,650.495,"le"
"TokensAlign",650.495,650.705,"sur"
"TokensAlign",650.705,650.745,"le"
"TokensAlign",650.745,650.9250000000001,"site"
"TokensAlign",650.9250000000001,650.965,"d'"
"TokensAlign",650.965,651.265,"internet"
"TokensAlign",651.265,651.395,"de"
"TokensAlign",651.395,651.4250000000001,"l'"
"TokensAlign",651.4250000000001,651.815,"asso"
"TokensAlign",651.815,651.965,"de"
"TokensAlign",651.965,651.995,"l'"
"TokensAlign",651.995,652.245,"asso"
"TokensAlign",652.245,655.4,"#"
"TokensAlign",655.4,655.52,"et"
"TokensAlign",655.52,655.65,"ben"
"TokensAlign",655.65,655.99,"ça"
"TokensAlign",655.99,656.09,"ça"
"TokensAlign",656.09,656.24,"on"
"TokensAlign",656.24,656.39,"pourrait"
"TokensAlign",656.39,656.74,"essayer"
"TokensAlign",656.74,656.81,"+"
"TokensAlign",656.81,656.99,"parce_que"
"TokensAlign",656.99,657.13,"ça"
"TokensAlign",657.13,657.37,"sera"
"TokensAlign",657.37,657.5799999999999,"déjà"
"TokensAlign",657.5799999999999,658.11,"plus"
"TokensAlign",658.11,658.1899999999999,"un"
"TokensAlign",658.1899999999999,658.9599999999999,"peu"
"TokensAlign",658.9599999999999,659.035,"euh"
"TokensAlign",659.035,659.46,"#"
"TokensAlign",659.46,659.9200000000001,"public"
"TokensAlign",659.9200000000001,660.6500000000001,"public"
"TokensAlign",660.6500000000001,661.37,"visé"
"TokensAlign",661.37,661.71,"à"
"TokensAlign",661.71,661.7800000000001,"un"
"TokensAlign",661.7800000000001,662.39,"festival"
"TokensAlign",662.39,662.9100000000001,"+"
"TokensAlign",662.9100000000001,663.0500000000001,"que"
"TokensAlign",663.0500000000001,663.74,"directement"
"TokensAlign",663.74,663.8100000000001,"au"
"TokensAlign",663.8100000000001,664.63,"cinéma"
"TokensAlign",664.63,666.6,"#"
"TokensAlign",666.6,666.78,"ouais"
"TokensAlign",666.78,668.13,"#"
"TokensAlign",668.13,668.27,"on"
"TokensAlign",668.27,668.39,"pourra"
"TokensAlign",668.39,668.52,"donner"
"TokensAlign",668.52,668.6,"des"
"TokensAlign",668.6,668.93,"flyers"
"TokensAlign",668.93,672.355,"#"
"TokensAlign",672.355,672.515,"et"
"TokensAlign",672.515,672.705,"sur"
"TokensAlign",672.705,672.765,"le"
"TokensAlign",672.765,672.965,"site"
"TokensAlign",672.965,673.4350000000001,"internet"
"TokensAlign",673.4350000000001,673.6850000000001,"de"
"TokensAlign",673.6850000000001,673.725,"l'"
"TokensAlign",673.725,673.99,"asso"
"TokensAlign",673.99,679.956042,"#"
"TokensAlign",679.956042,680.903286,"@"
"TokensAlign",680.903286,698.530041,"#"
"TokensAlign",698.530041,699.263356,"ah_bon"
"TokensAlign",699.263356,708.3,"#"
"TokensAlign",708.3,709.505,"@"
"TokensAlign",709.505,710.726464,"#"
"TokensAlign",710.726464,711.474734,"@"
"TokensAlign",711.474734,711.858041,"#"
"TokensAlign",711.858041,712.0080409999999,"j"
"TokensAlign",712.0080409999999,712.198041,"arrive"
"TokensAlign",712.198041,712.4080409999999,"avec"
"TokensAlign",712.4080409999999,712.5080409999999,"ma"
"TokensAlign",712.5080409999999,712.698041,"bombe"
"TokensAlign",712.698041,712.798041,"de"
"TokensAlign",712.798041,713.483438,"parvenu"
"TokensAlign",713.483438,718.44,"#"
"TokensAlign",718.44,718.6700000000001,"la"
"TokensAlign",718.6700000000001,718.7800000000001,"la"
"TokensAlign",718.7800000000001,718.98,"bombe"
"TokensAlign",718.98,719.0600000000001,"de"
"TokensAlign",719.0600000000001,719.49,"peinture"
"TokensAlign",719.49,719.9100000000001,"de"
"TokensAlign",719.9100000000001,720.1,"de"
"TokensAlign",720.1,720.1300000000001,"l'"
"TokensAlign",720.1300000000001,720.8000000000001,"arbitre"
"TokensAlign",720.8000000000001,721.37,"pour"
"TokensAlign",721.37,721.46,"le"
"TokensAlign",721.46,721.5200000000001,"coup"
"TokensAlign",721.5200000000001,722.03,"franc"
"TokensAlign",722.03,728.94,"#"
"TokensAlign",728.94,729.2800000000001,"trois"
"TokensAlign",729.2800000000001,729.46,"trois"
"TokensAlign",729.46,729.6600000000001,"quatre"
"TokensAlign",729.6600000000001,729.97,"trois"
"TokensAlign",729.97,730.1600000000001,"quatre"
"TokensAlign",730.1600000000001,730.3000000000001,"mois"
"TokensAlign",730.3000000000001,730.4100000000001,"à"
"TokensAlign",730.4100000000001,730.45,"l'"
"TokensAlign",730.45,730.665,"avance"
"TokensAlign",730.665,731.545,"#"
"TokensAlign",731.545,731.7049999999999,"faire"
"TokensAlign",731.7049999999999,731.8149999999999,"des"
"TokensAlign",731.8149999999999,732.005,"pré"
"TokensAlign",732.005,732.305,"ventes"
"TokensAlign",732.305,736.2,"#"
"TokensAlign",736.2,736.683361,"ouais"
"TokensAlign",736.683361,750.91,"#"
"TokensAlign",750.91,752.89013,"@"
"TokensAlign",752.89013,761.795,"#"
"TokensAlign",761.795,761.895,"à"
"TokensAlign",761.895,762.41,"boire"
"TokensAlign",762.41,774.641709,"#"
"TokensAlign",774.641709,775.19044,"@"
"TokensAlign",775.19044,779.69,"#"
"TokensAlign",779.69,780.730313,"@"
"TokensAlign",780.730313,801.204644,"#"
"TokensAlign",801.204644,802.385104,"@"
"TokensAlign",802.385104,814.71,"#"
"TokensAlign",814.71,815.0400000000001,"genre"
"TokensAlign",815.0400000000001,815.51,"juste"
"TokensAlign",815.51,815.72,"genre"
"TokensAlign",815.72,815.9300000000001,"juste"
"TokensAlign",815.9300000000001,816.1500000000001,"histoire"
"TokensAlign",816.1500000000001,816.25,"de"
"TokensAlign",816.25,816.32,"les"
"TokensAlign",816.32,816.69,"prévenir"
"TokensAlign",816.69,816.7900000000001,"que"
"TokensAlign",816.7900000000001,816.89,"bon"
"TokensAlign",816.89,817.125,"euh"
"TokensAlign",817.125,821.195,"#"
"TokensAlign",821.195,821.58799,"ouais"
"TokensAlign",821.58799,826.97,"#"
"TokensAlign",826.97,827.01,"je"
"TokensAlign",827.01,827.1,"vois"
"TokensAlign",827.1,827.2,"ce"
"TokensAlign",827.2,827.23,"que"
"TokensAlign",827.23,827.778993,"c'est"
"TokensAlign",827.778993,828.47,"#"
"TokensAlign",828.47,828.51,"@"
"TokensAlign",828.51,828.6,"c'est"
"TokensAlign",828.6,828.6600000000001,"c'est"
"TokensAlign",828.6600000000001,829.7900000000001,"vrai"
"TokensAlign",829.7900000000001,829.9,"que"
"TokensAlign",829.9,830.115,"si"
"TokensAlign",830.115,831.825,"#"
"TokensAlign",831.825,832.225,"si"
"TokensAlign",832.225,832.375,"on"
"TokensAlign",832.375,832.575,"fait"
"TokensAlign",832.575,832.875,"une"
"TokensAlign",832.875,833.825,"inglorious"
"TokensAlign",833.825,834.865,"bastard"
"TokensAlign",834.865,855.034824,"#"
"TokensAlign",855.034824,855.54577,"@"
"TokensAlign",855.54577,869.920714,"#"
"TokensAlign",869.920714,870.300714,"un"
"TokensAlign",870.300714,870.4807139999999,"a-"
"TokensAlign",870.4807139999999,870.830714,"un"
"TokensAlign",870.830714,871.270714,"affichage"
"TokensAlign",871.270714,871.570714,"lumineux"
"TokensAlign",871.570714,871.640714,"à"
"TokensAlign",871.640714,871.820714,"times"
"TokensAlign",871.820714,872.835641,"square"
"TokensAlign",872.835641,915.265,"#"
"TokensAlign",915.265,915.495,"après"
"TokensAlign",915.495,915.605,"on"
"TokensAlign",915.605,915.705,"a"
"TokensAlign",915.705,915.815,"pas"
"TokensAlign",915.815,915.985,"un"
"TokensAlign",915.985,916.175,"budget"
"TokensAlign",916.175,916.575,"non_plus"
"TokensAlign",916.575,917.075,"illimité"
"TokensAlign",917.075,917.305,"quoi"
"TokensAlign",917.305,917.495,"+"
"TokensAlign",917.495,917.745,"c'est"
"TokensAlign",917.745,918.645,"euh"
"TokensAlign",918.645,918.705,"+"
"TokensAlign",918.705,918.735,"on"
"TokensAlign",918.735,918.895,"reste"
"TokensAlign",918.895,918.975,"quand"
"TokensAlign",918.975,919.145,"même"
"TokensAlign",919.145,919.245,"si"
"TokensAlign",919.245,919.395,"on"
"TokensAlign",919.395,919.445,"est"
"TokensAlign",919.445,919.555,"quand"
"TokensAlign",919.555,919.765,"même"
"TokensAlign",919.765,919.945,"une"
"TokensAlign",919.945,920.465,"très"
"TokensAlign",920.465,920.985,"petite"
"TokensAlign",920.985,921.535,"association"
"TokensAlign",921.535,922.185842,"euh"
"TokensAlign",922.185842,930.478001,"#"
"TokensAlign",930.478001,932.874159,"@"
"TokensAlign",932.874159,953.95,"#"
"TokensAlign",953.95,954.06,"mais"
"TokensAlign",954.06,954.26,"est-ce_que"
"TokensAlign",954.26,954.37,"vous"
"TokensAlign",954.37,954.72,"connaissez"
"TokensAlign",954.72,954.91,"red"
"TokensAlign",954.91,955.22,"shadow"
"TokensAlign",955.22,956.01,"légende"
"TokensAlign",956.01,956.495,"#"
"TokensAlign",956.495,956.665,"est-ce"
"TokensAlign",956.665,956.835,"que"
"TokensAlign",956.835,956.945,"vous"
"TokensAlign",956.945,957.365,"connaissez"
"TokensAlign",957.365,958.135,"nordvpn"
"TokensAlign",958.135,958.755,"@"
"TokensAlign",958.755,966.270937,"#"
"TokensAlign",966.270937,966.510937,"ben"
"TokensAlign",966.510937,966.690937,"pour"
"TokensAlign",966.690937,966.880937,"avoir"
"TokensAlign",966.880937,966.970937,"un"
"TokensAlign",966.970937,967.170937,"peu"
"TokensAlign",967.170937,967.510937,"de"
"TokensAlign",967.510937,967.780937,"un"
"TokensAlign",967.780937,967.960937,"peu"
"TokensAlign",967.960937,968.190937,"de"
"TokensAlign",968.190937,968.860937,"budget"
"TokensAlign",968.860937,969.225,"quoi"
"TokensAlign",969.225,981.745,"#"
"TokensAlign",981.745,982.045,"ben"
"TokensAlign",982.045,982.225,"c'est"
"TokensAlign",982.225,982.335,"lui"
"TokensAlign",982.335,982.725,"qui"
"TokensAlign",982.725,982.825,"a"
"TokensAlign",982.825,982.885,"dit"
"TokensAlign",982.885,983.115,"c'est"
"TokensAlign",983.115,983.145,"le"
"TokensAlign",983.145,984.17,"festivaix"
"TokensAlign",984.17,986.386709,"#"
"TokensAlign",986.386709,987.376029,"@"
"TokensAlign",987.376029,1010.888052,"#"
"TokensAlign",1010.888052,1011.018052,"une"
"TokensAlign",1011.018052,1011.545,"voiture"
"TokensAlign",1011.545,1013.84,"#"
"TokensAlign",1013.84,1013.92,"tout"
"TokensAlign",1013.92,1014.08,"ouais"
"TokensAlign",1014.08,1014.3,"voilà"
"TokensAlign",1014.3,1014.7,"ben"
"TokensAlign",1014.7,1014.79,"ben"
"TokensAlign",1014.79,1015.03,"un"
"TokensAlign",1015.03,1015.57,"drive"
"TokensAlign",1015.57,1016.28,"#"
"TokensAlign",1016.28,1016.32,"un"
"TokensAlign",1016.32,1016.82,"driving"
"TokensAlign",1016.82,1016.92,"à"
"TokensAlign",1016.92,1017.14,"côté"
"TokensAlign",1017.14,1017.25,"des"
"TokensAlign",1017.25,1017.71,"calanques"
"TokensAlign",1017.71,1017.91,"#"
"TokensAlign",1017.91,1017.95,"t"
"TokensAlign",1017.95,1018.1,"oublies"
"TokensAlign",1018.1,1018.13,"le"
"TokensAlign",1018.13,1019.0,"frein"
"TokensAlign",1019.0,1019.07,"à"
"TokensAlign",1019.07,1019.65,"main"
"TokensAlign",1019.65,1019.83,"aaaaaah"
"TokensAlign",1019.83,1020.625,"@"
"TokensAlign",1020.625,1021.100973,"#"
"TokensAlign",1021.100973,1021.400099,"@"
"TokensAlign",1021.400099,1028.387813,"#"
"TokensAlign",1028.387813,1028.717813,"test"
"TokensAlign",1028.717813,1028.837813,"de"
"TokensAlign",1028.837813,1029.0278130000002,"qi"
"TokensAlign",1029.0278130000002,1029.457813,"nécessaire"
"TokensAlign",1029.457813,1029.837813,"avant"
"TokensAlign",1029.837813,1030.0178130000002,"d'"
"TokensAlign",1030.0178130000002,1030.227813,"entrer"
"TokensAlign",1030.227813,1030.367813,"dans"
"TokensAlign",1030.367813,1030.397813,"le"
"TokensAlign",1030.397813,1031.17,"festival"
"TokensAlign",1031.17,1035.015,"#"
"TokensAlign",1035.015,1035.325,"design"
"TokensAlign",1035.325,1035.355,"je"
"TokensAlign",1035.355,1035.4250000000002,"veux"
"TokensAlign",1035.4250000000002,1035.535,"bien"
"TokensAlign",1035.535,1035.565,"m'"
"TokensAlign",1035.565,1035.615,"en"
"TokensAlign",1035.615,1036.045,"occuper"
"TokensAlign",1036.045,1036.99,"#"
"TokensAlign",1036.99,1037.38,"je"
"TokensAlign",1037.38,1037.67,"je"
"TokensAlign",1037.67,1037.9,"je"
"TokensAlign",1037.9,1038.0,"j'"
"TokensAlign",1038.0,1038.19,"ai"
"TokensAlign",1038.19,1038.69,"des"
"TokensAlign",1038.69,1039.32,"amis"
"TokensAlign",1039.32,1039.985,"dessinateurs"
"TokensAlign",1039.985,1046.2,"#"
"TokensAlign",1046.2,1046.52,"ouais"
"TokensAlign",1046.52,1047.25,"ben"
"TokensAlign",1047.25,1047.64,"#"
"TokensAlign",1047.64,1048.15,"pour"
"TokensAlign",1048.15,1048.5500000000002,"février"
"TokensAlign",1048.5500000000002,1048.84,"mars"
"TokensAlign",1048.84,1048.88,"je"
"TokensAlign",1048.88,1049.1,"dirais"
"TokensAlign",1049.1,1049.2800000000002,"pour"
"TokensAlign",1049.2800000000002,1049.47,"bien"
"TokensAlign",1049.47,1049.94,"préparer"
"TokensAlign",1049.94,1050.13,"tout"
"TokensAlign",1050.13,1050.8200000000002,"avoir"
"TokensAlign",1050.8200000000002,1050.89,"le"
"TokensAlign",1050.89,1051.1,"temps"
"TokensAlign",1051.1,1051.23,"de"
"TokensAlign",1051.23,1051.34,"tout"
"TokensAlign",1051.34,1051.64,"faire"
"TokensAlign",1051.64,1051.915,"bien"
"TokensAlign",1051.915,1059.015938,"#"
"TokensAlign",1059.015938,1059.495938,"sponsor"
"TokensAlign",1059.495938,1059.655938,"déjà"
"TokensAlign",1059.655938,1059.785938,"on"
"TokensAlign",1059.785938,1059.915938,"peut"
"TokensAlign",1059.915938,1060.155938,"déjà"
"TokensAlign",1060.155938,1060.405938,"trouver"
"TokensAlign",1060.405938,1060.815938,"des"
"TokensAlign",1060.815938,1061.265938,"sponsors"
"TokensAlign",1061.265938,1061.765938,"au_sein_de"
"TokensAlign",1061.765938,1062.055938,"au_sein_de"
"TokensAlign",1062.055938,1062.125938,"la"
"TokensAlign",1062.125938,1062.39,"ville"
"TokensAlign",1062.39,1064.65,"#"
"TokensAlign",1064.65,1064.7900000000002,"donc"
"TokensAlign",1064.7900000000002,1064.99,"que"
"TokensAlign",1064.99,1065.23,"ce"
"TokensAlign",1065.23,1065.5800000000002,"soit"
"TokensAlign",1065.5800000000002,1065.61,"à"
"TokensAlign",1065.61,1065.67,"la"
"TokensAlign",1065.67,1065.84,"ville"
"TokensAlign",1065.84,1065.94,"d'"
"TokensAlign",1065.94,1066.3200000000002,"aix"
"TokensAlign",1066.3200000000002,1066.51,"ou"
"TokensAlign",1066.51,1067.01,"même"
"TokensAlign",1067.01,1067.46,"le"
"TokensAlign",1067.46,1068.14,"+"
"TokensAlign",1068.14,1068.23,"la"
"TokensAlign",1068.23,1068.685,"méjane"
"TokensAlign",1068.685,1069.96,"#"
"TokensAlign",1069.96,1070.08,"ou"
"TokensAlign",1070.08,1070.31,"on"
"TokensAlign",1070.31,1070.34,"a"
"TokensAlign",1070.34,1070.45,"dit"
"TokensAlign",1070.45,1070.64,"tout"
"TokensAlign",1070.64,1070.83,"à"
"TokensAlign",1070.83,1070.86,"l'"
"TokensAlign",1070.86,1071.18,"heure"
"TokensAlign",1071.18,1071.21,"le"
"TokensAlign",1071.21,1071.24,"l'"
"TokensAlign",1071.24,1071.47,"office"
"TokensAlign",1071.47,1071.51,"du"
"TokensAlign",1071.51,1071.825,"tourisme"
"TokensAlign",1071.825,1076.6,"#"
"TokensAlign",1076.6,1076.65,"mh"
"TokensAlign",1076.65,1077.4699999999998,"+"
"TokensAlign",1077.4699999999998,1077.505006,"mh"
"TokensAlign",1077.505006,1078.311653,"#"
"TokensAlign",1078.311653,1078.401653,"ouais"
"TokensAlign",1078.401653,1078.761653,"ouais"
"TokensAlign",1078.761653,1079.1,"maintenant"
"TokensAlign",1079.1,1081.48,"#"
"TokensAlign",1081.48,1081.76,"genre"
"TokensAlign",1081.76,1082.16,"d'ici"
"TokensAlign",1082.16,1082.37,"d'ici"
"TokensAlign",1082.37,1082.48,"la"
"TokensAlign",1082.48,1082.59,"fin"
"TokensAlign",1082.59,1082.62,"de"
"TokensAlign",1082.62,1082.65,"l'"
"TokensAlign",1082.65,1082.83,"année"
"TokensAlign",1082.83,1083.015,"quoi"
"TokensAlign",1083.015,1094.74,"#"
"TokensAlign",1094.74,1094.95,"la"
"TokensAlign",1094.95,1095.36,"location"
"TokensAlign",1095.36,1095.47,"du"
"TokensAlign",1095.47,1095.845,"champ"
"TokensAlign",1095.845,1107.065,"#"
"TokensAlign",1107.065,1107.235,"ah"
"TokensAlign",1107.235,1107.415,"pour"
"TokensAlign",1107.415,1107.685,"les"
"TokensAlign",1107.685,1107.875,"pour"
"TokensAlign",1107.875,1107.975,"les"
"TokensAlign",1107.975,1108.52,"tarifs"
"TokensAlign",1108.52,1108.965,"#"
"TokensAlign",1108.965,1109.3049999999998,"des"
"TokensAlign",1109.3049999999998,1109.78,"billets"
"TokensAlign",1109.78,1111.68,"#"
"TokensAlign",1111.68,1111.88,"ben"
"TokensAlign",1111.88,1112.13,"déjà"
"TokensAlign",1112.13,1112.19,"on"
"TokensAlign",1112.19,1112.3,"va"
"TokensAlign",1112.3,1112.51,"faire"
"TokensAlign",1112.51,1112.98,"un"
"TokensAlign",1112.98,1113.52,"bon"
"TokensAlign",1113.52,1113.62,"la"
"TokensAlign",1113.62,1114.5600000000002,"classique"
"TokensAlign",1114.5600000000002,1115.48,"sénior"
"TokensAlign",1115.48,1115.54,"+"
"TokensAlign",1115.54,1115.72,"euh"
"TokensAlign",1115.72,1116.419183,"étudiants"
"TokensAlign",1116.419183,1118.620049,"#"
"TokensAlign",1118.620049,1119.324801,"@"
"TokensAlign",1119.324801,1143.49,"#"
"TokensAlign",1143.49,1143.76,"ouais"
"TokensAlign",1143.76,1144.06,"genre"
"TokensAlign",1144.06,1144.15,"un"
"TokensAlign",1144.15,1144.41,"truc"
"TokensAlign",1144.41,1144.53,"un"
"TokensAlign",1144.53,1144.74,"truc"
"TokensAlign",1144.74,1145.17,"un_peu_moins_de"
"TokensAlign",1145.17,1145.585,"douze"
"TokensAlign",1145.585,1150.343438,"#"
"TokensAlign",1150.343438,1150.883438,"ouais"
"TokensAlign",1150.883438,1151.183438,"ouais"
"TokensAlign",1151.183438,1151.74,"ouais"
"TokensAlign",1151.74,1153.96,"#"
"TokensAlign",1153.96,1154.15,"bon"
"TokensAlign",1154.15,1154.33,"ben"
"TokensAlign",1154.33,1154.62,"une"
"TokensAlign",1154.62,1155.01,"catégorie"
"TokensAlign",1155.01,1155.18,"genre"
"TokensAlign",1155.18,1155.55,"plus"
"TokensAlign",1155.55,1156.18,"#"
"TokensAlign",1156.18,1156.23,"on"
"TokensAlign",1156.23,1156.39,"va"
"TokensAlign",1156.39,1156.61,"dire"
"TokensAlign",1156.61,1156.88,"genre"
"TokensAlign",1156.88,1157.18,"douze"
"TokensAlign",1157.18,1157.68,"dix-huit"
"TokensAlign",1157.68,1161.204101,"#"
"TokensAlign",1161.204101,1161.51576,"ouais"
"TokensAlign",1161.51576,1162.875,"#"
"TokensAlign",1162.875,1163.085,"bon"
"TokensAlign",1163.085,1163.315,"euh"
"TokensAlign",1163.315,1163.755,"du_coup"
"TokensAlign",1163.755,1165.125,"un"
"TokensAlign",1165.125,1165.19,"hum"
"TokensAlign",1165.19,1166.41,"#"
"TokensAlign",1166.41,1166.5800000000002,"des"
"TokensAlign",1166.5800000000002,1166.92,"billets"
"TokensAlign",1166.92,1167.23,"pour"
"TokensAlign",1167.23,1167.67,"euh"
"TokensAlign",1167.67,1168.01,"douze"
"TokensAlign",1168.01,1168.37,"dix-huit"
"TokensAlign",1168.37,1168.985,"#"
"TokensAlign",1168.985,1169.67,"billets"
"TokensAlign",1169.67,1169.885,"#"
"TokensAlign",1169.885,1170.055,"ta"
"TokensAlign",1170.055,1170.435,"ta"
"TokensAlign",1170.435,1171.045,"tarif"
"TokensAlign",1171.045,1171.545,"étudiant"
"TokensAlign",1171.545,1174.63,"#"
"TokensAlign",1174.63,1175.1,"euh"
"TokensAlign",1175.1,1175.67,"tarif"
"TokensAlign",1175.67,1176.65,"euh"
"TokensAlign",1176.65,1177.08,"#"
"TokensAlign",1177.08,1177.6799999999998,"tarif"
"TokensAlign",1177.6799999999998,1177.98,"tarif"
"TokensAlign",1177.98,1178.32,"tarif"
"TokensAlign",1178.32,1178.56,"tarif"
"TokensAlign",1178.56,1178.9199999999998,"tarif"
"TokensAlign",1178.9199999999998,1179.3,"tarif"
"TokensAlign",1179.3,1179.885,"normal"
"TokensAlign",1179.885,1181.51,"#"
"TokensAlign",1181.51,1182.0,"tarif"
"TokensAlign",1182.0,1182.45,"normal"
"TokensAlign",1182.45,1182.68,"et"
"TokensAlign",1182.68,1182.95,"ouais"
"TokensAlign",1182.95,1187.133883,"#"
"TokensAlign",1187.133883,1187.479986,"@"
"TokensAlign",1187.479986,1191.326252,"#"
"TokensAlign",1191.326252,1191.688836,"@"
"TokensAlign",1191.688836,1192.56,"#"
"TokensAlign",1192.56,1192.77,"si"
"TokensAlign",1192.77,1193.24,"+"
"TokensAlign",1193.24,1193.31,"t'"
"TokensAlign",1193.31,1193.5,"habites"
"TokensAlign",1193.5,1193.64,"sur"
"TokensAlign",1193.64,1193.6699999999998,"le"
"TokensAlign",1193.6699999999998,1193.82,"cours"
"TokensAlign",1193.82,1194.11,"mirabeau"
"TokensAlign",1194.11,1194.24,"c'est"
"TokensAlign",1194.24,1194.4,"plus"
"TokensAlign",1194.4,1194.78,"cinquante"
"TokensAlign",1194.78,1195.05,"pourcents"
"TokensAlign",1195.05,1195.62916,"aussi"
"TokensAlign",1195.62916,1197.389116,"#"
"TokensAlign",1197.389116,1198.032188,"@"
"TokensAlign",1198.032188,1204.34,"#"
"TokensAlign",1204.34,1204.56,"du"
"TokensAlign",1204.56,1204.78,"coup"
"TokensAlign",1204.78,1204.9199999999998,"on"
"TokensAlign",1204.9199999999998,1205.06,"peut"
"TokensAlign",1205.06,1205.35,"trouver"
"TokensAlign",1205.35,1205.51,"un"
"TokensAlign",1205.51,1205.75,"truc"
"TokensAlign",1205.75,1205.91,"un"
"TokensAlign",1205.91,1206.1999999999998,"prix"
"TokensAlign",1206.1999999999998,1206.29,"quand"
"TokensAlign",1206.29,1206.555553,"même"
"TokensAlign",1206.555553,1207.325534,"#"
"TokensAlign",1207.325534,1207.365534,"ça"
"TokensAlign",1207.365534,1207.645534,"reste"
"TokensAlign",1207.645534,1207.7055340000002,"quand"
"TokensAlign",1207.7055340000002,1207.925534,"même"
"TokensAlign",1207.925534,1208.015534,"un"
"TokensAlign",1208.015534,1208.765534,"festival"
"TokensAlign",1208.765534,1209.495,"euh"
"TokensAlign",1209.495,1214.61,"#"
"TokensAlign",1214.61,1214.97,"ouais"
"TokensAlign",1214.97,1215.5,"#"
"TokensAlign",1215.5,1215.91,"pour"
"TokensAlign",1215.91,1216.22,"pour"
"TokensAlign",1216.22,1216.75,"pour"
"TokensAlign",1216.75,1216.88,"les"
"TokensAlign",1216.88,1217.0,"deux"
"TokensAlign",1217.0,1217.35,"séances"
"TokensAlign",1217.35,1217.67,"pour"
"TokensAlign",1217.67,1217.7,"le"
"TokensAlign",1217.7,1218.31,"euh"
"TokensAlign",1218.31,1218.845,"#"
"TokensAlign",1218.845,1219.27,"pour"
"TokensAlign",1219.27,1219.45,"#"
"TokensAlign",1219.45,1219.56,"pour"
"TokensAlign",1219.56,1219.8300000000002,"voilà"
"TokensAlign",1219.8300000000002,1220.19,"quoi"
"TokensAlign",1220.19,1220.225,"*"
"TokensAlign",1220.225,1224.265,"#"
"TokensAlign",1224.265,1224.345,"ouais"
"TokensAlign",1224.345,1224.465,"ben"
"TokensAlign",1224.465,1224.6450000000002,"après"
"TokensAlign",1224.6450000000002,1224.845,"ça"
"TokensAlign",1224.845,1224.9550000000002,"ça"
"TokensAlign",1224.9550000000002,1225.125,"on"
"TokensAlign",1225.125,1225.4550000000002,"verra"
"TokensAlign",1225.4550000000002,1226.65639,"après"
"TokensAlign",1226.65639,1227.824278,"#"
"TokensAlign",1227.824278,1228.640092,"@"
"TokensAlign",1228.640092,1229.065,"#"
"TokensAlign",1229.065,1229.265,"oui"
"TokensAlign",1229.265,1229.825,"ben"
"TokensAlign",1229.825,1229.93,"oui"
"TokensAlign",1229.93,1241.76,"#"
"PronTokAlign",0.0,40.02,"#=0.0"
"PronTokAlign",40.02,40.275,"w-E"
"PronTokAlign",40.275,41.42,"#=0.0"
"PronTokAlign",41.42,41.8,"w-E"
"PronTokAlign",41.8,41.99,"s-e"
"PronTokAlign",41.99,42.09,"p-s-k=0.659"
"PronTokAlign",42.09,42.31,"a~-f-E=0.218"
"PronTokAlign",42.31,42.370000000000005,"s-e"
"PronTokAlign",42.370000000000005,42.77,"v-R-E=0.7"
"PronTokAlign",42.77,42.8,"k=0.517"
"PronTokAlign",42.8,42.83,"Z=0.584"
"PronTokAlign",42.83,43.0,"A/-l-E=0.608"
"PronTokAlign",43.0,43.17,"d-i-R=0.617"
"PronTokAlign",43.17,43.47,"p-u-R"
"PronTokAlign",43.47,43.6,"fp"
"PronTokAlign",43.6,43.82,"p-u-R"
"PronTokAlign",43.82,44.09,"A/-l-O/-i-n"
"PronTokAlign",44.09,44.16,"s=0.892"
"PronTokAlign",44.16,44.36,"s-R-E=0.414"
"PronTokAlign",44.36,44.83,"U~/-p-e-k-A/-b-l=0.462"
"PronTokAlign",44.83,45.02,"m-e=0.359"
"PronTokAlign",45.02,45.797204,"fp"
"PronTokAlign",45.797204,50.179028,"#=0.0"
"PronTokAlign",50.179028,51.558125,"laugh=0.0"
"PronTokAlign",51.558125,64.485,"#=0.0"
"PronTokAlign",64.485,64.775,"p-2-t-E-t-R=0.958"
"PronTokAlign",64.775,65.05499999999999,"w-E"
"PronTokAlign",65.05499999999999,65.085,"l"
"PronTokAlign",65.085,65.445,"E-t-E=0.361"
"PronTokAlign",65.445,65.615,"e-l=0.551"
"PronTokAlign",65.615,65.755,"t-e=0.238"
"PronTokAlign",65.755,65.795,"l"
"PronTokAlign",65.795,66.165,"e-t-e=0.396"
"PronTokAlign",66.165,66.84,"fp"
"PronTokAlign",66.84,76.525,"#=0.0"
"PronTokAlign",76.525,77.15,"p-u-R-k-w-A/"
"PronTokAlign",77.15,80.135,"#=0.0"
"PronTokAlign",80.135,80.64,"Z-j-U~/"
"PronTokAlign",80.64,106.76,"#=0.0"
"PronTokAlign",106.76,106.82,"j=0.516"
"PronTokAlign",106.82,106.85,"A/"
"PronTokAlign",106.85,106.96,"d-e=0.331"
"PronTokAlign",106.96,107.09,"Z-u-R=0.554"
"PronTokAlign",107.09,107.5,"f-E-R-j-e=0.749"
"PronTokAlign",107.5,107.96,"a~"
"PronTokAlign",107.96,107.99,"#"
"PronTokAlign",107.99,108.02,"i=0.448"
"PronTokAlign",108.02,108.05,"A/"
"PronTokAlign",108.05,108.25,"p-A/-z=0.591"
"PronTokAlign",108.25,108.41,"d-@=0.378"
"PronTokAlign",108.41,108.52,"Z-u-R=0.68"
"PronTokAlign",108.52,108.74,"f-E-R-j-e=0.83"
"PronTokAlign",108.74,108.85,"a~"
"PronTokAlign",108.85,108.99,"Z-j-U~/"
"PronTokAlign",108.99,109.04,"S=0.556"
"PronTokAlign",109.04,109.27,"k-R-w-A/=0.553"
"PronTokAlign",109.27,109.4,"#=0.0"
"PronTokAlign",109.4,109.56,"s-i=0.844"
"PronTokAlign",109.56,109.63,"j=0.61"
"PronTokAlign",109.63,109.69,"A/"
"PronTokAlign",109.69,109.72,"l"
"PronTokAlign",109.72,110.125,"A/-s-a~-s-j-O~"
"PronTokAlign",110.125,111.025,"#=0.0"
"PronTokAlign",111.025,111.175,"n-O~=0.373"
"PronTokAlign",111.175,111.275,"p-A/=0.59"
"PronTokAlign",111.275,111.315,"d=0.51"
"PronTokAlign",111.315,111.53,"t-u=0.775"
"PronTokAlign",111.53,111.72,"#=0.0"
"PronTokAlign",111.72,111.8,"p-A/=0.666"
"PronTokAlign",111.8,111.86,"d=0.649"
"PronTokAlign",111.86,112.01,"t-u-t=0.598"
"PronTokAlign",112.01,112.12,"a~"
"PronTokAlign",112.12,112.47,"Z-j-U~/"
"PronTokAlign",112.47,113.049129,"laugh"
"PronTokAlign",113.049129,132.165,"#=0.0"
"PronTokAlign",132.165,132.225,"A/"
"PronTokAlign",132.225,132.70499999999998,"m-E-R-d=0.602"
"PronTokAlign",132.70499999999998,133.105766,"laugh"
"PronTokAlign",133.105766,134.12,"#=0.0"
"PronTokAlign",134.12,134.33,"A/=0.0"
"PronTokAlign",134.33,137.02,"#=0.0"
"PronTokAlign",137.02,137.06,"s=0.884"
"PronTokAlign",137.06,137.24,"s-R-A/=0.92"
"PronTokAlign",137.24,137.39,"p-u-R"
"PronTokAlign",137.39,137.55,"n-O/-t=0.536"
"PronTokAlign",137.55,137.88000000000002,"u-v-E-R-t-y-R=0.632"
"PronTokAlign",137.88000000000002,138.10000000000002,"A/-v-E-k"
"PronTokAlign",138.10000000000002,138.23000000000002,"A/-v-E-k"
"PronTokAlign",138.23000000000002,138.59,"fp"
"PronTokAlign",138.59,139.76,"#=0.0"
"PronTokAlign",139.76,140.17999999999998,"A/-v-E-k"
"PronTokAlign",140.17999999999998,140.32999999999998,"fp"
"PronTokAlign",140.32999999999998,140.39,"S=0.435"
"PronTokAlign",140.39,141.14,"s-E-z=0.412"
"PronTokAlign",141.14,142.26999999999998,"p-l-y-s=0.447"
"PronTokAlign",142.26999999999998,142.38,"laugh"
"PronTokAlign",142.38,142.878226,"#=0.0"
"PronTokAlign",142.878226,143.313393,"laugh=0.0"
"PronTokAlign",143.313393,151.44,"#=0.0"
"PronTokAlign",151.44,151.5,"l=0.7"
"PronTokAlign",151.5,151.63,"s-i=0.74"
"PronTokAlign",151.63,151.81,"Z-j-U~/"
"PronTokAlign",151.81,153.245,"#=0.0"
"PronTokAlign",153.245,153.335,"d-O~=0.674"
"PronTokAlign",153.335,153.54500000000002,"d-y=0.83"
"PronTokAlign",153.54500000000002,153.785,"s-i=0.555"
"PronTokAlign",153.785,154.965,"Z-y-s-k-O/"
"PronTokAlign",154.965,155.195,"Z-y-s-k-O/"
"PronTokAlign",155.195,155.48,"O~-z=0.71"
"PronTokAlign",155.48,156.325,"#=0.0"
"PronTokAlign",156.325,156.36499999999998,"s=0.615"
"PronTokAlign",156.36499999999998,156.665,"f-R-E=0.68"
"PronTokAlign",156.665,160.68,"#=0.0"
"PronTokAlign",160.68,160.86,"v-y"
"PronTokAlign",160.86,161.06,"k-@=0.967"
"PronTokAlign",161.06,161.16,"s=0.558"
"PronTokAlign",161.16,161.54000000000002,"v-y"
"PronTokAlign",161.54000000000002,161.8,"k-@=0.984"
"PronTokAlign",161.8,161.95000000000002,"s-A/=0.864"
"PronTokAlign",161.95000000000002,162.09,"f-e=0.366"
"PronTokAlign",162.09,162.32,"s-U~/-k=0.534"
"PronTokAlign",162.32,162.495,"Z-u-R=0.699"
"PronTokAlign",162.495,166.03,"#=0.0"
"PronTokAlign",166.03,166.12,"w-E"
"PronTokAlign",166.12,166.25,"u-i=0.596"
"PronTokAlign",166.25,166.37,"u-i=0.71"
"PronTokAlign",166.37,166.43,"u-i=0.713"
"PronTokAlign",166.43,166.77,"p-A/-R-d-O~=0.738"
"PronTokAlign",166.77,166.85,"#=0.0"
"PronTokAlign",166.85,167.16,"w-i=0.643"
"PronTokAlign",167.16,167.56,"u-i=0.764"
"PronTokAlign",167.56,167.69,"w-i=0.618"
"PronTokAlign",167.69,167.89,"#=0.0"
"PronTokAlign",167.89,168.055,"w-i=0.576"
"PronTokAlign",168.055,182.650299,"#=0.0"
"PronTokAlign",182.650299,184.194695,"laugh=0.0"
"PronTokAlign",184.194695,185.71,"#=0.0"
"PronTokAlign",185.71,186.0,"s-e"
"PronTokAlign",186.0,186.09,"p-A/=0.73"
"PronTokAlign",186.09,186.495,"g-e-g-e"
"PronTokAlign",186.495,217.78,"#=0.0"
"PronTokAlign",217.78,217.99,"b-O/=0.582"
"PronTokAlign",217.99,218.32,"s-i-n-O~"
"PronTokAlign",218.32,218.54,"l-E=0.597"
"PronTokAlign",218.54,219.245,"l-e-z=0.738"
"PronTokAlign",219.245,220.04,"#=0.0"
"PronTokAlign",220.04,220.36,"b-O/=0.289"
"PronTokAlign",220.36,220.5,"s-i-n-O~"
"PronTokAlign",220.5,220.56,"d-a~=0.818"
"PronTokAlign",220.56,220.66,"l-@=0.337"
"PronTokAlign",220.66,220.92,"v-w-A/-t-y-R=0.568"
"PronTokAlign",220.92,221.03,"k-i=0.362"
"PronTokAlign",221.03,221.29,"p-A/-s=0.988"
"PronTokAlign",221.29,221.37,"O~-n=0.638"
"PronTokAlign",221.37,221.41,"A/"
"PronTokAlign",221.41,222.14,"A/-k-R-O/-S-@=0.609"
"PronTokAlign",222.14,222.325,"l-E-z=0.478"
"PronTokAlign",222.325,222.565,"#=0.0"
"PronTokAlign",222.565,223.525,"g-R-i-j-@=0.84"
"PronTokAlign",223.525,224.005,"k-O/-m-@=0.697"
"PronTokAlign",224.005,224.355,"s-A/=0.984"
"PronTokAlign",224.355,224.545,"s-A/=0.854"
"PronTokAlign",224.545,224.735,"l-A/"
"PronTokAlign",224.735,224.825,"s=0.772"
"PronTokAlign",224.825,224.915,"l-A/"
"PronTokAlign",224.915,225.235,"l-A/-b-u-R=0.772"
"PronTokAlign",225.235,225.355,"t-u=0.651"
"PronTokAlign",225.355,225.71,"s-9-l"
"PronTokAlign",225.71,229.155,"#=0.0"
"PronTokAlign",229.155,229.305,"w-i=0.708"
"PronTokAlign",229.305,229.65,"O/-s-i"
"PronTokAlign",229.65,231.84,"#=0.0"
"PronTokAlign",231.84,231.97,"O~-n=0.501"
"PronTokAlign",231.97,232.03,"l-H=0.52"
"PronTokAlign",232.03,232.7,"d-O/-n-2-R-A/"
"PronTokAlign",232.7,232.88,"Z-a~-R=0.816"
"PronTokAlign",232.88,233.03,"s-U~/=0.587"
"PronTokAlign",233.03,233.41,"p-u-R-s-a~=0.656"
"PronTokAlign",233.41,233.49,"d-E=0.338"
"PronTokAlign",233.49,233.69,"R-2-v-n-y=0.595"
"PronTokAlign",233.69,233.74,"d=0.555"
"PronTokAlign",233.74,233.8,"l-A/"
"PronTokAlign",233.8,234.17,"b-y-v-E-t=0.879"
"PronTokAlign",234.17,235.474836,"#=0.0"
"PronTokAlign",235.474836,236.362043,"laugh=0.0"
"PronTokAlign",236.362043,242.59,"#=0.0"
"PronTokAlign",242.59,242.87,"fp"
"PronTokAlign",242.87,243.08,"s-A/=0.972"
"PronTokAlign",243.08,243.21,"m-w-A/"
"PronTokAlign",243.21,243.26,"Z=0.52"
"PronTokAlign",243.26,243.29,"m=0.755"
"PronTokAlign",243.29,243.35,"a~"
"PronTokAlign",243.35,243.73,"O/-k-y-p=0.954"
"PronTokAlign",243.73,243.96,"#=0.0"
"PronTokAlign",243.96,244.0,"Z=0.548"
"PronTokAlign",244.0,244.2,"E=0.962"
"PronTokAlign",244.2,244.32,"S=0.576"
"PronTokAlign",244.32,244.97,"E=0.547"
"PronTokAlign",244.97,245.64,"#"
"PronTokAlign",245.64,245.75,"Z=0.671"
"PronTokAlign",245.75,245.81,"e=0.54"
"PronTokAlign",245.81,245.91,"Z=0.726"
"PronTokAlign",245.91,245.96,"e=0.561"
"PronTokAlign",245.96,246.07,"m-E=0.449"
"PronTokAlign",246.07,246.5,"k-O~-t-A/-k-t=0.866"
"PronTokAlign",246.5,246.53,"O/"
"PronTokAlign",246.53,247.31,"s-i-n-e-m-A/=0.56"
"PronTokAlign",247.31,247.42,"#=0.0"
"PronTokAlign",247.42,247.52,"O/"
"PronTokAlign",247.52,248.13,"s-i-n-E-m-A/=0.527"
"PronTokAlign",248.13,248.17,"d=0.703"
"PronTokAlign",248.17,248.37,"E-k-s"
"PronTokAlign",248.37,251.722459,"#=0.0"
"PronTokAlign",251.722459,253.823251,"laugh=0.0"
"PronTokAlign",253.823251,254.073251,"U~/-n=0.585"
"PronTokAlign",254.073251,254.233251,"g-R-a~=0.424"
"PronTokAlign",254.233251,254.635,"d-R-A/"
"PronTokAlign",254.635,255.84,"#=0.0"
"PronTokAlign",255.84,256.11,"U~/=0.52"
"PronTokAlign",256.11,256.3,"g-R-a~=0.707"
"PronTokAlign",256.3,256.51,"d-R-A/"
"PronTokAlign",256.51,256.69,"A/-v-E-k"
"PronTokAlign",256.69,256.77,"U~/=0.615"
"PronTokAlign",256.77,257.48,"v-i-d-E-O/-p-R-O/-Z-E-k-t-9-R"
"PronTokAlign",257.48,257.59000000000003,"A/"
"PronTokAlign",257.59000000000003,258.13,"m-A/-n-i-v-E-l-@=0.641"
"PronTokAlign",258.13,258.54,"k-O/-m=0.627"
"PronTokAlign",258.54,259.06,"s=0.947"
"PronTokAlign",259.06,259.095,"laugh"
"PronTokAlign",259.095,261.452813,"#=0.0"
"PronTokAlign",261.452813,261.915,"laugh=0.0"
"PronTokAlign",261.915,266.92,"#=0.0"
"PronTokAlign",266.92,267.41,"b-U~/"
"PronTokAlign",267.41,268.48,"#"
"PronTokAlign",268.48,268.81,"m-U~/-n-a~=0.529"
"PronTokAlign",268.81,268.96000000000004,"l-A/"
"PronTokAlign",268.96000000000004,269.18,"Z-@=0.628"
"PronTokAlign",269.18,269.21000000000004,"Z=0.438"
"PronTokAlign",269.21000000000004,269.84000000000003,"Z-@=0.386"
"PronTokAlign",269.84000000000003,269.94,"Z-@=0.438"
"PronTokAlign",269.94,270.13,"s-O/-R"
"PronTokAlign",270.13,270.17,"d=0.522"
"PronTokAlign",270.17,270.31,"l-A/"
"PronTokAlign",270.31,270.59000000000003,"R-E-y-n-j-O~=0.608"
"PronTokAlign",270.59000000000003,270.65000000000003,"Z=0.716"
"PronTokAlign",270.65000000000003,270.68,"j=0.427"
"PronTokAlign",270.68,270.85,"v-e=0.457"
"PronTokAlign",270.85,270.93,"l-A/"
"PronTokAlign",270.93,271.27,"m-U~/-t-n-a~=0.4"
"PronTokAlign",271.27,297.205,"#=0.0"
"PronTokAlign",297.205,297.765,"laugh=0.0"
"PronTokAlign",297.765,309.015,"#=0.0"
"PronTokAlign",309.015,309.095,"A/"
"PronTokAlign",309.095,309.305,"b-U~/=0.899"
"PronTokAlign",309.305,309.58,"u-i=0.788"
"PronTokAlign",309.58,317.556756,"#=0.0"
"PronTokAlign",317.556756,318.44,"laugh=0.0"
"PronTokAlign",318.44,325.421612,"#=0.0"
"PronTokAlign",325.421612,327.202697,"laugh=0.0"
"PronTokAlign",327.202697,331.208684,"#=0.0"
"PronTokAlign",331.208684,332.242648,"laugh=0.0"
"PronTokAlign",332.242648,336.259656,"#=0.0"
"PronTokAlign",336.259656,337.106839,"laugh=0.0"
"PronTokAlign",337.106839,337.733888,"#=0.0"
"PronTokAlign",337.733888,338.940108,"laugh=0.0"
"PronTokAlign",338.940108,339.380108,"O~=0.681"
"PronTokAlign",339.380108,339.460108,"l-H=0.421"
"PronTokAlign",339.460108,339.720108,"R-2-f-e=0.404"
"PronTokAlign",339.720108,339.870108,"t-u-l=0.592"
"PronTokAlign",339.870108,340.080108,"S-a~"
"PronTokAlign",340.080108,340.120108,"O~=0.704"
"PronTokAlign",340.120108,340.310108,"l-y-i=0.39"
"PronTokAlign",340.310108,340.780108,"p-O/-z-@=0.796"
"PronTokAlign",340.780108,341.48010800000003,"l-@=0.739"
"PronTokAlign",341.48010800000003,342.770108,"p-A/-R-k-E"
"PronTokAlign",342.770108,344.03,"laugh"
"PronTokAlign",344.03,344.27,"#=0.0"
"PronTokAlign",344.27,345.338438,"laugh=0.0"
"PronTokAlign",345.338438,376.325,"#=0.0"
"PronTokAlign",376.325,376.495,"p-t-i-t=0.65"
"PronTokAlign",376.495,376.525,"l"
"PronTokAlign",376.525,377.195,"a~-b-j-a~-s-@=0.623"
"PronTokAlign",377.195,377.265938,"w-E"
"PronTokAlign",377.265938,384.312732,"#=0.0"
"PronTokAlign",384.312732,384.706305,"laugh=0.0"
"PronTokAlign",384.706305,385.186598,"#=0.0"
"PronTokAlign",385.186598,385.733598,"laugh=0.0"
"PronTokAlign",385.733598,412.326915,"#=0.0"
"PronTokAlign",412.326915,413.589228,"laugh=0.0"
"PronTokAlign",413.589228,422.38,"#=0.0"
"PronTokAlign",422.38,422.61,"E=0.853"
"PronTokAlign",422.61,422.9,"b-O~=0.327"
"PronTokAlign",422.9,423.28,"s-i=0.997"
"PronTokAlign",423.28,423.807188,"w-E"
"PronTokAlign",423.807188,427.185,"#=0.0"
"PronTokAlign",427.185,427.653823,"w-E"
"PronTokAlign",427.653823,442.7,"#=0.0"
"PronTokAlign",442.7,442.99,"w-E"
"PronTokAlign",442.99,446.3,"#=0.0"
"PronTokAlign",446.3,446.45,"n-a~"
"PronTokAlign",446.45,447.06,"m-E-z=0.805"
"PronTokAlign",447.06,447.2,"i=0.562"
"PronTokAlign",447.2,447.58,"O/-R-A/"
"PronTokAlign",447.58,447.66,"i=0.548"
"PronTokAlign",447.66,447.77,"O/-R-A/"
"PronTokAlign",447.77,447.89,"p-A/=0.803"
"PronTokAlign",447.89,447.92,"d=0.687"
"PronTokAlign",447.92,448.22,"A/-l-k-O/-l"
"PronTokAlign",448.22,448.31,"S=0.508"
"PronTokAlign",448.31,448.485,"p-a~-s=0.925"
"PronTokAlign",448.485,460.11,"#=0.0"
"PronTokAlign",460.11,460.6,"f-O/-R-m-A/-s-j-O~"
"PronTokAlign",460.6,460.83,"b-E=0.742"
"PronTokAlign",460.83,461.12,"k-u-R-a~=0.651"
"PronTokAlign",461.12,461.59,"p-R-U~/-t-a~-z=0.82"
"PronTokAlign",461.59,463.33,"#=0.0"
"PronTokAlign",463.33,463.54,"d-2=0.805"
"PronTokAlign",463.54,463.97,"a~-z=0.584"
"PronTokAlign",463.97,464.0,"laugh"
"PronTokAlign",464.0,464.68,"#"
"PronTokAlign",464.68,465.2,"b-U~/=0.853"
"PronTokAlign",465.2,465.31,"k-a~=0.713"
"PronTokAlign",465.31,465.424744,"m-E-m=0.555"
"PronTokAlign",465.424744,466.805,"#=0.0"
"PronTokAlign",466.805,466.945,"A/-l-R=0.513"
"PronTokAlign",466.945,467.095,"O~=0.695"
"PronTokAlign",467.095,467.175,"d-i=0.804"
"PronTokAlign",467.175,467.505,"d-y-k-u"
"PronTokAlign",467.505,468.245,"d-2-m-i-l-v-U~/-s-U~/=0.466"
"PronTokAlign",468.245,468.395,"p-u-R"
"PronTokAlign",468.395,468.495,"l-@=0.466"
"PronTokAlign",468.495,468.995,"f-E-s-t-i-v-A/-l"
"PronTokAlign",468.995,469.045,"Z=0.934"
"PronTokAlign",469.045,469.425,"p-a~-s-@=0.932"
"PronTokAlign",469.425,469.485,"S=0.433"
"PronTokAlign",469.485,469.675,"p-a~-s=0.795"
"PronTokAlign",469.675,469.755,"k"
"PronTokAlign",469.755,469.865,"O~-n=0.809"
"PronTokAlign",469.865,469.935,"E=0.404"
"PronTokAlign",469.935,470.320045,"l-A/-R-Z=0.542"
"PronTokAlign",470.320045,479.309062,"#=0.0"
"PronTokAlign",479.309062,479.599062,"A/-p-R-E=0.585"
"PronTokAlign",479.599062,479.859062,"f-O/-d-R-E=0.5"
"PronTokAlign",479.859062,480.259062,"U~/-s-t-A/-l-e=0.732"
"PronTokAlign",480.259062,480.419062,"U~/=0.51"
"PronTokAlign",480.419062,480.569062,"t-R-y-k"
"PronTokAlign",480.569062,480.779062,"d-@=0.889"
"PronTokAlign",480.779062,480.999062,"m-i-z=0.812"
"PronTokAlign",480.999062,481.119062,"a~"
"PronTokAlign",481.119062,481.714266,"p-l-A/-s=0.934"
"PronTokAlign",481.714266,481.84,"#=0.0"
"PronTokAlign",481.84,482.02,"p-A/-R"
"PronTokAlign",482.02,482.45,"R-A/-p-O/-R"
"PronTokAlign",482.45,482.84,"O/"
"PronTokAlign",482.84,483.43,"p-A/-R-k-i-g"
"PronTokAlign",483.43,485.525,"#=0.0"
"PronTokAlign",485.525,485.825,"R-A/-p-O/-R"
"PronTokAlign",485.825,485.995,"O/"
"PronTokAlign",485.995,486.345,"p-A/-R-k-i-g"
"PronTokAlign",486.345,486.625,"m-E-t-R=0.797"
"PronTokAlign",486.625,487.235,"U~/=0.796"
"PronTokAlign",487.235,487.655,"#"
"PronTokAlign",487.655,487.735,"U~/=0.811"
"PronTokAlign",487.735,488.075,"s-i-s-t-E-m=0.63"
"PronTokAlign",488.075,488.145,"d-@=0.607"
"PronTokAlign",488.145,488.315,"m-i-z=0.789"
"PronTokAlign",488.315,488.445,"a~"
"PronTokAlign",488.445,488.735,"p-l-A/-s=0.687"
"PronTokAlign",488.735,489.305,"d-@=0.956"
"PronTokAlign",489.305,489.975,"#"
"PronTokAlign",489.975,490.045,"t=0.482"
"PronTokAlign",490.045,490.195,"d-@=0.661"
"PronTokAlign",490.195,490.925,"n-y-m-E-R-O/-t-A/-s-j-O~"
"PronTokAlign",490.925,491.195,"p-2-t-E-t-R=0.726"
"PronTokAlign",491.195,491.425,"d-@=0.871"
"PronTokAlign",491.425,491.785,"p-l-A/-s=0.931"
"PronTokAlign",491.785,492.175,"#=0.0"
"PronTokAlign",492.175,492.215,"k=0.772"
"PronTokAlign",492.215,492.405,"p-u-R"
"PronTokAlign",492.405,492.945,"R-2-t-R-u-v-e=0.882"
"PronTokAlign",492.945,493.495,"fp"
"PronTokAlign",493.495,493.865,"#"
"PronTokAlign",493.865,493.975,"p-u-R"
"PronTokAlign",493.975,494.345,"t-R-u-v-e=0.784"
"PronTokAlign",494.345,494.645,"l-@=0.896"
"PronTokAlign",494.645,494.755,"l-A/"
"PronTokAlign",494.755,495.145,"k-O/-m-a~-d=0.644"
"PronTokAlign",495.145,495.435,"p-A/-R-m-i"
"PronTokAlign",495.435,495.87,"l-fp=0.476"
"PronTokAlign",495.87,496.065,"#=0.0"
"PronTokAlign",496.065,496.325,"l-e=0.41"
"PronTokAlign",496.325,496.405,"l-e=0.303"
"PronTokAlign",496.405,496.705,"p-l-A/-s=0.693"
"PronTokAlign",496.705,496.735,"d=0.919"
"PronTokAlign",496.735,497.26404,"p-A/-R-k-i-g"
"PronTokAlign",497.26404,500.24,"#=0.0"
"PronTokAlign",500.24,500.635,"m=0.0"
"PronTokAlign",500.635,501.52,"#=0.0"
"PronTokAlign",501.52,501.79,"m=0.0"
"PronTokAlign",501.79,502.43,"#=0.0"
"PronTokAlign",502.43,502.675,"m=0.0"
"PronTokAlign",502.675,514.321215,"#=0.0"
"PronTokAlign",514.321215,514.640124,"w-E"
"PronTokAlign",514.640124,515.593434,"#=0.0"
"PronTokAlign",515.593434,516.023434,"A/"
"PronTokAlign",516.023434,516.163434,"u-i=0.859"
"PronTokAlign",516.163434,516.643434,"E-g-z-A/-k-t=0.965"
"PronTokAlign",516.643434,516.683434,"#"
"PronTokAlign",516.683434,516.940313,"w-E"
"PronTokAlign",516.940313,517.555051,"#=0.0"
"PronTokAlign",517.555051,517.819606,"w-E"
"PronTokAlign",517.819606,539.255893,"#=0.0"
"PronTokAlign",539.255893,541.785442,"laugh=0.0"
"PronTokAlign",541.785442,547.677249,"#=0.0"
"PronTokAlign",547.677249,548.117238,"u-i=0.619"
"PronTokAlign",548.117238,553.74,"#=0.0"
"PronTokAlign",553.74,553.98,"m-A/-n-j-E-R=0.827"
"PronTokAlign",553.98,554.04,"n-O/=0.396"
"PronTokAlign",554.04,554.07,"m=0.635"
"PronTokAlign",554.07,554.34,"A/-p-R-E=0.391"
"PronTokAlign",554.34,554.49,"Z-a~-R=0.692"
"PronTokAlign",554.49,554.73,"v-l-A/=0.539"
"PronTokAlign",554.73,554.97,"f-O/-t=0.406"
"PronTokAlign",554.97,555.23,"p-A/=0.669"
"PronTokAlign",555.23,555.34,"p-l-y=0.358"
"PronTokAlign",555.34,555.49,"k-@=0.73"
"PronTokAlign",555.49,555.66,"s-A/=0.797"
"PronTokAlign",555.66,555.9,"p-A/-R-t=0.835"
"PronTokAlign",555.9,556.17,"A/-p-R-E=0.473"
"PronTokAlign",556.17,556.32,"t-R-O/=0.592"
"PronTokAlign",556.32,557.001563,"fp"
"PronTokAlign",557.001563,559.705,"#=0.0"
"PronTokAlign",559.705,560.125,"Z-a~-R-@=0.708"
"PronTokAlign",560.125,560.2850000000001,"t-y=0.53"
"PronTokAlign",560.2850000000001,560.4250000000001,"m-E=0.467"
"PronTokAlign",560.4250000000001,560.855,"p-A/-R-E-g-z-a~-p-l=0.312"
"PronTokAlign",560.855,561.115,"#"
"PronTokAlign",561.115,561.575,"d-@=0.894"
"PronTokAlign",561.575,561.835,"#"
"PronTokAlign",561.835,562.0550000000001,"t-y=0.946"
"PronTokAlign",562.0550000000001,562.4150000000001,"m-E-z=0.762"
"PronTokAlign",562.4150000000001,562.585,"U~/=0.869"
"PronTokAlign",562.585,562.985,"m-A/-R-k-A/-Z=0.751"
"PronTokAlign",562.985,563.1450000000001,"d-@=0.73"
"PronTokAlign",563.1450000000001,563.195,"U~/=0.773"
"PronTokAlign",563.195,563.4250000000001,"A/"
"PronTokAlign",563.4250000000001,563.975,"k-U~/-z-@=0.763"
"PronTokAlign",563.975,564.3050000000001,"#"
"PronTokAlign",564.3050000000001,564.445,"d-@=0.801"
"PronTokAlign",564.445,564.725,"s-E-z=0.496"
"PronTokAlign",564.725,564.8050000000001,"A/"
"PronTokAlign",564.8050000000001,565.205,"t-R-a~-t=0.819"
"PronTokAlign",565.205,565.3,"#=0.0"
"PronTokAlign",565.3,565.51,"d-@=0.926"
"PronTokAlign",565.51,565.99,"t-R-a~-t-e-U~/=0.455"
"PronTokAlign",565.99,566.0799999999999,"A/"
"PronTokAlign",566.0799999999999,566.5,"k-A/-R-a~-t-s-U~/=0.686"
"PronTokAlign",566.5,566.55,"t=0.643"
"PronTokAlign",566.55,566.7299999999999,"v-w-A/=0.902"
"PronTokAlign",566.7299999999999,567.059744,"E=0.642"
"PronTokAlign",567.059744,568.42,"#=0.0"
"PronTokAlign",568.42,568.53,"s-e"
"PronTokAlign",568.53,568.725,"s-A/=0.995"
"PronTokAlign",568.725,570.445,"#=0.0"
"PronTokAlign",570.445,570.5350000000001,"t-y=0.399"
"PronTokAlign",570.5350000000001,571.0150000000001,"k-O/-m-a~-d-@=0.426"
"PronTokAlign",571.0150000000001,571.195,"t=0.427"
"PronTokAlign",571.195,571.5350000000001,"k-O/-m-a~-d=0.663"
"PronTokAlign",571.5350000000001,571.625,"t-y=0.407"
"PronTokAlign",571.625,571.7950000000001,"d-O/-n=0.514"
"PronTokAlign",571.7950000000001,571.9250000000001,"t-O~=0.673"
"PronTokAlign",571.9250000000001,572.1750000000001,"n-y-m-e-R-O/=0.509"
"PronTokAlign",572.1750000000001,572.215,"d=0.679"
"PronTokAlign",572.215,572.69,"p-l-A/-s=0.937"
"PronTokAlign",572.69,573.505,"#=0.0"
"PronTokAlign",573.505,573.705,"e=0.923"
"PronTokAlign",573.705,574.185,"A/-p-R-E=0.465"
"PronTokAlign",574.185,574.555,"l-@=0.467"
"PronTokAlign",574.555,574.665,"e=0.833"
"PronTokAlign",574.665,575.165,"A/-p-R-E=0.49"
"PronTokAlign",575.165,575.47,"v-l-A/=0.886"
"PronTokAlign",575.47,575.55,"#=0.0"
"PronTokAlign",575.55,575.62,"s-e"
"PronTokAlign",575.62,575.885,"s-A/=0.996"
"PronTokAlign",575.885,581.1,"#=0.0"
"PronTokAlign",581.1,581.25,"s-A/=0.97"
"PronTokAlign",581.25,581.4200000000001,"m-w-A/"
"PronTokAlign",581.4200000000001,581.61,"s-A/=0.98"
"PronTokAlign",581.61,581.72,"m-w-A/"
"PronTokAlign",581.72,581.75,"Z=0.468"
"PronTokAlign",581.75,582.12,"p-2-z=0.939"
"PronTokAlign",582.12,582.23,"Z-@=0.366"
"PronTokAlign",582.23,582.44,"p-2-z=0.503"
"PronTokAlign",582.44,582.96,"p-2-t-E-t-R=0.737"
"PronTokAlign",582.96,583.02,"m=0.691"
"PronTokAlign",583.02,583.1,"a~"
"PronTokAlign",583.1,583.65,"O/-k-y-p-e=0.816"
"PronTokAlign",583.65,583.98,"d-y=0.947"
"PronTokAlign",583.98,584.44,"s-i-s-t-E-m=0.707"
"PronTokAlign",584.44,584.51,"d=0.461"
"PronTokAlign",584.51,585.27,"n-y-m-E-R-O/-t-A/-s-j-O~"
"PronTokAlign",585.27,585.38,"d-e=0.385"
"PronTokAlign",585.38,585.6700000000001,"p-l-A/-s=0.723"
"PronTokAlign",585.6700000000001,585.95,"p-2-t-E-t-R=0.824"
"PronTokAlign",585.95,588.57,"#=0.0"
"PronTokAlign",588.57,588.88,"b-U~/=0.996"
"PronTokAlign",588.88,589.25,"s-A/=0.986"
"PronTokAlign",589.25,589.47,"b-U~/=0.922"
"PronTokAlign",589.47,589.6600000000001,"s-A/=0.99"
"PronTokAlign",589.6600000000001,589.83,"f-O/=0.487"
"PronTokAlign",589.83,590.1600000000001,"k-@=0.873"
"PronTokAlign",590.1600000000001,590.37,"Z-@=0.623"
"PronTokAlign",590.37,590.6800000000001,"v-w-A/=0.786"
"PronTokAlign",590.6800000000001,591.07,"A/-v-E-k"
"PronTokAlign",591.07,591.3900000000001,"A/-v-E-k"
"PronTokAlign",591.3900000000001,591.7600000000001,"d-e-d-e"
"PronTokAlign",591.7600000000001,591.7900000000001,"m=0.3"
"PronTokAlign",591.7900000000001,591.8900000000001,"Z=0.44"
"PronTokAlign",591.8900000000001,592.1700000000001,"p-a~-s=0.674"
"PronTokAlign",592.1700000000001,592.5200000000001,"Z-@=0.646"
"PronTokAlign",592.5200000000001,593.24,"p-a~-s=0.84"
"PronTokAlign",593.24,593.3100000000001,"k"
"PronTokAlign",593.3100000000001,593.37,"O~=0.532"
"PronTokAlign",593.37,593.5400000000001,"p-@=0.652"
"PronTokAlign",593.5400000000001,593.7,"s"
"PronTokAlign",593.7,593.73,"i=0.451"
"PronTokAlign",593.73,594.0200000000001,"m-E-t-R=0.796"
"PronTokAlign",594.0200000000001,594.555,"fp"
"PronTokAlign",594.555,595.34,"#=0.0"
"PronTokAlign",595.34,595.61,"f-a~-f-U~/=0.398"
"PronTokAlign",595.61,595.76,"p-A/=0.861"
"PronTokAlign",595.76,596.14,"t-R-a~-t=0.754"
"PronTokAlign",596.14,596.2900000000001,"s-a~=0.667"
"PronTokAlign",596.2900000000001,596.58,"p-R-a~-d-R=0.81"
"PronTokAlign",596.58,596.695,"#=0.0"
"PronTokAlign",596.695,596.7650000000001,"y-n=0.843"
"PronTokAlign",596.7650000000001,597.005,"t-R-O/=0.815"
"PronTokAlign",597.005,597.0550000000001,"A/"
"PronTokAlign",597.0550000000001,597.085,"l"
"PronTokAlign",597.085,597.49,"A/-v-a~-s=0.947"
"PronTokAlign",597.49,600.095,"#=0.0"
"PronTokAlign",600.095,600.4150000000001,"w-E"
"PronTokAlign",600.4150000000001,600.5550000000001,"s-e"
"PronTokAlign",600.5550000000001,601.745,"s-A/=0.986"
"PronTokAlign",601.745,602.235,"w-E"
"PronTokAlign",602.235,603.05,"w-E"
"PronTokAlign",603.05,603.38,"m=0.0"
"PronTokAlign",603.38,603.575,"#=0.0"
"PronTokAlign",603.575,603.995,"d-2-z=0.751"
"PronTokAlign",603.995,604.215,"d-2=0.611"
"PronTokAlign",604.215,604.845,"s-2-m-E-n-z=0.995"
"PronTokAlign",604.845,605.1750000000001,"A/-v-a~=0.684"
"PronTokAlign",605.1750000000001,605.325,"p-u-R"
"PronTokAlign",605.325,605.455,"E-t=0.65"
"PronTokAlign",605.455,605.74,"l-A/-R-Z=0.85"
"PronTokAlign",605.74,609.285,"#=0.0"
"PronTokAlign",609.285,609.425,"u-i=0.626"
"PronTokAlign",609.425,609.625,"m-E=0.496"
"PronTokAlign",609.625,609.795,"n-O/=0.335"
"PronTokAlign",609.795,609.905,"m-E=0.281"
"PronTokAlign",609.905,610.0749999999999,"n-O/=0.379"
"PronTokAlign",610.0749999999999,610.5849999999999,"m-E-z=0.947"
"PronTokAlign",610.5849999999999,610.915,"A/"
"PronTokAlign",610.915,611.025,"A/"
"PronTokAlign",611.025,611.79,"p-R-E-p-A/-R-e-R=0.885"
"PronTokAlign",611.79,612.526791,"#=0.0"
"PronTokAlign",612.526791,612.566791,"A/"
"PronTokAlign",612.566791,613.146791,"p-R-E-p-A/-R-e=0.49"
"PronTokAlign",613.146791,613.176791,"E=0.616"
"PronTokAlign",613.176791,613.566791,"A/-p-R-E-z=0.377"
"PronTokAlign",613.566791,613.616791,"t"
"PronTokAlign",613.616791,614.256791,"U~/-s-t-A/-l=0.668"
"PronTokAlign",614.256791,614.346791,"t"
"PronTokAlign",614.346791,614.596791,"U~/-s-t-A/-l=0.976"
"PronTokAlign",614.596791,614.756791,"s-y-R"
"PronTokAlign",614.756791,615.336791,"p-l-A/-s-@"
"PronTokAlign",615.336791,615.476791,"Z-a~-R=0.744"
"PronTokAlign",615.476791,615.556791,"l-A/"
"PronTokAlign",615.556791,615.7167910000001,"v-E-j=0.798"
"PronTokAlign",615.7167910000001,615.925,"k-w-A/"
"PronTokAlign",615.925,623.555,"#=0.0"
"PronTokAlign",623.555,624.02,"b-i-l-@-t-R-i=0.538"
"PronTokAlign",624.02,625.1,"#=0.0"
"PronTokAlign",625.1,625.1800000000001,"l-e=0.388"
"PronTokAlign",625.1800000000001,625.3000000000001,"d-2-l-@=0.395"
"PronTokAlign",625.3000000000001,625.37,"d-2"
"PronTokAlign",625.37,626.845,"#=0.0"
"PronTokAlign",626.845,627.525,"s-p-O/-n-s-O/-R-i-A/-t-j-O~=0.43"
"PronTokAlign",627.525,627.81,"f-n-A/-k"
"PronTokAlign",627.81,632.419835,"#=0.0"
"PronTokAlign",632.419835,633.086909,"laugh=0.0"
"PronTokAlign",633.086909,633.46714,"#=0.0"
"PronTokAlign",633.46714,634.234275,"laugh=0.0"
"PronTokAlign",634.234275,642.525,"#=0.0"
"PronTokAlign",642.525,642.715,"s-i-n-O~"
"PronTokAlign",642.715,643.43,"fp"
"PronTokAlign",643.43,648.335,"#=0.0"
"PronTokAlign",648.335,648.585,"w-E"
"PronTokAlign",648.585,648.715,"A/"
"PronTokAlign",648.715,648.745,"A/"
"PronTokAlign",648.745,648.7750000000001,"l"
"PronTokAlign",648.7750000000001,649.0350000000001,"A/-s-O/"
"PronTokAlign",649.0350000000001,649.4150000000001,"fp"
"PronTokAlign",649.4150000000001,650.075,"#"
"PronTokAlign",650.075,650.265,"s-y-R"
"PronTokAlign",650.265,650.495,"l-@=0.582"
"PronTokAlign",650.495,650.705,"s-y-R"
"PronTokAlign",650.705,650.745,"l=0.486"
"PronTokAlign",650.745,650.9250000000001,"s-i-t=0.896"
"PronTokAlign",650.9250000000001,650.965,"d=0.724"
"PronTokAlign",650.965,651.265,"U~/-t-E-R-n-e=0.569"
"PronTokAlign",651.265,651.395,"d-@=0.455"
"PronTokAlign",651.395,651.4250000000001,"l"
"PronTokAlign",651.4250000000001,651.815,"A/-s-O/"
"PronTokAlign",651.815,651.965,"d-@=0.569"
"PronTokAlign",651.965,651.995,"l"
"PronTokAlign",651.995,652.245,"A/-s-O/"
"PronTokAlign",652.245,655.4,"#=0.0"
"PronTokAlign",655.4,655.52,"E=0.634"
"PronTokAlign",655.52,655.65,"b-E=0.545"
"PronTokAlign",655.65,655.99,"s-A/=0.991"
"PronTokAlign",655.99,656.09,"s=0.605"
"PronTokAlign",656.09,656.24,"O~=0.759"
"PronTokAlign",656.24,656.39,"p-u-R-e=0.466"
"PronTokAlign",656.39,656.74,"e-s-e-j-e=0.359"
"PronTokAlign",656.74,656.81,"#"
"PronTokAlign",656.81,656.99,"p-s-k=0.581"
"PronTokAlign",656.99,657.13,"s-A/=0.729"
"PronTokAlign",657.13,657.37,"s-R-A/=0.731"
"PronTokAlign",657.37,657.5799999999999,"d-Z-A/=0.815"
"PronTokAlign",657.5799999999999,658.11,"p-l-y-s=0.911"
"PronTokAlign",658.11,658.1899999999999,"U~/=0.61"
"PronTokAlign",658.1899999999999,658.9599999999999,"p-2"
"PronTokAlign",658.9599999999999,659.035,"fp"
"PronTokAlign",659.035,659.46,"#=0.0"
"PronTokAlign",659.46,659.9200000000001,"p-y-b-l-i-k"
"PronTokAlign",659.9200000000001,660.6500000000001,"p-y-b-l-i-k"
"PronTokAlign",660.6500000000001,661.37,"v-i-z-e"
"PronTokAlign",661.37,661.71,"A/"
"PronTokAlign",661.71,661.7800000000001,"U~/=0.831"
"PronTokAlign",661.7800000000001,662.39,"f-E-s-t-i-v-A/-l"
"PronTokAlign",662.39,662.9100000000001,"#"
"PronTokAlign",662.9100000000001,663.0500000000001,"k-@=0.78"
"PronTokAlign",663.0500000000001,663.74,"d-i-R-E-k-t-2-m-a~=0.846"
"PronTokAlign",663.74,663.8100000000001,"O/"
"PronTokAlign",663.8100000000001,664.63,"s-i-n-e-m-A/=0.542"
"PronTokAlign",664.63,666.6,"#=0.0"
"PronTokAlign",666.6,666.78,"w-E"
"PronTokAlign",666.78,668.13,"#=0.0"
"PronTokAlign",668.13,668.27,"O~=0.812"
"PronTokAlign",668.27,668.39,"p-u-R-A/"
"PronTokAlign",668.39,668.52,"d-O/-n-e=0.813"
"PronTokAlign",668.52,668.6,"d-e=0.38"
"PronTokAlign",668.6,668.93,"f-l-i-E-R=0.516"
"PronTokAlign",668.93,672.355,"#=0.0"
"PronTokAlign",672.355,672.515,"e=0.791"
"PronTokAlign",672.515,672.705,"s-y-R"
"PronTokAlign",672.705,672.765,"l=0.457"
"PronTokAlign",672.765,672.965,"s-i-t=0.671"
"PronTokAlign",672.965,673.4350000000001,"U~/-t-E-R-n-E-t=0.542"
"PronTokAlign",673.4350000000001,673.6850000000001,"d-@=0.584"
"PronTokAlign",673.6850000000001,673.725,"l"
"PronTokAlign",673.725,673.99,"A/-s-O/"
"PronTokAlign",673.99,679.956042,"#=0.0"
"PronTokAlign",679.956042,680.903286,"laugh=0.0"
"PronTokAlign",680.903286,698.530041,"#=0.0"
"PronTokAlign",698.530041,699.263356,"A/-b-O~"
"PronTokAlign",699.263356,708.3,"#=0.0"
"PronTokAlign",708.3,709.505,"laugh=0.0"
"PronTokAlign",709.505,710.726464,"#=0.0"
"PronTokAlign",710.726464,711.474734,"laugh=0.0"
"PronTokAlign",711.474734,711.858041,"#=0.0"
"PronTokAlign",711.858041,712.0080409999999,"Z=0.899"
"PronTokAlign",712.0080409999999,712.198041,"A/-R-i-v=0.749"
"PronTokAlign",712.198041,712.4080409999999,"A/-v-E-k"
"PronTokAlign",712.4080409999999,712.5080409999999,"m-A/"
"PronTokAlign",712.5080409999999,712.698041,"b-O~-b=0.725"
"PronTokAlign",712.698041,712.798041,"d-@=0.38"
"PronTokAlign",712.798041,713.483438,"p-A/-R-v-2-n-y"
"PronTokAlign",713.483438,718.44,"#=0.0"
"PronTokAlign",718.44,718.6700000000001,"l-A/"
"PronTokAlign",718.6700000000001,718.7800000000001,"l-A/"
"PronTokAlign",718.7800000000001,718.98,"b-O~-b=0.641"
"PronTokAlign",718.98,719.0600000000001,"d-@=0.451"
"PronTokAlign",719.0600000000001,719.49,"p-U~/-t-y-R-@=0.872"
"PronTokAlign",719.49,719.9100000000001,"d-@=0.555"
"PronTokAlign",719.9100000000001,720.1,"d-@=0.403"
"PronTokAlign",720.1,720.1300000000001,"l"
"PronTokAlign",720.1300000000001,720.8000000000001,"A/-R-b-i-t-R=0.566"
"PronTokAlign",720.8000000000001,721.37,"p-u-R"
"PronTokAlign",721.37,721.46,"l-@=0.426"
"PronTokAlign",721.46,721.5200000000001,"k-u"
"PronTokAlign",721.5200000000001,722.03,"f-R-a~=0.684"
"PronTokAlign",722.03,728.94,"#=0.0"
"PronTokAlign",728.94,729.2800000000001,"t-R-w-A/=0.719"
"PronTokAlign",729.2800000000001,729.46,"t-R-w-A/=0.828"
"PronTokAlign",729.46,729.6600000000001,"k-A/-t=0.562"
"PronTokAlign",729.6600000000001,729.97,"t-R-w-A/=0.669"
"PronTokAlign",729.97,730.1600000000001,"k-A/-t=0.643"
"PronTokAlign",730.1600000000001,730.3000000000001,"m-w-A/=0.828"
"PronTokAlign",730.3000000000001,730.4100000000001,"A/"
"PronTokAlign",730.4100000000001,730.45,"l"
"PronTokAlign",730.45,730.665,"A/-v-a~-s=0.946"
"PronTokAlign",730.665,731.545,"#=0.0"
"PronTokAlign",731.545,731.7049999999999,"f-E-R=0.781"
"PronTokAlign",731.7049999999999,731.8149999999999,"d-e=0.329"
"PronTokAlign",731.8149999999999,732.005,"p-R-e"
"PronTokAlign",732.005,732.305,"v-a~-t=0.574"
"PronTokAlign",732.305,736.2,"#=0.0"
"PronTokAlign",736.2,736.683361,"w-E"
"PronTokAlign",736.683361,750.91,"#=0.0"
"PronTokAlign",750.91,752.89013,"laugh=0.0"
"PronTokAlign",752.89013,761.795,"#=0.0"
"PronTokAlign",761.795,761.895,"A/"
"PronTokAlign",761.895,762.41,"b-w-A/-R-@=0.682"
"PronTokAlign",762.41,774.641709,"#=0.0"
"PronTokAlign",774.641709,775.19044,"laugh=0.0"
"PronTokAlign",775.19044,779.69,"#=0.0"
"PronTokAlign",779.69,780.730313,"laugh=0.0"
"PronTokAlign",780.730313,801.204644,"#=0.0"
"PronTokAlign",801.204644,802.385104,"laugh=0.0"
"PronTokAlign",802.385104,814.71,"#=0.0"
"PronTokAlign",814.71,815.0400000000001,"Z-a~-R=0.508"
"PronTokAlign",815.0400000000001,815.51,"Z-y-s-t-@=0.998"
"PronTokAlign",815.51,815.72,"Z-a~-R=0.739"
"PronTokAlign",815.72,815.9300000000001,"Z-y-s=0.764"
"PronTokAlign",815.9300000000001,816.1500000000001,"i-s-t-w-A/-R=0.908"
"PronTokAlign",816.1500000000001,816.25,"d-@=0.547"
"PronTokAlign",816.25,816.32,"l-@=0.275"
"PronTokAlign",816.32,816.69,"p-R-E-v-2-n-i-R"
"PronTokAlign",816.69,816.7900000000001,"k-@=0.521"
"PronTokAlign",816.7900000000001,816.89,"b-O/=0.33"
"PronTokAlign",816.89,817.125,"fp"
"PronTokAlign",817.125,821.195,"#=0.0"
"PronTokAlign",821.195,821.58799,"w-E"
"PronTokAlign",821.58799,826.97,"#=0.0"
"PronTokAlign",826.97,827.01,"Z=0.548"
"PronTokAlign",827.01,827.1,"v-w-A/=0.793"
"PronTokAlign",827.1,827.2,"s=0.336"
"PronTokAlign",827.2,827.23,"k=0.56"
"PronTokAlign",827.23,827.778993,"s-e"
"PronTokAlign",827.778993,828.47,"#=0.0"
"PronTokAlign",828.47,828.51,"laugh"
"PronTokAlign",828.51,828.6,"s-e"
"PronTokAlign",828.6,828.6600000000001,"s-e"
"PronTokAlign",828.6600000000001,829.7900000000001,"v-R-E=0.635"
"PronTokAlign",829.7900000000001,829.9,"k-@=0.776"
"PronTokAlign",829.9,830.115,"s-i=0.996"
"PronTokAlign",830.115,831.825,"#=0.0"
"PronTokAlign",831.825,832.225,"s-i=0.53"
"PronTokAlign",832.225,832.375,"O~=0.888"
"PronTokAlign",832.375,832.575,"f-E=0.462"
"PronTokAlign",832.575,832.875,"y-n-@=0.515"
"PronTokAlign",832.875,833.825,"i-n-g-l-O/-R-j-O/-y-s=0.4"
"PronTokAlign",833.825,834.865,"b-A/-t-A/-R=0.452"
"PronTokAlign",834.865,855.034824,"#=0.0"
"PronTokAlign",855.034824,855.54577,"laugh=0.0"
"PronTokAlign",855.54577,869.920714,"#=0.0"
"PronTokAlign",869.920714,870.300714,"U~/-n=0.745"
"PronTokAlign",870.300714,870.4807139999999,"A/"
"PronTokAlign",870.4807139999999,870.830714,"U~/-n=0.632"
"PronTokAlign",870.830714,871.270714,"A/-f-i-S-A/-Z=0.748"
"PronTokAlign",871.270714,871.570714,"l-y-m-i-n-@=0.744"
"PronTokAlign",871.570714,871.640714,"A/"
"PronTokAlign",871.640714,871.820714,"t-i-m=0.427"
"PronTokAlign",871.820714,872.835641,"s-k-w-A/-R-@=0.583"
"PronTokAlign",872.835641,915.265,"#=0.0"
"PronTokAlign",915.265,915.495,"A/-p-R-E=0.471"
"PronTokAlign",915.495,915.605,"O~=0.581"
"PronTokAlign",915.605,915.705,"A/"
"PronTokAlign",915.705,915.815,"p-A/=0.766"
"PronTokAlign",915.815,915.985,"U~/=0.566"
"PronTokAlign",915.985,916.175,"b-y-d-Z-e=0.594"
"PronTokAlign",916.175,916.575,"n-O~-p-l-y-s=0.3"
"PronTokAlign",916.575,917.075,"i-l-i-m-i-t-e"
"PronTokAlign",917.075,917.305,"k-w-A/"
"PronTokAlign",917.305,917.495,"#"
"PronTokAlign",917.495,917.745,"s-e"
"PronTokAlign",917.745,918.645,"fp"
"PronTokAlign",918.645,918.705,"#"
"PronTokAlign",918.705,918.735,"O~=0.781"
"PronTokAlign",918.735,918.895,"R-E-s-t=0.643"
"PronTokAlign",918.895,918.975,"k-a~=0.841"
"PronTokAlign",918.975,919.145,"m-E-m=0.636"
"PronTokAlign",919.145,919.245,"s=0.824"
"PronTokAlign",919.245,919.395,"O~-n=0.704"
"PronTokAlign",919.395,919.445,"e=0.387"
"PronTokAlign",919.445,919.555,"k-a~=0.848"
"PronTokAlign",919.555,919.765,"m-E-m=0.731"
"PronTokAlign",919.765,919.945,"y-n-@=0.753"
"PronTokAlign",919.945,920.465,"t-R-e=0.477"
"PronTokAlign",920.465,920.985,"p-@-t-i-t=0.671"
"PronTokAlign",920.985,921.535,"A/-s-O/-s-A/-s-j-O~"
"PronTokAlign",921.535,922.185842,"fp"
"PronTokAlign",922.185842,930.478001,"#=0.0"
"PronTokAlign",930.478001,932.874159,"laugh=0.0"
"PronTokAlign",932.874159,953.95,"#=0.0"
"PronTokAlign",953.95,954.06,"m-E=0.462"
"PronTokAlign",954.06,954.26,"e-s-@=0.323"
"PronTokAlign",954.26,954.37,"v-u=0.687"
"PronTokAlign",954.37,954.72,"k-O/-n-E-s-e=0.86"
"PronTokAlign",954.72,954.91,"R-e"
"PronTokAlign",954.91,955.22,"s-A/-j-O/-v=0.4"
"PronTokAlign",955.22,956.01,"l-E-Z-a~-d-@=0.747"
"PronTokAlign",956.01,956.495,"#=0.0"
"PronTokAlign",956.495,956.665,"e-s-@=0.597"
"PronTokAlign",956.665,956.835,"k-@=0.693"
"PronTokAlign",956.835,956.945,"v-u=0.74"
"PronTokAlign",956.945,957.365,"k-O/-n-E-s-e=0.647"
"PronTokAlign",957.365,958.135,"n-O/-R-v-p-E-n=0.792"
"PronTokAlign",958.135,958.755,"laugh"
"PronTokAlign",958.755,966.270937,"#=0.0"
"PronTokAlign",966.270937,966.510937,"b-U~/=0.792"
"PronTokAlign",966.510937,966.690937,"p-u-R"
"PronTokAlign",966.690937,966.880937,"A/-v-w-A/-R"
"PronTokAlign",966.880937,966.970937,"U~/=0.696"
"PronTokAlign",966.970937,967.170937,"p-2"
"PronTokAlign",967.170937,967.510937,"d-@=0.861"
"PronTokAlign",967.510937,967.780937,"U~/=0.637"
"PronTokAlign",967.780937,967.960937,"p-2"
"PronTokAlign",967.960937,968.190937,"d-@=0.821"
"PronTokAlign",968.190937,968.860937,"b-y-d-Z-E=0.997"
"PronTokAlign",968.860937,969.225,"k-w-A/"
"PronTokAlign",969.225,981.745,"#=0.0"
"PronTokAlign",981.745,982.045,"b-U~/=0.907"
"PronTokAlign",982.045,982.225,"s-e"
"PronTokAlign",982.225,982.335,"l-H=0.397"
"PronTokAlign",982.335,982.725,"k-j=0.569"
"PronTokAlign",982.725,982.825,"A/"
"PronTokAlign",982.825,982.885,"d-i=0.697"
"PronTokAlign",982.885,983.115,"s-e"
"PronTokAlign",983.115,983.145,"l=0.476"
"PronTokAlign",983.145,984.17,"f-t-i-v-E-k-s=0.71"
"PronTokAlign",984.17,986.386709,"#=0.0"
"PronTokAlign",986.386709,987.376029,"laugh=0.0"
"PronTokAlign",987.376029,1010.888052,"#=0.0"
"PronTokAlign",1010.888052,1011.018052,"y-n=0.648"
"PronTokAlign",1011.018052,1011.545,"v-w-A/-t-y-R=0.569"
"PronTokAlign",1011.545,1013.84,"#=0.0"
"PronTokAlign",1013.84,1013.92,"t-u=0.822"
"PronTokAlign",1013.92,1014.08,"w-E"
"PronTokAlign",1014.08,1014.3,"v-l-A/=0.708"
"PronTokAlign",1014.3,1014.7,"b-U~/=0.994"
"PronTokAlign",1014.7,1014.79,"b-E=0.436"
"PronTokAlign",1014.79,1015.03,"U~/-n=0.517"
"PronTokAlign",1015.03,1015.57,"d-R-A/-j-v=0.727"
"PronTokAlign",1015.57,1016.28,"#=0.0"
"PronTokAlign",1016.28,1016.32,"U~/=0.869"
"PronTokAlign",1016.32,1016.82,"d-R-i-v-U~/-Z-e=0.539"
"PronTokAlign",1016.82,1016.92,"A/"
"PronTokAlign",1016.92,1017.14,"k-O/-t-e"
"PronTokAlign",1017.14,1017.25,"d-e=0.443"
"PronTokAlign",1017.25,1017.71,"k-A/-l-a~-k-z=0.552"
"PronTokAlign",1017.71,1017.91,"#=0.0"
"PronTokAlign",1017.91,1017.95,"t=0.92"
"PronTokAlign",1017.95,1018.1,"u-b-l-i=0.807"
"PronTokAlign",1018.1,1018.13,"l=0.614"
"PronTokAlign",1018.13,1019.0,"f-R-U~/"
"PronTokAlign",1019.0,1019.07,"A/"
"PronTokAlign",1019.07,1019.65,"m-U~/"
"PronTokAlign",1019.65,1019.83,"A/-A/-A/-A/-A/-A/"
"PronTokAlign",1019.83,1020.625,"laugh"
"PronTokAlign",1020.625,1021.100973,"#=0.0"
"PronTokAlign",1021.100973,1021.400099,"laugh=0.0"
"PronTokAlign",1021.400099,1028.387813,"#=0.0"
"PronTokAlign",1028.387813,1028.717813,"t-E-s-t=0.612"
"PronTokAlign",1028.717813,1028.837813,"d-@=0.679"
"PronTokAlign",1028.837813,1029.0278130000002,"k-y-i"
"PronTokAlign",1029.0278130000002,1029.457813,"n-e-s-e-s-E-R=0.347"
"PronTokAlign",1029.457813,1029.837813,"A/-v-a~=0.812"
"PronTokAlign",1029.837813,1030.0178130000002,"d-@=0.928"
"PronTokAlign",1030.0178130000002,1030.227813,"a~-t-R-e=0.665"
"PronTokAlign",1030.227813,1030.367813,"d-a~=0.64"
"PronTokAlign",1030.367813,1030.397813,"l=0.445"
"PronTokAlign",1030.397813,1031.17,"f-E-s-t-i-v-A/-l"
"PronTokAlign",1031.17,1035.015,"#=0.0"
"PronTokAlign",1035.015,1035.325,"d-i-z-A/-j-n"
"PronTokAlign",1035.325,1035.355,"Z=0.484"
"PronTokAlign",1035.355,1035.4250000000002,"v-@=0.55"
"PronTokAlign",1035.4250000000002,1035.535,"b-j-U~/=0.731"
"PronTokAlign",1035.535,1035.565,"m=0.811"
"PronTokAlign",1035.565,1035.615,"a~"
"PronTokAlign",1035.615,1036.045,"O/-k-y-p-e=0.556"
"PronTokAlign",1036.045,1036.99,"#=0.0"
"PronTokAlign",1036.99,1037.38,"Z-@=0.731"
"PronTokAlign",1037.38,1037.67,"Z-@=0.851"
"PronTokAlign",1037.67,1037.9,"Z-@=0.695"
"PronTokAlign",1037.9,1038.0,"Z=0.574"
"PronTokAlign",1038.0,1038.19,"E=0.629"
"PronTokAlign",1038.19,1038.69,"d-E-z=0.831"
"PronTokAlign",1038.69,1039.32,"A/-m-i=0.58"
"PronTokAlign",1039.32,1039.985,"d-E-s-i-n-A/-t-9-R=0.754"
"PronTokAlign",1039.985,1046.2,"#=0.0"
"PronTokAlign",1046.2,1046.52,"w-E"
"PronTokAlign",1046.52,1047.25,"b-U~/"
"PronTokAlign",1047.25,1047.64,"#=0.0"
"PronTokAlign",1047.64,1048.15,"p-u-R"
"PronTokAlign",1048.15,1048.5500000000002,"f-e-v-R-i-e=0.412"
"PronTokAlign",1048.5500000000002,1048.84,"m-A/-R-s"
"PronTokAlign",1048.84,1048.88,"Z=0.463"
"PronTokAlign",1048.88,1049.1,"d-i-R-E=0.506"
"PronTokAlign",1049.1,1049.2800000000002,"p-u-R"
"PronTokAlign",1049.2800000000002,1049.47,"b-j-U~/=0.673"
"PronTokAlign",1049.47,1049.94,"p-R-E-p-A/-R-e=0.417"
"PronTokAlign",1049.94,1050.13,"t-u=0.733"
"PronTokAlign",1050.13,1050.8200000000002,"A/-v-w-A/-R"
"PronTokAlign",1050.8200000000002,1050.89,"l-@=0.397"
"PronTokAlign",1050.89,1051.1,"t-a~=0.725"
"PronTokAlign",1051.1,1051.23,"d-@=0.828"
"PronTokAlign",1051.23,1051.34,"t-u=0.667"
"PronTokAlign",1051.34,1051.64,"f-E-R=0.633"
"PronTokAlign",1051.64,1051.915,"b-j-U~/=0.663"
"PronTokAlign",1051.915,1059.015938,"#=0.0"
"PronTokAlign",1059.015938,1059.495938,"s-p-O/-n-s-O/-R"
"PronTokAlign",1059.495938,1059.655938,"d-Z-A/=0.648"
"PronTokAlign",1059.655938,1059.785938,"O~=0.66"
"PronTokAlign",1059.785938,1059.915938,"p-@=0.661"
"PronTokAlign",1059.915938,1060.155938,"d-Z-A/=0.569"
"PronTokAlign",1060.155938,1060.405938,"t-R-u-v-e=0.815"
"PronTokAlign",1060.405938,1060.815938,"d-E-z=0.338"
"PronTokAlign",1060.815938,1061.265938,"s-p-O/-n-s-O/-R=0.857"
"PronTokAlign",1061.265938,1061.765938,"O/-s-U~/-d-@"
"PronTokAlign",1061.765938,1062.055938,"O/-s-U~/-d-@"
"PronTokAlign",1062.055938,1062.125938,"l-A/"
"PronTokAlign",1062.125938,1062.39,"v-i-l-@=0.57"
"PronTokAlign",1062.39,1064.65,"#=0.0"
"PronTokAlign",1064.65,1064.7900000000002,"d-O~=0.574"
"PronTokAlign",1064.7900000000002,1064.99,"k-@=0.952"
"PronTokAlign",1064.99,1065.23,"s-@=0.641"
"PronTokAlign",1065.23,1065.5800000000002,"s-w-A/=0.837"
"PronTokAlign",1065.5800000000002,1065.61,"A/"
"PronTokAlign",1065.61,1065.67,"l-A/"
"PronTokAlign",1065.67,1065.84,"v-i-l-@=0.516"
"PronTokAlign",1065.84,1065.94,"d=0.655"
"PronTokAlign",1065.94,1066.3200000000002,"E-k-s"
"PronTokAlign",1066.3200000000002,1066.51,"u"
"PronTokAlign",1066.51,1067.01,"m-E-m-@=0.712"
"PronTokAlign",1067.01,1067.46,"l-@=0.576"
"PronTokAlign",1067.46,1068.14,"#"
"PronTokAlign",1068.14,1068.23,"l-A/"
"PronTokAlign",1068.23,1068.685,"m-e-Z-A/-n=0.599"
"PronTokAlign",1068.685,1069.96,"#=0.0"
"PronTokAlign",1069.96,1070.08,"u"
"PronTokAlign",1070.08,1070.31,"O~-n=0.812"
"PronTokAlign",1070.31,1070.34,"A/"
"PronTokAlign",1070.34,1070.45,"d-i=0.526"
"PronTokAlign",1070.45,1070.64,"t-u=0.584"
"PronTokAlign",1070.64,1070.83,"A/"
"PronTokAlign",1070.83,1070.86,"l"
"PronTokAlign",1070.86,1071.18,"9-R=0.728"
"PronTokAlign",1071.18,1071.21,"l=0.694"
"PronTokAlign",1071.21,1071.24,"l"
"PronTokAlign",1071.24,1071.47,"O/-f-i-s=0.741"
"PronTokAlign",1071.47,1071.51,"d=0.859"
"PronTokAlign",1071.51,1071.825,"t-u-R-i-s-m=0.957"
"PronTokAlign",1071.825,1076.6,"#=0.0"
"PronTokAlign",1076.6,1076.65,"m"
"PronTokAlign",1076.65,1077.4699999999998,"#"
"PronTokAlign",1077.4699999999998,1077.505006,"m"
"PronTokAlign",1077.505006,1078.311653,"#=0.0"
"PronTokAlign",1078.311653,1078.401653,"w-E"
"PronTokAlign",1078.401653,1078.761653,"w-E"
"PronTokAlign",1078.761653,1079.1,"m-U~/-t-2-n-a~-t=0.619"
"PronTokAlign",1079.1,1081.48,"#=0.0"
"PronTokAlign",1081.48,1081.76,"Z-a~-R-@=0.544"
"PronTokAlign",1081.76,1082.16,"d-i-s-i"
"PronTokAlign",1082.16,1082.37,"d-i-s-i"
"PronTokAlign",1082.37,1082.48,"l-A/"
"PronTokAlign",1082.48,1082.59,"f-U~/=0.81"
"PronTokAlign",1082.59,1082.62,"d=0.492"
"PronTokAlign",1082.62,1082.65,"l"
"PronTokAlign",1082.65,1082.83,"A/-n-e"
"PronTokAlign",1082.83,1083.015,"k-w-A/"
"PronTokAlign",1083.015,1094.74,"#=0.0"
"PronTokAlign",1094.74,1094.95,"l-A/"
"PronTokAlign",1094.95,1095.36,"l-O/-k-A/-s-j-O~"
"PronTokAlign",1095.36,1095.47,"d=0.635"
"PronTokAlign",1095.47,1095.845,"S-a~"
"PronTokAlign",1095.845,1107.065,"#=0.0"
"PronTokAlign",1107.065,1107.235,"A/"
"PronTokAlign",1107.235,1107.415,"p-u-R"
"PronTokAlign",1107.415,1107.685,"l-e=0.384"
"PronTokAlign",1107.685,1107.875,"p-u-R"
"PronTokAlign",1107.875,1107.975,"l-e=0.335"
"PronTokAlign",1107.975,1108.52,"t-A/-R-i-f=0.758"
"PronTokAlign",1108.52,1108.965,"#=0.0"
"PronTokAlign",1108.965,1109.3049999999998,"d-E-z=0.358"
"PronTokAlign",1109.3049999999998,1109.78,"b-i-j-E=0.509"
"PronTokAlign",1109.78,1111.68,"#=0.0"
"PronTokAlign",1111.68,1111.88,"b-U~/=0.539"
"PronTokAlign",1111.88,1112.13,"d-Z-A/=0.648"
"PronTokAlign",1112.13,1112.19,"O~=0.838"
"PronTokAlign",1112.19,1112.3,"v-A/"
"PronTokAlign",1112.3,1112.51,"f-E-R=0.693"
"PronTokAlign",1112.51,1112.98,"U~/-n=0.751"
"PronTokAlign",1112.98,1113.52,"b-O~-n=0.594"
"PronTokAlign",1113.52,1113.62,"l-A/"
"PronTokAlign",1113.62,1114.5600000000002,"k-l-A/-s-i-k-@"
"PronTokAlign",1114.5600000000002,1115.48,"s-e-n-i-O/-R"
"PronTokAlign",1115.48,1115.54,"#"
"PronTokAlign",1115.54,1115.72,"fp"
"PronTokAlign",1115.72,1116.419183,"e-t-y-d-j-a~-z=0.609"
"PronTokAlign",1116.419183,1118.620049,"#=0.0"
"PronTokAlign",1118.620049,1119.324801,"laugh=0.0"
"PronTokAlign",1119.324801,1143.49,"#=0.0"
"PronTokAlign",1143.49,1143.76,"w-E"
"PronTokAlign",1143.76,1144.06,"Z-a~-R=0.771"
"PronTokAlign",1144.06,1144.15,"U~/=0.822"
"PronTokAlign",1144.15,1144.41,"t-R-y-k"
"PronTokAlign",1144.41,1144.53,"U~/=0.679"
"PronTokAlign",1144.53,1144.74,"t-R-y-k"
"PronTokAlign",1144.74,1145.17,"U~/-p-2-m-w-U~/-d=0.486"
"PronTokAlign",1145.17,1145.585,"d-u-z=0.575"
"PronTokAlign",1145.585,1150.343438,"#=0.0"
"PronTokAlign",1150.343438,1150.883438,"w-E"
"PronTokAlign",1150.883438,1151.183438,"w-E"
"PronTokAlign",1151.183438,1151.74,"w-E"
"PronTokAlign",1151.74,1153.96,"#=0.0"
"PronTokAlign",1153.96,1154.15,"b-O/=0.419"
"PronTokAlign",1154.15,1154.33,"b-U~/=0.88"
"PronTokAlign",1154.33,1154.62,"y-n=0.637"
"PronTokAlign",1154.62,1155.01,"k-A/-t-e-g-O/-R-i=0.619"
"PronTokAlign",1155.01,1155.18,"Z-a~-R=0.882"
"PronTokAlign",1155.18,1155.55,"p-l-y-s=0.785"
"PronTokAlign",1155.55,1156.18,"#=0.0"
"PronTokAlign",1156.18,1156.23,"O~=0.754"
"PronTokAlign",1156.23,1156.39,"v-A/"
"PronTokAlign",1156.39,1156.61,"d-i-R=0.663"
"PronTokAlign",1156.61,1156.88,"Z-a~-R=0.743"
"PronTokAlign",1156.88,1157.18,"d-u-z=0.826"
"PronTokAlign",1157.18,1157.68,"d-i-z-y-i-t"
"PronTokAlign",1157.68,1161.204101,"#=0.0"
"PronTokAlign",1161.204101,1161.51576,"w-E"
"PronTokAlign",1161.51576,1162.875,"#=0.0"
"PronTokAlign",1162.875,1163.085,"b-O~=0.344"
"PronTokAlign",1163.085,1163.315,"fp"
"PronTokAlign",1163.315,1163.755,"d-y-k-u"
"PronTokAlign",1163.755,1165.125,"U~/-n=0.6"
"PronTokAlign",1165.125,1165.19,"@-m"
"PronTokAlign",1165.19,1166.41,"#=0.0"
"PronTokAlign",1166.41,1166.5800000000002,"d-e=0.413"
"PronTokAlign",1166.5800000000002,1166.92,"b-i-j-e=0.783"
"PronTokAlign",1166.92,1167.23,"p-u-R"
"PronTokAlign",1167.23,1167.67,"fp"
"PronTokAlign",1167.67,1168.01,"d-u-z=0.666"
"PronTokAlign",1168.01,1168.37,"d-i-z-y-i=0.653"
"PronTokAlign",1168.37,1168.985,"#=0.0"
"PronTokAlign",1168.985,1169.67,"b-i-j-E-z=0.65"
"PronTokAlign",1169.67,1169.885,"#=0.0"
"PronTokAlign",1169.885,1170.055,"t-A/"
"PronTokAlign",1170.055,1170.435,"t-A/"
"PronTokAlign",1170.435,1171.045,"t-A/-R-i-f"
"PronTokAlign",1171.045,1171.545,"e-t-y-d-j-a~=0.622"
"PronTokAlign",1171.545,1174.63,"#=0.0"
"PronTokAlign",1174.63,1175.1,"fp"
"PronTokAlign",1175.1,1175.67,"t-A/-R-i-f"
"PronTokAlign",1175.67,1176.65,"fp"
"PronTokAlign",1176.65,1177.08,"#=0.0"
"PronTokAlign",1177.08,1177.6799999999998,"t-A/-R-i-f"
"PronTokAlign",1177.6799999999998,1177.98,"t-A/-R-i-f"
"PronTokAlign",1177.98,1178.32,"t-A/-R-i-f"
"PronTokAlign",1178.32,1178.56,"t-A/-R-i-f"
"PronTokAlign",1178.56,1178.9199999999998,"t-A/-R-i-f"
"PronTokAlign",1178.9199999999998,1179.3,"t-A/-R-i-f"
"PronTokAlign",1179.3,1179.885,"n-O/-R-m-A/-l"
"PronTokAlign",1179.885,1181.51,"#=0.0"
"PronTokAlign",1181.51,1182.0,"t-A/-R-i-f"
"PronTokAlign",1182.0,1182.45,"n-O/-R-m-A/-l"
"PronTokAlign",1182.45,1182.68,"E=0.566"
"PronTokAlign",1182.68,1182.95,"w-E"
"PronTokAlign",1182.95,1187.133883,"#=0.0"
"PronTokAlign",1187.133883,1187.479986,"laugh=0.0"
"PronTokAlign",1187.479986,1191.326252,"#=0.0"
"PronTokAlign",1191.326252,1191.688836,"laugh=0.0"
"PronTokAlign",1191.688836,1192.56,"#=0.0"
"PronTokAlign",1192.56,1192.77,"s-i=0.999"
"PronTokAlign",1192.77,1193.24,"#"
"PronTokAlign",1193.24,1193.31,"t"
"PronTokAlign",1193.31,1193.5,"A/-b-i-t=0.971"
"PronTokAlign",1193.5,1193.64,"s-y-R"
"PronTokAlign",1193.64,1193.6699999999998,"l=0.74"
"PronTokAlign",1193.6699999999998,1193.82,"k-u-R=0.953"
"PronTokAlign",1193.82,1194.11,"m-i-R-A/-b-O/"
"PronTokAlign",1194.11,1194.24,"s-e"
"PronTokAlign",1194.24,1194.4,"p-l-y=0.573"
"PronTokAlign",1194.4,1194.78,"s-U~/-k-a~-t=0.756"
"PronTokAlign",1194.78,1195.05,"p-u-R-s-a~=0.513"
"PronTokAlign",1195.05,1195.62916,"O/-s-i"
"PronTokAlign",1195.62916,1197.389116,"#=0.0"
"PronTokAlign",1197.389116,1198.032188,"laugh=0.0"
"PronTokAlign",1198.032188,1204.34,"#=0.0"
"PronTokAlign",1204.34,1204.56,"d-y=0.654"
"PronTokAlign",1204.56,1204.78,"k-u"
"PronTokAlign",1204.78,1204.9199999999998,"O~=0.558"
"PronTokAlign",1204.9199999999998,1205.06,"p-@=0.611"
"PronTokAlign",1205.06,1205.35,"t-R-u-v-e=0.663"
"PronTokAlign",1205.35,1205.51,"U~/=0.662"
"PronTokAlign",1205.51,1205.75,"t-R-y-k"
"PronTokAlign",1205.75,1205.91,"U~/=0.614"
"PronTokAlign",1205.91,1206.1999999999998,"p-R-i=0.683"
"PronTokAlign",1206.1999999999998,1206.29,"k-a~=0.884"
"PronTokAlign",1206.29,1206.555553,"m-E-m=0.664"
"PronTokAlign",1206.555553,1207.325534,"#=0.0"
"PronTokAlign",1207.325534,1207.365534,"s=0.691"
"PronTokAlign",1207.365534,1207.645534,"R-E-s-t=0.879"
"PronTokAlign",1207.645534,1207.7055340000002,"k-a~=0.797"
"PronTokAlign",1207.7055340000002,1207.925534,"m-E-m=0.717"
"PronTokAlign",1207.925534,1208.015534,"U~/=0.735"
"PronTokAlign",1208.015534,1208.765534,"f-E-s-t-i-v-A/-l"
"PronTokAlign",1208.765534,1209.495,"fp"
"PronTokAlign",1209.495,1214.61,"#=0.0"
"PronTokAlign",1214.61,1214.97,"w-E"
"PronTokAlign",1214.97,1215.5,"#=0.0"
"PronTokAlign",1215.5,1215.91,"p-u-R"
"PronTokAlign",1215.91,1216.22,"p-u-R"
"PronTokAlign",1216.22,1216.75,"p-u-R"
"PronTokAlign",1216.75,1216.88,"l-e=0.287"
"PronTokAlign",1216.88,1217.0,"d-2=0.842"
"PronTokAlign",1217.0,1217.35,"s-E-a~-s=0.427"
"PronTokAlign",1217.35,1217.67,"p-u-R"
"PronTokAlign",1217.67,1217.7,"l=0.424"
"PronTokAlign",1217.7,1218.31,"fp"
"PronTokAlign",1218.31,1218.845,"#=0.0"
"PronTokAlign",1218.845,1219.27,"p-u-R"
"PronTokAlign",1219.27,1219.45,"#=0.0"
"PronTokAlign",1219.45,1219.56,"p-u-R"
"PronTokAlign",1219.56,1219.8300000000002,"v-w-A/-l-A/=0.535"
"PronTokAlign",1219.8300000000002,1220.19,"k-w-A/"
"PronTokAlign",1220.19,1220.225,"noise"
"PronTokAlign",1220.225,1224.265,"#=0.0"
"PronTokAlign",1224.265,1224.345,"w-E"
"PronTokAlign",1224.345,1224.465,"b-U~/=0.509"
"PronTokAlign",1224.465,1224.6450000000002,"A/-p-R-E=0.376"
"PronTokAlign",1224.6450000000002,1224.845,"s-A/=0.953"
"PronTokAlign",1224.845,1224.9550000000002,"s=0.798"
"PronTokAlign",1224.9550000000002,1225.125,"O~=0.597"
"PronTokAlign",1225.125,1225.4550000000002,"v-e-R-A/=0.613"
"PronTokAlign",1225.4550000000002,1226.65639,"A/-p-R-E-z=0.9"
"PronTokAlign",1226.65639,1227.824278,"#=0.0"
"PronTokAlign",1227.824278,1228.640092,"laugh=0.0"
"PronTokAlign",1228.640092,1229.065,"#=0.0"
"PronTokAlign",1229.065,1229.265,"u-i=0.653"
"PronTokAlign",1229.265,1229.825,"b-U~/=0.983"
"PronTokAlign",1229.825,1229.93,"u-i=0.786"
"PronTokAlign",1229.93,1241.76,"#=0.0"
