"PhonAlign",0.0,23.629691,"#"
"PhonAlign",23.629691,24.099624,"noise"
"PhonAlign",24.099624,24.368157,"#"
"PhonAlign",24.368157,24.93879,"noise"
"PhonAlign",24.93879,33.126454,"#"
"PhonAlign",33.126454,33.647332,"noise"
"PhonAlign",33.647332,35.315,"#"
"PhonAlign",35.315,35.355,"O/"
"PhonAlign",35.355,35.385,"k"
"PhonAlign",35.385,35.496563,"E"
"PhonAlign",35.496563,40.525,"#"
"PhonAlign",40.525,40.575,"k"
"PhonAlign",40.575,40.605,"E"
"PhonAlign",40.605,40.635,"l"
"PhonAlign",40.635,40.795,"k"
"PhonAlign",40.795,41.125,"U~/"
"PhonAlign",41.125,41.195,"k"
"PhonAlign",41.195,41.235,"E"
"PhonAlign",41.235,41.265,"l"
"PhonAlign",41.265,41.515,"k"
"PhonAlign",41.515,41.545,"U~/"
"PhonAlign",41.545,41.575,"A/"
"PhonAlign",41.575,41.865,"U~/"
"PhonAlign",41.865,41.915,"A/"
"PhonAlign",41.915,41.955,"v"
"PhonAlign",41.955,42.065,"i"
"PhonAlign",42.065,42.145,"z"
"PhonAlign",42.145,53.45,"#"
"PhonAlign",53.45,53.510000000000005,"w"
"PhonAlign",53.510000000000005,53.690000000000005,"E"
"PhonAlign",53.690000000000005,53.81,"O/"
"PhonAlign",53.81,53.99,"k"
"PhonAlign",53.99,54.07,"e"
"PhonAlign",54.07,54.16,"n"
"PhonAlign",54.16,54.190000000000005,"O~"
"PhonAlign",54.190000000000005,54.24,"m"
"PhonAlign",54.24,54.330000000000005,"E"
"PhonAlign",54.330000000000005,54.36,"n"
"PhonAlign",54.36,54.400000000000006,"O~"
"PhonAlign",54.400000000000006,54.470000000000006,"S"
"PhonAlign",54.470000000000006,54.510000000000005,"s"
"PhonAlign",54.510000000000005,54.56,"y"
"PhonAlign",54.56,54.59,"i"
"PhonAlign",54.59,54.620000000000005,"d"
"PhonAlign",54.620000000000005,54.650000000000006,"A/"
"PhonAlign",54.650000000000006,54.68,"k"
"PhonAlign",54.68,54.71,"O/"
"PhonAlign",54.71,54.74,"R"
"PhonAlign",54.74,54.77,"A/"
"PhonAlign",54.77,54.8,"v"
"PhonAlign",54.8,54.85,"E"
"PhonAlign",54.85,54.900000000000006,"k"
"PhonAlign",54.900000000000006,54.970000000000006,"v"
"PhonAlign",54.970000000000006,55.088957,"u"
"PhonAlign",55.088957,57.451964,"#"
"PhonAlign",57.451964,57.998251,"noise"
"PhonAlign",57.998251,65.415,"#"
"PhonAlign",65.415,65.50500000000001,"n"
"PhonAlign",65.50500000000001,65.59500000000001,"O/"
"PhonAlign",65.59500000000001,65.655,"n"
"PhonAlign",65.655,65.905,"O~"
"PhonAlign",65.905,65.97500000000001,"n"
"PhonAlign",65.97500000000001,66.015,"O/"
"PhonAlign",66.015,72.505,"#"
"PhonAlign",72.505,72.545,"n"
"PhonAlign",72.545,72.66499999999999,"O/"
"PhonAlign",72.66499999999999,72.695,"m"
"PhonAlign",72.695,72.725,"w"
"PhonAlign",72.725,72.755,"A/"
"PhonAlign",72.755,72.795,"S"
"PhonAlign",72.795,72.82499999999999,"s"
"PhonAlign",72.82499999999999,72.85499999999999,"y"
"PhonAlign",72.85499999999999,72.88499999999999,"i"
"PhonAlign",72.88499999999999,72.91499999999999,"d"
"PhonAlign",72.91499999999999,72.945,"A/"
"PhonAlign",72.945,73.02499999999999,"k"
"PhonAlign",73.02499999999999,73.05499999999999,"O/"
"PhonAlign",73.05499999999999,73.085,"R"
"PhonAlign",73.085,73.115,"A/"
"PhonAlign",73.115,73.145,"v"
"PhonAlign",73.145,73.175,"E"
"PhonAlign",73.175,73.21499999999999,"k"
"PhonAlign",73.21499999999999,73.27499999999999,"v"
"PhonAlign",73.27499999999999,73.375,"u"
"PhonAlign",73.375,73.515,"#"
"PhonAlign",73.515,73.715,"Z"
"PhonAlign",73.715,73.815,"y"
"PhonAlign",73.815,73.955,"s"
"PhonAlign",73.955,74.265,"#"
"PhonAlign",74.265,74.325,"S"
"PhonAlign",74.325,74.405,"p"
"PhonAlign",74.405,74.525,"a~"
"PhonAlign",74.525,74.635,"s"
"PhonAlign",74.635,74.715,"e"
"PhonAlign",74.715,74.855,"k"
"PhonAlign",74.855,74.955,"@"
"PhonAlign",74.955,75.385,"#"
"PhonAlign",75.385,75.485,"k"
"PhonAlign",75.485,75.545,"O/"
"PhonAlign",75.545,75.575,"m"
"PhonAlign",75.575,75.655,"t"
"PhonAlign",75.655,75.72500000000001,"A/"
"PhonAlign",75.72500000000001,75.775,"d"
"PhonAlign",75.775,75.805,"i"
"PhonAlign",75.805,75.855,"t"
"PhonAlign",75.855,75.89500000000001,"O~"
"PhonAlign",75.89500000000001,75.935,"n"
"PhonAlign",75.935,75.965,"t"
"PhonAlign",75.965,75.995,"R"
"PhonAlign",75.995,76.03500000000001,"A/"
"PhonAlign",76.03500000000001,76.075,"v"
"PhonAlign",76.075,76.11500000000001,"A/"
"PhonAlign",76.11500000000001,76.14500000000001,"j"
"PhonAlign",76.14500000000001,76.205,"A/"
"PhonAlign",76.205,76.235,"v"
"PhonAlign",76.235,76.265,"E"
"PhonAlign",76.265,76.31500000000001,"k"
"PhonAlign",76.31500000000001,76.345,"l"
"PhonAlign",76.345,76.375,"E"
"PhonAlign",76.375,76.455,"Z"
"PhonAlign",76.455,76.525,"9"
"PhonAlign",76.525,76.655,"n"
"PhonAlign",76.655,76.71,"z"
"PhonAlign",76.71,77.05,"#"
"PhonAlign",77.05,77.09,"d"
"PhonAlign",77.09,77.11999999999999,"A/"
"PhonAlign",77.11999999999999,77.21,"k"
"PhonAlign",77.21,77.3,"O/"
"PhonAlign",77.3,77.34,"R"
"PhonAlign",77.34,77.92,"#"
"PhonAlign",77.92,77.98,"d"
"PhonAlign",77.98,78.05,"O~"
"PhonAlign",78.05,78.09,"k"
"PhonAlign",78.09,78.15,"d"
"PhonAlign",78.15,78.25,"a~"
"PhonAlign",78.25,78.34,"z"
"PhonAlign",78.34,78.4,"U~/"
"PhonAlign",78.4,78.48,"b"
"PhonAlign",78.48,78.55,"y"
"PhonAlign",78.55,78.65,"d"
"PhonAlign",78.65,78.71000000000001,"@"
"PhonAlign",78.71000000000001,78.81,"f"
"PhonAlign",78.81,78.86,"O/"
"PhonAlign",78.86,78.9,"R"
"PhonAlign",78.9,78.96000000000001,"m"
"PhonAlign",78.96000000000001,79.04,"A/"
"PhonAlign",79.04,79.15,"s"
"PhonAlign",79.15,79.18,"j"
"PhonAlign",79.18,79.345,"O~"
"PhonAlign",79.345,79.705,"#"
"PhonAlign",79.705,79.745,"f"
"PhonAlign",79.745,79.77499999999999,"O/"
"PhonAlign",79.77499999999999,79.865,"s"
"PhonAlign",79.865,79.91499999999999,"U~/"
"PhonAlign",79.91499999999999,79.945,"s"
"PhonAlign",79.945,80.045,"p"
"PhonAlign",80.045,80.085,"i"
"PhonAlign",80.085,80.115,"R"
"PhonAlign",80.115,80.255,"e"
"PhonAlign",80.255,80.285,"d"
"PhonAlign",80.285,80.325,"p"
"PhonAlign",80.325,80.355,"l"
"PhonAlign",80.355,80.395,"y"
"PhonAlign",80.395,80.425,"g"
"PhonAlign",80.425,80.465,"R"
"PhonAlign",80.465,80.59,"a~"
"PhonAlign",80.59,80.785,"#"
"PhonAlign",80.785,80.825,"t"
"PhonAlign",80.825,80.85499999999999,"v"
"PhonAlign",80.85499999999999,80.905,"w"
"PhonAlign",80.905,80.99,"A/"
"PhonAlign",80.99,81.095,"#"
"PhonAlign",81.095,81.16499999999999,"n"
"PhonAlign",81.16499999999999,81.225,"O/"
"PhonAlign",81.225,81.315,"Z"
"PhonAlign",81.315,81.395,"9"
"PhonAlign",81.395,81.445,"n"
"PhonAlign",81.445,81.49,"z"
"PhonAlign",81.49,81.815,"#"
"PhonAlign",81.815,81.855,"p"
"PhonAlign",81.855,81.91499999999999,"2"
"PhonAlign",81.91499999999999,81.995,"t"
"PhonAlign",81.995,82.045,"E"
"PhonAlign",82.045,82.105,"t"
"PhonAlign",82.105,82.155,"R"
"PhonAlign",82.155,82.195,"i"
"PhonAlign",82.195,82.285,"s"
"PhonAlign",82.285,82.315,"y"
"PhonAlign",82.315,82.355,"d"
"PhonAlign",82.355,82.405,"e"
"PhonAlign",82.405,82.445,"k"
"PhonAlign",82.445,82.475,"A/"
"PhonAlign",82.475,82.505,"R"
"PhonAlign",82.505,82.545,"A/"
"PhonAlign",82.545,82.575,"k"
"PhonAlign",82.575,82.605,"t"
"PhonAlign",82.605,82.63499999999999,"E"
"PhonAlign",82.63499999999999,82.66499999999999,"R"
"PhonAlign",82.66499999999999,82.695,"d"
"PhonAlign",82.695,82.725,"E"
"PhonAlign",82.725,82.80499999999999,"f"
"PhonAlign",82.80499999999999,82.865,"A/"
"PhonAlign",82.865,82.91499999999999,"v"
"PhonAlign",82.91499999999999,83.02499999999999,"O/"
"PhonAlign",83.02499999999999,83.05499999999999,"R"
"PhonAlign",83.05499999999999,83.095,"i"
"PhonAlign",83.095,83.16499999999999,"z"
"PhonAlign",83.16499999999999,83.235,"e"
"PhonAlign",83.235,83.315,"b"
"PhonAlign",83.315,83.425,"A/"
"PhonAlign",83.425,83.465,"m"
"PhonAlign",83.465,83.505,"b"
"PhonAlign",83.505,83.585,"A/"
"PhonAlign",83.585,83.63499999999999,"m"
"PhonAlign",83.63499999999999,83.715,"i"
"PhonAlign",83.715,83.825,"p"
"PhonAlign",83.825,83.855,"9"
"PhonAlign",83.855,83.88499999999999,"v"
"PhonAlign",83.88499999999999,83.965,"A/"
"PhonAlign",83.965,84.005,"v"
"PhonAlign",84.005,84.065,"w"
"PhonAlign",84.065,84.095,"A/"
"PhonAlign",84.095,84.195,"R"
"PhonAlign",84.195,84.27499999999999,"s"
"PhonAlign",84.27499999999999,84.41499999999999,"A/"
"PhonAlign",84.41499999999999,84.455,"i"
"PhonAlign",84.455,84.515,"p"
"PhonAlign",84.515,84.545,"9"
"PhonAlign",84.545,84.575,"v"
"PhonAlign",84.575,84.605,"A/"
"PhonAlign",84.605,84.63499999999999,"v"
"PhonAlign",84.63499999999999,84.66499999999999,"w"
"PhonAlign",84.66499999999999,84.695,"A/"
"PhonAlign",84.695,84.735,"R"
"PhonAlign",84.735,84.77499999999999,"y"
"PhonAlign",84.77499999999999,84.845,"n"
"PhonAlign",84.845,84.895,"E"
"PhonAlign",84.895,84.965,"v"
"PhonAlign",84.965,85.005,"O/"
"PhonAlign",85.005,85.035,"l"
"PhonAlign",85.035,85.085,"y"
"PhonAlign",85.085,85.225,"s"
"PhonAlign",85.225,85.255,"j"
"PhonAlign",85.255,85.465,"O~"
"PhonAlign",85.465,85.795,"#"
"PhonAlign",85.795,85.915,"U~/"
"PhonAlign",85.915,85.97500000000001,"p"
"PhonAlign",85.97500000000001,86.035,"R"
"PhonAlign",86.035,86.095,"U~/"
"PhonAlign",86.095,86.19500000000001,"s"
"PhonAlign",86.19500000000001,86.255,"i"
"PhonAlign",86.255,86.365,"p"
"PhonAlign",86.365,86.395,"k"
"PhonAlign",86.395,86.465,"O/"
"PhonAlign",86.465,86.515,"m"
"PhonAlign",86.515,86.595,"a~"
"PhonAlign",86.595,86.69500000000001,"s"
"PhonAlign",86.69500000000001,86.785,"A/"
"PhonAlign",86.785,86.855,"k"
"PhonAlign",86.855,86.935,"O/"
"PhonAlign",86.935,86.985,"m"
"PhonAlign",86.985,87.075,"a~"
"PhonAlign",87.075,87.175,"s"
"PhonAlign",87.175,87.255,"e"
"PhonAlign",87.255,87.33500000000001,"s"
"PhonAlign",87.33500000000001,87.405,"A/"
"PhonAlign",87.405,87.505,"k"
"PhonAlign",87.505,87.535,"O/"
"PhonAlign",87.535,87.565,"m"
"PhonAlign",87.565,87.605,"a~"
"PhonAlign",87.605,87.705,"s"
"PhonAlign",87.705,87.735,"e"
"PhonAlign",87.735,87.785,"d"
"PhonAlign",87.785,87.825,"@"
"PhonAlign",87.825,87.855,"y"
"PhonAlign",87.855,87.915,"n"
"PhonAlign",87.915,88.025,"t"
"PhonAlign",88.025,88.055,"u"
"PhonAlign",88.055,88.165,"t"
"PhonAlign",88.165,88.215,"@"
"PhonAlign",88.215,88.255,"p"
"PhonAlign",88.255,88.285,"t"
"PhonAlign",88.285,88.325,"i"
"PhonAlign",88.325,88.355,"t"
"PhonAlign",88.355,88.435,"S"
"PhonAlign",88.435,88.515,"O/"
"PhonAlign",88.515,88.595,"z"
"PhonAlign",88.595,88.655,"A/"
"PhonAlign",88.655,88.705,"m"
"PhonAlign",88.705,88.765,"A/"
"PhonAlign",88.765,88.845,"z"
"PhonAlign",88.845,88.885,"O/"
"PhonAlign",88.885,88.97500000000001,"n"
"PhonAlign",88.97500000000001,89.095,"y"
"PhonAlign",89.095,89.135,"n"
"PhonAlign",89.135,89.185,"@"
"PhonAlign",89.185,89.22500000000001,"v"
"PhonAlign",89.22500000000001,89.355,"a~"
"PhonAlign",89.355,89.425,"t"
"PhonAlign",89.425,89.485,"p"
"PhonAlign",89.485,89.535,"H"
"PhonAlign",89.535,89.595,"i"
"PhonAlign",89.595,89.665,"d"
"PhonAlign",89.665,89.745,"2"
"PhonAlign",89.745,89.845,"p"
"PhonAlign",89.845,89.885,"i"
"PhonAlign",89.885,89.975,"t"
"PhonAlign",89.975,90.015,"R"
"PhonAlign",90.015,90.045,"w"
"PhonAlign",90.045,90.075,"A/"
"PhonAlign",90.075,90.165,"p"
"PhonAlign",90.165,90.205,"i"
"PhonAlign",90.205,90.285,"k"
"PhonAlign",90.285,90.355,"A/"
"PhonAlign",90.355,90.485,"t"
"PhonAlign",90.485,90.865,"#"
"PhonAlign",90.865,90.925,"s"
"PhonAlign",90.925,91.005,"A/"
"PhonAlign",91.005,91.095,"f"
"PhonAlign",91.095,91.145,"e"
"PhonAlign",91.145,91.195,"y"
"PhonAlign",91.195,91.265,"n"
"PhonAlign",91.265,91.325,"E"
"PhonAlign",91.325,91.375,"v"
"PhonAlign",91.375,91.445,"O/"
"PhonAlign",91.445,91.475,"l"
"PhonAlign",91.475,91.525,"y"
"PhonAlign",91.525,91.635,"s"
"PhonAlign",91.635,91.665,"j"
"PhonAlign",91.665,91.775,"O~"
"PhonAlign",91.775,91.935,"k"
"PhonAlign",91.935,92.135,"p"
"PhonAlign",92.135,92.335,"2"
"PhonAlign",92.335,92.435,"t"
"PhonAlign",92.435,92.545,"d"
"PhonAlign",92.545,92.615,"O/"
"PhonAlign",92.615,92.725,"n"
"PhonAlign",92.725,92.775,"e"
"PhonAlign",92.775,92.915,"O/"
"PhonAlign",92.915,92.985,"p"
"PhonAlign",92.985,93.015,"E"
"PhonAlign",93.015,93.085,"R"
"PhonAlign",93.085,93.155,"s"
"PhonAlign",93.155,93.215,"O/"
"PhonAlign",93.215,93.325,"n"
"PhonAlign",93.325,93.545,"z"
"PhonAlign",93.545,93.695,"a~"
"PhonAlign",93.695,93.725,"v"
"PhonAlign",93.725,93.815,"i"
"PhonAlign",93.815,93.875,"d"
"PhonAlign",93.875,93.925,"@"
"PhonAlign",93.925,93.995,"f"
"PhonAlign",93.995,94.025,"E"
"PhonAlign",94.025,94.065,"R"
"PhonAlign",94.065,94.155,"p"
"PhonAlign",94.155,94.245,"A/"
"PhonAlign",94.245,94.285,"R"
"PhonAlign",94.285,94.435,"E"
"PhonAlign",94.435,94.465,"j"
"PhonAlign",94.465,94.755,"#"
"PhonAlign",94.755,94.855,"e"
"PhonAlign",94.855,94.915,"d"
"PhonAlign",94.915,94.985,"e"
"PhonAlign",94.985,95.035,"v"
"PhonAlign",95.035,95.115,"O/"
"PhonAlign",95.115,95.205,"l"
"PhonAlign",95.205,95.275,"y"
"PhonAlign",95.275,95.335,"e"
"PhonAlign",95.335,95.395,"g"
"PhonAlign",95.395,95.435,"R"
"PhonAlign",95.435,95.655,"O/"
"PhonAlign",95.655,95.695,"v"
"PhonAlign",95.695,95.725,"y"
"PhonAlign",95.725,95.775,"m"
"PhonAlign",95.775,95.875,"U~/"
"PhonAlign",95.875,95.915,"d"
"PhonAlign",95.915,95.985,"s"
"PhonAlign",95.985,96.065,"E"
"PhonAlign",96.065,96.175,"t"
"PhonAlign",96.175,96.225,"t"
"PhonAlign",96.225,96.305,"k"
"PhonAlign",96.305,96.335,"O/"
"PhonAlign",96.335,96.385,"n"
"PhonAlign",96.385,96.475,"E"
"PhonAlign",96.475,97.64,"#"
"PhonAlign",97.64,97.68,"s"
"PhonAlign",97.68,97.71,"e"
"PhonAlign",97.71,97.78,"t"
"PhonAlign",97.78,97.88,"u"
"PhonAlign",97.88,98.31,"#"
"PhonAlign",98.31,98.35,"t"
"PhonAlign",98.35,98.38,"u"
"PhonAlign",98.38,98.48,"s"
"PhonAlign",98.48,98.55,"U~/"
"PhonAlign",98.55,98.63,"p"
"PhonAlign",98.63,98.67,"l"
"PhonAlign",98.67,98.72,"2"
"PhonAlign",98.72,98.75,"m"
"PhonAlign",98.75,98.88,"a~"
"PhonAlign",98.88,98.92,"t"
"PhonAlign",98.92,104.245,"#"
"PhonAlign",104.245,104.355,"S"
"PhonAlign",104.355,104.405,"l"
"PhonAlign",104.405,104.465,"@"
"PhonAlign",104.465,104.525,"m"
"PhonAlign",104.525,104.595,"e"
"PhonAlign",104.595,104.655,"d"
"PhonAlign",104.655,104.725,"a~"
"PhonAlign",104.725,104.755,"l"
"PhonAlign",104.755,104.845,"A/"
"PhonAlign",104.845,104.945,"p"
"PhonAlign",104.945,105.095,"R"
"PhonAlign",105.095,105.135,"E"
"PhonAlign",105.135,105.175,"v"
"PhonAlign",105.175,105.275,"a~"
"PhonAlign",105.275,105.355,"s"
"PhonAlign",105.355,105.385,"j"
"PhonAlign",105.385,105.495,"O~"
"PhonAlign",105.495,105.535,"a~"
"PhonAlign",105.535,105.655,"t"
"PhonAlign",105.655,105.685,"i"
"PhonAlign",105.685,105.735,"p"
"PhonAlign",105.735,105.795,"R"
"PhonAlign",105.795,105.845,"e"
"PhonAlign",105.845,105.915,"k"
"PhonAlign",105.915,105.975,"A/"
"PhonAlign",105.975,106.005,"R"
"PhonAlign",106.005,106.085,"i"
"PhonAlign",106.085,106.155,"t"
"PhonAlign",106.155,106.265,"e"
"PhonAlign",106.265,112.87,"#"
"PhonAlign",112.87,112.92,"n"
"PhonAlign",112.92,113.04,"O/"
"PhonAlign",113.04,113.07,"m"
"PhonAlign",113.07,113.12,"w"
"PhonAlign",113.12,113.16,"A/"
"PhonAlign",113.16,113.24,"S"
"PhonAlign",113.24,113.27,"s"
"PhonAlign",113.27,113.3,"y"
"PhonAlign",113.3,113.35,"i"
"PhonAlign",113.35,113.41,"d"
"PhonAlign",113.41,113.47,"A/"
"PhonAlign",113.47,113.57,"k"
"PhonAlign",113.57,113.7,"O/"
"PhonAlign",113.7,113.81,"R"
"PhonAlign",113.81,113.91,"A/"
"PhonAlign",113.91,113.95,"v"
"PhonAlign",113.95,114.04,"E"
"PhonAlign",114.04,114.08,"k"
"PhonAlign",114.08,114.21,"v"
"PhonAlign",114.21,114.25,"u"
"PhonAlign",114.25,114.34,"k"
"PhonAlign",114.34,114.39,"@"
"PhonAlign",114.39,114.46,"p"
"PhonAlign",114.46,114.5,"u"
"PhonAlign",114.5,114.53,"R"
"PhonAlign",114.53,114.58,"f"
"PhonAlign",114.58,114.63,"E"
"PhonAlign",114.63,114.67,"R"
"PhonAlign",114.67,114.7,"d"
"PhonAlign",114.7,114.73,"l"
"PhonAlign",114.73,114.79,"A/"
"PhonAlign",114.79,114.84,"p"
"PhonAlign",114.84,114.89,"R"
"PhonAlign",114.89,114.95,"E"
"PhonAlign",114.95,114.99,"v"
"PhonAlign",114.99,115.09,"a~"
"PhonAlign",115.09,115.17,"s"
"PhonAlign",115.17,115.2,"j"
"PhonAlign",115.2,115.28,"O~"
"PhonAlign",115.28,115.38,"s"
"PhonAlign",115.38,115.46,"e"
"PhonAlign",115.46,115.945,"#"
"PhonAlign",115.945,116.025,"n"
"PhonAlign",116.025,116.175,"a~"
"PhonAlign",116.175,116.275,"A/"
"PhonAlign",116.275,116.355,"p"
"PhonAlign",116.355,116.405,"R"
"PhonAlign",116.405,116.525,"e"
"PhonAlign",116.525,116.575,"m"
"PhonAlign",116.575,116.605,"w"
"PhonAlign",116.605,116.635,"A/"
"PhonAlign",116.635,116.695,"S"
"PhonAlign",116.695,116.725,"s"
"PhonAlign",116.725,116.755,"y"
"PhonAlign",116.755,116.785,"i"
"PhonAlign",116.785,116.815,"d"
"PhonAlign",116.815,116.855,"A/"
"PhonAlign",116.855,116.945,"k"
"PhonAlign",116.945,117.005,"O/"
"PhonAlign",117.005,117.115,"R"
"PhonAlign",117.115,117.245,"p"
"PhonAlign",117.245,117.315,"u"
"PhonAlign",117.315,117.345,"R"
"PhonAlign",117.345,117.415,"v"
"PhonAlign",117.415,117.545,"u"
"PhonAlign",117.545,117.605,"z"
"PhonAlign",117.605,117.92,"#"
"PhonAlign",117.92,117.97,"k"
"PhonAlign",117.97,118.05,"p"
"PhonAlign",118.05,118.08,"u"
"PhonAlign",118.08,118.12,"R"
"PhonAlign",118.12,118.15,"f"
"PhonAlign",118.15,118.18,"E"
"PhonAlign",118.18,118.21,"R"
"PhonAlign",118.21,118.24,"t"
"PhonAlign",118.24,118.27,"l"
"PhonAlign",118.27,118.3,"A/"
"PhonAlign",118.3,118.33,"p"
"PhonAlign",118.33,118.36,"R"
"PhonAlign",118.36,118.39,"E"
"PhonAlign",118.39,118.42,"v"
"PhonAlign",118.42,118.51,"a~"
"PhonAlign",118.51,118.61,"s"
"PhonAlign",118.61,118.65,"j"
"PhonAlign",118.65,118.81,"O~"
"PhonAlign",118.81,119.21,"#"
"PhonAlign",119.21,119.24,"l"
"PhonAlign",119.24,119.36,"A/"
"PhonAlign",119.36,119.46,"s"
"PhonAlign",119.46,119.53,"p"
"PhonAlign",119.53,119.61,"e"
"PhonAlign",119.61,119.65,"k"
"PhonAlign",119.65,119.71,"Z"
"PhonAlign",119.71,119.76,"e"
"PhonAlign",119.76,119.8,"d"
"PhonAlign",119.8,119.87,"e"
"PhonAlign",119.87,119.9,"v"
"PhonAlign",119.9,119.93,"l"
"PhonAlign",119.93,120.02,"O/"
"PhonAlign",120.02,120.08,"p"
"PhonAlign",120.08,120.15,"e"
"PhonAlign",120.15,120.24,"s"
"PhonAlign",120.24,120.27,"e"
"PhonAlign",120.27,120.35,"p"
"PhonAlign",120.35,120.4,"2"
"PhonAlign",120.4,120.43,"t"
"PhonAlign",120.43,120.46,"E"
"PhonAlign",120.46,120.49,"t"
"PhonAlign",120.49,120.52,"R"
"PhonAlign",120.52,120.55,"p"
"PhonAlign",120.55,120.58,"A/"
"PhonAlign",120.58,120.61,"l"
"PhonAlign",120.61,120.64,"m"
"PhonAlign",120.64,120.71,"E"
"PhonAlign",120.71,120.76,"j"
"PhonAlign",120.76,120.79,"9"
"PhonAlign",120.79,120.825,"R"
"PhonAlign",120.825,121.48,"#"
"PhonAlign",121.48,121.54,"Z"
"PhonAlign",121.54,121.57,"s"
"PhonAlign",121.57,121.6,"y"
"PhonAlign",121.6,121.63,"i"
"PhonAlign",121.63,121.66,"d"
"PhonAlign",121.66,121.69,"A/"
"PhonAlign",121.69,121.72,"k"
"PhonAlign",121.72,121.75,"O/"
"PhonAlign",121.75,121.78,"R"
"PhonAlign",121.78,121.81,"A/"
"PhonAlign",121.81,121.84,"v"
"PhonAlign",121.84,121.87,"E"
"PhonAlign",121.87,121.9,"k"
"PhonAlign",121.9,121.93,"v"
"PhonAlign",121.93,121.985,"u"
"PhonAlign",121.985,122.415,"#"
"PhonAlign",122.415,122.515,"A/"
"PhonAlign",122.515,122.585,"p"
"PhonAlign",122.585,122.625,"R"
"PhonAlign",122.625,122.675,"e"
"PhonAlign",122.675,122.725,"j"
"PhonAlign",122.725,122.775,"A/"
"PhonAlign",122.775,122.845,"p"
"PhonAlign",122.845,122.875,"l"
"PhonAlign",122.875,122.945,"U~/"
"PhonAlign",122.945,123.005,"d"
"PhonAlign",123.005,123.035,"p"
"PhonAlign",123.035,123.075,"w"
"PhonAlign",123.075,123.115,"U~/"
"PhonAlign",123.115,123.155,"n"
"PhonAlign",123.155,123.215,"E"
"PhonAlign",123.215,123.285,"g"
"PhonAlign",123.285,123.335,"A/"
"PhonAlign",123.335,123.425,"t"
"PhonAlign",123.425,123.455,"i"
"PhonAlign",123.455,123.485,"f"
"PhonAlign",123.485,123.555,"d"
"PhonAlign",123.555,123.585,"@"
"PhonAlign",123.585,123.665,"A/"
"PhonAlign",123.665,123.755,"m"
"PhonAlign",123.755,123.845,"A/"
"PhonAlign",123.845,123.945,"z"
"PhonAlign",123.945,124.025,"O/"
"PhonAlign",124.025,124.125,"n"
"PhonAlign",124.125,124.59,"#"
"PhonAlign",124.59,124.65,"b"
"PhonAlign",124.65,124.805,"O/"
"PhonAlign",124.805,125.34,"#"
"PhonAlign",125.34,125.38,"p"
"PhonAlign",125.38,125.44,"R"
"PhonAlign",125.44,125.49,"E"
"PhonAlign",125.49,125.6,"f"
"PhonAlign",125.6,125.67,"E"
"PhonAlign",125.67,125.7,"R"
"PhonAlign",125.7,125.83,"E"
"PhonAlign",125.83,125.94,"f"
"PhonAlign",125.94,125.98,"E"
"PhonAlign",125.98,126.28,"R"
"PhonAlign",126.28,126.74,"U~/"
"PhonAlign",126.74,127.08,"n"
"PhonAlign",127.08,127.13,"p"
"PhonAlign",127.13,127.17,"2"
"PhonAlign",127.17,127.91,"#"
"PhonAlign",127.91,127.95,"t"
"PhonAlign",127.95,127.98,"s"
"PhonAlign",127.98,128.11,"a~"
"PhonAlign",128.11,128.17,"m"
"PhonAlign",128.17,128.25,"O/"
"PhonAlign",128.25,128.31,"d"
"PhonAlign",128.31,128.38,"m"
"PhonAlign",128.38,128.49,"U~/"
"PhonAlign",128.49,128.52,"d"
"PhonAlign",128.52,128.63,"s"
"PhonAlign",128.63,128.78,"E"
"PhonAlign",128.78,128.82,"t"
"PhonAlign",128.82,128.98,"#"
"PhonAlign",128.98,129.04,"f"
"PhonAlign",129.04,129.07999999999998,"O/"
"PhonAlign",129.07999999999998,129.11,"R"
"PhonAlign",129.11,129.18,"m"
"PhonAlign",129.18,129.23,"A/"
"PhonAlign",129.23,129.32,"s"
"PhonAlign",129.32,129.35,"j"
"PhonAlign",129.35,129.39,"O~"
"PhonAlign",129.39,129.43,"E"
"PhonAlign",129.43,129.51,"t"
"PhonAlign",129.51,129.54999999999998,"u"
"PhonAlign",129.54999999999998,129.57999999999998,"k"
"PhonAlign",129.57999999999998,129.63,"O/"
"PhonAlign",129.63,129.66,"m"
"PhonAlign",129.66,129.69,"Z"
"PhonAlign",129.69,129.72,"v"
"PhonAlign",129.72,129.75,"u"
"PhonAlign",129.75,129.79999999999998,"z"
"PhonAlign",129.79999999999998,129.89,"E"
"PhonAlign",129.89,129.94,"d"
"PhonAlign",129.94,130.09,"i"
"PhonAlign",130.09,130.68,"#"
"PhonAlign",130.68,130.75,"m"
"PhonAlign",130.75,130.81,"e"
"PhonAlign",130.81,130.86,"j"
"PhonAlign",130.86,130.945,"A/"
"PhonAlign",130.945,131.305,"#"
"PhonAlign",131.305,131.35500000000002,"k"
"PhonAlign",131.35500000000002,131.38500000000002,"l"
"PhonAlign",131.38500000000002,131.455,"E"
"PhonAlign",131.455,131.535,"R"
"PhonAlign",131.535,131.595,"m"
"PhonAlign",131.595,131.685,"a~"
"PhonAlign",131.685,131.715,"b"
"PhonAlign",131.715,131.745,"O/"
"PhonAlign",131.745,131.775,"k"
"PhonAlign",131.775,131.82500000000002,"u"
"PhonAlign",131.82500000000002,131.895,"t"
"PhonAlign",131.895,132.005,"p"
"PhonAlign",132.005,132.035,"w"
"PhonAlign",132.035,132.10500000000002,"U~/"
"PhonAlign",132.10500000000002,132.16500000000002,"p"
"PhonAlign",132.16500000000002,132.225,"O/"
"PhonAlign",132.225,132.255,"n"
"PhonAlign",132.255,132.35500000000002,"E"
"PhonAlign",132.35500000000002,132.54500000000002,"g"
"PhonAlign",132.54500000000002,132.585,"A/"
"PhonAlign",132.585,132.705,"t"
"PhonAlign",132.705,132.735,"i"
"PhonAlign",132.735,132.765,"f"
"PhonAlign",132.765,132.82500000000002,"d"
"PhonAlign",132.82500000000002,132.895,"A/"
"PhonAlign",132.895,132.965,"m"
"PhonAlign",132.965,133.04500000000002,"A/"
"PhonAlign",133.04500000000002,133.115,"z"
"PhonAlign",133.115,133.16500000000002,"O/"
"PhonAlign",133.16500000000002,133.215,"n"
"PhonAlign",133.215,133.32500000000002,"k"
"PhonAlign",133.32500000000002,133.375,"O~"
"PhonAlign",133.375,133.475,"p"
"PhonAlign",133.475,133.975,"2"
"PhonAlign",133.975,134.005,"t"
"PhonAlign",134.005,134.035,"#"
"PhonAlign",134.035,134.085,"k"
"PhonAlign",134.085,134.13500000000002,"O~"
"PhonAlign",134.13500000000002,134.225,"p"
"PhonAlign",134.225,134.265,"@"
"PhonAlign",134.265,134.335,"E"
"PhonAlign",134.335,134.365,"n"
"PhonAlign",134.365,134.455,"O~"
"PhonAlign",134.455,134.54500000000002,"s"
"PhonAlign",134.54500000000002,134.645,"e"
"PhonAlign",134.645,134.71,"R"
"PhonAlign",134.71,135.085,"#"
"PhonAlign",135.085,135.245,"m"
"PhonAlign",135.245,135.455,"e"
"PhonAlign",135.455,135.565,"p"
"PhonAlign",135.565,135.645,"A/"
"PhonAlign",135.645,135.715,"R"
"PhonAlign",135.715,135.775,"k"
"PhonAlign",135.775,135.925,"O~"
"PhonAlign",135.925,135.985,"t"
"PhonAlign",135.985,136.118828,"R"
"PhonAlign",136.118828,137.82,"#"
"PhonAlign",137.82,137.93,"A/"
"PhonAlign",137.93,138.01,"p"
"PhonAlign",138.01,138.04999999999998,"R"
"PhonAlign",138.04999999999998,138.1,"E"
"PhonAlign",138.1,138.18,"m"
"PhonAlign",138.18,138.22,"w"
"PhonAlign",138.22,138.25,"A/"
"PhonAlign",138.25,138.32999999999998,"S"
"PhonAlign",138.32999999999998,138.39,"p"
"PhonAlign",138.39,138.48,"a~"
"PhonAlign",138.48,138.51999999999998,"s"
"PhonAlign",138.51999999999998,138.57999999999998,"s"
"PhonAlign",138.57999999999998,138.61,"y"
"PhonAlign",138.61,138.65,"R"
"PhonAlign",138.65,138.75,"t"
"PhonAlign",138.75,138.85,"u"
"PhonAlign",138.85,138.9,"t"
"PhonAlign",138.9,138.97,"k"
"PhonAlign",138.97,139.32,"@"
"PhonAlign",139.32,139.41,"#"
"PhonAlign",139.41,139.5,"S"
"PhonAlign",139.5,139.54,"e"
"PhonAlign",139.54,139.57,"a~"
"PhonAlign",139.57,139.63,"t"
"PhonAlign",139.63,139.73,"a~"
"PhonAlign",139.73,139.86,"d"
"PhonAlign",139.86,139.92,"y"
"PhonAlign",139.92,140.0,"v"
"PhonAlign",140.0,140.04999999999998,"O/"
"PhonAlign",140.04999999999998,140.11,"z"
"PhonAlign",140.11,140.18,"A/"
"PhonAlign",140.18,140.22,"R"
"PhonAlign",140.22,140.29999999999998,"g"
"PhonAlign",140.29999999999998,140.36,"y"
"PhonAlign",140.36,140.41,"m"
"PhonAlign",140.41,140.59,"a~"
"PhonAlign",140.59,141.01,"#"
"PhonAlign",141.01,141.06,"e"
"PhonAlign",141.06,141.14,"k"
"PhonAlign",141.14,141.17,"j"
"PhonAlign",141.17,141.20999999999998,"A/"
"PhonAlign",141.20999999999998,141.25,"d"
"PhonAlign",141.25,141.31,"e"
"PhonAlign",141.31,141.38,"t"
"PhonAlign",141.38,141.44,"E"
"PhonAlign",141.44,141.48,"m"
"PhonAlign",141.48,141.54,"k"
"PhonAlign",141.54,141.57,"j"
"PhonAlign",141.57,141.63,"O~"
"PhonAlign",141.63,141.67999999999998,"E"
"PhonAlign",141.67999999999998,141.73999999999998,"t"
"PhonAlign",141.73999999999998,141.76999999999998,"e"
"PhonAlign",141.76999999999998,141.87,"s"
"PhonAlign",141.87,141.91,"u"
"PhonAlign",141.91,141.94,"l"
"PhonAlign",141.94,141.97,"2"
"PhonAlign",141.97,142.0,"v"
"PhonAlign",142.0,142.04999999999998,"e"
"PhonAlign",142.04999999999998,142.13,"k"
"PhonAlign",142.13,142.16,"@"
"PhonAlign",142.16,142.22,"Z"
"PhonAlign",142.22,142.25,"t"
"PhonAlign",142.25,142.29999999999998,"R"
"PhonAlign",142.29999999999998,142.32999999999998,"u"
"PhonAlign",142.32999999999998,142.39,"v"
"PhonAlign",142.39,142.48999999999998,"b"
"PhonAlign",142.48999999999998,142.51999999999998,"O/"
"PhonAlign",142.51999999999998,142.61,"k"
"PhonAlign",142.61,142.89,"u"
"PhonAlign",142.89,143.04,"p"
"PhonAlign",143.04,143.07999999999998,"l"
"PhonAlign",143.07999999999998,143.14999999999998,"y"
"PhonAlign",143.14999999999998,143.26,"b"
"PhonAlign",143.26,143.36,"O/"
"PhonAlign",143.36,143.42999999999998,"k"
"PhonAlign",143.42999999999998,143.48999999999998,"u"
"PhonAlign",143.48999999999998,143.57999999999998,"b"
"PhonAlign",143.57999999999998,143.61,"O/"
"PhonAlign",143.61,143.64,"k"
"PhonAlign",143.64,143.70999999999998,"u"
"PhonAlign",143.70999999999998,143.85,"b"
"PhonAlign",143.85,143.94,"O/"
"PhonAlign",143.94,144.01999999999998,"k"
"PhonAlign",144.01999999999998,144.04999999999998,"u"
"PhonAlign",144.04999999999998,144.14999999999998,"b"
"PhonAlign",144.14999999999998,144.20999999999998,"O/"
"PhonAlign",144.20999999999998,144.26999999999998,"k"
"PhonAlign",144.26999999999998,144.32,"u"
"PhonAlign",144.32,144.42999999999998,"p"
"PhonAlign",144.42999999999998,144.47,"l"
"PhonAlign",144.47,144.5,"y"
"PhonAlign",144.5,144.57,"z"
"PhonAlign",144.57,144.64,"U~/"
"PhonAlign",144.64,144.7,"t"
"PhonAlign",144.7,144.73999999999998,"E"
"PhonAlign",144.73999999999998,144.76999999999998,"R"
"PhonAlign",144.76999999999998,144.84,"E"
"PhonAlign",144.84,144.95,"s"
"PhonAlign",144.95,145.13,"a~"
"PhonAlign",145.13,145.455,"e"
"PhonAlign",145.455,146.17,"#"
"PhonAlign",146.17,146.45,"e"
"PhonAlign",146.45,146.57,"s"
"PhonAlign",146.57,146.64999999999998,"U~/"
"PhonAlign",146.64999999999998,146.73999999999998,"p"
"PhonAlign",146.73999999999998,146.86999999999998,"A/"
"PhonAlign",146.86999999999998,146.95,"A/"
"PhonAlign",146.95,147.01999999999998,"d"
"PhonAlign",147.01999999999998,147.07,"e"
"PhonAlign",147.07,147.14999999999998,"v"
"PhonAlign",147.14999999999998,147.17999999999998,"l"
"PhonAlign",147.17999999999998,147.26,"O/"
"PhonAlign",147.26,147.35,"p"
"PhonAlign",147.35,147.555,"e"
"PhonAlign",147.555,147.82,"#"
"PhonAlign",147.82,147.86,"s"
"PhonAlign",147.86,147.89,"y"
"PhonAlign",147.89,147.92,"R"
"PhonAlign",147.92,147.95999999999998,"t"
"PhonAlign",147.95999999999998,148.0,"u"
"PhonAlign",148.0,148.07,"p"
"PhonAlign",148.07,148.12,"u"
"PhonAlign",148.12,148.15,"R"
"PhonAlign",148.15,148.18,"l"
"PhonAlign",148.18,148.23999999999998,"E"
"PhonAlign",148.23999999999998,148.29,"Z"
"PhonAlign",148.29,148.37,"9"
"PhonAlign",148.37,148.45999999999998,"n"
"PhonAlign",148.45999999999998,148.51,"z"
"PhonAlign",148.51,148.875,"#"
"PhonAlign",148.875,148.935,"k"
"PhonAlign",148.935,148.995,"@"
"PhonAlign",148.995,149.115,"A/"
"PhonAlign",149.115,149.195,"m"
"PhonAlign",149.195,149.285,"A/"
"PhonAlign",149.285,149.385,"z"
"PhonAlign",149.385,149.415,"O/"
"PhonAlign",149.415,149.485,"n"
"PhonAlign",149.485,149.655,"s"
"PhonAlign",149.655,149.755,"9"
"PhonAlign",149.755,149.805,"l"
"PhonAlign",149.805,149.945,"t"
"PhonAlign",149.945,149.975,"v"
"PhonAlign",149.975,150.075,"w"
"PhonAlign",150.075,150.125,"A/"
"PhonAlign",150.125,150.185,"A/"
"PhonAlign",150.185,150.275,"m"
"PhonAlign",150.275,150.335,"A/"
"PhonAlign",150.335,150.395,"z"
"PhonAlign",150.395,150.425,"O/"
"PhonAlign",150.425,150.495,"n"
"PhonAlign",150.495,150.585,"s"
"PhonAlign",150.585,150.625,"9"
"PhonAlign",150.625,150.675,"l"
"PhonAlign",150.675,150.755,"S"
"PhonAlign",150.755,150.785,"t"
"PhonAlign",150.785,150.825,"R"
"PhonAlign",150.825,150.895,"u"
"PhonAlign",150.895,150.955,"v"
"PhonAlign",150.955,151.005,"k"
"PhonAlign",151.005,151.035,"@"
"PhonAlign",151.035,151.135,"s"
"PhonAlign",151.135,151.165,"e"
"PhonAlign",151.165,151.195,"v"
"PhonAlign",151.195,151.235,"R"
"PhonAlign",151.235,151.275,"E"
"PhonAlign",151.275,151.335,"m"
"PhonAlign",151.335,151.405,"a~"
"PhonAlign",151.405,151.465,"p"
"PhonAlign",151.465,151.535,"A/"
"PhonAlign",151.535,151.595,"f"
"PhonAlign",151.595,151.635,"O/"
"PhonAlign",151.635,151.665,"R"
"PhonAlign",151.665,151.755,"s"
"PhonAlign",151.755,151.785,"E"
"PhonAlign",151.785,151.815,"m"
"PhonAlign",151.815,151.845,"a~"
"PhonAlign",151.845,151.875,"l"
"PhonAlign",151.875,151.905,"m"
"PhonAlign",151.905,151.935,"E"
"PhonAlign",151.935,151.985,"m"
"PhonAlign",151.985,152.055,"t"
"PhonAlign",152.055,152.085,"R"
"PhonAlign",152.085,152.165,"y"
"PhonAlign",152.165,152.2,"k"
"PhonAlign",152.2,152.85,"#"
"PhonAlign",152.85,152.95,"A/"
"PhonAlign",152.95,153.0,"p"
"PhonAlign",153.0,153.06,"R"
"PhonAlign",153.06,153.11,"e"
"PhonAlign",153.11,153.23999999999998,"t"
"PhonAlign",153.23999999999998,153.35,"p"
"PhonAlign",153.35,153.38,"@"
"PhonAlign",153.38,153.41,"l"
"PhonAlign",153.41,153.48999999999998,"U~/"
"PhonAlign",153.48999999999998,153.54,"k"
"PhonAlign",153.54,153.57,"l"
"PhonAlign",153.57,153.6,"y"
"PhonAlign",153.6,153.65,"R"
"PhonAlign",153.65,153.68,"d"
"PhonAlign",153.68,153.75,"a~"
"PhonAlign",153.75,153.81,"z"
"PhonAlign",153.81,153.87,"U~/"
"PhonAlign",153.87,153.92,"d"
"PhonAlign",153.92,154.0,"t"
"PhonAlign",154.0,154.04999999999998,"E"
"PhonAlign",154.04999999999998,154.09,"m"
"PhonAlign",154.09,154.15,"k"
"PhonAlign",154.15,154.19,"O/"
"PhonAlign",154.19,154.22,"m"
"PhonAlign",154.22,154.34,"t"
"PhonAlign",154.34,154.4,"d"
"PhonAlign",154.4,154.51,"i"
"PhonAlign",154.51,154.63,"m"
"PhonAlign",154.63,154.79999999999998,"e"
"PhonAlign",154.79999999999998,154.95,"m"
"PhonAlign",154.95,155.03,"w"
"PhonAlign",155.03,155.07999999999998,"A/"
"PhonAlign",155.07999999999998,155.11,"S"
"PhonAlign",155.11,155.16,"t"
"PhonAlign",155.16,155.21,"R"
"PhonAlign",155.21,155.23999999999998,"u"
"PhonAlign",155.23999999999998,155.26999999999998,"v"
"PhonAlign",155.26999999999998,155.43,"k"
"PhonAlign",155.43,155.65,"i"
"PhonAlign",155.65,155.73,"A/"
"PhonAlign",155.73,155.79,"d"
"PhonAlign",155.79,155.82999999999998,"e"
"PhonAlign",155.82999999999998,155.93,"t"
"PhonAlign",155.93,155.98,"E"
"PhonAlign",155.98,156.01999999999998,"m"
"PhonAlign",156.01999999999998,156.13,"p"
"PhonAlign",156.13,156.16,"l"
"PhonAlign",156.16,156.2,"y"
"PhonAlign",156.2,156.29999999999998,"Z"
"PhonAlign",156.29999999999998,156.36,"e"
"PhonAlign",156.36,156.42,"n"
"PhonAlign",156.42,156.47,"e"
"PhonAlign",156.47,156.5,"R"
"PhonAlign",156.5,156.71,"O/"
"PhonAlign",156.71,157.1,"#"
"PhonAlign",157.1,157.14,"k"
"PhonAlign",157.14,157.17,"j"
"PhonAlign",157.17,157.23,"v"
"PhonAlign",157.23,157.37,"O~"
"PhonAlign",157.37,157.48,"f"
"PhonAlign",157.48,157.53,"O/"
"PhonAlign",157.53,157.6,"R"
"PhonAlign",157.6,157.67,"s"
"PhonAlign",157.67,157.7,"E"
"PhonAlign",157.7,157.75,"m"
"PhonAlign",157.75,157.81,"a~"
"PhonAlign",157.81,157.86,"A/"
"PhonAlign",157.86,157.96,"t"
"PhonAlign",157.96,157.98999999999998,"i"
"PhonAlign",157.98999999999998,158.01999999999998,"R"
"PhonAlign",158.01999999999998,158.07,"e"
"PhonAlign",158.07,158.2,"p"
"PhonAlign",158.2,158.23999999999998,"l"
"PhonAlign",158.23999999999998,158.26999999999998,"y"
"PhonAlign",158.26999999999998,158.36,"d"
"PhonAlign",158.36,158.44,"@"
"PhonAlign",158.44,158.51,"m"
"PhonAlign",158.51,158.68,"O~"
"PhonAlign",158.68,158.745,"d"
"PhonAlign",158.745,159.78,"#"
"PhonAlign",159.78,159.82,"n"
"PhonAlign",159.82,159.92,"a~"
"PhonAlign",159.92,159.97,"m"
"PhonAlign",159.97,160.01,"Z"
"PhonAlign",160.01,160.04,"s"
"PhonAlign",160.04,160.07,"y"
"PhonAlign",160.07,160.1,"i"
"PhonAlign",160.1,160.14,"d"
"PhonAlign",160.14,160.2,"A/"
"PhonAlign",160.2,160.26,"k"
"PhonAlign",160.26,160.31,"O/"
"PhonAlign",160.31,160.34,"R"
"PhonAlign",160.34,160.39,"A/"
"PhonAlign",160.39,160.42,"v"
"PhonAlign",160.42,160.47,"E"
"PhonAlign",160.47,160.52,"k"
"PhonAlign",160.52,160.57,"s"
"PhonAlign",160.57,160.64,"A/"
"PhonAlign",160.64,160.74,"s"
"PhonAlign",160.74,160.77,"e"
"PhonAlign",160.77,160.87,"s"
"PhonAlign",160.87,160.91,"y"
"PhonAlign",160.91,160.95,"R"
"PhonAlign",160.95,164.131717,"#"
"PhonAlign",164.131717,164.495549,"noise"
"PhonAlign",164.495549,171.893436,"#"
"PhonAlign",171.893436,172.586451,"noise"
"PhonAlign",172.586451,187.845,"#"
"PhonAlign",187.845,187.935,"m"
"PhonAlign",187.935,188.005,"w"
"PhonAlign",188.005,188.035,"A/"
"PhonAlign",188.035,188.085,"l"
"PhonAlign",188.085,188.125,"@"
"PhonAlign",188.125,188.265,"s"
"PhonAlign",188.265,188.305,"9"
"PhonAlign",188.305,188.335,"l"
"PhonAlign",188.335,188.435,"t"
"PhonAlign",188.435,188.475,"R"
"PhonAlign",188.475,188.515,"y"
"PhonAlign",188.515,188.595,"k"
"PhonAlign",188.595,188.655,"k"
"PhonAlign",188.655,188.705,"@"
"PhonAlign",188.705,188.795,"Z"
"PhonAlign",188.795,188.855,"v"
"PhonAlign",188.855,189.055,"w"
"PhonAlign",189.055,189.135,"A/"
"PhonAlign",189.135,189.355,"#"
"PhonAlign",189.355,189.505,"s"
"PhonAlign",189.505,189.545,"e"
"PhonAlign",189.545,189.615,"k"
"PhonAlign",189.615,189.665,"S"
"PhonAlign",189.665,189.695,"s"
"PhonAlign",189.695,189.725,"y"
"PhonAlign",189.725,189.755,"i"
"PhonAlign",189.755,189.805,"d"
"PhonAlign",189.805,189.855,"A/"
"PhonAlign",189.855,189.945,"k"
"PhonAlign",189.945,189.985,"O/"
"PhonAlign",189.985,190.015,"R"
"PhonAlign",190.015,190.075,"A/"
"PhonAlign",190.075,190.105,"v"
"PhonAlign",190.105,190.145,"E"
"PhonAlign",190.145,190.245,"k"
"PhonAlign",190.245,190.285,"*"
"PhonAlign",190.285,190.315,"*"
"PhonAlign",190.315,190.365,"*"
"PhonAlign",190.365,190.485,"*"
"PhonAlign",190.485,190.765,"s"
"PhonAlign",190.765,190.795,"y"
"PhonAlign",190.795,190.855,"R"
"PhonAlign",190.855,190.885,"l"
"PhonAlign",190.885,190.935,"@"
"PhonAlign",190.935,191.025,"p"
"PhonAlign",191.025,191.095,"w"
"PhonAlign",191.095,191.165,"U~/"
"PhonAlign",191.165,191.305,"u"
"PhonAlign",191.305,191.365,"l"
"PhonAlign",191.365,191.425,"e"
"PhonAlign",191.425,191.455,"R"
"PhonAlign",191.455,191.535,"e"
"PhonAlign",191.535,191.615,"z"
"PhonAlign",191.615,191.645,"O/"
"PhonAlign",191.645,191.755,"s"
"PhonAlign",191.755,191.805,"O/"
"PhonAlign",191.805,191.915,"s"
"PhonAlign",191.915,191.945,"j"
"PhonAlign",191.945,192.08,"O/"
"PhonAlign",192.08,192.425,"#"
"PhonAlign",192.425,192.465,"s"
"PhonAlign",192.465,192.495,"e"
"PhonAlign",192.495,192.565,"O/"
"PhonAlign",192.565,192.595,"m"
"PhonAlign",192.595,192.635,"n"
"PhonAlign",192.635,192.695,"i"
"PhonAlign",192.695,192.765,"p"
"PhonAlign",192.765,192.815,"R"
"PhonAlign",192.815,192.865,"E"
"PhonAlign",192.865,192.905,"z"
"PhonAlign",192.905,192.975,"a~"
"PhonAlign",192.975,193.075,"s"
"PhonAlign",193.075,193.105,"e"
"PhonAlign",193.105,193.155,"s"
"PhonAlign",193.155,193.185,"y"
"PhonAlign",193.185,193.245,"p"
"PhonAlign",193.245,193.275,"e"
"PhonAlign",193.275,193.355,"U~/"
"PhonAlign",193.355,193.385,"t"
"PhonAlign",193.385,193.415,"E"
"PhonAlign",193.415,193.445,"R"
"PhonAlign",193.445,193.475,"E"
"PhonAlign",193.475,193.545,"s"
"PhonAlign",193.545,193.595,"a~"
"PhonAlign",193.595,193.655,"E"
"PhonAlign",193.655,193.695,"t"
"PhonAlign",193.695,193.78500000000005,"u"
"PhonAlign",193.78500000000005,193.845,"t"
"PhonAlign",193.845,194.235,"#"
"PhonAlign",194.235,194.295,"m"
"PhonAlign",194.295,194.445,"A/"
"PhonAlign",194.445,194.505,"p"
"PhonAlign",194.505,194.555,"R"
"PhonAlign",194.555,194.645,"e"
"PhonAlign",194.645,194.715,"Z"
"PhonAlign",194.715,194.745,"v"
"PhonAlign",194.745,194.78500000000005,"E"
"PhonAlign",194.78500000000005,194.865,"p"
"PhonAlign",194.865,194.925,"A/"
"PhonAlign",194.925,194.985,"t"
"PhonAlign",194.985,195.03500000000005,"m"
"PhonAlign",195.03500000000005,195.09500000000003,"a~"
"PhonAlign",195.09500000000003,195.175,"t"
"PhonAlign",195.175,195.205,"i"
"PhonAlign",195.205,195.28500000000005,"R"
"PhonAlign",195.28500000000005,195.375,"l"
"PhonAlign",195.375,195.525,"s"
"PhonAlign",195.525,195.575,"9"
"PhonAlign",195.575,195.645,"l"
"PhonAlign",195.645,195.735,"d"
"PhonAlign",195.735,195.81500000000003,"e"
"PhonAlign",195.81500000000003,195.925,"f"
"PhonAlign",195.925,196.135,"O/"
"PhonAlign",196.135,196.225,"m"
"PhonAlign",196.225,196.305,"w"
"PhonAlign",196.305,196.355,"A/"
"PhonAlign",196.355,196.405,"l"
"PhonAlign",196.405,196.465,"@"
"PhonAlign",196.465,196.585,"s"
"PhonAlign",196.585,196.615,"9"
"PhonAlign",196.615,196.645,"l"
"PhonAlign",196.645,196.685,"t"
"PhonAlign",196.685,196.715,"R"
"PhonAlign",196.715,196.745,"y"
"PhonAlign",196.745,196.805,"k"
"PhonAlign",196.805,196.875,"k"
"PhonAlign",196.875,196.925,"Z"
"PhonAlign",196.925,196.955,"d"
"PhonAlign",196.955,196.985,"i"
"PhonAlign",196.985,197.015,"R"
"PhonAlign",197.015,197.165,"e"
"PhonAlign",197.165,197.265,"s"
"PhonAlign",197.265,197.31500000000003,"e"
"PhonAlign",197.31500000000003,197.425,"k"
"PhonAlign",197.425,197.585,"@"
"PhonAlign",197.585,198.085,"#"
"PhonAlign",198.085,198.145,"l"
"PhonAlign",198.145,198.245,"t"
"PhonAlign",198.245,198.28500000000005,"E"
"PhonAlign",198.28500000000005,198.335,"m"
"PhonAlign",198.335,198.375,"d"
"PhonAlign",198.375,198.465,"t"
"PhonAlign",198.465,198.53500000000005,"R"
"PhonAlign",198.53500000000005,198.605,"a~"
"PhonAlign",198.605,198.775,"z"
"PhonAlign",198.775,198.945,"i"
"PhonAlign",198.945,199.015,"s"
"PhonAlign",199.015,199.045,"j"
"PhonAlign",199.045,199.075,"O~"
"PhonAlign",199.075,199.105,"n"
"PhonAlign",199.105,199.155,"y"
"PhonAlign",199.155,199.205,"m"
"PhonAlign",199.205,199.275,"E"
"PhonAlign",199.275,199.305,"R"
"PhonAlign",199.305,199.365,"i"
"PhonAlign",199.365,199.405,"k"
"PhonAlign",199.405,200.025,"#"
"PhonAlign",200.025,200.115,"i"
"PhonAlign",200.115,200.165,"l"
"PhonAlign",200.165,200.235,"e"
"PhonAlign",200.235,200.355,"k"
"PhonAlign",200.355,200.415,"A/"
"PhonAlign",200.415,200.445,"R"
"PhonAlign",200.445,200.485,"E"
"PhonAlign",200.485,200.565,"m"
"PhonAlign",200.565,200.655,"a~"
"PhonAlign",200.655,200.795,"U~/"
"PhonAlign",200.795,200.845,"k"
"PhonAlign",200.845,200.905,"R"
"PhonAlign",200.905,200.945,"w"
"PhonAlign",200.945,200.975,"A/"
"PhonAlign",200.975,201.005,"j"
"PhonAlign",201.005,201.045,"A/"
"PhonAlign",201.045,201.085,"b"
"PhonAlign",201.085,201.115,"l"
"PhonAlign",201.115,201.145,"d"
"PhonAlign",201.145,201.175,"a~"
"PhonAlign",201.175,201.205,"l"
"PhonAlign",201.205,201.295,"s"
"PhonAlign",201.295,201.345,"a~"
"PhonAlign",201.345,201.445,"s"
"PhonAlign",201.445,201.475,"u"
"PhonAlign",201.475,201.505,"i"
"PhonAlign",201.505,201.575,"e"
"PhonAlign",201.575,201.665,"t"
"PhonAlign",201.665,201.725,"O/"
"PhonAlign",201.725,201.775,"t"
"PhonAlign",201.775,201.805,"A/"
"PhonAlign",201.805,201.835,"l"
"PhonAlign",201.835,201.895,"m"
"PhonAlign",201.895,201.965,"a~"
"PhonAlign",201.965,202.045,"Z"
"PhonAlign",202.045,202.075,"E"
"PhonAlign",202.075,202.135,"n"
"PhonAlign",202.135,202.205,"E"
"PhonAlign",202.205,202.245,"R"
"PhonAlign",202.245,202.375,"A/"
"PhonAlign",202.375,202.415,"l"
"PhonAlign",202.415,202.74,"#"
"PhonAlign",202.74,202.8,"O~"
"PhonAlign",202.8,202.87,"p"
"PhonAlign",202.87,202.92,"@"
"PhonAlign",202.92,203.0,"p"
"PhonAlign",203.0,203.03,"A/"
"PhonAlign",203.03,203.07,"R"
"PhonAlign",203.07,203.11,"l"
"PhonAlign",203.11,203.16,"e"
"PhonAlign",203.16,203.21,"t"
"PhonAlign",203.21,203.25,"t"
"PhonAlign",203.25,203.31,"u"
"PhonAlign",203.31,203.34,"O~"
"PhonAlign",203.34,203.38,"p"
"PhonAlign",203.38,203.41,"@"
"PhonAlign",203.41,203.48,"f"
"PhonAlign",203.48,203.51,"E"
"PhonAlign",203.51,203.54,"R"
"PhonAlign",203.54,203.57,"y"
"PhonAlign",203.57,203.61,"n"
"PhonAlign",203.61,203.64,"@"
"PhonAlign",203.64,203.69,"g"
"PhonAlign",203.69,203.76,"R"
"PhonAlign",203.76,203.83,"O/"
"PhonAlign",203.83,203.88,"s"
"PhonAlign",203.88,203.91,"p"
"PhonAlign",203.91,203.97,"R"
"PhonAlign",203.97,204.0,"E"
"PhonAlign",204.0,204.03,"v"
"PhonAlign",204.03,204.11,"a~"
"PhonAlign",204.11,204.17,"s"
"PhonAlign",204.17,204.2,"j"
"PhonAlign",204.2,204.23,"O~"
"PhonAlign",204.23,204.27,"O~"
"PhonAlign",204.27,204.31,"p"
"PhonAlign",204.31,204.34,"@"
"PhonAlign",204.34,204.42,"f"
"PhonAlign",204.42,204.45,"E"
"PhonAlign",204.45,204.5,"R"
"PhonAlign",204.5,204.56,"U~/"
"PhonAlign",204.56,204.62,"b"
"PhonAlign",204.62,204.69,"O/"
"PhonAlign",204.69,204.74,"t"
"PhonAlign",204.74,204.77,"R"
"PhonAlign",204.77,204.8,"y"
"PhonAlign",204.8,204.88,"k"
"PhonAlign",204.88,204.97,"U~/"
"PhonAlign",204.97,205.03,"b"
"PhonAlign",205.03,205.07,"O/"
"PhonAlign",205.07,205.13,"n"
"PhonAlign",205.13,205.18,"e"
"PhonAlign",205.18,205.21,"v"
"PhonAlign",205.21,205.26,"E"
"PhonAlign",205.26,205.3,"n"
"PhonAlign",205.3,205.34,"m"
"PhonAlign",205.34,205.45,"a~"
"PhonAlign",205.45,205.91,"#"
"PhonAlign",205.91,205.94,"d"
"PhonAlign",205.94,205.98,"O~"
"PhonAlign",205.98,206.03,"l"
"PhonAlign",206.03,206.1,"A/"
"PhonAlign",206.1,206.16,"t"
"PhonAlign",206.16,206.21,"R"
"PhonAlign",206.21,206.24,"a~"
"PhonAlign",206.24,206.27,"z"
"PhonAlign",206.27,206.3,"i"
"PhonAlign",206.3,206.38,"s"
"PhonAlign",206.38,206.41,"j"
"PhonAlign",206.41,206.44,"O~"
"PhonAlign",206.44,206.54,"n"
"PhonAlign",206.54,206.59,"y"
"PhonAlign",206.59,206.63,"m"
"PhonAlign",206.63,206.7,"E"
"PhonAlign",206.7,206.73,"R"
"PhonAlign",206.73,206.78,"i"
"PhonAlign",206.78,206.84,"k"
"PhonAlign",206.84,206.94,"s"
"PhonAlign",206.94,207.0,"e"
"PhonAlign",207.0,207.15,"U~/"
"PhonAlign",207.15,207.2,"k"
"PhonAlign",207.2,207.26,"R"
"PhonAlign",207.26,207.31,"w"
"PhonAlign",207.31,207.34,"A/"
"PhonAlign",207.34,207.38,"j"
"PhonAlign",207.38,207.42,"A/"
"PhonAlign",207.42,207.47,"b"
"PhonAlign",207.47,207.55,"l"
"PhonAlign",207.55,207.94,"#"
"PhonAlign",207.94,208.0,"l"
"PhonAlign",208.0,208.04,"@"
"PhonAlign",208.04,208.2,"s"
"PhonAlign",208.2,208.25,"9"
"PhonAlign",208.25,208.35,"l"
"PhonAlign",208.35,208.45,"d"
"PhonAlign",208.45,208.54,"e"
"PhonAlign",208.54,208.67,"f"
"PhonAlign",208.67,208.89,"O/"
"PhonAlign",208.89,209.08,"#"
"PhonAlign",209.08,209.12,"s"
"PhonAlign",209.12,209.17,"e"
"PhonAlign",209.17,209.28,"k"
"PhonAlign",209.28,209.32,"@"
"PhonAlign",209.32,209.39,"S"
"PhonAlign",209.39,209.47,"p"
"PhonAlign",209.47,209.6,"a~"
"PhonAlign",209.6,209.69000000000003,"s"
"PhonAlign",209.69000000000003,209.82,"k"
"PhonAlign",209.82,209.965,"@"
"PhonAlign",209.965,210.905,"#"
"PhonAlign",210.905,210.975,"l"
"PhonAlign",210.975,211.055,"E"
"PhonAlign",211.055,211.105,"R"
"PhonAlign",211.105,211.205,"e"
"PhonAlign",211.205,211.275,"z"
"PhonAlign",211.275,211.345,"O/"
"PhonAlign",211.345,211.465,"s"
"PhonAlign",211.465,211.535,"O/"
"PhonAlign",211.535,211.665,"s"
"PhonAlign",211.665,211.695,"j"
"PhonAlign",211.695,211.89,"O/"
"PhonAlign",211.89,212.205,"#"
"PhonAlign",212.205,212.255,"s"
"PhonAlign",212.255,212.335,"A/"
"PhonAlign",212.335,212.385,"v"
"PhonAlign",212.385,212.455,"A/"
"PhonAlign",212.455,212.505,"A/"
"PhonAlign",212.505,212.625,"t"
"PhonAlign",212.625,212.665,"i"
"PhonAlign",212.665,212.695,"R"
"PhonAlign",212.695,212.845,"e"
"PhonAlign",212.845,212.915,"Z"
"PhonAlign",212.915,212.945,"a~"
"PhonAlign",212.945,213.025,"R"
"PhonAlign",213.025,213.095,"l"
"PhonAlign",213.095,213.19,"@"
"PhonAlign",213.19,213.795,"#"
"PhonAlign",213.795,213.945,"Z"
"PhonAlign",213.945,213.995,"a~"
"PhonAlign",213.995,214.125,"R"
"PhonAlign",214.125,214.215,"a~"
"PhonAlign",214.215,214.305,"t"
"PhonAlign",214.305,214.355,"E"
"PhonAlign",214.355,214.415,"R"
"PhonAlign",214.415,214.465,"m"
"PhonAlign",214.465,214.575,"d"
"PhonAlign",214.575,214.655,"@"
"PhonAlign",214.655,214.745,"n"
"PhonAlign",214.745,214.855,"O~"
"PhonAlign",214.855,215.275,"#"
"PhonAlign",215.275,215.345,"a~"
"PhonAlign",215.345,215.435,"t"
"PhonAlign",215.435,215.475,"E"
"PhonAlign",215.475,215.525,"R"
"PhonAlign",215.525,215.575,"m"
"PhonAlign",215.575,215.625,"d"
"PhonAlign",215.625,215.675,"@"
"PhonAlign",215.675,215.765,"n"
"PhonAlign",215.765,215.815,"O~"
"PhonAlign",215.815,215.895,"a~"
"PhonAlign",215.895,215.975,"t"
"PhonAlign",215.975,216.015,"E"
"PhonAlign",216.015,216.045,"R"
"PhonAlign",216.045,216.115,"m"
"PhonAlign",216.115,216.145,"d"
"PhonAlign",216.145,216.175,"@"
"PhonAlign",216.175,216.255,"m"
"PhonAlign",216.255,216.325,"A/"
"PhonAlign",216.325,216.385,"R"
"PhonAlign",216.385,216.465,"k"
"PhonAlign",216.465,216.495,"2"
"PhonAlign",216.495,216.595,"t"
"PhonAlign",216.595,216.645,"i"
"PhonAlign",216.645,216.695,"g"
"PhonAlign",216.695,216.765,"a~"
"PhonAlign",216.765,216.815,"t"
"PhonAlign",216.815,216.845,"E"
"PhonAlign",216.845,216.895,"R"
"PhonAlign",216.895,216.925,"m"
"PhonAlign",216.925,216.975,"d"
"PhonAlign",216.975,217.015,"@"
"PhonAlign",217.015,217.105,"s"
"PhonAlign",217.105,217.155,"i"
"PhonAlign",217.155,217.235,"s"
"PhonAlign",217.235,217.315,"A/"
"PhonAlign",217.315,217.415,"s"
"PhonAlign",217.415,217.505,"A/"
"PhonAlign",217.505,217.885,"p"
"PhonAlign",217.885,217.955,"u"
"PhonAlign",217.955,217.995,"R"
"PhonAlign",217.995,218.035,"n"
"PhonAlign",218.035,218.135,"O/"
"PhonAlign",218.135,218.245,"Z"
"PhonAlign",218.245,218.315,"9"
"PhonAlign",218.315,218.4,"n"
"PhonAlign",218.4,218.695,"#"
"PhonAlign",218.695,218.735,"t"
"PhonAlign",218.735,218.775,"v"
"PhonAlign",218.775,218.845,"w"
"PhonAlign",218.845,218.875,"A/"
"PhonAlign",218.875,218.975,"s"
"PhonAlign",218.975,219.015,"A/"
"PhonAlign",219.015,219.055,"v"
"PhonAlign",219.055,219.105,"A/"
"PhonAlign",219.105,219.255,"p"
"PhonAlign",219.255,219.285,"2"
"PhonAlign",219.285,219.395,"t"
"PhonAlign",219.395,219.435,"E"
"PhonAlign",219.435,219.485,"t"
"PhonAlign",219.485,219.515,"R"
"PhonAlign",219.515,219.565,"p"
"PhonAlign",219.565,219.595,"l"
"PhonAlign",219.595,219.625,"y"
"PhonAlign",219.625,219.685,"s"
"PhonAlign",219.685,219.715,"l"
"PhonAlign",219.715,219.745,"e"
"PhonAlign",219.745,219.815,"z"
"PhonAlign",219.815,219.885,"A/"
"PhonAlign",219.885,219.975,"t"
"PhonAlign",219.975,220.015,"i"
"PhonAlign",220.015,220.045,"R"
"PhonAlign",220.045,220.115,"e"
"PhonAlign",220.115,220.165,"v"
"PhonAlign",220.165,220.215,"O~"
"PhonAlign",220.215,220.245,"p"
"PhonAlign",220.245,220.275,"2"
"PhonAlign",220.275,220.325,"t"
"PhonAlign",220.325,220.395,"E"
"PhonAlign",220.395,220.425,"t"
"PhonAlign",220.425,220.455,"R"
"PhonAlign",220.455,220.485,"p"
"PhonAlign",220.485,220.515,"l"
"PhonAlign",220.515,220.545,"y"
"PhonAlign",220.545,220.595,"s"
"PhonAlign",220.595,220.665,"A/"
"PhonAlign",220.665,220.695,"v"
"PhonAlign",220.695,220.745,"w"
"PhonAlign",220.745,220.775,"A/"
"PhonAlign",220.775,220.805,"R"
"PhonAlign",220.805,220.855,"a~"
"PhonAlign",220.855,220.885,"v"
"PhonAlign",220.885,220.915,"i"
"PhonAlign",220.915,220.985,"d"
"PhonAlign",220.985,221.015,"v"
"PhonAlign",221.015,221.055,"@"
"PhonAlign",221.055,221.085,"n"
"PhonAlign",221.085,221.135,"i"
"PhonAlign",221.135,221.205,"R"
"PhonAlign",221.205,221.235,"v"
"PhonAlign",221.235,221.265,"w"
"PhonAlign",221.265,221.295,"A/"
"PhonAlign",221.295,221.325,"R"
"PhonAlign",221.325,221.355,"l"
"PhonAlign",221.355,221.385,"E"
"PhonAlign",221.385,221.425,"k"
"PhonAlign",221.425,221.465,"s"
"PhonAlign",221.465,221.505,"p"
"PhonAlign",221.505,221.61,"O/"
"PhonAlign",221.61,223.575,"#"
"PhonAlign",223.575,223.725,"Z"
"PhonAlign",223.725,223.755,"y"
"PhonAlign",223.755,223.825,"s"
"PhonAlign",223.825,223.865,"t"
"PhonAlign",223.865,223.925,"2"
"PhonAlign",223.925,224.005,"m"
"PhonAlign",224.005,224.185,"a~"
"PhonAlign",224.185,224.325,"s"
"PhonAlign",224.325,224.415,"e"
"PhonAlign",224.415,224.475,"l"
"PhonAlign",224.475,224.565,"A/"
"PhonAlign",224.565,224.625,"u"
"PhonAlign",224.625,224.695,"Z"
"PhonAlign",224.695,224.775,"A/"
"PhonAlign",224.775,224.805,"l"
"PhonAlign",224.805,224.835,"E"
"PhonAlign",224.835,224.915,"A/"
"PhonAlign",224.915,224.945,"R"
"PhonAlign",224.945,225.035,"i"
"PhonAlign",225.035,225.065,"v"
"PhonAlign",225.065,225.185,"e"
"PhonAlign",225.185,225.245,"R"
"PhonAlign",225.245,225.675,"#"
"PhonAlign",225.675,225.765,"A/"
"PhonAlign",225.765,225.825,"t"
"PhonAlign",225.825,225.915,"a~"
"PhonAlign",225.915,226.005,"s"
"PhonAlign",226.005,226.035,"e"
"PhonAlign",226.035,226.065,"l"
"PhonAlign",226.065,226.095,"A/"
"PhonAlign",226.095,226.175,"u"
"PhonAlign",226.175,226.255,"Z"
"PhonAlign",226.255,226.285,"A/"
"PhonAlign",226.285,226.315,"l"
"PhonAlign",226.315,226.355,"E"
"PhonAlign",226.355,226.395,"v"
"PhonAlign",226.395,226.465,"n"
"PhonAlign",226.465,226.545,"i"
"PhonAlign",226.545,226.645,"R"
"PhonAlign",226.645,227.075,"#"
"PhonAlign",227.075,227.145,"Z"
"PhonAlign",227.145,227.175,"A/"
"PhonAlign",227.175,227.205,"l"
"PhonAlign",227.205,227.285,"E"
"PhonAlign",227.285,227.345,"d"
"PhonAlign",227.345,227.385,"i"
"PhonAlign",227.385,227.42,"R"
"PhonAlign",227.42,228.195,"#"
"PhonAlign",228.195,228.305,"v"
"PhonAlign",228.305,228.385,"@"
"PhonAlign",228.385,228.445,"n"
"PhonAlign",228.445,228.495,"e"
"PhonAlign",228.495,228.535,"O~"
"PhonAlign",228.535,228.595,"n"
"PhonAlign",228.595,228.715,"s"
"PhonAlign",228.715,228.775,"f"
"PhonAlign",228.775,228.905,"e"
"PhonAlign",228.905,229.045,"U~/"
"PhonAlign",229.045,229.095,"t"
"PhonAlign",229.095,229.145,"R"
"PhonAlign",229.145,229.205,"y"
"PhonAlign",229.205,229.285,"k"
"PhonAlign",229.285,229.955,"#"
"PhonAlign",229.955,229.995,"k"
"PhonAlign",229.995,230.06500000000003,"O~"
"PhonAlign",230.06500000000003,230.155,"s"
"PhonAlign",230.155,230.245,"A/"
"PhonAlign",230.245,230.305,"k"
"PhonAlign",230.305,230.345,"R"
"PhonAlign",230.345,230.395,"e"
"PhonAlign",230.395,230.53500000000005,"p"
"PhonAlign",230.53500000000005,230.575,"l"
"PhonAlign",230.575,230.625,"y"
"PhonAlign",230.625,230.905,"s"
"PhonAlign",230.905,231.025,"s"
"PhonAlign",231.025,231.055,"y"
"PhonAlign",231.055,231.085,"R"
"PhonAlign",231.085,231.115,"l"
"PhonAlign",231.115,231.165,"A/"
"PhonAlign",231.165,231.235,"t"
"PhonAlign",231.235,231.28500000000005,"R"
"PhonAlign",231.28500000000005,231.365,"a~"
"PhonAlign",231.365,231.425,"z"
"PhonAlign",231.425,231.455,"i"
"PhonAlign",231.455,231.545,"s"
"PhonAlign",231.545,231.575,"j"
"PhonAlign",231.575,231.645,"O~"
"PhonAlign",231.645,231.675,"n"
"PhonAlign",231.675,231.715,"y"
"PhonAlign",231.715,231.775,"m"
"PhonAlign",231.775,231.885,"E"
"PhonAlign",231.885,231.915,"R"
"PhonAlign",231.915,231.985,"i"
"PhonAlign",231.985,232.025,"k"
"PhonAlign",232.025,232.515,"#"
"PhonAlign",232.515,232.73,"e"
"PhonAlign",232.73,233.24,"#"
"PhonAlign",233.24,233.35,"O~"
"PhonAlign",233.35,233.41,"n"
"PhonAlign",233.41,233.5,"j"
"PhonAlign",233.5,233.58,"U~/"
"PhonAlign",233.58,233.63,"k"
"PhonAlign",233.63,233.71,"R"
"PhonAlign",233.71,233.74,"y"
"PhonAlign",233.74,233.79,"s"
"PhonAlign",233.79,233.82,"t"
"PhonAlign",233.82,233.86,"t"
"PhonAlign",233.86,233.93,"O/"
"PhonAlign",233.93,234.02,"t"
"PhonAlign",234.02,234.08,"A/"
"PhonAlign",234.08,234.11,"l"
"PhonAlign",234.11,234.14,"2"
"PhonAlign",234.14,234.2,"m"
"PhonAlign",234.2,234.35,"a~"
"PhonAlign",234.35,234.74,"t"
"PhonAlign",234.74,234.86,"O~"
"PhonAlign",234.86,234.93,"n"
"PhonAlign",234.93,235.0,"e"
"PhonAlign",235.0,235.09,"k"
"PhonAlign",235.09,235.12,"R"
"PhonAlign",235.12,235.21,"i"
"PhonAlign",235.21,235.26,"n"
"PhonAlign",235.26,235.29,"u"
"PhonAlign",235.29,235.33,"z"
"PhonAlign",235.33,235.43,"O~"
"PhonAlign",235.43,235.49,"O~"
"PhonAlign",235.49,235.59,"f"
"PhonAlign",235.59,235.67,"l"
"PhonAlign",235.67,235.74,"j"
"PhonAlign",235.74,235.79,"R"
"PhonAlign",235.79,235.83,"E"
"PhonAlign",235.83,235.87,"t"
"PhonAlign",235.87,235.94,"s"
"PhonAlign",235.94,235.97,"E"
"PhonAlign",235.97,236.0,"t"
"PhonAlign",236.0,236.04,"E"
"PhonAlign",236.04,236.08,"R"
"PhonAlign",236.08,236.17,"A/"
"PhonAlign",236.17,236.21,"d"
"PhonAlign",236.21,236.3,"a~"
"PhonAlign",236.3,236.33,"l"
"PhonAlign",236.33,236.57,"@"
"PhonAlign",236.57,236.6,"d"
"PhonAlign",236.6,236.7,"a~"
"PhonAlign",236.7,236.73,"l"
"PhonAlign",236.73,236.9,"@"
"PhonAlign",236.9,236.94,"d"
"PhonAlign",236.94,237.03,"a~"
"PhonAlign",237.03,237.06,"l"
"PhonAlign",237.06,237.09,"@"
"PhonAlign",237.09,237.2,"t"
"PhonAlign",237.2,237.28,"E"
"PhonAlign",237.28,237.33,"m"
"PhonAlign",237.33,237.39,"E"
"PhonAlign",237.39,237.48,"t"
"PhonAlign",237.48,237.574688,"u"
"PhonAlign",237.574688,239.62,"#"
"PhonAlign",239.62,239.7,"m"
"PhonAlign",239.7,239.82,"O~"
"PhonAlign",239.82,239.85,"n"
"PhonAlign",239.85,239.92,"A/"
"PhonAlign",239.92,239.96,"m"
"PhonAlign",239.96,240.01,"E"
"PhonAlign",240.01,240.06,"m"
"PhonAlign",240.06,240.12,"p"
"PhonAlign",240.12,240.15,"A/"
"PhonAlign",240.15,240.24,"y"
"PhonAlign",240.24,240.29,"n"
"PhonAlign",240.29,240.34,"Z"
"PhonAlign",240.34,240.43,"u"
"PhonAlign",240.43,240.46,"R"
"PhonAlign",240.46,240.5,"n"
"PhonAlign",240.5,240.53,"e"
"PhonAlign",240.53,240.64,"O~"
"PhonAlign",240.64,240.75,"A/"
"PhonAlign",240.75,240.83,"k"
"PhonAlign",240.83,240.88,"E"
"PhonAlign",240.88,240.92,"l"
"PhonAlign",240.92,241.01,"k"
"PhonAlign",241.01,241.22,"@"
"PhonAlign",241.22,241.3,"O~"
"PhonAlign",241.3,243.115,"#"
"PhonAlign",243.115,243.195,"O~"
"PhonAlign",243.195,243.245,"p"
"PhonAlign",243.245,243.295,"@"
"PhonAlign",243.295,243.355,"m"
"PhonAlign",243.355,243.385,"E"
"PhonAlign",243.385,243.415,"t"
"PhonAlign",243.415,243.445,"R"
"PhonAlign",243.445,243.495,"s"
"PhonAlign",243.495,243.555,"s"
"PhonAlign",243.555,243.585,"y"
"PhonAlign",243.585,243.615,"R"
"PhonAlign",243.615,243.645,"p"
"PhonAlign",243.645,243.675,"l"
"PhonAlign",243.675,243.705,"y"
"PhonAlign",243.705,243.735,"z"
"PhonAlign",243.735,243.765,"j"
"PhonAlign",243.765,243.795,"9"
"PhonAlign",243.795,243.835,"R"
"PhonAlign",243.835,245.265,"#"
"PhonAlign",245.265,245.385,"O/"
"PhonAlign",245.385,245.475,"k"
"PhonAlign",245.475,245.539688,"E"
"PhonAlign",245.539688,253.391757,"#"
"PhonAlign",253.391757,253.980819,"noise"
"PhonAlign",253.980819,274.2,"#"
"PhonAlign",274.2,274.24,"Z"
"PhonAlign",274.24,274.41,"i"
"PhonAlign",274.41,274.49,"A/"
"PhonAlign",274.49,274.53,"R"
"PhonAlign",274.53,274.56,"i"
"PhonAlign",274.56,274.59,"v"
"PhonAlign",274.59,274.7,"s"
"PhonAlign",274.7,274.73,"y"
"PhonAlign",274.73,274.77,"R"
"PhonAlign",274.77,274.85,"t"
"PhonAlign",274.85,274.94,"O~"
"PhonAlign",274.94,275.04,"k"
"PhonAlign",275.04,275.11,"A/"
"PhonAlign",275.11,275.14,"i"
"PhonAlign",275.14,275.17,"v"
"PhonAlign",275.17,275.23,"A/"
"PhonAlign",275.23,275.27,"l"
"PhonAlign",275.27,275.31,"H"
"PhonAlign",275.31,275.38,"d"
"PhonAlign",275.38,275.42,"i"
"PhonAlign",275.42,275.455,"R"
"PhonAlign",275.455,286.135,"#"
"PhonAlign",286.135,286.185,"A/"
"PhonAlign",286.185,286.255,"n"
"PhonAlign",286.255,286.325,"O/"
"PhonAlign",286.325,286.435,"Z"
"PhonAlign",286.435,286.495,"9"
"PhonAlign",286.495,286.545,"n"
"PhonAlign",286.545,286.615,"A/"
"PhonAlign",286.615,286.645,"l"
"PhonAlign",286.645,286.675,"9"
"PhonAlign",286.675,286.715,"R"
"PhonAlign",286.715,286.765,"A/"
"PhonAlign",286.765,286.805,"k"
"PhonAlign",286.805,286.905,"t"
"PhonAlign",286.905,286.935,"j"
"PhonAlign",286.935,286.975,"E"
"PhonAlign",286.975,287.005,"l"
"PhonAlign",287.005,287.105,"w"
"PhonAlign",287.105,287.15,"E"
"PhonAlign",287.15,306.595,"#"
"PhonAlign",306.595,306.64500000000004,"w"
"PhonAlign",306.64500000000004,306.715,"E"
"PhonAlign",306.715,306.845,"#"
"PhonAlign",306.845,306.94500000000005,"i"
"PhonAlign",306.94500000000005,307.01500000000004,"m"
"PhonAlign",307.01500000000004,307.105,"A/"
"PhonAlign",307.105,307.235,"Z"
"PhonAlign",307.235,307.27500000000003,"i"
"PhonAlign",307.27500000000003,307.305,"n"
"PhonAlign",307.305,307.345,"m"
"PhonAlign",307.345,307.425,"w"
"PhonAlign",307.425,307.46500000000003,"A/"
"PhonAlign",307.46500000000003,307.555,"k"
"PhonAlign",307.555,307.615,"a~"
"PhonAlign",307.615,307.665,"S"
"PhonAlign",307.665,307.70500000000004,"s"
"PhonAlign",307.70500000000004,307.735,"y"
"PhonAlign",307.735,307.76500000000004,"i"
"PhonAlign",307.76500000000004,307.83500000000004,"A/"
"PhonAlign",307.83500000000004,307.865,"R"
"PhonAlign",307.865,307.95500000000004,"i"
"PhonAlign",307.95500000000004,308.01500000000004,"v"
"PhonAlign",308.01500000000004,308.14,"e"
"PhonAlign",308.14,308.315,"#"
"PhonAlign",308.315,308.375,"k"
"PhonAlign",308.375,308.405,"a~"
"PhonAlign",308.405,308.465,"t"
"PhonAlign",308.465,308.545,"O~"
"PhonAlign",308.545,308.605,"m"
"PhonAlign",308.605,308.675,"A/"
"PhonAlign",308.675,308.755,"d"
"PhonAlign",308.755,308.785,"i"
"PhonAlign",308.785,308.825,"A/"
"PhonAlign",308.825,308.855,"l"
"PhonAlign",308.855,308.915,"O/"
"PhonAlign",308.915,308.975,"R"
"PhonAlign",308.975,309.095,"p"
"PhonAlign",309.095,309.185,"A/"
"PhonAlign",309.185,309.235,"d"
"PhonAlign",309.235,309.275,"y"
"PhonAlign",309.275,309.395,"t"
"PhonAlign",309.395,309.475,"u"
"PhonAlign",309.475,309.765,"#"
"PhonAlign",309.765,309.875,"i"
"PhonAlign",309.875,309.985,"l"
"PhonAlign",309.985,310.125,"j"
"PhonAlign",310.125,310.215,"A/"
"PhonAlign",310.215,310.265,"s"
"PhonAlign",310.265,310.345,"s"
"PhonAlign",310.345,310.405,"@"
"PhonAlign",310.405,310.475,"Z"
"PhonAlign",310.475,310.525,"@"
"PhonAlign",310.525,310.585,"n"
"PhonAlign",310.585,310.635,"@"
"PhonAlign",310.635,310.735,"k"
"PhonAlign",310.735,310.805,"O~"
"PhonAlign",310.805,310.855,"p"
"PhonAlign",310.855,310.935,"R"
"PhonAlign",310.935,311.025,"a~"
"PhonAlign",311.025,311.075,"p"
"PhonAlign",311.075,311.155,"A/"
"PhonAlign",311.155,311.275,"s"
"PhonAlign",311.275,311.315,"@"
"PhonAlign",311.315,311.505,"k"
"PhonAlign",311.505,311.615,"@"
"PhonAlign",311.615,311.645,"t"
"PhonAlign",311.645,311.685,"f"
"PhonAlign",311.685,311.715,"E"
"PhonAlign",311.715,311.755,"l"
"PhonAlign",311.755,311.817459,"A/"
"PhonAlign",311.817459,365.929355,"#"
"PhonAlign",365.929355,366.277679,"m"
"PhonAlign",366.277679,369.74,"#"
"PhonAlign",369.74,369.78,"l"
"PhonAlign",369.78,369.82,"E"
"PhonAlign",369.82,369.9,"z"
"PhonAlign",369.9,369.99,"O~"
"PhonAlign",369.99,370.09,"d"
"PhonAlign",370.09,370.845,"#"
"PhonAlign",370.845,370.8850000000001,"p"
"PhonAlign",370.8850000000001,370.935,"a~"
"PhonAlign",370.935,371.055,"s"
"PhonAlign",371.055,371.145,"e"
"PhonAlign",371.145,371.175,"l"
"PhonAlign",371.175,371.205,"e"
"PhonAlign",371.205,371.235,"Z"
"PhonAlign",371.235,371.285,"9"
"PhonAlign",371.285,371.359688,"n"
"PhonAlign",371.359688,382.491033,"#"
"PhonAlign",382.491033,383.41,"noise"
"PhonAlign",383.41,383.55,"w"
"PhonAlign",383.55,383.67,"E"
"PhonAlign",383.67,383.7000000000001,"j"
"PhonAlign",383.7000000000001,383.73,"A/"
"PhonAlign",383.73,383.7600000000001,"O/"
"PhonAlign",383.7600000000001,383.93,"s"
"PhonAlign",383.93,383.96,"i"
"PhonAlign",383.96,383.99,"l"
"PhonAlign",383.99,384.04,"d"
"PhonAlign",384.04,384.09,"e"
"PhonAlign",384.09,384.12,"v"
"PhonAlign",384.12,384.15,"l"
"PhonAlign",384.15,384.2000000000001,"O/"
"PhonAlign",384.2000000000001,384.24,"p"
"PhonAlign",384.24,384.27,"m"
"PhonAlign",384.27,384.34,"a~"
"PhonAlign",384.34,384.4,"d"
"PhonAlign",384.4,384.53,"s"
"PhonAlign",384.53,384.56,"i"
"PhonAlign",384.56,384.62,"b"
"PhonAlign",384.62,384.66,"E"
"PhonAlign",384.66,384.69,"R"
"PhonAlign",384.69,384.73,"A/"
"PhonAlign",384.73,384.8200000000001,"R"
"PhonAlign",384.8200000000001,384.88000000000005,"s"
"PhonAlign",384.88000000000005,384.92,"E"
"PhonAlign",384.92,384.9500000000001,"l"
"PhonAlign",384.9500000000001,384.98,"2"
"PhonAlign",384.98,385.0100000000001,"m"
"PhonAlign",385.0100000000001,385.09,"a~"
"PhonAlign",385.09,385.4,"#"
"PhonAlign",385.4,385.43,"l"
"PhonAlign",385.43,385.47,"E"
"PhonAlign",385.47,385.53,"t"
"PhonAlign",385.53,385.56,"E"
"PhonAlign",385.56,385.59,"l"
"PhonAlign",385.59,385.64,"E"
"PhonAlign",385.64,385.72,"f"
"PhonAlign",385.72,385.7600000000001,"O/"
"PhonAlign",385.7600000000001,385.8200000000001,"n"
"PhonAlign",385.8200000000001,385.9,"s"
"PhonAlign",385.9,386.0700000000001,"E"
"PhonAlign",386.0700000000001,386.11,"d"
"PhonAlign",386.11,386.16,"p"
"PhonAlign",386.16,386.23,"A/"
"PhonAlign",386.23,386.3,"m"
"PhonAlign",386.3,386.4,"A/"
"PhonAlign",386.4,386.43,"l"
"PhonAlign",386.43,386.47,"e"
"PhonAlign",386.47,386.54,"t"
"PhonAlign",386.54,386.58,"u"
"PhonAlign",386.58,386.64,"t"
"PhonAlign",386.64,395.64,"#"
"PhonAlign",395.64,395.68,"d"
"PhonAlign",395.68,395.72,"e"
"PhonAlign",395.72,395.81,"z"
"PhonAlign",395.81,395.84,"O/"
"PhonAlign",395.84,395.89,"l"
"PhonAlign",395.89,395.93,"e"
"PhonAlign",395.93,396.0,"m"
"PhonAlign",396.0,396.05,"E"
"PhonAlign",396.05,396.13,"p"
"PhonAlign",396.13,396.16,"E"
"PhonAlign",396.16,396.21,"R"
"PhonAlign",396.21,396.28,"s"
"PhonAlign",396.28,396.32,"O/"
"PhonAlign",396.32,396.35,"n"
"PhonAlign",396.35,396.38,"E"
"PhonAlign",396.38,396.41,"l"
"PhonAlign",396.41,396.48,"m"
"PhonAlign",396.48,396.63,"a~"
"PhonAlign",396.63,396.76,"A/"
"PhonAlign",396.76,396.86,"p"
"PhonAlign",396.86,396.91,"A/"
"PhonAlign",396.91,396.97,"R"
"PhonAlign",396.97,397.06,"f"
"PhonAlign",397.06,397.1,"E"
"PhonAlign",397.1,397.16,"i"
"PhonAlign",397.16,397.22,"s"
"PhonAlign",397.22,397.27,"b"
"PhonAlign",397.27,397.39,"u"
"PhonAlign",397.39,397.46,"k"
"PhonAlign",397.46,397.62,"#"
"PhonAlign",397.62,397.66,"t"
"PhonAlign",397.66,397.7,"u"
"PhonAlign",397.7,397.73,"l"
"PhonAlign",397.73,397.76,"E"
"PhonAlign",397.76,397.83,"z"
"PhonAlign",397.83,397.9,"O/"
"PhonAlign",397.9,397.94,"t"
"PhonAlign",397.94,398.01,"R"
"PhonAlign",398.01,398.04,"e"
"PhonAlign",398.04,398.1,"z"
"PhonAlign",398.1,398.13,"O/"
"PhonAlign",398.13,398.21,"s"
"PhonAlign",398.21,398.27,"O/"
"PhonAlign",398.27,398.34,"s"
"PhonAlign",398.34,398.37,"j"
"PhonAlign",398.37,398.4,"O/"
"PhonAlign",398.4,398.43,"Z"
"PhonAlign",398.43,398.46,"y"
"PhonAlign",398.46,398.52,"t"
"PhonAlign",398.52,398.55,"i"
"PhonAlign",398.55,398.58,"l"
"PhonAlign",398.58,398.62,"i"
"PhonAlign",398.62,398.68,"z"
"PhonAlign",398.68,398.75,"k"
"PhonAlign",398.75,398.82,"s"
"PhonAlign",398.82,398.85,"y"
"PhonAlign",398.85,398.88,"R"
"PhonAlign",398.88,398.91,"m"
"PhonAlign",398.91,398.97,"O~"
"PhonAlign",398.97,399.02,"t"
"PhonAlign",399.02,399.05,"e"
"PhonAlign",399.05,399.08,"l"
"PhonAlign",399.08,399.12,"e"
"PhonAlign",399.12,399.18,"f"
"PhonAlign",399.18,399.23,"O/"
"PhonAlign",399.23,399.29,"n"
"PhonAlign",399.29,399.39,"s"
"PhonAlign",399.39,399.42,"n"
"PhonAlign",399.42,399.52,"A/"
"PhonAlign",399.52,399.61,"p"
"PhonAlign",399.61,400.14,"#"
"PhonAlign",400.14,400.18,"p"
"PhonAlign",400.18,400.24,"A/"
"PhonAlign",400.24,400.35,"s"
"PhonAlign",400.35,400.38,"y"
"PhonAlign",400.38,400.41,"R"
"PhonAlign",400.41,400.44,"l"
"PhonAlign",400.44,400.95,"O/"
"PhonAlign",400.95,400.98,"R"
"PhonAlign",400.98,401.01,"d"
"PhonAlign",401.01,401.04,"i"
"PhonAlign",401.04,401.08,"n"
"PhonAlign",401.08,401.14,"A/"
"PhonAlign",401.14,401.23,"t"
"PhonAlign",401.23,401.34,"9"
"PhonAlign",401.34,401.41,"R"
"PhonAlign",401.41,409.16,"#"
"PhonAlign",409.16,409.27,"e"
"PhonAlign",409.27,409.33,"t"
"PhonAlign",409.33,409.38000000000005,"s"
"PhonAlign",409.38000000000005,409.41,"e"
"PhonAlign",409.41,409.48,"t"
"PhonAlign",409.48,409.53,"R"
"PhonAlign",409.53,409.5700000000001,"e"
"PhonAlign",409.5700000000001,409.62,"b"
"PhonAlign",409.62,409.65,"j"
"PhonAlign",409.65,409.69,"U~/"
"PhonAlign",409.69,409.75,"k"
"PhonAlign",409.75,409.79,"@"
"PhonAlign",409.79,409.86,"k"
"PhonAlign",409.86,409.94,"a~"
"PhonAlign",409.94,409.99,"t"
"PhonAlign",409.99,410.03,"e"
"PhonAlign",410.03,410.11,"Z"
"PhonAlign",410.11,410.17,"9"
"PhonAlign",410.17,410.23,"n"
"PhonAlign",410.23,410.2600000000001,"t"
"PhonAlign",410.2600000000001,410.3,"A/"
"PhonAlign",410.3,410.38000000000005,"t"
"PhonAlign",410.38000000000005,410.47,"O~"
"PhonAlign",410.47,410.5100000000001,"p"
"PhonAlign",410.5100000000001,410.5700000000001,"t"
"PhonAlign",410.5700000000001,410.6,"i"
"PhonAlign",410.6,410.64,"Z"
"PhonAlign",410.64,410.69,"A/"
"PhonAlign",410.69,410.75,"R"
"PhonAlign",410.75,410.8,"d"
"PhonAlign",410.8,410.85,"U~/"
"PhonAlign",410.85,410.9500000000001,"s"
"PhonAlign",410.9500000000001,410.99,"2"
"PhonAlign",410.99,411.04,"k"
"PhonAlign",411.04,411.08,"R"
"PhonAlign",411.08,411.15,"e"
"PhonAlign",411.15,411.21,"t"
"PhonAlign",411.21,411.27,"A/"
"PhonAlign",411.27,411.34,"p"
"PhonAlign",411.34,411.37,"A/"
"PhonAlign",411.37,411.42,"a~"
"PhonAlign",411.42,411.4500000000001,"v"
"PhonAlign",411.4500000000001,411.48,"i"
"PhonAlign",411.48,411.52,"d"
"PhonAlign",411.52,411.56,"m"
"PhonAlign",411.56,411.6,"E"
"PhonAlign",411.6,411.65,"t"
"PhonAlign",411.65,411.68,"R"
"PhonAlign",411.68,411.71,"t"
"PhonAlign",411.71,411.75,"E"
"PhonAlign",411.75,411.78,"R"
"PhonAlign",411.78,411.83,"E"
"PhonAlign",411.83,411.89,"z"
"PhonAlign",411.89,411.92,"O/"
"PhonAlign",411.92,412.0100000000001,"s"
"PhonAlign",412.0100000000001,412.06,"O/"
"PhonAlign",412.06,412.14,"s"
"PhonAlign",412.14,412.17,"j"
"PhonAlign",412.17,412.2000000000001,"O/"
"PhonAlign",412.2000000000001,412.27,"s"
"PhonAlign",412.27,412.3,"y"
"PhonAlign",412.3,412.33,"R"
"PhonAlign",412.33,412.36,"l"
"PhonAlign",412.36,412.41,"O/"
"PhonAlign",412.41,412.44,"R"
"PhonAlign",412.44,412.47,"d"
"PhonAlign",412.47,412.5,"i"
"PhonAlign",412.5,412.53,"n"
"PhonAlign",412.53,412.6,"A/"
"PhonAlign",412.6,412.66,"t"
"PhonAlign",412.66,412.69,"9"
"PhonAlign",412.69,412.73,"R"
"PhonAlign",412.73,412.78,"f"
"PhonAlign",412.78,412.86,"A/"
"PhonAlign",412.86,412.91,"m"
"PhonAlign",412.91,412.9500000000001,"i"
"PhonAlign",412.9500000000001,413.0100000000001,"l"
"PhonAlign",413.0100000000001,413.0700000000001,"A/"
"PhonAlign",413.0700000000001,413.1,"l"
"PhonAlign",413.1,413.18,"w"
"PhonAlign",413.18,413.34,"E"
"PhonAlign",413.34,416.951841,"#"
"PhonAlign",416.951841,418.580425,"noise"
"PhonAlign",418.580425,440.030224,"#"
"PhonAlign",440.030224,442.767631,"laugh"
"PhonAlign",442.767631,447.66,"#"
"PhonAlign",447.66,447.77,"A/"
"PhonAlign",447.77,447.84,"p"
"PhonAlign",447.84,447.87,"R"
"PhonAlign",447.87,447.94,"e"
"PhonAlign",447.94,447.97,"v"
"PhonAlign",447.97,448.0,"u"
"PhonAlign",448.0,448.03,"v"
"PhonAlign",448.03,448.0700000000001,"u"
"PhonAlign",448.0700000000001,448.12,"l"
"PhonAlign",448.12,448.18,"e"
"PhonAlign",448.18,448.23,"v"
"PhonAlign",448.23,448.29,"R"
"PhonAlign",448.29,448.34,"E"
"PhonAlign",448.34,448.41,"m"
"PhonAlign",448.41,448.47,"a~"
"PhonAlign",448.47,448.54,"m"
"PhonAlign",448.54,448.58,"E"
"PhonAlign",448.58,448.62,"t"
"PhonAlign",448.62,448.65,"R"
"PhonAlign",448.65,448.78,"t"
"PhonAlign",448.78,448.84,"u"
"PhonAlign",448.84,448.88000000000005,"s"
"PhonAlign",448.88000000000005,448.91,"s"
"PhonAlign",448.91,448.94,"y"
"PhonAlign",448.94,448.97,"R"
"PhonAlign",448.97,449.05,"p"
"PhonAlign",449.05,449.08,"l"
"PhonAlign",449.08,449.11,"y"
"PhonAlign",449.11,449.16,"z"
"PhonAlign",449.16,449.19,"j"
"PhonAlign",449.19,449.22,"9"
"PhonAlign",449.22,449.29,"R"
"PhonAlign",449.29,449.36,"Z"
"PhonAlign",449.36,449.42,"u"
"PhonAlign",449.42,449.48,"R"
"PhonAlign",449.48,450.075,"#"
"PhonAlign",450.075,450.115,"p"
"PhonAlign",450.115,450.155,"R"
"PhonAlign",450.155,450.255,"s"
"PhonAlign",450.255,450.305,"k"
"PhonAlign",450.305,450.375,"m"
"PhonAlign",450.375,450.435,"w"
"PhonAlign",450.435,450.475,"A/"
"PhonAlign",450.475,450.525,"S"
"PhonAlign",450.525,450.575,"p"
"PhonAlign",450.575,450.665,"a~"
"PhonAlign",450.665,450.735,"s"
"PhonAlign",450.735,450.785,"k"
"PhonAlign",450.785,450.865,"@"
"PhonAlign",450.865,450.975,"y"
"PhonAlign",450.975,451.015,"n"
"PhonAlign",451.015,451.105,"Z"
"PhonAlign",451.105,451.205,"u"
"PhonAlign",451.205,451.235,"R"
"PhonAlign",451.235,451.275,"n"
"PhonAlign",451.275,451.38,"e"
"PhonAlign",451.38,451.96,"#"
"PhonAlign",451.96,452.01,"m"
"PhonAlign",452.01,452.06,"w"
"PhonAlign",452.06,452.11,"A/"
"PhonAlign",452.11,452.17,"Z"
"PhonAlign",452.17,452.25,"p"
"PhonAlign",452.25,452.33,"a~"
"PhonAlign",452.33,452.4,"s"
"PhonAlign",452.4,452.46,"f"
"PhonAlign",452.46,452.5,"E"
"PhonAlign",452.5,452.56,"R"
"PhonAlign",452.56,452.64,"k"
"PhonAlign",452.64,452.7,"O/"
"PhonAlign",452.7,452.76,"m"
"PhonAlign",452.76,452.87,"U~/"
"PhonAlign",452.87,452.96,"k"
"PhonAlign",452.96,453.04,"O/"
"PhonAlign",453.04,453.09,"l"
"PhonAlign",453.09,453.16,"O/"
"PhonAlign",453.16,453.3,"k"
"PhonAlign",453.3,453.36,"@"
"PhonAlign",453.36,453.525,"#"
"PhonAlign",453.525,454.44,"fp"
"PhonAlign",454.44,456.964005,"#"
"PhonAlign",456.964005,457.423127,"noise"
"PhonAlign",457.423127,460.455,"#"
"PhonAlign",460.455,460.565,"Z"
"PhonAlign",460.565,460.605,"O/"
"PhonAlign",460.605,460.635,"R"
"PhonAlign",460.635,460.705,"E"
"PhonAlign",460.705,460.785,"p"
"PhonAlign",460.785,460.865,"A/"
"PhonAlign",460.865,460.935,"p"
"PhonAlign",460.935,461.015,"A/"
"PhonAlign",461.015,461.105,"s"
"PhonAlign",461.105,461.175,"e"
"PhonAlign",461.175,461.275,"y"
"PhonAlign",461.275,461.305,"n"
"PhonAlign",461.305,461.435,"s"
"PhonAlign",461.435,461.495,"@"
"PhonAlign",461.495,461.555,"m"
"PhonAlign",461.555,461.645,"E"
"PhonAlign",461.645,461.685,"n"
"PhonAlign",461.685,461.755,"f"
"PhonAlign",461.755,461.805,"R"
"PhonAlign",461.805,461.835,"E"
"PhonAlign",461.835,461.865,"R"
"PhonAlign",461.865,462.147187,"O/"
"PhonAlign",462.147187,463.305504,"#"
"PhonAlign",463.305504,463.738638,"noise"
"PhonAlign",463.738638,467.872075,"#"
"PhonAlign",467.872075,469.266767,"laugh"
"PhonAlign",469.266767,474.2,"#"
"PhonAlign",474.2,474.31,"n"
"PhonAlign",474.31,474.432188,"O/"
"PhonAlign",474.432188,480.305,"#"
"PhonAlign",480.305,480.385,"n"
"PhonAlign",480.385,480.415,"O/"
"PhonAlign",480.415,480.515,"n"
"PhonAlign",480.515,480.635,"O/"
"PhonAlign",480.635,480.675,"k"
"PhonAlign",480.675,480.725,"l"
"PhonAlign",480.725,480.765,"E"
"PhonAlign",480.765,480.825,"R"
"PhonAlign",480.825,480.865,"m"
"PhonAlign",480.865,480.925,"a~"
"PhonAlign",480.925,480.955,"n"
"PhonAlign",480.955,481.05,"O/"
"PhonAlign",481.05,481.445,"#"
"PhonAlign",481.445,481.505,"n"
"PhonAlign",481.505,481.585,"O/"
"PhonAlign",481.585,481.625,"n"
"PhonAlign",481.625,481.715,"O/"
"PhonAlign",481.715,481.755,"Z"
"PhonAlign",481.755,481.785,"s"
"PhonAlign",481.785,481.815,"y"
"PhonAlign",481.815,481.845,"i"
"PhonAlign",481.845,481.875,"d"
"PhonAlign",481.875,481.905,"A/"
"PhonAlign",481.905,481.975,"k"
"PhonAlign",481.975,482.005,"O/"
"PhonAlign",482.005,482.035,"R"
"PhonAlign",482.035,482.065,"A/"
"PhonAlign",482.065,482.095,"v"
"PhonAlign",482.095,482.125,"E"
"PhonAlign",482.125,482.155,"k"
"PhonAlign",482.155,482.215,"t"
"PhonAlign",482.215,482.285,"w"
"PhonAlign",482.285,482.355,"A/"
"PhonAlign",482.355,482.77,"#"
"PhonAlign",482.77,482.83,"n"
"PhonAlign",482.83,482.99,"a~"
"PhonAlign",482.99,483.07,"s"
"PhonAlign",483.07,483.12,"e"
"PhonAlign",483.12,483.23,"s"
"PhonAlign",483.23,483.26,"y"
"PhonAlign",483.26,483.35,"R"
"PhonAlign",483.35,483.4,"k"
"PhonAlign",483.4,483.65,"@"
"PhonAlign",483.65,484.02,"#"
"PhonAlign",484.02,484.05,"m"
"PhonAlign",484.05,484.11,"w"
"PhonAlign",484.11,484.15,"A/"
"PhonAlign",484.15,484.21,"S"
"PhonAlign",484.21,484.29,"p"
"PhonAlign",484.29,484.37,"a~"
"PhonAlign",484.37,484.44,"s"
"PhonAlign",484.44,484.48,"k"
"PhonAlign",484.48,484.53,"@"
"PhonAlign",484.53,484.67,"s"
"PhonAlign",484.67,484.8,"O~"
"PhonAlign",484.8,484.92,"f"
"PhonAlign",484.92,485.1,"e"
"PhonAlign",485.1,485.13,"#"
"PhonAlign",485.13,485.44,"U~/"
"PhonAlign",485.44,485.55,"E"
"PhonAlign",485.55,485.61,"v"
"PhonAlign",485.61,485.67,"E"
"PhonAlign",485.67,485.7,"n"
"PhonAlign",485.7,485.76,"2"
"PhonAlign",485.76,485.86,"m"
"PhonAlign",485.86,485.95,"a~"
"PhonAlign",485.95,486.04,"s"
"PhonAlign",486.04,486.07,"y"
"PhonAlign",486.07,486.1,"R"
"PhonAlign",486.1,486.19,"p"
"PhonAlign",486.19,486.22,"l"
"PhonAlign",486.22,486.26,"y"
"PhonAlign",486.26,486.3,"z"
"PhonAlign",486.3,486.33,"j"
"PhonAlign",486.33,486.36,"9"
"PhonAlign",486.36,486.43,"R"
"PhonAlign",486.43,486.5,"Z"
"PhonAlign",486.5,486.59,"u"
"PhonAlign",486.59,486.63,"R"
"PhonAlign",486.63,486.77,"e"
"PhonAlign",486.77,486.88,"k"
"PhonAlign",486.88,486.92,"@"
"PhonAlign",486.92,487.05,"S"
"PhonAlign",487.05,487.13,"A/"
"PhonAlign",487.13,487.16,"k"
"PhonAlign",487.16,487.19,"@"
"PhonAlign",487.19,487.22,"Z"
"PhonAlign",487.22,487.27,"u"
"PhonAlign",487.27,487.3,"R"
"PhonAlign",487.3,487.34,"O~"
"PhonAlign",487.34,487.43,"f"
"PhonAlign",487.43,487.47,"E"
"PhonAlign",487.47,487.56,"U~/"
"PhonAlign",487.56,487.64,"t"
"PhonAlign",487.64,487.73,"E"
"PhonAlign",487.73,487.8,"m"
"PhonAlign",487.8,488.06,"#"
"PhonAlign",488.06,488.11,"j"
"PhonAlign",488.11,488.15,"A/"
"PhonAlign",488.15,488.24,"f"
"PhonAlign",488.24,488.27,"O/"
"PhonAlign",488.27,488.32,"R"
"PhonAlign",488.32,488.39,"s"
"PhonAlign",488.39,488.42,"E"
"PhonAlign",488.42,488.48,"m"
"PhonAlign",488.48,488.57,"a~"
"PhonAlign",488.57,488.65,"d"
"PhonAlign",488.65,488.7,"e"
"PhonAlign",488.7,488.76,"p"
"PhonAlign",488.76,488.8,"E"
"PhonAlign",488.8,488.84,"R"
"PhonAlign",488.84,488.9,"s"
"PhonAlign",488.9,488.94,"O/"
"PhonAlign",488.94,489.0,"n"
"PhonAlign",489.0,489.1,"k"
"PhonAlign",489.1,489.13,"j"
"PhonAlign",489.13,489.16,"v"
"PhonAlign",489.16,489.28,"O~"
"PhonAlign",489.28,489.32,"R"
"PhonAlign",489.32,489.37,"A/"
"PhonAlign",489.37,489.45,"t"
"PhonAlign",489.45,489.49,"e"
"PhonAlign",489.49,489.53,"y"
"PhonAlign",489.53,489.56,"n"
"PhonAlign",489.56,489.62,"p"
"PhonAlign",489.62,489.65,"A/"
"PhonAlign",489.65,489.69,"R"
"PhonAlign",489.69,489.78,"t"
"PhonAlign",489.78,489.81,"i"
"PhonAlign",489.81,489.85,"d"
"PhonAlign",489.85,489.9,"e"
"PhonAlign",489.9,489.97,"t"
"PhonAlign",489.97,490.01,"E"
"PhonAlign",490.01,490.06,"m"
"PhonAlign",490.06,490.1,"k"
"PhonAlign",490.1,490.18,"O~"
"PhonAlign",490.18,490.27,"f"
"PhonAlign",490.27,490.365,"E"
"PhonAlign",490.365,491.717001,"#"
"PhonAlign",491.717001,492.332051,"noise"
"PhonAlign",492.332051,506.959351,"#"
"PhonAlign",506.959351,508.039819,"noise"
"PhonAlign",508.039819,526.675,"#"
"PhonAlign",526.675,526.7149999999999,"E"
"PhonAlign",526.7149999999999,526.745,"k"
"PhonAlign",526.745,526.805,"s"
"PhonAlign",526.805,526.8349999999999,"k"
"PhonAlign",526.8349999999999,526.875,"y"
"PhonAlign",526.875,526.905,"z"
"PhonAlign",526.905,526.935,"e"
"PhonAlign",526.935,526.9649999999999,"m"
"PhonAlign",526.9649999999999,526.995,"w"
"PhonAlign",526.995,527.075,"A/"
"PhonAlign",527.075,527.685,"#"
"PhonAlign",527.685,527.7249999999999,"v"
"PhonAlign",527.7249999999999,527.755,"u"
"PhonAlign",527.755,527.8249999999999,"z"
"PhonAlign",527.8249999999999,527.8549999999999,"A/"
"PhonAlign",527.8549999999999,527.885,"v"
"PhonAlign",527.885,527.9749999999999,"e"
"PhonAlign",527.9749999999999,528.055,"p"
"PhonAlign",528.055,528.135,"a~"
"PhonAlign",528.135,528.255,"s"
"PhonAlign",528.255,528.3149999999999,"e"
"PhonAlign",528.3149999999999,528.425,"O/"
"PhonAlign",528.425,528.4749999999999,"t"
"PhonAlign",528.4749999999999,528.545,"R"
"PhonAlign",528.545,528.625,"A/"
"PhonAlign",528.625,528.675,"v"
"PhonAlign",528.675,528.75,"O/"
"PhonAlign",528.75,529.1,"#"
"PhonAlign",529.1,529.14,"p"
"PhonAlign",529.14,529.1800000000001,"u"
"PhonAlign",529.1800000000001,529.21,"R"
"PhonAlign",529.21,529.24,"l"
"PhonAlign",529.24,529.2900000000001,"A/"
"PhonAlign",529.2900000000001,529.35,"p"
"PhonAlign",529.35,529.38,"O/"
"PhonAlign",529.38,529.41,"R"
"PhonAlign",529.41,529.445,"t"
"PhonAlign",529.445,529.83,"#"
"PhonAlign",529.83,529.87,"p"
"PhonAlign",529.87,529.9000000000001,"R"
"PhonAlign",529.9000000000001,529.9300000000001,"s"
"PhonAlign",529.9300000000001,529.96,"k"
"PhonAlign",529.96,529.99,"l"
"PhonAlign",529.99,530.0200000000001,"e"
"PhonAlign",530.0200000000001,530.0500000000001,"g"
"PhonAlign",530.0500000000001,530.12,"O/"
"PhonAlign",530.12,530.19,"d"
"PhonAlign",530.19,530.22,"*"
"PhonAlign",530.22,530.26,"*"
"PhonAlign",530.26,530.3100000000001,"*"
"PhonAlign",530.3100000000001,530.37,"*"
"PhonAlign",530.37,530.44,"A/"
"PhonAlign",530.44,530.47,"R"
"PhonAlign",530.47,530.5300000000001,"i"
"PhonAlign",530.5300000000001,530.5600000000001,"v"
"PhonAlign",530.5600000000001,530.61,"p"
"PhonAlign",530.61,530.64,"l"
"PhonAlign",530.64,530.6700000000001,"y"
"PhonAlign",530.6700000000001,530.7,"A/"
"PhonAlign",530.7,530.73,"R"
"PhonAlign",530.73,530.8000000000001,"a~"
"PhonAlign",530.8000000000001,530.83,"t"
"PhonAlign",530.83,530.86,"R"
"PhonAlign",530.86,530.89,"e"
"PhonAlign",530.89,530.9300000000001,"d"
"PhonAlign",530.9300000000001,530.99,"a~"
"PhonAlign",530.99,531.0200000000001,"l"
"PhonAlign",531.0200000000001,531.08,"A/"
"PhonAlign",531.08,531.1700000000001,"s"
"PhonAlign",531.1700000000001,531.22,"A/"
"PhonAlign",531.22,531.25,"l"
"PhonAlign",531.25,531.2900000000001,"S"
"PhonAlign",531.2900000000001,531.35,"k"
"PhonAlign",531.35,531.39,"O~"
"PhonAlign",531.39,531.44,"p"
"PhonAlign",531.44,531.48,"R"
"PhonAlign",531.48,531.5500000000001,"a~"
"PhonAlign",531.5500000000001,531.61,"p"
"PhonAlign",531.61,531.7700000000001,"A/"
"PhonAlign",531.7700000000001,531.8000000000001,"l"
"PhonAlign",531.8000000000001,531.85,"A/"
"PhonAlign",531.85,532.48,"#"
"PhonAlign",532.48,533.43,"fp"
"PhonAlign",533.43,534.04,"#"
"PhonAlign",534.04,534.1999999999999,"n"
"PhonAlign",534.1999999999999,534.3299999999999,"O/"
"PhonAlign",534.3299999999999,534.42,"s"
"PhonAlign",534.42,534.4699999999999,"e"
"PhonAlign",534.4699999999999,534.5,"R"
"PhonAlign",534.5,534.53,"j"
"PhonAlign",534.53,534.56,"2"
"PhonAlign",534.56,534.5899999999999,"z"
"PhonAlign",534.5899999999999,534.62,"m"
"PhonAlign",534.62,534.75,"a~"
"PhonAlign",534.75,539.29,"#"
"PhonAlign",539.29,539.3299999999999,"n"
"PhonAlign",539.3299999999999,539.53,"a~"
"PhonAlign",539.53,539.5699999999999,"m"
"PhonAlign",539.5699999999999,539.8399999999999,"e"
"PhonAlign",539.8399999999999,539.91,"z"
"PhonAlign",539.91,539.9599999999999,"S"
"PhonAlign",539.9599999999999,539.99,"l"
"PhonAlign",539.99,540.0799999999999,"A/"
"PhonAlign",540.0799999999999,540.2199999999999,"s"
"PhonAlign",540.2199999999999,540.26,"y"
"PhonAlign",540.26,540.29,"i"
"PhonAlign",540.29,540.3199999999999,"l"
"PhonAlign",540.3199999999999,540.39,"A/"
"PhonAlign",540.39,540.48,"k"
"PhonAlign",540.48,540.53,"t"
"PhonAlign",540.53,540.67,"y"
"PhonAlign",540.67,540.8399999999999,"O~"
"PhonAlign",540.8399999999999,540.87,"l"
"PhonAlign",540.87,540.9699999999999,"A/"
"PhonAlign",540.9699999999999,541.0699999999999,"s"
"PhonAlign",541.0699999999999,541.0999999999999,"y"
"PhonAlign",541.0999999999999,541.13,"i"
"PhonAlign",541.13,541.16,"l"
"PhonAlign",541.16,541.2199999999999,"A/"
"PhonAlign",541.2199999999999,541.3,"k"
"PhonAlign",541.3,541.3499999999999,"t"
"PhonAlign",541.3499999999999,541.52,"y"
"PhonAlign",541.52,541.6899999999999,"O~"
"PhonAlign",541.6899999999999,541.76,"n"
"PhonAlign",541.76,541.92,"j"
"PhonAlign",541.92,541.9599999999999,"E"
"PhonAlign",541.9599999999999,542.04,"s"
"PhonAlign",542.04,542.0699999999999,"y"
"PhonAlign",542.0699999999999,542.11,"R"
"PhonAlign",542.11,542.15,"l"
"PhonAlign",542.15,542.2199999999999,"@"
"PhonAlign",542.2199999999999,542.25,"R"
"PhonAlign",542.25,542.3399999999999,"E"
"PhonAlign",542.3399999999999,542.41,"z"
"PhonAlign",542.41,542.5,"O/"
"PhonAlign",542.5,542.54,"*"
"PhonAlign",542.54,542.5999999999999,"*"
"PhonAlign",542.5999999999999,542.65,"*"
"PhonAlign",542.65,542.8,"*"
"PhonAlign",542.8,542.9699999999999,"O~"
"PhonAlign",542.9699999999999,543.01,"l"
"PhonAlign",543.01,543.0699999999999,"e"
"PhonAlign",543.0699999999999,543.12,"v"
"PhonAlign",543.12,543.17,"w"
"PhonAlign",543.17,543.1999999999999,"A/"
"PhonAlign",543.1999999999999,543.23,"l"
"PhonAlign",543.23,543.29,"E"
"PhonAlign",543.29,543.3199999999999,"R"
"PhonAlign",543.3199999999999,543.39,"E"
"PhonAlign",543.39,543.4599999999999,"z"
"PhonAlign",543.4599999999999,543.565,"O/"
"PhonAlign",543.565,552.95,"#"
"PhonAlign",552.95,553.0500000000001,"l"
"PhonAlign",553.0500000000001,553.11,"e"
"PhonAlign",553.11,553.1400000000001,"v"
"PhonAlign",553.1400000000001,553.2,"i"
"PhonAlign",553.2,553.25,"d"
"PhonAlign",553.25,553.2800000000001,"E"
"PhonAlign",553.2800000000001,553.35,"O/"
"PhonAlign",553.35,553.4000000000001,"k"
"PhonAlign",553.4000000000001,553.5300000000001,"t"
"PhonAlign",553.5300000000001,553.59,"R"
"PhonAlign",553.59,553.62,"E"
"PhonAlign",553.62,553.6500000000001,"n"
"PhonAlign",553.6500000000001,553.71,"s"
"PhonAlign",553.71,553.74,"y"
"PhonAlign",553.74,553.7700000000001,"R"
"PhonAlign",553.7700000000001,553.8000000000001,"l"
"PhonAlign",553.8000000000001,553.85,"E"
"PhonAlign",553.85,553.88,"R"
"PhonAlign",553.88,553.95,"E"
"PhonAlign",553.95,554.0200000000001,"z"
"PhonAlign",554.0200000000001,554.09,"O/"
"PhonAlign",554.09,554.12,"E"
"PhonAlign",554.12,554.1500000000001,"l"
"PhonAlign",554.1500000000001,554.24,"s"
"PhonAlign",554.24,554.3100000000001,"O~"
"PhonAlign",554.3100000000001,554.34,"R"
"PhonAlign",554.34,554.3900000000001,"A/"
"PhonAlign",554.3900000000001,554.4300000000001,"R"
"PhonAlign",554.4300000000001,554.5,"m"
"PhonAlign",554.5,554.5500000000001,"a~"
"PhonAlign",554.5500000000001,554.62,"f"
"PhonAlign",554.62,554.6500000000001,"i"
"PhonAlign",554.6500000000001,554.6800000000001,"l"
"PhonAlign",554.6800000000001,554.71,"m"
"PhonAlign",554.71,554.7700000000001,"e"
"PhonAlign",554.7700000000001,554.8100000000001,"z"
"PhonAlign",554.8100000000001,554.94,"A/"
"PhonAlign",554.94,554.97,"v"
"PhonAlign",554.97,555.0200000000001,"E"
"PhonAlign",555.0200000000001,555.24,"k"
"PhonAlign",555.24,555.32,"U~/"
"PhonAlign",555.32,555.44,"n"
"PhonAlign",555.44,555.7900000000001,"k"
"PhonAlign",555.7900000000001,555.87,"A/"
"PhonAlign",555.87,555.9200000000001,"n"
"PhonAlign",555.9200000000001,555.95,"O~"
"PhonAlign",555.95,555.99,"d"
"PhonAlign",555.99,556.09,"E"
"PhonAlign",556.09,556.22,"f"
"PhonAlign",556.22,556.2700000000001,"u"
"PhonAlign",556.2700000000001,556.3000000000001,"l"
"PhonAlign",556.3000000000001,556.35,"m"
"PhonAlign",556.35,556.4000000000001,"E"
"PhonAlign",556.4000000000001,556.47,"d"
"PhonAlign",556.47,556.5,"j"
"PhonAlign",556.5,556.5300000000001,"A/"
"PhonAlign",556.5300000000001,556.57,"E"
"PhonAlign",556.57,556.61,"k"
"PhonAlign",556.61,556.6400000000001,"s"
"PhonAlign",556.6400000000001,556.69,"p"
"PhonAlign",556.69,556.74,"R"
"PhonAlign",556.74,556.8000000000001,"E"
"PhonAlign",556.8000000000001,556.88,"s"
"PhonAlign",556.88,556.9100000000001,"f"
"PhonAlign",556.9100000000001,556.98,"R"
"PhonAlign",556.98,557.01,"E"
"PhonAlign",557.01,557.05,"R"
"PhonAlign",557.05,566.715986,"#"
"PhonAlign",566.715986,567.015986,"m"
"PhonAlign",567.015986,567.430968,"m"
"PhonAlign",567.430968,581.53,"#"
"PhonAlign",581.53,581.5799999999999,"s"
"PhonAlign",581.5799999999999,581.63,"e"
"PhonAlign",581.63,581.66,"l"
"PhonAlign",581.66,581.8,"t"
"PhonAlign",581.8,581.8299999999999,"E"
"PhonAlign",581.8299999999999,581.86,"l"
"PhonAlign",581.86,581.91,"E"
"PhonAlign",581.91,582.01,"f"
"PhonAlign",582.01,582.24,"O/"
"PhonAlign",582.24,582.35,"n"
"PhonAlign",582.35,582.66,"@"
"PhonAlign",582.66,582.705,"noise"
"PhonAlign",582.705,602.09,"#"
"PhonAlign",602.09,602.19,"i"
"PhonAlign",602.19,602.23,"l"
"PhonAlign",602.23,602.26,"A/"
"PhonAlign",602.26,602.32,"A/"
"PhonAlign",602.32,602.37,"k"
"PhonAlign",602.37,602.45,"s"
"PhonAlign",602.45,602.5,"E"
"PhonAlign",602.5,602.5400000000001,"A/"
"PhonAlign",602.5400000000001,602.64,"t"
"PhonAlign",602.64,602.6700000000001,"u"
"PhonAlign",602.6700000000001,602.7,"l"
"PhonAlign",602.7,602.76,"E"
"PhonAlign",602.76,602.7900000000001,"R"
"PhonAlign",602.7900000000001,602.87,"E"
"PhonAlign",602.87,602.9200000000001,"z"
"PhonAlign",602.9200000000001,602.95,"O/"
"PhonAlign",602.95,603.0400000000001,"s"
"PhonAlign",603.0400000000001,603.07,"O/"
"PhonAlign",603.07,603.14,"s"
"PhonAlign",603.14,603.1700000000001,"j"
"PhonAlign",603.1700000000001,603.2,"O/"
"PhonAlign",603.2,603.25,"t"
"PhonAlign",603.25,603.3100000000001,"O~"
"PhonAlign",603.3100000000001,603.34,"p"
"PhonAlign",603.34,603.37,"t"
"PhonAlign",603.37,603.4,"i"
"PhonAlign",603.4,603.4300000000001,"f"
"PhonAlign",603.4300000000001,603.47,"R"
"PhonAlign",603.47,603.51,"E"
"PhonAlign",603.51,603.5400000000001,"R"
"PhonAlign",603.5400000000001,603.58,"d"
"PhonAlign",603.58,603.61,"@"
"PhonAlign",603.61,603.69,"s"
"PhonAlign",603.69,603.74,"E"
"PhonAlign",603.74,603.7900000000001,"t"
"PhonAlign",603.7900000000001,603.89,"a~"
"PhonAlign",603.89,603.99,"s"
"PhonAlign",603.99,604.02,"y"
"PhonAlign",604.02,604.0500000000001,"R"
"PhonAlign",604.0500000000001,604.1,"s"
"PhonAlign",604.1,604.1600000000001,"A/"
"PhonAlign",604.1600000000001,604.19,"n"
"PhonAlign",604.19,604.22,"i"
"PhonAlign",604.22,604.25,"n"
"PhonAlign",604.25,604.3000000000001,"t"
"PhonAlign",604.3000000000001,604.35,"a~"
"PhonAlign",604.35,604.4,"j"
"PhonAlign",604.4,604.4300000000001,"O/"
"PhonAlign",604.4300000000001,604.51,"d"
"PhonAlign",604.51,604.63,"E"
"PhonAlign",604.63,604.665,"s"
"PhonAlign",604.665,607.94,"#"
"PhonAlign",607.94,608.07,"A/"
"PhonAlign",608.07,608.1,"v"
"PhonAlign",608.1,608.1400000000001,"E"
"PhonAlign",608.1400000000001,608.19,"k"
"PhonAlign",608.19,608.25,"s"
"PhonAlign",608.25,608.35,"A/"
"PhonAlign",608.35,608.3900000000001,"n"
"PhonAlign",608.3900000000001,608.4200000000001,"i"
"PhonAlign",608.4200000000001,608.47,"n"
"PhonAlign",608.47,608.6700000000001,"t"
"PhonAlign",608.6700000000001,608.7,"a~"
"PhonAlign",608.7,608.7700000000001,"t"
"PhonAlign",608.7700000000001,608.8800000000001,"O/"
"PhonAlign",608.8800000000001,608.9100000000001,"d"
"PhonAlign",608.9100000000001,609.0500000000001,"E"
"PhonAlign",609.0500000000001,609.085,"s"
"PhonAlign",609.085,610.421363,"#"
"PhonAlign",610.421363,610.918947,"noise"
"PhonAlign",610.918947,612.0,"#"
"PhonAlign",612.0,612.13,"i"
"PhonAlign",612.13,612.16,"Z"
"PhonAlign",612.16,612.19,"u"
"PhonAlign",612.19,612.26,"s"
"PhonAlign",612.26,612.29,"y"
"PhonAlign",612.29,612.37,"R"
"PhonAlign",612.37,612.4,"k"
"PhonAlign",612.4,612.51,"w"
"PhonAlign",612.51,612.57,"A/"
"PhonAlign",612.57,612.66,"d"
"PhonAlign",612.66,612.78,"E"
"PhonAlign",612.78,612.88,"s"
"PhonAlign",612.88,612.94,"S"
"PhonAlign",612.94,613.06,"A/"
"PhonAlign",613.06,613.09,"m"
"PhonAlign",613.09,613.21,"e"
"PhonAlign",613.21,613.27,"z"
"PhonAlign",613.27,613.42,"A/"
"PhonAlign",613.42,613.45,"R"
"PhonAlign",613.45,613.55,"E"
"PhonAlign",613.55,613.69,"t"
"PhonAlign",613.69,613.73,"@"
"PhonAlign",613.73,613.95,"#"
"PhonAlign",613.95,614.05,"A/"
"PhonAlign",614.05,614.13,"R"
"PhonAlign",614.13,614.16,"E"
"PhonAlign",614.16,614.19,"t"
"PhonAlign",614.19,614.22,"d"
"PhonAlign",614.22,614.27,"n"
"PhonAlign",614.27,614.3,"u"
"PhonAlign",614.3,614.33,"p"
"PhonAlign",614.33,614.37,"R"
"PhonAlign",614.37,614.4,"a~"
"PhonAlign",614.4,614.45,"d"
"PhonAlign",614.45,614.48,"R"
"PhonAlign",614.48,614.51,"p"
"PhonAlign",614.51,614.55,"u"
"PhonAlign",614.55,614.58,"R"
"PhonAlign",614.58,614.62,"d"
"PhonAlign",614.62,614.67,"e"
"PhonAlign",614.67,614.76,"k"
"PhonAlign",614.76,614.88,"O~"
"PhonAlign",614.88,614.99,"*"
"PhonAlign",614.99,615.02,"*"
"PhonAlign",615.02,615.08,"*"
"PhonAlign",615.08,615.119063,"*"
"PhonAlign",615.119063,619.485,"#"
"PhonAlign",619.485,619.665,"n"
"PhonAlign",619.665,620.225,"O~"
"PhonAlign",620.225,620.265938,"n"
"PhonAlign",620.265938,622.18,"#"
"PhonAlign",622.18,622.2199999999999,"m"
"PhonAlign",622.2199999999999,622.28,"O~"
"PhonAlign",622.28,622.3399999999999,"f"
"PhonAlign",622.3399999999999,622.38,"R"
"PhonAlign",622.38,622.4499999999999,"E"
"PhonAlign",622.4499999999999,622.4799999999999,"R"
"PhonAlign",622.4799999999999,622.56,"i"
"PhonAlign",622.56,622.5999999999999,"l"
"PhonAlign",622.5999999999999,622.68,"A/"
"PhonAlign",622.68,622.76,"k"
"PhonAlign",622.76,622.81,"A/"
"PhonAlign",622.81,622.8399999999999,"R"
"PhonAlign",622.8399999999999,622.89,"E"
"PhonAlign",622.89,622.9599999999999,"m"
"PhonAlign",622.9599999999999,623.0,"a~"
"PhonAlign",623.0,623.0799999999999,"U~/"
"PhonAlign",623.0799999999999,623.16,"t"
"PhonAlign",623.16,623.1899999999999,"e"
"PhonAlign",623.1899999999999,623.2199999999999,"l"
"PhonAlign",623.2199999999999,623.27,"e"
"PhonAlign",623.27,623.3399999999999,"f"
"PhonAlign",623.3399999999999,623.39,"O/"
"PhonAlign",623.39,623.4399999999999,"n"
"PhonAlign",623.4399999999999,623.51,"f"
"PhonAlign",623.51,623.56,"R"
"PhonAlign",623.56,623.5899999999999,"E"
"PhonAlign",623.5899999999999,623.62,"R"
"PhonAlign",623.62,623.6899999999999,"O/"
"PhonAlign",623.6899999999999,623.8,"S"
"PhonAlign",623.8,623.8499999999999,"n"
"PhonAlign",623.8499999999999,623.92,"@"
"PhonAlign",623.92,623.9899999999999,"t"
"PhonAlign",623.9899999999999,624.02,"m"
"PhonAlign",624.02,624.0799999999999,"a~"
"PhonAlign",624.0799999999999,624.1099999999999,"p"
"PhonAlign",624.1099999999999,624.147188,"A/"
"PhonAlign",624.147188,629.149185,"#"
"PhonAlign",629.149185,629.874236,"noise"
"PhonAlign",629.874236,631.17,"#"
"PhonAlign",631.17,631.2099999999999,"A/"
"PhonAlign",631.2099999999999,631.26,"p"
"PhonAlign",631.26,631.29,"R"
"PhonAlign",631.29,631.3199999999999,"E"
"PhonAlign",631.3199999999999,631.4,"O~"
"PhonAlign",631.4,631.4399999999999,"n"
"PhonAlign",631.4399999999999,631.4699999999999,"e"
"PhonAlign",631.4699999999999,631.5,"O/"
"PhonAlign",631.5,631.5799999999999,"s"
"PhonAlign",631.5799999999999,631.61,"i"
"PhonAlign",631.61,631.68,"s"
"PhonAlign",631.68,631.7099999999999,"y"
"PhonAlign",631.7099999999999,631.74,"R"
"PhonAlign",631.74,631.79,"d"
"PhonAlign",631.79,631.86,"p"
"PhonAlign",631.86,631.91,"R"
"PhonAlign",631.91,631.9499999999999,"O/"
"PhonAlign",631.9499999999999,631.9799999999999,"b"
"PhonAlign",631.9799999999999,632.01,"l"
"PhonAlign",632.01,632.04,"E"
"PhonAlign",632.04,632.0699999999999,"m"
"PhonAlign",632.0699999999999,632.11,"d"
"PhonAlign",632.11,632.14,"e"
"PhonAlign",632.14,632.17,"d"
"PhonAlign",632.17,632.2099999999999,"y"
"PhonAlign",632.2099999999999,632.28,"k"
"PhonAlign",632.28,632.3299999999999,"A/"
"PhonAlign",632.3299999999999,632.42,"s"
"PhonAlign",632.42,632.4499999999999,"j"
"PhonAlign",632.4499999999999,632.53,"O~"
"PhonAlign",632.53,632.5999999999999,"m"
"PhonAlign",632.5999999999999,632.6999999999999,"s"
"PhonAlign",632.6999999999999,632.7299999999999,"A/"
"PhonAlign",632.7299999999999,632.8199999999999,"s"
"PhonAlign",632.8199999999999,632.8499999999999,"e"
"PhonAlign",632.8499999999999,632.88,"O/"
"PhonAlign",632.88,632.99,"t"
"PhonAlign",632.99,633.06,"R"
"PhonAlign",633.06,633.0899999999999,"S"
"PhonAlign",633.0899999999999,633.13,"O/"
"PhonAlign",633.13,633.185,"z"
"PhonAlign",633.185,636.665,"#"
"PhonAlign",636.665,636.8449999999999,"s"
"PhonAlign",636.8449999999999,636.885,"e"
"PhonAlign",636.885,636.925,"y"
"PhonAlign",636.925,636.9549999999999,"n"
"PhonAlign",636.9549999999999,636.985,"A/"
"PhonAlign",636.985,637.025,"d"
"PhonAlign",637.025,637.055,"i"
"PhonAlign",637.055,637.2249999999999,"k"
"PhonAlign",637.2249999999999,637.525,"t"
"PhonAlign",637.525,637.5749999999999,"j"
"PhonAlign",637.5749999999999,637.675,"O~"
"PhonAlign",637.675,637.755,"O~"
"PhonAlign",637.755,637.855,"O~"
"PhonAlign",637.855,637.915,"p"
"PhonAlign",637.915,637.9649999999999,"@"
"PhonAlign",637.9649999999999,637.995,"l"
"PhonAlign",637.995,638.035,"d"
"PhonAlign",638.035,638.0949999999999,"i"
"PhonAlign",638.0949999999999,638.15,"R"
"PhonAlign",638.15,638.37,"#"
"PhonAlign",638.37,638.45,"O~"
"PhonAlign",638.45,638.54,"p"
"PhonAlign",638.54,638.67,"@"
"PhonAlign",638.67,638.77,"O~"
"PhonAlign",638.77,638.84,"p"
"PhonAlign",638.84,638.89,"@"
"PhonAlign",638.89,638.92,"l"
"PhonAlign",638.92,638.98,"d"
"PhonAlign",638.98,639.01,"i"
"PhonAlign",639.01,639.045,"R"
"PhonAlign",639.045,649.875,"#"
"PhonAlign",649.875,649.915,"m"
"PhonAlign",649.915,650.045,"e"
"PhonAlign",650.045,650.135,"n"
"PhonAlign",650.135,650.445,"O/"
"PhonAlign",650.445,650.525,"n"
"PhonAlign",650.525,650.555,"O/"
"PhonAlign",650.555,650.635,"n"
"PhonAlign",650.635,650.695,"O~"
"PhonAlign",650.695,650.725,"n"
"PhonAlign",650.725,650.985,"a~"
"PhonAlign",650.985,651.035,"m"
"PhonAlign",651.035,651.095,"E"
"PhonAlign",651.095,651.135,"n"
"PhonAlign",651.135,651.295,"O/"
"PhonAlign",651.295,651.56,"fp"
"PhonAlign",651.56,652.375,"#"
"PhonAlign",652.375,652.455,"m"
"PhonAlign",652.455,652.525,"w"
"PhonAlign",652.525,652.575,"A/"
"PhonAlign",652.575,652.605,"l"
"PhonAlign",652.605,652.705,"@"
"PhonAlign",652.705,652.785,"n"
"PhonAlign",652.785,652.935,"O~"
"PhonAlign",652.935,653.015,"z"
"PhonAlign",653.015,653.055,"U~/"
"PhonAlign",653.055,653.135,"g"
"PhonAlign",653.135,653.225,"O~"
"PhonAlign",653.225,653.315,"p"
"PhonAlign",653.315,653.375,"@"
"PhonAlign",653.375,653.405,"t"
"PhonAlign",653.405,653.485,"f"
"PhonAlign",653.485,653.515,"E"
"PhonAlign",653.515,653.555,"R"
"PhonAlign",653.555,653.625,"y"
"PhonAlign",653.625,653.695,"n"
"PhonAlign",653.695,653.785,"A/"
"PhonAlign",653.785,653.855,"f"
"PhonAlign",653.855,653.885,"i"
"PhonAlign",653.885,653.985,"S"
"PhonAlign",653.985,654.025,"m"
"PhonAlign",654.025,654.075,"A/"
"PhonAlign",654.075,654.105,"R"
"PhonAlign",654.105,654.185,"k"
"PhonAlign",654.185,654.225,"2"
"PhonAlign",654.225,654.315,"t"
"PhonAlign",654.315,654.395,"i"
"PhonAlign",654.395,654.435,"g"
"PhonAlign",654.435,654.535,"k"
"PhonAlign",654.535,654.625,"p"
"PhonAlign",654.625,654.665,"@"
"PhonAlign",654.665,654.715,"E"
"PhonAlign",654.715,654.845,"t"
"PhonAlign",654.845,654.925,"U~/"
"PhonAlign",654.925,654.975,"k"
"PhonAlign",654.975,655.045,"R"
"PhonAlign",655.045,655.095,"w"
"PhonAlign",655.095,655.125,"A/"
"PhonAlign",655.125,655.185,"j"
"PhonAlign",655.185,655.245,"A/"
"PhonAlign",655.245,655.275,"b"
"PhonAlign",655.275,655.305,"l"
"PhonAlign",655.305,655.345,"f"
"PhonAlign",655.345,655.405,"R"
"PhonAlign",655.405,655.485,"E"
"PhonAlign",655.485,655.53,"R"
"PhonAlign",655.53,656.58,"#"
"PhonAlign",656.58,656.69,"A/"
"PhonAlign",656.69,656.74,"y"
"PhonAlign",656.74,656.8100000000001,"n"
"PhonAlign",656.8100000000001,656.9100000000001,"A/"
"PhonAlign",656.9100000000001,656.98,"f"
"PhonAlign",656.98,657.0200000000001,"E"
"PhonAlign",657.0200000000001,657.0600000000001,"R"
"PhonAlign",657.0600000000001,657.12,"m"
"PhonAlign",657.12,657.1600000000001,"A/"
"PhonAlign",657.1600000000001,657.23,"R"
"PhonAlign",657.23,657.2800000000001,"k"
"PhonAlign",657.2800000000001,657.3100000000001,"2"
"PhonAlign",657.3100000000001,657.4000000000001,"t"
"PhonAlign",657.4000000000001,657.46,"i"
"PhonAlign",657.46,657.5300000000001,"g"
"PhonAlign",657.5300000000001,657.57,"t"
"PhonAlign",657.57,657.62,"p"
"PhonAlign",657.62,657.6700000000001,"@"
"PhonAlign",657.6700000000001,657.71,"f"
"PhonAlign",657.71,657.74,"E"
"PhonAlign",657.74,657.7700000000001,"R"
"PhonAlign",657.7700000000001,657.83,"U~/"
"PhonAlign",657.83,657.86,"t"
"PhonAlign",657.86,657.89,"R"
"PhonAlign",657.89,657.9200000000001,"y"
"PhonAlign",657.9200000000001,657.95,"k"
"PhonAlign",657.95,658.0200000000001,"U~/"
"PhonAlign",658.0200000000001,658.07,"k"
"PhonAlign",658.07,658.13,"R"
"PhonAlign",658.13,658.1700000000001,"w"
"PhonAlign",658.1700000000001,658.2,"A/"
"PhonAlign",658.2,658.26,"j"
"PhonAlign",658.26,658.3000000000001,"A/"
"PhonAlign",658.3000000000001,658.33,"b"
"PhonAlign",658.33,658.36,"l"
"PhonAlign",658.36,658.4000000000001,"s"
"PhonAlign",658.4000000000001,658.4300000000001,"y"
"PhonAlign",658.4300000000001,658.46,"R"
"PhonAlign",658.46,658.5300000000001,"U~/"
"PhonAlign",658.5300000000001,658.62,"f"
"PhonAlign",658.62,658.71,"l"
"PhonAlign",658.71,658.8100000000001,"j"
"PhonAlign",658.8100000000001,658.89,"R"
"PhonAlign",658.89,658.99,"t"
"PhonAlign",658.99,659.08,"m"
"PhonAlign",659.08,659.12,"e"
"PhonAlign",659.12,659.1600000000001,"y"
"PhonAlign",659.1600000000001,659.2,"n"
"PhonAlign",659.2,659.32,"f"
"PhonAlign",659.32,659.4200000000001,"A/"
"PhonAlign",659.4200000000001,659.47,"m"
"PhonAlign",659.47,659.5400000000001,"b"
"PhonAlign",659.5400000000001,659.64,"A/"
"PhonAlign",659.64,659.8100000000001,"t"
"PhonAlign",659.8100000000001,659.92,"y"
"PhonAlign",659.92,666.930646,"#"
"PhonAlign",666.930646,667.698346,"noise"
"PhonAlign",667.698346,668.920981,"#"
"PhonAlign",668.920981,669.745549,"laugh"
"PhonAlign",669.745549,674.131237,"#"
"PhonAlign",674.131237,674.2112370000001,"s"
"PhonAlign",674.2112370000001,674.2412370000001,"k"
"PhonAlign",674.2412370000001,674.271237,"y"
"PhonAlign",674.271237,674.301237,"z"
"PhonAlign",674.301237,674.3412370000001,"m"
"PhonAlign",674.3412370000001,674.381237,"w"
"PhonAlign",674.381237,674.411237,"A/"
"PhonAlign",674.411237,674.4912370000001,"s"
"PhonAlign",674.4912370000001,674.531237,"f"
"PhonAlign",674.531237,674.5812370000001,"E"
"PhonAlign",674.5812370000001,674.651237,"k"
"PhonAlign",674.651237,674.7012370000001,"O~"
"PhonAlign",674.7012370000001,674.7312370000001,"b"
"PhonAlign",674.7312370000001,674.761237,"j"
"PhonAlign",674.761237,674.801237,"U~/"
"PhonAlign",674.801237,674.8412370000001,"d"
"PhonAlign",674.8412370000001,674.881237,"t"
"PhonAlign",674.881237,674.911237,"a~"
"PhonAlign",674.911237,674.9912370000001,"k"
"PhonAlign",674.9912370000001,675.031237,"O~"
"PhonAlign",675.031237,675.061237,"e"
"PhonAlign",675.061237,675.141237,"a~"
"PhonAlign",675.141237,675.191237,"t"
"PhonAlign",675.191237,675.2412370000001,"R"
"PhonAlign",675.2412370000001,675.301237,"U~/"
"PhonAlign",675.301237,675.3312370000001,"d"
"PhonAlign",675.3312370000001,675.3712370000001,"d"
"PhonAlign",675.3712370000001,675.401237,"E"
"PhonAlign",675.401237,675.441237,"b"
"PhonAlign",675.441237,675.511237,"A/"
"PhonAlign",675.511237,675.541237,"t"
"PhonAlign",675.541237,675.5712370000001,"R"
"PhonAlign",675.5712370000001,675.6012370000001,"l"
"PhonAlign",675.6012370000001,675.641237,"A/"
"PhonAlign",675.641237,675.681237,"d"
"PhonAlign",675.681237,675.7112370000001,"2"
"PhonAlign",675.7112370000001,675.7412370000001,"s"
"PhonAlign",675.7412370000001,675.791237,"y"
"PhonAlign",675.791237,675.8512370000001,"A/"
"PhonAlign",675.8512370000001,675.881237,"l"
"PhonAlign",675.881237,675.911237,"O/"
"PhonAlign",675.911237,675.9612370000001,"R"
"PhonAlign",675.9612370000001,676.0012370000001,"k"
"PhonAlign",676.0012370000001,676.031237,"O~"
"PhonAlign",676.031237,676.1012370000001,"s"
"PhonAlign",676.1012370000001,676.151237,"e"
"PhonAlign",676.151237,676.2112370000001,"t"
"PhonAlign",676.2112370000001,676.2412370000001,"u"
"PhonAlign",676.2412370000001,676.301237,"t"
"PhonAlign",676.301237,676.3312370000001,"R"
"PhonAlign",676.3312370000001,676.3612370000001,"E"
"PhonAlign",676.3612370000001,676.391237,"b"
"PhonAlign",676.391237,676.421237,"j"
"PhonAlign",676.421237,676.4512370000001,"U~/"
"PhonAlign",676.4512370000001,676.4912370000001,"s"
"PhonAlign",676.4912370000001,676.551237,"k"
"PhonAlign",676.551237,676.5912370000001,"O~"
"PhonAlign",676.5912370000001,676.6212370000001,"v"
"PhonAlign",676.6212370000001,676.661237,"A/"
"PhonAlign",676.661237,676.7312370000001,"S"
"PhonAlign",676.7312370000001,676.761237,"w"
"PhonAlign",676.761237,676.791237,"A/"
"PhonAlign",676.791237,676.8612370000001,"z"
"PhonAlign",676.8612370000001,676.891237,"i"
"PhonAlign",676.891237,676.921237,"R"
"PhonAlign",676.921237,676.9512370000001,"A/"
"PhonAlign",676.9512370000001,676.9812370000001,"l"
"PhonAlign",676.9812370000001,677.031237,"A/"
"PhonAlign",677.031237,677.1012370000001,"f"
"PhonAlign",677.1012370000001,677.23,"U~/"
"PhonAlign",677.23,678.13,"#"
"PhonAlign",678.13,678.22,"O~"
"PhonAlign",678.22,678.28,"z"
"PhonAlign",678.28,678.33,"m"
"PhonAlign",678.33,678.37,"i"
"PhonAlign",678.37,678.41,"n"
"PhonAlign",678.41,678.48,"y"
"PhonAlign",678.48,678.56,"t"
"PhonAlign",678.56,678.71,"O/"
"PhonAlign",678.71,678.79,"k"
"PhonAlign",678.79,678.86,"E"
"PhonAlign",678.86,678.9399999999999,"S"
"PhonAlign",678.9399999999999,679.0,"p"
"PhonAlign",679.0,679.06,"a~"
"PhonAlign",679.06,679.13,"s"
"PhonAlign",679.13,679.17,"k"
"PhonAlign",679.17,679.2,"i"
"PhonAlign",679.2,679.26,"s"
"PhonAlign",679.26,679.31,"R"
"PhonAlign",679.31,679.35,"E"
"PhonAlign",679.35,679.4,"t"
"PhonAlign",679.4,679.48,"a~"
"PhonAlign",679.48,679.51,"t"
"PhonAlign",679.51,679.55,"p"
"PhonAlign",679.55,679.6,"A/"
"PhonAlign",679.6,679.6899999999999,"s"
"PhonAlign",679.6899999999999,679.73,"e"
"PhonAlign",679.73,679.76,"A/"
"PhonAlign",679.76,679.81,"O/"
"PhonAlign",679.81,679.85,"t"
"PhonAlign",679.85,679.88,"R"
"PhonAlign",679.88,679.92,"S"
"PhonAlign",679.92,680.01,"O/"
"PhonAlign",680.01,680.075,"z"
"PhonAlign",680.075,680.65,"#"
"PhonAlign",680.65,680.73,"d"
"PhonAlign",680.73,680.78,"@"
"PhonAlign",680.78,680.87,"v"
"PhonAlign",680.87,680.97,"O/"
"PhonAlign",680.97,681.0699999999999,"t"
"PhonAlign",681.0699999999999,681.19,"e"
"PhonAlign",681.19,681.475,"#"
"PhonAlign",681.475,681.515,"p"
"PhonAlign",681.515,681.5450000000001,"u"
"PhonAlign",681.5450000000001,681.585,"R"
"PhonAlign",681.585,681.635,"S"
"PhonAlign",681.635,681.6650000000001,"w"
"PhonAlign",681.6650000000001,681.695,"A/"
"PhonAlign",681.695,681.755,"z"
"PhonAlign",681.755,681.785,"i"
"PhonAlign",681.785,681.845,"R"
"PhonAlign",681.845,681.875,"l"
"PhonAlign",681.875,681.9350000000001,"@"
"PhonAlign",681.9350000000001,682.015,"t"
"PhonAlign",682.015,682.115,"E"
"PhonAlign",682.115,682.205,"m"
"PhonAlign",682.205,682.53,"#"
"PhonAlign",682.53,682.64,"e"
"PhonAlign",682.64,682.76,"a~"
"PhonAlign",682.76,682.8199999999999,"s"
"PhonAlign",682.8199999999999,682.85,"H"
"PhonAlign",682.85,682.88,"i"
"PhonAlign",682.88,682.97,"t"
"PhonAlign",682.97,683.01,"k"
"PhonAlign",683.01,683.0699999999999,"O/"
"PhonAlign",683.0699999999999,683.11,"m"
"PhonAlign",683.11,683.1999999999999,"a~"
"PhonAlign",683.1999999999999,683.28,"s"
"PhonAlign",683.28,683.3199999999999,"e"
"PhonAlign",683.3199999999999,683.37,"A/"
"PhonAlign",683.37,683.4399999999999,"p"
"PhonAlign",683.4399999999999,683.51,"A/"
"PhonAlign",683.51,683.61,"s"
"PhonAlign",683.61,683.64,"e"
"PhonAlign",683.64,683.67,"s"
"PhonAlign",683.67,683.6999999999999,"y"
"PhonAlign",683.6999999999999,683.73,"R"
"PhonAlign",683.73,683.76,"l"
"PhonAlign",683.76,683.8,"d"
"PhonAlign",683.8,683.8399999999999,"2"
"PhonAlign",683.8399999999999,683.88,"z"
"PhonAlign",683.88,683.91,"j"
"PhonAlign",683.91,683.9499999999999,"E"
"PhonAlign",683.9499999999999,683.99,"m"
"PhonAlign",683.99,684.03,"E"
"PhonAlign",684.03,684.06,"l"
"PhonAlign",684.06,684.13,"E"
"PhonAlign",684.13,684.18,"m"
"PhonAlign",684.18,684.28,"a~"
"PhonAlign",684.28,684.625,"#"
"PhonAlign",684.625,684.705,"k"
"PhonAlign",684.705,684.735,"t"
"PhonAlign",684.735,685.145,"fp"
"PhonAlign",685.145,685.5,"#"
"PhonAlign",685.5,685.59,"l"
"PhonAlign",685.59,685.69,"A/"
"PhonAlign",685.69,685.81,"d"
"PhonAlign",685.81,685.99,"A/"
"PhonAlign",685.99,686.07,"t"
"PhonAlign",686.07,686.59,"#"
"PhonAlign",686.59,686.64,"l"
"PhonAlign",686.64,686.73,"e"
"PhonAlign",686.73,686.77,"v"
"PhonAlign",686.77,686.84,"E"
"PhonAlign",686.84,686.89,"n"
"PhonAlign",686.89,686.94,"m"
"PhonAlign",686.94,687.22,"a~"
"PhonAlign",687.22,687.3000000000001,"#"
"PhonAlign",687.3000000000001,687.34,"l"
"PhonAlign",687.34,687.44,"S"
"PhonAlign",687.44,687.51,"w"
"PhonAlign",687.51,687.5500000000001,"A/"
"PhonAlign",687.5500000000001,687.6,"d"
"PhonAlign",687.6,687.65,"e"
"PhonAlign",687.65,687.73,"p"
"PhonAlign",687.73,687.76,"E"
"PhonAlign",687.76,687.7900000000001,"R"
"PhonAlign",687.7900000000001,687.86,"s"
"PhonAlign",687.86,687.89,"O/"
"PhonAlign",687.89,687.9300000000001,"n"
"PhonAlign",687.9300000000001,688.0300000000001,"k"
"PhonAlign",688.0300000000001,688.07,"O~"
"PhonAlign",688.07,688.12,"v"
"PhonAlign",688.12,688.19,"A/"
"PhonAlign",688.19,688.26,"f"
"PhonAlign",688.26,688.3000000000001,"E"
"PhonAlign",688.3000000000001,688.33,"R"
"PhonAlign",688.33,688.575,"A/"
"PhonAlign",688.575,689.11,"#"
"PhonAlign",689.11,689.15,"p"
"PhonAlign",689.15,689.21,"A/"
"PhonAlign",689.21,689.3000000000001,"R"
"PhonAlign",689.3000000000001,689.38,"k"
"PhonAlign",689.38,689.47,"O~"
"PhonAlign",689.47,689.545,"t"
"PhonAlign",689.545,689.82,"#"
"PhonAlign",689.82,689.9000000000001,"l"
"PhonAlign",689.9000000000001,689.9300000000001,"A/"
"PhonAlign",689.9300000000001,690.0,"u"
"PhonAlign",690.0,690.0600000000001,"t"
"PhonAlign",690.0600000000001,690.1700000000001,"s"
"PhonAlign",690.1700000000001,690.2,"u"
"PhonAlign",690.2,690.23,"l"
"PhonAlign",690.23,690.2800000000001,"E"
"PhonAlign",690.2800000000001,690.3100000000001,"v"
"PhonAlign",690.3100000000001,690.35,"y"
"PhonAlign",690.35,690.4000000000001,"n"
"PhonAlign",690.4000000000001,690.46,"b"
"PhonAlign",690.46,690.5100000000001,"O/"
"PhonAlign",690.5100000000001,690.5500000000001,"n"
"PhonAlign",690.5500000000001,690.61,"S"
"PhonAlign",690.61,690.6800000000001,"O/"
"PhonAlign",690.6800000000001,690.73,"z"
"PhonAlign",690.73,690.7900000000001,"s"
"PhonAlign",690.7900000000001,690.82,"e"
"PhonAlign",690.82,690.87,"k"
"PhonAlign",690.87,690.9300000000001,"a~"
"PhonAlign",690.9300000000001,691.0,"t"
"PhonAlign",691.0,691.0600000000001,"A/"
"PhonAlign",691.0600000000001,691.11,"d"
"PhonAlign",691.11,691.1600000000001,"i"
"PhonAlign",691.1600000000001,691.24,"Z"
"PhonAlign",691.24,691.2700000000001,"v"
"PhonAlign",691.2700000000001,691.3000000000001,"@"
"PhonAlign",691.3000000000001,691.38,"f"
"PhonAlign",691.38,691.4200000000001,"E"
"PhonAlign",691.4200000000001,691.5500000000001,"R"
"PhonAlign",691.5500000000001,691.71,"#"
"PhonAlign",691.71,691.8100000000001,"R"
"PhonAlign",691.8100000000001,691.9000000000001,"A/"
"PhonAlign",691.9000000000001,691.94,"m"
"PhonAlign",691.94,691.97,"2"
"PhonAlign",691.97,692.0100000000001,"n"
"PhonAlign",692.0100000000001,692.13,"e"
"PhonAlign",692.13,692.1600000000001,"y"
"PhonAlign",692.1600000000001,692.24,"n"
"PhonAlign",692.24,692.32,"v"
"PhonAlign",692.32,692.38,"i"
"PhonAlign",692.38,692.45,"k"
"PhonAlign",692.45,692.57,"t"
"PhonAlign",692.57,692.63,"i"
"PhonAlign",692.63,692.765,"m"
"PhonAlign",692.765,693.6,"#"
"PhonAlign",693.6,693.69,"d"
"PhonAlign",693.69,694.02,"@"
"PhonAlign",694.02,694.08,"A/"
"PhonAlign",694.08,694.16,"R"
"PhonAlign",694.16,694.24,"s"
"PhonAlign",694.24,694.28,"E"
"PhonAlign",694.28,694.38,"l"
"PhonAlign",694.38,694.86,"2"
"PhonAlign",694.86,694.91,"m"
"PhonAlign",694.91,694.95,"a~"
"PhonAlign",694.95,695.05,"#"
"PhonAlign",695.05,695.16,"d"
"PhonAlign",695.16,695.27,"s"
"PhonAlign",695.27,695.3,"j"
"PhonAlign",695.3,695.3399999999999,"b"
"PhonAlign",695.3399999999999,695.39,"E"
"PhonAlign",695.39,695.42,"R"
"PhonAlign",695.42,695.4499999999999,"A/"
"PhonAlign",695.4499999999999,695.53,"R"
"PhonAlign",695.53,695.5999999999999,"s"
"PhonAlign",695.5999999999999,695.63,"E"
"PhonAlign",695.63,695.66,"l"
"PhonAlign",695.66,695.6899999999999,"2"
"PhonAlign",695.6899999999999,695.7199999999999,"m"
"PhonAlign",695.7199999999999,695.8,"a~"
"PhonAlign",695.8,695.92,"s"
"PhonAlign",695.92,695.9499999999999,"e"
"PhonAlign",695.9499999999999,695.9799999999999,"y"
"PhonAlign",695.9799999999999,696.01,"n"
"PhonAlign",696.01,696.17,"s"
"PhonAlign",696.17,696.2099999999999,"y"
"PhonAlign",696.2099999999999,696.27,"p"
"PhonAlign",696.27,696.3,"E"
"PhonAlign",696.3,696.37,"R"
"PhonAlign",696.37,696.43,"b"
"PhonAlign",696.43,696.4599999999999,"O/"
"PhonAlign",696.4599999999999,696.53,"n"
"PhonAlign",696.53,696.5999999999999,"i"
"PhonAlign",696.5999999999999,696.65,"d"
"PhonAlign",696.65,696.75,"e"
"PhonAlign",696.75,697.15,"#"
"PhonAlign",697.15,697.1899999999999,"p"
"PhonAlign",697.1899999999999,697.24,"u"
"PhonAlign",697.24,697.27,"R"
"PhonAlign",697.27,697.3,"l"
"PhonAlign",697.3,697.35,"A/"
"PhonAlign",697.35,697.43,"s"
"PhonAlign",697.43,697.47,"a~"
"PhonAlign",697.47,697.5799999999999,"s"
"PhonAlign",697.5799999999999,697.61,"i"
"PhonAlign",697.61,697.65,"b"
"PhonAlign",697.65,697.68,"i"
"PhonAlign",697.68,697.76,"l"
"PhonAlign",697.76,697.79,"i"
"PhonAlign",697.79,697.88,"z"
"PhonAlign",697.88,697.92,"A/"
"PhonAlign",697.92,698.0,"s"
"PhonAlign",698.0,698.03,"j"
"PhonAlign",698.03,698.0699999999999,"O~"
"PhonAlign",698.0699999999999,698.17,"s"
"PhonAlign",698.17,698.1999999999999,"e"
"PhonAlign",698.1999999999999,698.26,"U~/"
"PhonAlign",698.26,698.31,"k"
"PhonAlign",698.31,698.35,"R"
"PhonAlign",698.35,698.38,"w"
"PhonAlign",698.38,698.41,"A/"
"PhonAlign",698.41,698.4499999999999,"j"
"PhonAlign",698.4499999999999,698.5,"A/"
"PhonAlign",698.5,698.56,"b"
"PhonAlign",698.56,698.599688,"l"
"PhonAlign",698.599688,717.02,"#"
"PhonAlign",717.02,717.13,"O/"
"PhonAlign",717.13,717.23,"k"
"PhonAlign",717.23,717.29,"e"
"PhonAlign",717.29,717.34,"d"
"PhonAlign",717.34,717.39,"O~"
"PhonAlign",717.39,717.49,"k"
"PhonAlign",717.49,717.52,"l"
"PhonAlign",717.52,717.59,"t"
"PhonAlign",717.59,717.62,"E"
"PhonAlign",717.62,717.65,"l"
"PhonAlign",717.65,717.6899999999999,"E"
"PhonAlign",717.6899999999999,717.75,"f"
"PhonAlign",717.75,717.84,"O/"
"PhonAlign",717.84,717.885,"n"
"PhonAlign",717.885,722.405203,"#"
"PhonAlign",722.405203,723.14447,"laugh"
"PhonAlign",723.14447,725.475,"#"
"PhonAlign",725.475,726.005,"O/"
"PhonAlign",726.005,726.1,"#"
"PhonAlign",726.1,726.45,"laugh"
"PhonAlign",726.45,730.805,"#"
"PhonAlign",730.805,730.885,"w"
"PhonAlign",730.885,730.97,"E"
"PhonAlign",730.97,733.865,"#"
"PhonAlign",733.865,734.695,"fp"
"PhonAlign",734.695,734.845,"m"
"PhonAlign",734.845,734.915,"w"
"PhonAlign",734.915,734.945,"A/"
"PhonAlign",734.945,735.035,"S"
"PhonAlign",735.035,735.115,"p"
"PhonAlign",735.115,735.175,"a~"
"PhonAlign",735.175,735.235,"s"
"PhonAlign",735.235,735.3050000000001,"k"
"PhonAlign",735.3050000000001,735.335,"@"
"PhonAlign",735.335,735.485,"s"
"PhonAlign",735.485,735.575,"O~"
"PhonAlign",735.575,735.725,"s"
"PhonAlign",735.725,735.755,"f"
"PhonAlign",735.755,735.795,"E"
"PhonAlign",735.795,735.855,"s"
"PhonAlign",735.855,735.895,"s"
"PhonAlign",735.895,735.925,"y"
"PhonAlign",735.925,735.955,"R"
"PhonAlign",735.955,736.095,"U~/"
"PhonAlign",736.095,736.145,"Z"
"PhonAlign",736.145,736.195,"u"
"PhonAlign",736.195,736.225,"R"
"PhonAlign",736.225,736.285,"O~"
"PhonAlign",736.285,736.355,"p"
"PhonAlign",736.355,736.395,"@"
"PhonAlign",736.395,736.475,"s"
"PhonAlign",736.475,736.525,"f"
"PhonAlign",736.525,736.565,"E"
"PhonAlign",736.565,736.625,"R"
"PhonAlign",736.625,736.705,"s"
"PhonAlign",736.705,736.825,"U~/"
"PhonAlign",736.825,736.855,"w"
"PhonAlign",736.855,736.905,"i"
"PhonAlign",736.905,737.025,"k"
"PhonAlign",737.025,737.095,"E"
"PhonAlign",737.095,737.145,"n"
"PhonAlign",737.145,737.175,"d"
"PhonAlign",737.175,737.225,"p"
"PhonAlign",737.225,737.265,"a~"
"PhonAlign",737.265,737.3050000000001,"d"
"PhonAlign",737.3050000000001,737.355,"a~"
"PhonAlign",737.355,737.385,"l"
"PhonAlign",737.385,737.4350000000001,"A/"
"PhonAlign",737.4350000000001,737.475,"p"
"PhonAlign",737.475,737.505,"e"
"PhonAlign",737.505,737.535,"R"
"PhonAlign",737.535,737.565,"j"
"PhonAlign",737.565,737.595,"O/"
"PhonAlign",737.595,737.625,"d"
"PhonAlign",737.625,737.675,"s"
"PhonAlign",737.675,737.735,"k"
"PhonAlign",737.735,737.765,"O/"
"PhonAlign",737.765,737.8050000000001,"l"
"PhonAlign",737.8050000000001,737.845,"E"
"PhonAlign",737.845,737.885,"R"
"PhonAlign",737.885,740.125,"#"
"PhonAlign",740.125,740.285,"U~/"
"PhonAlign",740.285,740.315,"w"
"PhonAlign",740.315,740.355,"i"
"PhonAlign",740.355,740.455,"k"
"PhonAlign",740.455,740.495,"E"
"PhonAlign",740.495,740.525,"n"
"PhonAlign",740.525,740.565,"d"
"PhonAlign",740.565,740.595,"p"
"PhonAlign",740.595,740.645,"a~"
"PhonAlign",740.645,740.675,"d"
"PhonAlign",740.675,740.705,"a~"
"PhonAlign",740.705,740.735,"l"
"PhonAlign",740.735,740.765,"A/"
"PhonAlign",740.765,740.805,"p"
"PhonAlign",740.805,740.835,"E"
"PhonAlign",740.835,740.865,"R"
"PhonAlign",740.865,740.895,"j"
"PhonAlign",740.895,740.935,"O/"
"PhonAlign",740.935,740.965,"d"
"PhonAlign",740.965,741.015,"s"
"PhonAlign",741.015,741.065,"k"
"PhonAlign",741.065,741.095,"O/"
"PhonAlign",741.095,741.125,"l"
"PhonAlign",741.125,741.175,"E"
"PhonAlign",741.175,741.235,"R"
"PhonAlign",741.235,743.2,"#"
"PhonAlign",743.2,743.2700000000001,"m"
"PhonAlign",743.2700000000001,743.32,"E"
"PhonAlign",743.32,743.38,"d"
"PhonAlign",743.38,743.46,"a~"
"PhonAlign",743.46,743.5400000000001,"s"
"PhonAlign",743.5400000000001,743.58,"k"
"PhonAlign",743.58,743.6500000000001,"A/"
"PhonAlign",743.6500000000001,743.6800000000001,"l"
"PhonAlign",743.6800000000001,743.75,"A/"
"PhonAlign",743.75,743.84,"f"
"PhonAlign",743.84,743.8900000000001,"O/"
"PhonAlign",743.8900000000001,743.94,"d"
"PhonAlign",743.94,743.98,"R"
"PhonAlign",743.98,744.0200000000001,"e"
"PhonAlign",744.0200000000001,744.44,"fp"
"PhonAlign",744.44,744.48,"#"
"PhonAlign",744.48,744.58,"s"
"PhonAlign",744.58,744.62,"a~"
"PhonAlign",744.62,744.72,"s"
"PhonAlign",744.72,744.75,"i"
"PhonAlign",744.75,744.7800000000001,"b"
"PhonAlign",744.7800000000001,744.82,"i"
"PhonAlign",744.82,744.85,"l"
"PhonAlign",744.85,744.88,"i"
"PhonAlign",744.88,744.96,"z"
"PhonAlign",744.96,745.0,"e"
"PhonAlign",745.0,745.0300000000001,"l"
"PhonAlign",745.0300000000001,745.09,"e"
"PhonAlign",745.09,745.1700000000001,"z"
"PhonAlign",745.1700000000001,745.21,"e"
"PhonAlign",745.21,745.2900000000001,"k"
"PhonAlign",745.2900000000001,745.32,"O/"
"PhonAlign",745.32,745.35,"l"
"PhonAlign",745.35,745.4100000000001,"A/"
"PhonAlign",745.4100000000001,745.44,"n"
"PhonAlign",745.44,745.49,"O/"
"PhonAlign",745.49,745.5200000000001,"t"
"PhonAlign",745.5200000000001,745.57,"p"
"PhonAlign",745.57,745.62,"R"
"PhonAlign",745.62,745.69,"O/"
"PhonAlign",745.69,745.7700000000001,"Z"
"PhonAlign",745.7700000000001,745.82,"e"
"PhonAlign",745.82,746.01,"e"
"PhonAlign",746.01,746.0400000000001,"l"
"PhonAlign",746.0400000000001,746.5300000000001,"e"
"PhonAlign",746.5300000000001,746.5600000000001,"#"
"PhonAlign",746.5600000000001,746.59,"l"
"PhonAlign",746.59,746.62,"@"
"PhonAlign",746.62,746.6600000000001,"R"
"PhonAlign",746.6600000000001,746.7,"A/"
"PhonAlign",746.7,746.7900000000001,"m"
"PhonAlign",746.7900000000001,746.83,"2"
"PhonAlign",746.83,746.86,"n"
"PhonAlign",746.86,746.8900000000001,"e"
"PhonAlign",746.8900000000001,746.929688,"R"
"PhonAlign",746.929688,748.263956,"#"
"PhonAlign",748.263956,749.159607,"noise"
"PhonAlign",749.159607,751.74,"#"
"PhonAlign",751.74,751.8,"b"
"PhonAlign",751.8,751.83,"j"
"PhonAlign",751.83,751.9300000000001,"U~/"
"PhonAlign",751.9300000000001,751.98,"Z"
"PhonAlign",751.98,752.05,"s"
"PhonAlign",752.05,752.11,"y"
"PhonAlign",752.11,752.14,"i"
"PhonAlign",752.14,752.21,"d"
"PhonAlign",752.21,752.3100000000001,"A/"
"PhonAlign",752.3100000000001,752.41,"k"
"PhonAlign",752.41,752.45,"O/"
"PhonAlign",752.45,752.48,"R"
"PhonAlign",752.48,752.51,"A/"
"PhonAlign",752.51,752.6,"v"
"PhonAlign",752.6,752.6800000000001,"E"
"PhonAlign",752.6800000000001,752.73,"k"
"PhonAlign",752.73,752.77,"t"
"PhonAlign",752.77,752.8,"w"
"PhonAlign",752.8,752.83,"A/"
"PhonAlign",752.83,752.86,"m"
"PhonAlign",752.86,752.89,"p"
"PhonAlign",752.89,752.92,"A/"
"PhonAlign",752.92,752.95,"R"
"PhonAlign",752.95,752.98,"k"
"PhonAlign",752.98,753.04,"O~"
"PhonAlign",753.04,753.07,"t"
"PhonAlign",753.07,753.13,"d"
"PhonAlign",753.13,753.2,"a~"
"PhonAlign",753.2,753.28,"s"
"PhonAlign",753.28,753.34,"k"
"PhonAlign",753.34,753.41,"A/"
"PhonAlign",753.41,753.45,"l"
"PhonAlign",753.45,753.57,"A/"
"PhonAlign",753.57,754.76,"#"
"PhonAlign",754.76,754.8,"Z"
"PhonAlign",754.8,754.85,"@"
"PhonAlign",754.85,754.93,"n"
"PhonAlign",754.93,755.12,"v"
"PhonAlign",755.12,755.22,"w"
"PhonAlign",755.22,755.26,"A/"
"PhonAlign",755.26,755.31,"p"
"PhonAlign",755.31,755.37,"A/"
"PhonAlign",755.37,755.4,"d"
"PhonAlign",755.4,755.47,"k"
"PhonAlign",755.47,755.51,"w"
"PhonAlign",755.51,755.54,"A/"
"PhonAlign",755.54,755.5699999999999,"v"
"PhonAlign",755.5699999999999,755.64,"u"
"PhonAlign",755.64,755.74,"p"
"PhonAlign",755.74,755.79,"A/"
"PhonAlign",755.79,755.87,"R"
"PhonAlign",755.87,755.91,"l"
"PhonAlign",755.91,756.04,"e"
"PhonAlign",756.04,756.7,"#"
"PhonAlign",756.7,756.74,"m"
"PhonAlign",756.74,756.7800000000001,"E"
"PhonAlign",756.7800000000001,756.87,"p"
"PhonAlign",756.87,756.9100000000001,"A/"
"PhonAlign",756.9100000000001,756.94,"R"
"PhonAlign",756.94,757.0,"s"
"PhonAlign",757.0,757.0300000000001,"j"
"PhonAlign",757.0300000000001,757.0600000000001,"E"
"PhonAlign",757.0600000000001,757.09,"l"
"PhonAlign",757.09,757.13,"s"
"PhonAlign",757.13,757.19,"s"
"PhonAlign",757.19,757.26,"O~"
"PhonAlign",757.26,757.34,"t"
"PhonAlign",757.34,757.37,"R"
"PhonAlign",757.37,757.4100000000001,"e"
"PhonAlign",757.4100000000001,757.46,"b"
"PhonAlign",757.46,757.49,"j"
"PhonAlign",757.49,757.5500000000001,"U~/"
"PhonAlign",757.5500000000001,757.6,"p"
"PhonAlign",757.6,757.6800000000001,"A/"
"PhonAlign",757.6800000000001,757.76,"s"
"PhonAlign",757.76,757.8100000000001,"e"
"PhonAlign",757.8100000000001,757.84,"l"
"PhonAlign",757.84,757.87,"A/"
"PhonAlign",757.87,757.9000000000001,"l"
"PhonAlign",757.9000000000001,757.94,"A/"
"PhonAlign",757.94,758.0200000000001,"m"
"PhonAlign",758.0200000000001,758.0600000000001,"d"
"PhonAlign",758.0600000000001,758.09,"O/"
"PhonAlign",758.09,758.12,"y"
"PhonAlign",758.12,758.2900000000001,"E"
"PhonAlign",758.2900000000001,758.38,"l"
"PhonAlign",758.38,758.44,"i"
"PhonAlign",758.44,758.47,"A/"
"PhonAlign",758.47,758.5400000000001,"m"
"PhonAlign",758.5400000000001,758.76,"e"
"PhonAlign",758.76,758.92,"#"
"PhonAlign",758.92,759.05,"s"
"PhonAlign",759.05,759.0799999999999,"e"
"PhonAlign",759.0799999999999,759.13,"p"
"PhonAlign",759.13,759.17,"A/"
"PhonAlign",759.17,759.1999999999999,"l"
"PhonAlign",759.1999999999999,759.26,"A/"
"PhonAlign",759.26,759.3399999999999,"k"
"PhonAlign",759.3399999999999,759.37,"E"
"PhonAlign",759.37,759.42,"s"
"PhonAlign",759.42,759.4599999999999,"t"
"PhonAlign",759.4599999999999,759.49,"j"
"PhonAlign",759.49,759.585938,"O~"
"PhonAlign",759.585938,762.01,"#"
"PhonAlign",762.01,762.11,"U~/"
"PhonAlign",762.11,762.17,"t"
"PhonAlign",762.17,762.21,"E"
"PhonAlign",762.21,762.25,"R"
"PhonAlign",762.25,762.28,"v"
"PhonAlign",762.28,762.37,"a~"
"PhonAlign",762.37,762.45,"s"
"PhonAlign",762.45,762.48,"j"
"PhonAlign",762.48,762.51,"O~"
"PhonAlign",762.51,762.55,"a~"
"PhonAlign",762.55,762.58,"m"
"PhonAlign",762.58,762.61,"i"
"PhonAlign",762.61,762.64,"l"
"PhonAlign",762.64,762.67,"j"
"PhonAlign",762.67,762.7,"@"
"PhonAlign",762.7,762.78,"s"
"PhonAlign",762.78,762.83,"k"
"PhonAlign",762.83,762.89,"O/"
"PhonAlign",762.89,762.92,"l"
"PhonAlign",762.92,762.96,"E"
"PhonAlign",762.96,763.005,"R"
"PhonAlign",763.005,763.09,"#"
"PhonAlign",763.09,763.1800000000001,"A/"
"PhonAlign",763.1800000000001,763.3100000000001,"t"
"PhonAlign",763.3100000000001,763.34,"v"
"PhonAlign",763.34,763.37,"@"
"PhonAlign",763.37,763.45,"k"
"PhonAlign",763.45,763.49,"A/"
"PhonAlign",763.49,763.5400000000001,"R"
"PhonAlign",763.5400000000001,763.57,"E"
"PhonAlign",763.57,763.64,"m"
"PhonAlign",763.64,763.71,"a~"
"PhonAlign",763.71,763.76,"A/"
"PhonAlign",763.76,763.8100000000001,"l"
"PhonAlign",763.8100000000001,763.95,"e"
"PhonAlign",763.95,764.27,"#"
"PhonAlign",764.27,764.37,"a~"
"PhonAlign",764.37,764.4,"m"
"PhonAlign",764.4,764.43,"i"
"PhonAlign",764.43,764.46,"l"
"PhonAlign",764.46,764.49,"j"
"PhonAlign",764.49,764.55,"@"
"PhonAlign",764.55,764.73,"n"
"PhonAlign",764.73,764.85,"a~"
"PhonAlign",764.85,764.91,"S"
"PhonAlign",764.91,764.97,"p"
"PhonAlign",764.97,765.0,"a~"
"PhonAlign",765.0,765.04,"s"
"PhonAlign",765.04,765.1,"p"
"PhonAlign",765.1,765.205,"A/"
"PhonAlign",765.205,766.433482,"#"
"PhonAlign",766.433482,767.457083,"noise"
"PhonAlign",767.457083,768.835,"#"
"PhonAlign",768.835,768.875,"m"
"PhonAlign",768.875,768.9350000000001,"w"
"PhonAlign",768.9350000000001,768.965,"A/"
"PhonAlign",768.965,769.0350000000001,"l"
"PhonAlign",769.0350000000001,769.075,"@"
"PhonAlign",769.075,769.1650000000001,"p"
"PhonAlign",769.1650000000001,769.235,"R"
"PhonAlign",769.235,769.265,"O/"
"PhonAlign",769.265,769.335,"b"
"PhonAlign",769.335,769.385,"l"
"PhonAlign",769.385,769.455,"E"
"PhonAlign",769.455,769.5350000000001,"m"
"PhonAlign",769.5350000000001,769.575,"@"
"PhonAlign",769.575,769.605,"Z"
"PhonAlign",769.605,769.635,"y"
"PhonAlign",769.635,769.6650000000001,"s"
"PhonAlign",769.6650000000001,769.755,"k"
"PhonAlign",769.755,769.7850000000001,"Z"
"PhonAlign",769.7850000000001,769.815,"v"
"PhonAlign",769.815,769.895,"w"
"PhonAlign",769.895,769.9250000000001,"A/"
"PhonAlign",769.9250000000001,769.955,"A/"
"PhonAlign",769.955,769.985,"v"
"PhonAlign",769.985,770.0250000000001,"E"
"PhonAlign",770.0250000000001,770.0550000000001,"k"
"PhonAlign",770.0550000000001,770.105,"s"
"PhonAlign",770.105,770.1650000000001,"A/"
"PhonAlign",770.1650000000001,770.255,"s"
"PhonAlign",770.255,770.2850000000001,"e"
"PhonAlign",770.2850000000001,770.325,"k"
"PhonAlign",770.325,770.365,"O~"
"PhonAlign",770.365,770.4050000000001,"v"
"PhonAlign",770.4050000000001,770.455,"A/"
"PhonAlign",770.455,770.565,"s"
"PhonAlign",770.565,770.595,"l"
"PhonAlign",770.595,770.625,"i"
"PhonAlign",770.625,770.6750000000001,"m"
"PhonAlign",770.6750000000001,770.715,"i"
"PhonAlign",770.715,770.8050000000001,"t"
"PhonAlign",770.8050000000001,770.835,"e"
"PhonAlign",770.835,770.895,"O/"
"PhonAlign",770.895,770.945,"n"
"PhonAlign",770.945,770.995,"O~"
"PhonAlign",770.995,771.0250000000001,"b"
"PhonAlign",771.0250000000001,771.0550000000001,"R"
"PhonAlign",771.0550000000001,771.085,"d"
"PhonAlign",771.085,771.125,"e"
"PhonAlign",771.125,771.1850000000001,"k"
"PhonAlign",771.1850000000001,771.225,"O/"
"PhonAlign",771.225,771.255,"l"
"PhonAlign",771.255,771.325,"k"
"PhonAlign",771.325,771.365,"O~"
"PhonAlign",771.365,771.395,"v"
"PhonAlign",771.395,771.465,"A/"
"PhonAlign",771.465,771.5450000000001,"f"
"PhonAlign",771.5450000000001,771.595,"E"
"PhonAlign",771.595,771.6650000000001,"R"
"PhonAlign",771.6650000000001,771.975,"#"
"PhonAlign",771.975,772.0550000000001,"A/"
"PhonAlign",772.0550000000001,772.095,"l"
"PhonAlign",772.095,772.135,"O/"
"PhonAlign",772.135,772.1650000000001,"R"
"PhonAlign",772.1650000000001,772.2750000000001,"k"
"PhonAlign",772.2750000000001,772.4050000000001,"s"
"PhonAlign",772.4050000000001,772.495,"O~"
"PhonAlign",772.495,772.575,"f"
"PhonAlign",772.575,772.615,"E"
"PhonAlign",772.615,772.6650000000001,"U~/"
"PhonAlign",772.6650000000001,772.725,"n"
"PhonAlign",772.725,772.7950000000001,"e"
"PhonAlign",772.7950000000001,772.825,"v"
"PhonAlign",772.825,772.885,"E"
"PhonAlign",772.885,772.955,"n"
"PhonAlign",772.955,773.005,"m"
"PhonAlign",773.005,773.115,"a~"
"PhonAlign",773.115,773.195,"E"
"PhonAlign",773.195,773.2850000000001,"k"
"PhonAlign",773.2850000000001,773.375,"t"
"PhonAlign",773.375,773.4050000000001,"u"
"PhonAlign",773.4050000000001,773.4350000000001,"l"
"PhonAlign",773.4350000000001,773.465,"m"
"PhonAlign",773.465,773.505,"O~"
"PhonAlign",773.505,773.595,"d"
"PhonAlign",773.595,773.635,"p"
"PhonAlign",773.635,773.6650000000001,"@"
"PhonAlign",773.6650000000001,773.735,"n"
"PhonAlign",773.735,773.7850000000001,"u"
"PhonAlign",773.7850000000001,773.845,"R"
"PhonAlign",773.845,773.885,"2"
"PhonAlign",773.885,773.9350000000001,"Z"
"PhonAlign",773.9350000000001,773.995,"w"
"PhonAlign",773.995,774.0350000000001,"U~/"
"PhonAlign",774.0350000000001,774.065,"d"
"PhonAlign",774.065,774.145,"R"
"PhonAlign",774.145,774.6850000000001,"#"
"PhonAlign",774.6850000000001,774.7750000000001,"O~"
"PhonAlign",774.7750000000001,774.875,"n"
"PhonAlign",774.875,774.945,"u"
"PhonAlign",774.945,775.015,"v"
"PhonAlign",775.015,775.15,"R"
"PhonAlign",775.15,775.49,"#"
"PhonAlign",775.49,775.57,"l"
"PhonAlign",775.57,775.64,"A/"
"PhonAlign",775.64,775.69,"k"
"PhonAlign",775.69,775.8,"s"
"PhonAlign",775.8,775.85,"e"
"PhonAlign",775.85,775.9300000000001,"A/"
"PhonAlign",775.9300000000001,775.99,"n"
"PhonAlign",775.99,776.05,"O/"
"PhonAlign",776.05,776.11,"t"
"PhonAlign",776.11,776.21,"R"
"PhonAlign",776.21,776.59,"@"
"PhonAlign",776.59,776.65,"t"
"PhonAlign",776.65,776.69,"R"
"PhonAlign",776.69,776.74,"y"
"PhonAlign",776.74,776.78,"k"
"PhonAlign",776.78,777.28,"#"
"PhonAlign",777.28,777.36,"s"
"PhonAlign",777.36,777.4499999999999,"O/"
"PhonAlign",777.4499999999999,777.5,"f"
"PhonAlign",777.5,777.62,"k"
"PhonAlign",777.62,777.8,"@"
"PhonAlign",777.8,778.17,"#"
"PhonAlign",778.17,778.31,"A/"
"PhonAlign",778.31,778.39,"p"
"PhonAlign",778.39,778.4499999999999,"R"
"PhonAlign",778.4499999999999,778.51,"e"
"PhonAlign",778.51,778.56,"l"
"PhonAlign",778.56,778.5999999999999,"@"
"PhonAlign",778.5999999999999,778.6899999999999,"p"
"PhonAlign",778.6899999999999,778.75,"R"
"PhonAlign",778.75,778.81,"O/"
"PhonAlign",778.81,778.88,"b"
"PhonAlign",778.88,778.91,"l"
"PhonAlign",778.91,779.02,"E"
"PhonAlign",779.02,779.05,"m"
"PhonAlign",779.05,779.16,"@"
"PhonAlign",779.16,783.61,"#"
"PhonAlign",783.61,783.77,"A/"
"PhonAlign",783.77,783.83,"p"
"PhonAlign",783.83,783.89,"R"
"PhonAlign",783.89,783.9300000000001,"E"
"PhonAlign",783.9300000000001,784.0500000000001,"w"
"PhonAlign",784.0500000000001,784.14,"E"
"PhonAlign",784.14,784.24,"f"
"PhonAlign",784.24,784.27,"O/"
"PhonAlign",784.27,784.3100000000001,"d"
"PhonAlign",784.3100000000001,784.34,"R"
"PhonAlign",784.34,784.42,"e"
"PhonAlign",784.42,784.47,"t"
"PhonAlign",784.47,784.53,"k"
"PhonAlign",784.53,784.63,"O~"
"PhonAlign",784.63,784.67,"n"
"PhonAlign",784.67,784.72,"A/"
"PhonAlign",784.72,784.77,"R"
"PhonAlign",784.77,784.85,"i"
"PhonAlign",784.85,784.88,"v"
"PhonAlign",784.88,784.99,"A/"
"PhonAlign",784.99,785.15,"Z"
"PhonAlign",785.15,785.19,"e"
"PhonAlign",785.19,785.22,"R"
"PhonAlign",785.22,785.3100000000001,"e"
"PhonAlign",785.3100000000001,785.39,"l"
"PhonAlign",785.39,785.69,"@"
"PhonAlign",785.69,785.76,"l"
"PhonAlign",785.76,785.85,"m"
"PhonAlign",785.85,785.94,"O~"
"PhonAlign",785.94,786.079688,"d"
"PhonAlign",786.079688,788.372351,"#"
"PhonAlign",788.372351,789.339086,"noise"
"PhonAlign",789.339086,790.915,"#"
"PhonAlign",790.915,791.015,"A/"
"PhonAlign",791.015,791.125,"m"
"PhonAlign",791.125,791.355,"e"
"PhonAlign",791.355,791.395,"z"
"PhonAlign",791.395,791.425,"*"
"PhonAlign",791.425,791.4549999999999,"*"
"PhonAlign",791.4549999999999,791.485,"*"
"PhonAlign",791.485,791.515,"*"
"PhonAlign",791.515,791.555,"Z"
"PhonAlign",791.555,791.665,"E"
"PhonAlign",791.665,792.0749999999999,"p"
"PhonAlign",792.0749999999999,792.135,"A/"
"PhonAlign",792.135,792.185,"d"
"PhonAlign",792.185,792.2149999999999,"i"
"PhonAlign",792.2149999999999,792.245,"l"
"PhonAlign",792.245,792.295,"k"
"PhonAlign",792.295,792.385,"O~"
"PhonAlign",792.385,792.435,"t"
"PhonAlign",792.435,792.4749999999999,"R"
"PhonAlign",792.4749999999999,792.525,"E"
"PhonAlign",792.525,792.555,"R"
"PhonAlign",792.555,792.5849999999999,"Z"
"PhonAlign",792.5849999999999,792.615,"e"
"PhonAlign",792.615,792.645,"d"
"PhonAlign",792.645,792.675,"i"
"PhonAlign",792.675,792.7049999999999,"k"
"PhonAlign",792.7049999999999,792.735,"i"
"PhonAlign",792.735,792.775,"f"
"PhonAlign",792.775,792.8149999999999,"A/"
"PhonAlign",792.8149999999999,792.8449999999999,"l"
"PhonAlign",792.8449999999999,792.875,"e"
"PhonAlign",792.875,792.925,"k"
"PhonAlign",792.925,793.015,"O~"
"PhonAlign",793.015,793.0849999999999,"p"
"PhonAlign",793.0849999999999,793.145,"A/"
"PhonAlign",793.145,793.2249999999999,"s"
"PhonAlign",793.2249999999999,793.255,"O/"
"PhonAlign",793.255,793.305,"z"
"PhonAlign",793.305,793.355,"e"
"PhonAlign",793.355,793.425,"k"
"PhonAlign",793.425,793.4649999999999,"O/"
"PhonAlign",793.4649999999999,793.5649999999999,"l"
"PhonAlign",793.5649999999999,793.665,"z"
"PhonAlign",793.665,793.735,"m"
"PhonAlign",793.735,793.8149999999999,"E"
"PhonAlign",793.8149999999999,793.935,"p"
"PhonAlign",793.935,794.035,"A/"
"PhonAlign",794.035,794.155,"z"
"PhonAlign",794.155,794.185,"n"
"PhonAlign",794.185,794.255,"u"
"PhonAlign",794.255,794.295,"n"
"PhonAlign",794.295,794.375,"u"
"PhonAlign",794.375,794.415,"d"
"PhonAlign",794.415,794.4749999999999,"e"
"PhonAlign",794.4749999999999,794.5649999999999,"p"
"PhonAlign",794.5649999999999,794.5949999999999,"l"
"PhonAlign",794.5949999999999,794.665,"A/"
"PhonAlign",794.665,794.745,"s"
"PhonAlign",794.745,794.775,"e"
"PhonAlign",794.775,794.8249999999999,"O/"
"PhonAlign",794.8249999999999,794.915,"z"
"PhonAlign",794.915,794.9649999999999,"e"
"PhonAlign",794.9649999999999,795.055,"k"
"PhonAlign",795.055,795.105,"O/"
"PhonAlign",795.105,795.18,"l"
"PhonAlign",795.18,795.54,"#"
"PhonAlign",795.54,795.5799999999999,"p"
"PhonAlign",795.5799999999999,795.61,"R"
"PhonAlign",795.61,795.64,"s"
"PhonAlign",795.64,795.7199999999999,"k"
"PhonAlign",795.7199999999999,795.8399999999999,"s"
"PhonAlign",795.8399999999999,795.9399999999999,"O~"
"PhonAlign",795.9399999999999,795.99,"f"
"PhonAlign",795.99,796.03,"E"
"PhonAlign",796.03,796.12,"s"
"PhonAlign",796.12,796.23,"O~"
"PhonAlign",796.23,796.3399999999999,"s"
"PhonAlign",796.3399999999999,796.38,"@"
"PhonAlign",796.38,796.48,"l"
"PhonAlign",796.48,796.54,"i"
"PhonAlign",796.54,796.5999999999999,"m"
"PhonAlign",796.5999999999999,796.67,"i"
"PhonAlign",796.67,796.74,"t"
"PhonAlign",796.74,796.8,"O/"
"PhonAlign",796.8,796.8299999999999,"n"
"PhonAlign",796.8299999999999,796.9,"O~"
"PhonAlign",796.9,796.93,"b"
"PhonAlign",796.93,796.9599999999999,"R"
"PhonAlign",796.9599999999999,797.0,"d"
"PhonAlign",797.0,797.04,"e"
"PhonAlign",797.04,797.11,"k"
"PhonAlign",797.11,797.16,"O/"
"PhonAlign",797.16,797.1899999999999,"l"
"PhonAlign",797.1899999999999,797.2199999999999,"d"
"PhonAlign",797.2199999999999,797.26,"a~"
"PhonAlign",797.26,797.29,"l"
"PhonAlign",797.29,797.3399999999999,"A/"
"PhonAlign",797.3399999999999,797.37,"k"
"PhonAlign",797.37,797.4399999999999,"E"
"PhonAlign",797.4399999999999,797.4699999999999,"l"
"PhonAlign",797.4699999999999,797.53,"O~"
"PhonAlign",797.53,797.56,"v"
"PhonAlign",797.56,797.749993,"A/"
"PhonAlign",797.749993,813.975,"#"
"PhonAlign",813.975,814.015,"m"
"PhonAlign",814.015,814.065,"E"
"PhonAlign",814.065,814.095,"R"
"PhonAlign",814.095,814.135,"k"
"PhonAlign",814.135,814.205,"R"
"PhonAlign",814.205,814.255,"2"
"PhonAlign",814.255,814.285,"d"
"PhonAlign",814.285,814.365,"i"
"PhonAlign",814.365,814.395,"l"
"PhonAlign",814.395,814.495,"A/"
"PhonAlign",814.495,814.525,"l"
"PhonAlign",814.525,814.755,"A/"
"PhonAlign",814.755,814.785,"m"
"PhonAlign",814.785,814.825,"w"
"PhonAlign",814.825,814.855,"A/"
"PhonAlign",814.855,814.905,"t"
"PhonAlign",814.905,814.9350000000001,"j"
"PhonAlign",814.9350000000001,814.965,"e"
"PhonAlign",814.965,814.995,"d"
"PhonAlign",814.995,815.025,"e"
"PhonAlign",815.025,815.075,"z"
"PhonAlign",815.075,815.105,"e"
"PhonAlign",815.105,815.155,"k"
"PhonAlign",815.155,815.1850000000001,"O/"
"PhonAlign",815.1850000000001,815.215,"l"
"PhonAlign",815.215,815.275,"f"
"PhonAlign",815.275,815.315,"i"
"PhonAlign",815.315,815.345,"n"
"PhonAlign",815.345,815.375,"i"
"PhonAlign",815.375,815.445,"s"
"PhonAlign",815.445,815.495,"A/"
"PhonAlign",815.495,815.5450000000001,"m"
"PhonAlign",815.5450000000001,815.575,"i"
"PhonAlign",815.575,815.635,"d"
"PhonAlign",815.635,815.725,"i"
"PhonAlign",815.725,815.755,"l"
"PhonAlign",815.755,815.7950000000001,"e"
"PhonAlign",815.7950000000001,815.835,"g"
"PhonAlign",815.835,815.895,"A/"
"PhonAlign",815.895,815.9350000000001,"s"
"PhonAlign",815.9350000000001,815.965,"e"
"PhonAlign",815.965,815.995,"p"
"PhonAlign",815.995,816.025,"A/"
"PhonAlign",816.025,816.0550000000001,"l"
"PhonAlign",816.0550000000001,816.085,"A/"
"PhonAlign",816.085,816.135,"p"
"PhonAlign",816.135,816.205,"E"
"PhonAlign",816.205,816.24,"n"
"PhonAlign",816.24,816.765,"#"
"PhonAlign",816.765,816.855,"O~"
"PhonAlign",816.855,816.955,"s"
"PhonAlign",816.955,817.005,"f"
"PhonAlign",817.005,817.055,"e"
"PhonAlign",817.055,817.175,"s"
"PhonAlign",817.175,817.3249999999999,"U~/"
"PhonAlign",817.3249999999999,817.375,"v"
"PhonAlign",817.375,817.455,"a~"
"PhonAlign",817.455,817.495,"d"
"PhonAlign",817.495,817.545,"R"
"PhonAlign",817.545,817.625,"2"
"PhonAlign",817.625,817.675,"d"
"PhonAlign",817.675,817.745,"i"
"PhonAlign",817.745,817.835,"a~"
"PhonAlign",817.835,817.935,"f"
"PhonAlign",817.935,817.995,"U~/"
"PhonAlign",817.995,818.085,"d"
"PhonAlign",818.085,818.555,"@"
"PhonAlign",818.555,818.645,"f"
"PhonAlign",818.645,818.725,"U~/"
"PhonAlign",818.725,818.755,"d"
"PhonAlign",818.755,818.845,"s"
"PhonAlign",818.845,818.915,"@"
"PhonAlign",818.915,818.975,"m"
"PhonAlign",818.975,819.145,"E"
"PhonAlign",819.145,819.205,"n"
"PhonAlign",819.205,819.285,"@"
"PhonAlign",819.285,823.46,"#"
"PhonAlign",823.46,823.5,"m"
"PhonAlign",823.5,823.58,"w"
"PhonAlign",823.58,823.64,"A/"
"PhonAlign",823.64,823.705,"Z"
"PhonAlign",823.705,831.935,"#"
"PhonAlign",831.935,832.125,"A/"
"PhonAlign",832.125,832.2049999999999,"m"
"PhonAlign",832.2049999999999,832.255,"w"
"PhonAlign",832.255,832.285,"A/"
"PhonAlign",832.285,832.3649999999999,"Z"
"PhonAlign",832.3649999999999,832.6149999999999,"p"
"PhonAlign",832.6149999999999,832.6949999999999,"a~"
"PhonAlign",832.6949999999999,832.8149999999999,"s"
"PhonAlign",832.8149999999999,832.8549999999999,"a~"
"PhonAlign",832.8549999999999,832.885,"v"
"PhonAlign",832.885,832.9449999999999,"R"
"PhonAlign",832.9449999999999,832.9949999999999,"E"
"PhonAlign",832.9949999999999,833.0749999999999,"d"
"PhonAlign",833.0749999999999,833.1049999999999,"v"
"PhonAlign",833.1049999999999,833.135,"R"
"PhonAlign",833.135,833.2049999999999,"E"
"PhonAlign",833.2049999999999,833.3349999999999,"S"
"PhonAlign",833.3349999999999,833.375,"s"
"PhonAlign",833.375,833.4449999999999,"y"
"PhonAlign",833.4449999999999,833.4749999999999,"i"
"PhonAlign",833.4749999999999,833.555,"p"
"PhonAlign",833.555,833.5849999999999,"A/"
"PhonAlign",833.5849999999999,834.41,"fp"
"PhonAlign",834.41,841.1,"#"
"PhonAlign",841.1,841.21,"s"
"PhonAlign",841.21,841.25,"e"
"PhonAlign",841.25,841.4,"w"
"PhonAlign",841.4,841.555,"E"
"PhonAlign",841.555,849.42,"#"
"PhonAlign",849.42,849.56,"w"
"PhonAlign",849.56,849.732188,"E"
"PhonAlign",849.732188,851.34,"#"
"PhonAlign",851.34,851.4100000000001,"m"
"PhonAlign",851.4100000000001,851.52,"A/"
"PhonAlign",851.52,851.58,"p"
"PhonAlign",851.58,851.62,"R"
"PhonAlign",851.62,851.65,"e"
"PhonAlign",851.65,851.69,"s"
"PhonAlign",851.69,851.75,"t"
"PhonAlign",851.75,851.8000000000001,"E"
"PhonAlign",851.8000000000001,851.87,"p"
"PhonAlign",851.87,851.9300000000001,"A/"
"PhonAlign",851.9300000000001,852.0300000000001,"S"
"PhonAlign",852.0300000000001,852.0600000000001,"O/"
"PhonAlign",852.0600000000001,852.09,"l"
"PhonAlign",852.09,852.12,"v"
"PhonAlign",852.12,852.2,"a~"
"PhonAlign",852.2,852.23,"d"
"PhonAlign",852.23,852.27,"R"
"PhonAlign",852.27,852.35,"2"
"PhonAlign",852.35,852.39,"d"
"PhonAlign",852.39,852.5,"i"
"PhonAlign",852.5,852.72,"s"
"PhonAlign",852.72,852.7900000000001,"i"
"PhonAlign",852.7900000000001,853.0,"t"
"PhonAlign",853.0,853.08,"s"
"PhonAlign",853.08,853.11,"y"
"PhonAlign",853.11,853.14,"i"
"PhonAlign",853.14,853.2,"t"
"PhonAlign",853.2,853.2800000000001,"O~"
"PhonAlign",853.2800000000001,853.32,"p"
"PhonAlign",853.32,853.39,"R"
"PhonAlign",853.39,853.44,"U~/"
"PhonAlign",853.44,853.5400000000001,"s"
"PhonAlign",853.5400000000001,853.57,"i"
"PhonAlign",853.57,853.63,"p"
"PhonAlign",853.63,853.6700000000001,"t"
"PhonAlign",853.6700000000001,853.71,"e"
"PhonAlign",853.71,853.7800000000001,"p"
"PhonAlign",853.7800000000001,853.82,"A/"
"PhonAlign",853.82,853.9300000000001,"S"
"PhonAlign",853.9300000000001,853.99,"O/"
"PhonAlign",853.99,854.0600000000001,"l"
"PhonAlign",854.0600000000001,854.14,"@"
"PhonAlign",854.14,854.1800000000001,"l"
"PhonAlign",854.1800000000001,854.27,"U~/"
"PhonAlign",854.27,854.36,"d"
"PhonAlign",854.36,854.4,"i"
"PhonAlign",854.4,854.4300000000001,"n"
"PhonAlign",854.4300000000001,854.52,"O~"
"PhonAlign",854.52,854.59,"p"
"PhonAlign",854.59,854.62,"l"
"PhonAlign",854.62,854.665,"y"
"PhonAlign",854.665,855.985,"#"
"PhonAlign",855.985,856.025,"m"
"PhonAlign",856.025,856.085,"O/"
"PhonAlign",856.085,856.285,"k"
"PhonAlign",856.285,856.320839,"E"
"PhonAlign",856.320839,860.925,"#"
"PhonAlign",860.925,860.9649999999999,"w"
"PhonAlign",860.9649999999999,861.2049999999999,"E"
"PhonAlign",861.2049999999999,861.285,"m"
"PhonAlign",861.285,861.3349999999999,"E"
"PhonAlign",861.3349999999999,861.505,"s"
"PhonAlign",861.505,861.5749999999999,"i"
"PhonAlign",861.5749999999999,861.665,"p"
"PhonAlign",861.665,861.6949999999999,"A/"
"PhonAlign",861.6949999999999,861.745,"R"
"PhonAlign",861.745,861.8249999999999,"t"
"PhonAlign",861.8249999999999,861.885,"a~"
"PhonAlign",861.885,861.915,"v"
"PhonAlign",861.915,861.9749999999999,"A/"
"PhonAlign",861.9749999999999,862.035,"k"
"PhonAlign",862.035,862.115,"a~"
"PhonAlign",862.115,862.165,"s"
"PhonAlign",862.165,862.1949999999999,"i"
"PhonAlign",862.1949999999999,862.2349999999999,"p"
"PhonAlign",862.2349999999999,862.265,"A/"
"PhonAlign",862.265,862.3249999999999,"R"
"PhonAlign",862.3249999999999,862.365,"t"
"PhonAlign",862.365,862.425,"a~"
"PhonAlign",862.425,862.4549999999999,"v"
"PhonAlign",862.4549999999999,862.535,"A/"
"PhonAlign",862.535,862.5949999999999,"k"
"PhonAlign",862.5949999999999,862.685,"a~"
"PhonAlign",862.685,862.795,"s"
"PhonAlign",862.795,862.8249999999999,"l"
"PhonAlign",862.8249999999999,862.875,"@"
"PhonAlign",862.875,862.905,"v"
"PhonAlign",862.905,863.015,"a~"
"PhonAlign",863.015,863.055,"d"
"PhonAlign",863.055,863.0949999999999,"R"
"PhonAlign",863.0949999999999,863.175,"2"
"PhonAlign",863.175,863.2249999999999,"d"
"PhonAlign",863.2249999999999,863.295,"i"
"PhonAlign",863.295,863.3349999999999,"i"
"PhonAlign",863.3349999999999,863.395,"z"
"PhonAlign",863.395,863.4749999999999,"O~"
"PhonAlign",863.4749999999999,863.515,"R"
"PhonAlign",863.515,863.5849999999999,"E"
"PhonAlign",863.5849999999999,863.625,"y"
"PhonAlign",863.625,863.655,"n"
"PhonAlign",863.655,863.6949999999999,"j"
"PhonAlign",863.6949999999999,863.775,"O~"
"PhonAlign",863.775,863.8149999999999,"O/"
"PhonAlign",863.8149999999999,863.915,"s"
"PhonAlign",863.915,864.005,"i"
"PhonAlign",864.005,864.2249999999999,"U~/"
"PhonAlign",864.2249999999999,864.295,"m"
"PhonAlign",864.295,864.3449999999999,"A/"
"PhonAlign",864.3449999999999,864.395,"g"
"PhonAlign",864.395,864.435,"A/"
"PhonAlign",864.435,864.515,"t"
"PhonAlign",864.515,864.61,"e"
"PhonAlign",864.61,866.14,"#"
"PhonAlign",866.14,866.21,"b"
"PhonAlign",866.21,866.75,"U~/"
"PhonAlign",866.75,866.88,"t"
"PhonAlign",866.88,866.96,"t"
"PhonAlign",866.96,867.05,"R"
"PhonAlign",867.05,867.08,"A/"
"PhonAlign",867.08,867.11,"v"
"PhonAlign",867.11,867.15,"A/"
"PhonAlign",867.15,867.18,"j"
"PhonAlign",867.18,867.26,"d"
"PhonAlign",867.26,867.34,"l"
"PhonAlign",867.34,867.42,"U~/"
"PhonAlign",867.42,867.47,"d"
"PhonAlign",867.47,867.5,"i"
"PhonAlign",867.5,867.59,"A/"
"PhonAlign",867.59,867.62,"v"
"PhonAlign",867.62,867.6999999999999,"a~"
"PhonAlign",867.6999999999999,867.74,"d"
"PhonAlign",867.74,867.8,"R"
"PhonAlign",867.8,867.85,"2"
"PhonAlign",867.85,867.89,"d"
"PhonAlign",867.89,867.98,"i"
"PhonAlign",867.98,868.02,"S"
"PhonAlign",868.02,868.05,"s"
"PhonAlign",868.05,868.08,"y"
"PhonAlign",868.08,868.11,"i"
"PhonAlign",868.11,868.14,"d"
"PhonAlign",868.14,868.17,"e"
"PhonAlign",868.17,868.26,"z"
"PhonAlign",868.26,868.33,"O/"
"PhonAlign",868.33,868.36,"l"
"PhonAlign",868.36,868.91,"e"
"PhonAlign",868.91,869.912652,"#"
"PhonAlign",869.912652,870.002652,"m"
"PhonAlign",870.002652,870.425972,"noise"
"PhonAlign",870.425972,873.781249,"#"
"PhonAlign",873.781249,874.492083,"noise"
"PhonAlign",874.492083,875.99,"#"
"PhonAlign",875.99,876.03,"d"
"PhonAlign",876.03,876.0600000000001,"y"
"PhonAlign",876.0600000000001,876.09,"k"
"PhonAlign",876.09,876.12,"u"
"PhonAlign",876.12,876.15,"O~"
"PhonAlign",876.15,876.1800000000001,"p"
"PhonAlign",876.1800000000001,876.22,"@"
"PhonAlign",876.22,876.3,"s"
"PhonAlign",876.3,876.33,"f"
"PhonAlign",876.33,876.37,"E"
"PhonAlign",876.37,876.45,"R"
"PhonAlign",876.45,876.5600000000001,"s"
"PhonAlign",876.5600000000001,876.59,"i"
"PhonAlign",876.59,876.62,"n"
"PhonAlign",876.62,876.69,"O~"
"PhonAlign",876.69,876.76,"O~"
"PhonAlign",876.76,876.83,"p"
"PhonAlign",876.83,876.88,"@"
"PhonAlign",876.88,876.95,"f"
"PhonAlign",876.95,876.98,"E"
"PhonAlign",876.98,877.04,"R"
"PhonAlign",877.04,877.1,"s"
"PhonAlign",877.1,877.14,"A/"
"PhonAlign",877.14,877.2,"l"
"PhonAlign",877.2,877.28,"@"
"PhonAlign",877.28,877.36,"Z"
"PhonAlign",877.36,877.45,"2"
"PhonAlign",877.45,877.5,"d"
"PhonAlign",877.5,877.69,"i"
"PhonAlign",877.69,878.67,"#"
"PhonAlign",878.67,878.8199999999999,"Z"
"PhonAlign",878.8199999999999,878.91,"2"
"PhonAlign",878.91,878.9599999999999,"d"
"PhonAlign",878.9599999999999,879.0899999999999,"i"
"PhonAlign",879.0899999999999,879.1999999999999,"s"
"PhonAlign",879.1999999999999,879.2299999999999,"e"
"PhonAlign",879.2299999999999,879.3399999999999,"a~"
"PhonAlign",879.3399999999999,879.43,"f"
"PhonAlign",879.43,879.52,"U~/"
"PhonAlign",879.52,879.55,"d"
"PhonAlign",879.55,879.67,"s"
"PhonAlign",879.67,879.74,"@"
"PhonAlign",879.74,879.8,"m"
"PhonAlign",879.8,879.9399999999999,"E"
"PhonAlign",879.9399999999999,879.99,"n"
"PhonAlign",879.99,880.0799999999999,"t"
"PhonAlign",880.0799999999999,880.14,"E"
"PhonAlign",880.14,880.17,"l"
"PhonAlign",880.17,880.26,"A/"
"PhonAlign",880.26,880.3399999999999,"t"
"PhonAlign",880.3399999999999,880.43,"A/"
"PhonAlign",880.43,880.52,"t"
"PhonAlign",880.52,880.61,"A/"
"PhonAlign",880.61,880.66,"f"
"PhonAlign",880.66,880.7199999999999,"f"
"PhonAlign",880.7199999999999,880.89,"e"
"PhonAlign",880.89,880.93,"l"
"PhonAlign",880.93,881.0699999999999,"A/"
"PhonAlign",881.0699999999999,881.13,"v"
"PhonAlign",881.13,881.24,"E"
"PhonAlign",881.24,881.27,"j"
"PhonAlign",881.27,881.42,"t"
"PhonAlign",881.42,881.49,"R"
"PhonAlign",881.49,881.5999999999999,"a~"
"PhonAlign",881.5999999999999,881.64,"t"
"PhonAlign",881.64,881.7199999999999,"R"
"PhonAlign",881.7199999999999,881.77,"@"
"PhonAlign",881.77,881.8499999999999,"d"
"PhonAlign",881.8499999999999,881.9,"y"
"PhonAlign",881.9,881.9499999999999,"n"
"PhonAlign",881.9499999999999,881.99,"d"
"PhonAlign",881.99,882.02,"y"
"PhonAlign",882.02,882.0899999999999,"n"
"PhonAlign",882.0899999999999,882.12,"A/"
"PhonAlign",882.12,882.28,"p"
"PhonAlign",882.28,882.42,"R"
"PhonAlign",882.42,882.4499999999999,"E"
"PhonAlign",882.4499999999999,882.4799999999999,"m"
"PhonAlign",882.4799999999999,882.51,"i"
"PhonAlign",882.51,882.56,"d"
"PhonAlign",882.56,882.725,"i"
"PhonAlign",882.725,886.465,"#"
"PhonAlign",886.465,886.585,"Z"
"PhonAlign",886.585,886.6650000000001,"2"
"PhonAlign",886.6650000000001,886.725,"d"
"PhonAlign",886.725,886.765,"i"
"PhonAlign",886.765,886.855,"a~"
"PhonAlign",886.855,886.9350000000001,"p"
"PhonAlign",886.9350000000001,886.965,"E"
"PhonAlign",886.965,886.995,"R"
"PhonAlign",886.995,887.025,"j"
"PhonAlign",887.025,887.0550000000001,"O/"
"PhonAlign",887.0550000000001,887.085,"d"
"PhonAlign",887.085,887.145,"s"
"PhonAlign",887.145,887.215,"k"
"PhonAlign",887.215,887.275,"O/"
"PhonAlign",887.275,887.3050000000001,"l"
"PhonAlign",887.3050000000001,887.375,"E"
"PhonAlign",887.375,887.41,"R"
"PhonAlign",887.41,888.125,"#"
"PhonAlign",888.125,888.405,"A/"
"PhonAlign",888.405,888.515,"p"
"PhonAlign",888.515,888.545,"R"
"PhonAlign",888.545,888.615,"e"
"PhonAlign",888.615,889.31,"fp"
"PhonAlign",889.31,894.535,"#"
"PhonAlign",894.535,895.045,"A/"
"PhonAlign",895.045,895.1949999999999,"w"
"PhonAlign",895.1949999999999,895.3249999999999,"E"
"PhonAlign",895.3249999999999,895.4449999999999,"d"
"PhonAlign",895.4449999999999,895.505,"@"
"PhonAlign",895.505,895.615,"u"
"PhonAlign",895.615,895.74666,"f"
"PhonAlign",895.74666,896.12,"#"
"PhonAlign",896.12,896.16,"d"
"PhonAlign",896.16,896.34,"@"
"PhonAlign",896.34,896.49,"u"
"PhonAlign",896.49,896.681636,"f"
"PhonAlign",896.681636,897.435,"#"
"PhonAlign",897.435,897.4849999999999,"d"
"PhonAlign",897.4849999999999,897.525,"@"
"PhonAlign",897.525,897.5849999999999,"u"
"PhonAlign",897.5849999999999,897.6149999999999,"f"
"PhonAlign",897.6149999999999,897.675,"Z"
"PhonAlign",897.675,897.7049999999999,"y"
"PhonAlign",897.7049999999999,897.755,"s"
"PhonAlign",897.755,897.805,"t"
"PhonAlign",897.805,897.8649999999999,"A/"
"PhonAlign",897.8649999999999,897.915,"p"
"PhonAlign",897.915,897.9749999999999,"R"
"PhonAlign",897.9749999999999,898.015,"e"
"PhonAlign",898.015,898.045,"l"
"PhonAlign",898.045,898.0949999999999,"E"
"PhonAlign",898.0949999999999,898.125,"v"
"PhonAlign",898.125,898.1949999999999,"A/"
"PhonAlign",898.1949999999999,898.265,"k"
"PhonAlign",898.265,898.3449999999999,"a~"
"PhonAlign",898.3449999999999,898.38,"s"
"PhonAlign",898.38,903.005,"#"
"PhonAlign",903.005,903.085,"Z"
"PhonAlign",903.085,903.115,"y"
"PhonAlign",903.115,903.175,"s"
"PhonAlign",903.175,903.215,"t"
"PhonAlign",903.215,903.305,"A/"
"PhonAlign",903.305,903.395,"p"
"PhonAlign",903.395,903.425,"R"
"PhonAlign",903.425,903.465,"e"
"PhonAlign",903.465,903.535,"u"
"PhonAlign",903.535,903.565,"Z"
"PhonAlign",903.565,903.595,"y"
"PhonAlign",903.595,903.625,"s"
"PhonAlign",903.625,903.675,"t"
"PhonAlign",903.675,903.715,"A/"
"PhonAlign",903.715,903.745,"v"
"PhonAlign",903.745,903.835,"a~"
"PhonAlign",903.835,903.865,"l"
"PhonAlign",903.865,903.935,"E"
"PhonAlign",903.935,903.965,"v"
"PhonAlign",903.965,904.035,"A/"
"PhonAlign",904.035,904.105,"k"
"PhonAlign",904.105,904.185,"a~"
"PhonAlign",904.185,904.225,"s"
"PhonAlign",904.225,906.57,"#"
"PhonAlign",906.57,906.72,"A/"
"PhonAlign",906.72,906.78,"p"
"PhonAlign",906.78,906.85,"R"
"PhonAlign",906.85,906.88,"e"
"PhonAlign",906.88,906.91,"u"
"PhonAlign",906.91,906.97,"b"
"PhonAlign",906.97,907.0,"l"
"PhonAlign",907.0,907.06,"i"
"PhonAlign",907.06,907.11,"e"
"PhonAlign",907.11,907.19,"p"
"PhonAlign",907.19,907.25,"A/"
"PhonAlign",907.25,907.33,"p"
"PhonAlign",907.33,907.36,"E"
"PhonAlign",907.36,907.39,"R"
"PhonAlign",907.39,907.42,"j"
"PhonAlign",907.42,907.45,"O/"
"PhonAlign",907.45,907.51,"d"
"PhonAlign",907.51,907.54,"t"
"PhonAlign",907.54,907.6,"n"
"PhonAlign",907.6,907.72,"O/"
"PhonAlign",907.72,907.77,"E"
"PhonAlign",907.77,907.81,"l"
"PhonAlign",907.81,907.84,"l"
"PhonAlign",907.84,907.9,"e"
"PhonAlign",907.9,907.98,"k"
"PhonAlign",907.98,908.07,"A/"
"PhonAlign",908.07,908.14,"d"
"PhonAlign",908.14,908.26,"O/"
"PhonAlign",908.26,908.3,"l"
"PhonAlign",908.3,908.35,"e"
"PhonAlign",908.35,908.46,"z"
"PhonAlign",908.46,908.52,"i"
"PhonAlign",908.52,908.62,"f"
"PhonAlign",908.62,908.68,"O/"
"PhonAlign",908.68,908.74,"n"
"PhonAlign",908.74,908.79,"E"
"PhonAlign",908.79,908.87,"t"
"PhonAlign",908.87,908.9,"u"
"PhonAlign",908.9,908.99,"s"
"PhonAlign",908.99,909.07,"i"
"PhonAlign",909.07,909.11,"v"
"PhonAlign",909.11,909.2,"A/"
"PhonAlign",909.2,909.315,"U~/"
"PhonAlign",909.315,910.065,"#"
"PhonAlign",910.065,910.125,"d"
"PhonAlign",910.125,910.175,"O~"
"PhonAlign",910.175,910.225,"k"
"PhonAlign",910.225,910.315,"s"
"PhonAlign",910.315,910.555,"e"
"PhonAlign",910.555,910.645,"p"
"PhonAlign",910.645,910.685,"A/"
"PhonAlign",910.685,910.725,"y"
"PhonAlign",910.725,910.765,"n"
"PhonAlign",910.765,910.795,"m"
"PhonAlign",910.795,910.875,"O/"
"PhonAlign",910.875,910.925,"v"
"PhonAlign",910.925,910.995,"E"
"PhonAlign",910.995,911.045,"z"
"PhonAlign",911.045,911.105,"S"
"PhonAlign",911.105,911.195,"O/"
"PhonAlign",911.195,911.265,"z"
"PhonAlign",911.265,911.315,"w"
"PhonAlign",911.315,911.42,"E"
"PhonAlign",911.42,912.96,"#"
"PhonAlign",912.96,913.0,"w"
"PhonAlign",913.0,913.32,"E"
"PhonAlign",913.32,913.37,"d"
"PhonAlign",913.37,913.46,"O~"
"PhonAlign",913.46,913.5,"Z"
"PhonAlign",913.5,913.53,"y"
"PhonAlign",913.53,913.6,"s"
"PhonAlign",913.6,913.66,"A/"
"PhonAlign",913.66,913.69,"p"
"PhonAlign",913.69,913.74,"R"
"PhonAlign",913.74,913.78,"E"
"PhonAlign",913.78,913.81,"l"
"PhonAlign",913.81,913.86,"E"
"PhonAlign",913.86,913.89,"v"
"PhonAlign",913.89,913.95,"A/"
"PhonAlign",913.95,914.03,"k"
"PhonAlign",914.03,914.09,"a~"
"PhonAlign",914.09,914.14,"s"
"PhonAlign",914.14,914.17,"d"
"PhonAlign",914.17,914.21,"@"
"PhonAlign",914.21,914.25,"n"
"PhonAlign",914.25,914.35,"O/"
"PhonAlign",914.35,914.41,"E"
"PhonAlign",914.41,914.44,"l"
"PhonAlign",914.44,914.51,"U~/"
"PhonAlign",914.51,914.58,"Z"
"PhonAlign",914.58,914.66,"2"
"PhonAlign",914.66,914.7,"d"
"PhonAlign",914.7,914.815,"i"
"PhonAlign",914.815,915.045,"#"
"PhonAlign",915.045,915.155,"U~/"
"PhonAlign",915.155,915.225,"Z"
"PhonAlign",915.225,915.265,"2"
"PhonAlign",915.265,915.305,"d"
"PhonAlign",915.305,915.355,"i"
"PhonAlign",915.355,915.455,"s"
"PhonAlign",915.455,915.485,"e"
"PhonAlign",915.485,915.515,"b"
"PhonAlign",915.515,915.545,"j"
"PhonAlign",915.545,915.612188,"U~/"
"PhonAlign",915.612188,927.74,"#"
"PhonAlign",927.74,927.78,"b"
"PhonAlign",927.78,927.81,"A/"
"PhonAlign",927.81,927.93,"k"
"PhonAlign",927.93,927.96,"u"
"PhonAlign",927.96,928.02,"n"
"PhonAlign",928.02,928.12,"A/"
"PhonAlign",928.12,928.15,"j"
"PhonAlign",928.15,928.185,"t"
"PhonAlign",928.185,932.655,"#"
"PhonAlign",932.655,932.705,"v"
"PhonAlign",932.705,932.815,"A/"
"PhonAlign",932.815,932.915,"z"
"PhonAlign",932.915,932.955,"i"
"PhonAlign",932.955,933.005,"S"
"PhonAlign",933.005,933.055,"t"
"PhonAlign",933.055,933.085,"e"
"PhonAlign",933.085,933.185,"k"
"PhonAlign",933.185,933.235,"u"
"PhonAlign",933.235,933.27,"t"
"PhonAlign",933.27,937.18,"#"
"PhonAlign",937.18,937.23,"n"
"PhonAlign",937.23,937.49,"O/"
"PhonAlign",937.49,939.340699,"#"
"PhonAlign",939.340699,939.420699,"S"
"PhonAlign",939.420699,939.450699,"s"
"PhonAlign",939.450699,939.480699,"y"
"PhonAlign",939.480699,939.510699,"i"
"PhonAlign",939.510699,939.540699,"d"
"PhonAlign",939.540699,939.570699,"A/"
"PhonAlign",939.570699,939.700699,"k"
"PhonAlign",939.700699,939.730699,"O/"
"PhonAlign",939.730699,939.760699,"R"
"PhonAlign",939.760699,939.860699,"A/"
"PhonAlign",939.860699,939.920699,"v"
"PhonAlign",939.920699,939.970699,"E"
"PhonAlign",939.970699,940.030699,"k"
"PhonAlign",940.030699,940.110699,"t"
"PhonAlign",940.110699,940.180699,"w"
"PhonAlign",940.180699,940.232813,"A/"
"PhonAlign",940.232813,950.73,"#"
"PhonAlign",950.73,950.77,"d"
"PhonAlign",950.77,950.8,"A/"
"PhonAlign",950.8,950.84,"k"
"PhonAlign",950.84,950.87,"O/"
"PhonAlign",950.87,950.9,"R"
"PhonAlign",950.9,950.94,"A/"
"PhonAlign",950.94,950.97,"v"
"PhonAlign",950.97,951.02,"E"
"PhonAlign",951.02,951.06,"k"
"PhonAlign",951.06,951.13,"t"
"PhonAlign",951.13,951.17,"w"
"PhonAlign",951.17,951.27,"A/"
"PhonAlign",951.27,957.7,"#"
"PhonAlign",957.7,957.8,"w"
"PhonAlign",957.8,957.92,"E"
"PhonAlign",957.92,958.0,"n"
"PhonAlign",958.0,958.11,"a~"
"PhonAlign",958.11,958.17,"m"
"PhonAlign",958.17,958.3,"a~"
"PhonAlign",958.3,958.38,"f"
"PhonAlign",958.38,958.46,"E"
"PhonAlign",958.46,958.5,"t"
"PhonAlign",958.5,958.58,"s"
"PhonAlign",958.58,958.63,"e"
"PhonAlign",958.63,958.74,"s"
"PhonAlign",958.74,958.77,"y"
"PhonAlign",958.77,958.81,"R"
"PhonAlign",958.81,958.89,"t"
"PhonAlign",958.89,958.94,"u"
"PhonAlign",958.94,958.98,"k"
"PhonAlign",958.98,959.06,"s"
"PhonAlign",959.06,959.14,"A/"
"PhonAlign",959.14,959.18,"v"
"PhonAlign",959.18,959.27,"A/"
"PhonAlign",959.27,959.35,"p"
"PhonAlign",959.35,959.46,"A/"
"PhonAlign",959.46,959.5,"A/"
"PhonAlign",959.5,959.54,"v"
"PhonAlign",959.54,959.62,"E"
"PhonAlign",959.62,959.74,"k"
"PhonAlign",959.74,959.97,"l"
"PhonAlign",959.97,960.02,"@"
"PhonAlign",960.02,960.15,"t"
"PhonAlign",960.15,960.22,"E"
"PhonAlign",960.22,960.3,"m"
"PhonAlign",960.3,960.39,"d"
"PhonAlign",960.39,960.53,"@"
"PhonAlign",960.53,960.59,"s"
"PhonAlign",960.59,960.64,"k"
"PhonAlign",960.64,960.67,"O~"
"PhonAlign",960.67,960.71,"v"
"PhonAlign",960.71,960.77,"@"
"PhonAlign",960.77,960.83,"f"
"PhonAlign",960.83,960.88,"E"
"PhonAlign",960.88,960.915,"R"
"PhonAlign",960.915,961.11,"#"
"PhonAlign",961.11,961.24,"l"
"PhonAlign",961.24,961.37,"k"
"PhonAlign",961.37,961.46,"O~"
"PhonAlign",961.46,961.55,"s"
"PhonAlign",961.55,961.59,"E"
"PhonAlign",961.59,961.62,"R"
"PhonAlign",961.62,961.65,"l"
"PhonAlign",961.65,961.68,"A/"
"PhonAlign",961.68,961.71,"d"
"PhonAlign",961.71,961.74,"E"
"PhonAlign",961.74,961.77,"R"
"PhonAlign",961.77,961.8,"n"
"PhonAlign",961.8,961.83,"j"
"PhonAlign",961.83,961.86,"E"
"PhonAlign",961.86,961.92,"R"
"PhonAlign",961.92,962.01,"f"
"PhonAlign",962.01,962.05,"w"
"PhonAlign",962.05,962.09,"A/"
"PhonAlign",962.09,962.16,"p"
"PhonAlign",962.16,962.19,"A/"
"PhonAlign",962.19,962.23,"R"
"PhonAlign",962.23,962.27,"E"
"PhonAlign",962.27,962.3,"g"
"PhonAlign",962.3,962.37,"z"
"PhonAlign",962.37,962.49,"a~"
"PhonAlign",962.49,962.52,"p"
"PhonAlign",962.52,962.555,"l"
"PhonAlign",962.555,963.08,"#"
"PhonAlign",963.08,963.12,"k"
"PhonAlign",963.12,963.15,"t"
"PhonAlign",963.15,963.19,"E"
"PhonAlign",963.19,963.22,"U~/"
"PhonAlign",963.22,963.25,"b"
"PhonAlign",963.25,963.28,"y"
"PhonAlign",963.28,963.33,"t"
"PhonAlign",963.33,963.37,"l"
"PhonAlign",963.37,963.4,"y"
"PhonAlign",963.4,963.45,"k"
"PhonAlign",963.45,963.52,"R"
"PhonAlign",963.52,963.58,"A/"
"PhonAlign",963.58,963.64,"t"
"PhonAlign",963.64,963.73,"i"
"PhonAlign",963.73,963.77,"f"
"PhonAlign",963.77,964.535,"#"
"PhonAlign",964.535,964.745,"O~"
"PhonAlign",964.745,964.825,"n"
"PhonAlign",964.825,964.935,"U~/"
"PhonAlign",964.935,964.985,"v"
"PhonAlign",964.985,965.065,"E"
"PhonAlign",965.065,965.235,"s"
"PhonAlign",965.235,965.265,"t"
"PhonAlign",965.265,965.385,"i"
"PhonAlign",965.385,965.585,"p"
"PhonAlign",965.585,965.685,"u"
"PhonAlign",965.685,965.915,"R"
"PhonAlign",965.915,966.025,"A/"
"PhonAlign",966.025,966.065,"v"
"PhonAlign",966.065,966.155,"w"
"PhonAlign",966.155,966.185,"A/"
"PhonAlign",966.185,966.215,"R"
"PhonAlign",966.215,966.255,"U~/"
"PhonAlign",966.255,966.285,"R"
"PhonAlign",966.285,966.325,"@"
"PhonAlign",966.325,966.395,"t"
"PhonAlign",966.395,966.425,"u"
"PhonAlign",966.425,966.455,"R"
"PhonAlign",966.455,966.495,"s"
"PhonAlign",966.495,966.525,"y"
"PhonAlign",966.525,966.555,"R"
"PhonAlign",966.555,966.635,"U~/"
"PhonAlign",966.635,966.675,"v"
"PhonAlign",966.675,966.725,"E"
"PhonAlign",966.725,966.775,"s"
"PhonAlign",966.775,966.825,"t"
"PhonAlign",966.825,966.855,"i"
"PhonAlign",966.855,966.895,"s"
"PhonAlign",966.895,966.925,"2"
"PhonAlign",966.925,966.965,"m"
"PhonAlign",966.965,967.06,"a~"
"PhonAlign",967.06,967.56,"#"
"PhonAlign",967.56,967.65,"l"
"PhonAlign",967.65,967.78,"A/"
"PhonAlign",967.78,967.85,"n"
"PhonAlign",967.85,967.89,"O/"
"PhonAlign",967.89,968.0,"t"
"PhonAlign",968.0,968.06,"b"
"PhonAlign",968.06,968.18,"y"
"PhonAlign",968.18,968.255,"t"
"PhonAlign",968.255,968.635,"#"
"PhonAlign",968.635,968.675,"s"
"PhonAlign",968.675,968.705,"e"
"PhonAlign",968.705,968.775,"t"
"PhonAlign",968.775,968.845,"p"
"PhonAlign",968.845,968.875,"R"
"PhonAlign",968.875,969.255,"e"
"PhonAlign",969.255,969.355,"s"
"PhonAlign",969.355,969.385,"e"
"PhonAlign",969.385,969.415,"d"
"PhonAlign",969.415,969.445,"l"
"PhonAlign",969.445,969.475,"A/"
"PhonAlign",969.475,969.525,"p"
"PhonAlign",969.525,969.585,"R"
"PhonAlign",969.585,969.615,"E"
"PhonAlign",969.615,969.645,"v"
"PhonAlign",969.645,969.725,"a~"
"PhonAlign",969.725,969.825,"s"
"PhonAlign",969.825,969.855,"j"
"PhonAlign",969.855,970.01,"O~"
"PhonAlign",970.01,970.49,"#"
"PhonAlign",970.49,970.53,"p"
"PhonAlign",970.53,970.57,"A/"
"PhonAlign",970.57,970.61,"b"
"PhonAlign",970.61,970.67,"z"
"PhonAlign",970.67,970.7,"w"
"PhonAlign",970.7,970.75,"U~/"
"PhonAlign",970.75,970.8,"d"
"PhonAlign",970.8,970.86,"U~/"
"PhonAlign",970.86,970.91,"v"
"PhonAlign",970.91,970.96,"E"
"PhonAlign",970.96,970.99,"s"
"PhonAlign",970.99,971.03,"t"
"PhonAlign",971.03,971.06,"i"
"PhonAlign",971.06,971.09,"R"
"PhonAlign",971.09,971.17,"E"
"PhonAlign",971.17,971.2,"n"
"PhonAlign",971.2,971.27,"O/"
"PhonAlign",971.27,971.3,"R"
"PhonAlign",971.3,971.33,"m"
"PhonAlign",971.33,971.37,"E"
"PhonAlign",971.37,971.44,"m"
"PhonAlign",971.44,971.615,"a~"
"PhonAlign",971.615,971.975,"#"
"PhonAlign",971.975,972.015,"f"
"PhonAlign",972.015,972.055,"O/"
"PhonAlign",972.055,972.085,"R"
"PhonAlign",972.085,972.115,"A/"
"PhonAlign",972.115,972.195,"m"
"PhonAlign",972.195,972.265,"2"
"PhonAlign",972.265,972.295,"n"
"PhonAlign",972.295,972.375,"e"
"PhonAlign",972.375,972.405,"d"
"PhonAlign",972.405,972.465,"p"
"PhonAlign",972.465,972.495,"E"
"PhonAlign",972.495,972.565,"R"
"PhonAlign",972.565,972.635,"s"
"PhonAlign",972.635,972.665,"O/"
"PhonAlign",972.665,972.715,"n"
"PhonAlign",972.715,972.835,"t"
"PhonAlign",972.835,972.875,"u"
"PhonAlign",972.875,973.015,"S"
"PhonAlign",973.015,973.065,"e"
"PhonAlign",973.065,973.225,"e"
"PhonAlign",973.225,973.265,"d"
"PhonAlign",973.265,973.325,"e"
"PhonAlign",973.325,973.395,"p"
"PhonAlign",973.395,973.425,"E"
"PhonAlign",973.425,973.465,"R"
"PhonAlign",973.465,973.525,"s"
"PhonAlign",973.525,973.555,"O/"
"PhonAlign",973.555,973.585,"n"
"PhonAlign",973.585,973.665,"k"
"PhonAlign",973.665,973.735,"O~"
"PhonAlign",973.735,973.775,"d"
"PhonAlign",973.775,973.805,"E"
"PhonAlign",973.805,973.895,"S"
"PhonAlign",973.895,973.965,"O/"
"PhonAlign",973.965,974.025,"z"
"PhonAlign",974.025,974.105,"A/"
"PhonAlign",974.105,974.155,"d"
"PhonAlign",974.155,974.205,"i"
"PhonAlign",974.205,974.255,"R"
"PhonAlign",974.255,974.335,"s"
"PhonAlign",974.335,974.365,"y"
"PhonAlign",974.365,974.395,"R"
"PhonAlign",974.395,974.425,"n"
"PhonAlign",974.425,974.495,"O/"
"PhonAlign",974.495,974.535,"t"
"PhonAlign",974.535,974.585,"t"
"PhonAlign",974.585,974.635,"E"
"PhonAlign",974.635,974.685,"m"
"PhonAlign",974.685,974.765,"s"
"PhonAlign",974.765,974.795,"y"
"PhonAlign",974.795,974.845,"R"
"PhonAlign",974.845,974.905,"t"
"PhonAlign",974.905,975.02,"u"
"PhonAlign",975.02,977.545,"#"
"PhonAlign",977.545,977.655,"w"
"PhonAlign",977.655,977.685,"E"
"PhonAlign",977.685,977.715,"w"
"PhonAlign",977.715,977.982188,"E"
"PhonAlign",977.982188,980.861916,"#"
"PhonAlign",980.861916,981.842867,"noise"
"PhonAlign",981.842867,982.54,"#"
"PhonAlign",982.54,982.58,"Z"
"PhonAlign",982.58,982.62,"s"
"PhonAlign",982.62,982.65,"y"
"PhonAlign",982.65,982.68,"i"
"PhonAlign",982.68,982.73,"d"
"PhonAlign",982.73,982.76,"A/"
"PhonAlign",982.76,982.79,"k"
"PhonAlign",982.79,982.82,"O/"
"PhonAlign",982.82,982.85,"R"
"PhonAlign",982.85,982.89,"A/"
"PhonAlign",982.89,982.93,"v"
"PhonAlign",982.93,982.97,"E"
"PhonAlign",982.97,983.02,"k"
"PhonAlign",983.02,983.08,"t"
"PhonAlign",983.08,983.11,"w"
"PhonAlign",983.11,983.14,"A/"
"PhonAlign",983.14,983.17,"O/"
"PhonAlign",983.17,983.3,"s"
"PhonAlign",983.3,983.35,"i"
"PhonAlign",983.35,983.38,"w"
"PhonAlign",983.38,983.485,"E"
"PhonAlign",983.485,998.47,"#"
"PhonAlign",998.47,998.56,"A/"
"PhonAlign",998.56,998.65,"p"
"PhonAlign",998.65,998.75,"R"
"PhonAlign",998.75,998.78,"E"
"PhonAlign",998.78,998.82,"O~"
"PhonAlign",998.82,998.87,"n"
"PhonAlign",998.87,998.93,"A/"
"PhonAlign",998.93,999.04,"k"
"PhonAlign",999.04,999.07,"O~"
"PhonAlign",999.07,999.14,"b"
"PhonAlign",999.14,999.17,"j"
"PhonAlign",999.17,999.23,"U~/"
"PhonAlign",999.23,999.31,"d"
"PhonAlign",999.31,999.36,"@"
"PhonAlign",999.36,999.45,"k"
"PhonAlign",999.45,999.53,"A/"
"PhonAlign",999.53,999.57,"d"
"PhonAlign",999.57,999.61,"@"
"PhonAlign",999.61,999.78,"s"
"PhonAlign",999.78,999.81,"j"
"PhonAlign",999.81,999.86,"b"
"PhonAlign",999.86,999.92,"E"
"PhonAlign",999.92,999.96,"R"
"PhonAlign",999.96,999.99,"A/"
"PhonAlign",999.99,1000.09,"R"
"PhonAlign",1000.09,1000.18,"s"
"PhonAlign",1000.18,1000.23,"E"
"PhonAlign",1000.23,1000.26,"l"
"PhonAlign",1000.26,1000.29,"2"
"PhonAlign",1000.29,1000.33,"m"
"PhonAlign",1000.33,1000.44,"a~"
"PhonAlign",1000.44,1000.53,"p"
"PhonAlign",1000.53,1000.6,"A/"
"PhonAlign",1000.6,1000.63,"l"
"PhonAlign",1000.63,1000.66,"w"
"PhonAlign",1000.66,1000.86,"U~/"
"PhonAlign",1000.86,1000.92,"S"
"PhonAlign",1000.92,1000.98,"p"
"PhonAlign",1000.98,1001.03,"a~"
"PhonAlign",1001.03,1001.12,"s"
"PhonAlign",1001.12,1001.17,"O~"
"PhonAlign",1001.17,1001.23,"n"
"PhonAlign",1001.23,1001.33,"a~"
"PhonAlign",1001.33,1001.44,"e"
"PhonAlign",1001.44,1001.61,"t"
"PhonAlign",1001.61,1001.69,"u"
"PhonAlign",1001.69,1001.72,"s"
"PhonAlign",1001.72,1001.75,"O/"
"PhonAlign",1001.75,1001.78,"k"
"PhonAlign",1001.78,1001.81,"u"
"PhonAlign",1001.81,1001.84,"R"
"PhonAlign",1001.84,1001.93,"a~"
"PhonAlign",1001.93,1002.03,"d"
"PhonAlign",1002.03,1002.26,"2"
"PhonAlign",1002.26,1002.32,"m"
"PhonAlign",1002.32,1002.37,"E"
"PhonAlign",1002.37,1002.42,"m"
"PhonAlign",1002.42,1002.51,"d"
"PhonAlign",1002.51,1002.71,"a~"
"PhonAlign",1002.71,1002.75,"n"
"PhonAlign",1002.75,1003.0,"O/"
"PhonAlign",1003.0,1003.07,"z"
"PhonAlign",1003.07,1003.2,"d"
"PhonAlign",1003.2,1003.28,"a~"
"PhonAlign",1003.28,1003.32,"z"
"PhonAlign",1003.32,1003.43,"n"
"PhonAlign",1003.43,1003.59,"O/"
"PhonAlign",1003.59,1003.69,"f"
"PhonAlign",1003.69,1003.77,"A/"
"PhonAlign",1003.77,1003.83,"m"
"PhonAlign",1003.83,1003.87,"i"
"PhonAlign",1003.87,1003.93,"j"
"PhonAlign",1003.93,1003.98,"e"
"PhonAlign",1003.98,1004.05,"t"
"PhonAlign",1004.05,1004.16,"u"
"PhonAlign",1004.16,1004.19,"d"
"PhonAlign",1004.19,1004.485,"@"
"PhonAlign",1004.485,1005.0,"#"
"PhonAlign",1005.0,1005.04,"k"
"PhonAlign",1005.04,1005.1,"A/"
"PhonAlign",1005.1,1005.15,"d"
"PhonAlign",1005.15,1005.23,"R"
"PhonAlign",1005.23,1005.26,"d"
"PhonAlign",1005.26,1005.31,"@"
"PhonAlign",1005.31,1005.38,"p"
"PhonAlign",1005.38,1005.42,"R"
"PhonAlign",1005.42,1005.48,"O/"
"PhonAlign",1005.48,1005.53,"k"
"PhonAlign",1005.53,1005.59,"s"
"PhonAlign",1005.59,1005.63,"i"
"PhonAlign",1005.63,1005.69,"m"
"PhonAlign",1005.69,1005.74,"i"
"PhonAlign",1005.74,1005.81,"t"
"PhonAlign",1005.81,1005.85,"e"
"PhonAlign",1005.85,1005.88,"E"
"PhonAlign",1005.88,1005.93,"t"
"PhonAlign",1005.93,1005.97,"s"
"PhonAlign",1005.97,1006.0,"E"
"PhonAlign",1006.0,1006.03,"t"
"PhonAlign",1006.03,1006.07,"E"
"PhonAlign",1006.07,1006.1,"R"
"PhonAlign",1006.1,1006.15,"A/"
"PhonAlign",1006.15,1006.2,"O~"
"PhonAlign",1006.2,1006.26,"n"
"PhonAlign",1006.26,1006.29,"k"
"PhonAlign",1006.29,1006.34,"O/"
"PhonAlign",1006.34,1006.38,"n"
"PhonAlign",1006.38,1006.43,"E"
"PhonAlign",1006.43,1006.48,"t"
"PhonAlign",1006.48,1006.54,"t"
"PhonAlign",1006.54,1006.57,"u"
"PhonAlign",1006.57,1006.66,"d"
"PhonAlign",1006.66,1006.74,"e"
"PhonAlign",1006.74,1006.81,"Z"
"PhonAlign",1006.81,1006.92,"a~"
"PhonAlign",1006.92,1007.02,"k"
"PhonAlign",1007.02,1007.08,"j"
"PhonAlign",1007.08,1007.14,"O~"
"PhonAlign",1007.14,1007.23,"s"
"PhonAlign",1007.23,1007.26,"y"
"PhonAlign",1007.26,1007.31,"b"
"PhonAlign",1007.31,1007.35,"i"
"PhonAlign",1007.35,1007.4,"d"
"PhonAlign",1007.4,1007.48,"y"
"PhonAlign",1007.48,1007.61,"s"
"PhonAlign",1007.61,1007.64,"j"
"PhonAlign",1007.64,1007.67,"b"
"PhonAlign",1007.67,1007.7,"E"
"PhonAlign",1007.7,1007.73,"R"
"PhonAlign",1007.73,1007.77,"A/"
"PhonAlign",1007.77,1007.82,"R"
"PhonAlign",1007.82,1007.91,"s"
"PhonAlign",1007.91,1007.95,"E"
"PhonAlign",1007.95,1007.98,"l"
"PhonAlign",1007.98,1008.01,"2"
"PhonAlign",1008.01,1008.04,"m"
"PhonAlign",1008.04,1008.17,"a~"
"PhonAlign",1008.17,1008.28,"u"
"PhonAlign",1008.28,1008.42,"k"
"PhonAlign",1008.42,1008.65,"i"
"PhonAlign",1008.65,1009.24,"#"
"PhonAlign",1009.24,1009.34,"k"
"PhonAlign",1009.34,1009.37,"j"
"PhonAlign",1009.37,1009.45,"a~"
"PhonAlign",1009.45,1009.56,"s"
"PhonAlign",1009.56,1009.62,"O~"
"PhonAlign",1009.62,1009.67,"m"
"PhonAlign",1009.67,1009.71,"E"
"PhonAlign",1009.71,1009.8,"m"
"PhonAlign",1009.8,1009.92,"A/"
"PhonAlign",1009.92,1009.99,"k"
"PhonAlign",1009.99,1010.07,"t"
"PhonAlign",1010.07,1010.15,"9"
"PhonAlign",1010.15,1010.22,"R"
"PhonAlign",1010.22,1010.28,"t"
"PhonAlign",1010.28,1010.31,"v"
"PhonAlign",1010.31,1010.39,"w"
"PhonAlign",1010.39,1010.425,"A/"
"PhonAlign",1010.425,1011.085,"#"
"PhonAlign",1011.085,1011.125,"s"
"PhonAlign",1011.125,1011.215,"a~"
"PhonAlign",1011.215,1011.295,"f"
"PhonAlign",1011.295,1011.335,"O/"
"PhonAlign",1011.335,1011.385,"R"
"PhonAlign",1011.385,1011.435,"s"
"PhonAlign",1011.435,1011.475,"E"
"PhonAlign",1011.475,1011.525,"m"
"PhonAlign",1011.525,1011.585,"a~"
"PhonAlign",1011.585,1011.675,"s"
"PhonAlign",1011.675,1011.715,"a~"
"PhonAlign",1011.715,1011.745,"R"
"PhonAlign",1011.745,1011.815,"a~"
"PhonAlign",1011.815,1011.855,"d"
"PhonAlign",1011.855,1011.885,"R"
"PhonAlign",1011.885,1011.915,"k"
"PhonAlign",1011.915,1011.995,"O~"
"PhonAlign",1011.995,1012.065,"t"
"PhonAlign",1012.065,1012.5,"#"
"PhonAlign",1012.5,1012.54,"s"
"PhonAlign",1012.54,1012.57,"e"
"PhonAlign",1012.57,1012.6,"s"
"PhonAlign",1012.6,1012.63,"l"
"PhonAlign",1012.63,1012.67,"p"
"PhonAlign",1012.67,1012.72,"R"
"PhonAlign",1012.72,1012.76,"O/"
"PhonAlign",1012.76,1012.82,"b"
"PhonAlign",1012.82,1012.85,"l"
"PhonAlign",1012.85,1012.9,"E"
"PhonAlign",1012.9,1012.95,"m"
"PhonAlign",1012.95,1013.21,"s"
"PhonAlign",1013.21,1013.31,"O~"
"PhonAlign",1013.31,1013.37,"p"
"PhonAlign",1013.37,1013.4,"@"
"PhonAlign",1013.4,1013.52,"u"
"PhonAlign",1013.52,1013.6,"v"
"PhonAlign",1013.6,1013.65,"R"
"PhonAlign",1013.65,1013.69,"i"
"PhonAlign",1013.69,1013.74,"R"
"PhonAlign",1013.74,1013.82,"l"
"PhonAlign",1013.82,1013.88,"e"
"PhonAlign",1013.88,1013.95,"z"
"PhonAlign",1013.95,1013.98,"j"
"PhonAlign",1013.98,1014.03,"@"
"PhonAlign",1014.03,1014.12,"s"
"PhonAlign",1014.12,1014.15,"y"
"PhonAlign",1014.15,1014.18,"R"
"PhonAlign",1014.18,1014.26,"s"
"PhonAlign",1014.26,1014.57,"O/"
"PhonAlign",1014.57,1014.64,"z"
"PhonAlign",1014.64,1014.7,"a~"
"PhonAlign",1014.7,1014.78,"f"
"PhonAlign",1014.78,1014.85,"a~"
"PhonAlign",1014.85,1014.9,"s"
"PhonAlign",1014.9,1014.95,"s"
"PhonAlign",1014.95,1015.0,"R"
"PhonAlign",1015.0,1015.03,"E"
"PhonAlign",1015.03,1015.13,"s"
"PhonAlign",1015.13,1015.19,"U~/"
"PhonAlign",1015.19,1015.25,"p"
"PhonAlign",1015.25,1015.309687,"A/"
"PhonAlign",1015.309687,1016.953174,"#"
"PhonAlign",1016.953174,1017.450758,"noise"
"PhonAlign",1017.450758,1027.42,"#"
"PhonAlign",1027.42,1027.48,"A/"
"PhonAlign",1027.48,1027.5500000000002,"R"
"PhonAlign",1027.5500000000002,1027.61,"s"
"PhonAlign",1027.61,1027.64,"E"
"PhonAlign",1027.64,1027.67,"l"
"PhonAlign",1027.67,1027.7,"2"
"PhonAlign",1027.7,1027.73,"m"
"PhonAlign",1027.73,1027.8200000000002,"a~"
"PhonAlign",1027.8200000000002,1027.92,"s"
"PhonAlign",1027.92,1027.95,"E"
"PhonAlign",1027.95,1028.01,"k"
"PhonAlign",1028.01,1028.12,"s"
"PhonAlign",1028.12,1028.15,"j"
"PhonAlign",1028.15,1028.26,"E"
"PhonAlign",1028.26,1028.37,"l"
"PhonAlign",1028.37,1028.52,"v"
"PhonAlign",1028.52,1028.65,"j"
"PhonAlign",1028.65,1028.68,"A/"
"PhonAlign",1028.68,1028.71,"l"
"PhonAlign",1028.71,1028.76,"E"
"PhonAlign",1028.76,1028.79,"R"
"PhonAlign",1028.79,1028.8300000000002,"E"
"PhonAlign",1028.8300000000002,1028.9,"z"
"PhonAlign",1028.9,1028.93,"O/"
"PhonAlign",1028.93,1029.02,"s"
"PhonAlign",1029.02,1029.0500000000002,"O/"
"PhonAlign",1029.0500000000002,1029.15,"s"
"PhonAlign",1029.15,1029.18,"j"
"PhonAlign",1029.18,1029.299063,"O/"
"PhonAlign",1029.299063,1033.52,"#"
"PhonAlign",1033.52,1033.56,"t"
"PhonAlign",1033.56,1033.59,"v"
"PhonAlign",1033.59,1033.66,"@"
"PhonAlign",1033.66,1033.78,"p"
"PhonAlign",1033.78,1034.21,"A/"
"PhonAlign",1034.21,1034.545,"z"
"PhonAlign",1034.545,1034.62,"#"
"PhonAlign",1034.62,1034.77,"n"
"PhonAlign",1034.77,1034.9,"O/"
"PhonAlign",1034.9,1034.9399999999998,"m"
"PhonAlign",1034.9399999999998,1035.05,"O/"
"PhonAlign",1035.05,1035.12,"p"
"PhonAlign",1035.12,1035.15,"i"
"PhonAlign",1035.15,1035.1799999999998,"R"
"PhonAlign",1035.1799999999998,1035.2199999999998,"@"
"PhonAlign",1035.2199999999998,1035.26,"d"
"PhonAlign",1035.26,1035.3,"e"
"PhonAlign",1035.3,1035.33,"k"
"PhonAlign",1035.33,1035.36,"A/"
"PhonAlign",1035.36,1035.4699999999998,"O~"
"PhonAlign",1035.4699999999998,1035.51,"n"
"PhonAlign",1035.51,1035.55,"E"
"PhonAlign",1035.55,1035.61,"p"
"PhonAlign",1035.61,1035.64,"A/"
"PhonAlign",1035.64,1035.6699999999998,"O/"
"PhonAlign",1035.6699999999998,1035.6999999999998,"b"
"PhonAlign",1035.6999999999998,1035.7299999999998,"l"
"PhonAlign",1035.7299999999998,1035.76,"i"
"PhonAlign",1035.76,1035.79,"Z"
"PhonAlign",1035.79,1035.82,"e"
"PhonAlign",1035.82,1035.86,"t"
"PhonAlign",1035.86,1035.9,"p"
"PhonAlign",1035.9,1035.9599999999998,"R"
"PhonAlign",1035.9599999999998,1035.9899999999998,"e"
"PhonAlign",1035.9899999999998,1036.1,"s"
"PhonAlign",1036.1,1036.14,"i"
"PhonAlign",1036.14,1036.1699999999998,"z"
"PhonAlign",1036.1699999999998,1036.1999999999998,"e"
"PhonAlign",1036.1999999999998,1036.2299999999998,"l"
"PhonAlign",1036.2299999999998,1036.35,"@"
"PhonAlign",1036.35,1036.4299999999998,"k"
"PhonAlign",1036.4299999999998,1036.4599999999998,"A/"
"PhonAlign",1036.4599999999998,1036.4899999999998,"R"
"PhonAlign",1036.4899999999998,1036.54,"A/"
"PhonAlign",1036.54,1036.58,"k"
"PhonAlign",1036.58,1036.61,"t"
"PhonAlign",1036.61,1036.64,"E"
"PhonAlign",1036.64,1036.6899999999998,"R"
"PhonAlign",1036.6899999999998,1036.76,"s"
"PhonAlign",1036.76,1036.79,"E"
"PhonAlign",1036.79,1036.82,"k"
"PhonAlign",1036.82,1036.9,"s"
"PhonAlign",1036.9,1036.9299999999998,"j"
"PhonAlign",1036.9299999999998,1036.9599999999998,"E"
"PhonAlign",1036.9599999999998,1037.02,"l"
"PhonAlign",1037.02,1037.1,"d"
"PhonAlign",1037.1,1037.41,"@"
"PhonAlign",1037.41,1038.09,"#"
"PhonAlign",1038.09,1038.15,"d"
"PhonAlign",1038.15,1038.1899999999998,"@"
"PhonAlign",1038.1899999999998,1038.2199999999998,"l"
"PhonAlign",1038.2199999999998,1038.33,"A/"
"PhonAlign",1038.33,1038.37,"k"
"PhonAlign",1038.37,1038.4799999999998,"t"
"PhonAlign",1038.4799999999998,1038.555,"@"
"PhonAlign",1038.555,1038.76,"#"
"PhonAlign",1038.76,1038.85,"m"
"PhonAlign",1038.85,1038.88,"E"
"PhonAlign",1038.88,1038.94,"m"
"PhonAlign",1038.94,1039.0,"s"
"PhonAlign",1039.0,1039.07,"s"
"PhonAlign",1039.07,1039.1,"e"
"PhonAlign",1039.1,1039.28,"s"
"PhonAlign",1039.28,1039.32,"e"
"PhonAlign",1039.32,1039.48,"2"
"PhonAlign",1039.48,1039.71,"k"
"PhonAlign",1039.71,1039.83,"j"
"PhonAlign",1039.83,1039.9,"e"
"PhonAlign",1039.9,1039.935,"t"
"PhonAlign",1039.935,1044.21,"#"
"PhonAlign",1044.21,1044.34,"n"
"PhonAlign",1044.34,1044.59,"O/"
"PhonAlign",1044.59,1044.7,"j"
"PhonAlign",1044.7,1044.73,"A/"
"PhonAlign",1044.73,1044.76,"v"
"PhonAlign",1044.76,1044.83,"E"
"PhonAlign",1044.83,1044.93,"t"
"PhonAlign",1044.93,1045.05,"p"
"PhonAlign",1045.05,1045.11,"A/"
"PhonAlign",1045.11,1045.21,"d"
"PhonAlign",1045.21,1045.34,"@"
"PhonAlign",1045.34,1045.37,"k"
"PhonAlign",1045.37,1045.58,"u"
"PhonAlign",1045.58,1045.81,"p"
"PhonAlign",1045.81,1045.92,"A/"
"PhonAlign",1045.92,1045.95,"b"
"PhonAlign",1045.95,1045.98,"l"
"PhonAlign",1045.98,1046.14,"O~"
"PhonAlign",1046.14,1046.36,"l"
"PhonAlign",1046.36,1046.39,"A/"
"PhonAlign",1046.39,1046.57,"d"
"PhonAlign",1046.57,1046.7,"i"
"PhonAlign",1046.7,1047.1,"t"
"PhonAlign",1047.1,1047.22,"k"
"PhonAlign",1047.22,1047.34,"l"
"PhonAlign",1047.34,1047.39,"E"
"PhonAlign",1047.39,1047.44,"R"
"PhonAlign",1047.44,1047.47,"m"
"PhonAlign",1047.47,1047.5,"a~"
"PhonAlign",1047.5,1047.66,"laugh"
"PhonAlign",1047.66,1048.906793,"#"
"PhonAlign",1048.906793,1048.946793,"m"
"PhonAlign",1048.946793,1048.976793,"E"
"PhonAlign",1048.976793,1049.3467930000002,"R"
"PhonAlign",1049.3467930000002,1049.456793,"s"
"PhonAlign",1049.456793,1049.496793,"i"
"PhonAlign",1049.496793,1049.5967930000002,"p"
"PhonAlign",1049.5967930000002,1049.656793,"u"
"PhonAlign",1049.656793,1049.686793,"R"
"PhonAlign",1049.686793,1049.716793,"l"
"PhonAlign",1049.716793,1049.7867930000002,"A/"
"PhonAlign",1049.7867930000002,1049.8467930000002,"b"
"PhonAlign",1049.8467930000002,1049.886793,"l"
"PhonAlign",1049.886793,1049.956793,"A/"
"PhonAlign",1049.956793,1050.116793,"g"
"PhonAlign",1050.116793,1050.185,"@"
"PhonAlign",1050.185,1055.995,"#"
"PhonAlign",1055.995,1056.035,"m"
"PhonAlign",1056.035,1056.0649999999998,"w"
"PhonAlign",1056.0649999999998,1056.0949999999998,"A/"
"PhonAlign",1056.0949999999998,1056.165,"S"
"PhonAlign",1056.165,1056.235,"p"
"PhonAlign",1056.235,1056.2949999999998,"a~"
"PhonAlign",1056.2949999999998,1056.3649999999998,"s"
"PhonAlign",1056.3649999999998,1056.425,"k"
"PhonAlign",1056.425,1056.525,"O~"
"PhonAlign",1056.525,1056.655,"p"
"PhonAlign",1056.655,1056.745,"u"
"PhonAlign",1056.745,1056.8049999999998,"R"
"PhonAlign",1056.8049999999998,1057.18,"E"
"PhonAlign",1057.18,1057.375,"#"
"PhonAlign",1057.375,1057.505,"w"
"PhonAlign",1057.505,1057.58,"E"
"PhonAlign",1057.58,1057.87,"#"
"PhonAlign",1057.87,1057.9799999999998,"E"
"PhonAlign",1057.9799999999998,1058.06,"s"
"PhonAlign",1058.06,1058.09,"k"
"PhonAlign",1058.09,1058.12,"@"
"PhonAlign",1058.12,1058.1899999999998,"S"
"PhonAlign",1058.1899999999998,1058.2299999999998,"A/"
"PhonAlign",1058.2299999999998,1058.26,"l"
"PhonAlign",1058.26,1058.31,"E"
"PhonAlign",1058.31,1058.34,"d"
"PhonAlign",1058.34,1058.37,"i"
"PhonAlign",1058.37,1058.4,"R"
"PhonAlign",1058.4,1058.4799999999998,"O/"
"PhonAlign",1058.4799999999998,1058.63,"s"
"PhonAlign",1058.63,1058.696548,"i"
"PhonAlign",1058.696548,1063.06,"#"
"PhonAlign",1063.06,1063.15,"A/"
"PhonAlign",1063.15,1063.23,"p"
"PhonAlign",1063.23,1063.31,"R"
"PhonAlign",1063.31,1063.35,"e"
"PhonAlign",1063.35,1063.44,"S"
"PhonAlign",1063.44,1063.49,"p"
"PhonAlign",1063.49,1063.55,"a~"
"PhonAlign",1063.55,1063.63,"s"
"PhonAlign",1063.63,1063.66,"k"
"PhonAlign",1063.66,1063.73,"O~"
"PhonAlign",1063.73,1063.78,"p"
"PhonAlign",1063.78,1063.82,"@"
"PhonAlign",1063.82,1063.9,"p"
"PhonAlign",1063.9,1063.94,"A/"
"PhonAlign",1063.94,1063.98,"R"
"PhonAlign",1063.98,1064.03,"l"
"PhonAlign",1064.03,1064.06,"e"
"PhonAlign",1064.06,1064.14,"O/"
"PhonAlign",1064.14,1064.28,"s"
"PhonAlign",1064.28,1064.39,"i"
"PhonAlign",1064.39,1064.47,"d"
"PhonAlign",1064.47,1064.57,"U~/"
"PhonAlign",1064.57,1064.61,"p"
"PhonAlign",1064.61,1064.7,"s"
"PhonAlign",1064.7,1064.74,"i"
"PhonAlign",1064.74,1064.77,"k"
"PhonAlign",1064.77,1064.86,"O/"
"PhonAlign",1064.86,1064.89,"l"
"PhonAlign",1064.89,1064.96,"O/"
"PhonAlign",1064.96,1065.005,"g"
"PhonAlign",1065.005,1067.46,"#"
"PhonAlign",1067.46,1067.54,"m"
"PhonAlign",1067.54,1067.84,"m"
"PhonAlign",1067.84,1068.9,"#"
"PhonAlign",1068.9,1068.94,"w"
"PhonAlign",1068.94,1069.01,"E"
"PhonAlign",1069.01,1069.0400000000002,"w"
"PhonAlign",1069.0400000000002,1069.5800000000002,"E"
"PhonAlign",1069.5800000000002,1069.67,"w"
"PhonAlign",1069.67,1069.75,"E"
"PhonAlign",1069.75,1069.7800000000002,"w"
"PhonAlign",1069.7800000000002,1069.849688,"E"
"PhonAlign",1069.849688,1071.726686,"#"
"PhonAlign",1071.726686,1073.191004,"noise"
"PhonAlign",1073.191004,1081.03,"#"
"PhonAlign",1081.03,1081.07,"n"
"PhonAlign",1081.07,1081.12,"O/"
"PhonAlign",1081.12,1081.18,"m"
"PhonAlign",1081.18,1081.21,"l"
"PhonAlign",1081.21,1081.26,"E"
"PhonAlign",1081.26,1081.33,"z"
"PhonAlign",1081.33,1081.38,"U~/"
"PhonAlign",1081.38,1081.45,"p"
"PhonAlign",1081.45,1081.49,"A/"
"PhonAlign",1081.49,1081.52,"k"
"PhonAlign",1081.52,1081.55,"t"
"PhonAlign",1081.55,1081.59,"d"
"PhonAlign",1081.59,1081.64,"@"
"PhonAlign",1081.64,1081.68,"l"
"PhonAlign",1081.68,1081.78,"a~"
"PhonAlign",1081.78,1081.82,"v"
"PhonAlign",1081.82,1081.87,"i"
"PhonAlign",1081.87,1081.9,"R"
"PhonAlign",1081.9,1081.97,"O/"
"PhonAlign",1081.97,1082.03,"n"
"PhonAlign",1082.03,1082.07,"m"
"PhonAlign",1082.07,1082.18,"a~"
"PhonAlign",1082.18,1082.24,"t"
"PhonAlign",1082.24,1082.35,"s"
"PhonAlign",1082.35,1082.38,"y"
"PhonAlign",1082.38,1082.41,"R"
"PhonAlign",1082.41,1082.44,"l"
"PhonAlign",1082.44,1082.49,"a~"
"PhonAlign",1082.49,1082.53,"v"
"PhonAlign",1082.53,1082.56,"i"
"PhonAlign",1082.56,1082.6,"R"
"PhonAlign",1082.6,1082.77,"O/"
"PhonAlign",1082.77,1082.8,"n"
"PhonAlign",1082.8,1082.83,"m"
"PhonAlign",1082.83,1082.88,"a~"
"PhonAlign",1082.88,1083.03,"O~"
"PhonAlign",1083.03,1083.13,"p"
"PhonAlign",1083.13,1083.4,"2"
"PhonAlign",1083.4,1083.5,"t"
"PhonAlign",1083.5,1083.55,"k"
"PhonAlign",1083.55,1083.58,"O~"
"PhonAlign",1083.58,1083.64,"k"
"PhonAlign",1083.64,1083.69,"R"
"PhonAlign",1083.69,1083.73,"E"
"PhonAlign",1083.73,1083.78,"t"
"PhonAlign",1083.78,1083.81,"2"
"PhonAlign",1083.81,1083.84,"m"
"PhonAlign",1083.84,1083.93,"a~"
"PhonAlign",1083.93,1084.08,"R"
"PhonAlign",1084.08,1084.17,"j"
"PhonAlign",1084.17,1084.38,"U~/"
"PhonAlign",1084.38,1084.49,"k"
"PhonAlign",1084.49,1084.54,"U~/"
"PhonAlign",1084.54,1084.61,"t"
"PhonAlign",1084.61,1084.67,"n"
"PhonAlign",1084.67,1084.76,"u"
"PhonAlign",1084.76,1084.83,"i"
"PhonAlign",1084.83,1084.95,"p"
"PhonAlign",1084.95,1085.01,"@"
"PhonAlign",1085.01,1085.04,"A/"
"PhonAlign",1085.04,1085.1,"l"
"PhonAlign",1085.1,1085.45,"e"
"PhonAlign",1085.45,1085.535,"R"
"PhonAlign",1085.535,1085.86,"#"
"PhonAlign",1085.86,1085.9,"l"
"PhonAlign",1085.9,1085.9299999999998,"@"
"PhonAlign",1085.9299999999998,1086.01,"s"
"PhonAlign",1086.01,1086.07,"a~"
"PhonAlign",1086.07,1086.1799999999998,"s"
"PhonAlign",1086.1799999999998,1086.2099999999998,"i"
"PhonAlign",1086.2099999999998,1086.26,"b"
"PhonAlign",1086.26,1086.29,"i"
"PhonAlign",1086.29,1086.32,"l"
"PhonAlign",1086.32,1086.35,"i"
"PhonAlign",1086.35,1086.4799999999998,"z"
"PhonAlign",1086.4799999999998,1086.51,"e"
"PhonAlign",1086.51,1086.54,"A/"
"PhonAlign",1086.54,1086.57,"v"
"PhonAlign",1086.57,1086.61,"E"
"PhonAlign",1086.61,1086.6999999999998,"k"
"PhonAlign",1086.6999999999998,1086.74,"t"
"PhonAlign",1086.74,1086.77,"u"
"PhonAlign",1086.77,1086.85,"s"
"PhonAlign",1086.85,1086.99,"A/"
"PhonAlign",1086.99,1087.13,"w"
"PhonAlign",1087.13,1087.1799999999998,"E"
"PhonAlign",1087.1799999999998,1087.26,"S"
"PhonAlign",1087.26,1087.32,"p"
"PhonAlign",1087.32,1087.4,"a~"
"PhonAlign",1087.4,1087.49,"s"
"PhonAlign",1087.49,1087.54,"k"
"PhonAlign",1087.54,1087.59,"k"
"PhonAlign",1087.59,1087.65,"l"
"PhonAlign",1087.65,1087.6899999999998,"E"
"PhonAlign",1087.6899999999998,1087.76,"R"
"PhonAlign",1087.76,1087.81,"m"
"PhonAlign",1087.81,1087.91,"a~"
"PhonAlign",1087.91,1089.869361,"#"
"PhonAlign",1089.869361,1090.807662,"noise"
"PhonAlign",1090.807662,1098.545681,"#"
"PhonAlign",1098.545681,1098.585681,"m"
"PhonAlign",1098.585681,1098.615681,"w"
"PhonAlign",1098.615681,1098.655681,"A/"
"PhonAlign",1098.655681,1098.715681,"m"
"PhonAlign",1098.715681,1098.775681,"O~"
"PhonAlign",1098.775681,1098.855681,"n"
"PhonAlign",1098.855681,1098.905681,"p"
"PhonAlign",1098.905681,1098.975681,"t"
"PhonAlign",1098.975681,1099.005681,"i"
"PhonAlign",1099.005681,1099.035681,"t"
"PhonAlign",1099.035681,1099.075681,"f"
"PhonAlign",1099.075681,1099.145681,"R"
"PhonAlign",1099.145681,1099.1756810000002,"E"
"PhonAlign",1099.1756810000002,1099.205681,"R"
"PhonAlign",1099.205681,1099.255681,"i"
"PhonAlign",1099.255681,1099.295681,"v"
"PhonAlign",1099.295681,1099.335681,"@"
"PhonAlign",1099.335681,1099.365681,"d"
"PhonAlign",1099.365681,1099.535681,"t"
"PhonAlign",1099.535681,1099.565681,"R"
"PhonAlign",1099.565681,1099.595681,"i"
"PhonAlign",1099.595681,1099.6756810000002,"s"
"PhonAlign",1099.6756810000002,1099.715681,"E"
"PhonAlign",1099.715681,1099.745681,"l"
"PhonAlign",1099.745681,1099.775681,"E"
"PhonAlign",1099.775681,1099.855681,"k"
"PhonAlign",1099.855681,1099.915681,"t"
"PhonAlign",1099.915681,1100.015681,"i"
"PhonAlign",1100.015681,1100.295,"f"
"PhonAlign",1100.295,1102.432251,"#"
"PhonAlign",1102.432251,1102.582251,"s"
"PhonAlign",1102.582251,1102.612251,"v"
"PhonAlign",1102.612251,1102.642251,"u"
"PhonAlign",1102.642251,1102.672251,"v"
"PhonAlign",1102.672251,1102.712251,"u"
"PhonAlign",1102.712251,1102.742251,"l"
"PhonAlign",1102.742251,1102.792251,"e"
"PhonAlign",1102.792251,1102.852251,"Z"
"PhonAlign",1102.852251,1102.912251,"A/"
"PhonAlign",1102.912251,1102.972251,"p"
"PhonAlign",1102.972251,1103.002251,"E"
"PhonAlign",1103.002251,1103.032251,"l"
"PhonAlign",1103.032251,1103.062251,"m"
"PhonAlign",1103.062251,1103.172251,"O~"
"PhonAlign",1103.172251,1103.202251,"p"
"PhonAlign",1103.202251,1103.232251,"t"
"PhonAlign",1103.232251,1103.262251,"i"
"PhonAlign",1103.262251,1103.292251,"t"
"PhonAlign",1103.292251,1103.322251,"f"
"PhonAlign",1103.322251,1103.362251,"R"
"PhonAlign",1103.362251,1103.432251,"E"
"PhonAlign",1103.432251,1103.47,"R"
"PhonAlign",1103.47,1104.95,"#"
"PhonAlign",1104.95,1105.03,"i"
"PhonAlign",1105.03,1105.07,"l"
"PhonAlign",1105.07,1105.12,"a~"
"PhonAlign",1105.12,1105.22,"f"
"PhonAlign",1105.22,1105.26,"O/"
"PhonAlign",1105.26,1105.34,"U~/"
"PhonAlign",1105.34,1105.4,"t"
"PhonAlign",1105.4,1105.44,"R"
"PhonAlign",1105.44,1105.48,"w"
"PhonAlign",1105.48,1105.51,"A/"
"PhonAlign",1105.51,1105.57,"z"
"PhonAlign",1105.57,1105.6,"j"
"PhonAlign",1105.6,1105.7,"E"
"PhonAlign",1105.7,1105.765,"m"
"PhonAlign",1105.765,1107.13,"#"
"PhonAlign",1107.13,1107.17,"m"
"PhonAlign",1107.17,1107.21,"w"
"PhonAlign",1107.21,1107.25,"A/"
"PhonAlign",1107.25,1107.3300000000002,"S"
"PhonAlign",1107.3300000000002,1107.39,"p"
"PhonAlign",1107.39,1107.46,"a~"
"PhonAlign",1107.46,1107.5800000000002,"s"
"PhonAlign",1107.5800000000002,1107.61,"e"
"PhonAlign",1107.61,1107.67,"k"
"PhonAlign",1107.67,1107.74,"U~/"
"PhonAlign",1107.74,1107.7800000000002,"p"
"PhonAlign",1107.7800000000002,1107.85,"s"
"PhonAlign",1107.85,1107.91,"i"
"PhonAlign",1107.91,1107.98,"k"
"PhonAlign",1107.98,1108.0500000000002,"O/"
"PhonAlign",1108.0500000000002,1108.09,"l"
"PhonAlign",1108.09,1108.15,"O/"
"PhonAlign",1108.15,1108.22,"g"
"PhonAlign",1108.22,1108.915,"#"
"PhonAlign",1108.915,1108.985,"m"
"PhonAlign",1108.985,1109.105,"w"
"PhonAlign",1109.105,1109.165,"A/"
"PhonAlign",1109.165,1109.275,"Z"
"PhonAlign",1109.275,1109.375,"v"
"PhonAlign",1109.375,1109.535,"2"
"PhonAlign",1109.535,1109.595,"z"
"PhonAlign",1109.595,1109.705,"a~"
"PhonAlign",1109.705,1109.785,"f"
"PhonAlign",1109.785,1109.87,"E"
"PhonAlign",1109.87,1110.695,"#"
"PhonAlign",1110.695,1110.8149999999998,"w"
"PhonAlign",1110.8149999999998,1110.935,"E"
"PhonAlign",1110.935,1111.0549999999998,"m"
"PhonAlign",1111.0549999999998,1111.125,"e"
"PhonAlign",1111.125,1111.245,"s"
"PhonAlign",1111.245,1111.2949999999998,"e"
"PhonAlign",1111.2949999999998,1111.495,"s"
"PhonAlign",1111.495,1111.855,"#"
"PhonAlign",1111.855,1111.915,"d"
"PhonAlign",1111.915,1112.005,"E"
"PhonAlign",1112.005,1112.0549999999998,"z"
"PhonAlign",1112.0549999999998,1112.225,"v"
"PhonAlign",1112.225,1112.385,"j"
"PhonAlign",1112.385,1112.415,"O/"
"PhonAlign",1112.415,1112.455,"l"
"PhonAlign",1112.455,1112.585,"a~"
"PhonAlign",1112.585,1112.625,"s"
"PhonAlign",1112.625,1112.675,"t"
"PhonAlign",1112.675,1112.895,"U~/"
"PhonAlign",1112.895,1114.215,"#"
"PhonAlign",1114.215,1114.3249999999998,"e"
"PhonAlign",1114.3249999999998,1114.395,"m"
"PhonAlign",1114.395,1114.455,"w"
"PhonAlign",1114.455,1114.495,"A/"
"PhonAlign",1114.495,1114.5649999999998,"Z"
"PhonAlign",1114.5649999999998,1114.605,"E"
"PhonAlign",1114.605,1114.645,"m"
"PhonAlign",1114.645,1114.695,"R"
"PhonAlign",1114.695,1114.725,"E"
"PhonAlign",1114.725,1114.785,"s"
"PhonAlign",1114.785,1114.8149999999998,"y"
"PhonAlign",1114.8149999999998,1114.855,"R"
"PhonAlign",1114.855,1114.925,"t"
"PhonAlign",1114.925,1114.955,"u"
"PhonAlign",1114.955,1115.0549999999998,"k"
"PhonAlign",1115.0549999999998,1115.095,"i"
"PhonAlign",1115.095,1115.155,"f"
"PhonAlign",1115.155,1115.235,"A/"
"PhonAlign",1115.235,1115.285,"s"
"PhonAlign",1115.285,1115.3349999999998,"p"
"PhonAlign",1115.3349999999998,1115.395,"R"
"PhonAlign",1115.395,1115.445,"a~"
"PhonAlign",1115.445,1115.475,"d"
"PhonAlign",1115.475,1115.515,"R"
"PhonAlign",1115.515,1115.5649999999998,"k"
"PhonAlign",1115.5649999999998,1115.645,"O~"
"PhonAlign",1115.645,1115.735,"s"
"PhonAlign",1115.735,1115.765,"j"
"PhonAlign",1115.765,1115.845,"a~"
"PhonAlign",1115.845,1115.935,"s"
"PhonAlign",1115.935,1116.005,"O/"
"PhonAlign",1116.005,1116.0849999999998,"Z"
"PhonAlign",1116.0849999999998,1116.205,"a~"
"PhonAlign",1116.205,1116.245,"t"
"PhonAlign",1116.245,1116.3249999999998,"s"
"PhonAlign",1116.3249999999998,1116.405,"e"
"PhonAlign",1116.405,1116.505,"k"
"PhonAlign",1116.505,1116.5649999999998,"@"
"PhonAlign",1116.5649999999998,1116.595,"l"
"PhonAlign",1116.595,1116.625,"9"
"PhonAlign",1116.625,1116.735,"R"
"PhonAlign",1116.735,1116.8149999999998,"z"
"PhonAlign",1116.8149999999998,1116.905,"A/"
"PhonAlign",1116.905,1116.935,"k"
"PhonAlign",1116.935,1116.97,"t"
"PhonAlign",1116.97,1117.47,"#"
"PhonAlign",1117.47,1117.58,"O~"
"PhonAlign",1117.58,1117.64,"d"
"PhonAlign",1117.64,1117.68,"E"
"PhonAlign",1117.68,1117.71,"R"
"PhonAlign",1117.71,1117.78,"E"
"PhonAlign",1117.78,1117.87,"p"
"PhonAlign",1117.87,1117.9,"E"
"PhonAlign",1117.9,1117.97,"R"
"PhonAlign",1117.97,1118.05,"k"
"PhonAlign",1118.05,1118.09,"y"
"PhonAlign",1118.09,1118.21,"s"
"PhonAlign",1118.21,1118.24,"j"
"PhonAlign",1118.24,1118.38,"O~"
"PhonAlign",1118.38,1118.43,"z"
"PhonAlign",1118.43,1118.73,"#"
"PhonAlign",1118.73,1118.81,"e"
"PhonAlign",1118.81,1118.91,"k"
"PhonAlign",1118.91,1118.97,"@"
"PhonAlign",1118.97,1119.02,"d"
"PhonAlign",1119.02,1119.08,"e"
"PhonAlign",1119.08,1119.16,"f"
"PhonAlign",1119.16,1119.2,"w"
"PhonAlign",1119.2,1119.24,"A/"
"PhonAlign",1119.24,1119.29,"t"
"PhonAlign",1119.29,1119.35,"s"
"PhonAlign",1119.35,1119.41,"E"
"PhonAlign",1119.41,1119.51,"t"
"PhonAlign",1119.51,1119.55,"e"
"PhonAlign",1119.55,1119.6,"p"
"PhonAlign",1119.6,1119.63,"2"
"PhonAlign",1119.63,1119.67,"t"
"PhonAlign",1119.67,1119.72,"E"
"PhonAlign",1119.72,1119.8,"t"
"PhonAlign",1119.8,1119.84,"R"
"PhonAlign",1119.84,1120.29,"#"
"PhonAlign",1120.29,1120.39,"A/"
"PhonAlign",1120.39,1120.46,"k"
"PhonAlign",1120.46,1120.58,"t"
"PhonAlign",1120.58,1120.67,"9"
"PhonAlign",1120.67,1120.75,"R"
"PhonAlign",1120.75,1120.89,"d"
"PhonAlign",1120.89,1121.05,"@"
"PhonAlign",1121.05,1121.16,"A/"
"PhonAlign",1121.16,1121.21,"g"
"PhonAlign",1121.21,1121.25,"R"
"PhonAlign",1121.25,1121.34,"E"
"PhonAlign",1121.34,1121.46,"s"
"PhonAlign",1121.46,1121.49,"j"
"PhonAlign",1121.49,1121.82,"O~"
"PhonAlign",1121.82,1121.99,"u"
"PhonAlign",1121.99,1122.07,"d"
"PhonAlign",1122.07,1122.24,"@"
"PhonAlign",1122.24,1122.34,"s"
"PhonAlign",1122.34,1122.37,"j"
"PhonAlign",1122.37,1122.4,"b"
"PhonAlign",1122.4,1122.45,"E"
"PhonAlign",1122.45,1122.51,"R"
"PhonAlign",1122.51,1122.54,"A/"
"PhonAlign",1122.54,1122.57,"R"
"PhonAlign",1122.57,1122.61,"s"
"PhonAlign",1122.61,1122.64,"E"
"PhonAlign",1122.64,1122.67,"l"
"PhonAlign",1122.67,1122.7,"2"
"PhonAlign",1122.7,1122.74,"m"
"PhonAlign",1122.74,1122.77,"a~"
"PhonAlign",1122.77,1122.81,"@"
"PhonAlign",1122.81,1122.93,"t"
"PhonAlign",1122.93,1122.96,"e"
"PhonAlign",1122.96,1122.99,"s"
"PhonAlign",1122.99,1123.12,"e"
"PhonAlign",1123.12,1123.19,"t"
"PhonAlign",1123.19,1123.26,"a~"
"PhonAlign",1123.26,1123.31,"E"
"PhonAlign",1123.31,1123.38,"p"
"PhonAlign",1123.38,1123.45,"A/"
"PhonAlign",1123.45,1123.51,"k"
"PhonAlign",1123.51,1123.58,"O~"
"PhonAlign",1123.58,1123.66,"s"
"PhonAlign",1123.66,1123.69,"j"
"PhonAlign",1123.69,1123.77,"a~"
"PhonAlign",1123.77,1123.84,"t"
"PhonAlign",1123.84,1123.87,"v"
"PhonAlign",1123.87,1123.9,"w"
"PhonAlign",1123.9,1123.93,"A/"
"PhonAlign",1123.93,1124.02,"s"
"PhonAlign",1124.02,1124.05,"e"
"PhonAlign",1124.05,1124.09,"k"
"PhonAlign",1124.09,1124.17,"w"
"PhonAlign",1124.17,1124.25,"A/"
"PhonAlign",1124.25,1127.945,"#"
"PhonAlign",1127.945,1127.995,"d"
"PhonAlign",1127.995,1128.035,"Z"
"PhonAlign",1128.035,1128.095,"O/"
"PhonAlign",1128.095,1128.125,"n"
"PhonAlign",1128.125,1128.215,"s"
"PhonAlign",1128.215,1128.265,"O/"
"PhonAlign",1128.265,1128.415,"n"
"PhonAlign",1128.415,1130.49,"#"
"PhonAlign",1130.49,1130.55,"d"
"PhonAlign",1130.55,1130.58,"Z"
"PhonAlign",1130.58,1130.63,"O/"
"PhonAlign",1130.63,1130.66,"n"
"PhonAlign",1130.66,1130.74,"s"
"PhonAlign",1130.74,1130.78,"O/"
"PhonAlign",1130.78,1130.895,"n"
"PhonAlign",1130.895,1131.79,"#"
"PhonAlign",1131.79,1131.83,"d"
"PhonAlign",1131.83,1131.86,"O/"
"PhonAlign",1131.86,1131.91,"k"
"PhonAlign",1131.91,1131.96,"t"
"PhonAlign",1131.96,1131.99,"9"
"PhonAlign",1131.99,1132.03,"R"
"PhonAlign",1132.03,1132.11,"d"
"PhonAlign",1132.11,1132.14,"Z"
"PhonAlign",1132.14,1132.17,"O/"
"PhonAlign",1132.17,1132.2,"n"
"PhonAlign",1132.2,1132.28,"s"
"PhonAlign",1132.28,1132.31,"O/"
"PhonAlign",1132.31,1132.435,"n"
"PhonAlign",1132.435,1133.29,"#"
"PhonAlign",1133.29,1133.33,"Z"
"PhonAlign",1133.33,1133.36,"e"
"PhonAlign",1133.36,1133.45,"s"
"PhonAlign",1133.45,1133.51,"O~"
"PhonAlign",1133.51,1133.57,"z"
"PhonAlign",1133.57,1133.6,"E"
"PhonAlign",1133.6,1133.63,"R"
"PhonAlign",1133.63,1133.68,"O/"
"PhonAlign",1133.68,1133.79,"s"
"PhonAlign",1133.79,1133.82,"i"
"PhonAlign",1133.82,1133.899894,"s"
"PhonAlign",1133.899894,1138.21,"#"
"PhonAlign",1138.21,1138.42,"e"
"PhonAlign",1138.42,1139.01,"fp"
"PhonAlign",1139.01,1139.47,"#"
"PhonAlign",1139.47,1139.52,"d"
"PhonAlign",1139.52,1139.6,"O~"
"PhonAlign",1139.6,1139.715,"k"
"PhonAlign",1139.715,1140.53,"#"
"PhonAlign",1140.53,1140.57,"p"
"PhonAlign",1140.57,1140.6,"u"
"PhonAlign",1140.6,1140.63,"R"
"PhonAlign",1140.63,1140.66,"l"
"PhonAlign",1140.66,1140.69,"A/"
"PhonAlign",1140.69,1140.77,"s"
"PhonAlign",1140.77,1140.81,"y"
"PhonAlign",1140.81,1140.85,"i"
"PhonAlign",1140.85,1140.88,"t"
"PhonAlign",1140.88,1140.939718,"@"
"PhonAlign",1140.939718,1147.175,"#"
"PhonAlign",1147.175,1147.225,"t"
"PhonAlign",1147.225,1147.265,"A/"
"PhonAlign",1147.265,1147.325,"O/"
"PhonAlign",1147.325,1147.355,"R"
"PhonAlign",1147.355,1147.385,"e"
"PhonAlign",1147.385,1147.415,"l"
"PhonAlign",1147.415,1147.455,"j"
"PhonAlign",1147.455,1147.525,"U~/"
"PhonAlign",1147.525,1148.16,"#"
"PhonAlign",1148.16,1148.24,"b"
"PhonAlign",1148.24,1148.43,"E"
"PhonAlign",1148.43,1148.59,"R"
"PhonAlign",1148.59,1148.88,"i"
"PhonAlign",1148.88,1149.02,"A/"
"PhonAlign",1149.02,1149.09,"E"
"PhonAlign",1149.09,1149.2,"n"
"PhonAlign",1149.2,1149.3300000000002,"t"
"PhonAlign",1149.3300000000002,1149.515,"e"
"PhonAlign",1149.515,1172.562118,"#"
"PhonAlign",1172.562118,1173.358252,"noise"
"PhonAlign",1173.358252,1174.165,"#"
"PhonAlign",1174.165,1174.315,"w"
"PhonAlign",1174.315,1174.395,"E"
"PhonAlign",1174.395,1186.295,"#"
"PhonAlign",1186.295,1186.4550000000002,"E"
"PhonAlign",1186.4550000000002,1186.655,"O/"
"PhonAlign",1186.655,1186.915,"s"
"PhonAlign",1186.915,1187.068936,"i"
"PhonAlign",1187.068936,1192.35,"#"
"PhonAlign",1192.35,1192.39,"l"
"PhonAlign",1192.39,1192.4199999999998,"A/"
"PhonAlign",1192.4199999999998,1192.49,"t"
"PhonAlign",1192.49,1192.56,"R"
"PhonAlign",1192.56,1192.59,"w"
"PhonAlign",1192.59,1192.62,"A/"
"PhonAlign",1192.62,1192.6999999999998,"z"
"PhonAlign",1192.6999999999998,1192.73,"j"
"PhonAlign",1192.73,1192.76,"E"
"PhonAlign",1192.76,1192.82,"m"
"PhonAlign",1192.82,1192.87,"E"
"PhonAlign",1192.87,1192.9699999999998,"t"
"PhonAlign",1192.9699999999998,1193.03,"A/"
"PhonAlign",1193.03,1193.1899999999998,"p"
"PhonAlign",1193.1899999999998,1193.25,"d"
"PhonAlign",1193.25,1193.32,"p"
"PhonAlign",1193.32,1193.36,"l"
"PhonAlign",1193.36,1193.47,"a~"
"PhonAlign",1193.47,1195.885,"#"
"PhonAlign",1195.885,1195.925,"f"
"PhonAlign",1195.925,1195.965,"E"
"PhonAlign",1195.965,1196.035,"R"
"PhonAlign",1196.035,1196.115,"l"
"PhonAlign",1196.115,1196.225,"p"
"PhonAlign",1196.225,1196.265,"l"
"PhonAlign",1196.265,1196.405,"a~"
"PhonAlign",1196.405,1198.133437,"#"
"PhonAlign",1198.133437,1198.521563,"laugh"
"TokensAlign",0.0,23.629691,"#"
"TokensAlign",23.629691,24.099624,"*"
"TokensAlign",24.099624,24.368157,"#"
"TokensAlign",24.368157,24.93879,"*"
"TokensAlign",24.93879,33.126454,"#"
"TokensAlign",33.126454,33.647332,"*"
"TokensAlign",33.647332,35.315,"#"
"TokensAlign",35.315,35.496563,"ok"
"TokensAlign",35.496563,40.525,"#"
"TokensAlign",40.525,41.125,"quelqu'un"
"TokensAlign",41.125,41.545,"quelqu'un"
"TokensAlign",41.545,41.575,"a"
"TokensAlign",41.575,41.865,"un"
"TokensAlign",41.865,42.145,"avis"
"TokensAlign",42.145,53.45,"#"
"TokensAlign",53.45,53.690000000000005,"ouais"
"TokensAlign",53.690000000000005,54.07,"ok"
"TokensAlign",54.07,54.190000000000005,"non"
"TokensAlign",54.190000000000005,54.330000000000005,"mais"
"TokensAlign",54.330000000000005,54.400000000000006,"non"
"TokensAlign",54.400000000000006,54.470000000000006,"je"
"TokensAlign",54.470000000000006,54.59,"suis"
"TokensAlign",54.59,54.74,"d'accord"
"TokensAlign",54.74,54.900000000000006,"avec"
"TokensAlign",54.900000000000006,55.088957,"vous"
"TokensAlign",55.088957,57.451964,"#"
"TokensAlign",57.451964,57.998251,"*"
"TokensAlign",57.998251,65.415,"#"
"TokensAlign",65.415,65.59500000000001,"non"
"TokensAlign",65.59500000000001,65.905,"non"
"TokensAlign",65.905,66.015,"non"
"TokensAlign",66.015,72.505,"#"
"TokensAlign",72.505,72.66499999999999,"non"
"TokensAlign",72.66499999999999,72.755,"moi"
"TokensAlign",72.755,72.795,"je"
"TokensAlign",72.795,72.88499999999999,"suis"
"TokensAlign",72.88499999999999,73.085,"d'accord"
"TokensAlign",73.085,73.21499999999999,"avec"
"TokensAlign",73.21499999999999,73.375,"vous"
"TokensAlign",73.375,73.515,"#"
"TokensAlign",73.515,73.955,"juste"
"TokensAlign",73.955,74.265,"+"
"TokensAlign",74.265,74.325,"je"
"TokensAlign",74.325,74.715,"pensais"
"TokensAlign",74.715,74.955,"que"
"TokensAlign",74.955,75.385,"#"
"TokensAlign",75.385,75.575,"comme"
"TokensAlign",75.575,75.655,"t'"
"TokensAlign",75.655,75.72500000000001,"as"
"TokensAlign",75.72500000000001,75.855,"dit"
"TokensAlign",75.855,75.935,"on"
"TokensAlign",75.935,76.14500000000001,"travaille"
"TokensAlign",76.14500000000001,76.31500000000001,"avec"
"TokensAlign",76.31500000000001,76.375,"les"
"TokensAlign",76.375,76.71,"jeunes"
"TokensAlign",76.71,77.05,"#"
"TokensAlign",77.05,77.34,"d'accord"
"TokensAlign",77.34,77.92,"#"
"TokensAlign",77.92,78.09,"donc"
"TokensAlign",78.09,78.34,"dans"
"TokensAlign",78.34,78.4,"un"
"TokensAlign",78.4,78.55,"but"
"TokensAlign",78.55,78.71000000000001,"de"
"TokensAlign",78.71000000000001,79.345,"formation"
"TokensAlign",79.345,79.705,"#"
"TokensAlign",79.705,79.77499999999999,"faut"
"TokensAlign",79.77499999999999,79.865,"s'"
"TokensAlign",79.865,80.255,"inspirer"
"TokensAlign",80.255,80.285,"des"
"TokensAlign",80.285,80.395,"plus"
"TokensAlign",80.395,80.59,"grands"
"TokensAlign",80.59,80.785,"#"
"TokensAlign",80.785,80.825,"tu"
"TokensAlign",80.825,80.99,"vois"
"TokensAlign",80.99,81.095,"#"
"TokensAlign",81.095,81.225,"nos"
"TokensAlign",81.225,81.49,"jeunes"
"TokensAlign",81.49,81.815,"#"
"TokensAlign",81.815,82.155,"peut-être"
"TokensAlign",82.155,82.315,"issus"
"TokensAlign",82.315,82.405,"des"
"TokensAlign",82.405,82.66499999999999,"caractères"
"TokensAlign",82.66499999999999,83.235,"défavorisés"
"TokensAlign",83.235,83.465,"bam"
"TokensAlign",83.465,83.63499999999999,"bam"
"TokensAlign",83.63499999999999,83.715,"ils"
"TokensAlign",83.715,83.88499999999999,"peuvent"
"TokensAlign",83.88499999999999,84.195,"avoir"
"TokensAlign",84.195,84.41499999999999,"ça"
"TokensAlign",84.41499999999999,84.455,"ils"
"TokensAlign",84.455,84.575,"peuvent"
"TokensAlign",84.575,84.735,"avoir"
"TokensAlign",84.735,84.845,"une"
"TokensAlign",84.845,85.465,"évolution"
"TokensAlign",85.465,85.795,"#"
"TokensAlign",85.795,85.915,"un"
"TokensAlign",85.915,86.365,"principe"
"TokensAlign",86.365,86.595,"comment"
"TokensAlign",86.595,86.69500000000001,"ça"
"TokensAlign",86.69500000000001,86.785,"a"
"TokensAlign",86.785,87.255,"commencé"
"TokensAlign",87.255,87.33500000000001,"ça"
"TokensAlign",87.33500000000001,87.405,"a"
"TokensAlign",87.405,87.735,"commencé"
"TokensAlign",87.735,87.825,"d'"
"TokensAlign",87.825,87.915,"une"
"TokensAlign",87.915,88.215,"toute"
"TokensAlign",88.215,88.355,"petite"
"TokensAlign",88.355,88.595,"chose"
"TokensAlign",88.595,88.97500000000001,"amazon"
"TokensAlign",88.97500000000001,89.185,"une"
"TokensAlign",89.185,89.425,"vente"
"TokensAlign",89.425,89.595,"puis"
"TokensAlign",89.595,89.745,"deux"
"TokensAlign",89.745,89.885,"puis"
"TokensAlign",89.885,90.075,"trois"
"TokensAlign",90.075,90.205,"puis"
"TokensAlign",90.205,90.485,"quatre"
"TokensAlign",90.485,90.865,"+"
"TokensAlign",90.865,91.005,"ça"
"TokensAlign",91.005,91.145,"fait"
"TokensAlign",91.145,91.265,"une"
"TokensAlign",91.265,91.775,"évolution"
"TokensAlign",91.775,91.935,"qui"
"TokensAlign",91.935,92.435,"peut"
"TokensAlign",92.435,92.775,"donner"
"TokensAlign",92.775,92.915,"aux"
"TokensAlign",92.915,93.545,"personnes"
"TokensAlign",93.545,93.815,"envie"
"TokensAlign",93.815,93.925,"de"
"TokensAlign",93.925,94.065,"faire"
"TokensAlign",94.065,94.465,"pareil"
"TokensAlign",94.465,94.755,"+"
"TokensAlign",94.755,94.855,"et"
"TokensAlign",94.855,94.915,"d'"
"TokensAlign",94.915,95.335,"évoluer"
"TokensAlign",95.335,95.695,"grow"
"TokensAlign",95.695,95.725,"up"
"TokensAlign",95.725,96.175,"mindset"
"TokensAlign",96.175,96.225,"tu"
"TokensAlign",96.225,96.475,"connais"
"TokensAlign",96.475,97.64,"#"
"TokensAlign",97.64,97.71,"c'est"
"TokensAlign",97.71,97.88,"tout"
"TokensAlign",97.88,98.31,"#"
"TokensAlign",98.31,98.38,"tout"
"TokensAlign",98.38,98.92,"simplement"
"TokensAlign",98.92,104.245,"#"
"TokensAlign",104.245,104.355,"je"
"TokensAlign",104.355,104.465,"le"
"TokensAlign",104.465,104.595,"mets"
"TokensAlign",104.595,104.725,"dans"
"TokensAlign",104.725,104.845,"la"
"TokensAlign",104.845,105.495,"prévention"
"TokensAlign",105.495,105.685,"anti"
"TokensAlign",105.685,106.265,"précarité"
"TokensAlign",106.265,112.87,"#"
"TokensAlign",112.87,113.04,"non"
"TokensAlign",113.04,113.16,"moi"
"TokensAlign",113.16,113.24,"je"
"TokensAlign",113.24,113.35,"suis"
"TokensAlign",113.35,113.81,"d'accord"
"TokensAlign",113.81,114.08,"avec"
"TokensAlign",114.08,114.25,"vous"
"TokensAlign",114.25,114.39,"que"
"TokensAlign",114.39,114.53,"pour"
"TokensAlign",114.53,114.67,"faire"
"TokensAlign",114.67,114.7,"de"
"TokensAlign",114.7,114.79,"la"
"TokensAlign",114.79,115.28,"prévention"
"TokensAlign",115.28,115.46,"c'est"
"TokensAlign",115.46,115.945,"#"
"TokensAlign",115.945,116.175,"non"
"TokensAlign",116.175,116.525,"après"
"TokensAlign",116.525,116.635,"moi"
"TokensAlign",116.635,116.695,"je"
"TokensAlign",116.695,116.785,"suis"
"TokensAlign",116.785,117.115,"d'accord"
"TokensAlign",117.115,117.345,"pour"
"TokensAlign",117.345,117.605,"vous"
"TokensAlign",117.605,117.92,"#"
"TokensAlign",117.92,117.97,"que"
"TokensAlign",117.97,118.12,"pour"
"TokensAlign",118.12,118.21,"faire"
"TokensAlign",118.21,118.24,"de"
"TokensAlign",118.24,118.3,"la"
"TokensAlign",118.3,118.81,"prévention"
"TokensAlign",118.81,119.21,"+"
"TokensAlign",119.21,119.24,"l"
"TokensAlign",119.24,119.61,"aspect"
"TokensAlign",119.61,119.65,"que"
"TokensAlign",119.65,119.71,"j'"
"TokensAlign",119.71,119.76,"ai"
"TokensAlign",119.76,120.15,"développé"
"TokensAlign",120.15,120.27,"c'est"
"TokensAlign",120.27,120.52,"peut-être"
"TokensAlign",120.52,120.58,"pas"
"TokensAlign",120.58,120.61,"le"
"TokensAlign",120.61,120.825,"meilleur"
"TokensAlign",120.825,121.48,"#"
"TokensAlign",121.48,121.54,"je"
"TokensAlign",121.54,121.63,"suis"
"TokensAlign",121.63,121.78,"d'accord"
"TokensAlign",121.78,121.9,"avec"
"TokensAlign",121.9,121.985,"vous"
"TokensAlign",121.985,122.415,"#"
"TokensAlign",122.415,122.675,"après"
"TokensAlign",122.675,122.725,"y'"
"TokensAlign",122.725,122.775,"a"
"TokensAlign",122.775,122.945,"plein"
"TokensAlign",122.945,123.005,"de"
"TokensAlign",123.005,123.115,"points"
"TokensAlign",123.115,123.485,"négatifs"
"TokensAlign",123.485,123.585,"de"
"TokensAlign",123.585,124.125,"amazon"
"TokensAlign",124.125,124.59,"#"
"TokensAlign",124.59,124.805,"bon"
"TokensAlign",124.805,125.34,"#"
"TokensAlign",125.34,125.83,"préférais"
"TokensAlign",125.83,126.28,"faire"
"TokensAlign",126.28,127.08,"un"
"TokensAlign",127.08,127.17,"peu"
"TokensAlign",127.17,127.91,"#"
"TokensAlign",127.91,127.95,"tu"
"TokensAlign",127.95,127.98,"sais"
"TokensAlign",127.98,128.11,"en"
"TokensAlign",128.11,128.31,"mode"
"TokensAlign",128.31,128.82,"mindset"
"TokensAlign",128.82,128.98,"+"
"TokensAlign",128.98,129.39,"formation"
"TokensAlign",129.39,129.43,"et"
"TokensAlign",129.43,129.54999999999998,"tout"
"TokensAlign",129.54999999999998,129.66,"comme"
"TokensAlign",129.66,129.69,"je"
"TokensAlign",129.69,129.79999999999998,"vous"
"TokensAlign",129.79999999999998,129.89,"ai"
"TokensAlign",129.89,130.09,"dit"
"TokensAlign",130.09,130.68,"#"
"TokensAlign",130.68,130.81,"mais"
"TokensAlign",130.81,130.86,"y'"
"TokensAlign",130.86,130.945,"a"
"TokensAlign",130.945,131.305,"#"
"TokensAlign",131.305,131.685,"clairement"
"TokensAlign",131.685,131.82500000000002,"beaucoup"
"TokensAlign",131.82500000000002,131.895,"de"
"TokensAlign",131.895,132.10500000000002,"points"
"TokensAlign",132.10500000000002,132.225,"po-"
"TokensAlign",132.225,132.765,"négatifs"
"TokensAlign",132.765,132.82500000000002,"de"
"TokensAlign",132.82500000000002,133.215,"amazon"
"TokensAlign",133.215,133.32500000000002,"qu'"
"TokensAlign",133.32500000000002,133.375,"on"
"TokensAlign",133.375,134.005,"peut"
"TokensAlign",134.005,134.035,"+"
"TokensAlign",134.035,134.085,"qu"
"TokensAlign",134.085,134.13500000000002,"on"
"TokensAlign",134.13500000000002,134.265,"peut"
"TokensAlign",134.265,134.71,"énoncer"
"TokensAlign",134.71,135.085,"#"
"TokensAlign",135.085,135.455,"mais"
"TokensAlign",135.455,136.118828,"par_contre"
"TokensAlign",136.118828,137.82,"#"
"TokensAlign",137.82,138.1,"après"
"TokensAlign",138.1,138.25,"moi"
"TokensAlign",138.25,138.32999999999998,"je"
"TokensAlign",138.32999999999998,138.51999999999998,"pense"
"TokensAlign",138.51999999999998,138.9,"surtout"
"TokensAlign",138.9,139.32,"que"
"TokensAlign",139.32,139.41,"+"
"TokensAlign",139.41,139.5,"j'"
"TokensAlign",139.5,139.54,"ai"
"TokensAlign",139.54,139.92,"entendu"
"TokensAlign",139.92,140.11,"vos"
"TokensAlign",140.11,140.59,"arguments"
"TokensAlign",140.59,141.01,"#"
"TokensAlign",141.01,141.06,"et"
"TokensAlign",141.06,141.14,"qu'"
"TokensAlign",141.14,141.17,"il_y"
"TokensAlign",141.17,141.20999999999998,"a"
"TokensAlign",141.20999999999998,141.31,"des"
"TokensAlign",141.31,141.48,"thèmes"
"TokensAlign",141.48,141.57,"qui"
"TokensAlign",141.57,141.63,"ont"
"TokensAlign",141.63,141.76999999999998,"été"
"TokensAlign",141.76999999999998,142.04999999999998,"soulevés"
"TokensAlign",142.04999999999998,142.16,"que"
"TokensAlign",142.16,142.22,"je"
"TokensAlign",142.22,142.39,"trouve"
"TokensAlign",142.39,142.89,"beaucoup"
"TokensAlign",142.89,143.14999999999998,"plus"
"TokensAlign",143.14999999999998,143.48999999999998,"beaucoup"
"TokensAlign",143.48999999999998,143.70999999999998,"beaucoup"
"TokensAlign",143.70999999999998,144.04999999999998,"beaucoup"
"TokensAlign",144.04999999999998,144.32,"beaucoup"
"TokensAlign",144.32,144.57,"plus"
"TokensAlign",144.57,145.13,"intéressant"
"TokensAlign",145.13,145.455,"et"
"TokensAlign",145.455,146.17,"#"
"TokensAlign",146.17,146.45,"et"
"TokensAlign",146.45,146.86999999999998,"sympa"
"TokensAlign",146.86999999999998,146.95,"à"
"TokensAlign",146.95,147.555,"développer"
"TokensAlign",147.555,147.82,"#"
"TokensAlign",147.82,148.0,"surtout"
"TokensAlign",148.0,148.15,"pour"
"TokensAlign",148.15,148.23999999999998,"les"
"TokensAlign",148.23999999999998,148.51,"jeunes"
"TokensAlign",148.51,148.875,"#"
"TokensAlign",148.875,148.995,"que"
"TokensAlign",148.995,149.485,"amazon"
"TokensAlign",149.485,149.805,"seul"
"TokensAlign",149.805,149.945,"tu"
"TokensAlign",149.945,150.125,"vois"
"TokensAlign",150.125,150.495,"amazon"
"TokensAlign",150.495,150.675,"seul"
"TokensAlign",150.675,150.755,"je"
"TokensAlign",150.755,150.955,"trouve"
"TokensAlign",150.955,151.035,"que"
"TokensAlign",151.035,151.165,"c'est"
"TokensAlign",151.165,151.405,"vraiment"
"TokensAlign",151.405,151.535,"pas"
"TokensAlign",151.535,151.845,"forcément"
"TokensAlign",151.845,151.875,"le"
"TokensAlign",151.875,151.985,"même"
"TokensAlign",151.985,152.2,"truc"
"TokensAlign",152.2,152.85,"#"
"TokensAlign",152.85,153.11,"après"
"TokensAlign",153.11,153.23999999999998,"tu"
"TokensAlign",153.23999999999998,153.38,"peux"
"TokensAlign",153.38,153.41,"l'"
"TokensAlign",153.41,153.65,"inclure"
"TokensAlign",153.65,153.81,"dans"
"TokensAlign",153.81,153.87,"un"
"TokensAlign",153.87,153.92,"des"
"TokensAlign",153.92,154.09,"thèmes"
"TokensAlign",154.09,154.22,"comme"
"TokensAlign",154.22,154.34,"tu"
"TokensAlign",154.34,154.51,"dis"
"TokensAlign",154.51,154.79999999999998,"mais"
"TokensAlign",154.79999999999998,155.07999999999998,"moi"
"TokensAlign",155.07999999999998,155.11,"je"
"TokensAlign",155.11,155.26999999999998,"trouve"
"TokensAlign",155.26999999999998,155.43,"qu'"
"TokensAlign",155.43,155.65,"il_y"
"TokensAlign",155.65,155.73,"a"
"TokensAlign",155.73,155.82999999999998,"des"
"TokensAlign",155.82999999999998,156.01999999999998,"thèmes"
"TokensAlign",156.01999999999998,156.2,"plus"
"TokensAlign",156.2,156.71,"généraux"
"TokensAlign",156.71,157.1,"#"
"TokensAlign",157.1,157.17,"qui"
"TokensAlign",157.17,157.37,"vont"
"TokensAlign",157.37,157.81,"forcément"
"TokensAlign",157.81,158.07,"attirer"
"TokensAlign",158.07,158.26999999999998,"plus"
"TokensAlign",158.26999999999998,158.44,"de"
"TokensAlign",158.44,158.745,"monde"
"TokensAlign",158.745,159.78,"#"
"TokensAlign",159.78,159.92,"non"
"TokensAlign",159.92,159.97,"mais"
"TokensAlign",159.97,160.01,"je"
"TokensAlign",160.01,160.1,"suis"
"TokensAlign",160.1,160.34,"d'accord"
"TokensAlign",160.34,160.52,"avec"
"TokensAlign",160.52,160.64,"ça"
"TokensAlign",160.64,160.77,"c'est"
"TokensAlign",160.77,160.95,"sûr"
"TokensAlign",160.95,164.131717,"#"
"TokensAlign",164.131717,164.495549,"*"
"TokensAlign",164.495549,171.893436,"#"
"TokensAlign",171.893436,172.586451,"*"
"TokensAlign",172.586451,187.845,"#"
"TokensAlign",187.845,188.035,"moi"
"TokensAlign",188.035,188.125,"le"
"TokensAlign",188.125,188.335,"seul"
"TokensAlign",188.335,188.595,"truc"
"TokensAlign",188.595,188.705,"que"
"TokensAlign",188.705,188.795,"je"
"TokensAlign",188.795,189.135,"vois"
"TokensAlign",189.135,189.355,"+"
"TokensAlign",189.355,189.545,"c'est"
"TokensAlign",189.545,189.615,"que"
"TokensAlign",189.615,189.665,"je"
"TokensAlign",189.665,189.755,"suis"
"TokensAlign",189.755,190.015,"d'accord"
"TokensAlign",190.015,190.245,"avec"
"TokensAlign",190.245,190.485,"SPEAKER_0"
"TokensAlign",190.485,190.855,"sur"
"TokensAlign",190.855,190.935,"le"
"TokensAlign",190.935,191.165,"point"
"TokensAlign",191.165,191.305,"où"
"TokensAlign",191.305,191.425,"les"
"TokensAlign",191.425,191.645,"réseaux"
"TokensAlign",191.645,192.08,"sociaux"
"TokensAlign",192.08,192.425,"#"
"TokensAlign",192.425,192.495,"c'est"
"TokensAlign",192.495,192.975,"omniprésent"
"TokensAlign",192.975,193.105,"c'est"
"TokensAlign",193.105,193.275,"super"
"TokensAlign",193.275,193.595,"intéressant"
"TokensAlign",193.595,193.655,"et"
"TokensAlign",193.655,193.845,"tout"
"TokensAlign",193.845,194.235,"#"
"TokensAlign",194.235,194.295,"mais"
"TokensAlign",194.295,194.645,"après"
"TokensAlign",194.645,194.715,"je"
"TokensAlign",194.715,194.78500000000005,"vais"
"TokensAlign",194.78500000000005,194.925,"pas"
"TokensAlign",194.925,194.985,"te"
"TokensAlign",194.985,195.28500000000005,"mentir"
"TokensAlign",195.28500000000005,195.375,"le"
"TokensAlign",195.375,195.645,"seul"
"TokensAlign",195.645,196.135,"défaut"
"TokensAlign",196.135,196.355,"moi"
"TokensAlign",196.355,196.465,"le"
"TokensAlign",196.465,196.645,"seul"
"TokensAlign",196.645,196.805,"truc"
"TokensAlign",196.805,196.875,"que"
"TokensAlign",196.875,196.925,"je"
"TokensAlign",196.925,197.165,"dirais"
"TokensAlign",197.165,197.31500000000003,"c'est"
"TokensAlign",197.31500000000003,197.585,"que"
"TokensAlign",197.585,198.085,"+"
"TokensAlign",198.085,198.145,"le"
"TokensAlign",198.145,198.335,"thème"
"TokensAlign",198.335,198.375,"de"
"TokensAlign",198.375,199.075,"transition"
"TokensAlign",199.075,199.405,"numérique"
"TokensAlign",199.405,200.025,"#"
"TokensAlign",200.025,200.165,"il"
"TokensAlign",200.165,200.235,"est"
"TokensAlign",200.235,200.655,"carrément"
"TokensAlign",200.655,201.115,"incroyable"
"TokensAlign",201.115,201.175,"dans"
"TokensAlign",201.175,201.205,"le"
"TokensAlign",201.205,201.445,"sens"
"TokensAlign",201.445,201.475,"où"
"TokensAlign",201.475,201.505,"il"
"TokensAlign",201.505,201.575,"est"
"TokensAlign",201.575,201.965,"totalement"
"TokensAlign",201.965,202.415,"général"
"TokensAlign",202.415,202.74,"#"
"TokensAlign",202.74,202.8,"on"
"TokensAlign",202.8,202.92,"peut"
"TokensAlign",202.92,203.16,"parler"
"TokensAlign",203.16,203.21,"de"
"TokensAlign",203.21,203.31,"tout"
"TokensAlign",203.31,203.34,"on"
"TokensAlign",203.34,203.41,"peut"
"TokensAlign",203.41,203.54,"faire"
"TokensAlign",203.54,203.64,"une"
"TokensAlign",203.64,203.88,"grosse"
"TokensAlign",203.88,204.23,"prévention"
"TokensAlign",204.23,204.27,"on"
"TokensAlign",204.27,204.34,"peut"
"TokensAlign",204.34,204.5,"faire"
"TokensAlign",204.5,204.56,"un"
"TokensAlign",204.56,204.69,"beau"
"TokensAlign",204.69,204.88,"truc"
"TokensAlign",204.88,204.97,"un"
"TokensAlign",204.97,205.13,"bon"
"TokensAlign",205.13,205.45,"événement"
"TokensAlign",205.45,205.91,"+"
"TokensAlign",205.91,205.98,"donc"
"TokensAlign",205.98,206.1,"la"
"TokensAlign",206.1,206.44,"transition"
"TokensAlign",206.44,206.84,"numérique"
"TokensAlign",206.84,207.0,"c'est"
"TokensAlign",207.0,207.55,"incroyable"
"TokensAlign",207.55,207.94,"+"
"TokensAlign",207.94,208.04,"le"
"TokensAlign",208.04,208.35,"seul"
"TokensAlign",208.35,208.89,"défaut"
"TokensAlign",208.89,209.08,"#"
"TokensAlign",209.08,209.17,"c'est"
"TokensAlign",209.17,209.32,"que"
"TokensAlign",209.32,209.39,"je"
"TokensAlign",209.39,209.69000000000003,"pense"
"TokensAlign",209.69000000000003,209.965,"que"
"TokensAlign",209.965,210.905,"#"
"TokensAlign",210.905,211.055,"les"
"TokensAlign",211.055,211.345,"réseaux"
"TokensAlign",211.345,211.89,"sociaux"
"TokensAlign",211.89,212.205,"#"
"TokensAlign",212.205,212.335,"ça"
"TokensAlign",212.335,212.455,"va"
"TokensAlign",212.455,212.845,"attirer"
"TokensAlign",212.845,213.025,"genre"
"TokensAlign",213.025,213.19,"le"
"TokensAlign",213.19,213.795,"#"
"TokensAlign",213.795,214.125,"genre"
"TokensAlign",214.125,214.215,"en"
"TokensAlign",214.215,214.465,"termes"
"TokensAlign",214.465,214.655,"de"
"TokensAlign",214.655,214.855,"nom"
"TokensAlign",214.855,215.275,"#"
"TokensAlign",215.275,215.345,"en"
"TokensAlign",215.345,215.575,"termes"
"TokensAlign",215.575,215.675,"de"
"TokensAlign",215.675,215.815,"nom"
"TokensAlign",215.815,215.895,"en"
"TokensAlign",215.895,216.115,"termes"
"TokensAlign",216.115,216.175,"de"
"TokensAlign",216.175,216.695,"marketing"
"TokensAlign",216.695,216.765,"en"
"TokensAlign",216.765,216.925,"termes"
"TokensAlign",216.925,217.015,"de"
"TokensAlign",217.015,217.155,"ci"
"TokensAlign",217.155,217.315,"ça"
"TokensAlign",217.315,217.505,"ça"
"TokensAlign",217.505,217.995,"pour"
"TokensAlign",217.995,218.135,"nos"
"TokensAlign",218.135,218.4,"jeunes"
"TokensAlign",218.4,218.695,"#"
"TokensAlign",218.695,218.735,"tu"
"TokensAlign",218.735,218.875,"vois"
"TokensAlign",218.875,219.015,"ça"
"TokensAlign",219.015,219.105,"va"
"TokensAlign",219.105,219.515,"peut-être"
"TokensAlign",219.515,219.685,"plus"
"TokensAlign",219.685,219.815,"les"
"TokensAlign",219.815,220.115,"attirer"
"TokensAlign",220.115,220.215,"vont"
"TokensAlign",220.215,220.455,"peut-être"
"TokensAlign",220.455,220.595,"plus"
"TokensAlign",220.595,220.805,"avoir"
"TokensAlign",220.805,220.915,"envie"
"TokensAlign",220.915,220.985,"de"
"TokensAlign",220.985,221.205,"venir"
"TokensAlign",221.205,221.325,"voir"
"TokensAlign",221.325,221.355,"l'"
"TokensAlign",221.355,221.61,"expo"
"TokensAlign",221.61,223.575,"#"
"TokensAlign",223.575,224.185,"justement"
"TokensAlign",224.185,224.415,"c'est"
"TokensAlign",224.415,224.565,"là"
"TokensAlign",224.565,224.625,"où"
"TokensAlign",224.625,224.695,"j'"
"TokensAlign",224.695,224.835,"allais"
"TokensAlign",224.835,225.245,"arriver"
"TokensAlign",225.245,225.675,"+"
"TokensAlign",225.675,225.915,"attends"
"TokensAlign",225.915,226.035,"c'est"
"TokensAlign",226.035,226.095,"là"
"TokensAlign",226.095,226.175,"où"
"TokensAlign",226.175,226.255,"j'"
"TokensAlign",226.255,226.355,"allais"
"TokensAlign",226.355,226.645,"venir"
"TokensAlign",226.645,227.075,"+"
"TokensAlign",227.075,227.145,"j"
"TokensAlign",227.145,227.285,"allais"
"TokensAlign",227.285,227.42,"dire"
"TokensAlign",227.42,228.195,"#"
"TokensAlign",228.195,228.495,"venez"
"TokensAlign",228.495,228.595,"on"
"TokensAlign",228.595,228.715,"se"
"TokensAlign",228.715,228.905,"fait"
"TokensAlign",228.905,229.045,"un"
"TokensAlign",229.045,229.285,"truc"
"TokensAlign",229.285,229.955,"#"
"TokensAlign",229.955,230.395,"consacré"
"TokensAlign",230.395,230.905,"plus"
"TokensAlign",230.905,231.085,"sur"
"TokensAlign",231.085,231.165,"la"
"TokensAlign",231.165,231.645,"transition"
"TokensAlign",231.645,232.025,"numérique"
"TokensAlign",232.025,232.515,"#"
"TokensAlign",232.515,232.73,"et"
"TokensAlign",232.73,233.24,"#"
"TokensAlign",233.24,233.41,"on"
"TokensAlign",233.41,233.5,"y"
"TokensAlign",233.5,233.82,"incruste"
"TokensAlign",233.82,234.74,"totalement"
"TokensAlign",234.74,234.93,"on"
"TokensAlign",234.93,235.21,"écrit"
"TokensAlign",235.21,235.33,"nous"
"TokensAlign",235.33,235.43,"on"
"TokensAlign",235.43,235.49,"on"
"TokensAlign",235.49,235.79,"flyer"
"TokensAlign",235.79,236.17,"etcetera"
"TokensAlign",236.17,236.3,"dans"
"TokensAlign",236.3,236.57,"le"
"TokensAlign",236.57,236.7,"dans"
"TokensAlign",236.7,236.9,"le"
"TokensAlign",236.9,237.03,"dans"
"TokensAlign",237.03,237.09,"le"
"TokensAlign",237.09,237.33,"thème"
"TokensAlign",237.33,237.39,"et"
"TokensAlign",237.39,237.574688,"tout"
"TokensAlign",237.574688,239.62,"#"
"TokensAlign",239.62,239.7,"mais"
"TokensAlign",239.7,239.85,"on"
"TokensAlign",239.85,239.92,"a"
"TokensAlign",239.92,240.06,"même"
"TokensAlign",240.06,240.15,"pas"
"TokensAlign",240.15,240.29,"une"
"TokensAlign",240.29,240.53,"journée"
"TokensAlign",240.53,240.64,"on"
"TokensAlign",240.64,240.75,"a"
"TokensAlign",240.75,241.22,"quelques"
"TokensAlign",241.22,241.3,"on"
"TokensAlign",241.3,243.115,"#"
"TokensAlign",243.115,243.195,"on"
"TokensAlign",243.195,243.295,"peut"
"TokensAlign",243.295,243.445,"mettre"
"TokensAlign",243.445,243.495,"ça"
"TokensAlign",243.495,243.615,"sur"
"TokensAlign",243.615,243.835,"plusieurs"
"TokensAlign",243.835,245.265,"#"
"TokensAlign",245.265,245.539688,"ok"
"TokensAlign",245.539688,253.391757,"#"
"TokensAlign",253.391757,253.980819,"*"
"TokensAlign",253.980819,274.2,"#"
"TokensAlign",274.2,274.41,"j"
"TokensAlign",274.41,274.59,"arrive"
"TokensAlign",274.59,274.77,"sur"
"TokensAlign",274.77,274.94,"ton"
"TokensAlign",274.94,275.11,"cas"
"TokensAlign",275.11,275.14,"il"
"TokensAlign",275.14,275.23,"va"
"TokensAlign",275.23,275.31,"lui"
"TokensAlign",275.31,275.455,"dire"
"TokensAlign",275.455,286.135,"#"
"TokensAlign",286.135,286.185,"a"
"TokensAlign",286.185,286.325,"nos"
"TokensAlign",286.325,286.545,"jeunes"
"TokensAlign",286.545,286.615,"à"
"TokensAlign",286.615,286.645,"l'"
"TokensAlign",286.645,286.715,"heure"
"TokensAlign",286.715,287.005,"actuelle"
"TokensAlign",287.005,287.15,"ouais"
"TokensAlign",287.15,306.595,"#"
"TokensAlign",306.595,306.715,"ouais"
"TokensAlign",306.715,306.845,"#"
"TokensAlign",306.845,307.305,"imagine"
"TokensAlign",307.305,307.46500000000003,"moi"
"TokensAlign",307.46500000000003,307.615,"quand"
"TokensAlign",307.615,307.665,"je"
"TokensAlign",307.665,307.76500000000004,"suis"
"TokensAlign",307.76500000000004,308.14,"arrivé"
"TokensAlign",308.14,308.315,"#"
"TokensAlign",308.315,308.465,"quand"
"TokensAlign",308.465,308.545,"on"
"TokensAlign",308.545,308.605,"m'"
"TokensAlign",308.605,308.675,"a"
"TokensAlign",308.675,308.785,"dit"
"TokensAlign",308.785,308.975,"alors"
"TokensAlign",308.975,309.185,"pas"
"TokensAlign",309.185,309.275,"du"
"TokensAlign",309.275,309.475,"tout"
"TokensAlign",309.475,309.765,"#"
"TokensAlign",309.765,310.265,"ilyas"
"TokensAlign",310.265,310.405,"ce"
"TokensAlign",310.405,310.525,"je"
"TokensAlign",310.525,310.635,"ne"
"TokensAlign",310.635,311.025,"comprends"
"TokensAlign",311.025,311.155,"pas"
"TokensAlign",311.155,311.315,"ce"
"TokensAlign",311.315,311.615,"que"
"TokensAlign",311.615,311.645,"tu"
"TokensAlign",311.645,311.715,"fais"
"TokensAlign",311.715,311.817459,"là"
"TokensAlign",311.817459,365.929355,"#"
"TokensAlign",365.929355,366.277679,"mh"
"TokensAlign",366.277679,369.74,"#"
"TokensAlign",369.74,369.9,"les"
"TokensAlign",369.9,370.09,"ondes"
"TokensAlign",370.09,370.845,"#"
"TokensAlign",370.845,371.145,"penser"
"TokensAlign",371.145,371.205,"les"
"TokensAlign",371.205,371.359688,"jeunes"
"TokensAlign",371.359688,382.491033,"#"
"TokensAlign",382.491033,383.41,"*"
"TokensAlign",383.41,383.67,"ouais"
"TokensAlign",383.67,383.7000000000001,"y'"
"TokensAlign",383.7000000000001,383.73,"a"
"TokensAlign",383.73,383.96,"aussi"
"TokensAlign",383.96,383.99,"le"
"TokensAlign",383.99,384.34,"développement"
"TokensAlign",384.34,384.4,"du"
"TokensAlign",384.4,384.69,"cyber"
"TokensAlign",384.69,385.09,"harcèlement"
"TokensAlign",385.09,385.4,"+"
"TokensAlign",385.4,385.47,"les"
"TokensAlign",385.47,385.8200000000001,"téléphones"
"TokensAlign",385.8200000000001,385.9,"ça"
"TokensAlign",385.9,386.11,"aide"
"TokensAlign",386.11,386.23,"pas"
"TokensAlign",386.23,386.43,"mal"
"TokensAlign",386.43,386.47,"et"
"TokensAlign",386.47,386.64,"tout"
"TokensAlign",386.64,395.64,"#"
"TokensAlign",395.64,395.93,"désolé"
"TokensAlign",395.93,396.05,"mais"
"TokensAlign",396.05,396.63,"personnellement"
"TokensAlign",396.63,396.76,"à"
"TokensAlign",396.76,396.97,"part"
"TokensAlign",396.97,397.46,"facebook"
"TokensAlign",397.46,397.62,"#"
"TokensAlign",397.62,397.83,"tous_les"
"TokensAlign",397.83,397.94,"autres"
"TokensAlign",397.94,398.13,"réseaux"
"TokensAlign",398.13,398.4,"sociaux"
"TokensAlign",398.4,398.43,"j'"
"TokensAlign",398.43,398.68,"utilise"
"TokensAlign",398.68,398.75,"que"
"TokensAlign",398.75,398.88,"sur"
"TokensAlign",398.88,398.97,"mon"
"TokensAlign",398.97,399.29,"téléphone"
"TokensAlign",399.29,399.61,"snap"
"TokensAlign",399.61,400.14,"#"
"TokensAlign",400.14,400.24,"pas"
"TokensAlign",400.24,400.41,"sur"
"TokensAlign",400.41,400.44,"l'"
"TokensAlign",400.44,401.41,"ordinateur"
"TokensAlign",401.41,409.16,"#"
"TokensAlign",409.16,409.27,"et"
"TokensAlign",409.27,409.33,"tu"
"TokensAlign",409.33,409.41,"sais"
"TokensAlign",409.41,409.5700000000001,"très"
"TokensAlign",409.5700000000001,409.79,"bien_que"
"TokensAlign",409.79,409.94,"quand"
"TokensAlign",409.94,409.99,"t'"
"TokensAlign",409.99,410.03,"es"
"TokensAlign",410.03,410.23,"jeune"
"TokensAlign",410.23,410.2600000000001,"t'"
"TokensAlign",410.2600000000001,410.3,"as"
"TokensAlign",410.3,410.47,"ton"
"TokensAlign",410.47,410.6,"petit"
"TokensAlign",410.6,410.85,"jardin"
"TokensAlign",410.85,411.15,"secret"
"TokensAlign",411.15,411.21,"t"
"TokensAlign",411.21,411.27,"as"
"TokensAlign",411.27,411.37,"pas"
"TokensAlign",411.37,411.48,"envie"
"TokensAlign",411.48,411.52,"de"
"TokensAlign",411.52,411.68,"mettre"
"TokensAlign",411.68,411.75,"tes"
"TokensAlign",411.75,411.92,"réseaux"
"TokensAlign",411.92,412.2000000000001,"sociaux"
"TokensAlign",412.2000000000001,412.33,"sur"
"TokensAlign",412.33,412.36,"l'"
"TokensAlign",412.36,412.73,"ordinateur"
"TokensAlign",412.73,413.1,"familial"
"TokensAlign",413.1,413.34,"ouais"
"TokensAlign",413.34,416.951841,"#"
"TokensAlign",416.951841,418.580425,"*"
"TokensAlign",418.580425,440.030224,"#"
"TokensAlign",440.030224,442.767631,"@"
"TokensAlign",442.767631,447.66,"#"
"TokensAlign",447.66,447.94,"après"
"TokensAlign",447.94,448.0,"vous"
"TokensAlign",448.0,448.18,"voulez"
"TokensAlign",448.18,448.47,"vraiment"
"TokensAlign",448.47,448.65,"mettre"
"TokensAlign",448.65,448.84,"tout"
"TokensAlign",448.84,448.88000000000005,"ça"
"TokensAlign",448.88000000000005,448.97,"sur"
"TokensAlign",448.97,449.29,"plusieurs"
"TokensAlign",449.29,449.48,"jours"
"TokensAlign",449.48,450.075,"#"
"TokensAlign",450.075,450.255,"parce"
"TokensAlign",450.255,450.305,"que"
"TokensAlign",450.305,450.475,"moi"
"TokensAlign",450.475,450.525,"je"
"TokensAlign",450.525,450.735,"pense"
"TokensAlign",450.735,450.865,"que"
"TokensAlign",450.865,451.015,"une"
"TokensAlign",451.015,451.38,"journée"
"TokensAlign",451.38,451.96,"#"
"TokensAlign",451.96,452.11,"moi"
"TokensAlign",452.11,452.17,"je"
"TokensAlign",452.17,452.4,"pense"
"TokensAlign",452.4,452.56,"faire"
"TokensAlign",452.56,452.76,"comme"
"TokensAlign",452.76,452.87,"un"
"TokensAlign",452.87,453.36,"colloque"
"TokensAlign",453.36,453.525,"#"
"TokensAlign",453.525,454.44,"euh"
"TokensAlign",454.44,456.964005,"#"
"TokensAlign",456.964005,457.423127,"*"
"TokensAlign",457.423127,460.455,"#"
"TokensAlign",460.455,460.565,"j'"
"TokensAlign",460.565,460.705,"aurais"
"TokensAlign",460.705,460.865,"pas"
"TokensAlign",460.865,461.175,"passé"
"TokensAlign",461.175,461.305,"une"
"TokensAlign",461.305,461.685,"semaine"
"TokensAlign",461.685,462.147187,"frérot"
"TokensAlign",462.147187,463.305504,"#"
"TokensAlign",463.305504,463.738638,"*"
"TokensAlign",463.738638,467.872075,"#"
"TokensAlign",467.872075,469.266767,"@"
"TokensAlign",469.266767,474.2,"#"
"TokensAlign",474.2,474.432188,"non"
"TokensAlign",474.432188,480.305,"#"
"TokensAlign",480.305,480.415,"non"
"TokensAlign",480.415,480.635,"non"
"TokensAlign",480.635,480.925,"clairement"
"TokensAlign",480.925,481.05,"non"
"TokensAlign",481.05,481.445,"#"
"TokensAlign",481.445,481.585,"non"
"TokensAlign",481.585,481.715,"non"
"TokensAlign",481.715,481.755,"je"
"TokensAlign",481.755,481.845,"suis"
"TokensAlign",481.845,482.035,"d'accord"
"TokensAlign",482.035,482.155,"avec"
"TokensAlign",482.155,482.355,"toi"
"TokensAlign",482.355,482.77,"#"
"TokensAlign",482.77,482.99,"non"
"TokensAlign",482.99,483.12,"c'est"
"TokensAlign",483.12,483.35,"sûr"
"TokensAlign",483.35,483.65,"que"
"TokensAlign",483.65,484.02,"+"
"TokensAlign",484.02,484.15,"moi"
"TokensAlign",484.15,484.21,"je"
"TokensAlign",484.21,484.44,"pense"
"TokensAlign",484.44,484.53,"que"
"TokensAlign",484.53,484.67,"si"
"TokensAlign",484.67,484.8,"on"
"TokensAlign",484.8,485.1,"fait"
"TokensAlign",485.1,485.13,"+"
"TokensAlign",485.13,485.44,"un"
"TokensAlign",485.44,485.95,"événement"
"TokensAlign",485.95,486.1,"sur"
"TokensAlign",486.1,486.43,"plusieurs"
"TokensAlign",486.43,486.63,"jours"
"TokensAlign",486.63,486.77,"et"
"TokensAlign",486.77,486.92,"que"
"TokensAlign",486.92,487.19,"chaque"
"TokensAlign",487.19,487.3,"jour"
"TokensAlign",487.3,487.34,"on"
"TokensAlign",487.34,487.47,"fait"
"TokensAlign",487.47,487.56,"un"
"TokensAlign",487.56,487.8,"thème"
"TokensAlign",487.8,488.06,"+"
"TokensAlign",488.06,488.11,"y"
"TokensAlign",488.11,488.15,"a"
"TokensAlign",488.15,488.57,"forcément"
"TokensAlign",488.57,488.7,"des"
"TokensAlign",488.7,489.0,"personnes"
"TokensAlign",489.0,489.13,"qui"
"TokensAlign",489.13,489.28,"vont"
"TokensAlign",489.28,489.49,"rater"
"TokensAlign",489.49,489.56,"une"
"TokensAlign",489.56,489.81,"partie"
"TokensAlign",489.81,489.9,"des"
"TokensAlign",489.9,490.06,"thèmes"
"TokensAlign",490.06,490.1,"qu'"
"TokensAlign",490.1,490.18,"on"
"TokensAlign",490.18,490.365,"fait"
"TokensAlign",490.365,491.717001,"#"
"TokensAlign",491.717001,492.332051,"*"
"TokensAlign",492.332051,506.959351,"#"
"TokensAlign",506.959351,508.039819,"*"
"TokensAlign",508.039819,526.675,"#"
"TokensAlign",526.675,526.935,"excusez"
"TokensAlign",526.935,527.075,"-moi"
"TokensAlign",527.075,527.685,"#"
"TokensAlign",527.685,527.8249999999999,"vous"
"TokensAlign",527.8249999999999,527.9749999999999,"avez"
"TokensAlign",527.9749999999999,528.3149999999999,"pensé"
"TokensAlign",528.3149999999999,528.425,"aux"
"TokensAlign",528.425,528.75,"travaux"
"TokensAlign",528.75,529.1,"#"
"TokensAlign",529.1,529.21,"pour"
"TokensAlign",529.21,529.2900000000001,"la"
"TokensAlign",529.2900000000001,529.445,"porte"
"TokensAlign",529.445,529.83,"#"
"TokensAlign",529.83,529.9300000000001,"parce"
"TokensAlign",529.9300000000001,529.96,"que"
"TokensAlign",529.96,529.99,"l'"
"TokensAlign",529.99,530.12,"égo"
"TokensAlign",530.12,530.19,"de"
"TokensAlign",530.19,530.37,"SPEAKER_0"
"TokensAlign",530.37,530.5600000000001,"arrive"
"TokensAlign",530.5600000000001,530.6700000000001,"plus"
"TokensAlign",530.6700000000001,530.7,"à"
"TokensAlign",530.7,530.89,"rentrer"
"TokensAlign",530.89,530.99,"dans"
"TokensAlign",530.99,531.08,"la"
"TokensAlign",531.08,531.25,"salle"
"TokensAlign",531.25,531.2900000000001,"je"
"TokensAlign",531.2900000000001,531.5500000000001,"comprends"
"TokensAlign",531.5500000000001,531.7700000000001,"pas"
"TokensAlign",531.7700000000001,531.85,"là"
"TokensAlign",531.85,532.48,"#"
"TokensAlign",532.48,533.43,"euh"
"TokensAlign",533.43,534.04,"#"
"TokensAlign",534.04,534.3299999999999,"non"
"TokensAlign",534.3299999999999,534.75,"sérieusement"
"TokensAlign",534.75,539.29,"#"
"TokensAlign",539.29,539.53,"non"
"TokensAlign",539.53,539.91,"mais"
"TokensAlign",539.91,539.9599999999999,"je"
"TokensAlign",539.9599999999999,540.0799999999999,"la"
"TokensAlign",540.0799999999999,540.29,"suis"
"TokensAlign",540.29,540.3199999999999,"l'"
"TokensAlign",540.3199999999999,540.67,"actu"
"TokensAlign",540.67,540.8399999999999,"on"
"TokensAlign",540.8399999999999,540.9699999999999,"la"
"TokensAlign",540.9699999999999,541.13,"suit"
"TokensAlign",541.13,541.16,"l'"
"TokensAlign",541.16,541.52,"actu"
"TokensAlign",541.52,541.76,"on"
"TokensAlign",541.76,541.92,"y"
"TokensAlign",541.92,541.9599999999999,"est"
"TokensAlign",541.9599999999999,542.11,"sur"
"TokensAlign",542.11,542.2199999999999,"les"
"TokensAlign",542.2199999999999,542.5,"réseaux"
"TokensAlign",542.5,542.8,"SPEAKER_0"
"TokensAlign",542.8,542.9699999999999,"on"
"TokensAlign",542.9699999999999,543.0699999999999,"les"
"TokensAlign",543.0699999999999,543.1999999999999,"voit"
"TokensAlign",543.1999999999999,543.29,"les"
"TokensAlign",543.29,543.565,"réseaux"
"TokensAlign",543.565,552.95,"#"
"TokensAlign",552.95,553.11,"les"
"TokensAlign",553.11,553.35,"vidéos"
"TokensAlign",553.35,553.4000000000001,"qui"
"TokensAlign",553.4000000000001,553.6500000000001,"traînent"
"TokensAlign",553.6500000000001,553.7700000000001,"sur"
"TokensAlign",553.7700000000001,553.85,"les"
"TokensAlign",553.85,554.09,"réseaux"
"TokensAlign",554.09,554.1500000000001,"elles"
"TokensAlign",554.1500000000001,554.3100000000001,"sont"
"TokensAlign",554.3100000000001,554.5500000000001,"rarement"
"TokensAlign",554.5500000000001,554.8100000000001,"filmées"
"TokensAlign",554.8100000000001,555.24,"avec"
"TokensAlign",555.24,555.44,"un"
"TokensAlign",555.44,555.95,"canon"
"TokensAlign",555.95,556.09,"600d"
"TokensAlign",556.09,556.3000000000001,"full"
"TokensAlign",556.3000000000001,556.5300000000001,"media"
"TokensAlign",556.5300000000001,556.88,"express"
"TokensAlign",556.88,557.05,"frère"
"TokensAlign",557.05,566.715986,"#"
"TokensAlign",566.715986,567.015986,"mh"
"TokensAlign",567.015986,567.430968,"mh"
"TokensAlign",567.430968,581.53,"#"
"TokensAlign",581.53,581.63,"c'est"
"TokensAlign",581.63,581.66,"le"
"TokensAlign",581.66,582.66,"téléphone"
"TokensAlign",582.66,582.705,"*"
"TokensAlign",582.705,602.09,"#"
"TokensAlign",602.09,602.23,"il"
"TokensAlign",602.23,602.26,"a"
"TokensAlign",602.26,602.5,"accès"
"TokensAlign",602.5,602.5400000000001,"à"
"TokensAlign",602.5400000000001,602.76,"tous_les"
"TokensAlign",602.76,602.95,"réseaux"
"TokensAlign",602.95,603.2,"sociaux"
"TokensAlign",603.2,603.3100000000001,"ton"
"TokensAlign",603.3100000000001,603.4,"petit"
"TokensAlign",603.4,603.5400000000001,"frère"
"TokensAlign",603.5400000000001,603.61,"de"
"TokensAlign",603.61,603.7900000000001,"sept"
"TokensAlign",603.7900000000001,603.89,"ans"
"TokensAlign",603.89,604.0500000000001,"sur"
"TokensAlign",604.0500000000001,604.1600000000001,"sa"
"TokensAlign",604.1600000000001,604.4300000000001,"nintendo"
"TokensAlign",604.4300000000001,604.665,"ds"
"TokensAlign",604.665,607.94,"#"
"TokensAlign",607.94,608.19,"avec"
"TokensAlign",608.19,608.35,"sa"
"TokensAlign",608.35,608.8800000000001,"nintendo"
"TokensAlign",608.8800000000001,609.085,"3ds"
"TokensAlign",609.085,610.421363,"#"
"TokensAlign",610.421363,610.918947,"*"
"TokensAlign",610.918947,612.0,"#"
"TokensAlign",612.0,612.13,"il"
"TokensAlign",612.13,612.19,"joue"
"TokensAlign",612.19,612.37,"sur"
"TokensAlign",612.37,612.57,"quoi"
"TokensAlign",612.57,612.88,"ds"
"TokensAlign",612.88,613.06,"chat"
"TokensAlign",613.06,613.27,"mais"
"TokensAlign",613.27,613.73,"arrête"
"TokensAlign",613.73,613.95,"+"
"TokensAlign",613.95,614.19,"arrête"
"TokensAlign",614.19,614.22,"de"
"TokensAlign",614.22,614.3,"nous"
"TokensAlign",614.3,614.48,"prendre"
"TokensAlign",614.48,614.58,"pour"
"TokensAlign",614.58,614.67,"des"
"TokensAlign",614.67,614.88,"cons"
"TokensAlign",614.88,615.119063,"SPEAKER_0"
"TokensAlign",615.119063,619.485,"#"
"TokensAlign",619.485,620.265938,"non"
"TokensAlign",620.265938,622.18,"#"
"TokensAlign",622.18,622.28,"mon"
"TokensAlign",622.28,622.4799999999999,"frère"
"TokensAlign",622.4799999999999,622.5999999999999,"il"
"TokensAlign",622.5999999999999,622.68,"a"
"TokensAlign",622.68,623.0,"carrément"
"TokensAlign",623.0,623.0799999999999,"un"
"TokensAlign",623.0799999999999,623.4399999999999,"téléphone"
"TokensAlign",623.4399999999999,623.6899999999999,"frérot"
"TokensAlign",623.6899999999999,623.8,"je"
"TokensAlign",623.8,623.92,"ne"
"TokensAlign",623.92,623.9899999999999,"te"
"TokensAlign",623.9899999999999,624.0799999999999,"mens"
"TokensAlign",624.0799999999999,624.147188,"pas"
"TokensAlign",624.147188,629.149185,"#"
"TokensAlign",629.149185,629.874236,"*"
"TokensAlign",629.874236,631.17,"#"
"TokensAlign",631.17,631.3199999999999,"après"
"TokensAlign",631.3199999999999,631.4399999999999,"on"
"TokensAlign",631.4399999999999,631.4699999999999,"est"
"TokensAlign",631.4699999999999,631.61,"aussi"
"TokensAlign",631.61,631.74,"sur"
"TokensAlign",631.74,631.79,"des"
"TokensAlign",631.79,632.0699999999999,"problèmes"
"TokensAlign",632.0699999999999,632.11,"d'"
"TokensAlign",632.11,632.53,"éducation"
"TokensAlign",632.53,632.5999999999999,"mais"
"TokensAlign",632.5999999999999,632.7299999999999,"ça"
"TokensAlign",632.7299999999999,632.8499999999999,"c'est"
"TokensAlign",632.8499999999999,633.185,"autre_chose"
"TokensAlign",633.185,636.665,"#"
"TokensAlign",636.665,636.885,"c'est"
"TokensAlign",636.885,636.9549999999999,"une"
"TokensAlign",636.9549999999999,637.675,"addiction"
"TokensAlign",637.675,637.755,"on"
"TokensAlign",637.755,637.855,"on"
"TokensAlign",637.855,637.9649999999999,"peut"
"TokensAlign",637.9649999999999,637.995,"le"
"TokensAlign",637.995,638.15,"dire"
"TokensAlign",638.15,638.37,"#"
"TokensAlign",638.37,638.45,"on"
"TokensAlign",638.45,638.67,"peut"
"TokensAlign",638.67,638.77,"on"
"TokensAlign",638.77,638.89,"peut"
"TokensAlign",638.89,638.92,"le"
"TokensAlign",638.92,639.045,"dire"
"TokensAlign",639.045,649.875,"#"
"TokensAlign",649.875,650.045,"mais"
"TokensAlign",650.045,650.445,"non"
"TokensAlign",650.445,650.555,"non"
"TokensAlign",650.555,650.695,"non"
"TokensAlign",650.695,650.985,"non"
"TokensAlign",650.985,651.095,"mais"
"TokensAlign",651.095,651.295,"non"
"TokensAlign",651.295,651.56,"euh"
"TokensAlign",651.56,652.375,"#"
"TokensAlign",652.375,652.575,"moi"
"TokensAlign",652.575,652.705,"le"
"TokensAlign",652.705,652.935,"nom"
"TokensAlign",652.935,653.135,"zinc"
"TokensAlign",653.135,653.225,"on"
"TokensAlign",653.225,653.375,"peut"
"TokensAlign",653.375,653.405,"te"
"TokensAlign",653.405,653.555,"faire"
"TokensAlign",653.555,653.695,"une"
"TokensAlign",653.695,653.985,"affiche"
"TokensAlign",653.985,654.435,"marketing"
"TokensAlign",654.435,654.535,"qui"
"TokensAlign",654.535,654.665,"peut"
"TokensAlign",654.665,654.845,"être"
"TokensAlign",654.845,655.305,"incroyable"
"TokensAlign",655.305,655.53,"frère"
"TokensAlign",655.53,656.58,"#"
"TokensAlign",656.58,656.69,"ah"
"TokensAlign",656.69,656.8100000000001,"une"
"TokensAlign",656.8100000000001,657.0600000000001,"affaire"
"TokensAlign",657.0600000000001,657.5300000000001,"marketing"
"TokensAlign",657.5300000000001,657.57,"tu"
"TokensAlign",657.57,657.6700000000001,"peux"
"TokensAlign",657.6700000000001,657.7700000000001,"faire"
"TokensAlign",657.7700000000001,657.83,"un"
"TokensAlign",657.83,657.95,"truc"
"TokensAlign",657.95,658.36,"incroyable"
"TokensAlign",658.36,658.46,"sur"
"TokensAlign",658.46,658.5300000000001,"un"
"TokensAlign",658.5300000000001,658.89,"flyer"
"TokensAlign",658.89,658.99,"tu"
"TokensAlign",658.99,659.12,"mets"
"TokensAlign",659.12,659.2,"une"
"TokensAlign",659.2,659.47,"femme"
"TokensAlign",659.47,659.92,"battue"
"TokensAlign",659.92,666.930646,"#"
"TokensAlign",666.930646,667.698346,"*"
"TokensAlign",667.698346,668.920981,"#"
"TokensAlign",668.920981,669.745549,"@"
"TokensAlign",669.745549,674.131237,"#"
"TokensAlign",674.131237,674.301237,"excuse"
"TokensAlign",674.301237,674.411237,"moi"
"TokensAlign",674.411237,674.4912370000001,"ça"
"TokensAlign",674.4912370000001,674.5812370000001,"fait"
"TokensAlign",674.5812370000001,674.801237,"combien"
"TokensAlign",674.801237,674.8412370000001,"de"
"TokensAlign",674.8412370000001,674.911237,"temps"
"TokensAlign",674.911237,674.9912370000001,"qu'"
"TokensAlign",674.9912370000001,675.031237,"on"
"TokensAlign",675.031237,675.061237,"est"
"TokensAlign",675.061237,675.301237,"en_train"
"TokensAlign",675.301237,675.3312370000001,"de"
"TokensAlign",675.3312370000001,675.5712370000001,"débattre"
"TokensAlign",675.5712370000001,675.791237,"là-dessus"
"TokensAlign",675.791237,676.0012370000001,"alors_qu'"
"TokensAlign",676.0012370000001,676.031237,"on"
"TokensAlign",676.031237,676.151237,"sait"
"TokensAlign",676.151237,676.2412370000001,"tous"
"TokensAlign",676.2412370000001,676.3612370000001,"très"
"TokensAlign",676.3612370000001,676.4512370000001,"bien"
"TokensAlign",676.4512370000001,676.4912370000001,"ce"
"TokensAlign",676.4912370000001,676.551237,"qu'"
"TokensAlign",676.551237,676.5912370000001,"on"
"TokensAlign",676.5912370000001,676.661237,"va"
"TokensAlign",676.661237,676.921237,"choisir"
"TokensAlign",676.921237,676.9512370000001,"à"
"TokensAlign",676.9512370000001,677.031237,"la"
"TokensAlign",677.031237,677.23,"fin"
"TokensAlign",677.23,678.13,"#"
"TokensAlign",678.13,678.28,"onze"
"TokensAlign",678.28,678.56,"minutes"
"TokensAlign",678.56,678.86,"ok"
"TokensAlign",678.86,678.9399999999999,"je"
"TokensAlign",678.9399999999999,679.13,"pense"
"TokensAlign",679.13,679.17,"qu'"
"TokensAlign",679.17,679.2,"il"
"TokensAlign",679.2,679.35,"serait"
"TokensAlign",679.35,679.48,"temps"
"TokensAlign",679.48,679.51,"de"
"TokensAlign",679.51,679.73,"passer"
"TokensAlign",679.73,679.76,"à"
"TokensAlign",679.76,680.075,"autre_chose"
"TokensAlign",680.075,680.65,"#"
"TokensAlign",680.65,680.78,"de"
"TokensAlign",680.78,681.19,"voter"
"TokensAlign",681.19,681.475,"#"
"TokensAlign",681.475,681.585,"pour"
"TokensAlign",681.585,681.845,"choisir"
"TokensAlign",681.845,681.9350000000001,"le"
"TokensAlign",681.9350000000001,682.205,"thème"
"TokensAlign",682.205,682.53,"#"
"TokensAlign",682.53,682.64,"et"
"TokensAlign",682.64,682.97,"ensuite"
"TokensAlign",682.97,683.3199999999999,"commencer"
"TokensAlign",683.3199999999999,683.37,"à"
"TokensAlign",683.37,683.64,"passer"
"TokensAlign",683.64,683.73,"sur"
"TokensAlign",683.73,683.76,"le"
"TokensAlign",683.76,683.99,"deuxième"
"TokensAlign",683.99,684.28,"élément"
"TokensAlign",684.28,684.625,"#"
"TokensAlign",684.625,684.705,"qui"
"TokensAlign",684.705,684.735,"est"
"TokensAlign",684.735,685.145,"euh"
"TokensAlign",685.145,685.5,"#"
"TokensAlign",685.5,685.69,"la"
"TokensAlign",685.69,686.07,"date"
"TokensAlign",686.07,686.59,"#"
"TokensAlign",686.59,686.64,"l'"
"TokensAlign",686.64,687.22,"évènement"
"TokensAlign",687.22,687.3000000000001,"+"
"TokensAlign",687.3000000000001,687.34,"le"
"TokensAlign",687.34,687.5500000000001,"choix"
"TokensAlign",687.5500000000001,687.65,"des"
"TokensAlign",687.65,687.9300000000001,"personnes"
"TokensAlign",687.9300000000001,688.0300000000001,"qu'"
"TokensAlign",688.0300000000001,688.07,"on"
"TokensAlign",688.07,688.19,"va"
"TokensAlign",688.19,688.33,"faire"
"TokensAlign",688.33,688.575,"a-"
"TokensAlign",688.575,689.11,"#"
"TokensAlign",689.11,689.545,"par_contre"
"TokensAlign",689.545,689.82,"#"
"TokensAlign",689.82,689.9300000000001,"là"
"TokensAlign",689.9300000000001,690.0,"où"
"TokensAlign",690.0,690.0600000000001,"tu"
"TokensAlign",690.0600000000001,690.3100000000001,"soulèves"
"TokensAlign",690.3100000000001,690.4000000000001,"une"
"TokensAlign",690.4000000000001,690.5500000000001,"bonne"
"TokensAlign",690.5500000000001,690.73,"chose"
"TokensAlign",690.73,690.82,"c'est"
"TokensAlign",690.82,690.9300000000001,"quand"
"TokensAlign",690.9300000000001,691.0,"tu"
"TokensAlign",691.0,691.0600000000001,"as"
"TokensAlign",691.0600000000001,691.1600000000001,"dit"
"TokensAlign",691.1600000000001,691.24,"je"
"TokensAlign",691.24,691.3000000000001,"veux"
"TokensAlign",691.3000000000001,691.5500000000001,"faire"
"TokensAlign",691.5500000000001,691.71,"+"
"TokensAlign",691.71,692.13,"ramener"
"TokensAlign",692.13,692.24,"une"
"TokensAlign",692.24,692.765,"victime"
"TokensAlign",692.765,693.6,"#"
"TokensAlign",693.6,694.02,"de"
"TokensAlign",694.02,694.95,"harcèlement"
"TokensAlign",694.95,695.05,"#"
"TokensAlign",695.05,695.16,"de"
"TokensAlign",695.16,695.8,"cyberharcèlement"
"TokensAlign",695.8,695.9499999999999,"c'est"
"TokensAlign",695.9499999999999,696.01,"une"
"TokensAlign",696.01,696.37,"super"
"TokensAlign",696.37,696.53,"bonne"
"TokensAlign",696.53,696.75,"idée"
"TokensAlign",696.75,697.15,"#"
"TokensAlign",697.15,697.27,"pour"
"TokensAlign",697.27,697.35,"la"
"TokensAlign",697.35,698.0699999999999,"sensibilisation"
"TokensAlign",698.0699999999999,698.1999999999999,"c'est"
"TokensAlign",698.1999999999999,698.599688,"incroyable"
"TokensAlign",698.599688,717.02,"#"
"TokensAlign",717.02,717.29,"ok"
"TokensAlign",717.29,717.49,"donc"
"TokensAlign",717.49,717.52,"le"
"TokensAlign",717.52,717.885,"téléphone"
"TokensAlign",717.885,722.405203,"#"
"TokensAlign",722.405203,723.14447,"@"
"TokensAlign",723.14447,725.475,"#"
"TokensAlign",725.475,726.005,"oh"
"TokensAlign",726.005,726.1,"#"
"TokensAlign",726.1,726.45,"@"
"TokensAlign",726.45,730.805,"#"
"TokensAlign",730.805,730.97,"ouais"
"TokensAlign",730.97,733.865,"#"
"TokensAlign",733.865,734.695,"euh"
"TokensAlign",734.695,734.945,"moi"
"TokensAlign",734.945,735.035,"je"
"TokensAlign",735.035,735.235,"pense"
"TokensAlign",735.235,735.335,"que"
"TokensAlign",735.335,735.485,"si"
"TokensAlign",735.485,735.575,"on"
"TokensAlign",735.575,735.725,"se"
"TokensAlign",735.725,735.795,"fait"
"TokensAlign",735.795,735.855,"ça"
"TokensAlign",735.855,735.955,"sur"
"TokensAlign",735.955,736.095,"un"
"TokensAlign",736.095,736.225,"jour"
"TokensAlign",736.225,736.285,"on"
"TokensAlign",736.285,736.395,"peut"
"TokensAlign",736.395,736.475,"se"
"TokensAlign",736.475,736.625,"faire"
"TokensAlign",736.625,736.705,"ça"
"TokensAlign",736.705,736.825,"un"
"TokensAlign",736.825,737.175,"week-end"
"TokensAlign",737.175,737.355,"pendant"
"TokensAlign",737.355,737.4350000000001,"la"
"TokensAlign",737.4350000000001,737.625,"période"
"TokensAlign",737.625,737.885,"scolaire"
"TokensAlign",737.885,740.125,"#"
"TokensAlign",740.125,740.285,"un"
"TokensAlign",740.285,740.565,"week-end"
"TokensAlign",740.565,740.705,"pendant"
"TokensAlign",740.705,740.765,"la"
"TokensAlign",740.765,740.965,"période"
"TokensAlign",740.965,741.235,"scolaire"
"TokensAlign",741.235,743.2,"#"
"TokensAlign",743.2,743.32,"mais"
"TokensAlign",743.32,743.46,"dans"
"TokensAlign",743.46,743.5400000000001,"ce"
"TokensAlign",743.5400000000001,743.6500000000001,"cas"
"TokensAlign",743.6500000000001,743.75,"là"
"TokensAlign",743.75,744.0200000000001,"faudrait"
"TokensAlign",744.0200000000001,744.44,"euh"
"TokensAlign",744.44,744.48,"+"
"TokensAlign",744.48,745.0,"sensibiliser"
"TokensAlign",745.0,745.1700000000001,"les"
"TokensAlign",745.1700000000001,745.35,"écoles"
"TokensAlign",745.35,745.4100000000001,"à"
"TokensAlign",745.4100000000001,745.5200000000001,"notre"
"TokensAlign",745.5200000000001,745.82,"projet"
"TokensAlign",745.82,746.01,"et"
"TokensAlign",746.01,746.5300000000001,"les"
"TokensAlign",746.5300000000001,746.5600000000001,"+"
"TokensAlign",746.5600000000001,746.62,"les"
"TokensAlign",746.62,746.929688,"ramener"
"TokensAlign",746.929688,748.263956,"#"
"TokensAlign",748.263956,749.159607,"*"
"TokensAlign",749.159607,751.74,"#"
"TokensAlign",751.74,751.9300000000001,"bien"
"TokensAlign",751.9300000000001,751.98,"je"
"TokensAlign",751.98,752.14,"suis"
"TokensAlign",752.14,752.48,"d'accord"
"TokensAlign",752.48,752.73,"avec"
"TokensAlign",752.73,752.83,"toi"
"TokensAlign",752.83,752.86,"mais"
"TokensAlign",752.86,753.07,"par_contre"
"TokensAlign",753.07,753.2,"dans"
"TokensAlign",753.2,753.28,"ce"
"TokensAlign",753.28,753.41,"cas"
"TokensAlign",753.41,753.57,"là"
"TokensAlign",753.57,754.76,"#"
"TokensAlign",754.76,754.85,"je"
"TokensAlign",754.85,754.93,"ne"
"TokensAlign",754.93,755.26,"vois"
"TokensAlign",755.26,755.37,"pas"
"TokensAlign",755.37,755.4,"de"
"TokensAlign",755.4,755.54,"quoi"
"TokensAlign",755.54,755.64,"vous"
"TokensAlign",755.64,756.04,"parler"
"TokensAlign",756.04,756.7,"#"
"TokensAlign",756.7,756.7800000000001,"mais"
"TokensAlign",756.7800000000001,757.09,"partiels"
"TokensAlign",757.09,757.13,"se"
"TokensAlign",757.13,757.26,"sont"
"TokensAlign",757.26,757.4100000000001,"très"
"TokensAlign",757.4100000000001,757.5500000000001,"bien"
"TokensAlign",757.5500000000001,757.8100000000001,"passées"
"TokensAlign",757.8100000000001,757.84,"l'"
"TokensAlign",757.84,758.47,"alhamdoulilah"
"TokensAlign",758.47,758.76,"mais"
"TokensAlign",758.76,758.92,"#"
"TokensAlign",758.92,759.0799999999999,"c'est"
"TokensAlign",759.0799999999999,759.17,"pas"
"TokensAlign",759.17,759.26,"la"
"TokensAlign",759.26,759.585938,"question"
"TokensAlign",759.585938,762.01,"#"
"TokensAlign",762.01,762.51,"intervention"
"TokensAlign",762.51,762.55,"en"
"TokensAlign",762.55,762.7,"milieu"
"TokensAlign",762.7,763.005,"scolaire"
"TokensAlign",763.005,763.09,"#"
"TokensAlign",763.09,763.1800000000001,"ah"
"TokensAlign",763.1800000000001,763.3100000000001,"tu"
"TokensAlign",763.3100000000001,763.37,"veux"
"TokensAlign",763.37,763.71,"carrément"
"TokensAlign",763.71,763.95,"aller"
"TokensAlign",763.95,764.27,"#"
"TokensAlign",764.27,764.37,"en"
"TokensAlign",764.37,764.55,"milieu"
"TokensAlign",764.55,764.85,"non"
"TokensAlign",764.85,764.91,"je"
"TokensAlign",764.91,765.04,"pense"
"TokensAlign",765.04,765.205,"pas"
"TokensAlign",765.205,766.433482,"#"
"TokensAlign",766.433482,767.457083,"*"
"TokensAlign",767.457083,768.835,"#"
"TokensAlign",768.835,768.965,"moi"
"TokensAlign",768.965,769.075,"le"
"TokensAlign",769.075,769.575,"problème"
"TokensAlign",769.575,769.6650000000001,"juste"
"TokensAlign",769.6650000000001,769.755,"que"
"TokensAlign",769.755,769.7850000000001,"je"
"TokensAlign",769.7850000000001,769.9250000000001,"vois"
"TokensAlign",769.9250000000001,770.0550000000001,"avec"
"TokensAlign",770.0550000000001,770.1650000000001,"ça"
"TokensAlign",770.1650000000001,770.2850000000001,"c'est"
"TokensAlign",770.2850000000001,770.325,"qu'"
"TokensAlign",770.325,770.365,"on"
"TokensAlign",770.365,770.455,"va"
"TokensAlign",770.455,770.565,"se"
"TokensAlign",770.565,770.835,"limiter"
"TokensAlign",770.835,770.895,"au"
"TokensAlign",770.895,771.0550000000001,"nombre"
"TokensAlign",771.0550000000001,771.085,"d'"
"TokensAlign",771.085,771.255,"école"
"TokensAlign",771.255,771.325,"qu'"
"TokensAlign",771.325,771.365,"on"
"TokensAlign",771.365,771.465,"va"
"TokensAlign",771.465,771.6650000000001,"faire"
"TokensAlign",771.6650000000001,771.975,"+"
"TokensAlign",771.975,772.1650000000001,"alors"
"TokensAlign",772.1650000000001,772.2750000000001,"que"
"TokensAlign",772.2750000000001,772.4050000000001,"si"
"TokensAlign",772.4050000000001,772.495,"on"
"TokensAlign",772.495,772.615,"fait"
"TokensAlign",772.615,772.725,"un"
"TokensAlign",772.725,773.115,"événement"
"TokensAlign",773.115,773.195,"et"
"TokensAlign",773.195,773.2850000000001,"que"
"TokensAlign",773.2850000000001,773.4350000000001,"tout_le"
"TokensAlign",773.4350000000001,773.595,"monde"
"TokensAlign",773.595,773.6650000000001,"peut"
"TokensAlign",773.6650000000001,773.7850000000001,"nous"
"TokensAlign",773.7850000000001,774.145,"rejoindre"
"TokensAlign",774.145,774.6850000000001,"+"
"TokensAlign",774.6850000000001,774.875,"on"
"TokensAlign",774.875,775.15,"ouvre"
"TokensAlign",775.15,775.49,"#"
"TokensAlign",775.49,775.57,"l'"
"TokensAlign",775.57,775.85,"accès"
"TokensAlign",775.85,775.9300000000001,"à"
"TokensAlign",775.9300000000001,776.59,"notre"
"TokensAlign",776.59,776.78,"truc"
"TokensAlign",776.78,777.28,"#"
"TokensAlign",777.28,777.5,"sauf"
"TokensAlign",777.5,777.8,"que"
"TokensAlign",777.8,778.17,"#"
"TokensAlign",778.17,778.51,"après"
"TokensAlign",778.51,778.5999999999999,"le"
"TokensAlign",778.5999999999999,779.16,"problème"
"TokensAlign",779.16,783.61,"#"
"TokensAlign",783.61,783.9300000000001,"après"
"TokensAlign",783.9300000000001,784.14,"ouais"
"TokensAlign",784.14,784.47,"faudrait"
"TokensAlign",784.47,784.53,"qu'"
"TokensAlign",784.53,784.67,"on"
"TokensAlign",784.67,784.88,"arrive"
"TokensAlign",784.88,784.99,"à"
"TokensAlign",784.99,785.3100000000001,"gérer"
"TokensAlign",785.3100000000001,785.69,"le"
"TokensAlign",785.69,785.76,"le"
"TokensAlign",785.76,786.079688,"monde"
"TokensAlign",786.079688,788.372351,"#"
"TokensAlign",788.372351,789.339086,"*"
"TokensAlign",789.339086,790.915,"#"
"TokensAlign",790.915,791.015,"ah"
"TokensAlign",791.015,791.395,"mais"
"TokensAlign",791.395,791.515,"SPEAKER_0"
"TokensAlign",791.515,791.555,"j'"
"TokensAlign",791.555,791.665,"ai"
"TokensAlign",791.665,792.135,"pas"
"TokensAlign",792.135,792.2149999999999,"dit"
"TokensAlign",792.2149999999999,792.245,"le"
"TokensAlign",792.245,792.555,"contraire"
"TokensAlign",792.555,792.5849999999999,"j'"
"TokensAlign",792.5849999999999,792.615,"ai"
"TokensAlign",792.615,792.675,"dit"
"TokensAlign",792.675,792.7049999999999,"qu'"
"TokensAlign",792.7049999999999,792.735,"il"
"TokensAlign",792.735,792.875,"fallait"
"TokensAlign",792.875,792.925,"qu'"
"TokensAlign",792.925,793.015,"on"
"TokensAlign",793.015,793.2249999999999,"passe"
"TokensAlign",793.2249999999999,793.305,"aux"
"TokensAlign",793.305,793.665,"écoles"
"TokensAlign",793.665,793.8149999999999,"mais"
"TokensAlign",793.8149999999999,794.155,"pas"
"TokensAlign",794.155,794.255,"nous"
"TokensAlign",794.255,794.375,"nous"
"TokensAlign",794.375,794.775,"déplacer"
"TokensAlign",794.775,794.915,"aux"
"TokensAlign",794.915,795.18,"écoles"
"TokensAlign",795.18,795.54,"#"
"TokensAlign",795.54,795.64,"parce"
"TokensAlign",795.64,795.7199999999999,"que"
"TokensAlign",795.7199999999999,795.8399999999999,"si"
"TokensAlign",795.8399999999999,795.9399999999999,"on"
"TokensAlign",795.9399999999999,796.03,"fait"
"TokensAlign",796.03,796.12,"ça"
"TokensAlign",796.12,796.23,"on"
"TokensAlign",796.23,796.38,"se"
"TokensAlign",796.38,796.74,"limite"
"TokensAlign",796.74,796.8,"au"
"TokensAlign",796.8,796.9599999999999,"nombre"
"TokensAlign",796.9599999999999,797.0,"d'"
"TokensAlign",797.0,797.1899999999999,"école"
"TokensAlign",797.1899999999999,797.26,"dans"
"TokensAlign",797.26,797.4699999999999,"laquelle"
"TokensAlign",797.4699999999999,797.53,"on"
"TokensAlign",797.53,797.749993,"va"
"TokensAlign",797.749993,813.975,"#"
"TokensAlign",813.975,814.365,"mercredi"
"TokensAlign",814.365,814.495,"la"
"TokensAlign",814.495,814.755,"la"
"TokensAlign",814.755,814.965,"moitié"
"TokensAlign",814.965,815.075,"des"
"TokensAlign",815.075,815.215,"écoles"
"TokensAlign",815.215,815.445,"finissent"
"TokensAlign",815.445,815.495,"à"
"TokensAlign",815.495,815.725,"midi"
"TokensAlign",815.725,815.7950000000001,"les"
"TokensAlign",815.7950000000001,815.895,"gars"
"TokensAlign",815.895,815.965,"c'est"
"TokensAlign",815.965,816.025,"pas"
"TokensAlign",816.025,816.085,"la"
"TokensAlign",816.085,816.24,"peine"
"TokensAlign",816.24,816.765,"#"
"TokensAlign",816.765,816.855,"on"
"TokensAlign",816.855,816.955,"se"
"TokensAlign",816.955,817.055,"fait"
"TokensAlign",817.055,817.175,"ça"
"TokensAlign",817.175,817.3249999999999,"un"
"TokensAlign",817.3249999999999,817.745,"vendredi"
"TokensAlign",817.745,817.835,"en"
"TokensAlign",817.835,817.995,"fin"
"TokensAlign",817.995,818.555,"de"
"TokensAlign",818.555,818.725,"fin"
"TokensAlign",818.725,818.755,"de"
"TokensAlign",818.755,819.285,"semaine"
"TokensAlign",819.285,823.46,"#"
"TokensAlign",823.46,823.64,"moi"
"TokensAlign",823.64,823.705,"je"
"TokensAlign",823.705,831.935,"#"
"TokensAlign",831.935,832.125,"ah"
"TokensAlign",832.125,832.285,"moi"
"TokensAlign",832.285,832.3649999999999,"je"
"TokensAlign",832.3649999999999,832.8149999999999,"pense"
"TokensAlign",832.8149999999999,832.8549999999999,"en"
"TokensAlign",832.8549999999999,832.9949999999999,"vrai"
"TokensAlign",832.9949999999999,833.0749999999999,"de"
"TokensAlign",833.0749999999999,833.2049999999999,"vrai"
"TokensAlign",833.2049999999999,833.3349999999999,"je"
"TokensAlign",833.3349999999999,833.4749999999999,"suis"
"TokensAlign",833.4749999999999,833.5849999999999,"pas"
"TokensAlign",833.5849999999999,834.41,"euh"
"TokensAlign",834.41,841.1,"#"
"TokensAlign",841.1,841.25,"c'est"
"TokensAlign",841.25,841.555,"ouais"
"TokensAlign",841.555,849.42,"#"
"TokensAlign",849.42,849.732188,"ouais"
"TokensAlign",849.732188,851.34,"#"
"TokensAlign",851.34,851.4100000000001,"mais"
"TokensAlign",851.4100000000001,851.65,"après"
"TokensAlign",851.65,851.69,"si"
"TokensAlign",851.69,851.75,"t'"
"TokensAlign",851.75,851.8000000000001,"es"
"TokensAlign",851.8000000000001,851.9300000000001,"pas"
"TokensAlign",851.9300000000001,852.0600000000001,"chaud"
"TokensAlign",852.0600000000001,852.09,"le"
"TokensAlign",852.09,852.5,"vendredi"
"TokensAlign",852.5,852.7900000000001,"si"
"TokensAlign",852.7900000000001,853.0,"tu"
"TokensAlign",853.0,853.14,"suis"
"TokensAlign",853.14,853.2800000000001,"ton"
"TokensAlign",853.2800000000001,853.63,"principe"
"TokensAlign",853.63,853.6700000000001,"t'"
"TokensAlign",853.6700000000001,853.71,"es"
"TokensAlign",853.71,853.82,"pas"
"TokensAlign",853.82,853.99,"chaud"
"TokensAlign",853.99,854.14,"le"
"TokensAlign",854.14,854.4,"lundi"
"TokensAlign",854.4,854.665,"non_plus"
"TokensAlign",854.665,855.985,"#"
"TokensAlign",855.985,856.025,"mh"
"TokensAlign",856.025,856.320839,"ok"
"TokensAlign",856.320839,860.925,"#"
"TokensAlign",860.925,861.2049999999999,"ouais"
"TokensAlign",861.2049999999999,861.3349999999999,"mais"
"TokensAlign",861.3349999999999,861.505,"s'"
"TokensAlign",861.505,861.5749999999999,"ils"
"TokensAlign",861.5749999999999,861.8249999999999,"partent"
"TokensAlign",861.8249999999999,861.885,"en"
"TokensAlign",861.885,862.165,"vacances"
"TokensAlign",862.165,862.1949999999999,"ils"
"TokensAlign",862.1949999999999,862.365,"partent"
"TokensAlign",862.365,862.425,"en"
"TokensAlign",862.425,862.795,"vacances"
"TokensAlign",862.795,862.875,"le"
"TokensAlign",862.875,863.295,"vendredi"
"TokensAlign",863.295,863.395,"ils"
"TokensAlign",863.395,863.4749999999999,"ont"
"TokensAlign",863.4749999999999,863.775,"réunion"
"TokensAlign",863.775,864.005,"aussi"
"TokensAlign",864.005,864.2249999999999,"hein"
"TokensAlign",864.2249999999999,864.3449999999999,"ma"
"TokensAlign",864.3449999999999,864.61,"gaté"
"TokensAlign",864.61,866.14,"#"
"TokensAlign",866.14,866.75,"ben"
"TokensAlign",866.75,866.88,"tu"
"TokensAlign",866.88,867.18,"travailles"
"TokensAlign",867.18,867.26,"de"
"TokensAlign",867.26,867.5,"lundi"
"TokensAlign",867.5,867.59,"à"
"TokensAlign",867.59,867.98,"vendredi"
"TokensAlign",867.98,868.02,"je"
"TokensAlign",868.02,868.11,"suis"
"TokensAlign",868.11,868.91,"désolé"
"TokensAlign",868.91,869.912652,"#"
"TokensAlign",869.912652,870.002652,"mh"
"TokensAlign",870.002652,870.425972,"*"
"TokensAlign",870.425972,873.781249,"#"
"TokensAlign",873.781249,874.492083,"*"
"TokensAlign",874.492083,875.99,"#"
"TokensAlign",875.99,876.12,"du_coup"
"TokensAlign",876.12,876.15,"on"
"TokensAlign",876.15,876.22,"peut"
"TokensAlign",876.22,876.3,"se"
"TokensAlign",876.3,876.45,"faire"
"TokensAlign",876.45,876.69,"sinon"
"TokensAlign",876.69,876.76,"on"
"TokensAlign",876.76,876.88,"peut"
"TokensAlign",876.88,877.04,"faire"
"TokensAlign",877.04,877.14,"ça"
"TokensAlign",877.14,877.28,"le"
"TokensAlign",877.28,877.69,"jeudi"
"TokensAlign",877.69,878.67,"#"
"TokensAlign",878.67,879.0899999999999,"jeudi"
"TokensAlign",879.0899999999999,879.2299999999999,"c'est"
"TokensAlign",879.2299999999999,879.3399999999999,"en"
"TokensAlign",879.3399999999999,879.52,"fin"
"TokensAlign",879.52,879.55,"de"
"TokensAlign",879.55,879.99,"semaine"
"TokensAlign",879.99,880.0799999999999,"t'"
"TokensAlign",880.0799999999999,880.14,"es"
"TokensAlign",880.14,880.26,"là"
"TokensAlign",880.26,880.3399999999999,"t'"
"TokensAlign",880.3399999999999,880.43,"as"
"TokensAlign",880.43,880.89,"taffé"
"TokensAlign",880.89,881.0699999999999,"la"
"TokensAlign",881.0699999999999,881.27,"veille"
"TokensAlign",881.27,881.42,"tu"
"TokensAlign",881.42,881.77,"rentres"
"TokensAlign",881.77,881.8499999999999,"d'"
"TokensAlign",881.8499999999999,881.9499999999999,"une"
"TokensAlign",881.9499999999999,881.99,"d'"
"TokensAlign",881.99,882.0899999999999,"une"
"TokensAlign",882.0899999999999,882.725,"après-midi"
"TokensAlign",882.725,886.465,"#"
"TokensAlign",886.465,886.765,"jeudi"
"TokensAlign",886.765,886.855,"en"
"TokensAlign",886.855,887.085,"période"
"TokensAlign",887.085,887.41,"scolaire"
"TokensAlign",887.41,888.125,"#"
"TokensAlign",888.125,888.615,"après"
"TokensAlign",888.615,889.31,"euh"
"TokensAlign",889.31,894.535,"#"
"TokensAlign",894.535,895.045,"ah"
"TokensAlign",895.045,895.3249999999999,"ouais"
"TokensAlign",895.3249999999999,895.505,"de"
"TokensAlign",895.505,895.74666,"ouf"
"TokensAlign",895.74666,896.12,"#"
"TokensAlign",896.12,896.34,"de"
"TokensAlign",896.34,896.681636,"ouf"
"TokensAlign",896.681636,897.435,"#"
"TokensAlign",897.435,897.525,"de"
"TokensAlign",897.525,897.6149999999999,"ouf"
"TokensAlign",897.6149999999999,897.805,"juste"
"TokensAlign",897.805,898.015,"après"
"TokensAlign",898.015,898.0949999999999,"les"
"TokensAlign",898.0949999999999,898.38,"vacances"
"TokensAlign",898.38,903.005,"#"
"TokensAlign",903.005,903.215,"juste"
"TokensAlign",903.215,903.465,"après"
"TokensAlign",903.465,903.535,"ou"
"TokensAlign",903.535,903.675,"juste"
"TokensAlign",903.675,903.835,"avant"
"TokensAlign",903.835,903.935,"les"
"TokensAlign",903.935,904.225,"vacances"
"TokensAlign",904.225,906.57,"#"
"TokensAlign",906.57,906.88,"après"
"TokensAlign",906.88,907.11,"oubliez"
"TokensAlign",907.11,907.25,"pas"
"TokensAlign",907.25,907.51,"période"
"TokensAlign",907.51,907.54,"de"
"TokensAlign",907.54,907.81,"noël"
"TokensAlign",907.81,907.9,"les"
"TokensAlign",907.9,908.26,"cadeaux"
"TokensAlign",908.26,908.46,"les"
"TokensAlign",908.46,908.74,"iphones"
"TokensAlign",908.74,908.79,"et"
"TokensAlign",908.79,908.9,"tout"
"TokensAlign",908.9,908.99,"ça"
"TokensAlign",908.99,909.07,"y"
"TokensAlign",909.07,909.2,"va"
"TokensAlign",909.2,909.315,"hein"
"TokensAlign",909.315,910.065,"#"
"TokensAlign",910.065,910.225,"donc"
"TokensAlign",910.225,910.555,"c'est"
"TokensAlign",910.555,910.685,"pas"
"TokensAlign",910.685,910.765,"une"
"TokensAlign",910.765,911.045,"mauvaise"
"TokensAlign",911.045,911.265,"chose"
"TokensAlign",911.265,911.42,"ouais"
"TokensAlign",911.42,912.96,"#"
"TokensAlign",912.96,913.32,"ouais"
"TokensAlign",913.32,913.46,"donc"
"TokensAlign",913.46,913.6,"juste"
"TokensAlign",913.6,913.78,"après"
"TokensAlign",913.78,913.86,"les"
"TokensAlign",913.86,914.14,"vacances"
"TokensAlign",914.14,914.21,"de"
"TokensAlign",914.21,914.44,"noël"
"TokensAlign",914.44,914.51,"un"
"TokensAlign",914.51,914.815,"jeudi"
"TokensAlign",914.815,915.045,"#"
"TokensAlign",915.045,915.155,"un"
"TokensAlign",915.155,915.355,"jeudi"
"TokensAlign",915.355,915.485,"c'est"
"TokensAlign",915.485,915.612188,"bien"
"TokensAlign",915.612188,927.74,"#"
"TokensAlign",927.74,927.96,"bacou"
"TokensAlign",927.96,928.185,"night"
"TokensAlign",928.185,932.655,"#"
"TokensAlign",932.655,932.915,"vas"
"TokensAlign",932.915,932.955,"y"
"TokensAlign",932.955,933.005,"je"
"TokensAlign",933.005,933.055,"t'"
"TokensAlign",933.055,933.27,"écoute"
"TokensAlign",933.27,937.18,"#"
"TokensAlign",937.18,937.49,"non"
"TokensAlign",937.49,939.340699,"#"
"TokensAlign",939.340699,939.420699,"je"
"TokensAlign",939.420699,939.510699,"suis"
"TokensAlign",939.510699,939.760699,"d'accord"
"TokensAlign",939.760699,940.030699,"avec"
"TokensAlign",940.030699,940.232813,"toi"
"TokensAlign",940.232813,950.73,"#"
"TokensAlign",950.73,950.9,"d'accord"
"TokensAlign",950.9,951.06,"avec"
"TokensAlign",951.06,951.27,"toi"
"TokensAlign",951.27,957.7,"#"
"TokensAlign",957.7,957.92,"ouais"
"TokensAlign",957.92,958.11,"non"
"TokensAlign",958.11,958.17,"mais"
"TokensAlign",958.17,958.5,"en_fait"
"TokensAlign",958.5,958.63,"c'est"
"TokensAlign",958.63,958.94,"surtout"
"TokensAlign",958.94,958.98,"que"
"TokensAlign",958.98,959.14,"ça"
"TokensAlign",959.14,959.27,"va"
"TokensAlign",959.27,959.46,"pas"
"TokensAlign",959.46,959.74,"avec"
"TokensAlign",959.74,960.02,"le"
"TokensAlign",960.02,960.3,"thème"
"TokensAlign",960.3,960.53,"de"
"TokensAlign",960.53,960.59,"ce"
"TokensAlign",960.59,960.64,"qu'"
"TokensAlign",960.64,960.67,"on"
"TokensAlign",960.67,960.77,"veut"
"TokensAlign",960.77,960.915,"faire"
"TokensAlign",960.915,961.11,"#"
"TokensAlign",961.11,961.24,"le"
"TokensAlign",961.24,961.62,"concert"
"TokensAlign",961.62,961.68,"la"
"TokensAlign",961.68,961.92,"dernière"
"TokensAlign",961.92,962.09,"fois"
"TokensAlign",962.09,962.555,"par_exemple"
"TokensAlign",962.555,963.08,"#"
"TokensAlign",963.08,963.19,"c'était"
"TokensAlign",963.19,963.22,"un"
"TokensAlign",963.22,963.33,"but"
"TokensAlign",963.33,963.77,"lucratif"
"TokensAlign",963.77,964.535,"#"
"TokensAlign",964.535,964.825,"on"
"TokensAlign",964.825,965.385,"investit"
"TokensAlign",965.385,965.915,"pour"
"TokensAlign",965.915,966.215,"avoir"
"TokensAlign",966.215,966.255,"un"
"TokensAlign",966.255,966.455,"retour"
"TokensAlign",966.455,966.555,"sur"
"TokensAlign",966.555,967.06,"investissement"
"TokensAlign",967.06,967.56,"#"
"TokensAlign",967.56,967.78,"là"
"TokensAlign",967.78,968.0,"notre"
"TokensAlign",968.0,968.255,"but"
"TokensAlign",968.255,968.635,"#"
"TokensAlign",968.635,968.705,"c'est"
"TokensAlign",968.705,968.775,"de"
"TokensAlign",968.775,969.255,"pré"
"TokensAlign",969.255,969.385,"c'est"
"TokensAlign",969.385,969.415,"de"
"TokensAlign",969.415,969.475,"la"
"TokensAlign",969.475,970.01,"prévention"
"TokensAlign",970.01,970.49,"#"
"TokensAlign",970.49,970.57,"pas"
"TokensAlign",970.57,970.75,"besoin"
"TokensAlign",970.75,970.8,"d'"
"TokensAlign",970.8,971.09,"investir"
"TokensAlign",971.09,971.615,"énormément"
"TokensAlign",971.615,971.975,"#"
"TokensAlign",971.975,972.055,"faut"
"TokensAlign",972.055,972.375,"ramener"
"TokensAlign",972.375,972.405,"des"
"TokensAlign",972.405,972.715,"personnes"
"TokensAlign",972.715,973.065,"touchées"
"TokensAlign",973.065,973.225,"et"
"TokensAlign",973.225,973.325,"des"
"TokensAlign",973.325,973.585,"personnes"
"TokensAlign",973.585,973.665,"qui"
"TokensAlign",973.665,973.735,"ont"
"TokensAlign",973.735,973.805,"des"
"TokensAlign",973.805,974.025,"choses"
"TokensAlign",974.025,974.105,"à"
"TokensAlign",974.105,974.255,"dire"
"TokensAlign",974.255,974.395,"sur"
"TokensAlign",974.395,974.535,"notre"
"TokensAlign",974.535,974.685,"thème"
"TokensAlign",974.685,975.02,"surtout"
"TokensAlign",975.02,977.545,"#"
"TokensAlign",977.545,977.685,"ouais"
"TokensAlign",977.685,977.982188,"ouais"
"TokensAlign",977.982188,980.861916,"#"
"TokensAlign",980.861916,981.842867,"*"
"TokensAlign",981.842867,982.54,"#"
"TokensAlign",982.54,982.58,"j"
"TokensAlign",982.58,982.68,"suis"
"TokensAlign",982.68,982.85,"d'accord"
"TokensAlign",982.85,983.02,"avec"
"TokensAlign",983.02,983.14,"toi"
"TokensAlign",983.14,983.35,"aussi"
"TokensAlign",983.35,983.485,"ouais"
"TokensAlign",983.485,998.47,"#"
"TokensAlign",998.47,998.78,"après"
"TokensAlign",998.78,998.87,"on"
"TokensAlign",998.87,998.93,"a"
"TokensAlign",998.93,999.23,"combien"
"TokensAlign",999.23,999.36,"de"
"TokensAlign",999.36,999.53,"cas"
"TokensAlign",999.53,999.61,"de"
"TokensAlign",999.61,1000.44,"cyberharcèlement"
"TokensAlign",1000.44,1000.6,"pas"
"TokensAlign",1000.6,1000.86,"loin"
"TokensAlign",1000.86,1000.92,"je"
"TokensAlign",1000.92,1001.12,"pense"
"TokensAlign",1001.12,1001.23,"on"
"TokensAlign",1001.23,1001.33,"en"
"TokensAlign",1001.33,1001.44,"est"
"TokensAlign",1001.44,1001.72,"tous"
"TokensAlign",1001.72,1001.93,"au_courant"
"TokensAlign",1001.93,1002.42,"de_même"
"TokensAlign",1002.42,1002.71,"dans"
"TokensAlign",1002.71,1003.07,"nos"
"TokensAlign",1003.07,1003.32,"dans"
"TokensAlign",1003.32,1003.59,"nos"
"TokensAlign",1003.59,1003.93,"familles"
"TokensAlign",1003.93,1003.98,"et"
"TokensAlign",1003.98,1004.16,"tout"
"TokensAlign",1004.16,1004.485,"de"
"TokensAlign",1004.485,1005.0,"#"
"TokensAlign",1005.0,1005.23,"cadre"
"TokensAlign",1005.23,1005.31,"de"
"TokensAlign",1005.31,1005.85,"proximité"
"TokensAlign",1005.85,1006.15,"etcetera"
"TokensAlign",1006.15,1006.26,"on"
"TokensAlign",1006.26,1006.48,"connaît"
"TokensAlign",1006.48,1006.57,"tous"
"TokensAlign",1006.57,1006.74,"des"
"TokensAlign",1006.74,1006.92,"gens"
"TokensAlign",1006.92,1007.08,"qui"
"TokensAlign",1007.08,1007.14,"ont"
"TokensAlign",1007.14,1007.35,"subi"
"TokensAlign",1007.35,1007.48,"du"
"TokensAlign",1007.48,1008.17,"cyberharcèlement"
"TokensAlign",1008.17,1008.28,"ou"
"TokensAlign",1008.28,1008.65,"qui"
"TokensAlign",1008.65,1009.24,"+"
"TokensAlign",1009.24,1009.37,"qui"
"TokensAlign",1009.37,1009.45,"en"
"TokensAlign",1009.45,1009.62,"sont"
"TokensAlign",1009.62,1009.8,"même"
"TokensAlign",1009.8,1010.22,"acteurs"
"TokensAlign",1010.22,1010.28,"tu"
"TokensAlign",1010.28,1010.425,"vois"
"TokensAlign",1010.425,1011.085,"#"
"TokensAlign",1011.085,1011.215,"sans"
"TokensAlign",1011.215,1011.585,"forcément"
"TokensAlign",1011.585,1011.675,"s'"
"TokensAlign",1011.675,1011.715,"en"
"TokensAlign",1011.715,1011.885,"rendre"
"TokensAlign",1011.885,1012.065,"compte"
"TokensAlign",1012.065,1012.5,"#"
"TokensAlign",1012.5,1012.57,"c'est"
"TokensAlign",1012.57,1012.6,"ça"
"TokensAlign",1012.6,1012.63,"le"
"TokensAlign",1012.63,1012.95,"problème"
"TokensAlign",1012.95,1013.21,"si"
"TokensAlign",1013.21,1013.31,"on"
"TokensAlign",1013.31,1013.4,"peut"
"TokensAlign",1013.4,1013.74,"ouvrir"
"TokensAlign",1013.74,1013.95,"les"
"TokensAlign",1013.95,1014.03,"yeux"
"TokensAlign",1014.03,1014.18,"sur"
"TokensAlign",1014.18,1014.26,"ça"
"TokensAlign",1014.26,1014.64,"aux"
"TokensAlign",1014.64,1014.85,"enfants"
"TokensAlign",1014.85,1014.9,"ce"
"TokensAlign",1014.9,1015.03,"serait"
"TokensAlign",1015.03,1015.309687,"sympa"
"TokensAlign",1015.309687,1016.953174,"#"
"TokensAlign",1016.953174,1017.450758,"*"
"TokensAlign",1017.450758,1027.42,"#"
"TokensAlign",1027.42,1027.8200000000002,"harcèlement"
"TokensAlign",1027.8200000000002,1028.37,"sexuel"
"TokensAlign",1028.37,1028.68,"via"
"TokensAlign",1028.68,1028.76,"les"
"TokensAlign",1028.76,1028.93,"réseaux"
"TokensAlign",1028.93,1029.299063,"sociaux"
"TokensAlign",1029.299063,1033.52,"#"
"TokensAlign",1033.52,1033.56,"tu"
"TokensAlign",1033.56,1033.66,"veux"
"TokensAlign",1033.66,1034.545,"pas"
"TokensAlign",1034.545,1034.62,"#"
"TokensAlign",1034.62,1034.9,"non"
"TokensAlign",1034.9,1034.9399999999998,"mais"
"TokensAlign",1034.9399999999998,1035.05,"au"
"TokensAlign",1035.05,1035.2199999999998,"pire"
"TokensAlign",1035.2199999999998,1035.3,"des"
"TokensAlign",1035.3,1035.36,"cas"
"TokensAlign",1035.36,1035.51,"on"
"TokensAlign",1035.51,1035.55,"est"
"TokensAlign",1035.55,1035.64,"pas"
"TokensAlign",1035.64,1035.82,"obligé"
"TokensAlign",1035.82,1035.86,"de"
"TokensAlign",1035.86,1036.1999999999998,"préciser"
"TokensAlign",1036.1999999999998,1036.35,"le"
"TokensAlign",1036.35,1036.6899999999998,"caractère"
"TokensAlign",1036.6899999999998,1037.02,"sexuel"
"TokensAlign",1037.02,1037.41,"de"
"TokensAlign",1037.41,1038.09,"+"
"TokensAlign",1038.09,1038.1899999999998,"de"
"TokensAlign",1038.1899999999998,1038.2199999999998,"l'"
"TokensAlign",1038.2199999999998,1038.555,"acte"
"TokensAlign",1038.555,1038.76,"#"
"TokensAlign",1038.76,1038.94,"même"
"TokensAlign",1038.94,1039.0,"si"
"TokensAlign",1039.0,1039.1,"c'est"
"TokensAlign",1039.1,1039.48,"ce"
"TokensAlign",1039.48,1039.83,"qui"
"TokensAlign",1039.83,1039.935,"est"
"TokensAlign",1039.935,1044.21,"#"
"TokensAlign",1044.21,1044.59,"non"
"TokensAlign",1044.59,1044.7,"il_y"
"TokensAlign",1044.7,1044.93,"avait"
"TokensAlign",1044.93,1045.11,"pas"
"TokensAlign",1045.11,1045.34,"de"
"TokensAlign",1045.34,1045.98,"coupable"
"TokensAlign",1045.98,1046.14,"on"
"TokensAlign",1046.14,1046.36,"l'"
"TokensAlign",1046.36,1046.39,"a"
"TokensAlign",1046.39,1047.1,"dit"
"TokensAlign",1047.1,1047.5,"clairement"
"TokensAlign",1047.5,1047.66,"@"
"TokensAlign",1047.66,1048.906793,"#"
"TokensAlign",1048.906793,1049.496793,"merci"
"TokensAlign",1049.496793,1049.686793,"pour"
"TokensAlign",1049.686793,1049.7867930000002,"la"
"TokensAlign",1049.7867930000002,1050.185,"blague"
"TokensAlign",1050.185,1055.995,"#"
"TokensAlign",1055.995,1056.0949999999998,"moi"
"TokensAlign",1056.0949999999998,1056.165,"je"
"TokensAlign",1056.165,1056.3649999999998,"pense"
"TokensAlign",1056.3649999999998,1056.425,"qu'"
"TokensAlign",1056.425,1056.525,"on"
"TokensAlign",1056.525,1057.18,"pourrait"
"TokensAlign",1057.18,1057.375,"#"
"TokensAlign",1057.375,1057.58,"ouais"
"TokensAlign",1057.58,1057.87,"#"
"TokensAlign",1057.87,1058.12,"est-ce_que"
"TokensAlign",1058.12,1058.1899999999998,"j'"
"TokensAlign",1058.1899999999998,1058.31,"allais"
"TokensAlign",1058.31,1058.4,"dire"
"TokensAlign",1058.4,1058.696548,"aussi"
"TokensAlign",1058.696548,1063.06,"#"
"TokensAlign",1063.06,1063.35,"après"
"TokensAlign",1063.35,1063.44,"je"
"TokensAlign",1063.44,1063.63,"pense"
"TokensAlign",1063.63,1063.66,"qu'"
"TokensAlign",1063.66,1063.73,"on"
"TokensAlign",1063.73,1063.82,"peut"
"TokensAlign",1063.82,1064.06,"parler"
"TokensAlign",1064.06,1064.39,"aussi"
"TokensAlign",1064.39,1064.47,"d'"
"TokensAlign",1064.47,1064.57,"un"
"TokensAlign",1064.57,1065.005,"psychologue"
"TokensAlign",1065.005,1067.46,"#"
"TokensAlign",1067.46,1067.54,"mh"
"TokensAlign",1067.54,1067.84,"mh"
"TokensAlign",1067.84,1068.9,"#"
"TokensAlign",1068.9,1069.01,"ouais"
"TokensAlign",1069.01,1069.5800000000002,"ouais"
"TokensAlign",1069.5800000000002,1069.75,"ouais"
"TokensAlign",1069.75,1069.849688,"ouais"
"TokensAlign",1069.849688,1071.726686,"#"
"TokensAlign",1071.726686,1073.191004,"*"
"TokensAlign",1073.191004,1081.03,"#"
"TokensAlign",1081.03,1081.12,"non"
"TokensAlign",1081.12,1081.18,"mais"
"TokensAlign",1081.18,1081.33,"les"
"TokensAlign",1081.33,1081.55,"impacts"
"TokensAlign",1081.55,1081.64,"de"
"TokensAlign",1081.64,1081.68,"l'"
"TokensAlign",1081.68,1082.24,"environnement"
"TokensAlign",1082.24,1082.41,"sur"
"TokensAlign",1082.41,1082.44,"l'"
"TokensAlign",1082.44,1082.88,"environnement"
"TokensAlign",1082.88,1083.03,"on"
"TokensAlign",1083.03,1083.5,"peut"
"TokensAlign",1083.5,1083.93,"concrètement"
"TokensAlign",1083.93,1084.38,"rien"
"TokensAlign",1084.38,1084.49,"qu'"
"TokensAlign",1084.49,1084.54,"un"
"TokensAlign",1084.54,1084.61,"de"
"TokensAlign",1084.61,1084.76,"nous"
"TokensAlign",1084.76,1084.83,"il"
"TokensAlign",1084.83,1085.01,"peut"
"TokensAlign",1085.01,1085.535,"aller"
"TokensAlign",1085.535,1085.86,"#"
"TokensAlign",1085.86,1085.9299999999998,"les"
"TokensAlign",1085.9299999999998,1086.51,"sensibiliser"
"TokensAlign",1086.51,1086.6999999999998,"avec"
"TokensAlign",1086.6999999999998,1086.77,"tout"
"TokensAlign",1086.77,1086.99,"ça"
"TokensAlign",1086.99,1087.1799999999998,"ouais"
"TokensAlign",1087.1799999999998,1087.26,"je"
"TokensAlign",1087.26,1087.49,"pense"
"TokensAlign",1087.49,1087.54,"que"
"TokensAlign",1087.54,1087.91,"clairement"
"TokensAlign",1087.91,1089.869361,"#"
"TokensAlign",1089.869361,1090.807662,"*"
"TokensAlign",1090.807662,1098.545681,"#"
"TokensAlign",1098.545681,1098.655681,"moi"
"TokensAlign",1098.655681,1098.855681,"mon"
"TokensAlign",1098.855681,1098.905681,"p"
"TokensAlign",1098.905681,1099.035681,"tit"
"TokensAlign",1099.035681,1099.205681,"frère"
"TokensAlign",1099.205681,1099.255681,"il"
"TokensAlign",1099.255681,1099.335681,"veut"
"TokensAlign",1099.335681,1099.365681,"du"
"TokensAlign",1099.365681,1099.595681,"tri"
"TokensAlign",1099.595681,1100.295,"sélectif"
"TokensAlign",1100.295,1102.432251,"#"
"TokensAlign",1102.432251,1102.582251,"si"
"TokensAlign",1102.582251,1102.642251,"vous"
"TokensAlign",1102.642251,1102.792251,"voulez"
"TokensAlign",1102.792251,1102.852251,"j'"
"TokensAlign",1102.852251,1103.032251,"appelle"
"TokensAlign",1103.032251,1103.172251,"mon"
"TokensAlign",1103.172251,1103.202251,"p"
"TokensAlign",1103.202251,1103.292251,"tit"
"TokensAlign",1103.292251,1103.47,"frère"
"TokensAlign",1103.47,1104.95,"#"
"TokensAlign",1104.95,1105.07,"il"
"TokensAlign",1105.07,1105.12,"en"
"TokensAlign",1105.12,1105.26,"faut"
"TokensAlign",1105.26,1105.34,"un"
"TokensAlign",1105.34,1105.765,"troisième"
"TokensAlign",1105.765,1107.13,"#"
"TokensAlign",1107.13,1107.25,"moi"
"TokensAlign",1107.25,1107.3300000000002,"je"
"TokensAlign",1107.3300000000002,1107.61,"pensais"
"TokensAlign",1107.61,1107.67,"qu'"
"TokensAlign",1107.67,1107.74,"un"
"TokensAlign",1107.74,1108.22,"psychologue"
"TokensAlign",1108.22,1108.915,"#"
"TokensAlign",1108.915,1109.165,"moi"
"TokensAlign",1109.165,1109.275,"je"
"TokensAlign",1109.275,1109.595,"veux"
"TokensAlign",1109.595,1109.87,"en_fait"
"TokensAlign",1109.87,1110.695,"#"
"TokensAlign",1110.695,1110.935,"ouais"
"TokensAlign",1110.935,1111.125,"mais"
"TokensAlign",1111.125,1111.2949999999998,"c'est"
"TokensAlign",1111.2949999999998,1111.495,"s-"
"TokensAlign",1111.495,1111.855,"+"
"TokensAlign",1111.855,1112.0549999999998,"des"
"TokensAlign",1112.0549999999998,1112.625,"violences"
"TokensAlign",1112.625,1112.675,"de"
"TokensAlign",1112.675,1112.895,"un"
"TokensAlign",1112.895,1114.215,"#"
"TokensAlign",1114.215,1114.3249999999998,"et"
"TokensAlign",1114.3249999999998,1114.495,"moi"
"TokensAlign",1114.495,1114.5649999999998,"j'"
"TokensAlign",1114.5649999999998,1114.725,"aimerais"
"TokensAlign",1114.725,1114.955,"surtout"
"TokensAlign",1114.955,1115.0549999999998,"qu"
"TokensAlign",1115.0549999999998,1115.095,"il"
"TokensAlign",1115.095,1115.285,"fasse"
"TokensAlign",1115.285,1115.515,"prendre"
"TokensAlign",1115.515,1115.935,"conscience"
"TokensAlign",1115.935,1116.005,"aux"
"TokensAlign",1116.005,1116.205,"gens"
"TokensAlign",1116.205,1116.245,"tu"
"TokensAlign",1116.245,1116.405,"sais"
"TokensAlign",1116.405,1116.5649999999998,"que"
"TokensAlign",1116.5649999999998,1116.8149999999998,"leurs"
"TokensAlign",1116.8149999999998,1116.97,"actes"
"TokensAlign",1116.97,1117.47,"#"
"TokensAlign",1117.47,1117.58,"ont"
"TokensAlign",1117.58,1117.68,"des"
"TokensAlign",1117.68,1118.43,"répercussions"
"TokensAlign",1118.43,1118.73,"+"
"TokensAlign",1118.73,1118.81,"et"
"TokensAlign",1118.81,1118.97,"que"
"TokensAlign",1118.97,1119.08,"des"
"TokensAlign",1119.08,1119.24,"fois"
"TokensAlign",1119.24,1119.29,"tu"
"TokensAlign",1119.29,1119.41,"sais"
"TokensAlign",1119.41,1119.51,"t'"
"TokensAlign",1119.51,1119.55,"es"
"TokensAlign",1119.55,1119.84,"peut-être"
"TokensAlign",1119.84,1120.29,"#"
"TokensAlign",1120.29,1120.75,"acteur"
"TokensAlign",1120.75,1121.05,"d'"
"TokensAlign",1121.05,1121.82,"agression"
"TokensAlign",1121.82,1121.99,"ou"
"TokensAlign",1121.99,1122.24,"de"
"TokensAlign",1122.24,1122.51,"cyber"
"TokensAlign",1122.51,1122.77,"harcèlement"
"TokensAlign",1122.77,1123.12,"etc"
"TokensAlign",1123.12,1123.19,"t'"
"TokensAlign",1123.19,1123.26,"en"
"TokensAlign",1123.26,1123.31,"es"
"TokensAlign",1123.31,1123.45,"pas"
"TokensAlign",1123.45,1123.77,"conscient"
"TokensAlign",1123.77,1123.84,"tu"
"TokensAlign",1123.84,1123.93,"vois"
"TokensAlign",1123.93,1124.05,"c'est"
"TokensAlign",1124.05,1124.25,"quoi"
"TokensAlign",1124.25,1127.945,"#"
"TokensAlign",1127.945,1128.415,"johnson"
"TokensAlign",1128.415,1130.49,"#"
"TokensAlign",1130.49,1130.895,"johnson"
"TokensAlign",1130.895,1131.79,"#"
"TokensAlign",1131.79,1132.03,"docteur"
"TokensAlign",1132.03,1132.435,"johnson"
"TokensAlign",1132.435,1133.29,"#"
"TokensAlign",1133.29,1133.33,"j'"
"TokensAlign",1133.33,1133.36,"ai"
"TokensAlign",1133.36,1133.51,"son"
"TokensAlign",1133.51,1133.899894,"zéro_six"
"TokensAlign",1133.899894,1138.21,"#"
"TokensAlign",1138.21,1138.42,"et"
"TokensAlign",1138.42,1139.01,"euh"
"TokensAlign",1139.01,1139.47,"+"
"TokensAlign",1139.47,1139.715,"donc"
"TokensAlign",1139.715,1140.53,"#"
"TokensAlign",1140.53,1140.63,"pour"
"TokensAlign",1140.63,1140.69,"la"
"TokensAlign",1140.69,1140.939718,"suite"
"TokensAlign",1140.939718,1147.175,"#"
"TokensAlign",1147.175,1147.225,"tu"
"TokensAlign",1147.225,1147.265,"as"
"TokensAlign",1147.265,1147.525,"aurélien"
"TokensAlign",1147.525,1148.16,"#"
"TokensAlign",1148.16,1148.24,"b"
"TokensAlign",1148.24,1148.59,"r"
"TokensAlign",1148.59,1148.88,"i"
"TokensAlign",1148.88,1149.02,"a"
"TokensAlign",1149.02,1149.2,"n"
"TokensAlign",1149.2,1149.515,"t"
"TokensAlign",1149.515,1172.562118,"#"
"TokensAlign",1172.562118,1173.358252,"*"
"TokensAlign",1173.358252,1174.165,"#"
"TokensAlign",1174.165,1174.395,"ouais"
"TokensAlign",1174.395,1186.295,"#"
"TokensAlign",1186.295,1186.4550000000002,"et"
"TokensAlign",1186.4550000000002,1187.068936,"aussi"
"TokensAlign",1187.068936,1192.35,"#"
"TokensAlign",1192.35,1192.4199999999998,"la"
"TokensAlign",1192.4199999999998,1192.82,"troisième"
"TokensAlign",1192.82,1193.1899999999998,"étape"
"TokensAlign",1193.1899999999998,1193.25,"du"
"TokensAlign",1193.25,1193.47,"plan"
"TokensAlign",1193.47,1195.885,"#"
"TokensAlign",1195.885,1196.035,"faire"
"TokensAlign",1196.035,1196.115,"le"
"TokensAlign",1196.115,1196.405,"plan"
"TokensAlign",1196.405,1198.133437,"#"
"TokensAlign",1198.133437,1198.521563,"@"
"PronTokAlign",0.0,23.629691,"#=0.0"
"PronTokAlign",23.629691,24.099624,"noise=0.0"
"PronTokAlign",24.099624,24.368157,"#=0.0"
"PronTokAlign",24.368157,24.93879,"noise=0.0"
"PronTokAlign",24.93879,33.126454,"#=0.0"
"PronTokAlign",33.126454,33.647332,"noise=0.0"
"PronTokAlign",33.647332,35.315,"#=0.0"
"PronTokAlign",35.315,35.496563,"O/-k-E=0.644"
"PronTokAlign",35.496563,40.525,"#=0.0"
"PronTokAlign",40.525,41.125,"k-E-l-k-U~/"
"PronTokAlign",41.125,41.545,"k-E-l-k-U~/"
"PronTokAlign",41.545,41.575,"A/"
"PronTokAlign",41.575,41.865,"U~/=0.799"
"PronTokAlign",41.865,42.145,"A/-v-i-z=0.628"
"PronTokAlign",42.145,53.45,"#=0.0"
"PronTokAlign",53.45,53.690000000000005,"w-E"
"PronTokAlign",53.690000000000005,54.07,"O/-k-e=0.633"
"PronTokAlign",54.07,54.190000000000005,"n-O~=0.294"
"PronTokAlign",54.190000000000005,54.330000000000005,"m-E=0.445"
"PronTokAlign",54.330000000000005,54.400000000000006,"n-O~=0.336"
"PronTokAlign",54.400000000000006,54.470000000000006,"S=0.474"
"PronTokAlign",54.470000000000006,54.59,"s-y-i=0.923"
"PronTokAlign",54.59,54.74,"d-A/-k-O/-R"
"PronTokAlign",54.74,54.900000000000006,"A/-v-E-k"
"PronTokAlign",54.900000000000006,55.088957,"v-u=0.786"
"PronTokAlign",55.088957,57.451964,"#=0.0"
"PronTokAlign",57.451964,57.998251,"noise=0.0"
"PronTokAlign",57.998251,65.415,"#=0.0"
"PronTokAlign",65.415,65.59500000000001,"n-O/=0.362"
"PronTokAlign",65.59500000000001,65.905,"n-O~=0.382"
"PronTokAlign",65.905,66.015,"n-O/=0.43"
"PronTokAlign",66.015,72.505,"#=0.0"
"PronTokAlign",72.505,72.66499999999999,"n-O/=0.548"
"PronTokAlign",72.66499999999999,72.755,"m-w-A/"
"PronTokAlign",72.755,72.795,"S=0.558"
"PronTokAlign",72.795,72.88499999999999,"s-y-i=0.863"
"PronTokAlign",72.88499999999999,73.085,"d-A/-k-O/-R"
"PronTokAlign",73.085,73.21499999999999,"A/-v-E-k"
"PronTokAlign",73.21499999999999,73.375,"v-u=0.793"
"PronTokAlign",73.375,73.515,"#=0.0"
"PronTokAlign",73.515,73.955,"Z-y-s=0.525"
"PronTokAlign",73.955,74.265,"#"
"PronTokAlign",74.265,74.325,"S=0.587"
"PronTokAlign",74.325,74.715,"p-a~-s-e=0.465"
"PronTokAlign",74.715,74.955,"k-@=0.972"
"PronTokAlign",74.955,75.385,"#=0.0"
"PronTokAlign",75.385,75.575,"k-O/-m=0.758"
"PronTokAlign",75.575,75.655,"t"
"PronTokAlign",75.655,75.72500000000001,"A/=0.614"
"PronTokAlign",75.72500000000001,75.855,"d-i-t=0.582"
"PronTokAlign",75.855,75.935,"O~-n=0.518"
"PronTokAlign",75.935,76.14500000000001,"t-R-A/-v-A/-j=0.866"
"PronTokAlign",76.14500000000001,76.31500000000001,"A/-v-E-k"
"PronTokAlign",76.31500000000001,76.375,"l-E=0.302"
"PronTokAlign",76.375,76.71,"Z-9-n-z=0.53"
"PronTokAlign",76.71,77.05,"#=0.0"
"PronTokAlign",77.05,77.34,"d-A/-k-O/-R"
"PronTokAlign",77.34,77.92,"#=0.0"
"PronTokAlign",77.92,78.09,"d-O~-k=0.51"
"PronTokAlign",78.09,78.34,"d-a~-z=0.974"
"PronTokAlign",78.34,78.4,"U~/=0.818"
"PronTokAlign",78.4,78.55,"b-y=0.543"
"PronTokAlign",78.55,78.71000000000001,"d-@=0.742"
"PronTokAlign",78.71000000000001,79.345,"f-O/-R-m-A/-s-j-O~"
"PronTokAlign",79.345,79.705,"#=0.0"
"PronTokAlign",79.705,79.77499999999999,"f-O/=0.517"
"PronTokAlign",79.77499999999999,79.865,"s"
"PronTokAlign",79.865,80.255,"U~/-s-p-i-R-e=0.922"
"PronTokAlign",80.255,80.285,"d=0.515"
"PronTokAlign",80.285,80.395,"p-l-y=0.764"
"PronTokAlign",80.395,80.59,"g-R-a~=0.781"
"PronTokAlign",80.59,80.785,"#=0.0"
"PronTokAlign",80.785,80.825,"t=0.832"
"PronTokAlign",80.825,80.99,"v-w-A/=0.611"
"PronTokAlign",80.99,81.095,"#=0.0"
"PronTokAlign",81.095,81.225,"n-O/=0.652"
"PronTokAlign",81.225,81.49,"Z-9-n-z=0.682"
"PronTokAlign",81.49,81.815,"#=0.0"
"PronTokAlign",81.815,82.155,"p-2-t-E-t-R=0.92"
"PronTokAlign",82.155,82.315,"i-s-y=0.933"
"PronTokAlign",82.315,82.405,"d-e=0.432"
"PronTokAlign",82.405,82.66499999999999,"k-A/-R-A/-k-t-E-R=0.99"
"PronTokAlign",82.66499999999999,83.235,"d-E-f-A/-v-O/-R-i-z-e=0.924"
"PronTokAlign",83.235,83.465,"b-A/-m"
"PronTokAlign",83.465,83.63499999999999,"b-A/-m"
"PronTokAlign",83.63499999999999,83.715,"i=0.36"
"PronTokAlign",83.715,83.88499999999999,"p-9-v=0.808"
"PronTokAlign",83.88499999999999,84.195,"A/-v-w-A/-R"
"PronTokAlign",84.195,84.41499999999999,"s-A/=0.996"
"PronTokAlign",84.41499999999999,84.455,"i=0.698"
"PronTokAlign",84.455,84.575,"p-9-v=0.91"
"PronTokAlign",84.575,84.735,"A/-v-w-A/-R"
"PronTokAlign",84.735,84.845,"y-n=0.746"
"PronTokAlign",84.845,85.465,"E-v-O/-l-y-s-j-O~=0.513"
"PronTokAlign",85.465,85.795,"#=0.0"
"PronTokAlign",85.795,85.915,"U~/=0.812"
"PronTokAlign",85.915,86.365,"p-R-U~/-s-i-p=0.823"
"PronTokAlign",86.365,86.595,"k-O/-m-a~=0.751"
"PronTokAlign",86.595,86.69500000000001,"s=0.665"
"PronTokAlign",86.69500000000001,86.785,"A/"
"PronTokAlign",86.785,87.255,"k-O/-m-a~-s-e"
"PronTokAlign",87.255,87.33500000000001,"s=0.889"
"PronTokAlign",87.33500000000001,87.405,"A/"
"PronTokAlign",87.405,87.735,"k-O/-m-a~-s-e"
"PronTokAlign",87.735,87.825,"d-@=0.502"
"PronTokAlign",87.825,87.915,"y-n=0.714"
"PronTokAlign",87.915,88.215,"t-u-t-@=0.728"
"PronTokAlign",88.215,88.355,"p-t-i-t=0.553"
"PronTokAlign",88.355,88.595,"S-O/-z=0.853"
"PronTokAlign",88.595,88.97500000000001,"A/-m-A/-z-O/-n"
"PronTokAlign",88.97500000000001,89.185,"y-n-@=0.508"
"PronTokAlign",89.185,89.425,"v-a~-t=0.711"
"PronTokAlign",89.425,89.595,"p-H-i=0.504"
"PronTokAlign",89.595,89.745,"d-2=0.912"
"PronTokAlign",89.745,89.885,"p-i=0.631"
"PronTokAlign",89.885,90.075,"t-R-w-A/=0.969"
"PronTokAlign",90.075,90.205,"p-i=0.781"
"PronTokAlign",90.205,90.485,"k-A/-t=0.631"
"PronTokAlign",90.485,90.865,"#"
"PronTokAlign",90.865,91.005,"s-A/=0.969"
"PronTokAlign",91.005,91.145,"f-e=0.41"
"PronTokAlign",91.145,91.265,"y-n=0.792"
"PronTokAlign",91.265,91.775,"E-v-O/-l-y-s-j-O~=0.514"
"PronTokAlign",91.775,91.935,"k=0.442"
"PronTokAlign",91.935,92.435,"p-2-t=0.886"
"PronTokAlign",92.435,92.775,"d-O/-n-e=0.72"
"PronTokAlign",92.775,92.915,"O/=0.797"
"PronTokAlign",92.915,93.545,"p-E-R-s-O/-n-z=0.999"
"PronTokAlign",93.545,93.815,"a~-v-i"
"PronTokAlign",93.815,93.925,"d-@=0.772"
"PronTokAlign",93.925,94.065,"f-E-R=0.926"
"PronTokAlign",94.065,94.465,"p-A/-R-E-j"
"PronTokAlign",94.465,94.755,"#"
"PronTokAlign",94.755,94.855,"e=0.734"
"PronTokAlign",94.855,94.915,"d=0.862"
"PronTokAlign",94.915,95.335,"e-v-O/-l-y-e=0.583"
"PronTokAlign",95.335,95.695,"g-R-O/-v=0.925"
"PronTokAlign",95.695,95.725,"y=0.524"
"PronTokAlign",95.725,96.175,"m-U~/-d-s-E-t=0.716"
"PronTokAlign",96.175,96.225,"t=0.617"
"PronTokAlign",96.225,96.475,"k-O/-n-E=0.485"
"PronTokAlign",96.475,97.64,"#=0.0"
"PronTokAlign",97.64,97.71,"s-e"
"PronTokAlign",97.71,97.88,"t-u=0.849"
"PronTokAlign",97.88,98.31,"#=0.0"
"PronTokAlign",98.31,98.38,"t-u=0.808"
"PronTokAlign",98.38,98.92,"s-U~/-p-l-2-m-a~-t=0.666"
"PronTokAlign",98.92,104.245,"#=0.0"
"PronTokAlign",104.245,104.355,"S=0.479"
"PronTokAlign",104.355,104.465,"l-@=0.481"
"PronTokAlign",104.465,104.595,"m-e=0.497"
"PronTokAlign",104.595,104.725,"d-a~=0.925"
"PronTokAlign",104.725,104.845,"l-A/"
"PronTokAlign",104.845,105.495,"p-R-E-v-a~-s-j-O~"
"PronTokAlign",105.495,105.685,"a~-t-i"
"PronTokAlign",105.685,106.265,"p-R-e-k-A/-R-i-t-e=0.579"
"PronTokAlign",106.265,112.87,"#=0.0"
"PronTokAlign",112.87,113.04,"n-O/=0.43"
"PronTokAlign",113.04,113.16,"m-w-A/"
"PronTokAlign",113.16,113.24,"S=0.609"
"PronTokAlign",113.24,113.35,"s-y-i=0.956"
"PronTokAlign",113.35,113.81,"d-A/-k-O/-R"
"PronTokAlign",113.81,114.08,"A/-v-E-k"
"PronTokAlign",114.08,114.25,"v-u=0.65"
"PronTokAlign",114.25,114.39,"k-@=0.629"
"PronTokAlign",114.39,114.53,"p-u-R"
"PronTokAlign",114.53,114.67,"f-E-R=0.655"
"PronTokAlign",114.67,114.7,"d=0.595"
"PronTokAlign",114.7,114.79,"l-A/"
"PronTokAlign",114.79,115.28,"p-R-E-v-a~-s-j-O~"
"PronTokAlign",115.28,115.46,"s-e"
"PronTokAlign",115.46,115.945,"#=0.0"
"PronTokAlign",115.945,116.175,"n-a~=0.478"
"PronTokAlign",116.175,116.525,"A/-p-R-e=0.724"
"PronTokAlign",116.525,116.635,"m-w-A/"
"PronTokAlign",116.635,116.695,"S=0.571"
"PronTokAlign",116.695,116.785,"s-y-i=0.982"
"PronTokAlign",116.785,117.115,"d-A/-k-O/-R"
"PronTokAlign",117.115,117.345,"p-u-R"
"PronTokAlign",117.345,117.605,"v-u-z=0.749"
"PronTokAlign",117.605,117.92,"#=0.0"
"PronTokAlign",117.92,117.97,"k=0.858"
"PronTokAlign",117.97,118.12,"p-u-R"
"PronTokAlign",118.12,118.21,"f-E-R=0.891"
"PronTokAlign",118.21,118.24,"t=0.592"
"PronTokAlign",118.24,118.3,"l-A/"
"PronTokAlign",118.3,118.81,"p-R-E-v-a~-s-j-O~"
"PronTokAlign",118.81,119.21,"#"
"PronTokAlign",119.21,119.24,"l=0.523"
"PronTokAlign",119.24,119.61,"A/-s-p-e=0.792"
"PronTokAlign",119.61,119.65,"k=0.867"
"PronTokAlign",119.65,119.71,"Z=0.744"
"PronTokAlign",119.71,119.76,"e=0.661"
"PronTokAlign",119.76,120.15,"d-e-v-l-O/-p-e=0.651"
"PronTokAlign",120.15,120.27,"s-e"
"PronTokAlign",120.27,120.52,"p-2-t-E-t-R=0.92"
"PronTokAlign",120.52,120.58,"p-A/=0.926"
"PronTokAlign",120.58,120.61,"l=0.824"
"PronTokAlign",120.61,120.825,"m-E-j-9-R"
"PronTokAlign",120.825,121.48,"#=0.0"
"PronTokAlign",121.48,121.54,"Z=0.496"
"PronTokAlign",121.54,121.63,"s-y-i=0.874"
"PronTokAlign",121.63,121.78,"d-A/-k-O/-R"
"PronTokAlign",121.78,121.9,"A/-v-E-k"
"PronTokAlign",121.9,121.985,"v-u=0.932"
"PronTokAlign",121.985,122.415,"#=0.0"
"PronTokAlign",122.415,122.675,"A/-p-R-e=0.523"
"PronTokAlign",122.675,122.725,"j"
"PronTokAlign",122.725,122.775,"A/"
"PronTokAlign",122.775,122.945,"p-l-U~/=0.499"
"PronTokAlign",122.945,123.005,"d=0.563"
"PronTokAlign",123.005,123.115,"p-w-U~/=0.935"
"PronTokAlign",123.115,123.485,"n-E-g-A/-t-i-f=0.813"
"PronTokAlign",123.485,123.585,"d-@=0.44"
"PronTokAlign",123.585,124.125,"A/-m-A/-z-O/-n"
"PronTokAlign",124.125,124.59,"#=0.0"
"PronTokAlign",124.59,124.805,"b-O/=0.405"
"PronTokAlign",124.805,125.34,"#=0.0"
"PronTokAlign",125.34,125.83,"p-R-E-f-E-R-E=0.705"
"PronTokAlign",125.83,126.28,"f-E-R=0.569"
"PronTokAlign",126.28,127.08,"U~/-n=0.962"
"PronTokAlign",127.08,127.17,"p-2"
"PronTokAlign",127.17,127.91,"#=0.0"
"PronTokAlign",127.91,127.95,"t"
"PronTokAlign",127.95,127.98,"s=0.891"
"PronTokAlign",127.98,128.11,"a~"
"PronTokAlign",128.11,128.31,"m-O/-d=0.703"
"PronTokAlign",128.31,128.82,"m-U~/-d-s-E-t=0.768"
"PronTokAlign",128.82,128.98,"#"
"PronTokAlign",128.98,129.39,"f-O/-R-m-A/-s-j-O~"
"PronTokAlign",129.39,129.43,"E=0.586"
"PronTokAlign",129.43,129.54999999999998,"t-u=0.915"
"PronTokAlign",129.54999999999998,129.66,"k-O/-m=0.799"
"PronTokAlign",129.66,129.69,"Z=0.583"
"PronTokAlign",129.69,129.79999999999998,"v-u-z=0.524"
"PronTokAlign",129.79999999999998,129.89,"E=0.531"
"PronTokAlign",129.89,130.09,"d-i=0.931"
"PronTokAlign",130.09,130.68,"#=0.0"
"PronTokAlign",130.68,130.81,"m-e=0.289"
"PronTokAlign",130.81,130.86,"j"
"PronTokAlign",130.86,130.945,"A/"
"PronTokAlign",130.945,131.305,"#=0.0"
"PronTokAlign",131.305,131.685,"k-l-E-R-m-a~=0.729"
"PronTokAlign",131.685,131.82500000000002,"b-O/-k-u=0.64"
"PronTokAlign",131.82500000000002,131.895,"t=0.447"
"PronTokAlign",131.895,132.10500000000002,"p-w-U~/=0.712"
"PronTokAlign",132.10500000000002,132.225,"p-O/"
"PronTokAlign",132.225,132.765,"n-E-g-A/-t-i-f=0.583"
"PronTokAlign",132.765,132.82500000000002,"d=0.365"
"PronTokAlign",132.82500000000002,133.215,"A/-m-A/-z-O/-n"
"PronTokAlign",133.215,133.32500000000002,"k"
"PronTokAlign",133.32500000000002,133.375,"O~=0.781"
"PronTokAlign",133.375,134.005,"p-2-t"
"PronTokAlign",134.005,134.035,"#"
"PronTokAlign",134.035,134.085,"k=0.961"
"PronTokAlign",134.085,134.13500000000002,"O~=0.821"
"PronTokAlign",134.13500000000002,134.265,"p-@=0.821"
"PronTokAlign",134.265,134.71,"E-n-O~-s-e-R=0.757"
"PronTokAlign",134.71,135.085,"#=0.0"
"PronTokAlign",135.085,135.455,"m-e=0.571"
"PronTokAlign",135.455,136.118828,"p-A/-R-k-O~-t-R=0.569"
"PronTokAlign",136.118828,137.82,"#=0.0"
"PronTokAlign",137.82,138.1,"A/-p-R-E=0.46"
"PronTokAlign",138.1,138.25,"m-w-A/"
"PronTokAlign",138.25,138.32999999999998,"S=0.536"
"PronTokAlign",138.32999999999998,138.51999999999998,"p-a~-s=0.97"
"PronTokAlign",138.51999999999998,138.9,"s-y-R-t-u-t=0.514"
"PronTokAlign",138.9,139.32,"k-@"
"PronTokAlign",139.32,139.41,"#"
"PronTokAlign",139.41,139.5,"S=0.716"
"PronTokAlign",139.5,139.54,"e=0.61"
"PronTokAlign",139.54,139.92,"a~-t-a~-d-y"
"PronTokAlign",139.92,140.11,"v-O/-z=0.913"
"PronTokAlign",140.11,140.59,"A/-R-g-y-m-a~=0.91"
"PronTokAlign",140.59,141.01,"#=0.0"
"PronTokAlign",141.01,141.06,"e=0.563"
"PronTokAlign",141.06,141.14,"k"
"PronTokAlign",141.14,141.17,"j=0.78"
"PronTokAlign",141.17,141.20999999999998,"A/"
"PronTokAlign",141.20999999999998,141.31,"d-e=0.491"
"PronTokAlign",141.31,141.48,"t-E-m=0.89"
"PronTokAlign",141.48,141.57,"k-j=0.424"
"PronTokAlign",141.57,141.63,"O~=0.78"
"PronTokAlign",141.63,141.76999999999998,"E-t-e=0.258"
"PronTokAlign",141.76999999999998,142.04999999999998,"s-u-l-2-v-e=0.811"
"PronTokAlign",142.04999999999998,142.16,"k-@=0.615"
"PronTokAlign",142.16,142.22,"Z=0.402"
"PronTokAlign",142.22,142.39,"t-R-u-v=0.626"
"PronTokAlign",142.39,142.89,"b-O/-k-u=0.525"
"PronTokAlign",142.89,143.14999999999998,"p-l-y=0.749"
"PronTokAlign",143.14999999999998,143.48999999999998,"b-O/-k-u=0.512"
"PronTokAlign",143.48999999999998,143.70999999999998,"b-O/-k-u=0.734"
"PronTokAlign",143.70999999999998,144.04999999999998,"b-O/-k-u=0.807"
"PronTokAlign",144.04999999999998,144.32,"b-O/-k-u=0.672"
"PronTokAlign",144.32,144.57,"p-l-y-z=0.534"
"PronTokAlign",144.57,145.13,"U~/-t-E-R-E-s-a~=0.345"
"PronTokAlign",145.13,145.455,"e=0.721"
"PronTokAlign",145.455,146.17,"#=0.0"
"PronTokAlign",146.17,146.45,"e=0.599"
"PronTokAlign",146.45,146.86999999999998,"s-U~/-p-A/"
"PronTokAlign",146.86999999999998,146.95,"A/"
"PronTokAlign",146.95,147.555,"d-e-v-l-O/-p-e=0.623"
"PronTokAlign",147.555,147.82,"#=0.0"
"PronTokAlign",147.82,148.0,"s-y-R-t-u=0.773"
"PronTokAlign",148.0,148.15,"p-u-R"
"PronTokAlign",148.15,148.23999999999998,"l-E=0.323"
"PronTokAlign",148.23999999999998,148.51,"Z-9-n-z=0.609"
"PronTokAlign",148.51,148.875,"#=0.0"
"PronTokAlign",148.875,148.995,"k-@=0.775"
"PronTokAlign",148.995,149.485,"A/-m-A/-z-O/-n"
"PronTokAlign",149.485,149.805,"s-9-l"
"PronTokAlign",149.805,149.945,"t=0.57"
"PronTokAlign",149.945,150.125,"v-w-A/=0.935"
"PronTokAlign",150.125,150.495,"A/-m-A/-z-O/-n"
"PronTokAlign",150.495,150.675,"s-9-l"
"PronTokAlign",150.675,150.755,"S=0.644"
"PronTokAlign",150.755,150.955,"t-R-u-v=0.601"
"PronTokAlign",150.955,151.035,"k-@=0.66"
"PronTokAlign",151.035,151.165,"s-e"
"PronTokAlign",151.165,151.405,"v-R-E-m-a~=0.525"
"PronTokAlign",151.405,151.535,"p-A/=0.777"
"PronTokAlign",151.535,151.845,"f-O/-R-s-E-m-a~=0.62"
"PronTokAlign",151.845,151.875,"l=0.881"
"PronTokAlign",151.875,151.985,"m-E-m=0.721"
"PronTokAlign",151.985,152.2,"t-R-y-k"
"PronTokAlign",152.2,152.85,"#=0.0"
"PronTokAlign",152.85,153.11,"A/-p-R-e=0.441"
"PronTokAlign",153.11,153.23999999999998,"t=0.563"
"PronTokAlign",153.23999999999998,153.38,"p-@=0.872"
"PronTokAlign",153.38,153.41,"l"
"PronTokAlign",153.41,153.65,"U~/-k-l-y-R=0.911"
"PronTokAlign",153.65,153.81,"d-a~-z=0.722"
"PronTokAlign",153.81,153.87,"U~/=0.768"
"PronTokAlign",153.87,153.92,"d=0.364"
"PronTokAlign",153.92,154.09,"t-E-m=0.821"
"PronTokAlign",154.09,154.22,"k-O/-m=0.802"
"PronTokAlign",154.22,154.34,"t=0.548"
"PronTokAlign",154.34,154.51,"d-i=0.719"
"PronTokAlign",154.51,154.79999999999998,"m-e=0.422"
"PronTokAlign",154.79999999999998,155.07999999999998,"m-w-A/"
"PronTokAlign",155.07999999999998,155.11,"S=0.507"
"PronTokAlign",155.11,155.26999999999998,"t-R-u-v=0.783"
"PronTokAlign",155.26999999999998,155.43,"k"
"PronTokAlign",155.43,155.65,"i=0.353"
"PronTokAlign",155.65,155.73,"A/"
"PronTokAlign",155.73,155.82999999999998,"d-e=0.393"
"PronTokAlign",155.82999999999998,156.01999999999998,"t-E-m=0.821"
"PronTokAlign",156.01999999999998,156.2,"p-l-y=0.467"
"PronTokAlign",156.2,156.71,"Z-e-n-e-R-O/=0.666"
"PronTokAlign",156.71,157.1,"#=0.0"
"PronTokAlign",157.1,157.17,"k-j=0.401"
"PronTokAlign",157.17,157.37,"v-O~=0.517"
"PronTokAlign",157.37,157.81,"f-O/-R-s-E-m-a~=0.631"
"PronTokAlign",157.81,158.07,"A/-t-i-R-e=0.759"
"PronTokAlign",158.07,158.26999999999998,"p-l-y=0.467"
"PronTokAlign",158.26999999999998,158.44,"d-@=0.48"
"PronTokAlign",158.44,158.745,"m-O~-d=0.86"
"PronTokAlign",158.745,159.78,"#=0.0"
"PronTokAlign",159.78,159.92,"n-a~=0.471"
"PronTokAlign",159.92,159.97,"m=0.508"
"PronTokAlign",159.97,160.01,"Z=0.626"
"PronTokAlign",160.01,160.1,"s-y-i=0.957"
"PronTokAlign",160.1,160.34,"d-A/-k-O/-R"
"PronTokAlign",160.34,160.52,"A/-v-E-k"
"PronTokAlign",160.52,160.64,"s-A/=0.985"
"PronTokAlign",160.64,160.77,"s-e"
"PronTokAlign",160.77,160.95,"s-y-R"
"PronTokAlign",160.95,164.131717,"#=0.0"
"PronTokAlign",164.131717,164.495549,"noise=0.0"
"PronTokAlign",164.495549,171.893436,"#=0.0"
"PronTokAlign",171.893436,172.586451,"noise=0.0"
"PronTokAlign",172.586451,187.845,"#=0.0"
"PronTokAlign",187.845,188.035,"m-w-A/"
"PronTokAlign",188.035,188.125,"l-@=0.455"
"PronTokAlign",188.125,188.335,"s-9-l"
"PronTokAlign",188.335,188.595,"t-R-y-k"
"PronTokAlign",188.595,188.705,"k-@=0.73"
"PronTokAlign",188.705,188.795,"Z=0.535"
"PronTokAlign",188.795,189.135,"v-w-A/=0.659"
"PronTokAlign",189.135,189.355,"#"
"PronTokAlign",189.355,189.545,"s-e"
"PronTokAlign",189.545,189.615,"k=0.709"
"PronTokAlign",189.615,189.665,"S=0.526"
"PronTokAlign",189.665,189.755,"s-y-i=0.936"
"PronTokAlign",189.755,190.015,"d-A/-k-O/-R"
"PronTokAlign",190.015,190.245,"A/-v-E-k"
"PronTokAlign",190.245,190.485,"anon"
"PronTokAlign",190.485,190.855,"s-y-R"
"PronTokAlign",190.855,190.935,"l-@=0.45"
"PronTokAlign",190.935,191.165,"p-w-U~/=0.803"
"PronTokAlign",191.165,191.305,"u"
"PronTokAlign",191.305,191.425,"l-e=0.302"
"PronTokAlign",191.425,191.645,"R-e-z-O/=0.438"
"PronTokAlign",191.645,192.08,"s-O/-s-j-O/=0.901"
"PronTokAlign",192.08,192.425,"#=0.0"
"PronTokAlign",192.425,192.495,"s-e"
"PronTokAlign",192.495,192.975,"O/-m-n-i-p-R-E-z-a~=0.492"
"PronTokAlign",192.975,193.105,"s-e"
"PronTokAlign",193.105,193.275,"s-y-p-e=0.405"
"PronTokAlign",193.275,193.595,"U~/-t-E-R-E-s-a~=0.5"
"PronTokAlign",193.595,193.655,"E=0.656"
"PronTokAlign",193.655,193.845,"t-u-t=0.842"
"PronTokAlign",193.845,194.235,"#=0.0"
"PronTokAlign",194.235,194.295,"m=0.717"
"PronTokAlign",194.295,194.645,"A/-p-R-e=0.37"
"PronTokAlign",194.645,194.715,"Z=0.607"
"PronTokAlign",194.715,194.78500000000005,"v-E=0.514"
"PronTokAlign",194.78500000000005,194.925,"p-A/=0.874"
"PronTokAlign",194.925,194.985,"t=0.709"
"PronTokAlign",194.985,195.28500000000005,"m-a~-t-i-R"
"PronTokAlign",195.28500000000005,195.375,"l=0.457"
"PronTokAlign",195.375,195.645,"s-9-l"
"PronTokAlign",195.645,196.135,"d-e-f-O/=0.753"
"PronTokAlign",196.135,196.355,"m-w-A/"
"PronTokAlign",196.355,196.465,"l-@=0.518"
"PronTokAlign",196.465,196.645,"s-9-l"
"PronTokAlign",196.645,196.805,"t-R-y-k"
"PronTokAlign",196.805,196.875,"k=0.52"
"PronTokAlign",196.875,196.925,"Z=0.575"
"PronTokAlign",196.925,197.165,"d-i-R-e=0.512"
"PronTokAlign",197.165,197.31500000000003,"s-e"
"PronTokAlign",197.31500000000003,197.585,"k-@=0.999"
"PronTokAlign",197.585,198.085,"#"
"PronTokAlign",198.085,198.145,"l=0.539"
"PronTokAlign",198.145,198.335,"t-E-m=0.754"
"PronTokAlign",198.335,198.375,"d=0.508"
"PronTokAlign",198.375,199.075,"t-R-a~-z-i-s-j-O~"
"PronTokAlign",199.075,199.405,"n-y-m-E-R-i-k=0.566"
"PronTokAlign",199.405,200.025,"#=0.0"
"PronTokAlign",200.025,200.165,"i-l=0.58"
"PronTokAlign",200.165,200.235,"e=0.391"
"PronTokAlign",200.235,200.655,"k-A/-R-E-m-a~=0.461"
"PronTokAlign",200.655,201.115,"U~/-k-R-w-A/-j-A/-b-l=0.95"
"PronTokAlign",201.115,201.175,"d-a~=0.921"
"PronTokAlign",201.175,201.205,"l=0.89"
"PronTokAlign",201.205,201.445,"s-a~-s=0.927"
"PronTokAlign",201.445,201.475,"u"
"PronTokAlign",201.475,201.505,"i=0.554"
"PronTokAlign",201.505,201.575,"e=0.257"
"PronTokAlign",201.575,201.965,"t-O/-t-A/-l-m-a~=0.812"
"PronTokAlign",201.965,202.415,"Z-E-n-E-R-A/-l=0.728"
"PronTokAlign",202.415,202.74,"#=0.0"
"PronTokAlign",202.74,202.8,"O~=0.947"
"PronTokAlign",202.8,202.92,"p-@=0.723"
"PronTokAlign",202.92,203.16,"p-A/-R-l-e=0.903"
"PronTokAlign",203.16,203.21,"t=0.608"
"PronTokAlign",203.21,203.31,"t-u=0.963"
"PronTokAlign",203.31,203.34,"O~=0.761"
"PronTokAlign",203.34,203.41,"p-@=0.638"
"PronTokAlign",203.41,203.54,"f-E-R=0.965"
"PronTokAlign",203.54,203.64,"y-n-@=0.533"
"PronTokAlign",203.64,203.88,"g-R-O/-s=0.908"
"PronTokAlign",203.88,204.23,"p-R-E-v-a~-s-j-O~"
"PronTokAlign",204.23,204.27,"O~=0.925"
"PronTokAlign",204.27,204.34,"p-@=0.538"
"PronTokAlign",204.34,204.5,"f-E-R=0.749"
"PronTokAlign",204.5,204.56,"U~/=0.661"
"PronTokAlign",204.56,204.69,"b-O/"
"PronTokAlign",204.69,204.88,"t-R-y-k"
"PronTokAlign",204.88,204.97,"U~/=0.647"
"PronTokAlign",204.97,205.13,"b-O/-n=0.442"
"PronTokAlign",205.13,205.45,"e-v-E-n-m-a~=0.637"
"PronTokAlign",205.45,205.91,"#"
"PronTokAlign",205.91,205.98,"d-O~=0.624"
"PronTokAlign",205.98,206.1,"l-A/"
"PronTokAlign",206.1,206.44,"t-R-a~-z-i-s-j-O~"
"PronTokAlign",206.44,206.84,"n-y-m-E-R-i-k=0.929"
"PronTokAlign",206.84,207.0,"s-e"
"PronTokAlign",207.0,207.55,"U~/-k-R-w-A/-j-A/-b-l=0.588"
"PronTokAlign",207.55,207.94,"#"
"PronTokAlign",207.94,208.04,"l-@=0.394"
"PronTokAlign",208.04,208.35,"s-9-l"
"PronTokAlign",208.35,208.89,"d-e-f-O/=0.772"
"PronTokAlign",208.89,209.08,"#=0.0"
"PronTokAlign",209.08,209.17,"s-e"
"PronTokAlign",209.17,209.32,"k-@=0.75"
"PronTokAlign",209.32,209.39,"S=0.493"
"PronTokAlign",209.39,209.69000000000003,"p-a~-s=0.845"
"PronTokAlign",209.69000000000003,209.965,"k-@=0.958"
"PronTokAlign",209.965,210.905,"#=0.0"
"PronTokAlign",210.905,211.055,"l-E=0.324"
"PronTokAlign",211.055,211.345,"R-e-z-O/=0.435"
"PronTokAlign",211.345,211.89,"s-O/-s-j-O/=0.869"
"PronTokAlign",211.89,212.205,"#=0.0"
"PronTokAlign",212.205,212.335,"s-A/=0.935"
"PronTokAlign",212.335,212.455,"v-A/"
"PronTokAlign",212.455,212.845,"A/-t-i-R-e=0.72"
"PronTokAlign",212.845,213.025,"Z-a~-R=0.532"
"PronTokAlign",213.025,213.19,"l-@=0.584"
"PronTokAlign",213.19,213.795,"#=0.0"
"PronTokAlign",213.795,214.125,"Z-a~-R=0.83"
"PronTokAlign",214.125,214.215,"a~"
"PronTokAlign",214.215,214.465,"t-E-R-m=0.554"
"PronTokAlign",214.465,214.655,"d-@=0.861"
"PronTokAlign",214.655,214.855,"n-O~"
"PronTokAlign",214.855,215.275,"#=0.0"
"PronTokAlign",215.275,215.345,"a~"
"PronTokAlign",215.345,215.575,"t-E-R-m=0.878"
"PronTokAlign",215.575,215.675,"d-@=0.722"
"PronTokAlign",215.675,215.815,"n-O~"
"PronTokAlign",215.815,215.895,"a~"
"PronTokAlign",215.895,216.115,"t-E-R-m=0.506"
"PronTokAlign",216.115,216.175,"d-@=0.478"
"PronTokAlign",216.175,216.695,"m-A/-R-k-2-t-i-g"
"PronTokAlign",216.695,216.765,"a~"
"PronTokAlign",216.765,216.925,"t-E-R-m=0.776"
"PronTokAlign",216.925,217.015,"d-@=0.475"
"PronTokAlign",217.015,217.155,"s-i"
"PronTokAlign",217.155,217.315,"s-A/=0.988"
"PronTokAlign",217.315,217.505,"s-A/=0.999"
"PronTokAlign",217.505,217.995,"p-u-R"
"PronTokAlign",217.995,218.135,"n-O/=0.73"
"PronTokAlign",218.135,218.4,"Z-9-n=0.691"
"PronTokAlign",218.4,218.695,"#=0.0"
"PronTokAlign",218.695,218.735,"t=0.701"
"PronTokAlign",218.735,218.875,"v-w-A/=0.921"
"PronTokAlign",218.875,219.015,"s-A/=0.729"
"PronTokAlign",219.015,219.105,"v-A/"
"PronTokAlign",219.105,219.515,"p-2-t-E-t-R=0.928"
"PronTokAlign",219.515,219.685,"p-l-y-s=0.59"
"PronTokAlign",219.685,219.815,"l-e-z=0.363"
"PronTokAlign",219.815,220.115,"A/-t-i-R-e=0.626"
"PronTokAlign",220.115,220.215,"v-O~=0.885"
"PronTokAlign",220.215,220.455,"p-2-t-E-t-R=0.718"
"PronTokAlign",220.455,220.595,"p-l-y-s=0.49"
"PronTokAlign",220.595,220.805,"A/-v-w-A/-R"
"PronTokAlign",220.805,220.915,"a~-v-i"
"PronTokAlign",220.915,220.985,"d=0.567"
"PronTokAlign",220.985,221.205,"v-@-n-i-R=0.518"
"PronTokAlign",221.205,221.325,"v-w-A/-R"
"PronTokAlign",221.325,221.355,"l"
"PronTokAlign",221.355,221.61,"E-k-s-p-O/"
"PronTokAlign",221.61,223.575,"#=0.0"
"PronTokAlign",223.575,224.185,"Z-y-s-t-2-m-a~=0.791"
"PronTokAlign",224.185,224.415,"s-e"
"PronTokAlign",224.415,224.565,"l-A/"
"PronTokAlign",224.565,224.625,"u"
"PronTokAlign",224.625,224.695,"Z=0.665"
"PronTokAlign",224.695,224.835,"A/-l-E=0.94"
"PronTokAlign",224.835,225.245,"A/-R-i-v-e-R=0.588"
"PronTokAlign",225.245,225.675,"#"
"PronTokAlign",225.675,225.915,"A/-t-a~=0.697"
"PronTokAlign",225.915,226.035,"s-e"
"PronTokAlign",226.035,226.095,"l-A/"
"PronTokAlign",226.095,226.175,"u"
"PronTokAlign",226.175,226.255,"Z=0.665"
"PronTokAlign",226.255,226.355,"A/-l-E=0.732"
"PronTokAlign",226.355,226.645,"v-n-i-R=0.629"
"PronTokAlign",226.645,227.075,"#"
"PronTokAlign",227.075,227.145,"Z=0.843"
"PronTokAlign",227.145,227.285,"A/-l-E=0.821"
"PronTokAlign",227.285,227.42,"d-i-R=0.853"
"PronTokAlign",227.42,228.195,"#=0.0"
"PronTokAlign",228.195,228.495,"v-@-n-e=0.589"
"PronTokAlign",228.495,228.595,"O~-n=0.62"
"PronTokAlign",228.595,228.715,"s=0.842"
"PronTokAlign",228.715,228.905,"f-e=0.339"
"PronTokAlign",228.905,229.045,"U~/=0.819"
"PronTokAlign",229.045,229.285,"t-R-y-k"
"PronTokAlign",229.285,229.955,"#=0.0"
"PronTokAlign",229.955,230.395,"k-O~-s-A/-k-R-e"
"PronTokAlign",230.395,230.905,"p-l-y-s=0.609"
"PronTokAlign",230.905,231.085,"s-y-R"
"PronTokAlign",231.085,231.165,"l-A/"
"PronTokAlign",231.165,231.645,"t-R-a~-z-i-s-j-O~"
"PronTokAlign",231.645,232.025,"n-y-m-E-R-i-k=0.888"
"PronTokAlign",232.025,232.515,"#=0.0"
"PronTokAlign",232.515,232.73,"e=0.0"
"PronTokAlign",232.73,233.24,"#=0.0"
"PronTokAlign",233.24,233.41,"O~-n=0.536"
"PronTokAlign",233.41,233.5,"j=0.506"
"PronTokAlign",233.5,233.82,"U~/-k-R-y-s-t=0.954"
"PronTokAlign",233.82,234.74,"t-O/-t-A/-l-2-m-a~-t"
"PronTokAlign",234.74,234.93,"O~-n=0.795"
"PronTokAlign",234.93,235.21,"e-k-R-i=0.453"
"PronTokAlign",235.21,235.33,"n-u-z=0.535"
"PronTokAlign",235.33,235.43,"O~=0.757"
"PronTokAlign",235.43,235.49,"O~=0.826"
"PronTokAlign",235.49,235.79,"f-l-j-R=0.396"
"PronTokAlign",235.79,236.17,"E-t-s-E-t-E-R-A/"
"PronTokAlign",236.17,236.3,"d-a~=0.816"
"PronTokAlign",236.3,236.57,"l-@=0.957"
"PronTokAlign",236.57,236.7,"d-a~=0.729"
"PronTokAlign",236.7,236.9,"l-@=0.883"
"PronTokAlign",236.9,237.03,"d-a~=0.829"
"PronTokAlign",237.03,237.09,"l-@=0.439"
"PronTokAlign",237.09,237.33,"t-E-m=0.919"
"PronTokAlign",237.33,237.39,"E=0.513"
"PronTokAlign",237.39,237.574688,"t-u=0.978"
"PronTokAlign",237.574688,239.62,"#=0.0"
"PronTokAlign",239.62,239.7,"m=0.682"
"PronTokAlign",239.7,239.85,"O~-n=0.647"
"PronTokAlign",239.85,239.92,"A/"
"PronTokAlign",239.92,240.06,"m-E-m=0.793"
"PronTokAlign",240.06,240.15,"p-A/=0.741"
"PronTokAlign",240.15,240.29,"y-n=0.722"
"PronTokAlign",240.29,240.53,"Z-u-R-n-e=0.836"
"PronTokAlign",240.53,240.64,"O~=0.523"
"PronTokAlign",240.64,240.75,"A/"
"PronTokAlign",240.75,241.22,"k-E-l-k-@=0.669"
"PronTokAlign",241.22,241.3,"O~=0.918"
"PronTokAlign",241.3,243.115,"#=0.0"
"PronTokAlign",243.115,243.195,"O~=0.675"
"PronTokAlign",243.195,243.295,"p-@=0.905"
"PronTokAlign",243.295,243.445,"m-E-t-R=0.93"
"PronTokAlign",243.445,243.495,"s=0.844"
"PronTokAlign",243.495,243.615,"s-y-R"
"PronTokAlign",243.615,243.835,"p-l-y-z-j-9-R=0.997"
"PronTokAlign",243.835,245.265,"#=0.0"
"PronTokAlign",245.265,245.539688,"O/-k-E=0.507"
"PronTokAlign",245.539688,253.391757,"#=0.0"
"PronTokAlign",253.391757,253.980819,"noise=0.0"
"PronTokAlign",253.980819,274.2,"#=0.0"
"PronTokAlign",274.2,274.41,"Z-i=0.924"
"PronTokAlign",274.41,274.59,"A/-R-i-v=0.633"
"PronTokAlign",274.59,274.77,"s-y-R"
"PronTokAlign",274.77,274.94,"t-O~=0.535"
"PronTokAlign",274.94,275.11,"k-A/=0.712"
"PronTokAlign",275.11,275.14,"i=0.552"
"PronTokAlign",275.14,275.23,"v-A/"
"PronTokAlign",275.23,275.31,"l-H=0.604"
"PronTokAlign",275.31,275.455,"d-i-R=0.862"
"PronTokAlign",275.455,286.135,"#=0.0"
"PronTokAlign",286.135,286.185,"A/"
"PronTokAlign",286.185,286.325,"n-O/=0.648"
"PronTokAlign",286.325,286.545,"Z-9-n=0.929"
"PronTokAlign",286.545,286.615,"A/"
"PronTokAlign",286.615,286.645,"l"
"PronTokAlign",286.645,286.715,"9-R=0.805"
"PronTokAlign",286.715,287.005,"A/-k-t-j-E-l=0.582"
"PronTokAlign",287.005,287.15,"w-E"
"PronTokAlign",287.15,306.595,"#=0.0"
"PronTokAlign",306.595,306.715,"w-E"
"PronTokAlign",306.715,306.845,"#=0.0"
"PronTokAlign",306.845,307.305,"i-m-A/-Z-i-n=0.533"
"PronTokAlign",307.305,307.46500000000003,"m-w-A/"
"PronTokAlign",307.46500000000003,307.615,"k-a~=0.686"
"PronTokAlign",307.615,307.665,"S=0.529"
"PronTokAlign",307.665,307.76500000000004,"s-y-i=0.893"
"PronTokAlign",307.76500000000004,308.14,"A/-R-i-v-e"
"PronTokAlign",308.14,308.315,"#=0.0"
"PronTokAlign",308.315,308.465,"k-a~-t=0.87"
"PronTokAlign",308.465,308.545,"O~=0.876"
"PronTokAlign",308.545,308.605,"m=0.932"
"PronTokAlign",308.605,308.675,"A/"
"PronTokAlign",308.675,308.785,"d-i=0.856"
"PronTokAlign",308.785,308.975,"A/-l-O/-R=0.379"
"PronTokAlign",308.975,309.185,"p-A/=0.757"
"PronTokAlign",309.185,309.275,"d-y=0.538"
"PronTokAlign",309.275,309.475,"t-u=0.744"
"PronTokAlign",309.475,309.765,"#=0.0"
"PronTokAlign",309.765,310.265,"i-l-j-A/-s=0.726"
"PronTokAlign",310.265,310.405,"s-@=0.63"
"PronTokAlign",310.405,310.525,"Z-@=0.512"
"PronTokAlign",310.525,310.635,"n-@=0.583"
"PronTokAlign",310.635,311.025,"k-O~-p-R-a~=0.666"
"PronTokAlign",311.025,311.155,"p-A/=0.836"
"PronTokAlign",311.155,311.315,"s-@=0.652"
"PronTokAlign",311.315,311.615,"k-@=0.943"
"PronTokAlign",311.615,311.645,"t=0.776"
"PronTokAlign",311.645,311.715,"f-E=0.319"
"PronTokAlign",311.715,311.817459,"l-A/"
"PronTokAlign",311.817459,365.929355,"#=0.0"
"PronTokAlign",365.929355,366.277679,"m=0.0"
"PronTokAlign",366.277679,369.74,"#=0.0"
"PronTokAlign",369.74,369.9,"l-E-z=0.515"
"PronTokAlign",369.9,370.09,"O~-d=0.962"
"PronTokAlign",370.09,370.845,"#=0.0"
"PronTokAlign",370.845,371.145,"p-a~-s-e=0.841"
"PronTokAlign",371.145,371.205,"l-e=0.275"
"PronTokAlign",371.205,371.359688,"Z-9-n=0.915"
"PronTokAlign",371.359688,382.491033,"#=0.0"
"PronTokAlign",382.491033,383.41,"noise=0.0"
"PronTokAlign",383.41,383.67,"w-E"
"PronTokAlign",383.67,383.7000000000001,"j"
"PronTokAlign",383.7000000000001,383.73,"A/"
"PronTokAlign",383.73,383.96,"O/-s-i"
"PronTokAlign",383.96,383.99,"l=0.479"
"PronTokAlign",383.99,384.34,"d-e-v-l-O/-p-m-a~=0.915"
"PronTokAlign",384.34,384.4,"d=0.689"
"PronTokAlign",384.4,384.69,"s-i-b-E-R=0.453"
"PronTokAlign",384.69,385.09,"A/-R-s-E-l-2-m-a~"
"PronTokAlign",385.09,385.4,"#"
"PronTokAlign",385.4,385.47,"l-E=0.357"
"PronTokAlign",385.47,385.8200000000001,"t-E-l-E-f-O/-n=0.875"
"PronTokAlign",385.8200000000001,385.9,"s=0.56"
"PronTokAlign",385.9,386.11,"E-d=0.52"
"PronTokAlign",386.11,386.23,"p-A/=0.747"
"PronTokAlign",386.23,386.43,"m-A/-l"
"PronTokAlign",386.43,386.47,"e=0.559"
"PronTokAlign",386.47,386.64,"t-u-t=0.595"
"PronTokAlign",386.64,395.64,"#=0.0"
"PronTokAlign",395.64,395.93,"d-e-z-O/-l-e=0.558"
"PronTokAlign",395.93,396.05,"m-E=0.438"
"PronTokAlign",396.05,396.63,"p-E-R-s-O/-n-E-l-m-a~=0.615"
"PronTokAlign",396.63,396.76,"A/"
"PronTokAlign",396.76,396.97,"p-A/-R"
"PronTokAlign",396.97,397.46,"f-E-i-s-b-u-k"
"PronTokAlign",397.46,397.62,"#=0.0"
"PronTokAlign",397.62,397.83,"t-u-l-E-z=0.646"
"PronTokAlign",397.83,397.94,"O/-t=0.508"
"PronTokAlign",397.94,398.13,"R-e-z-O/=0.261"
"PronTokAlign",398.13,398.4,"s-O/-s-j-O/=0.918"
"PronTokAlign",398.4,398.43,"Z=0.652"
"PronTokAlign",398.43,398.68,"y-t-i-l-i-z=0.553"
"PronTokAlign",398.68,398.75,"k=0.573"
"PronTokAlign",398.75,398.88,"s-y-R"
"PronTokAlign",398.88,398.97,"m-O~=0.53"
"PronTokAlign",398.97,399.29,"t-e-l-e-f-O/-n=0.548"
"PronTokAlign",399.29,399.61,"s-n-A/-p=0.954"
"PronTokAlign",399.61,400.14,"#=0.0"
"PronTokAlign",400.14,400.24,"p-A/=0.808"
"PronTokAlign",400.24,400.41,"s-y-R"
"PronTokAlign",400.41,400.44,"l"
"PronTokAlign",400.44,401.41,"O/-R-d-i-n-A/-t-9-R"
"PronTokAlign",401.41,409.16,"#=0.0"
"PronTokAlign",409.16,409.27,"e=0.777"
"PronTokAlign",409.27,409.33,"t=0.859"
"PronTokAlign",409.33,409.41,"s-e=0.39"
"PronTokAlign",409.41,409.5700000000001,"t-R-e=0.514"
"PronTokAlign",409.5700000000001,409.79,"b-j-U~/-k-@"
"PronTokAlign",409.79,409.94,"k-a~=0.731"
"PronTokAlign",409.94,409.99,"t"
"PronTokAlign",409.99,410.03,"e=0.434"
"PronTokAlign",410.03,410.23,"Z-9-n=0.965"
"PronTokAlign",410.23,410.2600000000001,"t"
"PronTokAlign",410.2600000000001,410.3,"A/=0.694"
"PronTokAlign",410.3,410.47,"t-O~=0.669"
"PronTokAlign",410.47,410.6,"p-t-i=0.83"
"PronTokAlign",410.6,410.85,"Z-A/-R-d-U~/"
"PronTokAlign",410.85,411.15,"s-2-k-R-e=0.502"
"PronTokAlign",411.15,411.21,"t=0.932"
"PronTokAlign",411.21,411.27,"A/=0.734"
"PronTokAlign",411.27,411.37,"p-A/=0.992"
"PronTokAlign",411.37,411.48,"a~-v-i"
"PronTokAlign",411.48,411.52,"d=0.731"
"PronTokAlign",411.52,411.68,"m-E-t-R=0.783"
"PronTokAlign",411.68,411.75,"t-E=0.509"
"PronTokAlign",411.75,411.92,"R-E-z-O/=0.441"
"PronTokAlign",411.92,412.2000000000001,"s-O/-s-j-O/=0.874"
"PronTokAlign",412.2000000000001,412.33,"s-y-R"
"PronTokAlign",412.33,412.36,"l"
"PronTokAlign",412.36,412.73,"O/-R-d-i-n-A/-t-9-R"
"PronTokAlign",412.73,413.1,"f-A/-m-i-l-A/-l"
"PronTokAlign",413.1,413.34,"w-E"
"PronTokAlign",413.34,416.951841,"#=0.0"
"PronTokAlign",416.951841,418.580425,"noise=0.0"
"PronTokAlign",418.580425,440.030224,"#=0.0"
"PronTokAlign",440.030224,442.767631,"laugh=0.0"
"PronTokAlign",442.767631,447.66,"#=0.0"
"PronTokAlign",447.66,447.94,"A/-p-R-e=0.508"
"PronTokAlign",447.94,448.0,"v-u=0.867"
"PronTokAlign",448.0,448.18,"v-u-l-e=0.727"
"PronTokAlign",448.18,448.47,"v-R-E-m-a~=0.509"
"PronTokAlign",448.47,448.65,"m-E-t-R=0.929"
"PronTokAlign",448.65,448.84,"t-u=0.899"
"PronTokAlign",448.84,448.88000000000005,"s=0.753"
"PronTokAlign",448.88000000000005,448.97,"s-y-R"
"PronTokAlign",448.97,449.29,"p-l-y-z-j-9-R=0.916"
"PronTokAlign",449.29,449.48,"Z-u-R=0.847"
"PronTokAlign",449.48,450.075,"#=0.0"
"PronTokAlign",450.075,450.255,"p-R-s=0.71"
"PronTokAlign",450.255,450.305,"k=0.55"
"PronTokAlign",450.305,450.475,"m-w-A/"
"PronTokAlign",450.475,450.525,"S=0.548"
"PronTokAlign",450.525,450.735,"p-a~-s=0.846"
"PronTokAlign",450.735,450.865,"k-@=0.825"
"PronTokAlign",450.865,451.015,"y-n=0.678"
"PronTokAlign",451.015,451.38,"Z-u-R-n-e=0.755"
"PronTokAlign",451.38,451.96,"#=0.0"
"PronTokAlign",451.96,452.11,"m-w-A/"
"PronTokAlign",452.11,452.17,"Z=0.531"
"PronTokAlign",452.17,452.4,"p-a~-s=0.955"
"PronTokAlign",452.4,452.56,"f-E-R=0.784"
"PronTokAlign",452.56,452.76,"k-O/-m=0.651"
"PronTokAlign",452.76,452.87,"U~/=0.779"
"PronTokAlign",452.87,453.36,"k-O/-l-O/-k-@=0.827"
"PronTokAlign",453.36,453.525,"#=0.0"
"PronTokAlign",453.525,454.44,"fp=0.0"
"PronTokAlign",454.44,456.964005,"#=0.0"
"PronTokAlign",456.964005,457.423127,"noise=0.0"
"PronTokAlign",457.423127,460.455,"#=0.0"
"PronTokAlign",460.455,460.565,"Z=0.645"
"PronTokAlign",460.565,460.705,"O/-R-E=0.488"
"PronTokAlign",460.705,460.865,"p-A/=0.968"
"PronTokAlign",460.865,461.175,"p-A/-s-e"
"PronTokAlign",461.175,461.305,"y-n=0.838"
"PronTokAlign",461.305,461.685,"s-@-m-E-n=0.655"
"PronTokAlign",461.685,462.147187,"f-R-E-R-O/"
"PronTokAlign",462.147187,463.305504,"#=0.0"
"PronTokAlign",463.305504,463.738638,"noise=0.0"
"PronTokAlign",463.738638,467.872075,"#=0.0"
"PronTokAlign",467.872075,469.266767,"laugh=0.0"
"PronTokAlign",469.266767,474.2,"#=0.0"
"PronTokAlign",474.2,474.432188,"n-O/=0.348"
"PronTokAlign",474.432188,480.305,"#=0.0"
"PronTokAlign",480.305,480.415,"n-O/=0.311"
"PronTokAlign",480.415,480.635,"n-O/=0.448"
"PronTokAlign",480.635,480.925,"k-l-E-R-m-a~=0.717"
"PronTokAlign",480.925,481.05,"n-O/=0.433"
"PronTokAlign",481.05,481.445,"#=0.0"
"PronTokAlign",481.445,481.585,"n-O/=0.326"
"PronTokAlign",481.585,481.715,"n-O/=0.381"
"PronTokAlign",481.715,481.755,"Z=0.561"
"PronTokAlign",481.755,481.845,"s-y-i=0.862"
"PronTokAlign",481.845,482.035,"d-A/-k-O/-R"
"PronTokAlign",482.035,482.155,"A/-v-E-k"
"PronTokAlign",482.155,482.355,"t-w-A/"
"PronTokAlign",482.355,482.77,"#=0.0"
"PronTokAlign",482.77,482.99,"n-a~=0.768"
"PronTokAlign",482.99,483.12,"s-e"
"PronTokAlign",483.12,483.35,"s-y-R"
"PronTokAlign",483.35,483.65,"k-@=0.977"
"PronTokAlign",483.65,484.02,"#"
"PronTokAlign",484.02,484.15,"m-w-A/"
"PronTokAlign",484.15,484.21,"S=0.49"
"PronTokAlign",484.21,484.44,"p-a~-s=0.913"
"PronTokAlign",484.44,484.53,"k-@=0.771"
"PronTokAlign",484.53,484.67,"s=0.705"
"PronTokAlign",484.67,484.8,"O~=0.919"
"PronTokAlign",484.8,485.1,"f-e=0.465"
"PronTokAlign",485.1,485.13,"#"
"PronTokAlign",485.13,485.44,"U~/=0.613"
"PronTokAlign",485.44,485.95,"E-v-E-n-2-m-a~=0.673"
"PronTokAlign",485.95,486.1,"s-y-R"
"PronTokAlign",486.1,486.43,"p-l-y-z-j-9-R=0.774"
"PronTokAlign",486.43,486.63,"Z-u-R=0.752"
"PronTokAlign",486.63,486.77,"e=0.718"
"PronTokAlign",486.77,486.92,"k-@=0.752"
"PronTokAlign",486.92,487.19,"S-A/-k-@=0.505"
"PronTokAlign",487.19,487.3,"Z-u-R"
"PronTokAlign",487.3,487.34,"O~=0.983"
"PronTokAlign",487.34,487.47,"f-E=0.551"
"PronTokAlign",487.47,487.56,"U~/=0.695"
"PronTokAlign",487.56,487.8,"t-E-m=0.668"
"PronTokAlign",487.8,488.06,"#"
"PronTokAlign",488.06,488.11,"j=0.614"
"PronTokAlign",488.11,488.15,"A/"
"PronTokAlign",488.15,488.57,"f-O/-R-s-E-m-a~=0.493"
"PronTokAlign",488.57,488.7,"d-e=0.461"
"PronTokAlign",488.7,489.0,"p-E-R-s-O/-n=0.76"
"PronTokAlign",489.0,489.13,"k-j=0.415"
"PronTokAlign",489.13,489.28,"v-O~=0.891"
"PronTokAlign",489.28,489.49,"R-A/-t-e=0.961"
"PronTokAlign",489.49,489.56,"y-n=0.924"
"PronTokAlign",489.56,489.81,"p-A/-R-t-i"
"PronTokAlign",489.81,489.9,"d-e=0.461"
"PronTokAlign",489.9,490.06,"t-E-m=0.847"
"PronTokAlign",490.06,490.1,"k"
"PronTokAlign",490.1,490.18,"O~=0.725"
"PronTokAlign",490.18,490.365,"f-E=0.678"
"PronTokAlign",490.365,491.717001,"#=0.0"
"PronTokAlign",491.717001,492.332051,"noise=0.0"
"PronTokAlign",492.332051,506.959351,"#=0.0"
"PronTokAlign",506.959351,508.039819,"noise=0.0"
"PronTokAlign",508.039819,526.675,"#=0.0"
"PronTokAlign",526.675,526.935,"E-k-s-k-y-z-e=0.943"
"PronTokAlign",526.935,527.075,"m-w-A/"
"PronTokAlign",527.075,527.685,"#=0.0"
"PronTokAlign",527.685,527.8249999999999,"v-u-z=0.873"
"PronTokAlign",527.8249999999999,527.9749999999999,"A/-v-e=0.855"
"PronTokAlign",527.9749999999999,528.3149999999999,"p-a~-s-e"
"PronTokAlign",528.3149999999999,528.425,"O/=0.904"
"PronTokAlign",528.425,528.75,"t-R-A/-v-O/=0.897"
"PronTokAlign",528.75,529.1,"#=0.0"
"PronTokAlign",529.1,529.21,"p-u-R"
"PronTokAlign",529.21,529.2900000000001,"l-A/"
"PronTokAlign",529.2900000000001,529.445,"p-O/-R-t=0.8"
"PronTokAlign",529.445,529.83,"#=0.0"
"PronTokAlign",529.83,529.9300000000001,"p-R-s"
"PronTokAlign",529.9300000000001,529.96,"k"
"PronTokAlign",529.96,529.99,"l"
"PronTokAlign",529.99,530.12,"e-g-O/"
"PronTokAlign",530.12,530.19,"d=0.603"
"PronTokAlign",530.19,530.37,"anon"
"PronTokAlign",530.37,530.5600000000001,"A/-R-i-v=0.923"
"PronTokAlign",530.5600000000001,530.6700000000001,"p-l-y=0.95"
"PronTokAlign",530.6700000000001,530.7,"A/"
"PronTokAlign",530.7,530.89,"R-a~-t-R-e=0.885"
"PronTokAlign",530.89,530.99,"d-a~=0.942"
"PronTokAlign",530.99,531.08,"l-A/"
"PronTokAlign",531.08,531.25,"s-A/-l=0.967"
"PronTokAlign",531.25,531.2900000000001,"S=0.589"
"PronTokAlign",531.2900000000001,531.5500000000001,"k-O~-p-R-a~=0.907"
"PronTokAlign",531.5500000000001,531.7700000000001,"p-A/=0.733"
"PronTokAlign",531.7700000000001,531.85,"l-A/"
"PronTokAlign",531.85,532.48,"#=0.0"
"PronTokAlign",532.48,533.43,"fp=0.0"
"PronTokAlign",533.43,534.04,"#=0.0"
"PronTokAlign",534.04,534.3299999999999,"n-O/=0.377"
"PronTokAlign",534.3299999999999,534.75,"s-e-R-j-2-z-m-a~=0.659"
"PronTokAlign",534.75,539.29,"#=0.0"
"PronTokAlign",539.29,539.53,"n-a~=0.742"
"PronTokAlign",539.53,539.91,"m-e-z=0.344"
"PronTokAlign",539.91,539.9599999999999,"S=0.571"
"PronTokAlign",539.9599999999999,540.0799999999999,"l-A/"
"PronTokAlign",540.0799999999999,540.29,"s-y-i=0.772"
"PronTokAlign",540.29,540.3199999999999,"l"
"PronTokAlign",540.3199999999999,540.67,"A/-k-t-y"
"PronTokAlign",540.67,540.8399999999999,"O~=0.644"
"PronTokAlign",540.8399999999999,540.9699999999999,"l-A/"
"PronTokAlign",540.9699999999999,541.13,"s-y-i=0.908"
"PronTokAlign",541.13,541.16,"l"
"PronTokAlign",541.16,541.52,"A/-k-t-y"
"PronTokAlign",541.52,541.76,"O~-n=0.633"
"PronTokAlign",541.76,541.92,"j=0.435"
"PronTokAlign",541.92,541.9599999999999,"E=0.314"
"PronTokAlign",541.9599999999999,542.11,"s-y-R"
"PronTokAlign",542.11,542.2199999999999,"l-@=0.31"
"PronTokAlign",542.2199999999999,542.5,"R-E-z-O/=0.545"
"PronTokAlign",542.5,542.8,"anon"
"PronTokAlign",542.8,542.9699999999999,"O~=0.75"
"PronTokAlign",542.9699999999999,543.0699999999999,"l-e=0.309"
"PronTokAlign",543.0699999999999,543.1999999999999,"v-w-A/=0.962"
"PronTokAlign",543.1999999999999,543.29,"l-E=0.454"
"PronTokAlign",543.29,543.565,"R-E-z-O/=0.504"
"PronTokAlign",543.565,552.95,"#=0.0"
"PronTokAlign",552.95,553.11,"l-e=0.374"
"PronTokAlign",553.11,553.35,"v-i-d-E-O/=0.927"
"PronTokAlign",553.35,553.4000000000001,"k=0.668"
"PronTokAlign",553.4000000000001,553.6500000000001,"t-R-E-n=0.93"
"PronTokAlign",553.6500000000001,553.7700000000001,"s-y-R"
"PronTokAlign",553.7700000000001,553.85,"l-E=0.427"
"PronTokAlign",553.85,554.09,"R-E-z-O/=0.621"
"PronTokAlign",554.09,554.1500000000001,"E-l=0.7"
"PronTokAlign",554.1500000000001,554.3100000000001,"s-O~=0.849"
"PronTokAlign",554.3100000000001,554.5500000000001,"R-A/-R-m-a~=0.785"
"PronTokAlign",554.5500000000001,554.8100000000001,"f-i-l-m-e-z=0.577"
"PronTokAlign",554.8100000000001,555.24,"A/-v-E-k"
"PronTokAlign",555.24,555.44,"U~/-n=0.769"
"PronTokAlign",555.44,555.95,"k-A/-n-O~"
"PronTokAlign",555.95,556.09,"d-E=0.51"
"PronTokAlign",556.09,556.3000000000001,"f-u-l"
"PronTokAlign",556.3000000000001,556.5300000000001,"m-E-d-j-A/"
"PronTokAlign",556.5300000000001,556.88,"E-k-s-p-R-E-s"
"PronTokAlign",556.88,557.05,"f-R-E-R=0.945"
"PronTokAlign",557.05,566.715986,"#=0.0"
"PronTokAlign",566.715986,567.015986,"m"
"PronTokAlign",567.015986,567.430968,"m"
"PronTokAlign",567.430968,581.53,"#=0.0"
"PronTokAlign",581.53,581.63,"s-e"
"PronTokAlign",581.63,581.66,"l=0.484"
"PronTokAlign",581.66,582.66,"t-E-l-E-f-O/-n-@=0.796"
"PronTokAlign",582.66,582.705,"noise"
"PronTokAlign",582.705,602.09,"#=0.0"
"PronTokAlign",602.09,602.23,"i-l=0.594"
"PronTokAlign",602.23,602.26,"A/"
"PronTokAlign",602.26,602.5,"A/-k-s-E=0.637"
"PronTokAlign",602.5,602.5400000000001,"A/"
"PronTokAlign",602.5400000000001,602.76,"t-u-l-E=0.442"
"PronTokAlign",602.76,602.95,"R-E-z-O/=0.405"
"PronTokAlign",602.95,603.2,"s-O/-s-j-O/=0.946"
"PronTokAlign",603.2,603.3100000000001,"t-O~=0.817"
"PronTokAlign",603.3100000000001,603.4,"p-t-i=0.714"
"PronTokAlign",603.4,603.5400000000001,"f-R-E-R=0.986"
"PronTokAlign",603.5400000000001,603.61,"d-@=0.663"
"PronTokAlign",603.61,603.7900000000001,"s-E-t"
"PronTokAlign",603.7900000000001,603.89,"a~=0.845"
"PronTokAlign",603.89,604.0500000000001,"s-y-R"
"PronTokAlign",604.0500000000001,604.1600000000001,"s-A/"
"PronTokAlign",604.1600000000001,604.4300000000001,"n-i-n-t-a~-j-O/=0.434"
"PronTokAlign",604.4300000000001,604.665,"d-E-s=0.527"
"PronTokAlign",604.665,607.94,"#=0.0"
"PronTokAlign",607.94,608.19,"A/-v-E-k"
"PronTokAlign",608.19,608.35,"s-A/"
"PronTokAlign",608.35,608.8800000000001,"n-i-n-t-a~-t-O/=0.783"
"PronTokAlign",608.8800000000001,609.085,"d-E-s=0.536"
"PronTokAlign",609.085,610.421363,"#=0.0"
"PronTokAlign",610.421363,610.918947,"noise=0.0"
"PronTokAlign",610.918947,612.0,"#=0.0"
"PronTokAlign",612.0,612.13,"i=0.751"
"PronTokAlign",612.13,612.19,"Z-u=0.834"
"PronTokAlign",612.19,612.37,"s-y-R"
"PronTokAlign",612.37,612.57,"k-w-A/"
"PronTokAlign",612.57,612.88,"d-E-s=0.421"
"PronTokAlign",612.88,613.06,"S-A/"
"PronTokAlign",613.06,613.27,"m-e-z=0.39"
"PronTokAlign",613.27,613.73,"A/-R-E-t-@=0.512"
"PronTokAlign",613.73,613.95,"#"
"PronTokAlign",613.95,614.19,"A/-R-E-t=0.789"
"PronTokAlign",614.19,614.22,"d=0.585"
"PronTokAlign",614.22,614.3,"n-u=0.852"
"PronTokAlign",614.3,614.48,"p-R-a~-d-R=0.968"
"PronTokAlign",614.48,614.58,"p-u-R"
"PronTokAlign",614.58,614.67,"d-e=0.427"
"PronTokAlign",614.67,614.88,"k-O~=0.424"
"PronTokAlign",614.88,615.119063,"anon"
"PronTokAlign",615.119063,619.485,"#=0.0"
"PronTokAlign",619.485,620.265938,"n-O~-n=0.368"
"PronTokAlign",620.265938,622.18,"#=0.0"
"PronTokAlign",622.18,622.28,"m-O~=0.876"
"PronTokAlign",622.28,622.4799999999999,"f-R-E-R=0.783"
"PronTokAlign",622.4799999999999,622.5999999999999,"i-l=0.638"
"PronTokAlign",622.5999999999999,622.68,"A/"
"PronTokAlign",622.68,623.0,"k-A/-R-E-m-a~=0.542"
"PronTokAlign",623.0,623.0799999999999,"U~/=0.888"
"PronTokAlign",623.0799999999999,623.4399999999999,"t-e-l-e-f-O/-n=0.601"
"PronTokAlign",623.4399999999999,623.6899999999999,"f-R-E-R-O/"
"PronTokAlign",623.6899999999999,623.8,"S=0.652"
"PronTokAlign",623.8,623.92,"n-@=0.69"
"PronTokAlign",623.92,623.9899999999999,"t=0.753"
"PronTokAlign",623.9899999999999,624.0799999999999,"m-a~=0.771"
"PronTokAlign",624.0799999999999,624.147188,"p-A/=0.763"
"PronTokAlign",624.147188,629.149185,"#=0.0"
"PronTokAlign",629.149185,629.874236,"noise=0.0"
"PronTokAlign",629.874236,631.17,"#=0.0"
"PronTokAlign",631.17,631.3199999999999,"A/-p-R-E=0.619"
"PronTokAlign",631.3199999999999,631.4399999999999,"O~-n=0.637"
"PronTokAlign",631.4399999999999,631.4699999999999,"e=0.339"
"PronTokAlign",631.4699999999999,631.61,"O/-s-i"
"PronTokAlign",631.61,631.74,"s-y-R"
"PronTokAlign",631.74,631.79,"d=0.385"
"PronTokAlign",631.79,632.0699999999999,"p-R-O/-b-l-E-m=0.956"
"PronTokAlign",632.0699999999999,632.11,"d=0.967"
"PronTokAlign",632.11,632.53,"e-d-y-k-A/-s-j-O~=0.554"
"PronTokAlign",632.53,632.5999999999999,"m=0.405"
"PronTokAlign",632.5999999999999,632.7299999999999,"s-A/=0.54"
"PronTokAlign",632.7299999999999,632.8499999999999,"s-e"
"PronTokAlign",632.8499999999999,633.185,"O/-t-R-S-O/-z"
"PronTokAlign",633.185,636.665,"#=0.0"
"PronTokAlign",636.665,636.885,"s-e"
"PronTokAlign",636.885,636.9549999999999,"y-n=0.822"
"PronTokAlign",636.9549999999999,637.675,"A/-d-i-k-t-j-O~=0.483"
"PronTokAlign",637.675,637.755,"O~=0.719"
"PronTokAlign",637.755,637.855,"O~=0.766"
"PronTokAlign",637.855,637.9649999999999,"p-@=0.904"
"PronTokAlign",637.9649999999999,637.995,"l=0.795"
"PronTokAlign",637.995,638.15,"d-i-R=0.898"
"PronTokAlign",638.15,638.37,"#=0.0"
"PronTokAlign",638.37,638.45,"O~=0.767"
"PronTokAlign",638.45,638.67,"p-@=0.651"
"PronTokAlign",638.67,638.77,"O~=0.892"
"PronTokAlign",638.77,638.89,"p-@=0.965"
"PronTokAlign",638.89,638.92,"l=0.872"
"PronTokAlign",638.92,639.045,"d-i-R=0.916"
"PronTokAlign",639.045,649.875,"#=0.0"
"PronTokAlign",649.875,650.045,"m-e=0.537"
"PronTokAlign",650.045,650.445,"n-O/=0.369"
"PronTokAlign",650.445,650.555,"n-O/=0.292"
"PronTokAlign",650.555,650.695,"n-O~=0.297"
"PronTokAlign",650.695,650.985,"n-a~=0.472"
"PronTokAlign",650.985,651.095,"m-E=0.421"
"PronTokAlign",651.095,651.295,"n-O/=0.383"
"PronTokAlign",651.295,651.56,"fp"
"PronTokAlign",651.56,652.375,"#=0.0"
"PronTokAlign",652.375,652.575,"m-w-A/"
"PronTokAlign",652.575,652.705,"l-@=0.733"
"PronTokAlign",652.705,652.935,"n-O~"
"PronTokAlign",652.935,653.135,"z-U~/-g"
"PronTokAlign",653.135,653.225,"O~=0.811"
"PronTokAlign",653.225,653.375,"p-@=0.651"
"PronTokAlign",653.375,653.405,"t=0.95"
"PronTokAlign",653.405,653.555,"f-E-R=0.77"
"PronTokAlign",653.555,653.695,"y-n=0.822"
"PronTokAlign",653.695,653.985,"A/-f-i-S=0.697"
"PronTokAlign",653.985,654.435,"m-A/-R-k-2-t-i-g"
"PronTokAlign",654.435,654.535,"k=0.537"
"PronTokAlign",654.535,654.665,"p-@=0.539"
"PronTokAlign",654.665,654.845,"E-t=0.537"
"PronTokAlign",654.845,655.305,"U~/-k-R-w-A/-j-A/-b-l=0.917"
"PronTokAlign",655.305,655.53,"f-R-E-R=0.906"
"PronTokAlign",655.53,656.58,"#=0.0"
"PronTokAlign",656.58,656.69,"A/"
"PronTokAlign",656.69,656.8100000000001,"y-n=0.715"
"PronTokAlign",656.8100000000001,657.0600000000001,"A/-f-E-R=0.876"
"PronTokAlign",657.0600000000001,657.5300000000001,"m-A/-R-k-2-t-i-g"
"PronTokAlign",657.5300000000001,657.57,"t=0.814"
"PronTokAlign",657.57,657.6700000000001,"p-@=0.857"
"PronTokAlign",657.6700000000001,657.7700000000001,"f-E-R=0.934"
"PronTokAlign",657.7700000000001,657.83,"U~/=0.847"
"PronTokAlign",657.83,657.95,"t-R-y-k"
"PronTokAlign",657.95,658.36,"U~/-k-R-w-A/-j-A/-b-l=0.997"
"PronTokAlign",658.36,658.46,"s-y-R"
"PronTokAlign",658.46,658.5300000000001,"U~/=0.908"
"PronTokAlign",658.5300000000001,658.89,"f-l-j-R=0.463"
"PronTokAlign",658.89,658.99,"t=0.511"
"PronTokAlign",658.99,659.12,"m-e=0.521"
"PronTokAlign",659.12,659.2,"y-n=0.784"
"PronTokAlign",659.2,659.47,"f-A/-m=0.799"
"PronTokAlign",659.47,659.92,"b-A/-t-y"
"PronTokAlign",659.92,666.930646,"#=0.0"
"PronTokAlign",666.930646,667.698346,"noise=0.0"
"PronTokAlign",667.698346,668.920981,"#=0.0"
"PronTokAlign",668.920981,669.745549,"laugh=0.0"
"PronTokAlign",669.745549,674.131237,"#=0.0"
"PronTokAlign",674.131237,674.301237,"s-k-y-z=0.999"
"PronTokAlign",674.301237,674.411237,"m-w-A/"
"PronTokAlign",674.411237,674.4912370000001,"s=0.875"
"PronTokAlign",674.4912370000001,674.5812370000001,"f-E=0.427"
"PronTokAlign",674.5812370000001,674.801237,"k-O~-b-j-U~/"
"PronTokAlign",674.801237,674.8412370000001,"d=0.676"
"PronTokAlign",674.8412370000001,674.911237,"t-a~=0.958"
"PronTokAlign",674.911237,674.9912370000001,"k"
"PronTokAlign",674.9912370000001,675.031237,"O~=0.814"
"PronTokAlign",675.031237,675.061237,"e=0.415"
"PronTokAlign",675.061237,675.301237,"a~-t-R-U~/"
"PronTokAlign",675.301237,675.3312370000001,"d=0.627"
"PronTokAlign",675.3312370000001,675.5712370000001,"d-E-b-A/-t-R=0.971"
"PronTokAlign",675.5712370000001,675.791237,"l-A/-d-2-s-y"
"PronTokAlign",675.791237,676.0012370000001,"A/-l-O/-R-k"
"PronTokAlign",676.0012370000001,676.031237,"O~=0.919"
"PronTokAlign",676.031237,676.151237,"s-e=0.48"
"PronTokAlign",676.151237,676.2412370000001,"t-u=0.55"
"PronTokAlign",676.2412370000001,676.3612370000001,"t-R-E=0.565"
"PronTokAlign",676.3612370000001,676.4512370000001,"b-j-U~/=0.94"
"PronTokAlign",676.4512370000001,676.4912370000001,"s=0.876"
"PronTokAlign",676.4912370000001,676.551237,"k"
"PronTokAlign",676.551237,676.5912370000001,"O~=0.962"
"PronTokAlign",676.5912370000001,676.661237,"v-A/"
"PronTokAlign",676.661237,676.921237,"S-w-A/-z-i-R"
"PronTokAlign",676.921237,676.9512370000001,"A/"
"PronTokAlign",676.9512370000001,677.031237,"l-A/"
"PronTokAlign",677.031237,677.23,"f-U~/=0.902"
"PronTokAlign",677.23,678.13,"#=0.0"
"PronTokAlign",678.13,678.28,"O~-z=0.71"
"PronTokAlign",678.28,678.56,"m-i-n-y-t=0.582"
"PronTokAlign",678.56,678.86,"O/-k-E=0.603"
"PronTokAlign",678.86,678.9399999999999,"S=0.705"
"PronTokAlign",678.9399999999999,679.13,"p-a~-s=0.942"
"PronTokAlign",679.13,679.17,"k"
"PronTokAlign",679.17,679.2,"i=0.812"
"PronTokAlign",679.2,679.35,"s-R-E=0.597"
"PronTokAlign",679.35,679.48,"t-a~=0.989"
"PronTokAlign",679.48,679.51,"t=0.53"
"PronTokAlign",679.51,679.73,"p-A/-s-e=0.935"
"PronTokAlign",679.73,679.76,"A/"
"PronTokAlign",679.76,680.075,"O/-t-R-S-O/-z"
"PronTokAlign",680.075,680.65,"#=0.0"
"PronTokAlign",680.65,680.78,"d-@=0.442"
"PronTokAlign",680.78,681.19,"v-O/-t-e=0.875"
"PronTokAlign",681.19,681.475,"#=0.0"
"PronTokAlign",681.475,681.585,"p-u-R"
"PronTokAlign",681.585,681.845,"S-w-A/-z-i-R"
"PronTokAlign",681.845,681.9350000000001,"l-@=0.528"
"PronTokAlign",681.9350000000001,682.205,"t-E-m=0.533"
"PronTokAlign",682.205,682.53,"#=0.0"
"PronTokAlign",682.53,682.64,"e=0.506"
"PronTokAlign",682.64,682.97,"a~-s-H-i-t=0.87"
"PronTokAlign",682.97,683.3199999999999,"k-O/-m-a~-s-e=0.947"
"PronTokAlign",683.3199999999999,683.37,"A/"
"PronTokAlign",683.37,683.64,"p-A/-s-e=0.925"
"PronTokAlign",683.64,683.73,"s-y-R"
"PronTokAlign",683.73,683.76,"l=0.695"
"PronTokAlign",683.76,683.99,"d-2-z-j-E-m=0.695"
"PronTokAlign",683.99,684.28,"E-l-E-m-a~=0.506"
"PronTokAlign",684.28,684.625,"#=0.0"
"PronTokAlign",684.625,684.705,"k=0.499"
"PronTokAlign",684.705,684.735,"t=0.384"
"PronTokAlign",684.735,685.145,"fp"
"PronTokAlign",685.145,685.5,"#=0.0"
"PronTokAlign",685.5,685.69,"l-A/"
"PronTokAlign",685.69,686.07,"d-A/-t=0.866"
"PronTokAlign",686.07,686.59,"#=0.0"
"PronTokAlign",686.59,686.64,"l"
"PronTokAlign",686.64,687.22,"e-v-E-n-m-a~=0.47"
"PronTokAlign",687.22,687.3000000000001,"#"
"PronTokAlign",687.3000000000001,687.34,"l=0.421"
"PronTokAlign",687.34,687.5500000000001,"S-w-A/=0.986"
"PronTokAlign",687.5500000000001,687.65,"d-e=0.497"
"PronTokAlign",687.65,687.9300000000001,"p-E-R-s-O/-n=0.681"
"PronTokAlign",687.9300000000001,688.0300000000001,"k"
"PronTokAlign",688.0300000000001,688.07,"O~=0.853"
"PronTokAlign",688.07,688.19,"v-A/"
"PronTokAlign",688.19,688.33,"f-E-R=0.787"
"PronTokAlign",688.33,688.575,"A/"
"PronTokAlign",688.575,689.11,"#=0.0"
"PronTokAlign",689.11,689.545,"p-A/-R-k-O~-t=0.775"
"PronTokAlign",689.545,689.82,"#=0.0"
"PronTokAlign",689.82,689.9300000000001,"l-A/"
"PronTokAlign",689.9300000000001,690.0,"u"
"PronTokAlign",690.0,690.0600000000001,"t=0.831"
"PronTokAlign",690.0600000000001,690.3100000000001,"s-u-l-E-v=0.815"
"PronTokAlign",690.3100000000001,690.4000000000001,"y-n=0.68"
"PronTokAlign",690.4000000000001,690.5500000000001,"b-O/-n=0.939"
"PronTokAlign",690.5500000000001,690.73,"S-O/-z=0.973"
"PronTokAlign",690.73,690.82,"s-e"
"PronTokAlign",690.82,690.9300000000001,"k-a~=0.619"
"PronTokAlign",690.9300000000001,691.0,"t=0.674"
"PronTokAlign",691.0,691.0600000000001,"A/=0.804"
"PronTokAlign",691.0600000000001,691.1600000000001,"d-i=0.808"
"PronTokAlign",691.1600000000001,691.24,"Z=0.537"
"PronTokAlign",691.24,691.3000000000001,"v-@=0.5"
"PronTokAlign",691.3000000000001,691.5500000000001,"f-E-R=0.617"
"PronTokAlign",691.5500000000001,691.71,"#"
"PronTokAlign",691.71,692.13,"R-A/-m-2-n-e=0.759"
"PronTokAlign",692.13,692.24,"y-n=0.557"
"PronTokAlign",692.24,692.765,"v-i-k-t-i-m=0.711"
"PronTokAlign",692.765,693.6,"#=0.0"
"PronTokAlign",693.6,694.02,"d-@"
"PronTokAlign",694.02,694.95,"A/-R-s-E-l-2-m-a~"
"PronTokAlign",694.95,695.05,"#=0.0"
"PronTokAlign",695.05,695.16,"d=0.607"
"PronTokAlign",695.16,695.8,"s-j-b-E-R-A/-R-s-E-l-2-m-a~=0.636"
"PronTokAlign",695.8,695.9499999999999,"s-e"
"PronTokAlign",695.9499999999999,696.01,"y-n=0.942"
"PronTokAlign",696.01,696.37,"s-y-p-E-R=0.659"
"PronTokAlign",696.37,696.53,"b-O/-n=0.882"
"PronTokAlign",696.53,696.75,"i-d-e"
"PronTokAlign",696.75,697.15,"#=0.0"
"PronTokAlign",697.15,697.27,"p-u-R"
"PronTokAlign",697.27,697.35,"l-A/"
"PronTokAlign",697.35,698.0699999999999,"s-a~-s-i-b-i-l-i-z-A/-s-j-O~=0.782"
"PronTokAlign",698.0699999999999,698.1999999999999,"s-e"
"PronTokAlign",698.1999999999999,698.599688,"U~/-k-R-w-A/-j-A/-b-l=0.788"
"PronTokAlign",698.599688,717.02,"#=0.0"
"PronTokAlign",717.02,717.29,"O/-k-e=0.586"
"PronTokAlign",717.29,717.49,"d-O~-k=0.882"
"PronTokAlign",717.49,717.52,"l=0.368"
"PronTokAlign",717.52,717.885,"t-E-l-E-f-O/-n=0.497"
"PronTokAlign",717.885,722.405203,"#=0.0"
"PronTokAlign",722.405203,723.14447,"laugh=0.0"
"PronTokAlign",723.14447,725.475,"#=0.0"
"PronTokAlign",725.475,726.005,"O/=0.0"
"PronTokAlign",726.005,726.1,"#=0.0"
"PronTokAlign",726.1,726.45,"laugh=0.0"
"PronTokAlign",726.45,730.805,"#=0.0"
"PronTokAlign",730.805,730.97,"w-E"
"PronTokAlign",730.97,733.865,"#=0.0"
"PronTokAlign",733.865,734.695,"fp"
"PronTokAlign",734.695,734.945,"m-w-A/"
"PronTokAlign",734.945,735.035,"S=0.52"
"PronTokAlign",735.035,735.235,"p-a~-s=0.96"
"PronTokAlign",735.235,735.335,"k-@=0.61"
"PronTokAlign",735.335,735.485,"s=0.652"
"PronTokAlign",735.485,735.575,"O~=0.834"
"PronTokAlign",735.575,735.725,"s=0.888"
"PronTokAlign",735.725,735.795,"f-E=0.436"
"PronTokAlign",735.795,735.855,"s=0.915"
"PronTokAlign",735.855,735.955,"s-y-R"
"PronTokAlign",735.955,736.095,"U~/=0.57"
"PronTokAlign",736.095,736.225,"Z-u-R"
"PronTokAlign",736.225,736.285,"O~=0.663"
"PronTokAlign",736.285,736.395,"p-@=0.818"
"PronTokAlign",736.395,736.475,"s=0.927"
"PronTokAlign",736.475,736.625,"f-E-R=0.871"
"PronTokAlign",736.625,736.705,"s=0.56"
"PronTokAlign",736.705,736.825,"U~/=0.686"
"PronTokAlign",736.825,737.175,"w-i-k-E-n-d"
"PronTokAlign",737.175,737.355,"p-a~-d-a~=0.902"
"PronTokAlign",737.355,737.4350000000001,"l-A/"
"PronTokAlign",737.4350000000001,737.625,"p-e-R-j-O/-d=0.682"
"PronTokAlign",737.625,737.885,"s-k-O/-l-E-R=0.971"
"PronTokAlign",737.885,740.125,"#=0.0"
"PronTokAlign",740.125,740.285,"U~/=0.711"
"PronTokAlign",740.285,740.565,"w-i-k-E-n-d"
"PronTokAlign",740.565,740.705,"p-a~-d-a~=0.962"
"PronTokAlign",740.705,740.765,"l-A/"
"PronTokAlign",740.765,740.965,"p-E-R-j-O/-d=0.544"
"PronTokAlign",740.965,741.235,"s-k-O/-l-E-R=0.88"
"PronTokAlign",741.235,743.2,"#=0.0"
"PronTokAlign",743.2,743.32,"m-E=0.418"
"PronTokAlign",743.32,743.46,"d-a~=0.84"
"PronTokAlign",743.46,743.5400000000001,"s=0.751"
"PronTokAlign",743.5400000000001,743.6500000000001,"k-A/=0.935"
"PronTokAlign",743.6500000000001,743.75,"l-A/"
"PronTokAlign",743.75,744.0200000000001,"f-O/-d-R-e=0.509"
"PronTokAlign",744.0200000000001,744.44,"fp"
"PronTokAlign",744.44,744.48,"#"
"PronTokAlign",744.48,745.0,"s-a~-s-i-b-i-l-i-z-e=0.783"
"PronTokAlign",745.0,745.1700000000001,"l-e-z=0.541"
"PronTokAlign",745.1700000000001,745.35,"e-k-O/-l=0.497"
"PronTokAlign",745.35,745.4100000000001,"A/"
"PronTokAlign",745.4100000000001,745.5200000000001,"n-O/-t=0.715"
"PronTokAlign",745.5200000000001,745.82,"p-R-O/-Z-e=0.536"
"PronTokAlign",745.82,746.01,"e=0.534"
"PronTokAlign",746.01,746.5300000000001,"l-e=0.438"
"PronTokAlign",746.5300000000001,746.5600000000001,"#"
"PronTokAlign",746.5600000000001,746.62,"l-@=0.38"
"PronTokAlign",746.62,746.929688,"R-A/-m-2-n-e-R=0.611"
"PronTokAlign",746.929688,748.263956,"#=0.0"
"PronTokAlign",748.263956,749.159607,"noise=0.0"
"PronTokAlign",749.159607,751.74,"#=0.0"
"PronTokAlign",751.74,751.9300000000001,"b-j-U~/=0.631"
"PronTokAlign",751.9300000000001,751.98,"Z=0.514"
"PronTokAlign",751.98,752.14,"s-y-i=0.67"
"PronTokAlign",752.14,752.48,"d-A/-k-O/-R"
"PronTokAlign",752.48,752.73,"A/-v-E-k"
"PronTokAlign",752.73,752.83,"t-w-A/"
"PronTokAlign",752.83,752.86,"m=0.698"
"PronTokAlign",752.86,753.07,"p-A/-R-k-O~-t=0.723"
"PronTokAlign",753.07,753.2,"d-a~=0.785"
"PronTokAlign",753.2,753.28,"s=0.893"
"PronTokAlign",753.28,753.41,"k-A/=0.896"
"PronTokAlign",753.41,753.57,"l-A/"
"PronTokAlign",753.57,754.76,"#=0.0"
"PronTokAlign",754.76,754.85,"Z-@=0.543"
"PronTokAlign",754.85,754.93,"n=0.718"
"PronTokAlign",754.93,755.26,"v-w-A/=0.9"
"PronTokAlign",755.26,755.37,"p-A/=0.785"
"PronTokAlign",755.37,755.4,"d=0.533"
"PronTokAlign",755.4,755.54,"k-w-A/"
"PronTokAlign",755.54,755.64,"v-u=0.841"
"PronTokAlign",755.64,756.04,"p-A/-R-l-e=0.518"
"PronTokAlign",756.04,756.7,"#=0.0"
"PronTokAlign",756.7,756.7800000000001,"m-E=0.442"
"PronTokAlign",756.7800000000001,757.09,"p-A/-R-s-j-E-l=0.878"
"PronTokAlign",757.09,757.13,"s=0.935"
"PronTokAlign",757.13,757.26,"s-O~=0.59"
"PronTokAlign",757.26,757.4100000000001,"t-R-e=0.555"
"PronTokAlign",757.4100000000001,757.5500000000001,"b-j-U~/=0.71"
"PronTokAlign",757.5500000000001,757.8100000000001,"p-A/-s-e=0.857"
"PronTokAlign",757.8100000000001,757.84,"l"
"PronTokAlign",757.84,758.47,"A/-l-A/-m-d-O/-y-E-l-i-A/=0.425"
"PronTokAlign",758.47,758.76,"m-e=0.573"
"PronTokAlign",758.76,758.92,"#=0.0"
"PronTokAlign",758.92,759.0799999999999,"s-e"
"PronTokAlign",759.0799999999999,759.17,"p-A/=0.991"
"PronTokAlign",759.17,759.26,"l-A/"
"PronTokAlign",759.26,759.585938,"k-E-s-t-j-O~"
"PronTokAlign",759.585938,762.01,"#=0.0"
"PronTokAlign",762.01,762.51,"U~/-t-E-R-v-a~-s-j-O~"
"PronTokAlign",762.51,762.55,"a~"
"PronTokAlign",762.55,762.7,"m-i-l-j-@"
"PronTokAlign",762.7,763.005,"s-k-O/-l-E-R=0.897"
"PronTokAlign",763.005,763.09,"#=0.0"
"PronTokAlign",763.09,763.1800000000001,"A/"
"PronTokAlign",763.1800000000001,763.3100000000001,"t=0.632"
"PronTokAlign",763.3100000000001,763.37,"v-@=0.693"
"PronTokAlign",763.37,763.71,"k-A/-R-E-m-a~=0.515"
"PronTokAlign",763.71,763.95,"A/-l-e=0.566"
"PronTokAlign",763.95,764.27,"#=0.0"
"PronTokAlign",764.27,764.37,"a~"
"PronTokAlign",764.37,764.55,"m-i-l-j-@"
"PronTokAlign",764.55,764.85,"n-a~=0.582"
"PronTokAlign",764.85,764.91,"S=0.617"
"PronTokAlign",764.91,765.04,"p-a~-s=0.954"
"PronTokAlign",765.04,765.205,"p-A/=0.885"
"PronTokAlign",765.205,766.433482,"#=0.0"
"PronTokAlign",766.433482,767.457083,"noise=0.0"
"PronTokAlign",767.457083,768.835,"#=0.0"
"PronTokAlign",768.835,768.965,"m-w-A/"
"PronTokAlign",768.965,769.075,"l-@=0.428"
"PronTokAlign",769.075,769.575,"p-R-O/-b-l-E-m-@=0.52"
"PronTokAlign",769.575,769.6650000000001,"Z-y-s=0.625"
"PronTokAlign",769.6650000000001,769.755,"k=0.563"
"PronTokAlign",769.755,769.7850000000001,"Z=0.537"
"PronTokAlign",769.7850000000001,769.9250000000001,"v-w-A/=0.949"
"PronTokAlign",769.9250000000001,770.0550000000001,"A/-v-E-k"
"PronTokAlign",770.0550000000001,770.1650000000001,"s-A/=0.924"
"PronTokAlign",770.1650000000001,770.2850000000001,"s-e"
"PronTokAlign",770.2850000000001,770.325,"k"
"PronTokAlign",770.325,770.365,"O~=0.803"
"PronTokAlign",770.365,770.455,"v-A/"
"PronTokAlign",770.455,770.565,"s=0.582"
"PronTokAlign",770.565,770.835,"l-i-m-i-t-e=0.879"
"PronTokAlign",770.835,770.895,"O/"
"PronTokAlign",770.895,771.0550000000001,"n-O~-b-R=0.911"
"PronTokAlign",771.0550000000001,771.085,"d=0.971"
"PronTokAlign",771.085,771.255,"e-k-O/-l=0.468"
"PronTokAlign",771.255,771.325,"k"
"PronTokAlign",771.325,771.365,"O~=0.832"
"PronTokAlign",771.365,771.465,"v-A/"
"PronTokAlign",771.465,771.6650000000001,"f-E-R=0.803"
"PronTokAlign",771.6650000000001,771.975,"#"
"PronTokAlign",771.975,772.1650000000001,"A/-l-O/-R=0.467"
"PronTokAlign",772.1650000000001,772.2750000000001,"k=0.502"
"PronTokAlign",772.2750000000001,772.4050000000001,"s=0.824"
"PronTokAlign",772.4050000000001,772.495,"O~=0.811"
"PronTokAlign",772.495,772.615,"f-E=0.524"
"PronTokAlign",772.615,772.725,"U~/-n=0.739"
"PronTokAlign",772.725,773.115,"e-v-E-n-m-a~=0.495"
"PronTokAlign",773.115,773.195,"E=0.558"
"PronTokAlign",773.195,773.2850000000001,"k=0.561"
"PronTokAlign",773.2850000000001,773.4350000000001,"t-u-l=0.505"
"PronTokAlign",773.4350000000001,773.595,"m-O~-d=0.81"
"PronTokAlign",773.595,773.6650000000001,"p-@=0.742"
"PronTokAlign",773.6650000000001,773.7850000000001,"n-u=0.638"
"PronTokAlign",773.7850000000001,774.145,"R-2-Z-w-U~/-d-R=0.797"
"PronTokAlign",774.145,774.6850000000001,"#"
"PronTokAlign",774.6850000000001,774.875,"O~-n=0.816"
"PronTokAlign",774.875,775.15,"u-v-R=0.825"
"PronTokAlign",775.15,775.49,"#=0.0"
"PronTokAlign",775.49,775.57,"l"
"PronTokAlign",775.57,775.85,"A/-k-s-e=0.51"
"PronTokAlign",775.85,775.9300000000001,"A/"
"PronTokAlign",775.9300000000001,776.59,"n-O/-t-R-@=0.999"
"PronTokAlign",776.59,776.78,"t-R-y-k"
"PronTokAlign",776.78,777.28,"#=0.0"
"PronTokAlign",777.28,777.5,"s-O/-f"
"PronTokAlign",777.5,777.8,"k-@=0.999"
"PronTokAlign",777.8,778.17,"#=0.0"
"PronTokAlign",778.17,778.51,"A/-p-R-e=0.491"
"PronTokAlign",778.51,778.5999999999999,"l-@=0.383"
"PronTokAlign",778.5999999999999,779.16,"p-R-O/-b-l-E-m-@=0.541"
"PronTokAlign",779.16,783.61,"#=0.0"
"PronTokAlign",783.61,783.9300000000001,"A/-p-R-E=0.493"
"PronTokAlign",783.9300000000001,784.14,"w-E"
"PronTokAlign",784.14,784.47,"f-O/-d-R-e-t=0.356"
"PronTokAlign",784.47,784.53,"k"
"PronTokAlign",784.53,784.67,"O~-n=0.7"
"PronTokAlign",784.67,784.88,"A/-R-i-v=0.683"
"PronTokAlign",784.88,784.99,"A/"
"PronTokAlign",784.99,785.3100000000001,"Z-e-R-e=0.427"
"PronTokAlign",785.3100000000001,785.69,"l-@=0.993"
"PronTokAlign",785.69,785.76,"l=0.432"
"PronTokAlign",785.76,786.079688,"m-O~-d=0.816"
"PronTokAlign",786.079688,788.372351,"#=0.0"
"PronTokAlign",788.372351,789.339086,"noise=0.0"
"PronTokAlign",789.339086,790.915,"#=0.0"
"PronTokAlign",790.915,791.015,"A/"
"PronTokAlign",791.015,791.395,"m-e-z=0.447"
"PronTokAlign",791.395,791.515,"anon"
"PronTokAlign",791.515,791.555,"Z=0.706"
"PronTokAlign",791.555,791.665,"E=0.792"
"PronTokAlign",791.665,792.135,"p-A/=0.748"
"PronTokAlign",792.135,792.2149999999999,"d-i=0.572"
"PronTokAlign",792.2149999999999,792.245,"l=0.658"
"PronTokAlign",792.245,792.555,"k-O~-t-R-E-R=0.923"
"PronTokAlign",792.555,792.5849999999999,"Z=0.641"
"PronTokAlign",792.5849999999999,792.615,"e=0.516"
"PronTokAlign",792.615,792.675,"d-i=0.889"
"PronTokAlign",792.675,792.7049999999999,"k"
"PronTokAlign",792.7049999999999,792.735,"i=0.906"
"PronTokAlign",792.735,792.875,"f-A/-l-e=0.294"
"PronTokAlign",792.875,792.925,"k"
"PronTokAlign",792.925,793.015,"O~=0.756"
"PronTokAlign",793.015,793.2249999999999,"p-A/-s=0.94"
"PronTokAlign",793.2249999999999,793.305,"O/-z=0.837"
"PronTokAlign",793.305,793.665,"e-k-O/-l-z=0.273"
"PronTokAlign",793.665,793.8149999999999,"m-E=0.347"
"PronTokAlign",793.8149999999999,794.155,"p-A/-z=0.568"
"PronTokAlign",794.155,794.255,"n-u=0.725"
"PronTokAlign",794.255,794.375,"n-u=0.839"
"PronTokAlign",794.375,794.775,"d-e-p-l-A/-s-e=0.459"
"PronTokAlign",794.775,794.915,"O/-z=0.994"
"PronTokAlign",794.915,795.18,"e-k-O/-l=0.505"
"PronTokAlign",795.18,795.54,"#=0.0"
"PronTokAlign",795.54,795.64,"p-R-s=0.96"
"PronTokAlign",795.64,795.7199999999999,"k=0.545"
"PronTokAlign",795.7199999999999,795.8399999999999,"s=0.744"
"PronTokAlign",795.8399999999999,795.9399999999999,"O~=0.729"
"PronTokAlign",795.9399999999999,796.03,"f-E=0.416"
"PronTokAlign",796.03,796.12,"s=0.723"
"PronTokAlign",796.12,796.23,"O~=0.882"
"PronTokAlign",796.23,796.38,"s-@=0.562"
"PronTokAlign",796.38,796.74,"l-i-m-i-t=0.805"
"PronTokAlign",796.74,796.8,"O/"
"PronTokAlign",796.8,796.9599999999999,"n-O~-b-R=0.875"
"PronTokAlign",796.9599999999999,797.0,"d=0.986"
"PronTokAlign",797.0,797.1899999999999,"e-k-O/-l=0.546"
"PronTokAlign",797.1899999999999,797.26,"d-a~=0.956"
"PronTokAlign",797.26,797.4699999999999,"l-A/-k-E-l=0.523"
"PronTokAlign",797.4699999999999,797.53,"O~=0.919"
"PronTokAlign",797.53,797.749993,"v-A/"
"PronTokAlign",797.749993,813.975,"#=0.0"
"PronTokAlign",813.975,814.365,"m-E-R-k-R-2-d-i=0.778"
"PronTokAlign",814.365,814.495,"l-A/"
"PronTokAlign",814.495,814.755,"l-A/"
"PronTokAlign",814.755,814.965,"m-w-A/-t-j-e"
"PronTokAlign",814.965,815.075,"d-e-z=0.313"
"PronTokAlign",815.075,815.215,"e-k-O/-l=0.548"
"PronTokAlign",815.215,815.445,"f-i-n-i-s=0.998"
"PronTokAlign",815.445,815.495,"A/"
"PronTokAlign",815.495,815.725,"m-i-d-i"
"PronTokAlign",815.725,815.7950000000001,"l-e=0.416"
"PronTokAlign",815.7950000000001,815.895,"g-A/=0.955"
"PronTokAlign",815.895,815.965,"s-e"
"PronTokAlign",815.965,816.025,"p-A/=0.963"
"PronTokAlign",816.025,816.085,"l-A/"
"PronTokAlign",816.085,816.24,"p-E-n=0.929"
"PronTokAlign",816.24,816.765,"#=0.0"
"PronTokAlign",816.765,816.855,"O~=0.794"
"PronTokAlign",816.855,816.955,"s=0.881"
"PronTokAlign",816.955,817.055,"f-e=0.444"
"PronTokAlign",817.055,817.175,"s=0.656"
"PronTokAlign",817.175,817.3249999999999,"U~/=0.85"
"PronTokAlign",817.3249999999999,817.745,"v-a~-d-R-2-d-i"
"PronTokAlign",817.745,817.835,"a~"
"PronTokAlign",817.835,817.995,"f-U~/=0.812"
"PronTokAlign",817.995,818.555,"d-@=0.941"
"PronTokAlign",818.555,818.725,"f-U~/=0.844"
"PronTokAlign",818.725,818.755,"d=0.48"
"PronTokAlign",818.755,819.285,"s-@-m-E-n-@=0.631"
"PronTokAlign",819.285,823.46,"#=0.0"
"PronTokAlign",823.46,823.64,"m-w-A/"
"PronTokAlign",823.64,823.705,"Z=0.532"
"PronTokAlign",823.705,831.935,"#=0.0"
"PronTokAlign",831.935,832.125,"A/"
"PronTokAlign",832.125,832.285,"m-w-A/"
"PronTokAlign",832.285,832.3649999999999,"Z=0.489"
"PronTokAlign",832.3649999999999,832.8149999999999,"p-a~-s=0.865"
"PronTokAlign",832.8149999999999,832.8549999999999,"a~"
"PronTokAlign",832.8549999999999,832.9949999999999,"v-R-E=0.568"
"PronTokAlign",832.9949999999999,833.0749999999999,"d=0.415"
"PronTokAlign",833.0749999999999,833.2049999999999,"v-R-E=0.627"
"PronTokAlign",833.2049999999999,833.3349999999999,"S=0.615"
"PronTokAlign",833.3349999999999,833.4749999999999,"s-y-i=0.762"
"PronTokAlign",833.4749999999999,833.5849999999999,"p-A/=0.872"
"PronTokAlign",833.5849999999999,834.41,"fp"
"PronTokAlign",834.41,841.1,"#=0.0"
"PronTokAlign",841.1,841.25,"s-e"
"PronTokAlign",841.25,841.555,"w-E"
"PronTokAlign",841.555,849.42,"#=0.0"
"PronTokAlign",849.42,849.732188,"w-E"
"PronTokAlign",849.732188,851.34,"#=0.0"
"PronTokAlign",851.34,851.4100000000001,"m=0.432"
"PronTokAlign",851.4100000000001,851.65,"A/-p-R-e=0.464"
"PronTokAlign",851.65,851.69,"s=0.979"
"PronTokAlign",851.69,851.75,"t"
"PronTokAlign",851.75,851.8000000000001,"E=0.491"
"PronTokAlign",851.8000000000001,851.9300000000001,"p-A/=0.928"
"PronTokAlign",851.9300000000001,852.0600000000001,"S-O/=0.872"
"PronTokAlign",852.0600000000001,852.09,"l=0.786"
"PronTokAlign",852.09,852.5,"v-a~-d-R-2-d-i"
"PronTokAlign",852.5,852.7900000000001,"s-i=0.698"
"PronTokAlign",852.7900000000001,853.0,"t=0.637"
"PronTokAlign",853.0,853.14,"s-y-i=0.83"
"PronTokAlign",853.14,853.2800000000001,"t-O~=0.762"
"PronTokAlign",853.2800000000001,853.63,"p-R-U~/-s-i-p=0.812"
"PronTokAlign",853.63,853.6700000000001,"t"
"PronTokAlign",853.6700000000001,853.71,"e=0.522"
"PronTokAlign",853.71,853.82,"p-A/=0.871"
"PronTokAlign",853.82,853.99,"S-O/=0.561"
"PronTokAlign",853.99,854.14,"l-@=0.529"
"PronTokAlign",854.14,854.4,"l-U~/-d-i"
"PronTokAlign",854.4,854.665,"n-O~-p-l-y=0.396"
"PronTokAlign",854.665,855.985,"#=0.0"
"PronTokAlign",855.985,856.025,"m"
"PronTokAlign",856.025,856.320839,"O/-k-E=0.652"
"PronTokAlign",856.320839,860.925,"#=0.0"
"PronTokAlign",860.925,861.2049999999999,"w-E"
"PronTokAlign",861.2049999999999,861.3349999999999,"m-E=0.315"
"PronTokAlign",861.3349999999999,861.505,"s"
"PronTokAlign",861.505,861.5749999999999,"i=0.606"
"PronTokAlign",861.5749999999999,861.8249999999999,"p-A/-R-t=0.976"
"PronTokAlign",861.8249999999999,861.885,"a~"
"PronTokAlign",861.885,862.165,"v-A/-k-a~-s=0.955"
"PronTokAlign",862.165,862.1949999999999,"i=0.946"
"PronTokAlign",862.1949999999999,862.365,"p-A/-R-t=0.985"
"PronTokAlign",862.365,862.425,"a~"
"PronTokAlign",862.425,862.795,"v-A/-k-a~-s=0.763"
"PronTokAlign",862.795,862.875,"l-@=0.448"
"PronTokAlign",862.875,863.295,"v-a~-d-R-2-d-i"
"PronTokAlign",863.295,863.395,"i-z=0.543"
"PronTokAlign",863.395,863.4749999999999,"O~=0.868"
"PronTokAlign",863.4749999999999,863.775,"R-E-y-n-j-O~=0.586"
"PronTokAlign",863.775,864.005,"O/-s-i"
"PronTokAlign",864.005,864.2249999999999,"U~/"
"PronTokAlign",864.2249999999999,864.3449999999999,"m-A/"
"PronTokAlign",864.3449999999999,864.61,"g-A/-t-e"
"PronTokAlign",864.61,866.14,"#=0.0"
"PronTokAlign",866.14,866.75,"b-U~/=0.998"
"PronTokAlign",866.75,866.88,"t=0.53"
"PronTokAlign",866.88,867.18,"t-R-A/-v-A/-j=0.821"
"PronTokAlign",867.18,867.26,"d=0.422"
"PronTokAlign",867.26,867.5,"l-U~/-d-i"
"PronTokAlign",867.5,867.59,"A/"
"PronTokAlign",867.59,867.98,"v-a~-d-R-2-d-i"
"PronTokAlign",867.98,868.02,"S=0.489"
"PronTokAlign",868.02,868.11,"s-y-i=0.884"
"PronTokAlign",868.11,868.91,"d-e-z-O/-l-e=0.53"
"PronTokAlign",868.91,869.912652,"#=0.0"
"PronTokAlign",869.912652,870.002652,"m"
"PronTokAlign",870.002652,870.425972,"noise"
"PronTokAlign",870.425972,873.781249,"#=0.0"
"PronTokAlign",873.781249,874.492083,"noise=0.0"
"PronTokAlign",874.492083,875.99,"#=0.0"
"PronTokAlign",875.99,876.12,"d-y-k-u"
"PronTokAlign",876.12,876.15,"O~=0.999"
"PronTokAlign",876.15,876.22,"p-@=0.763"
"PronTokAlign",876.22,876.3,"s=0.963"
"PronTokAlign",876.3,876.45,"f-E-R=0.852"
"PronTokAlign",876.45,876.69,"s-i-n-O~"
"PronTokAlign",876.69,876.76,"O~=0.766"
"PronTokAlign",876.76,876.88,"p-@=0.562"
"PronTokAlign",876.88,877.04,"f-E-R=0.839"
"PronTokAlign",877.04,877.14,"s-A/=0.585"
"PronTokAlign",877.14,877.28,"l-@=0.526"
"PronTokAlign",877.28,877.69,"Z-2-d-i"
"PronTokAlign",877.69,878.67,"#=0.0"
"PronTokAlign",878.67,879.0899999999999,"Z-2-d-i"
"PronTokAlign",879.0899999999999,879.2299999999999,"s-e"
"PronTokAlign",879.2299999999999,879.3399999999999,"a~"
"PronTokAlign",879.3399999999999,879.52,"f-U~/=0.921"
"PronTokAlign",879.52,879.55,"d=0.577"
"PronTokAlign",879.55,879.99,"s-@-m-E-n=0.718"
"PronTokAlign",879.99,880.0799999999999,"t"
"PronTokAlign",880.0799999999999,880.14,"E=0.515"
"PronTokAlign",880.14,880.26,"l-A/"
"PronTokAlign",880.26,880.3399999999999,"t"
"PronTokAlign",880.3399999999999,880.43,"A/=0.821"
"PronTokAlign",880.43,880.89,"t-A/-f-f-e"
"PronTokAlign",880.89,881.0699999999999,"l-A/"
"PronTokAlign",881.0699999999999,881.27,"v-E-j=0.677"
"PronTokAlign",881.27,881.42,"t=0.416"
"PronTokAlign",881.42,881.77,"R-a~-t-R-@=0.636"
"PronTokAlign",881.77,881.8499999999999,"d=0.75"
"PronTokAlign",881.8499999999999,881.9499999999999,"y-n=0.518"
"PronTokAlign",881.9499999999999,881.99,"d=0.526"
"PronTokAlign",881.99,882.0899999999999,"y-n=0.515"
"PronTokAlign",882.0899999999999,882.725,"A/-p-R-E-m-i-d-i"
"PronTokAlign",882.725,886.465,"#=0.0"
"PronTokAlign",886.465,886.765,"Z-2-d-i"
"PronTokAlign",886.765,886.855,"a~"
"PronTokAlign",886.855,887.085,"p-E-R-j-O/-d=0.562"
"PronTokAlign",887.085,887.41,"s-k-O/-l-E-R=0.968"
"PronTokAlign",887.41,888.125,"#=0.0"
"PronTokAlign",888.125,888.615,"A/-p-R-e=0.573"
"PronTokAlign",888.615,889.31,"fp"
"PronTokAlign",889.31,894.535,"#=0.0"
"PronTokAlign",894.535,895.045,"A/"
"PronTokAlign",895.045,895.3249999999999,"w-E"
"PronTokAlign",895.3249999999999,895.505,"d-@=0.693"
"PronTokAlign",895.505,895.74666,"u-f"
"PronTokAlign",895.74666,896.12,"#=0.0"
"PronTokAlign",896.12,896.34,"d-@=0.976"
"PronTokAlign",896.34,896.681636,"u-f"
"PronTokAlign",896.681636,897.435,"#=0.0"
"PronTokAlign",897.435,897.525,"d-@=0.467"
"PronTokAlign",897.525,897.6149999999999,"u-f"
"PronTokAlign",897.6149999999999,897.805,"Z-y-s-t=0.628"
"PronTokAlign",897.805,898.015,"A/-p-R-e=0.476"
"PronTokAlign",898.015,898.0949999999999,"l-E=0.405"
"PronTokAlign",898.0949999999999,898.38,"v-A/-k-a~-s=0.919"
"PronTokAlign",898.38,903.005,"#=0.0"
"PronTokAlign",903.005,903.215,"Z-y-s-t=0.471"
"PronTokAlign",903.215,903.465,"A/-p-R-e=0.522"
"PronTokAlign",903.465,903.535,"u"
"PronTokAlign",903.535,903.675,"Z-y-s-t=0.527"
"PronTokAlign",903.675,903.835,"A/-v-a~=0.805"
"PronTokAlign",903.835,903.935,"l-E=0.525"
"PronTokAlign",903.935,904.225,"v-A/-k-a~-s=0.91"
"PronTokAlign",904.225,906.57,"#=0.0"
"PronTokAlign",906.57,906.88,"A/-p-R-e=0.516"
"PronTokAlign",906.88,907.11,"u-b-l-i-e=0.553"
"PronTokAlign",907.11,907.25,"p-A/=0.897"
"PronTokAlign",907.25,907.51,"p-E-R-j-O/-d=0.493"
"PronTokAlign",907.51,907.54,"t=0.388"
"PronTokAlign",907.54,907.81,"n-O/-E-l=0.729"
"PronTokAlign",907.81,907.9,"l-e=0.507"
"PronTokAlign",907.9,908.26,"k-A/-d-O/=0.925"
"PronTokAlign",908.26,908.46,"l-e-z=0.495"
"PronTokAlign",908.46,908.74,"i-f-O/-n=0.948"
"PronTokAlign",908.74,908.79,"E=0.57"
"PronTokAlign",908.79,908.9,"t-u=0.841"
"PronTokAlign",908.9,908.99,"s=0.666"
"PronTokAlign",908.99,909.07,"i=0.461"
"PronTokAlign",909.07,909.2,"v-A/"
"PronTokAlign",909.2,909.315,"U~/"
"PronTokAlign",909.315,910.065,"#=0.0"
"PronTokAlign",910.065,910.225,"d-O~-k=0.503"
"PronTokAlign",910.225,910.555,"s-e"
"PronTokAlign",910.555,910.685,"p-A/=0.935"
"PronTokAlign",910.685,910.765,"y-n=0.909"
"PronTokAlign",910.765,911.045,"m-O/-v-E-z=0.891"
"PronTokAlign",911.045,911.265,"S-O/-z=0.889"
"PronTokAlign",911.265,911.42,"w-E"
"PronTokAlign",911.42,912.96,"#=0.0"
"PronTokAlign",912.96,913.32,"w-E"
"PronTokAlign",913.32,913.46,"d-O~=0.667"
"PronTokAlign",913.46,913.6,"Z-y-s=0.517"
"PronTokAlign",913.6,913.78,"A/-p-R-E=0.497"
"PronTokAlign",913.78,913.86,"l-E=0.404"
"PronTokAlign",913.86,914.14,"v-A/-k-a~-s=0.722"
"PronTokAlign",914.14,914.21,"d-@=0.458"
"PronTokAlign",914.21,914.44,"n-O/-E-l=0.727"
"PronTokAlign",914.44,914.51,"U~/=0.632"
"PronTokAlign",914.51,914.815,"Z-2-d-i"
"PronTokAlign",914.815,915.045,"#=0.0"
"PronTokAlign",915.045,915.155,"U~/=0.745"
"PronTokAlign",915.155,915.355,"Z-2-d-i"
"PronTokAlign",915.355,915.485,"s-e"
"PronTokAlign",915.485,915.612188,"b-j-U~/=0.858"
"PronTokAlign",915.612188,927.74,"#=0.0"
"PronTokAlign",927.74,927.96,"b-A/-k-u"
"PronTokAlign",927.96,928.185,"n-A/-j-t"
"PronTokAlign",928.185,932.655,"#=0.0"
"PronTokAlign",932.655,932.915,"v-A/-z=0.926"
"PronTokAlign",932.915,932.955,"i=0.479"
"PronTokAlign",932.955,933.005,"S=0.488"
"PronTokAlign",933.005,933.055,"t"
"PronTokAlign",933.055,933.27,"e-k-u-t=0.551"
"PronTokAlign",933.27,937.18,"#=0.0"
"PronTokAlign",937.18,937.49,"n-O/=0.388"
"PronTokAlign",937.49,939.340699,"#=0.0"
"PronTokAlign",939.340699,939.420699,"S=0.554"
"PronTokAlign",939.420699,939.510699,"s-y-i=0.822"
"PronTokAlign",939.510699,939.760699,"d-A/-k-O/-R"
"PronTokAlign",939.760699,940.030699,"A/-v-E-k"
"PronTokAlign",940.030699,940.232813,"t-w-A/"
"PronTokAlign",940.232813,950.73,"#=0.0"
"PronTokAlign",950.73,950.9,"d-A/-k-O/-R"
"PronTokAlign",950.9,951.06,"A/-v-E-k"
"PronTokAlign",951.06,951.27,"t-w-A/"
"PronTokAlign",951.27,957.7,"#=0.0"
"PronTokAlign",957.7,957.92,"w-E"
"PronTokAlign",957.92,958.11,"n-a~=0.51"
"PronTokAlign",958.11,958.17,"m=0.752"
"PronTokAlign",958.17,958.5,"a~-f-E-t=0.402"
"PronTokAlign",958.5,958.63,"s-e"
"PronTokAlign",958.63,958.94,"s-y-R-t-u=0.76"
"PronTokAlign",958.94,958.98,"k=0.977"
"PronTokAlign",958.98,959.14,"s-A/=0.78"
"PronTokAlign",959.14,959.27,"v-A/"
"PronTokAlign",959.27,959.46,"p-A/=0.95"
"PronTokAlign",959.46,959.74,"A/-v-E-k"
"PronTokAlign",959.74,960.02,"l-@=0.459"
"PronTokAlign",960.02,960.3,"t-E-m=0.681"
"PronTokAlign",960.3,960.53,"d-@=0.971"
"PronTokAlign",960.53,960.59,"s=0.716"
"PronTokAlign",960.59,960.64,"k"
"PronTokAlign",960.64,960.67,"O~=0.757"
"PronTokAlign",960.67,960.77,"v-@=0.67"
"PronTokAlign",960.77,960.915,"f-E-R=0.984"
"PronTokAlign",960.915,961.11,"#=0.0"
"PronTokAlign",961.11,961.24,"l=0.366"
"PronTokAlign",961.24,961.62,"k-O~-s-E-R"
"PronTokAlign",961.62,961.68,"l-A/"
"PronTokAlign",961.68,961.92,"d-E-R-n-j-E-R=0.529"
"PronTokAlign",961.92,962.09,"f-w-A/=0.964"
"PronTokAlign",962.09,962.555,"p-A/-R-E-g-z-a~-p-l=0.374"
"PronTokAlign",962.555,963.08,"#=0.0"
"PronTokAlign",963.08,963.19,"k-t-E=0.462"
"PronTokAlign",963.19,963.22,"U~/=0.964"
"PronTokAlign",963.22,963.33,"b-y-t=0.667"
"PronTokAlign",963.33,963.77,"l-y-k-R-A/-t-i-f"
"PronTokAlign",963.77,964.535,"#=0.0"
"PronTokAlign",964.535,964.825,"O~-n=0.737"
"PronTokAlign",964.825,965.385,"U~/-v-E-s-t-i=0.581"
"PronTokAlign",965.385,965.915,"p-u-R"
"PronTokAlign",965.915,966.215,"A/-v-w-A/-R"
"PronTokAlign",966.215,966.255,"U~/=0.849"
"PronTokAlign",966.255,966.455,"R-@-t-u-R=0.518"
"PronTokAlign",966.455,966.555,"s-y-R"
"PronTokAlign",966.555,967.06,"U~/-v-E-s-t-i-s-2-m-a~"
"PronTokAlign",967.06,967.56,"#=0.0"
"PronTokAlign",967.56,967.78,"l-A/"
"PronTokAlign",967.78,968.0,"n-O/-t=0.466"
"PronTokAlign",968.0,968.255,"b-y-t=0.936"
"PronTokAlign",968.255,968.635,"#=0.0"
"PronTokAlign",968.635,968.705,"s-e"
"PronTokAlign",968.705,968.775,"t=0.541"
"PronTokAlign",968.775,969.255,"p-R-e"
"PronTokAlign",969.255,969.385,"s-e"
"PronTokAlign",969.385,969.415,"d=0.513"
"PronTokAlign",969.415,969.475,"l-A/"
"PronTokAlign",969.475,970.01,"p-R-E-v-a~-s-j-O~"
"PronTokAlign",970.01,970.49,"#=0.0"
"PronTokAlign",970.49,970.57,"p-A/=0.802"
"PronTokAlign",970.57,970.75,"b-z-w-U~/=0.631"
"PronTokAlign",970.75,970.8,"d=0.665"
"PronTokAlign",970.8,971.09,"U~/-v-E-s-t-i-R"
"PronTokAlign",971.09,971.615,"E-n-O/-R-m-E-m-a~=0.525"
"PronTokAlign",971.615,971.975,"#=0.0"
"PronTokAlign",971.975,972.055,"f-O/=0.628"
"PronTokAlign",972.055,972.375,"R-A/-m-2-n-e=0.857"
"PronTokAlign",972.375,972.405,"d=0.832"
"PronTokAlign",972.405,972.715,"p-E-R-s-O/-n=0.676"
"PronTokAlign",972.715,973.065,"t-u-S-e=0.845"
"PronTokAlign",973.065,973.225,"e=0.62"
"PronTokAlign",973.225,973.325,"d-e=0.477"
"PronTokAlign",973.325,973.585,"p-E-R-s-O/-n=0.553"
"PronTokAlign",973.585,973.665,"k=0.751"
"PronTokAlign",973.665,973.735,"O~=0.876"
"PronTokAlign",973.735,973.805,"d-E=0.321"
"PronTokAlign",973.805,974.025,"S-O/-z"
"PronTokAlign",974.025,974.105,"A/"
"PronTokAlign",974.105,974.255,"d-i-R=0.927"
"PronTokAlign",974.255,974.395,"s-y-R"
"PronTokAlign",974.395,974.535,"n-O/-t=0.529"
"PronTokAlign",974.535,974.685,"t-E-m=0.885"
"PronTokAlign",974.685,975.02,"s-y-R-t-u=0.762"
"PronTokAlign",975.02,977.545,"#=0.0"
"PronTokAlign",977.545,977.685,"w-E"
"PronTokAlign",977.685,977.982188,"w-E"
"PronTokAlign",977.982188,980.861916,"#=0.0"
"PronTokAlign",980.861916,981.842867,"noise=0.0"
"PronTokAlign",981.842867,982.54,"#=0.0"
"PronTokAlign",982.54,982.58,"Z=0.97"
"PronTokAlign",982.58,982.68,"s-y-i=0.965"
"PronTokAlign",982.68,982.85,"d-A/-k-O/-R"
"PronTokAlign",982.85,983.02,"A/-v-E-k"
"PronTokAlign",983.02,983.14,"t-w-A/"
"PronTokAlign",983.14,983.35,"O/-s-i"
"PronTokAlign",983.35,983.485,"w-E"
"PronTokAlign",983.485,998.47,"#=0.0"
"PronTokAlign",998.47,998.78,"A/-p-R-E=0.53"
"PronTokAlign",998.78,998.87,"O~-n=0.763"
"PronTokAlign",998.87,998.93,"A/"
"PronTokAlign",998.93,999.23,"k-O~-b-j-U~/"
"PronTokAlign",999.23,999.36,"d-@=0.635"
"PronTokAlign",999.36,999.53,"k-A/=0.902"
"PronTokAlign",999.53,999.61,"d-@=0.425"
"PronTokAlign",999.61,1000.44,"s-j-b-E-R-A/-R-s-E-l-2-m-a~=0.572"
"PronTokAlign",1000.44,1000.6,"p-A/=0.875"
"PronTokAlign",1000.6,1000.86,"l-w-U~/"
"PronTokAlign",1000.86,1000.92,"S=0.432"
"PronTokAlign",1000.92,1001.12,"p-a~-s=0.903"
"PronTokAlign",1001.12,1001.23,"O~-n=0.802"
"PronTokAlign",1001.23,1001.33,"a~"
"PronTokAlign",1001.33,1001.44,"e=0.269"
"PronTokAlign",1001.44,1001.72,"t-u-s=0.419"
"PronTokAlign",1001.72,1001.93,"O/-k-u-R-a~"
"PronTokAlign",1001.93,1002.42,"d-2-m-E-m"
"PronTokAlign",1002.42,1002.71,"d-a~=0.942"
"PronTokAlign",1002.71,1003.07,"n-O/-z=0.829"
"PronTokAlign",1003.07,1003.32,"d-a~-z=0.715"
"PronTokAlign",1003.32,1003.59,"n-O/=0.664"
"PronTokAlign",1003.59,1003.93,"f-A/-m-i-j=0.693"
"PronTokAlign",1003.93,1003.98,"e=0.646"
"PronTokAlign",1003.98,1004.16,"t-u=0.802"
"PronTokAlign",1004.16,1004.485,"d-@"
"PronTokAlign",1004.485,1005.0,"#=0.0"
"PronTokAlign",1005.0,1005.23,"k-A/-d-R=0.523"
"PronTokAlign",1005.23,1005.31,"d-@=0.388"
"PronTokAlign",1005.31,1005.85,"p-R-O/-k-s-i-m-i-t-e"
"PronTokAlign",1005.85,1006.15,"E-t-s-E-t-E-R-A/"
"PronTokAlign",1006.15,1006.26,"O~-n=0.561"
"PronTokAlign",1006.26,1006.48,"k-O/-n-E-t=0.294"
"PronTokAlign",1006.48,1006.57,"t-u=0.505"
"PronTokAlign",1006.57,1006.74,"d-e=0.419"
"PronTokAlign",1006.74,1006.92,"Z-a~=0.826"
"PronTokAlign",1006.92,1007.08,"k-j=0.563"
"PronTokAlign",1007.08,1007.14,"O~=0.682"
"PronTokAlign",1007.14,1007.35,"s-y-b-i"
"PronTokAlign",1007.35,1007.48,"d-y=0.894"
"PronTokAlign",1007.48,1008.17,"s-j-b-E-R-A/-R-s-E-l-2-m-a~=0.606"
"PronTokAlign",1008.17,1008.28,"u"
"PronTokAlign",1008.28,1008.65,"k-i=0.814"
"PronTokAlign",1008.65,1009.24,"#"
"PronTokAlign",1009.24,1009.37,"k-j=0.515"
"PronTokAlign",1009.37,1009.45,"a~"
"PronTokAlign",1009.45,1009.62,"s-O~=0.877"
"PronTokAlign",1009.62,1009.8,"m-E-m=0.74"
"PronTokAlign",1009.8,1010.22,"A/-k-t-9-R=0.923"
"PronTokAlign",1010.22,1010.28,"t=0.798"
"PronTokAlign",1010.28,1010.425,"v-w-A/=0.89"
"PronTokAlign",1010.425,1011.085,"#=0.0"
"PronTokAlign",1011.085,1011.215,"s-a~=0.684"
"PronTokAlign",1011.215,1011.585,"f-O/-R-s-E-m-a~=0.51"
"PronTokAlign",1011.585,1011.675,"s"
"PronTokAlign",1011.675,1011.715,"a~"
"PronTokAlign",1011.715,1011.885,"R-a~-d-R=0.945"
"PronTokAlign",1011.885,1012.065,"k-O~-t=0.981"
"PronTokAlign",1012.065,1012.5,"#=0.0"
"PronTokAlign",1012.5,1012.57,"s-e"
"PronTokAlign",1012.57,1012.6,"s"
"PronTokAlign",1012.6,1012.63,"l=0.826"
"PronTokAlign",1012.63,1012.95,"p-R-O/-b-l-E-m=0.871"
"PronTokAlign",1012.95,1013.21,"s=0.869"
"PronTokAlign",1013.21,1013.31,"O~=0.798"
"PronTokAlign",1013.31,1013.4,"p-@=0.913"
"PronTokAlign",1013.4,1013.74,"u-v-R-i-R"
"PronTokAlign",1013.74,1013.95,"l-e-z=0.378"
"PronTokAlign",1013.95,1014.03,"j-@=0.88"
"PronTokAlign",1014.03,1014.18,"s-y-R"
"PronTokAlign",1014.18,1014.26,"s=0.675"
"PronTokAlign",1014.26,1014.64,"O/-z=0.948"
"PronTokAlign",1014.64,1014.85,"a~-f-a~=0.9"
"PronTokAlign",1014.85,1014.9,"s=0.976"
"PronTokAlign",1014.9,1015.03,"s-R-E=0.473"
"PronTokAlign",1015.03,1015.309687,"s-U~/-p-A/"
"PronTokAlign",1015.309687,1016.953174,"#=0.0"
"PronTokAlign",1016.953174,1017.450758,"noise=0.0"
"PronTokAlign",1017.450758,1027.42,"#=0.0"
"PronTokAlign",1027.42,1027.8200000000002,"A/-R-s-E-l-2-m-a~"
"PronTokAlign",1027.8200000000002,1028.37,"s-E-k-s-j-E-l=0.513"
"PronTokAlign",1028.37,1028.68,"v-j-A/"
"PronTokAlign",1028.68,1028.76,"l-E=0.425"
"PronTokAlign",1028.76,1028.93,"R-E-z-O/=0.456"
"PronTokAlign",1028.93,1029.299063,"s-O/-s-j-O/=0.794"
"PronTokAlign",1029.299063,1033.52,"#=0.0"
"PronTokAlign",1033.52,1033.56,"t=0.441"
"PronTokAlign",1033.56,1033.66,"v-@=0.561"
"PronTokAlign",1033.66,1034.545,"p-A/-z"
"PronTokAlign",1034.545,1034.62,"#=0.0"
"PronTokAlign",1034.62,1034.9,"n-O/=0.44"
"PronTokAlign",1034.9,1034.9399999999998,"m=0.665"
"PronTokAlign",1034.9399999999998,1035.05,"O/"
"PronTokAlign",1035.05,1035.2199999999998,"p-i-R-@=0.545"
"PronTokAlign",1035.2199999999998,1035.3,"d-e=0.402"
"PronTokAlign",1035.3,1035.36,"k-A/=0.981"
"PronTokAlign",1035.36,1035.51,"O~-n=0.699"
"PronTokAlign",1035.51,1035.55,"E=0.397"
"PronTokAlign",1035.55,1035.64,"p-A/=0.958"
"PronTokAlign",1035.64,1035.82,"O/-b-l-i-Z-e"
"PronTokAlign",1035.82,1035.86,"t=0.487"
"PronTokAlign",1035.86,1036.1999999999998,"p-R-e-s-i-z-e=0.476"
"PronTokAlign",1036.1999999999998,1036.35,"l-@=0.829"
"PronTokAlign",1036.35,1036.6899999999998,"k-A/-R-A/-k-t-E-R=0.905"
"PronTokAlign",1036.6899999999998,1037.02,"s-E-k-s-j-E-l=0.541"
"PronTokAlign",1037.02,1037.41,"d-@=0.978"
"PronTokAlign",1037.41,1038.09,"#"
"PronTokAlign",1038.09,1038.1899999999998,"d-@=0.453"
"PronTokAlign",1038.1899999999998,1038.2199999999998,"l"
"PronTokAlign",1038.2199999999998,1038.555,"A/-k-t-@=0.832"
"PronTokAlign",1038.555,1038.76,"#=0.0"
"PronTokAlign",1038.76,1038.94,"m-E-m=0.879"
"PronTokAlign",1038.94,1039.0,"s=0.888"
"PronTokAlign",1039.0,1039.1,"s-e"
"PronTokAlign",1039.1,1039.48,"s-e-2=0.582"
"PronTokAlign",1039.48,1039.83,"k-j=0.494"
"PronTokAlign",1039.83,1039.935,"e-t=0.234"
"PronTokAlign",1039.935,1044.21,"#=0.0"
"PronTokAlign",1044.21,1044.59,"n-O/=0.511"
"PronTokAlign",1044.59,1044.7,"j=0.678"
"PronTokAlign",1044.7,1044.93,"A/-v-E-t=0.49"
"PronTokAlign",1044.93,1045.11,"p-A/=0.715"
"PronTokAlign",1045.11,1045.34,"d-@=0.519"
"PronTokAlign",1045.34,1045.98,"k-u-p-A/-b-l=0.823"
"PronTokAlign",1045.98,1046.14,"O~=0.709"
"PronTokAlign",1046.14,1046.36,"l"
"PronTokAlign",1046.36,1046.39,"A/"
"PronTokAlign",1046.39,1047.1,"d-i-t=0.504"
"PronTokAlign",1047.1,1047.5,"k-l-E-R-m-a~=0.392"
"PronTokAlign",1047.5,1047.66,"laugh"
"PronTokAlign",1047.66,1048.906793,"#=0.0"
"PronTokAlign",1048.906793,1049.496793,"m-E-R-s-i"
"PronTokAlign",1049.496793,1049.686793,"p-u-R"
"PronTokAlign",1049.686793,1049.7867930000002,"l-A/"
"PronTokAlign",1049.7867930000002,1050.185,"b-l-A/-g-@=0.534"
"PronTokAlign",1050.185,1055.995,"#=0.0"
"PronTokAlign",1055.995,1056.0949999999998,"m-w-A/"
"PronTokAlign",1056.0949999999998,1056.165,"S=0.447"
"PronTokAlign",1056.165,1056.3649999999998,"p-a~-s=0.884"
"PronTokAlign",1056.3649999999998,1056.425,"k"
"PronTokAlign",1056.425,1056.525,"O~=0.67"
"PronTokAlign",1056.525,1057.18,"p-u-R-E=0.53"
"PronTokAlign",1057.18,1057.375,"#=0.0"
"PronTokAlign",1057.375,1057.58,"w-E"
"PronTokAlign",1057.58,1057.87,"#=0.0"
"PronTokAlign",1057.87,1058.12,"E-s-k-@=0.598"
"PronTokAlign",1058.12,1058.1899999999998,"S=0.534"
"PronTokAlign",1058.1899999999998,1058.31,"A/-l-E=0.808"
"PronTokAlign",1058.31,1058.4,"d-i-R=0.873"
"PronTokAlign",1058.4,1058.696548,"O/-s-i"
"PronTokAlign",1058.696548,1063.06,"#=0.0"
"PronTokAlign",1063.06,1063.35,"A/-p-R-e=0.463"
"PronTokAlign",1063.35,1063.44,"S=0.557"
"PronTokAlign",1063.44,1063.63,"p-a~-s=0.739"
"PronTokAlign",1063.63,1063.66,"k"
"PronTokAlign",1063.66,1063.73,"O~=0.714"
"PronTokAlign",1063.73,1063.82,"p-@=0.675"
"PronTokAlign",1063.82,1064.06,"p-A/-R-l-e=0.763"
"PronTokAlign",1064.06,1064.39,"O/-s-i"
"PronTokAlign",1064.39,1064.47,"d=0.585"
"PronTokAlign",1064.47,1064.57,"U~/=0.708"
"PronTokAlign",1064.57,1065.005,"p-s-i-k-O/-l-O/-g=0.752"
"PronTokAlign",1065.005,1067.46,"#=0.0"
"PronTokAlign",1067.46,1067.54,"m"
"PronTokAlign",1067.54,1067.84,"m"
"PronTokAlign",1067.84,1068.9,"#=0.0"
"PronTokAlign",1068.9,1069.01,"w-E"
"PronTokAlign",1069.01,1069.5800000000002,"w-E"
"PronTokAlign",1069.5800000000002,1069.75,"w-E"
"PronTokAlign",1069.75,1069.849688,"w-E"
"PronTokAlign",1069.849688,1071.726686,"#=0.0"
"PronTokAlign",1071.726686,1073.191004,"noise=0.0"
"PronTokAlign",1073.191004,1081.03,"#=0.0"
"PronTokAlign",1081.03,1081.12,"n-O/=0.334"
"PronTokAlign",1081.12,1081.18,"m=0.872"
"PronTokAlign",1081.18,1081.33,"l-E-z=0.434"
"PronTokAlign",1081.33,1081.55,"U~/-p-A/-k-t=0.87"
"PronTokAlign",1081.55,1081.64,"d-@=0.418"
"PronTokAlign",1081.64,1081.68,"l"
"PronTokAlign",1081.68,1082.24,"a~-v-i-R-O/-n-m-a~-t=0.569"
"PronTokAlign",1082.24,1082.41,"s-y-R"
"PronTokAlign",1082.41,1082.44,"l"
"PronTokAlign",1082.44,1082.88,"a~-v-i-R-O/-n-m-a~=0.764"
"PronTokAlign",1082.88,1083.03,"O~=0.582"
"PronTokAlign",1083.03,1083.5,"p-2-t=0.972"
"PronTokAlign",1083.5,1083.93,"k-O~-k-R-E-t-2-m-a~=0.591"
"PronTokAlign",1083.93,1084.38,"R-j-U~/=0.868"
"PronTokAlign",1084.38,1084.49,"k"
"PronTokAlign",1084.49,1084.54,"U~/=0.691"
"PronTokAlign",1084.54,1084.61,"t=0.389"
"PronTokAlign",1084.61,1084.76,"n-u=0.772"
"PronTokAlign",1084.76,1084.83,"i=0.733"
"PronTokAlign",1084.83,1085.01,"p-@=0.705"
"PronTokAlign",1085.01,1085.535,"A/-l-e-R=0.665"
"PronTokAlign",1085.535,1085.86,"#=0.0"
"PronTokAlign",1085.86,1085.9299999999998,"l-@=0.436"
"PronTokAlign",1085.9299999999998,1086.51,"s-a~-s-i-b-i-l-i-z-e=0.926"
"PronTokAlign",1086.51,1086.6999999999998,"A/-v-E-k"
"PronTokAlign",1086.6999999999998,1086.77,"t-u=0.649"
"PronTokAlign",1086.77,1086.99,"s-A/=0.974"
"PronTokAlign",1086.99,1087.1799999999998,"w-E"
"PronTokAlign",1087.1799999999998,1087.26,"S=0.495"
"PronTokAlign",1087.26,1087.49,"p-a~-s=0.533"
"PronTokAlign",1087.49,1087.54,"k=0.52"
"PronTokAlign",1087.54,1087.91,"k-l-E-R-m-a~=0.741"
"PronTokAlign",1087.91,1089.869361,"#=0.0"
"PronTokAlign",1089.869361,1090.807662,"noise=0.0"
"PronTokAlign",1090.807662,1098.545681,"#=0.0"
"PronTokAlign",1098.545681,1098.655681,"m-w-A/"
"PronTokAlign",1098.655681,1098.855681,"m-O~-n=0.395"
"PronTokAlign",1098.855681,1098.905681,"p=0.631"
"PronTokAlign",1098.905681,1099.035681,"t-i-t"
"PronTokAlign",1099.035681,1099.205681,"f-R-E-R=0.713"
"PronTokAlign",1099.205681,1099.255681,"i=0.667"
"PronTokAlign",1099.255681,1099.335681,"v-@=0.703"
"PronTokAlign",1099.335681,1099.365681,"d=0.808"
"PronTokAlign",1099.365681,1099.595681,"t-R-i"
"PronTokAlign",1099.595681,1100.295,"s-E-l-E-k-t-i-f=0.505"
"PronTokAlign",1100.295,1102.432251,"#=0.0"
"PronTokAlign",1102.432251,1102.582251,"s=0.775"
"PronTokAlign",1102.582251,1102.642251,"v-u=0.85"
"PronTokAlign",1102.642251,1102.792251,"v-u-l-e=0.625"
"PronTokAlign",1102.792251,1102.852251,"Z=0.726"
"PronTokAlign",1102.852251,1103.032251,"A/-p-E-l=0.528"
"PronTokAlign",1103.032251,1103.172251,"m-O~=0.589"
"PronTokAlign",1103.172251,1103.202251,"p=0.766"
"PronTokAlign",1103.202251,1103.292251,"t-i-t"
"PronTokAlign",1103.292251,1103.47,"f-R-E-R=0.815"
"PronTokAlign",1103.47,1104.95,"#=0.0"
"PronTokAlign",1104.95,1105.07,"i-l=0.589"
"PronTokAlign",1105.07,1105.12,"a~"
"PronTokAlign",1105.12,1105.26,"f-O/=0.486"
"PronTokAlign",1105.26,1105.34,"U~/=0.909"
"PronTokAlign",1105.34,1105.765,"t-R-w-A/-z-j-E-m=0.509"
"PronTokAlign",1105.765,1107.13,"#=0.0"
"PronTokAlign",1107.13,1107.25,"m-w-A/"
"PronTokAlign",1107.25,1107.3300000000002,"S=0.488"
"PronTokAlign",1107.3300000000002,1107.61,"p-a~-s-e=0.447"
"PronTokAlign",1107.61,1107.67,"k"
"PronTokAlign",1107.67,1107.74,"U~/=0.779"
"PronTokAlign",1107.74,1108.22,"p-s-i-k-O/-l-O/-g=0.759"
"PronTokAlign",1108.22,1108.915,"#=0.0"
"PronTokAlign",1108.915,1109.165,"m-w-A/"
"PronTokAlign",1109.165,1109.275,"Z=0.484"
"PronTokAlign",1109.275,1109.595,"v-2-z=0.835"
"PronTokAlign",1109.595,1109.87,"a~-f-E=0.514"
"PronTokAlign",1109.87,1110.695,"#=0.0"
"PronTokAlign",1110.695,1110.935,"w-E"
"PronTokAlign",1110.935,1111.125,"m-e=0.38"
"PronTokAlign",1111.125,1111.2949999999998,"s-e"
"PronTokAlign",1111.2949999999998,1111.495,"s"
"PronTokAlign",1111.495,1111.855,"#"
"PronTokAlign",1111.855,1112.0549999999998,"d-E-z=0.244"
"PronTokAlign",1112.0549999999998,1112.625,"v-j-O/-l-a~-s=0.867"
"PronTokAlign",1112.625,1112.675,"t=0.515"
"PronTokAlign",1112.675,1112.895,"U~/=0.708"
"PronTokAlign",1112.895,1114.215,"#=0.0"
"PronTokAlign",1114.215,1114.3249999999998,"e=0.568"
"PronTokAlign",1114.3249999999998,1114.495,"m-w-A/"
"PronTokAlign",1114.495,1114.5649999999998,"Z=0.698"
"PronTokAlign",1114.5649999999998,1114.725,"E-m-R-E=0.423"
"PronTokAlign",1114.725,1114.955,"s-y-R-t-u=0.574"
"PronTokAlign",1114.955,1115.0549999999998,"k=0.848"
"PronTokAlign",1115.0549999999998,1115.095,"i=0.687"
"PronTokAlign",1115.095,1115.285,"f-A/-s=0.919"
"PronTokAlign",1115.285,1115.515,"p-R-a~-d-R=0.871"
"PronTokAlign",1115.515,1115.935,"k-O~-s-j-a~-s=0.746"
"PronTokAlign",1115.935,1116.005,"O/=0.766"
"PronTokAlign",1116.005,1116.205,"Z-a~=0.867"
"PronTokAlign",1116.205,1116.245,"t=0.962"
"PronTokAlign",1116.245,1116.405,"s-e=0.469"
"PronTokAlign",1116.405,1116.5649999999998,"k-@=0.526"
"PronTokAlign",1116.5649999999998,1116.8149999999998,"l-9-R-z=0.893"
"PronTokAlign",1116.8149999999998,1116.97,"A/-k-t=0.929"
"PronTokAlign",1116.97,1117.47,"#=0.0"
"PronTokAlign",1117.47,1117.58,"O~=0.91"
"PronTokAlign",1117.58,1117.68,"d-E=0.365"
"PronTokAlign",1117.68,1118.43,"R-E-p-E-R-k-y-s-j-O~-z=0.68"
"PronTokAlign",1118.43,1118.73,"#"
"PronTokAlign",1118.73,1118.81,"e=0.633"
"PronTokAlign",1118.81,1118.97,"k-@=0.707"
"PronTokAlign",1118.97,1119.08,"d-e=0.404"
"PronTokAlign",1119.08,1119.24,"f-w-A/=0.946"
"PronTokAlign",1119.24,1119.29,"t=0.935"
"PronTokAlign",1119.29,1119.41,"s-E=0.397"
"PronTokAlign",1119.41,1119.51,"t"
"PronTokAlign",1119.51,1119.55,"e=0.529"
"PronTokAlign",1119.55,1119.84,"p-2-t-E-t-R=0.942"
"PronTokAlign",1119.84,1120.29,"#=0.0"
"PronTokAlign",1120.29,1120.75,"A/-k-t-9-R"
"PronTokAlign",1120.75,1121.05,"d-@=0.86"
"PronTokAlign",1121.05,1121.82,"A/-g-R-E-s-j-O~"
"PronTokAlign",1121.82,1121.99,"u"
"PronTokAlign",1121.99,1122.24,"d-@=0.994"
"PronTokAlign",1122.24,1122.51,"s-j-b-E-R=0.549"
"PronTokAlign",1122.51,1122.77,"A/-R-s-E-l-2-m-a~"
"PronTokAlign",1122.77,1123.12,"@-t-e-s-e=0.579"
"PronTokAlign",1123.12,1123.19,"t"
"PronTokAlign",1123.19,1123.26,"a~"
"PronTokAlign",1123.26,1123.31,"E=0.583"
"PronTokAlign",1123.31,1123.45,"p-A/=0.897"
"PronTokAlign",1123.45,1123.77,"k-O~-s-j-a~=0.619"
"PronTokAlign",1123.77,1123.84,"t=0.805"
"PronTokAlign",1123.84,1123.93,"v-w-A/=0.774"
"PronTokAlign",1123.93,1124.05,"s-e"
"PronTokAlign",1124.05,1124.25,"k-w-A/"
"PronTokAlign",1124.25,1127.945,"#=0.0"
"PronTokAlign",1127.945,1128.415,"d-Z-O/-n-s-O/-n=0.824"
"PronTokAlign",1128.415,1130.49,"#=0.0"
"PronTokAlign",1130.49,1130.895,"d-Z-O/-n-s-O/-n=0.569"
"PronTokAlign",1130.895,1131.79,"#=0.0"
"PronTokAlign",1131.79,1132.03,"d-O/-k-t-9-R"
"PronTokAlign",1132.03,1132.435,"d-Z-O/-n-s-O/-n=0.598"
"PronTokAlign",1132.435,1133.29,"#=0.0"
"PronTokAlign",1133.29,1133.33,"Z=0.6"
"PronTokAlign",1133.33,1133.36,"e=0.515"
"PronTokAlign",1133.36,1133.51,"s-O~=0.872"
"PronTokAlign",1133.51,1133.899894,"z-E-R-O/-s-i-s=0.629"
"PronTokAlign",1133.899894,1138.21,"#=0.0"
"PronTokAlign",1138.21,1138.42,"e=0.866"
"PronTokAlign",1138.42,1139.01,"fp"
"PronTokAlign",1139.01,1139.47,"#"
"PronTokAlign",1139.47,1139.715,"d-O~-k=0.999"
"PronTokAlign",1139.715,1140.53,"#=0.0"
"PronTokAlign",1140.53,1140.63,"p-u-R"
"PronTokAlign",1140.63,1140.69,"l-A/"
"PronTokAlign",1140.69,1140.939718,"s-y-i-t-@=0.503"
"PronTokAlign",1140.939718,1147.175,"#=0.0"
"PronTokAlign",1147.175,1147.225,"t=0.658"
"PronTokAlign",1147.225,1147.265,"A/=0.724"
"PronTokAlign",1147.265,1147.525,"O/-R-e-l-j-U~/=0.507"
"PronTokAlign",1147.525,1148.16,"#=0.0"
"PronTokAlign",1148.16,1148.24,"b=0.523"
"PronTokAlign",1148.24,1148.59,"E-R=0.43"
"PronTokAlign",1148.59,1148.88,"i"
"PronTokAlign",1148.88,1149.02,"A/"
"PronTokAlign",1149.02,1149.2,"E-n=0.454"
"PronTokAlign",1149.2,1149.515,"t-e=0.515"
"PronTokAlign",1149.515,1172.562118,"#=0.0"
"PronTokAlign",1172.562118,1173.358252,"noise=0.0"
"PronTokAlign",1173.358252,1174.165,"#=0.0"
"PronTokAlign",1174.165,1174.395,"w-E"
"PronTokAlign",1174.395,1186.295,"#=0.0"
"PronTokAlign",1186.295,1186.4550000000002,"E=0.921"
"PronTokAlign",1186.4550000000002,1187.068936,"O/-s-i"
"PronTokAlign",1187.068936,1192.35,"#=0.0"
"PronTokAlign",1192.35,1192.4199999999998,"l-A/"
"PronTokAlign",1192.4199999999998,1192.82,"t-R-w-A/-z-j-E-m=0.931"
"PronTokAlign",1192.82,1193.1899999999998,"E-t-A/-p=0.477"
"PronTokAlign",1193.1899999999998,1193.25,"d=0.521"
"PronTokAlign",1193.25,1193.47,"p-l-a~=0.803"
"PronTokAlign",1193.47,1195.885,"#=0.0"
"PronTokAlign",1195.885,1196.035,"f-E-R=0.582"
"PronTokAlign",1196.035,1196.115,"l=0.401"
"PronTokAlign",1196.115,1196.405,"p-l-a~=0.832"
"PronTokAlign",1196.405,1198.133437,"#=0.0"
"PronTokAlign",1198.133437,1198.521563,"laugh=0.0"
