"PhonAlign",0.0,51.96,"#"
"PhonAlign",51.96,52.06,"w"
"PhonAlign",52.06,52.2,"E"
"PhonAlign",52.2,52.3,"m"
"PhonAlign",52.3,52.33,"w"
"PhonAlign",52.33,52.36,"A/"
"PhonAlign",52.36,52.42,"n"
"PhonAlign",52.42,52.57,"O~"
"PhonAlign",52.57,52.67,"Z"
"PhonAlign",52.67,52.72,"s"
"PhonAlign",52.72,52.75,"y"
"PhonAlign",52.75,52.78,"i"
"PhonAlign",52.78,52.81,"d"
"PhonAlign",52.81,52.86,"A/"
"PhonAlign",52.86,52.96,"k"
"PhonAlign",52.96,53.04,"O/"
"PhonAlign",53.04,53.15,"R"
"PhonAlign",53.15,54.305,"#"
"PhonAlign",54.305,54.415,"Z"
"PhonAlign",54.415,54.445,"v"
"PhonAlign",54.445,54.525,"w"
"PhonAlign",54.525,54.585,"A/"
"PhonAlign",54.585,54.655,"p"
"PhonAlign",54.655,54.755,"A/"
"PhonAlign",54.755,54.795,"l"
"PhonAlign",54.795,54.845,"@"
"PhonAlign",54.845,54.925,"b"
"PhonAlign",54.925,55.025,"y"
"PhonAlign",55.025,55.125,"d"
"PhonAlign",55.125,55.175,"@"
"PhonAlign",55.175,55.265,"f"
"PhonAlign",55.265,55.315,"E"
"PhonAlign",55.315,55.345,"R"
"PhonAlign",55.345,55.465,"U~/"
"PhonAlign",55.465,55.515,"n"
"PhonAlign",55.515,55.575,"e"
"PhonAlign",55.575,55.615,"v"
"PhonAlign",55.615,55.685,"E"
"PhonAlign",55.685,55.755,"n"
"PhonAlign",55.755,55.795,"m"
"PhonAlign",55.795,55.885,"a~"
"PhonAlign",55.885,56.005,"s"
"PhonAlign",56.005,56.035,"y"
"PhonAlign",56.035,56.065,"R"
"PhonAlign",56.065,56.125,"A/"
"PhonAlign",56.125,56.155,"m"
"PhonAlign",56.155,56.235,"A/"
"PhonAlign",56.235,56.305,"z"
"PhonAlign",56.305,56.395,"O/"
"PhonAlign",56.395,56.515,"n"
"PhonAlign",56.515,63.272321,"#"
"PhonAlign",63.272321,63.565647,"m"
"PhonAlign",63.565647,67.985,"#"
"PhonAlign",67.985,68.045,"S"
"PhonAlign",68.045,68.105,"p"
"PhonAlign",68.105,68.175,"a~"
"PhonAlign",68.175,68.225,"s"
"PhonAlign",68.225,68.285,"k"
"PhonAlign",68.285,68.325,"@"
"PhonAlign",68.325,68.385,"t"
"PhonAlign",68.385,68.425,"A/"
"PhonAlign",68.425,68.485,"p"
"PhonAlign",68.485,68.55499999999999,"A/"
"PhonAlign",68.55499999999999,68.605,"b"
"PhonAlign",68.605,68.655,"j"
"PhonAlign",68.655,68.725,"U~/"
"PhonAlign",68.725,68.835,"s"
"PhonAlign",68.835,68.885,"e"
"PhonAlign",68.885,68.985,"z"
"PhonAlign",68.985,69.025,"i"
"PhonAlign",69.025,69.065,"l"
"PhonAlign",69.065,69.145,"@"
"PhonAlign",69.145,69.205,"p"
"PhonAlign",69.205,69.285,"R"
"PhonAlign",69.285,69.365,"U~/"
"PhonAlign",69.365,69.515,"s"
"PhonAlign",69.515,69.55499999999999,"i"
"PhonAlign",69.55499999999999,69.595,"p"
"PhonAlign",69.595,69.645,"d"
"PhonAlign",69.645,69.675,"l"
"PhonAlign",69.675,69.795,"e"
"PhonAlign",69.795,69.825,"v"
"PhonAlign",69.825,69.895,"E"
"PhonAlign",69.895,69.955,"n"
"PhonAlign",69.955,69.995,"m"
"PhonAlign",69.995,70.115,"a~"
"PhonAlign",70.115,97.914042,"#"
"PhonAlign",97.914042,98.195326,"laugh"
"PhonAlign",98.195326,107.484548,"#"
"PhonAlign",107.484548,108.811638,"laugh"
"PhonAlign",108.811638,109.375313,"#"
"PhonAlign",109.375313,109.415313,"n"
"PhonAlign",109.415313,109.785,"O/"
"PhonAlign",109.785,110.81,"#"
"PhonAlign",110.81,110.87,"k"
"PhonAlign",110.87,110.97,"i"
"PhonAlign",110.97,111.05,"v"
"PhonAlign",111.05,111.11,"O/"
"PhonAlign",111.11,111.17,"t"
"PhonAlign",111.17,111.23,"p"
"PhonAlign",111.23,111.33,"u"
"PhonAlign",111.33,111.43,"R"
"PhonAlign",111.43,111.5,"a~"
"PhonAlign",111.5,111.53,"l"
"PhonAlign",111.53,111.57,"v"
"PhonAlign",111.57,111.82,"e"
"PhonAlign",111.82,111.99,"A/"
"PhonAlign",111.99,112.04,"m"
"PhonAlign",112.04,112.14,"A/"
"PhonAlign",112.14,112.25,"z"
"PhonAlign",112.25,112.36,"O/"
"PhonAlign",112.36,112.43,"n"
"PhonAlign",112.43,114.205,"#"
"PhonAlign",114.205,114.345,"u"
"PhonAlign",114.345,114.435,"A/"
"PhonAlign",114.435,114.495,"l"
"PhonAlign",114.495,114.645,"R"
"PhonAlign",114.645,114.675,"l"
"PhonAlign",114.675,114.775,"@"
"PhonAlign",114.775,114.855,"t"
"PhonAlign",114.855,114.925,"u"
"PhonAlign",114.925,114.955,"R"
"PhonAlign",114.955,115.005,"n"
"PhonAlign",115.005,115.045,"e"
"PhonAlign",115.045,115.155,"R"
"PhonAlign",115.155,115.235,"t"
"PhonAlign",115.235,115.295,"R"
"PhonAlign",115.295,115.325,"2"
"PhonAlign",115.325,115.415,"m"
"PhonAlign",115.415,115.535,"a~"
"PhonAlign",115.535,115.605,"d"
"PhonAlign",115.605,115.665,"y"
"PhonAlign",115.665,115.705,"m"
"PhonAlign",115.705,115.735,"w"
"PhonAlign",115.735,115.845,"U~/"
"PhonAlign",115.845,115.895,"z"
"PhonAlign",115.895,127.536066,"#"
"PhonAlign",127.536066,128.142763,"noise"
"PhonAlign",128.142763,129.021029,"#"
"PhonAlign",129.021029,129.314355,"m"
"PhonAlign",129.314355,150.705,"#"
"PhonAlign",150.705,150.82500000000002,"O~"
"PhonAlign",150.82500000000002,150.905,"p"
"PhonAlign",150.905,150.955,"@"
"PhonAlign",150.955,151.025,"l"
"PhonAlign",151.025,151.155,"U~/"
"PhonAlign",151.155,151.265,"k"
"PhonAlign",151.265,151.29500000000002,"l"
"PhonAlign",151.29500000000002,151.365,"y"
"PhonAlign",151.365,151.50500000000002,"R"
"PhonAlign",151.50500000000002,151.835,"@"
"PhonAlign",151.835,151.97500000000002,"d"
"PhonAlign",151.97500000000002,152.015,"a~"
"PhonAlign",152.015,152.04500000000002,"d"
"PhonAlign",152.04500000000002,152.085,"a~"
"PhonAlign",152.085,152.175,"z"
"PhonAlign",152.175,152.235,"U~/"
"PhonAlign",152.235,152.265,"t"
"PhonAlign",152.265,152.365,"n"
"PhonAlign",152.365,152.44500000000002,"O/"
"PhonAlign",152.44500000000002,152.555,"t"
"PhonAlign",152.555,152.63500000000002,"E"
"PhonAlign",152.63500000000002,152.727188,"m"
"PhonAlign",152.727188,163.699495,"#"
"PhonAlign",163.699495,164.007809,"noise"
"PhonAlign",164.007809,182.99,"#"
"PhonAlign",182.99,183.14,"s"
"PhonAlign",183.14,183.24,"e"
"PhonAlign",183.24,183.43,"f"
"PhonAlign",183.43,183.59,"E"
"PhonAlign",183.59,183.77,"p"
"PhonAlign",183.77,183.86,"A/"
"PhonAlign",183.86,183.96,"R"
"PhonAlign",183.96,184.09,"t"
"PhonAlign",184.09,184.41,"u"
"PhonAlign",184.41,184.54,"#"
"PhonAlign",184.54,184.58,"t"
"PhonAlign",184.58,184.69,"u"
"PhonAlign",184.69,184.72,"l"
"PhonAlign",184.72,184.87,"t"
"PhonAlign",184.87,185.23,"a~"
"PhonAlign",185.23,185.26,"l"
"PhonAlign",185.26,185.69,"@"
"PhonAlign",185.69,185.75,"t"
"PhonAlign",185.75,185.84,"R"
"PhonAlign",185.84,185.95,"a~"
"PhonAlign",185.95,186.02,"z"
"PhonAlign",186.02,186.1,"i"
"PhonAlign",186.1,186.28,"s"
"PhonAlign",186.28,186.36,"j"
"PhonAlign",186.36,186.39,"O~"
"PhonAlign",186.39,186.45,"l"
"PhonAlign",186.45,186.48,"l"
"PhonAlign",186.48,186.85,"E"
"PhonAlign",186.85,186.88,"R"
"PhonAlign",186.88,187.14,"E"
"PhonAlign",187.14,187.23,"z"
"PhonAlign",187.23,187.33,"O/"
"PhonAlign",187.33,187.43,"s"
"PhonAlign",187.43,187.49,"O/"
"PhonAlign",187.49,187.63,"s"
"PhonAlign",187.63,187.67,"j"
"PhonAlign",187.67,187.82,"O/"
"PhonAlign",187.82,188.48,"#"
"PhonAlign",188.48,188.65,"s"
"PhonAlign",188.65,188.75,"e"
"PhonAlign",188.75,188.83,"f"
"PhonAlign",188.83,188.91,"e"
"PhonAlign",188.91,189.0,"t"
"PhonAlign",189.0,189.09,"u"
"PhonAlign",189.09,189.12,"l"
"PhonAlign",189.12,189.22,"t"
"PhonAlign",189.22,189.445,"a~"
"PhonAlign",189.445,192.315,"#"
"PhonAlign",192.315,192.445,"u"
"PhonAlign",192.445,192.569063,"i"
"PhonAlign",192.569063,204.86,"#"
"PhonAlign",204.86,205.01,"O~"
"PhonAlign",205.01,205.09,"p"
"PhonAlign",205.09,205.17,"2"
"PhonAlign",205.17,205.26,"t"
"PhonAlign",205.26,205.31,"f"
"PhonAlign",205.31,205.39,"E"
"PhonAlign",205.39,205.43,"R"
"PhonAlign",205.43,205.56,"p"
"PhonAlign",205.56,205.59,"l"
"PhonAlign",205.59,205.62,"y"
"PhonAlign",205.62,205.68,"z"
"PhonAlign",205.68,205.72000000000003,"j"
"PhonAlign",205.72000000000003,205.79,"9"
"PhonAlign",205.79,205.85,"R"
"PhonAlign",205.85,205.97000000000003,"p"
"PhonAlign",205.97000000000003,206.07,"O/"
"PhonAlign",206.07,206.15,"l"
"PhonAlign",206.15,206.25,"p"
"PhonAlign",206.25,206.28,"l"
"PhonAlign",206.28,206.31,"y"
"PhonAlign",206.31,206.38,"z"
"PhonAlign",206.38,206.42,"j"
"PhonAlign",206.42,206.47000000000003,"9"
"PhonAlign",206.47000000000003,206.53,"R"
"PhonAlign",206.53,206.62,"p"
"PhonAlign",206.62,206.65,"w"
"PhonAlign",206.65,206.76,"U~/"
"PhonAlign",206.76,206.795,"z"
"PhonAlign",206.795,209.88,"#"
"PhonAlign",209.88,209.97,"e"
"PhonAlign",209.97,210.04,"A/"
"PhonAlign",210.04,210.07,"l"
"PhonAlign",210.07,210.119063,"R"
"PhonAlign",210.119063,213.14,"#"
"PhonAlign",213.14,213.37,"s"
"PhonAlign",213.37,213.66,"A/"
"PhonAlign",213.66,213.81,"s"
"PhonAlign",213.81,213.98,"A/"
"PhonAlign",213.98,214.02,"R"
"PhonAlign",214.02,214.29,"a~"
"PhonAlign",214.29,214.37,"t"
"PhonAlign",214.37,214.475,"R"
"PhonAlign",214.475,216.685,"#"
"PhonAlign",216.685,216.725,"t"
"PhonAlign",216.725,216.765,"E"
"PhonAlign",216.765,216.845,"p"
"PhonAlign",216.845,217.015,"A/"
"PhonAlign",217.015,217.095,"m"
"PhonAlign",217.095,217.185,"E"
"PhonAlign",217.185,217.255,"O~"
"PhonAlign",217.255,217.315,"n"
"PhonAlign",217.315,217.365,"E"
"PhonAlign",217.365,217.445,"p"
"PhonAlign",217.445,217.535,"A/"
"PhonAlign",217.535,217.605,"O/"
"PhonAlign",217.605,217.635,"b"
"PhonAlign",217.635,217.665,"l"
"PhonAlign",217.665,217.695,"i"
"PhonAlign",217.695,217.805,"Z"
"PhonAlign",217.805,217.875,"e"
"PhonAlign",217.875,217.945,"d"
"PhonAlign",217.945,218.005,"@"
"PhonAlign",218.005,218.065,"m"
"PhonAlign",218.065,218.175,"E"
"PhonAlign",218.175,218.235,"t"
"PhonAlign",218.235,218.335,"R"
"PhonAlign",218.335,218.625,"@"
"PhonAlign",218.625,218.89,"m"
"PhonAlign",218.89,221.42,"#"
"PhonAlign",221.42,221.53,"O~"
"PhonAlign",221.53,221.57,"n"
"PhonAlign",221.57,221.64,"E"
"PhonAlign",221.64,221.67,"p"
"PhonAlign",221.67,221.71,"A/"
"PhonAlign",221.71,221.79,"O/"
"PhonAlign",221.79,221.82,"b"
"PhonAlign",221.82,221.85,"l"
"PhonAlign",221.85,221.88,"i"
"PhonAlign",221.88,221.91,"Z"
"PhonAlign",221.91,221.98,"e"
"PhonAlign",221.98,222.01,"d"
"PhonAlign",222.01,222.11,"A/"
"PhonAlign",222.11,222.2,"p"
"PhonAlign",222.2,222.23,"l"
"PhonAlign",222.23,222.31,"e"
"PhonAlign",222.31,222.35,"l"
"PhonAlign",222.35,222.42,"@"
"PhonAlign",222.42,222.47,"t"
"PhonAlign",222.47,222.56,"R"
"PhonAlign",222.56,222.61,"y"
"PhonAlign",222.61,222.71,"k"
"PhonAlign",222.71,222.81,"t"
"PhonAlign",222.81,222.88,"R"
"PhonAlign",222.88,222.97,"a~"
"PhonAlign",222.97,223.04,"z"
"PhonAlign",223.04,223.08,"i"
"PhonAlign",223.08,223.17,"s"
"PhonAlign",223.17,223.2,"j"
"PhonAlign",223.2,223.26,"O~"
"PhonAlign",223.26,223.3,"n"
"PhonAlign",223.3,223.35,"y"
"PhonAlign",223.35,223.38,"m"
"PhonAlign",223.38,223.5,"E"
"PhonAlign",223.5,223.53,"R"
"PhonAlign",223.53,223.57,"i"
"PhonAlign",223.57,223.755,"k"
"PhonAlign",223.755,239.01,"#"
"PhonAlign",239.01,239.15,"e"
"PhonAlign",239.15,239.3,"A/"
"PhonAlign",239.3,239.33,"l"
"PhonAlign",239.33,239.37,"R"
"PhonAlign",239.37,243.04,"#"
"PhonAlign",243.04,243.19,"O~"
"PhonAlign",243.19,243.31,"p"
"PhonAlign",243.31,243.5,"@"
"PhonAlign",243.5,243.6,"O~"
"PhonAlign",243.6,243.67,"f"
"PhonAlign",243.67,243.72,"E"
"PhonAlign",243.72,243.8,"s"
"PhonAlign",243.8,243.85,"k"
"PhonAlign",243.85,243.95,"O~"
"PhonAlign",243.95,244.04,"v"
"PhonAlign",244.04,244.17,"2"
"PhonAlign",244.17,244.21,"t"
"PhonAlign",244.21,272.959984,"#"
"PhonAlign",272.959984,273.630232,"laugh"
"PhonAlign",273.630232,302.923502,"#"
"PhonAlign",302.923502,303.944063,"laugh"
"PhonAlign",303.944063,303.98406300000005,"Z"
"PhonAlign",303.98406300000005,304.014063,"e"
"PhonAlign",304.014063,304.074063,"l"
"PhonAlign",304.074063,304.10406300000005,"U~/"
"PhonAlign",304.10406300000005,304.24406300000004,"p"
"PhonAlign",304.24406300000004,304.274063,"R"
"PhonAlign",304.274063,304.334063,"e"
"PhonAlign",304.334063,304.43406300000004,"s"
"PhonAlign",304.43406300000004,304.49406300000004,"j"
"PhonAlign",304.49406300000004,304.55406300000004,"O~"
"PhonAlign",304.55406300000004,304.584063,"d"
"PhonAlign",304.584063,304.61406300000004,"m"
"PhonAlign",304.61406300000004,304.66406300000006,"@"
"PhonAlign",304.66406300000006,304.724063,"f"
"PhonAlign",304.724063,304.784063,"E"
"PhonAlign",304.784063,304.824063,"R"
"PhonAlign",304.824063,304.974063,"@"
"PhonAlign",304.974063,305.144063,"a~"
"PhonAlign",305.144063,305.224063,"g"
"PhonAlign",305.224063,305.284063,"2"
"PhonAlign",305.284063,305.31406300000003,"l"
"PhonAlign",305.31406300000003,305.37406300000004,"e"
"PhonAlign",305.37406300000004,305.43406300000004,"p"
"PhonAlign",305.43406300000004,305.48406300000005,"A/"
"PhonAlign",305.48406300000005,305.54406300000005,"R"
"PhonAlign",305.54406300000005,305.60406300000005,"m"
"PhonAlign",305.60406300000005,305.68406300000004,"A/"
"PhonAlign",305.68406300000004,305.74406300000004,"m"
"PhonAlign",305.74406300000004,305.86406300000004,"E"
"PhonAlign",305.86406300000004,306.039757,"R"
"PhonAlign",306.039757,306.448892,"#"
"PhonAlign",306.448892,307.413618,"laugh"
"PhonAlign",307.413618,309.766197,"#"
"PhonAlign",309.766197,310.578599,"laugh"
"PhonAlign",310.578599,316.59,"#"
"PhonAlign",316.59,316.64,"m"
"PhonAlign",316.64,316.81,"e"
"PhonAlign",316.81,316.91,"z"
"PhonAlign",316.91,317.16,"k"
"PhonAlign",317.16,317.21,"e"
"PhonAlign",317.21,317.34,"s"
"PhonAlign",317.34,317.4,"@"
"PhonAlign",317.4,317.48,"t"
"PhonAlign",317.48,317.57,"y"
"PhonAlign",317.57,317.6,"m"
"PhonAlign",317.6,317.66,"p"
"PhonAlign",317.66,317.71,"A/"
"PhonAlign",317.71,317.78,"R"
"PhonAlign",317.78,317.81,"l"
"PhonAlign",317.81,317.85,"d"
"PhonAlign",317.85,317.88,"@"
"PhonAlign",317.88,317.96,"a~"
"PhonAlign",317.96,318.04,"p"
"PhonAlign",318.04,318.07,"l"
"PhonAlign",318.07,318.19,"w"
"PhonAlign",318.19,318.4,"A/"
"PhonAlign",318.4,318.48999999999995,"s"
"PhonAlign",318.48999999999995,318.67,"A/"
"PhonAlign",318.67,318.73,"p"
"PhonAlign",318.73,318.76,"R"
"PhonAlign",318.76,318.88,"i"
"PhonAlign",318.88,319.03,"t"
"PhonAlign",319.03,319.11,"R"
"PhonAlign",319.11,319.17,"w"
"PhonAlign",319.17,319.23999999999995,"A/"
"PhonAlign",319.23999999999995,319.36,"s"
"PhonAlign",319.36,319.41,"2"
"PhonAlign",319.41,319.52,"g"
"PhonAlign",319.52,319.65,"O~"
"PhonAlign",319.65,319.67999999999995,"d"
"PhonAlign",319.67999999999995,319.76,"d"
"PhonAlign",319.76,319.84,"a~"
"PhonAlign",319.84,319.91,"m"
"PhonAlign",319.91,320.14,"O~"
"PhonAlign",320.14,320.21,"d"
"PhonAlign",320.21,320.28,"a~"
"PhonAlign",320.28,320.31,"m"
"PhonAlign",320.31,320.39,"O~"
"PhonAlign",320.39,320.45,"d"
"PhonAlign",320.45,320.48999999999995,"e"
"PhonAlign",320.48999999999995,320.54,"v"
"PhonAlign",320.54,320.61,"l"
"PhonAlign",320.61,320.67,"O/"
"PhonAlign",320.67,320.73,"p"
"PhonAlign",320.73,320.79,"m"
"PhonAlign",320.79,320.86999999999995,"a~"
"PhonAlign",320.86999999999995,320.9,"l"
"PhonAlign",320.9,320.95,"E"
"PhonAlign",320.95,321.02,"z"
"PhonAlign",321.02,321.11999999999995,"a~"
"PhonAlign",321.11999999999995,321.21,"p"
"PhonAlign",321.21,321.23999999999995,"l"
"PhonAlign",321.23999999999995,321.29999999999995,"w"
"PhonAlign",321.29999999999995,321.34,"A/"
"PhonAlign",321.34,321.53,"t"
"PhonAlign",321.53,321.56,"u"
"PhonAlign",321.56,321.61,"A/"
"PhonAlign",321.61,321.64,"l"
"PhonAlign",321.64,321.75,"9"
"PhonAlign",321.75,321.795,"R"
"PhonAlign",321.795,365.36,"#"
"PhonAlign",365.36,365.56,"m"
"PhonAlign",365.56,365.965,"laugh"
"PhonAlign",365.965,369.57,"#"
"PhonAlign",369.57,369.61,"l"
"PhonAlign",369.61,369.71,"e"
"PhonAlign",369.71,369.77,"z"
"PhonAlign",369.77,369.87,"O~"
"PhonAlign",369.87,369.93,"d"
"PhonAlign",369.93,370.02,"z"
"PhonAlign",370.02,372.045,"#"
"PhonAlign",372.045,372.085,"m"
"PhonAlign",372.085,372.115,"w"
"PhonAlign",372.115,372.145,"A/"
"PhonAlign",372.145,372.205,"Z"
"PhonAlign",372.205,372.265,"p"
"PhonAlign",372.265,372.345,"a~"
"PhonAlign",372.345,372.415,"s"
"PhonAlign",372.415,372.475,"k"
"PhonAlign",372.475,372.525,"@"
"PhonAlign",372.525,372.615,"s"
"PhonAlign",372.615,372.675,"e"
"PhonAlign",372.675,372.765,"p"
"PhonAlign",372.765,372.835,"2"
"PhonAlign",372.835,372.925,"t"
"PhonAlign",372.925,372.965,"E"
"PhonAlign",372.965,372.995,"t"
"PhonAlign",372.995,373.025,"R"
"PhonAlign",373.025,373.055,"m"
"PhonAlign",373.055,373.085,"j"
"PhonAlign",373.085,373.145,"@"
"PhonAlign",373.145,373.195,"l"
"PhonAlign",373.195,373.255,"O/"
"PhonAlign",373.255,373.315,"R"
"PhonAlign",373.315,373.435,"s"
"PhonAlign",373.435,373.475,"i"
"PhonAlign",373.475,373.585,"O~"
"PhonAlign",373.585,373.665,"d"
"PhonAlign",373.665,373.785,"g"
"PhonAlign",373.785,373.815,"A/"
"PhonAlign",373.815,373.845,"Z"
"PhonAlign",373.845,373.875,"@"
"PhonAlign",373.875,374.025,"s"
"PhonAlign",374.025,374.085,"i"
"PhonAlign",374.085,374.155,"O~"
"PhonAlign",374.155,374.185,"n"
"PhonAlign",374.185,374.325,"a~"
"PhonAlign",374.325,374.355,"l"
"PhonAlign",374.355,374.465,"E"
"PhonAlign",374.465,374.535,"v"
"PhonAlign",374.535,374.81,"fp"
"PhonAlign",374.81,418.645,"#"
"PhonAlign",418.645,418.735,"R"
"PhonAlign",418.735,418.785,"@"
"PhonAlign",418.785,418.865,"g"
"PhonAlign",418.865,419.035,"A/"
"PhonAlign",419.035,419.085,"R"
"PhonAlign",419.085,419.125,"d"
"PhonAlign",419.125,419.155,"O~"
"PhonAlign",419.155,419.185,"t"
"PhonAlign",419.185,419.245,"a~"
"PhonAlign",419.245,419.285,"t"
"PhonAlign",419.285,419.335,"R"
"PhonAlign",419.335,419.405,"U~/"
"PhonAlign",419.405,419.435,"d"
"PhonAlign",419.435,419.515,"f"
"PhonAlign",419.515,419.565,"E"
"PhonAlign",419.565,419.605,"R"
"PhonAlign",419.605,419.635,"l"
"PhonAlign",419.635,419.725,"A/"
"PhonAlign",419.725,419.755,"R"
"PhonAlign",419.755,419.835,"E"
"PhonAlign",419.835,419.865,"y"
"PhonAlign",419.865,419.925,"n"
"PhonAlign",419.925,419.975,"j"
"PhonAlign",419.975,420.105,"O~"
"PhonAlign",420.105,420.145,"O~"
"PhonAlign",420.145,420.175,"n"
"PhonAlign",420.175,420.215,"E"
"PhonAlign",420.215,420.315,"a~"
"PhonAlign",420.315,420.355,"t"
"PhonAlign",420.355,420.425,"R"
"PhonAlign",420.425,420.475,"U~/"
"PhonAlign",420.475,420.525,"d"
"PhonAlign",420.525,420.575,"t"
"PhonAlign",420.575,420.635,"R"
"PhonAlign",420.635,420.745,"A/"
"PhonAlign",420.745,420.775,"v"
"PhonAlign",420.775,420.805,"A/"
"PhonAlign",420.805,420.875,"j"
"PhonAlign",420.875,420.935,"e"
"PhonAlign",420.935,421.005,"t"
"PhonAlign",421.005,421.055,"e"
"PhonAlign",421.055,421.135,"s"
"PhonAlign",421.135,421.165,"y"
"PhonAlign",421.165,421.195,"R"
"PhonAlign",421.195,421.255,"t"
"PhonAlign",421.255,421.325,"O~"
"PhonAlign",421.325,421.395,"t"
"PhonAlign",421.395,421.445,"e"
"PhonAlign",421.445,421.475,"l"
"PhonAlign",421.475,421.535,"e"
"PhonAlign",421.535,421.635,"f"
"PhonAlign",421.635,421.695,"O/"
"PhonAlign",421.695,421.795,"n"
"PhonAlign",421.795,436.035,"#"
"PhonAlign",436.035,436.0750000000001,"m"
"PhonAlign",436.0750000000001,436.145,"e"
"PhonAlign",436.145,436.275,"t"
"PhonAlign",436.275,436.335,"y"
"PhonAlign",436.335,436.405,"m"
"PhonAlign",436.405,436.50500000000005,"E"
"PhonAlign",436.50500000000005,436.535,"l"
"PhonAlign",436.535,436.625,"E"
"PhonAlign",436.625,436.655,"R"
"PhonAlign",436.655,436.75500000000005,"E"
"PhonAlign",436.75500000000005,436.8250000000001,"z"
"PhonAlign",436.8250000000001,436.915,"O/"
"PhonAlign",436.915,436.955,"d"
"PhonAlign",436.955,437.065,"a~"
"PhonAlign",437.065,437.095,"l"
"PhonAlign",437.095,437.165,"t"
"PhonAlign",437.165,437.215,"E"
"PhonAlign",437.215,437.245,"l"
"PhonAlign",437.245,437.315,"E"
"PhonAlign",437.315,437.455,"f"
"PhonAlign",437.455,437.675,"O/"
"PhonAlign",437.675,437.805,"n"
"PhonAlign",437.805,438.035,"@"
"PhonAlign",438.035,449.415,"#"
"PhonAlign",449.415,449.525,"n"
"PhonAlign",449.525,449.695,"a~"
"PhonAlign",449.695,449.735,"m"
"PhonAlign",449.735,449.765,"w"
"PhonAlign",449.765,449.805,"A/"
"PhonAlign",449.805,449.865,"S"
"PhonAlign",449.865,449.925,"p"
"PhonAlign",449.925,449.995,"a~"
"PhonAlign",449.995,450.045,"s"
"PhonAlign",450.045,450.095,"p"
"PhonAlign",450.095,450.155,"A/"
"PhonAlign",450.155,450.195,"k"
"PhonAlign",450.195,450.245,"s"
"PhonAlign",450.245,450.275,"A/"
"PhonAlign",450.275,450.355,"s"
"PhonAlign",450.355,450.3850000000001,"w"
"PhonAlign",450.3850000000001,450.415,"A/"
"PhonAlign",450.415,450.455,"y"
"PhonAlign",450.455,450.495,"n"
"PhonAlign",450.495,450.555,"b"
"PhonAlign",450.555,450.585,"O/"
"PhonAlign",450.585,450.655,"n"
"PhonAlign",450.655,450.715,"i"
"PhonAlign",450.715,450.755,"d"
"PhonAlign",450.755,450.845,"e"
"PhonAlign",450.845,450.935,"d"
"PhonAlign",450.935,450.965,"l"
"PhonAlign",450.965,451.025,"m"
"PhonAlign",451.025,451.105,"E"
"PhonAlign",451.105,451.1350000000001,"t"
"PhonAlign",451.1350000000001,451.165,"R"
"PhonAlign",451.165,451.215,"s"
"PhonAlign",451.215,451.245,"y"
"PhonAlign",451.245,451.295,"R"
"PhonAlign",451.295,451.3850000000001,"p"
"PhonAlign",451.3850000000001,451.415,"l"
"PhonAlign",451.415,451.445,"y"
"PhonAlign",451.445,451.505,"z"
"PhonAlign",451.505,451.545,"j"
"PhonAlign",451.545,451.625,"9"
"PhonAlign",451.625,451.655,"R"
"PhonAlign",451.655,451.745,"Z"
"PhonAlign",451.745,451.835,"u"
"PhonAlign",451.835,451.937813,"R"
"PhonAlign",451.937813,463.260938,"#"
"PhonAlign",463.260938,463.330938,"u"
"PhonAlign",463.330938,463.514063,"i"
"PhonAlign",463.514063,471.775,"#"
"PhonAlign",471.775,471.875,"u"
"PhonAlign",471.875,471.905,"i"
"PhonAlign",471.905,471.995,"s"
"PhonAlign",471.995,472.045,"A/"
"PhonAlign",472.045,472.135,"f"
"PhonAlign",472.135,472.185,"E"
"PhonAlign",472.185,472.215,"R"
"PhonAlign",472.215,472.275,"A/"
"PhonAlign",472.275,472.345,"t"
"PhonAlign",472.345,472.395,"e"
"PhonAlign",472.395,472.425,"l"
"PhonAlign",472.425,472.475,"e"
"PhonAlign",472.475,472.575,"k"
"PhonAlign",472.575,472.665,"O/"
"PhonAlign",472.665,472.705,"l"
"PhonAlign",472.705,482.14,"#"
"PhonAlign",482.14,482.27,"m"
"PhonAlign",482.27,482.35,"E"
"PhonAlign",482.35,482.4,"b"
"PhonAlign",482.4,482.45,"j"
"PhonAlign",482.45,482.5,"U~/"
"PhonAlign",482.5,482.59,"s"
"PhonAlign",482.59,482.62,"y"
"PhonAlign",482.62,482.73,"R"
"PhonAlign",482.73,483.14,"k"
"PhonAlign",483.14,483.2,"s"
"PhonAlign",483.2,483.23,"m"
"PhonAlign",483.23,483.26,"E"
"PhonAlign",483.26,483.33,"s"
"PhonAlign",483.33,483.41,"e"
"PhonAlign",483.41,483.46,"t"
"PhonAlign",483.46,483.53,"R"
"PhonAlign",483.53,483.62,"O/"
"PhonAlign",483.62,483.69,"l"
"PhonAlign",483.69,483.88,"O~"
"PhonAlign",483.88,483.95,"p"
"PhonAlign",483.95,483.98,"l"
"PhonAlign",483.98,484.01,"y"
"PhonAlign",484.01,484.07,"z"
"PhonAlign",484.07,484.1,"j"
"PhonAlign",484.1,484.18,"9"
"PhonAlign",484.18,484.21,"R"
"PhonAlign",484.21,484.3,"Z"
"PhonAlign",484.3,484.41,"u"
"PhonAlign",484.41,484.44,"R"
"PhonAlign",484.44,484.49,"i"
"PhonAlign",484.49,484.57,"f"
"PhonAlign",484.57,484.65,"O/"
"PhonAlign",484.65,484.72,"k"
"PhonAlign",484.72,484.79,"y"
"PhonAlign",484.79,484.86,"n"
"PhonAlign",484.86,484.93,"@"
"PhonAlign",484.93,485.05,"y"
"PhonAlign",485.05,485.1,"n"
"PhonAlign",485.1,485.18,"Z"
"PhonAlign",485.18,485.23,"u"
"PhonAlign",485.23,485.3,"R"
"PhonAlign",485.3,485.34,"n"
"PhonAlign",485.34,485.44,"e"
"PhonAlign",485.44,485.54,"s"
"PhonAlign",485.54,485.58,"e"
"PhonAlign",485.58,485.64,"b"
"PhonAlign",485.64,485.72,"j"
"PhonAlign",485.72,485.79,"U~/"
"PhonAlign",485.79,485.84,"n"
"PhonAlign",485.84,485.87,"d"
"PhonAlign",485.87,485.93,"E"
"PhonAlign",485.93,486.0,"Z"
"PhonAlign",486.0,486.16,"A/"
"PhonAlign",486.16,499.665,"#"
"PhonAlign",499.665,499.815,"e"
"PhonAlign",499.815,499.845,"l"
"PhonAlign",499.845,499.915,"A/"
"PhonAlign",499.915,499.955,"p"
"PhonAlign",499.955,500.005,"R"
"PhonAlign",500.005,500.035,"E"
"PhonAlign",500.035,500.065,"m"
"PhonAlign",500.065,500.125,"i"
"PhonAlign",500.125,500.195,"d"
"PhonAlign",500.195,500.245,"i"
"PhonAlign",500.245,500.355,"s"
"PhonAlign",500.355,500.3850000000001,"y"
"PhonAlign",500.3850000000001,500.415,"R"
"PhonAlign",500.415,500.455,"l"
"PhonAlign",500.455,500.525,"E"
"PhonAlign",500.525,500.555,"R"
"PhonAlign",500.555,500.6350000000001,"E"
"PhonAlign",500.6350000000001,500.735,"z"
"PhonAlign",500.735,500.905,"O/"
"PhonAlign",500.905,500.976563,"z"
"PhonAlign",500.976563,507.48,"#"
"PhonAlign",507.48,507.53,"b"
"PhonAlign",507.53,507.6,"E"
"PhonAlign",507.6,507.71,"s"
"PhonAlign",507.71,507.82,"A/"
"PhonAlign",507.82,507.87,"v"
"PhonAlign",507.87,508.02,"A/"
"PhonAlign",508.02,508.15,"s"
"PhonAlign",508.15,508.18,"y"
"PhonAlign",508.18,508.49,"R"
"PhonAlign",508.49,508.77,"#"
"PhonAlign",508.77,508.85,"d"
"PhonAlign",508.85,508.93,"a~"
"PhonAlign",508.93,509.01,"Z"
"PhonAlign",509.01,509.07,"e"
"PhonAlign",509.07,509.12,"d"
"PhonAlign",509.12,509.19,"E"
"PhonAlign",509.19,509.22,"R"
"PhonAlign",509.22,509.28,"E"
"PhonAlign",509.28,509.33,"z"
"PhonAlign",509.33,509.4,"O/"
"PhonAlign",509.4,509.49,"s"
"PhonAlign",509.49,509.58,"A/"
"PhonAlign",509.58,509.64,"v"
"PhonAlign",509.64,509.74,"A/"
"PhonAlign",509.74,509.77,"d"
"PhonAlign",509.77,509.86,"a~"
"PhonAlign",509.86,509.89,"l"
"PhonAlign",509.89,509.97,"t"
"PhonAlign",509.97,510.03,"e"
"PhonAlign",510.03,510.06,"l"
"PhonAlign",510.06,510.14,"e"
"PhonAlign",510.14,510.25,"f"
"PhonAlign",510.25,510.32,"O/"
"PhonAlign",510.32,510.415,"n"
"PhonAlign",510.415,522.815,"#"
"PhonAlign",522.815,522.865,"s"
"PhonAlign",522.865,522.9250000000001,"A/"
"PhonAlign",522.9250000000001,523.0150000000001,"s"
"PhonAlign",523.0150000000001,523.095,"e"
"PhonAlign",523.095,523.205,"Z"
"PhonAlign",523.205,523.2550000000001,"y"
"PhonAlign",523.2550000000001,523.2850000000001,"s"
"PhonAlign",523.2850000000001,523.375,"t"
"PhonAlign",523.375,523.4350000000001,"U~/"
"PhonAlign",523.4350000000001,523.465,"p"
"PhonAlign",523.465,523.5250000000001,"R"
"PhonAlign",523.5250000000001,523.565,"O/"
"PhonAlign",523.565,523.595,"b"
"PhonAlign",523.595,523.625,"l"
"PhonAlign",523.625,523.695,"E"
"PhonAlign",523.695,523.7550000000001,"m"
"PhonAlign",523.7550000000001,523.7950000000001,"d"
"PhonAlign",523.7950000000001,523.875,"E"
"PhonAlign",523.875,523.955,"g"
"PhonAlign",523.955,524.115,"O/"
"PhonAlign",524.115,524.205,"S"
"PhonAlign",524.205,524.2650000000001,"p"
"PhonAlign",524.2650000000001,524.3950000000001,"a~"
"PhonAlign",524.3950000000001,524.495,"s"
"PhonAlign",524.495,524.585,"a~"
"PhonAlign",524.585,524.695,"f"
"PhonAlign",524.695,524.835,"E"
"PhonAlign",524.835,525.185,"#"
"PhonAlign",525.185,526.265252,"laugh"
"PhonAlign",526.265252,531.334851,"#"
"PhonAlign",531.334851,532.908878,"laugh"
"PhonAlign",532.908878,533.805905,"#"
"PhonAlign",533.805905,536.92011,"laugh"
"PhonAlign",536.92011,537.309386,"#"
"PhonAlign",537.309386,538.037162,"laugh"
"PhonAlign",538.037162,539.289614,"#"
"PhonAlign",539.289614,540.660541,"noise"
"PhonAlign",540.660541,601.56,"#"
"PhonAlign",601.56,601.63,"t"
"PhonAlign",601.63,601.67,"y"
"PhonAlign",601.67,601.75,"S"
"PhonAlign",601.75,601.8,"i"
"PhonAlign",601.8,601.8599999999999,"p"
"PhonAlign",601.8599999999999,601.9499999999999,"O/"
"PhonAlign",601.9499999999999,602.06,"t"
"PhonAlign",602.06,602.1999999999999,"s"
"PhonAlign",602.1999999999999,602.26,"e"
"PhonAlign",602.26,602.3299999999999,"t"
"PhonAlign",602.3299999999999,602.38,"R"
"PhonAlign",602.38,602.4699999999999,"O/"
"PhonAlign",602.4699999999999,602.5,"p"
"PhonAlign",602.5,602.56,"R"
"PhonAlign",602.56,602.65,"E"
"PhonAlign",602.65,602.78,"s"
"PhonAlign",602.78,602.88,"i"
"PhonAlign",602.88,602.9399999999999,"*"
"PhonAlign",602.9399999999999,603.01,"*"
"PhonAlign",603.01,603.04,"*"
"PhonAlign",603.04,603.239063,"*"
"PhonAlign",603.239063,605.165,"#"
"PhonAlign",605.165,605.285,"n"
"PhonAlign",605.285,605.47,"O/"
"PhonAlign",605.47,605.665,"#"
"PhonAlign",605.665,605.775,"n"
"PhonAlign",605.775,605.8449999999999,"O/"
"PhonAlign",605.8449999999999,605.925,"n"
"PhonAlign",605.925,606.145,"O/"
"PhonAlign",606.145,632.865,"#"
"PhonAlign",632.865,633.015,"w"
"PhonAlign",633.015,633.255,"E"
"PhonAlign",633.255,633.455,"#"
"PhonAlign",633.455,633.515,"w"
"PhonAlign",633.515,633.681563,"E"
"PhonAlign",633.681563,646.605,"#"
"PhonAlign",646.605,646.655,"m"
"PhonAlign",646.655,646.705,"E"
"PhonAlign",646.705,646.785,"O~"
"PhonAlign",646.785,646.895,"s"
"PhonAlign",646.895,647.015,"a~"
"PhonAlign",647.015,647.135,"f"
"PhonAlign",647.135,647.235,"u"
"PhonAlign",647.235,647.265,"d"
"PhonAlign",647.265,647.345,"y"
"PhonAlign",647.345,647.4250000000001,"n"
"PhonAlign",647.4250000000001,647.775,"O~"
"PhonAlign",647.775,647.965,"O~"
"PhonAlign",647.965,648.065,"n"
"PhonAlign",648.065,648.135,"p"
"PhonAlign",648.135,648.245,"A/"
"PhonAlign",648.245,648.275,"R"
"PhonAlign",648.275,648.3050000000001,"l"
"PhonAlign",648.3050000000001,648.335,"d"
"PhonAlign",648.335,648.385,"y"
"PhonAlign",648.385,648.4350000000001,"k"
"PhonAlign",648.4350000000001,648.585,"O~"
"PhonAlign",648.585,648.645,"t"
"PhonAlign",648.645,648.6750000000001,"2"
"PhonAlign",648.6750000000001,648.705,"n"
"PhonAlign",648.705,648.815,"y"
"PhonAlign",648.815,648.9250000000001,"s"
"PhonAlign",648.9250000000001,649.105,"e"
"PhonAlign",649.105,649.1850000000001,"p"
"PhonAlign",649.1850000000001,649.215,"l"
"PhonAlign",649.215,649.245,"y"
"PhonAlign",649.245,649.285,"z"
"PhonAlign",649.285,649.395,"U~/"
"PhonAlign",649.395,649.465,"d"
"PhonAlign",649.465,649.5450000000001,"E"
"PhonAlign",649.5450000000001,649.655,"t"
"PhonAlign",649.655,649.775,"A/"
"PhonAlign",649.775,649.885,"j"
"PhonAlign",649.885,649.915,"l"
"PhonAlign",649.915,650.025,"n"
"PhonAlign",650.025,650.315,"O~"
"PhonAlign",650.315,650.375,"*"
"PhonAlign",650.375,650.485,"*"
"PhonAlign",650.485,650.535,"*"
"PhonAlign",650.535,650.6750000000001,"*"
"PhonAlign",650.6750000000001,651.195,"t"
"PhonAlign",651.195,651.265,"y"
"PhonAlign",651.265,651.395,"S"
"PhonAlign",651.395,651.475,"i"
"PhonAlign",651.475,651.5450000000001,"p"
"PhonAlign",651.5450000000001,651.655,"O/"
"PhonAlign",651.655,651.775,"t"
"PhonAlign",651.775,651.885,"t"
"PhonAlign",651.885,651.945,"y"
"PhonAlign",651.945,652.0550000000001,"S"
"PhonAlign",652.0550000000001,652.145,"i"
"PhonAlign",652.145,652.215,"p"
"PhonAlign",652.215,652.285,"O/"
"PhonAlign",652.285,652.325,"t"
"PhonAlign",652.325,652.385,"p"
"PhonAlign",652.385,652.475,"u"
"PhonAlign",652.475,652.505,"R"
"PhonAlign",652.505,652.5450000000001,"k"
"PhonAlign",652.5450000000001,652.655,"O~"
"PhonAlign",652.655,652.705,"p"
"PhonAlign",652.705,652.735,"R"
"PhonAlign",652.735,652.815,"E"
"PhonAlign",652.815,652.845,"n"
"PhonAlign",652.845,652.915,"t"
"PhonAlign",652.915,652.955,"E"
"PhonAlign",652.955,652.985,"R"
"PhonAlign",652.985,653.085,"E"
"PhonAlign",653.085,653.145,"z"
"PhonAlign",653.145,653.1850000000001,"O/"
"PhonAlign",653.1850000000001,653.275,"s"
"PhonAlign",653.275,653.355,"O/"
"PhonAlign",653.355,653.445,"s"
"PhonAlign",653.445,653.475,"j"
"PhonAlign",653.475,653.505,"O/"
"PhonAlign",653.505,653.585,"E"
"PhonAlign",653.585,653.635,"p"
"PhonAlign",653.635,653.735,"A/"
"PhonAlign",653.735,653.765,"l"
"PhonAlign",653.765,653.835,"t"
"PhonAlign",653.835,653.9250000000001,"E"
"PhonAlign",653.9250000000001,653.955,"l"
"PhonAlign",653.955,654.035,"E"
"PhonAlign",654.035,654.125,"f"
"PhonAlign",654.125,654.205,"O/"
"PhonAlign",654.205,654.275,"n"
"PhonAlign",654.275,654.355,"f"
"PhonAlign",654.355,654.4350000000001,"E"
"PhonAlign",654.4350000000001,654.485,"U~/"
"PhonAlign",654.485,654.535,"n"
"PhonAlign",654.535,654.605,"e"
"PhonAlign",654.605,654.705,"f"
"PhonAlign",654.705,654.865,"O/"
"PhonAlign",654.865,654.955,"R"
"PhonAlign",654.955,655.495,"#"
"PhonAlign",655.495,655.585,"s"
"PhonAlign",655.585,655.635,"e"
"PhonAlign",655.635,655.735,"U~/"
"PhonAlign",655.735,655.775,"t"
"PhonAlign",655.775,655.845,"R"
"PhonAlign",655.845,655.895,"A/"
"PhonAlign",655.895,655.9250000000001,"v"
"PhonAlign",655.9250000000001,655.995,"A/"
"PhonAlign",655.995,656.025,"j"
"PhonAlign",656.025,656.105,"d"
"PhonAlign",656.105,656.165,"e"
"PhonAlign",656.165,656.235,"k"
"PhonAlign",656.235,656.285,"i"
"PhonAlign",656.285,656.345,"p"
"PhonAlign",656.345,656.385,"p"
"PhonAlign",656.385,656.4250000000001,"A/"
"PhonAlign",656.4250000000001,656.475,"y"
"PhonAlign",656.475,656.505,"n"
"PhonAlign",656.505,656.575,"k"
"PhonAlign",656.575,656.6750000000001,"O~"
"PhonAlign",656.6750000000001,656.715,"p"
"PhonAlign",656.715,656.775,"e"
"PhonAlign",656.775,656.8050000000001,"t"
"PhonAlign",656.8050000000001,656.835,"i"
"PhonAlign",656.835,656.995,"s"
"PhonAlign",656.995,657.0450000000001,"j"
"PhonAlign",657.0450000000001,657.2,"O~"
"PhonAlign",657.2,662.005,"#"
"PhonAlign",662.005,662.115,"O~"
"PhonAlign",662.115,662.215,"s"
"PhonAlign",662.215,662.265,"l"
"PhonAlign",662.265,662.295,"f"
"PhonAlign",662.295,662.325,"E"
"PhonAlign",662.325,662.465,"O~"
"PhonAlign",662.465,662.555,"s"
"PhonAlign",662.555,662.595,"l"
"PhonAlign",662.595,662.665,"@"
"PhonAlign",662.665,662.725,"f"
"PhonAlign",662.725,662.785,"E"
"PhonAlign",662.785,662.885,"O/"
"PhonAlign",662.885,662.925,"v"
"PhonAlign",662.925,663.075,"O/"
"PhonAlign",663.075,663.345,"t"
"PhonAlign",663.345,663.415,"s"
"PhonAlign",663.415,663.485,"i"
"PhonAlign",663.485,663.545,"t"
"PhonAlign",663.545,663.625,"y"
"PhonAlign",663.625,663.685,"p"
"PhonAlign",663.685,663.725,"E"
"PhonAlign",663.725,663.835,"R"
"PhonAlign",663.835,663.865,"l"
"PhonAlign",663.865,663.935,"@"
"PhonAlign",663.935,663.975,"v"
"PhonAlign",663.975,664.095,"O/"
"PhonAlign",664.095,664.165,"t"
"PhonAlign",664.165,664.235,"t"
"PhonAlign",664.235,664.295,"y"
"PhonAlign",664.295,664.335,"n"
"PhonAlign",664.335,664.425,"A/"
"PhonAlign",664.425,664.505,"z"
"PhonAlign",664.505,664.5649999999999,"E"
"PhonAlign",664.5649999999999,664.605,"R"
"PhonAlign",664.605,664.735,"O/"
"PhonAlign",664.735,664.825,"t"
"PhonAlign",664.825,664.955,"a~"
"PhonAlign",664.955,665.055,"s"
"PhonAlign",665.055,665.085,"y"
"PhonAlign",665.085,665.115,"R"
"PhonAlign",665.115,665.145,"l"
"PhonAlign",665.145,665.195,"E"
"PhonAlign",665.195,665.225,"R"
"PhonAlign",665.225,665.295,"E"
"PhonAlign",665.295,665.345,"z"
"PhonAlign",665.345,665.405,"O/"
"PhonAlign",665.405,665.505,"s"
"PhonAlign",665.505,665.5649999999999,"O/"
"PhonAlign",665.5649999999999,665.645,"s"
"PhonAlign",665.645,665.675,"j"
"PhonAlign",665.675,665.715,"O/"
"PhonAlign",665.715,665.745,"d"
"PhonAlign",665.745,665.835,"a~"
"PhonAlign",665.835,665.875,"l"
"PhonAlign",665.875,665.925,"e"
"PhonAlign",665.925,665.955,"v"
"PhonAlign",665.955,666.025,"E"
"PhonAlign",666.025,666.085,"n"
"PhonAlign",666.085,666.135,"m"
"PhonAlign",666.135,666.245,"a~"
"PhonAlign",666.245,667.05,"#"
"PhonAlign",667.05,667.805,"laugh"
"PhonAlign",667.805,673.171327,"#"
"PhonAlign",673.171327,673.211327,"n"
"PhonAlign",673.211327,673.411327,"O/"
"PhonAlign",673.411327,673.481327,"m"
"PhonAlign",673.481327,673.574063,"E"
"PhonAlign",673.574063,675.82,"#"
"PhonAlign",675.82,675.9000000000001,"w"
"PhonAlign",675.9000000000001,676.165,"E"
"PhonAlign",676.165,677.08,"#"
"PhonAlign",677.08,677.21,"w"
"PhonAlign",677.21,677.45,"E"
"PhonAlign",677.45,712.01,"#"
"PhonAlign",712.01,712.825,"laugh"
"PhonAlign",712.825,715.302098,"#"
"PhonAlign",715.302098,716.5207,"laugh"
"PhonAlign",716.5207,726.17,"#"
"PhonAlign",726.17,726.28,"w"
"PhonAlign",726.28,726.54,"E"
"PhonAlign",726.54,726.814688,"laugh"
"PhonAlign",726.814688,735.41,"#"
"PhonAlign",735.41,735.4499999999999,"p"
"PhonAlign",735.4499999999999,735.52,"a~"
"PhonAlign",735.52,735.55,"d"
"PhonAlign",735.55,735.6,"a~"
"PhonAlign",735.6,735.63,"l"
"PhonAlign",735.63,735.7199999999999,"A/"
"PhonAlign",735.7199999999999,735.79,"p"
"PhonAlign",735.79,735.93,"E"
"PhonAlign",735.93,735.9599999999999,"R"
"PhonAlign",735.9599999999999,735.99,"j"
"PhonAlign",735.99,736.04,"O/"
"PhonAlign",736.04,736.0699999999999,"d"
"PhonAlign",736.0699999999999,736.12,"s"
"PhonAlign",736.12,736.1999999999999,"k"
"PhonAlign",736.1999999999999,736.26,"O/"
"PhonAlign",736.26,736.3,"l"
"PhonAlign",736.3,736.4399999999999,"E"
"PhonAlign",736.4399999999999,736.555,"R"
"PhonAlign",736.555,737.895,"#"
"PhonAlign",737.895,737.935,"p"
"PhonAlign",737.935,738.005,"a~"
"PhonAlign",738.005,738.035,"d"
"PhonAlign",738.035,738.0649999999999,"a~"
"PhonAlign",738.0649999999999,738.095,"l"
"PhonAlign",738.095,738.155,"A/"
"PhonAlign",738.155,738.215,"p"
"PhonAlign",738.215,738.295,"E"
"PhonAlign",738.295,738.3249999999999,"R"
"PhonAlign",738.3249999999999,738.355,"j"
"PhonAlign",738.355,738.405,"O/"
"PhonAlign",738.405,738.435,"d"
"PhonAlign",738.435,738.485,"s"
"PhonAlign",738.485,738.545,"k"
"PhonAlign",738.545,738.585,"O/"
"PhonAlign",738.585,738.625,"l"
"PhonAlign",738.625,738.735,"E"
"PhonAlign",738.735,738.785,"R"
"PhonAlign",738.785,738.865,"s"
"PhonAlign",738.865,738.935,"O/"
"PhonAlign",738.935,738.965,"R"
"PhonAlign",738.965,739.055,"t"
"PhonAlign",739.055,739.095,"i"
"PhonAlign",739.095,739.165,"s"
"PhonAlign",739.165,739.225,"k"
"PhonAlign",739.225,739.275,"O/"
"PhonAlign",739.275,739.305,"l"
"PhonAlign",739.305,739.425,"E"
"PhonAlign",739.425,739.495,"R"
"PhonAlign",739.495,752.42,"#"
"PhonAlign",752.42,752.7099999999999,"U~/"
"PhonAlign",752.7099999999999,752.92,"i"
"PhonAlign",752.92,753.14,"l"
"PhonAlign",753.14,753.1899999999999,"j"
"PhonAlign",753.1899999999999,753.23,"A/"
"PhonAlign",753.23,753.98,"#"
"PhonAlign",753.98,755.147813,"laugh"
"PhonAlign",755.147813,764.155,"#"
"PhonAlign",764.155,764.3249999999999,"n"
"PhonAlign",764.3249999999999,764.635,"O~"
"PhonAlign",764.635,764.89,"n"
"PhonAlign",764.89,765.035,"#"
"PhonAlign",765.035,765.0749999999999,"p"
"PhonAlign",765.0749999999999,765.2149999999999,"A/"
"PhonAlign",765.2149999999999,765.255,"z"
"PhonAlign",765.255,765.395,"a~"
"PhonAlign",765.395,765.4649999999999,"m"
"PhonAlign",765.4649999999999,765.525,"i"
"PhonAlign",765.525,765.555,"l"
"PhonAlign",765.555,765.655,"j"
"PhonAlign",765.655,765.805,"@"
"PhonAlign",765.805,790.05,"#"
"PhonAlign",790.05,790.25,"n"
"PhonAlign",790.25,790.555,"O/"
"PhonAlign",790.555,792.54,"#"
"PhonAlign",792.54,792.67,"U~/"
"PhonAlign",792.67,792.74,"m"
"PhonAlign",792.74,792.81,"E"
"PhonAlign",792.81,792.8399999999999,"R"
"PhonAlign",792.8399999999999,792.93,"k"
"PhonAlign",792.93,792.9699999999999,"R"
"PhonAlign",792.9699999999999,793.04,"2"
"PhonAlign",793.04,793.11,"d"
"PhonAlign",793.11,793.14,"i"
"PhonAlign",793.14,793.24,"A/"
"PhonAlign",793.24,793.43,"p"
"PhonAlign",793.43,793.64,"R"
"PhonAlign",793.64,793.7099999999999,"E"
"PhonAlign",793.7099999999999,793.74,"m"
"PhonAlign",793.74,793.8199999999999,"i"
"PhonAlign",793.8199999999999,793.86,"d"
"PhonAlign",793.86,794.035,"i"
"PhonAlign",794.035,794.325,"#"
"PhonAlign",794.325,794.4150000000001,"U~/"
"PhonAlign",794.4150000000001,794.495,"m"
"PhonAlign",794.495,794.5350000000001,"E"
"PhonAlign",794.5350000000001,794.565,"R"
"PhonAlign",794.565,794.6550000000001,"k"
"PhonAlign",794.6550000000001,794.695,"R"
"PhonAlign",794.695,794.7650000000001,"2"
"PhonAlign",794.7650000000001,794.7950000000001,"d"
"PhonAlign",794.7950000000001,794.865,"i"
"PhonAlign",794.865,794.8950000000001,"l"
"PhonAlign",794.8950000000001,795.005,"A/"
"PhonAlign",795.005,795.075,"Z"
"PhonAlign",795.075,795.115,"u"
"PhonAlign",795.115,795.1650000000001,"R"
"PhonAlign",795.1650000000001,795.215,"n"
"PhonAlign",795.215,795.36,"e"
"PhonAlign",795.36,796.57,"#"
"PhonAlign",796.57,796.62,"p"
"PhonAlign",796.62,796.6500000000001,"R"
"PhonAlign",796.6500000000001,796.74,"s"
"PhonAlign",796.74,796.7800000000001,"k"
"PhonAlign",796.7800000000001,796.84,"i"
"PhonAlign",796.84,796.9100000000001,"z"
"PhonAlign",796.9100000000001,797.0100000000001,"O~"
"PhonAlign",797.0100000000001,797.07,"p"
"PhonAlign",797.07,797.12,"A/"
"PhonAlign",797.12,797.19,"E"
"PhonAlign",797.19,797.3000000000001,"k"
"PhonAlign",797.3000000000001,797.36,"O/"
"PhonAlign",797.36,797.44,"l"
"PhonAlign",797.44,797.47,"l"
"PhonAlign",797.47,797.5,"@"
"PhonAlign",797.5,797.5600000000001,"m"
"PhonAlign",797.5600000000001,797.61,"E"
"PhonAlign",797.61,797.6400000000001,"R"
"PhonAlign",797.6400000000001,797.73,"k"
"PhonAlign",797.73,797.7700000000001,"R"
"PhonAlign",797.7700000000001,797.84,"2"
"PhonAlign",797.84,797.88,"d"
"PhonAlign",797.88,797.9100000000001,"i"
"PhonAlign",797.9100000000001,797.97,"A/"
"PhonAlign",797.97,798.0100000000001,"p"
"PhonAlign",798.0100000000001,798.0500000000001,"R"
"PhonAlign",798.0500000000001,798.09,"E"
"PhonAlign",798.09,798.12,"m"
"PhonAlign",798.12,798.1700000000001,"i"
"PhonAlign",798.1700000000001,798.2,"d"
"PhonAlign",798.2,798.34,"i"
"PhonAlign",798.34,799.02,"#"
"PhonAlign",799.02,799.09,"s"
"PhonAlign",799.09,799.16,"A/"
"PhonAlign",799.16,799.23,"m"
"PhonAlign",799.23,799.3,"a~"
"PhonAlign",799.3,799.37,"Z"
"PhonAlign",799.37,799.4,"2"
"PhonAlign",799.4,799.43,"R"
"PhonAlign",799.43,799.5,"A/"
"PhonAlign",799.5,799.53,"y"
"PhonAlign",799.53,799.56,"n"
"PhonAlign",799.56,799.64,"Z"
"PhonAlign",799.64,799.6899999999999,"u"
"PhonAlign",799.6899999999999,799.72,"R"
"PhonAlign",799.72,799.75,"n"
"PhonAlign",799.75,799.81,"e"
"PhonAlign",799.81,799.89,"d"
"PhonAlign",799.89,800.01,"y"
"PhonAlign",800.01,800.12,"n"
"PhonAlign",800.12,800.1999999999999,"A/"
"PhonAlign",800.1999999999999,800.26,"p"
"PhonAlign",800.26,800.3,"R"
"PhonAlign",800.3,800.34,"E"
"PhonAlign",800.34,800.37,"m"
"PhonAlign",800.37,800.4,"i"
"PhonAlign",800.4,800.43,"d"
"PhonAlign",800.43,800.47,"i"
"PhonAlign",800.47,802.82,"#"
"PhonAlign",802.82,802.98,"A/"
"PhonAlign",802.98,803.08,"R"
"PhonAlign",803.08,803.2900000000001,"E"
"PhonAlign",803.2900000000001,803.37,"t"
"PhonAlign",803.37,803.94,"#"
"PhonAlign",803.94,804.0,"s"
"PhonAlign",804.0,804.0400000000001,"e"
"PhonAlign",804.0400000000001,804.1500000000001,"v"
"PhonAlign",804.1500000000001,804.24,"R"
"PhonAlign",804.24,804.275,"E"
"PhonAlign",804.275,807.025,"#"
"PhonAlign",807.025,807.105,"b"
"PhonAlign",807.105,807.305,"E"
"PhonAlign",807.305,807.3349999999999,"m"
"PhonAlign",807.3349999999999,807.405,"e"
"PhonAlign",807.405,807.5749999999999,"z"
"PhonAlign",807.5749999999999,807.655,"d"
"PhonAlign",807.655,807.765,"y"
"PhonAlign",807.765,807.905,"k"
"PhonAlign",807.905,807.9449999999999,"u"
"PhonAlign",807.9449999999999,808.025,"s"
"PhonAlign",808.025,808.0649999999999,"e"
"PhonAlign",808.0649999999999,808.135,"p"
"PhonAlign",808.135,808.175,"A/"
"PhonAlign",808.175,808.235,"U~/"
"PhonAlign",808.235,808.285,"Z"
"PhonAlign",808.285,808.3249999999999,"u"
"PhonAlign",808.3249999999999,808.355,"R"
"PhonAlign",808.355,808.395,"d"
"PhonAlign",808.395,808.435,"E"
"PhonAlign",808.435,808.505,"k"
"PhonAlign",808.505,808.5749999999999,"O/"
"PhonAlign",808.5749999999999,808.605,"l"
"PhonAlign",808.605,808.7049999999999,"A/"
"PhonAlign",808.7049999999999,808.735,"l"
"PhonAlign",808.735,808.8349999999999,"O/"
"PhonAlign",808.8349999999999,808.865,"R"
"PhonAlign",808.865,808.895,"l"
"PhonAlign",808.895,808.9549999999999,"m"
"PhonAlign",808.9549999999999,808.985,"E"
"PhonAlign",808.985,809.015,"R"
"PhonAlign",809.015,809.105,"k"
"PhonAlign",809.105,809.145,"R"
"PhonAlign",809.145,809.1949999999999,"2"
"PhonAlign",809.1949999999999,809.225,"d"
"PhonAlign",809.225,809.384063,"i"
"PhonAlign",809.384063,811.57,"#"
"PhonAlign",811.57,811.6800000000001,"l"
"PhonAlign",811.6800000000001,811.7600000000001,"e"
"PhonAlign",811.7600000000001,811.83,"k"
"PhonAlign",811.83,811.87,"O/"
"PhonAlign",811.87,811.9000000000001,"l"
"PhonAlign",811.9000000000001,812.0300000000001,"E"
"PhonAlign",812.0300000000001,812.07,"v"
"PhonAlign",812.07,812.11,"j"
"PhonAlign",812.11,812.1500000000001,"U~/"
"PhonAlign",812.1500000000001,812.1800000000001,"d"
"PhonAlign",812.1800000000001,812.23,"R"
"PhonAlign",812.23,812.3000000000001,"A/"
"PhonAlign",812.3000000000001,812.37,"p"
"PhonAlign",812.37,812.4000000000001,"A/"
"PhonAlign",812.4000000000001,812.47,"U~/"
"PhonAlign",812.47,812.5400000000001,"m"
"PhonAlign",812.5400000000001,812.57,"E"
"PhonAlign",812.57,812.6,"R"
"PhonAlign",812.6,812.7,"k"
"PhonAlign",812.7,812.75,"R"
"PhonAlign",812.75,812.82,"2"
"PhonAlign",812.82,812.86,"d"
"PhonAlign",812.86,813.035,"i"
"PhonAlign",813.035,823.491563,"#"
"PhonAlign",823.491563,823.641563,"m"
"PhonAlign",823.641563,823.6915630000001,"w"
"PhonAlign",823.6915630000001,823.741563,"A/"
"PhonAlign",823.741563,823.8315630000001,"Z"
"PhonAlign",823.8315630000001,823.881563,"@"
"PhonAlign",823.881563,823.9315630000001,"p"
"PhonAlign",823.9315630000001,824.021563,"a~"
"PhonAlign",824.021563,824.111563,"s"
"PhonAlign",824.111563,824.141563,"k"
"PhonAlign",824.141563,824.171563,"@"
"PhonAlign",824.171563,824.241563,"s"
"PhonAlign",824.241563,824.301563,"e"
"PhonAlign",824.301563,824.361563,"p"
"PhonAlign",824.361563,824.421563,"A/"
"PhonAlign",824.421563,824.4515630000001,"y"
"PhonAlign",824.4515630000001,824.481563,"n"
"PhonAlign",824.481563,824.521563,"b"
"PhonAlign",824.521563,824.5715630000001,"O/"
"PhonAlign",824.5715630000001,824.621563,"n"
"PhonAlign",824.621563,824.6915630000001,"i"
"PhonAlign",824.6915630000001,824.7215630000001,"d"
"PhonAlign",824.7215630000001,824.791563,"e"
"PhonAlign",824.791563,824.8315630000001,"l"
"PhonAlign",824.8315630000001,824.871563,"v"
"PhonAlign",824.871563,824.9715630000001,"a~"
"PhonAlign",824.9715630000001,825.001563,"d"
"PhonAlign",825.001563,825.051563,"R"
"PhonAlign",825.051563,825.101563,"2"
"PhonAlign",825.101563,825.151563,"d"
"PhonAlign",825.151563,825.231563,"i"
"PhonAlign",825.231563,825.291563,"p"
"PhonAlign",825.291563,825.351563,"A/"
"PhonAlign",825.351563,825.421563,"s"
"PhonAlign",825.421563,825.4715630000001,"k"
"PhonAlign",825.4715630000001,825.511563,"@"
"PhonAlign",825.511563,825.5615630000001,"d"
"PhonAlign",825.5615630000001,825.5915630000001,"y"
"PhonAlign",825.5915630000001,825.671563,"k"
"PhonAlign",825.671563,825.7215630000001,"u"
"PhonAlign",825.7215630000001,825.751563,"l"
"PhonAlign",825.751563,825.801563,"e"
"PhonAlign",825.801563,825.871563,"p"
"PhonAlign",825.871563,825.991563,"A/"
"PhonAlign",825.991563,826.041563,"R"
"PhonAlign",826.041563,826.0715630000001,"a~"
"PhonAlign",826.0715630000001,826.111563,"i"
"PhonAlign",826.111563,826.141563,"v"
"PhonAlign",826.141563,826.231563,"O~"
"PhonAlign",826.231563,826.261563,"t"
"PhonAlign",826.261563,826.3315630000001,"d"
"PhonAlign",826.3315630000001,826.371563,"i"
"PhonAlign",826.371563,826.4515630000001,"R"
"PhonAlign",826.4515630000001,826.551563,"w"
"PhonAlign",826.551563,826.781563,"E"
"PhonAlign",826.781563,826.861563,"b"
"PhonAlign",826.861563,826.9415630000001,"E"
"PhonAlign",826.9415630000001,827.0615630000001,"t"
"PhonAlign",827.0615630000001,827.101563,"A/"
"PhonAlign",827.101563,827.141563,"y"
"PhonAlign",827.141563,827.1815630000001,"n"
"PhonAlign",827.1815630000001,827.281563,"s"
"PhonAlign",827.281563,827.3415630000001,"O/"
"PhonAlign",827.3415630000001,827.381563,"R"
"PhonAlign",827.381563,827.491563,"t"
"PhonAlign",827.491563,827.541563,"i"
"PhonAlign",827.541563,827.5715630000001,"b"
"PhonAlign",827.5715630000001,827.631563,"E"
"PhonAlign",827.631563,827.7115630000001,"O~"
"PhonAlign",827.7115630000001,827.771563,"p"
"PhonAlign",827.771563,827.8415630000001,"A/"
"PhonAlign",827.8415630000001,827.871563,"R"
"PhonAlign",827.871563,827.911563,"a~"
"PhonAlign",827.911563,827.9415630000001,"w"
"PhonAlign",827.9415630000001,828.001563,"i"
"PhonAlign",828.001563,828.0715630000001,"k"
"PhonAlign",828.0715630000001,828.161563,"E"
"PhonAlign",828.161563,828.1915630000001,"n"
"PhonAlign",828.1915630000001,828.233438,"d"
"PhonAlign",828.233438,830.45,"#"
"PhonAlign",830.45,830.49,"l"
"PhonAlign",830.49,830.5300000000001,"O/"
"PhonAlign",830.5300000000001,830.5600000000001,"R"
"PhonAlign",830.5600000000001,830.6,"m"
"PhonAlign",830.6,830.6400000000001,"w"
"PhonAlign",830.6400000000001,830.69,"A/"
"PhonAlign",830.69,830.76,"f"
"PhonAlign",830.76,830.7900000000001,"R"
"PhonAlign",830.7900000000001,830.84,"a~"
"PhonAlign",830.84,830.94,"S"
"PhonAlign",830.94,830.97,"m"
"PhonAlign",830.97,831.01,"a~"
"PhonAlign",831.01,831.0500000000001,"m"
"PhonAlign",831.0500000000001,831.12,"A/"
"PhonAlign",831.12,831.1700000000001,"m"
"PhonAlign",831.1700000000001,831.21,"E"
"PhonAlign",831.21,831.24,"R"
"PhonAlign",831.24,831.2700000000001,"E"
"PhonAlign",831.2700000000001,831.3000000000001,"n"
"PhonAlign",831.3000000000001,831.33,"A/"
"PhonAlign",831.33,831.36,"R"
"PhonAlign",831.36,831.3900000000001,"j"
"PhonAlign",831.3900000000001,831.5300000000001,"U~/"
"PhonAlign",831.5300000000001,831.5600000000001,"n"
"PhonAlign",831.5600000000001,831.61,"A/"
"PhonAlign",831.61,831.71,"f"
"PhonAlign",831.71,831.74,"u"
"PhonAlign",831.74,831.8100000000001,"t"
"PhonAlign",831.8100000000001,831.87,"R"
"PhonAlign",831.87,831.9200000000001,"U~/"
"PhonAlign",831.9200000000001,832.0200000000001,"k"
"PhonAlign",832.0200000000001,832.0600000000001,"@"
"PhonAlign",832.0600000000001,832.13,"Z"
"PhonAlign",832.13,832.1600000000001,"A/"
"PhonAlign",832.1600000000001,832.2700000000001,"j"
"PhonAlign",832.2700000000001,832.3000000000001,"l"
"PhonAlign",832.3000000000001,832.39,"A/"
"PhonAlign",832.39,849.475,"#"
"PhonAlign",849.475,849.5550000000001,"m"
"PhonAlign",849.5550000000001,849.605,"w"
"PhonAlign",849.605,849.715,"A/"
"PhonAlign",849.715,849.745,"Z"
"PhonAlign",849.745,850.0450000000001,"@"
"PhonAlign",850.0450000000001,850.145,"s"
"PhonAlign",850.145,850.1750000000001,"y"
"PhonAlign",850.1750000000001,850.205,"i"
"PhonAlign",850.205,850.255,"p"
"PhonAlign",850.255,850.335,"A/"
"PhonAlign",850.335,850.455,"S"
"PhonAlign",850.455,850.5550000000001,"O/"
"PhonAlign",850.5550000000001,850.585,"l"
"PhonAlign",850.585,850.655,"v"
"PhonAlign",850.655,850.735,"a~"
"PhonAlign",850.735,850.7950000000001,"d"
"PhonAlign",850.7950000000001,850.825,"R"
"PhonAlign",850.825,850.885,"2"
"PhonAlign",850.885,850.9350000000001,"d"
"PhonAlign",850.9350000000001,851.05,"i"
"PhonAlign",851.05,855.125,"#"
"PhonAlign",855.125,855.235,"E"
"PhonAlign",855.235,855.295,"g"
"PhonAlign",855.295,855.345,"z"
"PhonAlign",855.345,855.385,"A/"
"PhonAlign",855.385,855.445,"k"
"PhonAlign",855.445,855.545,"t"
"PhonAlign",855.545,855.595,"2"
"PhonAlign",855.595,855.635,"m"
"PhonAlign",855.635,855.67,"a~"
"PhonAlign",855.67,857.715,"#"
"PhonAlign",857.715,857.885,"e"
"PhonAlign",857.885,857.965,"n"
"PhonAlign",857.965,858.125,"a~"
"PhonAlign",858.125,858.205,"p"
"PhonAlign",858.205,858.245,"A/"
"PhonAlign",858.245,858.325,"s"
"PhonAlign",858.325,858.385,"k"
"PhonAlign",858.385,858.4250000000001,"@"
"PhonAlign",858.4250000000001,858.455,"l"
"PhonAlign",858.455,858.525,"e"
"PhonAlign",858.525,858.575,"l"
"PhonAlign",858.575,858.695,"U~/"
"PhonAlign",858.695,858.775,"d"
"PhonAlign",858.775,858.8050000000001,"i"
"PhonAlign",858.8050000000001,858.885,"a~"
"PhonAlign",858.885,858.965,"Z"
"PhonAlign",858.965,858.995,"e"
"PhonAlign",858.995,859.0350000000001,"n"
"PhonAlign",859.0350000000001,859.065,"e"
"PhonAlign",859.065,859.135,"R"
"PhonAlign",859.135,859.205,"A/"
"PhonAlign",859.205,859.235,"l"
"PhonAlign",859.235,859.265,"l"
"PhonAlign",859.265,859.325,"E"
"PhonAlign",859.325,859.4050000000001,"p"
"PhonAlign",859.4050000000001,859.525,"A/"
"PhonAlign",859.525,859.5550000000001,"R"
"PhonAlign",859.5550000000001,859.585,"a~"
"PhonAlign",859.585,859.615,"i"
"PhonAlign",859.615,859.6650000000001,"R"
"PhonAlign",859.6650000000001,859.715,"2"
"PhonAlign",859.715,859.765,"v"
"PhonAlign",859.765,859.825,"j"
"PhonAlign",859.825,859.895,"E"
"PhonAlign",859.895,859.995,"n"
"PhonAlign",859.995,860.115,"2"
"PhonAlign",860.115,860.145,"t"
"PhonAlign",860.145,860.1750000000001,"R"
"PhonAlign",860.1750000000001,860.225,"E"
"PhonAlign",860.225,860.2950000000001,"y"
"PhonAlign",860.2950000000001,860.335,"n"
"PhonAlign",860.335,860.385,"j"
"PhonAlign",860.385,860.455,"O~"
"PhonAlign",860.455,860.5350000000001,"d"
"PhonAlign",860.5350000000001,860.585,"y"
"PhonAlign",860.585,860.6550000000001,"p"
"PhonAlign",860.6550000000001,860.6850000000001,"e"
"PhonAlign",860.6850000000001,860.715,"E"
"PhonAlign",860.715,860.7850000000001,"R"
"PhonAlign",860.7850000000001,860.865,"d"
"PhonAlign",860.865,860.9050000000001,"@"
"PhonAlign",860.9050000000001,860.9350000000001,"l"
"PhonAlign",860.9350000000001,861.005,"A/"
"PhonAlign",861.005,861.135,"s"
"PhonAlign",861.135,861.1750000000001,"@"
"PhonAlign",861.1750000000001,861.225,"m"
"PhonAlign",861.225,861.2950000000001,"E"
"PhonAlign",861.2950000000001,861.345,"n"
"PhonAlign",861.345,861.4250000000001,"e"
"PhonAlign",861.4250000000001,861.525,"t"
"PhonAlign",861.525,861.595,"u"
"PhonAlign",861.595,862.195,"t"
"PhonAlign",862.195,862.225,"m"
"PhonAlign",862.225,862.335,"e"
"PhonAlign",862.335,862.4250000000001,"S"
"PhonAlign",862.4250000000001,862.455,"s"
"PhonAlign",862.455,862.495,"y"
"PhonAlign",862.495,862.525,"i"
"PhonAlign",862.525,862.605,"p"
"PhonAlign",862.605,862.705,"A/"
"PhonAlign",862.705,862.855,"S"
"PhonAlign",862.855,863.475,"O/"
"PhonAlign",863.475,863.515,"l"
"PhonAlign",863.515,863.855,"@"
"PhonAlign",863.855,863.885,"l"
"PhonAlign",863.885,863.995,"@"
"PhonAlign",863.995,864.66,"#"
"PhonAlign",864.66,864.7199999999999,"m"
"PhonAlign",864.7199999999999,864.85,"n"
"PhonAlign",864.85,865.235,"O/"
"PhonAlign",865.235,865.8,"#"
"PhonAlign",865.8,865.8599999999999,"s"
"PhonAlign",865.8599999999999,865.975,"i"
"PhonAlign",865.975,868.12,"#"
"PhonAlign",868.12,868.27,"n"
"PhonAlign",868.27,868.35,"u"
"PhonAlign",868.35,868.38,"l"
"PhonAlign",868.38,868.48,"E"
"PhonAlign",868.48,868.51,"z"
"PhonAlign",868.51,868.54,"R"
"PhonAlign",868.54,868.62,"E"
"PhonAlign",868.62,868.65,"y"
"PhonAlign",868.65,868.7,"n"
"PhonAlign",868.7,868.75,"j"
"PhonAlign",868.75,868.82,"O~"
"PhonAlign",868.82,868.92,"s"
"PhonAlign",868.92,868.97,"e"
"PhonAlign",868.97,869.01,"l"
"PhonAlign",869.01,869.09,"@"
"PhonAlign",869.09,869.12,"l"
"PhonAlign",869.12,869.24,"U~/"
"PhonAlign",869.24,869.28,"d"
"PhonAlign",869.28,869.43,"i"
"PhonAlign",869.43,869.94,"#"
"PhonAlign",869.94,869.98,"m"
"PhonAlign",869.98,870.0400000000001,"E"
"PhonAlign",870.0400000000001,870.08,"b"
"PhonAlign",870.08,870.21,"O/"
"PhonAlign",870.21,870.25,"b"
"PhonAlign",870.25,870.2900000000001,"R"
"PhonAlign",870.2900000000001,870.3800000000001,"E"
"PhonAlign",870.3800000000001,870.5100000000001,"f"
"PhonAlign",870.5100000000001,870.59,"m"
"PhonAlign",870.59,870.6700000000001,"E"
"PhonAlign",870.6700000000001,870.73,"S"
"PhonAlign",870.73,870.7700000000001,"s"
"PhonAlign",870.7700000000001,870.8000000000001,"y"
"PhonAlign",870.8000000000001,870.83,"i"
"PhonAlign",870.83,870.87,"p"
"PhonAlign",870.87,870.94,"A/"
"PhonAlign",870.94,871.0300000000001,"S"
"PhonAlign",871.0300000000001,871.12,"O/"
"PhonAlign",871.12,871.19,"n"
"PhonAlign",871.19,871.25,"i"
"PhonAlign",871.25,871.3100000000001,"l"
"PhonAlign",871.3100000000001,871.4200000000001,"U~/"
"PhonAlign",871.4200000000001,871.49,"d"
"PhonAlign",871.49,871.5500000000001,"i"
"PhonAlign",871.5500000000001,871.61,"n"
"PhonAlign",871.61,871.6500000000001,"i"
"PhonAlign",871.6500000000001,871.6800000000001,"v"
"PhonAlign",871.6800000000001,871.7800000000001,"a~"
"PhonAlign",871.7800000000001,871.8100000000001,"d"
"PhonAlign",871.8100000000001,871.84,"R"
"PhonAlign",871.84,871.8900000000001,"2"
"PhonAlign",871.8900000000001,871.9200000000001,"d"
"PhonAlign",871.9200000000001,872.025,"i"
"PhonAlign",872.025,872.57,"#"
"PhonAlign",872.57,872.61,"b"
"PhonAlign",872.61,872.6400000000001,"O~"
"PhonAlign",872.6400000000001,872.6800000000001,"O~"
"PhonAlign",872.6800000000001,872.7700000000001,"s"
"PhonAlign",872.7700000000001,872.85,"a~"
"PhonAlign",872.85,872.96,"f"
"PhonAlign",872.96,872.99,"u"
"PhonAlign",872.99,873.0200000000001,"O~"
"PhonAlign",873.0200000000001,873.1400000000001,"n"
"PhonAlign",873.1400000000001,873.35,"v"
"PhonAlign",873.35,873.38,"u"
"PhonAlign",873.38,873.4100000000001,"l"
"PhonAlign",873.4100000000001,873.46,"e"
"PhonAlign",873.46,873.5200000000001,"f"
"PhonAlign",873.5200000000001,873.5600000000001,"E"
"PhonAlign",873.5600000000001,873.61,"R"
"PhonAlign",873.61,873.6800000000001,"s"
"PhonAlign",873.6800000000001,873.73,"A/"
"PhonAlign",873.73,873.82,"k"
"PhonAlign",873.82,873.86,"a~"
"PhonAlign",873.86,873.895,"t"
"PhonAlign",873.895,874.47,"#"
"PhonAlign",874.47,874.51,"f"
"PhonAlign",874.51,874.5400000000001,"R"
"PhonAlign",874.5400000000001,874.57,"a~"
"PhonAlign",874.57,874.65,"S"
"PhonAlign",874.65,874.6800000000001,"m"
"PhonAlign",874.6800000000001,874.71,"a~"
"PhonAlign",874.71,874.7900000000001,"Z"
"PhonAlign",874.7900000000001,874.82,"m"
"PhonAlign",874.82,874.88,"a~"
"PhonAlign",874.88,874.98,"f"
"PhonAlign",874.98,875.01,"i"
"PhonAlign",875.01,875.0739,"S"
"PhonAlign",875.0739,878.564872,"#"
"PhonAlign",878.564872,879.614224,"laugh"
"PhonAlign",879.614224,894.535313,"#"
"PhonAlign",894.535313,894.7053129999999,"A/"
"PhonAlign",894.7053129999999,894.735313,"l"
"PhonAlign",894.735313,894.8253129999999,"A/"
"PhonAlign",894.8253129999999,894.855313,"R"
"PhonAlign",894.855313,895.005313,"a~"
"PhonAlign",895.005313,895.055313,"t"
"PhonAlign",895.055313,895.135313,"R"
"PhonAlign",895.135313,895.315,"e"
"PhonAlign",895.315,899.58,"#"
"PhonAlign",899.58,899.72,"i"
"PhonAlign",899.72,899.7900000000001,"f"
"PhonAlign",899.7900000000001,899.86,"O/"
"PhonAlign",899.86,899.9000000000001,"y"
"PhonAlign",899.9000000000001,899.95,"n"
"PhonAlign",899.95,900.0,"d"
"PhonAlign",900.0,900.12,"A/"
"PhonAlign",900.12,900.1700000000001,"t"
"PhonAlign",900.1700000000001,900.2,"p"
"PhonAlign",900.2,900.23,"R"
"PhonAlign",900.23,900.2900000000001,"E"
"PhonAlign",900.2900000000001,900.4200000000001,"s"
"PhonAlign",900.4200000000001,900.46,"i"
"PhonAlign",900.46,900.5400000000001,"z"
"PhonAlign",900.5400000000001,900.59,"u"
"PhonAlign",900.59,900.6600000000001,"p"
"PhonAlign",900.6600000000001,900.83,"A/"
"PhonAlign",900.83,902.14,"#"
"PhonAlign",902.14,902.26,"*"
"PhonAlign",902.26,902.365312,"*"
"PhonAlign",902.365312,905.3,"#"
"PhonAlign",905.3,905.485,"A/"
"PhonAlign",905.485,955.46,"#"
"PhonAlign",955.46,955.55,"s"
"PhonAlign",955.55,955.6,"e"
"PhonAlign",955.6,955.68,"p"
"PhonAlign",955.68,955.75,"A/"
"PhonAlign",955.75,955.78,"l"
"PhonAlign",955.78,955.85,"b"
"PhonAlign",955.85,955.98,"O/"
"PhonAlign",955.98,956.05,"p"
"PhonAlign",956.05,956.1,"y"
"PhonAlign",956.1,956.14,"b"
"PhonAlign",956.14,956.17,"l"
"PhonAlign",956.17,956.3,"i"
"PhonAlign",956.3,956.42,"k"
"PhonAlign",956.42,956.49,"k"
"PhonAlign",956.49,956.65,"O~"
"PhonAlign",956.65,956.83,"s"
"PhonAlign",956.83,956.91,"i"
"PhonAlign",956.91,956.98,"b"
"PhonAlign",956.98,957.01,"l"
"PhonAlign",957.01,957.07,"@"
"PhonAlign",957.07,957.1,"l"
"PhonAlign",957.1,957.2,"A/"
"PhonAlign",957.2,957.28,"p"
"PhonAlign",957.28,957.39,"u"
"PhonAlign",957.39,957.43,"R"
"PhonAlign",957.43,957.51,"f"
"PhonAlign",957.51,957.56,"E"
"PhonAlign",957.56,957.61,"R"
"PhonAlign",957.61,957.66,"v"
"PhonAlign",957.66,957.73,"@"
"PhonAlign",957.73,957.77,"n"
"PhonAlign",957.77,957.8,"i"
"PhonAlign",957.8,957.86,"R"
"PhonAlign",957.86,957.93,"m"
"PhonAlign",957.93,958.02,"A/"
"PhonAlign",958.02,958.06,"R"
"PhonAlign",958.06,958.19,"k"
"PhonAlign",958.19,958.59,"fp"
"PhonAlign",958.59,997.29,"#"
"PhonAlign",997.29,997.33,"m"
"PhonAlign",997.33,997.37,"w"
"PhonAlign",997.37,997.4,"A/"
"PhonAlign",997.4,997.46,"Z"
"PhonAlign",997.46,997.53,"t"
"PhonAlign",997.53,997.56,"R"
"PhonAlign",997.56,997.64,"u"
"PhonAlign",997.64,997.69,"v"
"PhonAlign",997.69,997.77,"k"
"PhonAlign",997.77,997.81,"@"
"PhonAlign",997.81,997.95,"s"
"PhonAlign",997.95,998.03,"e"
"PhonAlign",998.03,998.17,"t"
"PhonAlign",998.17,998.25,"R"
"PhonAlign",998.25,998.3,"E"
"PhonAlign",998.3,998.38,"b"
"PhonAlign",998.38,998.48,"j"
"PhonAlign",998.48,998.55,"U~/"
"PhonAlign",998.55,998.625,"n"
"PhonAlign",998.625,999.78,"#"
"PhonAlign",999.78,999.9,"A/"
"PhonAlign",999.9,999.99,"p"
"PhonAlign",999.99,1000.07,"R"
"PhonAlign",1000.07,1000.21,"e"
"PhonAlign",1000.21,1000.245,"z"
"PhonAlign",1000.245,1012.928048,"#"
"PhonAlign",1012.928048,1013.028048,"m"
"PhonAlign",1013.028048,1013.606364,"m"
"PhonAlign",1013.606364,1027.34,"#"
"PhonAlign",1027.34,1027.4,"s"
"PhonAlign",1027.4,1027.4299999999998,"j"
"PhonAlign",1027.4299999999998,1027.49,"b"
"PhonAlign",1027.49,1027.55,"E"
"PhonAlign",1027.55,1027.58,"R"
"PhonAlign",1027.58,1027.6899999999998,"A/"
"PhonAlign",1027.6899999999998,1027.73,"R"
"PhonAlign",1027.73,1027.81,"s"
"PhonAlign",1027.81,1027.86,"E"
"PhonAlign",1027.86,1027.89,"l"
"PhonAlign",1027.89,1027.9199999999998,"2"
"PhonAlign",1027.9199999999998,1027.97,"m"
"PhonAlign",1027.97,1028.1,"a~"
"PhonAlign",1028.1,1046.345,"#"
"PhonAlign",1046.345,1047.58215,"laugh"
"PhonAlign",1047.58215,1050.318034,"#"
"PhonAlign",1050.318034,1052.304233,"laugh"
"PhonAlign",1052.304233,1062.995,"#"
"PhonAlign",1062.995,1063.0949999999998,"U~/"
"PhonAlign",1063.0949999999998,1063.155,"n"
"PhonAlign",1063.155,1063.255,"A/"
"PhonAlign",1063.255,1063.3249999999998,"v"
"PhonAlign",1063.3249999999998,1064.37,"fp"
"PhonAlign",1064.37,1089.105,"#"
"PhonAlign",1089.105,1089.185,"m"
"PhonAlign",1089.185,1089.355,"E"
"PhonAlign",1089.355,1089.745,"s"
"PhonAlign",1089.745,1089.875,"O~"
"PhonAlign",1089.875,1089.985,"A/"
"PhonAlign",1089.985,1090.015,"v"
"PhonAlign",1090.015,1090.115,"e"
"PhonAlign",1090.115,1090.255,"v"
"PhonAlign",1090.255,1090.31,"y"
"PhonAlign",1090.31,1099.335,"#"
"PhonAlign",1099.335,1099.435,"A/"
"PhonAlign",1099.435,1099.485,"d"
"PhonAlign",1099.485,1099.575,"i"
"PhonAlign",1099.575,1099.615,"s"
"PhonAlign",1099.615,1099.675,"t"
"PhonAlign",1099.675,1099.715,"O/"
"PhonAlign",1099.715,1099.785,"l"
"PhonAlign",1099.785,1099.895,"O/"
"PhonAlign",1099.895,1099.945,"g"
"PhonAlign",1099.945,1099.985,"n"
"PhonAlign",1099.985,1100.015,"2"
"PhonAlign",1100.015,1100.045,"R"
"PhonAlign",1100.045,1100.185,"O/"
"PhonAlign",1100.185,1100.225,"l"
"PhonAlign",1100.225,1100.355,"O/"
"PhonAlign",1100.355,1100.494688,"g"
"PhonAlign",1100.494688,1102.384688,"#"
"PhonAlign",1102.384688,1102.5446880000002,"b"
"PhonAlign",1102.5446880000002,1102.7646880000002,"E"
"PhonAlign",1102.7646880000002,1102.864688,"s"
"PhonAlign",1102.864688,1102.924688,"e"
"PhonAlign",1102.924688,1103.0246880000002,"t"
"PhonAlign",1103.0246880000002,1103.2846880000002,"u"
"PhonAlign",1103.2846880000002,1103.384688,"i"
"PhonAlign",1103.384688,1103.424688,"l"
"PhonAlign",1103.424688,1103.5646880000002,"a~"
"PhonAlign",1103.5646880000002,1103.654688,"f"
"PhonAlign",1103.654688,1103.704688,"O/"
"PhonAlign",1103.704688,1103.7846880000002,"k"
"PhonAlign",1103.7846880000002,1103.955,"@"
"PhonAlign",1103.955,1104.23,"#"
"PhonAlign",1104.23,1104.28,"t"
"PhonAlign",1104.28,1104.34,"R"
"PhonAlign",1104.34,1104.41,"w"
"PhonAlign",1104.41,1104.515,"A/"
"PhonAlign",1104.515,1145.165,"#"
"PhonAlign",1145.165,1145.265,"b"
"PhonAlign",1145.265,1145.335,"R"
"PhonAlign",1145.335,1145.415,"i"
"PhonAlign",1145.415,1145.485,"j"
"PhonAlign",1145.485,1145.625,"a~"
"PhonAlign",1145.625,1187.81,"#"
"PhonAlign",1187.81,1187.85,"m"
"PhonAlign",1187.85,1187.88,"w"
"PhonAlign",1187.88,1187.91,"A/"
"PhonAlign",1187.91,1188.02,"Z"
"PhonAlign",1188.02,1188.05,"m"
"PhonAlign",1188.05,1188.12,"d"
"PhonAlign",1188.12,1188.1699999999998,"2"
"PhonAlign",1188.1699999999998,1188.2,"m"
"PhonAlign",1188.2,1188.28,"a~"
"PhonAlign",1188.28,1188.31,"d"
"PhonAlign",1188.31,1188.35,"s"
"PhonAlign",1188.35,1188.4199999999998,"k"
"PhonAlign",1188.4199999999998,1188.45,"@"
"PhonAlign",1188.45,1188.53,"s"
"PhonAlign",1188.53,1188.59,"A/"
"PhonAlign",1188.59,1188.63,"v"
"PhonAlign",1188.63,1188.66,"A/"
"PhonAlign",1188.66,1188.74,"E"
"PhonAlign",1188.74,1188.84,"t"
"PhonAlign",1188.84,1188.87,"l"
"PhonAlign",1188.87,1188.91,"A/"
"PhonAlign",1188.91,1188.97,"t"
"PhonAlign",1188.97,1189.03,"R"
"PhonAlign",1189.03,1189.06,"w"
"PhonAlign",1189.06,1189.09,"A/"
"PhonAlign",1189.09,1189.13,"z"
"PhonAlign",1189.13,1189.16,"j"
"PhonAlign",1189.16,1189.22,"E"
"PhonAlign",1189.22,1189.25,"m"
"PhonAlign",1189.25,1189.28,"E"
"PhonAlign",1189.28,1189.37,"t"
"PhonAlign",1189.37,1189.4,"A/"
"PhonAlign",1189.4,1189.44,"p"
"PhonAlign",1189.44,1196.960831,"#"
"PhonAlign",1196.960831,1198.331759,"laugh"
"PhonAlign",1198.331759,1216.475,"#"
"PhonAlign",1216.475,1216.635,"E"
"PhonAlign",1216.635,1216.665,"t"
"PhonAlign",1216.665,1216.705,"m"
"PhonAlign",1216.705,1216.785,"i"
"PhonAlign",1216.785,1216.8149999999998,"n"
"PhonAlign",1216.8149999999998,1216.875,"j"
"PhonAlign",1216.875,1216.965,"O/"
"PhonAlign",1216.965,1217.09,"n"
"TokensAlign",0.0,51.96,"#"
"TokensAlign",51.96,52.2,"ouais"
"TokensAlign",52.2,52.36,"moi"
"TokensAlign",52.36,52.57,"non"
"TokensAlign",52.57,52.67,"je"
"TokensAlign",52.67,52.78,"suis"
"TokensAlign",52.78,53.15,"d'accord"
"TokensAlign",53.15,54.305,"#"
"TokensAlign",54.305,54.415,"je"
"TokensAlign",54.415,54.585,"vois"
"TokensAlign",54.585,54.755,"pas"
"TokensAlign",54.755,54.845,"le"
"TokensAlign",54.845,55.025,"but"
"TokensAlign",55.025,55.175,"de"
"TokensAlign",55.175,55.345,"faire"
"TokensAlign",55.345,55.515,"un"
"TokensAlign",55.515,55.885,"évènement"
"TokensAlign",55.885,56.065,"sur"
"TokensAlign",56.065,56.515,"amazon"
"TokensAlign",56.515,63.272321,"#"
"TokensAlign",63.272321,63.565647,"mh"
"TokensAlign",63.565647,67.985,"#"
"TokensAlign",67.985,68.045,"je"
"TokensAlign",68.045,68.225,"pense"
"TokensAlign",68.225,68.325,"que"
"TokensAlign",68.325,68.385,"t'"
"TokensAlign",68.385,68.425,"as"
"TokensAlign",68.425,68.55499999999999,"pas"
"TokensAlign",68.55499999999999,68.725,"bien"
"TokensAlign",68.725,69.025,"saisi"
"TokensAlign",69.025,69.145,"le"
"TokensAlign",69.145,69.595,"principe"
"TokensAlign",69.595,69.645,"de"
"TokensAlign",69.645,69.675,"l'"
"TokensAlign",69.675,70.115,"événement"
"TokensAlign",70.115,97.914042,"#"
"TokensAlign",97.914042,98.195326,"@"
"TokensAlign",98.195326,107.484548,"#"
"TokensAlign",107.484548,108.811638,"@"
"TokensAlign",108.811638,109.375313,"#"
"TokensAlign",109.375313,109.785,"non"
"TokensAlign",109.785,110.81,"#"
"TokensAlign",110.81,110.97,"qui"
"TokensAlign",110.97,111.17,"vote"
"TokensAlign",111.17,111.43,"pour"
"TokensAlign",111.43,111.82,"enlever"
"TokensAlign",111.82,112.43,"amazon"
"TokensAlign",112.43,114.205,"#"
"TokensAlign",114.205,114.345,"ou"
"TokensAlign",114.345,114.645,"alors"
"TokensAlign",114.645,114.775,"le"
"TokensAlign",114.775,115.155,"tourner"
"TokensAlign",115.155,115.535,"autrement"
"TokensAlign",115.535,115.665,"du"
"TokensAlign",115.665,115.895,"moins"
"TokensAlign",115.895,127.536066,"#"
"TokensAlign",127.536066,128.142763,"*"
"TokensAlign",128.142763,129.021029,"#"
"TokensAlign",129.021029,129.314355,"mh"
"TokensAlign",129.314355,150.705,"#"
"TokensAlign",150.705,150.82500000000002,"on"
"TokensAlign",150.82500000000002,150.955,"peut"
"TokensAlign",150.955,151.025,"l'"
"TokensAlign",151.025,151.835,"inclure"
"TokensAlign",151.835,152.015,"dans"
"TokensAlign",152.015,152.175,"dans"
"TokensAlign",152.175,152.235,"un"
"TokensAlign",152.235,152.265,"de"
"TokensAlign",152.265,152.44500000000002,"nos"
"TokensAlign",152.44500000000002,152.727188,"thèmes"
"TokensAlign",152.727188,163.699495,"#"
"TokensAlign",163.699495,164.007809,"*"
"TokensAlign",164.007809,182.99,"#"
"TokensAlign",182.99,183.24,"c'est"
"TokensAlign",183.24,183.59,"fait"
"TokensAlign",183.59,184.41,"partout"
"TokensAlign",184.41,184.54,"#"
"TokensAlign",184.54,184.72,"tout_le"
"TokensAlign",184.72,185.23,"temps"
"TokensAlign",185.23,185.69,"le"
"TokensAlign",185.69,186.39,"transition"
"TokensAlign",186.39,186.45,"le"
"TokensAlign",186.45,186.85,"les"
"TokensAlign",186.85,187.33,"réseaux"
"TokensAlign",187.33,187.82,"sociaux"
"TokensAlign",187.82,188.48,"#"
"TokensAlign",188.48,188.75,"c'est"
"TokensAlign",188.75,188.91,"fait"
"TokensAlign",188.91,189.12,"tout_le"
"TokensAlign",189.12,189.445,"temps"
"TokensAlign",189.445,192.315,"#"
"TokensAlign",192.315,192.569063,"oui"
"TokensAlign",192.569063,204.86,"#"
"TokensAlign",204.86,205.01,"on"
"TokensAlign",205.01,205.26,"peut"
"TokensAlign",205.26,205.43,"faire"
"TokensAlign",205.43,205.85,"plusieurs"
"TokensAlign",205.85,206.15,"pôles"
"TokensAlign",206.15,206.53,"plusieurs"
"TokensAlign",206.53,206.795,"points"
"TokensAlign",206.795,209.88,"#"
"TokensAlign",209.88,209.97,"et"
"TokensAlign",209.97,210.119063,"alors"
"TokensAlign",210.119063,213.14,"#"
"TokensAlign",213.14,213.66,"ça"
"TokensAlign",213.66,213.98,"ça"
"TokensAlign",213.98,214.475,"rentre"
"TokensAlign",214.475,216.685,"#"
"TokensAlign",216.685,216.725,"t"
"TokensAlign",216.725,216.765,"es"
"TokensAlign",216.765,217.015,"pas"
"TokensAlign",217.015,217.185,"mais"
"TokensAlign",217.185,217.315,"on"
"TokensAlign",217.315,217.365,"est"
"TokensAlign",217.365,217.535,"pas"
"TokensAlign",217.535,217.875,"obligé"
"TokensAlign",217.875,218.005,"de"
"TokensAlign",218.005,218.335,"mettre"
"TokensAlign",218.335,218.89,"hum"
"TokensAlign",218.89,221.42,"#"
"TokensAlign",221.42,221.57,"on"
"TokensAlign",221.57,221.64,"est"
"TokensAlign",221.64,221.71,"pas"
"TokensAlign",221.71,221.98,"obligé"
"TokensAlign",221.98,222.01,"d'"
"TokensAlign",222.01,222.31,"appeler"
"TokensAlign",222.31,222.42,"le"
"TokensAlign",222.42,222.71,"truc"
"TokensAlign",222.71,223.26,"transition"
"TokensAlign",223.26,223.755,"numérique"
"TokensAlign",223.755,239.01,"#"
"TokensAlign",239.01,239.15,"et"
"TokensAlign",239.15,239.37,"alors"
"TokensAlign",239.37,243.04,"#"
"TokensAlign",243.04,243.19,"on"
"TokensAlign",243.19,243.5,"peut"
"TokensAlign",243.5,243.6,"on"
"TokensAlign",243.6,243.72,"fait"
"TokensAlign",243.72,243.8,"ce"
"TokensAlign",243.8,243.85,"qu'"
"TokensAlign",243.85,243.95,"on"
"TokensAlign",243.95,244.21,"veut"
"TokensAlign",244.21,272.959984,"#"
"TokensAlign",272.959984,273.630232,"@"
"TokensAlign",273.630232,302.923502,"#"
"TokensAlign",302.923502,303.944063,"@"
"TokensAlign",303.944063,303.98406300000005,"j"
"TokensAlign",303.98406300000005,304.014063,"ai"
"TokensAlign",304.014063,304.074063,"l'"
"TokensAlign",304.074063,304.55406300000004,"impression"
"TokensAlign",304.55406300000004,304.584063,"de"
"TokensAlign",304.584063,304.66406300000006,"me"
"TokensAlign",304.66406300000006,304.974063,"faire"
"TokensAlign",304.974063,305.37406300000004,"engueuler"
"TokensAlign",305.37406300000004,305.54406300000005,"par"
"TokensAlign",305.54406300000005,305.68406300000004,"ma"
"TokensAlign",305.68406300000004,306.039757,"mère"
"TokensAlign",306.039757,306.448892,"#"
"TokensAlign",306.448892,307.413618,"@"
"TokensAlign",307.413618,309.766197,"#"
"TokensAlign",309.766197,310.578599,"@"
"TokensAlign",310.578599,316.59,"#"
"TokensAlign",316.59,316.91,"mais"
"TokensAlign",316.91,317.16,"qu'"
"TokensAlign",317.16,317.4,"est-ce_que"
"TokensAlign",317.4,317.57,"tu"
"TokensAlign",317.57,317.6,"me"
"TokensAlign",317.6,317.81,"parles"
"TokensAlign",317.81,317.88,"d'"
"TokensAlign",317.88,318.4,"emploi"
"TokensAlign",318.4,318.48999999999995,"ça"
"TokensAlign",318.48999999999995,318.67,"a"
"TokensAlign",318.67,318.88,"pris"
"TokensAlign",318.88,319.23999999999995,"trois"
"TokensAlign",319.23999999999995,319.67999999999995,"secondes"
"TokensAlign",319.67999999999995,319.84,"dans"
"TokensAlign",319.84,320.14,"mon"
"TokensAlign",320.14,320.28,"dans"
"TokensAlign",320.28,320.39,"mon"
"TokensAlign",320.39,320.86999999999995,"développement"
"TokensAlign",320.86999999999995,321.02,"les"
"TokensAlign",321.02,321.34,"emplois"
"TokensAlign",321.34,321.56,"tout"
"TokensAlign",321.56,321.61,"à"
"TokensAlign",321.61,321.64,"l'"
"TokensAlign",321.64,321.795,"heure"
"TokensAlign",321.795,365.36,"#"
"TokensAlign",365.36,365.56,"mh"
"TokensAlign",365.56,365.965,"@"
"TokensAlign",365.965,369.57,"#"
"TokensAlign",369.57,369.77,"les"
"TokensAlign",369.77,370.02,"ondes"
"TokensAlign",370.02,372.045,"#"
"TokensAlign",372.045,372.145,"moi"
"TokensAlign",372.145,372.205,"je"
"TokensAlign",372.205,372.415,"pense"
"TokensAlign",372.415,372.525,"que"
"TokensAlign",372.525,372.675,"c'est"
"TokensAlign",372.675,373.025,"peut-être"
"TokensAlign",373.025,373.145,"mieux"
"TokensAlign",373.145,373.315,"alors"
"TokensAlign",373.315,373.475,"si"
"TokensAlign",373.475,373.585,"on"
"TokensAlign",373.585,373.875,"degage"
"TokensAlign",373.875,374.085,"si"
"TokensAlign",374.085,374.185,"on"
"TokensAlign",374.185,374.535,"enlève"
"TokensAlign",374.535,374.81,"euh"
"TokensAlign",374.81,418.645,"#"
"TokensAlign",418.645,419.125,"regarde"
"TokensAlign",419.125,419.155,"on"
"TokensAlign",419.155,419.185,"est"
"TokensAlign",419.185,419.405,"en_train"
"TokensAlign",419.405,419.435,"de"
"TokensAlign",419.435,419.605,"faire"
"TokensAlign",419.605,419.725,"la"
"TokensAlign",419.725,420.105,"réunion"
"TokensAlign",420.105,420.175,"on"
"TokensAlign",420.175,420.215,"est"
"TokensAlign",420.215,420.475,"en_train"
"TokensAlign",420.475,420.525,"de"
"TokensAlign",420.525,420.935,"travailler"
"TokensAlign",420.935,421.005,"t'"
"TokensAlign",421.005,421.055,"es"
"TokensAlign",421.055,421.195,"sur"
"TokensAlign",421.195,421.325,"ton"
"TokensAlign",421.325,421.795,"téléphone"
"TokensAlign",421.795,436.035,"#"
"TokensAlign",436.035,436.145,"mais"
"TokensAlign",436.145,436.335,"tu"
"TokensAlign",436.335,436.50500000000005,"mets"
"TokensAlign",436.50500000000005,436.625,"les"
"TokensAlign",436.625,436.915,"réseaux"
"TokensAlign",436.915,437.065,"dans"
"TokensAlign",437.065,437.095,"le"
"TokensAlign",437.095,438.035,"téléphone"
"TokensAlign",438.035,449.415,"#"
"TokensAlign",449.415,449.695,"non"
"TokensAlign",449.695,449.805,"moi"
"TokensAlign",449.805,449.865,"je"
"TokensAlign",449.865,450.045,"pense"
"TokensAlign",450.045,450.155,"pas"
"TokensAlign",450.155,450.195,"que"
"TokensAlign",450.195,450.275,"ça"
"TokensAlign",450.275,450.415,"soit"
"TokensAlign",450.415,450.495,"une"
"TokensAlign",450.495,450.655,"bonne"
"TokensAlign",450.655,450.845,"idée"
"TokensAlign",450.845,450.935,"de"
"TokensAlign",450.935,450.965,"le"
"TokensAlign",450.965,451.165,"mettre"
"TokensAlign",451.165,451.295,"sur"
"TokensAlign",451.295,451.655,"plusieurs"
"TokensAlign",451.655,451.937813,"jours"
"TokensAlign",451.937813,463.260938,"#"
"TokensAlign",463.260938,463.514063,"oui"
"TokensAlign",463.514063,471.775,"#"
"TokensAlign",471.775,471.905,"oui"
"TokensAlign",471.905,472.045,"ça"
"TokensAlign",472.045,472.185,"fait"
"TokensAlign",472.185,472.395,"rater"
"TokensAlign",472.395,472.425,"l'"
"TokensAlign",472.425,472.705,"école"
"TokensAlign",472.705,482.14,"#"
"TokensAlign",482.14,482.35,"mais"
"TokensAlign",482.35,482.5,"bien"
"TokensAlign",482.5,482.73,"sûr"
"TokensAlign",482.73,483.14,"que"
"TokensAlign",483.14,483.2,"si"
"TokensAlign",483.2,483.26,"mais"
"TokensAlign",483.26,483.41,"c'est"
"TokensAlign",483.41,483.62,"trop"
"TokensAlign",483.62,483.88,"long"
"TokensAlign",483.88,484.21,"plusieurs"
"TokensAlign",484.21,484.44,"jours"
"TokensAlign",484.44,484.49,"il"
"TokensAlign",484.49,484.65,"faut"
"TokensAlign",484.65,484.72,"qu'"
"TokensAlign",484.72,484.93,"une"
"TokensAlign",484.93,485.1,"une"
"TokensAlign",485.1,485.44,"journée"
"TokensAlign",485.44,485.58,"c'est"
"TokensAlign",485.58,485.84,"bien"
"TokensAlign",485.84,486.16,"déjà"
"TokensAlign",486.16,499.665,"#"
"TokensAlign",499.665,499.815,"et"
"TokensAlign",499.815,499.845,"l'"
"TokensAlign",499.845,500.245,"après-midi"
"TokensAlign",500.245,500.415,"sur"
"TokensAlign",500.415,500.525,"les"
"TokensAlign",500.525,500.976563,"réseaux"
"TokensAlign",500.976563,507.48,"#"
"TokensAlign",507.48,507.6,"ben"
"TokensAlign",507.6,507.82,"ça"
"TokensAlign",507.82,508.02,"va"
"TokensAlign",508.02,508.49,"sur"
"TokensAlign",508.49,508.77,"+"
"TokensAlign",508.77,509.07,"danger"
"TokensAlign",509.07,509.19,"des"
"TokensAlign",509.19,509.4,"réseaux"
"TokensAlign",509.4,509.58,"ça"
"TokensAlign",509.58,509.74,"va"
"TokensAlign",509.74,509.86,"dans"
"TokensAlign",509.86,509.89,"le"
"TokensAlign",509.89,510.415,"téléphone"
"TokensAlign",510.415,522.815,"#"
"TokensAlign",522.815,522.9250000000001,"ça"
"TokensAlign",522.9250000000001,523.095,"c'est"
"TokensAlign",523.095,523.375,"juste"
"TokensAlign",523.375,523.4350000000001,"un"
"TokensAlign",523.4350000000001,523.7550000000001,"problème"
"TokensAlign",523.7550000000001,523.7950000000001,"d'"
"TokensAlign",523.7950000000001,524.115,"ego"
"TokensAlign",524.115,524.205,"je"
"TokensAlign",524.205,524.495,"pense"
"TokensAlign",524.495,524.835,"en_fait"
"TokensAlign",524.835,525.185,"#"
"TokensAlign",525.185,526.265252,"@"
"TokensAlign",526.265252,531.334851,"#"
"TokensAlign",531.334851,532.908878,"@"
"TokensAlign",532.908878,533.805905,"#"
"TokensAlign",533.805905,536.92011,"@"
"TokensAlign",536.92011,537.309386,"#"
"TokensAlign",537.309386,538.037162,"@"
"TokensAlign",538.037162,539.289614,"#"
"TokensAlign",539.289614,540.660541,"*"
"TokensAlign",540.660541,601.56,"#"
"TokensAlign",601.56,601.67,"tu"
"TokensAlign",601.67,602.06,"chipotes"
"TokensAlign",602.06,602.26,"c'est"
"TokensAlign",602.26,602.4699999999999,"trop"
"TokensAlign",602.4699999999999,602.88,"précis"
"TokensAlign",602.88,603.239063,"SPEAKER_0"
"TokensAlign",603.239063,605.165,"#"
"TokensAlign",605.165,605.47,"non"
"TokensAlign",605.47,605.665,"#"
"TokensAlign",605.665,605.8449999999999,"non"
"TokensAlign",605.8449999999999,606.145,"non"
"TokensAlign",606.145,632.865,"#"
"TokensAlign",632.865,633.255,"ouais"
"TokensAlign",633.255,633.455,"#"
"TokensAlign",633.455,633.681563,"ouais"
"TokensAlign",633.681563,646.605,"#"
"TokensAlign",646.605,646.705,"mais"
"TokensAlign",646.705,646.785,"on"
"TokensAlign",646.785,646.895,"s'"
"TokensAlign",646.895,647.015,"en"
"TokensAlign",647.015,647.235,"fout"
"TokensAlign",647.235,647.345,"du"
"TokensAlign",647.345,647.775,"nom"
"TokensAlign",647.775,648.065,"on"
"TokensAlign",648.065,648.3050000000001,"parle"
"TokensAlign",648.3050000000001,648.385,"du"
"TokensAlign",648.385,648.815,"contenu"
"TokensAlign",648.815,649.105,"c'est"
"TokensAlign",649.105,649.285,"plus"
"TokensAlign",649.285,649.395,"un"
"TokensAlign",649.395,649.885,"détail"
"TokensAlign",649.885,649.915,"le"
"TokensAlign",649.915,650.315,"nom"
"TokensAlign",650.315,650.6750000000001,"SPEAKER_0"
"TokensAlign",650.6750000000001,651.265,"tu"
"TokensAlign",651.265,651.775,"chipotes"
"TokensAlign",651.775,651.945,"tu"
"TokensAlign",651.945,652.325,"chipotes"
"TokensAlign",652.325,652.505,"pour"
"TokensAlign",652.505,652.5450000000001,"qu'"
"TokensAlign",652.5450000000001,652.655,"on"
"TokensAlign",652.655,652.845,"prenne"
"TokensAlign",652.845,652.955,"tes"
"TokensAlign",652.955,653.1850000000001,"réseaux"
"TokensAlign",653.1850000000001,653.505,"sociaux"
"TokensAlign",653.505,653.585,"et"
"TokensAlign",653.585,653.735,"pas"
"TokensAlign",653.735,653.765,"le"
"TokensAlign",653.765,654.275,"téléphone"
"TokensAlign",654.275,654.4350000000001,"fais"
"TokensAlign",654.4350000000001,654.535,"un"
"TokensAlign",654.535,654.955,"effort"
"TokensAlign",654.955,655.495,"+"
"TokensAlign",655.495,655.635,"c'est"
"TokensAlign",655.635,655.735,"un"
"TokensAlign",655.735,656.025,"travail"
"TokensAlign",656.025,656.105,"d'"
"TokensAlign",656.105,656.345,"équipe"
"TokensAlign",656.345,656.4250000000001,"pas"
"TokensAlign",656.4250000000001,656.505,"une"
"TokensAlign",656.505,657.2,"compétition"
"TokensAlign",657.2,662.005,"#"
"TokensAlign",662.005,662.115,"on"
"TokensAlign",662.115,662.215,"se"
"TokensAlign",662.215,662.265,"le"
"TokensAlign",662.265,662.325,"fait"
"TokensAlign",662.325,662.465,"on"
"TokensAlign",662.465,662.555,"se"
"TokensAlign",662.555,662.665,"le"
"TokensAlign",662.665,662.785,"fait"
"TokensAlign",662.785,662.885,"au"
"TokensAlign",662.885,663.345,"vote"
"TokensAlign",663.345,663.485,"si"
"TokensAlign",663.485,663.625,"tu"
"TokensAlign",663.625,663.835,"perds"
"TokensAlign",663.835,663.935,"le"
"TokensAlign",663.935,664.165,"vote"
"TokensAlign",664.165,664.295,"tu"
"TokensAlign",664.295,664.335,"n'"
"TokensAlign",664.335,664.425,"as"
"TokensAlign",664.425,664.735,"zéro"
"TokensAlign",664.735,664.955,"temps"
"TokensAlign",664.955,665.115,"sur"
"TokensAlign",665.115,665.195,"les"
"TokensAlign",665.195,665.405,"réseaux"
"TokensAlign",665.405,665.715,"sociaux"
"TokensAlign",665.715,665.835,"dans"
"TokensAlign",665.835,665.875,"l'"
"TokensAlign",665.875,666.245,"événement"
"TokensAlign",666.245,667.05,"#"
"TokensAlign",667.05,667.805,"@"
"TokensAlign",667.805,673.171327,"#"
"TokensAlign",673.171327,673.411327,"non"
"TokensAlign",673.411327,673.574063,"mais"
"TokensAlign",673.574063,675.82,"#"
"TokensAlign",675.82,676.165,"ouais"
"TokensAlign",676.165,677.08,"#"
"TokensAlign",677.08,677.45,"ouais"
"TokensAlign",677.45,712.01,"#"
"TokensAlign",712.01,712.825,"@"
"TokensAlign",712.825,715.302098,"#"
"TokensAlign",715.302098,716.5207,"@"
"TokensAlign",716.5207,726.17,"#"
"TokensAlign",726.17,726.54,"ouais"
"TokensAlign",726.54,726.814688,"@"
"TokensAlign",726.814688,735.41,"#"
"TokensAlign",735.41,735.6,"pendant"
"TokensAlign",735.6,735.7199999999999,"la"
"TokensAlign",735.7199999999999,736.0699999999999,"période"
"TokensAlign",736.0699999999999,736.555,"scolaire"
"TokensAlign",736.555,737.895,"#"
"TokensAlign",737.895,738.0649999999999,"pendant"
"TokensAlign",738.0649999999999,738.155,"la"
"TokensAlign",738.155,738.435,"période"
"TokensAlign",738.435,738.785,"scolaire"
"TokensAlign",738.785,739.095,"sortie"
"TokensAlign",739.095,739.495,"scolaire"
"TokensAlign",739.495,752.42,"#"
"TokensAlign",752.42,752.7099999999999,"hein"
"TokensAlign",752.7099999999999,753.23,"ilias"
"TokensAlign",753.23,753.98,"#"
"TokensAlign",753.98,755.147813,"@"
"TokensAlign",755.147813,764.155,"#"
"TokensAlign",764.155,764.89,"non"
"TokensAlign",764.89,765.035,"#"
"TokensAlign",765.035,765.255,"pas"
"TokensAlign",765.255,765.395,"en"
"TokensAlign",765.395,765.805,"milieu"
"TokensAlign",765.805,790.05,"#"
"TokensAlign",790.05,790.555,"non"
"TokensAlign",790.555,792.54,"#"
"TokensAlign",792.54,792.67,"un"
"TokensAlign",792.67,793.14,"mercredi"
"TokensAlign",793.14,794.035,"après-midi"
"TokensAlign",794.035,794.325,"#"
"TokensAlign",794.325,794.4150000000001,"un"
"TokensAlign",794.4150000000001,794.865,"mercredi"
"TokensAlign",794.865,795.005,"la"
"TokensAlign",795.005,795.36,"journée"
"TokensAlign",795.36,796.57,"#"
"TokensAlign",796.57,796.74,"parce"
"TokensAlign",796.74,796.7800000000001,"qu'"
"TokensAlign",796.7800000000001,796.9100000000001,"ils"
"TokensAlign",796.9100000000001,797.0100000000001,"ont"
"TokensAlign",797.0100000000001,797.12,"pas"
"TokensAlign",797.12,797.44,"école"
"TokensAlign",797.44,797.5,"le"
"TokensAlign",797.5,797.9100000000001,"mercredi"
"TokensAlign",797.9100000000001,798.34,"après-midi"
"TokensAlign",798.34,799.02,"#"
"TokensAlign",799.02,799.16,"ça"
"TokensAlign",799.16,799.5,"mangera"
"TokensAlign",799.5,799.56,"une"
"TokensAlign",799.56,799.81,"journée"
"TokensAlign",799.81,799.89,"d'"
"TokensAlign",799.89,800.12,"une"
"TokensAlign",800.12,800.47,"après-midi"
"TokensAlign",800.47,802.82,"#"
"TokensAlign",802.82,803.37,"arrête"
"TokensAlign",803.37,803.94,"#"
"TokensAlign",803.94,804.0400000000001,"c'est"
"TokensAlign",804.0400000000001,804.275,"vrai"
"TokensAlign",804.275,807.025,"#"
"TokensAlign",807.025,807.305,"ben"
"TokensAlign",807.305,807.5749999999999,"mais"
"TokensAlign",807.5749999999999,807.9449999999999,"du_coup"
"TokensAlign",807.9449999999999,808.0649999999999,"c'est"
"TokensAlign",808.0649999999999,808.175,"pas"
"TokensAlign",808.175,808.235,"un"
"TokensAlign",808.235,808.355,"jour"
"TokensAlign",808.355,808.395,"d'"
"TokensAlign",808.395,808.605,"école"
"TokensAlign",808.605,808.865,"alors"
"TokensAlign",808.865,808.895,"le"
"TokensAlign",808.895,809.384063,"mercredi"
"TokensAlign",809.384063,811.57,"#"
"TokensAlign",811.57,811.6800000000001,"l"
"TokensAlign",811.6800000000001,811.9000000000001,"école"
"TokensAlign",811.9000000000001,812.0300000000001,"elle"
"TokensAlign",812.0300000000001,812.3000000000001,"viendra"
"TokensAlign",812.3000000000001,812.4000000000001,"pas"
"TokensAlign",812.4000000000001,812.47,"un"
"TokensAlign",812.47,813.035,"mercredi"
"TokensAlign",813.035,823.491563,"#"
"TokensAlign",823.491563,823.741563,"moi"
"TokensAlign",823.741563,823.881563,"je"
"TokensAlign",823.881563,824.111563,"pense"
"TokensAlign",824.111563,824.171563,"que"
"TokensAlign",824.171563,824.301563,"c'est"
"TokensAlign",824.301563,824.421563,"pas"
"TokensAlign",824.421563,824.481563,"une"
"TokensAlign",824.481563,824.621563,"bonne"
"TokensAlign",824.621563,824.791563,"idée"
"TokensAlign",824.791563,824.8315630000001,"le"
"TokensAlign",824.8315630000001,825.231563,"vendredi"
"TokensAlign",825.231563,825.511563,"parce_que"
"TokensAlign",825.511563,825.7215630000001,"du_coup"
"TokensAlign",825.7215630000001,825.801563,"les"
"TokensAlign",825.801563,826.0715630000001,"parents"
"TokensAlign",826.0715630000001,826.111563,"ils"
"TokensAlign",826.111563,826.231563,"vont"
"TokensAlign",826.231563,826.261563,"te"
"TokensAlign",826.261563,826.4515630000001,"dire"
"TokensAlign",826.4515630000001,826.781563,"ouais"
"TokensAlign",826.781563,826.9415630000001,"ben"
"TokensAlign",826.9415630000001,827.0615630000001,"t'"
"TokensAlign",827.0615630000001,827.101563,"as"
"TokensAlign",827.101563,827.1815630000001,"une"
"TokensAlign",827.1815630000001,827.541563,"sortie"
"TokensAlign",827.541563,827.631563,"ben"
"TokensAlign",827.631563,827.7115630000001,"on"
"TokensAlign",827.7115630000001,827.871563,"part"
"TokensAlign",827.871563,827.911563,"en"
"TokensAlign",827.911563,828.233438,"week-end"
"TokensAlign",828.233438,830.45,"#"
"TokensAlign",830.45,830.5600000000001,"alors"
"TokensAlign",830.5600000000001,830.69,"moi"
"TokensAlign",830.69,831.01,"franchement"
"TokensAlign",831.01,831.12,"ma"
"TokensAlign",831.12,831.24,"mère"
"TokensAlign",831.24,831.2700000000001,"elle"
"TokensAlign",831.2700000000001,831.3000000000001,"n'"
"TokensAlign",831.3000000000001,831.33,"a"
"TokensAlign",831.33,831.5600000000001,"rien"
"TokensAlign",831.5600000000001,831.61,"à"
"TokensAlign",831.61,831.87,"foutre"
"TokensAlign",831.87,831.9200000000001,"hein"
"TokensAlign",831.9200000000001,832.0600000000001,"que"
"TokensAlign",832.0600000000001,832.13,"j'"
"TokensAlign",832.13,832.2700000000001,"aille"
"TokensAlign",832.2700000000001,832.39,"là"
"TokensAlign",832.39,849.475,"#"
"TokensAlign",849.475,849.715,"moi"
"TokensAlign",849.715,850.0450000000001,"je"
"TokensAlign",850.0450000000001,850.205,"suis"
"TokensAlign",850.205,850.335,"pas"
"TokensAlign",850.335,850.5550000000001,"chaud"
"TokensAlign",850.5550000000001,850.585,"le"
"TokensAlign",850.585,851.05,"vendredi"
"TokensAlign",851.05,855.125,"#"
"TokensAlign",855.125,855.67,"exactement"
"TokensAlign",855.67,857.715,"#"
"TokensAlign",857.715,857.885,"et"
"TokensAlign",857.885,858.125,"non"
"TokensAlign",858.125,858.4250000000001,"parce_que"
"TokensAlign",858.4250000000001,858.525,"le"
"TokensAlign",858.525,858.8050000000001,"lundi"
"TokensAlign",858.8050000000001,859.235,"en_général"
"TokensAlign",859.235,859.325,"les"
"TokensAlign",859.325,859.585,"parents"
"TokensAlign",859.585,859.615,"ils"
"TokensAlign",859.615,860.145,"reviennent"
"TokensAlign",860.145,860.455,"réunion"
"TokensAlign",860.455,860.585,"du"
"TokensAlign",860.585,860.7850000000001,"pr-"
"TokensAlign",860.7850000000001,860.9050000000001,"de"
"TokensAlign",860.9050000000001,861.005,"la"
"TokensAlign",861.005,861.345,"semaine"
"TokensAlign",861.345,861.4250000000001,"et"
"TokensAlign",861.4250000000001,862.195,"tout"
"TokensAlign",862.195,862.335,"mais"
"TokensAlign",862.335,862.4250000000001,"je"
"TokensAlign",862.4250000000001,862.525,"suis"
"TokensAlign",862.525,862.705,"pas"
"TokensAlign",862.705,863.475,"chaud"
"TokensAlign",863.475,863.855,"le"
"TokensAlign",863.855,863.995,"le"
"TokensAlign",863.995,864.66,"#"
"TokensAlign",864.66,864.7199999999999,"mh"
"TokensAlign",864.7199999999999,865.235,"non"
"TokensAlign",865.235,865.8,"#"
"TokensAlign",865.8,865.975,"si"
"TokensAlign",865.975,868.12,"#"
"TokensAlign",868.12,868.35,"nous"
"TokensAlign",868.35,868.51,"les"
"TokensAlign",868.51,868.82,"réunions"
"TokensAlign",868.82,868.97,"c'est"
"TokensAlign",868.97,869.09,"le"
"TokensAlign",869.09,869.43,"lundi"
"TokensAlign",869.43,869.94,"#"
"TokensAlign",869.94,870.0400000000001,"mais"
"TokensAlign",870.0400000000001,870.21,"bon"
"TokensAlign",870.21,870.5100000000001,"bref"
"TokensAlign",870.5100000000001,870.6700000000001,"mais"
"TokensAlign",870.6700000000001,870.73,"je"
"TokensAlign",870.73,870.83,"suis"
"TokensAlign",870.83,870.94,"pas"
"TokensAlign",870.94,871.12,"chaud"
"TokensAlign",871.12,871.25,"ni"
"TokensAlign",871.25,871.5500000000001,"lundi"
"TokensAlign",871.5500000000001,871.6500000000001,"ni"
"TokensAlign",871.6500000000001,872.025,"vendredi"
"TokensAlign",872.025,872.57,"#"
"TokensAlign",872.57,872.6400000000001,"bon"
"TokensAlign",872.6400000000001,872.6800000000001,"on"
"TokensAlign",872.6800000000001,872.7700000000001,"s'"
"TokensAlign",872.7700000000001,872.85,"en"
"TokensAlign",872.85,872.99,"fout"
"TokensAlign",872.99,873.1400000000001,"on"
"TokensAlign",873.1400000000001,873.46,"voulait"
"TokensAlign",873.46,873.61,"faire"
"TokensAlign",873.61,873.73,"ça"
"TokensAlign",873.73,873.895,"quand"
"TokensAlign",873.895,874.47,"#"
"TokensAlign",874.47,874.71,"franchement"
"TokensAlign",874.71,874.7900000000001,"je"
"TokensAlign",874.7900000000001,874.82,"m'"
"TokensAlign",874.82,874.88,"en"
"TokensAlign",874.88,875.0739,"fiche"
"TokensAlign",875.0739,878.564872,"#"
"TokensAlign",878.564872,879.614224,"@"
"TokensAlign",879.614224,894.535313,"#"
"TokensAlign",894.535313,894.7053129999999,"à"
"TokensAlign",894.7053129999999,894.8253129999999,"la"
"TokensAlign",894.8253129999999,895.315,"rentrée"
"TokensAlign",895.315,899.58,"#"
"TokensAlign",899.58,899.72,"il"
"TokensAlign",899.72,899.86,"faut"
"TokensAlign",899.86,899.95,"une"
"TokensAlign",899.95,900.1700000000001,"date"
"TokensAlign",900.1700000000001,900.5400000000001,"précise"
"TokensAlign",900.5400000000001,900.59,"ou"
"TokensAlign",900.59,900.83,"pas"
"TokensAlign",900.83,902.14,"#"
"TokensAlign",902.14,902.365312,"SPEAKER_2"
"TokensAlign",902.365312,905.3,"#"
"TokensAlign",905.3,905.485,"ah"
"TokensAlign",905.485,955.46,"#"
"TokensAlign",955.46,955.6,"c'est"
"TokensAlign",955.6,955.75,"pas"
"TokensAlign",955.75,955.78,"le"
"TokensAlign",955.78,955.98,"bon"
"TokensAlign",955.98,956.42,"public"
"TokensAlign",956.42,956.49,"qu'"
"TokensAlign",956.49,956.65,"on"
"TokensAlign",956.65,957.07,"cible"
"TokensAlign",957.07,957.2,"là"
"TokensAlign",957.2,957.43,"pour"
"TokensAlign",957.43,957.61,"faire"
"TokensAlign",957.61,957.86,"venir"
"TokensAlign",957.86,958.19,"marc"
"TokensAlign",958.19,958.59,"euh"
"TokensAlign",958.59,997.29,"#"
"TokensAlign",997.29,997.4,"moi"
"TokensAlign",997.4,997.46,"je"
"TokensAlign",997.46,997.69,"trouve"
"TokensAlign",997.69,997.81,"que"
"TokensAlign",997.81,998.03,"c'est"
"TokensAlign",998.03,998.3,"très"
"TokensAlign",998.3,998.625,"bien"
"TokensAlign",998.625,999.78,"#"
"TokensAlign",999.78,1000.245,"après"
"TokensAlign",1000.245,1012.928048,"#"
"TokensAlign",1012.928048,1013.028048,"mh"
"TokensAlign",1013.028048,1013.606364,"mh"
"TokensAlign",1013.606364,1027.34,"#"
"TokensAlign",1027.34,1028.1,"cyberharcèlement"
"TokensAlign",1028.1,1046.345,"#"
"TokensAlign",1046.345,1047.58215,"@"
"TokensAlign",1047.58215,1050.318034,"#"
"TokensAlign",1050.318034,1052.304233,"@"
"TokensAlign",1052.304233,1062.995,"#"
"TokensAlign",1062.995,1063.155,"un"
"TokensAlign",1063.155,1063.3249999999998,"av-"
"TokensAlign",1063.3249999999998,1064.37,"euh"
"TokensAlign",1064.37,1089.105,"#"
"TokensAlign",1089.105,1089.355,"mais"
"TokensAlign",1089.355,1089.745,"c-"
"TokensAlign",1089.745,1089.875,"on"
"TokensAlign",1089.875,1090.115,"avait"
"TokensAlign",1090.115,1090.31,"vu"
"TokensAlign",1090.31,1099.335,"#"
"TokensAlign",1099.335,1099.945,"addictologues"
"TokensAlign",1099.945,1100.494688,"neurologues"
"TokensAlign",1100.494688,1102.384688,"#"
"TokensAlign",1102.384688,1102.7646880000002,"ben"
"TokensAlign",1102.7646880000002,1102.924688,"c'est"
"TokensAlign",1102.924688,1103.2846880000002,"tout"
"TokensAlign",1103.2846880000002,1103.424688,"il"
"TokensAlign",1103.424688,1103.5646880000002,"en"
"TokensAlign",1103.5646880000002,1103.704688,"faut"
"TokensAlign",1103.704688,1103.955,"que"
"TokensAlign",1103.955,1104.23,"#"
"TokensAlign",1104.23,1104.515,"trois"
"TokensAlign",1104.515,1145.165,"#"
"TokensAlign",1145.165,1145.625,"briant"
"TokensAlign",1145.625,1187.81,"#"
"TokensAlign",1187.81,1187.91,"moi"
"TokensAlign",1187.91,1188.02,"je"
"TokensAlign",1188.02,1188.05,"me"
"TokensAlign",1188.05,1188.31,"demande"
"TokensAlign",1188.31,1188.35,"ce"
"TokensAlign",1188.35,1188.45,"que"
"TokensAlign",1188.45,1188.59,"ça"
"TokensAlign",1188.59,1188.66,"va"
"TokensAlign",1188.66,1188.84,"être"
"TokensAlign",1188.84,1188.91,"la"
"TokensAlign",1188.91,1189.25,"troisième"
"TokensAlign",1189.25,1189.44,"étape"
"TokensAlign",1189.44,1196.960831,"#"
"TokensAlign",1196.960831,1198.331759,"@"
"TokensAlign",1198.331759,1216.475,"#"
"TokensAlign",1216.475,1216.635,"elle"
"TokensAlign",1216.635,1216.665,"est"
"TokensAlign",1216.665,1217.09,"mignonne"
"PronTokAlign",0.0,51.96,"#=0.0"
"PronTokAlign",51.96,52.2,"w-E"
"PronTokAlign",52.2,52.36,"m-w-A/"
"PronTokAlign",52.36,52.57,"n-O~=0.298"
"PronTokAlign",52.57,52.67,"Z=0.498"
"PronTokAlign",52.67,52.78,"s-y-i=0.972"
"PronTokAlign",52.78,53.15,"d-A/-k-O/-R"
"PronTokAlign",53.15,54.305,"#=0.0"
"PronTokAlign",54.305,54.415,"Z=0.555"
"PronTokAlign",54.415,54.585,"v-w-A/=0.886"
"PronTokAlign",54.585,54.755,"p-A/=0.859"
"PronTokAlign",54.755,54.845,"l-@=0.447"
"PronTokAlign",54.845,55.025,"b-y=0.759"
"PronTokAlign",55.025,55.175,"d-@=0.676"
"PronTokAlign",55.175,55.345,"f-E-R=0.717"
"PronTokAlign",55.345,55.515,"U~/-n=0.645"
"PronTokAlign",55.515,55.885,"e-v-E-n-m-a~=0.603"
"PronTokAlign",55.885,56.065,"s-y-R"
"PronTokAlign",56.065,56.515,"A/-m-A/-z-O/-n"
"PronTokAlign",56.515,63.272321,"#=0.0"
"PronTokAlign",63.272321,63.565647,"m=0.0"
"PronTokAlign",63.565647,67.985,"#=0.0"
"PronTokAlign",67.985,68.045,"S=0.734"
"PronTokAlign",68.045,68.225,"p-a~-s=0.957"
"PronTokAlign",68.225,68.325,"k-@=0.668"
"PronTokAlign",68.325,68.385,"t"
"PronTokAlign",68.385,68.425,"A/=0.965"
"PronTokAlign",68.425,68.55499999999999,"p-A/=0.94"
"PronTokAlign",68.55499999999999,68.725,"b-j-U~/=0.698"
"PronTokAlign",68.725,69.025,"s-e-z-i=0.553"
"PronTokAlign",69.025,69.145,"l-@=0.565"
"PronTokAlign",69.145,69.595,"p-R-U~/-s-i-p=0.878"
"PronTokAlign",69.595,69.645,"d=0.41"
"PronTokAlign",69.645,69.675,"l"
"PronTokAlign",69.675,70.115,"e-v-E-n-m-a~=0.655"
"PronTokAlign",70.115,97.914042,"#=0.0"
"PronTokAlign",97.914042,98.195326,"laugh=0.0"
"PronTokAlign",98.195326,107.484548,"#=0.0"
"PronTokAlign",107.484548,108.811638,"laugh=0.0"
"PronTokAlign",108.811638,109.375313,"#=0.0"
"PronTokAlign",109.375313,109.785,"n-O/=0.427"
"PronTokAlign",109.785,110.81,"#=0.0"
"PronTokAlign",110.81,110.97,"k-i=0.72"
"PronTokAlign",110.97,111.17,"v-O/-t=0.727"
"PronTokAlign",111.17,111.43,"p-u-R"
"PronTokAlign",111.43,111.82,"a~-l-v-e=0.419"
"PronTokAlign",111.82,112.43,"A/-m-A/-z-O/-n"
"PronTokAlign",112.43,114.205,"#=0.0"
"PronTokAlign",114.205,114.345,"u"
"PronTokAlign",114.345,114.645,"A/-l-R=0.615"
"PronTokAlign",114.645,114.775,"l-@=0.558"
"PronTokAlign",114.775,115.155,"t-u-R-n-e-R=0.955"
"PronTokAlign",115.155,115.535,"t-R-2-m-a~=0.639"
"PronTokAlign",115.535,115.665,"d-y=0.785"
"PronTokAlign",115.665,115.895,"m-w-U~/-z=0.639"
"PronTokAlign",115.895,127.536066,"#=0.0"
"PronTokAlign",127.536066,128.142763,"noise=0.0"
"PronTokAlign",128.142763,129.021029,"#=0.0"
"PronTokAlign",129.021029,129.314355,"m=0.0"
"PronTokAlign",129.314355,150.705,"#=0.0"
"PronTokAlign",150.705,150.82500000000002,"O~=0.598"
"PronTokAlign",150.82500000000002,150.955,"p-@=0.705"
"PronTokAlign",150.955,151.025,"l"
"PronTokAlign",151.025,151.835,"U~/-k-l-y-R-@=0.672"
"PronTokAlign",151.835,152.015,"d-a~=0.522"
"PronTokAlign",152.015,152.175,"d-a~-z=0.843"
"PronTokAlign",152.175,152.235,"U~/=0.741"
"PronTokAlign",152.235,152.265,"t=0.38"
"PronTokAlign",152.265,152.44500000000002,"n-O/=0.899"
"PronTokAlign",152.44500000000002,152.727188,"t-E-m=0.561"
"PronTokAlign",152.727188,163.699495,"#=0.0"
"PronTokAlign",163.699495,164.007809,"noise=0.0"
"PronTokAlign",164.007809,182.99,"#=0.0"
"PronTokAlign",182.99,183.24,"s-e"
"PronTokAlign",183.24,183.59,"f-E=0.44"
"PronTokAlign",183.59,184.41,"p-A/-R-t-u=0.703"
"PronTokAlign",184.41,184.54,"#=0.0"
"PronTokAlign",184.54,184.72,"t-u-l=0.642"
"PronTokAlign",184.72,185.23,"t-a~=0.75"
"PronTokAlign",185.23,185.69,"l-@=0.995"
"PronTokAlign",185.69,186.39,"t-R-a~-z-i-s-j-O~"
"PronTokAlign",186.39,186.45,"l=0.53"
"PronTokAlign",186.45,186.85,"l-E=0.483"
"PronTokAlign",186.85,187.33,"R-E-z-O/=0.514"
"PronTokAlign",187.33,187.82,"s-O/-s-j-O/=0.883"
"PronTokAlign",187.82,188.48,"#=0.0"
"PronTokAlign",188.48,188.75,"s-e"
"PronTokAlign",188.75,188.91,"f-e=0.272"
"PronTokAlign",188.91,189.12,"t-u-l=0.581"
"PronTokAlign",189.12,189.445,"t-a~=0.636"
"PronTokAlign",189.445,192.315,"#=0.0"
"PronTokAlign",192.315,192.569063,"u-i=0.53"
"PronTokAlign",192.569063,204.86,"#=0.0"
"PronTokAlign",204.86,205.01,"O~=0.75"
"PronTokAlign",205.01,205.26,"p-2-t=0.504"
"PronTokAlign",205.26,205.43,"f-E-R=0.857"
"PronTokAlign",205.43,205.85,"p-l-y-z-j-9-R=0.892"
"PronTokAlign",205.85,206.15,"p-O/-l=0.709"
"PronTokAlign",206.15,206.53,"p-l-y-z-j-9-R=0.708"
"PronTokAlign",206.53,206.795,"p-w-U~/-z=0.509"
"PronTokAlign",206.795,209.88,"#=0.0"
"PronTokAlign",209.88,209.97,"e=0.783"
"PronTokAlign",209.97,210.119063,"A/-l-R=0.58"
"PronTokAlign",210.119063,213.14,"#=0.0"
"PronTokAlign",213.14,213.66,"s-A/"
"PronTokAlign",213.66,213.98,"s-A/=0.993"
"PronTokAlign",213.98,214.475,"R-a~-t-R=0.888"
"PronTokAlign",214.475,216.685,"#=0.0"
"PronTokAlign",216.685,216.725,"t=0.987"
"PronTokAlign",216.725,216.765,"E=0.488"
"PronTokAlign",216.765,217.015,"p-A/=0.503"
"PronTokAlign",217.015,217.185,"m-E=0.468"
"PronTokAlign",217.185,217.315,"O~-n=0.584"
"PronTokAlign",217.315,217.365,"E=0.366"
"PronTokAlign",217.365,217.535,"p-A/=0.919"
"PronTokAlign",217.535,217.875,"O/-b-l-i-Z-e"
"PronTokAlign",217.875,218.005,"d-@=0.655"
"PronTokAlign",218.005,218.335,"m-E-t-R=0.624"
"PronTokAlign",218.335,218.89,"@-m"
"PronTokAlign",218.89,221.42,"#=0.0"
"PronTokAlign",221.42,221.57,"O~-n=0.514"
"PronTokAlign",221.57,221.64,"E=0.573"
"PronTokAlign",221.64,221.71,"p-A/=0.945"
"PronTokAlign",221.71,221.98,"O/-b-l-i-Z-e"
"PronTokAlign",221.98,222.01,"d=0.86"
"PronTokAlign",222.01,222.31,"A/-p-l-e=0.695"
"PronTokAlign",222.31,222.42,"l-@=0.574"
"PronTokAlign",222.42,222.71,"t-R-y-k"
"PronTokAlign",222.71,223.26,"t-R-a~-z-i-s-j-O~"
"PronTokAlign",223.26,223.755,"n-y-m-E-R-i-k=0.846"
"PronTokAlign",223.755,239.01,"#=0.0"
"PronTokAlign",239.01,239.15,"e=0.653"
"PronTokAlign",239.15,239.37,"A/-l-R=0.552"
"PronTokAlign",239.37,243.04,"#=0.0"
"PronTokAlign",243.04,243.19,"O~=0.571"
"PronTokAlign",243.19,243.5,"p-@=0.402"
"PronTokAlign",243.5,243.6,"O~=0.899"
"PronTokAlign",243.6,243.72,"f-E=0.425"
"PronTokAlign",243.72,243.8,"s=0.833"
"PronTokAlign",243.8,243.85,"k"
"PronTokAlign",243.85,243.95,"O~=0.685"
"PronTokAlign",243.95,244.21,"v-2-t=0.665"
"PronTokAlign",244.21,272.959984,"#=0.0"
"PronTokAlign",272.959984,273.630232,"laugh=0.0"
"PronTokAlign",273.630232,302.923502,"#=0.0"
"PronTokAlign",302.923502,303.944063,"laugh=0.0"
"PronTokAlign",303.944063,303.98406300000005,"Z"
"PronTokAlign",303.98406300000005,304.014063,"e=0.623"
"PronTokAlign",304.014063,304.074063,"l"
"PronTokAlign",304.074063,304.55406300000004,"U~/-p-R-e-s-j-O~=0.707"
"PronTokAlign",304.55406300000004,304.584063,"d=0.607"
"PronTokAlign",304.584063,304.66406300000006,"m-@=0.773"
"PronTokAlign",304.66406300000006,304.974063,"f-E-R-@=0.504"
"PronTokAlign",304.974063,305.37406300000004,"a~-g-2-l-e=0.66"
"PronTokAlign",305.37406300000004,305.54406300000005,"p-A/-R"
"PronTokAlign",305.54406300000005,305.68406300000004,"m-A/"
"PronTokAlign",305.68406300000004,306.039757,"m-E-R=0.616"
"PronTokAlign",306.039757,306.448892,"#=0.0"
"PronTokAlign",306.448892,307.413618,"laugh=0.0"
"PronTokAlign",307.413618,309.766197,"#=0.0"
"PronTokAlign",309.766197,310.578599,"laugh=0.0"
"PronTokAlign",310.578599,316.59,"#=0.0"
"PronTokAlign",316.59,316.91,"m-e-z=0.431"
"PronTokAlign",316.91,317.16,"k"
"PronTokAlign",317.16,317.4,"e-s-@=0.375"
"PronTokAlign",317.4,317.57,"t-y=0.688"
"PronTokAlign",317.57,317.6,"m=0.804"
"PronTokAlign",317.6,317.81,"p-A/-R-l=0.601"
"PronTokAlign",317.81,317.88,"d-@=0.505"
"PronTokAlign",317.88,318.4,"a~-p-l-w-A/"
"PronTokAlign",318.4,318.48999999999995,"s=0.679"
"PronTokAlign",318.48999999999995,318.67,"A/"
"PronTokAlign",318.67,318.88,"p-R-i=0.722"
"PronTokAlign",318.88,319.23999999999995,"t-R-w-A/=0.885"
"PronTokAlign",319.23999999999995,319.67999999999995,"s-2-g-O~-d=0.576"
"PronTokAlign",319.67999999999995,319.84,"d-a~=0.903"
"PronTokAlign",319.84,320.14,"m-O~=0.604"
"PronTokAlign",320.14,320.28,"d-a~=0.895"
"PronTokAlign",320.28,320.39,"m-O~=0.532"
"PronTokAlign",320.39,320.86999999999995,"d-e-v-l-O/-p-m-a~=0.966"
"PronTokAlign",320.86999999999995,321.02,"l-E-z=0.513"
"PronTokAlign",321.02,321.34,"a~-p-l-w-A/=0.854"
"PronTokAlign",321.34,321.56,"t-u=0.892"
"PronTokAlign",321.56,321.61,"A/"
"PronTokAlign",321.61,321.64,"l"
"PronTokAlign",321.64,321.795,"9-R=0.877"
"PronTokAlign",321.795,365.36,"#=0.0"
"PronTokAlign",365.36,365.56,"m"
"PronTokAlign",365.56,365.965,"laugh"
"PronTokAlign",365.965,369.57,"#=0.0"
"PronTokAlign",369.57,369.77,"l-e-z=0.513"
"PronTokAlign",369.77,370.02,"O~-d-z=0.581"
"PronTokAlign",370.02,372.045,"#=0.0"
"PronTokAlign",372.045,372.145,"m-w-A/"
"PronTokAlign",372.145,372.205,"Z=0.631"
"PronTokAlign",372.205,372.415,"p-a~-s=0.921"
"PronTokAlign",372.415,372.525,"k-@=0.774"
"PronTokAlign",372.525,372.675,"s-e"
"PronTokAlign",372.675,373.025,"p-2-t-E-t-R=0.729"
"PronTokAlign",373.025,373.145,"m-j-@=0.807"
"PronTokAlign",373.145,373.315,"l-O/-R=0.325"
"PronTokAlign",373.315,373.475,"s-i=0.65"
"PronTokAlign",373.475,373.585,"O~=0.682"
"PronTokAlign",373.585,373.875,"d-g-A/-Z-@=0.333"
"PronTokAlign",373.875,374.085,"s-i=0.839"
"PronTokAlign",374.085,374.185,"O~-n=0.574"
"PronTokAlign",374.185,374.535,"a~-l-E-v=0.718"
"PronTokAlign",374.535,374.81,"fp"
"PronTokAlign",374.81,418.645,"#=0.0"
"PronTokAlign",418.645,419.125,"R-@-g-A/-R-d=0.445"
"PronTokAlign",419.125,419.155,"O~=0.655"
"PronTokAlign",419.155,419.185,"t=0.408"
"PronTokAlign",419.185,419.405,"a~-t-R-U~/"
"PronTokAlign",419.405,419.435,"d=0.477"
"PronTokAlign",419.435,419.605,"f-E-R=0.818"
"PronTokAlign",419.605,419.725,"l-A/"
"PronTokAlign",419.725,420.105,"R-E-y-n-j-O~=0.68"
"PronTokAlign",420.105,420.175,"O~-n=0.535"
"PronTokAlign",420.175,420.215,"E=0.307"
"PronTokAlign",420.215,420.475,"a~-t-R-U~/"
"PronTokAlign",420.475,420.525,"d=0.576"
"PronTokAlign",420.525,420.935,"t-R-A/-v-A/-j-e=0.794"
"PronTokAlign",420.935,421.005,"t"
"PronTokAlign",421.005,421.055,"e=0.6"
"PronTokAlign",421.055,421.195,"s-y-R"
"PronTokAlign",421.195,421.325,"t-O~=0.843"
"PronTokAlign",421.325,421.795,"t-e-l-e-f-O/-n=0.637"
"PronTokAlign",421.795,436.035,"#=0.0"
"PronTokAlign",436.035,436.145,"m-e=0.534"
"PronTokAlign",436.145,436.335,"t-y=0.504"
"PronTokAlign",436.335,436.50500000000005,"m-E=0.415"
"PronTokAlign",436.50500000000005,436.625,"l-E=0.519"
"PronTokAlign",436.625,436.915,"R-E-z-O/=0.569"
"PronTokAlign",436.915,437.065,"d-a~=0.907"
"PronTokAlign",437.065,437.095,"l=0.866"
"PronTokAlign",437.095,438.035,"t-E-l-E-f-O/-n-@=0.694"
"PronTokAlign",438.035,449.415,"#=0.0"
"PronTokAlign",449.415,449.695,"n-a~=0.75"
"PronTokAlign",449.695,449.805,"m-w-A/"
"PronTokAlign",449.805,449.865,"S=0.514"
"PronTokAlign",449.865,450.045,"p-a~-s=0.996"
"PronTokAlign",450.045,450.155,"p-A/=0.986"
"PronTokAlign",450.155,450.195,"k=0.989"
"PronTokAlign",450.195,450.275,"s-A/=0.611"
"PronTokAlign",450.275,450.415,"s-w-A/=0.896"
"PronTokAlign",450.415,450.495,"y-n=0.794"
"PronTokAlign",450.495,450.655,"b-O/-n=0.709"
"PronTokAlign",450.655,450.845,"i-d-e"
"PronTokAlign",450.845,450.935,"d=0.495"
"PronTokAlign",450.935,450.965,"l=0.382"
"PronTokAlign",450.965,451.165,"m-E-t-R=0.905"
"PronTokAlign",451.165,451.295,"s-y-R"
"PronTokAlign",451.295,451.655,"p-l-y-z-j-9-R=0.795"
"PronTokAlign",451.655,451.937813,"Z-u-R=0.905"
"PronTokAlign",451.937813,463.260938,"#=0.0"
"PronTokAlign",463.260938,463.514063,"u-i=0.505"
"PronTokAlign",463.514063,471.775,"#=0.0"
"PronTokAlign",471.775,471.905,"u-i=0.565"
"PronTokAlign",471.905,472.045,"s-A/=0.957"
"PronTokAlign",472.045,472.185,"f-E=0.645"
"PronTokAlign",472.185,472.395,"R-A/-t-e=0.85"
"PronTokAlign",472.395,472.425,"l"
"PronTokAlign",472.425,472.705,"e-k-O/-l=0.478"
"PronTokAlign",472.705,482.14,"#=0.0"
"PronTokAlign",482.14,482.35,"m-E=0.515"
"PronTokAlign",482.35,482.5,"b-j-U~/=0.718"
"PronTokAlign",482.5,482.73,"s-y-R"
"PronTokAlign",482.73,483.14,"k=0.74"
"PronTokAlign",483.14,483.2,"s=0.92"
"PronTokAlign",483.2,483.26,"m-E=0.337"
"PronTokAlign",483.26,483.41,"s-e"
"PronTokAlign",483.41,483.62,"t-R-O/=0.864"
"PronTokAlign",483.62,483.88,"l-O~=0.596"
"PronTokAlign",483.88,484.21,"p-l-y-z-j-9-R=0.802"
"PronTokAlign",484.21,484.44,"Z-u-R=0.91"
"PronTokAlign",484.44,484.49,"i=0.724"
"PronTokAlign",484.49,484.65,"f-O/=0.739"
"PronTokAlign",484.65,484.72,"k"
"PronTokAlign",484.72,484.93,"y-n-@=0.784"
"PronTokAlign",484.93,485.1,"y-n=0.704"
"PronTokAlign",485.1,485.44,"Z-u-R-n-e=0.736"
"PronTokAlign",485.44,485.58,"s-e"
"PronTokAlign",485.58,485.84,"b-j-U~/-n=0.524"
"PronTokAlign",485.84,486.16,"d-E-Z-A/=0.448"
"PronTokAlign",486.16,499.665,"#=0.0"
"PronTokAlign",499.665,499.815,"e=0.554"
"PronTokAlign",499.815,499.845,"l"
"PronTokAlign",499.845,500.245,"A/-p-R-E-m-i-d-i"
"PronTokAlign",500.245,500.415,"s-y-R"
"PronTokAlign",500.415,500.525,"l-E=0.494"
"PronTokAlign",500.525,500.976563,"R-E-z-O/-z=0.525"
"PronTokAlign",500.976563,507.48,"#=0.0"
"PronTokAlign",507.48,507.6,"b-E=0.57"
"PronTokAlign",507.6,507.82,"s-A/=0.999"
"PronTokAlign",507.82,508.02,"v-A/"
"PronTokAlign",508.02,508.49,"s-y-R"
"PronTokAlign",508.49,508.77,"#"
"PronTokAlign",508.77,509.07,"d-a~-Z-e"
"PronTokAlign",509.07,509.19,"d-E=0.427"
"PronTokAlign",509.19,509.4,"R-E-z-O/=0.557"
"PronTokAlign",509.4,509.58,"s-A/=0.989"
"PronTokAlign",509.58,509.74,"v-A/"
"PronTokAlign",509.74,509.86,"d-a~=0.805"
"PronTokAlign",509.86,509.89,"l=0.68"
"PronTokAlign",509.89,510.415,"t-e-l-e-f-O/-n=0.504"
"PronTokAlign",510.415,522.815,"#=0.0"
"PronTokAlign",522.815,522.9250000000001,"s-A/=0.948"
"PronTokAlign",522.9250000000001,523.095,"s-e"
"PronTokAlign",523.095,523.375,"Z-y-s-t=0.62"
"PronTokAlign",523.375,523.4350000000001,"U~/=0.647"
"PronTokAlign",523.4350000000001,523.7550000000001,"p-R-O/-b-l-E-m=0.688"
"PronTokAlign",523.7550000000001,523.7950000000001,"d=0.763"
"PronTokAlign",523.7950000000001,524.115,"E-g-O/"
"PronTokAlign",524.115,524.205,"S=0.582"
"PronTokAlign",524.205,524.495,"p-a~-s=0.833"
"PronTokAlign",524.495,524.835,"a~-f-E=0.576"
"PronTokAlign",524.835,525.185,"#=0.0"
"PronTokAlign",525.185,526.265252,"laugh=0.0"
"PronTokAlign",526.265252,531.334851,"#=0.0"
"PronTokAlign",531.334851,532.908878,"laugh=0.0"
"PronTokAlign",532.908878,533.805905,"#=0.0"
"PronTokAlign",533.805905,536.92011,"laugh=0.0"
"PronTokAlign",536.92011,537.309386,"#=0.0"
"PronTokAlign",537.309386,538.037162,"laugh=0.0"
"PronTokAlign",538.037162,539.289614,"#=0.0"
"PronTokAlign",539.289614,540.660541,"noise=0.0"
"PronTokAlign",540.660541,601.56,"#=0.0"
"PronTokAlign",601.56,601.67,"t-y=0.448"
"PronTokAlign",601.67,602.06,"S-i-p-O/-t=0.87"
"PronTokAlign",602.06,602.26,"s-e"
"PronTokAlign",602.26,602.4699999999999,"t-R-O/=0.697"
"PronTokAlign",602.4699999999999,602.88,"p-R-E-s-i=0.66"
"PronTokAlign",602.88,603.239063,"anon"
"PronTokAlign",603.239063,605.165,"#=0.0"
"PronTokAlign",605.165,605.47,"n-O/=0.474"
"PronTokAlign",605.47,605.665,"#=0.0"
"PronTokAlign",605.665,605.8449999999999,"n-O/=0.36"
"PronTokAlign",605.8449999999999,606.145,"n-O/=0.672"
"PronTokAlign",606.145,632.865,"#=0.0"
"PronTokAlign",632.865,633.255,"w-E"
"PronTokAlign",633.255,633.455,"#=0.0"
"PronTokAlign",633.455,633.681563,"w-E"
"PronTokAlign",633.681563,646.605,"#=0.0"
"PronTokAlign",646.605,646.705,"m-E=0.407"
"PronTokAlign",646.705,646.785,"O~=0.769"
"PronTokAlign",646.785,646.895,"s"
"PronTokAlign",646.895,647.015,"a~"
"PronTokAlign",647.015,647.235,"f-u=0.677"
"PronTokAlign",647.235,647.345,"d-y=0.741"
"PronTokAlign",647.345,647.775,"n-O~"
"PronTokAlign",647.775,648.065,"O~-n=0.781"
"PronTokAlign",648.065,648.3050000000001,"p-A/-R-l=0.835"
"PronTokAlign",648.3050000000001,648.385,"d-y=0.679"
"PronTokAlign",648.385,648.815,"k-O~-t-2-n-y"
"PronTokAlign",648.815,649.105,"s-e"
"PronTokAlign",649.105,649.285,"p-l-y-z=0.52"
"PronTokAlign",649.285,649.395,"U~/=0.529"
"PronTokAlign",649.395,649.885,"d-E-t-A/-j"
"PronTokAlign",649.885,649.915,"l=0.553"
"PronTokAlign",649.915,650.315,"n-O~"
"PronTokAlign",650.315,650.6750000000001,"anon"
"PronTokAlign",650.6750000000001,651.265,"t-y=0.711"
"PronTokAlign",651.265,651.775,"S-i-p-O/-t=0.808"
"PronTokAlign",651.775,651.945,"t-y=0.586"
"PronTokAlign",651.945,652.325,"S-i-p-O/-t=0.908"
"PronTokAlign",652.325,652.505,"p-u-R"
"PronTokAlign",652.505,652.5450000000001,"k"
"PronTokAlign",652.5450000000001,652.655,"O~=0.579"
"PronTokAlign",652.655,652.845,"p-R-E-n=0.759"
"PronTokAlign",652.845,652.955,"t-E=0.551"
"PronTokAlign",652.955,653.1850000000001,"R-E-z-O/=0.645"
"PronTokAlign",653.1850000000001,653.505,"s-O/-s-j-O/=0.94"
"PronTokAlign",653.505,653.585,"E=0.676"
"PronTokAlign",653.585,653.735,"p-A/=0.72"
"PronTokAlign",653.735,653.765,"l=0.522"
"PronTokAlign",653.765,654.275,"t-E-l-E-f-O/-n=0.578"
"PronTokAlign",654.275,654.4350000000001,"f-E=0.615"
"PronTokAlign",654.4350000000001,654.535,"U~/-n=0.53"
"PronTokAlign",654.535,654.955,"e-f-O/-R=0.55"
"PronTokAlign",654.955,655.495,"#"
"PronTokAlign",655.495,655.635,"s-e"
"PronTokAlign",655.635,655.735,"U~/=0.583"
"PronTokAlign",655.735,656.025,"t-R-A/-v-A/-j"
"PronTokAlign",656.025,656.105,"d=0.821"
"PronTokAlign",656.105,656.345,"e-k-i-p=0.68"
"PronTokAlign",656.345,656.4250000000001,"p-A/=0.937"
"PronTokAlign",656.4250000000001,656.505,"y-n=0.827"
"PronTokAlign",656.505,657.2,"k-O~-p-e-t-i-s-j-O~=0.512"
"PronTokAlign",657.2,662.005,"#=0.0"
"PronTokAlign",662.005,662.115,"O~=0.87"
"PronTokAlign",662.115,662.215,"s=0.71"
"PronTokAlign",662.215,662.265,"l=0.462"
"PronTokAlign",662.265,662.325,"f-E=0.423"
"PronTokAlign",662.325,662.465,"O~=0.874"
"PronTokAlign",662.465,662.555,"s=0.65"
"PronTokAlign",662.555,662.665,"l-@=0.447"
"PronTokAlign",662.665,662.785,"f-E=0.274"
"PronTokAlign",662.785,662.885,"O/"
"PronTokAlign",662.885,663.345,"v-O/-t=0.731"
"PronTokAlign",663.345,663.485,"s-i=0.885"
"PronTokAlign",663.485,663.625,"t-y=0.584"
"PronTokAlign",663.625,663.835,"p-E-R"
"PronTokAlign",663.835,663.935,"l-@=0.582"
"PronTokAlign",663.935,664.165,"v-O/-t=0.62"
"PronTokAlign",664.165,664.295,"t-y=0.615"
"PronTokAlign",664.295,664.335,"n"
"PronTokAlign",664.335,664.425,"A/=0.7"
"PronTokAlign",664.425,664.735,"z-E-R-O/=0.583"
"PronTokAlign",664.735,664.955,"t-a~=0.739"
"PronTokAlign",664.955,665.115,"s-y-R"
"PronTokAlign",665.115,665.195,"l-E=0.487"
"PronTokAlign",665.195,665.405,"R-E-z-O/=0.692"
"PronTokAlign",665.405,665.715,"s-O/-s-j-O/=0.892"
"PronTokAlign",665.715,665.835,"d-a~=0.87"
"PronTokAlign",665.835,665.875,"l"
"PronTokAlign",665.875,666.245,"e-v-E-n-m-a~=0.583"
"PronTokAlign",666.245,667.05,"#=0.0"
"PronTokAlign",667.05,667.805,"laugh=0.0"
"PronTokAlign",667.805,673.171327,"#=0.0"
"PronTokAlign",673.171327,673.411327,"n-O/=0.379"
"PronTokAlign",673.411327,673.574063,"m-E=0.403"
"PronTokAlign",673.574063,675.82,"#=0.0"
"PronTokAlign",675.82,676.165,"w-E"
"PronTokAlign",676.165,677.08,"#=0.0"
"PronTokAlign",677.08,677.45,"w-E"
"PronTokAlign",677.45,712.01,"#=0.0"
"PronTokAlign",712.01,712.825,"laugh=0.0"
"PronTokAlign",712.825,715.302098,"#=0.0"
"PronTokAlign",715.302098,716.5207,"laugh=0.0"
"PronTokAlign",716.5207,726.17,"#=0.0"
"PronTokAlign",726.17,726.54,"w-E"
"PronTokAlign",726.54,726.814688,"laugh"
"PronTokAlign",726.814688,735.41,"#=0.0"
"PronTokAlign",735.41,735.6,"p-a~-d-a~=0.757"
"PronTokAlign",735.6,735.7199999999999,"l-A/"
"PronTokAlign",735.7199999999999,736.0699999999999,"p-E-R-j-O/-d=0.592"
"PronTokAlign",736.0699999999999,736.555,"s-k-O/-l-E-R=0.925"
"PronTokAlign",736.555,737.895,"#=0.0"
"PronTokAlign",737.895,738.0649999999999,"p-a~-d-a~=0.955"
"PronTokAlign",738.0649999999999,738.155,"l-A/"
"PronTokAlign",738.155,738.435,"p-E-R-j-O/-d=0.736"
"PronTokAlign",738.435,738.785,"s-k-O/-l-E-R=0.804"
"PronTokAlign",738.785,739.095,"s-O/-R-t-i"
"PronTokAlign",739.095,739.495,"s-k-O/-l-E-R=0.807"
"PronTokAlign",739.495,752.42,"#=0.0"
"PronTokAlign",752.42,752.7099999999999,"U~/"
"PronTokAlign",752.7099999999999,753.23,"i-l-j-A/"
"PronTokAlign",753.23,753.98,"#=0.0"
"PronTokAlign",753.98,755.147813,"laugh=0.0"
"PronTokAlign",755.147813,764.155,"#=0.0"
"PronTokAlign",764.155,764.89,"n-O~-n=0.812"
"PronTokAlign",764.89,765.035,"#=0.0"
"PronTokAlign",765.035,765.255,"p-A/-z=0.58"
"PronTokAlign",765.255,765.395,"a~"
"PronTokAlign",765.395,765.805,"m-i-l-j-@"
"PronTokAlign",765.805,790.05,"#=0.0"
"PronTokAlign",790.05,790.555,"n-O/=0.498"
"PronTokAlign",790.555,792.54,"#=0.0"
"PronTokAlign",792.54,792.67,"U~/=0.881"
"PronTokAlign",792.67,793.14,"m-E-R-k-R-2-d-i=0.779"
"PronTokAlign",793.14,794.035,"A/-p-R-E-m-i-d-i"
"PronTokAlign",794.035,794.325,"#=0.0"
"PronTokAlign",794.325,794.4150000000001,"U~/=0.851"
"PronTokAlign",794.4150000000001,794.865,"m-E-R-k-R-2-d-i=0.71"
"PronTokAlign",794.865,795.005,"l-A/"
"PronTokAlign",795.005,795.36,"Z-u-R-n-e=0.507"
"PronTokAlign",795.36,796.57,"#=0.0"
"PronTokAlign",796.57,796.74,"p-R-s=0.643"
"PronTokAlign",796.74,796.7800000000001,"k"
"PronTokAlign",796.7800000000001,796.9100000000001,"i-z=0.752"
"PronTokAlign",796.9100000000001,797.0100000000001,"O~=0.841"
"PronTokAlign",797.0100000000001,797.12,"p-A/=0.928"
"PronTokAlign",797.12,797.44,"E-k-O/-l=0.264"
"PronTokAlign",797.44,797.5,"l-@=0.392"
"PronTokAlign",797.5,797.9100000000001,"m-E-R-k-R-2-d-i=0.744"
"PronTokAlign",797.9100000000001,798.34,"A/-p-R-E-m-i-d-i"
"PronTokAlign",798.34,799.02,"#=0.0"
"PronTokAlign",799.02,799.16,"s-A/=0.919"
"PronTokAlign",799.16,799.5,"m-a~-Z-2-R-A/"
"PronTokAlign",799.5,799.56,"y-n=0.788"
"PronTokAlign",799.56,799.81,"Z-u-R-n-e=0.75"
"PronTokAlign",799.81,799.89,"d=0.62"
"PronTokAlign",799.89,800.12,"y-n=0.712"
"PronTokAlign",800.12,800.47,"A/-p-R-E-m-i-d-i"
"PronTokAlign",800.47,802.82,"#=0.0"
"PronTokAlign",802.82,803.37,"A/-R-E-t=0.771"
"PronTokAlign",803.37,803.94,"#=0.0"
"PronTokAlign",803.94,804.0400000000001,"s-e"
"PronTokAlign",804.0400000000001,804.275,"v-R-E=0.746"
"PronTokAlign",804.275,807.025,"#=0.0"
"PronTokAlign",807.025,807.305,"b-E=0.524"
"PronTokAlign",807.305,807.5749999999999,"m-e-z=0.434"
"PronTokAlign",807.5749999999999,807.9449999999999,"d-y-k-u"
"PronTokAlign",807.9449999999999,808.0649999999999,"s-e"
"PronTokAlign",808.0649999999999,808.175,"p-A/=0.878"
"PronTokAlign",808.175,808.235,"U~/=0.798"
"PronTokAlign",808.235,808.355,"Z-u-R"
"PronTokAlign",808.355,808.395,"d=0.973"
"PronTokAlign",808.395,808.605,"E-k-O/-l=0.32"
"PronTokAlign",808.605,808.865,"A/-l-O/-R=0.597"
"PronTokAlign",808.865,808.895,"l=0.684"
"PronTokAlign",808.895,809.384063,"m-E-R-k-R-2-d-i=0.711"
"PronTokAlign",809.384063,811.57,"#=0.0"
"PronTokAlign",811.57,811.6800000000001,"l=0.424"
"PronTokAlign",811.6800000000001,811.9000000000001,"e-k-O/-l=0.479"
"PronTokAlign",811.9000000000001,812.0300000000001,"E=0.487"
"PronTokAlign",812.0300000000001,812.3000000000001,"v-j-U~/-d-R-A/"
"PronTokAlign",812.3000000000001,812.4000000000001,"p-A/=0.861"
"PronTokAlign",812.4000000000001,812.47,"U~/=0.807"
"PronTokAlign",812.47,813.035,"m-E-R-k-R-2-d-i=0.683"
"PronTokAlign",813.035,823.491563,"#=0.0"
"PronTokAlign",823.491563,823.741563,"m-w-A/"
"PronTokAlign",823.741563,823.881563,"Z-@=0.628"
"PronTokAlign",823.881563,824.111563,"p-a~-s=0.892"
"PronTokAlign",824.111563,824.171563,"k-@=0.54"
"PronTokAlign",824.171563,824.301563,"s-e"
"PronTokAlign",824.301563,824.421563,"p-A/=0.963"
"PronTokAlign",824.421563,824.481563,"y-n=0.67"
"PronTokAlign",824.481563,824.621563,"b-O/-n=0.751"
"PronTokAlign",824.621563,824.791563,"i-d-e"
"PronTokAlign",824.791563,824.8315630000001,"l=0.551"
"PronTokAlign",824.8315630000001,825.231563,"v-a~-d-R-2-d-i"
"PronTokAlign",825.231563,825.511563,"p-A/-s-k-@=0.463"
"PronTokAlign",825.511563,825.7215630000001,"d-y-k-u"
"PronTokAlign",825.7215630000001,825.801563,"l-e=0.373"
"PronTokAlign",825.801563,826.0715630000001,"p-A/-R-a~=0.713"
"PronTokAlign",826.0715630000001,826.111563,"i=0.502"
"PronTokAlign",826.111563,826.231563,"v-O~=0.782"
"PronTokAlign",826.231563,826.261563,"t=0.694"
"PronTokAlign",826.261563,826.4515630000001,"d-i-R=0.723"
"PronTokAlign",826.4515630000001,826.781563,"w-E"
"PronTokAlign",826.781563,826.9415630000001,"b-E=0.629"
"PronTokAlign",826.9415630000001,827.0615630000001,"t"
"PronTokAlign",827.0615630000001,827.101563,"A/=0.793"
"PronTokAlign",827.101563,827.1815630000001,"y-n=0.87"
"PronTokAlign",827.1815630000001,827.541563,"s-O/-R-t-i"
"PronTokAlign",827.541563,827.631563,"b-E=0.543"
"PronTokAlign",827.631563,827.7115630000001,"O~=0.681"
"PronTokAlign",827.7115630000001,827.871563,"p-A/-R"
"PronTokAlign",827.871563,827.911563,"a~"
"PronTokAlign",827.911563,828.233438,"w-i-k-E-n-d"
"PronTokAlign",828.233438,830.45,"#=0.0"
"PronTokAlign",830.45,830.5600000000001,"l-O/-R=0.468"
"PronTokAlign",830.5600000000001,830.69,"m-w-A/"
"PronTokAlign",830.69,831.01,"f-R-a~-S-m-a~=0.874"
"PronTokAlign",831.01,831.12,"m-A/"
"PronTokAlign",831.12,831.24,"m-E-R=0.769"
"PronTokAlign",831.24,831.2700000000001,"E=0.56"
"PronTokAlign",831.2700000000001,831.3000000000001,"n"
"PronTokAlign",831.3000000000001,831.33,"A/"
"PronTokAlign",831.33,831.5600000000001,"R-j-U~/-n=0.569"
"PronTokAlign",831.5600000000001,831.61,"A/"
"PronTokAlign",831.61,831.87,"f-u-t-R=0.894"
"PronTokAlign",831.87,831.9200000000001,"U~/"
"PronTokAlign",831.9200000000001,832.0600000000001,"k-@=0.596"
"PronTokAlign",832.0600000000001,832.13,"Z=0.775"
"PronTokAlign",832.13,832.2700000000001,"A/-j=0.716"
"PronTokAlign",832.2700000000001,832.39,"l-A/"
"PronTokAlign",832.39,849.475,"#=0.0"
"PronTokAlign",849.475,849.715,"m-w-A/"
"PronTokAlign",849.715,850.0450000000001,"Z-@=0.466"
"PronTokAlign",850.0450000000001,850.205,"s-y-i=0.913"
"PronTokAlign",850.205,850.335,"p-A/=0.868"
"PronTokAlign",850.335,850.5550000000001,"S-O/=0.596"
"PronTokAlign",850.5550000000001,850.585,"l=0.435"
"PronTokAlign",850.585,851.05,"v-a~-d-R-2-d-i"
"PronTokAlign",851.05,855.125,"#=0.0"
"PronTokAlign",855.125,855.67,"E-g-z-A/-k-t-2-m-a~=0.464"
"PronTokAlign",855.67,857.715,"#=0.0"
"PronTokAlign",857.715,857.885,"e=0.657"
"PronTokAlign",857.885,858.125,"n-a~=0.532"
"PronTokAlign",858.125,858.4250000000001,"p-A/-s-k-@=0.474"
"PronTokAlign",858.4250000000001,858.525,"l-e=0.416"
"PronTokAlign",858.525,858.8050000000001,"l-U~/-d-i"
"PronTokAlign",858.8050000000001,859.235,"a~-Z-e-n-e-R-A/-l"
"PronTokAlign",859.235,859.325,"l-E=0.396"
"PronTokAlign",859.325,859.585,"p-A/-R-a~=0.755"
"PronTokAlign",859.585,859.615,"i=0.407"
"PronTokAlign",859.615,860.145,"R-2-v-j-E-n-2-t=0.748"
"PronTokAlign",860.145,860.455,"R-E-y-n-j-O~=0.618"
"PronTokAlign",860.455,860.585,"d-y=0.679"
"PronTokAlign",860.585,860.7850000000001,"p-e-E-R"
"PronTokAlign",860.7850000000001,860.9050000000001,"d-@=0.539"
"PronTokAlign",860.9050000000001,861.005,"l-A/"
"PronTokAlign",861.005,861.345,"s-@-m-E-n=0.525"
"PronTokAlign",861.345,861.4250000000001,"e=0.637"
"PronTokAlign",861.4250000000001,862.195,"t-u-t=0.998"
"PronTokAlign",862.195,862.335,"m-e=0.613"
"PronTokAlign",862.335,862.4250000000001,"S=0.569"
"PronTokAlign",862.4250000000001,862.525,"s-y-i=0.848"
"PronTokAlign",862.525,862.705,"p-A/=0.909"
"PronTokAlign",862.705,863.475,"S-O/=0.476"
"PronTokAlign",863.475,863.855,"l-@=0.536"
"PronTokAlign",863.855,863.995,"l-@=0.46"
"PronTokAlign",863.995,864.66,"#=0.0"
"PronTokAlign",864.66,864.7199999999999,"m"
"PronTokAlign",864.7199999999999,865.235,"n-O/=0.683"
"PronTokAlign",865.235,865.8,"#=0.0"
"PronTokAlign",865.8,865.975,"s-i=0.987"
"PronTokAlign",865.975,868.12,"#=0.0"
"PronTokAlign",868.12,868.35,"n-u=0.811"
"PronTokAlign",868.35,868.51,"l-E-z=0.358"
"PronTokAlign",868.51,868.82,"R-E-y-n-j-O~=0.915"
"PronTokAlign",868.82,868.97,"s-e"
"PronTokAlign",868.97,869.09,"l-@=0.482"
"PronTokAlign",869.09,869.43,"l-U~/-d-i"
"PronTokAlign",869.43,869.94,"#=0.0"
"PronTokAlign",869.94,870.0400000000001,"m-E=0.562"
"PronTokAlign",870.0400000000001,870.21,"b-O/=0.382"
"PronTokAlign",870.21,870.5100000000001,"b-R-E-f"
"PronTokAlign",870.5100000000001,870.6700000000001,"m-E=0.492"
"PronTokAlign",870.6700000000001,870.73,"S=0.516"
"PronTokAlign",870.73,870.83,"s-y-i=0.993"
"PronTokAlign",870.83,870.94,"p-A/=0.764"
"PronTokAlign",870.94,871.12,"S-O/=0.565"
"PronTokAlign",871.12,871.25,"n-i"
"PronTokAlign",871.25,871.5500000000001,"l-U~/-d-i"
"PronTokAlign",871.5500000000001,871.6500000000001,"n-i"
"PronTokAlign",871.6500000000001,872.025,"v-a~-d-R-2-d-i"
"PronTokAlign",872.025,872.57,"#=0.0"
"PronTokAlign",872.57,872.6400000000001,"b-O~=0.508"
"PronTokAlign",872.6400000000001,872.6800000000001,"O~=0.983"
"PronTokAlign",872.6800000000001,872.7700000000001,"s"
"PronTokAlign",872.7700000000001,872.85,"a~"
"PronTokAlign",872.85,872.99,"f-u=0.842"
"PronTokAlign",872.99,873.1400000000001,"O~-n=0.501"
"PronTokAlign",873.1400000000001,873.46,"v-u-l-e=0.446"
"PronTokAlign",873.46,873.61,"f-E-R=0.95"
"PronTokAlign",873.61,873.73,"s-A/=0.869"
"PronTokAlign",873.73,873.895,"k-a~-t=0.59"
"PronTokAlign",873.895,874.47,"#=0.0"
"PronTokAlign",874.47,874.71,"f-R-a~-S-m-a~=0.848"
"PronTokAlign",874.71,874.7900000000001,"Z=0.509"
"PronTokAlign",874.7900000000001,874.82,"m=0.786"
"PronTokAlign",874.82,874.88,"a~"
"PronTokAlign",874.88,875.0739,"f-i-S=0.99"
"PronTokAlign",875.0739,878.564872,"#=0.0"
"PronTokAlign",878.564872,879.614224,"laugh=0.0"
"PronTokAlign",879.614224,894.535313,"#=0.0"
"PronTokAlign",894.535313,894.7053129999999,"A/"
"PronTokAlign",894.7053129999999,894.8253129999999,"l-A/"
"PronTokAlign",894.8253129999999,895.315,"R-a~-t-R-e"
"PronTokAlign",895.315,899.58,"#=0.0"
"PronTokAlign",899.58,899.72,"i=0.779"
"PronTokAlign",899.72,899.86,"f-O/=0.722"
"PronTokAlign",899.86,899.95,"y-n=0.619"
"PronTokAlign",899.95,900.1700000000001,"d-A/-t=0.944"
"PronTokAlign",900.1700000000001,900.5400000000001,"p-R-E-s-i-z=0.412"
"PronTokAlign",900.5400000000001,900.59,"u"
"PronTokAlign",900.59,900.83,"p-A/=0.842"
"PronTokAlign",900.83,902.14,"#=0.0"
"PronTokAlign",902.14,902.365312,"anon"
"PronTokAlign",902.365312,905.3,"#=0.0"
"PronTokAlign",905.3,905.485,"A/=0.0"
"PronTokAlign",905.485,955.46,"#=0.0"
"PronTokAlign",955.46,955.6,"s-e"
"PronTokAlign",955.6,955.75,"p-A/=0.974"
"PronTokAlign",955.75,955.78,"l=0.768"
"PronTokAlign",955.78,955.98,"b-O/=0.318"
"PronTokAlign",955.98,956.42,"p-y-b-l-i-k"
"PronTokAlign",956.42,956.49,"k"
"PronTokAlign",956.49,956.65,"O~=0.837"
"PronTokAlign",956.65,957.07,"s-i-b-l-@=0.652"
"PronTokAlign",957.07,957.2,"l-A/"
"PronTokAlign",957.2,957.43,"p-u-R"
"PronTokAlign",957.43,957.61,"f-E-R=0.602"
"PronTokAlign",957.61,957.86,"v-@-n-i-R=0.764"
"PronTokAlign",957.86,958.19,"m-A/-R-k=0.792"
"PronTokAlign",958.19,958.59,"fp"
"PronTokAlign",958.59,997.29,"#=0.0"
"PronTokAlign",997.29,997.4,"m-w-A/"
"PronTokAlign",997.4,997.46,"Z=0.478"
"PronTokAlign",997.46,997.69,"t-R-u-v=0.648"
"PronTokAlign",997.69,997.81,"k-@=0.817"
"PronTokAlign",997.81,998.03,"s-e"
"PronTokAlign",998.03,998.3,"t-R-E=0.75"
"PronTokAlign",998.3,998.625,"b-j-U~/-n=0.608"
"PronTokAlign",998.625,999.78,"#=0.0"
"PronTokAlign",999.78,1000.245,"A/-p-R-e-z=0.403"
"PronTokAlign",1000.245,1012.928048,"#=0.0"
"PronTokAlign",1012.928048,1013.028048,"m"
"PronTokAlign",1013.028048,1013.606364,"m"
"PronTokAlign",1013.606364,1027.34,"#=0.0"
"PronTokAlign",1027.34,1028.1,"s-j-b-E-R-A/-R-s-E-l-2-m-a~=0.419"
"PronTokAlign",1028.1,1046.345,"#=0.0"
"PronTokAlign",1046.345,1047.58215,"laugh=0.0"
"PronTokAlign",1047.58215,1050.318034,"#=0.0"
"PronTokAlign",1050.318034,1052.304233,"laugh=0.0"
"PronTokAlign",1052.304233,1062.995,"#=0.0"
"PronTokAlign",1062.995,1063.155,"U~/-n=0.654"
"PronTokAlign",1063.155,1063.3249999999998,"A/-v"
"PronTokAlign",1063.3249999999998,1064.37,"fp"
"PronTokAlign",1064.37,1089.105,"#=0.0"
"PronTokAlign",1089.105,1089.355,"m-E=0.421"
"PronTokAlign",1089.355,1089.745,"s=0.527"
"PronTokAlign",1089.745,1089.875,"O~=0.597"
"PronTokAlign",1089.875,1090.115,"A/-v-e=0.417"
"PronTokAlign",1090.115,1090.31,"v-y"
"PronTokAlign",1090.31,1099.335,"#=0.0"
"PronTokAlign",1099.335,1099.945,"A/-d-i-s-t-O/-l-O/-g=0.27"
"PronTokAlign",1099.945,1100.494688,"n-2-R-O/-l-O/-g=0.503"
"PronTokAlign",1100.494688,1102.384688,"#=0.0"
"PronTokAlign",1102.384688,1102.7646880000002,"b-E=0.437"
"PronTokAlign",1102.7646880000002,1102.924688,"s-e"
"PronTokAlign",1102.924688,1103.2846880000002,"t-u=0.627"
"PronTokAlign",1103.2846880000002,1103.424688,"i-l=0.559"
"PronTokAlign",1103.424688,1103.5646880000002,"a~"
"PronTokAlign",1103.5646880000002,1103.704688,"f-O/=0.565"
"PronTokAlign",1103.704688,1103.955,"k-@=0.987"
"PronTokAlign",1103.955,1104.23,"#=0.0"
"PronTokAlign",1104.23,1104.515,"t-R-w-A/=0.708"
"PronTokAlign",1104.515,1145.165,"#=0.0"
"PronTokAlign",1145.165,1145.625,"b-R-i-j-a~=0.408"
"PronTokAlign",1145.625,1187.81,"#=0.0"
"PronTokAlign",1187.81,1187.91,"m-w-A/"
"PronTokAlign",1187.91,1188.02,"Z=0.476"
"PronTokAlign",1188.02,1188.05,"m=0.605"
"PronTokAlign",1188.05,1188.31,"d-2-m-a~-d=0.972"
"PronTokAlign",1188.31,1188.35,"s=0.913"
"PronTokAlign",1188.35,1188.45,"k-@=0.64"
"PronTokAlign",1188.45,1188.59,"s-A/=0.914"
"PronTokAlign",1188.59,1188.66,"v-A/"
"PronTokAlign",1188.66,1188.84,"E-t=0.796"
"PronTokAlign",1188.84,1188.91,"l-A/"
"PronTokAlign",1188.91,1189.25,"t-R-w-A/-z-j-E-m=0.866"
"PronTokAlign",1189.25,1189.44,"E-t-A/-p=0.545"
"PronTokAlign",1189.44,1196.960831,"#=0.0"
"PronTokAlign",1196.960831,1198.331759,"laugh=0.0"
"PronTokAlign",1198.331759,1216.475,"#=0.0"
"PronTokAlign",1216.475,1216.635,"E=0.673"
"PronTokAlign",1216.635,1216.665,"t=0.311"
"PronTokAlign",1216.665,1217.09,"m-i-n-j-O/-n=0.532"
