"PhonAlign",0.0,42.728663,"#"
"PhonAlign",42.728663,42.778663,"a~"
"PhonAlign",42.778663,42.878663,"f"
"PhonAlign",42.878663,42.938663,"E"
"PhonAlign",42.938663,43.018663,"d"
"PhonAlign",43.018663,43.118663,"Z"
"PhonAlign",43.118663,43.248663,"A/"
"PhonAlign",43.248663,43.278663,"Z"
"PhonAlign",43.278663,43.348663,"v"
"PhonAlign",43.348663,43.378663,"u"
"PhonAlign",43.378663,43.428663,"d"
"PhonAlign",43.428663,43.458663,"R"
"PhonAlign",43.458663,43.538663,"e"
"PhonAlign",43.538663,43.681972,"z"
"PhonAlign",43.681972,44.085295,"#"
"PhonAlign",44.085295,44.215295000000005,"O/"
"PhonAlign",44.215295000000005,44.255295,"k"
"PhonAlign",44.255295,44.295295,"e"
"PhonAlign",44.295295,44.335295,"Z"
"PhonAlign",44.335295,44.475295,"@"
"PhonAlign",44.475295,44.565295,"v"
"PhonAlign",44.565295,44.645295,"E"
"PhonAlign",44.645295,44.675295000000006,"Z"
"PhonAlign",44.675295000000006,44.705295,"y"
"PhonAlign",44.705295,44.765295,"s"
"PhonAlign",44.765295,44.825295,"k"
"PhonAlign",44.825295,44.865295,"O/"
"PhonAlign",44.865295,44.915295,"m"
"PhonAlign",44.915295,44.975295,"a~"
"PhonAlign",44.975295,45.085295,"s"
"PhonAlign",45.085295,45.148602,"e"
"PhonAlign",45.148602,46.010247,"#"
"PhonAlign",46.010247,46.490247,"fp"
"PhonAlign",46.490247,46.650247,"*"
"PhonAlign",46.650247,46.710247,"*"
"PhonAlign",46.710247,46.810247,"Z"
"PhonAlign",46.810247,46.850247,"t"
"PhonAlign",46.850247,46.960247,"a~"
"PhonAlign",46.960247,47.020247,"t"
"PhonAlign",47.020247,47.100247,"a~"
"PhonAlign",47.100247,47.230247,"d"
"PhonAlign",47.230247,47.410247,"y"
"PhonAlign",47.410247,47.890247,"s"
"PhonAlign",47.890247,47.950247,"A/"
"PhonAlign",47.950247,48.020247,"m"
"PhonAlign",48.020247,48.090247,"A/"
"PhonAlign",48.090247,48.130247,"v"
"PhonAlign",48.130247,48.210247,"e"
"PhonAlign",48.210247,48.240247,"l"
"PhonAlign",48.240247,48.270247,"E"
"PhonAlign",48.270247,48.340247,"R"
"PhonAlign",48.340247,48.400247,"t"
"PhonAlign",48.400247,48.450247,"R"
"PhonAlign",48.450247,48.480247,"E"
"PhonAlign",48.480247,48.570247,"s"
"PhonAlign",48.570247,48.650247,"U~/"
"PhonAlign",48.650247,48.710247,"p"
"PhonAlign",48.710247,48.780247,"A/"
"PhonAlign",48.780247,48.920247,"t"
"PhonAlign",48.920247,49.010247,"i"
"PhonAlign",49.010247,49.09,"k"
"PhonAlign",49.09,49.225,"#"
"PhonAlign",49.225,49.325,"*"
"PhonAlign",49.325,49.405,"*"
"PhonAlign",49.405,49.435,"*"
"PhonAlign",49.435,49.515,"*"
"PhonAlign",49.515,49.615,"*"
"PhonAlign",49.615,49.655,"*"
"PhonAlign",49.655,49.695,"*"
"PhonAlign",49.695,49.725,"O/"
"PhonAlign",49.725,49.835,"s"
"PhonAlign",49.835,49.915,"i"
"PhonAlign",49.915,50.005,"i"
"PhonAlign",50.005,50.035,"l"
"PhonAlign",50.035,50.135,"j"
"PhonAlign",50.135,50.215,"A/"
"PhonAlign",50.215,50.345,"p"
"PhonAlign",50.345,50.375,"A/"
"PhonAlign",50.375,50.435,"R"
"PhonAlign",50.435,50.465,"k"
"PhonAlign",50.465,50.565000000000005,"O~"
"PhonAlign",50.565000000000005,50.595,"t"
"PhonAlign",50.595,50.665,"S"
"PhonAlign",50.665,50.745000000000005,"k"
"PhonAlign",50.745000000000005,50.795,"O~"
"PhonAlign",50.795,50.885,"p"
"PhonAlign",50.885,50.925,"R"
"PhonAlign",50.925,50.975,"a~"
"PhonAlign",50.975,51.205,"p"
"PhonAlign",51.205,51.245,"A/"
"PhonAlign",51.245,51.477188,"#"
"PhonAlign",51.477188,51.950099,"fp"
"PhonAlign",51.950099,53.380063,"#"
"PhonAlign",53.380063,53.500063,"O/"
"PhonAlign",53.500063,53.540063,"n"
"PhonAlign",53.540063,53.630063,"E"
"PhonAlign",53.630063,53.680063,"t"
"PhonAlign",53.680063,53.710063,"2"
"PhonAlign",53.710063,53.740063,"m"
"PhonAlign",53.740063,53.780063,"a~"
"PhonAlign",53.780063,53.910063,"t"
"PhonAlign",53.910063,54.000063,"Z"
"PhonAlign",54.000063,54.060063,"p"
"PhonAlign",54.060063,54.160063,"a~"
"PhonAlign",54.160063,54.250063,"s"
"PhonAlign",54.250063,54.620063,"@"
"PhonAlign",54.620063,54.660063,"k"
"PhonAlign",54.660063,54.869063,"@"
"PhonAlign",54.869063,55.476563,"#"
"PhonAlign",55.476563,55.626563,"A/"
"PhonAlign",55.626563,55.686563,"v"
"PhonAlign",55.686563,55.736563,"E"
"PhonAlign",55.736563,55.806563,"k"
"PhonAlign",55.806563,55.836563,"l"
"PhonAlign",55.836563,55.896563,"@"
"PhonAlign",55.896563,55.986563,"b"
"PhonAlign",55.986563,56.036563,"y"
"PhonAlign",56.036563,56.126563,"d"
"PhonAlign",56.126563,56.186563,"@"
"PhonAlign",56.186563,56.226563,"n"
"PhonAlign",56.226563,56.326563,"O/"
"PhonAlign",56.326563,56.406563,"t"
"PhonAlign",56.406563,56.476563,"A/"
"PhonAlign",56.476563,56.596563,"s"
"PhonAlign",56.596563,56.686563,"O/"
"PhonAlign",56.686563,56.756563,"Z"
"PhonAlign",56.756563,56.816563,"t"
"PhonAlign",56.816563,56.856563,"@"
"PhonAlign",56.856563,56.896563,"R"
"PhonAlign",56.896563,56.966563,"A/"
"PhonAlign",56.966563,57.046563,"p"
"PhonAlign",57.046563,57.106563,"E"
"PhonAlign",57.106563,57.136563,"l"
"PhonAlign",57.136563,57.186563,"n"
"PhonAlign",57.186563,57.256563,"O/"
"PhonAlign",57.256563,57.346563,"t"
"PhonAlign",57.346563,57.406563,"A/"
"PhonAlign",57.406563,57.496563,"s"
"PhonAlign",57.496563,57.606563,"O/"
"PhonAlign",57.606563,57.686563,"s"
"PhonAlign",57.686563,57.716563,"e"
"PhonAlign",57.716563,57.806563,"y"
"PhonAlign",57.806563,58.006563,"n"
"PhonAlign",58.006563,58.086563,"A/"
"PhonAlign",58.086563,58.276563,"s"
"PhonAlign",58.276563,58.346563,"O/"
"PhonAlign",58.346563,58.496563,"s"
"PhonAlign",58.496563,58.566563,"A/"
"PhonAlign",58.566563,58.676563,"s"
"PhonAlign",58.676563,58.716563,"j"
"PhonAlign",58.716563,58.816563,"O~"
"PhonAlign",58.816563,58.876563,"d"
"PhonAlign",58.876563,58.936563,"@"
"PhonAlign",58.936563,59.016563,"p"
"PhonAlign",59.016563,59.056563,"R"
"PhonAlign",59.056563,59.126563,"E"
"PhonAlign",59.126563,59.176563,"v"
"PhonAlign",59.176563,59.286563,"a~"
"PhonAlign",59.286563,59.396563,"s"
"PhonAlign",59.396563,59.426563,"j"
"PhonAlign",59.426563,59.496563,"O~"
"PhonAlign",59.496563,59.566563,"d"
"PhonAlign",59.566563,59.596563,"l"
"PhonAlign",59.596563,59.636563,"A/"
"PhonAlign",59.636563,59.726563,"Z"
"PhonAlign",59.726563,59.766563,"2"
"PhonAlign",59.766563,59.826563,"n"
"PhonAlign",59.826563,59.906563,"E"
"PhonAlign",59.906563,60.056563,"s"
"PhonAlign",60.056563,60.626563,"#"
"PhonAlign",60.626563,60.686563,"E"
"PhonAlign",60.686563,60.756563,"Z"
"PhonAlign",60.756563,60.786563,"v"
"PhonAlign",60.786563,60.826563,"w"
"PhonAlign",60.826563,60.866563,"A/"
"PhonAlign",60.866563,60.946563,"p"
"PhonAlign",60.946563,61.036563,"A/"
"PhonAlign",61.036563,61.096563,"p"
"PhonAlign",61.096563,61.146563,"u"
"PhonAlign",61.146563,61.226563,"R"
"PhonAlign",61.226563,61.266563,"k"
"PhonAlign",61.266563,61.296563,"w"
"PhonAlign",61.296563,61.326563,"A/"
"PhonAlign",61.326563,61.396563,"A/"
"PhonAlign",61.396563,61.476563,"m"
"PhonAlign",61.476563,61.566563,"A/"
"PhonAlign",61.566563,61.666563,"z"
"PhonAlign",61.666563,61.746563,"O/"
"PhonAlign",61.746563,61.836563,"n"
"PhonAlign",61.836563,61.996563,"s"
"PhonAlign",61.996563,62.136563,"A/"
"PhonAlign",62.136563,62.296563,"s"
"PhonAlign",62.296563,62.746563,"O~"
"PhonAlign",62.746563,63.086563,"S"
"PhonAlign",63.086563,63.296563,"v"
"PhonAlign",63.296563,63.386563,"w"
"PhonAlign",63.386563,63.416563,"A/"
"PhonAlign",63.416563,63.466563,"p"
"PhonAlign",63.466563,63.526563,"A/"
"PhonAlign",63.526563,63.596563,"s"
"PhonAlign",63.596563,63.666563,"k"
"PhonAlign",63.666563,63.696563,"@"
"PhonAlign",63.696563,63.826563,"t"
"PhonAlign",63.826563,63.856563,"y"
"PhonAlign",63.856563,63.976563,"v"
"PhonAlign",63.976563,64.04656299999999,"@"
"PhonAlign",64.04656299999999,64.316563,"n"
"PhonAlign",64.316563,64.346563,"u"
"PhonAlign",64.346563,64.426563,"z"
"PhonAlign",64.426563,64.51656299999999,"A/"
"PhonAlign",64.51656299999999,64.54656299999999,"m"
"PhonAlign",64.54656299999999,64.636563,"n"
"PhonAlign",64.636563,64.79,"e"
"PhonAlign",64.79,64.895,"#"
"PhonAlign",64.895,65.015,"u"
"PhonAlign",65.015,65.115,"O~"
"PhonAlign",65.115,65.185,"v"
"PhonAlign",65.185,65.235,"A/"
"PhonAlign",65.235,65.27499999999999,"A/"
"PhonAlign",65.27499999999999,65.325,"m"
"PhonAlign",65.325,65.395,"n"
"PhonAlign",65.395,65.435,"e"
"PhonAlign",65.435,65.515,"n"
"PhonAlign",65.515,65.595,"O/"
"PhonAlign",65.595,65.655,"z"
"PhonAlign",65.655,65.695,"Z"
"PhonAlign",65.695,65.785,"9"
"PhonAlign",65.785,65.815,"n"
"PhonAlign",65.815,65.845,"A/"
"PhonAlign",65.845,65.875,"v"
"PhonAlign",65.875,65.945,"E"
"PhonAlign",65.945,66.045,"k"
"PhonAlign",66.045,66.405,"U~/"
"PhonAlign",66.405,66.455,"n"
"PhonAlign",66.455,66.505,"e"
"PhonAlign",66.505,66.55499999999999,"v"
"PhonAlign",66.55499999999999,66.625,"E"
"PhonAlign",66.625,66.655,"n"
"PhonAlign",66.655,66.705,"m"
"PhonAlign",66.705,66.755,"a~"
"PhonAlign",66.755,66.845,"s"
"PhonAlign",66.845,66.875,"y"
"PhonAlign",66.875,66.91499999999999,"R"
"PhonAlign",66.91499999999999,66.96499999999999,"A/"
"PhonAlign",66.96499999999999,67.015,"m"
"PhonAlign",67.015,67.085,"A/"
"PhonAlign",67.085,67.265,"z"
"PhonAlign",67.265,67.295,"O/"
"PhonAlign",67.295,67.33069,"n"
"PhonAlign",67.33069,96.482812,"#"
"PhonAlign",96.482812,96.522812,"s"
"PhonAlign",96.522812,96.552812,"Z"
"PhonAlign",96.552812,96.622812,"@"
"PhonAlign",96.622812,96.722812,"s"
"PhonAlign",96.722812,96.752812,"y"
"PhonAlign",96.752812,96.782812,"i"
"PhonAlign",96.782812,96.822812,"b"
"PhonAlign",96.822812,97.052812,"U~/"
"PhonAlign",97.052812,97.142812,"d"
"PhonAlign",97.142812,97.172812,"A/"
"PhonAlign",97.172812,97.702812,"k"
"PhonAlign",97.702812,97.862812,"O/"
"PhonAlign",97.862812,97.892812,"R"
"PhonAlign",97.892812,97.992812,"d"
"PhonAlign",97.992812,98.082812,"a~"
"PhonAlign",98.082812,98.242812,"A/"
"PhonAlign",98.242812,98.352812,"s"
"PhonAlign",98.352812,98.392812,"O/"
"PhonAlign",98.392812,98.502812,"s"
"PhonAlign",98.502812,98.582812,"A/"
"PhonAlign",98.582812,98.702812,"s"
"PhonAlign",98.702812,98.742812,"j"
"PhonAlign",98.742812,98.852812,"O~"
"PhonAlign",98.852812,98.992812,"d"
"PhonAlign",98.992812,99.052812,"@"
"PhonAlign",99.052812,99.172812,"p"
"PhonAlign",99.172812,99.222812,"R"
"PhonAlign",99.222812,99.302812,"E"
"PhonAlign",99.302812,99.362812,"v"
"PhonAlign",99.362812,99.452812,"a~"
"PhonAlign",99.452812,99.602812,"s"
"PhonAlign",99.602812,99.632812,"j"
"PhonAlign",99.632812,99.785,"O~"
"PhonAlign",99.785,100.075,"#"
"PhonAlign",100.075,100.145,"t"
"PhonAlign",100.145,100.295,"n"
"PhonAlign",100.295,100.355,"O/"
"PhonAlign",100.355,100.385,"t"
"PhonAlign",100.385,100.505,"R"
"PhonAlign",100.505,100.545,"@"
"PhonAlign",100.545,100.635,"Z"
"PhonAlign",100.635,100.695,"2"
"PhonAlign",100.695,100.775,"n"
"PhonAlign",100.775,100.895,"E"
"PhonAlign",100.895,101.11,"s"
"PhonAlign",101.11,101.24,"#"
"PhonAlign",101.24,101.38,"t"
"PhonAlign",101.38,101.61,"t"
"PhonAlign",101.61,101.68,"y"
"PhonAlign",101.68,101.9,"t"
"PhonAlign",101.9,101.93,"l"
"PhonAlign",101.93,102.14,"m"
"PhonAlign",102.14,102.2,"O/"
"PhonAlign",102.2,102.27,"p"
"PhonAlign",102.27,102.32,"R"
"PhonAlign",102.32,102.37,"E"
"PhonAlign",102.37,102.42,"v"
"PhonAlign",102.42,102.5,"a~"
"PhonAlign",102.5,102.6,"s"
"PhonAlign",102.6,102.63,"j"
"PhonAlign",102.63,102.72,"O~"
"PhonAlign",102.72,102.83,"t"
"PhonAlign",102.83,102.86,"l"
"PhonAlign",102.86,102.93,"m"
"PhonAlign",102.93,102.99,"E"
"PhonAlign",102.99,103.06,"d"
"PhonAlign",103.06,103.09,"a~"
"PhonAlign",103.09,103.14,"z"
"PhonAlign",103.14,103.33,"t"
"PhonAlign",103.33,103.36,"l"
"PhonAlign",103.36,103.52,"m"
"PhonAlign",103.52,103.73,"E"
"PhonAlign",103.73,103.98,"z"
"PhonAlign",103.98,104.042812,"u"
"PhonAlign",104.042812,108.686231,"#"
"PhonAlign",108.686231,108.956231,"i"
"PhonAlign",108.956231,109.066231,"l"
"PhonAlign",109.066231,109.476231,"j"
"PhonAlign",109.476231,109.566231,"A/"
"PhonAlign",109.566231,109.946231,"O~"
"PhonAlign",109.946231,110.006231,"m"
"PhonAlign",110.006231,110.066231,"A/"
"PhonAlign",110.066231,110.126231,"R"
"PhonAlign",110.126231,110.176231,"S"
"PhonAlign",110.176231,110.216231,"s"
"PhonAlign",110.216231,110.246231,"y"
"PhonAlign",110.246231,110.286231,"R"
"PhonAlign",110.286231,110.316231,"l"
"PhonAlign",110.316231,110.376231,"A/"
"PhonAlign",110.376231,110.466231,"t"
"PhonAlign",110.466231,110.526231,"E"
"PhonAlign",110.526231,110.910938,"t"
"PhonAlign",110.910938,121.124002,"#"
"PhonAlign",121.124002,121.304002,"E"
"PhonAlign",121.304002,121.334002,"g"
"PhonAlign",121.334002,121.414002,"z"
"PhonAlign",121.414002,121.444002,"A/"
"PhonAlign",121.444002,121.484002,"k"
"PhonAlign",121.484002,121.564002,"t"
"PhonAlign",121.564002,121.684002,"2"
"PhonAlign",121.684002,121.714002,"m"
"PhonAlign",121.714002,121.784002,"a~"
"PhonAlign",121.784002,122.00398,"t"
"PhonAlign",122.00398,137.651916,"#"
"PhonAlign",137.651916,137.791916,"w"
"PhonAlign",137.791916,138.330232,"E"
"PhonAlign",138.330232,143.683432,"#"
"PhonAlign",143.683432,143.723432,"O/"
"PhonAlign",143.723432,143.783432,"k"
"PhonAlign",143.783432,143.853432,"E"
"PhonAlign",143.853432,144.523432,"#"
"PhonAlign",144.523432,144.55343200000002,"O/"
"PhonAlign",144.55343200000002,144.61343200000002,"k"
"PhonAlign",144.61343200000002,144.663432,"e"
"PhonAlign",144.663432,144.773432,"t"
"PhonAlign",144.773432,144.80343200000002,"R"
"PhonAlign",144.80343200000002,144.92343200000002,"E"
"PhonAlign",144.92343200000002,144.95343200000002,"b"
"PhonAlign",144.95343200000002,144.98343200000002,"j"
"PhonAlign",144.98343200000002,145.133438,"U~/"
"PhonAlign",145.133438,146.635025,"#"
"PhonAlign",146.635025,147.025025,"v"
"PhonAlign",147.025025,147.055025,"l"
"PhonAlign",147.055025,147.093347,"A/"
"PhonAlign",147.093347,150.246601,"#"
"PhonAlign",150.246601,150.346601,"O/"
"PhonAlign",150.346601,150.446601,"k"
"PhonAlign",150.446601,150.631592,"E"
"PhonAlign",150.631592,153.874687,"#"
"PhonAlign",153.874687,153.914687,"O/"
"PhonAlign",153.914687,154.174687,"k"
"PhonAlign",154.174687,154.474687,"E"
"PhonAlign",154.474687,154.554687,"d"
"PhonAlign",154.554687,154.664687,"O~"
"PhonAlign",154.664687,154.784687,"m"
"PhonAlign",154.784687,154.844687,"w"
"PhonAlign",154.844687,154.894687,"A/"
"PhonAlign",154.894687,155.034687,"Z"
"PhonAlign",155.034687,155.105657,"@"
"PhonAlign",155.105657,158.368909,"#"
"PhonAlign",158.368909,158.598909,"s"
"PhonAlign",158.598909,158.808909,"e"
"PhonAlign",158.808909,158.928909,"s"
"PhonAlign",158.928909,158.968909,"e"
"PhonAlign",158.968909,159.028909,"b"
"PhonAlign",159.028909,159.058909,"j"
"PhonAlign",159.058909,159.098909,"U~/"
"PhonAlign",159.098909,159.168909,"n"
"PhonAlign",159.168909,159.198909,"d"
"PhonAlign",159.198909,159.22890900000002,"l"
"PhonAlign",159.22890900000002,159.258909,"R"
"PhonAlign",159.258909,159.348909,"2"
"PhonAlign",159.348909,159.428909,"k"
"PhonAlign",159.428909,159.468909,"O/"
"PhonAlign",159.468909,159.528909,"n"
"PhonAlign",159.528909,159.608909,"E"
"PhonAlign",159.608909,159.698909,"t"
"PhonAlign",159.698909,159.938909,"R"
"PhonAlign",159.938909,160.158909,"2"
"PhonAlign",160.158909,160.188909,"Z"
"PhonAlign",160.188909,160.328909,"t"
"PhonAlign",160.328909,160.378909,"R"
"PhonAlign",160.378909,160.418909,"2"
"PhonAlign",160.418909,160.448909,"m"
"PhonAlign",160.448909,160.568909,"E"
"PhonAlign",160.568909,160.658909,"R"
"PhonAlign",160.658909,160.688909,"s"
"PhonAlign",160.688909,160.73,"i"
"PhonAlign",160.73,161.275,"#"
"PhonAlign",161.275,161.335,"s"
"PhonAlign",161.335,161.365,"e"
"PhonAlign",161.365,161.395,"b"
"PhonAlign",161.395,161.425,"j"
"PhonAlign",161.425,161.455,"U~/"
"PhonAlign",161.455,161.485,"d"
"PhonAlign",161.485,161.515,"l"
"PhonAlign",161.515,161.54500000000002,"R"
"PhonAlign",161.54500000000002,161.57500000000002,"2"
"PhonAlign",161.57500000000002,161.645,"k"
"PhonAlign",161.645,161.675,"O/"
"PhonAlign",161.675,161.705,"n"
"PhonAlign",161.705,161.785,"E"
"PhonAlign",161.785,161.845,"t"
"PhonAlign",161.845,161.895,"R"
"PhonAlign",161.895,161.965,"A/"
"PhonAlign",161.965,162.035,"p"
"PhonAlign",162.035,162.07500000000002,"R"
"PhonAlign",162.07500000000002,162.205,"E"
"PhonAlign",162.205,162.315,"v"
"PhonAlign",162.315,162.375,"l"
"PhonAlign",162.375,162.54500000000002,"A/"
"PhonAlign",162.54500000000002,162.79500000000002,"#"
"PhonAlign",162.79500000000002,162.895,"s"
"PhonAlign",162.895,162.935,"e"
"PhonAlign",162.935,162.965,"l"
"PhonAlign",162.965,163.04500000000002,"A/"
"PhonAlign",163.04500000000002,163.07500000000002,"k"
"PhonAlign",163.07500000000002,163.165,"Z"
"PhonAlign",163.165,163.215,"v"
"PhonAlign",163.215,163.245,"u"
"PhonAlign",163.245,163.285,"l"
"PhonAlign",163.285,163.315,"E"
"PhonAlign",163.315,163.38500000000002,"U~/"
"PhonAlign",163.38500000000002,163.455,"t"
"PhonAlign",163.455,163.485,"E"
"PhonAlign",163.485,163.54500000000002,"R"
"PhonAlign",163.54500000000002,163.625,"v"
"PhonAlign",163.625,163.695,"2"
"PhonAlign",163.695,163.765,"n"
"PhonAlign",163.765,163.815,"i"
"PhonAlign",163.815,163.978769,"R"
"PhonAlign",163.978769,164.59,"#"
"PhonAlign",164.59,164.88,"Z"
"PhonAlign",164.88,165.01,"a~"
"PhonAlign",165.01,165.09,"t"
"PhonAlign",165.09,165.26,"a~"
"PhonAlign",165.26,165.29,"z"
"PhonAlign",165.29,165.33,"U~/"
"PhonAlign",165.33,165.46,"#"
"PhonAlign",165.46,165.61,"S"
"PhonAlign",165.61,165.76000000000002,"a~"
"PhonAlign",165.76000000000002,165.81,"t"
"PhonAlign",165.81,165.9,"a~"
"PhonAlign",165.9,165.99,"s"
"PhonAlign",165.99,166.04000000000002,"k"
"PhonAlign",166.04000000000002,166.34,"v"
"PhonAlign",166.34,166.37,"u"
"PhonAlign",166.37,166.47,"s"
"PhonAlign",166.47,166.54000000000002,"k"
"PhonAlign",166.54000000000002,166.6,"@"
"PhonAlign",166.6,166.70000000000002,"v"
"PhonAlign",166.70000000000002,166.73000000000002,"u"
"PhonAlign",166.73000000000002,166.79000000000002,"m"
"PhonAlign",166.79000000000002,166.89,"d"
"PhonAlign",166.89,166.93,"i"
"PhonAlign",166.93,167.39,"t"
"PhonAlign",167.39,167.62,"fp"
"PhonAlign",167.62,167.65,"O/"
"PhonAlign",167.65,167.70000000000002,"n"
"PhonAlign",167.70000000000002,167.76000000000002,"i"
"PhonAlign",167.76000000000002,167.81,"v"
"PhonAlign",167.81,167.88,"O/"
"PhonAlign",167.88,167.91,"d"
"PhonAlign",167.91,167.94,"l"
"PhonAlign",167.94,168.01000000000002,"A/"
"PhonAlign",168.01000000000002,168.09,"t"
"PhonAlign",168.09,168.14,"R"
"PhonAlign",168.14,168.22,"a~"
"PhonAlign",168.22,168.29000000000002,"z"
"PhonAlign",168.29000000000002,168.34,"i"
"PhonAlign",168.34,168.46,"s"
"PhonAlign",168.46,168.49,"j"
"PhonAlign",168.49,168.55,"O~"
"PhonAlign",168.55,168.70000000000002,"d"
"PhonAlign",168.70000000000002,168.73000000000002,"n"
"PhonAlign",168.73000000000002,168.84,"y"
"PhonAlign",168.84,168.88,"m"
"PhonAlign",168.88,169.0,"E"
"PhonAlign",169.0,169.03,"R"
"PhonAlign",169.03,169.11,"i"
"PhonAlign",169.11,169.15,"k"
"PhonAlign",169.15,169.37,"s"
"PhonAlign",169.37,169.4,"e"
"PhonAlign",169.4,169.47,"t"
"PhonAlign",169.47,169.53,"R"
"PhonAlign",169.53,169.56,"E"
"PhonAlign",169.56,169.6,"b"
"PhonAlign",169.6,169.64,"j"
"PhonAlign",169.64,169.72,"U~/"
"PhonAlign",169.72,169.75,"*"
"PhonAlign",169.75,169.86,"*"
"PhonAlign",169.86,169.89,"*"
"PhonAlign",169.89,169.92000000000002,"*"
"PhonAlign",169.92000000000002,170.01000000000002,"*"
"PhonAlign",170.01000000000002,170.05,"*"
"PhonAlign",170.05,170.11,"*"
"PhonAlign",170.11,170.39,"*"
"PhonAlign",170.39,170.78,"#"
"PhonAlign",170.78,170.95,"*"
"PhonAlign",170.95,170.98,"*"
"PhonAlign",170.98,171.07,"p"
"PhonAlign",171.07,171.1,"A/"
"PhonAlign",171.1,171.15,"R"
"PhonAlign",171.15,171.19,"E"
"PhonAlign",171.19,171.22,"j"
"PhonAlign",171.22,171.32,"t"
"PhonAlign",171.32,171.35,"e"
"PhonAlign",171.35,171.38,"l"
"PhonAlign",171.38,171.43,"e"
"PhonAlign",171.43,171.52,"f"
"PhonAlign",171.52,171.6,"O/"
"PhonAlign",171.6,171.67,"n"
"PhonAlign",171.67,171.71,"m"
"PhonAlign",171.71,171.75,"e"
"PhonAlign",171.75,171.82,"O/"
"PhonAlign",171.82,171.86,"n"
"PhonAlign",171.86,171.95,"E"
"PhonAlign",171.95,172.0,"t"
"PhonAlign",172.0,172.03,"2"
"PhonAlign",172.03,172.09,"m"
"PhonAlign",172.09,172.17,"a~"
"PhonAlign",172.17,172.240906,"t"
"PhonAlign",172.240906,172.725,"#"
"PhonAlign",172.725,173.015,"A/"
"PhonAlign",173.015,173.095,"s"
"PhonAlign",173.095,173.135,"O/"
"PhonAlign",173.135,173.245,"s"
"PhonAlign",173.245,173.305,"A/"
"PhonAlign",173.305,173.415,"s"
"PhonAlign",173.415,173.445,"j"
"PhonAlign",173.445,173.505,"O~"
"PhonAlign",173.505,173.555,"d"
"PhonAlign",173.555,173.595,"@"
"PhonAlign",173.595,173.665,"p"
"PhonAlign",173.665,173.715,"R"
"PhonAlign",173.715,173.755,"E"
"PhonAlign",173.755,173.805,"v"
"PhonAlign",173.805,173.875,"a~"
"PhonAlign",173.875,173.975,"s"
"PhonAlign",173.975,174.005,"j"
"PhonAlign",174.005,174.055,"O~"
"PhonAlign",174.055,174.095,"d"
"PhonAlign",174.095,174.125,"l"
"PhonAlign",174.125,174.185,"A/"
"PhonAlign",174.185,174.275,"Z"
"PhonAlign",174.275,174.315,"2"
"PhonAlign",174.315,174.385,"n"
"PhonAlign",174.385,174.45499999999998,"E"
"PhonAlign",174.45499999999998,174.69,"s"
"PhonAlign",174.69,175.24,"#"
"PhonAlign",175.24,175.4,"O~"
"PhonAlign",175.4,175.47,"v"
"PhonAlign",175.47,175.63,"@"
"PhonAlign",175.63,175.97,"#"
"PhonAlign",175.97,176.01000000000002,"f"
"PhonAlign",176.01000000000002,176.06,"E"
"PhonAlign",176.06,176.11,"R"
"PhonAlign",176.11,176.14,"d"
"PhonAlign",176.14,176.17000000000002,"l"
"PhonAlign",176.17000000000002,176.22,"A/"
"PhonAlign",176.22,176.28,"p"
"PhonAlign",176.28,176.31,"R"
"PhonAlign",176.31,176.37,"E"
"PhonAlign",176.37,176.46,"v"
"PhonAlign",176.46,176.49,"a~"
"PhonAlign",176.49,176.57000000000002,"s"
"PhonAlign",176.57000000000002,176.60000000000002,"j"
"PhonAlign",176.60000000000002,176.66,"O~"
"PhonAlign",176.66,176.73000000000002,"p"
"PhonAlign",176.73000000000002,176.78,"u"
"PhonAlign",176.78,176.81,"R"
"PhonAlign",176.81,176.85000000000002,"n"
"PhonAlign",176.85000000000002,176.93,"O/"
"PhonAlign",176.93,177.01000000000002,"Z"
"PhonAlign",177.01000000000002,177.08,"9"
"PhonAlign",177.08,177.15,"n"
"PhonAlign",177.15,177.24,"z"
"PhonAlign",177.24,177.345,"#"
"PhonAlign",177.345,177.545,"k"
"PhonAlign",177.545,177.625,"E"
"PhonAlign",177.625,177.655,"l"
"PhonAlign",177.655,177.725,"E"
"PhonAlign",177.725,177.765,"l"
"PhonAlign",177.765,177.835,"@"
"PhonAlign",177.835,177.905,"m"
"PhonAlign",177.905,177.955,"E"
"PhonAlign",177.955,178.025,"j"
"PhonAlign",178.025,178.075,"9"
"PhonAlign",178.075,178.145,"R"
"PhonAlign",178.145,178.275,"t"
"PhonAlign",178.275,178.375,"E"
"PhonAlign",178.375,178.475,"m"
"PhonAlign",178.475,178.55,"@"
"PhonAlign",178.55,179.322187,"#"
"PhonAlign",179.322187,179.462187,"k"
"PhonAlign",179.462187,179.69218700000002,"e"
"PhonAlign",179.69218700000002,179.742187,"t"
"PhonAlign",179.742187,179.772187,"l"
"PhonAlign",179.772187,179.87218700000005,"k"
"PhonAlign",179.87218700000005,179.952187,"E"
"PhonAlign",179.952187,180.052187,"s"
"PhonAlign",180.052187,180.15218700000003,"k"
"PhonAlign",180.15218700000003,180.232187,"i"
"PhonAlign",180.232187,180.352187,"p"
"PhonAlign",180.352187,180.40218700000003,"@"
"PhonAlign",180.40218700000003,180.492187,"A/"
"PhonAlign",180.492187,180.542187,"v"
"PhonAlign",180.542187,180.572187,"w"
"PhonAlign",180.572187,180.602187,"A/"
"PhonAlign",180.602187,180.642187,"R"
"PhonAlign",180.642187,180.692187,"l"
"PhonAlign",180.692187,180.782187,"p"
"PhonAlign",180.782187,180.812187,"l"
"PhonAlign",180.812187,180.882187,"y"
"PhonAlign",180.882187,180.952187,"z"
"PhonAlign",180.952187,181.012187,"d"
"PhonAlign",181.012187,181.112187,"U~/"
"PhonAlign",181.112187,181.202187,"p"
"PhonAlign",181.202187,181.312187,"A/"
"PhonAlign",181.312187,181.342187,"k"
"PhonAlign",181.342187,181.37218700000005,"t"
"PhonAlign",181.37218700000005,181.522187,"s"
"PhonAlign",181.522187,181.552187,"y"
"PhonAlign",181.552187,181.592187,"R"
"PhonAlign",181.592187,181.662187,"n"
"PhonAlign",181.662187,181.752187,"O/"
"PhonAlign",181.752187,181.852187,"Z"
"PhonAlign",181.852187,181.912187,"9"
"PhonAlign",181.912187,182.012187,"n"
"PhonAlign",182.012187,182.142187,"z"
"PhonAlign",182.142187,182.192187,"E"
"PhonAlign",182.192187,182.252187,"s"
"PhonAlign",182.252187,182.332187,"k"
"PhonAlign",182.332187,182.37218700000005,"@"
"PhonAlign",182.37218700000005,182.482187,"s"
"PhonAlign",182.482187,182.532187,"e"
"PhonAlign",182.532187,182.562187,"l"
"PhonAlign",182.562187,182.632187,"A/"
"PhonAlign",182.632187,182.732187,"t"
"PhonAlign",182.732187,182.782187,"R"
"PhonAlign",182.782187,182.852187,"a~"
"PhonAlign",182.852187,182.93218700000003,"z"
"PhonAlign",182.93218700000003,182.962187,"i"
"PhonAlign",182.962187,183.092187,"s"
"PhonAlign",183.092187,183.12218700000005,"j"
"PhonAlign",183.12218700000005,183.33,"O~"
"PhonAlign",183.33,184.654687,"#"
"PhonAlign",184.654687,184.714687,"S"
"PhonAlign",184.714687,184.804687,"s"
"PhonAlign",184.804687,184.834687,"y"
"PhonAlign",184.834687,184.864687,"i"
"PhonAlign",184.864687,184.904687,"d"
"PhonAlign",184.904687,185.004687,"A/"
"PhonAlign",185.004687,185.094687,"k"
"PhonAlign",185.094687,185.214687,"O/"
"PhonAlign",185.214687,185.264687,"R"
"PhonAlign",185.264687,185.344687,"m"
"PhonAlign",185.344687,185.404687,"e"
"PhonAlign",185.404687,185.524687,"n"
"PhonAlign",185.524687,185.554687,"O/"
"PhonAlign",185.554687,185.694687,"Z"
"PhonAlign",185.694687,185.784687,"9"
"PhonAlign",185.784687,185.854687,"n"
"PhonAlign",185.854687,185.944687,"O~"
"PhonAlign",185.944687,186.054687,"p"
"PhonAlign",186.054687,186.134687,"A/"
"PhonAlign",186.134687,186.164687,"R"
"PhonAlign",186.164687,186.194687,"l"
"PhonAlign",186.194687,186.304687,"A/"
"PhonAlign",186.304687,186.344687,"O~"
"PhonAlign",186.344687,186.624687,"p"
"PhonAlign",186.624687,186.734687,"A/"
"PhonAlign",186.734687,186.764687,"R"
"PhonAlign",186.764687,186.794687,"l"
"PhonAlign",186.794687,186.874687,"A/"
"PhonAlign",186.874687,187.034687,"n"
"PhonAlign",187.034687,187.064687,"O/"
"PhonAlign",187.064687,187.194687,"Z"
"PhonAlign",187.194687,187.284687,"9"
"PhonAlign",187.284687,187.364687,"n"
"PhonAlign",187.364687,187.964687,"#"
"PhonAlign",187.964687,188.034687,"O~"
"PhonAlign",188.034687,188.097187,"n"
"PhonAlign",188.097187,190.635,"#"
"PhonAlign",190.635,190.735,"O~"
"PhonAlign",190.735,190.815,"p"
"PhonAlign",190.815,190.855,"A/"
"PhonAlign",190.855,190.905,"R"
"PhonAlign",190.905,190.935,"l"
"PhonAlign",190.935,191.005,"A/"
"PhonAlign",191.005,191.045,"n"
"PhonAlign",191.045,191.145,"O/"
"PhonAlign",191.145,191.255,"Z"
"PhonAlign",191.255,191.375,"9"
"PhonAlign",191.375,191.475,"n"
"PhonAlign",191.475,191.815,"#"
"PhonAlign",191.815,191.865,"t"
"PhonAlign",191.865,191.945,"R"
"PhonAlign",191.945,192.025,"a~"
"PhonAlign",192.025,192.095,"z"
"PhonAlign",192.095,192.125,"i"
"PhonAlign",192.125,192.275,"s"
"PhonAlign",192.275,192.305,"j"
"PhonAlign",192.305,192.385,"O~"
"PhonAlign",192.385,192.495,"d"
"PhonAlign",192.495,192.687187,"y"
"PhonAlign",192.687187,203.84,"#"
"PhonAlign",203.84,204.0,"E"
"PhonAlign",204.0,204.03,"g"
"PhonAlign",204.03,204.08,"z"
"PhonAlign",204.08,204.14,"A/"
"PhonAlign",204.14,204.21,"k"
"PhonAlign",204.21,204.25,"t"
"PhonAlign",204.25,204.3,"2"
"PhonAlign",204.3,204.37,"m"
"PhonAlign",204.37,204.45,"a~"
"PhonAlign",204.45,204.73,"#"
"PhonAlign",204.73,204.82,"s"
"PhonAlign",204.82,204.87,"e"
"PhonAlign",204.87,204.98,"s"
"PhonAlign",204.98,205.140938,"A/"
"PhonAlign",205.140938,207.115312,"#"
"PhonAlign",207.115312,207.355312,"s"
"PhonAlign",207.355312,207.465312,"e"
"PhonAlign",207.465312,207.605312,"U~/"
"PhonAlign",207.605312,207.665312,"k"
"PhonAlign",207.665312,207.715312,"R"
"PhonAlign",207.715312,207.745312,"w"
"PhonAlign",207.745312,207.775312,"A/"
"PhonAlign",207.775312,207.825312,"j"
"PhonAlign",207.825312,207.895312,"A/"
"PhonAlign",207.895312,207.995312,"b"
"PhonAlign",207.995312,208.025312,"l"
"PhonAlign",208.025312,208.055312,"m"
"PhonAlign",208.055312,208.085312,"s"
"PhonAlign",208.085312,208.275312,"e"
"PhonAlign",208.275312,208.305312,"p"
"PhonAlign",208.305312,208.335312,"A/"
"PhonAlign",208.335312,208.365312,"s"
"PhonAlign",208.365312,208.395312,"a~"
"PhonAlign",208.395312,208.425312,"t"
"PhonAlign",208.425312,208.455312,"R"
"PhonAlign",208.455312,208.515312,"e"
"PhonAlign",208.515312,208.545312,"O~"
"PhonAlign",208.545312,208.735312,"v"
"PhonAlign",208.735312,208.765312,"A/"
"PhonAlign",208.765312,208.865312,"p"
"PhonAlign",208.865312,208.935312,"A/"
"PhonAlign",208.935312,209.045312,"p"
"PhonAlign",209.045312,209.085312,"u"
"PhonAlign",209.085312,209.135312,"v"
"PhonAlign",209.135312,209.165312,"w"
"PhonAlign",209.165312,209.195312,"A/"
"PhonAlign",209.195312,209.225312,"R"
"PhonAlign",209.225312,209.255312,"A/"
"PhonAlign",209.255312,209.285312,"b"
"PhonAlign",209.285312,209.315312,"O/"
"PhonAlign",209.315312,209.345312,"R"
"PhonAlign",209.345312,209.375312,"d"
"PhonAlign",209.375312,209.405312,"e"
"PhonAlign",209.405312,209.435312,"U~/"
"PhonAlign",209.435312,209.475312,"p"
"PhonAlign",209.475312,209.505312,"w"
"PhonAlign",209.505312,209.605312,"U~/"
"PhonAlign",209.605312,209.76,"t"
"PhonAlign",209.76,210.11,"#"
"PhonAlign",210.11,210.15,"O~"
"PhonAlign",210.15,210.43,"v"
"PhonAlign",210.43,210.5,"A/"
"PhonAlign",210.5,210.59,"p"
"PhonAlign",210.59,210.65,"A/"
"PhonAlign",210.65,210.74,"p"
"PhonAlign",210.74,210.77,"u"
"PhonAlign",210.77,210.81,"v"
"PhonAlign",210.81,210.85,"w"
"PhonAlign",210.85,210.88,"A/"
"PhonAlign",210.88,210.91000000000005,"R"
"PhonAlign",210.91000000000005,210.98,"A/"
"PhonAlign",210.98,211.06,"b"
"PhonAlign",211.06,211.14,"O/"
"PhonAlign",211.14,211.17,"R"
"PhonAlign",211.17,211.25,"d"
"PhonAlign",211.25,211.36,"e"
"PhonAlign",211.36,211.48,"U~/"
"PhonAlign",211.48,211.54,"n"
"PhonAlign",211.54,211.6,"p"
"PhonAlign",211.6,211.63,"w"
"PhonAlign",211.63,211.87,"U~/"
"PhonAlign",211.87,211.95,"t"
"PhonAlign",211.95,213.057538,"#"
"PhonAlign",213.057538,213.207538,"s"
"PhonAlign",213.207538,213.257538,"e"
"PhonAlign",213.257538,213.347538,"s"
"PhonAlign",213.347538,213.645,"A/"
"PhonAlign",213.645,215.232188,"#"
"PhonAlign",215.232188,215.352188,"a~"
"PhonAlign",215.352188,215.452188,"t"
"PhonAlign",215.452188,215.482188,"E"
"PhonAlign",215.482188,215.532188,"R"
"PhonAlign",215.532188,215.592188,"m"
"PhonAlign",215.592188,215.632188,"d"
"PhonAlign",215.632188,215.692188,"@"
"PhonAlign",215.692188,215.772188,"n"
"PhonAlign",215.772188,215.972188,"O~"
"PhonAlign",215.972188,216.062188,"R"
"PhonAlign",216.062188,216.152188,"E"
"PhonAlign",216.152188,216.212188,"z"
"PhonAlign",216.212188,216.242188,"O/"
"PhonAlign",216.242188,216.272188,"s"
"PhonAlign",216.272188,216.322188,"O/"
"PhonAlign",216.322188,216.382188,"s"
"PhonAlign",216.382188,216.412188,"j"
"PhonAlign",216.412188,216.442188,"O/"
"PhonAlign",216.442188,216.615938,"z"
"PhonAlign",216.615938,221.138438,"#"
"PhonAlign",221.138438,221.268438,"t"
"PhonAlign",221.268438,221.338438,"A/"
"PhonAlign",221.338438,221.388438,"v"
"PhonAlign",221.388438,221.488438,"y"
"PhonAlign",221.488438,221.538438,"v"
"PhonAlign",221.538438,221.638438,"A/"
"PhonAlign",221.638438,221.745938,"l"
"PhonAlign",221.745938,223.619063,"#"
"PhonAlign",223.619063,223.659063,"n"
"PhonAlign",223.659063,223.839063,"O/"
"PhonAlign",223.839063,223.889063,"m"
"PhonAlign",223.889063,223.919063,"E"
"PhonAlign",223.919063,223.999063,"S"
"PhonAlign",223.999063,224.029063,"s"
"PhonAlign",224.029063,224.059063,"y"
"PhonAlign",224.059063,224.089063,"i"
"PhonAlign",224.089063,224.119063,"d"
"PhonAlign",224.119063,224.189063,"A/"
"PhonAlign",224.189063,224.259063,"k"
"PhonAlign",224.259063,224.469063,"O/"
"PhonAlign",224.469063,224.569063,"R"
"PhonAlign",224.569063,224.689063,"A/"
"PhonAlign",224.689063,224.719063,"v"
"PhonAlign",224.719063,224.749063,"E"
"PhonAlign",224.749063,224.779063,"k"
"PhonAlign",224.779063,224.809063,"t"
"PhonAlign",224.809063,224.839063,"w"
"PhonAlign",224.839063,224.929063,"A/"
"PhonAlign",224.929063,224.979063,"m"
"PhonAlign",224.979063,225.009063,"E"
"PhonAlign",225.009063,225.139063,"s"
"PhonAlign",225.139063,225.179063,"e"
"PhonAlign",225.179063,225.219063,"l"
"PhonAlign",225.219063,225.299063,"A/"
"PhonAlign",225.299063,225.389063,"k"
"PhonAlign",225.389063,225.429063,"@"
"PhonAlign",225.429063,225.539063,"Z"
"PhonAlign",225.539063,225.659063,"@"
"PhonAlign",225.659063,225.809063,"t"
"PhonAlign",225.809063,225.839063,"v"
"PhonAlign",225.839063,225.869063,"w"
"PhonAlign",225.869063,225.899063,"A/"
"PhonAlign",225.899063,225.969063,"s"
"PhonAlign",225.969063,225.999063,"k"
"PhonAlign",225.999063,226.039063,"Z"
"PhonAlign",226.039063,226.079063,"@"
"PhonAlign",226.079063,226.139063,"v"
"PhonAlign",226.139063,226.199063,"@"
"PhonAlign",226.199063,226.269063,"d"
"PhonAlign",226.269063,226.299063,"i"
"PhonAlign",226.299063,226.572188,"R"
"PhonAlign",226.572188,229.70688,"#"
"PhonAlign",229.70688,229.92688,"O~"
"PhonAlign",229.92688,230.12688,"n"
"PhonAlign",230.12688,230.34853,"@"
"PhonAlign",230.34853,234.469687,"#"
"PhonAlign",234.469687,234.509687,"u"
"PhonAlign",234.509687,234.539687,"i"
"PhonAlign",234.539687,235.479687,"#"
"PhonAlign",235.479687,235.549687,"S"
"PhonAlign",235.549687,235.579687,"s"
"PhonAlign",235.579687,235.609687,"y"
"PhonAlign",235.609687,235.639687,"i"
"PhonAlign",235.639687,235.669687,"d"
"PhonAlign",235.669687,235.749687,"A/"
"PhonAlign",235.749687,235.809687,"k"
"PhonAlign",235.809687,235.949687,"O/"
"PhonAlign",235.949687,236.059687,"R"
"PhonAlign",236.059687,236.139687,"m"
"PhonAlign",236.139687,236.269687,"e"
"PhonAlign",236.269687,236.329687,"i"
"PhonAlign",236.329687,236.359687,"l"
"PhonAlign",236.359687,236.419687,"j"
"PhonAlign",236.419687,236.519687,"A/"
"PhonAlign",236.519687,236.599687,"O~"
"PhonAlign",236.599687,236.649687,"n"
"PhonAlign",236.649687,236.719687,"A/"
"PhonAlign",236.719687,236.809687,"p"
"PhonAlign",236.809687,236.989687,"A/"
"PhonAlign",236.989687,237.069687,"O~"
"PhonAlign",237.069687,237.099687,"n"
"PhonAlign",237.099687,237.169687,"A/"
"PhonAlign",237.169687,237.269687,"k"
"PhonAlign",237.269687,237.349687,"y"
"PhonAlign",237.349687,237.399687,"n"
"PhonAlign",237.399687,237.509687,"Z"
"PhonAlign",237.509687,237.579687,"u"
"PhonAlign",237.579687,237.609687,"R"
"PhonAlign",237.609687,237.679687,"n"
"PhonAlign",237.679687,237.749687,"e"
"PhonAlign",237.749687,237.789687,"l"
"PhonAlign",237.789687,237.819687,"e"
"PhonAlign",237.819687,237.929687,"z"
"PhonAlign",237.929687,237.989687,"A/"
"PhonAlign",237.989687,238.029687,"m"
"PhonAlign",238.029687,238.059687,"i"
"PhonAlign",238.059687,238.169687,"z"
"PhonAlign",238.169687,238.229687,"O~"
"PhonAlign",238.229687,238.279687,"n"
"PhonAlign",238.279687,238.329687,"A/"
"PhonAlign",238.329687,238.469687,"k"
"PhonAlign",238.469687,238.519687,"y"
"PhonAlign",238.519687,238.559687,"n"
"PhonAlign",238.559687,238.659687,"Z"
"PhonAlign",238.659687,238.729687,"u"
"PhonAlign",238.729687,238.759687,"R"
"PhonAlign",238.759687,238.819687,"n"
"PhonAlign",238.819687,238.859687,"e"
"PhonAlign",238.859687,238.899687,"e"
"PhonAlign",238.899687,238.929687,"e"
"PhonAlign",238.929687,238.959687,"e"
"PhonAlign",238.959687,239.179687,"p"
"PhonAlign",239.179687,239.309687,"A/"
"PhonAlign",239.309687,239.509687,"R"
"PhonAlign",239.509687,239.809687,"e"
"PhonAlign",239.809687,240.059687,"g"
"PhonAlign",240.059687,240.149687,"z"
"PhonAlign",240.149687,240.299687,"a~"
"PhonAlign",240.299687,240.339687,"p"
"PhonAlign",240.339687,240.369687,"l"
"PhonAlign",240.369687,240.574683,"@"
"PhonAlign",240.574683,241.62,"#"
"PhonAlign",241.62,241.72,"O~"
"PhonAlign",241.72,241.77,"n"
"PhonAlign",241.77,241.92,"A/"
"PhonAlign",241.92,242.33,"#"
"PhonAlign",242.33,242.41,"s"
"PhonAlign",242.41,242.46,"e"
"PhonAlign",242.46,242.54,"s"
"PhonAlign",242.54,242.58,"y"
"PhonAlign",242.58,242.61,"R"
"PhonAlign",242.61,242.68,"p"
"PhonAlign",242.68,242.71,"l"
"PhonAlign",242.71,242.74,"y"
"PhonAlign",242.74,242.77,"z"
"PhonAlign",242.77,242.8,"j"
"PhonAlign",242.8,242.86,"9"
"PhonAlign",242.86,242.89,"R"
"PhonAlign",242.89,242.97,"Z"
"PhonAlign",242.97,243.04,"u"
"PhonAlign",243.04,243.09,"R"
"PhonAlign",243.09,243.18,"O~"
"PhonAlign",243.18,243.22,"A/"
"PhonAlign",243.22,243.26,"p"
"PhonAlign",243.26,243.29,"l"
"PhonAlign",243.29,243.32,"y"
"PhonAlign",243.32,243.35,"z"
"PhonAlign",243.35,243.38,"j"
"PhonAlign",243.38,243.44,"9"
"PhonAlign",243.44,243.47,"R"
"PhonAlign",243.47,243.52,"Z"
"PhonAlign",243.52,243.55,"u"
"PhonAlign",243.55,243.66,"R"
"PhonAlign",243.66,243.818437,"z"
"PhonAlign",243.818437,244.712813,"#"
"PhonAlign",244.712813,244.852813,"O/"
"PhonAlign",244.852813,244.892813,"k"
"PhonAlign",244.892813,244.922813,"E"
"PhonAlign",244.922813,244.952813,"d"
"PhonAlign",244.952813,245.002813,"O~"
"PhonAlign",245.002813,245.112813,"k"
"PhonAlign",245.112813,245.182813,"e"
"PhonAlign",245.182813,245.662813,"k"
"PhonAlign",245.662813,245.772813,"u"
"PhonAlign",245.772813,245.872813,"t"
"PhonAlign",245.872813,245.922813,"@"
"PhonAlign",245.922813,245.982813,"s"
"PhonAlign",245.982813,246.042813,"k"
"PhonAlign",246.042813,246.122813,"@"
"PhonAlign",246.122813,246.152813,"Z"
"PhonAlign",246.152813,246.182813,"v"
"PhonAlign",246.182813,246.212813,"u"
"PhonAlign",246.212813,246.262813,"l"
"PhonAlign",246.262813,246.332813,"E"
"PhonAlign",246.332813,246.392813,"v"
"PhonAlign",246.392813,246.422813,"u"
"PhonAlign",246.422813,246.492813,"d"
"PhonAlign",246.492813,246.552813,"i"
"PhonAlign",246.552813,246.822813,"R"
"PhonAlign",246.822813,246.902813,"m"
"PhonAlign",246.902813,246.942813,"w"
"PhonAlign",246.942813,247.102813,"A/"
"PhonAlign",247.102813,247.252813,"O~"
"PhonAlign",247.252813,247.312813,"n"
"PhonAlign",247.312813,247.432813,"A/"
"PhonAlign",247.432813,247.462813,"y"
"PhonAlign",247.462813,247.582813,"n"
"PhonAlign",247.582813,247.702813,"@"
"PhonAlign",247.702813,247.772813,"p"
"PhonAlign",247.772813,247.802813,"R"
"PhonAlign",247.802813,247.852813,"O/"
"PhonAlign",247.852813,247.882813,"b"
"PhonAlign",247.882813,247.912813,"l"
"PhonAlign",247.912813,247.962813,"E"
"PhonAlign",247.962813,248.012813,"m"
"PhonAlign",248.012813,248.092813,"A/"
"PhonAlign",248.092813,248.202813,"t"
"PhonAlign",248.202813,248.252813,"i"
"PhonAlign",248.252813,248.772813,"k"
"PhonAlign",248.772813,248.832813,"O~"
"PhonAlign",248.832813,248.882813,"n"
"PhonAlign",248.882813,248.912813,"A/"
"PhonAlign",248.912813,248.952813,"y"
"PhonAlign",248.952813,248.992813,"n"
"PhonAlign",248.992813,249.042813,"p"
"PhonAlign",249.042813,249.082813,"R"
"PhonAlign",249.082813,249.112813,"O/"
"PhonAlign",249.112813,249.172813,"b"
"PhonAlign",249.172813,249.202813,"l"
"PhonAlign",249.202813,249.242813,"E"
"PhonAlign",249.242813,249.272813,"m"
"PhonAlign",249.272813,249.372813,"A/"
"PhonAlign",249.372813,249.482813,"t"
"PhonAlign",249.482813,249.542813,"i"
"PhonAlign",249.542813,249.572813,"k"
"PhonAlign",249.572813,249.612813,"k"
"PhonAlign",249.612813,249.652813,"e"
"PhonAlign",249.652813,249.722813,"e"
"PhonAlign",249.722813,249.812813,"n"
"PhonAlign",249.812813,249.882813,"O/"
"PhonAlign",249.882813,249.912813,"R"
"PhonAlign",249.912813,249.972813,"m"
"PhonAlign",249.972813,250.002813,"A/"
"PhonAlign",250.002813,250.032813,"v"
"PhonAlign",250.032813,250.062813,"E"
"PhonAlign",250.062813,250.162813,"k"
"PhonAlign",250.162813,250.192813,"l"
"PhonAlign",250.192813,250.222813,"@"
"PhonAlign",250.222813,250.252813,"R"
"PhonAlign",250.252813,250.282813,"E"
"PhonAlign",250.282813,250.372813,"z"
"PhonAlign",250.372813,250.402813,"O/"
"PhonAlign",250.402813,250.492813,"s"
"PhonAlign",250.492813,250.552813,"O/"
"PhonAlign",250.552813,250.672813,"s"
"PhonAlign",250.672813,250.702813,"j"
"PhonAlign",250.702813,250.762813,"O/"
"PhonAlign",250.762813,250.852813,"z"
"PhonAlign",250.852813,250.882813,"i"
"PhonAlign",250.882813,250.992813,"j"
"PhonAlign",250.992813,251.022813,"A/"
"PhonAlign",251.022813,251.142813,"t"
"PhonAlign",251.142813,251.182813,"E"
"PhonAlign",251.182813,251.212813,"l"
"PhonAlign",251.212813,251.242813,"2"
"PhonAlign",251.242813,251.302813,"m"
"PhonAlign",251.302813,251.382813,"a~"
"PhonAlign",251.382813,251.712813,"t"
"PhonAlign",251.712813,251.772813,"j"
"PhonAlign",251.772813,251.822813,"A/"
"PhonAlign",251.822813,252.032813,"t"
"PhonAlign",252.032813,252.102813,"E"
"PhonAlign",252.102813,252.132813,"l"
"PhonAlign",252.132813,252.212813,"m"
"PhonAlign",252.212813,252.322813,"a~"
"PhonAlign",252.322813,252.362813,"d"
"PhonAlign",252.362813,252.432813,"@"
"PhonAlign",252.432813,252.582813,"s"
"PhonAlign",252.582813,252.632813,"u"
"PhonAlign",252.632813,252.762813,"s"
"PhonAlign",252.762813,252.802813,"i"
"PhonAlign",252.802813,252.85281300000003,"A/"
"PhonAlign",252.85281300000003,252.992813,"s"
"PhonAlign",252.992813,253.052813,"u"
"PhonAlign",253.052813,253.082813,"l"
"PhonAlign",253.082813,253.112813,"2"
"PhonAlign",253.112813,253.162813,"v"
"PhonAlign",253.162813,253.282813,"e"
"PhonAlign",253.282813,253.652813,"k"
"PhonAlign",253.652813,253.702813,"@"
"PhonAlign",253.702813,253.762813,"S"
"PhonAlign",253.762813,253.822813,"p"
"PhonAlign",253.822813,253.912813,"a~"
"PhonAlign",253.912813,253.992813,"s"
"PhonAlign",253.992813,254.032813,"k"
"PhonAlign",254.032813,254.082813,"@"
"PhonAlign",254.082813,254.142813,"d"
"PhonAlign",254.142813,254.202813,"E"
"PhonAlign",254.202813,254.262813,"t"
"PhonAlign",254.262813,254.372813,"s"
"PhonAlign",254.372813,254.482813,"a~"
"PhonAlign",254.482813,254.542813,"t"
"PhonAlign",254.542813,254.622813,"R"
"PhonAlign",254.622813,254.702813,"e"
"PhonAlign",254.702813,254.762813,"n"
"PhonAlign",254.762813,254.792813,"O/"
"PhonAlign",254.792813,255.182813,"z"
"PhonAlign",255.182813,255.252813,"Z"
"PhonAlign",255.252813,255.282813,"9"
"PhonAlign",255.282813,255.332813,"n"
"PhonAlign",255.332813,255.412813,"z"
"PhonAlign",255.412813,255.482813,"O~"
"PhonAlign",255.482813,255.512813,"v"
"PhonAlign",255.512813,255.542813,"A/"
"PhonAlign",255.542813,255.572813,"O~"
"PhonAlign",255.572813,255.60281300000003,"v"
"PhonAlign",255.60281300000003,255.662813,"A/"
"PhonAlign",255.662813,255.692813,"l"
"PhonAlign",255.692813,255.742813,"e"
"PhonAlign",255.742813,255.832813,"f"
"PhonAlign",255.832813,255.892813,"E"
"PhonAlign",255.892813,255.962813,"R"
"PhonAlign",255.962813,256.03281300000003,"v"
"PhonAlign",256.03281300000003,256.122813,"@"
"PhonAlign",256.122813,256.172813,"n"
"PhonAlign",256.172813,256.242813,"i"
"PhonAlign",256.242813,256.34281300000004,"R"
"PhonAlign",256.34281300000004,256.372813,"d"
"PhonAlign",256.372813,256.452813,"O~"
"PhonAlign",256.452813,256.512813,"k"
"PhonAlign",256.512813,256.552813,"O~"
"PhonAlign",256.552813,256.582813,"v"
"PhonAlign",256.582813,256.662813,"A/"
"PhonAlign",256.662813,256.762813,"f"
"PhonAlign",256.762813,256.802813,"E"
"PhonAlign",256.802813,256.832813,"R"
"PhonAlign",256.832813,256.892813,"v"
"PhonAlign",256.892813,256.962813,"@"
"PhonAlign",256.962813,257.002813,"n"
"PhonAlign",257.002813,257.03281300000003,"i"
"PhonAlign",257.03281300000003,257.102813,"R"
"PhonAlign",257.102813,257.182813,"p"
"PhonAlign",257.182813,257.212813,"l"
"PhonAlign",257.212813,257.242813,"y"
"PhonAlign",257.242813,257.28281300000003,"z"
"PhonAlign",257.28281300000003,257.312813,"j"
"PhonAlign",257.312813,257.34281300000004,"9"
"PhonAlign",257.34281300000004,257.442813,"R"
"PhonAlign",257.442813,257.522813,"k"
"PhonAlign",257.522813,257.552813,"l"
"PhonAlign",257.552813,257.642813,"A/"
"PhonAlign",257.642813,258.28281300000003,"s"
"PhonAlign",258.28281300000003,258.372813,"z"
"PhonAlign",258.372813,258.422813,"e"
"PhonAlign",258.422813,258.512813,"S"
"PhonAlign",258.512813,258.582813,"p"
"PhonAlign",258.582813,258.672813,"a~"
"PhonAlign",258.672813,258.752813,"s"
"PhonAlign",258.752813,258.812813,"k"
"PhonAlign",258.812813,258.862813,"@"
"PhonAlign",258.862813,258.932813,"d"
"PhonAlign",258.932813,259.002813,"@"
"PhonAlign",259.002813,259.202813,"t"
"PhonAlign",259.202813,259.272813,"R"
"PhonAlign",259.272813,259.432813,"O/"
"PhonAlign",259.432813,259.505,"p"
"PhonAlign",259.505,260.0,"#"
"PhonAlign",260.0,260.23,"s"
"PhonAlign",260.23,260.3,"E"
"PhonAlign",260.3,260.4,"p"
"PhonAlign",260.4,260.44,"A/"
"PhonAlign",260.44,260.53,"R"
"PhonAlign",260.53,260.62,"p"
"PhonAlign",260.62,260.74,"i"
"PhonAlign",260.74,260.77,"j"
"PhonAlign",260.77,260.92,"e"
"PhonAlign",260.92,260.965,"R"
"PhonAlign",260.965,261.86,"#"
"PhonAlign",261.86,261.92,"Z"
"PhonAlign",261.92,262.29,"p"
"PhonAlign",262.29,262.37,"a~"
"PhonAlign",262.37,262.46000000000004,"s"
"PhonAlign",262.46000000000004,262.5,"p"
"PhonAlign",262.5,262.58000000000004,"A/"
"PhonAlign",262.58000000000004,262.63,"k"
"PhonAlign",262.63,262.71000000000004,"s"
"PhonAlign",262.71000000000004,262.76,"A/"
"PhonAlign",262.76,262.8,"l"
"PhonAlign",262.8,262.84000000000003,"9"
"PhonAlign",262.84000000000003,262.89,"R"
"PhonAlign",262.89,262.97,"p"
"PhonAlign",262.97,263.02000000000004,"E"
"PhonAlign",263.02000000000004,263.07,"R"
"PhonAlign",263.07,263.11,"m"
"PhonAlign",263.11,263.19,"E"
"PhonAlign",263.19,263.26,"t"
"PhonAlign",263.26,263.3,"R"
"PhonAlign",263.3,263.38,"A/"
"PhonAlign",263.38,263.44,"d"
"PhonAlign",263.44,263.49,"A/"
"PhonAlign",263.49,263.64,"s"
"PhonAlign",263.64,263.68,"i"
"PhonAlign",263.68,263.75,"m"
"PhonAlign",263.75,263.8,"i"
"PhonAlign",263.8,263.83000000000004,"l"
"PhonAlign",263.83000000000004,263.92,"e"
"PhonAlign",263.92,264.06,"t"
"PhonAlign",264.06,264.16,"u"
"PhonAlign",264.16,264.29,"t"
"PhonAlign",264.29,264.473438,"@"
"PhonAlign",264.473438,266.414062,"#"
"PhonAlign",266.414062,266.734062,"Z"
"PhonAlign",266.734062,267.09,"@"
"PhonAlign",267.09,267.421062,"#"
"PhonAlign",267.421062,267.551062,"S"
"PhonAlign",267.551062,267.631062,"p"
"PhonAlign",267.631062,267.711062,"A/"
"PhonAlign",267.711062,267.741062,"R"
"PhonAlign",267.741062,267.781062,"l"
"PhonAlign",267.781062,267.811062,"E"
"PhonAlign",267.811062,267.941062,"d"
"PhonAlign",267.941062,268.241062,"y"
"PhonAlign",268.241062,268.321062,"S"
"PhonAlign",268.321062,268.401062,"p"
"PhonAlign",268.401062,268.491062,"A/"
"PhonAlign",268.491062,268.52106200000003,"R"
"PhonAlign",268.52106200000003,268.551062,"l"
"PhonAlign",268.551062,268.58106200000003,"E"
"PhonAlign",268.58106200000003,268.681062,"d"
"PhonAlign",268.681062,268.841062,"@"
"PhonAlign",268.841062,268.921062,"S"
"PhonAlign",268.921062,269.02106200000003,"p"
"PhonAlign",269.02106200000003,269.091062,"A/"
"PhonAlign",269.091062,269.121062,"R"
"PhonAlign",269.121062,269.151062,"l"
"PhonAlign",269.151062,269.181062,"E"
"PhonAlign",269.181062,269.27106200000003,"d"
"PhonAlign",269.27106200000003,269.301062,"l"
"PhonAlign",269.301062,269.401062,"H"
"PhonAlign",269.401062,269.511062,"*"
"PhonAlign",269.511062,269.58106200000003,"*"
"PhonAlign",269.58106200000003,269.611062,"*"
"PhonAlign",269.611062,269.671062,"*"
"PhonAlign",269.671062,269.761062,"*"
"PhonAlign",269.761062,269.811062,"*"
"PhonAlign",269.811062,269.851062,"*"
"PhonAlign",269.851062,269.941062,"e"
"PhonAlign",269.941062,270.011062,"Z"
"PhonAlign",270.011062,270.041062,"v"
"PhonAlign",270.041062,270.121062,"e"
"PhonAlign",270.121062,270.201062,"b"
"PhonAlign",270.201062,270.231062,"j"
"PhonAlign",270.231062,270.311062,"U~/"
"PhonAlign",270.311062,270.39106200000003,"t"
"PhonAlign",270.39106200000003,270.421062,"O/"
"PhonAlign",270.421062,270.511062,"v"
"PhonAlign",270.511062,270.571062,"@"
"PhonAlign",270.571062,270.631062,"n"
"PhonAlign",270.631062,270.671062,"i"
"PhonAlign",270.671062,270.751062,"R"
"PhonAlign",270.751062,270.841062,"s"
"PhonAlign",270.841062,270.871062,"y"
"PhonAlign",270.871062,270.961062,"R"
"PhonAlign",270.961062,271.001062,"t"
"PhonAlign",271.001062,271.101062,"O~"
"PhonAlign",271.101062,271.14106200000003,"n"
"PhonAlign",271.14106200000003,271.221062,"s"
"PhonAlign",271.221062,271.251062,"y"
"PhonAlign",271.251062,271.561062,"R"
"PhonAlign",271.561062,271.681062,"t"
"PhonAlign",271.681062,271.801062,"O~"
"PhonAlign",271.801062,272.031062,"s"
"PhonAlign",272.031062,272.061062,"y"
"PhonAlign",272.061062,272.14106200000003,"R"
"PhonAlign",272.14106200000003,272.211062,"t"
"PhonAlign",272.211062,272.33106200000003,"O~"
"PhonAlign",272.33106200000003,272.401062,"t"
"PhonAlign",272.401062,272.441062,"e"
"PhonAlign",272.441062,272.471062,"l"
"PhonAlign",272.471062,272.531062,"e"
"PhonAlign",272.531062,272.631062,"f"
"PhonAlign",272.631062,273.181062,"O/"
"PhonAlign",273.181062,273.211062,"n"
"PhonAlign",273.211062,273.241062,"Z"
"PhonAlign",273.241062,273.321062,"@"
"PhonAlign",273.321062,273.751062,"v"
"PhonAlign",273.751062,273.811062,"E"
"PhonAlign",273.811062,273.931062,"A/"
"PhonAlign",273.931062,273.961062,"R"
"PhonAlign",273.961062,274.031062,"i"
"PhonAlign",274.031062,274.08106200000003,"v"
"PhonAlign",274.08106200000003,274.131062,"e"
"PhonAlign",274.131062,274.251062,"s"
"PhonAlign",274.251062,274.281062,"y"
"PhonAlign",274.281062,274.311062,"R"
"PhonAlign",274.311062,274.341062,"l"
"PhonAlign",274.341062,274.411062,"2"
"PhonAlign",274.411062,274.511062,"t"
"PhonAlign",274.511062,274.541062,"j"
"PhonAlign",274.541062,274.733438,"E"
"PhonAlign",274.733438,276.606563,"#"
"PhonAlign",276.606563,276.646563,"S"
"PhonAlign",276.646563,276.756563,"v"
"PhonAlign",276.756563,276.786563,"E"
"PhonAlign",276.786563,276.846563,"A/"
"PhonAlign",276.846563,276.876563,"R"
"PhonAlign",276.876563,276.916563,"i"
"PhonAlign",276.916563,276.976563,"v"
"PhonAlign",276.976563,277.086563,"e"
"PhonAlign",277.086563,277.229151,"R"
"PhonAlign",277.229151,277.745,"#"
"PhonAlign",277.745,277.855,"d"
"PhonAlign",277.855,277.96500000000003,"O~"
"PhonAlign",277.96500000000003,278.065,"t"
"PhonAlign",278.065,278.095,"v"
"PhonAlign",278.095,278.135,"w"
"PhonAlign",278.135,278.175,"A/"
"PhonAlign",278.175,278.245,"s"
"PhonAlign",278.245,278.295,"k"
"PhonAlign",278.295,278.335,"@"
"PhonAlign",278.335,278.365,"Z"
"PhonAlign",278.365,278.415,"v"
"PhonAlign",278.415,278.485,"@"
"PhonAlign",278.485,278.575,"d"
"PhonAlign",278.575,278.605,"i"
"PhonAlign",278.605,278.675,"R"
"PhonAlign",278.675,278.745,"s"
"PhonAlign",278.745,278.795,"e"
"PhonAlign",278.795,278.825,"p"
"PhonAlign",278.825,278.855,"2"
"PhonAlign",278.855,278.885,"t"
"PhonAlign",278.885,278.955,"E"
"PhonAlign",278.955,279.075,"t"
"PhonAlign",279.075,279.105,"R"
"PhonAlign",279.105,279.135,"t"
"PhonAlign",279.135,279.165,"R"
"PhonAlign",279.165,279.21500000000003,"O/"
"PhonAlign",279.21500000000003,279.265,"l"
"PhonAlign",279.265,279.395,"A/"
"PhonAlign",279.395,279.855,"R"
"PhonAlign",279.855,279.885,"Z"
"PhonAlign",279.885,279.945,"b"
"PhonAlign",279.945,279.975,"j"
"PhonAlign",279.975,280.035,"U~/"
"PhonAlign",280.035,280.145,"s"
"PhonAlign",280.145,280.185,"y"
"PhonAlign",280.185,280.225,"R"
"PhonAlign",280.225,280.265,"i"
"PhonAlign",280.265,280.315,"l"
"PhonAlign",280.315,280.415,"a~"
"PhonAlign",280.415,280.485,"g"
"PhonAlign",280.485,280.525,"l"
"PhonAlign",280.525,280.585,"O/"
"PhonAlign",280.585,280.65500000000003,"b"
"PhonAlign",280.65500000000003,280.745,"m"
"PhonAlign",280.745,280.805,"w"
"PhonAlign",280.805,280.865,"A/"
"PhonAlign",280.865,280.925,"j"
"PhonAlign",280.925,281.005,"E"
"PhonAlign",281.005,281.105,"n"
"PhonAlign",281.105,281.175,"@"
"PhonAlign",281.175,281.235,"e"
"PhonAlign",281.235,281.315,"k"
"PhonAlign",281.315,281.355,"O/"
"PhonAlign",281.355,281.435,"m"
"PhonAlign",281.435,281.495,"Z"
"PhonAlign",281.495,281.565,"e"
"PhonAlign",281.565,281.625,"d"
"PhonAlign",281.625,281.695,"i"
"PhonAlign",281.695,281.795,"k"
"PhonAlign",281.795,281.845,"n"
"PhonAlign",281.845,281.915,"O/"
"PhonAlign",281.915,282.005,"t"
"PhonAlign",282.005,282.095,"E"
"PhonAlign",282.095,282.145,"m"
"PhonAlign",282.145,282.255,"S"
"PhonAlign",282.255,282.285,"t"
"PhonAlign",282.285,282.315,"R"
"PhonAlign",282.315,282.365,"u"
"PhonAlign",282.365,282.395,"v"
"PhonAlign",282.395,282.435,"E"
"PhonAlign",282.435,282.46500000000003,"s"
"PhonAlign",282.46500000000003,282.495,"e"
"PhonAlign",282.495,282.525,"v"
"PhonAlign",282.525,282.555,"R"
"PhonAlign",282.555,282.605,"e"
"PhonAlign",282.605,282.635,"k"
"PhonAlign",282.635,282.665,"i"
"PhonAlign",282.665,282.695,"k"
"PhonAlign",282.695,282.745,"O/"
"PhonAlign",282.745,282.775,"l"
"PhonAlign",282.775,282.855,"E"
"PhonAlign",282.855,282.90500000000003,"v"
"PhonAlign",282.90500000000003,282.945,"R"
"PhonAlign",282.945,282.995,"E"
"PhonAlign",282.995,283.065,"m"
"PhonAlign",283.065,283.135,"a~"
"PhonAlign",283.135,283.175,"A/"
"PhonAlign",283.175,283.205,"v"
"PhonAlign",283.205,283.275,"E"
"PhonAlign",283.275,283.365,"k"
"PhonAlign",283.365,283.395,"l"
"PhonAlign",283.395,283.445,"e"
"PhonAlign",283.445,283.535,"d"
"PhonAlign",283.535,283.635,"a~"
"PhonAlign",283.635,283.745,"Z"
"PhonAlign",283.745,283.865,"e"
"PhonAlign",283.865,284.515,"k"
"PhonAlign",284.515,284.625,"O~"
"PhonAlign",284.625,284.675,"E"
"PhonAlign",284.675,284.795,"s"
"PhonAlign",284.795,284.855,"E"
"PhonAlign",284.855,284.885,"j"
"PhonAlign",284.885,284.975,"d"
"PhonAlign",284.975,285.045,"e"
"PhonAlign",285.045,285.085,"v"
"PhonAlign",285.085,285.165,"i"
"PhonAlign",285.165,285.255,"t"
"PhonAlign",285.255,285.325,"e"
"PhonAlign",285.325,285.415,"A/"
"PhonAlign",285.415,285.615,"n"
"PhonAlign",285.615,285.90500000000003,"O/"
"PhonAlign",285.90500000000003,286.025,"z"
"PhonAlign",286.025,286.135,"A/"
"PhonAlign",286.135,286.185,"n"
"PhonAlign",286.185,286.265,"O/"
"PhonAlign",286.265,286.355,"Z"
"PhonAlign",286.355,286.425,"9"
"PhonAlign",286.425,286.495,"n"
"PhonAlign",286.495,287.15500000000003,"#"
"PhonAlign",287.15500000000003,287.245,"m"
"PhonAlign",287.245,287.435,"e"
"PhonAlign",287.435,287.545,"S"
"PhonAlign",287.545,287.645,"p"
"PhonAlign",287.645,287.765,"a~"
"PhonAlign",287.765,287.935,"s"
"PhonAlign",287.935,288.055,"@"
"PhonAlign",288.055,288.305,"k"
"PhonAlign",288.305,288.385,"i"
"PhonAlign",288.385,288.425,"v"
"PhonAlign",288.425,288.515,"O~"
"PhonAlign",288.515,288.635,"s"
"PhonAlign",288.635,288.665,"i"
"PhonAlign",288.665,288.765,"p"
"PhonAlign",288.765,288.825,"E"
"PhonAlign",288.825,288.925,"R"
"PhonAlign",288.925,288.968081,"d"
"PhonAlign",288.968081,289.32,"#"
"PhonAlign",289.32,289.4,"p"
"PhonAlign",289.4,289.49,"A/"
"PhonAlign",289.49,289.52,"R"
"PhonAlign",289.52,289.55,"l"
"PhonAlign",289.55,289.6,"e"
"PhonAlign",289.6,289.72,"d"
"PhonAlign",289.72,289.79,"O/"
"PhonAlign",289.79,289.87,"m"
"PhonAlign",289.87,289.95,"O/"
"PhonAlign",289.95,290.1,"t"
"PhonAlign",290.1,290.24,"i"
"PhonAlign",290.24,290.27,"k"
"PhonAlign",290.27,290.36,"d"
"PhonAlign",290.36,290.39,"@"
"PhonAlign",290.39,290.54,"t"
"PhonAlign",290.54,290.57,"u"
"PhonAlign",290.57,290.71,"s"
"PhonAlign",290.71,290.75,"@"
"PhonAlign",290.75,290.83,"k"
"PhonAlign",290.83,290.9,"m"
"PhonAlign",290.9,290.98,"E"
"PhonAlign",290.98,291.03,"m"
"PhonAlign",291.03,291.1,"m"
"PhonAlign",291.1,291.16,"w"
"PhonAlign",291.16,291.21,"A/"
"PhonAlign",291.21,291.29,"Z"
"PhonAlign",291.29,291.35,"m"
"PhonAlign",291.35,291.38,"i"
"PhonAlign",291.38,291.48,"s"
"PhonAlign",291.48,291.52,"y"
"PhonAlign",291.52,291.55,"i"
"PhonAlign",291.55,291.61,"p"
"PhonAlign",291.61,291.65,"E"
"PhonAlign",291.65,291.75,"R"
"PhonAlign",291.75,291.82,"d"
"PhonAlign",291.82,291.88,"y"
"PhonAlign",291.88,291.96,"v"
"PhonAlign",291.96,292.04,"A/"
"PhonAlign",292.04,292.07,"l"
"PhonAlign",292.07,292.16,"t"
"PhonAlign",292.16,292.21,"A/"
"PhonAlign",292.21,292.24,"l"
"PhonAlign",292.24,292.29,"9"
"PhonAlign",292.29,292.77,"R"
"PhonAlign",292.77,292.83,"t"
"PhonAlign",292.83,292.87,"y"
"PhonAlign",292.87,292.92,"m"
"PhonAlign",292.92,293.0,"p"
"PhonAlign",293.0,293.09,"A/"
"PhonAlign",293.09,293.12,"R"
"PhonAlign",293.12,293.15,"l"
"PhonAlign",293.15,293.23,"d"
"PhonAlign",293.23,293.35,"a~"
"PhonAlign",293.35,293.46,"p"
"PhonAlign",293.46,293.49,"l"
"PhonAlign",293.49,293.57,"w"
"PhonAlign",293.57,293.62,"A/"
"PhonAlign",293.62,293.72,"t"
"PhonAlign",293.72,293.75,"m"
"PhonAlign",293.75,293.82,"p"
"PhonAlign",293.82,293.9,"A/"
"PhonAlign",293.9,293.93,"R"
"PhonAlign",293.93,293.96,"l"
"PhonAlign",293.96,294.0,"@"
"PhonAlign",294.0,294.07,"s"
"PhonAlign",294.07,294.12,"k"
"PhonAlign",294.12,294.16,"@"
"PhonAlign",294.16,294.26,"s"
"PhonAlign",294.26,294.3,"e"
"PhonAlign",294.3,294.43,"s"
"PhonAlign",294.43,294.62,"A/"
"PhonAlign",294.62,294.73,"v"
"PhonAlign",294.73,294.76,"R"
"PhonAlign",294.76,294.81,"E"
"PhonAlign",294.81,294.89,"m"
"PhonAlign",294.89,294.95,"a~"
"PhonAlign",294.95,295.01,"l"
"PhonAlign",295.01,295.05,"e"
"PhonAlign",295.05,295.17,"d"
"PhonAlign",295.17,295.29,"a~"
"PhonAlign",295.29,295.41,"Z"
"PhonAlign",295.41,295.51,"e"
"PhonAlign",295.51,295.69,"z"
"PhonAlign",295.69,295.74,"d"
"PhonAlign",295.74,295.84,"a~"
"PhonAlign",295.84,295.9,"n"
"PhonAlign",295.9,295.96,"O/"
"PhonAlign",295.96,296.03,"t"
"PhonAlign",296.03,296.08,"R"
"PhonAlign",296.08,296.14,"A/"
"PhonAlign",296.14,296.23,"s"
"PhonAlign",296.23,296.27,"O/"
"PhonAlign",296.27,296.36,"s"
"PhonAlign",296.36,296.41,"A/"
"PhonAlign",296.41,296.48,"s"
"PhonAlign",296.48,296.51,"j"
"PhonAlign",296.51,296.56,"O~"
"PhonAlign",296.56,296.59,"d"
"PhonAlign",296.59,296.65,"p"
"PhonAlign",296.65,296.69,"R"
"PhonAlign",296.69,296.75,"E"
"PhonAlign",296.75,296.8,"v"
"PhonAlign",296.8,296.88,"a~"
"PhonAlign",296.88,297.0,"s"
"PhonAlign",297.0,297.03,"j"
"PhonAlign",297.03,297.09,"O~"
"PhonAlign",297.09,297.47,"t"
"PhonAlign",297.47,297.54,"n"
"PhonAlign",297.54,297.63,"O/"
"PhonAlign",297.63,297.66,"t"
"PhonAlign",297.66,297.74,"Z"
"PhonAlign",297.74,297.8,"2"
"PhonAlign",297.8,297.84,"n"
"PhonAlign",297.84,297.92,"E"
"PhonAlign",297.92,298.01,"s"
"PhonAlign",298.01,298.04,"2"
"PhonAlign",298.04,298.11,"s"
"PhonAlign",298.11,298.17,"k"
"PhonAlign",298.17,298.21,"@"
"PhonAlign",298.21,298.3,"s"
"PhonAlign",298.3,298.34,"e"
"PhonAlign",298.34,298.38,"d"
"PhonAlign",298.38,298.44,"e"
"PhonAlign",298.44,298.47,"d"
"PhonAlign",298.47,298.6,"a~"
"PhonAlign",298.6,298.69,"Z"
"PhonAlign",298.69,298.97,"e"
"PhonAlign",298.97,299.04,"z"
"PhonAlign",299.04,299.1,"O/"
"PhonAlign",299.1,299.18,"n"
"PhonAlign",299.18,299.25,"i"
"PhonAlign",299.25,299.28,"v"
"PhonAlign",299.28,299.31,"O/"
"PhonAlign",299.31,299.69,"t"
"PhonAlign",299.69,299.73,"d"
"PhonAlign",299.73,299.79,"e"
"PhonAlign",299.79,299.87,"z"
"PhonAlign",299.87,299.98,"a~"
"PhonAlign",299.98,300.1,"p"
"PhonAlign",300.1,300.13,"l"
"PhonAlign",300.13,300.18,"w"
"PhonAlign",300.18,300.23,"A/"
"PhonAlign",300.23,300.285,"z"
"PhonAlign",300.285,300.475,"#"
"PhonAlign",300.475,300.51500000000004,"k"
"PhonAlign",300.51500000000004,300.57500000000005,"a~"
"PhonAlign",300.57500000000005,300.605,"e"
"PhonAlign",300.605,300.63500000000005,"s"
"PhonAlign",300.63500000000005,301.035,"2"
"PhonAlign",301.035,301.165,"k"
"PhonAlign",301.165,301.19500000000005,"2"
"PhonAlign",301.19500000000005,301.27500000000003,"s"
"PhonAlign",301.27500000000003,301.32500000000005,"e"
"PhonAlign",301.32500000000005,301.425,"s"
"PhonAlign",301.425,301.67,"A/"
"PhonAlign",301.67,302.26,"#"
"PhonAlign",302.26,302.36,"S"
"PhonAlign",302.36,302.46,"s"
"PhonAlign",302.46,302.54,"e"
"PhonAlign",302.54,302.6,"p"
"PhonAlign",302.6,302.71,"A/"
"PhonAlign",302.71,302.77,"p"
"PhonAlign",302.77,302.83,"s"
"PhonAlign",302.83,302.91,"k"
"PhonAlign",302.91,303.02,"Z"
"PhonAlign",303.02,303.05,"@"
"PhonAlign",303.05,303.15,"s"
"PhonAlign",303.15,303.18,"d"
"PhonAlign",303.18,303.21,"i"
"PhonAlign",303.21,303.24,"m"
"PhonAlign",303.24,303.27,"w"
"PhonAlign",303.27,303.3,"A/"
"PhonAlign",303.3,303.9,"p"
"PhonAlign",303.9,304.17,"A/"
"PhonAlign",304.17,304.26,"s"
"PhonAlign",304.26,304.31,"k"
"PhonAlign",304.31,304.44,"@"
"PhonAlign",304.44,304.47,"Z"
"PhonAlign",304.47,304.5,"E"
"PhonAlign",304.5,305.01,"p"
"PhonAlign",305.01,305.09,"A/"
"PhonAlign",305.09,305.16,"z"
"PhonAlign",305.16,305.23,"l"
"PhonAlign",305.23,305.47,"U~/"
"PhonAlign",305.47,305.51,"p"
"PhonAlign",305.51,305.54,"R"
"PhonAlign",305.54,305.6,"E"
"PhonAlign",305.6,305.69,"s"
"PhonAlign",305.69,305.72,"j"
"PhonAlign",305.72,305.84,"O~"
"PhonAlign",305.84,305.91,"k"
"PhonAlign",305.91,306.07,"@"
"PhonAlign",306.07,306.12,"l"
"PhonAlign",306.12,306.23,"e"
"PhonAlign",306.23,306.33,"Z"
"PhonAlign",306.33,306.41,"9"
"PhonAlign",306.41,306.53,"n"
"PhonAlign",306.53,306.68,"k"
"PhonAlign",306.68,306.72,"O~"
"PhonAlign",306.72,306.75,"v"
"PhonAlign",306.75,306.85,"A/"
"PhonAlign",306.85,306.92,"f"
"PhonAlign",306.92,306.97,"E"
"PhonAlign",306.97,307.01,"R"
"PhonAlign",307.01,307.09,"v"
"PhonAlign",307.09,307.15,"@"
"PhonAlign",307.15,307.24,"n"
"PhonAlign",307.24,307.27,"i"
"PhonAlign",307.27,307.31,"R"
"PhonAlign",307.31,307.34,"s"
"PhonAlign",307.34,307.37,"k"
"PhonAlign",307.37,307.536437,"O~"
"PhonAlign",307.536437,308.141422,"#"
"PhonAlign",308.141422,308.251422,"E"
"PhonAlign",308.251422,308.311422,"s"
"PhonAlign",308.311422,308.381422,"k"
"PhonAlign",308.381422,308.599744,"@"
"PhonAlign",308.599744,310.035938,"#"
"PhonAlign",310.035938,310.075938,"s"
"PhonAlign",310.075938,310.345938,"e"
"PhonAlign",310.345938,310.545938,"s"
"PhonAlign",310.545938,310.818022,"A/"
"PhonAlign",310.818022,311.765,"#"
"PhonAlign",311.765,311.915,"E"
"PhonAlign",311.915,312.005,"s"
"PhonAlign",312.005,312.095,"k"
"PhonAlign",312.095,312.285,"@"
"PhonAlign",312.285,312.315,"l"
"PhonAlign",312.315,312.395,"@"
"PhonAlign",312.395,312.445,"p"
"PhonAlign",312.445,312.565,"t"
"PhonAlign",312.565,312.625,"i"
"PhonAlign",312.625,312.705,"p"
"PhonAlign",312.705,312.805,"A/"
"PhonAlign",312.805,312.885,"t"
"PhonAlign",312.885,312.935,"R"
"PhonAlign",312.935,313.035,"i"
"PhonAlign",313.035,313.525,"k"
"PhonAlign",313.525,313.655,"a~"
"PhonAlign",313.655,313.805,"s"
"PhonAlign",313.805,313.835,"i"
"PhonAlign",313.835,313.965,"z"
"PhonAlign",313.965,314.015,"j"
"PhonAlign",314.015,314.105,"E"
"PhonAlign",314.105,314.135,"m"
"PhonAlign",314.135,314.315,"@"
"PhonAlign",314.315,314.38,"#"
"PhonAlign",314.38,314.67,"i"
"PhonAlign",314.67,314.79,"p"
"PhonAlign",314.79,314.9,"a~"
"PhonAlign",314.9,314.94,"s"
"PhonAlign",314.94,315.02,"d"
"PhonAlign",315.02,315.1,"e"
"PhonAlign",315.1,315.18,"Z"
"PhonAlign",315.18,315.29,"A/"
"PhonAlign",315.29,315.32,"O/"
"PhonAlign",315.32,315.4,"z"
"PhonAlign",315.4,315.5,"a~"
"PhonAlign",315.5,315.58,"p"
"PhonAlign",315.58,315.61,"l"
"PhonAlign",315.61,315.65,"w"
"PhonAlign",315.65,315.69,"A/"
"PhonAlign",315.69,315.77,"f"
"PhonAlign",315.77,315.84,"i"
"PhonAlign",315.84,315.89,"k"
"PhonAlign",315.89,316.02,"t"
"PhonAlign",316.02,316.2,"i"
"PhonAlign",316.2,316.31,"f"
"PhonAlign",316.31,316.37,"u"
"PhonAlign",316.37,316.44,"Z"
"PhonAlign",316.44,316.53,"a~"
"PhonAlign",316.53,316.58,"R"
"PhonAlign",316.58,316.7,"@"
"PhonAlign",316.7,316.73,"t"
"PhonAlign",316.73,316.76,"u"
"PhonAlign",316.76,316.86,"s"
"PhonAlign",316.86,316.97,"A/"
"PhonAlign",316.97,317.0,"#"
"PhonAlign",317.0,317.04,"n"
"PhonAlign",317.04,317.14,"a~"
"PhonAlign",317.14,317.19,"S"
"PhonAlign",317.19,317.3,"k"
"PhonAlign",317.3,317.44,"R"
"PhonAlign",317.44,317.49,"w"
"PhonAlign",317.49,317.53,"A/"
"PhonAlign",317.53,317.67,"p"
"PhonAlign",317.67,317.798438,"A/"
"PhonAlign",317.798438,318.080727,"#"
"PhonAlign",318.080727,318.79895,"laugh"
"PhonAlign",318.79895,319.992188,"#"
"PhonAlign",319.992188,320.072188,"w"
"PhonAlign",320.072188,320.346563,"E"
"PhonAlign",320.346563,321.2,"#"
"PhonAlign",321.2,321.26,"S"
"PhonAlign",321.26,321.34,"s"
"PhonAlign",321.34,321.41,"e"
"PhonAlign",321.41,321.48,"p"
"PhonAlign",321.48,321.65,"A/"
"PhonAlign",321.65,321.77,"Z"
"PhonAlign",321.77,321.88,"@"
"PhonAlign",321.88,322.04,"*"
"PhonAlign",322.04,322.12,"*"
"PhonAlign",322.12,322.2,"S"
"PhonAlign",322.2,322.26,"p"
"PhonAlign",322.26,322.33,"a~"
"PhonAlign",322.33,322.41,"s"
"PhonAlign",322.41,322.45,"k"
"PhonAlign",322.45,322.49,"@"
"PhonAlign",322.49,322.55,"t"
"PhonAlign",322.55,322.61,"p"
"PhonAlign",322.61,322.69,"a~"
"PhonAlign",322.69,322.77,"s"
"PhonAlign",322.77,322.81,"p"
"PhonAlign",322.81,322.86,"A/"
"PhonAlign",322.86,322.89,"R"
"PhonAlign",322.89,322.92,"E"
"PhonAlign",322.92,322.95,"j"
"PhonAlign",322.95,323.01,"k"
"PhonAlign",323.01,323.06,"@"
"PhonAlign",323.06,323.13,"m"
"PhonAlign",323.13,323.18,"w"
"PhonAlign",323.18,323.3,"A/"
"PhonAlign",323.3,327.349688,"#"
"PhonAlign",327.349688,327.399688,"w"
"PhonAlign",327.399688,327.479688,"E"
"PhonAlign",327.479688,327.50968800000004,"w"
"PhonAlign",327.50968800000004,327.56968800000004,"E"
"PhonAlign",327.56968800000004,327.599688,"w"
"PhonAlign",327.599688,327.737813,"E"
"PhonAlign",327.737813,351.025313,"#"
"PhonAlign",351.025313,351.165313,"O/"
"PhonAlign",351.165313,351.655313,"k"
"PhonAlign",351.655313,351.785313,"e"
"PhonAlign",351.785313,351.858839,"E"
"PhonAlign",351.858839,352.18,"#"
"PhonAlign",352.18,352.41,"t"
"PhonAlign",352.41,352.45,"p"
"PhonAlign",352.45,352.54,"@"
"PhonAlign",352.54,352.59000000000003,"m"
"PhonAlign",352.59000000000003,352.64,"R"
"PhonAlign",352.64,352.71,"A/"
"PhonAlign",352.71,352.8,"p"
"PhonAlign",352.8,352.83,"l"
"PhonAlign",352.83,352.89,"e"
"PhonAlign",352.89,352.92,"l"
"PhonAlign",352.92,352.96,"E"
"PhonAlign",352.96,353.04,"p"
"PhonAlign",353.04,353.08,"R"
"PhonAlign",353.08,353.12,"O/"
"PhonAlign",353.12,353.17,"b"
"PhonAlign",353.17,353.2,"l"
"PhonAlign",353.2,353.25,"E"
"PhonAlign",353.25,353.29,"m"
"PhonAlign",353.29,353.37,"A/"
"PhonAlign",353.37,353.48,"t"
"PhonAlign",353.48,353.54,"i"
"PhonAlign",353.54,353.58,"k"
"PhonAlign",353.58,353.63,"k"
"PhonAlign",353.63,353.68,"@"
"PhonAlign",353.68,353.82,"t"
"PhonAlign",353.82,353.94,"s"
"PhonAlign",353.94,353.97,"u"
"PhonAlign",353.97,354.0,"l"
"PhonAlign",354.0,354.03000000000003,"2"
"PhonAlign",354.03000000000003,354.08,"v"
"PhonAlign",354.08,354.16,"E"
"PhonAlign",354.16,354.24,"p"
"PhonAlign",354.24,354.27,"A/"
"PhonAlign",354.27,354.3,"R"
"PhonAlign",354.3,354.36,"A/"
"PhonAlign",354.36,354.41,"p"
"PhonAlign",354.41,354.49,"O/"
"PhonAlign",354.49,354.52,"R"
"PhonAlign",354.52,354.56,"O/"
"PhonAlign",354.56,354.64,"t"
"PhonAlign",354.64,354.67,"e"
"PhonAlign",354.67,354.7,"l"
"PhonAlign",354.7,354.73,"e"
"PhonAlign",354.73,354.83,"f"
"PhonAlign",354.83,354.88,"O/"
"PhonAlign",354.88,354.95,"n"
"PhonAlign",354.95,355.0,"t"
"PhonAlign",355.0,355.03000000000003,"u"
"PhonAlign",355.03000000000003,355.06,"A/"
"PhonAlign",355.06,355.09000000000003,"l"
"PhonAlign",355.09000000000003,355.15000000000003,"9"
"PhonAlign",355.15000000000003,355.244063,"R"
"PhonAlign",355.244063,356.054063,"#"
"PhonAlign",356.054063,356.094063,"t"
"PhonAlign",356.094063,356.124063,"p"
"PhonAlign",356.124063,356.154063,"@"
"PhonAlign",356.154063,356.184063,"Z"
"PhonAlign",356.184063,356.214063,"y"
"PhonAlign",356.214063,356.264063,"s"
"PhonAlign",356.264063,356.304063,"t"
"PhonAlign",356.304063,356.444063,"@"
"PhonAlign",356.444063,356.524063,"m"
"PhonAlign",356.524063,356.584063,"f"
"PhonAlign",356.584063,356.644063,"E"
"PhonAlign",356.644063,356.694063,"R"
"PhonAlign",356.694063,356.744063,"@"
"PhonAlign",356.744063,356.794063,"U~/"
"PhonAlign",356.794063,356.834063,"p"
"PhonAlign",356.834063,356.904063,"t"
"PhonAlign",356.904063,356.944063,"i"
"PhonAlign",356.944063,357.044063,"t"
"PhonAlign",357.044063,357.114063,"O/"
"PhonAlign",357.114063,357.174063,"p"
"PhonAlign",357.174063,357.284063,"O/"
"PhonAlign",357.284063,357.414063,"k"
"PhonAlign",357.414063,357.454063,"@"
"PhonAlign",357.454063,357.514063,"t"
"PhonAlign",357.514063,357.684063,"s"
"PhonAlign",357.684063,357.724063,"u"
"PhonAlign",357.724063,357.754063,"l"
"PhonAlign",357.754063,357.784063,"2"
"PhonAlign",357.784063,357.814063,"v"
"PhonAlign",357.814063,357.859688,"E"
"PhonAlign",357.859688,360.299134,"#"
"PhonAlign",360.299134,360.369134,"u"
"PhonAlign",360.369134,360.647458,"i"
"PhonAlign",360.647458,362.425747,"#"
"PhonAlign",362.425747,362.645747,"u"
"PhonAlign",362.645747,362.902402,"i"
"PhonAlign",362.902402,365.54,"#"
"PhonAlign",365.54,365.67,"u"
"PhonAlign",365.67,365.89,"i"
"PhonAlign",365.89,386.221138,"#"
"PhonAlign",386.221138,386.261138,"O/"
"PhonAlign",386.261138,386.411138,"k"
"PhonAlign",386.411138,386.648438,"e"
"PhonAlign",386.648438,388.215,"#"
"PhonAlign",388.215,388.325,"e"
"PhonAlign",388.325,388.405,"d"
"PhonAlign",388.405,388.515,"O~"
"PhonAlign",388.515,388.645,"k"
"PhonAlign",388.645,388.695,"A/"
"PhonAlign",388.695,388.765,"t"
"PhonAlign",388.765,388.805,"R"
"PhonAlign",388.805,388.855,"A/"
"PhonAlign",388.855,388.915,"v"
"PhonAlign",388.915,388.945,"E"
"PhonAlign",388.945,388.975,"R"
"PhonAlign",388.975,389.005,"l"
"PhonAlign",389.005,389.095,"t"
"PhonAlign",389.095,389.145,"e"
"PhonAlign",389.145,389.175,"l"
"PhonAlign",389.175,389.215,"e"
"PhonAlign",389.215,389.315,"f"
"PhonAlign",389.315,389.395,"O/"
"PhonAlign",389.395,389.445,"n"
"PhonAlign",389.445,389.535,"O~"
"PhonAlign",389.535,389.605,"p"
"PhonAlign",389.605,389.665,"A/"
"PhonAlign",389.665,389.695,"R"
"PhonAlign",389.695,389.725,"l"
"PhonAlign",389.725,389.795,"p"
"PhonAlign",389.795,389.875,"A/"
"PhonAlign",389.875,389.935,"d"
"PhonAlign",389.935,389.965,"E"
"PhonAlign",389.965,390.075,"z"
"PhonAlign",390.075,390.145,"O/"
"PhonAlign",390.145,390.235,"t"
"PhonAlign",390.235,390.295,"m"
"PhonAlign",390.295,390.335,"w"
"PhonAlign",390.335,390.365,"A/"
"PhonAlign",390.365,390.485,"j"
"PhonAlign",390.485,390.545,"U~/"
"PhonAlign",390.545,390.645,"d"
"PhonAlign",390.645,390.835,"@"
"PhonAlign",390.835,390.955,"d"
"PhonAlign",390.955,390.985,"y"
"PhonAlign",390.985,391.145,"t"
"PhonAlign",391.145,391.175,"i"
"PhonAlign",391.175,391.205,"l"
"PhonAlign",391.205,391.235,"i"
"PhonAlign",391.235,391.335,"z"
"PhonAlign",391.335,391.405,"e"
"PhonAlign",391.405,391.435,"l"
"PhonAlign",391.435,391.465,"@"
"PhonAlign",391.465,391.505,"R"
"PhonAlign",391.505,391.555,"e"
"PhonAlign",391.555,391.615,"z"
"PhonAlign",391.615,391.645,"O/"
"PhonAlign",391.645,391.755,"s"
"PhonAlign",391.755,391.825,"O/"
"PhonAlign",391.825,391.945,"s"
"PhonAlign",391.945,391.975,"j"
"PhonAlign",391.975,392.015,"O/"
"PhonAlign",392.015,392.225,"p"
"PhonAlign",392.225,392.255,"A/"
"PhonAlign",392.255,392.365,"s"
"PhonAlign",392.365,392.445,"@"
"PhonAlign",392.445,392.535,"t"
"PhonAlign",392.535,392.585,"w"
"PhonAlign",392.585,392.635,"A/"
"PhonAlign",392.635,392.735,"p"
"PhonAlign",392.735,392.775,"u"
"PhonAlign",392.775,392.835,"R"
"PhonAlign",392.835,392.935,"t"
"PhonAlign",392.935,393.115,"w"
"PhonAlign",393.115,393.145,"A/"
"PhonAlign",393.145,393.195,"l"
"PhonAlign",393.195,393.275,"@"
"PhonAlign",393.275,393.305,"R"
"PhonAlign",393.305,393.355,"E"
"PhonAlign",393.355,393.445,"z"
"PhonAlign",393.445,393.485,"O/"
"PhonAlign",393.485,393.585,"s"
"PhonAlign",393.585,393.625,"O/"
"PhonAlign",393.625,393.745,"s"
"PhonAlign",393.745,393.775,"j"
"PhonAlign",393.775,393.805,"O/"
"PhonAlign",393.805,393.905,"s"
"PhonAlign",393.905,393.945,"e"
"PhonAlign",393.945,394.015,"k"
"PhonAlign",394.015,394.055,"A/"
"PhonAlign",394.055,394.115,"t"
"PhonAlign",394.115,394.175,"R"
"PhonAlign",394.175,394.205,"A/"
"PhonAlign",394.205,394.245,"v"
"PhonAlign",394.245,394.315,"E"
"PhonAlign",394.315,394.345,"R"
"PhonAlign",394.345,394.395,"U~/"
"PhonAlign",394.395,394.425,"n"
"PhonAlign",394.425,394.505,"t"
"PhonAlign",394.505,394.535,"E"
"PhonAlign",394.535,394.565,"l"
"PhonAlign",394.565,394.595,"E"
"PhonAlign",394.595,394.715,"f"
"PhonAlign",394.715,394.785,"O/"
"PhonAlign",394.785,394.845,"n"
"PhonAlign",394.845,394.883438,"@"
"PhonAlign",394.883438,410.425313,"#"
"PhonAlign",410.425313,410.545313,"m"
"PhonAlign",410.545313,410.925313,"E"
"PhonAlign",410.925313,410.985313,"z"
"PhonAlign",410.985313,411.055313,"m"
"PhonAlign",411.055313,411.175313,"E"
"PhonAlign",411.175313,411.325313,"*"
"PhonAlign",411.325313,411.405313,"*"
"PhonAlign",411.405313,411.575313,"Z"
"PhonAlign",411.575313,411.685313,"a~"
"PhonAlign",411.685313,411.775313,"t"
"PhonAlign",411.775313,411.895313,"a~"
"PhonAlign",411.895313,412.035313,"z"
"PhonAlign",412.035313,413.125313,"#"
"PhonAlign",413.125313,413.265313,"*"
"PhonAlign",413.265313,413.345313,"*"
"PhonAlign",413.345313,413.485313,"Z"
"PhonAlign",413.485313,413.575313,"a~"
"PhonAlign",413.575313,413.665313,"t"
"PhonAlign",413.665313,413.765313,"a~"
"PhonAlign",413.765313,413.855313,"s"
"PhonAlign",413.855313,413.895313,"k"
"PhonAlign",413.895313,413.935313,"@"
"PhonAlign",413.935313,414.035313,"t"
"PhonAlign",414.035313,414.075313,"y"
"PhonAlign",414.075313,414.105313,"v"
"PhonAlign",414.105313,414.155313,"@"
"PhonAlign",414.155313,414.225313,"m"
"PhonAlign",414.225313,414.325313,"d"
"PhonAlign",414.325313,414.355313,"i"
"PhonAlign",414.355313,414.415313,"R"
"PhonAlign",414.415313,414.485313,"m"
"PhonAlign",414.485313,414.545313,"E"
"PhonAlign",414.545313,414.605313,"z"
"PhonAlign",414.605313,414.685313,"Z"
"PhonAlign",414.685313,414.765313,"y"
"PhonAlign",414.765313,415.055313,"s"
"PhonAlign",415.055313,415.145313,"S"
"PhonAlign",415.145313,415.745313,"p"
"PhonAlign",415.745313,415.825313,"a~"
"PhonAlign",415.825313,415.905313,"s"
"PhonAlign",415.905313,415.955313,"k"
"PhonAlign",415.955313,416.005313,"@"
"PhonAlign",416.005313,416.035313,"l"
"PhonAlign",416.035313,416.095313,"A/"
"PhonAlign",416.095313,416.195313,"p"
"PhonAlign",416.195313,416.245313,"R"
"PhonAlign",416.245313,416.275313,"O/"
"PhonAlign",416.275313,416.335313,"b"
"PhonAlign",416.335313,416.365313,"l"
"PhonAlign",416.365313,416.425313,"E"
"PhonAlign",416.425313,416.495313,"m"
"PhonAlign",416.495313,416.575313,"A/"
"PhonAlign",416.575313,416.725313,"t"
"PhonAlign",416.725313,416.785313,"i"
"PhonAlign",416.785313,416.939062,"k"
"PhonAlign",416.939062,418.312994,"#"
"PhonAlign",418.312994,418.592994,"*"
"PhonAlign",418.592994,418.662994,"*"
"PhonAlign",418.662994,418.772994,"Z"
"PhonAlign",418.772994,418.802994,"@"
"PhonAlign",418.802994,418.852994,"n"
"PhonAlign",418.852994,418.922994,"p"
"PhonAlign",418.922994,418.992994,"A/"
"PhonAlign",418.992994,419.122994,"s"
"PhonAlign",419.122994,419.322994,"@"
"PhonAlign",419.322994,419.352994,"p"
"PhonAlign",419.352994,419.402812,"A/"
"PhonAlign",419.402812,421.66,"#"
"PhonAlign",421.66,421.78,"O/"
"PhonAlign",421.78,421.87,"k"
"PhonAlign",421.87,421.92,"e"
"PhonAlign",421.92,421.9500000000001,"m"
"PhonAlign",421.9500000000001,421.98,"l"
"PhonAlign",421.98,422.16,"p"
"PhonAlign",422.16,422.2000000000001,"R"
"PhonAlign",422.2000000000001,422.23,"O/"
"PhonAlign",422.23,422.28,"b"
"PhonAlign",422.28,422.48,"l"
"PhonAlign",422.48,422.5700000000001,"E"
"PhonAlign",422.5700000000001,422.61,"m"
"PhonAlign",422.61,422.71,"s"
"PhonAlign",422.71,422.75,"e"
"PhonAlign",422.75,422.84,"s"
"PhonAlign",422.84,423.03,"A/"
"PhonAlign",423.03,423.365,"#"
"PhonAlign",423.365,423.525,"A/"
"PhonAlign",423.525,423.625,"s"
"PhonAlign",423.625,423.675,"O/"
"PhonAlign",423.675,423.795,"s"
"PhonAlign",423.795,423.845,"A/"
"PhonAlign",423.845,423.925,"s"
"PhonAlign",423.925,423.955,"j"
"PhonAlign",423.955,424.015,"O~"
"PhonAlign",424.015,424.055,"d"
"PhonAlign",424.055,424.085,"p"
"PhonAlign",424.085,424.125,"R"
"PhonAlign",424.125,424.165,"E"
"PhonAlign",424.165,424.215,"v"
"PhonAlign",424.215,424.275,"a~"
"PhonAlign",424.275,424.355,"s"
"PhonAlign",424.355,424.385,"j"
"PhonAlign",424.385,424.425,"O~"
"PhonAlign",424.425,424.455,"d"
"PhonAlign",424.455,424.485,"l"
"PhonAlign",424.485,424.525,"A/"
"PhonAlign",424.525,424.595,"Z"
"PhonAlign",424.595,424.625,"2"
"PhonAlign",424.625,424.685,"n"
"PhonAlign",424.685,424.725,"E"
"PhonAlign",424.725,424.875,"s"
"PhonAlign",424.875,424.905,"i"
"PhonAlign",424.905,424.945,"l"
"PhonAlign",424.945,424.975,"j"
"PhonAlign",424.975,425.005,"A/"
"PhonAlign",425.005,425.045,"t"
"PhonAlign",425.045,425.125,"E"
"PhonAlign",425.125,425.155,"l"
"PhonAlign",425.155,425.255,"m"
"PhonAlign",425.255,425.375,"a~"
"PhonAlign",425.375,425.475,"d"
"PhonAlign",425.475,425.515,"@"
"PhonAlign",425.515,425.655,"p"
"PhonAlign",425.655,425.695,"R"
"PhonAlign",425.695,425.745,"O/"
"PhonAlign",425.745,425.795,"b"
"PhonAlign",425.795,425.825,"l"
"PhonAlign",425.825,425.885,"E"
"PhonAlign",425.885,425.945,"m"
"PhonAlign",425.945,426.005,"A/"
"PhonAlign",426.005,426.135,"t"
"PhonAlign",426.135,426.195,"i"
"PhonAlign",426.195,426.235,"k"
"PhonAlign",426.235,426.305,"s"
"PhonAlign",426.305,426.335,"y"
"PhonAlign",426.335,426.365,"R"
"PhonAlign",426.365,426.395,"l"
"PhonAlign",426.395,426.435,"@"
"PhonAlign",426.435,426.465,"R"
"PhonAlign",426.465,426.495,"e"
"PhonAlign",426.495,426.525,"z"
"PhonAlign",426.525,426.555,"O/"
"PhonAlign",426.555,426.835,"k"
"PhonAlign",426.835,426.885,"O/"
"PhonAlign",426.885,426.965,"m"
"PhonAlign",426.965,427.015,"a~"
"PhonAlign",427.015,427.075,"O~"
"PhonAlign",427.075,427.105,"v"
"PhonAlign",427.105,427.185,"A/"
"PhonAlign",427.185,427.315,"p"
"PhonAlign",427.315,427.345,"u"
"PhonAlign",427.345,427.415,"v"
"PhonAlign",427.415,427.455,"w"
"PhonAlign",427.455,427.485,"A/"
"PhonAlign",427.485,427.545,"R"
"PhonAlign",427.545,427.655,"O~"
"PhonAlign",427.655,427.735,"p"
"PhonAlign",427.735,427.785,"A/"
"PhonAlign",427.785,427.815,"R"
"PhonAlign",427.815,427.855,"l"
"PhonAlign",427.855,427.915,"d"
"PhonAlign",427.915,428.035,"t"
"PhonAlign",428.035,428.075,"e"
"PhonAlign",428.075,428.105,"l"
"PhonAlign",428.105,428.135,"e"
"PhonAlign",428.135,428.245,"f"
"PhonAlign",428.245,428.285,"O/"
"PhonAlign",428.285,428.335,"n"
"PhonAlign",428.335,428.375,"Z"
"PhonAlign",428.375,428.405,"s"
"PhonAlign",428.405,428.435,"y"
"PhonAlign",428.435,428.465,"i"
"PhonAlign",428.465,428.495,"d"
"PhonAlign",428.495,428.525,"A/"
"PhonAlign",428.525,428.615,"k"
"PhonAlign",428.615,428.655,"O/"
"PhonAlign",428.655,429.045,"R"
"PhonAlign",429.045,429.075,"m"
"PhonAlign",429.075,429.105,"e"
"PhonAlign",429.105,429.175,"t"
"PhonAlign",429.175,429.245,"A/"
"PhonAlign",429.245,429.305,"v"
"PhonAlign",429.305,429.345,"y"
"PhonAlign",429.345,429.385,"l"
"PhonAlign",429.385,429.445,"@"
"PhonAlign",429.445,429.515,"n"
"PhonAlign",429.515,429.595,"O~"
"PhonAlign",429.595,429.625,"b"
"PhonAlign",429.625,429.655,"R"
"PhonAlign",429.655,429.705,"d"
"PhonAlign",429.705,429.765,"@"
"PhonAlign",429.765,429.805,"R"
"PhonAlign",429.805,429.875,"e"
"PhonAlign",429.875,429.985,"z"
"PhonAlign",429.985,430.015,"O/"
"PhonAlign",430.015,430.135,"s"
"PhonAlign",430.135,430.195,"O/"
"PhonAlign",430.195,430.325,"s"
"PhonAlign",430.325,430.355,"j"
"PhonAlign",430.355,430.405,"O/"
"PhonAlign",430.405,430.535,"k"
"PhonAlign",430.535,430.625,"p"
"PhonAlign",430.625,430.655,"9"
"PhonAlign",430.655,430.705,"v"
"PhonAlign",430.705,430.765,"E"
"PhonAlign",430.765,430.815,"t"
"PhonAlign",430.815,430.945,"p"
"PhonAlign",430.945,431.015,"E"
"PhonAlign",431.015,431.085,"Z"
"PhonAlign",431.085,431.165,"O/"
"PhonAlign",431.165,431.195,"R"
"PhonAlign",431.195,431.255,"A/"
"PhonAlign",431.255,431.385,"t"
"PhonAlign",431.385,431.445,"i"
"PhonAlign",431.445,431.535,"f"
"PhonAlign",431.535,431.615,"k"
"PhonAlign",431.615,431.725,"p"
"PhonAlign",431.725,431.805,"9"
"PhonAlign",431.805,431.875,"v"
"PhonAlign",431.875,431.905,"A/"
"PhonAlign",431.905,431.935,"v"
"PhonAlign",431.935,431.965,"w"
"PhonAlign",431.965,431.995,"A/"
"PhonAlign",431.995,432.035,"R"
"PhonAlign",432.035,432.065,"U~/"
"PhonAlign",432.065,432.205,"k"
"PhonAlign",432.205,432.245,"O/"
"PhonAlign",432.245,432.345,"t"
"PhonAlign",432.345,432.395,"e"
"PhonAlign",432.395,432.485,"p"
"PhonAlign",432.485,432.555,"E"
"PhonAlign",432.555,432.625,"Z"
"PhonAlign",432.625,432.675,"O/"
"PhonAlign",432.675,432.705,"R"
"PhonAlign",432.705,432.745,"A/"
"PhonAlign",432.745,432.835,"t"
"PhonAlign",432.835,432.885,"i"
"PhonAlign",432.885,432.935,"f"
"PhonAlign",432.935,432.985,"p"
"PhonAlign",432.985,433.025,"u"
"PhonAlign",433.025,433.065,"R"
"PhonAlign",433.065,433.105,"n"
"PhonAlign",433.105,433.165,"O/"
"PhonAlign",433.165,433.235,"Z"
"PhonAlign",433.235,433.305,"9"
"PhonAlign",433.305,433.335,"n"
"PhonAlign",433.335,433.365,"e"
"PhonAlign",433.365,434.105,"t"
"PhonAlign",434.105,434.135,"w"
"PhonAlign",434.135,434.165,"A/"
"PhonAlign",434.165,434.285,"t"
"PhonAlign",434.285,434.345,"v"
"PhonAlign",434.345,434.395,"@"
"PhonAlign",434.395,434.515,"m"
"PhonAlign",434.515,434.555,"g"
"PhonAlign",434.555,434.585,"l"
"PhonAlign",434.585,434.665,"i"
"PhonAlign",434.665,434.765,"s"
"PhonAlign",434.765,434.815,"e"
"PhonAlign",434.815,434.875,"l"
"PhonAlign",434.875,434.955,"t"
"PhonAlign",434.955,434.995,"e"
"PhonAlign",434.995,435.035,"l"
"PhonAlign",435.035,435.095,"e"
"PhonAlign",435.095,435.195,"f"
"PhonAlign",435.195,435.285,"O/"
"PhonAlign",435.285,435.354079,"n"
"PhonAlign",435.354079,437.340938,"#"
"PhonAlign",437.340938,437.630938,"v"
"PhonAlign",437.630938,437.660938,"O/"
"PhonAlign",437.660938,437.740938,"v"
"PhonAlign",437.740938,437.860938,"v"
"PhonAlign",437.860938,437.890938,"O/"
"PhonAlign",437.890938,438.070938,"v"
"PhonAlign",438.070938,438.100938,"v"
"PhonAlign",438.100938,438.130938,"O/"
"PhonAlign",438.130938,438.200938,"v"
"PhonAlign",438.200938,438.280938,"v"
"PhonAlign",438.280938,438.310938,"O/"
"PhonAlign",438.310938,438.440938,"v"
"PhonAlign",438.440938,438.570938,"v"
"PhonAlign",438.570938,438.600938,"O/"
"PhonAlign",438.600938,438.650938,"v"
"PhonAlign",438.650938,439.150938,"#"
"PhonAlign",439.150938,439.240938,"v"
"PhonAlign",439.240938,439.270938,"O/"
"PhonAlign",439.270938,439.330938,"v"
"PhonAlign",439.330938,439.400938,"v"
"PhonAlign",439.400938,439.430938,"O/"
"PhonAlign",439.430938,439.550938,"v"
"PhonAlign",439.550938,439.650938,"v"
"PhonAlign",439.650938,439.750938,"O/"
"PhonAlign",439.750938,439.850938,"v"
"PhonAlign",439.850938,440.030938,"v"
"PhonAlign",440.030938,440.070938,"O/"
"PhonAlign",440.070938,440.10979,"v"
"PhonAlign",440.10979,443.955938,"#"
"PhonAlign",443.955938,444.095938,"O/"
"PhonAlign",444.095938,444.185938,"k"
"PhonAlign",444.185938,444.411563,"e"
"PhonAlign",444.411563,446.031563,"#"
"PhonAlign",446.031563,446.211563,"O/"
"PhonAlign",446.211563,446.321563,"k"
"PhonAlign",446.321563,446.55,"E"
"PhonAlign",446.55,446.845,"#"
"PhonAlign",446.845,447.115,"v"
"PhonAlign",447.115,447.165,"w"
"PhonAlign",447.165,447.215,"A/"
"PhonAlign",447.215,447.275,"l"
"PhonAlign",447.275,447.355,"A/"
"PhonAlign",447.355,447.465,"l"
"PhonAlign",447.465,447.6950000000001,"A/"
"PhonAlign",447.6950000000001,447.875,"S"
"PhonAlign",447.875,448.485,"v"
"PhonAlign",448.485,448.515,"l"
"PhonAlign",448.515,448.579687,"A/"
"PhonAlign",448.579687,450.064688,"#"
"PhonAlign",450.064688,450.294688,"s"
"PhonAlign",450.294688,450.364688,"e"
"PhonAlign",450.364688,450.484688,"s"
"PhonAlign",450.484688,450.992813,"A/"
"PhonAlign",450.992813,453.338438,"#"
"PhonAlign",453.338438,453.418438,"l"
"PhonAlign",453.418438,453.508438,"E"
"PhonAlign",453.508438,453.628438,"z"
"PhonAlign",453.628438,453.708438,"A/"
"PhonAlign",453.708438,453.798438,"m"
"PhonAlign",453.798438,454.058438,"i"
"PhonAlign",454.058438,454.198438,"O~"
"PhonAlign",454.198438,454.278438,"n"
"PhonAlign",454.278438,454.408438,"E"
"PhonAlign",454.408438,454.688438,"a~"
"PhonAlign",454.688438,454.818438,"O~"
"PhonAlign",454.818438,454.878438,"n"
"PhonAlign",454.878438,454.908438,"A/"
"PhonAlign",454.908438,454.978438,"y"
"PhonAlign",454.978438,455.038438,"n"
"PhonAlign",455.038438,455.088438,"A/"
"PhonAlign",455.088438,455.198438,"s"
"PhonAlign",455.198438,455.228438,"O/"
"PhonAlign",455.228438,455.328438,"s"
"PhonAlign",455.328438,455.388438,"A/"
"PhonAlign",455.388438,455.488438,"s"
"PhonAlign",455.488438,455.518438,"j"
"PhonAlign",455.518438,455.578438,"O~"
"PhonAlign",455.578438,455.618438,"O~"
"PhonAlign",455.618438,455.708438,"f"
"PhonAlign",455.708438,455.768438,"e"
"PhonAlign",455.768438,455.828438,"v"
"PhonAlign",455.828438,455.898438,"@"
"PhonAlign",455.898438,455.968438,"n"
"PhonAlign",455.968438,456.008438,"i"
"PhonAlign",456.008438,456.068438,"R"
"PhonAlign",456.068438,456.148438,"d"
"PhonAlign",456.148438,456.218438,"e"
"PhonAlign",456.218438,456.358438,"Z"
"PhonAlign",456.358438,456.408438,"9"
"PhonAlign",456.408438,456.528438,"n"
"PhonAlign",456.528438,456.628438,"z"
"PhonAlign",456.628438,456.678438,"E"
"PhonAlign",456.678438,456.758438,"s"
"PhonAlign",456.758438,456.858438,"k"
"PhonAlign",456.858438,456.908438,"@"
"PhonAlign",456.908438,456.998438,"t"
"PhonAlign",456.998438,457.128438,"R"
"PhonAlign",457.128438,457.208438,"w"
"PhonAlign",457.208438,457.298438,"A/"
"PhonAlign",457.298438,457.398438,"E"
"PhonAlign",457.398438,457.478438,"s"
"PhonAlign",457.478438,457.548438,"k"
"PhonAlign",457.548438,457.608438,"@"
"PhonAlign",457.608438,457.658438,"l"
"PhonAlign",457.658438,457.758438,"e"
"PhonAlign",457.758438,457.878438,"Z"
"PhonAlign",457.878438,457.958438,"9"
"PhonAlign",457.958438,458.048438,"n"
"PhonAlign",458.048438,458.128438,"t"
"PhonAlign",458.128438,458.168438,"w"
"PhonAlign",458.168438,458.218438,"A/"
"PhonAlign",458.218438,458.298438,"k"
"PhonAlign",458.298438,458.328438,"a~"
"PhonAlign",458.328438,458.358438,"t"
"PhonAlign",458.358438,458.388438,"e"
"PhonAlign",458.388438,458.568438,"t"
"PhonAlign",458.568438,458.668438,"e"
"PhonAlign",458.668438,458.758438,"Z"
"PhonAlign",458.758438,458.808438,"9"
"PhonAlign",458.808438,458.898438,"n"
"PhonAlign",458.898438,459.098438,"s"
"PhonAlign",459.098438,459.318438,"k"
"PhonAlign",459.318438,459.348438,"y"
"PhonAlign",459.348438,459.388438,"z"
"PhonAlign",459.388438,459.478438,"m"
"PhonAlign",459.478438,459.548438,"w"
"PhonAlign",459.548438,459.678438,"A/"
"PhonAlign",459.678438,459.708438,"*"
"PhonAlign",459.708438,459.778438,"*"
"PhonAlign",459.778438,459.848438,"p"
"PhonAlign",459.848438,459.928438,"2"
"PhonAlign",459.928438,459.968438,"t"
"PhonAlign",459.968438,460.058438,"E"
"PhonAlign",460.058438,460.108438,"t"
"PhonAlign",460.108438,460.138438,"R"
"PhonAlign",460.138438,460.178438,"k"
"PhonAlign",460.178438,460.238438,"@"
"PhonAlign",460.238438,460.338438,"t"
"PhonAlign",460.338438,460.398438,"w"
"PhonAlign",460.398438,460.478438,"A/"
"PhonAlign",460.478438,460.568438,"u"
"PhonAlign",460.568438,460.758438,"i"
"PhonAlign",460.758438,461.468438,"#"
"PhonAlign",461.468438,461.578438,"v"
"PhonAlign",461.578438,461.628438,"w"
"PhonAlign",461.628438,461.668438,"A/"
"PhonAlign",461.668438,461.698438,"l"
"PhonAlign",461.698438,461.808438,"A/"
"PhonAlign",461.808438,461.848438,"m"
"PhonAlign",461.848438,461.918438,"E"
"PhonAlign",461.918438,461.958438,"R"
"PhonAlign",461.958438,462.048438,"s"
"PhonAlign",462.048438,462.118438,"i"
"PhonAlign",462.118438,462.158438,"m"
"PhonAlign",462.158438,462.238438,"E"
"PhonAlign",462.238438,462.288438,"p"
"PhonAlign",462.288438,462.378438,"2"
"PhonAlign",462.378438,462.408438,"t"
"PhonAlign",462.408438,462.498438,"E"
"PhonAlign",462.498438,462.568438,"t"
"PhonAlign",462.568438,462.598438,"R"
"PhonAlign",462.598438,462.638438,"k"
"PhonAlign",462.638438,462.748438,"*"
"PhonAlign",462.748438,462.828438,"*"
"PhonAlign",462.828438,462.948438,"E"
"PhonAlign",462.948438,462.978438,"l"
"PhonAlign",462.978438,463.098438,"@"
"PhonAlign",463.098438,463.158438,"A/"
"PhonAlign",463.158438,463.188438,"l"
"PhonAlign",463.188438,463.258438,"A/"
"PhonAlign",463.258438,463.408438,"b"
"PhonAlign",463.408438,463.438438,"i"
"PhonAlign",463.438438,463.468438,"t"
"PhonAlign",463.468438,463.528438,"y"
"PhonAlign",463.528438,463.608438,"d"
"PhonAlign",463.608438,463.778438,"@"
"PhonAlign",463.778438,463.938438,"#"
"PhonAlign",463.938438,464.148438,"p"
"PhonAlign",464.148438,464.198438,"2"
"PhonAlign",464.198438,464.248438,"t"
"PhonAlign",464.248438,464.328438,"E"
"PhonAlign",464.328438,464.378438,"t"
"PhonAlign",464.378438,464.408438,"R"
"PhonAlign",464.408438,464.458438,"k"
"PhonAlign",464.458438,464.538438,"*"
"PhonAlign",464.538438,464.588438,"*"
"PhonAlign",464.588438,464.708438,"E"
"PhonAlign",464.708438,464.778438,"A/"
"PhonAlign",464.778438,464.808438,"l"
"PhonAlign",464.808438,464.858438,"A/"
"PhonAlign",464.858438,464.918438,"b"
"PhonAlign",464.918438,464.968438,"i"
"PhonAlign",464.968438,465.028438,"t"
"PhonAlign",465.028438,465.098438,"y"
"PhonAlign",465.098438,465.178438,"d"
"PhonAlign",465.178438,465.218438,"@"
"PhonAlign",465.218438,465.258438,"d"
"PhonAlign",465.258438,465.308438,"p"
"PhonAlign",465.308438,465.368438,"A/"
"PhonAlign",465.368438,465.448438,"s"
"PhonAlign",465.448438,465.498438,"e"
"PhonAlign",465.498438,465.588438,"t"
"PhonAlign",465.588438,465.638438,"R"
"PhonAlign",465.638438,465.708438,"w"
"PhonAlign",465.708438,465.738438,"A/"
"PhonAlign",465.738438,465.808438,"Z"
"PhonAlign",465.808438,465.908438,"u"
"PhonAlign",465.908438,466.258438,"R"
"PhonAlign",466.258438,466.288438,"A/"
"PhonAlign",466.288438,466.368438,"d"
"PhonAlign",466.368438,466.448438,"e"
"PhonAlign",466.448438,466.578438,"s"
"PhonAlign",466.578438,466.618438,"E"
"PhonAlign",466.618438,466.698438,"m"
"PhonAlign",466.698438,466.738438,"i"
"PhonAlign",466.738438,466.838438,"n"
"PhonAlign",466.838438,466.908438,"E"
"PhonAlign",466.908438,466.968438,"R"
"PhonAlign",466.968438,467.038438,"d"
"PhonAlign",467.038438,467.068438,"e"
"PhonAlign",467.068438,467.158438,"k"
"PhonAlign",467.158438,467.228438,"O~"
"PhonAlign",467.228438,467.318438,"f"
"PhonAlign",467.318438,467.358438,"E"
"PhonAlign",467.358438,467.408438,"R"
"PhonAlign",467.408438,467.478438,"a~"
"PhonAlign",467.478438,467.558438,"s"
"PhonAlign",467.558438,467.588438,"E"
"PhonAlign",467.588438,467.668438,"t"
"PhonAlign",467.668438,467.698438,"s"
"PhonAlign",467.698438,467.728438,"E"
"PhonAlign",467.728438,467.808438,"t"
"PhonAlign",467.808438,467.848438,"E"
"PhonAlign",467.848438,468.038438,"R"
"PhonAlign",468.038438,468.068438,"A/"
"PhonAlign",468.068438,468.098438,"m"
"PhonAlign",468.098438,468.238438,"e"
"PhonAlign",468.238438,468.298438,"l"
"PhonAlign",468.298438,468.368438,"A/"
"PhonAlign",468.368438,468.77,"s"
"PhonAlign",468.77,469.025,"#"
"PhonAlign",469.025,469.135,"t"
"PhonAlign",469.135,469.225,"w"
"PhonAlign",469.225,469.345,"A/"
"PhonAlign",469.345,469.385,"A/"
"PhonAlign",469.385,469.455,"k"
"PhonAlign",469.455,469.525,"A/"
"PhonAlign",469.525,469.595,"t"
"PhonAlign",469.595,469.675,"O/"
"PhonAlign",469.675,469.705,"R"
"PhonAlign",469.705,469.795,"z"
"PhonAlign",469.795,469.925,"a~"
"PhonAlign",469.925,469.975,"E"
"PhonAlign",469.975,470.045,"s"
"PhonAlign",470.045,470.095,"k"
"PhonAlign",470.095,470.145,"@"
"PhonAlign",470.145,470.205,"t"
"PhonAlign",470.205,470.255,"A/"
"PhonAlign",470.255,470.295,"a~"
"PhonAlign",470.295,470.375,"v"
"PhonAlign",470.375,470.425,"i"
"PhonAlign",470.425,470.475,"d"
"PhonAlign",470.475,470.515,"@"
"PhonAlign",470.515,470.615,"p"
"PhonAlign",470.615,470.695,"A/"
"PhonAlign",470.695,470.805,"s"
"PhonAlign",470.805,470.925,"e"
"PhonAlign",470.925,471.035,"t"
"PhonAlign",471.035,471.075,"R"
"PhonAlign",471.075,471.125,"w"
"PhonAlign",471.125,471.175,"A/"
"PhonAlign",471.175,471.265,"Z"
"PhonAlign",471.265,471.395,"u"
"PhonAlign",471.395,471.46,"R"
"PhonAlign",471.46,474.179062,"#"
"PhonAlign",474.179062,474.219062,"u"
"PhonAlign",474.219062,474.349062,"i"
"PhonAlign",474.349062,474.439062,"s"
"PhonAlign",474.439062,474.509062,"A/"
"PhonAlign",474.509062,474.569062,"f"
"PhonAlign",474.569062,474.619062,"E"
"PhonAlign",474.619062,474.649062,"R"
"PhonAlign",474.649062,474.719062,"A/"
"PhonAlign",474.719062,474.789062,"t"
"PhonAlign",474.789062,474.829062,"e"
"PhonAlign",474.829062,474.859062,"l"
"PhonAlign",474.859062,474.909062,"e"
"PhonAlign",474.909062,474.959062,"k"
"PhonAlign",474.959062,475.029062,"O/"
"PhonAlign",475.029062,475.059062,"l"
"PhonAlign",475.059062,475.479062,"k"
"PhonAlign",475.479062,475.539062,"a~"
"PhonAlign",475.539062,475.599062,"t"
"PhonAlign",475.599062,475.649062,"e"
"PhonAlign",475.649062,475.709062,"d"
"PhonAlign",475.709062,475.779062,"a~"
"PhonAlign",475.779062,475.879062,"z"
"PhonAlign",475.879062,475.909062,"y"
"PhonAlign",475.909062,475.999062,"n"
"PhonAlign",475.999062,476.059062,"e"
"PhonAlign",476.059062,476.159062,"k"
"PhonAlign",476.159062,476.229062,"O/"
"PhonAlign",476.229062,476.259062,"l"
"PhonAlign",476.259062,476.289062,"k"
"PhonAlign",476.289062,476.409062,"O/"
"PhonAlign",476.409062,476.479062,"m"
"PhonAlign",476.479062,476.549062,"E"
"PhonAlign",476.549062,476.579062,"d"
"PhonAlign",476.579062,476.609062,"i"
"PhonAlign",476.609062,476.709062,"z"
"PhonAlign",476.709062,476.809062,"e"
"PhonAlign",476.809062,476.849062,"v"
"PhonAlign",476.849062,476.949062,"A/"
"PhonAlign",476.949062,476.979062,"l"
"PhonAlign",476.979062,477.029062,"d"
"PhonAlign",477.029062,477.269062,"n"
"PhonAlign",477.269062,477.339062,"y"
"PhonAlign",477.339062,477.489062,"m"
"PhonAlign",477.489062,477.549062,"E"
"PhonAlign",477.549062,477.619062,"R"
"PhonAlign",477.619062,477.719062,"i"
"PhonAlign",477.719062,477.789062,"k"
"PhonAlign",477.789062,477.819062,"@"
"PhonAlign",477.819062,477.959062,"p"
"PhonAlign",477.959062,478.009062,"2"
"PhonAlign",478.009062,478.079062,"t"
"PhonAlign",478.079062,478.159062,"E"
"PhonAlign",478.159062,478.249062,"t"
"PhonAlign",478.249062,478.363075,"R"
"PhonAlign",478.363075,478.68,"#"
"PhonAlign",478.68,478.83,"m"
"PhonAlign",478.83,478.99,"e"
"PhonAlign",478.99,479.08,"t"
"PhonAlign",479.08,479.12,"w"
"PhonAlign",479.12,479.47,"A/"
"PhonAlign",479.47,480.33,"#"
"PhonAlign",480.33,480.37,"s"
"PhonAlign",480.37,480.65,"k"
"PhonAlign",480.65,480.71,"@"
"PhonAlign",480.71,480.76,"t"
"PhonAlign",480.76,480.82,"A/"
"PhonAlign",480.82,480.89,"v"
"PhonAlign",480.89,480.92,"E"
"PhonAlign",480.92,480.95,"a~"
"PhonAlign",480.95,481.01,"v"
"PhonAlign",481.01,481.04,"i"
"PhonAlign",481.04,481.08,"d"
"PhonAlign",481.08,481.16,"p"
"PhonAlign",481.16,481.21,"A/"
"PhonAlign",481.21,481.29,"s"
"PhonAlign",481.29,481.35,"e"
"PhonAlign",481.35,481.41,"t"
"PhonAlign",481.41,481.45,"R"
"PhonAlign",481.45,481.49,"w"
"PhonAlign",481.49,481.53,"A/"
"PhonAlign",481.53,481.59,"Z"
"PhonAlign",481.59,481.63,"u"
"PhonAlign",481.63,481.84,"R"
"PhonAlign",481.84,481.87,"Z"
"PhonAlign",481.87,481.96,"@"
"PhonAlign",481.96,482.0,"k"
"PhonAlign",482.0,482.03,"R"
"PhonAlign",482.03,482.06,"w"
"PhonAlign",482.06,482.14,"A/"
"PhonAlign",482.14,482.29,"p"
"PhonAlign",482.29,482.34,"A/"
"PhonAlign",482.34,482.37,"n"
"PhonAlign",482.37,482.414063,"O/"
"PhonAlign",482.414063,489.518438,"#"
"PhonAlign",489.518438,489.568438,"u"
"PhonAlign",489.568438,489.598438,"i"
"PhonAlign",489.598438,490.778438,"E"
"PhonAlign",490.778438,491.008438,"u"
"PhonAlign",491.008438,491.24,"i"
"PhonAlign",491.24,491.965312,"#"
"PhonAlign",491.965312,492.095312,"E"
"PhonAlign",492.095312,492.245312,"l"
"PhonAlign",492.245312,492.365312,"A/"
"PhonAlign",492.365312,492.415312,"O~"
"PhonAlign",492.415312,492.505312,"a~"
"PhonAlign",492.505312,492.595312,"p"
"PhonAlign",492.595312,492.645312,"E"
"PhonAlign",492.645312,492.705312,"R"
"PhonAlign",492.705312,492.825312,"l"
"PhonAlign",492.825312,492.915312,"t"
"PhonAlign",492.915312,492.965312,"e"
"PhonAlign",492.965312,492.995312,"l"
"PhonAlign",492.995312,493.055312,"e"
"PhonAlign",493.055312,493.145312,"f"
"PhonAlign",493.145312,493.215312,"O/"
"PhonAlign",493.215312,493.305312,"n"
"PhonAlign",493.305312,493.375312,"O~"
"PhonAlign",493.375312,493.425312,"n"
"PhonAlign",493.425312,493.485312,"a~"
"PhonAlign",493.485312,493.575312,"p"
"PhonAlign",493.575312,493.625312,"E"
"PhonAlign",493.625312,493.755312,"R"
"PhonAlign",493.755312,493.825312,"t"
"PhonAlign",493.825312,493.865312,"u"
"PhonAlign",493.865312,493.895312,"l"
"PhonAlign",493.895312,494.025312,"e"
"PhonAlign",494.025312,494.075312,"t"
"PhonAlign",494.075312,494.205312,"E"
"PhonAlign",494.205312,494.235312,"m"
"PhonAlign",494.235312,494.412188,"z"
"PhonAlign",494.412188,503.693438,"#"
"PhonAlign",503.693438,503.823438,"d"
"PhonAlign",503.823438,503.943438,"O~"
"PhonAlign",503.943438,504.013438,"k"
"PhonAlign",504.013438,504.143438,"O~"
"PhonAlign",504.143438,504.263438,"s"
"PhonAlign",504.263438,504.343438,"@"
"PhonAlign",504.343438,504.403438,"m"
"PhonAlign",504.403438,504.513438,"i"
"PhonAlign",504.513438,504.543438,"k"
"PhonAlign",504.543438,504.703438,"s"
"PhonAlign",504.703438,504.813438,"s"
"PhonAlign",504.813438,504.883438,"y"
"PhonAlign",504.883438,505.163438,"R"
"PhonAlign",505.163438,505.253438,"t"
"PhonAlign",505.253438,505.313438,"e"
"PhonAlign",505.313438,505.343438,"l"
"PhonAlign",505.343438,505.403438,"e"
"PhonAlign",505.403438,505.513438,"f"
"PhonAlign",505.513438,505.603438,"O/"
"PhonAlign",505.603438,505.643438,"n"
"PhonAlign",505.643438,505.733438,"E"
"PhonAlign",505.733438,505.813438,"d"
"PhonAlign",505.813438,505.903438,"a~"
"PhonAlign",505.903438,505.973438,"Z"
"PhonAlign",505.973438,506.023438,"e"
"PhonAlign",506.023438,506.063438,"d"
"PhonAlign",506.063438,506.143438,"e"
"PhonAlign",506.143438,506.183438,"R"
"PhonAlign",506.183438,506.263438,"E"
"PhonAlign",506.263438,506.343438,"z"
"PhonAlign",506.343438,506.423438,"O/"
"PhonAlign",506.423438,506.511563,"z"
"PhonAlign",506.511563,514.864688,"#"
"PhonAlign",514.864688,514.974688,"O/"
"PhonAlign",514.974688,515.054688,"k"
"PhonAlign",515.054688,515.185313,"E"
"PhonAlign",515.185313,516.535313,"#"
"PhonAlign",516.535313,516.82,"m"
"PhonAlign",516.82,517.06,"#"
"PhonAlign",517.06,517.29,"m"
"PhonAlign",517.29,517.3699999999999,"e"
"PhonAlign",517.3699999999999,517.41,"i"
"PhonAlign",517.41,517.5,"f"
"PhonAlign",517.5,517.5799999999999,"O/"
"PhonAlign",517.5799999999999,517.63,"k"
"PhonAlign",517.63,517.66,"l"
"PhonAlign",517.66,517.77,"A/"
"PhonAlign",517.77,517.8199999999999,"p"
"PhonAlign",517.8199999999999,517.89,"A/"
"PhonAlign",517.89,517.92,"R"
"PhonAlign",517.92,518.02,"t"
"PhonAlign",518.02,518.25,"i"
"PhonAlign",518.25,518.41,"Z"
"PhonAlign",518.41,518.4399999999999,"@"
"PhonAlign",518.4399999999999,518.5899999999999,"a~"
"PhonAlign",518.5899999999999,518.67,"f"
"PhonAlign",518.67,518.75,"E"
"PhonAlign",518.75,518.9499999999999,"t"
"PhonAlign",518.9499999999999,519.0,"Z"
"PhonAlign",519.0,519.04,"v"
"PhonAlign",519.04,519.0899999999999,"@"
"PhonAlign",519.0899999999999,519.15,"t"
"PhonAlign",519.15,519.2099999999999,"@"
"PhonAlign",519.2099999999999,519.3199999999999,"d"
"PhonAlign",519.3199999999999,519.3599999999999,"i"
"PhonAlign",519.3599999999999,519.9699999999999,"R"
"PhonAlign",519.9699999999999,520.27,"#"
"PhonAlign",520.27,520.4,"Z"
"PhonAlign",520.4,520.43,"v"
"PhonAlign",520.43,520.4799999999999,"@"
"PhonAlign",520.4799999999999,520.54,"k"
"PhonAlign",520.54,520.5799999999999,"E"
"PhonAlign",520.5799999999999,520.6199999999999,"l"
"PhonAlign",520.6199999999999,520.7099999999999,"s"
"PhonAlign",520.7099999999999,520.75,"w"
"PhonAlign",520.75,520.78,"A/"
"PhonAlign",520.78,520.8199999999999,"O/"
"PhonAlign",520.8199999999999,520.93,"s"
"PhonAlign",520.93,520.9699999999999,"i"
"PhonAlign",520.9699999999999,521.05,"k"
"PhonAlign",521.05,521.14,"O~"
"PhonAlign",521.14,521.2399999999999,"s"
"PhonAlign",521.2399999999999,521.29,"E"
"PhonAlign",521.29,521.3599999999999,"k"
"PhonAlign",521.3599999999999,521.4799999999999,"a~"
"PhonAlign",521.4799999999999,521.54,"t"
"PhonAlign",521.54,521.5999999999999,"k"
"PhonAlign",521.5999999999999,521.63,"@"
"PhonAlign",521.63,521.7399999999999,"s"
"PhonAlign",521.7399999999999,521.78,"E"
"PhonAlign",521.78,521.81,"l"
"PhonAlign",521.81,521.8599999999999,"d"
"PhonAlign",521.8599999999999,522.05,"t"
"PhonAlign",522.05,522.0899999999999,"e"
"PhonAlign",522.0899999999999,522.1199999999999,"l"
"PhonAlign",522.1199999999999,522.15,"e"
"PhonAlign",522.15,522.27,"f"
"PhonAlign",522.27,522.3299999999999,"O/"
"PhonAlign",522.3299999999999,522.458438,"n"
"PhonAlign",522.458438,524.382188,"#"
"PhonAlign",524.382188,524.422188,"n"
"PhonAlign",524.422188,524.5921880000001,"O/"
"PhonAlign",524.5921880000001,524.672188,"p"
"PhonAlign",524.672188,524.7221880000001,"A/"
"PhonAlign",524.7221880000001,524.812188,"d"
"PhonAlign",524.812188,524.8521880000001,"y"
"PhonAlign",524.8521880000001,524.942188,"t"
"PhonAlign",524.942188,525.012188,"u"
"PhonAlign",525.012188,525.1021880000001,"t"
"PhonAlign",525.1021880000001,525.172188,"S"
"PhonAlign",525.172188,525.252188,"p"
"PhonAlign",525.252188,525.312188,"a~"
"PhonAlign",525.312188,525.392188,"s"
"PhonAlign",525.392188,525.4521880000001,"A/"
"PhonAlign",525.4521880000001,525.562188,"n"
"PhonAlign",525.562188,525.5921880000001,"O/"
"PhonAlign",525.5921880000001,525.662188,"Z"
"PhonAlign",525.662188,525.802188,"9"
"PhonAlign",525.802188,525.8321880000001,"n"
"PhonAlign",525.8321880000001,526.422188,"#"
"PhonAlign",526.422188,526.5921880000001,"S"
"PhonAlign",526.5921880000001,526.642188,"p"
"PhonAlign",526.642188,526.7221880000001,"a~"
"PhonAlign",526.7221880000001,526.792188,"s"
"PhonAlign",526.792188,526.8621880000001,"A/"
"PhonAlign",526.8621880000001,526.902188,"n"
"PhonAlign",526.902188,526.942188,"O/"
"PhonAlign",526.942188,527.012188,"Z"
"PhonAlign",527.012188,527.1021880000001,"9"
"PhonAlign",527.1021880000001,527.2121880000001,"n"
"PhonAlign",527.2121880000001,527.312188,"z"
"PhonAlign",527.312188,527.4821880000001,"S"
"PhonAlign",527.4821880000001,527.532188,"s"
"PhonAlign",527.532188,527.5721880000001,"y"
"PhonAlign",527.5721880000001,527.6021880000001,"i"
"PhonAlign",527.6021880000001,527.692188,"z"
"PhonAlign",527.692188,527.7221880000001,"d"
"PhonAlign",527.7221880000001,527.9621880000001,"E"
"PhonAlign",527.9621880000001,528.0821880000001,"z"
"PhonAlign",528.0821880000001,528.172188,"O/"
"PhonAlign",528.172188,528.2021880000001,"l"
"PhonAlign",528.2021880000001,528.2321880000001,"e"
"PhonAlign",528.2321880000001,528.4621880000001,"v"
"PhonAlign",528.4621880000001,528.492188,"A/"
"PhonAlign",528.492188,528.533437,"l"
"PhonAlign",528.533437,531.11819,"#"
"PhonAlign",531.11819,533.40819,"laugh"
"PhonAlign",533.40819,534.22819,"#"
"PhonAlign",534.22819,534.51819,"n"
"PhonAlign",534.51819,534.825,"O/"
"PhonAlign",534.825,534.985,"#"
"PhonAlign",534.985,535.025,"n"
"PhonAlign",535.025,535.125,"O/"
"PhonAlign",535.125,535.1850000000001,"m"
"PhonAlign",535.1850000000001,535.215,"E"
"PhonAlign",535.215,535.325,"s"
"PhonAlign",535.325,535.355,"e"
"PhonAlign",535.355,535.385,"R"
"PhonAlign",535.385,535.415,"j"
"PhonAlign",535.415,535.495,"2"
"PhonAlign",535.495,535.565,"z"
"PhonAlign",535.565,535.625,"m"
"PhonAlign",535.625,535.755,"a~"
"PhonAlign",535.755,535.845,"k"
"PhonAlign",535.845,535.9250000000001,"a~"
"PhonAlign",535.9250000000001,535.985,"O~"
"PhonAlign",535.985,536.0550000000001,"v"
"PhonAlign",536.0550000000001,536.135,"w"
"PhonAlign",536.135,536.205,"A/"
"PhonAlign",536.205,536.235,"Z"
"PhonAlign",536.235,536.395,"#"
"PhonAlign",536.395,536.4250000000001,"t"
"PhonAlign",536.4250000000001,536.455,"A/"
"PhonAlign",536.455,536.595,"Z"
"PhonAlign",536.595,537.015,"y"
"PhonAlign",537.015,537.135,"s"
"PhonAlign",537.135,537.235,"A/"
"PhonAlign",537.235,537.275,"s"
"PhonAlign",537.275,537.3050000000001,"y"
"PhonAlign",537.3050000000001,537.365,"i"
"PhonAlign",537.365,537.395,"v"
"PhonAlign",537.395,537.4250000000001,"R"
"PhonAlign",537.4250000000001,537.525,"@"
"PhonAlign",537.525,537.965,"t"
"PhonAlign",537.965,538.0550000000001,"A/"
"PhonAlign",538.0550000000001,538.145,"Z"
"PhonAlign",538.145,538.195,"y"
"PhonAlign",538.195,538.265,"s"
"PhonAlign",538.265,538.3050000000001,"t"
"PhonAlign",538.3050000000001,538.385,"A/"
"PhonAlign",538.385,538.495,"s"
"PhonAlign",538.495,538.535,"y"
"PhonAlign",538.535,538.565,"i"
"PhonAlign",538.565,538.605,"v"
"PhonAlign",538.605,538.635,"R"
"PhonAlign",538.635,538.6750000000001,"l"
"PhonAlign",538.6750000000001,538.725,"A/"
"PhonAlign",538.725,538.795,"k"
"PhonAlign",538.795,538.865,"t"
"PhonAlign",538.865,539.05,"y"
"PhonAlign",539.05,539.36,"#"
"PhonAlign",539.36,539.6800000000001,"k"
"PhonAlign",539.6800000000001,539.71,"O~"
"PhonAlign",539.71,539.89,"v"
"PhonAlign",539.89,539.92,"w"
"PhonAlign",539.92,539.98,"A/"
"PhonAlign",539.98,540.08,"s"
"PhonAlign",540.08,540.13,"k"
"PhonAlign",540.13,540.2,"@"
"PhonAlign",540.2,540.23,"l"
"PhonAlign",540.23,540.36,"E"
"PhonAlign",540.36,540.4,"R"
"PhonAlign",540.4,540.5,"E"
"PhonAlign",540.5,540.63,"z"
"PhonAlign",540.63,540.919688,"O/"
"PhonAlign",540.919688,556.579688,"#"
"PhonAlign",556.579688,556.619688,"n"
"PhonAlign",556.619688,556.6696880000001,"O/"
"PhonAlign",556.6696880000001,556.699688,"m"
"PhonAlign",556.699688,556.729688,"s"
"PhonAlign",556.729688,556.959688,"A/"
"PhonAlign",556.959688,557.0396880000001,"Z"
"PhonAlign",557.0396880000001,557.109688,"@"
"PhonAlign",557.109688,557.209688,"s"
"PhonAlign",557.209688,557.239688,"y"
"PhonAlign",557.239688,557.2696880000001,"i"
"PhonAlign",557.2696880000001,557.2996880000001,"d"
"PhonAlign",557.2996880000001,557.359688,"A/"
"PhonAlign",557.359688,557.439688,"k"
"PhonAlign",557.439688,557.489688,"O/"
"PhonAlign",557.489688,557.5196880000001,"R"
"PhonAlign",557.5196880000001,557.559688,"m"
"PhonAlign",557.559688,557.629688,"m"
"PhonAlign",557.629688,557.6596880000001,"w"
"PhonAlign",557.6596880000001,557.689688,"A/"
"PhonAlign",557.689688,557.7696880000001,"S"
"PhonAlign",557.7696880000001,557.819688,"p"
"PhonAlign",557.819688,557.889688,"A/"
"PhonAlign",557.889688,557.9196880000001,"R"
"PhonAlign",557.9196880000001,557.949688,"l"
"PhonAlign",557.949688,557.989688,"k"
"PhonAlign",557.989688,558.0396880000001,"@"
"PhonAlign",558.0396880000001,558.099688,"d"
"PhonAlign",558.099688,558.1496880000001,"R"
"PhonAlign",558.1496880000001,558.199688,"E"
"PhonAlign",558.199688,558.319688,"z"
"PhonAlign",558.319688,558.4096880000001,"O/"
"PhonAlign",558.4096880000001,558.489688,"e"
"PhonAlign",558.489688,558.559688,"m"
"PhonAlign",558.559688,558.589688,"w"
"PhonAlign",558.589688,558.639688,"A/"
"PhonAlign",558.639688,558.699688,"p"
"PhonAlign",558.699688,558.749688,"A/"
"PhonAlign",558.749688,558.7796880000001,"R"
"PhonAlign",558.7796880000001,558.819688,"E"
"PhonAlign",558.819688,558.849688,"g"
"PhonAlign",558.849688,558.9096880000001,"z"
"PhonAlign",558.9096880000001,558.969688,"a~"
"PhonAlign",558.969688,558.999688,"p"
"PhonAlign",558.999688,559.0296880000001,"l"
"PhonAlign",559.0296880000001,559.1496880000001,"t"
"PhonAlign",559.1496880000001,559.179688,"v"
"PhonAlign",559.179688,559.209688,"w"
"PhonAlign",559.209688,559.2896880000001,"A/"
"PhonAlign",559.2896880000001,559.4096880000001,"k"
"PhonAlign",559.4096880000001,559.459688,"a~"
"PhonAlign",559.459688,559.509688,"O~"
"PhonAlign",559.509688,559.599688,"p"
"PhonAlign",559.599688,559.629688,"A/"
"PhonAlign",559.629688,559.689688,"R"
"PhonAlign",559.689688,559.729688,"l"
"PhonAlign",559.729688,559.7796880000001,"e"
"PhonAlign",559.7796880000001,559.849688,"d"
"PhonAlign",559.849688,559.939688,"U~/"
"PhonAlign",559.939688,560.0196880000001,"t"
"PhonAlign",560.0196880000001,560.0496880000001,"E"
"PhonAlign",560.0496880000001,560.109688,"R"
"PhonAlign",560.109688,560.199688,"v"
"PhonAlign",560.199688,560.229688,"2"
"PhonAlign",560.229688,560.2896880000001,"n"
"PhonAlign",560.2896880000001,560.449688,"a~"
"PhonAlign",560.449688,560.5496880000001,"Z"
"PhonAlign",560.5496880000001,560.599688,"e"
"PhonAlign",560.599688,560.689688,"t"
"PhonAlign",560.689688,560.749688,"e"
"PhonAlign",560.749688,560.879688,"p"
"PhonAlign",560.879688,560.989688,"u"
"PhonAlign",560.989688,561.059688,"R"
"PhonAlign",561.059688,561.179688,"f"
"PhonAlign",561.179688,561.249688,"E"
"PhonAlign",561.249688,561.2996880000001,"R"
"PhonAlign",561.2996880000001,561.379688,"v"
"PhonAlign",561.379688,561.439688,"@"
"PhonAlign",561.439688,561.509688,"n"
"PhonAlign",561.509688,561.599688,"i"
"PhonAlign",561.599688,561.809688,"R"
"PhonAlign",561.809688,561.869688,"y"
"PhonAlign",561.869688,561.959688,"n"
"PhonAlign",561.959688,562.0396880000001,"v"
"PhonAlign",562.0396880000001,562.109688,"i"
"PhonAlign",562.109688,562.1596880000001,"k"
"PhonAlign",562.1596880000001,562.2996880000001,"t"
"PhonAlign",562.2996880000001,562.389688,"i"
"PhonAlign",562.389688,562.489688,"m"
"PhonAlign",562.489688,562.679688,"#"
"PhonAlign",562.679688,562.7896880000001,"d"
"PhonAlign",562.7896880000001,562.859688,"A/"
"PhonAlign",562.859688,562.929688,"R"
"PhonAlign",562.929688,563.099688,"s"
"PhonAlign",563.099688,563.219688,"#"
"PhonAlign",563.219688,563.329688,"d"
"PhonAlign",563.329688,563.379688,"A/"
"PhonAlign",563.379688,563.459688,"R"
"PhonAlign",563.459688,563.589688,"s"
"PhonAlign",563.589688,563.6596880000001,"E"
"PhonAlign",563.6596880000001,563.689688,"l"
"PhonAlign",563.689688,563.719688,"2"
"PhonAlign",563.719688,563.819688,"m"
"PhonAlign",563.819688,564.025,"a~"
"PhonAlign",564.025,564.74,"#"
"PhonAlign",564.74,564.88,"v"
"PhonAlign",564.88,564.9300000000001,"i"
"PhonAlign",564.9300000000001,564.98,"k"
"PhonAlign",564.98,565.08,"t"
"PhonAlign",565.08,565.15,"i"
"PhonAlign",565.15,565.26,"m"
"PhonAlign",565.26,565.3,"d"
"PhonAlign",565.3,565.34,"@"
"PhonAlign",565.34,565.39,"A/"
"PhonAlign",565.39,565.42,"R"
"PhonAlign",565.42,565.69,"s"
"PhonAlign",565.69,565.72,"E"
"PhonAlign",565.72,565.75,"l"
"PhonAlign",565.75,565.8,"2"
"PhonAlign",565.8,565.84,"m"
"PhonAlign",565.84,565.92,"a~"
"PhonAlign",565.92,566.01,"d"
"PhonAlign",566.01,566.07,"y"
"PhonAlign",566.07,566.1800000000001,"O/"
"PhonAlign",566.1800000000001,566.21,"R"
"PhonAlign",566.21,566.25,"E"
"PhonAlign",566.25,566.32,"z"
"PhonAlign",566.32,566.38,"O/"
"PhonAlign",566.38,566.49,"s"
"PhonAlign",566.49,566.53,"O/"
"PhonAlign",566.53,566.66,"s"
"PhonAlign",566.66,566.69,"j"
"PhonAlign",566.69,566.76,"O/"
"PhonAlign",566.76,566.825,"z"
"PhonAlign",566.825,566.92,"#"
"PhonAlign",566.92,567.02,"S"
"PhonAlign",567.02,567.0799999999999,"p"
"PhonAlign",567.0799999999999,567.15,"a~"
"PhonAlign",567.15,567.2199999999999,"s"
"PhonAlign",567.2199999999999,567.27,"k"
"PhonAlign",567.27,567.3299999999999,"@"
"PhonAlign",567.3299999999999,567.43,"s"
"PhonAlign",567.43,567.4799999999999,"e"
"PhonAlign",567.4799999999999,567.55,"l"
"PhonAlign",567.55,567.65,"A/"
"PhonAlign",567.65,567.7099999999999,"v"
"PhonAlign",567.7099999999999,567.74,"R"
"PhonAlign",567.74,567.78,"E"
"PhonAlign",567.78,567.8399999999999,"m"
"PhonAlign",567.8399999999999,567.9,"a~"
"PhonAlign",567.9,567.9499999999999,"S"
"PhonAlign",567.9499999999999,568.01,"p"
"PhonAlign",568.01,568.0699999999999,"a~"
"PhonAlign",568.0699999999999,568.14,"s"
"PhonAlign",568.14,568.18,"k"
"PhonAlign",568.18,568.2099999999999,"j"
"PhonAlign",568.2099999999999,568.24,"A/"
"PhonAlign",568.24,568.27,"U~/"
"PhonAlign",568.27,568.3199999999999,"n"
"PhonAlign",568.3199999999999,568.4,"U~/"
"PhonAlign",568.4,568.4699999999999,"p"
"PhonAlign",568.4699999999999,568.53,"A/"
"PhonAlign",568.53,568.5999999999999,"k"
"PhonAlign",568.5999999999999,568.66,"t"
"PhonAlign",568.66,568.7299999999999,"n"
"PhonAlign",568.7299999999999,568.78,"O/"
"PhonAlign",568.78,568.89,"Z"
"PhonAlign",568.89,568.9699999999999,"9"
"PhonAlign",568.9699999999999,569.01,"n"
"PhonAlign",569.01,569.0799999999999,"a~"
"PhonAlign",569.0799999999999,569.16,"f"
"PhonAlign",569.16,569.2199999999999,"E"
"PhonAlign",569.2199999999999,569.62,"t"
"PhonAlign",569.62,569.66,"s"
"PhonAlign",569.66,569.6999999999999,"e"
"PhonAlign",569.6999999999999,569.78,"k"
"PhonAlign",569.78,569.8399999999999,"w"
"PhonAlign",569.8399999999999,569.91,"A/"
"PhonAlign",569.91,569.9799999999999,"m"
"PhonAlign",569.9799999999999,570.01,"w"
"PhonAlign",570.01,570.04,"A/"
"PhonAlign",570.04,570.2099999999999,"k"
"PhonAlign",570.2099999999999,570.26,"a~"
"PhonAlign",570.26,570.3399999999999,"S"
"PhonAlign",570.3399999999999,570.4,"p"
"PhonAlign",570.4,570.4399999999999,"A/"
"PhonAlign",570.4399999999999,570.4699999999999,"R"
"PhonAlign",570.4699999999999,570.5,"l"
"PhonAlign",570.5,570.53,"E"
"PhonAlign",570.53,570.62,"A/"
"PhonAlign",570.62,570.68,"m"
"PhonAlign",570.68,570.74,"A/"
"PhonAlign",570.74,570.8499999999999,"f"
"PhonAlign",570.8499999999999,570.93,"i"
"PhonAlign",570.93,570.9599999999999,"j"
"PhonAlign",570.9599999999999,571.04,"S"
"PhonAlign",571.04,571.13,"p"
"PhonAlign",571.13,571.1999999999999,"A/"
"PhonAlign",571.1999999999999,571.2299999999999,"R"
"PhonAlign",571.2299999999999,571.26,"l"
"PhonAlign",571.26,571.29,"R"
"PhonAlign",571.29,571.3399999999999,"E"
"PhonAlign",571.3399999999999,571.51,"z"
"PhonAlign",571.51,571.55,"O/"
"PhonAlign",571.55,572.08,"#"
"PhonAlign",572.08,572.26,"p"
"PhonAlign",572.26,572.33,"s"
"PhonAlign",572.33,572.36,"k"
"PhonAlign",572.36,572.4000000000001,"S"
"PhonAlign",572.4000000000001,572.47,"e"
"PhonAlign",572.47,572.5200000000001,"l"
"PhonAlign",572.5200000000001,572.61,"U~/"
"PhonAlign",572.61,572.6600000000001,"p"
"PhonAlign",572.6600000000001,572.7,"R"
"PhonAlign",572.7,572.73,"E"
"PhonAlign",572.73,572.82,"s"
"PhonAlign",572.82,572.85,"j"
"PhonAlign",572.85,572.9200000000001,"O~"
"PhonAlign",572.9200000000001,573.01,"k"
"PhonAlign",573.01,573.0500000000001,"i"
"PhonAlign",573.0500000000001,573.09,"n"
"PhonAlign",573.09,573.1600000000001,"A/"
"PhonAlign",573.1600000000001,573.22,"p"
"PhonAlign",573.22,573.25,"R"
"PhonAlign",573.25,573.2900000000001,"E"
"PhonAlign",573.2900000000001,573.36,"n"
"PhonAlign",573.36,573.4300000000001,"k"
"PhonAlign",573.4300000000001,573.46,"@"
"PhonAlign",573.46,573.5400000000001,"s"
"PhonAlign",573.5400000000001,573.6,"E"
"PhonAlign",573.6,573.6700000000001,"t"
"PhonAlign",573.6700000000001,573.72,"l"
"PhonAlign",573.72,573.7700000000001,"a~"
"PhonAlign",573.7700000000001,573.83,"g"
"PhonAlign",573.83,573.94,"s"
"PhonAlign",573.94,573.97,"e"
"PhonAlign",573.97,574.0200000000001,"l"
"PhonAlign",574.0200000000001,574.09,"A/"
"PhonAlign",574.09,574.1500000000001,"l"
"PhonAlign",574.1500000000001,574.22,"a~"
"PhonAlign",574.22,574.33,"g"
"PhonAlign",574.33,574.6800000000001,"@"
"PhonAlign",574.6800000000001,575.12,"t"
"PhonAlign",575.12,575.19,"n"
"PhonAlign",575.19,575.23,"O/"
"PhonAlign",575.23,575.35,"Z"
"PhonAlign",575.35,575.4000000000001,"9"
"PhonAlign",575.4000000000001,575.48,"n"
"PhonAlign",575.48,575.5200000000001,"d"
"PhonAlign",575.5200000000001,575.5500000000001,"O~"
"PhonAlign",575.5500000000001,575.6500000000001,"S"
"PhonAlign",575.6500000000001,575.71,"t"
"PhonAlign",575.71,575.95,"R"
"PhonAlign",575.95,576.0200000000001,"u"
"PhonAlign",576.0200000000001,576.26,"v"
"PhonAlign",576.26,576.2900000000001,"E"
"PhonAlign",576.2900000000001,576.32,"s"
"PhonAlign",576.32,576.44,"s"
"PhonAlign",576.44,576.48,"e"
"PhonAlign",576.48,576.5200000000001,"l"
"PhonAlign",576.5200000000001,576.61,"A/"
"PhonAlign",576.61,576.6500000000001,"k"
"PhonAlign",576.6500000000001,576.69,"S"
"PhonAlign",576.69,576.73,"t"
"PhonAlign",576.73,576.76,"R"
"PhonAlign",576.76,576.7900000000001,"u"
"PhonAlign",576.7900000000001,576.83,"v"
"PhonAlign",576.83,576.89,"E"
"PhonAlign",576.89,577.01,"s"
"PhonAlign",577.01,577.1800000000001,"A/"
"PhonAlign",577.1800000000001,577.34,"U~/"
"PhonAlign",577.34,577.4200000000001,"p"
"PhonAlign",577.4200000000001,577.5,"O/"
"PhonAlign",577.5,577.5500000000001,"R"
"PhonAlign",577.5500000000001,577.64,"t"
"PhonAlign",577.64,577.72,"a~"
"PhonAlign",577.72,577.75,"t"
"PhonAlign",577.75,577.98,"p"
"PhonAlign",577.98,578.0200000000001,"A/"
"PhonAlign",578.0200000000001,578.11,"R"
"PhonAlign",578.11,578.24,"l"
"PhonAlign",578.24,578.2900000000001,"e"
"PhonAlign",578.2900000000001,578.348438,"R"
"PhonAlign",578.348438,580.145,"#"
"PhonAlign",580.145,580.255,"s"
"PhonAlign",580.255,580.295,"e"
"PhonAlign",580.295,580.3249999999999,"l"
"PhonAlign",580.3249999999999,580.405,"t"
"PhonAlign",580.405,580.4549999999999,"e"
"PhonAlign",580.4549999999999,580.485,"l"
"PhonAlign",580.485,580.525,"e"
"PhonAlign",580.525,580.615,"f"
"PhonAlign",580.615,580.675,"O/"
"PhonAlign",580.675,580.715,"n"
"PhonAlign",580.715,580.745,"l"
"PhonAlign",580.745,580.795,"A/"
"PhonAlign",580.795,580.8249999999999,"l"
"PhonAlign",580.8249999999999,580.885,"a~"
"PhonAlign",580.885,581.025,"g"
"PhonAlign",581.025,581.155,"@"
"PhonAlign",581.155,581.2049999999999,"d"
"PhonAlign",581.2049999999999,581.305,"@"
"PhonAlign",581.305,581.365,"n"
"PhonAlign",581.365,581.4449999999999,"O/"
"PhonAlign",581.4449999999999,581.535,"Z"
"PhonAlign",581.535,581.615,"9"
"PhonAlign",581.615,581.645,"n"
"PhonAlign",581.645,581.841563,"z"
"PhonAlign",581.841563,582.887812,"#"
"PhonAlign",582.887812,583.0978120000001,"m"
"PhonAlign",583.0978120000001,583.3478120000001,"e"
"PhonAlign",583.3478120000001,583.748438,"z"
"PhonAlign",583.748438,585.570938,"#"
"PhonAlign",585.570938,585.7309379999999,"w"
"PhonAlign",585.7309379999999,585.891563,"E"
"PhonAlign",585.891563,587.140313,"#"
"PhonAlign",587.140313,587.230313,"O/"
"PhonAlign",587.230313,587.310313,"k"
"PhonAlign",587.310313,587.595937,"E"
"PhonAlign",587.595937,588.625313,"#"
"PhonAlign",588.625313,588.912188,"m"
"PhonAlign",588.912188,592.32,"#"
"PhonAlign",592.32,592.36,"O/"
"PhonAlign",592.36,592.4200000000001,"k"
"PhonAlign",592.4200000000001,592.47,"E"
"PhonAlign",592.47,592.5200000000001,"m"
"PhonAlign",592.5200000000001,592.62,"O~"
"PhonAlign",592.62,592.85,"p"
"PhonAlign",592.85,593.0,"@"
"PhonAlign",593.0,593.0400000000001,"t"
"PhonAlign",593.0400000000001,593.07,"i"
"PhonAlign",593.07,593.2800000000001,"t"
"PhonAlign",593.2800000000001,593.61,"f"
"PhonAlign",593.61,593.69,"R"
"PhonAlign",593.69,593.7700000000001,"E"
"PhonAlign",593.7700000000001,594.0,"R"
"PhonAlign",594.0,594.11,"@"
"PhonAlign",594.11,594.1600000000001,"d"
"PhonAlign",594.1600000000001,594.2,"@"
"PhonAlign",594.2,594.3100000000001,"s"
"PhonAlign",594.3100000000001,594.38,"E"
"PhonAlign",594.38,594.47,"t"
"PhonAlign",594.47,594.6500000000001,"a~"
"PhonAlign",594.6500000000001,594.71,"z"
"PhonAlign",594.71,594.7900000000001,"e"
"PhonAlign",594.7900000000001,594.9000000000001,"s"
"PhonAlign",594.9000000000001,594.9300000000001,"y"
"PhonAlign",594.9300000000001,594.96,"R"
"PhonAlign",594.96,595.0,"l"
"PhonAlign",595.0,595.09,"E"
"PhonAlign",595.09,595.12,"R"
"PhonAlign",595.12,595.1600000000001,"E"
"PhonAlign",595.1600000000001,595.25,"z"
"PhonAlign",595.25,595.3000000000001,"O/"
"PhonAlign",595.3000000000001,595.4300000000001,"s"
"PhonAlign",595.4300000000001,595.46,"O/"
"PhonAlign",595.46,595.61,"s"
"PhonAlign",595.61,595.6500000000001,"j"
"PhonAlign",595.6500000000001,595.7800000000001,"O/"
"PhonAlign",595.7800000000001,595.8900000000001,"s"
"PhonAlign",595.8900000000001,595.97,"a~"
"PhonAlign",595.97,596.0200000000001,"t"
"PhonAlign",596.0200000000001,596.0600000000001,"e"
"PhonAlign",596.0600000000001,596.1,"l"
"PhonAlign",596.1,596.1400000000001,"e"
"PhonAlign",596.1400000000001,596.24,"f"
"PhonAlign",596.24,596.3000000000001,"O/"
"PhonAlign",596.3000000000001,596.34,"n"
"PhonAlign",596.34,596.5500000000001,"v"
"PhonAlign",596.5500000000001,596.73,"j"
"PhonAlign",596.73,596.7800000000001,"A/"
"PhonAlign",596.7800000000001,596.8900000000001,"s"
"PhonAlign",596.8900000000001,596.9300000000001,"A/"
"PhonAlign",596.9300000000001,596.98,"n"
"PhonAlign",596.98,597.0100000000001,"i"
"PhonAlign",597.0100000000001,597.0400000000001,"n"
"PhonAlign",597.0400000000001,597.13,"t"
"PhonAlign",597.13,597.1600000000001,"a~"
"PhonAlign",597.1600000000001,597.19,"O/"
"PhonAlign",597.19,597.38,"d"
"PhonAlign",597.38,597.44,"e"
"PhonAlign",597.44,597.49,"E"
"PhonAlign",597.49,597.73,"s"
"PhonAlign",597.73,598.242595,"#"
"PhonAlign",598.242595,598.4325950000001,"d"
"PhonAlign",598.4325950000001,598.512595,"O~"
"PhonAlign",598.512595,598.632595,"k"
"PhonAlign",598.632595,598.8125950000001,"d"
"PhonAlign",598.8125950000001,598.872595,"i"
"PhonAlign",598.872595,598.9825950000001,"m"
"PhonAlign",598.9825950000001,599.032595,"w"
"PhonAlign",599.032595,599.21,"A/"
"PhonAlign",599.21,599.35,"#"
"PhonAlign",599.35,599.51,"u"
"PhonAlign",599.51,599.57,"E"
"PhonAlign",599.57,599.6,"l"
"PhonAlign",599.6,599.69,"t"
"PhonAlign",599.69,599.73,"E"
"PhonAlign",599.73,599.76,"l"
"PhonAlign",599.76,599.82,"E"
"PhonAlign",599.82,599.91,"f"
"PhonAlign",599.91,599.97,"O/"
"PhonAlign",599.97,600.0500000000001,"n"
"PhonAlign",600.0500000000001,600.08,"d"
"PhonAlign",600.08,600.16,"a~"
"PhonAlign",600.16,600.35,"t"
"PhonAlign",600.35,600.4300000000001,"u"
"PhonAlign",600.4300000000001,600.471563,"s"
"PhonAlign",600.471563,605.685938,"#"
"PhonAlign",605.685938,606.025938,"d"
"PhonAlign",606.025938,606.155938,"e"
"PhonAlign",606.155938,606.2259379999999,"E"
"PhonAlign",606.2259379999999,606.275938,"s"
"PhonAlign",606.275938,607.4959379999999,"#"
"PhonAlign",607.4959379999999,607.5959379999999,"d"
"PhonAlign",607.5959379999999,607.765938,"e"
"PhonAlign",607.765938,607.815938,"E"
"PhonAlign",607.815938,608.183438,"s"
"PhonAlign",608.183438,608.976562,"#"
"PhonAlign",608.976562,609.086562,"m"
"PhonAlign",609.086562,609.1365619999999,"E"
"PhonAlign",609.1365619999999,609.2365619999999,"s"
"PhonAlign",609.2365619999999,609.326562,"A/"
"PhonAlign",609.326562,609.3665619999999,"R"
"PhonAlign",609.3665619999999,609.466562,"E"
"PhonAlign",609.466562,609.5365619999999,"s"
"PhonAlign",609.5365619999999,609.576562,"t"
"PhonAlign",609.576562,609.796562,"@"
"PhonAlign",609.796562,609.846562,"U~/"
"PhonAlign",609.846562,609.9865619999999,"n"
"PhonAlign",609.9865619999999,610.2565619999999,"R"
"PhonAlign",610.2565619999999,610.2865619999999,"E"
"PhonAlign",610.2865619999999,610.316562,"z"
"PhonAlign",610.316562,610.346562,"O/"
"PhonAlign",610.346562,610.446562,"s"
"PhonAlign",610.446562,610.5165619999999,"A/"
"PhonAlign",610.5165619999999,610.546562,"R"
"PhonAlign",610.546562,610.6265619999999,"E"
"PhonAlign",610.6265619999999,610.686562,"s"
"PhonAlign",610.686562,610.7465619999999,"t"
"PhonAlign",610.7465619999999,610.806562,"U~/"
"PhonAlign",610.806562,610.8565619999999,"R"
"PhonAlign",610.8565619999999,610.9065619999999,"E"
"PhonAlign",610.9065619999999,610.9965619999999,"z"
"PhonAlign",610.9965619999999,611.0365619999999,"O/"
"PhonAlign",611.0365619999999,611.1565619999999,"s"
"PhonAlign",611.1565619999999,611.206562,"O/"
"PhonAlign",611.206562,611.316562,"s"
"PhonAlign",611.316562,611.346562,"j"
"PhonAlign",611.346562,611.436562,"A/"
"PhonAlign",611.436562,611.490938,"l"
"PhonAlign",611.490938,618.139688,"#"
"PhonAlign",618.139688,618.392813,"m"
"PhonAlign",618.392813,619.725938,"#"
"PhonAlign",619.725938,619.865938,"t"
"PhonAlign",619.865938,619.9559380000001,"O~"
"PhonAlign",619.9559380000001,620.015938,"f"
"PhonAlign",620.015938,620.0659380000001,"R"
"PhonAlign",620.0659380000001,620.3059380000001,"E"
"PhonAlign",620.3059380000001,620.4159380000001,"R"
"PhonAlign",620.4159380000001,620.475938,"@"
"PhonAlign",620.475938,620.505938,"i"
"PhonAlign",620.505938,620.535938,"l"
"PhonAlign",620.535938,620.615938,"A/"
"PhonAlign",620.615938,620.6959380000001,"i"
"PhonAlign",620.6959380000001,620.745938,"l"
"PhonAlign",620.745938,620.8059380000001,"A/"
"PhonAlign",620.8059380000001,620.895938,"p"
"PhonAlign",620.895938,620.9259380000001,"A/"
"PhonAlign",620.9259380000001,620.965938,"A/"
"PhonAlign",620.965938,621.015938,"k"
"PhonAlign",621.015938,621.095938,"s"
"PhonAlign",621.095938,621.1759380000001,"E"
"PhonAlign",621.1759380000001,621.235938,"A/"
"PhonAlign",621.235938,621.265938,"l"
"PhonAlign",621.265938,621.355938,"i"
"PhonAlign",621.355938,621.395938,"p"
"PhonAlign",621.395938,621.485938,"A/"
"PhonAlign",621.485938,621.649688,"d"
"PhonAlign",621.649688,625.935938,"#"
"PhonAlign",625.935938,625.9759379999999,"O/"
"PhonAlign",625.9759379999999,626.415938,"k"
"PhonAlign",626.415938,626.47,"E"
"PhonAlign",626.47,626.82,"#"
"PhonAlign",626.82,627.0100000000001,"d"
"PhonAlign",627.0100000000001,627.08,"O~"
"PhonAlign",627.08,627.19,"t"
"PhonAlign",627.19,627.2600000000001,"w"
"PhonAlign",627.2600000000001,627.44,"A/"
"PhonAlign",627.44,627.49,"m"
"PhonAlign",627.49,627.63,"E"
"PhonAlign",627.63,627.842813,"z"
"PhonAlign",627.842813,629.749688,"#"
"PhonAlign",629.749688,629.889688,"d"
"PhonAlign",629.889688,630.009688,"O~"
"PhonAlign",630.009688,630.129688,"k"
"PhonAlign",630.129688,630.239688,"p"
"PhonAlign",630.239688,630.269688,"A/"
"PhonAlign",630.269688,630.299688,"R"
"PhonAlign",630.299688,630.359688,"E"
"PhonAlign",630.359688,630.389688,"g"
"PhonAlign",630.389688,630.4296879999999,"z"
"PhonAlign",630.4296879999999,630.519688,"a~"
"PhonAlign",630.519688,630.569688,"p"
"PhonAlign",630.569688,630.599688,"l"
"PhonAlign",630.599688,630.659688,"f"
"PhonAlign",630.659688,630.709688,"e"
"PhonAlign",630.709688,630.799688,"m"
"PhonAlign",630.799688,630.829688,"w"
"PhonAlign",630.829688,630.959688,"A/"
"PhonAlign",630.959688,631.1796879999999,"#"
"PhonAlign",631.1796879999999,631.319688,"f"
"PhonAlign",631.319688,631.389688,"e"
"PhonAlign",631.389688,631.509688,"m"
"PhonAlign",631.509688,631.619688,"w"
"PhonAlign",631.619688,631.825167,"A/"
"PhonAlign",631.825167,632.635,"#"
"PhonAlign",632.635,632.6949999999999,"d"
"PhonAlign",632.6949999999999,632.765,"O~"
"PhonAlign",632.765,632.885,"t"
"PhonAlign",632.885,632.935,"l"
"PhonAlign",632.935,633.015,"A/"
"PhonAlign",633.015,633.095,"p"
"PhonAlign",633.095,633.225,"@"
"PhonAlign",633.225,633.255,"l"
"PhonAlign",633.255,633.335,"e"
"PhonAlign",633.335,633.428438,"E"
"PhonAlign",633.428438,637.355,"#"
"PhonAlign",637.355,637.475,"t"
"PhonAlign",637.475,637.515,"y"
"PhonAlign",637.515,637.5450000000001,"l"
"PhonAlign",637.5450000000001,637.625,"A/"
"PhonAlign",637.625,637.705,"p"
"PhonAlign",637.705,637.825,"@"
"PhonAlign",637.825,637.855,"l"
"PhonAlign",637.855,637.885,"e"
"PhonAlign",637.885,637.9250000000001,"E"
"PhonAlign",637.9250000000001,637.965,"k"
"PhonAlign",637.965,638.0550000000001,"O/"
"PhonAlign",638.0550000000001,638.135,"m"
"PhonAlign",638.135,638.215,"a~"
"PhonAlign",638.215,638.285,"s"
"PhonAlign",638.285,638.325,"f"
"PhonAlign",638.325,638.405,"E"
"PhonAlign",638.405,638.505,"s"
"PhonAlign",638.505,638.5450000000001,"t"
"PhonAlign",638.5450000000001,638.585,"i"
"PhonAlign",638.585,638.625,"v"
"PhonAlign",638.625,638.725,"A/"
"PhonAlign",638.725,638.825,"l"
"PhonAlign",638.825,638.9350000000001,"#"
"PhonAlign",638.9350000000001,638.985,"d"
"PhonAlign",638.985,639.065,"O~"
"PhonAlign",639.065,639.165,"v"
"PhonAlign",639.165,639.235,"A/"
"PhonAlign",639.235,639.3050000000001,"z"
"PhonAlign",639.3050000000001,639.395,"i"
"PhonAlign",639.395,639.515,"f"
"PhonAlign",639.515,639.565,"e"
"PhonAlign",639.565,639.635,"m"
"PhonAlign",639.635,639.725,"w"
"PhonAlign",639.725,639.845,"A/"
"PhonAlign",639.845,640.025,"f"
"PhonAlign",640.025,640.095,"O/"
"PhonAlign",640.095,640.165,"k"
"PhonAlign",640.165,640.255,"s"
"PhonAlign",640.255,640.3050000000001,"A/"
"PhonAlign",640.3050000000001,640.4250000000001,"s"
"PhonAlign",640.4250000000001,640.505,"w"
"PhonAlign",640.505,640.655,"A/"
"PhonAlign",640.655,640.705,"v"
"PhonAlign",640.705,640.755,"A/"
"PhonAlign",640.755,640.845,"z"
"PhonAlign",640.845,640.875,"i"
"PhonAlign",640.875,640.985,"f"
"PhonAlign",640.985,641.025,"O/"
"PhonAlign",641.025,641.0550000000001,"k"
"PhonAlign",641.0550000000001,641.125,"s"
"PhonAlign",641.125,641.1750000000001,"A/"
"PhonAlign",641.1750000000001,641.265,"f"
"PhonAlign",641.265,641.315,"A/"
"PhonAlign",641.315,641.365,"s"
"PhonAlign",641.365,641.4250000000001,"v"
"PhonAlign",641.4250000000001,641.475,"@"
"PhonAlign",641.475,641.515,"n"
"PhonAlign",641.515,641.565,"i"
"PhonAlign",641.565,641.615,"R"
"PhonAlign",641.615,641.6850000000001,"d"
"PhonAlign",641.6850000000001,641.735,"y"
"PhonAlign",641.735,641.7950000000001,"m"
"PhonAlign",641.7950000000001,641.885,"O~"
"PhonAlign",641.885,641.9250000000001,"d"
"PhonAlign",641.9250000000001,642.065,"k"
"PhonAlign",642.065,642.105,"O/"
"PhonAlign",642.105,642.1750000000001,"m"
"PhonAlign",642.1750000000001,642.255,"a~"
"PhonAlign",642.255,642.365,"t"
"PhonAlign",642.365,642.465,"y"
"PhonAlign",642.465,642.655,"A/"
"PhonAlign",642.655,642.6850000000001,"l"
"PhonAlign",642.6850000000001,642.725,"e"
"PhonAlign",642.725,643.145,"#"
"PhonAlign",643.145,643.1750000000001,"t"
"PhonAlign",643.1750000000001,643.265,"A/"
"PhonAlign",643.265,643.3050000000001,"l"
"PhonAlign",643.3050000000001,643.405,"t"
"PhonAlign",643.405,643.445,"e"
"PhonAlign",643.445,643.475,"l"
"PhonAlign",643.475,643.525,"e"
"PhonAlign",643.525,643.635,"f"
"PhonAlign",643.635,643.695,"O/"
"PhonAlign",643.695,643.775,"n"
"PhonAlign",643.775,643.865,"s"
"PhonAlign",643.865,643.915,"e"
"PhonAlign",643.915,643.995,"k"
"PhonAlign",643.995,644.025,"w"
"PhonAlign",644.025,644.0550000000001,"A/"
"PhonAlign",644.0550000000001,644.375,"t"
"PhonAlign",644.375,644.405,"O~"
"PhonAlign",644.405,644.4350000000001,"n"
"PhonAlign",644.4350000000001,644.47,"O~"
"PhonAlign",644.47,644.755,"#"
"PhonAlign",644.755,644.925,"s"
"PhonAlign",644.925,644.985,"e"
"PhonAlign",644.985,645.075,"k"
"PhonAlign",645.075,645.165,"w"
"PhonAlign",645.165,645.265,"A/"
"PhonAlign",645.265,645.395,"s"
"PhonAlign",645.395,645.525,"e"
"PhonAlign",645.525,645.665,"t"
"PhonAlign",645.665,645.755,"e"
"PhonAlign",645.755,645.785,"l"
"PhonAlign",645.785,645.865,"e"
"PhonAlign",645.865,646.075,"f"
"PhonAlign",646.075,646.195,"O/"
"PhonAlign",646.195,646.33,"n"
"PhonAlign",646.33,648.788225,"#"
"PhonAlign",648.788225,648.828225,"m"
"PhonAlign",648.828225,648.8582250000001,"e"
"PhonAlign",648.8582250000001,648.968225,"z"
"PhonAlign",648.968225,649.1082250000001,"n"
"PhonAlign",649.1082250000001,649.498225,"O~"
"PhonAlign",649.498225,649.576539,"n"
"PhonAlign",649.576539,652.894789,"#"
"PhonAlign",652.894789,652.9447889999999,"n"
"PhonAlign",652.9447889999999,652.984789,"O~"
"PhonAlign",652.984789,653.463108,"n"
"PhonAlign",653.463108,657.698003,"#"
"PhonAlign",657.698003,657.7580029999999,"n"
"PhonAlign",657.7580029999999,657.788003,"O/"
"PhonAlign",657.788003,657.818003,"n"
"PhonAlign",657.818003,657.848003,"O/"
"PhonAlign",657.848003,657.8780029999999,"n"
"PhonAlign",657.8780029999999,657.908003,"O/"
"PhonAlign",657.908003,657.958003,"n"
"PhonAlign",657.958003,657.9880029999999,"O/"
"PhonAlign",657.9880029999999,658.018003,"n"
"PhonAlign",658.018003,658.048003,"O/"
"PhonAlign",658.048003,658.078003,"n"
"PhonAlign",658.078003,658.1280029999999,"O~"
"PhonAlign",658.1280029999999,658.178003,"n"
"PhonAlign",658.178003,658.208003,"O~"
"PhonAlign",658.208003,659.918003,"p"
"PhonAlign",659.918003,660.058003,"A/"
"PhonAlign",660.058003,660.088003,"s"
"PhonAlign",660.088003,660.19,"A/"
"PhonAlign",660.19,660.745,"#"
"PhonAlign",660.745,660.825,"O~"
"PhonAlign",660.825,660.9350000000001,"s"
"PhonAlign",660.9350000000001,660.995,"a~"
"PhonAlign",660.995,661.125,"f"
"PhonAlign",661.125,661.155,"u"
"PhonAlign",661.155,661.1850000000001,"n"
"PhonAlign",661.1850000000001,661.215,"O/"
"PhonAlign",661.215,661.335,"m"
"PhonAlign",661.335,661.365,"i"
"PhonAlign",661.365,661.4350000000001,"n"
"PhonAlign",661.4350000000001,661.515,"j"
"PhonAlign",661.515,661.545,"A/"
"PhonAlign",661.545,661.635,"p"
"PhonAlign",661.635,661.675,"A/"
"PhonAlign",661.675,661.725,"t"
"PhonAlign",661.725,661.795,"s"
"PhonAlign",661.795,661.825,"u"
"PhonAlign",661.825,661.915,"s"
"PhonAlign",661.915,661.995,"i"
"PhonAlign",661.995,662.065,"m"
"PhonAlign",662.065,662.115,"E"
"PhonAlign",662.115,662.195,"Z"
"PhonAlign",662.195,662.225,"v"
"PhonAlign",662.225,662.295,"@"
"PhonAlign",662.295,662.365,"Z"
"PhonAlign",662.365,662.4350000000001,"y"
"PhonAlign",662.4350000000001,662.495,"s"
"PhonAlign",662.495,662.865,"#"
"PhonAlign",662.865,663.155,"A/"
"PhonAlign",663.155,663.235,"t"
"PhonAlign",663.235,663.315,"a~"
"PhonAlign",663.315,663.385,"d"
"PhonAlign",663.385,663.4350000000001,"e"
"PhonAlign",663.4350000000001,663.465,"l"
"PhonAlign",663.465,663.505,"e"
"PhonAlign",663.505,663.575,"z"
"PhonAlign",663.575,663.665,"A/"
"PhonAlign",663.665,663.705,"m"
"PhonAlign",663.705,663.825,"i"
"PhonAlign",663.825,664.335,"#"
"PhonAlign",664.335,664.515,"A/"
"PhonAlign",664.515,664.585,"t"
"PhonAlign",664.585,664.6850000000001,"a~"
"PhonAlign",664.6850000000001,664.725,"d"
"PhonAlign",664.725,664.795,"e"
"PhonAlign",664.795,664.825,"l"
"PhonAlign",664.825,664.885,"e"
"PhonAlign",664.885,664.965,"z"
"PhonAlign",664.965,665.055,"A/"
"PhonAlign",665.055,665.115,"m"
"PhonAlign",665.115,665.265,"i"
"PhonAlign",665.265,665.375,"z"
"PhonAlign",665.375,665.405,"l"
"PhonAlign",665.405,665.455,"e"
"PhonAlign",665.455,665.535,"z"
"PhonAlign",665.535,665.625,"A/"
"PhonAlign",665.625,665.655,"m"
"PhonAlign",665.655,665.775,"i"
"PhonAlign",665.775,665.925,"A/"
"PhonAlign",665.925,666.005,"t"
"PhonAlign",666.005,666.035,"a~"
"PhonAlign",666.035,666.095,"d"
"PhonAlign",666.095,666.135,"e"
"PhonAlign",666.135,666.235,"z"
"PhonAlign",666.235,666.335,"n"
"PhonAlign",666.335,666.415,"U~/"
"PhonAlign",666.415,666.475,"p"
"PhonAlign",666.475,666.525,"O/"
"PhonAlign",666.525,666.595,"R"
"PhonAlign",666.595,666.645,"t"
"PhonAlign",666.645,666.6850000000001,"@"
"PhonAlign",666.6850000000001,666.785,"k"
"PhonAlign",666.785,666.815,"w"
"PhonAlign",666.815,666.845,"A/"
"PhonAlign",666.845,666.925,"#"
"PhonAlign",666.925,666.985,"v"
"PhonAlign",666.985,667.065,"A/"
"PhonAlign",667.065,667.095,"l"
"PhonAlign",667.095,667.775,"#"
"PhonAlign",667.775,667.815,"t"
"PhonAlign",667.815,667.865,"y"
"PhonAlign",667.865,667.915,"n"
"PhonAlign",667.915,667.985,"A/"
"PhonAlign",667.985,668.075,"p"
"PhonAlign",668.075,668.125,"A/"
"PhonAlign",668.125,668.205,"t"
"PhonAlign",668.205,668.265,"O~"
"PhonAlign",668.265,668.335,"m"
"PhonAlign",668.335,668.385,"O/"
"PhonAlign",668.385,668.425,"A/"
"PhonAlign",668.425,668.525,"d"
"PhonAlign",668.525,668.555,"i"
"PhonAlign",668.555,668.673217,"R"
"PhonAlign",668.673217,669.66,"#"
"PhonAlign",669.66,669.6999999999999,"s"
"PhonAlign",669.6999999999999,670.18,"k"
"PhonAlign",670.18,670.23,"@"
"PhonAlign",670.23,670.31,"Z"
"PhonAlign",670.31,670.3399999999999,"v"
"PhonAlign",670.3399999999999,670.49,"@"
"PhonAlign",670.49,670.5899999999999,"S"
"PhonAlign",670.5899999999999,670.62,"v"
"PhonAlign",670.62,670.65,"@"
"PhonAlign",670.65,670.6999999999999,"k"
"PhonAlign",670.6999999999999,670.77,"t"
"PhonAlign",670.77,670.81,"y"
"PhonAlign",670.81,670.89,"m"
"PhonAlign",670.89,670.92,"v"
"PhonAlign",670.92,671.05,"a~"
"PhonAlign",671.05,671.0899999999999,"d"
"PhonAlign",671.0899999999999,671.13,"@"
"PhonAlign",671.13,671.16,"l"
"PhonAlign",671.16,671.2199999999999,"t"
"PhonAlign",671.2199999999999,671.29,"R"
"PhonAlign",671.29,671.3299999999999,"y"
"PhonAlign",671.3299999999999,671.53,"k"
"PhonAlign",671.53,671.66,"Z"
"PhonAlign",671.66,671.7199999999999,"v"
"PhonAlign",671.7199999999999,671.76,"@"
"PhonAlign",671.76,671.81,"k"
"PhonAlign",671.81,671.89,"t"
"PhonAlign",671.89,671.92,"y"
"PhonAlign",671.92,671.9599999999999,"m"
"PhonAlign",671.9599999999999,672.01,"d"
"PhonAlign",672.01,672.0799999999999,"O/"
"PhonAlign",672.0799999999999,672.12,"n"
"PhonAlign",672.12,672.1899999999999,"a~"
"PhonAlign",672.1899999999999,672.24,"v"
"PhonAlign",672.24,672.27,"i"
"PhonAlign",672.27,672.35,"d"
"PhonAlign",672.35,672.38,"v"
"PhonAlign",672.38,672.4399999999999,"@"
"PhonAlign",672.4399999999999,672.51,"n"
"PhonAlign",672.51,672.54,"i"
"PhonAlign",672.54,672.679688,"R"
"PhonAlign",672.679688,673.72,"#"
"PhonAlign",673.72,673.76,"A/"
"PhonAlign",673.76,673.88,"l"
"PhonAlign",673.88,673.96,"e"
"PhonAlign",673.96,674.01,"v"
"PhonAlign",674.01,674.0400000000001,"A/"
"PhonAlign",674.0400000000001,674.15,"z"
"PhonAlign",674.15,674.22,"i"
"PhonAlign",674.22,674.2900000000001,"v"
"PhonAlign",674.2900000000001,674.37,"a~"
"PhonAlign",674.37,674.4200000000001,"m"
"PhonAlign",674.4200000000001,674.45,"w"
"PhonAlign",674.45,674.48,"A/"
"PhonAlign",674.48,674.51,"l"
"PhonAlign",674.51,674.58,"t"
"PhonAlign",674.58,674.61,"R"
"PhonAlign",674.61,674.6600000000001,"y"
"PhonAlign",674.6600000000001,674.839688,"k"
"PhonAlign",674.839688,682.129688,"#"
"PhonAlign",682.129688,682.3096879999999,"E"
"PhonAlign",682.3096879999999,682.379688,"m"
"PhonAlign",682.379688,682.4296879999999,"U~/"
"PhonAlign",682.4296879999999,682.499688,"n"
"PhonAlign",682.499688,682.529688,"a~"
"PhonAlign",682.529688,682.569688,"A/"
"PhonAlign",682.569688,682.629688,"p"
"PhonAlign",682.629688,682.669688,"R"
"PhonAlign",682.669688,682.709688,"e"
"PhonAlign",682.709688,682.749688,"i"
"PhonAlign",682.749688,682.8096879999999,"v"
"PhonAlign",682.8096879999999,682.899688,"A/"
"PhonAlign",682.899688,683.019688,"R"
"PhonAlign",683.019688,683.109688,"A/"
"PhonAlign",683.109688,683.169688,"m"
"PhonAlign",683.169688,683.199688,"e"
"PhonAlign",683.199688,683.510181,"R"
"PhonAlign",683.510181,703.274063,"#"
"PhonAlign",703.274063,703.3140629999999,"d"
"PhonAlign",703.3140629999999,703.344063,"O~"
"PhonAlign",703.344063,703.514063,"k"
"PhonAlign",703.514063,703.5840629999999,"s"
"PhonAlign",703.5840629999999,703.634063,"e"
"PhonAlign",703.634063,703.724063,"k"
"PhonAlign",703.724063,703.764063,"w"
"PhonAlign",703.764063,703.7940629999999,"A/"
"PhonAlign",703.7940629999999,703.844063,"l"
"PhonAlign",703.844063,704.024063,"@"
"PhonAlign",704.024063,704.0840629999999,"A/"
"PhonAlign",704.0840629999999,704.154063,"l"
"PhonAlign",704.154063,704.234063,"O/"
"PhonAlign",704.234063,704.4440629999999,"R"
"PhonAlign",704.4440629999999,704.514063,"A/"
"PhonAlign",704.514063,704.5540629999999,"l"
"PhonAlign",704.5540629999999,704.6640629999999,"O/"
"PhonAlign",704.6640629999999,704.6940629999999,"R"
"PhonAlign",704.6940629999999,704.774063,"n"
"PhonAlign",704.774063,704.8240629999999,"O/"
"PhonAlign",704.8240629999999,704.964063,"t"
"PhonAlign",704.964063,705.0440629999999,"E"
"PhonAlign",705.0440629999999,705.104063,"v"
"PhonAlign",705.104063,705.1840629999999,"E"
"PhonAlign",705.1840629999999,705.224063,"n"
"PhonAlign",705.224063,705.254063,"2"
"PhonAlign",705.254063,705.3040629999999,"m"
"PhonAlign",705.3040629999999,705.4340629999999,"a~"
"PhonAlign",705.4340629999999,705.594063,"s"
"PhonAlign",705.594063,705.654063,"e"
"PhonAlign",705.654063,705.764063,"k"
"PhonAlign",705.764063,705.8340629999999,"w"
"PhonAlign",705.8340629999999,705.957188,"A/"
"PhonAlign",705.957188,707.555962,"#"
"PhonAlign",707.555962,708.944063,"laugh"
"PhonAlign",708.944063,709.054063,"l"
"PhonAlign",709.054063,709.114063,"@"
"PhonAlign",709.114063,709.184063,"d"
"PhonAlign",709.184063,709.294063,"a~"
"PhonAlign",709.294063,709.374063,"Z"
"PhonAlign",709.374063,709.414063,"e"
"PhonAlign",709.414063,709.504063,"d"
"PhonAlign",709.504063,709.574063,"y"
"PhonAlign",709.574063,709.6540630000001,"t"
"PhonAlign",709.6540630000001,709.714063,"E"
"PhonAlign",709.714063,709.744063,"l"
"PhonAlign",709.744063,709.794063,"E"
"PhonAlign",709.794063,709.9040630000001,"f"
"PhonAlign",709.9040630000001,709.964063,"O/"
"PhonAlign",709.964063,710.0340630000001,"n"
"PhonAlign",710.0340630000001,710.1440630000001,"v"
"PhonAlign",710.1440630000001,710.194063,"l"
"PhonAlign",710.194063,710.2640630000001,"A/"
"PhonAlign",710.2640630000001,710.364063,"s"
"PhonAlign",710.364063,710.3940630000001,"e"
"PhonAlign",710.3940630000001,710.464063,"m"
"PhonAlign",710.464063,710.494063,"j"
"PhonAlign",710.494063,710.564063,"@"
"PhonAlign",710.564063,710.954063,"t"
"PhonAlign",710.954063,711.004063,"e"
"PhonAlign",711.004063,711.0340630000001,"l"
"PhonAlign",711.0340630000001,711.074063,"e"
"PhonAlign",711.074063,711.214063,"f"
"PhonAlign",711.214063,711.294063,"O/"
"PhonAlign",711.294063,711.407813,"n"
"PhonAlign",711.407813,712.167188,"#"
"PhonAlign",712.167188,712.397188,"t"
"PhonAlign",712.397188,712.437188,"E"
"PhonAlign",712.437188,712.477188,"l"
"PhonAlign",712.477188,712.527188,"E"
"PhonAlign",712.527188,712.597188,"f"
"PhonAlign",712.597188,712.717188,"O/"
"PhonAlign",712.717188,712.842188,"n"
"PhonAlign",712.842188,714.360938,"#"
"PhonAlign",714.360938,714.470938,"w"
"PhonAlign",714.470938,714.5509380000001,"E"
"PhonAlign",714.5509380000001,714.660938,"s"
"PhonAlign",714.660938,714.6909380000001,"e"
"PhonAlign",714.6909380000001,714.850313,"s"
"PhonAlign",714.850313,715.820086,"laugh"
"PhonAlign",715.820086,716.301563,"#"
"PhonAlign",716.301563,716.6015629999999,"O/"
"PhonAlign",716.6015629999999,716.721563,"Z"
"PhonAlign",716.721563,716.771563,"e"
"PhonAlign",716.771563,716.811563,"y"
"PhonAlign",716.811563,716.881563,"n"
"PhonAlign",716.881563,716.941563,"i"
"PhonAlign",716.941563,717.011563,"d"
"PhonAlign",717.011563,717.121563,"e"
"PhonAlign",717.121563,717.8615629999999,"#"
"PhonAlign",717.8615629999999,718.1115629999999,"O~"
"PhonAlign",718.1115629999999,718.211563,"m"
"PhonAlign",718.211563,718.301563,"A/"
"PhonAlign",718.301563,718.391563,"R"
"PhonAlign",718.391563,718.421563,"k"
"PhonAlign",718.421563,718.471563,"t"
"PhonAlign",718.471563,718.531563,"e"
"PhonAlign",718.531563,718.561563,"l"
"PhonAlign",718.561563,718.651563,"e"
"PhonAlign",718.651563,718.771563,"f"
"PhonAlign",718.771563,718.8515629999999,"O/"
"PhonAlign",718.8515629999999,718.921563,"n"
"PhonAlign",718.921563,719.021563,"a~"
"PhonAlign",719.021563,719.091563,"k"
"PhonAlign",719.091563,719.181563,"O~"
"PhonAlign",719.181563,719.271563,"s"
"PhonAlign",719.271563,719.391563,"E"
"PhonAlign",719.391563,719.461563,"R"
"PhonAlign",719.461563,719.541563,"E"
"PhonAlign",719.541563,719.661563,"O/"
"PhonAlign",719.661563,719.751563,"f"
"PhonAlign",719.751563,719.781563,"i"
"PhonAlign",719.781563,719.8615629999999,"n"
"PhonAlign",719.8615629999999,719.931563,"A/"
"PhonAlign",719.931563,719.9815629999999,"l"
"PhonAlign",719.9815629999999,720.161563,"s"
"PhonAlign",720.161563,720.311563,"e"
"PhonAlign",720.311563,720.821563,"#"
"PhonAlign",720.821563,720.951563,"s"
"PhonAlign",720.951563,721.021563,"n"
"PhonAlign",721.021563,721.081563,"e"
"PhonAlign",721.081563,721.161563,"p"
"PhonAlign",721.161563,721.2315629999999,"A/"
"PhonAlign",721.2315629999999,721.261563,"l"
"PhonAlign",721.261563,721.331563,"@"
"PhonAlign",721.331563,721.3615629999999,"g"
"PhonAlign",721.3615629999999,721.391563,"R"
"PhonAlign",721.391563,721.501563,"u"
"PhonAlign",721.501563,721.531563,"p"
"PhonAlign",721.531563,721.621563,"d"
"PhonAlign",721.621563,721.661563,"@"
"PhonAlign",721.661563,721.691563,"R"
"PhonAlign",721.691563,721.8615629999999,"O/"
"PhonAlign",721.8615629999999,722.015,"k"
"PhonAlign",722.015,722.34,"#"
"PhonAlign",722.34,722.38,"m"
"PhonAlign",722.38,722.4100000000001,"E"
"PhonAlign",722.4100000000001,722.5400000000001,"z"
"PhonAlign",722.5400000000001,722.74,"s"
"PhonAlign",722.74,722.7900000000001,"e"
"PhonAlign",722.7900000000001,722.86,"y"
"PhonAlign",722.86,722.99,"n"
"PhonAlign",722.99,723.11,"@"
"PhonAlign",723.11,723.14,"A/"
"PhonAlign",723.14,723.2800000000001,"s"
"PhonAlign",723.2800000000001,723.3100000000001,"O/"
"PhonAlign",723.3100000000001,723.4300000000001,"s"
"PhonAlign",723.4300000000001,723.48,"A/"
"PhonAlign",723.48,723.58,"s"
"PhonAlign",723.58,723.61,"j"
"PhonAlign",723.61,723.64,"O~"
"PhonAlign",723.64,723.74,"d"
"PhonAlign",723.74,723.7800000000001,"p"
"PhonAlign",723.7800000000001,723.82,"R"
"PhonAlign",723.82,723.87,"E"
"PhonAlign",723.87,723.9300000000001,"v"
"PhonAlign",723.9300000000001,724.0400000000001,"a~"
"PhonAlign",724.0400000000001,724.1700000000001,"s"
"PhonAlign",724.1700000000001,724.2,"j"
"PhonAlign",724.2,724.688438,"O~"
"PhonAlign",724.688438,727.472813,"#"
"PhonAlign",727.472813,727.592813,"d"
"PhonAlign",727.592813,727.692813,"O~"
"PhonAlign",727.692813,727.752813,"k"
"PhonAlign",727.752813,727.842813,"O/"
"PhonAlign",727.842813,727.912813,"k"
"PhonAlign",727.912813,727.972813,"E"
"PhonAlign",727.972813,728.0128129999999,"O~"
"PhonAlign",728.0128129999999,728.062813,"n"
"PhonAlign",728.062813,728.162813,"p"
"PhonAlign",728.162813,728.222813,"A/"
"PhonAlign",728.222813,728.252813,"R"
"PhonAlign",728.252813,728.362813,"s"
"PhonAlign",728.362813,728.3928129999999,"y"
"PhonAlign",728.3928129999999,728.422813,"R"
"PhonAlign",728.422813,728.452813,"l"
"PhonAlign",728.452813,728.5328129999999,"t"
"PhonAlign",728.5328129999999,728.582813,"E"
"PhonAlign",728.582813,728.612813,"l"
"PhonAlign",728.612813,728.672813,"E"
"PhonAlign",728.672813,728.7728129999999,"f"
"PhonAlign",728.7728129999999,728.832813,"O/"
"PhonAlign",728.832813,728.922813,"n"
"PhonAlign",728.922813,729.126563,"@"
"PhonAlign",729.126563,736.963138,"#"
"PhonAlign",736.963138,737.0031379999999,"w"
"PhonAlign",737.0031379999999,737.751452,"E"
"PhonAlign",737.751452,739.142503,"#"
"PhonAlign",739.142503,739.592287,"laugh"
"PhonAlign",739.592287,741.86315,"#"
"PhonAlign",741.86315,741.90315,"w"
"PhonAlign",741.90315,742.28315,"E"
"PhonAlign",742.28315,742.38315,"y"
"PhonAlign",742.38315,742.4331500000001,"n"
"PhonAlign",742.4331500000001,742.53315,"Z"
"PhonAlign",742.53315,742.58315,"u"
"PhonAlign",742.58315,742.61315,"R"
"PhonAlign",742.61315,742.64315,"n"
"PhonAlign",742.64315,742.6931500000001,"e"
"PhonAlign",742.6931500000001,743.6831500000001,"#"
"PhonAlign",743.6831500000001,743.74315,"w"
"PhonAlign",743.74315,743.77315,"E"
"PhonAlign",743.77315,743.8031500000001,"w"
"PhonAlign",743.8031500000001,743.8431,"E"
"PhonAlign",743.8431,746.069063,"#"
"PhonAlign",746.069063,746.1490630000001,"u"
"PhonAlign",746.1490630000001,746.229063,"i"
"PhonAlign",746.229063,746.329063,"s"
"PhonAlign",746.329063,746.359063,"e"
"PhonAlign",746.359063,746.469063,"s"
"PhonAlign",746.469063,746.579063,"A/"
"PhonAlign",746.579063,746.6590630000001,"m"
"PhonAlign",746.6590630000001,746.789063,"s"
"PhonAlign",746.789063,746.919063,"A/"
"PhonAlign",746.919063,747.2590630000001,"A/"
"PhonAlign",747.2590630000001,747.609063,"t"
"PhonAlign",747.609063,747.729063,"a~"
"PhonAlign",747.729063,747.859063,"s"
"PhonAlign",747.859063,747.999063,"s"
"PhonAlign",747.999063,748.0290630000001,"e"
"PhonAlign",748.0290630000001,748.109063,"U~/"
"PhonAlign",748.109063,748.1490630000001,"n"
"PhonAlign",748.1490630000001,748.199063,"p"
"PhonAlign",748.199063,748.249063,"R"
"PhonAlign",748.249063,748.329063,"O/"
"PhonAlign",748.329063,748.4090630000001,"Z"
"PhonAlign",748.4090630000001,748.5090630000001,"E"
"PhonAlign",748.5090630000001,748.559063,"k"
"PhonAlign",748.559063,748.589063,"s"
"PhonAlign",748.589063,748.7790630000001,"f"
"PhonAlign",748.7790630000001,748.829063,"E"
"PhonAlign",748.829063,748.939063,"A/"
"PhonAlign",748.939063,749.0290630000001,"t"
"PhonAlign",749.0290630000001,749.069063,"R"
"PhonAlign",749.069063,749.099063,"A/"
"PhonAlign",749.099063,749.129063,"v"
"PhonAlign",749.129063,749.1590630000001,"E"
"PhonAlign",749.1590630000001,749.258438,"R"
"PhonAlign",749.258438,756.700313,"#"
"PhonAlign",756.700313,756.7803130000001,"w"
"PhonAlign",756.7803130000001,756.830313,"E"
"PhonAlign",756.830313,756.8903130000001,"O~"
"PhonAlign",756.8903130000001,756.970313,"p"
"PhonAlign",756.970313,757.0303130000001,"A/"
"PhonAlign",757.0303130000001,757.0603130000001,"R"
"PhonAlign",757.0603130000001,757.1503130000001,"t"
"PhonAlign",757.1503130000001,757.1803130000001,"i"
"PhonAlign",757.1803130000001,757.3903130000001,"R"
"PhonAlign",757.3903130000001,757.442813,"A/"
"PhonAlign",757.442813,758.944688,"#"
"PhonAlign",758.944688,759.114688,"O~"
"PhonAlign",759.114688,759.1746880000001,"p"
"PhonAlign",759.1746880000001,759.234688,"A/"
"PhonAlign",759.234688,759.2646880000001,"R"
"PhonAlign",759.2646880000001,759.364688,"t"
"PhonAlign",759.364688,759.4046880000001,"i"
"PhonAlign",759.4046880000001,759.434688,"R"
"PhonAlign",759.434688,759.464688,"E"
"PhonAlign",759.464688,759.574688,"s"
"PhonAlign",759.574688,759.614688,"y"
"PhonAlign",759.614688,759.684688,"R"
"PhonAlign",759.684688,759.714688,"y"
"PhonAlign",759.714688,759.7646880000001,"n"
"PhonAlign",759.7646880000001,759.854688,"U~/"
"PhonAlign",759.854688,759.9246880000001,"t"
"PhonAlign",759.9246880000001,759.954688,"E"
"PhonAlign",759.954688,760.0146880000001,"R"
"PhonAlign",760.0146880000001,760.094688,"v"
"PhonAlign",760.094688,760.1446880000001,"a~"
"PhonAlign",760.1446880000001,760.244688,"s"
"PhonAlign",760.244688,760.2746880000001,"j"
"PhonAlign",760.2746880000001,760.304688,"O~"
"PhonAlign",760.304688,760.344688,"a~"
"PhonAlign",760.344688,760.4046880000001,"m"
"PhonAlign",760.4046880000001,760.434688,"i"
"PhonAlign",760.434688,760.464688,"l"
"PhonAlign",760.464688,760.5146880000001,"j"
"PhonAlign",760.5146880000001,760.564688,"@"
"PhonAlign",760.564688,760.6346880000001,"s"
"PhonAlign",760.6346880000001,760.6746880000001,"k"
"PhonAlign",760.6746880000001,760.744688,"O/"
"PhonAlign",760.744688,760.7846880000001,"l"
"PhonAlign",760.7846880000001,760.844688,"E"
"PhonAlign",760.844688,761.004688,"R"
"PhonAlign",761.004688,761.0446880000001,"S"
"PhonAlign",761.0446880000001,761.114688,"p"
"PhonAlign",761.114688,761.194688,"a~"
"PhonAlign",761.194688,761.254688,"s"
"PhonAlign",761.254688,761.314688,"k"
"PhonAlign",761.314688,761.354688,"@"
"PhonAlign",761.354688,761.454688,"s"
"PhonAlign",761.454688,761.484688,"e"
"PhonAlign",761.484688,761.5146880000001,"l"
"PhonAlign",761.5146880000001,761.604688,"A/"
"PhonAlign",761.604688,761.6546880000001,"m"
"PhonAlign",761.6546880000001,761.684688,"e"
"PhonAlign",761.684688,761.714688,"j"
"PhonAlign",761.714688,761.7746880000001,"9"
"PhonAlign",761.7746880000001,761.804688,"R"
"PhonAlign",761.804688,761.8846880000001,"d"
"PhonAlign",761.8846880000001,762.336563,"E"
"PhonAlign",762.336563,765.053438,"#"
"PhonAlign",765.053438,765.293438,"A/"
"PhonAlign",765.293438,765.3734380000001,"n"
"PhonAlign",765.3734380000001,765.473438,"a~"
"PhonAlign",765.473438,765.603438,"f"
"PhonAlign",765.603438,765.673438,"s"
"PhonAlign",765.673438,766.233438,"#"
"PhonAlign",766.233438,766.2634380000001,"u"
"PhonAlign",766.2634380000001,766.333438,"i"
"PhonAlign",766.333438,766.403438,"m"
"PhonAlign",766.403438,766.543438,"e"
"PhonAlign",766.543438,766.673438,"s"
"PhonAlign",766.673438,766.703438,"e"
"PhonAlign",766.703438,766.733438,"y"
"PhonAlign",766.733438,766.7634380000001,"n"
"PhonAlign",766.7634380000001,767.113438,"U~/"
"PhonAlign",767.113438,767.183438,"t"
"PhonAlign",767.183438,767.2434380000001,"E"
"PhonAlign",767.2434380000001,767.273438,"R"
"PhonAlign",767.273438,767.343438,"v"
"PhonAlign",767.343438,767.423438,"a~"
"PhonAlign",767.423438,767.573438,"s"
"PhonAlign",767.573438,767.603438,"j"
"PhonAlign",767.603438,767.853438,"O~"
"PhonAlign",767.853438,768.0034380000001,"a~"
"PhonAlign",768.0034380000001,768.1334380000001,"E"
"PhonAlign",768.1334380000001,768.173438,"k"
"PhonAlign",768.173438,768.233438,"s"
"PhonAlign",768.233438,768.293438,"t"
"PhonAlign",768.293438,768.333438,"E"
"PhonAlign",768.333438,768.543438,"R"
"PhonAlign",768.543438,768.773438,"j"
"PhonAlign",768.773438,768.813438,"9"
"PhonAlign",768.813438,769.073438,"R"
"PhonAlign",769.073438,769.183438,"d"
"PhonAlign",769.183438,769.843438,"y"
"PhonAlign",769.843438,769.980938,"laugh"
"PhonAlign",769.980938,776.162893,"#"
"PhonAlign",776.162893,776.302893,"i"
"PhonAlign",776.302893,776.3728930000001,"l"
"PhonAlign",776.3728930000001,776.412893,"j"
"PhonAlign",776.412893,776.542893,"A/"
"PhonAlign",776.542893,776.8928930000001,"s"
"PhonAlign",776.8928930000001,777.0228930000001,"m"
"PhonAlign",777.0228930000001,777.432893,"e"
"PhonAlign",777.432893,777.6428930000001,"s"
"PhonAlign",777.6428930000001,777.812852,"@"
"PhonAlign",777.812852,779.224484,"#"
"PhonAlign",779.224484,779.474484,"s"
"PhonAlign",779.474484,779.5144839999999,"w"
"PhonAlign",779.5144839999999,779.544484,"A/"
"PhonAlign",779.544484,779.674484,"O/"
"PhonAlign",779.674484,779.7644839999999,"n"
"PhonAlign",779.7644839999999,779.8944839999999,"E"
"PhonAlign",779.8944839999999,780.044484,"t"
"PhonAlign",780.044484,780.114484,"i"
"PhonAlign",780.114484,780.2544839999999,"l"
"PhonAlign",780.2544839999999,780.4044839999999,"j"
"PhonAlign",780.4044839999999,780.674484,"A/"
"PhonAlign",780.674484,780.709446,"s"
"PhonAlign",780.709446,786.18,"#"
"PhonAlign",786.18,786.3499999999999,"s"
"PhonAlign",786.3499999999999,786.4799999999999,"w"
"PhonAlign",786.4799999999999,786.5999999999999,"A/"
"PhonAlign",786.5999999999999,786.8,"s"
"PhonAlign",786.8,786.88,"a~"
"PhonAlign",786.88,786.91,"l"
"PhonAlign",786.91,786.9399999999999,"E"
"PhonAlign",786.9399999999999,787.06,"z"
"PhonAlign",787.06,787.12,"e"
"PhonAlign",787.12,787.2099999999999,"k"
"PhonAlign",787.2099999999999,787.26,"O/"
"PhonAlign",787.26,787.31,"l"
"PhonAlign",787.31,787.3499999999999,"O~"
"PhonAlign",787.3499999999999,787.41,"n"
"PhonAlign",787.41,787.4799999999999,"O/"
"PhonAlign",787.4799999999999,787.53,"R"
"PhonAlign",787.53,787.5699999999999,"A/"
"PhonAlign",787.5699999999999,787.66,"p"
"PhonAlign",787.66,787.6999999999999,"E"
"PhonAlign",787.6999999999999,787.9499999999999,"R"
"PhonAlign",787.9499999999999,788.0899999999999,"s"
"PhonAlign",788.0899999999999,788.1999999999999,"O/"
"PhonAlign",788.1999999999999,788.27,"n"
"PhonAlign",788.27,788.3499999999999,"@"
"PhonAlign",788.3499999999999,788.43,"s"
"PhonAlign",788.43,788.4699999999999,"w"
"PhonAlign",788.4699999999999,788.9,"A/"
"PhonAlign",788.9,788.9799999999999,"t"
"PhonAlign",788.9799999999999,789.06,"O/"
"PhonAlign",789.06,789.17,"n"
"PhonAlign",789.17,789.67,"E"
"PhonAlign",789.67,790.14,"t"
"PhonAlign",790.14,790.602188,"@"
"PhonAlign",790.602188,791.835,"#"
"PhonAlign",791.835,791.985,"s"
"PhonAlign",791.985,792.075,"a~"
"PhonAlign",792.075,792.105,"l"
"PhonAlign",792.105,792.135,"e"
"PhonAlign",792.135,792.265,"z"
"PhonAlign",792.265,792.335,"e"
"PhonAlign",792.335,792.4250000000001,"k"
"PhonAlign",792.4250000000001,792.485,"O/"
"PhonAlign",792.485,792.711563,"l"
"PhonAlign",792.711563,795.327188,"#"
"PhonAlign",795.327188,795.4971879999999,"A/"
"PhonAlign",795.4971879999999,795.587188,"n"
"PhonAlign",795.587188,795.667188,"a~"
"PhonAlign",795.667188,795.7571879999999,"u"
"PhonAlign",795.7571879999999,795.817188,"i"
"PhonAlign",795.817188,795.897188,"S"
"PhonAlign",795.897188,795.927188,"s"
"PhonAlign",795.927188,795.957188,"y"
"PhonAlign",795.957188,795.987188,"i"
"PhonAlign",795.987188,796.017188,"d"
"PhonAlign",796.017188,796.107188,"A/"
"PhonAlign",796.107188,796.167188,"k"
"PhonAlign",796.167188,796.277188,"O/"
"PhonAlign",796.277188,796.307188,"R"
"PhonAlign",796.307188,796.3671879999999,"m"
"PhonAlign",796.3671879999999,796.397188,"E"
"PhonAlign",796.397188,796.5071879999999,"s"
"PhonAlign",796.5071879999999,796.537188,"a~"
"PhonAlign",796.537188,796.607188,"l"
"PhonAlign",796.607188,796.6371879999999,"E"
"PhonAlign",796.6371879999999,796.717188,"z"
"PhonAlign",796.717188,796.777188,"e"
"PhonAlign",796.777188,796.847188,"k"
"PhonAlign",796.847188,797.0071879999999,"O/"
"PhonAlign",797.0071879999999,797.048438,"l"
"PhonAlign",797.048438,797.650267,"#"
"PhonAlign",797.650267,797.780267,"w"
"PhonAlign",797.780267,797.943593,"E"
"PhonAlign",797.943593,803.781563,"#"
"PhonAlign",803.781563,803.921563,"u"
"PhonAlign",803.921563,804.25,"i"
"PhonAlign",804.25,804.865,"#"
"PhonAlign",804.865,804.975,"O~"
"PhonAlign",804.975,805.0550000000001,"p"
"PhonAlign",805.0550000000001,805.095,"@"
"PhonAlign",805.095,805.125,"l"
"PhonAlign",805.125,805.235,"f"
"PhonAlign",805.235,805.295,"E"
"PhonAlign",805.295,805.365,"R"
"PhonAlign",805.365,805.415,"@"
"PhonAlign",805.415,805.505,"m"
"PhonAlign",805.505,805.5550000000001,"E"
"PhonAlign",805.5550000000001,805.665,"O~"
"PhonAlign",805.665,805.745,"p"
"PhonAlign",805.745,805.785,"@"
"PhonAlign",805.785,805.815,"l"
"PhonAlign",805.815,805.905,"f"
"PhonAlign",805.905,805.945,"E"
"PhonAlign",805.945,805.995,"R"
"PhonAlign",805.995,806.095,"a~"
"PhonAlign",806.095,806.165,"p"
"PhonAlign",806.165,806.195,"l"
"PhonAlign",806.195,806.245,"E"
"PhonAlign",806.245,806.285,"n"
"PhonAlign",806.285,806.405,"s"
"PhonAlign",806.405,806.445,"@"
"PhonAlign",806.445,806.515,"m"
"PhonAlign",806.515,806.595,"E"
"PhonAlign",806.595,806.705,"n"
"PhonAlign",806.705,806.965,"#"
"PhonAlign",806.965,807.235,"e"
"PhonAlign",807.235,807.535,"#"
"PhonAlign",807.535,807.575,"w"
"PhonAlign",807.575,807.725,"E"
"PhonAlign",807.725,807.825,"m"
"PhonAlign",807.825,807.915938,"E"
"PhonAlign",807.915938,809.485,"#"
"PhonAlign",809.485,809.545,"n"
"PhonAlign",809.545,809.635,"a~"
"PhonAlign",809.635,809.715,"m"
"PhonAlign",809.715,809.865,"U~/"
"PhonAlign",809.865,809.955,"Z"
"PhonAlign",809.955,809.985,"u"
"PhonAlign",809.985,810.025,"R"
"PhonAlign",810.025,810.095,"d"
"PhonAlign",810.095,810.145,"e"
"PhonAlign",810.145,810.225,"k"
"PhonAlign",810.225,810.285,"O/"
"PhonAlign",810.285,810.315,"l"
"PhonAlign",810.315,810.445,"O~"
"PhonAlign",810.445,810.495,"p"
"PhonAlign",810.495,810.535,"@"
"PhonAlign",810.535,810.565,"l"
"PhonAlign",810.565,810.695,"f"
"PhonAlign",810.695,810.725,"E"
"PhonAlign",810.725,810.885938,"R"
"PhonAlign",810.885938,814.935938,"#"
"PhonAlign",814.935938,814.9759379999999,"m"
"PhonAlign",814.9759379999999,815.025938,"p"
"PhonAlign",815.025938,815.055938,"u"
"PhonAlign",815.055938,815.0859379999999,"R"
"PhonAlign",815.0859379999999,815.2359379999999,"k"
"PhonAlign",815.2359379999999,815.285938,"w"
"PhonAlign",815.285938,815.3459379999999,"A/"
"PhonAlign",815.3459379999999,815.5859379999999,"#"
"PhonAlign",815.5859379999999,815.635938,"p"
"PhonAlign",815.635938,815.665938,"u"
"PhonAlign",815.665938,815.695938,"R"
"PhonAlign",815.695938,815.7259379999999,"k"
"PhonAlign",815.7259379999999,815.755938,"w"
"PhonAlign",815.755938,815.785938,"A/"
"PhonAlign",815.785938,815.815938,"O~"
"PhonAlign",815.815938,815.8559379999999,"l"
"PhonAlign",815.8559379999999,815.935938,"f"
"PhonAlign",815.935938,815.9959379999999,"E"
"PhonAlign",815.9959379999999,816.0859379999999,"t"
"PhonAlign",816.0859379999999,816.2259379999999,"@"
"PhonAlign",816.2259379999999,816.315938,"p"
"PhonAlign",816.315938,816.36,"A/"
"PhonAlign",816.36,816.78,"#"
"PhonAlign",816.78,816.8199999999999,"p"
"PhonAlign",816.8199999999999,816.85,"u"
"PhonAlign",816.85,816.9,"R"
"PhonAlign",816.9,816.93,"k"
"PhonAlign",816.93,816.97,"w"
"PhonAlign",816.97,817.0,"A/"
"PhonAlign",817.0,817.03,"O~"
"PhonAlign",817.03,817.06,"l"
"PhonAlign",817.06,817.14,"f"
"PhonAlign",817.14,817.2099999999999,"E"
"PhonAlign",817.2099999999999,817.3,"t"
"PhonAlign",817.3,817.63,"@"
"PhonAlign",817.63,817.74,"p"
"PhonAlign",817.74,817.8199999999999,"A/"
"PhonAlign",817.8199999999999,817.9399999999999,"#"
"PhonAlign",817.9399999999999,818.04,"U~/"
"PhonAlign",818.04,818.0799999999999,"n"
"PhonAlign",818.0799999999999,818.14,"Z"
"PhonAlign",818.14,818.1899999999999,"u"
"PhonAlign",818.1899999999999,818.23,"R"
"PhonAlign",818.23,818.29,"d"
"PhonAlign",818.29,818.4,"@"
"PhonAlign",818.4,818.5799999999999,"U~/"
"PhonAlign",818.5799999999999,818.63,"n"
"PhonAlign",818.63,818.7099999999999,"Z"
"PhonAlign",818.7099999999999,818.76,"u"
"PhonAlign",818.76,818.8,"R"
"PhonAlign",818.8,818.86,"d"
"PhonAlign",818.86,818.93,"@"
"PhonAlign",818.93,819.04,"s"
"PhonAlign",819.04,819.11,"@"
"PhonAlign",819.11,819.17,"m"
"PhonAlign",819.17,819.26,"E"
"PhonAlign",819.26,819.3299999999999,"n"
"PhonAlign",819.3299999999999,819.5699999999999,"#"
"PhonAlign",819.5699999999999,819.61,"U~/"
"PhonAlign",819.61,819.7099999999999,"Z"
"PhonAlign",819.7099999999999,819.78,"u"
"PhonAlign",819.78,819.81,"R"
"PhonAlign",819.81,819.85,"d"
"PhonAlign",819.85,819.91,"e"
"PhonAlign",819.91,819.99,"k"
"PhonAlign",819.99,820.05,"O/"
"PhonAlign",820.05,820.13,"l"
"PhonAlign",820.13,820.1999999999999,"@"
"PhonAlign",820.1999999999999,820.26,"l"
"PhonAlign",820.26,820.3,"e"
"PhonAlign",820.3,820.41,"z"
"PhonAlign",820.41,820.4599999999999,"e"
"PhonAlign",820.4599999999999,820.54,"k"
"PhonAlign",820.54,820.5899999999999,"O/"
"PhonAlign",820.5899999999999,820.66,"l"
"PhonAlign",820.66,820.73,"d"
"PhonAlign",820.73,820.78,"@"
"PhonAlign",820.78,820.81,"l"
"PhonAlign",820.81,820.89,"A/"
"PhonAlign",820.89,820.9499999999999,"R"
"PhonAlign",820.9499999999999,821.0,"E"
"PhonAlign",821.0,821.1,"Z"
"PhonAlign",821.1,821.13,"j"
"PhonAlign",821.13,821.2099999999999,"O~"
"PhonAlign",821.2099999999999,821.31,"p"
"PhonAlign",821.31,821.37,"u"
"PhonAlign",821.37,821.4,"R"
"PhonAlign",821.4,821.7099999999999,"O~"
"PhonAlign",821.7099999999999,821.85,"p"
"PhonAlign",821.85,821.88,"u"
"PhonAlign",821.88,821.91,"R"
"PhonAlign",821.91,822.03,"O~"
"PhonAlign",822.03,822.1,"v"
"PhonAlign",822.1,822.16,"@"
"PhonAlign",822.16,822.1899999999999,"n"
"PhonAlign",822.1899999999999,822.27,"i"
"PhonAlign",822.27,822.3,"R"
"PhonAlign",822.3,822.38,"i"
"PhonAlign",822.38,822.49,"s"
"PhonAlign",822.49,822.5699999999999,"O/"
"PhonAlign",822.5699999999999,822.6,"R"
"PhonAlign",822.6,822.66,"g"
"PhonAlign",822.66,822.6999999999999,"A/"
"PhonAlign",822.6999999999999,822.79,"n"
"PhonAlign",822.79,822.8199999999999,"i"
"PhonAlign",822.8199999999999,822.85,"z"
"PhonAlign",822.85,822.88,"2"
"PhonAlign",822.88,823.015,"t"
"PhonAlign",823.015,823.46,"#"
"PhonAlign",823.46,823.6600000000001,"v"
"PhonAlign",823.6600000000001,823.69,"a~"
"PhonAlign",823.69,823.72,"d"
"PhonAlign",823.72,823.75,"R"
"PhonAlign",823.75,823.8100000000001,"2"
"PhonAlign",823.8100000000001,823.84,"d"
"PhonAlign",823.84,824.082188,"i"
"PhonAlign",824.082188,832.266563,"#"
"PhonAlign",832.266563,832.401563,"m"
"PhonAlign",832.401563,833.414063,"#"
"PhonAlign",833.414063,833.464063,"S"
"PhonAlign",833.464063,833.6240630000001,"p"
"PhonAlign",833.6240630000001,833.724063,"a~"
"PhonAlign",833.724063,833.794063,"s"
"PhonAlign",833.794063,833.8740630000001,"k"
"PhonAlign",833.8740630000001,833.934063,"@"
"PhonAlign",833.934063,834.0340630000001,"Z"
"PhonAlign",834.0340630000001,834.074063,"y"
"PhonAlign",834.074063,834.174063,"s"
"PhonAlign",834.174063,834.204063,"l"
"PhonAlign",834.204063,834.2440630000001,"@"
"PhonAlign",834.2440630000001,834.304063,"v"
"PhonAlign",834.304063,834.3940630000001,"a~"
"PhonAlign",834.3940630000001,834.464063,"d"
"PhonAlign",834.464063,834.5040630000001,"R"
"PhonAlign",834.5040630000001,834.554063,"2"
"PhonAlign",834.554063,834.6440630000001,"d"
"PhonAlign",834.6440630000001,834.684063,"i"
"PhonAlign",834.684063,834.804063,"A/"
"PhonAlign",834.804063,834.8740630000001,"v"
"PhonAlign",834.8740630000001,834.964063,"a~"
"PhonAlign",834.964063,835.0240630000001,"k"
"PhonAlign",835.0240630000001,835.054063,"i"
"PhonAlign",835.054063,835.1440630000001,"s"
"PhonAlign",835.1440630000001,835.194063,"R"
"PhonAlign",835.194063,835.2440630000001,"2"
"PhonAlign",835.2440630000001,835.304063,"t"
"PhonAlign",835.304063,835.334063,"R"
"PhonAlign",835.334063,835.3640630000001,"u"
"PhonAlign",835.3640630000001,835.3940630000001,"v"
"PhonAlign",835.3940630000001,835.5240630000001,"t"
"PhonAlign",835.5240630000001,835.584063,"u"
"PhonAlign",835.584063,835.6140630000001,"l"
"PhonAlign",835.6140630000001,835.6440630000001,"w"
"PhonAlign",835.6440630000001,835.684063,"i"
"PhonAlign",835.684063,835.794063,"k"
"PhonAlign",835.794063,835.8840630000001,"E"
"PhonAlign",835.8840630000001,835.914063,"n"
"PhonAlign",835.914063,835.944063,"d"
"PhonAlign",835.944063,835.974063,"p"
"PhonAlign",835.974063,836.0040630000001,"2"
"PhonAlign",836.0040630000001,836.1340630000001,"t"
"PhonAlign",836.1340630000001,836.204063,"E"
"PhonAlign",836.204063,836.2440630000001,"t"
"PhonAlign",836.2440630000001,836.2740630000001,"R"
"PhonAlign",836.2740630000001,836.344063,"p"
"PhonAlign",836.344063,836.3940630000001,"u"
"PhonAlign",836.3940630000001,836.424063,"R"
"PhonAlign",836.424063,836.4840630000001,"v"
"PhonAlign",836.4840630000001,836.584063,"w"
"PhonAlign",836.584063,836.6140630000001,"A/"
"PhonAlign",836.6140630000001,836.6440630000001,"R"
"PhonAlign",836.6440630000001,836.674063,"l"
"PhonAlign",836.674063,836.7840630000001,"U~/"
"PhonAlign",836.7840630000001,836.8640630000001,"p"
"PhonAlign",836.8640630000001,836.934063,"A/"
"PhonAlign",836.934063,836.9840630000001,"k"
"PhonAlign",836.9840630000001,837.185,"t"
"PhonAlign",837.185,837.3,"#"
"PhonAlign",837.3,837.49,"l"
"PhonAlign",837.49,837.5799999999999,"a~"
"PhonAlign",837.5799999999999,837.68,"f"
"PhonAlign",837.68,837.75,"a~"
"PhonAlign",837.75,837.8199999999999,"i"
"PhonAlign",837.8199999999999,837.8499999999999,"l"
"PhonAlign",837.8499999999999,837.89,"R"
"PhonAlign",837.89,837.9499999999999,"a~"
"PhonAlign",837.9499999999999,837.9799999999999,"t"
"PhonAlign",837.9799999999999,838.01,"R"
"PhonAlign",838.01,838.12,"S"
"PhonAlign",838.12,838.2099999999999,"e"
"PhonAlign",838.2099999999999,838.24,"l"
"PhonAlign",838.24,838.3499999999999,"H"
"PhonAlign",838.3499999999999,838.49,"i"
"PhonAlign",838.49,838.75,"#"
"PhonAlign",838.75,838.81,"i"
"PhonAlign",838.81,838.85,"l"
"PhonAlign",838.85,838.91,"A/"
"PhonAlign",838.91,839.02,"k"
"PhonAlign",839.02,839.06,"y"
"PhonAlign",839.06,839.1,"n"
"PhonAlign",839.1,839.16,"a~"
"PhonAlign",839.16,839.24,"v"
"PhonAlign",839.24,839.3,"i"
"PhonAlign",839.3,839.34,"d"
"PhonAlign",839.34,839.61,"a~"
"PhonAlign",839.61,839.64,"l"
"PhonAlign",839.64,839.67,"w"
"PhonAlign",839.67,839.76,"i"
"PhonAlign",839.76,839.88,"k"
"PhonAlign",839.88,839.95,"E"
"PhonAlign",839.95,840.06,"n"
"PhonAlign",840.06,840.09,"d"
"PhonAlign",840.09,840.33,"#"
"PhonAlign",840.33,840.5,"s"
"PhonAlign",840.5,840.74,"e"
"PhonAlign",840.74,841.17,"#"
"PhonAlign",841.17,841.25,"E"
"PhonAlign",841.25,841.28,"t"
"PhonAlign",841.28,841.68,"R"
"PhonAlign",841.68,841.75,"@"
"PhonAlign",841.75,841.88,"s"
"PhonAlign",841.88,841.91,"y"
"PhonAlign",841.91,841.94,"R"
"PhonAlign",841.94,841.97,"l"
"PhonAlign",841.97,842.0,"@"
"PhonAlign",842.0,842.03,"R"
"PhonAlign",842.03,842.06,"E"
"PhonAlign",842.06,842.09,"z"
"PhonAlign",842.09,842.12,"O/"
"PhonAlign",842.12,842.16,"e"
"PhonAlign",842.16,842.24,"p"
"PhonAlign",842.24,842.34,"2"
"PhonAlign",842.34,842.43,"t"
"PhonAlign",842.43,842.47,"E"
"PhonAlign",842.47,842.5,"t"
"PhonAlign",842.5,842.53,"R"
"PhonAlign",842.53,842.58,"d"
"PhonAlign",842.58,842.68,"a~"
"PhonAlign",842.68,842.75,"p"
"PhonAlign",842.75,842.78,"A/"
"PhonAlign",842.78,842.81,"R"
"PhonAlign",842.81,842.84,"l"
"PhonAlign",842.84,842.87,"e"
"PhonAlign",842.87,842.9,"A/"
"PhonAlign",842.9,842.93,"v"
"PhonAlign",842.93,842.98,"E"
"PhonAlign",842.98,843.03,"k"
"PhonAlign",843.03,843.09,"s"
"PhonAlign",843.09,843.16,"e"
"PhonAlign",843.16,843.2,"p"
"PhonAlign",843.2,843.23,"A/"
"PhonAlign",843.23,843.26,"R"
"PhonAlign",843.26,843.57,"a~"
"PhonAlign",843.57,843.88,"z"
"PhonAlign",843.88,843.92,"E"
"PhonAlign",843.92,843.977813,"t"
"PhonAlign",843.977813,856.918396,"#"
"PhonAlign",856.918396,856.958396,"O/"
"PhonAlign",856.958396,857.3583960000001,"k"
"PhonAlign",857.3583960000001,857.3883960000001,"e"
"PhonAlign",857.3883960000001,857.4983960000001,"d"
"PhonAlign",857.4983960000001,857.6383960000001,"O~"
"PhonAlign",857.6383960000001,857.718396,"k"
"PhonAlign",857.718396,857.778396,"e"
"PhonAlign",857.778396,857.8883960000001,"k"
"PhonAlign",857.8883960000001,857.938396,"u"
"PhonAlign",857.938396,858.068396,"t"
"PhonAlign",858.068396,858.146699,"@"
"PhonAlign",858.146699,878.505,"#"
"PhonAlign",878.505,879.195,"v"
"PhonAlign",879.195,879.225,"l"
"PhonAlign",879.225,879.285,"A/"
"PhonAlign",879.285,879.325,"w"
"PhonAlign",879.325,879.365,"E"
"PhonAlign",879.365,879.455,"Z"
"PhonAlign",879.455,879.585,"@"
"PhonAlign",879.585,879.705,"Z"
"PhonAlign",879.705,879.805,"2"
"PhonAlign",879.805,879.905,"d"
"PhonAlign",879.905,879.975,"i"
"PhonAlign",879.975,880.055,"m"
"PhonAlign",880.055,880.085,"w"
"PhonAlign",880.085,880.115,"A/"
"PhonAlign",880.115,880.235,"s"
"PhonAlign",880.235,880.265,"m"
"PhonAlign",880.265,880.525,"v"
"PhonAlign",880.525,880.685,"A/"
"PhonAlign",880.685,880.985,"Z"
"PhonAlign",880.985,881.055,"2"
"PhonAlign",881.055,881.105,"d"
"PhonAlign",881.105,881.195,"i"
"PhonAlign",881.195,881.285,"s"
"PhonAlign",881.285,881.3149999999999,"A/"
"PhonAlign",881.3149999999999,881.455,"m"
"PhonAlign",881.455,881.5649999999999,"@"
"PhonAlign",881.5649999999999,881.625,"v"
"PhonAlign",881.625,881.666721,"A/"
"PhonAlign",881.666721,883.023354,"#"
"PhonAlign",883.023354,883.1233540000001,"Z"
"PhonAlign",883.1233540000001,883.193354,"2"
"PhonAlign",883.193354,883.283354,"d"
"PhonAlign",883.283354,883.333354,"i"
"PhonAlign",883.333354,883.453354,"s"
"PhonAlign",883.453354,883.830001,"A/"
"PhonAlign",883.830001,889.759688,"#"
"PhonAlign",889.759688,889.8196879999999,"O~"
"PhonAlign",889.8196879999999,889.999688,"p"
"PhonAlign",889.999688,890.0696879999999,"@"
"PhonAlign",890.0696879999999,890.129688,"f"
"PhonAlign",890.129688,890.199688,"E"
"PhonAlign",890.199688,890.259688,"R"
"PhonAlign",890.259688,890.339688,"d"
"PhonAlign",890.339688,890.419688,"e"
"PhonAlign",890.419688,890.479688,"b"
"PhonAlign",890.479688,890.5596879999999,"y"
"PhonAlign",890.5596879999999,890.639688,"d"
"PhonAlign",890.639688,890.669688,"l"
"PhonAlign",890.669688,890.789688,"*"
"PhonAlign",890.789688,890.859688,"*"
"PhonAlign",890.859688,891.039688,"*"
"PhonAlign",891.039688,891.1896879999999,"t"
"PhonAlign",891.1896879999999,891.219688,"v"
"PhonAlign",891.219688,891.249688,"w"
"PhonAlign",891.249688,891.3196879999999,"A/"
"PhonAlign",891.3196879999999,891.379688,"Z"
"PhonAlign",891.379688,891.479688,"a~"
"PhonAlign",891.479688,891.509688,"R"
"PhonAlign",891.509688,891.579688,"d"
"PhonAlign",891.579688,891.619688,"E"
"PhonAlign",891.619688,891.6896879999999,"b"
"PhonAlign",891.6896879999999,891.759688,"y"
"PhonAlign",891.759688,891.8196879999999,"t"
"PhonAlign",891.8196879999999,891.849688,"l"
"PhonAlign",891.849688,891.9296879999999,"*"
"PhonAlign",891.9296879999999,891.989688,"*"
"PhonAlign",891.989688,892.0696879999999,"*"
"PhonAlign",892.0696879999999,892.139688,"p"
"PhonAlign",892.139688,892.229688,"s"
"PhonAlign",892.229688,892.289688,"k"
"PhonAlign",892.289688,892.409688,"s"
"PhonAlign",892.409688,892.449688,"e"
"PhonAlign",892.449688,892.479688,"l"
"PhonAlign",892.479688,892.539688,"A/"
"PhonAlign",892.539688,892.609688,"p"
"PhonAlign",892.609688,892.659688,"E"
"PhonAlign",892.659688,892.6896879999999,"R"
"PhonAlign",892.6896879999999,892.719688,"j"
"PhonAlign",892.719688,892.759688,"O/"
"PhonAlign",892.759688,892.789688,"d"
"PhonAlign",892.789688,892.879688,"d"
"PhonAlign",892.879688,892.919688,"E"
"PhonAlign",892.919688,892.989688,"R"
"PhonAlign",892.989688,893.019688,"E"
"PhonAlign",893.019688,893.129688,"z"
"PhonAlign",893.129688,893.159688,"O/"
"PhonAlign",893.159688,893.209688,"l"
"PhonAlign",893.209688,893.279688,"y"
"PhonAlign",893.279688,893.389688,"s"
"PhonAlign",893.389688,893.419688,"j"
"PhonAlign",893.419688,893.499688,"O~"
"PhonAlign",893.499688,893.65,"z"
"PhonAlign",893.65,894.261407,"#"
"PhonAlign",894.261407,894.341407,"w"
"PhonAlign",894.341407,894.4114069999999,"E"
"PhonAlign",894.4114069999999,894.591407,"v"
"PhonAlign",894.591407,894.621407,"w"
"PhonAlign",894.621407,894.771407,"A/"
"PhonAlign",894.771407,894.8014069999999,"l"
"PhonAlign",894.8014069999999,894.841407,"A/"
"PhonAlign",894.841407,894.9314069999999,"t"
"PhonAlign",894.9314069999999,895.151407,"v"
"PhonAlign",895.151407,895.221407,"w"
"PhonAlign",895.221407,895.331407,"A/"
"PhonAlign",895.331407,895.5514069999999,"#"
"PhonAlign",895.5514069999999,895.581407,"w"
"PhonAlign",895.581407,895.741407,"E"
"PhonAlign",895.741407,895.8114069999999,"l"
"PhonAlign",895.8114069999999,895.851407,"A/"
"PhonAlign",895.851407,895.9414069999999,"p"
"PhonAlign",895.9414069999999,895.991407,"E"
"PhonAlign",895.991407,896.021407,"R"
"PhonAlign",896.021407,896.0514069999999,"j"
"PhonAlign",896.0514069999999,896.081407,"O/"
"PhonAlign",896.081407,896.121407,"d"
"PhonAlign",896.121407,896.1814069999999,"d"
"PhonAlign",896.1814069999999,896.241407,"e"
"PhonAlign",896.241407,896.271407,"R"
"PhonAlign",896.271407,896.3214069999999,"E"
"PhonAlign",896.3214069999999,896.4414069999999,"z"
"PhonAlign",896.4414069999999,896.471407,"O/"
"PhonAlign",896.471407,896.521407,"l"
"PhonAlign",896.521407,896.601407,"y"
"PhonAlign",896.601407,896.751407,"s"
"PhonAlign",896.751407,896.781407,"j"
"PhonAlign",896.781407,896.841407,"O~"
"PhonAlign",896.841407,896.871407,"p"
"PhonAlign",896.871407,896.901407,"2"
"PhonAlign",896.901407,897.001407,"t"
"PhonAlign",897.001407,897.0414069999999,"E"
"PhonAlign",897.0414069999999,897.121407,"t"
"PhonAlign",897.121407,897.1614069999999,"R"
"PhonAlign",897.1614069999999,897.251407,"O~"
"PhonAlign",897.251407,897.3214069999999,"p"
"PhonAlign",897.3214069999999,897.351407,"@"
"PhonAlign",897.351407,897.4114069999999,"e"
"PhonAlign",897.4114069999999,897.5514069999999,"s"
"PhonAlign",897.5514069999999,897.631407,"e"
"PhonAlign",897.631407,897.6914069999999,"j"
"PhonAlign",897.6914069999999,897.741407,"e"
"PhonAlign",897.741407,897.780806,"t"
"PhonAlign",897.780806,898.440789,"#"
"PhonAlign",898.440789,898.480789,"O/"
"PhonAlign",898.480789,898.650789,"k"
"PhonAlign",898.650789,898.740789,"e"
"PhonAlign",898.740789,898.770789,"w"
"PhonAlign",898.770789,898.807447,"E"
"PhonAlign",898.807447,899.284101,"#"
"PhonAlign",899.284101,899.624101,"s"
"PhonAlign",899.624101,899.654101,"e"
"PhonAlign",899.654101,899.724101,"l"
"PhonAlign",899.724101,899.8341009999999,"A/"
"PhonAlign",899.8341009999999,899.994101,"s"
"PhonAlign",899.994101,900.512404,"e"
"PhonAlign",900.512404,902.070699,"#"
"PhonAlign",902.070699,902.110699,"b"
"PhonAlign",902.110699,902.520699,"U~/"
"PhonAlign",902.520699,902.580699,"w"
"PhonAlign",902.580699,902.610699,"E"
"PhonAlign",902.610699,904.252311,"noise"
"PhonAlign",904.252311,909.891562,"#"
"PhonAlign",909.891562,910.021562,"s"
"PhonAlign",910.021562,910.061562,"e"
"PhonAlign",910.061562,910.191562,"s"
"PhonAlign",910.191562,910.301562,"A/"
"PhonAlign",910.301562,910.441562,"s"
"PhonAlign",910.441562,910.471562,"e"
"PhonAlign",910.471562,910.511562,"e"
"PhonAlign",910.511562,910.541562,"g"
"PhonAlign",910.541562,910.591562,"z"
"PhonAlign",910.591562,910.671562,"A/"
"PhonAlign",910.671562,910.721562,"k"
"PhonAlign",910.721562,910.761562,"t"
"PhonAlign",910.761562,910.811562,"2"
"PhonAlign",910.811562,910.881562,"m"
"PhonAlign",910.881562,910.991562,"a~"
"PhonAlign",910.991562,911.101562,"s"
"PhonAlign",911.101562,911.131562,"e"
"PhonAlign",911.131562,911.161562,"l"
"PhonAlign",911.161562,911.301562,"@"
"PhonAlign",911.301562,911.421562,"s"
"PhonAlign",911.421562,911.481562,"e"
"PhonAlign",911.481562,911.591562,"p"
"PhonAlign",911.591562,911.651562,"i"
"PhonAlign",911.651562,911.681562,"l"
"PhonAlign",911.681562,911.741562,"@"
"PhonAlign",911.741562,911.771562,"l"
"PhonAlign",911.771562,911.811562,"@"
"PhonAlign",911.811562,911.901562,"m"
"PhonAlign",911.901562,911.971562,"O/"
"PhonAlign",911.971562,912.051562,"m"
"PhonAlign",912.051562,912.203437,"a~"
"PhonAlign",912.203437,913.317188,"#"
"PhonAlign",913.317188,913.427188,"s"
"PhonAlign",913.427188,913.457188,"e"
"PhonAlign",913.457188,913.517188,"p"
"PhonAlign",913.517188,913.587188,"A/"
"PhonAlign",913.587188,913.617188,"R"
"PhonAlign",913.617188,913.717188,"f"
"PhonAlign",913.717188,913.747188,"E"
"PhonAlign",913.747188,914.707188,"#"
"PhonAlign",914.707188,914.757188,"m"
"PhonAlign",914.757188,914.787188,"w"
"PhonAlign",914.787188,914.877188,"E"
"PhonAlign",914.877188,915.087188,"s"
"PhonAlign",915.087188,915.147188,"e"
"PhonAlign",915.147188,915.247188,"s"
"PhonAlign",915.247188,915.45,"A/"
"PhonAlign",915.45,920.590312,"#"
"PhonAlign",920.590312,920.690312,"d"
"PhonAlign",920.690312,920.800312,"O~"
"PhonAlign",920.800312,920.927812,"k"
"PhonAlign",920.927812,931.424062,"#"
"PhonAlign",931.424062,931.474062,"O/"
"PhonAlign",931.474062,931.564062,"k"
"PhonAlign",931.564062,931.624062,"e"
"PhonAlign",931.624062,931.724062,"S"
"PhonAlign",931.724062,931.804062,"p"
"PhonAlign",931.804062,932.044062,"2"
"PhonAlign",932.044062,932.074062,"z"
"PhonAlign",932.074062,932.104062,"v"
"PhonAlign",932.104062,932.134062,"u"
"PhonAlign",932.134062,932.204062,"d"
"PhonAlign",932.204062,932.234062,"i"
"PhonAlign",932.234062,932.284062,"R"
"PhonAlign",932.284062,932.354062,"k"
"PhonAlign",932.354062,932.404062,"E"
"PhonAlign",932.404062,932.434062,"l"
"PhonAlign",932.434062,932.464062,"k"
"PhonAlign",932.464062,932.534062,"S"
"PhonAlign",932.534062,932.634062,"O/"
"PhonAlign",932.634062,932.864062,"z"
"PhonAlign",932.864062,932.964062,"S"
"PhonAlign",932.964062,933.024062,"p"
"PhonAlign",933.024062,933.144062,"a~"
"PhonAlign",933.144062,933.224062,"s"
"PhonAlign",933.224062,933.274062,"k"
"PhonAlign",933.274062,933.344062,"@"
"PhonAlign",933.344062,933.404062,"d"
"PhonAlign",933.404062,933.514062,"a~"
"PhonAlign",933.514062,933.604062,"z"
"PhonAlign",933.604062,933.654062,"y"
"PhonAlign",933.654062,933.714062,"n"
"PhonAlign",933.714062,933.744062,"@"
"PhonAlign",933.744062,933.804062,"R"
"PhonAlign",933.804062,933.844062,"E"
"PhonAlign",933.844062,933.914062,"y"
"PhonAlign",933.914062,933.964062,"n"
"PhonAlign",933.964062,934.014062,"j"
"PhonAlign",934.014062,934.074062,"O~"
"PhonAlign",934.074062,934.124062,"d"
"PhonAlign",934.124062,934.164062,"p"
"PhonAlign",934.164062,934.224062,"R"
"PhonAlign",934.224062,934.254062,"E"
"PhonAlign",934.254062,934.304062,"v"
"PhonAlign",934.304062,934.384062,"a~"
"PhonAlign",934.384062,934.474062,"s"
"PhonAlign",934.474062,934.504062,"j"
"PhonAlign",934.504062,934.534062,"O~"
"PhonAlign",934.534062,934.564062,"#"
"PhonAlign",934.564062,934.654062,"S"
"PhonAlign",934.654062,934.694062,"p"
"PhonAlign",934.694062,934.744062,"a~"
"PhonAlign",934.744062,934.804062,"s"
"PhonAlign",934.804062,934.894062,"p"
"PhonAlign",934.894062,934.954062,"A/"
"PhonAlign",934.954062,935.074062,"k"
"PhonAlign",935.074062,935.274062,"y"
"PhonAlign",935.274062,935.374062,"n"
"PhonAlign",935.374062,935.67,"@"
"PhonAlign",935.67,935.82,"#"
"PhonAlign",935.82,935.92,"y"
"PhonAlign",935.92,935.98,"n"
"PhonAlign",935.98,936.06,"p"
"PhonAlign",936.06,936.1,"E"
"PhonAlign",936.1,936.16,"R"
"PhonAlign",936.16,936.26,"s"
"PhonAlign",936.26,936.29,"O/"
"PhonAlign",936.29,936.34,"n"
"PhonAlign",936.34,936.42,"A/"
"PhonAlign",936.42,936.47,"l"
"PhonAlign",936.47,936.52,"i"
"PhonAlign",936.52,936.61,"t"
"PhonAlign",936.61,936.66,"e"
"PhonAlign",936.66,936.73,"t"
"PhonAlign",936.73,936.79,"R"
"PhonAlign",936.79,936.86,"O/"
"PhonAlign",936.86,936.94,"k"
"PhonAlign",936.94,937.0,"O/"
"PhonAlign",937.0,937.07,"n"
"PhonAlign",937.07,937.225,"y"
"PhonAlign",937.225,937.84,"#"
"PhonAlign",937.84,938.03,"E"
"PhonAlign",938.03,938.18,"s"
"PhonAlign",938.18,938.25,"w"
"PhonAlign",938.25,938.29,"A/"
"PhonAlign",938.29,938.36,"n"
"PhonAlign",938.36,938.4,"e"
"PhonAlign",938.4,938.53,"s"
"PhonAlign",938.53,938.57,"e"
"PhonAlign",938.57,938.71,"s"
"PhonAlign",938.71,938.81,"E"
"PhonAlign",938.81,938.98,"R"
"PhonAlign",938.98,939.01,"d"
"PhonAlign",939.01,939.04,"Z"
"PhonAlign",939.04,939.2,"A/"
"PhonAlign",939.2,939.26,"O/"
"PhonAlign",939.26,939.32,"n"
"PhonAlign",939.32,939.37,"i"
"PhonAlign",939.37,939.45,"v"
"PhonAlign",939.45,939.5,"O/"
"PhonAlign",939.5,939.58,"d"
"PhonAlign",939.58,939.67,"y"
"PhonAlign",939.67,939.79,"k"
"PhonAlign",939.79,939.94,"u"
"PhonAlign",939.94,939.97,"e"
"PhonAlign",939.97,940.0,"Z"
"PhonAlign",940.0,940.44,"p"
"PhonAlign",940.44,940.52,"a~"
"PhonAlign",940.52,940.58,"s"
"PhonAlign",940.58,940.64,"k"
"PhonAlign",940.64,940.68,"@"
"PhonAlign",940.68,940.77,"s"
"PhonAlign",940.77,940.83,"e"
"PhonAlign",940.83,940.96,"p"
"PhonAlign",940.96,940.99,"l"
"PhonAlign",940.99,941.03,"y"
"PhonAlign",941.03,941.11,"z"
"PhonAlign",941.11,941.16,"d"
"PhonAlign",941.16,941.22,"e"
"PhonAlign",941.22,941.33,"t"
"PhonAlign",941.33,941.4,"e"
"PhonAlign",941.4,941.48,"m"
"PhonAlign",941.48,941.55,"w"
"PhonAlign",941.55,941.59,"A/"
"PhonAlign",941.59,941.65,"n"
"PhonAlign",941.65,941.71,"j"
"PhonAlign",941.71,941.83,"A/"
"PhonAlign",941.83,941.91,"Z"
"PhonAlign",941.91,941.95,"e"
"PhonAlign",941.95,942.12,"Z"
"PhonAlign",942.12,942.15,"d"
"PhonAlign",942.15,942.18,"i"
"PhonAlign",942.18,942.21,"R"
"PhonAlign",942.21,942.31,"e"
"PhonAlign",942.31,942.4,"d"
"PhonAlign",942.4,942.93,"#"
"PhonAlign",942.93,942.96,"p"
"PhonAlign",942.96,942.99,"A/"
"PhonAlign",942.99,943.02,"R"
"PhonAlign",943.02,943.05,"e"
"PhonAlign",943.05,943.08,"g"
"PhonAlign",943.08,943.11,"z"
"PhonAlign",943.11,943.18,"a~"
"PhonAlign",943.18,943.21,"p"
"PhonAlign",943.21,943.24,"l"
"PhonAlign",943.24,943.33,"f"
"PhonAlign",943.33,943.37,"E"
"PhonAlign",943.37,943.46,"R"
"PhonAlign",943.46,943.53,"v"
"PhonAlign",943.53,943.6,"@"
"PhonAlign",943.6,943.66,"n"
"PhonAlign",943.66,943.71,"i"
"PhonAlign",943.71,943.74,"R"
"PhonAlign",943.74,943.9,"U~/"
"PhonAlign",943.9,943.97,"d"
"PhonAlign",943.97,944.07,"O/"
"PhonAlign",944.07,944.17,"k"
"PhonAlign",944.17,944.22,"t"
"PhonAlign",944.22,944.45,"9"
"PhonAlign",944.45,944.53,"R"
"PhonAlign",944.53,944.57,"E"
"PhonAlign",944.57,944.65,"t"
"PhonAlign",944.65,944.71,"s"
"PhonAlign",944.71,944.74,"E"
"PhonAlign",944.74,944.83,"t"
"PhonAlign",944.83,944.89,"E"
"PhonAlign",944.89,944.92,"R"
"PhonAlign",944.92,945.02,"A/"
"PhonAlign",945.02,945.11,"u"
"PhonAlign",945.11,945.21,"f"
"PhonAlign",945.21,945.25,"E"
"PhonAlign",945.25,945.31,"R"
"PhonAlign",945.31,945.4,"v"
"PhonAlign",945.4,945.43,"n"
"PhonAlign",945.43,945.49,"i"
"PhonAlign",945.49,945.52,"R"
"PhonAlign",945.52,945.55,"y"
"PhonAlign",945.55,945.63,"n"
"PhonAlign",945.63,945.67,"@"
"PhonAlign",945.67,945.8,"v"
"PhonAlign",945.8,945.88,"i"
"PhonAlign",945.88,945.91,"k"
"PhonAlign",945.91,946.04,"t"
"PhonAlign",946.04,946.11,"i"
"PhonAlign",946.11,946.2,"m"
"PhonAlign",946.2,946.75,"#"
"PhonAlign",946.75,946.78,"d"
"PhonAlign",946.78,946.84,"E"
"PhonAlign",946.84,946.87,"R"
"PhonAlign",946.87,946.95,"e"
"PhonAlign",946.95,947.06,"z"
"PhonAlign",947.06,947.11,"O/"
"PhonAlign",947.11,947.22,"u"
"PhonAlign",947.22,947.32,"f"
"PhonAlign",947.32,947.35,"E"
"PhonAlign",947.35,947.43,"R"
"PhonAlign",947.43,947.5,"v"
"PhonAlign",947.5,947.56,"@"
"PhonAlign",947.56,947.61,"n"
"PhonAlign",947.61,947.64,"i"
"PhonAlign",947.64,947.72,"R"
"PhonAlign",947.72,947.8,"Z"
"PhonAlign",947.8,947.92,"s"
"PhonAlign",947.92,947.95,"e"
"PhonAlign",947.95,948.02,"p"
"PhonAlign",948.02,948.09,"A/"
"PhonAlign",948.09,948.14,"d"
"PhonAlign",948.14,948.18,"e"
"PhonAlign",948.18,948.26,"s"
"PhonAlign",948.26,948.31,"p"
"PhonAlign",948.31,948.36,"e"
"PhonAlign",948.36,948.47,"s"
"PhonAlign",948.47,948.5,"j"
"PhonAlign",948.5,948.54,"A/"
"PhonAlign",948.54,948.58,"l"
"PhonAlign",948.58,948.65,"i"
"PhonAlign",948.65,948.74,"s"
"PhonAlign",948.74,948.82,"t"
"PhonAlign",948.82,948.89,"m"
"PhonAlign",948.89,948.96,"e"
"PhonAlign",948.96,949.03,"S"
"PhonAlign",949.03,949.1,"p"
"PhonAlign",949.1,949.2,"a~"
"PhonAlign",949.2,949.27,"s"
"PhonAlign",949.27,949.34,"k"
"PhonAlign",949.34,949.37,"@"
"PhonAlign",949.37,949.49,"s"
"PhonAlign",949.49,949.56,"A/"
"PhonAlign",949.56,949.74,"s"
"PhonAlign",949.74,949.78,"s"
"PhonAlign",949.78,949.83,"R"
"PhonAlign",949.83,949.88,"A/"
"PhonAlign",949.88,949.98,"p"
"PhonAlign",949.98,950.01,"l"
"PhonAlign",950.01,950.04,"y"
"PhonAlign",950.04,950.11,"z"
"PhonAlign",950.11,950.21,"U~/"
"PhonAlign",950.21,950.26,"p"
"PhonAlign",950.26,950.31,"O/"
"PhonAlign",950.31,950.35,"R"
"PhonAlign",950.35,950.43,"t"
"PhonAlign",950.43,950.51,"a~"
"PhonAlign",950.51,950.77,"t"
"PhonAlign",950.77,950.93,"k"
"PhonAlign",950.93,951.03,"A/"
"PhonAlign",951.03,951.08,"v"
"PhonAlign",951.08,951.12,"w"
"PhonAlign",951.12,951.17,"A/"
"PhonAlign",951.17,951.2,"R"
"PhonAlign",951.2,951.23,"y"
"PhonAlign",951.23,951.27,"n"
"PhonAlign",951.27,951.31,"p"
"PhonAlign",951.31,951.36,"E"
"PhonAlign",951.36,951.42,"R"
"PhonAlign",951.42,951.49,"s"
"PhonAlign",951.49,951.52,"O/"
"PhonAlign",951.52,951.57,"n"
"PhonAlign",951.57,951.62,"A/"
"PhonAlign",951.62,951.65,"l"
"PhonAlign",951.65,951.69,"i"
"PhonAlign",951.69,951.78,"t"
"PhonAlign",951.78,951.81,"e"
"PhonAlign",951.81,951.84,"d"
"PhonAlign",951.84,951.93,"k"
"PhonAlign",951.93,951.98,"O/"
"PhonAlign",951.98,952.04,"n"
"PhonAlign",952.04,952.09,"y"
"PhonAlign",952.09,952.18,"f"
"PhonAlign",952.18,952.22,"E"
"PhonAlign",952.22,952.3,"R"
"PhonAlign",952.3,952.36,"v"
"PhonAlign",952.36,952.44,"@"
"PhonAlign",952.44,952.5,"n"
"PhonAlign",952.5,952.55,"i"
"PhonAlign",952.55,952.64,"R"
"PhonAlign",952.64,952.71,"U~/"
"PhonAlign",952.71,952.8,"m"
"PhonAlign",952.8,952.87,"A/"
"PhonAlign",952.87,952.99,"R"
"PhonAlign",952.99,953.09,"z"
"PhonAlign",953.09,953.14,"y"
"PhonAlign",953.14,953.3,"k"
"PhonAlign",953.3,953.79,"#"
"PhonAlign",953.79,953.9,"z"
"PhonAlign",953.9,953.93,"y"
"PhonAlign",953.93,953.99,"k"
"PhonAlign",953.99,954.1,"E"
"PhonAlign",954.1,954.13,"R"
"PhonAlign",954.13,954.24,"b"
"PhonAlign",954.24,954.39,"E"
"PhonAlign",954.39,954.42,"R"
"PhonAlign",954.42,954.5,"g"
"PhonAlign",954.5,954.58,"k"
"PhonAlign",954.58,954.72,"O/"
"PhonAlign",954.72,954.78,"m"
"PhonAlign",954.78,954.85,"E"
"PhonAlign",954.85,954.89,"n"
"PhonAlign",954.89,954.92,"u"
"PhonAlign",954.92,955.0,"z"
"PhonAlign",955.0,955.07,"A/"
"PhonAlign",955.07,955.16,"d"
"PhonAlign",955.16,955.5,"i"
"PhonAlign",955.5,955.7,"t"
"PhonAlign",955.7,956.2,"#"
"PhonAlign",956.2,956.23,"m"
"PhonAlign",956.23,956.44,"e"
"PhonAlign",956.44,956.48,"n"
"PhonAlign",956.48,956.56,"a~"
"PhonAlign",956.56,956.65,"m"
"PhonAlign",956.65,956.77,"s"
"PhonAlign",956.77,957.13,"e"
"PhonAlign",957.13,957.41,"*"
"PhonAlign",957.41,957.49,"*"
"PhonAlign",957.49,957.55,"*"
"PhonAlign",957.55,957.64,"Z"
"PhonAlign",957.64,957.72,"@"
"PhonAlign",957.72,957.82,"s"
"PhonAlign",957.82,957.92,"e"
"PhonAlign",957.92,957.98,"k"
"PhonAlign",957.98,958.02,"t"
"PhonAlign",958.02,958.08,"y"
"PhonAlign",958.08,958.11,"d"
"PhonAlign",958.11,958.14,"i"
"PhonAlign",958.14,958.19,"z"
"PhonAlign",958.19,958.27,"E"
"PhonAlign",958.27,958.3,"p"
"PhonAlign",958.3,958.38,"A/"
"PhonAlign",958.38,958.43,"s"
"PhonAlign",958.43,958.55,"A/"
"PhonAlign",958.55,959.1,"#"
"PhonAlign",959.1,959.18,"s"
"PhonAlign",959.18,959.25,"t"
"PhonAlign",959.25,959.31,"e"
"PhonAlign",959.31,959.38,"Z"
"PhonAlign",959.38,959.42,"y"
"PhonAlign",959.42,959.54,"s"
"PhonAlign",959.54,959.59,"U~/"
"PhonAlign",959.59,959.65,"n"
"PhonAlign",959.65,959.72,"E"
"PhonAlign",959.72,959.75,"g"
"PhonAlign",959.75,959.83,"z"
"PhonAlign",959.83,959.93,"a~"
"PhonAlign",959.93,960.01,"p"
"PhonAlign",960.01,960.04,"l"
"PhonAlign",960.04,960.98,"#"
"PhonAlign",960.98,961.03,"v"
"PhonAlign",961.03,961.08,"w"
"PhonAlign",961.08,961.2,"A/"
"PhonAlign",961.2,961.23,"l"
"PhonAlign",961.23,961.326563,"A/"
"PhonAlign",961.326563,966.926937,"#"
"PhonAlign",966.926937,966.996937,"w"
"PhonAlign",966.996937,967.126937,"E"
"PhonAlign",967.126937,967.676937,"l"
"PhonAlign",967.676937,968.136937,"A/"
"PhonAlign",968.136937,968.216937,"n"
"PhonAlign",968.216937,968.416937,"O~"
"PhonAlign",968.416937,968.466899,"n"
"PhonAlign",968.466899,969.696563,"#"
"PhonAlign",969.696563,969.826563,"s"
"PhonAlign",969.826563,969.856563,"e"
"PhonAlign",969.856563,969.886563,"l"
"PhonAlign",969.886563,969.936563,"A/"
"PhonAlign",969.936563,969.996563,"p"
"PhonAlign",969.996563,970.026563,"R"
"PhonAlign",970.026563,970.066563,"E"
"PhonAlign",970.066563,970.176563,"v"
"PhonAlign",970.176563,970.206563,"a~"
"PhonAlign",970.206563,970.296563,"s"
"PhonAlign",970.296563,970.326563,"j"
"PhonAlign",970.326563,970.405313,"O~"
"PhonAlign",970.405313,973.020937,"#"
"PhonAlign",973.020937,973.060937,"s"
"PhonAlign",973.060937,973.230937,"e"
"PhonAlign",973.230937,973.360937,"s"
"PhonAlign",973.360937,973.510937,"A/"
"PhonAlign",973.510937,973.550937,"Z"
"PhonAlign",973.550937,973.610937,"S"
"PhonAlign",973.610937,973.640937,"p"
"PhonAlign",973.640937,973.730937,"a~"
"PhonAlign",973.730937,973.800937,"s"
"PhonAlign",973.800937,973.850937,"k"
"PhonAlign",973.850937,973.890937,"@"
"PhonAlign",973.890937,973.990937,"t"
"PhonAlign",973.990937,974.050937,"u"
"PhonAlign",974.050937,974.140937,"s"
"PhonAlign",974.140937,974.180937,"p"
"PhonAlign",974.180937,974.280937,"E"
"PhonAlign",974.280937,974.400937,"s"
"PhonAlign",974.400937,974.440937,"j"
"PhonAlign",974.440937,974.490937,"A/"
"PhonAlign",974.490937,974.570937,"l"
"PhonAlign",974.570937,974.650937,"i"
"PhonAlign",974.650937,974.710937,"s"
"PhonAlign",974.710937,974.790937,"t"
"PhonAlign",974.790937,974.820937,"i"
"PhonAlign",974.820937,974.860937,"l"
"PhonAlign",974.860937,974.890937,"n"
"PhonAlign",974.890937,974.920937,"j"
"PhonAlign",974.920937,974.950937,"A/"
"PhonAlign",974.950937,974.980937,"p"
"PhonAlign",974.980937,975.040937,"A/"
"PhonAlign",975.040937,975.110937,"U~/"
"PhonAlign",975.110937,975.190937,"d"
"PhonAlign",975.190937,975.250937,"2"
"PhonAlign",975.250937,975.330937,"g"
"PhonAlign",975.330937,975.360937,"R"
"PhonAlign",975.360937,975.420937,"e"
"PhonAlign",975.420937,975.480937,"d"
"PhonAlign",975.480937,975.540937,"@"
"PhonAlign",975.540937,975.610937,"s"
"PhonAlign",975.610937,975.680937,"p"
"PhonAlign",975.680937,975.730937,"e"
"PhonAlign",975.730937,975.820937,"s"
"PhonAlign",975.820937,975.850937,"j"
"PhonAlign",975.850937,975.880937,"A/"
"PhonAlign",975.880937,975.910937,"l"
"PhonAlign",975.910937,976.000937,"i"
"PhonAlign",976.000937,976.080937,"s"
"PhonAlign",976.080937,976.110937,"t"
"PhonAlign",976.110937,976.140937,"k"
"PhonAlign",976.140937,976.190937,"i"
"PhonAlign",976.190937,976.300937,"s"
"PhonAlign",976.300937,976.350937,"R"
"PhonAlign",976.350937,976.440937,"A/"
"PhonAlign",976.440937,976.550937,"m"
"PhonAlign",976.550937,976.580937,"j"
"PhonAlign",976.580937,977.090937,"2"
"PhonAlign",977.090937,977.120937,"z"
"PhonAlign",977.120937,977.200937,"v"
"PhonAlign",977.200937,977.230937,"l"
"PhonAlign",977.230937,977.350937,"A/"
"PhonAlign",977.350937,977.420937,"Z"
"PhonAlign",977.420937,977.490937,"p"
"PhonAlign",977.490937,977.550937,"a~"
"PhonAlign",977.550937,977.610937,"s"
"PhonAlign",977.610937,977.660937,"k"
"PhonAlign",977.660937,977.740937,"n"
"PhonAlign",977.740937,977.820937,"U~/"
"PhonAlign",977.820937,977.870937,"p"
"PhonAlign",977.870937,977.910937,"O/"
"PhonAlign",977.910937,977.940937,"R"
"PhonAlign",977.940937,977.980937,"t"
"PhonAlign",977.980937,978.030937,"k"
"PhonAlign",978.030937,978.070937,"E"
"PhonAlign",978.070937,978.100937,"l"
"PhonAlign",978.100937,978.150937,"s"
"PhonAlign",978.150937,978.220937,"p"
"PhonAlign",978.220937,978.270937,"e"
"PhonAlign",978.270937,978.340937,"s"
"PhonAlign",978.340937,978.370937,"j"
"PhonAlign",978.370937,978.400937,"A/"
"PhonAlign",978.400937,978.450937,"l"
"PhonAlign",978.450937,978.500937,"i"
"PhonAlign",978.500937,978.570937,"s"
"PhonAlign",978.570937,978.650937,"t"
"PhonAlign",978.650937,978.790937,"e"
"PhonAlign",978.790937,978.820937,"A/"
"PhonAlign",978.820937,978.850937,"p"
"PhonAlign",978.850937,978.880937,"t"
"PhonAlign",978.880937,978.970937,"A/"
"PhonAlign",978.970937,979.080937,"p"
"PhonAlign",979.080937,979.110937,"A/"
"PhonAlign",979.110937,979.140937,"R"
"PhonAlign",979.140937,979.170937,"l"
"PhonAlign",979.170937,979.200937,"e"
"PhonAlign",979.200937,979.430937,"A/"
"PhonAlign",979.430937,979.490937,"d"
"PhonAlign",979.490937,979.520937,"e"
"PhonAlign",979.520937,979.590937,"z"
"PhonAlign",979.590937,979.690937,"a~"
"PhonAlign",979.690937,979.800937,"f"
"PhonAlign",979.800937,979.880937,"a~"
"PhonAlign",979.880937,979.990937,"s"
"PhonAlign",979.990937,980.020937,"y"
"PhonAlign",980.020937,980.060937,"R"
"PhonAlign",980.060937,980.120937,"l"
"PhonAlign",980.120937,980.170937,"e"
"PhonAlign",980.170937,980.250937,"d"
"PhonAlign",980.250937,980.380937,"a~"
"PhonAlign",980.380937,980.480937,"Z"
"PhonAlign",980.480937,980.530937,"e"
"PhonAlign",980.530937,980.560937,"t"
"PhonAlign",980.560937,980.910937,"#"
"PhonAlign",980.910937,981.360937,"fp"
"PhonAlign",981.360937,981.410937,"d"
"PhonAlign",981.410937,981.450937,"t"
"PhonAlign",981.450937,981.490937,"E"
"PhonAlign",981.490937,981.540937,"l"
"PhonAlign",981.540937,981.600937,"E"
"PhonAlign",981.600937,981.700937,"f"
"PhonAlign",981.700937,981.770937,"O/"
"PhonAlign",981.770937,981.870937,"n"
"PhonAlign",981.870937,982.620937,"#"
"PhonAlign",982.620937,982.660937,"e"
"PhonAlign",982.660937,982.710937,"S"
"PhonAlign",982.710937,982.780937,"p"
"PhonAlign",982.780937,982.870937,"a~"
"PhonAlign",982.870937,982.960937,"s"
"PhonAlign",982.960937,983.000937,"k"
"PhonAlign",983.000937,983.080937,"@"
"PhonAlign",983.080937,983.110937,"w"
"PhonAlign",983.110937,983.140937,"E"
"PhonAlign",983.140937,983.240937,"O~"
"PhonAlign",983.240937,983.290937,"p"
"PhonAlign",983.290937,983.330937,"u"
"PhonAlign",983.330937,983.370937,"R"
"PhonAlign",983.370937,983.430937,"E"
"PhonAlign",983.430937,983.630937,"m"
"PhonAlign",983.630937,983.710937,"E"
"PhonAlign",983.710937,983.760937,"m"
"PhonAlign",983.760937,983.830937,"m"
"PhonAlign",983.830937,983.860937,"i"
"PhonAlign",983.860937,983.970937,"z"
"PhonAlign",983.970937,984.050937,"e"
"PhonAlign",984.050937,984.150937,"s"
"PhonAlign",984.150937,984.180937,"y"
"PhonAlign",984.180937,984.230937,"R"
"PhonAlign",984.230937,984.320937,"s"
"PhonAlign",984.320937,984.390937,"E"
"PhonAlign",984.390937,984.450937,"t"
"PhonAlign",984.450937,984.510937,"t"
"PhonAlign",984.510937,984.580937,"u"
"PhonAlign",984.580937,984.660937,"S"
"PhonAlign",984.660937,984.760937,"A/"
"PhonAlign",984.760937,984.810937,"v"
"PhonAlign",984.810937,984.870937,"E"
"PhonAlign",984.870937,984.980937,"k"
"PhonAlign",984.980937,985.130937,"m"
"PhonAlign",985.130937,985.160937,"w"
"PhonAlign",985.160937,985.200937,"A/"
"PhonAlign",985.200937,985.330937,"Z"
"PhonAlign",985.330937,985.530937,"@"
"PhonAlign",985.530937,985.610937,"v"
"PhonAlign",985.610937,985.650937,"R"
"PhonAlign",985.650937,985.680937,"E"
"PhonAlign",985.680937,985.740937,"m"
"PhonAlign",985.740937,985.810937,"a~"
"PhonAlign",985.810937,985.870937,"S"
"PhonAlign",985.870937,985.920937,"p"
"PhonAlign",985.920937,985.990937,"a~"
"PhonAlign",985.990937,986.060937,"s"
"PhonAlign",986.060937,986.110937,"k"
"PhonAlign",986.110937,986.150937,"l"
"PhonAlign",986.150937,986.220937,"e"
"PhonAlign",986.220937,986.340937,"t"
"PhonAlign",986.340937,986.390937,"e"
"PhonAlign",986.390937,986.460937,"m"
"PhonAlign",986.460937,986.500937,"w"
"PhonAlign",986.500937,986.530937,"A/"
"PhonAlign",986.530937,986.580937,"n"
"PhonAlign",986.580937,986.630937,"j"
"PhonAlign",986.630937,986.700937,"A/"
"PhonAlign",986.700937,986.790937,"Z"
"PhonAlign",986.790937,986.860937,"m"
"PhonAlign",986.860937,986.890937,"w"
"PhonAlign",986.890937,986.920937,"A/"
"PhonAlign",986.920937,987.000937,"k"
"PhonAlign",987.000937,987.040937,"a~"
"PhonAlign",987.040937,987.070937,"Z"
"PhonAlign",987.070937,987.100937,"e"
"PhonAlign",987.100937,987.230937,"t"
"PhonAlign",987.230937,987.290937,"e"
"PhonAlign",987.290937,987.400937,"p"
"PhonAlign",987.400937,987.430937,"l"
"PhonAlign",987.430937,987.490937,"y"
"PhonAlign",987.490937,987.550937,"Z"
"PhonAlign",987.550937,987.610937,"9"
"PhonAlign",987.610937,987.710937,"n"
"PhonAlign",987.710937,987.840937,"s"
"PhonAlign",987.840937,987.880937,"@"
"PhonAlign",987.880937,988.000937,"s"
"PhonAlign",988.000937,988.100937,"O~"
"PhonAlign",988.100937,988.140937,"l"
"PhonAlign",988.140937,988.190937,"@"
"PhonAlign",988.190937,988.290937,"t"
"PhonAlign",988.290937,988.350937,"e"
"PhonAlign",988.350937,988.430937,"m"
"PhonAlign",988.430937,988.460937,"w"
"PhonAlign",988.460937,988.490937,"A/"
"PhonAlign",988.490937,988.540937,"n"
"PhonAlign",988.540937,988.590937,"j"
"PhonAlign",988.590937,988.660937,"A/"
"PhonAlign",988.660937,988.710937,"Z"
"PhonAlign",988.710937,988.840937,"k"
"PhonAlign",988.840937,988.880937,"j"
"PhonAlign",988.880937,988.960937,"m"
"PhonAlign",988.960937,989.140937,"@"
"PhonAlign",989.140937,989.260937,"k"
"PhonAlign",989.260937,989.330937,"m"
"PhonAlign",989.330937,989.410937,"p"
"PhonAlign",989.410937,989.520937,"A/"
"PhonAlign",989.520937,989.550937,"R"
"PhonAlign",989.550937,989.580937,"l"
"PhonAlign",989.580937,989.610937,"E"
"PhonAlign",989.610937,989.640937,"l"
"PhonAlign",989.640937,989.760937,"p"
"PhonAlign",989.760937,989.790937,"l"
"PhonAlign",989.790937,989.890937,"y"
"PhonAlign",989.890937,990.040937,"s"
"PhonAlign",990.040937,990.750937,"#"
"PhonAlign",990.750937,990.780937,"e"
"PhonAlign",990.780937,990.830937,"S"
"PhonAlign",990.830937,990.900937,"p"
"PhonAlign",990.900937,990.970937,"a~"
"PhonAlign",990.970937,991.030937,"s"
"PhonAlign",991.030937,991.080937,"k"
"PhonAlign",991.080937,991.150937,"O~"
"PhonAlign",991.150937,991.210937,"p"
"PhonAlign",991.210937,991.270937,"u"
"PhonAlign",991.270937,991.300937,"R"
"PhonAlign",991.300937,991.330937,"E"
"PhonAlign",991.330937,991.420937,"Z"
"PhonAlign",991.420937,991.460937,"u"
"PhonAlign",991.460937,991.500937,"e"
"PhonAlign",991.500937,991.600937,"s"
"PhonAlign",991.600937,991.650937,"E"
"PhonAlign",991.650937,991.700937,"t"
"PhonAlign",991.700937,991.760937,"k"
"PhonAlign",991.760937,991.820937,"A/"
"PhonAlign",991.820937,991.870937,"R"
"PhonAlign",991.870937,991.950937,"t"
"PhonAlign",991.950937,992.000937,"A/"
"PhonAlign",992.000937,992.060937,"p"
"PhonAlign",992.060937,992.110937,"R"
"PhonAlign",992.110937,992.160937,"E"
"PhonAlign",992.160937,992.210937,"Z"
"PhonAlign",992.210937,992.260937,"@"
"PhonAlign",992.260937,992.380937,"s"
"PhonAlign",992.380937,992.420937,"E"
"PhonAlign",992.420937,992.510937,"p"
"PhonAlign",992.510937,992.640937,"A/"
"PhonAlign",992.640937,992.890937,"fp"
"PhonAlign",992.890937,992.940937,"*"
"PhonAlign",992.940937,993.010937,"*"
"PhonAlign",993.010937,993.040937,"*"
"PhonAlign",993.040937,993.120937,"*"
"PhonAlign",993.120937,993.270937,"*"
"PhonAlign",993.270937,993.310937,"*"
"PhonAlign",993.310937,993.4,"*"
"PhonAlign",993.4,994.44,"#"
"PhonAlign",994.44,994.5,"t"
"PhonAlign",994.5,994.54,"A/"
"PhonAlign",994.54,994.6,"d"
"PhonAlign",994.6,994.63,"e"
"PhonAlign",994.63,994.74,"z"
"PhonAlign",994.74,994.77,"i"
"PhonAlign",994.77,994.84,"d"
"PhonAlign",994.84,994.890937,"e"
"PhonAlign",994.890937,1001.944687,"#"
"PhonAlign",1001.944687,1002.194687,"U~/"
"PhonAlign",1002.194687,1002.224687,"p"
"PhonAlign",1002.224687,1002.254687,"2"
"PhonAlign",1002.254687,1002.99,"fp"
"PhonAlign",1002.99,1004.001928,"#"
"PhonAlign",1004.001928,1004.161928,"Z"
"PhonAlign",1004.161928,1004.211928,"E"
"PhonAlign",1004.211928,1004.281928,"m"
"PhonAlign",1004.281928,1004.311928,"R"
"PhonAlign",1004.311928,1004.361928,"E"
"PhonAlign",1004.361928,1004.421928,"b"
"PhonAlign",1004.421928,1004.461928,"j"
"PhonAlign",1004.461928,1004.591928,"U~/"
"PhonAlign",1004.591928,1004.921928,"Z"
"PhonAlign",1004.921928,1005.181928,"p"
"PhonAlign",1005.181928,1005.381928,"A/"
"PhonAlign",1005.381928,1005.471928,"R"
"PhonAlign",1005.471928,1005.501928,"l"
"PhonAlign",1005.501928,1005.621928,"#"
"PhonAlign",1005.621928,1005.701928,"O~"
"PhonAlign",1005.701928,1005.791928,"p"
"PhonAlign",1005.791928,1005.821928,"u"
"PhonAlign",1005.821928,1005.851928,"R"
"PhonAlign",1005.851928,1005.881928,"E"
"PhonAlign",1005.881928,1005.931928,"m"
"PhonAlign",1005.931928,1006.001928,"E"
"PhonAlign",1006.001928,1006.061928,"m"
"PhonAlign",1006.061928,1006.121928,"f"
"PhonAlign",1006.121928,1006.161928,"E"
"PhonAlign",1006.161928,1006.301928,"R"
"PhonAlign",1006.301928,1006.571928,"@"
"PhonAlign",1006.571928,1007.011928,"v"
"PhonAlign",1007.011928,1007.041928,"n"
"PhonAlign",1007.041928,1007.081928,"i"
"PhonAlign",1007.081928,1007.228514,"R"
"PhonAlign",1007.228514,1007.723502,"#"
"PhonAlign",1007.723502,1007.843502,"s"
"PhonAlign",1007.843502,1007.953502,"e"
"PhonAlign",1007.953502,1008.053502,"s"
"PhonAlign",1008.053502,1008.255155,"A/"
"PhonAlign",1008.255155,1014.255,"#"
"PhonAlign",1014.255,1014.295,"s"
"PhonAlign",1014.295,1014.485,"@"
"PhonAlign",1014.485,1014.745,"s"
"PhonAlign",1014.745,1014.795,"R"
"PhonAlign",1014.795,1015.325,"A/"
"PhonAlign",1015.325,1015.465,"s"
"PhonAlign",1015.465,1015.495,"@"
"PhonAlign",1015.495,1015.615,"s"
"PhonAlign",1015.615,1015.675,"R"
"PhonAlign",1015.675,1015.725,"A/"
"PhonAlign",1015.725,1015.755,"y"
"PhonAlign",1015.755,1015.785,"n"
"PhonAlign",1015.785,1015.995,"v"
"PhonAlign",1015.995,1016.085,"i"
"PhonAlign",1016.085,1016.125,"k"
"PhonAlign",1016.125,1016.245,"t"
"PhonAlign",1016.245,1016.305,"i"
"PhonAlign",1016.305,1016.405,"m"
"PhonAlign",1016.405,1016.945,"@"
"PhonAlign",1016.945,1016.975,"e"
"PhonAlign",1016.975,1017.135,"R"
"PhonAlign",1017.135,1017.405,"i"
"PhonAlign",1017.405,1017.495,"k"
"PhonAlign",1017.495,1017.71,"A/"
"PhonAlign",1017.71,1017.925,"#"
"PhonAlign",1017.925,1017.995,"S"
"PhonAlign",1017.995,1018.095,"E"
"PhonAlign",1018.095,1018.175,"d"
"PhonAlign",1018.175,1018.255,"e"
"PhonAlign",1018.255,1018.335,"Z"
"PhonAlign",1018.335,1018.395,"A/"
"PhonAlign",1018.395,1018.465,"p"
"PhonAlign",1018.465,1018.495,"R"
"PhonAlign",1018.495,1018.525,"i"
"PhonAlign",1018.525,1018.605,"a~"
"PhonAlign",1018.605,1018.665,"k"
"PhonAlign",1018.665,1018.765,"O~"
"PhonAlign",1018.765,1018.845,"t"
"PhonAlign",1018.845,1018.905,"A/"
"PhonAlign",1018.905,1018.935,"k"
"PhonAlign",1018.935,1019.015,"t"
"PhonAlign",1019.015,1019.055,"A/"
"PhonAlign",1019.055,1019.115,"v"
"PhonAlign",1019.115,1019.165,"E"
"PhonAlign",1019.165,1019.265,"k"
"PhonAlign",1019.265,1019.315,"E"
"PhonAlign",1019.315,1019.345,"l"
"PhonAlign",1019.345,1019.535,"@"
"PhonAlign",1019.535,1020.156697,"#"
"PhonAlign",1020.156697,1020.196697,"e"
"PhonAlign",1020.196697,1020.256697,"R"
"PhonAlign",1020.256697,1020.466697,"i"
"PhonAlign",1020.466697,1020.546697,"k"
"PhonAlign",1020.546697,1020.616697,"A/"
"PhonAlign",1020.616697,1020.706697,"v"
"PhonAlign",1020.706697,1020.756697,"i"
"PhonAlign",1020.756697,1020.806697,"k"
"PhonAlign",1020.806697,1020.916697,"t"
"PhonAlign",1020.916697,1020.956697,"i"
"PhonAlign",1020.956697,1021.136697,"m"
"PhonAlign",1021.136697,1021.886697,"@"
"PhonAlign",1021.886697,1022.186697,"d"
"PhonAlign",1022.186697,1022.236697,"A/"
"PhonAlign",1022.236697,1022.316697,"R"
"PhonAlign",1022.316697,1022.416697,"s"
"PhonAlign",1022.416697,1022.446697,"E"
"PhonAlign",1022.446697,1022.476697,"l"
"PhonAlign",1022.476697,1022.506697,"2"
"PhonAlign",1022.506697,1022.616697,"m"
"PhonAlign",1022.616697,1022.72,"a~"
"PhonAlign",1022.72,1023.69,"#"
"PhonAlign",1023.69,1023.73,"s"
"PhonAlign",1023.73,1023.78,"E"
"PhonAlign",1023.78,1023.96,"k"
"PhonAlign",1023.96,1024.15,"s"
"PhonAlign",1024.15,1024.21,"j"
"PhonAlign",1024.21,1024.3300000000002,"E"
"PhonAlign",1024.3300000000002,1024.405,"l"
"PhonAlign",1024.405,1025.0,"#"
"PhonAlign",1025.0,1025.14,"v"
"PhonAlign",1025.14,1025.19,"j"
"PhonAlign",1025.19,1025.27,"A/"
"PhonAlign",1025.27,1025.3,"l"
"PhonAlign",1025.3,1025.38,"@"
"PhonAlign",1025.38,1025.41,"R"
"PhonAlign",1025.41,1025.47,"E"
"PhonAlign",1025.47,1025.55,"z"
"PhonAlign",1025.55,1025.6,"O/"
"PhonAlign",1025.6,1025.71,"s"
"PhonAlign",1025.71,1025.76,"O/"
"PhonAlign",1025.76,1025.88,"s"
"PhonAlign",1025.88,1025.91,"j"
"PhonAlign",1025.91,1025.95,"O/"
"PhonAlign",1025.95,1026.008437,"z"
"PhonAlign",1026.008437,1028.472188,"#"
"PhonAlign",1028.472188,1028.782188,"v"
"PhonAlign",1028.782188,1028.852188,"k"
"PhonAlign",1028.852188,1028.912188,"w"
"PhonAlign",1028.912188,1029.02,"A/"
"PhonAlign",1029.02,1029.64,"#"
"PhonAlign",1029.64,1029.68,"v"
"PhonAlign",1029.68,1029.71,"j"
"PhonAlign",1029.71,1029.74,"A/"
"PhonAlign",1029.74,1029.7700000000002,"l"
"PhonAlign",1029.7700000000002,1029.85,"E"
"PhonAlign",1029.85,1029.88,"R"
"PhonAlign",1029.88,1029.92,"E"
"PhonAlign",1029.92,1029.99,"z"
"PhonAlign",1029.99,1030.0200000000002,"O/"
"PhonAlign",1030.0200000000002,1030.14,"s"
"PhonAlign",1030.14,1030.18,"O/"
"PhonAlign",1030.18,1030.3000000000002,"s"
"PhonAlign",1030.3000000000002,1030.3300000000002,"j"
"PhonAlign",1030.3300000000002,1030.455,"O/"
"PhonAlign",1030.455,1065.255,"#"
"PhonAlign",1065.255,1065.345,"p"
"PhonAlign",1065.345,1065.4150000000002,"s"
"PhonAlign",1065.4150000000002,1065.485,"k"
"PhonAlign",1065.485,1065.525,"O~"
"PhonAlign",1065.525,1065.585,"n"
"PhonAlign",1065.585,1065.6450000000002,"e"
"PhonAlign",1065.6450000000002,1065.7050000000002,"p"
"PhonAlign",1065.7050000000002,1065.785,"A/"
"PhonAlign",1065.785,1065.855,"k"
"PhonAlign",1065.855,1065.8950000000002,"@"
"PhonAlign",1065.8950000000002,1066.015,"s"
"PhonAlign",1066.015,1066.045,"y"
"PhonAlign",1066.045,1066.075,"R"
"PhonAlign",1066.075,1066.105,"l"
"PhonAlign",1066.105,1066.1950000000002,"e"
"PhonAlign",1066.1950000000002,1066.225,"R"
"PhonAlign",1066.225,1066.295,"e"
"PhonAlign",1066.295,1066.3950000000002,"z"
"PhonAlign",1066.3950000000002,1066.485,"O/"
"PhonAlign",1066.485,1066.525,"O/"
"PhonAlign",1066.525,1066.6550000000002,"s"
"PhonAlign",1066.6550000000002,1066.6850000000002,"i"
"PhonAlign",1066.6850000000002,1066.795,"f"
"PhonAlign",1066.795,1066.855,"O/"
"PhonAlign",1066.855,1066.9150000000002,"p"
"PhonAlign",1066.9150000000002,1066.985,"A/"
"PhonAlign",1066.985,1067.045,"l"
"PhonAlign",1067.045,1067.075,"u"
"PhonAlign",1067.075,1067.1550000000002,"b"
"PhonAlign",1067.1550000000002,1067.1850000000002,"l"
"PhonAlign",1067.1850000000002,1067.225,"i"
"PhonAlign",1067.225,1067.315,"e"
"PhonAlign",1067.315,1067.4150000000002,"R"
"PhonAlign",1067.4150000000002,1067.465,"O~"
"PhonAlign",1067.465,1067.505,"n"
"PhonAlign",1067.505,1067.535,"E"
"PhonAlign",1067.535,1067.6350000000002,"s"
"PhonAlign",1067.6350000000002,1067.6650000000002,"y"
"PhonAlign",1067.6650000000002,1067.6950000000002,"R"
"PhonAlign",1067.6950000000002,1067.725,"l"
"PhonAlign",1067.725,1067.815,"t"
"PhonAlign",1067.815,1067.855,"e"
"PhonAlign",1067.855,1067.8850000000002,"l"
"PhonAlign",1067.8850000000002,1067.9350000000002,"e"
"PhonAlign",1067.9350000000002,1068.035,"f"
"PhonAlign",1068.035,1068.095,"O/"
"PhonAlign",1068.095,1068.1550000000002,"n"
"PhonAlign",1068.1550000000002,1068.2050000000002,"A/"
"PhonAlign",1068.2050000000002,1068.275,"v"
"PhonAlign",1068.275,1068.325,"E"
"PhonAlign",1068.325,1068.4150000000002,"k"
"PhonAlign",1068.4150000000002,1068.485,"*"
"PhonAlign",1068.485,1068.535,"*"
"PhonAlign",1068.535,1068.625,"s"
"PhonAlign",1068.625,1068.6550000000002,"e"
"PhonAlign",1068.6550000000002,1068.765,"s"
"PhonAlign",1068.765,1068.805,"k"
"PhonAlign",1068.805,1068.8850000000002,"@"
"PhonAlign",1068.8850000000002,1068.9550000000002,"Z"
"PhonAlign",1068.9550000000002,1069.015,"A/"
"PhonAlign",1069.015,1069.3850000000002,"v"
"PhonAlign",1069.3850000000002,1069.485,"e"
"PhonAlign",1069.485,1069.6650000000002,"z"
"PhonAlign",1069.6650000000002,1069.7050000000002,"A/"
"PhonAlign",1069.7050000000002,1069.835,"p"
"PhonAlign",1069.835,1070.075,"p"
"PhonAlign",1070.075,1070.1450000000002,"E"
"PhonAlign",1070.1450000000002,1070.1750000000002,"O/"
"PhonAlign",1070.1750000000002,1070.225,"s"
"PhonAlign",1070.225,1070.255,"i"
"PhonAlign",1070.255,1070.285,"d"
"PhonAlign",1070.285,1070.345,"O~"
"PhonAlign",1070.345,1070.4150000000002,"m"
"PhonAlign",1070.4150000000002,1070.4450000000002,"E"
"PhonAlign",1070.4450000000002,1070.505,"d"
"PhonAlign",1070.505,1070.615,"2"
"PhonAlign",1070.615,1070.755,"s"
"PhonAlign",1070.755,1071.005,"U~/"
"PhonAlign",1071.005,1071.105,"n"
"PhonAlign",1071.105,1071.1350000000002,"2"
"PhonAlign",1071.1350000000002,1071.1650000000002,"R"
"PhonAlign",1071.1650000000002,1071.285,"O/"
"PhonAlign",1071.285,1071.315,"l"
"PhonAlign",1071.315,1071.4250000000002,"O/"
"PhonAlign",1071.4250000000002,1071.485,"g"
"PhonAlign",1071.485,1071.515,"w"
"PhonAlign",1071.515,1071.555,"E"
"PhonAlign",1071.555,1071.775,"t"
"PhonAlign",1071.775,1072.555,"R"
"PhonAlign",1072.555,1072.585,"E"
"PhonAlign",1072.585,1072.6650000000002,"b"
"PhonAlign",1072.6650000000002,1072.6950000000002,"j"
"PhonAlign",1072.6950000000002,1073.115,"U~/"
"PhonAlign",1073.115,1073.1450000000002,"s"
"PhonAlign",1073.1450000000002,1073.1750000000002,"e"
"PhonAlign",1073.1750000000002,1073.21,"s"
"PhonAlign",1073.21,1074.015,"#"
"PhonAlign",1074.015,1074.45,"e"
"PhonAlign",1074.45,1074.775,"#"
"PhonAlign",1074.775,1074.865,"e"
"PhonAlign",1074.865,1074.9450000000002,"Z"
"PhonAlign",1074.9450000000002,1074.995,"e"
"PhonAlign",1074.995,1075.055,"E"
"PhonAlign",1075.055,1075.085,"O/"
"PhonAlign",1075.085,1075.135,"n"
"PhonAlign",1075.135,1075.1950000000002,"i"
"PhonAlign",1075.1950000000002,1075.6950000000002,"v"
"PhonAlign",1075.6950000000002,1075.755,"O/"
"PhonAlign",1075.755,1075.795,"d"
"PhonAlign",1075.795,1075.825,"l"
"PhonAlign",1075.825,1075.9050000000002,"A/"
"PhonAlign",1075.9050000000002,1075.965,"p"
"PhonAlign",1075.965,1076.045,"A/"
"PhonAlign",1076.045,1076.105,"Z"
"PhonAlign",1076.105,1076.215,"a~"
"PhonAlign",1076.215,1076.305,"v"
"PhonAlign",1076.305,1076.335,"i"
"PhonAlign",1076.335,1076.365,"R"
"PhonAlign",1076.365,1076.4550000000002,"O/"
"PhonAlign",1076.4550000000002,1076.545,"n"
"PhonAlign",1076.545,1076.585,"m"
"PhonAlign",1076.585,1076.6750000000002,"a~"
"PhonAlign",1076.6750000000002,1076.725,"t"
"PhonAlign",1076.725,1076.92,"#"
"PhonAlign",1076.92,1076.96,"Z"
"PhonAlign",1076.96,1076.99,"p"
"PhonAlign",1076.99,1077.02,"R"
"PhonAlign",1077.02,1077.0500000000002,"E"
"PhonAlign",1077.0500000000002,1077.12,"f"
"PhonAlign",1077.12,1077.17,"E"
"PhonAlign",1077.17,1077.23,"R"
"PhonAlign",1077.23,1077.3200000000002,"v"
"PhonAlign",1077.3200000000002,1077.35,"n"
"PhonAlign",1077.35,1077.48,"i"
"PhonAlign",1077.48,1077.61,"R"
"PhonAlign",1077.61,1077.68,"l"
"PhonAlign",1077.68,1077.74,"e"
"PhonAlign",1077.74,1077.8200000000002,"z"
"PhonAlign",1077.8200000000002,1077.92,"U~/"
"PhonAlign",1077.92,1078.02,"p"
"PhonAlign",1078.02,1078.17,"A/"
"PhonAlign",1078.17,1078.21,"k"
"PhonAlign",1078.21,1078.24,"t"
"PhonAlign",1078.24,1078.29,"O/"
"PhonAlign",1078.29,1078.45,"s"
"PhonAlign",1078.45,1078.48,"i"
"PhonAlign",1078.48,1078.5800000000002,"d"
"PhonAlign",1078.5800000000002,1079.11,"@"
"PhonAlign",1079.11,1079.21,"d"
"PhonAlign",1079.21,1079.25,"@"
"PhonAlign",1079.25,1079.28,"l"
"PhonAlign",1079.28,1079.35,"A/"
"PhonAlign",1079.35,1079.48,"t"
"PhonAlign",1079.48,1079.52,"e"
"PhonAlign",1079.52,1079.5500000000002,"l"
"PhonAlign",1079.5500000000002,1079.6,"e"
"PhonAlign",1079.6,1079.73,"f"
"PhonAlign",1079.73,1079.77,"O/"
"PhonAlign",1079.77,1079.8300000000002,"n"
"PhonAlign",1079.8300000000002,1079.9,"i"
"PhonAlign",1079.9,1080.0,"s"
"PhonAlign",1080.0,1080.03,"y"
"PhonAlign",1080.03,1080.0700000000002,"R"
"PhonAlign",1080.0700000000002,1080.1,"l"
"PhonAlign",1080.1,1080.19,"a~"
"PhonAlign",1080.19,1080.25,"v"
"PhonAlign",1080.25,1080.28,"i"
"PhonAlign",1080.28,1080.3100000000002,"R"
"PhonAlign",1080.3100000000002,1080.39,"O/"
"PhonAlign",1080.39,1080.47,"n"
"PhonAlign",1080.47,1080.51,"m"
"PhonAlign",1080.51,1080.554806,"a~"
"PhonAlign",1080.554806,1088.361563,"#"
"PhonAlign",1088.361563,1088.551563,"E"
"PhonAlign",1088.551563,1088.651563,"t"
"PhonAlign",1088.651563,1088.7215629999998,"U~/"
"PhonAlign",1088.7215629999998,1088.791563,"v"
"PhonAlign",1088.791563,1088.831563,"i"
"PhonAlign",1088.831563,1088.881563,"t"
"PhonAlign",1088.881563,1088.911563,"2"
"PhonAlign",1088.911563,1088.951563,"R"
"PhonAlign",1088.951563,1089.021563,"E"
"PhonAlign",1089.021563,1089.121563,"k"
"PhonAlign",1089.121563,1089.171563,"i"
"PhonAlign",1089.171563,1089.2315629999998,"d"
"PhonAlign",1089.2315629999998,1089.321563,"O/"
"PhonAlign",1089.321563,1089.361563,"t"
"PhonAlign",1089.361563,1089.451563,"R"
"PhonAlign",1089.451563,1089.491563,"@"
"PhonAlign",1089.491563,1089.551563,"d"
"PhonAlign",1089.551563,1089.601563,"y"
"PhonAlign",1089.601563,1089.641563,"k"
"PhonAlign",1089.641563,1089.846563,"u"
"PhonAlign",1089.846563,1091.805,"#"
"PhonAlign",1091.805,1091.845,"m"
"PhonAlign",1091.845,1091.925,"m"
"PhonAlign",1091.925,1091.9550000000002,"t"
"PhonAlign",1091.9550000000002,1091.985,"U~/"
"PhonAlign",1091.985,1092.045,"v"
"PhonAlign",1092.045,1092.075,"i"
"PhonAlign",1092.075,1092.155,"t"
"PhonAlign",1092.155,1092.345,"2"
"PhonAlign",1092.345,1092.4350000000002,"R"
"PhonAlign",1092.4350000000002,1092.495,"E"
"PhonAlign",1092.495,1092.625,"k"
"PhonAlign",1092.625,1092.655,"i"
"PhonAlign",1092.655,1092.6850000000002,"t"
"PhonAlign",1092.6850000000002,1092.745,"U~/"
"PhonAlign",1092.745,1092.915,"v"
"PhonAlign",1092.915,1092.9450000000002,"i"
"PhonAlign",1092.9450000000002,1093.015,"t"
"PhonAlign",1093.015,1093.225,"2"
"PhonAlign",1093.225,1093.355,"R"
"PhonAlign",1093.355,1093.425,"E"
"PhonAlign",1093.425,1093.545,"k"
"PhonAlign",1093.545,1093.595,"i"
"PhonAlign",1093.595,1093.665,"d"
"PhonAlign",1093.665,1093.775,"O/"
"PhonAlign",1093.775,1093.845,"t"
"PhonAlign",1093.845,1094.095,"R"
"PhonAlign",1094.095,1094.145,"@"
"PhonAlign",1094.145,1094.2050000000002,"d"
"PhonAlign",1094.2050000000002,1094.305,"y"
"PhonAlign",1094.305,1094.4550000000002,"k"
"PhonAlign",1094.4550000000002,1094.49,"u"
"PhonAlign",1094.49,1127.198672,"#"
"PhonAlign",1127.198672,1127.238672,"b"
"PhonAlign",1127.238672,1127.388672,"U~/"
"PhonAlign",1127.388672,1127.458672,"n"
"PhonAlign",1127.458672,1127.528672,"a~"
"PhonAlign",1127.528672,1127.558672,"O~"
"PhonAlign",1127.558672,1127.588672,"n"
"PhonAlign",1127.588672,1127.618672,"t"
"PhonAlign",1127.618672,1127.738672,"p"
"PhonAlign",1127.738672,1127.808672,"A/"
"PhonAlign",1127.808672,1127.888672,"z"
"PhonAlign",1127.888672,1127.968672,"O/"
"PhonAlign",1127.968672,1127.998672,"b"
"PhonAlign",1127.998672,1128.028672,"l"
"PhonAlign",1128.028672,1128.058672,"i"
"PhonAlign",1128.058672,1128.088672,"Z"
"PhonAlign",1128.088672,1128.118672,"e"
"PhonAlign",1128.118672,1128.198672,"d"
"PhonAlign",1128.198672,1128.288672,"@"
"PhonAlign",1128.288672,1128.318672,"E"
"PhonAlign",1128.318672,1128.348672,"t"
"PhonAlign",1128.348672,1128.468672,"s"
"PhonAlign",1128.468672,1128.498672,"i"
"PhonAlign",1128.498672,1128.568672,"p"
"PhonAlign",1128.568672,1128.638672,"R"
"PhonAlign",1128.638672,1128.698672,"e"
"PhonAlign",1128.698672,1128.828672,"s"
"PhonAlign",1128.828672,1128.908672,"i"
"PhonAlign",1128.908672,1129.178672,"#"
"PhonAlign",1129.178672,1129.218672,"A/"
"PhonAlign",1129.218672,1129.288672,"s"
"PhonAlign",1129.288672,1129.358672,"k"
"PhonAlign",1129.358672,1129.418672,"@"
"PhonAlign",1129.418672,1129.468672,"Z"
"PhonAlign",1129.468672,1129.528672,"e"
"PhonAlign",1129.528672,1129.588672,"k"
"PhonAlign",1129.588672,1129.678672,"O~"
"PhonAlign",1129.678672,1129.738672,"p"
"PhonAlign",1129.738672,1129.808672,"R"
"PhonAlign",1129.808672,1129.838672,"i"
"PhonAlign",1129.838672,1130.24934,"z"
"PhonAlign",1130.24934,1142.763283,"#"
"PhonAlign",1142.763283,1144.003283,"fp"
"PhonAlign",1144.003283,1144.043283,"m"
"PhonAlign",1144.043283,1144.073283,"b"
"PhonAlign",1144.073283,1144.113283,"l"
"PhonAlign",1144.113283,1144.273283,"j"
"PhonAlign",1144.273283,1144.33991,"a~"
"PhonAlign",1144.33991,1147.822997,"#"
"PhonAlign",1147.822997,1147.992997,"e"
"PhonAlign",1147.992997,1148.182997,"s"
"PhonAlign",1148.182997,1148.212997,"A/"
"PhonAlign",1148.212997,1148.342997,"s"
"PhonAlign",1148.342997,1148.892997,"E"
"PhonAlign",1148.892997,1148.922997,"k"
"PhonAlign",1148.922997,1149.062997,"R"
"PhonAlign",1149.062997,1149.262997,"i"
"PhonAlign",1149.262997,1149.512997,"A/"
"PhonAlign",1149.512997,1149.902997,"t"
"PhonAlign",1149.902997,1150.042997,"b"
"PhonAlign",1150.042997,1150.072997,"l"
"PhonAlign",1150.072997,1150.102997,"i"
"PhonAlign",1150.102997,1150.142997,"n"
"PhonAlign",1150.142997,1150.212997,"b"
"PhonAlign",1150.212997,1150.242997,"l"
"PhonAlign",1150.242997,1150.292997,"j"
"PhonAlign",1150.292997,1150.352934,"a~"
"PhonAlign",1150.352934,1161.041456,"#"
"PhonAlign",1161.041456,1161.101456,"w"
"PhonAlign",1161.101456,1161.408114,"E"
"PhonAlign",1161.408114,1162.178094,"#"
"PhonAlign",1162.178094,1162.3480940000002,"O/"
"PhonAlign",1162.3480940000002,1162.478094,"k"
"PhonAlign",1162.478094,1162.746414,"E"
"PhonAlign",1162.746414,1174.131129,"#"
"PhonAlign",1174.131129,1174.361129,"O/"
"PhonAlign",1174.361129,1174.5111290000002,"k"
"PhonAlign",1174.5111290000002,1174.809446,"E"
"PhonAlign",1174.809446,1183.296782,"#"
"PhonAlign",1183.296782,1183.336782,"m"
"PhonAlign",1183.336782,1183.3767819999998,"O/"
"PhonAlign",1183.3767819999998,1183.8467819999998,"k"
"PhonAlign",1183.8467819999998,1183.946782,"e"
"PhonAlign",1183.946782,1184.086782,"b"
"PhonAlign",1184.086782,1184.1467819999998,"O~"
"PhonAlign",1184.1467819999998,1184.206782,"b"
"PhonAlign",1184.206782,1184.236782,"U~/"
"PhonAlign",1184.236782,1184.3567819999998,"s"
"PhonAlign",1184.3567819999998,1184.4067819999998,"A/"
"PhonAlign",1184.4067819999998,1184.516782,"s"
"PhonAlign",1184.516782,1184.556782,"e"
"PhonAlign",1184.556782,1184.6667819999998,"f"
"PhonAlign",1184.6667819999998,1184.716782,"e"
"PhonAlign",1184.716782,1184.786782,"b"
"PhonAlign",1184.786782,1184.816782,"E"
"PhonAlign",1184.816782,1184.946782,"S"
"PhonAlign",1184.946782,1184.976782,"s"
"PhonAlign",1184.976782,1185.006782,"y"
"PhonAlign",1185.006782,1185.036782,"i"
"PhonAlign",1185.036782,1185.086782,"k"
"PhonAlign",1185.086782,1185.176782,"O~"
"PhonAlign",1185.176782,1185.256782,"t"
"PhonAlign",1185.256782,1185.3667819999998,"a~"
"PhonAlign",1185.3667819999998,1185.586782,"p"
"PhonAlign",1185.586782,1185.6167819999998,"y"
"PhonAlign",1185.6167819999998,1185.726782,"t"
"PhonAlign",1185.726782,1186.3667819999998,"U~/"
"PhonAlign",1186.3667819999998,1186.5967819999998,"#"
"PhonAlign",1186.5967819999998,1186.6667819999998,"d"
"PhonAlign",1186.6667819999998,1186.716782,"2"
"PhonAlign",1186.716782,1186.766782,"p"
"PhonAlign",1186.766782,1186.8467819999998,"y"
"PhonAlign",1186.8467819999998,1186.8767819999998,"i"
"PhonAlign",1186.8767819999998,1186.9067819999998,"l"
"PhonAlign",1186.9067819999998,1187.016782,"t"
"PhonAlign",1187.016782,1187.1267819999998,"a~"
"PhonAlign",1187.1267819999998,1187.196782,"k"
"PhonAlign",1187.196782,1187.306782,"O~"
"PhonAlign",1187.306782,1187.4067819999998,"a~"
"PhonAlign",1187.4067819999998,1187.516782,"p"
"PhonAlign",1187.516782,1187.6567819999998,"A/"
"PhonAlign",1187.6567819999998,1187.686782,"R"
"PhonAlign",1187.686782,1187.716782,"l"
"PhonAlign",1187.716782,1187.796782,"p"
"PhonAlign",1187.796782,1187.986782,"f"
"PhonAlign",1187.986782,1188.026664,"u"
"PhonAlign",1188.026664,1190.666598,"#"
"PhonAlign",1190.666598,1190.776598,"b"
"PhonAlign",1190.776598,1191.006598,"U~/"
"PhonAlign",1191.006598,1191.146598,"s"
"PhonAlign",1191.146598,1191.206598,"v"
"PhonAlign",1191.206598,1191.246598,"A/"
"PhonAlign",1191.246598,1191.276598,"E"
"PhonAlign",1191.276598,1191.326598,"t"
"PhonAlign",1191.326598,1191.376598,"l"
"PhonAlign",1191.376598,1191.416598,"A/"
"PhonAlign",1191.416598,1191.476598,"m"
"PhonAlign",1191.476598,1191.506598,"i"
"PhonAlign",1191.506598,1191.576598,"z"
"PhonAlign",1191.576598,1191.646598,"a~"
"PhonAlign",1191.646598,1191.726598,"p"
"PhonAlign",1191.726598,1191.756598,"l"
"PhonAlign",1191.756598,1191.826598,"A/"
"PhonAlign",1191.826598,1191.896598,"s"
"PhonAlign",1191.896598,1192.006598,"t"
"PhonAlign",1192.006598,1192.036598,"u"
"PhonAlign",1192.036598,1192.076598,"j"
"PhonAlign",1192.076598,1192.216598,"u"
"PhonAlign",1192.216598,1192.266598,"R"
"PhonAlign",1192.266598,1192.406598,"U~/"
"PhonAlign",1192.406598,1192.436598,"t"
"PhonAlign",1192.436598,1192.586598,"s"
"PhonAlign",1192.586598,1192.746598,"e"
"PhonAlign",1192.746598,1192.939875,"U~/"
"PhonAlign",1192.939875,1193.973927,"#"
"PhonAlign",1193.973927,1194.233927,"s"
"PhonAlign",1194.233927,1194.263927,"e"
"PhonAlign",1194.263927,1194.353927,"m"
"PhonAlign",1194.353927,1194.393927,"E"
"PhonAlign",1194.393927,1194.443927,"t"
"PhonAlign",1194.443927,1194.473927,"R"
"PhonAlign",1194.473927,1194.543927,"t"
"PhonAlign",1194.543927,1194.573927,"u"
"PhonAlign",1194.573927,1194.693927,"s"
"PhonAlign",1194.693927,1194.823927,"a~"
"PhonAlign",1194.823927,1194.893927,"p"
"PhonAlign",1194.893927,1194.953927,"l"
"PhonAlign",1194.953927,1195.033927,"A/"
"PhonAlign",1195.033927,1195.083927,"s"
"PhonAlign",1195.083927,1195.473927,"#"
"PhonAlign",1195.473927,1195.553927,"s"
"PhonAlign",1195.553927,1195.623927,"O/"
"PhonAlign",1195.623927,1195.653927,"R"
"PhonAlign",1195.653927,1195.713927,"g"
"PhonAlign",1195.713927,1195.743927,"A/"
"PhonAlign",1195.743927,1195.843927,"n"
"PhonAlign",1195.843927,1195.873927,"i"
"PhonAlign",1195.873927,1196.053927,"z"
"PhonAlign",1196.053927,1196.273927,"e"
"PhonAlign",1196.273927,1196.430532,"R"
"PhonAlign",1196.430532,1197.009444,"#"
"PhonAlign",1197.009444,1197.139444,"j"
"PhonAlign",1197.139444,1197.189444,"O/"
"PhonAlign",1197.189444,1197.249444,"R"
"PhonAlign",1197.249444,1197.369444,"A/"
"PhonAlign",1197.369444,1197.541097,"e"
"PhonAlign",1197.541097,1202.637637,"#"
"PhonAlign",1202.637637,1202.677637,"m"
"PhonAlign",1202.677637,1202.707637,"n"
"PhonAlign",1202.707637,1202.737637,"O~"
"PhonAlign",1202.737637,1203.437637,"#"
"PhonAlign",1203.437637,1203.467637,"n"
"PhonAlign",1203.467637,1203.697637,"O~"
"PhonAlign",1203.697637,1203.727637,"l"
"PhonAlign",1203.727637,1203.787637,"A/"
"PhonAlign",1203.787637,1203.847637,"S"
"PhonAlign",1203.847637,1203.927637,"p"
"PhonAlign",1203.927637,1203.977637,"a~"
"PhonAlign",1203.977637,1204.097637,"s"
"PhonAlign",1204.097637,1204.157637,"@"
"PhonAlign",1204.157637,1204.207637,"k"
"PhonAlign",1204.207637,1204.257637,"t"
"PhonAlign",1204.257637,1204.287637,"u"
"PhonAlign",1204.287637,1204.337637,"t"
"PhonAlign",1204.337637,1204.407637,"e"
"PhonAlign",1204.407637,1204.457637,"k"
"PhonAlign",1204.457637,1204.487637,"l"
"PhonAlign",1204.487637,1204.567637,"E"
"PhonAlign",1204.567637,1204.617637,"R"
"PhonAlign",1204.617637,1204.707637,"O~"
"PhonAlign",1204.707637,1204.807637,"s"
"PhonAlign",1204.807637,1204.847637,"e"
"PhonAlign",1204.847637,1204.887637,"b"
"PhonAlign",1204.887637,1204.947637,"j"
"PhonAlign",1204.947637,1205.057637,"U~/"
"PhonAlign",1205.057637,1205.107637,"a~"
"PhonAlign",1205.107637,1205.177637,"t"
"PhonAlign",1205.177637,1205.257637,"a~"
"PhonAlign",1205.257637,1205.317637,"d"
"PhonAlign",1205.317637,1205.387568,"y"
"PhonAlign",1205.387568,1210.135783,"#"
"PhonAlign",1210.135783,1210.195783,"S"
"PhonAlign",1210.195783,1210.275783,"p"
"PhonAlign",1210.275783,1210.345783,"a~"
"PhonAlign",1210.345783,1210.425783,"s"
"PhonAlign",1210.425783,1210.475783,"k"
"PhonAlign",1210.475783,1210.5057829999998,"j"
"PhonAlign",1210.5057829999998,1210.555783,"A/"
"PhonAlign",1210.555783,1210.635783,"d"
"PhonAlign",1210.635783,1210.685783,"e"
"PhonAlign",1210.685783,1210.825783,"z"
"PhonAlign",1210.825783,1210.905783,"e"
"PhonAlign",1210.905783,1210.935783,"Z"
"PhonAlign",1210.935783,1211.075783,"O/"
"PhonAlign",1211.075783,1211.205783,"k"
"PhonAlign",1211.205783,1211.265783,"d"
"PhonAlign",1211.265783,1211.325783,"2"
"PhonAlign",1211.325783,1211.385783,"v"
"PhonAlign",1211.385783,1211.415783,"R"
"PhonAlign",1211.415783,1211.445783,"E"
"PhonAlign",1211.445783,1211.5057829999998,"E"
"PhonAlign",1211.5057829999998,1211.575783,"t"
"PhonAlign",1211.575783,1211.645783,"R"
"PhonAlign",1211.645783,1211.7457829999998,"m"
"PhonAlign",1211.7457829999998,1211.775783,"i"
"PhonAlign",1211.775783,1211.845783,"d"
"PhonAlign",1211.845783,1211.915783,"@"
"PhonAlign",1211.915783,1211.975783,"k"
"PhonAlign",1211.975783,1212.045783,"O/"
"PhonAlign",1212.045783,1212.145783,"t"
"PhonAlign",1212.145783,1212.2457829999998,"e"
"PhonAlign",1212.2457829999998,1212.4957829999998,"#"
"PhonAlign",1212.4957829999998,1212.555783,"e"
"PhonAlign",1212.555783,1212.655783,"k"
"PhonAlign",1212.655783,1212.705783,"O~"
"PhonAlign",1212.705783,1212.785783,"E"
"PhonAlign",1212.785783,1212.875783,"t"
"PhonAlign",1212.875783,1212.945783,"E"
"PhonAlign",1212.945783,1213.115783,"v"
"PhonAlign",1213.115783,1213.145783,"i"
"PhonAlign",1213.145783,1213.295783,"t"
"PhonAlign",1213.295783,1213.355783,"m"
"PhonAlign",1213.355783,1213.395783,"i"
"PhonAlign",1213.395783,1213.455783,"d"
"PhonAlign",1213.455783,1213.525783,"@"
"PhonAlign",1213.525783,1213.575783,"k"
"PhonAlign",1213.575783,1213.695783,"O/"
"PhonAlign",1213.695783,1213.785783,"t"
"PhonAlign",1213.785783,1213.857356,"e"
"PhonAlign",1213.857356,1215.342319,"#"
"PhonAlign",1215.342319,1215.672319,"U~/"
"PhonAlign",1215.672319,1215.862319,"*"
"PhonAlign",1215.862319,1215.922319,"*"
"PhonAlign",1215.922319,1215.952319,"*"
"PhonAlign",1215.952319,1216.062319,"*"
"PhonAlign",1216.062319,1216.182319,"*"
"PhonAlign",1216.182319,1216.2223190000002,"*"
"PhonAlign",1216.2223190000002,1216.322319,"*"
"PhonAlign",1216.322319,1216.7623190000002,"#"
"PhonAlign",1216.7623190000002,1216.902319,"n"
"PhonAlign",1216.902319,1216.932319,"O~"
"PhonAlign",1216.932319,1217.032319,"n"
"PhonAlign",1217.032319,1217.083943,"m"
"PhonAlign",1217.083943,1217.872256,"#"
"PhonAlign",1217.872256,1218.0122560000002,"d"
"PhonAlign",1218.0122560000002,1218.0622560000002,"@"
"PhonAlign",1218.0622560000002,1218.122256,"A/"
"PhonAlign",1218.122256,1218.162256,"b"
"PhonAlign",1218.162256,1218.202256,"i"
"PhonAlign",1218.202256,1218.352256,"t"
"PhonAlign",1218.352256,1218.392256,"y"
"PhonAlign",1218.392256,1218.5022560000002,"d"
"PhonAlign",1218.5022560000002,1219.0322560000002,"fp"
"PhonAlign",1219.0322560000002,1219.122256,"s"
"PhonAlign",1219.122256,1219.192256,"e"
"PhonAlign",1219.192256,1219.222256,"e"
"PhonAlign",1219.222256,1219.2822560000002,"l"
"PhonAlign",1219.2822560000002,1219.5122560000002,"e"
"PhonAlign",1219.5122560000002,1219.612256,"p"
"PhonAlign",1219.612256,1219.642256,"l"
"PhonAlign",1219.642256,1219.672256,"y"
"PhonAlign",1219.672256,1219.7822560000002,"t"
"PhonAlign",1219.7822560000002,1219.842256,"2"
"PhonAlign",1219.842256,1219.872256,"n"
"PhonAlign",1219.872256,1219.972256,"A/"
"PhonAlign",1219.972256,1220.242256,"s"
"PhonAlign",1220.242256,1220.2722560000002,"l"
"PhonAlign",1220.2722560000002,1220.342256,"A/"
"PhonAlign",1220.342256,1220.422256,"s"
"PhonAlign",1220.422256,1220.452256,"e"
"PhonAlign",1220.452256,1220.482256,"l"
"PhonAlign",1220.482256,1220.5322560000002,"A/"
"PhonAlign",1220.5322560000002,1220.632256,"f"
"PhonAlign",1220.632256,1220.692256,"U~/"
"PhonAlign",1220.692256,1220.7722560000002,"d"
"PhonAlign",1220.7722560000002,1220.8122560000002,"Z"
"PhonAlign",1220.8122560000002,1220.872256,"u"
"PhonAlign",1220.872256,1220.902256,"R"
"PhonAlign",1220.902256,1221.102256,"n"
"PhonAlign",1221.102256,1221.152256,"e"
"PhonAlign",1221.152256,1221.2622560000002,"@"
"PhonAlign",1221.2622560000002,1221.382256,"O~"
"PhonAlign",1221.382256,1221.422256,"d"
"PhonAlign",1221.422256,1221.472256,"2"
"PhonAlign",1221.472256,1221.5122560000002,"v"
"PhonAlign",1221.5122560000002,1221.5422560000002,"R"
"PhonAlign",1221.5422560000002,1221.592256,"E"
"PhonAlign",1221.592256,1221.682256,"f"
"PhonAlign",1221.682256,1221.742256,"E"
"PhonAlign",1221.742256,1221.7722560000002,"R"
"PhonAlign",1221.7722560000002,1221.8022560000002,"l"
"PhonAlign",1221.8022560000002,1221.902256,"@"
"PhonAlign",1221.902256,1221.932256,"R"
"PhonAlign",1221.932256,1221.962256,"E"
"PhonAlign",1221.962256,1222.0322560000002,"y"
"PhonAlign",1222.0322560000002,1222.0622560000002,"n"
"PhonAlign",1222.0622560000002,1222.112256,"j"
"PhonAlign",1222.112256,1222.202256,"O~"
"PhonAlign",1222.202256,1222.2922560000002,"f"
"PhonAlign",1222.2922560000002,1222.372256,"U~/"
"PhonAlign",1222.372256,1222.432256,"d"
"PhonAlign",1222.432256,1222.462256,"@"
"PhonAlign",1222.462256,1222.492256,"Z"
"PhonAlign",1222.492256,1222.5622560000002,"u"
"PhonAlign",1222.5622560000002,1222.592256,"R"
"PhonAlign",1222.592256,1222.662256,"n"
"PhonAlign",1222.662256,1222.712256,"e"
"PhonAlign",1222.712256,1222.805,"@"
"PhonAlign",1222.805,1223.11,"#"
"TokensAlign",0.0,42.728663,"#"
"TokensAlign",42.728663,42.938663,"en_fait"
"TokensAlign",42.938663,43.248663,"déjà"
"TokensAlign",43.248663,43.278663,"je"
"TokensAlign",43.278663,43.681972,"voudrais"
"TokensAlign",43.681972,44.085295,"#"
"TokensAlign",44.085295,44.295295,"ok"
"TokensAlign",44.295295,44.475295,"je"
"TokensAlign",44.475295,44.645295,"vais"
"TokensAlign",44.645295,44.765295,"juste"
"TokensAlign",44.765295,45.148602,"commencer"
"TokensAlign",45.148602,46.010247,"#"
"TokensAlign",46.010247,46.490247,"euh"
"TokensAlign",46.490247,46.710247,"SPEAKER_2"
"TokensAlign",46.710247,46.810247,"je"
"TokensAlign",46.810247,46.850247,"t'"
"TokensAlign",46.850247,47.410247,"entendu"
"TokensAlign",47.410247,47.950247,"ça"
"TokensAlign",47.950247,48.020247,"m'"
"TokensAlign",48.020247,48.210247,"avait"
"TokensAlign",48.210247,48.240247,"l'"
"TokensAlign",48.240247,48.340247,"air"
"TokensAlign",48.340247,48.480247,"très"
"TokensAlign",48.480247,49.09,"sympathique"
"TokensAlign",49.09,49.225,"#"
"TokensAlign",49.225,49.695,"SPEAKER_3"
"TokensAlign",49.695,49.915,"aussi"
"TokensAlign",49.915,50.215,"ilias"
"TokensAlign",50.215,50.595,"par_contre"
"TokensAlign",50.595,50.665,"je"
"TokensAlign",50.665,50.975,"comprends"
"TokensAlign",50.975,51.245,"pas"
"TokensAlign",51.245,51.477188,"#"
"TokensAlign",51.477188,51.950099,"euh"
"TokensAlign",51.950099,53.380063,"#"
"TokensAlign",53.380063,53.910063,"honnêtement"
"TokensAlign",53.910063,54.000063,"je"
"TokensAlign",54.000063,54.620063,"pense"
"TokensAlign",54.620063,54.869063,"que"
"TokensAlign",54.869063,55.476563,"#"
"TokensAlign",55.476563,55.806563,"avec"
"TokensAlign",55.806563,55.896563,"le"
"TokensAlign",55.896563,56.036563,"but"
"TokensAlign",56.036563,56.186563,"de"
"TokensAlign",56.186563,56.406563,"notre"
"TokensAlign",56.406563,56.686563,"asso"
"TokensAlign",56.686563,56.756563,"je"
"TokensAlign",56.756563,56.856563,"te"
"TokensAlign",56.856563,57.136563,"rappelle"
"TokensAlign",57.136563,57.346563,"notre"
"TokensAlign",57.346563,57.606563,"asso"
"TokensAlign",57.606563,57.716563,"c'est"
"TokensAlign",57.716563,58.006563,"une"
"TokensAlign",58.006563,58.816563,"association"
"TokensAlign",58.816563,58.936563,"de"
"TokensAlign",58.936563,59.496563,"prévention"
"TokensAlign",59.496563,59.566563,"de"
"TokensAlign",59.566563,59.636563,"la"
"TokensAlign",59.636563,60.056563,"jeunesse"
"TokensAlign",60.056563,60.626563,"+"
"TokensAlign",60.626563,60.686563,"et"
"TokensAlign",60.686563,60.756563,"je"
"TokensAlign",60.756563,60.866563,"vois"
"TokensAlign",60.866563,61.036563,"pas"
"TokensAlign",61.036563,61.326563,"pourquoi"
"TokensAlign",61.326563,61.836563,"amazon"
"TokensAlign",61.836563,62.136563,"ça"
"TokensAlign",62.136563,62.746563,"sont"
"TokensAlign",62.746563,63.086563,"je"
"TokensAlign",63.086563,63.416563,"vois"
"TokensAlign",63.416563,63.526563,"pas"
"TokensAlign",63.526563,63.596563,"ce"
"TokensAlign",63.596563,63.696563,"que"
"TokensAlign",63.696563,63.856563,"tu"
"TokensAlign",63.856563,64.04656299999999,"veux"
"TokensAlign",64.04656299999999,64.426563,"nous"
"TokensAlign",64.426563,64.79,"amener"
"TokensAlign",64.79,64.895,"#"
"TokensAlign",64.895,65.015,"où"
"TokensAlign",65.015,65.115,"on"
"TokensAlign",65.115,65.235,"va"
"TokensAlign",65.235,65.435,"amener"
"TokensAlign",65.435,65.655,"nos"
"TokensAlign",65.655,65.815,"jeunes"
"TokensAlign",65.815,66.045,"avec"
"TokensAlign",66.045,66.455,"un"
"TokensAlign",66.455,66.755,"évènement"
"TokensAlign",66.755,66.91499999999999,"sur"
"TokensAlign",66.91499999999999,67.33069,"amazon"
"TokensAlign",67.33069,96.482812,"#"
"TokensAlign",96.482812,96.522812,"ça"
"TokensAlign",96.522812,96.622812,"je"
"TokensAlign",96.622812,96.782812,"suis"
"TokensAlign",96.782812,97.052812,"ben"
"TokensAlign",97.052812,97.892812,"d'accord"
"TokensAlign",97.892812,98.082812,"dans"
"TokensAlign",98.082812,98.852812,"association"
"TokensAlign",98.852812,99.052812,"de"
"TokensAlign",99.052812,99.785,"prévention"
"TokensAlign",99.785,100.075,"#"
"TokensAlign",100.075,100.145,"de"
"TokensAlign",100.145,100.545,"notre"
"TokensAlign",100.545,101.11,"jeunesse"
"TokensAlign",101.11,101.24,"#"
"TokensAlign",101.24,101.38,"tu"
"TokensAlign",101.38,101.68,"tu"
"TokensAlign",101.68,101.9,"tu"
"TokensAlign",101.9,101.93,"le"
"TokensAlign",101.93,102.2,"mot"
"TokensAlign",102.2,102.72,"prévention"
"TokensAlign",102.72,102.83,"tu"
"TokensAlign",102.83,102.86,"le"
"TokensAlign",102.86,102.99,"mets"
"TokensAlign",102.99,103.14,"dans"
"TokensAlign",103.14,103.33,"tu"
"TokensAlign",103.33,103.36,"le"
"TokensAlign",103.36,103.98,"mets"
"TokensAlign",103.98,104.042812,"où"
"TokensAlign",104.042812,108.686231,"#"
"TokensAlign",108.686231,109.566231,"ilias"
"TokensAlign",109.566231,109.946231,"on"
"TokensAlign",109.946231,110.176231,"marche"
"TokensAlign",110.176231,110.286231,"sur"
"TokensAlign",110.286231,110.376231,"la"
"TokensAlign",110.376231,110.910938,"tête"
"TokensAlign",110.910938,121.124002,"#"
"TokensAlign",121.124002,122.00398,"exactement"
"TokensAlign",122.00398,137.651916,"#"
"TokensAlign",137.651916,138.330232,"ouais"
"TokensAlign",138.330232,143.683432,"#"
"TokensAlign",143.683432,143.853432,"ok"
"TokensAlign",143.853432,144.523432,"+"
"TokensAlign",144.523432,144.663432,"ok"
"TokensAlign",144.663432,144.92343200000002,"très"
"TokensAlign",144.92343200000002,145.133438,"bien"
"TokensAlign",145.133438,146.635025,"#"
"TokensAlign",146.635025,147.093347,"voilà"
"TokensAlign",147.093347,150.246601,"#"
"TokensAlign",150.246601,150.631592,"ok"
"TokensAlign",150.631592,153.874687,"#"
"TokensAlign",153.874687,154.474687,"ok"
"TokensAlign",154.474687,154.664687,"donc"
"TokensAlign",154.664687,154.894687,"moi"
"TokensAlign",154.894687,155.105657,"je"
"TokensAlign",155.105657,158.368909,"#"
"TokensAlign",158.368909,158.808909,"c'est"
"TokensAlign",158.808909,158.968909,"c'est"
"TokensAlign",158.968909,159.168909,"bien"
"TokensAlign",159.168909,159.198909,"de"
"TokensAlign",159.198909,159.22890900000002,"le"
"TokensAlign",159.22890900000002,160.158909,"reconnaître"
"TokensAlign",160.158909,160.188909,"je"
"TokensAlign",160.188909,160.328909,"te"
"TokensAlign",160.328909,160.73,"remercie"
"TokensAlign",160.73,161.275,"#"
"TokensAlign",161.275,161.365,"c'est"
"TokensAlign",161.365,161.455,"bien"
"TokensAlign",161.455,161.485,"de"
"TokensAlign",161.485,161.515,"le"
"TokensAlign",161.515,161.895,"reconnaître"
"TokensAlign",161.895,162.205,"après"
"TokensAlign",162.205,162.54500000000002,"voilà"
"TokensAlign",162.54500000000002,162.79500000000002,"+"
"TokensAlign",162.79500000000002,162.935,"c'est"
"TokensAlign",162.935,163.04500000000002,"là"
"TokensAlign",163.04500000000002,163.07500000000002,"que"
"TokensAlign",163.07500000000002,163.165,"je"
"TokensAlign",163.165,163.315,"voulais"
"TokensAlign",163.315,163.978769,"intervenir"
"TokensAlign",163.978769,164.59,"#"
"TokensAlign",164.59,164.88,"j"
"TokensAlign",164.88,165.29,"entends"
"TokensAlign",165.29,165.33,"hein"
"TokensAlign",165.33,165.46,"#"
"TokensAlign",165.46,165.61,"j'"
"TokensAlign",165.61,165.9,"entends"
"TokensAlign",165.9,165.99,"ce"
"TokensAlign",165.99,166.04000000000002,"que"
"TokensAlign",166.04000000000002,166.37,"vous"
"TokensAlign",166.37,166.47,"ce"
"TokensAlign",166.47,166.6,"que"
"TokensAlign",166.6,166.73000000000002,"vous"
"TokensAlign",166.73000000000002,166.79000000000002,"me"
"TokensAlign",166.79000000000002,167.39,"dites"
"TokensAlign",167.39,167.62,"euh"
"TokensAlign",167.62,167.65,"au"
"TokensAlign",167.65,167.88,"niveau"
"TokensAlign",167.88,167.91,"de"
"TokensAlign",167.91,168.01000000000002,"la"
"TokensAlign",168.01000000000002,168.55,"transition"
"TokensAlign",168.55,168.70000000000002,"du"
"TokensAlign",168.70000000000002,169.15,"numérique"
"TokensAlign",169.15,169.4,"c'est"
"TokensAlign",169.4,169.56,"très"
"TokensAlign",169.56,169.72,"bien"
"TokensAlign",169.72,170.39,"SPEAKER_3"
"TokensAlign",170.39,170.78,"#"
"TokensAlign",170.78,170.98,"SPEAKER_2"
"TokensAlign",170.98,171.22,"pareil"
"TokensAlign",171.22,171.67,"téléphone"
"TokensAlign",171.67,171.75,"mais"
"TokensAlign",171.75,172.240906,"honnêtement"
"TokensAlign",172.240906,172.725,"#"
"TokensAlign",172.725,173.505,"association"
"TokensAlign",173.505,173.595,"de"
"TokensAlign",173.595,174.055,"prévention"
"TokensAlign",174.055,174.095,"de"
"TokensAlign",174.095,174.185,"la"
"TokensAlign",174.185,174.69,"jeunesse"
"TokensAlign",174.69,175.24,"#"
"TokensAlign",175.24,175.4,"on"
"TokensAlign",175.4,175.63,"veut"
"TokensAlign",175.63,175.97,"+"
"TokensAlign",175.97,176.11,"faire"
"TokensAlign",176.11,176.14,"de"
"TokensAlign",176.14,176.22,"la"
"TokensAlign",176.22,176.66,"prévention"
"TokensAlign",176.66,176.81,"pour"
"TokensAlign",176.81,176.93,"nos"
"TokensAlign",176.93,177.24,"jeunes"
"TokensAlign",177.24,177.345,"#"
"TokensAlign",177.345,177.655,"quel"
"TokensAlign",177.655,177.725,"est"
"TokensAlign",177.725,177.835,"le"
"TokensAlign",177.835,178.145,"meilleur"
"TokensAlign",178.145,178.55,"thème"
"TokensAlign",178.55,179.322187,"#"
"TokensAlign",179.322187,179.462187,"qui"
"TokensAlign",179.462187,179.742187,"est"
"TokensAlign",179.742187,179.772187,"le"
"TokensAlign",179.772187,179.87218700000005,"qu'"
"TokensAlign",179.87218700000005,180.052187,"est-ce"
"TokensAlign",180.052187,180.232187,"qui"
"TokensAlign",180.232187,180.40218700000003,"peut"
"TokensAlign",180.40218700000003,180.642187,"avoir"
"TokensAlign",180.642187,180.692187,"le"
"TokensAlign",180.692187,180.952187,"plus"
"TokensAlign",180.952187,181.012187,"d'"
"TokensAlign",181.012187,181.37218700000005,"impact"
"TokensAlign",181.37218700000005,181.592187,"sur"
"TokensAlign",181.592187,181.752187,"nos"
"TokensAlign",181.752187,182.142187,"jeunes"
"TokensAlign",182.142187,182.37218700000005,"est-ce_que"
"TokensAlign",182.37218700000005,182.532187,"c'est"
"TokensAlign",182.532187,182.632187,"la"
"TokensAlign",182.632187,183.33,"transition"
"TokensAlign",183.33,184.654687,"#"
"TokensAlign",184.654687,184.714687,"je"
"TokensAlign",184.714687,184.864687,"suis"
"TokensAlign",184.864687,185.264687,"d'accord"
"TokensAlign",185.264687,185.404687,"mais"
"TokensAlign",185.404687,185.554687,"nos"
"TokensAlign",185.554687,185.854687,"jeunes"
"TokensAlign",185.854687,185.944687,"on"
"TokensAlign",185.944687,186.194687,"parle"
"TokensAlign",186.194687,186.304687,"à"
"TokensAlign",186.304687,186.344687,"on"
"TokensAlign",186.344687,186.794687,"parle"
"TokensAlign",186.794687,186.874687,"à"
"TokensAlign",186.874687,187.064687,"nos"
"TokensAlign",187.064687,187.364687,"jeunes"
"TokensAlign",187.364687,187.964687,"+"
"TokensAlign",187.964687,188.097187,"on"
"TokensAlign",188.097187,190.635,"#"
"TokensAlign",190.635,190.735,"on"
"TokensAlign",190.735,190.935,"parle"
"TokensAlign",190.935,191.005,"à"
"TokensAlign",191.005,191.145,"nos"
"TokensAlign",191.145,191.475,"jeunes"
"TokensAlign",191.475,191.815,"+"
"TokensAlign",191.815,192.385,"transition"
"TokensAlign",192.385,192.687187,"du"
"TokensAlign",192.687187,203.84,"#"
"TokensAlign",203.84,204.45,"exactement"
"TokensAlign",204.45,204.73,"+"
"TokensAlign",204.73,204.87,"c'est"
"TokensAlign",204.87,205.140938,"ça"
"TokensAlign",205.140938,207.115312,"#"
"TokensAlign",207.115312,207.465312,"c'est"
"TokensAlign",207.465312,208.025312,"incroyable"
"TokensAlign",208.025312,208.055312,"mais"
"TokensAlign",208.055312,208.275312,"c'est"
"TokensAlign",208.275312,208.335312,"pas"
"TokensAlign",208.335312,208.515312,"centré"
"TokensAlign",208.515312,208.545312,"on"
"TokensAlign",208.545312,208.765312,"va"
"TokensAlign",208.765312,208.935312,"pas"
"TokensAlign",208.935312,209.225312,"pouvoir"
"TokensAlign",209.225312,209.405312,"aborder"
"TokensAlign",209.405312,209.435312,"un"
"TokensAlign",209.435312,209.76,"point"
"TokensAlign",209.76,210.11,"#"
"TokensAlign",210.11,210.15,"on"
"TokensAlign",210.15,210.5,"va"
"TokensAlign",210.5,210.65,"pas"
"TokensAlign",210.65,210.91000000000005,"pouvoir"
"TokensAlign",210.91000000000005,211.36,"aborder"
"TokensAlign",211.36,211.54,"un"
"TokensAlign",211.54,211.95,"point"
"TokensAlign",211.95,213.057538,"#"
"TokensAlign",213.057538,213.257538,"c'est"
"TokensAlign",213.257538,213.645,"ça"
"TokensAlign",213.645,215.232188,"#"
"TokensAlign",215.232188,215.352188,"en"
"TokensAlign",215.352188,215.592188,"termes"
"TokensAlign",215.592188,215.692188,"de"
"TokensAlign",215.692188,215.972188,"noms"
"TokensAlign",215.972188,216.242188,"réseaux"
"TokensAlign",216.242188,216.615938,"sociaux"
"TokensAlign",216.615938,221.138438,"#"
"TokensAlign",221.138438,221.268438,"t"
"TokensAlign",221.268438,221.338438,"as"
"TokensAlign",221.338438,221.488438,"vu"
"TokensAlign",221.488438,221.745938,"val"
"TokensAlign",221.745938,223.619063,"#"
"TokensAlign",223.619063,223.839063,"non"
"TokensAlign",223.839063,223.919063,"mais"
"TokensAlign",223.919063,223.999063,"je"
"TokensAlign",223.999063,224.089063,"suis"
"TokensAlign",224.089063,224.569063,"d'accord"
"TokensAlign",224.569063,224.779063,"avec"
"TokensAlign",224.779063,224.929063,"toi"
"TokensAlign",224.929063,225.009063,"mais"
"TokensAlign",225.009063,225.179063,"c'est"
"TokensAlign",225.179063,225.299063,"là"
"TokensAlign",225.299063,225.429063,"que"
"TokensAlign",225.429063,225.659063,"je"
"TokensAlign",225.659063,225.809063,"tu"
"TokensAlign",225.809063,225.899063,"vois"
"TokensAlign",225.899063,225.969063,"ce"
"TokensAlign",225.969063,225.999063,"que"
"TokensAlign",225.999063,226.079063,"je"
"TokensAlign",226.079063,226.199063,"veux"
"TokensAlign",226.199063,226.572188,"dire"
"TokensAlign",226.572188,229.70688,"#"
"TokensAlign",229.70688,229.92688,"on"
"TokensAlign",229.92688,230.34853,"ne"
"TokensAlign",230.34853,234.469687,"#"
"TokensAlign",234.469687,234.539687,"oui"
"TokensAlign",234.539687,235.479687,"+"
"TokensAlign",235.479687,235.549687,"je"
"TokensAlign",235.549687,235.639687,"suis"
"TokensAlign",235.639687,236.059687,"d'accord"
"TokensAlign",236.059687,236.269687,"mais"
"TokensAlign",236.269687,236.519687,"ilias"
"TokensAlign",236.519687,236.599687,"on"
"TokensAlign",236.599687,236.649687,"n'"
"TokensAlign",236.649687,236.719687,"a"
"TokensAlign",236.719687,236.989687,"pas"
"TokensAlign",236.989687,237.069687,"on"
"TokensAlign",237.069687,237.099687,"n'"
"TokensAlign",237.099687,237.169687,"a"
"TokensAlign",237.169687,237.269687,"qu'"
"TokensAlign",237.269687,237.399687,"une"
"TokensAlign",237.399687,237.749687,"journée"
"TokensAlign",237.749687,237.929687,"les"
"TokensAlign",237.929687,238.169687,"amis"
"TokensAlign",238.169687,238.229687,"on"
"TokensAlign",238.229687,238.279687,"n'"
"TokensAlign",238.279687,238.329687,"a"
"TokensAlign",238.329687,238.469687,"qu'"
"TokensAlign",238.469687,238.559687,"une"
"TokensAlign",238.559687,238.859687,"journée"
"TokensAlign",238.859687,238.899687,"et"
"TokensAlign",238.899687,238.929687,"et"
"TokensAlign",238.929687,238.959687,"et"
"TokensAlign",238.959687,240.574683,"par_exemple"
"TokensAlign",240.574683,241.62,"#"
"TokensAlign",241.62,241.77,"on"
"TokensAlign",241.77,241.92,"a"
"TokensAlign",241.92,242.33,"+"
"TokensAlign",242.33,242.46,"c'est"
"TokensAlign",242.46,242.61,"sur"
"TokensAlign",242.61,242.89,"plusieurs"
"TokensAlign",242.89,243.09,"jours"
"TokensAlign",243.09,243.18,"on"
"TokensAlign",243.18,243.22,"a"
"TokensAlign",243.22,243.47,"plusieurs"
"TokensAlign",243.47,243.818437,"jours"
"TokensAlign",243.818437,244.712813,"#"
"TokensAlign",244.712813,244.922813,"ok"
"TokensAlign",244.922813,245.112813,"donc"
"TokensAlign",245.112813,245.922813,"écoute"
"TokensAlign",245.922813,246.122813,"est-ce_que"
"TokensAlign",246.122813,246.152813,"je"
"TokensAlign",246.152813,246.332813,"voulais"
"TokensAlign",246.332813,246.422813,"vous"
"TokensAlign",246.422813,246.822813,"dire"
"TokensAlign",246.822813,247.102813,"moi"
"TokensAlign",247.102813,247.312813,"on"
"TokensAlign",247.312813,247.432813,"a"
"TokensAlign",247.432813,247.702813,"une"
"TokensAlign",247.702813,248.772813,"problématique"
"TokensAlign",248.772813,248.882813,"on"
"TokensAlign",248.882813,248.912813,"a"
"TokensAlign",248.912813,248.992813,"une"
"TokensAlign",248.992813,249.572813,"problématique"
"TokensAlign",249.572813,249.612813,"qui"
"TokensAlign",249.612813,249.652813,"est"
"TokensAlign",249.652813,249.972813,"énorme"
"TokensAlign",249.972813,250.162813,"avec"
"TokensAlign",250.162813,250.222813,"les"
"TokensAlign",250.222813,250.402813,"réseaux"
"TokensAlign",250.402813,250.852813,"sociaux"
"TokensAlign",250.852813,250.882813,"il"
"TokensAlign",250.882813,250.992813,"y"
"TokensAlign",250.992813,251.022813,"a"
"TokensAlign",251.022813,251.712813,"tellement"
"TokensAlign",251.712813,251.772813,"il_y"
"TokensAlign",251.772813,251.822813,"a"
"TokensAlign",251.822813,252.322813,"tellement"
"TokensAlign",252.322813,252.432813,"de"
"TokensAlign",252.432813,252.802813,"soucis"
"TokensAlign",252.802813,252.85281300000003,"à"
"TokensAlign",252.85281300000003,253.282813,"soulever"
"TokensAlign",253.282813,253.702813,"que"
"TokensAlign",253.702813,253.762813,"je"
"TokensAlign",253.762813,253.992813,"pense"
"TokensAlign",253.992813,254.082813,"que"
"TokensAlign",254.082813,254.142813,"d'"
"TokensAlign",254.142813,254.262813,"être"
"TokensAlign",254.262813,254.702813,"centré"
"TokensAlign",254.702813,255.182813,"nos"
"TokensAlign",255.182813,255.412813,"jeunes"
"TokensAlign",255.412813,255.482813,"on"
"TokensAlign",255.482813,255.542813,"va"
"TokensAlign",255.542813,255.572813,"on"
"TokensAlign",255.572813,255.662813,"va"
"TokensAlign",255.662813,255.742813,"les"
"TokensAlign",255.742813,255.962813,"faire"
"TokensAlign",255.962813,256.34281300000004,"venir"
"TokensAlign",256.34281300000004,256.512813,"donc"
"TokensAlign",256.512813,256.552813,"on"
"TokensAlign",256.552813,256.662813,"va"
"TokensAlign",256.662813,256.832813,"faire"
"TokensAlign",256.832813,257.102813,"venir"
"TokensAlign",257.102813,257.442813,"plusieurs"
"TokensAlign",257.442813,258.372813,"classes"
"TokensAlign",258.372813,258.422813,"et"
"TokensAlign",258.422813,258.512813,"je"
"TokensAlign",258.512813,258.752813,"pense"
"TokensAlign",258.752813,258.862813,"que"
"TokensAlign",258.862813,259.002813,"de"
"TokensAlign",259.002813,259.505,"trop"
"TokensAlign",259.505,260.0,"#"
"TokensAlign",260.0,260.23,"s'"
"TokensAlign",260.23,260.965,"éparpiller"
"TokensAlign",260.965,261.86,"#"
"TokensAlign",261.86,261.92,"je"
"TokensAlign",261.92,262.46000000000004,"pense"
"TokensAlign",262.46000000000004,262.58000000000004,"pas"
"TokensAlign",262.58000000000004,262.63,"que"
"TokensAlign",262.63,262.76,"ça"
"TokensAlign",262.76,262.89,"leur"
"TokensAlign",262.89,263.38,"permettra"
"TokensAlign",263.38,263.44,"d'"
"TokensAlign",263.44,263.92,"assimiler"
"TokensAlign",263.92,264.473438,"toute"
"TokensAlign",264.473438,266.414062,"#"
"TokensAlign",266.414062,267.09,"je"
"TokensAlign",267.09,267.421062,"#"
"TokensAlign",267.421062,267.551062,"je"
"TokensAlign",267.551062,267.811062,"parlais"
"TokensAlign",267.811062,268.241062,"du"
"TokensAlign",268.241062,268.321062,"je"
"TokensAlign",268.321062,268.58106200000003,"parlais"
"TokensAlign",268.58106200000003,268.841062,"de"
"TokensAlign",268.841062,268.921062,"je"
"TokensAlign",268.921062,269.181062,"parlais"
"TokensAlign",269.181062,269.27106200000003,"de"
"TokensAlign",269.27106200000003,269.401062,"lui"
"TokensAlign",269.401062,269.851062,"SPEAKER_3"
"TokensAlign",269.851062,269.941062,"et"
"TokensAlign",269.941062,270.011062,"je"
"TokensAlign",270.011062,270.121062,"vais"
"TokensAlign",270.121062,270.421062,"bientôt"
"TokensAlign",270.421062,270.751062,"venir"
"TokensAlign",270.751062,270.961062,"sur"
"TokensAlign",270.961062,271.14106200000003,"ton"
"TokensAlign",271.14106200000003,271.561062,"sur"
"TokensAlign",271.561062,271.801062,"ton"
"TokensAlign",271.801062,272.14106200000003,"sur"
"TokensAlign",272.14106200000003,272.33106200000003,"ton"
"TokensAlign",272.33106200000003,273.211062,"téléphone"
"TokensAlign",273.211062,273.321062,"je"
"TokensAlign",273.321062,273.811062,"vais"
"TokensAlign",273.811062,274.131062,"arriver"
"TokensAlign",274.131062,274.311062,"sur"
"TokensAlign",274.311062,274.733438,"le_tien"
"TokensAlign",274.733438,276.606563,"#"
"TokensAlign",276.606563,276.646563,"je"
"TokensAlign",276.646563,276.786563,"vais"
"TokensAlign",276.786563,277.229151,"arriver"
"TokensAlign",277.229151,277.745,"#"
"TokensAlign",277.745,277.96500000000003,"donc"
"TokensAlign",277.96500000000003,278.065,"tu"
"TokensAlign",278.065,278.175,"vois"
"TokensAlign",278.175,278.245,"ce"
"TokensAlign",278.245,278.335,"que"
"TokensAlign",278.335,278.365,"je"
"TokensAlign",278.365,278.485,"veux"
"TokensAlign",278.485,278.675,"dire"
"TokensAlign",278.675,278.795,"c'est"
"TokensAlign",278.795,279.105,"peut-être"
"TokensAlign",279.105,279.21500000000003,"trop"
"TokensAlign",279.21500000000003,279.885,"large"
"TokensAlign",279.885,280.035,"bien"
"TokensAlign",280.035,280.225,"sûr"
"TokensAlign",280.225,280.315,"il"
"TokensAlign",280.315,280.65500000000003,"englobe"
"TokensAlign",280.65500000000003,281.175,"moyenne"
"TokensAlign",281.175,281.235,"et"
"TokensAlign",281.235,281.435,"comme"
"TokensAlign",281.435,281.495,"j'"
"TokensAlign",281.495,281.565,"ai"
"TokensAlign",281.565,281.695,"dit"
"TokensAlign",281.695,281.795,"que"
"TokensAlign",281.795,281.915,"nos"
"TokensAlign",281.915,282.145,"thèmes"
"TokensAlign",282.145,282.255,"je"
"TokensAlign",282.255,282.435,"trouvais"
"TokensAlign",282.435,282.495,"c'est"
"TokensAlign",282.495,282.605,"vrai"
"TokensAlign",282.605,282.635,"qu'"
"TokensAlign",282.635,282.665,"il"
"TokensAlign",282.665,282.855,"collait"
"TokensAlign",282.855,283.135,"vraiment"
"TokensAlign",283.135,283.365,"avec"
"TokensAlign",283.365,283.445,"les"
"TokensAlign",283.445,283.865,"dangers"
"TokensAlign",283.865,284.515,"qu'"
"TokensAlign",284.515,284.625,"on"
"TokensAlign",284.625,284.885,"essaye"
"TokensAlign",284.885,284.975,"d'"
"TokensAlign",284.975,285.325,"éviter"
"TokensAlign",285.325,285.415,"à"
"TokensAlign",285.415,286.025,"nos"
"TokensAlign",286.025,286.135,"à"
"TokensAlign",286.135,286.265,"nos"
"TokensAlign",286.265,286.495,"jeunes"
"TokensAlign",286.495,287.15500000000003,"+"
"TokensAlign",287.15500000000003,287.435,"mais"
"TokensAlign",287.435,287.545,"je"
"TokensAlign",287.545,288.055,"pense"
"TokensAlign",288.055,288.305,"qu'"
"TokensAlign",288.305,288.385,"ils"
"TokensAlign",288.385,288.515,"vont"
"TokensAlign",288.515,288.635,"s'"
"TokensAlign",288.635,288.665,"y"
"TokensAlign",288.665,288.968081,"perdre"
"TokensAlign",288.968081,289.32,"#"
"TokensAlign",289.32,289.6,"parler"
"TokensAlign",289.6,290.27,"domotiques"
"TokensAlign",290.27,290.39,"de"
"TokensAlign",290.39,290.57,"tout"
"TokensAlign",290.57,290.75,"ce"
"TokensAlign",290.75,290.83,"que"
"TokensAlign",290.83,291.03,"même"
"TokensAlign",291.03,291.21,"moi"
"TokensAlign",291.21,291.29,"je"
"TokensAlign",291.29,291.35,"m'"
"TokensAlign",291.35,291.38,"y"
"TokensAlign",291.38,291.55,"suis"
"TokensAlign",291.55,291.88,"perdu"
"TokensAlign",291.88,292.07,"val"
"TokensAlign",292.07,292.16,"t'"
"TokensAlign",292.16,292.21,"as"
"TokensAlign",292.21,292.24,"l'"
"TokensAlign",292.24,292.77,"heure"
"TokensAlign",292.77,292.87,"tu"
"TokensAlign",292.87,292.92,"me"
"TokensAlign",292.92,293.15,"parles"
"TokensAlign",293.15,293.23,"d'"
"TokensAlign",293.23,293.62,"emploi"
"TokensAlign",293.62,293.72,"tu"
"TokensAlign",293.72,293.75,"me"
"TokensAlign",293.75,294.0,"parles"
"TokensAlign",294.0,294.16,"est-ce_que"
"TokensAlign",294.16,294.3,"c'est"
"TokensAlign",294.3,294.62,"ça"
"TokensAlign",294.62,294.95,"vraiment"
"TokensAlign",294.95,295.05,"les"
"TokensAlign",295.05,295.69,"dangers"
"TokensAlign",295.69,295.84,"dans"
"TokensAlign",295.84,296.08,"notre"
"TokensAlign",296.08,296.56,"association"
"TokensAlign",296.56,296.59,"de"
"TokensAlign",296.59,297.09,"prévention"
"TokensAlign",297.09,297.47,"de"
"TokensAlign",297.47,297.66,"notre"
"TokensAlign",297.66,298.04,"jeunesse"
"TokensAlign",298.04,298.21,"est-ce_que"
"TokensAlign",298.21,298.34,"c'est"
"TokensAlign",298.34,298.44,"des"
"TokensAlign",298.44,299.04,"dangers"
"TokensAlign",299.04,299.1,"au"
"TokensAlign",299.1,299.31,"niveau"
"TokensAlign",299.31,299.69,"de"
"TokensAlign",299.69,299.87,"des"
"TokensAlign",299.87,300.285,"emplois"
"TokensAlign",300.285,300.475,"#"
"TokensAlign",300.475,300.57500000000005,"quand"
"TokensAlign",300.57500000000005,301.19500000000005,"est-ce_que"
"TokensAlign",301.19500000000005,301.32500000000005,"c'est"
"TokensAlign",301.32500000000005,301.67,"ça"
"TokensAlign",301.67,302.26,"#"
"TokensAlign",302.26,302.36,"je"
"TokensAlign",302.36,302.54,"sais"
"TokensAlign",302.54,302.71,"pas"
"TokensAlign",302.71,302.91,"parce_que"
"TokensAlign",302.91,303.05,"je"
"TokensAlign",303.05,303.15,"sais"
"TokensAlign",303.15,303.21,"dis"
"TokensAlign",303.21,303.3,"moi"
"TokensAlign",303.3,304.44,"parce_que"
"TokensAlign",304.44,304.47,"j'"
"TokensAlign",304.47,304.5,"ai"
"TokensAlign",304.5,305.16,"pas"
"TokensAlign",305.16,305.23,"l'"
"TokensAlign",305.23,305.84,"impression"
"TokensAlign",305.84,306.07,"que"
"TokensAlign",306.07,306.23,"les"
"TokensAlign",306.23,306.53,"jeunes"
"TokensAlign",306.53,306.68,"qu'"
"TokensAlign",306.68,306.72,"on"
"TokensAlign",306.72,306.85,"va"
"TokensAlign",306.85,307.01,"faire"
"TokensAlign",307.01,307.31,"venir"
"TokensAlign",307.31,307.37,"est-ce_que"
"TokensAlign",307.37,307.536437,"on"
"TokensAlign",307.536437,308.141422,"#"
"TokensAlign",308.141422,308.599744,"est-ce_que"
"TokensAlign",308.599744,310.035938,"#"
"TokensAlign",310.035938,310.345938,"c'est"
"TokensAlign",310.345938,310.818022,"ça"
"TokensAlign",310.818022,311.765,"#"
"TokensAlign",311.765,312.285,"est-ce_que"
"TokensAlign",312.285,312.395,"le"
"TokensAlign",312.395,312.625,"petit"
"TokensAlign",312.625,313.525,"patrick"
"TokensAlign",313.525,313.655,"en"
"TokensAlign",313.655,314.315,"sixième"
"TokensAlign",314.315,314.38,"#"
"TokensAlign",314.38,314.67,"il"
"TokensAlign",314.67,314.94,"pense"
"TokensAlign",314.94,315.29,"déjà"
"TokensAlign",315.29,315.4,"aux"
"TokensAlign",315.4,315.69,"emplois"
"TokensAlign",315.69,316.31,"fictifs"
"TokensAlign",316.31,316.37,"ou"
"TokensAlign",316.37,316.7,"genre"
"TokensAlign",316.7,316.76,"tout"
"TokensAlign",316.76,316.97,"ça"
"TokensAlign",316.97,317.0,"+"
"TokensAlign",317.0,317.14,"non"
"TokensAlign",317.14,317.19,"je"
"TokensAlign",317.19,317.53,"crois"
"TokensAlign",317.53,317.798438,"pas"
"TokensAlign",317.798438,318.080727,"#"
"TokensAlign",318.080727,318.79895,"@"
"TokensAlign",318.79895,319.992188,"#"
"TokensAlign",319.992188,320.346563,"ouais"
"TokensAlign",320.346563,321.2,"#"
"TokensAlign",321.2,321.26,"je"
"TokensAlign",321.26,321.41,"sais"
"TokensAlign",321.41,321.65,"pas"
"TokensAlign",321.65,321.88,"je"
"TokensAlign",321.88,322.12,"SPEAKER_2"
"TokensAlign",322.12,322.2,"je"
"TokensAlign",322.2,322.41,"pense"
"TokensAlign",322.41,322.49,"que"
"TokensAlign",322.49,322.55,"tu"
"TokensAlign",322.55,322.77,"penses"
"TokensAlign",322.77,322.95,"pareil"
"TokensAlign",322.95,323.06,"que"
"TokensAlign",323.06,323.3,"moi"
"TokensAlign",323.3,327.349688,"#"
"TokensAlign",327.349688,327.479688,"ouais"
"TokensAlign",327.479688,327.56968800000004,"ouais"
"TokensAlign",327.56968800000004,327.737813,"ouais"
"TokensAlign",327.737813,351.025313,"#"
"TokensAlign",351.025313,351.785313,"ok"
"TokensAlign",351.785313,351.858839,"et"
"TokensAlign",351.858839,352.18,"#"
"TokensAlign",352.18,352.41,"tu"
"TokensAlign",352.41,352.54,"peux"
"TokensAlign",352.54,352.59000000000003,"me"
"TokensAlign",352.59000000000003,352.89,"rappeler"
"TokensAlign",352.89,352.96,"les"
"TokensAlign",352.96,353.58,"problématiques"
"TokensAlign",353.58,353.68,"que"
"TokensAlign",353.68,353.82,"tu"
"TokensAlign",353.82,354.16,"soulevais"
"TokensAlign",354.16,354.56,"par_rapport_au"
"TokensAlign",354.56,354.95,"téléphone"
"TokensAlign",354.95,355.03000000000003,"tout"
"TokensAlign",355.03000000000003,355.06,"à"
"TokensAlign",355.06,355.09000000000003,"l'"
"TokensAlign",355.09000000000003,355.244063,"heure"
"TokensAlign",355.244063,356.054063,"#"
"TokensAlign",356.054063,356.094063,"tu"
"TokensAlign",356.094063,356.154063,"peux"
"TokensAlign",356.154063,356.444063,"juste"
"TokensAlign",356.444063,356.524063,"me"
"TokensAlign",356.524063,356.744063,"faire"
"TokensAlign",356.744063,356.794063,"un"
"TokensAlign",356.794063,356.944063,"petit"
"TokensAlign",356.944063,357.284063,"topo"
"TokensAlign",357.284063,357.454063,"que"
"TokensAlign",357.454063,357.514063,"tu"
"TokensAlign",357.514063,357.859688,"soulevais"
"TokensAlign",357.859688,360.299134,"#"
"TokensAlign",360.299134,360.647458,"oui"
"TokensAlign",360.647458,362.425747,"#"
"TokensAlign",362.425747,362.902402,"oui"
"TokensAlign",362.902402,365.54,"#"
"TokensAlign",365.54,365.89,"oui"
"TokensAlign",365.89,386.221138,"#"
"TokensAlign",386.221138,386.648438,"ok"
"TokensAlign",386.648438,388.215,"#"
"TokensAlign",388.215,388.325,"et"
"TokensAlign",388.325,388.645,"donc"
"TokensAlign",388.645,388.975,"à_travers"
"TokensAlign",388.975,389.005,"le"
"TokensAlign",389.005,389.445,"téléphone"
"TokensAlign",389.445,389.535,"on"
"TokensAlign",389.535,389.725,"parle"
"TokensAlign",389.725,389.875,"pas"
"TokensAlign",389.875,390.075,"des"
"TokensAlign",390.075,390.235,"autres"
"TokensAlign",390.235,390.545,"moyens"
"TokensAlign",390.545,390.835,"de"
"TokensAlign",390.835,390.955,"d'"
"TokensAlign",390.955,391.405,"utiliser"
"TokensAlign",391.405,391.465,"les"
"TokensAlign",391.465,391.645,"réseaux"
"TokensAlign",391.645,392.015,"sociaux"
"TokensAlign",392.015,392.445,"parce_que"
"TokensAlign",392.445,392.635,"toi"
"TokensAlign",392.635,392.835,"pour"
"TokensAlign",392.835,393.145,"toi"
"TokensAlign",393.145,393.275,"les"
"TokensAlign",393.275,393.485,"réseaux"
"TokensAlign",393.485,393.805,"sociaux"
"TokensAlign",393.805,393.945,"c'est"
"TokensAlign",393.945,394.015,"qu'"
"TokensAlign",394.015,394.345,"à_travers"
"TokensAlign",394.345,394.425,"un"
"TokensAlign",394.425,394.883438,"téléphone"
"TokensAlign",394.883438,410.425313,"#"
"TokensAlign",410.425313,410.985313,"mais"
"TokensAlign",410.985313,411.175313,"mais"
"TokensAlign",411.175313,411.405313,"SPEAKER_2"
"TokensAlign",411.405313,411.575313,"j'"
"TokensAlign",411.575313,412.035313,"entends"
"TokensAlign",412.035313,413.125313,"+"
"TokensAlign",413.125313,413.345313,"SPEAKER_2"
"TokensAlign",413.345313,413.485313,"j'"
"TokensAlign",413.485313,413.765313,"entends"
"TokensAlign",413.765313,413.855313,"ce"
"TokensAlign",413.855313,413.935313,"que"
"TokensAlign",413.935313,414.075313,"tu"
"TokensAlign",414.075313,414.155313,"veux"
"TokensAlign",414.155313,414.225313,"me"
"TokensAlign",414.225313,414.415313,"dire"
"TokensAlign",414.415313,414.605313,"mais"
"TokensAlign",414.605313,415.055313,"juste"
"TokensAlign",415.055313,415.145313,"je"
"TokensAlign",415.145313,415.905313,"pense"
"TokensAlign",415.905313,416.005313,"que"
"TokensAlign",416.005313,416.095313,"la"
"TokensAlign",416.095313,416.939062,"problématique"
"TokensAlign",416.939062,418.312994,"#"
"TokensAlign",418.312994,418.662994,"SPEAKER_2"
"TokensAlign",418.662994,418.802994,"je"
"TokensAlign",418.802994,418.852994,"ne"
"TokensAlign",418.852994,419.322994,"passe"
"TokensAlign",419.322994,419.402812,"pas"
"TokensAlign",419.402812,421.66,"#"
"TokensAlign",421.66,421.92,"ok"
"TokensAlign",421.92,421.9500000000001,"mais"
"TokensAlign",421.9500000000001,421.98,"le"
"TokensAlign",421.98,422.61,"problème"
"TokensAlign",422.61,422.75,"c'est"
"TokensAlign",422.75,423.03,"ça"
"TokensAlign",423.03,423.365,"#"
"TokensAlign",423.365,424.015,"association"
"TokensAlign",424.015,424.055,"de"
"TokensAlign",424.055,424.425,"prévention"
"TokensAlign",424.425,424.455,"de"
"TokensAlign",424.455,424.525,"la"
"TokensAlign",424.525,424.875,"jeunesse"
"TokensAlign",424.875,424.945,"il"
"TokensAlign",424.945,424.975,"y"
"TokensAlign",424.975,425.005,"a"
"TokensAlign",425.005,425.375,"tellement"
"TokensAlign",425.375,425.515,"de"
"TokensAlign",425.515,426.235,"problématiques"
"TokensAlign",426.235,426.365,"sur"
"TokensAlign",426.365,426.435,"les"
"TokensAlign",426.435,426.555,"réseaux"
"TokensAlign",426.555,427.015,"comment"
"TokensAlign",427.015,427.075,"on"
"TokensAlign",427.075,427.185,"va"
"TokensAlign",427.185,427.545,"pouvoir"
"TokensAlign",427.545,427.655,"on"
"TokensAlign",427.655,427.855,"parle"
"TokensAlign",427.855,427.915,"du"
"TokensAlign",427.915,428.335,"téléphone"
"TokensAlign",428.335,428.375,"je"
"TokensAlign",428.375,428.465,"suis"
"TokensAlign",428.465,429.045,"d'accord"
"TokensAlign",429.045,429.105,"mais"
"TokensAlign",429.105,429.175,"t'"
"TokensAlign",429.175,429.245,"as"
"TokensAlign",429.245,429.345,"vu"
"TokensAlign",429.345,429.445,"le"
"TokensAlign",429.445,429.655,"nombre"
"TokensAlign",429.655,429.765,"de"
"TokensAlign",429.765,430.015,"réseaux"
"TokensAlign",430.015,430.405,"sociaux"
"TokensAlign",430.405,430.535,"qui"
"TokensAlign",430.535,430.705,"peuvent"
"TokensAlign",430.705,430.815,"être"
"TokensAlign",430.815,431.535,"péjoratifs"
"TokensAlign",431.535,431.615,"qui"
"TokensAlign",431.615,431.875,"peuvent"
"TokensAlign",431.875,432.035,"avoir"
"TokensAlign",432.035,432.065,"un"
"TokensAlign",432.065,432.395,"côté"
"TokensAlign",432.395,432.935,"péjoratif"
"TokensAlign",432.935,433.065,"pour"
"TokensAlign",433.065,433.165,"nos"
"TokensAlign",433.165,433.335,"jeunes"
"TokensAlign",433.335,433.365,"et"
"TokensAlign",433.365,434.165,"toi"
"TokensAlign",434.165,434.285,"tu"
"TokensAlign",434.285,434.395,"veux"
"TokensAlign",434.395,434.515,"me"
"TokensAlign",434.515,434.815,"glisser"
"TokensAlign",434.815,434.875,"le"
"TokensAlign",434.875,435.354079,"téléphone"
"TokensAlign",435.354079,437.340938,"#"
"TokensAlign",437.340938,437.740938,"wow"
"TokensAlign",437.740938,438.070938,"wow"
"TokensAlign",438.070938,438.200938,"wow"
"TokensAlign",438.200938,438.440938,"wow"
"TokensAlign",438.440938,438.650938,"wow"
"TokensAlign",438.650938,439.150938,"+"
"TokensAlign",439.150938,439.330938,"wow"
"TokensAlign",439.330938,439.550938,"wow"
"TokensAlign",439.550938,439.850938,"wow"
"TokensAlign",439.850938,440.10979,"wow"
"TokensAlign",440.10979,443.955938,"#"
"TokensAlign",443.955938,444.411563,"ok"
"TokensAlign",444.411563,446.031563,"#"
"TokensAlign",446.031563,446.55,"ok"
"TokensAlign",446.55,446.845,"#"
"TokensAlign",446.845,447.355,"voilà"
"TokensAlign",447.355,447.6950000000001,"là"
"TokensAlign",447.6950000000001,447.875,"je"
"TokensAlign",447.875,448.579687,"voilà"
"TokensAlign",448.579687,450.064688,"#"
"TokensAlign",450.064688,450.364688,"c'est"
"TokensAlign",450.364688,450.992813,"ça"
"TokensAlign",450.992813,453.338438,"#"
"TokensAlign",453.338438,453.628438,"les"
"TokensAlign",453.628438,454.058438,"amis"
"TokensAlign",454.058438,454.278438,"on"
"TokensAlign",454.278438,454.408438,"est"
"TokensAlign",454.408438,454.688438,"en"
"TokensAlign",454.688438,454.878438,"on"
"TokensAlign",454.878438,454.908438,"a"
"TokensAlign",454.908438,455.038438,"une"
"TokensAlign",455.038438,455.578438,"association"
"TokensAlign",455.578438,455.618438,"on"
"TokensAlign",455.618438,455.768438,"fait"
"TokensAlign",455.768438,456.068438,"venir"
"TokensAlign",456.068438,456.218438,"des"
"TokensAlign",456.218438,456.628438,"jeunes"
"TokensAlign",456.628438,456.758438,"est-ce"
"TokensAlign",456.758438,456.908438,"que"
"TokensAlign",456.908438,457.298438,"trois"
"TokensAlign",457.298438,457.608438,"est-ce_que"
"TokensAlign",457.608438,457.758438,"les"
"TokensAlign",457.758438,458.048438,"jeunes"
"TokensAlign",458.048438,458.218438,"toi"
"TokensAlign",458.218438,458.328438,"quand"
"TokensAlign",458.328438,458.358438,"t'"
"TokensAlign",458.358438,458.668438,"étais"
"TokensAlign",458.668438,458.898438,"jeune"
"TokensAlign",458.898438,459.388438,"excuse"
"TokensAlign",459.388438,459.678438,"-moi"
"TokensAlign",459.678438,459.778438,"SPEAKER_2"
"TokensAlign",459.778438,460.138438,"peut-être"
"TokensAlign",460.138438,460.238438,"que"
"TokensAlign",460.238438,460.478438,"toi"
"TokensAlign",460.478438,460.758438,"oui"
"TokensAlign",460.758438,461.468438,"+"
"TokensAlign",461.468438,461.808438,"voilà"
"TokensAlign",461.808438,462.118438,"merci"
"TokensAlign",462.118438,462.238438,"mais"
"TokensAlign",462.238438,462.598438,"peut-être"
"TokensAlign",462.598438,462.638438,"qu'"
"TokensAlign",462.638438,462.828438,"SPEAKER_2"
"TokensAlign",462.828438,463.098438,"elle"
"TokensAlign",463.098438,463.158438,"a"
"TokensAlign",463.158438,463.188438,"l'"
"TokensAlign",463.188438,463.778438,"habitude"
"TokensAlign",463.778438,463.938438,"+"
"TokensAlign",463.938438,464.408438,"peut-être"
"TokensAlign",464.408438,464.458438,"qu'"
"TokensAlign",464.458438,464.588438,"SPEAKER_2"
"TokensAlign",464.588438,464.708438,"elle"
"TokensAlign",464.708438,464.778438,"a"
"TokensAlign",464.778438,464.808438,"l'"
"TokensAlign",464.808438,465.218438,"habitude"
"TokensAlign",465.218438,465.258438,"de"
"TokensAlign",465.258438,465.498438,"passer"
"TokensAlign",465.498438,465.738438,"trois"
"TokensAlign",465.738438,466.258438,"jours"
"TokensAlign",466.258438,466.288438,"à"
"TokensAlign",466.288438,466.448438,"des"
"TokensAlign",466.448438,466.968438,"séminaires"
"TokensAlign",466.968438,467.068438,"des"
"TokensAlign",467.068438,467.558438,"conférences"
"TokensAlign",467.558438,468.068438,"etcetera"
"TokensAlign",468.068438,468.098438,"mais"
"TokensAlign",468.098438,468.77,"elias"
"TokensAlign",468.77,469.025,"#"
"TokensAlign",469.025,469.345,"toi"
"TokensAlign",469.345,469.385,"à"
"TokensAlign",469.385,469.795,"quatorze"
"TokensAlign",469.795,469.925,"ans"
"TokensAlign",469.925,470.145,"est-ce_que"
"TokensAlign",470.145,470.205,"t'"
"TokensAlign",470.205,470.255,"as"
"TokensAlign",470.255,470.425,"envie"
"TokensAlign",470.425,470.515,"de"
"TokensAlign",470.515,470.925,"passer"
"TokensAlign",470.925,471.175,"trois"
"TokensAlign",471.175,471.46,"jours"
"TokensAlign",471.46,474.179062,"#"
"TokensAlign",474.179062,474.349062,"oui"
"TokensAlign",474.349062,474.509062,"ça"
"TokensAlign",474.509062,474.619062,"fait"
"TokensAlign",474.619062,474.829062,"rater"
"TokensAlign",474.829062,474.859062,"l'"
"TokensAlign",474.859062,475.059062,"école"
"TokensAlign",475.059062,475.539062,"quand"
"TokensAlign",475.539062,475.599062,"t'"
"TokensAlign",475.599062,475.649062,"es"
"TokensAlign",475.649062,475.879062,"dans"
"TokensAlign",475.879062,475.999062,"une"
"TokensAlign",475.999062,476.259062,"école"
"TokensAlign",476.259062,476.479062,"comme"
"TokensAlign",476.479062,476.549062,"elle"
"TokensAlign",476.549062,476.809062,"disait"
"TokensAlign",476.809062,476.979062,"val"
"TokensAlign",476.979062,477.029062,"du"
"TokensAlign",477.029062,477.819062,"numérique"
"TokensAlign",477.819062,478.363075,"peut-être"
"TokensAlign",478.363075,478.68,"#"
"TokensAlign",478.68,478.99,"mais"
"TokensAlign",478.99,479.47,"toi"
"TokensAlign",479.47,480.33,"#"
"TokensAlign",480.33,480.71,"est-ce_que"
"TokensAlign",480.71,480.76,"t'"
"TokensAlign",480.76,480.92,"avais"
"TokensAlign",480.92,481.04,"envie"
"TokensAlign",481.04,481.08,"de"
"TokensAlign",481.08,481.35,"passer"
"TokensAlign",481.35,481.53,"trois"
"TokensAlign",481.53,481.84,"jours"
"TokensAlign",481.84,481.96,"je"
"TokensAlign",481.96,482.14,"crois"
"TokensAlign",482.14,482.34,"pas"
"TokensAlign",482.34,482.414063,"non"
"TokensAlign",482.414063,489.518438,"#"
"TokensAlign",489.518438,489.598438,"oui"
"TokensAlign",489.598438,490.778438,"et"
"TokensAlign",490.778438,491.24,"oui"
"TokensAlign",491.24,491.965312,"#"
"TokensAlign",491.965312,492.095312,"et"
"TokensAlign",492.095312,492.365312,"là"
"TokensAlign",492.365312,492.415312,"on"
"TokensAlign",492.415312,492.505312,"en"
"TokensAlign",492.505312,492.705312,"perd"
"TokensAlign",492.705312,492.825312,"le"
"TokensAlign",492.825312,493.305312,"téléphone"
"TokensAlign",493.305312,493.425312,"on"
"TokensAlign",493.425312,493.485312,"en"
"TokensAlign",493.485312,493.755312,"perd"
"TokensAlign",493.755312,494.025312,"tous_les"
"TokensAlign",494.025312,494.412188,"thèmes"
"TokensAlign",494.412188,503.693438,"#"
"TokensAlign",503.693438,504.013438,"donc"
"TokensAlign",504.013438,504.143438,"on"
"TokensAlign",504.143438,504.343438,"se"
"TokensAlign",504.343438,504.703438,"mixe"
"TokensAlign",504.703438,505.163438,"sur"
"TokensAlign",505.163438,505.643438,"téléphone"
"TokensAlign",505.643438,505.733438,"et"
"TokensAlign",505.733438,506.023438,"danger"
"TokensAlign",506.023438,506.143438,"des"
"TokensAlign",506.143438,506.511563,"réseaux"
"TokensAlign",506.511563,514.864688,"#"
"TokensAlign",514.864688,515.185313,"ok"
"TokensAlign",515.185313,516.535313,"#"
"TokensAlign",516.535313,516.82,"mh"
"TokensAlign",516.82,517.06,"#"
"TokensAlign",517.06,517.3699999999999,"mais"
"TokensAlign",517.3699999999999,517.41,"il"
"TokensAlign",517.41,517.5799999999999,"faut"
"TokensAlign",517.5799999999999,517.63,"que"
"TokensAlign",517.63,517.77,"la"
"TokensAlign",517.77,518.25,"partie"
"TokensAlign",518.25,518.4399999999999,"je"
"TokensAlign",518.4399999999999,518.9499999999999,"en_fait"
"TokensAlign",518.9499999999999,519.0,"je"
"TokensAlign",519.0,519.0899999999999,"veux"
"TokensAlign",519.0899999999999,519.2099999999999,"te"
"TokensAlign",519.2099999999999,519.9699999999999,"dire"
"TokensAlign",519.9699999999999,520.27,"+"
"TokensAlign",520.27,520.4,"je"
"TokensAlign",520.4,520.4799999999999,"veux"
"TokensAlign",520.4799999999999,520.54,"qu'"
"TokensAlign",520.54,520.6199999999999,"elle"
"TokensAlign",520.6199999999999,520.78,"soit"
"TokensAlign",520.78,520.9699999999999,"aussi"
"TokensAlign",520.9699999999999,521.54,"conséquente"
"TokensAlign",521.54,521.63,"que"
"TokensAlign",521.63,521.81,"celle"
"TokensAlign",521.81,521.8599999999999,"du"
"TokensAlign",521.8599999999999,522.458438,"téléphone"
"TokensAlign",522.458438,524.382188,"#"
"TokensAlign",524.382188,524.5921880000001,"non"
"TokensAlign",524.5921880000001,524.7221880000001,"pas"
"TokensAlign",524.7221880000001,524.8521880000001,"du"
"TokensAlign",524.8521880000001,525.1021880000001,"tout"
"TokensAlign",525.1021880000001,525.172188,"je"
"TokensAlign",525.172188,525.392188,"pense"
"TokensAlign",525.392188,525.4521880000001,"à"
"TokensAlign",525.4521880000001,525.5921880000001,"nos"
"TokensAlign",525.5921880000001,525.8321880000001,"jeunes"
"TokensAlign",525.8321880000001,526.422188,"+"
"TokensAlign",526.422188,526.5921880000001,"je"
"TokensAlign",526.5921880000001,526.792188,"pense"
"TokensAlign",526.792188,526.8621880000001,"à"
"TokensAlign",526.8621880000001,526.942188,"nos"
"TokensAlign",526.942188,527.312188,"jeunes"
"TokensAlign",527.312188,527.4821880000001,"je"
"TokensAlign",527.4821880000001,527.692188,"suis"
"TokensAlign",527.692188,528.2321880000001,"désolé"
"TokensAlign",528.2321880000001,528.533437,"val"
"TokensAlign",528.533437,531.11819,"#"
"TokensAlign",531.11819,533.40819,"@"
"TokensAlign",533.40819,534.22819,"+"
"TokensAlign",534.22819,534.825,"non"
"TokensAlign",534.825,534.985,"#"
"TokensAlign",534.985,535.125,"non"
"TokensAlign",535.125,535.215,"mais"
"TokensAlign",535.215,535.755,"sérieusement"
"TokensAlign",535.755,535.9250000000001,"quand"
"TokensAlign",535.9250000000001,535.985,"on"
"TokensAlign",535.985,536.205,"voit"
"TokensAlign",536.205,536.235,"je"
"TokensAlign",536.235,536.395,"+"
"TokensAlign",536.395,536.4250000000001,"t'"
"TokensAlign",536.4250000000001,536.455,"as"
"TokensAlign",536.455,537.135,"juste"
"TokensAlign",537.135,537.235,"à"
"TokensAlign",537.235,537.525,"suivre"
"TokensAlign",537.525,537.965,"t'"
"TokensAlign",537.965,538.0550000000001,"as"
"TokensAlign",538.0550000000001,538.3050000000001,"juste"
"TokensAlign",538.3050000000001,538.385,"à"
"TokensAlign",538.385,538.635,"suivre"
"TokensAlign",538.635,538.6750000000001,"l'"
"TokensAlign",538.6750000000001,539.05,"actu"
"TokensAlign",539.05,539.36,"#"
"TokensAlign",539.36,539.6800000000001,"qu'"
"TokensAlign",539.6800000000001,539.71,"on"
"TokensAlign",539.71,539.98,"voit"
"TokensAlign",539.98,540.08,"ce"
"TokensAlign",540.08,540.2,"que"
"TokensAlign",540.2,540.36,"les"
"TokensAlign",540.36,540.919688,"réseaux"
"TokensAlign",540.919688,556.579688,"#"
"TokensAlign",556.579688,556.6696880000001,"non"
"TokensAlign",556.6696880000001,556.699688,"mais"
"TokensAlign",556.699688,556.959688,"ça"
"TokensAlign",556.959688,557.109688,"je"
"TokensAlign",557.109688,557.2696880000001,"suis"
"TokensAlign",557.2696880000001,557.5196880000001,"d'accord"
"TokensAlign",557.5196880000001,557.559688,"mais"
"TokensAlign",557.559688,557.689688,"moi"
"TokensAlign",557.689688,557.7696880000001,"je"
"TokensAlign",557.7696880000001,557.949688,"parle"
"TokensAlign",557.949688,558.0396880000001,"que"
"TokensAlign",558.0396880000001,558.099688,"de"
"TokensAlign",558.099688,558.4096880000001,"réseau"
"TokensAlign",558.4096880000001,558.489688,"et"
"TokensAlign",558.489688,558.639688,"moi"
"TokensAlign",558.639688,559.0296880000001,"par_exemple"
"TokensAlign",559.0296880000001,559.1496880000001,"tu"
"TokensAlign",559.1496880000001,559.2896880000001,"vois"
"TokensAlign",559.2896880000001,559.459688,"quand"
"TokensAlign",559.459688,559.509688,"on"
"TokensAlign",559.509688,559.7796880000001,"parlait"
"TokensAlign",559.7796880000001,559.849688,"d'"
"TokensAlign",559.849688,560.449688,"intervenants"
"TokensAlign",560.449688,560.5496880000001,"j'"
"TokensAlign",560.5496880000001,560.749688,"étais"
"TokensAlign",560.749688,561.059688,"pour"
"TokensAlign",561.059688,561.2996880000001,"faire"
"TokensAlign",561.2996880000001,561.809688,"venir"
"TokensAlign",561.809688,561.959688,"une"
"TokensAlign",561.959688,562.489688,"victime"
"TokensAlign",562.489688,562.679688,"+"
"TokensAlign",562.679688,563.099688,"d'harc-"
"TokensAlign",563.099688,563.219688,"+"
"TokensAlign",563.219688,563.329688,"d'"
"TokensAlign",563.329688,564.025,"harcèlement"
"TokensAlign",564.025,564.74,"#"
"TokensAlign",564.74,565.26,"victime"
"TokensAlign",565.26,565.34,"d'"
"TokensAlign",565.34,565.92,"harcèlement"
"TokensAlign",565.92,566.07,"dû"
"TokensAlign",566.07,566.1800000000001,"aux"
"TokensAlign",566.1800000000001,566.38,"réseaux"
"TokensAlign",566.38,566.825,"sociaux"
"TokensAlign",566.825,566.92,"#"
"TokensAlign",566.92,567.02,"je"
"TokensAlign",567.02,567.2199999999999,"pense"
"TokensAlign",567.2199999999999,567.3299999999999,"que"
"TokensAlign",567.3299999999999,567.4799999999999,"c'est"
"TokensAlign",567.4799999999999,567.65,"là"
"TokensAlign",567.65,567.9,"vraiment"
"TokensAlign",567.9,567.9499999999999,"je"
"TokensAlign",567.9499999999999,568.14,"pense"
"TokensAlign",568.14,568.18,"qu'"
"TokensAlign",568.18,568.2099999999999,"il_y"
"TokensAlign",568.2099999999999,568.24,"a"
"TokensAlign",568.24,568.3199999999999,"un"
"TokensAlign",568.3199999999999,568.66,"impact"
"TokensAlign",568.66,568.78,"nos"
"TokensAlign",568.78,569.01,"jeunes"
"TokensAlign",569.01,569.62,"en_fait"
"TokensAlign",569.62,569.6999999999999,"c'est"
"TokensAlign",569.6999999999999,569.91,"quoi"
"TokensAlign",569.91,570.04,"moi"
"TokensAlign",570.04,570.26,"quand"
"TokensAlign",570.26,570.3399999999999,"je"
"TokensAlign",570.3399999999999,570.53,"parlais"
"TokensAlign",570.53,570.62,"à"
"TokensAlign",570.62,570.74,"ma"
"TokensAlign",570.74,570.9599999999999,"fille"
"TokensAlign",570.9599999999999,571.04,"je"
"TokensAlign",571.04,571.26,"parle"
"TokensAlign",571.26,571.55,"réseau"
"TokensAlign",571.55,572.08,"#"
"TokensAlign",572.08,572.36,"parce_que"
"TokensAlign",572.36,572.4000000000001,"j'"
"TokensAlign",572.4000000000001,572.47,"ai"
"TokensAlign",572.47,572.5200000000001,"l'"
"TokensAlign",572.5200000000001,572.9200000000001,"impression"
"TokensAlign",572.9200000000001,573.01,"qu'"
"TokensAlign",573.01,573.0500000000001,"ils"
"TokensAlign",573.0500000000001,573.09,"n'"
"TokensAlign",573.09,573.36,"apprennent"
"TokensAlign",573.36,573.46,"que"
"TokensAlign",573.46,573.6700000000001,"cette"
"TokensAlign",573.6700000000001,573.83,"langue"
"TokensAlign",573.83,573.97,"c'est"
"TokensAlign",573.97,574.09,"la"
"TokensAlign",574.09,574.6800000000001,"langue"
"TokensAlign",574.6800000000001,575.12,"de"
"TokensAlign",575.12,575.23,"nos"
"TokensAlign",575.23,575.48,"jeunes"
"TokensAlign",575.48,575.5500000000001,"donc"
"TokensAlign",575.5500000000001,575.6500000000001,"je"
"TokensAlign",575.6500000000001,576.2900000000001,"trouvais"
"TokensAlign",576.2900000000001,576.32,"ça"
"TokensAlign",576.32,576.48,"c'est"
"TokensAlign",576.48,576.61,"là"
"TokensAlign",576.61,576.6500000000001,"que"
"TokensAlign",576.6500000000001,576.69,"je"
"TokensAlign",576.69,576.89,"trouvais"
"TokensAlign",576.89,577.1800000000001,"ça"
"TokensAlign",577.1800000000001,577.72,"important"
"TokensAlign",577.72,577.75,"de"
"TokensAlign",577.75,578.348438,"parler"
"TokensAlign",578.348438,580.145,"#"
"TokensAlign",580.145,580.295,"c'est"
"TokensAlign",580.295,580.3249999999999,"le"
"TokensAlign",580.3249999999999,580.715,"téléphone"
"TokensAlign",580.715,580.795,"la"
"TokensAlign",580.795,581.155,"langue"
"TokensAlign",581.155,581.305,"de"
"TokensAlign",581.305,581.4449999999999,"nos"
"TokensAlign",581.4449999999999,581.841563,"jeunes"
"TokensAlign",581.841563,582.887812,"#"
"TokensAlign",582.887812,583.748438,"mais"
"TokensAlign",583.748438,585.570938,"#"
"TokensAlign",585.570938,585.891563,"ouais"
"TokensAlign",585.891563,587.140313,"#"
"TokensAlign",587.140313,587.595937,"ok"
"TokensAlign",587.595937,588.625313,"#"
"TokensAlign",588.625313,588.912188,"mh"
"TokensAlign",588.912188,592.32,"#"
"TokensAlign",592.32,592.47,"ok"
"TokensAlign",592.47,592.62,"mon"
"TokensAlign",592.62,593.2800000000001,"petit"
"TokensAlign",593.2800000000001,594.11,"frère"
"TokensAlign",594.11,594.2,"de"
"TokensAlign",594.2,594.47,"sept"
"TokensAlign",594.47,594.71,"ans"
"TokensAlign",594.71,594.7900000000001,"est"
"TokensAlign",594.7900000000001,594.96,"sur"
"TokensAlign",594.96,595.09,"les"
"TokensAlign",595.09,595.3000000000001,"réseaux"
"TokensAlign",595.3000000000001,595.7800000000001,"sociaux"
"TokensAlign",595.7800000000001,595.97,"sans"
"TokensAlign",595.97,596.34,"téléphone"
"TokensAlign",596.34,596.7800000000001,"via"
"TokensAlign",596.7800000000001,596.9300000000001,"sa"
"TokensAlign",596.9300000000001,597.19,"nintendo"
"TokensAlign",597.19,597.73,"ds"
"TokensAlign",597.73,598.242595,"#"
"TokensAlign",598.242595,598.632595,"donc"
"TokensAlign",598.632595,598.872595,"dis"
"TokensAlign",598.872595,599.21,"-moi"
"TokensAlign",599.21,599.35,"#"
"TokensAlign",599.35,599.51,"où"
"TokensAlign",599.51,599.57,"est"
"TokensAlign",599.57,599.6,"le"
"TokensAlign",599.6,600.0500000000001,"téléphone"
"TokensAlign",600.0500000000001,600.16,"dans"
"TokensAlign",600.16,600.4300000000001,"tout"
"TokensAlign",600.4300000000001,600.471563,"ça"
"TokensAlign",600.471563,605.685938,"#"
"TokensAlign",605.685938,606.275938,"3ds"
"TokensAlign",606.275938,607.4959379999999,"+"
"TokensAlign",607.4959379999999,608.183438,"3ds"
"TokensAlign",608.183438,608.976562,"#"
"TokensAlign",608.976562,609.1365619999999,"mais"
"TokensAlign",609.1365619999999,609.326562,"ça"
"TokensAlign",609.326562,609.796562,"reste"
"TokensAlign",609.796562,609.9865619999999,"un"
"TokensAlign",609.9865619999999,610.346562,"réseau"
"TokensAlign",610.346562,610.5165619999999,"ça"
"TokensAlign",610.5165619999999,610.7465619999999,"reste"
"TokensAlign",610.7465619999999,610.806562,"un"
"TokensAlign",610.806562,611.0365619999999,"réseau"
"TokensAlign",611.0365619999999,611.490938,"social"
"TokensAlign",611.490938,618.139688,"#"
"TokensAlign",618.139688,618.392813,"mh"
"TokensAlign",618.392813,619.725938,"#"
"TokensAlign",619.725938,619.9559380000001,"ton"
"TokensAlign",619.9559380000001,620.475938,"frère"
"TokensAlign",620.475938,620.535938,"il"
"TokensAlign",620.535938,620.615938,"a"
"TokensAlign",620.615938,620.745938,"il"
"TokensAlign",620.745938,620.8059380000001,"a"
"TokensAlign",620.8059380000001,620.9259380000001,"pas"
"TokensAlign",620.9259380000001,621.1759380000001,"accès"
"TokensAlign",621.1759380000001,621.235938,"à"
"TokensAlign",621.235938,621.265938,"l'"
"TokensAlign",621.265938,621.649688,"ipad"
"TokensAlign",621.649688,625.935938,"#"
"TokensAlign",625.935938,626.47,"ok"
"TokensAlign",626.47,626.82,"#"
"TokensAlign",626.82,627.08,"donc"
"TokensAlign",627.08,627.44,"toi"
"TokensAlign",627.44,627.842813,"mais"
"TokensAlign",627.842813,629.749688,"#"
"TokensAlign",629.749688,630.129688,"donc"
"TokensAlign",630.129688,630.599688,"par_exemple"
"TokensAlign",630.599688,630.709688,"fait"
"TokensAlign",630.709688,630.959688,"moi"
"TokensAlign",630.959688,631.1796879999999,"+"
"TokensAlign",631.1796879999999,631.389688,"fait"
"TokensAlign",631.389688,631.825167,"moi"
"TokensAlign",631.825167,632.635,"#"
"TokensAlign",632.635,632.765,"donc"
"TokensAlign",632.765,632.885,"tu"
"TokensAlign",632.885,632.935,"l'"
"TokensAlign",632.935,633.428438,"appelerais"
"TokensAlign",633.428438,637.355,"#"
"TokensAlign",637.355,637.515,"tu"
"TokensAlign",637.515,637.5450000000001,"l'"
"TokensAlign",637.5450000000001,637.9250000000001,"appelerais"
"TokensAlign",637.9250000000001,638.215,"comment"
"TokensAlign",638.215,638.285,"ce"
"TokensAlign",638.285,638.825,"festival"
"TokensAlign",638.825,638.9350000000001,"+"
"TokensAlign",638.9350000000001,639.065,"donc"
"TokensAlign",639.065,639.3050000000001,"vas"
"TokensAlign",639.3050000000001,639.395,"y"
"TokensAlign",639.395,639.565,"fait"
"TokensAlign",639.565,639.845,"moi"
"TokensAlign",639.845,640.095,"faut"
"TokensAlign",640.095,640.165,"que"
"TokensAlign",640.165,640.3050000000001,"ça"
"TokensAlign",640.3050000000001,640.655,"soit"
"TokensAlign",640.655,640.845,"vas"
"TokensAlign",640.845,640.875,"y"
"TokensAlign",640.875,641.025,"faut"
"TokensAlign",641.025,641.0550000000001,"que"
"TokensAlign",641.0550000000001,641.1750000000001,"ça"
"TokensAlign",641.1750000000001,641.365,"fasse"
"TokensAlign",641.365,641.615,"venir"
"TokensAlign",641.615,641.735,"du"
"TokensAlign",641.735,641.9250000000001,"monde"
"TokensAlign",641.9250000000001,642.255,"comment"
"TokensAlign",642.255,642.465,"tu"
"TokensAlign",642.465,642.725,"allez"
"TokensAlign",642.725,643.145,"+"
"TokensAlign",643.145,643.1750000000001,"t'"
"TokensAlign",643.1750000000001,643.265,"as"
"TokensAlign",643.265,643.3050000000001,"le"
"TokensAlign",643.3050000000001,643.775,"téléphone"
"TokensAlign",643.775,643.915,"c'est"
"TokensAlign",643.915,644.0550000000001,"quoi"
"TokensAlign",644.0550000000001,644.405,"ton"
"TokensAlign",644.405,644.47,"nom"
"TokensAlign",644.47,644.755,"#"
"TokensAlign",644.755,644.985,"c'est"
"TokensAlign",644.985,645.265,"quoi"
"TokensAlign",645.265,645.525,"c'est"
"TokensAlign",645.525,646.33,"téléphone"
"TokensAlign",646.33,648.788225,"#"
"TokensAlign",648.788225,648.968225,"mais"
"TokensAlign",648.968225,649.576539,"non"
"TokensAlign",649.576539,652.894789,"#"
"TokensAlign",652.894789,653.463108,"non"
"TokensAlign",653.463108,657.698003,"#"
"TokensAlign",657.698003,657.788003,"non"
"TokensAlign",657.788003,657.848003,"non"
"TokensAlign",657.848003,657.908003,"non"
"TokensAlign",657.908003,657.9880029999999,"non"
"TokensAlign",657.9880029999999,658.048003,"non"
"TokensAlign",658.048003,658.1280029999999,"non"
"TokensAlign",658.1280029999999,660.058003,"non_pas"
"TokensAlign",660.058003,660.19,"ça"
"TokensAlign",660.19,660.745,"#"
"TokensAlign",660.745,660.825,"on"
"TokensAlign",660.825,660.9350000000001,"s'"
"TokensAlign",660.9350000000001,660.995,"en"
"TokensAlign",660.995,661.155,"fout"
"TokensAlign",661.155,661.215,"non"
"TokensAlign",661.215,661.335,"mais"
"TokensAlign",661.335,661.365,"il"
"TokensAlign",661.365,661.4350000000001,"n'"
"TokensAlign",661.4350000000001,661.515,"y"
"TokensAlign",661.515,661.545,"a"
"TokensAlign",661.545,661.675,"pas"
"TokensAlign",661.675,661.725,"de"
"TokensAlign",661.725,661.995,"soucis"
"TokensAlign",661.995,662.115,"mais"
"TokensAlign",662.115,662.195,"je"
"TokensAlign",662.195,662.295,"veux"
"TokensAlign",662.295,662.495,"juste"
"TokensAlign",662.495,662.865,"+"
"TokensAlign",662.865,663.4350000000001,"attendez"
"TokensAlign",663.4350000000001,663.575,"les"
"TokensAlign",663.575,663.825,"amis"
"TokensAlign",663.825,664.335,"+"
"TokensAlign",664.335,664.795,"attendez"
"TokensAlign",664.795,664.965,"les"
"TokensAlign",664.965,665.375,"amis"
"TokensAlign",665.375,665.535,"les"
"TokensAlign",665.535,665.775,"amis"
"TokensAlign",665.775,666.235,"attendez"
"TokensAlign",666.235,666.6850000000001,"n'importe"
"TokensAlign",666.6850000000001,666.845,"quoi"
"TokensAlign",666.845,666.925,"+"
"TokensAlign",666.925,667.095,"val"
"TokensAlign",667.095,667.775,"+"
"TokensAlign",667.775,667.865,"tu"
"TokensAlign",667.865,667.915,"n'"
"TokensAlign",667.915,667.985,"as"
"TokensAlign",667.985,668.125,"pas"
"TokensAlign",668.125,668.265,"ton"
"TokensAlign",668.265,668.385,"mot"
"TokensAlign",668.385,668.425,"à"
"TokensAlign",668.425,668.673217,"dire"
"TokensAlign",668.673217,669.66,"#"
"TokensAlign",669.66,669.6999999999999,"ce"
"TokensAlign",669.6999999999999,670.23,"que"
"TokensAlign",670.23,670.31,"je"
"TokensAlign",670.31,670.49,"veux"
"TokensAlign",670.49,670.5899999999999,"je"
"TokensAlign",670.5899999999999,670.65,"veux"
"TokensAlign",670.65,670.6999999999999,"que"
"TokensAlign",670.6999999999999,670.81,"tu"
"TokensAlign",670.81,670.89,"me"
"TokensAlign",670.89,671.13,"vendes"
"TokensAlign",671.13,671.16,"le"
"TokensAlign",671.16,671.53,"truc"
"TokensAlign",671.53,671.66,"je"
"TokensAlign",671.66,671.76,"veux"
"TokensAlign",671.76,671.81,"que"
"TokensAlign",671.81,671.92,"tu"
"TokensAlign",671.92,671.9599999999999,"me"
"TokensAlign",671.9599999999999,672.12,"donnes"
"TokensAlign",672.12,672.27,"envie"
"TokensAlign",672.27,672.35,"de"
"TokensAlign",672.35,672.679688,"venir"
"TokensAlign",672.679688,673.72,"#"
"TokensAlign",673.72,673.96,"allez"
"TokensAlign",673.96,674.15,"vas"
"TokensAlign",674.15,674.22,"-y"
"TokensAlign",674.22,674.37,"vends"
"TokensAlign",674.37,674.48,"moi"
"TokensAlign",674.48,674.51,"le"
"TokensAlign",674.51,674.839688,"truc"
"TokensAlign",674.839688,682.129688,"#"
"TokensAlign",682.129688,682.3096879999999,"et"
"TokensAlign",682.3096879999999,682.529688,"maintenant"
"TokensAlign",682.529688,682.709688,"après"
"TokensAlign",682.709688,682.749688,"il"
"TokensAlign",682.749688,682.899688,"va"
"TokensAlign",682.899688,683.510181,"ramer"
"TokensAlign",683.510181,703.274063,"#"
"TokensAlign",703.274063,703.514063,"donc"
"TokensAlign",703.514063,703.634063,"c'est"
"TokensAlign",703.634063,703.7940629999999,"quoi"
"TokensAlign",703.7940629999999,704.024063,"le"
"TokensAlign",704.024063,704.4440629999999,"alors"
"TokensAlign",704.4440629999999,704.6940629999999,"alors"
"TokensAlign",704.6940629999999,704.964063,"notre"
"TokensAlign",704.964063,705.4340629999999,"événement"
"TokensAlign",705.4340629999999,705.654063,"c'est"
"TokensAlign",705.654063,705.957188,"quoi"
"TokensAlign",705.957188,707.555962,"#"
"TokensAlign",707.555962,708.944063,"@"
"TokensAlign",708.944063,709.114063,"les"
"TokensAlign",709.114063,709.414063,"dangers"
"TokensAlign",709.414063,709.574063,"du"
"TokensAlign",709.574063,710.0340630000001,"téléphone"
"TokensAlign",710.0340630000001,710.2640630000001,"voilà"
"TokensAlign",710.2640630000001,710.3940630000001,"c'est"
"TokensAlign",710.3940630000001,710.564063,"mieux"
"TokensAlign",710.564063,711.407813,"téléphone"
"TokensAlign",711.407813,712.167188,"#"
"TokensAlign",712.167188,712.842188,"téléphone"
"TokensAlign",712.842188,714.360938,"#"
"TokensAlign",714.360938,714.5509380000001,"ouais"
"TokensAlign",714.5509380000001,714.6909380000001,"c'est"
"TokensAlign",714.6909380000001,714.850313,"ça"
"TokensAlign",714.850313,715.820086,"@"
"TokensAlign",715.820086,716.301563,"#"
"TokensAlign",716.301563,716.6015629999999,"oh"
"TokensAlign",716.6015629999999,716.721563,"j'"
"TokensAlign",716.721563,716.771563,"ai"
"TokensAlign",716.771563,716.881563,"une"
"TokensAlign",716.881563,717.121563,"idée"
"TokensAlign",717.121563,717.8615629999999,"+"
"TokensAlign",717.8615629999999,718.1115629999999,"on"
"TokensAlign",718.1115629999999,718.421563,"marque"
"TokensAlign",718.421563,718.921563,"téléphone"
"TokensAlign",718.921563,719.021563,"en"
"TokensAlign",719.021563,719.461563,"concert"
"TokensAlign",719.461563,719.541563,"et"
"TokensAlign",719.541563,719.661563,"au"
"TokensAlign",719.661563,719.9815629999999,"final"
"TokensAlign",719.9815629999999,720.311563,"c'est"
"TokensAlign",720.311563,720.821563,"+"
"TokensAlign",720.821563,720.951563,"ce"
"TokensAlign",720.951563,721.021563,"n'"
"TokensAlign",721.021563,721.081563,"est"
"TokensAlign",721.081563,721.2315629999999,"pas"
"TokensAlign",721.2315629999999,721.331563,"le"
"TokensAlign",721.331563,721.531563,"groupe"
"TokensAlign",721.531563,721.661563,"de"
"TokensAlign",721.661563,722.015,"rock"
"TokensAlign",722.015,722.34,"#"
"TokensAlign",722.34,722.5400000000001,"mais"
"TokensAlign",722.5400000000001,722.7900000000001,"c'est"
"TokensAlign",722.7900000000001,723.11,"une"
"TokensAlign",723.11,723.64,"association"
"TokensAlign",723.64,723.74,"de"
"TokensAlign",723.74,724.688438,"prévention"
"TokensAlign",724.688438,727.472813,"#"
"TokensAlign",727.472813,727.752813,"donc"
"TokensAlign",727.752813,727.972813,"ok"
"TokensAlign",727.972813,728.062813,"on"
"TokensAlign",728.062813,728.252813,"part"
"TokensAlign",728.252813,728.422813,"sur"
"TokensAlign",728.422813,728.452813,"le"
"TokensAlign",728.452813,729.126563,"téléphone"
"TokensAlign",729.126563,736.963138,"#"
"TokensAlign",736.963138,737.751452,"ouais"
"TokensAlign",737.751452,739.142503,"#"
"TokensAlign",739.142503,739.592287,"@"
"TokensAlign",739.592287,741.86315,"#"
"TokensAlign",741.86315,742.28315,"ouais"
"TokensAlign",742.28315,742.4331500000001,"une"
"TokensAlign",742.4331500000001,742.6931500000001,"journée"
"TokensAlign",742.6931500000001,743.6831500000001,"+"
"TokensAlign",743.6831500000001,743.77315,"ouais"
"TokensAlign",743.77315,743.8431,"ouais"
"TokensAlign",743.8431,746.069063,"#"
"TokensAlign",746.069063,746.229063,"oui"
"TokensAlign",746.229063,746.359063,"c'est"
"TokensAlign",746.359063,746.579063,"ça"
"TokensAlign",746.579063,746.6590630000001,"mais"
"TokensAlign",746.6590630000001,746.919063,"ça"
"TokensAlign",746.919063,747.729063,"attends"
"TokensAlign",747.729063,747.859063,"ça"
"TokensAlign",747.859063,748.0290630000001,"c'est"
"TokensAlign",748.0290630000001,748.1490630000001,"un"
"TokensAlign",748.1490630000001,748.5090630000001,"projet"
"TokensAlign",748.5090630000001,748.559063,"qui"
"TokensAlign",748.559063,748.589063,"se"
"TokensAlign",748.589063,748.829063,"fait"
"TokensAlign",748.829063,749.258438,"à_travers"
"TokensAlign",749.258438,756.700313,"#"
"TokensAlign",756.700313,756.830313,"ouais"
"TokensAlign",756.830313,756.8903130000001,"on"
"TokensAlign",756.8903130000001,757.442813,"partira"
"TokensAlign",757.442813,758.944688,"#"
"TokensAlign",758.944688,759.114688,"on"
"TokensAlign",759.114688,759.464688,"partirait"
"TokensAlign",759.464688,759.684688,"sur"
"TokensAlign",759.684688,759.7646880000001,"une"
"TokensAlign",759.7646880000001,760.304688,"intervention"
"TokensAlign",760.304688,760.344688,"en"
"TokensAlign",760.344688,760.564688,"milieu"
"TokensAlign",760.564688,761.004688,"scolaire"
"TokensAlign",761.004688,761.0446880000001,"je"
"TokensAlign",761.0446880000001,761.254688,"pense"
"TokensAlign",761.254688,761.354688,"que"
"TokensAlign",761.354688,761.484688,"c'est"
"TokensAlign",761.484688,761.604688,"la"
"TokensAlign",761.604688,761.804688,"meilleure"
"TokensAlign",761.804688,762.336563,"des"
"TokensAlign",762.336563,765.053438,"#"
"TokensAlign",765.053438,765.293438,"ah"
"TokensAlign",765.293438,765.473438,"non"
"TokensAlign",765.473438,765.603438,"faut"
"TokensAlign",765.603438,765.673438,"se"
"TokensAlign",765.673438,766.233438,"+"
"TokensAlign",766.233438,766.333438,"oui"
"TokensAlign",766.333438,766.543438,"mais"
"TokensAlign",766.543438,766.703438,"c'est"
"TokensAlign",766.703438,766.7634380000001,"une"
"TokensAlign",766.7634380000001,767.853438,"intervention"
"TokensAlign",767.853438,768.0034380000001,"en"
"TokensAlign",768.0034380000001,769.073438,"extérieur"
"TokensAlign",769.073438,769.843438,"du"
"TokensAlign",769.843438,769.980938,"@"
"TokensAlign",769.980938,776.162893,"#"
"TokensAlign",776.162893,776.8928930000001,"ilyas"
"TokensAlign",776.8928930000001,777.432893,"mais"
"TokensAlign",777.432893,777.812852,"se"
"TokensAlign",777.812852,779.224484,"#"
"TokensAlign",779.224484,779.544484,"sois"
"TokensAlign",779.544484,780.044484,"honnête"
"TokensAlign",780.044484,780.709446,"ilyas"
"TokensAlign",780.709446,786.18,"#"
"TokensAlign",786.18,786.5999999999999,"soit"
"TokensAlign",786.5999999999999,786.88,"sans"
"TokensAlign",786.88,787.06,"les"
"TokensAlign",787.06,787.31,"écoles"
"TokensAlign",787.31,787.41,"on"
"TokensAlign",787.41,787.5699999999999,"aura"
"TokensAlign",787.5699999999999,788.3499999999999,"personne"
"TokensAlign",788.3499999999999,788.9799999999999,"soit"
"TokensAlign",788.9799999999999,790.602188,"honnête"
"TokensAlign",790.602188,791.835,"#"
"TokensAlign",791.835,792.075,"sans"
"TokensAlign",792.075,792.265,"les"
"TokensAlign",792.265,792.711563,"écoles"
"TokensAlign",792.711563,795.327188,"#"
"TokensAlign",795.327188,795.4971879999999,"ah"
"TokensAlign",795.4971879999999,795.667188,"non"
"TokensAlign",795.667188,795.817188,"oui"
"TokensAlign",795.817188,795.897188,"je"
"TokensAlign",795.897188,795.987188,"suis"
"TokensAlign",795.987188,796.307188,"d'accord"
"TokensAlign",796.307188,796.397188,"mais"
"TokensAlign",796.397188,796.537188,"sans"
"TokensAlign",796.537188,796.717188,"les"
"TokensAlign",796.717188,797.048438,"écoles"
"TokensAlign",797.048438,797.650267,"#"
"TokensAlign",797.650267,797.943593,"ouais"
"TokensAlign",797.943593,803.781563,"#"
"TokensAlign",803.781563,804.25,"oui"
"TokensAlign",804.25,804.865,"#"
"TokensAlign",804.865,804.975,"on"
"TokensAlign",804.975,805.095,"peut"
"TokensAlign",805.095,805.125,"le"
"TokensAlign",805.125,805.415,"faire"
"TokensAlign",805.415,805.5550000000001,"mais"
"TokensAlign",805.5550000000001,805.665,"on"
"TokensAlign",805.665,805.785,"peut"
"TokensAlign",805.785,805.815,"le"
"TokensAlign",805.815,805.995,"faire"
"TokensAlign",805.995,806.095,"en"
"TokensAlign",806.095,806.285,"pleine"
"TokensAlign",806.285,806.705,"semaine"
"TokensAlign",806.705,806.965,"+"
"TokensAlign",806.965,807.235,"et"
"TokensAlign",807.235,807.535,"+"
"TokensAlign",807.535,807.725,"ouais"
"TokensAlign",807.725,807.915938,"mais"
"TokensAlign",807.915938,809.485,"#"
"TokensAlign",809.485,809.635,"non"
"TokensAlign",809.635,809.715,"mais"
"TokensAlign",809.715,809.865,"un"
"TokensAlign",809.865,810.025,"jour"
"TokensAlign",810.025,810.095,"d'"
"TokensAlign",810.095,810.315,"école"
"TokensAlign",810.315,810.445,"on"
"TokensAlign",810.445,810.535,"peut"
"TokensAlign",810.535,810.565,"le"
"TokensAlign",810.565,810.885938,"faire"
"TokensAlign",810.885938,814.935938,"#"
"TokensAlign",814.935938,814.9759379999999,"mais"
"TokensAlign",814.9759379999999,815.3459379999999,"pourquoi"
"TokensAlign",815.3459379999999,815.5859379999999,"+"
"TokensAlign",815.5859379999999,815.785938,"pourquoi"
"TokensAlign",815.785938,815.815938,"on"
"TokensAlign",815.815938,815.8559379999999,"le"
"TokensAlign",815.8559379999999,816.2259379999999,"fait"
"TokensAlign",816.2259379999999,816.36,"pas"
"TokensAlign",816.36,816.78,"#"
"TokensAlign",816.78,817.0,"pourquoi"
"TokensAlign",817.0,817.03,"on"
"TokensAlign",817.03,817.06,"le"
"TokensAlign",817.06,817.63,"fait"
"TokensAlign",817.63,817.8199999999999,"pas"
"TokensAlign",817.8199999999999,817.9399999999999,"+"
"TokensAlign",817.9399999999999,818.0799999999999,"un"
"TokensAlign",818.0799999999999,818.23,"jour"
"TokensAlign",818.23,818.4,"de"
"TokensAlign",818.4,818.63,"un"
"TokensAlign",818.63,818.8,"jour"
"TokensAlign",818.8,818.93,"de"
"TokensAlign",818.93,819.3299999999999,"semaine"
"TokensAlign",819.3299999999999,819.5699999999999,"+"
"TokensAlign",819.5699999999999,819.61,"un"
"TokensAlign",819.61,819.81,"jour"
"TokensAlign",819.81,819.85,"d'"
"TokensAlign",819.85,820.1999999999999,"école"
"TokensAlign",820.1999999999999,820.41,"les"
"TokensAlign",820.41,820.66,"écoles"
"TokensAlign",820.66,820.78,"de"
"TokensAlign",820.78,820.89,"la"
"TokensAlign",820.89,821.2099999999999,"région"
"TokensAlign",821.2099999999999,821.7099999999999,"pourront"
"TokensAlign",821.7099999999999,822.03,"pourront"
"TokensAlign",822.03,822.3,"venir"
"TokensAlign",822.3,822.38,"ils"
"TokensAlign",822.38,822.49,"s'"
"TokensAlign",822.49,823.015,"organisent"
"TokensAlign",823.015,823.46,"#"
"TokensAlign",823.46,824.082188,"vendredi"
"TokensAlign",824.082188,832.266563,"#"
"TokensAlign",832.266563,832.401563,"mh"
"TokensAlign",832.401563,833.414063,"#"
"TokensAlign",833.414063,833.464063,"je"
"TokensAlign",833.464063,833.794063,"pense"
"TokensAlign",833.794063,833.934063,"que"
"TokensAlign",833.934063,834.174063,"juste"
"TokensAlign",834.174063,834.2440630000001,"le"
"TokensAlign",834.2440630000001,834.684063,"vendredi"
"TokensAlign",834.684063,835.0240630000001,"avant_qu'"
"TokensAlign",835.0240630000001,835.054063,"ils"
"TokensAlign",835.054063,835.1440630000001,"se"
"TokensAlign",835.1440630000001,835.3940630000001,"retrouvent"
"TokensAlign",835.3940630000001,835.6140630000001,"tout_le"
"TokensAlign",835.6140630000001,835.944063,"week-end"
"TokensAlign",835.944063,836.2740630000001,"peut-être"
"TokensAlign",836.2740630000001,836.424063,"pour"
"TokensAlign",836.424063,836.6440630000001,"voir"
"TokensAlign",836.6440630000001,836.674063,"l'"
"TokensAlign",836.674063,837.185,"impact"
"TokensAlign",837.185,837.3,"#"
"TokensAlign",837.3,837.49,"l"
"TokensAlign",837.49,837.75,"enfant"
"TokensAlign",837.75,837.8499999999999,"il"
"TokensAlign",837.8499999999999,838.01,"rentre"
"TokensAlign",838.01,838.2099999999999,"chez"
"TokensAlign",838.2099999999999,838.49,"lui"
"TokensAlign",838.49,838.75,"#"
"TokensAlign",838.75,838.85,"il"
"TokensAlign",838.85,838.91,"a"
"TokensAlign",838.91,839.02,"qu'"
"TokensAlign",839.02,839.1,"une"
"TokensAlign",839.1,839.3,"envie"
"TokensAlign",839.3,839.61,"dans"
"TokensAlign",839.61,839.64,"le"
"TokensAlign",839.64,840.09,"week-end"
"TokensAlign",840.09,840.33,"+"
"TokensAlign",840.33,840.74,"c'est"
"TokensAlign",840.74,841.17,"+"
"TokensAlign",841.17,841.75,"être"
"TokensAlign",841.75,841.94,"sur"
"TokensAlign",841.94,842.0,"les"
"TokensAlign",842.0,842.12,"réseaux"
"TokensAlign",842.12,842.16,"et"
"TokensAlign",842.16,842.53,"peut-être"
"TokensAlign",842.53,842.58,"d'"
"TokensAlign",842.58,842.68,"en"
"TokensAlign",842.68,842.87,"parler"
"TokensAlign",842.87,843.03,"avec"
"TokensAlign",843.03,843.16,"ses"
"TokensAlign",843.16,843.88,"parents"
"TokensAlign",843.88,843.92,"et"
"TokensAlign",843.92,843.977813,"de"
"TokensAlign",843.977813,856.918396,"#"
"TokensAlign",856.918396,857.3883960000001,"ok"
"TokensAlign",857.3883960000001,857.718396,"donc"
"TokensAlign",857.718396,858.146699,"écoute"
"TokensAlign",858.146699,878.505,"#"
"TokensAlign",878.505,879.285,"voilà"
"TokensAlign",879.285,879.365,"ouais"
"TokensAlign",879.365,879.585,"je"
"TokensAlign",879.585,879.975,"jeudi"
"TokensAlign",879.975,880.115,"moi"
"TokensAlign",880.115,880.235,"ça"
"TokensAlign",880.235,880.265,"me"
"TokensAlign",880.265,880.685,"va"
"TokensAlign",880.685,881.195,"jeudi"
"TokensAlign",881.195,881.3149999999999,"ça"
"TokensAlign",881.3149999999999,881.5649999999999,"me"
"TokensAlign",881.5649999999999,881.666721,"va"
"TokensAlign",881.666721,883.023354,"#"
"TokensAlign",883.023354,883.333354,"jeudi"
"TokensAlign",883.333354,883.830001,"ça"
"TokensAlign",883.830001,889.759688,"#"
"TokensAlign",889.759688,889.8196879999999,"on"
"TokensAlign",889.8196879999999,890.0696879999999,"peut"
"TokensAlign",890.0696879999999,890.259688,"faire"
"TokensAlign",890.259688,890.5596879999999,"début"
"TokensAlign",890.5596879999999,890.639688,"de"
"TokensAlign",890.639688,890.669688,"l'"
"TokensAlign",890.669688,891.039688,"SPEAKER_2"
"TokensAlign",891.039688,891.1896879999999,"tu"
"TokensAlign",891.1896879999999,891.3196879999999,"vois"
"TokensAlign",891.3196879999999,891.509688,"genre"
"TokensAlign",891.509688,891.759688,"début"
"TokensAlign",891.759688,891.8196879999999,"de"
"TokensAlign",891.8196879999999,891.849688,"l'"
"TokensAlign",891.849688,892.0696879999999,"SPEAKER_2"
"TokensAlign",892.0696879999999,892.289688,"parce_que"
"TokensAlign",892.289688,892.449688,"c'est"
"TokensAlign",892.449688,892.539688,"la"
"TokensAlign",892.539688,892.789688,"période"
"TokensAlign",892.789688,892.919688,"des"
"TokensAlign",892.919688,893.65,"résolutions"
"TokensAlign",893.65,894.261407,"#"
"TokensAlign",894.261407,894.4114069999999,"ouais"
"TokensAlign",894.4114069999999,894.841407,"voilà"
"TokensAlign",894.841407,894.9314069999999,"tu"
"TokensAlign",894.9314069999999,895.331407,"vois"
"TokensAlign",895.331407,895.5514069999999,"+"
"TokensAlign",895.5514069999999,895.741407,"ouais"
"TokensAlign",895.741407,895.851407,"la"
"TokensAlign",895.851407,896.121407,"période"
"TokensAlign",896.121407,896.241407,"des"
"TokensAlign",896.241407,896.841407,"résolutions"
"TokensAlign",896.841407,897.1614069999999,"peut-être"
"TokensAlign",897.1614069999999,897.251407,"on"
"TokensAlign",897.251407,897.351407,"peut"
"TokensAlign",897.351407,897.741407,"essayer"
"TokensAlign",897.741407,897.780806,"de"
"TokensAlign",897.780806,898.440789,"#"
"TokensAlign",898.440789,898.740789,"ok"
"TokensAlign",898.740789,898.807447,"ouais"
"TokensAlign",898.807447,899.284101,"#"
"TokensAlign",899.284101,899.654101,"c'est"
"TokensAlign",899.654101,899.8341009999999,"la"
"TokensAlign",899.8341009999999,900.512404,"c'est"
"TokensAlign",900.512404,902.070699,"#"
"TokensAlign",902.070699,902.520699,"ben"
"TokensAlign",902.520699,902.610699,"ouais"
"TokensAlign",902.610699,904.252311,"*"
"TokensAlign",904.252311,909.891562,"#"
"TokensAlign",909.891562,910.061562,"c'est"
"TokensAlign",910.061562,910.301562,"ça"
"TokensAlign",910.301562,910.471562,"c'est"
"TokensAlign",910.471562,910.991562,"exactement"
"TokensAlign",910.991562,911.131562,"c'est"
"TokensAlign",911.131562,911.301562,"le"
"TokensAlign",911.301562,911.481562,"c'est"
"TokensAlign",911.481562,911.741562,"pile"
"TokensAlign",911.741562,911.811562,"le"
"TokensAlign",911.811562,912.203437,"moment"
"TokensAlign",912.203437,913.317188,"#"
"TokensAlign",913.317188,913.457188,"c'est"
"TokensAlign",913.457188,913.747188,"parfait"
"TokensAlign",913.747188,914.707188,"+"
"TokensAlign",914.707188,914.757188,"mh"
"TokensAlign",914.757188,914.877188,"ouais"
"TokensAlign",914.877188,915.147188,"c'est"
"TokensAlign",915.147188,915.45,"ça"
"TokensAlign",915.45,920.590312,"#"
"TokensAlign",920.590312,920.927812,"donc"
"TokensAlign",920.927812,931.424062,"#"
"TokensAlign",931.424062,931.624062,"ok"
"TokensAlign",931.624062,931.724062,"je"
"TokensAlign",931.724062,932.074062,"peux"
"TokensAlign",932.074062,932.134062,"vous"
"TokensAlign",932.134062,932.284062,"dire"
"TokensAlign",932.284062,932.864062,"quelque_chose"
"TokensAlign",932.864062,932.964062,"je"
"TokensAlign",932.964062,933.224062,"pense"
"TokensAlign",933.224062,933.344062,"que"
"TokensAlign",933.344062,933.604062,"dans"
"TokensAlign",933.604062,933.744062,"une"
"TokensAlign",933.744062,934.074062,"réunion"
"TokensAlign",934.074062,934.124062,"de"
"TokensAlign",934.124062,934.534062,"prévention"
"TokensAlign",934.534062,934.564062,"+"
"TokensAlign",934.564062,934.654062,"je"
"TokensAlign",934.654062,934.804062,"pense"
"TokensAlign",934.804062,934.954062,"pas"
"TokensAlign",934.954062,935.074062,"que"
"TokensAlign",935.074062,935.67,"une"
"TokensAlign",935.67,935.82,"#"
"TokensAlign",935.82,935.98,"une"
"TokensAlign",935.98,936.66,"personnalité"
"TokensAlign",936.66,936.86,"trop"
"TokensAlign",936.86,937.225,"connue"
"TokensAlign",937.225,937.84,"#"
"TokensAlign",937.84,938.03,"elle"
"TokensAlign",938.03,938.29,"soit"
"TokensAlign",938.29,938.98,"nécessaire"
"TokensAlign",938.98,939.2,"déjà"
"TokensAlign",939.2,939.26,"au"
"TokensAlign",939.26,939.5,"niveau"
"TokensAlign",939.5,939.67,"du"
"TokensAlign",939.67,939.94,"coût"
"TokensAlign",939.94,939.97,"et"
"TokensAlign",939.97,940.0,"je"
"TokensAlign",940.0,940.58,"pense"
"TokensAlign",940.58,940.68,"que"
"TokensAlign",940.68,940.83,"c'est"
"TokensAlign",940.83,941.11,"plus"
"TokensAlign",941.11,941.22,"des"
"TokensAlign",941.22,941.91,"témoignages"
"TokensAlign",941.91,941.95,"et"
"TokensAlign",941.95,942.12,"je"
"TokensAlign",942.12,942.31,"dirais"
"TokensAlign",942.31,942.4,"de"
"TokensAlign",942.4,942.93,"+"
"TokensAlign",942.93,943.24,"par_exemple"
"TokensAlign",943.24,943.46,"faire"
"TokensAlign",943.46,943.74,"venir"
"TokensAlign",943.74,943.9,"un"
"TokensAlign",943.9,944.53,"docteur"
"TokensAlign",944.53,945.02,"etcetera"
"TokensAlign",945.02,945.11,"ou"
"TokensAlign",945.11,945.31,"faire"
"TokensAlign",945.31,945.52,"venir"
"TokensAlign",945.52,945.67,"une"
"TokensAlign",945.67,946.2,"victime"
"TokensAlign",946.2,946.75,"+"
"TokensAlign",946.75,946.84,"des"
"TokensAlign",946.84,947.11,"réseaux"
"TokensAlign",947.11,947.22,"ou"
"TokensAlign",947.22,947.43,"faire"
"TokensAlign",947.43,947.72,"venir"
"TokensAlign",947.72,947.8,"je"
"TokensAlign",947.8,947.95,"sais"
"TokensAlign",947.95,948.09,"pas"
"TokensAlign",948.09,948.18,"des"
"TokensAlign",948.18,948.82,"spécialistes"
"TokensAlign",948.82,948.96,"mais"
"TokensAlign",948.96,949.03,"je"
"TokensAlign",949.03,949.27,"pense"
"TokensAlign",949.27,949.37,"que"
"TokensAlign",949.37,949.56,"ça"
"TokensAlign",949.56,949.74,"ce"
"TokensAlign",949.74,949.88,"sera"
"TokensAlign",949.88,950.11,"plus"
"TokensAlign",950.11,950.77,"important"
"TokensAlign",950.77,950.93,"qu'"
"TokensAlign",950.93,951.2,"avoir"
"TokensAlign",951.2,951.27,"une"
"TokensAlign",951.27,951.81,"personnalité"
"TokensAlign",951.81,951.84,"de"
"TokensAlign",951.84,952.09,"connu"
"TokensAlign",952.09,952.3,"faire"
"TokensAlign",952.3,952.64,"venir"
"TokensAlign",952.64,952.71,"un"
"TokensAlign",952.71,952.99,"marc"
"TokensAlign",952.99,953.3,"zuc-"
"TokensAlign",953.3,953.79,"+"
"TokensAlign",953.79,954.5,"zuckerberg"
"TokensAlign",954.5,954.78,"comme"
"TokensAlign",954.78,954.85,"elle"
"TokensAlign",954.85,955.0,"nous"
"TokensAlign",955.0,955.07,"a"
"TokensAlign",955.07,955.7,"dit"
"TokensAlign",955.7,956.2,"+"
"TokensAlign",956.2,956.44,"mais"
"TokensAlign",956.44,956.56,"non"
"TokensAlign",956.56,956.65,"mais"
"TokensAlign",956.65,957.13,"c'est"
"TokensAlign",957.13,957.55,"SPEAKER_2"
"TokensAlign",957.55,957.72,"je"
"TokensAlign",957.72,957.92,"sais"
"TokensAlign",957.92,957.98,"que"
"TokensAlign",957.98,958.08,"tu"
"TokensAlign",958.08,958.27,"disais"
"TokensAlign",958.27,958.38,"pas"
"TokensAlign",958.38,958.55,"ça"
"TokensAlign",958.55,959.1,"+"
"TokensAlign",959.1,959.31,"c'était"
"TokensAlign",959.31,959.54,"juste"
"TokensAlign",959.54,959.65,"un"
"TokensAlign",959.65,960.04,"exemple"
"TokensAlign",960.04,960.98,"+"
"TokensAlign",960.98,961.326563,"voilà"
"TokensAlign",961.326563,966.926937,"#"
"TokensAlign",966.926937,967.126937,"ouais"
"TokensAlign",967.126937,968.136937,"là"
"TokensAlign",968.136937,968.466899,"non"
"TokensAlign",968.466899,969.696563,"#"
"TokensAlign",969.696563,969.856563,"c'est"
"TokensAlign",969.856563,969.936563,"la"
"TokensAlign",969.936563,970.405313,"prévention"
"TokensAlign",970.405313,973.020937,"#"
"TokensAlign",973.020937,973.230937,"c'est"
"TokensAlign",973.230937,973.510937,"ça"
"TokensAlign",973.510937,973.550937,"je"
"TokensAlign",973.550937,973.610937,"je"
"TokensAlign",973.610937,973.800937,"pense"
"TokensAlign",973.800937,973.890937,"que"
"TokensAlign",973.890937,974.050937,"tout"
"TokensAlign",974.050937,974.790937,"spécialiste"
"TokensAlign",974.790937,974.860937,"il"
"TokensAlign",974.860937,974.890937,"n'"
"TokensAlign",974.890937,974.920937,"y"
"TokensAlign",974.920937,974.950937,"a"
"TokensAlign",974.950937,975.040937,"pas"
"TokensAlign",975.040937,975.110937,"un"
"TokensAlign",975.110937,975.420937,"degré"
"TokensAlign",975.420937,975.540937,"de"
"TokensAlign",975.540937,976.110937,"spécialiste"
"TokensAlign",976.110937,976.190937,"qui"
"TokensAlign",976.190937,976.440937,"sera"
"TokensAlign",976.440937,977.120937,"mieux"
"TokensAlign",977.120937,977.350937,"voilà"
"TokensAlign",977.350937,977.420937,"je"
"TokensAlign",977.420937,977.610937,"pense"
"TokensAlign",977.610937,977.660937,"que"
"TokensAlign",977.660937,977.980937,"n'importe"
"TokensAlign",977.980937,978.100937,"quel"
"TokensAlign",978.100937,978.650937,"spécialiste"
"TokensAlign",978.650937,978.790937,"est"
"TokensAlign",978.790937,978.880937,"apte"
"TokensAlign",978.880937,978.970937,"à"
"TokensAlign",978.970937,979.200937,"parler"
"TokensAlign",979.200937,979.430937,"à"
"TokensAlign",979.430937,979.590937,"des"
"TokensAlign",979.590937,979.880937,"enfants"
"TokensAlign",979.880937,980.060937,"sur"
"TokensAlign",980.060937,980.170937,"les"
"TokensAlign",980.170937,980.530937,"dangers"
"TokensAlign",980.530937,980.560937,"de"
"TokensAlign",980.560937,980.910937,"+"
"TokensAlign",980.910937,981.360937,"euh"
"TokensAlign",981.360937,981.410937,"du"
"TokensAlign",981.410937,981.870937,"téléphone"
"TokensAlign",981.870937,982.620937,"+"
"TokensAlign",982.620937,982.660937,"et"
"TokensAlign",982.660937,982.710937,"je"
"TokensAlign",982.710937,982.960937,"pense"
"TokensAlign",982.960937,983.080937,"que"
"TokensAlign",983.080937,983.140937,"ouais"
"TokensAlign",983.140937,983.240937,"on"
"TokensAlign",983.240937,983.430937,"pourrait"
"TokensAlign",983.430937,983.760937,"même"
"TokensAlign",983.760937,984.050937,"miser"
"TokensAlign",984.050937,984.230937,"sur"
"TokensAlign",984.230937,984.450937,"cette"
"TokensAlign",984.450937,984.660937,"touche"
"TokensAlign",984.660937,984.980937,"avec"
"TokensAlign",984.980937,985.200937,"moi"
"TokensAlign",985.200937,985.530937,"je"
"TokensAlign",985.530937,985.810937,"vraiment"
"TokensAlign",985.810937,985.870937,"je"
"TokensAlign",985.870937,986.060937,"pense"
"TokensAlign",986.060937,986.110937,"que"
"TokensAlign",986.110937,986.220937,"les"
"TokensAlign",986.220937,986.790937,"témoignages"
"TokensAlign",986.790937,986.920937,"moi"
"TokensAlign",986.920937,987.040937,"quand"
"TokensAlign",987.040937,987.070937,"j'"
"TokensAlign",987.070937,987.290937,"étais"
"TokensAlign",987.290937,987.490937,"plus"
"TokensAlign",987.490937,987.710937,"jeune"
"TokensAlign",987.710937,987.880937,"ce"
"TokensAlign",987.880937,988.100937,"sont"
"TokensAlign",988.100937,988.190937,"les"
"TokensAlign",988.190937,988.710937,"témoignages"
"TokensAlign",988.710937,988.880937,"qui"
"TokensAlign",988.880937,989.140937,"me"
"TokensAlign",989.140937,989.260937,"qui"
"TokensAlign",989.260937,989.330937,"me"
"TokensAlign",989.330937,989.610937,"parlaient"
"TokensAlign",989.610937,989.640937,"le"
"TokensAlign",989.640937,990.040937,"plus"
"TokensAlign",990.040937,990.750937,"+"
"TokensAlign",990.750937,990.780937,"et"
"TokensAlign",990.780937,990.830937,"je"
"TokensAlign",990.830937,991.030937,"pense"
"TokensAlign",991.030937,991.080937,"qu'"
"TokensAlign",991.080937,991.150937,"on"
"TokensAlign",991.150937,991.330937,"pourrait"
"TokensAlign",991.330937,991.500937,"jouer"
"TokensAlign",991.500937,991.700937,"cette"
"TokensAlign",991.700937,991.950937,"carte"
"TokensAlign",991.950937,992.160937,"après"
"TokensAlign",992.160937,992.260937,"je"
"TokensAlign",992.260937,992.420937,"sais"
"TokensAlign",992.420937,992.640937,"pas"
"TokensAlign",992.640937,992.890937,"euh"
"TokensAlign",992.890937,993.4,"SPEAKER_3"
"TokensAlign",993.4,994.44,"#"
"TokensAlign",994.44,994.5,"t"
"TokensAlign",994.5,994.54,"as"
"TokensAlign",994.54,994.74,"des"
"TokensAlign",994.74,994.890937,"idées"
"TokensAlign",994.890937,1001.944687,"#"
"TokensAlign",1001.944687,1002.194687,"un"
"TokensAlign",1002.194687,1002.254687,"peu"
"TokensAlign",1002.254687,1002.99,"euh"
"TokensAlign",1002.99,1004.001928,"#"
"TokensAlign",1004.001928,1004.161928,"j'"
"TokensAlign",1004.161928,1004.361928,"aimerais"
"TokensAlign",1004.361928,1004.591928,"bien"
"TokensAlign",1004.591928,1004.921928,"je"
"TokensAlign",1004.921928,1005.501928,"parle"
"TokensAlign",1005.501928,1005.621928,"+"
"TokensAlign",1005.621928,1005.701928,"on"
"TokensAlign",1005.701928,1005.881928,"pourrait"
"TokensAlign",1005.881928,1006.061928,"même"
"TokensAlign",1006.061928,1006.571928,"faire"
"TokensAlign",1006.571928,1007.228514,"venir"
"TokensAlign",1007.228514,1007.723502,"#"
"TokensAlign",1007.723502,1007.953502,"c'est"
"TokensAlign",1007.953502,1008.255155,"ça"
"TokensAlign",1008.255155,1014.255,"#"
"TokensAlign",1014.255,1014.485,"ce"
"TokensAlign",1014.485,1015.325,"sera"
"TokensAlign",1015.325,1015.495,"ce"
"TokensAlign",1015.495,1015.725,"sera"
"TokensAlign",1015.725,1015.785,"une"
"TokensAlign",1015.785,1016.945,"victime"
"TokensAlign",1016.945,1017.71,"erika"
"TokensAlign",1017.71,1017.925,"#"
"TokensAlign",1017.925,1017.995,"j'"
"TokensAlign",1017.995,1018.095,"ai"
"TokensAlign",1018.095,1018.395,"déjà"
"TokensAlign",1018.395,1018.525,"pris"
"TokensAlign",1018.525,1018.605,"en"
"TokensAlign",1018.605,1019.015,"contact"
"TokensAlign",1019.015,1019.265,"avec"
"TokensAlign",1019.265,1019.535,"elle"
"TokensAlign",1019.535,1020.156697,"#"
"TokensAlign",1020.156697,1020.616697,"erika"
"TokensAlign",1020.616697,1021.886697,"victime"
"TokensAlign",1021.886697,1022.186697,"d'"
"TokensAlign",1022.186697,1022.72,"harcèlement"
"TokensAlign",1022.72,1023.69,"#"
"TokensAlign",1023.69,1024.405,"sexuel"
"TokensAlign",1024.405,1025.0,"#"
"TokensAlign",1025.0,1025.27,"via"
"TokensAlign",1025.27,1025.38,"les"
"TokensAlign",1025.38,1025.6,"réseaux"
"TokensAlign",1025.6,1026.008437,"sociaux"
"TokensAlign",1026.008437,1028.472188,"#"
"TokensAlign",1028.472188,1028.782188,"v-"
"TokensAlign",1028.782188,1029.02,"quoi"
"TokensAlign",1029.02,1029.64,"#"
"TokensAlign",1029.64,1029.74,"via"
"TokensAlign",1029.74,1029.85,"les"
"TokensAlign",1029.85,1030.0200000000002,"réseaux"
"TokensAlign",1030.0200000000002,1030.455,"sociaux"
"TokensAlign",1030.455,1065.255,"#"
"TokensAlign",1065.255,1065.485,"parce_qu'"
"TokensAlign",1065.485,1065.525,"on"
"TokensAlign",1065.525,1065.585,"n'"
"TokensAlign",1065.585,1065.6450000000002,"est"
"TokensAlign",1065.6450000000002,1065.785,"pas"
"TokensAlign",1065.785,1065.8950000000002,"que"
"TokensAlign",1065.8950000000002,1066.075,"sur"
"TokensAlign",1066.075,1066.1950000000002,"les"
"TokensAlign",1066.1950000000002,1066.485,"réseaux"
"TokensAlign",1066.485,1066.6850000000002,"aussi"
"TokensAlign",1066.6850000000002,1066.855,"faut"
"TokensAlign",1066.855,1066.985,"pas"
"TokensAlign",1066.985,1067.045,"l'"
"TokensAlign",1067.045,1067.4150000000002,"oublier"
"TokensAlign",1067.4150000000002,1067.505,"on"
"TokensAlign",1067.505,1067.535,"est"
"TokensAlign",1067.535,1067.6950000000002,"sur"
"TokensAlign",1067.6950000000002,1067.725,"le"
"TokensAlign",1067.725,1068.1550000000002,"téléphone"
"TokensAlign",1068.1550000000002,1068.4150000000002,"avec"
"TokensAlign",1068.4150000000002,1068.535,"SPEAKER_2"
"TokensAlign",1068.535,1068.6550000000002,"c'est"
"TokensAlign",1068.6550000000002,1068.765,"ça"
"TokensAlign",1068.765,1068.8850000000002,"que"
"TokensAlign",1068.8850000000002,1068.9550000000002,"j'"
"TokensAlign",1068.9550000000002,1069.485,"avais"
"TokensAlign",1069.485,1070.1450000000002,"zappé"
"TokensAlign",1070.1450000000002,1070.255,"aussi"
"TokensAlign",1070.255,1070.345,"donc"
"TokensAlign",1070.345,1071.005,"médecin"
"TokensAlign",1071.005,1071.485,"neurologue"
"TokensAlign",1071.485,1071.555,"ouais"
"TokensAlign",1071.555,1072.585,"très"
"TokensAlign",1072.585,1073.115,"bien"
"TokensAlign",1073.115,1073.1750000000002,"c'est"
"TokensAlign",1073.1750000000002,1073.21,"ça"
"TokensAlign",1073.21,1074.015,"#"
"TokensAlign",1074.015,1074.45,"et"
"TokensAlign",1074.45,1074.775,"#"
"TokensAlign",1074.775,1074.865,"et"
"TokensAlign",1074.865,1074.9450000000002,"j'"
"TokensAlign",1074.9450000000002,1074.995,"ai"
"TokensAlign",1074.995,1075.055,"et"
"TokensAlign",1075.055,1075.085,"au"
"TokensAlign",1075.085,1075.755,"niveau"
"TokensAlign",1075.755,1075.795,"de"
"TokensAlign",1075.795,1075.9050000000002,"la"
"TokensAlign",1075.9050000000002,1076.105,"page"
"TokensAlign",1076.105,1076.725,"environnement"
"TokensAlign",1076.725,1076.92,"#"
"TokensAlign",1076.92,1076.96,"je"
"TokensAlign",1076.96,1077.23,"préfère"
"TokensAlign",1077.23,1077.61,"venir"
"TokensAlign",1077.61,1077.8200000000002,"les"
"TokensAlign",1077.8200000000002,1078.24,"impacts"
"TokensAlign",1078.24,1078.48,"aussi"
"TokensAlign",1078.48,1079.11,"de"
"TokensAlign",1079.11,1079.25,"de"
"TokensAlign",1079.25,1079.35,"la"
"TokensAlign",1079.35,1079.9,"téléphonie"
"TokensAlign",1079.9,1080.0700000000002,"sur"
"TokensAlign",1080.0700000000002,1080.1,"l'"
"TokensAlign",1080.1,1080.554806,"environnement"
"TokensAlign",1080.554806,1088.361563,"#"
"TokensAlign",1088.361563,1088.551563,"et"
"TokensAlign",1088.551563,1088.651563,"tu"
"TokensAlign",1088.651563,1089.021563,"inviterais"
"TokensAlign",1089.021563,1089.171563,"qui"
"TokensAlign",1089.171563,1089.491563,"d'autre"
"TokensAlign",1089.491563,1089.846563,"du_coup"
"TokensAlign",1089.846563,1091.805,"#"
"TokensAlign",1091.805,1091.845,"mh"
"TokensAlign",1091.845,1091.925,"mais"
"TokensAlign",1091.925,1091.9550000000002,"tu"
"TokensAlign",1091.9550000000002,1092.495,"inviterais"
"TokensAlign",1092.495,1092.655,"qui"
"TokensAlign",1092.655,1092.6850000000002,"t'"
"TokensAlign",1092.6850000000002,1093.425,"inviterais"
"TokensAlign",1093.425,1093.595,"qui"
"TokensAlign",1093.595,1094.145,"d'autre"
"TokensAlign",1094.145,1094.49,"du_coup"
"TokensAlign",1094.49,1127.198672,"#"
"TokensAlign",1127.198672,1127.388672,"ben"
"TokensAlign",1127.388672,1127.528672,"non"
"TokensAlign",1127.528672,1127.558672,"on"
"TokensAlign",1127.558672,1127.588672,"n'"
"TokensAlign",1127.588672,1127.618672,"est"
"TokensAlign",1127.618672,1127.888672,"pas"
"TokensAlign",1127.888672,1128.118672,"obligé"
"TokensAlign",1128.118672,1128.288672,"d'"
"TokensAlign",1128.288672,1128.348672,"être"
"TokensAlign",1128.348672,1128.498672,"si"
"TokensAlign",1128.498672,1128.908672,"précis"
"TokensAlign",1128.908672,1129.178672,"+"
"TokensAlign",1129.178672,1129.218672,"à"
"TokensAlign",1129.218672,1129.288672,"ce"
"TokensAlign",1129.288672,1129.418672,"que"
"TokensAlign",1129.418672,1129.468672,"j'"
"TokensAlign",1129.468672,1129.528672,"ai"
"TokensAlign",1129.528672,1130.24934,"compris"
"TokensAlign",1130.24934,1142.763283,"#"
"TokensAlign",1142.763283,1144.003283,"euh"
"TokensAlign",1144.003283,1144.043283,"mh"
"TokensAlign",1144.043283,1144.33991,"blian"
"TokensAlign",1144.33991,1147.822997,"#"
"TokensAlign",1147.822997,1147.992997,"et"
"TokensAlign",1147.992997,1148.212997,"ça"
"TokensAlign",1148.212997,1148.342997,"s'"
"TokensAlign",1148.342997,1149.902997,"écriat"
"TokensAlign",1149.902997,1150.042997,"b"
"TokensAlign",1150.042997,1150.072997,"l"
"TokensAlign",1150.072997,1150.102997,"i"
"TokensAlign",1150.102997,1150.142997,"n"
"TokensAlign",1150.142997,1150.352934,"blian"
"TokensAlign",1150.352934,1161.041456,"#"
"TokensAlign",1161.041456,1161.408114,"ouais"
"TokensAlign",1161.408114,1162.178094,"#"
"TokensAlign",1162.178094,1162.746414,"ok"
"TokensAlign",1162.746414,1174.131129,"#"
"TokensAlign",1174.131129,1174.809446,"ok"
"TokensAlign",1174.809446,1183.296782,"#"
"TokensAlign",1183.296782,1183.336782,"mh"
"TokensAlign",1183.336782,1183.946782,"ok"
"TokensAlign",1183.946782,1184.236782,"bon_ben"
"TokensAlign",1184.236782,1184.4067819999998,"ça"
"TokensAlign",1184.4067819999998,1184.556782,"c'est"
"TokensAlign",1184.556782,1184.716782,"fait"
"TokensAlign",1184.716782,1184.816782,"ben"
"TokensAlign",1184.816782,1184.946782,"je"
"TokensAlign",1184.946782,1185.036782,"suis"
"TokensAlign",1185.036782,1185.3667819999998,"content"
"TokensAlign",1185.3667819999998,1186.3667819999998,"putain"
"TokensAlign",1186.3667819999998,1186.5967819999998,"+"
"TokensAlign",1186.5967819999998,1186.8767819999998,"depuis"
"TokensAlign",1186.8767819999998,1186.9067819999998,"le"
"TokensAlign",1186.9067819999998,1187.1267819999998,"temps"
"TokensAlign",1187.1267819999998,1187.196782,"qu'"
"TokensAlign",1187.196782,1187.306782,"on"
"TokensAlign",1187.306782,1187.4067819999998,"en"
"TokensAlign",1187.4067819999998,1187.716782,"parle"
"TokensAlign",1187.716782,1188.026664,"pfou"
"TokensAlign",1188.026664,1190.666598,"#"
"TokensAlign",1190.666598,1191.006598,"ben"
"TokensAlign",1191.006598,1191.146598,"ça"
"TokensAlign",1191.146598,1191.246598,"va"
"TokensAlign",1191.246598,1191.326598,"être"
"TokensAlign",1191.326598,1191.416598,"la"
"TokensAlign",1191.416598,1191.576598,"mise"
"TokensAlign",1191.576598,1191.646598,"en"
"TokensAlign",1191.646598,1191.896598,"place"
"TokensAlign",1191.896598,1192.266598,"toujours"
"TokensAlign",1192.266598,1192.406598,"hein"
"TokensAlign",1192.406598,1192.436598,"tu"
"TokensAlign",1192.436598,1192.746598,"sais"
"TokensAlign",1192.746598,1192.939875,"hein"
"TokensAlign",1192.939875,1193.973927,"#"
"TokensAlign",1193.973927,1194.263927,"c'est"
"TokensAlign",1194.263927,1194.473927,"mettre"
"TokensAlign",1194.473927,1194.573927,"tout"
"TokensAlign",1194.573927,1194.693927,"ça"
"TokensAlign",1194.693927,1194.823927,"en"
"TokensAlign",1194.823927,1195.083927,"place"
"TokensAlign",1195.083927,1195.473927,"+"
"TokensAlign",1195.473927,1195.553927,"s'"
"TokensAlign",1195.553927,1196.430532,"organiser"
"TokensAlign",1196.430532,1197.009444,"#"
"TokensAlign",1197.009444,1197.139444,"il_y"
"TokensAlign",1197.139444,1197.369444,"aura"
"TokensAlign",1197.369444,1197.541097,"est"
"TokensAlign",1197.541097,1202.637637,"#"
"TokensAlign",1202.637637,1202.677637,"mh"
"TokensAlign",1202.677637,1202.737637,"non"
"TokensAlign",1202.737637,1203.437637,"+"
"TokensAlign",1203.437637,1203.697637,"non"
"TokensAlign",1203.697637,1203.787637,"là"
"TokensAlign",1203.787637,1203.847637,"je"
"TokensAlign",1203.847637,1204.157637,"pense"
"TokensAlign",1204.157637,1204.207637,"que"
"TokensAlign",1204.207637,1204.337637,"tout"
"TokensAlign",1204.337637,1204.407637,"est"
"TokensAlign",1204.407637,1204.617637,"clair"
"TokensAlign",1204.617637,1204.707637,"on"
"TokensAlign",1204.707637,1204.847637,"s'est"
"TokensAlign",1204.847637,1205.057637,"bien"
"TokensAlign",1205.057637,1205.387568,"entendu"
"TokensAlign",1205.387568,1210.135783,"#"
"TokensAlign",1210.135783,1210.195783,"je"
"TokensAlign",1210.195783,1210.425783,"pense"
"TokensAlign",1210.425783,1210.475783,"qu'"
"TokensAlign",1210.475783,1210.5057829999998,"il_y"
"TokensAlign",1210.5057829999998,1210.555783,"a"
"TokensAlign",1210.555783,1210.825783,"des"
"TokensAlign",1210.825783,1211.075783,"égos"
"TokensAlign",1211.075783,1211.205783,"qui"
"TokensAlign",1211.205783,1211.445783,"devraient"
"TokensAlign",1211.445783,1211.645783,"être"
"TokensAlign",1211.645783,1211.775783,"mis"
"TokensAlign",1211.775783,1211.915783,"de"
"TokensAlign",1211.915783,1212.2457829999998,"côté"
"TokensAlign",1212.2457829999998,1212.4957829999998,"+"
"TokensAlign",1212.4957829999998,1212.555783,"et"
"TokensAlign",1212.555783,1212.655783,"qui"
"TokensAlign",1212.655783,1212.705783,"ont"
"TokensAlign",1212.705783,1212.945783,"étaient"
"TokensAlign",1212.945783,1213.295783,"vite"
"TokensAlign",1213.295783,1213.395783,"mis"
"TokensAlign",1213.395783,1213.525783,"de"
"TokensAlign",1213.525783,1213.857356,"côté"
"TokensAlign",1213.857356,1215.342319,"#"
"TokensAlign",1215.342319,1215.672319,"hein"
"TokensAlign",1215.672319,1216.322319,"SPEAKER_3"
"TokensAlign",1216.322319,1216.7623190000002,"+"
"TokensAlign",1216.7623190000002,1217.032319,"non"
"TokensAlign",1217.032319,1217.083943,"mais"
"TokensAlign",1217.083943,1217.872256,"#"
"TokensAlign",1217.872256,1218.0622560000002,"d'"
"TokensAlign",1218.0622560000002,1218.5022560000002,"habitude"
"TokensAlign",1218.5022560000002,1219.0322560000002,"euh"
"TokensAlign",1219.0322560000002,1219.192256,"c'est"
"TokensAlign",1219.192256,1219.2822560000002,"elle"
"TokensAlign",1219.2822560000002,1219.5122560000002,"est"
"TokensAlign",1219.5122560000002,1219.672256,"plus"
"TokensAlign",1219.672256,1220.242256,"tenace"
"TokensAlign",1220.242256,1220.342256,"la"
"TokensAlign",1220.342256,1220.452256,"c'est"
"TokensAlign",1220.452256,1220.5322560000002,"la"
"TokensAlign",1220.5322560000002,1220.692256,"fin"
"TokensAlign",1220.692256,1220.7722560000002,"de"
"TokensAlign",1220.7722560000002,1221.2622560000002,"journée"
"TokensAlign",1221.2622560000002,1221.382256,"on"
"TokensAlign",1221.382256,1221.592256,"devrait"
"TokensAlign",1221.592256,1221.7722560000002,"faire"
"TokensAlign",1221.7722560000002,1221.902256,"les"
"TokensAlign",1221.902256,1222.202256,"réunions"
"TokensAlign",1222.202256,1222.372256,"fin"
"TokensAlign",1222.372256,1222.462256,"de"
"TokensAlign",1222.462256,1222.805,"journée"
"TokensAlign",1222.805,1223.11,"#"
"PronTokAlign",0.0,42.728663,"#=0.0"
"PronTokAlign",42.728663,42.938663,"a~-f-E=0.442"
"PronTokAlign",42.938663,43.248663,"d-Z-A/=0.415"
"PronTokAlign",43.248663,43.278663,"Z=0.482"
"PronTokAlign",43.278663,43.681972,"v-u-d-R-e-z=0.432"
"PronTokAlign",43.681972,44.085295,"#=0.0"
"PronTokAlign",44.085295,44.295295,"O/-k-e=0.606"
"PronTokAlign",44.295295,44.475295,"Z-@=0.536"
"PronTokAlign",44.475295,44.645295,"v-E=0.408"
"PronTokAlign",44.645295,44.765295,"Z-y-s=0.559"
"PronTokAlign",44.765295,45.148602,"k-O/-m-a~-s-e=0.959"
"PronTokAlign",45.148602,46.010247,"#=0.0"
"PronTokAlign",46.010247,46.490247,"fp"
"PronTokAlign",46.490247,46.710247,"anon"
"PronTokAlign",46.710247,46.810247,"Z=0.485"
"PronTokAlign",46.810247,46.850247,"t"
"PronTokAlign",46.850247,47.410247,"a~-t-a~-d-y"
"PronTokAlign",47.410247,47.950247,"s-A/=0.822"
"PronTokAlign",47.950247,48.020247,"m=0.725"
"PronTokAlign",48.020247,48.210247,"A/-v-e=0.406"
"PronTokAlign",48.210247,48.240247,"l"
"PronTokAlign",48.240247,48.340247,"E-R"
"PronTokAlign",48.340247,48.480247,"t-R-E=0.483"
"PronTokAlign",48.480247,49.09,"s-U~/-p-A/-t-i-k=0.687"
"PronTokAlign",49.09,49.225,"#=0.0"
"PronTokAlign",49.225,49.695,"anon"
"PronTokAlign",49.695,49.915,"O/-s-i"
"PronTokAlign",49.915,50.215,"i-l-j-A/"
"PronTokAlign",50.215,50.595,"p-A/-R-k-O~-t=0.523"
"PronTokAlign",50.595,50.665,"S=0.514"
"PronTokAlign",50.665,50.975,"k-O~-p-R-a~=0.573"
"PronTokAlign",50.975,51.245,"p-A/=0.633"
"PronTokAlign",51.245,51.477188,"#=0.0"
"PronTokAlign",51.477188,51.950099,"fp=0.0"
"PronTokAlign",51.950099,53.380063,"#=0.0"
"PronTokAlign",53.380063,53.910063,"O/-n-E-t-2-m-a~-t=0.631"
"PronTokAlign",53.910063,54.000063,"Z=0.441"
"PronTokAlign",54.000063,54.620063,"p-a~-s-@=0.63"
"PronTokAlign",54.620063,54.869063,"k-@=0.811"
"PronTokAlign",54.869063,55.476563,"#=0.0"
"PronTokAlign",55.476563,55.806563,"A/-v-E-k"
"PronTokAlign",55.806563,55.896563,"l-@=0.42"
"PronTokAlign",55.896563,56.036563,"b-y=0.803"
"PronTokAlign",56.036563,56.186563,"d-@=0.736"
"PronTokAlign",56.186563,56.406563,"n-O/-t=0.476"
"PronTokAlign",56.406563,56.686563,"A/-s-O/"
"PronTokAlign",56.686563,56.756563,"Z=0.458"
"PronTokAlign",56.756563,56.856563,"t-@=0.629"
"PronTokAlign",56.856563,57.136563,"R-A/-p-E-l=0.64"
"PronTokAlign",57.136563,57.346563,"n-O/-t=0.514"
"PronTokAlign",57.346563,57.606563,"A/-s-O/"
"PronTokAlign",57.606563,57.716563,"s-e"
"PronTokAlign",57.716563,58.006563,"y-n=0.634"
"PronTokAlign",58.006563,58.816563,"A/-s-O/-s-A/-s-j-O~"
"PronTokAlign",58.816563,58.936563,"d-@=0.79"
"PronTokAlign",58.936563,59.496563,"p-R-E-v-a~-s-j-O~"
"PronTokAlign",59.496563,59.566563,"d=0.502"
"PronTokAlign",59.566563,59.636563,"l-A/"
"PronTokAlign",59.636563,60.056563,"Z-2-n-E-s=0.671"
"PronTokAlign",60.056563,60.626563,"#"
"PronTokAlign",60.626563,60.686563,"E=0.608"
"PronTokAlign",60.686563,60.756563,"Z=0.541"
"PronTokAlign",60.756563,60.866563,"v-w-A/=0.662"
"PronTokAlign",60.866563,61.036563,"p-A/=0.63"
"PronTokAlign",61.036563,61.326563,"p-u-R-k-w-A/"
"PronTokAlign",61.326563,61.836563,"A/-m-A/-z-O/-n"
"PronTokAlign",61.836563,62.136563,"s-A/"
"PronTokAlign",62.136563,62.746563,"s-O~=0.638"
"PronTokAlign",62.746563,63.086563,"S=0.964"
"PronTokAlign",63.086563,63.416563,"v-w-A/=0.808"
"PronTokAlign",63.416563,63.526563,"p-A/=0.709"
"PronTokAlign",63.526563,63.596563,"s=0.658"
"PronTokAlign",63.596563,63.696563,"k-@=0.531"
"PronTokAlign",63.696563,63.856563,"t-y=0.37"
"PronTokAlign",63.856563,64.04656299999999,"v-@=0.448"
"PronTokAlign",64.04656299999999,64.426563,"n-u-z=0.844"
"PronTokAlign",64.426563,64.79,"A/-m-n-e=0.453"
"PronTokAlign",64.79,64.895,"#=0.0"
"PronTokAlign",64.895,65.015,"u"
"PronTokAlign",65.015,65.115,"O~=0.72"
"PronTokAlign",65.115,65.235,"v-A/"
"PronTokAlign",65.235,65.435,"A/-m-n-e=0.633"
"PronTokAlign",65.435,65.655,"n-O/-z=0.533"
"PronTokAlign",65.655,65.815,"Z-9-n=0.692"
"PronTokAlign",65.815,66.045,"A/-v-E-k"
"PronTokAlign",66.045,66.455,"U~/-n=0.756"
"PronTokAlign",66.455,66.755,"e-v-E-n-m-a~=0.384"
"PronTokAlign",66.755,66.91499999999999,"s-y-R"
"PronTokAlign",66.91499999999999,67.33069,"A/-m-A/-z-O/-n"
"PronTokAlign",67.33069,96.482812,"#=0.0"
"PronTokAlign",96.482812,96.522812,"s=0.629"
"PronTokAlign",96.522812,96.622812,"Z-@=0.419"
"PronTokAlign",96.622812,96.782812,"s-y-i=0.655"
"PronTokAlign",96.782812,97.052812,"b-U~/=0.666"
"PronTokAlign",97.052812,97.892812,"d-A/-k-O/-R"
"PronTokAlign",97.892812,98.082812,"d-a~=0.779"
"PronTokAlign",98.082812,98.852812,"A/-s-O/-s-A/-s-j-O~"
"PronTokAlign",98.852812,99.052812,"d-@=0.784"
"PronTokAlign",99.052812,99.785,"p-R-E-v-a~-s-j-O~"
"PronTokAlign",99.785,100.075,"#=0.0"
"PronTokAlign",100.075,100.145,"t=0.455"
"PronTokAlign",100.145,100.545,"n-O/-t-R-@=0.562"
"PronTokAlign",100.545,101.11,"Z-2-n-E-s=0.556"
"PronTokAlign",101.11,101.24,"#=0.0"
"PronTokAlign",101.24,101.38,"t=0.344"
"PronTokAlign",101.38,101.68,"t-y=0.532"
"PronTokAlign",101.68,101.9,"t=0.414"
"PronTokAlign",101.9,101.93,"l=0.428"
"PronTokAlign",101.93,102.2,"m-O/"
"PronTokAlign",102.2,102.72,"p-R-E-v-a~-s-j-O~"
"PronTokAlign",102.72,102.83,"t=0.495"
"PronTokAlign",102.83,102.86,"l=0.51"
"PronTokAlign",102.86,102.99,"m-E=0.531"
"PronTokAlign",102.99,103.14,"d-a~-z=0.586"
"PronTokAlign",103.14,103.33,"t=0.405"
"PronTokAlign",103.33,103.36,"l=0.406"
"PronTokAlign",103.36,103.98,"m-E-z=0.992"
"PronTokAlign",103.98,104.042812,"u"
"PronTokAlign",104.042812,108.686231,"#=0.0"
"PronTokAlign",108.686231,109.566231,"i-l-j-A/"
"PronTokAlign",109.566231,109.946231,"O~=0.725"
"PronTokAlign",109.946231,110.176231,"m-A/-R-S=0.779"
"PronTokAlign",110.176231,110.286231,"s-y-R"
"PronTokAlign",110.286231,110.376231,"l-A/"
"PronTokAlign",110.376231,110.910938,"t-E-t=0.711"
"PronTokAlign",110.910938,121.124002,"#=0.0"
"PronTokAlign",121.124002,122.00398,"E-g-z-A/-k-t-2-m-a~-t=0.64"
"PronTokAlign",122.00398,137.651916,"#=0.0"
"PronTokAlign",137.651916,138.330232,"w-E"
"PronTokAlign",138.330232,143.683432,"#=0.0"
"PronTokAlign",143.683432,143.853432,"O/-k-E=0.586"
"PronTokAlign",143.853432,144.523432,"#"
"PronTokAlign",144.523432,144.663432,"O/-k-e=0.547"
"PronTokAlign",144.663432,144.92343200000002,"t-R-E=0.557"
"PronTokAlign",144.92343200000002,145.133438,"b-j-U~/=0.836"
"PronTokAlign",145.133438,146.635025,"#=0.0"
"PronTokAlign",146.635025,147.093347,"v-l-A/=0.52"
"PronTokAlign",147.093347,150.246601,"#=0.0"
"PronTokAlign",150.246601,150.631592,"O/-k-E=0.547"
"PronTokAlign",150.631592,153.874687,"#=0.0"
"PronTokAlign",153.874687,154.474687,"O/-k-E=0.84"
"PronTokAlign",154.474687,154.664687,"d-O~=0.53"
"PronTokAlign",154.664687,154.894687,"m-w-A/"
"PronTokAlign",154.894687,155.105657,"Z-@=0.873"
"PronTokAlign",155.105657,158.368909,"#=0.0"
"PronTokAlign",158.368909,158.808909,"s-e"
"PronTokAlign",158.808909,158.968909,"s-e"
"PronTokAlign",158.968909,159.168909,"b-j-U~/-n=0.503"
"PronTokAlign",159.168909,159.198909,"d=0.564"
"PronTokAlign",159.198909,159.22890900000002,"l=0.589"
"PronTokAlign",159.22890900000002,160.158909,"R-2-k-O/-n-E-t-R-2=0.668"
"PronTokAlign",160.158909,160.188909,"Z=0.356"
"PronTokAlign",160.188909,160.328909,"t=0.817"
"PronTokAlign",160.328909,160.73,"R-2-m-E-R-s-i"
"PronTokAlign",160.73,161.275,"#=0.0"
"PronTokAlign",161.275,161.365,"s-e"
"PronTokAlign",161.365,161.455,"b-j-U~/=0.874"
"PronTokAlign",161.455,161.485,"d=0.466"
"PronTokAlign",161.485,161.515,"l=0.736"
"PronTokAlign",161.515,161.895,"R-2-k-O/-n-E-t-R=0.83"
"PronTokAlign",161.895,162.205,"A/-p-R-E=0.443"
"PronTokAlign",162.205,162.54500000000002,"v-l-A/=0.687"
"PronTokAlign",162.54500000000002,162.79500000000002,"#"
"PronTokAlign",162.79500000000002,162.935,"s-e"
"PronTokAlign",162.935,163.04500000000002,"l-A/"
"PronTokAlign",163.04500000000002,163.07500000000002,"k=0.792"
"PronTokAlign",163.07500000000002,163.165,"Z=0.524"
"PronTokAlign",163.165,163.315,"v-u-l-E=0.381"
"PronTokAlign",163.315,163.978769,"U~/-t-E-R-v-2-n-i-R"
"PronTokAlign",163.978769,164.59,"#=0.0"
"PronTokAlign",164.59,164.88,"Z=0.87"
"PronTokAlign",164.88,165.29,"a~-t-a~-z=0.503"
"PronTokAlign",165.29,165.33,"U~/"
"PronTokAlign",165.33,165.46,"#=0.0"
"PronTokAlign",165.46,165.61,"S=0.568"
"PronTokAlign",165.61,165.9,"a~-t-a~=0.829"
"PronTokAlign",165.9,165.99,"s=0.641"
"PronTokAlign",165.99,166.04000000000002,"k=0.616"
"PronTokAlign",166.04000000000002,166.37,"v-u=0.612"
"PronTokAlign",166.37,166.47,"s=0.782"
"PronTokAlign",166.47,166.6,"k-@=0.593"
"PronTokAlign",166.6,166.73000000000002,"v-u=0.749"
"PronTokAlign",166.73000000000002,166.79000000000002,"m=0.64"
"PronTokAlign",166.79000000000002,167.39,"d-i-t=0.447"
"PronTokAlign",167.39,167.62,"fp"
"PronTokAlign",167.62,167.65,"O/"
"PronTokAlign",167.65,167.88,"n-i-v-O/"
"PronTokAlign",167.88,167.91,"d=0.506"
"PronTokAlign",167.91,168.01000000000002,"l-A/"
"PronTokAlign",168.01000000000002,168.55,"t-R-a~-z-i-s-j-O~"
"PronTokAlign",168.55,168.70000000000002,"d=0.605"
"PronTokAlign",168.70000000000002,169.15,"n-y-m-E-R-i-k=0.688"
"PronTokAlign",169.15,169.4,"s-e"
"PronTokAlign",169.4,169.56,"t-R-E=0.524"
"PronTokAlign",169.56,169.72,"b-j-U~/=0.747"
"PronTokAlign",169.72,170.39,"anon"
"PronTokAlign",170.39,170.78,"#=0.0"
"PronTokAlign",170.78,170.98,"anon"
"PronTokAlign",170.98,171.22,"p-A/-R-E-j"
"PronTokAlign",171.22,171.67,"t-e-l-e-f-O/-n=0.683"
"PronTokAlign",171.67,171.75,"m-e=0.264"
"PronTokAlign",171.75,172.240906,"O/-n-E-t-2-m-a~-t=0.714"
"PronTokAlign",172.240906,172.725,"#=0.0"
"PronTokAlign",172.725,173.505,"A/-s-O/-s-A/-s-j-O~"
"PronTokAlign",173.505,173.595,"d-@=0.665"
"PronTokAlign",173.595,174.055,"p-R-E-v-a~-s-j-O~"
"PronTokAlign",174.055,174.095,"d=0.611"
"PronTokAlign",174.095,174.185,"l-A/"
"PronTokAlign",174.185,174.69,"Z-2-n-E-s=0.476"
"PronTokAlign",174.69,175.24,"#=0.0"
"PronTokAlign",175.24,175.4,"O~=0.69"
"PronTokAlign",175.4,175.63,"v-@=0.524"
"PronTokAlign",175.63,175.97,"#"
"PronTokAlign",175.97,176.11,"f-E-R=0.682"
"PronTokAlign",176.11,176.14,"d=0.66"
"PronTokAlign",176.14,176.22,"l-A/"
"PronTokAlign",176.22,176.66,"p-R-E-v-a~-s-j-O~"
"PronTokAlign",176.66,176.81,"p-u-R"
"PronTokAlign",176.81,176.93,"n-O/=0.704"
"PronTokAlign",176.93,177.24,"Z-9-n-z=0.91"
"PronTokAlign",177.24,177.345,"#=0.0"
"PronTokAlign",177.345,177.655,"k-E-l"
"PronTokAlign",177.655,177.725,"E=0.323"
"PronTokAlign",177.725,177.835,"l-@=0.568"
"PronTokAlign",177.835,178.145,"m-E-j-9-R"
"PronTokAlign",178.145,178.55,"t-E-m-@=0.934"
"PronTokAlign",178.55,179.322187,"#=0.0"
"PronTokAlign",179.322187,179.462187,"k=0.446"
"PronTokAlign",179.462187,179.742187,"e-t=0.344"
"PronTokAlign",179.742187,179.772187,"l=0.445"
"PronTokAlign",179.772187,179.87218700000005,"k"
"PronTokAlign",179.87218700000005,180.052187,"E-s=0.93"
"PronTokAlign",180.052187,180.232187,"k-i=0.626"
"PronTokAlign",180.232187,180.40218700000003,"p-@=0.794"
"PronTokAlign",180.40218700000003,180.642187,"A/-v-w-A/-R"
"PronTokAlign",180.642187,180.692187,"l=0.572"
"PronTokAlign",180.692187,180.952187,"p-l-y-z=0.523"
"PronTokAlign",180.952187,181.012187,"d=0.572"
"PronTokAlign",181.012187,181.37218700000005,"U~/-p-A/-k-t"
"PronTokAlign",181.37218700000005,181.592187,"s-y-R"
"PronTokAlign",181.592187,181.752187,"n-O/=0.838"
"PronTokAlign",181.752187,182.142187,"Z-9-n-z=0.902"
"PronTokAlign",182.142187,182.37218700000005,"E-s-k-@=0.549"
"PronTokAlign",182.37218700000005,182.532187,"s-e"
"PronTokAlign",182.532187,182.632187,"l-A/"
"PronTokAlign",182.632187,183.33,"t-R-a~-z-i-s-j-O~"
"PronTokAlign",183.33,184.654687,"#=0.0"
"PronTokAlign",184.654687,184.714687,"S=0.585"
"PronTokAlign",184.714687,184.864687,"s-y-i=0.937"
"PronTokAlign",184.864687,185.264687,"d-A/-k-O/-R"
"PronTokAlign",185.264687,185.404687,"m-e=0.386"
"PronTokAlign",185.404687,185.554687,"n-O/=0.736"
"PronTokAlign",185.554687,185.854687,"Z-9-n=0.817"
"PronTokAlign",185.854687,185.944687,"O~=0.54"
"PronTokAlign",185.944687,186.194687,"p-A/-R-l=0.674"
"PronTokAlign",186.194687,186.304687,"A/"
"PronTokAlign",186.304687,186.344687,"O~=0.617"
"PronTokAlign",186.344687,186.794687,"p-A/-R-l=0.649"
"PronTokAlign",186.794687,186.874687,"A/"
"PronTokAlign",186.874687,187.064687,"n-O/=0.588"
"PronTokAlign",187.064687,187.364687,"Z-9-n=0.545"
"PronTokAlign",187.364687,187.964687,"#"
"PronTokAlign",187.964687,188.097187,"O~-n=0.654"
"PronTokAlign",188.097187,190.635,"#=0.0"
"PronTokAlign",190.635,190.735,"O~=0.708"
"PronTokAlign",190.735,190.935,"p-A/-R-l=0.734"
"PronTokAlign",190.935,191.005,"A/"
"PronTokAlign",191.005,191.145,"n-O/=0.594"
"PronTokAlign",191.145,191.475,"Z-9-n=0.709"
"PronTokAlign",191.475,191.815,"#"
"PronTokAlign",191.815,192.385,"t-R-a~-z-i-s-j-O~"
"PronTokAlign",192.385,192.687187,"d-y=0.599"
"PronTokAlign",192.687187,203.84,"#=0.0"
"PronTokAlign",203.84,204.45,"E-g-z-A/-k-t-2-m-a~=0.501"
"PronTokAlign",204.45,204.73,"#"
"PronTokAlign",204.73,204.87,"s-e"
"PronTokAlign",204.87,205.140938,"s-A/=0.996"
"PronTokAlign",205.140938,207.115312,"#=0.0"
"PronTokAlign",207.115312,207.465312,"s-e"
"PronTokAlign",207.465312,208.025312,"U~/-k-R-w-A/-j-A/-b-l=0.694"
"PronTokAlign",208.025312,208.055312,"m=0.62"
"PronTokAlign",208.055312,208.275312,"s-e"
"PronTokAlign",208.275312,208.335312,"p-A/=0.829"
"PronTokAlign",208.335312,208.515312,"s-a~-t-R-e"
"PronTokAlign",208.515312,208.545312,"O~=0.728"
"PronTokAlign",208.545312,208.765312,"v-A/"
"PronTokAlign",208.765312,208.935312,"p-A/=0.719"
"PronTokAlign",208.935312,209.225312,"p-u-v-w-A/-R"
"PronTokAlign",209.225312,209.405312,"A/-b-O/-R-d-e=0.937"
"PronTokAlign",209.405312,209.435312,"U~/=0.947"
"PronTokAlign",209.435312,209.76,"p-w-U~/-t=0.672"
"PronTokAlign",209.76,210.11,"#=0.0"
"PronTokAlign",210.11,210.15,"O~=0.933"
"PronTokAlign",210.15,210.5,"v-A/"
"PronTokAlign",210.5,210.65,"p-A/=0.745"
"PronTokAlign",210.65,210.91000000000005,"p-u-v-w-A/-R"
"PronTokAlign",210.91000000000005,211.36,"A/-b-O/-R-d-e=0.575"
"PronTokAlign",211.36,211.54,"U~/-n=0.54"
"PronTokAlign",211.54,211.95,"p-w-U~/-t=0.589"
"PronTokAlign",211.95,213.057538,"#=0.0"
"PronTokAlign",213.057538,213.257538,"s-e"
"PronTokAlign",213.257538,213.645,"s-A/"
"PronTokAlign",213.645,215.232188,"#=0.0"
"PronTokAlign",215.232188,215.352188,"a~"
"PronTokAlign",215.352188,215.592188,"t-E-R-m=0.507"
"PronTokAlign",215.592188,215.692188,"d-@=0.644"
"PronTokAlign",215.692188,215.972188,"n-O~=0.61"
"PronTokAlign",215.972188,216.242188,"R-E-z-O/=0.38"
"PronTokAlign",216.242188,216.615938,"s-O/-s-j-O/-z=0.811"
"PronTokAlign",216.615938,221.138438,"#=0.0"
"PronTokAlign",221.138438,221.268438,"t=0.76"
"PronTokAlign",221.268438,221.338438,"A/=0.624"
"PronTokAlign",221.338438,221.488438,"v-y"
"PronTokAlign",221.488438,221.745938,"v-A/-l"
"PronTokAlign",221.745938,223.619063,"#=0.0"
"PronTokAlign",223.619063,223.839063,"n-O/=0.465"
"PronTokAlign",223.839063,223.919063,"m-E=0.35"
"PronTokAlign",223.919063,223.999063,"S=0.585"
"PronTokAlign",223.999063,224.089063,"s-y-i=0.908"
"PronTokAlign",224.089063,224.569063,"d-A/-k-O/-R"
"PronTokAlign",224.569063,224.779063,"A/-v-E-k"
"PronTokAlign",224.779063,224.929063,"t-w-A/"
"PronTokAlign",224.929063,225.009063,"m-E=0.317"
"PronTokAlign",225.009063,225.179063,"s-e"
"PronTokAlign",225.179063,225.299063,"l-A/"
"PronTokAlign",225.299063,225.429063,"k-@=0.703"
"PronTokAlign",225.429063,225.659063,"Z-@=0.813"
"PronTokAlign",225.659063,225.809063,"t=0.728"
"PronTokAlign",225.809063,225.899063,"v-w-A/=0.844"
"PronTokAlign",225.899063,225.969063,"s=0.867"
"PronTokAlign",225.969063,225.999063,"k=0.823"
"PronTokAlign",225.999063,226.079063,"Z-@=0.409"
"PronTokAlign",226.079063,226.199063,"v-@=0.45"
"PronTokAlign",226.199063,226.572188,"d-i-R=0.512"
"PronTokAlign",226.572188,229.70688,"#=0.0"
"PronTokAlign",229.70688,229.92688,"O~=0.508"
"PronTokAlign",229.92688,230.34853,"n-@=0.976"
"PronTokAlign",230.34853,234.469687,"#=0.0"
"PronTokAlign",234.469687,234.539687,"u-i=0.842"
"PronTokAlign",234.539687,235.479687,"#"
"PronTokAlign",235.479687,235.549687,"S=0.638"
"PronTokAlign",235.549687,235.639687,"s-y-i=0.963"
"PronTokAlign",235.639687,236.059687,"d-A/-k-O/-R"
"PronTokAlign",236.059687,236.269687,"m-e=0.319"
"PronTokAlign",236.269687,236.519687,"i-l-j-A/"
"PronTokAlign",236.519687,236.599687,"O~=0.803"
"PronTokAlign",236.599687,236.649687,"n"
"PronTokAlign",236.649687,236.719687,"A/"
"PronTokAlign",236.719687,236.989687,"p-A/=0.875"
"PronTokAlign",236.989687,237.069687,"O~=0.879"
"PronTokAlign",237.069687,237.099687,"n"
"PronTokAlign",237.099687,237.169687,"A/"
"PronTokAlign",237.169687,237.269687,"k"
"PronTokAlign",237.269687,237.399687,"y-n=0.751"
"PronTokAlign",237.399687,237.749687,"Z-u-R-n-e=0.739"
"PronTokAlign",237.749687,237.929687,"l-e-z=0.604"
"PronTokAlign",237.929687,238.169687,"A/-m-i-z=0.851"
"PronTokAlign",238.169687,238.229687,"O~=0.576"
"PronTokAlign",238.229687,238.279687,"n"
"PronTokAlign",238.279687,238.329687,"A/"
"PronTokAlign",238.329687,238.469687,"k"
"PronTokAlign",238.469687,238.559687,"y-n=0.748"
"PronTokAlign",238.559687,238.859687,"Z-u-R-n-e=0.804"
"PronTokAlign",238.859687,238.899687,"e=0.564"
"PronTokAlign",238.899687,238.929687,"e=0.581"
"PronTokAlign",238.929687,238.959687,"e=0.607"
"PronTokAlign",238.959687,240.574683,"p-A/-R-e-g-z-a~-p-l-@=0.781"
"PronTokAlign",240.574683,241.62,"#=0.0"
"PronTokAlign",241.62,241.77,"O~-n=0.754"
"PronTokAlign",241.77,241.92,"A/"
"PronTokAlign",241.92,242.33,"#"
"PronTokAlign",242.33,242.46,"s-e"
"PronTokAlign",242.46,242.61,"s-y-R"
"PronTokAlign",242.61,242.89,"p-l-y-z-j-9-R=0.769"
"PronTokAlign",242.89,243.09,"Z-u-R=0.746"
"PronTokAlign",243.09,243.18,"O~=0.737"
"PronTokAlign",243.18,243.22,"A/"
"PronTokAlign",243.22,243.47,"p-l-y-z-j-9-R=0.615"
"PronTokAlign",243.47,243.818437,"Z-u-R-z=0.59"
"PronTokAlign",243.818437,244.712813,"#=0.0"
"PronTokAlign",244.712813,244.922813,"O/-k-E=0.503"
"PronTokAlign",244.922813,245.112813,"d-O~-k=0.794"
"PronTokAlign",245.112813,245.922813,"e-k-u-t-@=0.536"
"PronTokAlign",245.922813,246.122813,"s-k-@=0.297"
"PronTokAlign",246.122813,246.152813,"Z=0.443"
"PronTokAlign",246.152813,246.332813,"v-u-l-E=0.45"
"PronTokAlign",246.332813,246.422813,"v-u=0.757"
"PronTokAlign",246.422813,246.822813,"d-i-R=0.784"
"PronTokAlign",246.822813,247.102813,"m-w-A/"
"PronTokAlign",247.102813,247.312813,"O~-n=0.721"
"PronTokAlign",247.312813,247.432813,"A/"
"PronTokAlign",247.432813,247.702813,"y-n-@=0.585"
"PronTokAlign",247.702813,248.772813,"p-R-O/-b-l-E-m-A/-t-i-k=0.769"
"PronTokAlign",248.772813,248.882813,"O~-n=0.6"
"PronTokAlign",248.882813,248.912813,"A/"
"PronTokAlign",248.912813,248.992813,"y-n=0.845"
"PronTokAlign",248.992813,249.572813,"p-R-O/-b-l-E-m-A/-t-i-k=0.926"
"PronTokAlign",249.572813,249.612813,"k=0.476"
"PronTokAlign",249.612813,249.652813,"e=0.509"
"PronTokAlign",249.652813,249.972813,"e-n-O/-R-m=0.444"
"PronTokAlign",249.972813,250.162813,"A/-v-E-k"
"PronTokAlign",250.162813,250.222813,"l-@=0.362"
"PronTokAlign",250.222813,250.402813,"R-E-z-O/=0.337"
"PronTokAlign",250.402813,250.852813,"s-O/-s-j-O/-z=0.819"
"PronTokAlign",250.852813,250.882813,"i=0.522"
"PronTokAlign",250.882813,250.992813,"j=0.534"
"PronTokAlign",250.992813,251.022813,"A/"
"PronTokAlign",251.022813,251.712813,"t-E-l-2-m-a~-t=0.996"
"PronTokAlign",251.712813,251.772813,"j=0.677"
"PronTokAlign",251.772813,251.822813,"A/"
"PronTokAlign",251.822813,252.322813,"t-E-l-m-a~=0.621"
"PronTokAlign",252.322813,252.432813,"d-@=0.842"
"PronTokAlign",252.432813,252.802813,"s-u-s-i=0.81"
"PronTokAlign",252.802813,252.85281300000003,"A/"
"PronTokAlign",252.85281300000003,253.282813,"s-u-l-2-v-e=0.73"
"PronTokAlign",253.282813,253.702813,"k-@=0.776"
"PronTokAlign",253.702813,253.762813,"S=0.49"
"PronTokAlign",253.762813,253.992813,"p-a~-s=0.938"
"PronTokAlign",253.992813,254.082813,"k-@=0.744"
"PronTokAlign",254.082813,254.142813,"d=0.692"
"PronTokAlign",254.142813,254.262813,"E-t=0.805"
"PronTokAlign",254.262813,254.702813,"s-a~-t-R-e"
"PronTokAlign",254.702813,255.182813,"n-O/-z=0.527"
"PronTokAlign",255.182813,255.412813,"Z-9-n-z=0.625"
"PronTokAlign",255.412813,255.482813,"O~=0.554"
"PronTokAlign",255.482813,255.542813,"v-A/"
"PronTokAlign",255.542813,255.572813,"O~=0.838"
"PronTokAlign",255.572813,255.662813,"v-A/"
"PronTokAlign",255.662813,255.742813,"l-e=0.376"
"PronTokAlign",255.742813,255.962813,"f-E-R=0.672"
"PronTokAlign",255.962813,256.34281300000004,"v-@-n-i-R=0.834"
"PronTokAlign",256.34281300000004,256.512813,"d-O~-k=0.655"
"PronTokAlign",256.512813,256.552813,"O~=0.791"
"PronTokAlign",256.552813,256.662813,"v-A/"
"PronTokAlign",256.662813,256.832813,"f-E-R=0.722"
"PronTokAlign",256.832813,257.102813,"v-@-n-i-R=0.78"
"PronTokAlign",257.102813,257.442813,"p-l-y-z-j-9-R=0.693"
"PronTokAlign",257.442813,258.372813,"k-l-A/-s-z=0.416"
"PronTokAlign",258.372813,258.422813,"e=0.561"
"PronTokAlign",258.422813,258.512813,"S=0.481"
"PronTokAlign",258.512813,258.752813,"p-a~-s=0.88"
"PronTokAlign",258.752813,258.862813,"k-@=0.661"
"PronTokAlign",258.862813,259.002813,"d-@=0.712"
"PronTokAlign",259.002813,259.505,"t-R-O/-p=0.684"
"PronTokAlign",259.505,260.0,"#=0.0"
"PronTokAlign",260.0,260.23,"s"
"PronTokAlign",260.23,260.965,"E-p-A/-R-p-i-j-e-R=0.627"
"PronTokAlign",260.965,261.86,"#=0.0"
"PronTokAlign",261.86,261.92,"Z=0.42"
"PronTokAlign",261.92,262.46000000000004,"p-a~-s=0.661"
"PronTokAlign",262.46000000000004,262.58000000000004,"p-A/=0.897"
"PronTokAlign",262.58000000000004,262.63,"k=0.932"
"PronTokAlign",262.63,262.76,"s-A/=0.67"
"PronTokAlign",262.76,262.89,"l-9-R"
"PronTokAlign",262.89,263.38,"p-E-R-m-E-t-R-A/"
"PronTokAlign",263.38,263.44,"d=0.827"
"PronTokAlign",263.44,263.92,"A/-s-i-m-i-l-e=0.728"
"PronTokAlign",263.92,264.473438,"t-u-t-@=0.999"
"PronTokAlign",264.473438,266.414062,"#=0.0"
"PronTokAlign",266.414062,267.09,"Z-@=0.999"
"PronTokAlign",267.09,267.421062,"#=0.0"
"PronTokAlign",267.421062,267.551062,"S=0.658"
"PronTokAlign",267.551062,267.811062,"p-A/-R-l-E=0.605"
"PronTokAlign",267.811062,268.241062,"d-y=0.994"
"PronTokAlign",268.241062,268.321062,"S=0.682"
"PronTokAlign",268.321062,268.58106200000003,"p-A/-R-l-E=0.59"
"PronTokAlign",268.58106200000003,268.841062,"d-@=0.883"
"PronTokAlign",268.841062,268.921062,"S=0.625"
"PronTokAlign",268.921062,269.181062,"p-A/-R-l-E=0.766"
"PronTokAlign",269.181062,269.27106200000003,"d=0.557"
"PronTokAlign",269.27106200000003,269.401062,"l-H=0.35"
"PronTokAlign",269.401062,269.851062,"anon"
"PronTokAlign",269.851062,269.941062,"e=0.656"
"PronTokAlign",269.941062,270.011062,"Z=0.614"
"PronTokAlign",270.011062,270.121062,"v-e=0.45"
"PronTokAlign",270.121062,270.421062,"b-j-U~/-t-O/"
"PronTokAlign",270.421062,270.751062,"v-@-n-i-R=0.671"
"PronTokAlign",270.751062,270.961062,"s-y-R"
"PronTokAlign",270.961062,271.14106200000003,"t-O~-n=0.559"
"PronTokAlign",271.14106200000003,271.561062,"s-y-R"
"PronTokAlign",271.561062,271.801062,"t-O~=0.605"
"PronTokAlign",271.801062,272.14106200000003,"s-y-R"
"PronTokAlign",272.14106200000003,272.33106200000003,"t-O~=0.633"
"PronTokAlign",272.33106200000003,273.211062,"t-e-l-e-f-O/-n=0.54"
"PronTokAlign",273.211062,273.321062,"Z-@=0.582"
"PronTokAlign",273.321062,273.811062,"v-E=0.325"
"PronTokAlign",273.811062,274.131062,"A/-R-i-v-e=0.88"
"PronTokAlign",274.131062,274.311062,"s-y-R"
"PronTokAlign",274.311062,274.733438,"l-2-t-j-E=0.537"
"PronTokAlign",274.733438,276.606563,"#=0.0"
"PronTokAlign",276.606563,276.646563,"S=0.443"
"PronTokAlign",276.646563,276.786563,"v-E=0.489"
"PronTokAlign",276.786563,277.229151,"A/-R-i-v-e-R=0.992"
"PronTokAlign",277.229151,277.745,"#=0.0"
"PronTokAlign",277.745,277.96500000000003,"d-O~=0.638"
"PronTokAlign",277.96500000000003,278.065,"t=0.885"
"PronTokAlign",278.065,278.175,"v-w-A/=0.779"
"PronTokAlign",278.175,278.245,"s=0.915"
"PronTokAlign",278.245,278.335,"k-@=0.731"
"PronTokAlign",278.335,278.365,"Z=0.452"
"PronTokAlign",278.365,278.485,"v-@=0.65"
"PronTokAlign",278.485,278.675,"d-i-R=0.816"
"PronTokAlign",278.675,278.795,"s-e"
"PronTokAlign",278.795,279.105,"p-2-t-E-t-R=0.89"
"PronTokAlign",279.105,279.21500000000003,"t-R-O/=0.929"
"PronTokAlign",279.21500000000003,279.885,"l-A/-R-Z=0.791"
"PronTokAlign",279.885,280.035,"b-j-U~/=0.588"
"PronTokAlign",280.035,280.225,"s-y-R"
"PronTokAlign",280.225,280.315,"i-l=0.663"
"PronTokAlign",280.315,280.65500000000003,"a~-g-l-O/-b=0.82"
"PronTokAlign",280.65500000000003,281.175,"m-w-A/-j-E-n-@=0.761"
"PronTokAlign",281.175,281.235,"e=0.765"
"PronTokAlign",281.235,281.435,"k-O/-m=0.706"
"PronTokAlign",281.435,281.495,"Z=0.669"
"PronTokAlign",281.495,281.565,"e=0.668"
"PronTokAlign",281.565,281.695,"d-i=0.603"
"PronTokAlign",281.695,281.795,"k=0.682"
"PronTokAlign",281.795,281.915,"n-O/=0.783"
"PronTokAlign",281.915,282.145,"t-E-m=0.757"
"PronTokAlign",282.145,282.255,"S=0.804"
"PronTokAlign",282.255,282.435,"t-R-u-v-E=0.936"
"PronTokAlign",282.435,282.495,"s-e"
"PronTokAlign",282.495,282.605,"v-R-e=0.731"
"PronTokAlign",282.605,282.635,"k"
"PronTokAlign",282.635,282.665,"i=0.917"
"PronTokAlign",282.665,282.855,"k-O/-l-E=0.749"
"PronTokAlign",282.855,283.135,"v-R-E-m-a~=0.588"
"PronTokAlign",283.135,283.365,"A/-v-E-k"
"PronTokAlign",283.365,283.445,"l-e=0.39"
"PronTokAlign",283.445,283.865,"d-a~-Z-e=0.601"
"PronTokAlign",283.865,284.515,"k"
"PronTokAlign",284.515,284.625,"O~=0.535"
"PronTokAlign",284.625,284.885,"E-s-E-j=0.496"
"PronTokAlign",284.885,284.975,"d=0.801"
"PronTokAlign",284.975,285.325,"e-v-i-t-e=0.778"
"PronTokAlign",285.325,285.415,"A/"
"PronTokAlign",285.415,286.025,"n-O/-z=0.953"
"PronTokAlign",286.025,286.135,"A/"
"PronTokAlign",286.135,286.265,"n-O/=0.755"
"PronTokAlign",286.265,286.495,"Z-9-n=0.627"
"PronTokAlign",286.495,287.15500000000003,"#"
"PronTokAlign",287.15500000000003,287.435,"m-e=0.46"
"PronTokAlign",287.435,287.545,"S=0.756"
"PronTokAlign",287.545,288.055,"p-a~-s-@=0.904"
"PronTokAlign",288.055,288.305,"k"
"PronTokAlign",288.305,288.385,"i=0.449"
"PronTokAlign",288.385,288.515,"v-O~=0.687"
"PronTokAlign",288.515,288.635,"s"
"PronTokAlign",288.635,288.665,"i=0.509"
"PronTokAlign",288.665,288.968081,"p-E-R-d=0.584"
"PronTokAlign",288.968081,289.32,"#=0.0"
"PronTokAlign",289.32,289.6,"p-A/-R-l-e=0.759"
"PronTokAlign",289.6,290.27,"d-O/-m-O/-t-i-k=0.653"
"PronTokAlign",290.27,290.39,"d-@=0.438"
"PronTokAlign",290.39,290.57,"t-u=0.647"
"PronTokAlign",290.57,290.75,"s-@=0.625"
"PronTokAlign",290.75,290.83,"k=0.627"
"PronTokAlign",290.83,291.03,"m-E-m=0.706"
"PronTokAlign",291.03,291.21,"m-w-A/"
"PronTokAlign",291.21,291.29,"Z=0.513"
"PronTokAlign",291.29,291.35,"m=0.752"
"PronTokAlign",291.35,291.38,"i=0.474"
"PronTokAlign",291.38,291.55,"s-y-i=0.73"
"PronTokAlign",291.55,291.88,"p-E-R-d-y"
"PronTokAlign",291.88,292.07,"v-A/-l"
"PronTokAlign",292.07,292.16,"t"
"PronTokAlign",292.16,292.21,"A/=0.792"
"PronTokAlign",292.21,292.24,"l"
"PronTokAlign",292.24,292.77,"9-R=0.709"
"PronTokAlign",292.77,292.87,"t-y=0.462"
"PronTokAlign",292.87,292.92,"m=0.75"
"PronTokAlign",292.92,293.15,"p-A/-R-l=0.749"
"PronTokAlign",293.15,293.23,"d=0.854"
"PronTokAlign",293.23,293.62,"a~-p-l-w-A/"
"PronTokAlign",293.62,293.72,"t=0.561"
"PronTokAlign",293.72,293.75,"m=0.791"
"PronTokAlign",293.75,294.0,"p-A/-R-l-@=0.543"
"PronTokAlign",294.0,294.16,"s-k-@=0.318"
"PronTokAlign",294.16,294.3,"s-e"
"PronTokAlign",294.3,294.62,"s-A/=0.999"
"PronTokAlign",294.62,294.95,"v-R-E-m-a~=0.605"
"PronTokAlign",294.95,295.05,"l-e=0.263"
"PronTokAlign",295.05,295.69,"d-a~-Z-e-z=0.982"
"PronTokAlign",295.69,295.84,"d-a~=0.891"
"PronTokAlign",295.84,296.08,"n-O/-t-R=0.464"
"PronTokAlign",296.08,296.56,"A/-s-O/-s-A/-s-j-O~"
"PronTokAlign",296.56,296.59,"d=0.508"
"PronTokAlign",296.59,297.09,"p-R-E-v-a~-s-j-O~"
"PronTokAlign",297.09,297.47,"t=0.999"
"PronTokAlign",297.47,297.66,"n-O/-t=0.574"
"PronTokAlign",297.66,298.04,"Z-2-n-E-s-2=0.546"
"PronTokAlign",298.04,298.21,"s-k-@=0.422"
"PronTokAlign",298.21,298.34,"s-e"
"PronTokAlign",298.34,298.44,"d-e=0.347"
"PronTokAlign",298.44,299.04,"d-a~-Z-e-z=0.612"
"PronTokAlign",299.04,299.1,"O/"
"PronTokAlign",299.1,299.31,"n-i-v-O/"
"PronTokAlign",299.31,299.69,"t=0.675"
"PronTokAlign",299.69,299.87,"d-e-z=0.53"
"PronTokAlign",299.87,300.285,"a~-p-l-w-A/-z=0.545"
"PronTokAlign",300.285,300.475,"#=0.0"
"PronTokAlign",300.475,300.57500000000005,"k-a~=0.805"
"PronTokAlign",300.57500000000005,301.19500000000005,"e-s-2-k-2=0.878"
"PronTokAlign",301.19500000000005,301.32500000000005,"s-e"
"PronTokAlign",301.32500000000005,301.67,"s-A/=0.99"
"PronTokAlign",301.67,302.26,"#=0.0"
"PronTokAlign",302.26,302.36,"S=0.484"
"PronTokAlign",302.36,302.54,"s-e=0.467"
"PronTokAlign",302.54,302.71,"p-A/=0.693"
"PronTokAlign",302.71,302.91,"p-s-k=0.631"
"PronTokAlign",302.91,303.05,"Z-@=0.523"
"PronTokAlign",303.05,303.15,"s=0.434"
"PronTokAlign",303.15,303.21,"d-i=0.786"
"PronTokAlign",303.21,303.3,"m-w-A/"
"PronTokAlign",303.3,304.44,"p-A/-s-k-@=0.275"
"PronTokAlign",304.44,304.47,"Z=0.575"
"PronTokAlign",304.47,304.5,"E=0.549"
"PronTokAlign",304.5,305.16,"p-A/-z=0.606"
"PronTokAlign",305.16,305.23,"l"
"PronTokAlign",305.23,305.84,"U~/-p-R-E-s-j-O~=0.601"
"PronTokAlign",305.84,306.07,"k-@=0.911"
"PronTokAlign",306.07,306.23,"l-e=0.453"
"PronTokAlign",306.23,306.53,"Z-9-n=0.567"
"PronTokAlign",306.53,306.68,"k"
"PronTokAlign",306.68,306.72,"O~=0.9"
"PronTokAlign",306.72,306.85,"v-A/"
"PronTokAlign",306.85,307.01,"f-E-R=0.645"
"PronTokAlign",307.01,307.31,"v-@-n-i-R=0.64"
"PronTokAlign",307.31,307.37,"s-k=0.376"
"PronTokAlign",307.37,307.536437,"O~=0.549"
"PronTokAlign",307.536437,308.141422,"#=0.0"
"PronTokAlign",308.141422,308.599744,"E-s-k-@=0.503"
"PronTokAlign",308.599744,310.035938,"#=0.0"
"PronTokAlign",310.035938,310.345938,"s-e"
"PronTokAlign",310.345938,310.818022,"s-A/=0.999"
"PronTokAlign",310.818022,311.765,"#=0.0"
"PronTokAlign",311.765,312.285,"E-s-k-@=0.824"
"PronTokAlign",312.285,312.395,"l-@=0.499"
"PronTokAlign",312.395,312.625,"p-t-i=0.575"
"PronTokAlign",312.625,313.525,"p-A/-t-R-i-k"
"PronTokAlign",313.525,313.655,"a~"
"PronTokAlign",313.655,314.315,"s-i-z-j-E-m-@=0.784"
"PronTokAlign",314.315,314.38,"#=0.0"
"PronTokAlign",314.38,314.67,"i=0.682"
"PronTokAlign",314.67,314.94,"p-a~-s=0.769"
"PronTokAlign",314.94,315.29,"d-e-Z-A/=0.464"
"PronTokAlign",315.29,315.4,"O/-z=0.971"
"PronTokAlign",315.4,315.69,"a~-p-l-w-A/=0.739"
"PronTokAlign",315.69,316.31,"f-i-k-t-i-f=0.885"
"PronTokAlign",316.31,316.37,"u"
"PronTokAlign",316.37,316.7,"Z-a~-R-@=0.867"
"PronTokAlign",316.7,316.76,"t-u=0.596"
"PronTokAlign",316.76,316.97,"s-A/=0.919"
"PronTokAlign",316.97,317.0,"#"
"PronTokAlign",317.0,317.14,"n-a~=0.507"
"PronTokAlign",317.14,317.19,"S=0.51"
"PronTokAlign",317.19,317.53,"k-R-w-A/=0.775"
"PronTokAlign",317.53,317.798438,"p-A/=0.917"
"PronTokAlign",317.798438,318.080727,"#=0.0"
"PronTokAlign",318.080727,318.79895,"laugh=0.0"
"PronTokAlign",318.79895,319.992188,"#=0.0"
"PronTokAlign",319.992188,320.346563,"w-E"
"PronTokAlign",320.346563,321.2,"#=0.0"
"PronTokAlign",321.2,321.26,"S=0.442"
"PronTokAlign",321.26,321.41,"s-e=0.491"
"PronTokAlign",321.41,321.65,"p-A/=0.624"
"PronTokAlign",321.65,321.88,"Z-@=0.94"
"PronTokAlign",321.88,322.12,"anon"
"PronTokAlign",322.12,322.2,"S=0.575"
"PronTokAlign",322.2,322.41,"p-a~-s=0.729"
"PronTokAlign",322.41,322.49,"k-@=0.58"
"PronTokAlign",322.49,322.55,"t=0.43"
"PronTokAlign",322.55,322.77,"p-a~-s=0.904"
"PronTokAlign",322.77,322.95,"p-A/-R-E-j"
"PronTokAlign",322.95,323.06,"k-@=0.548"
"PronTokAlign",323.06,323.3,"m-w-A/"
"PronTokAlign",323.3,327.349688,"#=0.0"
"PronTokAlign",327.349688,327.479688,"w-E"
"PronTokAlign",327.479688,327.56968800000004,"w-E"
"PronTokAlign",327.56968800000004,327.737813,"w-E"
"PronTokAlign",327.737813,351.025313,"#=0.0"
"PronTokAlign",351.025313,351.785313,"O/-k-e=0.765"
"PronTokAlign",351.785313,351.858839,"E=0.756"
"PronTokAlign",351.858839,352.18,"#=0.0"
"PronTokAlign",352.18,352.41,"t=0.658"
"PronTokAlign",352.41,352.54,"p-@=0.832"
"PronTokAlign",352.54,352.59000000000003,"m=0.547"
"PronTokAlign",352.59000000000003,352.89,"R-A/-p-l-e=0.687"
"PronTokAlign",352.89,352.96,"l-E=0.282"
"PronTokAlign",352.96,353.58,"p-R-O/-b-l-E-m-A/-t-i-k=0.898"
"PronTokAlign",353.58,353.68,"k-@=0.734"
"PronTokAlign",353.68,353.82,"t=0.52"
"PronTokAlign",353.82,354.16,"s-u-l-2-v-E=0.779"
"PronTokAlign",354.16,354.56,"p-A/-R-A/-p-O/-R-O/"
"PronTokAlign",354.56,354.95,"t-e-l-e-f-O/-n=0.449"
"PronTokAlign",354.95,355.03000000000003,"t-u=0.903"
"PronTokAlign",355.03000000000003,355.06,"A/"
"PronTokAlign",355.06,355.09000000000003,"l"
"PronTokAlign",355.09000000000003,355.244063,"9-R=0.926"
"PronTokAlign",355.244063,356.054063,"#=0.0"
"PronTokAlign",356.054063,356.094063,"t=0.963"
"PronTokAlign",356.094063,356.154063,"p-@=0.951"
"PronTokAlign",356.154063,356.444063,"Z-y-s-t-@=0.498"
"PronTokAlign",356.444063,356.524063,"m=0.776"
"PronTokAlign",356.524063,356.744063,"f-E-R-@=0.502"
"PronTokAlign",356.744063,356.794063,"U~/=0.566"
"PronTokAlign",356.794063,356.944063,"p-t-i=0.374"
"PronTokAlign",356.944063,357.284063,"t-O/-p-O/"
"PronTokAlign",357.284063,357.454063,"k-@=0.707"
"PronTokAlign",357.454063,357.514063,"t=0.725"
"PronTokAlign",357.514063,357.859688,"s-u-l-2-v-E=0.886"
"PronTokAlign",357.859688,360.299134,"#=0.0"
"PronTokAlign",360.299134,360.647458,"u-i=0.74"
"PronTokAlign",360.647458,362.425747,"#=0.0"
"PronTokAlign",362.425747,362.902402,"u-i=0.858"
"PronTokAlign",362.902402,365.54,"#=0.0"
"PronTokAlign",365.54,365.89,"u-i=0.748"
"PronTokAlign",365.89,386.221138,"#=0.0"
"PronTokAlign",386.221138,386.648438,"O/-k-e=0.608"
"PronTokAlign",386.648438,388.215,"#=0.0"
"PronTokAlign",388.215,388.325,"e=0.532"
"PronTokAlign",388.325,388.645,"d-O~-k=0.815"
"PronTokAlign",388.645,388.975,"A/-t-R-A/-v-E-R=0.799"
"PronTokAlign",388.975,389.005,"l=0.763"
"PronTokAlign",389.005,389.445,"t-e-l-e-f-O/-n=0.518"
"PronTokAlign",389.445,389.535,"O~=0.523"
"PronTokAlign",389.535,389.725,"p-A/-R-l=0.847"
"PronTokAlign",389.725,389.875,"p-A/=0.747"
"PronTokAlign",389.875,390.075,"d-E-z=0.378"
"PronTokAlign",390.075,390.235,"O/-t=0.572"
"PronTokAlign",390.235,390.545,"m-w-A/-j-U~/=0.747"
"PronTokAlign",390.545,390.835,"d-@=0.942"
"PronTokAlign",390.835,390.955,"d=0.711"
"PronTokAlign",390.955,391.405,"y-t-i-l-i-z-e=0.846"
"PronTokAlign",391.405,391.465,"l-@=0.337"
"PronTokAlign",391.465,391.645,"R-e-z-O/=0.292"
"PronTokAlign",391.645,392.015,"s-O/-s-j-O/=0.746"
"PronTokAlign",392.015,392.445,"p-A/-s-@=0.46"
"PronTokAlign",392.445,392.635,"t-w-A/"
"PronTokAlign",392.635,392.835,"p-u-R"
"PronTokAlign",392.835,393.145,"t-w-A/"
"PronTokAlign",393.145,393.275,"l-@=0.377"
"PronTokAlign",393.275,393.485,"R-E-z-O/=0.508"
"PronTokAlign",393.485,393.805,"s-O/-s-j-O/=0.791"
"PronTokAlign",393.805,393.945,"s-e"
"PronTokAlign",393.945,394.015,"k"
"PronTokAlign",394.015,394.345,"A/-t-R-A/-v-E-R=0.481"
"PronTokAlign",394.345,394.425,"U~/-n=0.517"
"PronTokAlign",394.425,394.883438,"t-E-l-E-f-O/-n-@=0.421"
"PronTokAlign",394.883438,410.425313,"#=0.0"
"PronTokAlign",410.425313,410.985313,"m-E-z=0.497"
"PronTokAlign",410.985313,411.175313,"m-E=0.496"
"PronTokAlign",411.175313,411.405313,"anon"
"PronTokAlign",411.405313,411.575313,"Z=0.898"
"PronTokAlign",411.575313,412.035313,"a~-t-a~-z=0.991"
"PronTokAlign",412.035313,413.125313,"#"
"PronTokAlign",413.125313,413.345313,"anon"
"PronTokAlign",413.345313,413.485313,"Z=0.865"
"PronTokAlign",413.485313,413.765313,"a~-t-a~=0.743"
"PronTokAlign",413.765313,413.855313,"s=0.823"
"PronTokAlign",413.855313,413.935313,"k-@=0.607"
"PronTokAlign",413.935313,414.075313,"t-y=0.437"
"PronTokAlign",414.075313,414.155313,"v-@=0.488"
"PronTokAlign",414.155313,414.225313,"m=0.714"
"PronTokAlign",414.225313,414.415313,"d-i-R=0.653"
"PronTokAlign",414.415313,414.605313,"m-E-z=0.243"
"PronTokAlign",414.605313,415.055313,"Z-y-s=0.419"
"PronTokAlign",415.055313,415.145313,"S=0.649"
"PronTokAlign",415.145313,415.905313,"p-a~-s=0.822"
"PronTokAlign",415.905313,416.005313,"k-@=0.607"
"PronTokAlign",416.005313,416.095313,"l-A/"
"PronTokAlign",416.095313,416.939062,"p-R-O/-b-l-E-m-A/-t-i-k=0.607"
"PronTokAlign",416.939062,418.312994,"#=0.0"
"PronTokAlign",418.312994,418.662994,"anon"
"PronTokAlign",418.662994,418.802994,"Z-@=0.426"
"PronTokAlign",418.802994,418.852994,"n=0.737"
"PronTokAlign",418.852994,419.322994,"p-A/-s-@=0.875"
"PronTokAlign",419.322994,419.402812,"p-A/=0.671"
"PronTokAlign",419.402812,421.66,"#=0.0"
"PronTokAlign",421.66,421.92,"O/-k-e=0.636"
"PronTokAlign",421.92,421.9500000000001,"m=0.45"
"PronTokAlign",421.9500000000001,421.98,"l=0.551"
"PronTokAlign",421.98,422.61,"p-R-O/-b-l-E-m=0.726"
"PronTokAlign",422.61,422.75,"s-e"
"PronTokAlign",422.75,423.03,"s-A/=0.997"
"PronTokAlign",423.03,423.365,"#=0.0"
"PronTokAlign",423.365,424.015,"A/-s-O/-s-A/-s-j-O~"
"PronTokAlign",424.015,424.055,"d=0.643"
"PronTokAlign",424.055,424.425,"p-R-E-v-a~-s-j-O~"
"PronTokAlign",424.425,424.455,"d=0.614"
"PronTokAlign",424.455,424.525,"l-A/"
"PronTokAlign",424.525,424.875,"Z-2-n-E-s=0.587"
"PronTokAlign",424.875,424.945,"i-l=0.559"
"PronTokAlign",424.945,424.975,"j=0.592"
"PronTokAlign",424.975,425.005,"A/"
"PronTokAlign",425.005,425.375,"t-E-l-m-a~=0.659"
"PronTokAlign",425.375,425.515,"d-@=0.49"
"PronTokAlign",425.515,426.235,"p-R-O/-b-l-E-m-A/-t-i-k=0.863"
"PronTokAlign",426.235,426.365,"s-y-R"
"PronTokAlign",426.365,426.435,"l-@=0.449"
"PronTokAlign",426.435,426.555,"R-e-z-O/=0.432"
"PronTokAlign",426.555,427.015,"k-O/-m-a~=0.944"
"PronTokAlign",427.015,427.075,"O~=0.839"
"PronTokAlign",427.075,427.185,"v-A/"
"PronTokAlign",427.185,427.545,"p-u-v-w-A/-R"
"PronTokAlign",427.545,427.655,"O~=0.616"
"PronTokAlign",427.655,427.855,"p-A/-R-l=0.694"
"PronTokAlign",427.855,427.915,"d=0.557"
"PronTokAlign",427.915,428.335,"t-e-l-e-f-O/-n=0.568"
"PronTokAlign",428.335,428.375,"Z=0.488"
"PronTokAlign",428.375,428.465,"s-y-i=0.9"
"PronTokAlign",428.465,429.045,"d-A/-k-O/-R"
"PronTokAlign",429.045,429.105,"m-e=0.361"
"PronTokAlign",429.105,429.175,"t"
"PronTokAlign",429.175,429.245,"A/=0.711"
"PronTokAlign",429.245,429.345,"v-y"
"PronTokAlign",429.345,429.445,"l-@=0.533"
"PronTokAlign",429.445,429.655,"n-O~-b-R=0.769"
"PronTokAlign",429.655,429.765,"d-@=0.497"
"PronTokAlign",429.765,430.015,"R-e-z-O/=0.403"
"PronTokAlign",430.015,430.405,"s-O/-s-j-O/=0.713"
"PronTokAlign",430.405,430.535,"k=0.471"
"PronTokAlign",430.535,430.705,"p-9-v=0.637"
"PronTokAlign",430.705,430.815,"E-t=0.451"
"PronTokAlign",430.815,431.535,"p-E-Z-O/-R-A/-t-i-f=0.799"
"PronTokAlign",431.535,431.615,"k=0.377"
"PronTokAlign",431.615,431.875,"p-9-v=0.709"
"PronTokAlign",431.875,432.035,"A/-v-w-A/-R"
"PronTokAlign",432.035,432.065,"U~/=0.545"
"PronTokAlign",432.065,432.395,"k-O/-t-e"
"PronTokAlign",432.395,432.935,"p-E-Z-O/-R-A/-t-i-f"
"PronTokAlign",432.935,433.065,"p-u-R"
"PronTokAlign",433.065,433.165,"n-O/=0.698"
"PronTokAlign",433.165,433.335,"Z-9-n=0.716"
"PronTokAlign",433.335,433.365,"e=0.553"
"PronTokAlign",433.365,434.165,"t-w-A/"
"PronTokAlign",434.165,434.285,"t=0.377"
"PronTokAlign",434.285,434.395,"v-@=0.494"
"PronTokAlign",434.395,434.515,"m=0.571"
"PronTokAlign",434.515,434.815,"g-l-i-s-e=0.796"
"PronTokAlign",434.815,434.875,"l=0.464"
"PronTokAlign",434.875,435.354079,"t-e-l-e-f-O/-n=0.521"
"PronTokAlign",435.354079,437.340938,"#=0.0"
"PronTokAlign",437.340938,437.740938,"v-O/-v=0.795"
"PronTokAlign",437.740938,438.070938,"v-O/-v=0.588"
"PronTokAlign",438.070938,438.200938,"v-O/-v=0.468"
"PronTokAlign",438.200938,438.440938,"v-O/-v=0.466"
"PronTokAlign",438.440938,438.650938,"v-O/-v=0.65"
"PronTokAlign",438.650938,439.150938,"#"
"PronTokAlign",439.150938,439.330938,"v-O/-v=0.675"
"PronTokAlign",439.330938,439.550938,"v-O/-v=0.453"
"PronTokAlign",439.550938,439.850938,"v-O/-v=0.454"
"PronTokAlign",439.850938,440.10979,"v-O/-v=0.621"
"PronTokAlign",440.10979,443.955938,"#=0.0"
"PronTokAlign",443.955938,444.411563,"O/-k-e=0.531"
"PronTokAlign",444.411563,446.031563,"#=0.0"
"PronTokAlign",446.031563,446.55,"O/-k-E=0.587"
"PronTokAlign",446.55,446.845,"#=0.0"
"PronTokAlign",446.845,447.355,"v-w-A/-l-A/=0.541"
"PronTokAlign",447.355,447.6950000000001,"l-A/"
"PronTokAlign",447.6950000000001,447.875,"S=0.461"
"PronTokAlign",447.875,448.579687,"v-l-A/=0.784"
"PronTokAlign",448.579687,450.064688,"#=0.0"
"PronTokAlign",450.064688,450.364688,"s-e"
"PronTokAlign",450.364688,450.992813,"s-A/"
"PronTokAlign",450.992813,453.338438,"#=0.0"
"PronTokAlign",453.338438,453.628438,"l-E-z=0.499"
"PronTokAlign",453.628438,454.058438,"A/-m-i=0.528"
"PronTokAlign",454.058438,454.278438,"O~-n=0.888"
"PronTokAlign",454.278438,454.408438,"E=0.359"
"PronTokAlign",454.408438,454.688438,"a~"
"PronTokAlign",454.688438,454.878438,"O~-n=0.732"
"PronTokAlign",454.878438,454.908438,"A/"
"PronTokAlign",454.908438,455.038438,"y-n=0.614"
"PronTokAlign",455.038438,455.578438,"A/-s-O/-s-A/-s-j-O~"
"PronTokAlign",455.578438,455.618438,"O~=0.672"
"PronTokAlign",455.618438,455.768438,"f-e=0.425"
"PronTokAlign",455.768438,456.068438,"v-@-n-i-R=0.665"
"PronTokAlign",456.068438,456.218438,"d-e=0.491"
"PronTokAlign",456.218438,456.628438,"Z-9-n-z=0.661"
"PronTokAlign",456.628438,456.758438,"E-s=0.619"
"PronTokAlign",456.758438,456.908438,"k-@=0.799"
"PronTokAlign",456.908438,457.298438,"t-R-w-A/=0.616"
"PronTokAlign",457.298438,457.608438,"E-s-k-@=0.747"
"PronTokAlign",457.608438,457.758438,"l-e=0.365"
"PronTokAlign",457.758438,458.048438,"Z-9-n=0.725"
"PronTokAlign",458.048438,458.218438,"t-w-A/"
"PronTokAlign",458.218438,458.328438,"k-a~=0.743"
"PronTokAlign",458.328438,458.358438,"t"
"PronTokAlign",458.358438,458.668438,"e-t-e=0.436"
"PronTokAlign",458.668438,458.898438,"Z-9-n=0.66"
"PronTokAlign",458.898438,459.388438,"s-k-y-z=0.543"
"PronTokAlign",459.388438,459.678438,"m-w-A/"
"PronTokAlign",459.678438,459.778438,"anon"
"PronTokAlign",459.778438,460.138438,"p-2-t-E-t-R=0.576"
"PronTokAlign",460.138438,460.238438,"k-@=0.547"
"PronTokAlign",460.238438,460.478438,"t-w-A/"
"PronTokAlign",460.478438,460.758438,"u-i=0.702"
"PronTokAlign",460.758438,461.468438,"#"
"PronTokAlign",461.468438,461.808438,"v-w-A/-l-A/=0.882"
"PronTokAlign",461.808438,462.118438,"m-E-R-s-i"
"PronTokAlign",462.118438,462.238438,"m-E=0.505"
"PronTokAlign",462.238438,462.598438,"p-2-t-E-t-R=0.574"
"PronTokAlign",462.598438,462.638438,"k"
"PronTokAlign",462.638438,462.828438,"anon"
"PronTokAlign",462.828438,463.098438,"E-l-@=0.442"
"PronTokAlign",463.098438,463.158438,"A/"
"PronTokAlign",463.158438,463.188438,"l"
"PronTokAlign",463.188438,463.778438,"A/-b-i-t-y-d-@=0.846"
"PronTokAlign",463.778438,463.938438,"#"
"PronTokAlign",463.938438,464.408438,"p-2-t-E-t-R=0.868"
"PronTokAlign",464.408438,464.458438,"k"
"PronTokAlign",464.458438,464.588438,"anon"
"PronTokAlign",464.588438,464.708438,"E=0.399"
"PronTokAlign",464.708438,464.778438,"A/"
"PronTokAlign",464.778438,464.808438,"l"
"PronTokAlign",464.808438,465.218438,"A/-b-i-t-y-d-@=0.678"
"PronTokAlign",465.218438,465.258438,"d=0.447"
"PronTokAlign",465.258438,465.498438,"p-A/-s-e=0.728"
"PronTokAlign",465.498438,465.738438,"t-R-w-A/=0.657"
"PronTokAlign",465.738438,466.258438,"Z-u-R=0.617"
"PronTokAlign",466.258438,466.288438,"A/"
"PronTokAlign",466.288438,466.448438,"d-e=0.546"
"PronTokAlign",466.448438,466.968438,"s-E-m-i-n-E-R=0.722"
"PronTokAlign",466.968438,467.068438,"d-e=0.397"
"PronTokAlign",467.068438,467.558438,"k-O~-f-E-R-a~-s=0.595"
"PronTokAlign",467.558438,468.068438,"E-t-s-E-t-E-R-A/"
"PronTokAlign",468.068438,468.098438,"m=0.43"
"PronTokAlign",468.098438,468.77,"e-l-A/-s=0.742"
"PronTokAlign",468.77,469.025,"#=0.0"
"PronTokAlign",469.025,469.345,"t-w-A/"
"PronTokAlign",469.345,469.385,"A/"
"PronTokAlign",469.385,469.795,"k-A/-t-O/-R-z=0.596"
"PronTokAlign",469.795,469.925,"a~=0.756"
"PronTokAlign",469.925,470.145,"E-s-k-@=0.581"
"PronTokAlign",470.145,470.205,"t"
"PronTokAlign",470.205,470.255,"A/=0.68"
"PronTokAlign",470.255,470.425,"a~-v-i"
"PronTokAlign",470.425,470.515,"d-@=0.65"
"PronTokAlign",470.515,470.925,"p-A/-s-e=0.711"
"PronTokAlign",470.925,471.175,"t-R-w-A/=0.737"
"PronTokAlign",471.175,471.46,"Z-u-R=0.648"
"PronTokAlign",471.46,474.179062,"#=0.0"
"PronTokAlign",474.179062,474.349062,"u-i=0.754"
"PronTokAlign",474.349062,474.509062,"s-A/=0.817"
"PronTokAlign",474.509062,474.619062,"f-E=0.415"
"PronTokAlign",474.619062,474.829062,"R-A/-t-e=0.907"
"PronTokAlign",474.829062,474.859062,"l"
"PronTokAlign",474.859062,475.059062,"e-k-O/-l=0.346"
"PronTokAlign",475.059062,475.539062,"k-a~=0.67"
"PronTokAlign",475.539062,475.599062,"t"
"PronTokAlign",475.599062,475.649062,"e=0.523"
"PronTokAlign",475.649062,475.879062,"d-a~-z=0.958"
"PronTokAlign",475.879062,475.999062,"y-n=0.635"
"PronTokAlign",475.999062,476.259062,"e-k-O/-l=0.369"
"PronTokAlign",476.259062,476.479062,"k-O/-m=0.643"
"PronTokAlign",476.479062,476.549062,"E=0.451"
"PronTokAlign",476.549062,476.809062,"d-i-z-e=0.629"
"PronTokAlign",476.809062,476.979062,"v-A/-l"
"PronTokAlign",476.979062,477.029062,"d=0.667"
"PronTokAlign",477.029062,477.819062,"n-y-m-E-R-i-k-@=0.539"
"PronTokAlign",477.819062,478.363075,"p-2-t-E-t-R=0.801"
"PronTokAlign",478.363075,478.68,"#=0.0"
"PronTokAlign",478.68,478.99,"m-e=0.596"
"PronTokAlign",478.99,479.47,"t-w-A/"
"PronTokAlign",479.47,480.33,"#=0.0"
"PronTokAlign",480.33,480.71,"s-k-@=0.576"
"PronTokAlign",480.71,480.76,"t"
"PronTokAlign",480.76,480.92,"A/-v-E=0.521"
"PronTokAlign",480.92,481.04,"a~-v-i"
"PronTokAlign",481.04,481.08,"d=0.465"
"PronTokAlign",481.08,481.35,"p-A/-s-e=0.788"
"PronTokAlign",481.35,481.53,"t-R-w-A/=0.695"
"PronTokAlign",481.53,481.84,"Z-u-R=0.683"
"PronTokAlign",481.84,481.96,"Z-@=0.418"
"PronTokAlign",481.96,482.14,"k-R-w-A/=0.695"
"PronTokAlign",482.14,482.34,"p-A/=0.892"
"PronTokAlign",482.34,482.414063,"n-O/=0.388"
"PronTokAlign",482.414063,489.518438,"#=0.0"
"PronTokAlign",489.518438,489.598438,"u-i=0.627"
"PronTokAlign",489.598438,490.778438,"E=0.999"
"PronTokAlign",490.778438,491.24,"u-i=0.781"
"PronTokAlign",491.24,491.965312,"#=0.0"
"PronTokAlign",491.965312,492.095312,"E=0.752"
"PronTokAlign",492.095312,492.365312,"l-A/"
"PronTokAlign",492.365312,492.415312,"O~=0.58"
"PronTokAlign",492.415312,492.505312,"a~"
"PronTokAlign",492.505312,492.705312,"p-E-R"
"PronTokAlign",492.705312,492.825312,"l=0.339"
"PronTokAlign",492.825312,493.305312,"t-e-l-e-f-O/-n=0.542"
"PronTokAlign",493.305312,493.425312,"O~-n=0.578"
"PronTokAlign",493.425312,493.485312,"a~"
"PronTokAlign",493.485312,493.755312,"p-E-R"
"PronTokAlign",493.755312,494.025312,"t-u-l-e=0.484"
"PronTokAlign",494.025312,494.412188,"t-E-m-z=0.998"
"PronTokAlign",494.412188,503.693438,"#=0.0"
"PronTokAlign",503.693438,504.013438,"d-O~-k=0.73"
"PronTokAlign",504.013438,504.143438,"O~=0.781"
"PronTokAlign",504.143438,504.343438,"s-@=0.879"
"PronTokAlign",504.343438,504.703438,"m-i-k-s=0.898"
"PronTokAlign",504.703438,505.163438,"s-y-R"
"PronTokAlign",505.163438,505.643438,"t-e-l-e-f-O/-n=0.722"
"PronTokAlign",505.643438,505.733438,"E=0.637"
"PronTokAlign",505.733438,506.023438,"d-a~-Z-e"
"PronTokAlign",506.023438,506.143438,"d-e=0.366"
"PronTokAlign",506.143438,506.511563,"R-E-z-O/-z=0.485"
"PronTokAlign",506.511563,514.864688,"#=0.0"
"PronTokAlign",514.864688,515.185313,"O/-k-E=0.509"
"PronTokAlign",515.185313,516.535313,"#=0.0"
"PronTokAlign",516.535313,516.82,"m=0.0"
"PronTokAlign",516.82,517.06,"#=0.0"
"PronTokAlign",517.06,517.3699999999999,"m-e=0.34"
"PronTokAlign",517.3699999999999,517.41,"i=0.647"
"PronTokAlign",517.41,517.5799999999999,"f-O/=0.742"
"PronTokAlign",517.5799999999999,517.63,"k=0.759"
"PronTokAlign",517.63,517.77,"l-A/"
"PronTokAlign",517.77,518.25,"p-A/-R-t-i"
"PronTokAlign",518.25,518.4399999999999,"Z-@=0.552"
"PronTokAlign",518.4399999999999,518.9499999999999,"a~-f-E-t=0.656"
"PronTokAlign",518.9499999999999,519.0,"Z=0.431"
"PronTokAlign",519.0,519.0899999999999,"v-@=0.636"
"PronTokAlign",519.0899999999999,519.2099999999999,"t-@=0.769"
"PronTokAlign",519.2099999999999,519.9699999999999,"d-i-R=0.686"
"PronTokAlign",519.9699999999999,520.27,"#"
"PronTokAlign",520.27,520.4,"Z=0.563"
"PronTokAlign",520.4,520.4799999999999,"v-@=0.666"
"PronTokAlign",520.4799999999999,520.54,"k"
"PronTokAlign",520.54,520.6199999999999,"E-l=0.387"
"PronTokAlign",520.6199999999999,520.78,"s-w-A/=0.83"
"PronTokAlign",520.78,520.9699999999999,"O/-s-i"
"PronTokAlign",520.9699999999999,521.54,"k-O~-s-E-k-a~-t=0.634"
"PronTokAlign",521.54,521.63,"k-@=0.693"
"PronTokAlign",521.63,521.81,"s-E-l=0.621"
"PronTokAlign",521.81,521.8599999999999,"d=0.74"
"PronTokAlign",521.8599999999999,522.458438,"t-e-l-e-f-O/-n=0.473"
"PronTokAlign",522.458438,524.382188,"#=0.0"
"PronTokAlign",524.382188,524.5921880000001,"n-O/=0.31"
"PronTokAlign",524.5921880000001,524.7221880000001,"p-A/=0.555"
"PronTokAlign",524.7221880000001,524.8521880000001,"d-y=0.574"
"PronTokAlign",524.8521880000001,525.1021880000001,"t-u-t=0.636"
"PronTokAlign",525.1021880000001,525.172188,"S=0.392"
"PronTokAlign",525.172188,525.392188,"p-a~-s=0.6"
"PronTokAlign",525.392188,525.4521880000001,"A/"
"PronTokAlign",525.4521880000001,525.5921880000001,"n-O/=0.625"
"PronTokAlign",525.5921880000001,525.8321880000001,"Z-9-n=0.765"
"PronTokAlign",525.8321880000001,526.422188,"#"
"PronTokAlign",526.422188,526.5921880000001,"S=0.63"
"PronTokAlign",526.5921880000001,526.792188,"p-a~-s=0.642"
"PronTokAlign",526.792188,526.8621880000001,"A/"
"PronTokAlign",526.8621880000001,526.942188,"n-O/=0.686"
"PronTokAlign",526.942188,527.312188,"Z-9-n-z=0.711"
"PronTokAlign",527.312188,527.4821880000001,"S=0.881"
"PronTokAlign",527.4821880000001,527.692188,"s-y-i-z=0.81"
"PronTokAlign",527.692188,528.2321880000001,"d-E-z-O/-l-e=0.587"
"PronTokAlign",528.2321880000001,528.533437,"v-A/-l"
"PronTokAlign",528.533437,531.11819,"#=0.0"
"PronTokAlign",531.11819,533.40819,"laugh"
"PronTokAlign",533.40819,534.22819,"#"
"PronTokAlign",534.22819,534.825,"n-O/=0.75"
"PronTokAlign",534.825,534.985,"#=0.0"
"PronTokAlign",534.985,535.125,"n-O/=0.435"
"PronTokAlign",535.125,535.215,"m-E=0.374"
"PronTokAlign",535.215,535.755,"s-e-R-j-2-z-m-a~=0.517"
"PronTokAlign",535.755,535.9250000000001,"k-a~=0.824"
"PronTokAlign",535.9250000000001,535.985,"O~=0.645"
"PronTokAlign",535.985,536.205,"v-w-A/=0.634"
"PronTokAlign",536.205,536.235,"Z=0.447"
"PronTokAlign",536.235,536.395,"#"
"PronTokAlign",536.395,536.4250000000001,"t"
"PronTokAlign",536.4250000000001,536.455,"A/=0.536"
"PronTokAlign",536.455,537.135,"Z-y-s=0.457"
"PronTokAlign",537.135,537.235,"A/"
"PronTokAlign",537.235,537.525,"s-y-i-v-R-@=0.571"
"PronTokAlign",537.525,537.965,"t"
"PronTokAlign",537.965,538.0550000000001,"A/=0.546"
"PronTokAlign",538.0550000000001,538.3050000000001,"Z-y-s-t=0.454"
"PronTokAlign",538.3050000000001,538.385,"A/"
"PronTokAlign",538.385,538.635,"s-y-i-v-R=0.691"
"PronTokAlign",538.635,538.6750000000001,"l"
"PronTokAlign",538.6750000000001,539.05,"A/-k-t-y"
"PronTokAlign",539.05,539.36,"#=0.0"
"PronTokAlign",539.36,539.6800000000001,"k"
"PronTokAlign",539.6800000000001,539.71,"O~=0.71"
"PronTokAlign",539.71,539.98,"v-w-A/=0.689"
"PronTokAlign",539.98,540.08,"s=0.844"
"PronTokAlign",540.08,540.2,"k-@=0.617"
"PronTokAlign",540.2,540.36,"l-E=0.327"
"PronTokAlign",540.36,540.919688,"R-E-z-O/=0.27"
"PronTokAlign",540.919688,556.579688,"#=0.0"
"PronTokAlign",556.579688,556.6696880000001,"n-O/=0.324"
"PronTokAlign",556.6696880000001,556.699688,"m=0.685"
"PronTokAlign",556.699688,556.959688,"s-A/=0.696"
"PronTokAlign",556.959688,557.109688,"Z-@=0.369"
"PronTokAlign",557.109688,557.2696880000001,"s-y-i=0.943"
"PronTokAlign",557.2696880000001,557.5196880000001,"d-A/-k-O/-R"
"PronTokAlign",557.5196880000001,557.559688,"m=0.551"
"PronTokAlign",557.559688,557.689688,"m-w-A/"
"PronTokAlign",557.689688,557.7696880000001,"S=0.571"
"PronTokAlign",557.7696880000001,557.949688,"p-A/-R-l=0.825"
"PronTokAlign",557.949688,558.0396880000001,"k-@=0.777"
"PronTokAlign",558.0396880000001,558.099688,"d=0.424"
"PronTokAlign",558.099688,558.4096880000001,"R-E-z-O/"
"PronTokAlign",558.4096880000001,558.489688,"e=0.671"
"PronTokAlign",558.489688,558.639688,"m-w-A/"
"PronTokAlign",558.639688,559.0296880000001,"p-A/-R-E-g-z-a~-p-l=0.387"
"PronTokAlign",559.0296880000001,559.1496880000001,"t=0.523"
"PronTokAlign",559.1496880000001,559.2896880000001,"v-w-A/=0.757"
"PronTokAlign",559.2896880000001,559.459688,"k-a~=0.655"
"PronTokAlign",559.459688,559.509688,"O~=0.593"
"PronTokAlign",559.509688,559.7796880000001,"p-A/-R-l-e=0.456"
"PronTokAlign",559.7796880000001,559.849688,"d=0.562"
"PronTokAlign",559.849688,560.449688,"U~/-t-E-R-v-2-n-a~=0.502"
"PronTokAlign",560.449688,560.5496880000001,"Z=0.642"
"PronTokAlign",560.5496880000001,560.749688,"e-t-e=0.512"
"PronTokAlign",560.749688,561.059688,"p-u-R"
"PronTokAlign",561.059688,561.2996880000001,"f-E-R=0.674"
"PronTokAlign",561.2996880000001,561.809688,"v-@-n-i-R=0.666"
"PronTokAlign",561.809688,561.959688,"y-n=0.614"
"PronTokAlign",561.959688,562.489688,"v-i-k-t-i-m=0.534"
"PronTokAlign",562.489688,562.679688,"#"
"PronTokAlign",562.679688,563.099688,"d-A/-R-s=0.748"
"PronTokAlign",563.099688,563.219688,"#"
"PronTokAlign",563.219688,563.329688,"d=0.728"
"PronTokAlign",563.329688,564.025,"A/-R-s-E-l-2-m-a~"
"PronTokAlign",564.025,564.74,"#=0.0"
"PronTokAlign",564.74,565.26,"v-i-k-t-i-m=0.68"
"PronTokAlign",565.26,565.34,"d-@=0.549"
"PronTokAlign",565.34,565.92,"A/-R-s-E-l-2-m-a~"
"PronTokAlign",565.92,566.07,"d-y"
"PronTokAlign",566.07,566.1800000000001,"O/=0.847"
"PronTokAlign",566.1800000000001,566.38,"R-E-z-O/=0.444"
"PronTokAlign",566.38,566.825,"s-O/-s-j-O/-z=0.583"
"PronTokAlign",566.825,566.92,"#=0.0"
"PronTokAlign",566.92,567.02,"S=0.75"
"PronTokAlign",567.02,567.2199999999999,"p-a~-s=0.893"
"PronTokAlign",567.2199999999999,567.3299999999999,"k-@=0.825"
"PronTokAlign",567.3299999999999,567.4799999999999,"s-e"
"PronTokAlign",567.4799999999999,567.65,"l-A/"
"PronTokAlign",567.65,567.9,"v-R-E-m-a~=0.568"
"PronTokAlign",567.9,567.9499999999999,"S=0.53"
"PronTokAlign",567.9499999999999,568.14,"p-a~-s=0.937"
"PronTokAlign",568.14,568.18,"k"
"PronTokAlign",568.18,568.2099999999999,"j=0.651"
"PronTokAlign",568.2099999999999,568.24,"A/"
"PronTokAlign",568.24,568.3199999999999,"U~/-n=0.626"
"PronTokAlign",568.3199999999999,568.66,"U~/-p-A/-k-t"
"PronTokAlign",568.66,568.78,"n-O/=0.665"
"PronTokAlign",568.78,569.01,"Z-9-n=0.833"
"PronTokAlign",569.01,569.62,"a~-f-E-t=0.746"
"PronTokAlign",569.62,569.6999999999999,"s-e"
"PronTokAlign",569.6999999999999,569.91,"k-w-A/"
"PronTokAlign",569.91,570.04,"m-w-A/"
"PronTokAlign",570.04,570.26,"k-a~=0.784"
"PronTokAlign",570.26,570.3399999999999,"S=0.632"
"PronTokAlign",570.3399999999999,570.53,"p-A/-R-l-E=0.95"
"PronTokAlign",570.53,570.62,"A/"
"PronTokAlign",570.62,570.74,"m-A/"
"PronTokAlign",570.74,570.9599999999999,"f-i-j=0.718"
"PronTokAlign",570.9599999999999,571.04,"S=0.705"
"PronTokAlign",571.04,571.26,"p-A/-R-l=0.625"
"PronTokAlign",571.26,571.55,"R-E-z-O/"
"PronTokAlign",571.55,572.08,"#=0.0"
"PronTokAlign",572.08,572.36,"p-s-k=0.386"
"PronTokAlign",572.36,572.4000000000001,"S=0.646"
"PronTokAlign",572.4000000000001,572.47,"e=0.679"
"PronTokAlign",572.47,572.5200000000001,"l"
"PronTokAlign",572.5200000000001,572.9200000000001,"U~/-p-R-E-s-j-O~=0.634"
"PronTokAlign",572.9200000000001,573.01,"k"
"PronTokAlign",573.01,573.0500000000001,"i=0.518"
"PronTokAlign",573.0500000000001,573.09,"n"
"PronTokAlign",573.09,573.36,"A/-p-R-E-n=0.832"
"PronTokAlign",573.36,573.46,"k-@=0.632"
"PronTokAlign",573.46,573.6700000000001,"s-E-t=0.602"
"PronTokAlign",573.6700000000001,573.83,"l-a~-g=0.545"
"PronTokAlign",573.83,573.97,"s-e"
"PronTokAlign",573.97,574.09,"l-A/"
"PronTokAlign",574.09,574.6800000000001,"l-a~-g-@=0.937"
"PronTokAlign",574.6800000000001,575.12,"t=0.993"
"PronTokAlign",575.12,575.23,"n-O/=0.811"
"PronTokAlign",575.23,575.48,"Z-9-n=0.6"
"PronTokAlign",575.48,575.5500000000001,"d-O~=0.77"
"PronTokAlign",575.5500000000001,575.6500000000001,"S=0.58"
"PronTokAlign",575.6500000000001,576.2900000000001,"t-R-u-v-E=0.527"
"PronTokAlign",576.2900000000001,576.32,"s=0.871"
"PronTokAlign",576.32,576.48,"s-e"
"PronTokAlign",576.48,576.61,"l-A/"
"PronTokAlign",576.61,576.6500000000001,"k=0.94"
"PronTokAlign",576.6500000000001,576.69,"S=0.618"
"PronTokAlign",576.69,576.89,"t-R-u-v-E=0.75"
"PronTokAlign",576.89,577.1800000000001,"s-A/=0.936"
"PronTokAlign",577.1800000000001,577.72,"U~/-p-O/-R-t-a~=0.685"
"PronTokAlign",577.72,577.75,"t=0.465"
"PronTokAlign",577.75,578.348438,"p-A/-R-l-e-R=0.809"
"PronTokAlign",578.348438,580.145,"#=0.0"
"PronTokAlign",580.145,580.295,"s-e"
"PronTokAlign",580.295,580.3249999999999,"l=0.701"
"PronTokAlign",580.3249999999999,580.715,"t-e-l-e-f-O/-n=0.423"
"PronTokAlign",580.715,580.795,"l-A/"
"PronTokAlign",580.795,581.155,"l-a~-g-@=0.717"
"PronTokAlign",581.155,581.305,"d-@=0.671"
"PronTokAlign",581.305,581.4449999999999,"n-O/=0.646"
"PronTokAlign",581.4449999999999,581.841563,"Z-9-n-z=0.953"
"PronTokAlign",581.841563,582.887812,"#=0.0"
"PronTokAlign",582.887812,583.748438,"m-e-z=0.734"
"PronTokAlign",583.748438,585.570938,"#=0.0"
"PronTokAlign",585.570938,585.891563,"w-E"
"PronTokAlign",585.891563,587.140313,"#=0.0"
"PronTokAlign",587.140313,587.595937,"O/-k-E=0.743"
"PronTokAlign",587.595937,588.625313,"#=0.0"
"PronTokAlign",588.625313,588.912188,"m=0.0"
"PronTokAlign",588.912188,592.32,"#=0.0"
"PronTokAlign",592.32,592.47,"O/-k-E=0.54"
"PronTokAlign",592.47,592.62,"m-O~=0.513"
"PronTokAlign",592.62,593.2800000000001,"p-@-t-i-t=0.573"
"PronTokAlign",593.2800000000001,594.11,"f-R-E-R-@=0.581"
"PronTokAlign",594.11,594.2,"d-@=0.611"
"PronTokAlign",594.2,594.47,"s-E-t"
"PronTokAlign",594.47,594.71,"a~-z=0.709"
"PronTokAlign",594.71,594.7900000000001,"e=0.437"
"PronTokAlign",594.7900000000001,594.96,"s-y-R"
"PronTokAlign",594.96,595.09,"l-E=0.372"
"PronTokAlign",595.09,595.3000000000001,"R-E-z-O/=0.372"
"PronTokAlign",595.3000000000001,595.7800000000001,"s-O/-s-j-O/=0.626"
"PronTokAlign",595.7800000000001,595.97,"s-a~=0.698"
"PronTokAlign",595.97,596.34,"t-e-l-e-f-O/-n=0.433"
"PronTokAlign",596.34,596.7800000000001,"v-j-A/"
"PronTokAlign",596.7800000000001,596.9300000000001,"s-A/"
"PronTokAlign",596.9300000000001,597.19,"n-i-n-t-a~-O/=0.375"
"PronTokAlign",597.19,597.73,"d-e-E-s=0.389"
"PronTokAlign",597.73,598.242595,"#=0.0"
"PronTokAlign",598.242595,598.632595,"d-O~-k=0.993"
"PronTokAlign",598.632595,598.872595,"d-i=0.738"
"PronTokAlign",598.872595,599.21,"m-w-A/"
"PronTokAlign",599.21,599.35,"#=0.0"
"PronTokAlign",599.35,599.51,"u"
"PronTokAlign",599.51,599.57,"E=0.483"
"PronTokAlign",599.57,599.6,"l=0.555"
"PronTokAlign",599.6,600.0500000000001,"t-E-l-E-f-O/-n=0.398"
"PronTokAlign",600.0500000000001,600.16,"d-a~=0.566"
"PronTokAlign",600.16,600.4300000000001,"t-u=0.654"
"PronTokAlign",600.4300000000001,600.471563,"s=0.867"
"PronTokAlign",600.471563,605.685938,"#=0.0"
"PronTokAlign",605.685938,606.275938,"d-e-E-s=0.395"
"PronTokAlign",606.275938,607.4959379999999,"#"
"PronTokAlign",607.4959379999999,608.183438,"d-e-E-s=0.519"
"PronTokAlign",608.183438,608.976562,"#=0.0"
"PronTokAlign",608.976562,609.1365619999999,"m-E=0.443"
"PronTokAlign",609.1365619999999,609.326562,"s-A/=0.893"
"PronTokAlign",609.326562,609.796562,"R-E-s-t-@=0.59"
"PronTokAlign",609.796562,609.9865619999999,"U~/-n=0.776"
"PronTokAlign",609.9865619999999,610.346562,"R-E-z-O/"
"PronTokAlign",610.346562,610.5165619999999,"s-A/=0.745"
"PronTokAlign",610.5165619999999,610.7465619999999,"R-E-s-t=0.585"
"PronTokAlign",610.7465619999999,610.806562,"U~/=0.513"
"PronTokAlign",610.806562,611.0365619999999,"R-E-z-O/"
"PronTokAlign",611.0365619999999,611.490938,"s-O/-s-j-A/-l"
"PronTokAlign",611.490938,618.139688,"#=0.0"
"PronTokAlign",618.139688,618.392813,"m=0.0"
"PronTokAlign",618.392813,619.725938,"#=0.0"
"PronTokAlign",619.725938,619.9559380000001,"t-O~=0.597"
"PronTokAlign",619.9559380000001,620.475938,"f-R-E-R-@=0.627"
"PronTokAlign",620.475938,620.535938,"i-l=0.5"
"PronTokAlign",620.535938,620.615938,"A/"
"PronTokAlign",620.615938,620.745938,"i-l=0.617"
"PronTokAlign",620.745938,620.8059380000001,"A/"
"PronTokAlign",620.8059380000001,620.9259380000001,"p-A/=0.893"
"PronTokAlign",620.9259380000001,621.1759380000001,"A/-k-s-E=0.577"
"PronTokAlign",621.1759380000001,621.235938,"A/"
"PronTokAlign",621.235938,621.265938,"l"
"PronTokAlign",621.265938,621.649688,"i-p-A/-d=0.902"
"PronTokAlign",621.649688,625.935938,"#=0.0"
"PronTokAlign",625.935938,626.47,"O/-k-E=0.535"
"PronTokAlign",626.47,626.82,"#=0.0"
"PronTokAlign",626.82,627.08,"d-O~=0.625"
"PronTokAlign",627.08,627.44,"t-w-A/"
"PronTokAlign",627.44,627.842813,"m-E-z=0.574"
"PronTokAlign",627.842813,629.749688,"#=0.0"
"PronTokAlign",629.749688,630.129688,"d-O~-k=0.906"
"PronTokAlign",630.129688,630.599688,"p-A/-R-E-g-z-a~-p-l=0.396"
"PronTokAlign",630.599688,630.709688,"f-e=0.455"
"PronTokAlign",630.709688,630.959688,"m-w-A/"
"PronTokAlign",630.959688,631.1796879999999,"#"
"PronTokAlign",631.1796879999999,631.389688,"f-e=0.411"
"PronTokAlign",631.389688,631.825167,"m-w-A/"
"PronTokAlign",631.825167,632.635,"#=0.0"
"PronTokAlign",632.635,632.765,"d-O~=0.617"
"PronTokAlign",632.765,632.885,"t=0.364"
"PronTokAlign",632.885,632.935,"l"
"PronTokAlign",632.935,633.428438,"A/-p-@-l-e-E=0.53"
"PronTokAlign",633.428438,637.355,"#=0.0"
"PronTokAlign",637.355,637.515,"t-y=0.39"
"PronTokAlign",637.515,637.5450000000001,"l"
"PronTokAlign",637.5450000000001,637.9250000000001,"A/-p-@-l-e-E=0.479"
"PronTokAlign",637.9250000000001,638.215,"k-O/-m-a~=0.725"
"PronTokAlign",638.215,638.285,"s=0.946"
"PronTokAlign",638.285,638.825,"f-E-s-t-i-v-A/-l"
"PronTokAlign",638.825,638.9350000000001,"#"
"PronTokAlign",638.9350000000001,639.065,"d-O~=0.628"
"PronTokAlign",639.065,639.3050000000001,"v-A/-z=0.832"
"PronTokAlign",639.3050000000001,639.395,"i=0.561"
"PronTokAlign",639.395,639.565,"f-e=0.462"
"PronTokAlign",639.565,639.845,"m-w-A/"
"PronTokAlign",639.845,640.095,"f-O/=0.491"
"PronTokAlign",640.095,640.165,"k=0.937"
"PronTokAlign",640.165,640.3050000000001,"s-A/=0.746"
"PronTokAlign",640.3050000000001,640.655,"s-w-A/=0.744"
"PronTokAlign",640.655,640.845,"v-A/-z=0.934"
"PronTokAlign",640.845,640.875,"i=0.504"
"PronTokAlign",640.875,641.025,"f-O/=0.512"
"PronTokAlign",641.025,641.0550000000001,"k=0.762"
"PronTokAlign",641.0550000000001,641.1750000000001,"s-A/=0.836"
"PronTokAlign",641.1750000000001,641.365,"f-A/-s=0.771"
"PronTokAlign",641.365,641.615,"v-@-n-i-R=0.654"
"PronTokAlign",641.615,641.735,"d-y=0.647"
"PronTokAlign",641.735,641.9250000000001,"m-O~-d=0.807"
"PronTokAlign",641.9250000000001,642.255,"k-O/-m-a~=0.549"
"PronTokAlign",642.255,642.465,"t-y=0.346"
"PronTokAlign",642.465,642.725,"A/-l-e=0.687"
"PronTokAlign",642.725,643.145,"#"
"PronTokAlign",643.145,643.1750000000001,"t"
"PronTokAlign",643.1750000000001,643.265,"A/=0.888"
"PronTokAlign",643.265,643.3050000000001,"l=0.702"
"PronTokAlign",643.3050000000001,643.775,"t-e-l-e-f-O/-n=0.566"
"PronTokAlign",643.775,643.915,"s-e"
"PronTokAlign",643.915,644.0550000000001,"k-w-A/"
"PronTokAlign",644.0550000000001,644.405,"t-O~=0.651"
"PronTokAlign",644.405,644.47,"n-O~"
"PronTokAlign",644.47,644.755,"#=0.0"
"PronTokAlign",644.755,644.985,"s-e"
"PronTokAlign",644.985,645.265,"k-w-A/"
"PronTokAlign",645.265,645.525,"s-e"
"PronTokAlign",645.525,646.33,"t-e-l-e-f-O/-n=0.732"
"PronTokAlign",646.33,648.788225,"#=0.0"
"PronTokAlign",648.788225,648.968225,"m-e-z=0.479"
"PronTokAlign",648.968225,649.576539,"n-O~-n=0.711"
"PronTokAlign",649.576539,652.894789,"#=0.0"
"PronTokAlign",652.894789,653.463108,"n-O~-n=0.583"
"PronTokAlign",653.463108,657.698003,"#=0.0"
"PronTokAlign",657.698003,657.788003,"n-O/=0.393"
"PronTokAlign",657.788003,657.848003,"n-O/=0.339"
"PronTokAlign",657.848003,657.908003,"n-O/=0.367"
"PronTokAlign",657.908003,657.9880029999999,"n-O/=0.376"
"PronTokAlign",657.9880029999999,658.048003,"n-O/=0.313"
"PronTokAlign",658.048003,658.1280029999999,"n-O~=0.299"
"PronTokAlign",658.1280029999999,660.058003,"n-O~-p-A/"
"PronTokAlign",660.058003,660.19,"s-A/=0.631"
"PronTokAlign",660.19,660.745,"#=0.0"
"PronTokAlign",660.745,660.825,"O~=0.822"
"PronTokAlign",660.825,660.9350000000001,"s"
"PronTokAlign",660.9350000000001,660.995,"a~"
"PronTokAlign",660.995,661.155,"f-u=0.67"
"PronTokAlign",661.155,661.215,"n-O/=0.375"
"PronTokAlign",661.215,661.335,"m=0.393"
"PronTokAlign",661.335,661.365,"i=0.631"
"PronTokAlign",661.365,661.4350000000001,"n"
"PronTokAlign",661.4350000000001,661.515,"j=0.632"
"PronTokAlign",661.515,661.545,"A/"
"PronTokAlign",661.545,661.675,"p-A/=0.845"
"PronTokAlign",661.675,661.725,"t=0.505"
"PronTokAlign",661.725,661.995,"s-u-s-i=0.569"
"PronTokAlign",661.995,662.115,"m-E=0.299"
"PronTokAlign",662.115,662.195,"Z=0.524"
"PronTokAlign",662.195,662.295,"v-@=0.513"
"PronTokAlign",662.295,662.495,"Z-y-s=0.547"
"PronTokAlign",662.495,662.865,"#"
"PronTokAlign",662.865,663.4350000000001,"A/-t-a~-d-e=0.836"
"PronTokAlign",663.4350000000001,663.575,"l-e-z=0.328"
"PronTokAlign",663.575,663.825,"A/-m-i=0.532"
"PronTokAlign",663.825,664.335,"#"
"PronTokAlign",664.335,664.795,"A/-t-a~-d-e=0.851"
"PronTokAlign",664.795,664.965,"l-e-z=0.362"
"PronTokAlign",664.965,665.375,"A/-m-i-z=0.73"
"PronTokAlign",665.375,665.535,"l-e-z=0.608"
"PronTokAlign",665.535,665.775,"A/-m-i=0.546"
"PronTokAlign",665.775,666.235,"A/-t-a~-d-e-z=0.673"
"PronTokAlign",666.235,666.6850000000001,"n-U~/-p-O/-R-t-@=0.574"
"PronTokAlign",666.6850000000001,666.845,"k-w-A/"
"PronTokAlign",666.845,666.925,"#"
"PronTokAlign",666.925,667.095,"v-A/-l"
"PronTokAlign",667.095,667.775,"#"
"PronTokAlign",667.775,667.865,"t-y=0.432"
"PronTokAlign",667.865,667.915,"n"
"PronTokAlign",667.915,667.985,"A/=0.724"
"PronTokAlign",667.985,668.125,"p-A/=0.837"
"PronTokAlign",668.125,668.265,"t-O~=0.684"
"PronTokAlign",668.265,668.385,"m-O/"
"PronTokAlign",668.385,668.425,"A/"
"PronTokAlign",668.425,668.673217,"d-i-R=0.745"
"PronTokAlign",668.673217,669.66,"#=0.0"
"PronTokAlign",669.66,669.6999999999999,"s=0.522"
"PronTokAlign",669.6999999999999,670.23,"k-@=0.753"
"PronTokAlign",670.23,670.31,"Z=0.431"
"PronTokAlign",670.31,670.49,"v-@=0.612"
"PronTokAlign",670.49,670.5899999999999,"S=0.463"
"PronTokAlign",670.5899999999999,670.65,"v-@=0.59"
"PronTokAlign",670.65,670.6999999999999,"k=0.787"
"PronTokAlign",670.6999999999999,670.81,"t-y=0.38"
"PronTokAlign",670.81,670.89,"m=0.83"
"PronTokAlign",670.89,671.13,"v-a~-d-@=0.558"
"PronTokAlign",671.13,671.16,"l=0.429"
"PronTokAlign",671.16,671.53,"t-R-y-k"
"PronTokAlign",671.53,671.66,"Z=0.643"
"PronTokAlign",671.66,671.76,"v-@=0.475"
"PronTokAlign",671.76,671.81,"k=0.895"
"PronTokAlign",671.81,671.92,"t-y=0.347"
"PronTokAlign",671.92,671.9599999999999,"m=0.634"
"PronTokAlign",671.9599999999999,672.12,"d-O/-n=0.6"
"PronTokAlign",672.12,672.27,"a~-v-i"
"PronTokAlign",672.27,672.35,"d=0.503"
"PronTokAlign",672.35,672.679688,"v-@-n-i-R=0.599"
"PronTokAlign",672.679688,673.72,"#=0.0"
"PronTokAlign",673.72,673.96,"A/-l-e=0.696"
"PronTokAlign",673.96,674.15,"v-A/-z=0.995"
"PronTokAlign",674.15,674.22,"i=0.584"
"PronTokAlign",674.22,674.37,"v-a~=0.853"
"PronTokAlign",674.37,674.48,"m-w-A/"
"PronTokAlign",674.48,674.51,"l=0.778"
"PronTokAlign",674.51,674.839688,"t-R-y-k"
"PronTokAlign",674.839688,682.129688,"#=0.0"
"PronTokAlign",682.129688,682.3096879999999,"E=0.821"
"PronTokAlign",682.3096879999999,682.529688,"m-U~/-n-a~=0.396"
"PronTokAlign",682.529688,682.709688,"A/-p-R-e=0.389"
"PronTokAlign",682.709688,682.749688,"i=0.65"
"PronTokAlign",682.749688,682.899688,"v-A/"
"PronTokAlign",682.899688,683.510181,"R-A/-m-e-R=0.917"
"PronTokAlign",683.510181,703.274063,"#=0.0"
"PronTokAlign",703.274063,703.514063,"d-O~-k=0.588"
"PronTokAlign",703.514063,703.634063,"s-e"
"PronTokAlign",703.634063,703.7940629999999,"k-w-A/"
"PronTokAlign",703.7940629999999,704.024063,"l-@=0.695"
"PronTokAlign",704.024063,704.4440629999999,"A/-l-O/-R=0.436"
"PronTokAlign",704.4440629999999,704.6940629999999,"A/-l-O/-R=0.411"
"PronTokAlign",704.6940629999999,704.964063,"n-O/-t=0.539"
"PronTokAlign",704.964063,705.4340629999999,"E-v-E-n-2-m-a~=0.485"
"PronTokAlign",705.4340629999999,705.654063,"s-e"
"PronTokAlign",705.654063,705.957188,"k-w-A/"
"PronTokAlign",705.957188,707.555962,"#=0.0"
"PronTokAlign",707.555962,708.944063,"laugh=0.0"
"PronTokAlign",708.944063,709.114063,"l-@=0.313"
"PronTokAlign",709.114063,709.414063,"d-a~-Z-e=0.654"
"PronTokAlign",709.414063,709.574063,"d-y=0.719"
"PronTokAlign",709.574063,710.0340630000001,"t-E-l-E-f-O/-n=0.413"
"PronTokAlign",710.0340630000001,710.2640630000001,"v-l-A/=0.669"
"PronTokAlign",710.2640630000001,710.3940630000001,"s-e"
"PronTokAlign",710.3940630000001,710.564063,"m-j-@=0.681"
"PronTokAlign",710.564063,711.407813,"t-e-l-e-f-O/-n=0.479"
"PronTokAlign",711.407813,712.167188,"#=0.0"
"PronTokAlign",712.167188,712.842188,"t-E-l-E-f-O/-n=0.521"
"PronTokAlign",712.842188,714.360938,"#=0.0"
"PronTokAlign",714.360938,714.5509380000001,"w-E"
"PronTokAlign",714.5509380000001,714.6909380000001,"s-e"
"PronTokAlign",714.6909380000001,714.850313,"s=0.825"
"PronTokAlign",714.850313,715.820086,"laugh=0.0"
"PronTokAlign",715.820086,716.301563,"#=0.0"
"PronTokAlign",716.301563,716.6015629999999,"O/"
"PronTokAlign",716.6015629999999,716.721563,"Z=0.804"
"PronTokAlign",716.721563,716.771563,"e=0.563"
"PronTokAlign",716.771563,716.881563,"y-n=0.724"
"PronTokAlign",716.881563,717.121563,"i-d-e"
"PronTokAlign",717.121563,717.8615629999999,"#"
"PronTokAlign",717.8615629999999,718.1115629999999,"O~=0.629"
"PronTokAlign",718.1115629999999,718.421563,"m-A/-R-k=0.617"
"PronTokAlign",718.421563,718.921563,"t-e-l-e-f-O/-n=0.882"
"PronTokAlign",718.921563,719.021563,"a~"
"PronTokAlign",719.021563,719.461563,"k-O~-s-E-R"
"PronTokAlign",719.461563,719.541563,"E=0.502"
"PronTokAlign",719.541563,719.661563,"O/"
"PronTokAlign",719.661563,719.9815629999999,"f-i-n-A/-l"
"PronTokAlign",719.9815629999999,720.311563,"s-e"
"PronTokAlign",720.311563,720.821563,"#"
"PronTokAlign",720.821563,720.951563,"s=0.617"
"PronTokAlign",720.951563,721.021563,"n"
"PronTokAlign",721.021563,721.081563,"e=0.304"
"PronTokAlign",721.081563,721.2315629999999,"p-A/=0.738"
"PronTokAlign",721.2315629999999,721.331563,"l-@=0.447"
"PronTokAlign",721.331563,721.531563,"g-R-u-p=0.703"
"PronTokAlign",721.531563,721.661563,"d-@=0.507"
"PronTokAlign",721.661563,722.015,"R-O/-k"
"PronTokAlign",722.015,722.34,"#=0.0"
"PronTokAlign",722.34,722.5400000000001,"m-E-z=0.255"
"PronTokAlign",722.5400000000001,722.7900000000001,"s-e"
"PronTokAlign",722.7900000000001,723.11,"y-n-@=0.76"
"PronTokAlign",723.11,723.64,"A/-s-O/-s-A/-s-j-O~"
"PronTokAlign",723.64,723.74,"d=0.527"
"PronTokAlign",723.74,724.688438,"p-R-E-v-a~-s-j-O~"
"PronTokAlign",724.688438,727.472813,"#=0.0"
"PronTokAlign",727.472813,727.752813,"d-O~-k=0.747"
"PronTokAlign",727.752813,727.972813,"O/-k-E=0.564"
"PronTokAlign",727.972813,728.062813,"O~-n=0.64"
"PronTokAlign",728.062813,728.252813,"p-A/-R"
"PronTokAlign",728.252813,728.422813,"s-y-R"
"PronTokAlign",728.422813,728.452813,"l=0.64"
"PronTokAlign",728.452813,729.126563,"t-E-l-E-f-O/-n-@=0.422"
"PronTokAlign",729.126563,736.963138,"#=0.0"
"PronTokAlign",736.963138,737.751452,"w-E"
"PronTokAlign",737.751452,739.142503,"#=0.0"
"PronTokAlign",739.142503,739.592287,"laugh=0.0"
"PronTokAlign",739.592287,741.86315,"#=0.0"
"PronTokAlign",741.86315,742.28315,"w-E"
"PronTokAlign",742.28315,742.4331500000001,"y-n=0.628"
"PronTokAlign",742.4331500000001,742.6931500000001,"Z-u-R-n-e=0.614"
"PronTokAlign",742.6931500000001,743.6831500000001,"#"
"PronTokAlign",743.6831500000001,743.77315,"w-E"
"PronTokAlign",743.77315,743.8431,"w-E"
"PronTokAlign",743.8431,746.069063,"#=0.0"
"PronTokAlign",746.069063,746.229063,"u-i=0.771"
"PronTokAlign",746.229063,746.359063,"s-e"
"PronTokAlign",746.359063,746.579063,"s-A/=0.936"
"PronTokAlign",746.579063,746.6590630000001,"m=0.281"
"PronTokAlign",746.6590630000001,746.919063,"s-A/=0.924"
"PronTokAlign",746.919063,747.729063,"A/-t-a~=0.763"
"PronTokAlign",747.729063,747.859063,"s=0.691"
"PronTokAlign",747.859063,748.0290630000001,"s-e"
"PronTokAlign",748.0290630000001,748.1490630000001,"U~/-n=0.509"
"PronTokAlign",748.1490630000001,748.5090630000001,"p-R-O/-Z-E=0.511"
"PronTokAlign",748.5090630000001,748.559063,"k=0.612"
"PronTokAlign",748.559063,748.589063,"s=0.849"
"PronTokAlign",748.589063,748.829063,"f-E=0.397"
"PronTokAlign",748.829063,749.258438,"A/-t-R-A/-v-E-R=0.594"
"PronTokAlign",749.258438,756.700313,"#=0.0"
"PronTokAlign",756.700313,756.830313,"w-E"
"PronTokAlign",756.830313,756.8903130000001,"O~=0.555"
"PronTokAlign",756.8903130000001,757.442813,"p-A/-R-t-i-R-A/"
"PronTokAlign",757.442813,758.944688,"#=0.0"
"PronTokAlign",758.944688,759.114688,"O~=0.513"
"PronTokAlign",759.114688,759.464688,"p-A/-R-t-i-R-E=0.788"
"PronTokAlign",759.464688,759.684688,"s-y-R"
"PronTokAlign",759.684688,759.7646880000001,"y-n=0.72"
"PronTokAlign",759.7646880000001,760.304688,"U~/-t-E-R-v-a~-s-j-O~"
"PronTokAlign",760.304688,760.344688,"a~"
"PronTokAlign",760.344688,760.564688,"m-i-l-j-@"
"PronTokAlign",760.564688,761.004688,"s-k-O/-l-E-R=0.734"
"PronTokAlign",761.004688,761.0446880000001,"S=0.459"
"PronTokAlign",761.0446880000001,761.254688,"p-a~-s=0.769"
"PronTokAlign",761.254688,761.354688,"k-@=0.578"
"PronTokAlign",761.354688,761.484688,"s-e"
"PronTokAlign",761.484688,761.604688,"l-A/"
"PronTokAlign",761.604688,761.804688,"m-e-j-9-R=0.369"
"PronTokAlign",761.804688,762.336563,"d-E=0.509"
"PronTokAlign",762.336563,765.053438,"#=0.0"
"PronTokAlign",765.053438,765.293438,"A/"
"PronTokAlign",765.293438,765.473438,"n-a~=0.31"
"PronTokAlign",765.473438,765.603438,"f=0.613"
"PronTokAlign",765.603438,765.673438,"s=0.588"
"PronTokAlign",765.673438,766.233438,"#"
"PronTokAlign",766.233438,766.333438,"u-i=0.696"
"PronTokAlign",766.333438,766.543438,"m-e=0.382"
"PronTokAlign",766.543438,766.703438,"s-e"
"PronTokAlign",766.703438,766.7634380000001,"y-n=0.612"
"PronTokAlign",766.7634380000001,767.853438,"U~/-t-E-R-v-a~-s-j-O~"
"PronTokAlign",767.853438,768.0034380000001,"a~"
"PronTokAlign",768.0034380000001,769.073438,"E-k-s-t-E-R-j-9-R=0.633"
"PronTokAlign",769.073438,769.843438,"d-y=0.99"
"PronTokAlign",769.843438,769.980938,"laugh"
"PronTokAlign",769.980938,776.162893,"#=0.0"
"PronTokAlign",776.162893,776.8928930000001,"i-l-j-A/-s=0.633"
"PronTokAlign",776.8928930000001,777.432893,"m-e=0.358"
"PronTokAlign",777.432893,777.812852,"s-@=0.969"
"PronTokAlign",777.812852,779.224484,"#=0.0"
"PronTokAlign",779.224484,779.544484,"s-w-A/=0.843"
"PronTokAlign",779.544484,780.044484,"O/-n-E-t=0.522"
"PronTokAlign",780.044484,780.709446,"i-l-j-A/-s=0.344"
"PronTokAlign",780.709446,786.18,"#=0.0"
"PronTokAlign",786.18,786.5999999999999,"s-w-A/=0.527"
"PronTokAlign",786.5999999999999,786.88,"s-a~=0.731"
"PronTokAlign",786.88,787.06,"l-E-z=0.482"
"PronTokAlign",787.06,787.31,"e-k-O/-l=0.571"
"PronTokAlign",787.31,787.41,"O~-n=0.669"
"PronTokAlign",787.41,787.5699999999999,"O/-R-A/"
"PronTokAlign",787.5699999999999,788.3499999999999,"p-E-R-s-O/-n-@=0.913"
"PronTokAlign",788.3499999999999,788.9799999999999,"s-w-A/-t=0.713"
"PronTokAlign",788.9799999999999,790.602188,"O/-n-E-t-@=0.839"
"PronTokAlign",790.602188,791.835,"#=0.0"
"PronTokAlign",791.835,792.075,"s-a~=0.832"
"PronTokAlign",792.075,792.265,"l-e-z=0.448"
"PronTokAlign",792.265,792.711563,"e-k-O/-l=0.407"
"PronTokAlign",792.711563,795.327188,"#=0.0"
"PronTokAlign",795.327188,795.4971879999999,"A/"
"PronTokAlign",795.4971879999999,795.667188,"n-a~=0.328"
"PronTokAlign",795.667188,795.817188,"u-i=0.798"
"PronTokAlign",795.817188,795.897188,"S=0.614"
"PronTokAlign",795.897188,795.987188,"s-y-i=0.93"
"PronTokAlign",795.987188,796.307188,"d-A/-k-O/-R"
"PronTokAlign",796.307188,796.397188,"m-E=0.342"
"PronTokAlign",796.397188,796.537188,"s-a~=0.756"
"PronTokAlign",796.537188,796.717188,"l-E-z=0.337"
"PronTokAlign",796.717188,797.048438,"e-k-O/-l=0.507"
"PronTokAlign",797.048438,797.650267,"#=0.0"
"PronTokAlign",797.650267,797.943593,"w-E"
"PronTokAlign",797.943593,803.781563,"#=0.0"
"PronTokAlign",803.781563,804.25,"u-i=0.682"
"PronTokAlign",804.25,804.865,"#=0.0"
"PronTokAlign",804.865,804.975,"O~=0.639"
"PronTokAlign",804.975,805.095,"p-@=0.887"
"PronTokAlign",805.095,805.125,"l=0.875"
"PronTokAlign",805.125,805.415,"f-E-R-@=0.607"
"PronTokAlign",805.415,805.5550000000001,"m-E=0.407"
"PronTokAlign",805.5550000000001,805.665,"O~=0.637"
"PronTokAlign",805.665,805.785,"p-@=0.857"
"PronTokAlign",805.785,805.815,"l=0.869"
"PronTokAlign",805.815,805.995,"f-E-R=0.7"
"PronTokAlign",805.995,806.095,"a~"
"PronTokAlign",806.095,806.285,"p-l-E-n=0.801"
"PronTokAlign",806.285,806.705,"s-@-m-E-n=0.485"
"PronTokAlign",806.705,806.965,"#"
"PronTokAlign",806.965,807.235,"e=0.892"
"PronTokAlign",807.235,807.535,"#"
"PronTokAlign",807.535,807.725,"w-E"
"PronTokAlign",807.725,807.915938,"m-E=0.326"
"PronTokAlign",807.915938,809.485,"#=0.0"
"PronTokAlign",809.485,809.635,"n-a~=0.488"
"PronTokAlign",809.635,809.715,"m=0.357"
"PronTokAlign",809.715,809.865,"U~/=0.656"
"PronTokAlign",809.865,810.025,"Z-u-R"
"PronTokAlign",810.025,810.095,"d=0.853"
"PronTokAlign",810.095,810.315,"e-k-O/-l=0.384"
"PronTokAlign",810.315,810.445,"O~=0.656"
"PronTokAlign",810.445,810.535,"p-@=0.745"
"PronTokAlign",810.535,810.565,"l=0.645"
"PronTokAlign",810.565,810.885938,"f-E-R=0.842"
"PronTokAlign",810.885938,814.935938,"#=0.0"
"PronTokAlign",814.935938,814.9759379999999,"m=0.621"
"PronTokAlign",814.9759379999999,815.3459379999999,"p-u-R-k-w-A/"
"PronTokAlign",815.3459379999999,815.5859379999999,"#"
"PronTokAlign",815.5859379999999,815.785938,"p-u-R-k-w-A/"
"PronTokAlign",815.785938,815.815938,"O~=0.81"
"PronTokAlign",815.815938,815.8559379999999,"l=0.812"
"PronTokAlign",815.8559379999999,816.2259379999999,"f-E-t-@=0.458"
"PronTokAlign",816.2259379999999,816.36,"p-A/=0.611"
"PronTokAlign",816.36,816.78,"#=0.0"
"PronTokAlign",816.78,817.0,"p-u-R-k-w-A/"
"PronTokAlign",817.0,817.03,"O~=0.943"
"PronTokAlign",817.03,817.06,"l=0.919"
"PronTokAlign",817.06,817.63,"f-E-t-@=0.403"
"PronTokAlign",817.63,817.8199999999999,"p-A/=0.831"
"PronTokAlign",817.8199999999999,817.9399999999999,"#"
"PronTokAlign",817.9399999999999,818.0799999999999,"U~/-n=0.522"
"PronTokAlign",818.0799999999999,818.23,"Z-u-R"
"PronTokAlign",818.23,818.4,"d-@=0.414"
"PronTokAlign",818.4,818.63,"U~/-n=0.509"
"PronTokAlign",818.63,818.8,"Z-u-R"
"PronTokAlign",818.8,818.93,"d-@=0.791"
"PronTokAlign",818.93,819.3299999999999,"s-@-m-E-n=0.594"
"PronTokAlign",819.3299999999999,819.5699999999999,"#"
"PronTokAlign",819.5699999999999,819.61,"U~/=0.642"
"PronTokAlign",819.61,819.81,"Z-u-R"
"PronTokAlign",819.81,819.85,"d=0.858"
"PronTokAlign",819.85,820.1999999999999,"e-k-O/-l-@=0.367"
"PronTokAlign",820.1999999999999,820.41,"l-e-z=0.572"
"PronTokAlign",820.41,820.66,"e-k-O/-l=0.604"
"PronTokAlign",820.66,820.78,"d-@=0.552"
"PronTokAlign",820.78,820.89,"l-A/"
"PronTokAlign",820.89,821.2099999999999,"R-E-Z-j-O~=0.503"
"PronTokAlign",821.2099999999999,821.7099999999999,"p-u-R-O~=0.577"
"PronTokAlign",821.7099999999999,822.03,"p-u-R-O~=0.652"
"PronTokAlign",822.03,822.3,"v-@-n-i-R=0.59"
"PronTokAlign",822.3,822.38,"i=0.483"
"PronTokAlign",822.38,822.49,"s"
"PronTokAlign",822.49,823.015,"O/-R-g-A/-n-i-z-2-t=0.705"
"PronTokAlign",823.015,823.46,"#=0.0"
"PronTokAlign",823.46,824.082188,"v-a~-d-R-2-d-i"
"PronTokAlign",824.082188,832.266563,"#=0.0"
"PronTokAlign",832.266563,832.401563,"m=0.0"
"PronTokAlign",832.401563,833.414063,"#=0.0"
"PronTokAlign",833.414063,833.464063,"S=0.453"
"PronTokAlign",833.464063,833.794063,"p-a~-s=0.849"
"PronTokAlign",833.794063,833.934063,"k-@=0.706"
"PronTokAlign",833.934063,834.174063,"Z-y-s=0.63"
"PronTokAlign",834.174063,834.2440630000001,"l-@=0.507"
"PronTokAlign",834.2440630000001,834.684063,"v-a~-d-R-2-d-i"
"PronTokAlign",834.684063,835.0240630000001,"A/-v-a~-k"
"PronTokAlign",835.0240630000001,835.054063,"i=0.764"
"PronTokAlign",835.054063,835.1440630000001,"s=0.829"
"PronTokAlign",835.1440630000001,835.3940630000001,"R-2-t-R-u-v=0.95"
"PronTokAlign",835.3940630000001,835.6140630000001,"t-u-l=0.466"
"PronTokAlign",835.6140630000001,835.944063,"w-i-k-E-n-d"
"PronTokAlign",835.944063,836.2740630000001,"p-2-t-E-t-R=0.843"
"PronTokAlign",836.2740630000001,836.424063,"p-u-R"
"PronTokAlign",836.424063,836.6440630000001,"v-w-A/-R"
"PronTokAlign",836.6440630000001,836.674063,"l"
"PronTokAlign",836.674063,837.185,"U~/-p-A/-k-t"
"PronTokAlign",837.185,837.3,"#=0.0"
"PronTokAlign",837.3,837.49,"l=0.368"
"PronTokAlign",837.49,837.75,"a~-f-a~"
"PronTokAlign",837.75,837.8499999999999,"i-l=0.586"
"PronTokAlign",837.8499999999999,838.01,"R-a~-t-R=0.758"
"PronTokAlign",838.01,838.2099999999999,"S-e=0.627"
"PronTokAlign",838.2099999999999,838.49,"l-H-i=0.661"
"PronTokAlign",838.49,838.75,"#=0.0"
"PronTokAlign",838.75,838.85,"i-l=0.56"
"PronTokAlign",838.85,838.91,"A/"
"PronTokAlign",838.91,839.02,"k"
"PronTokAlign",839.02,839.1,"y-n=0.522"
"PronTokAlign",839.1,839.3,"a~-v-i"
"PronTokAlign",839.3,839.61,"d-a~=0.689"
"PronTokAlign",839.61,839.64,"l=0.446"
"PronTokAlign",839.64,840.09,"w-i-k-E-n-d"
"PronTokAlign",840.09,840.33,"#"
"PronTokAlign",840.33,840.74,"s-e"
"PronTokAlign",840.74,841.17,"#"
"PronTokAlign",841.17,841.75,"E-t-R-@=0.718"
"PronTokAlign",841.75,841.94,"s-y-R"
"PronTokAlign",841.94,842.0,"l-@=0.338"
"PronTokAlign",842.0,842.12,"R-E-z-O/=0.428"
"PronTokAlign",842.12,842.16,"e=0.52"
"PronTokAlign",842.16,842.53,"p-2-t-E-t-R=0.85"
"PronTokAlign",842.53,842.58,"d=0.738"
"PronTokAlign",842.58,842.68,"a~"
"PronTokAlign",842.68,842.87,"p-A/-R-l-e=0.854"
"PronTokAlign",842.87,843.03,"A/-v-E-k"
"PronTokAlign",843.03,843.16,"s-e=0.428"
"PronTokAlign",843.16,843.88,"p-A/-R-a~-z=0.949"
"PronTokAlign",843.88,843.92,"E=0.553"
"PronTokAlign",843.92,843.977813,"t=0.49"
"PronTokAlign",843.977813,856.918396,"#=0.0"
"PronTokAlign",856.918396,857.3883960000001,"O/-k-e=0.576"
"PronTokAlign",857.3883960000001,857.718396,"d-O~-k=0.838"
"PronTokAlign",857.718396,858.146699,"e-k-u-t-@=0.54"
"PronTokAlign",858.146699,878.505,"#=0.0"
"PronTokAlign",878.505,879.285,"v-l-A/=0.811"
"PronTokAlign",879.285,879.365,"w-E"
"PronTokAlign",879.365,879.585,"Z-@=0.771"
"PronTokAlign",879.585,879.975,"Z-2-d-i"
"PronTokAlign",879.975,880.115,"m-w-A/"
"PronTokAlign",880.115,880.235,"s=0.65"
"PronTokAlign",880.235,880.265,"m=0.723"
"PronTokAlign",880.265,880.685,"v-A/"
"PronTokAlign",880.685,881.195,"Z-2-d-i"
"PronTokAlign",881.195,881.3149999999999,"s-A/=0.591"
"PronTokAlign",881.3149999999999,881.5649999999999,"m-@=0.599"
"PronTokAlign",881.5649999999999,881.666721,"v-A/"
"PronTokAlign",881.666721,883.023354,"#=0.0"
"PronTokAlign",883.023354,883.333354,"Z-2-d-i"
"PronTokAlign",883.333354,883.830001,"s-A/"
"PronTokAlign",883.830001,889.759688,"#=0.0"
"PronTokAlign",889.759688,889.8196879999999,"O~=0.54"
"PronTokAlign",889.8196879999999,890.0696879999999,"p-@=0.487"
"PronTokAlign",890.0696879999999,890.259688,"f-E-R=0.763"
"PronTokAlign",890.259688,890.5596879999999,"d-e-b-y=0.527"
"PronTokAlign",890.5596879999999,890.639688,"d=0.51"
"PronTokAlign",890.639688,890.669688,"l"
"PronTokAlign",890.669688,891.039688,"anon"
"PronTokAlign",891.039688,891.1896879999999,"t=0.512"
"PronTokAlign",891.1896879999999,891.3196879999999,"v-w-A/=0.724"
"PronTokAlign",891.3196879999999,891.509688,"Z-a~-R=0.772"
"PronTokAlign",891.509688,891.759688,"d-E-b-y=0.547"
"PronTokAlign",891.759688,891.8196879999999,"t=0.378"
"PronTokAlign",891.8196879999999,891.849688,"l"
"PronTokAlign",891.849688,892.0696879999999,"anon"
"PronTokAlign",892.0696879999999,892.289688,"p-s-k=0.57"
"PronTokAlign",892.289688,892.449688,"s-e"
"PronTokAlign",892.449688,892.539688,"l-A/"
"PronTokAlign",892.539688,892.789688,"p-E-R-j-O/-d=0.559"
"PronTokAlign",892.789688,892.919688,"d-E=0.333"
"PronTokAlign",892.919688,893.65,"R-E-z-O/-l-y-s-j-O~-z=0.996"
"PronTokAlign",893.65,894.261407,"#=0.0"
"PronTokAlign",894.261407,894.4114069999999,"w-E"
"PronTokAlign",894.4114069999999,894.841407,"v-w-A/-l-A/=0.551"
"PronTokAlign",894.841407,894.9314069999999,"t=0.373"
"PronTokAlign",894.9314069999999,895.331407,"v-w-A/=0.79"
"PronTokAlign",895.331407,895.5514069999999,"#"
"PronTokAlign",895.5514069999999,895.741407,"w-E"
"PronTokAlign",895.741407,895.851407,"l-A/"
"PronTokAlign",895.851407,896.121407,"p-E-R-j-O/-d=0.626"
"PronTokAlign",896.121407,896.241407,"d-e=0.372"
"PronTokAlign",896.241407,896.841407,"R-E-z-O/-l-y-s-j-O~=0.693"
"PronTokAlign",896.841407,897.1614069999999,"p-2-t-E-t-R=0.876"
"PronTokAlign",897.1614069999999,897.251407,"O~=0.582"
"PronTokAlign",897.251407,897.351407,"p-@=0.804"
"PronTokAlign",897.351407,897.741407,"e-s-e-j-e=0.484"
"PronTokAlign",897.741407,897.780806,"t=0.443"
"PronTokAlign",897.780806,898.440789,"#=0.0"
"PronTokAlign",898.440789,898.740789,"O/-k-e=0.713"
"PronTokAlign",898.740789,898.807447,"w-E"
"PronTokAlign",898.807447,899.284101,"#=0.0"
"PronTokAlign",899.284101,899.654101,"s-e"
"PronTokAlign",899.654101,899.8341009999999,"l-A/"
"PronTokAlign",899.8341009999999,900.512404,"s-e"
"PronTokAlign",900.512404,902.070699,"#=0.0"
"PronTokAlign",902.070699,902.520699,"b-U~/=0.998"
"PronTokAlign",902.520699,902.610699,"w-E"
"PronTokAlign",902.610699,904.252311,"noise"
"PronTokAlign",904.252311,909.891562,"#=0.0"
"PronTokAlign",909.891562,910.061562,"s-e"
"PronTokAlign",910.061562,910.301562,"s-A/=0.998"
"PronTokAlign",910.301562,910.471562,"s-e"
"PronTokAlign",910.471562,910.991562,"e-g-z-A/-k-t-2-m-a~=0.505"
"PronTokAlign",910.991562,911.131562,"s-e"
"PronTokAlign",911.131562,911.301562,"l-@=0.73"
"PronTokAlign",911.301562,911.481562,"s-e"
"PronTokAlign",911.481562,911.741562,"p-i-l-@=0.535"
"PronTokAlign",911.741562,911.811562,"l-@=0.452"
"PronTokAlign",911.811562,912.203437,"m-O/-m-a~"
"PronTokAlign",912.203437,913.317188,"#=0.0"
"PronTokAlign",913.317188,913.457188,"s-e"
"PronTokAlign",913.457188,913.747188,"p-A/-R-f-E=0.446"
"PronTokAlign",913.747188,914.707188,"#"
"PronTokAlign",914.707188,914.757188,"m"
"PronTokAlign",914.757188,914.877188,"w-E"
"PronTokAlign",914.877188,915.147188,"s-e"
"PronTokAlign",915.147188,915.45,"s-A/=0.936"
"PronTokAlign",915.45,920.590312,"#=0.0"
"PronTokAlign",920.590312,920.927812,"d-O~-k=0.715"
"PronTokAlign",920.927812,931.424062,"#=0.0"
"PronTokAlign",931.424062,931.624062,"O/-k-e=0.51"
"PronTokAlign",931.624062,931.724062,"S=0.661"
"PronTokAlign",931.724062,932.074062,"p-2-z=0.881"
"PronTokAlign",932.074062,932.134062,"v-u=0.804"
"PronTokAlign",932.134062,932.284062,"d-i-R=0.713"
"PronTokAlign",932.284062,932.864062,"k-E-l-k-S-O/-z=0.42"
"PronTokAlign",932.864062,932.964062,"S=0.638"
"PronTokAlign",932.964062,933.224062,"p-a~-s=0.798"
"PronTokAlign",933.224062,933.344062,"k-@=0.689"
"PronTokAlign",933.344062,933.604062,"d-a~-z=0.805"
"PronTokAlign",933.604062,933.744062,"y-n-@=0.52"
"PronTokAlign",933.744062,934.074062,"R-E-y-n-j-O~=0.533"
"PronTokAlign",934.074062,934.124062,"d=0.568"
"PronTokAlign",934.124062,934.534062,"p-R-E-v-a~-s-j-O~"
"PronTokAlign",934.534062,934.564062,"#"
"PronTokAlign",934.564062,934.654062,"S=0.545"
"PronTokAlign",934.654062,934.804062,"p-a~-s=0.789"
"PronTokAlign",934.804062,934.954062,"p-A/=0.827"
"PronTokAlign",934.954062,935.074062,"k=0.628"
"PronTokAlign",935.074062,935.67,"y-n-@=0.755"
"PronTokAlign",935.67,935.82,"#=0.0"
"PronTokAlign",935.82,935.98,"y-n=0.651"
"PronTokAlign",935.98,936.66,"p-E-R-s-O/-n-A/-l-i-t-e"
"PronTokAlign",936.66,936.86,"t-R-O/=0.651"
"PronTokAlign",936.86,937.225,"k-O/-n-y"
"PronTokAlign",937.225,937.84,"#=0.0"
"PronTokAlign",937.84,938.03,"E=0.359"
"PronTokAlign",938.03,938.29,"s-w-A/=0.808"
"PronTokAlign",938.29,938.98,"n-e-s-e-s-E-R=0.512"
"PronTokAlign",938.98,939.2,"d-Z-A/=0.497"
"PronTokAlign",939.2,939.26,"O/"
"PronTokAlign",939.26,939.5,"n-i-v-O/"
"PronTokAlign",939.5,939.67,"d-y=0.744"
"PronTokAlign",939.67,939.94,"k-u"
"PronTokAlign",939.94,939.97,"e=0.51"
"PronTokAlign",939.97,940.0,"Z=0.489"
"PronTokAlign",940.0,940.58,"p-a~-s=0.786"
"PronTokAlign",940.58,940.68,"k-@=0.69"
"PronTokAlign",940.68,940.83,"s-e"
"PronTokAlign",940.83,941.11,"p-l-y-z=0.587"
"PronTokAlign",941.11,941.22,"d-e=0.426"
"PronTokAlign",941.22,941.91,"t-e-m-w-A/-n-j-A/-Z=0.621"
"PronTokAlign",941.91,941.95,"e=0.537"
"PronTokAlign",941.95,942.12,"Z=0.428"
"PronTokAlign",942.12,942.31,"d-i-R-e=0.398"
"PronTokAlign",942.31,942.4,"d=0.459"
"PronTokAlign",942.4,942.93,"#"
"PronTokAlign",942.93,943.24,"p-A/-R-e-g-z-a~-p-l=0.335"
"PronTokAlign",943.24,943.46,"f-E-R=0.644"
"PronTokAlign",943.46,943.74,"v-@-n-i-R=0.672"
"PronTokAlign",943.74,943.9,"U~/=0.607"
"PronTokAlign",943.9,944.53,"d-O/-k-t-9-R"
"PronTokAlign",944.53,945.02,"E-t-s-E-t-E-R-A/"
"PronTokAlign",945.02,945.11,"u"
"PronTokAlign",945.11,945.31,"f-E-R=0.682"
"PronTokAlign",945.31,945.52,"v-n-i-R=0.521"
"PronTokAlign",945.52,945.67,"y-n-@=0.509"
"PronTokAlign",945.67,946.2,"v-i-k-t-i-m=0.589"
"PronTokAlign",946.2,946.75,"#"
"PronTokAlign",946.75,946.84,"d-E=0.291"
"PronTokAlign",946.84,947.11,"R-e-z-O/=0.49"
"PronTokAlign",947.11,947.22,"u"
"PronTokAlign",947.22,947.43,"f-E-R=0.63"
"PronTokAlign",947.43,947.72,"v-@-n-i-R=0.565"
"PronTokAlign",947.72,947.8,"Z=0.457"
"PronTokAlign",947.8,947.95,"s-e=0.312"
"PronTokAlign",947.95,948.09,"p-A/=0.83"
"PronTokAlign",948.09,948.18,"d-e=0.336"
"PronTokAlign",948.18,948.82,"s-p-e-s-j-A/-l-i-s-t=0.572"
"PronTokAlign",948.82,948.96,"m-e=0.42"
"PronTokAlign",948.96,949.03,"S=0.614"
"PronTokAlign",949.03,949.27,"p-a~-s=0.819"
"PronTokAlign",949.27,949.37,"k-@=0.627"
"PronTokAlign",949.37,949.56,"s-A/=0.954"
"PronTokAlign",949.56,949.74,"s=0.805"
"PronTokAlign",949.74,949.88,"s-R-A/=0.857"
"PronTokAlign",949.88,950.11,"p-l-y-z=0.542"
"PronTokAlign",950.11,950.77,"U~/-p-O/-R-t-a~-t=0.547"
"PronTokAlign",950.77,950.93,"k"
"PronTokAlign",950.93,951.2,"A/-v-w-A/-R"
"PronTokAlign",951.2,951.27,"y-n=0.778"
"PronTokAlign",951.27,951.81,"p-E-R-s-O/-n-A/-l-i-t-e"
"PronTokAlign",951.81,951.84,"d=0.483"
"PronTokAlign",951.84,952.09,"k-O/-n-y"
"PronTokAlign",952.09,952.3,"f-E-R=0.634"
"PronTokAlign",952.3,952.64,"v-@-n-i-R=0.738"
"PronTokAlign",952.64,952.71,"U~/=0.788"
"PronTokAlign",952.71,952.99,"m-A/-R=0.598"
"PronTokAlign",952.99,953.3,"z-y-k=0.616"
"PronTokAlign",953.3,953.79,"#"
"PronTokAlign",953.79,954.5,"z-y-k-E-R-b-E-R-g=0.545"
"PronTokAlign",954.5,954.78,"k-O/-m=0.67"
"PronTokAlign",954.78,954.85,"E=0.542"
"PronTokAlign",954.85,955.0,"n-u-z=0.834"
"PronTokAlign",955.0,955.07,"A/"
"PronTokAlign",955.07,955.7,"d-i-t=0.73"
"PronTokAlign",955.7,956.2,"#"
"PronTokAlign",956.2,956.44,"m-e=0.689"
"PronTokAlign",956.44,956.56,"n-a~=0.46"
"PronTokAlign",956.56,956.65,"m=0.306"
"PronTokAlign",956.65,957.13,"s-e"
"PronTokAlign",957.13,957.55,"anon"
"PronTokAlign",957.55,957.72,"Z-@=0.637"
"PronTokAlign",957.72,957.92,"s-e=0.428"
"PronTokAlign",957.92,957.98,"k=0.599"
"PronTokAlign",957.98,958.08,"t-y=0.434"
"PronTokAlign",958.08,958.27,"d-i-z-E=0.526"
"PronTokAlign",958.27,958.38,"p-A/=0.616"
"PronTokAlign",958.38,958.55,"s-A/=0.727"
"PronTokAlign",958.55,959.1,"#"
"PronTokAlign",959.1,959.31,"s-t-e=0.418"
"PronTokAlign",959.31,959.54,"Z-y-s=0.623"
"PronTokAlign",959.54,959.65,"U~/-n=0.677"
"PronTokAlign",959.65,960.04,"E-g-z-a~-p-l=0.59"
"PronTokAlign",960.04,960.98,"#"
"PronTokAlign",960.98,961.326563,"v-w-A/-l-A/=0.714"
"PronTokAlign",961.326563,966.926937,"#=0.0"
"PronTokAlign",966.926937,967.126937,"w-E"
"PronTokAlign",967.126937,968.136937,"l-A/"
"PronTokAlign",968.136937,968.466899,"n-O~-n=0.464"
"PronTokAlign",968.466899,969.696563,"#=0.0"
"PronTokAlign",969.696563,969.856563,"s-e"
"PronTokAlign",969.856563,969.936563,"l-A/"
"PronTokAlign",969.936563,970.405313,"p-R-E-v-a~-s-j-O~"
"PronTokAlign",970.405313,973.020937,"#=0.0"
"PronTokAlign",973.020937,973.230937,"s-e"
"PronTokAlign",973.230937,973.510937,"s-A/=0.996"
"PronTokAlign",973.510937,973.550937,"Z=0.417"
"PronTokAlign",973.550937,973.610937,"S=0.465"
"PronTokAlign",973.610937,973.800937,"p-a~-s=0.523"
"PronTokAlign",973.800937,973.890937,"k-@=0.661"
"PronTokAlign",973.890937,974.050937,"t-u=0.698"
"PronTokAlign",974.050937,974.790937,"s-p-E-s-j-A/-l-i-s-t=0.462"
"PronTokAlign",974.790937,974.860937,"i-l=0.508"
"PronTokAlign",974.860937,974.890937,"n"
"PronTokAlign",974.890937,974.920937,"j=0.486"
"PronTokAlign",974.920937,974.950937,"A/"
"PronTokAlign",974.950937,975.040937,"p-A/=0.859"
"PronTokAlign",975.040937,975.110937,"U~/=0.577"
"PronTokAlign",975.110937,975.420937,"d-2-g-R-e"
"PronTokAlign",975.420937,975.540937,"d-@=0.686"
"PronTokAlign",975.540937,976.110937,"s-p-e-s-j-A/-l-i-s-t=0.571"
"PronTokAlign",976.110937,976.190937,"k-i=0.585"
"PronTokAlign",976.190937,976.440937,"s-R-A/=0.832"
"PronTokAlign",976.440937,977.120937,"m-j-2-z"
"PronTokAlign",977.120937,977.350937,"v-l-A/=0.7"
"PronTokAlign",977.350937,977.420937,"Z=0.452"
"PronTokAlign",977.420937,977.610937,"p-a~-s=0.807"
"PronTokAlign",977.610937,977.660937,"k=0.54"
"PronTokAlign",977.660937,977.980937,"n-U~/-p-O/-R-t=0.337"
"PronTokAlign",977.980937,978.100937,"k-E-l"
"PronTokAlign",978.100937,978.650937,"s-p-e-s-j-A/-l-i-s-t=0.588"
"PronTokAlign",978.650937,978.790937,"e=0.539"
"PronTokAlign",978.790937,978.880937,"A/-p-t=0.721"
"PronTokAlign",978.880937,978.970937,"A/"
"PronTokAlign",978.970937,979.200937,"p-A/-R-l-e=0.639"
"PronTokAlign",979.200937,979.430937,"A/"
"PronTokAlign",979.430937,979.590937,"d-e-z=0.375"
"PronTokAlign",979.590937,979.880937,"a~-f-a~=0.809"
"PronTokAlign",979.880937,980.060937,"s-y-R"
"PronTokAlign",980.060937,980.170937,"l-e=0.392"
"PronTokAlign",980.170937,980.530937,"d-a~-Z-e=0.75"
"PronTokAlign",980.530937,980.560937,"t=0.468"
"PronTokAlign",980.560937,980.910937,"#"
"PronTokAlign",980.910937,981.360937,"fp"
"PronTokAlign",981.360937,981.410937,"d=0.712"
"PronTokAlign",981.410937,981.870937,"t-E-l-E-f-O/-n=0.511"
"PronTokAlign",981.870937,982.620937,"#"
"PronTokAlign",982.620937,982.660937,"e=0.558"
"PronTokAlign",982.660937,982.710937,"S=0.595"
"PronTokAlign",982.710937,982.960937,"p-a~-s=0.722"
"PronTokAlign",982.960937,983.080937,"k-@=0.536"
"PronTokAlign",983.080937,983.140937,"w-E"
"PronTokAlign",983.140937,983.240937,"O~=0.591"
"PronTokAlign",983.240937,983.430937,"p-u-R-E=0.592"
"PronTokAlign",983.430937,983.760937,"m-E-m=0.547"
"PronTokAlign",983.760937,984.050937,"m-i-z-e=0.841"
"PronTokAlign",984.050937,984.230937,"s-y-R"
"PronTokAlign",984.230937,984.450937,"s-E-t=0.74"
"PronTokAlign",984.450937,984.660937,"t-u-S=0.558"
"PronTokAlign",984.660937,984.980937,"A/-v-E-k"
"PronTokAlign",984.980937,985.200937,"m-w-A/"
"PronTokAlign",985.200937,985.530937,"Z-@=0.504"
"PronTokAlign",985.530937,985.810937,"v-R-E-m-a~=0.506"
"PronTokAlign",985.810937,985.870937,"S=0.581"
"PronTokAlign",985.870937,986.060937,"p-a~-s=0.91"
"PronTokAlign",986.060937,986.110937,"k=0.521"
"PronTokAlign",986.110937,986.220937,"l-e=0.393"
"PronTokAlign",986.220937,986.790937,"t-e-m-w-A/-n-j-A/-Z=0.541"
"PronTokAlign",986.790937,986.920937,"m-w-A/"
"PronTokAlign",986.920937,987.040937,"k-a~=0.658"
"PronTokAlign",987.040937,987.070937,"Z=0.602"
"PronTokAlign",987.070937,987.290937,"e-t-e=0.318"
"PronTokAlign",987.290937,987.490937,"p-l-y=0.629"
"PronTokAlign",987.490937,987.710937,"Z-9-n=0.754"
"PronTokAlign",987.710937,987.880937,"s-@=0.631"
"PronTokAlign",987.880937,988.100937,"s-O~=0.69"
"PronTokAlign",988.100937,988.190937,"l-@=0.279"
"PronTokAlign",988.190937,988.710937,"t-e-m-w-A/-n-j-A/-Z=0.689"
"PronTokAlign",988.710937,988.880937,"k-j=0.41"
"PronTokAlign",988.880937,989.140937,"m-@=0.833"
"PronTokAlign",989.140937,989.260937,"k=0.346"
"PronTokAlign",989.260937,989.330937,"m=0.585"
"PronTokAlign",989.330937,989.610937,"p-A/-R-l-E=0.601"
"PronTokAlign",989.610937,989.640937,"l=0.496"
"PronTokAlign",989.640937,990.040937,"p-l-y-s=0.665"
"PronTokAlign",990.040937,990.750937,"#"
"PronTokAlign",990.750937,990.780937,"e=0.635"
"PronTokAlign",990.780937,990.830937,"S=0.596"
"PronTokAlign",990.830937,991.030937,"p-a~-s=0.636"
"PronTokAlign",991.030937,991.080937,"k"
"PronTokAlign",991.080937,991.150937,"O~=0.587"
"PronTokAlign",991.150937,991.330937,"p-u-R-E=0.391"
"PronTokAlign",991.330937,991.500937,"Z-u-e=0.548"
"PronTokAlign",991.500937,991.700937,"s-E-t=0.83"
"PronTokAlign",991.700937,991.950937,"k-A/-R-t=0.786"
"PronTokAlign",991.950937,992.160937,"A/-p-R-E=0.319"
"PronTokAlign",992.160937,992.260937,"Z-@=0.579"
"PronTokAlign",992.260937,992.420937,"s-E=0.316"
"PronTokAlign",992.420937,992.640937,"p-A/=0.916"
"PronTokAlign",992.640937,992.890937,"fp"
"PronTokAlign",992.890937,993.4,"anon"
"PronTokAlign",993.4,994.44,"#=0.0"
"PronTokAlign",994.44,994.5,"t=0.721"
"PronTokAlign",994.5,994.54,"A/=0.651"
"PronTokAlign",994.54,994.74,"d-e-z=0.49"
"PronTokAlign",994.74,994.890937,"i-d-e=0.95"
"PronTokAlign",994.890937,1001.944687,"#=0.0"
"PronTokAlign",1001.944687,1002.194687,"U~/=0.508"
"PronTokAlign",1002.194687,1002.254687,"p-2"
"PronTokAlign",1002.254687,1002.99,"fp"
"PronTokAlign",1002.99,1004.001928,"#=0.0"
"PronTokAlign",1004.001928,1004.161928,"Z=0.664"
"PronTokAlign",1004.161928,1004.361928,"E-m-R-E=0.446"
"PronTokAlign",1004.361928,1004.591928,"b-j-U~/=0.643"
"PronTokAlign",1004.591928,1004.921928,"Z=0.423"
"PronTokAlign",1004.921928,1005.501928,"p-A/-R-l=0.568"
"PronTokAlign",1005.501928,1005.621928,"#"
"PronTokAlign",1005.621928,1005.701928,"O~=0.546"
"PronTokAlign",1005.701928,1005.881928,"p-u-R-E=0.354"
"PronTokAlign",1005.881928,1006.061928,"m-E-m=0.847"
"PronTokAlign",1006.061928,1006.571928,"f-E-R-@=0.884"
"PronTokAlign",1006.571928,1007.228514,"v-n-i-R=0.595"
"PronTokAlign",1007.228514,1007.723502,"#=0.0"
"PronTokAlign",1007.723502,1007.953502,"s-e"
"PronTokAlign",1007.953502,1008.255155,"s-A/=0.997"
"PronTokAlign",1008.255155,1014.255,"#=0.0"
"PronTokAlign",1014.255,1014.485,"s-@=0.624"
"PronTokAlign",1014.485,1015.325,"s-R-A/=0.674"
"PronTokAlign",1015.325,1015.495,"s-@=0.645"
"PronTokAlign",1015.495,1015.725,"s-R-A/=0.739"
"PronTokAlign",1015.725,1015.785,"y-n=0.673"
"PronTokAlign",1015.785,1016.945,"v-i-k-t-i-m-@=0.999"
"PronTokAlign",1016.945,1017.71,"e-R-i-k-A/"
"PronTokAlign",1017.71,1017.925,"#=0.0"
"PronTokAlign",1017.925,1017.995,"S=0.511"
"PronTokAlign",1017.995,1018.095,"E=0.824"
"PronTokAlign",1018.095,1018.395,"d-e-Z-A/=0.686"
"PronTokAlign",1018.395,1018.525,"p-R-i=0.738"
"PronTokAlign",1018.525,1018.605,"a~"
"PronTokAlign",1018.605,1019.015,"k-O~-t-A/-k-t=0.622"
"PronTokAlign",1019.015,1019.265,"A/-v-E-k"
"PronTokAlign",1019.265,1019.535,"E-l-@=0.64"
"PronTokAlign",1019.535,1020.156697,"#=0.0"
"PronTokAlign",1020.156697,1020.616697,"e-R-i-k-A/"
"PronTokAlign",1020.616697,1021.886697,"v-i-k-t-i-m-@=0.999"
"PronTokAlign",1021.886697,1022.186697,"d=0.708"
"PronTokAlign",1022.186697,1022.72,"A/-R-s-E-l-2-m-a~"
"PronTokAlign",1022.72,1023.69,"#=0.0"
"PronTokAlign",1023.69,1024.405,"s-E-k-s-j-E-l=0.57"
"PronTokAlign",1024.405,1025.0,"#=0.0"
"PronTokAlign",1025.0,1025.27,"v-j-A/"
"PronTokAlign",1025.27,1025.38,"l-@=0.349"
"PronTokAlign",1025.38,1025.6,"R-E-z-O/=0.488"
"PronTokAlign",1025.6,1026.008437,"s-O/-s-j-O/-z=0.692"
"PronTokAlign",1026.008437,1028.472188,"#=0.0"
"PronTokAlign",1028.472188,1028.782188,"v"
"PronTokAlign",1028.782188,1029.02,"k-w-A/"
"PronTokAlign",1029.02,1029.64,"#=0.0"
"PronTokAlign",1029.64,1029.74,"v-j-A/"
"PronTokAlign",1029.74,1029.85,"l-E=0.4"
"PronTokAlign",1029.85,1030.0200000000002,"R-E-z-O/=0.409"
"PronTokAlign",1030.0200000000002,1030.455,"s-O/-s-j-O/=0.563"
"PronTokAlign",1030.455,1065.255,"#=0.0"
"PronTokAlign",1065.255,1065.485,"p-s-k=0.79"
"PronTokAlign",1065.485,1065.525,"O~=0.636"
"PronTokAlign",1065.525,1065.585,"n"
"PronTokAlign",1065.585,1065.6450000000002,"e=0.394"
"PronTokAlign",1065.6450000000002,1065.785,"p-A/=0.647"
"PronTokAlign",1065.785,1065.8950000000002,"k-@=0.663"
"PronTokAlign",1065.8950000000002,1066.075,"s-y-R"
"PronTokAlign",1066.075,1066.1950000000002,"l-e=0.305"
"PronTokAlign",1066.1950000000002,1066.485,"R-e-z-O/=0.423"
"PronTokAlign",1066.485,1066.6850000000002,"O/-s-i"
"PronTokAlign",1066.6850000000002,1066.855,"f-O/=0.58"
"PronTokAlign",1066.855,1066.985,"p-A/=0.808"
"PronTokAlign",1066.985,1067.045,"l"
"PronTokAlign",1067.045,1067.4150000000002,"u-b-l-i-e-R=0.532"
"PronTokAlign",1067.4150000000002,1067.505,"O~-n=0.595"
"PronTokAlign",1067.505,1067.535,"E=0.238"
"PronTokAlign",1067.535,1067.6950000000002,"s-y-R"
"PronTokAlign",1067.6950000000002,1067.725,"l=0.609"
"PronTokAlign",1067.725,1068.1550000000002,"t-e-l-e-f-O/-n=0.753"
"PronTokAlign",1068.1550000000002,1068.4150000000002,"A/-v-E-k"
"PronTokAlign",1068.4150000000002,1068.535,"anon"
"PronTokAlign",1068.535,1068.6550000000002,"s-e"
"PronTokAlign",1068.6550000000002,1068.765,"s=0.512"
"PronTokAlign",1068.765,1068.8850000000002,"k-@=0.557"
"PronTokAlign",1068.8850000000002,1068.9550000000002,"Z=0.702"
"PronTokAlign",1068.9550000000002,1069.485,"A/-v-e=0.343"
"PronTokAlign",1069.485,1070.1450000000002,"z-A/-p-p-E=0.4"
"PronTokAlign",1070.1450000000002,1070.255,"O/-s-i"
"PronTokAlign",1070.255,1070.345,"d-O~=0.658"
"PronTokAlign",1070.345,1071.005,"m-E-d-2-s-U~/=0.635"
"PronTokAlign",1071.005,1071.485,"n-2-R-O/-l-O/-g=0.642"
"PronTokAlign",1071.485,1071.555,"w-E"
"PronTokAlign",1071.555,1072.585,"t-R-E=0.389"
"PronTokAlign",1072.585,1073.115,"b-j-U~/=0.877"
"PronTokAlign",1073.115,1073.1750000000002,"s-e"
"PronTokAlign",1073.1750000000002,1073.21,"s=0.598"
"PronTokAlign",1073.21,1074.015,"#=0.0"
"PronTokAlign",1074.015,1074.45,"e=0.0"
"PronTokAlign",1074.45,1074.775,"#=0.0"
"PronTokAlign",1074.775,1074.865,"e=0.717"
"PronTokAlign",1074.865,1074.9450000000002,"Z=0.626"
"PronTokAlign",1074.9450000000002,1074.995,"e=0.591"
"PronTokAlign",1074.995,1075.055,"E=0.702"
"PronTokAlign",1075.055,1075.085,"O/"
"PronTokAlign",1075.085,1075.755,"n-i-v-O/"
"PronTokAlign",1075.755,1075.795,"d=0.559"
"PronTokAlign",1075.795,1075.9050000000002,"l-A/"
"PronTokAlign",1075.9050000000002,1076.105,"p-A/-Z=0.63"
"PronTokAlign",1076.105,1076.725,"a~-v-i-R-O/-n-m-a~-t=0.57"
"PronTokAlign",1076.725,1076.92,"#=0.0"
"PronTokAlign",1076.92,1076.96,"Z=0.489"
"PronTokAlign",1076.96,1077.23,"p-R-E-f-E-R=0.675"
"PronTokAlign",1077.23,1077.61,"v-n-i-R=0.561"
"PronTokAlign",1077.61,1077.8200000000002,"l-e-z=0.576"
"PronTokAlign",1077.8200000000002,1078.24,"U~/-p-A/-k-t=0.751"
"PronTokAlign",1078.24,1078.48,"O/-s-i"
"PronTokAlign",1078.48,1079.11,"d-@=0.859"
"PronTokAlign",1079.11,1079.25,"d-@=0.436"
"PronTokAlign",1079.25,1079.35,"l-A/"
"PronTokAlign",1079.35,1079.9,"t-e-l-e-f-O/-n-i"
"PronTokAlign",1079.9,1080.0700000000002,"s-y-R"
"PronTokAlign",1080.0700000000002,1080.1,"l"
"PronTokAlign",1080.1,1080.554806,"a~-v-i-R-O/-n-m-a~=0.543"
"PronTokAlign",1080.554806,1088.361563,"#=0.0"
"PronTokAlign",1088.361563,1088.551563,"E=0.958"
"PronTokAlign",1088.551563,1088.651563,"t=0.43"
"PronTokAlign",1088.651563,1089.021563,"U~/-v-i-t-2-R-E=0.741"
"PronTokAlign",1089.021563,1089.171563,"k-i=0.438"
"PronTokAlign",1089.171563,1089.491563,"d-O/-t-R-@=0.573"
"PronTokAlign",1089.491563,1089.846563,"d-y-k-u"
"PronTokAlign",1089.846563,1091.805,"#=0.0"
"PronTokAlign",1091.805,1091.845,"m"
"PronTokAlign",1091.845,1091.925,"m=0.403"
"PronTokAlign",1091.925,1091.9550000000002,"t=0.526"
"PronTokAlign",1091.9550000000002,1092.495,"U~/-v-i-t-2-R-E=0.67"
"PronTokAlign",1092.495,1092.655,"k-i=0.404"
"PronTokAlign",1092.655,1092.6850000000002,"t"
"PronTokAlign",1092.6850000000002,1093.425,"U~/-v-i-t-2-R-E=0.645"
"PronTokAlign",1093.425,1093.595,"k-i=0.489"
"PronTokAlign",1093.595,1094.145,"d-O/-t-R-@=0.522"
"PronTokAlign",1094.145,1094.49,"d-y-k-u"
"PronTokAlign",1094.49,1127.198672,"#=0.0"
"PronTokAlign",1127.198672,1127.388672,"b-U~/=0.559"
"PronTokAlign",1127.388672,1127.528672,"n-a~=0.383"
"PronTokAlign",1127.528672,1127.558672,"O~=0.854"
"PronTokAlign",1127.558672,1127.588672,"n"
"PronTokAlign",1127.588672,1127.618672,"t=0.356"
"PronTokAlign",1127.618672,1127.888672,"p-A/-z=0.638"
"PronTokAlign",1127.888672,1128.118672,"O/-b-l-i-Z-e"
"PronTokAlign",1128.118672,1128.288672,"d-@=0.533"
"PronTokAlign",1128.288672,1128.348672,"E-t=0.519"
"PronTokAlign",1128.348672,1128.498672,"s-i=0.655"
"PronTokAlign",1128.498672,1128.908672,"p-R-e-s-i=0.465"
"PronTokAlign",1128.908672,1129.178672,"#"
"PronTokAlign",1129.178672,1129.218672,"A/"
"PronTokAlign",1129.218672,1129.288672,"s=0.742"
"PronTokAlign",1129.288672,1129.418672,"k-@=0.666"
"PronTokAlign",1129.418672,1129.468672,"Z=0.612"
"PronTokAlign",1129.468672,1129.528672,"e=0.598"
"PronTokAlign",1129.528672,1130.24934,"k-O~-p-R-i-z=0.635"
"PronTokAlign",1130.24934,1142.763283,"#=0.0"
"PronTokAlign",1142.763283,1144.003283,"fp"
"PronTokAlign",1144.003283,1144.043283,"m"
"PronTokAlign",1144.043283,1144.33991,"b-l-j-a~"
"PronTokAlign",1144.33991,1147.822997,"#=0.0"
"PronTokAlign",1147.822997,1147.992997,"e=0.554"
"PronTokAlign",1147.992997,1148.212997,"s-A/=0.535"
"PronTokAlign",1148.212997,1148.342997,"s"
"PronTokAlign",1148.342997,1149.902997,"E-k-R-i-A/-t=0.542"
"PronTokAlign",1149.902997,1150.042997,"b=0.559"
"PronTokAlign",1150.042997,1150.072997,"l=0.559"
"PronTokAlign",1150.072997,1150.102997,"i"
"PronTokAlign",1150.102997,1150.142997,"n=0.528"
"PronTokAlign",1150.142997,1150.352934,"b-l-j-a~"
"PronTokAlign",1150.352934,1161.041456,"#=0.0"
"PronTokAlign",1161.041456,1161.408114,"w-E"
"PronTokAlign",1161.408114,1162.178094,"#=0.0"
"PronTokAlign",1162.178094,1162.746414,"O/-k-E=0.779"
"PronTokAlign",1162.746414,1174.131129,"#=0.0"
"PronTokAlign",1174.131129,1174.809446,"O/-k-E=0.608"
"PronTokAlign",1174.809446,1183.296782,"#=0.0"
"PronTokAlign",1183.296782,1183.336782,"m"
"PronTokAlign",1183.336782,1183.946782,"O/-k-e=0.614"
"PronTokAlign",1183.946782,1184.236782,"b-O~-b-U~/"
"PronTokAlign",1184.236782,1184.4067819999998,"s-A/=0.735"
"PronTokAlign",1184.4067819999998,1184.556782,"s-e"
"PronTokAlign",1184.556782,1184.716782,"f-e=0.394"
"PronTokAlign",1184.716782,1184.816782,"b-E=0.496"
"PronTokAlign",1184.816782,1184.946782,"S=0.518"
"PronTokAlign",1184.946782,1185.036782,"s-y-i=0.85"
"PronTokAlign",1185.036782,1185.3667819999998,"k-O~-t-a~=0.682"
"PronTokAlign",1185.3667819999998,1186.3667819999998,"p-y-t-U~/"
"PronTokAlign",1186.3667819999998,1186.5967819999998,"#"
"PronTokAlign",1186.5967819999998,1186.8767819999998,"d-2-p-y-i=0.685"
"PronTokAlign",1186.8767819999998,1186.9067819999998,"l=0.64"
"PronTokAlign",1186.9067819999998,1187.1267819999998,"t-a~=0.704"
"PronTokAlign",1187.1267819999998,1187.196782,"k"
"PronTokAlign",1187.196782,1187.306782,"O~=0.564"
"PronTokAlign",1187.306782,1187.4067819999998,"a~"
"PronTokAlign",1187.4067819999998,1187.716782,"p-A/-R-l=0.755"
"PronTokAlign",1187.716782,1188.026664,"p-f-u=0.548"
"PronTokAlign",1188.026664,1190.666598,"#=0.0"
"PronTokAlign",1190.666598,1191.006598,"b-U~/=0.839"
"PronTokAlign",1191.006598,1191.146598,"s=0.634"
"PronTokAlign",1191.146598,1191.246598,"v-A/"
"PronTokAlign",1191.246598,1191.326598,"E-t=0.545"
"PronTokAlign",1191.326598,1191.416598,"l-A/"
"PronTokAlign",1191.416598,1191.576598,"m-i-z=0.733"
"PronTokAlign",1191.576598,1191.646598,"a~"
"PronTokAlign",1191.646598,1191.896598,"p-l-A/-s=0.783"
"PronTokAlign",1191.896598,1192.266598,"t-u-j-u-R=0.368"
"PronTokAlign",1192.266598,1192.406598,"U~/"
"PronTokAlign",1192.406598,1192.436598,"t=0.626"
"PronTokAlign",1192.436598,1192.746598,"s-e=0.364"
"PronTokAlign",1192.746598,1192.939875,"U~/"
"PronTokAlign",1192.939875,1193.973927,"#=0.0"
"PronTokAlign",1193.973927,1194.263927,"s-e"
"PronTokAlign",1194.263927,1194.473927,"m-E-t-R=0.737"
"PronTokAlign",1194.473927,1194.573927,"t-u=0.556"
"PronTokAlign",1194.573927,1194.693927,"s=0.736"
"PronTokAlign",1194.693927,1194.823927,"a~"
"PronTokAlign",1194.823927,1195.083927,"p-l-A/-s=0.828"
"PronTokAlign",1195.083927,1195.473927,"#"
"PronTokAlign",1195.473927,1195.553927,"s"
"PronTokAlign",1195.553927,1196.430532,"O/-R-g-A/-n-i-z-e-R=0.982"
"PronTokAlign",1196.430532,1197.009444,"#=0.0"
"PronTokAlign",1197.009444,1197.139444,"j=0.633"
"PronTokAlign",1197.139444,1197.369444,"O/-R-A/"
"PronTokAlign",1197.369444,1197.541097,"e=0.364"
"PronTokAlign",1197.541097,1202.637637,"#=0.0"
"PronTokAlign",1202.637637,1202.677637,"m"
"PronTokAlign",1202.677637,1202.737637,"n-O~=0.343"
"PronTokAlign",1202.737637,1203.437637,"#"
"PronTokAlign",1203.437637,1203.697637,"n-O~=0.428"
"PronTokAlign",1203.697637,1203.787637,"l-A/"
"PronTokAlign",1203.787637,1203.847637,"S=0.503"
"PronTokAlign",1203.847637,1204.157637,"p-a~-s-@=0.642"
"PronTokAlign",1204.157637,1204.207637,"k=0.505"
"PronTokAlign",1204.207637,1204.337637,"t-u-t=0.747"
"PronTokAlign",1204.337637,1204.407637,"e=0.442"
"PronTokAlign",1204.407637,1204.617637,"k-l-E-R"
"PronTokAlign",1204.617637,1204.707637,"O~=0.842"
"PronTokAlign",1204.707637,1204.847637,"s-e"
"PronTokAlign",1204.847637,1205.057637,"b-j-U~/=0.548"
"PronTokAlign",1205.057637,1205.387568,"a~-t-a~-d-y"
"PronTokAlign",1205.387568,1210.135783,"#=0.0"
"PronTokAlign",1210.135783,1210.195783,"S=0.48"
"PronTokAlign",1210.195783,1210.425783,"p-a~-s=0.825"
"PronTokAlign",1210.425783,1210.475783,"k"
"PronTokAlign",1210.475783,1210.5057829999998,"j=0.722"
"PronTokAlign",1210.5057829999998,1210.555783,"A/"
"PronTokAlign",1210.555783,1210.825783,"d-e-z=0.565"
"PronTokAlign",1210.825783,1211.075783,"e-Z-O/=0.472"
"PronTokAlign",1211.075783,1211.205783,"k=0.486"
"PronTokAlign",1211.205783,1211.445783,"d-2-v-R-E=0.505"
"PronTokAlign",1211.445783,1211.645783,"E-t-R=0.395"
"PronTokAlign",1211.645783,1211.775783,"m-i=0.609"
"PronTokAlign",1211.775783,1211.915783,"d-@=0.609"
"PronTokAlign",1211.915783,1212.2457829999998,"k-O/-t-e"
"PronTokAlign",1212.2457829999998,1212.4957829999998,"#"
"PronTokAlign",1212.4957829999998,1212.555783,"e=0.606"
"PronTokAlign",1212.555783,1212.655783,"k=0.616"
"PronTokAlign",1212.655783,1212.705783,"O~=0.703"
"PronTokAlign",1212.705783,1212.945783,"E-t-E=0.212"
"PronTokAlign",1212.945783,1213.295783,"v-i-t=0.689"
"PronTokAlign",1213.295783,1213.395783,"m-i=0.701"
"PronTokAlign",1213.395783,1213.525783,"d-@=0.68"
"PronTokAlign",1213.525783,1213.857356,"k-O/-t-e"
"PronTokAlign",1213.857356,1215.342319,"#=0.0"
"PronTokAlign",1215.342319,1215.672319,"U~/"
"PronTokAlign",1215.672319,1216.322319,"anon"
"PronTokAlign",1216.322319,1216.7623190000002,"#"
"PronTokAlign",1216.7623190000002,1217.032319,"n-O~-n=0.288"
"PronTokAlign",1217.032319,1217.083943,"m=0.312"
"PronTokAlign",1217.083943,1217.872256,"#=0.0"
"PronTokAlign",1217.872256,1218.0622560000002,"d-@=0.693"
"PronTokAlign",1218.0622560000002,1218.5022560000002,"A/-b-i-t-y-d=0.644"
"PronTokAlign",1218.5022560000002,1219.0322560000002,"fp"
"PronTokAlign",1219.0322560000002,1219.192256,"s-e"
"PronTokAlign",1219.192256,1219.2822560000002,"e-l=0.288"
"PronTokAlign",1219.2822560000002,1219.5122560000002,"e=0.299"
"PronTokAlign",1219.5122560000002,1219.672256,"p-l-y=0.503"
"PronTokAlign",1219.672256,1220.242256,"t-2-n-A/-s=0.525"
"PronTokAlign",1220.242256,1220.342256,"l-A/"
"PronTokAlign",1220.342256,1220.452256,"s-e"
"PronTokAlign",1220.452256,1220.5322560000002,"l-A/"
"PronTokAlign",1220.5322560000002,1220.692256,"f-U~/=0.534"
"PronTokAlign",1220.692256,1220.7722560000002,"d=0.551"
"PronTokAlign",1220.7722560000002,1221.2622560000002,"Z-u-R-n-e-@=0.75"
"PronTokAlign",1221.2622560000002,1221.382256,"O~=0.638"
"PronTokAlign",1221.382256,1221.592256,"d-2-v-R-E=0.548"
"PronTokAlign",1221.592256,1221.7722560000002,"f-E-R=0.591"
"PronTokAlign",1221.7722560000002,1221.902256,"l-@=0.479"
"PronTokAlign",1221.902256,1222.202256,"R-E-y-n-j-O~=0.779"
"PronTokAlign",1222.202256,1222.372256,"f-U~/=0.842"
"PronTokAlign",1222.372256,1222.462256,"d-@=0.469"
"PronTokAlign",1222.462256,1222.805,"Z-u-R-n-e-@=0.638"
"PronTokAlign",1222.805,1223.11,"#=0.0"
