"PhonAlign",0.0,2.605,"#"
"PhonAlign",2.605,2.985,"A/"
"PhonAlign",2.985,3.015,"l"
"PhonAlign",3.015,3.045,"R"
"PhonAlign",3.045,3.125,"b"
"PhonAlign",3.125,3.235,"O~"
"PhonAlign",3.235,3.285,"Z"
"PhonAlign",3.285,3.345,"u"
"PhonAlign",3.345,3.375,"R"
"PhonAlign",3.375,3.405,"E"
"PhonAlign",3.405,3.455,"b"
"PhonAlign",3.455,3.485,"j"
"PhonAlign",3.485,3.515,"U~/"
"PhonAlign",3.515,3.545,"v"
"PhonAlign",3.545,3.595,"2"
"PhonAlign",3.595,3.665,"n"
"PhonAlign",3.665,3.725,"y"
"PhonAlign",3.725,3.755,"A/"
"PhonAlign",3.755,3.875,"s"
"PhonAlign",3.875,3.925,"E"
"PhonAlign",3.925,4.115,"t"
"PhonAlign",4.115,4.365,"@"
"PhonAlign",4.365,4.484999999999999,"R"
"PhonAlign",4.484999999999999,4.575,"E"
"PhonAlign",4.575,4.605,"y"
"PhonAlign",4.605,4.635,"n"
"PhonAlign",4.635,4.6850000000000005,"j"
"PhonAlign",4.6850000000000005,4.805,"O~"
"PhonAlign",4.805,4.875,"d"
"PhonAlign",4.875,5.195,"@"
"PhonAlign",5.195,5.234999999999999,"l"
"PhonAlign",5.234999999999999,5.275,"A/"
"PhonAlign",5.275,5.375,"s"
"PhonAlign",5.375,5.404999999999999,"O/"
"PhonAlign",5.404999999999999,5.545,"s"
"PhonAlign",5.545,5.595000000000001,"A/"
"PhonAlign",5.595000000000001,5.765000000000001,"s"
"PhonAlign",5.765000000000001,5.795,"j"
"PhonAlign",5.795,6.145,"O~"
"PhonAlign",6.145,6.285,"s"
"PhonAlign",6.285,6.325,"i"
"PhonAlign",6.325,6.365,"n"
"PhonAlign",6.365,6.415,"e"
"PhonAlign",6.415,6.525,"f"
"PhonAlign",6.525,6.595000000000001,"i"
"PhonAlign",6.595000000000001,6.625,"l"
"PhonAlign",6.625,6.695,"d"
"PhonAlign",6.695,6.815,"E"
"PhonAlign",6.815,6.865,"k"
"PhonAlign",6.865,7.195,"s"
"PhonAlign",7.195,7.335000000000001,"s"
"PhonAlign",7.335000000000001,7.375,"i"
"PhonAlign",7.375,7.425000000000001,"n"
"PhonAlign",7.425000000000001,7.465,"e"
"PhonAlign",7.465,7.564999999999999,"f"
"PhonAlign",7.564999999999999,7.625,"E"
"PhonAlign",7.625,7.654999999999999,"O~"
"PhonAlign",7.654999999999999,7.805,"l"
"PhonAlign",7.805,7.914999999999999,"A/"
"PhonAlign",7.914999999999999,8.015,"p"
"PhonAlign",8.015,8.065,"E"
"PhonAlign",8.065,8.095,"l"
"PhonAlign",8.095,8.15,"@"
"PhonAlign",8.15,8.72,"#"
"PhonAlign",8.72,8.93,"laugh"
"PhonAlign",8.93,9.025,"#"
"PhonAlign",9.025,9.165,"A/"
"PhonAlign",9.165,9.215,"l"
"PhonAlign",9.215,9.465,"O/"
"PhonAlign",9.465,9.495,"R"
"PhonAlign",9.495,9.745,"z"
"PhonAlign",9.745,9.915,"fp"
"PhonAlign",9.915,10.08,"laugh"
"PhonAlign",10.08,10.17,"#"
"PhonAlign",10.17,10.21,"O/"
"PhonAlign",10.21,10.36,"Z"
"PhonAlign",10.36,10.39,"u"
"PhonAlign",10.39,10.5,"R"
"PhonAlign",10.5,10.56,"d"
"PhonAlign",10.56,10.59,"y"
"PhonAlign",10.59,10.64,"i"
"PhonAlign",10.64,10.67,"d"
"PhonAlign",10.67,10.81,"O~"
"PhonAlign",10.81,11.03,"l"
"PhonAlign",11.03,11.23,"@"
"PhonAlign",11.23,11.32,"b"
"PhonAlign",11.32,11.36,"y"
"PhonAlign",11.36,11.4,"d"
"PhonAlign",11.4,11.48,"n"
"PhonAlign",11.48,11.6,"O/"
"PhonAlign",11.6,11.66,"t"
"PhonAlign",11.66,11.74,"R"
"PhonAlign",11.74,11.94,"@"
"PhonAlign",11.94,11.97,"R"
"PhonAlign",11.97,12.02,"E"
"PhonAlign",12.02,12.05,"y"
"PhonAlign",12.05,12.08,"n"
"PhonAlign",12.08,12.11,"j"
"PhonAlign",12.11,12.17,"O~"
"PhonAlign",12.17,12.28,"s"
"PhonAlign",12.28,12.31,"e"
"PhonAlign",12.31,12.38,"d"
"PhonAlign",12.38,12.42,"e"
"PhonAlign",12.42,12.56,"s"
"PhonAlign",12.56,12.64,"E"
"PhonAlign",12.64,12.69,"j"
"PhonAlign",12.69,12.73,"e"
"PhonAlign",12.73,12.78,"d"
"PhonAlign",12.78,12.82,"t"
"PhonAlign",12.82,12.89,"R"
"PhonAlign",12.89,13.01,"u"
"PhonAlign",13.01,13.04,"v"
"PhonAlign",13.04,13.07,"e"
"PhonAlign",13.07,13.21,"U~/"
"PhonAlign",13.21,13.32,"Z"
"PhonAlign",13.32,13.46,"a~"
"PhonAlign",13.46,13.57,"R"
"PhonAlign",13.57,13.67,"p"
"PhonAlign",13.67,13.74,"u"
"PhonAlign",13.74,13.77,"R"
"PhonAlign",13.77,13.82,"n"
"PhonAlign",13.82,13.9,"O/"
"PhonAlign",13.9,13.99,"t"
"PhonAlign",13.99,14.11,"R"
"PhonAlign",14.11,14.29,"@"
"PhonAlign",14.29,15.115,"#"
"PhonAlign",15.115,15.155,"f"
"PhonAlign",15.155,15.205,"E"
"PhonAlign",15.205,15.235,"s"
"PhonAlign",15.235,15.265,"t"
"PhonAlign",15.265,15.295,"i"
"PhonAlign",15.295,15.365,"v"
"PhonAlign",15.365,15.395,"A/"
"PhonAlign",15.395,15.425,"l"
"PhonAlign",15.425,15.455,"t"
"PhonAlign",15.455,15.565,"f"
"PhonAlign",15.565,15.655,"i"
"PhonAlign",15.655,15.685,"l"
"PhonAlign",15.685,15.79,"m"
"PhonAlign",15.79,16.567461,"#"
"PhonAlign",16.567461,16.657461,"p"
"PhonAlign",16.657461,16.787461,"s"
"PhonAlign",16.787461,16.947461,"k"
"PhonAlign",16.947461,16.977461,"O~"
"PhonAlign",16.977461,17.197461,"s"
"PhonAlign",17.197461,17.247461,"E"
"PhonAlign",17.247461,17.277461000000002,"t"
"PhonAlign",17.277461000000002,17.307461,"u"
"PhonAlign",17.307461,17.337461,"k"
"PhonAlign",17.337461,17.397461,"j"
"PhonAlign",17.397461,17.427461,"A/"
"PhonAlign",17.427461,17.497461,"d"
"PhonAlign",17.497461,17.557461,"e"
"PhonAlign",17.557461,17.617461000000002,"Z"
"PhonAlign",17.617461000000002,17.677461,"a~"
"PhonAlign",17.677461,17.72004,"R"
"PhonAlign",17.72004,17.783443,"#"
"PhonAlign",17.783443,17.823442999999997,"s"
"PhonAlign",17.823442999999997,17.853443,"y"
"PhonAlign",17.853443,17.913442999999997,"p"
"PhonAlign",17.913442999999997,17.953443,"E"
"PhonAlign",17.953443,18.013443,"R"
"PhonAlign",18.013443,18.063443,"j"
"PhonAlign",18.063443,18.093443,"9"
"PhonAlign",18.093443,18.123443,"R"
"PhonAlign",18.123443,18.183443,"O/"
"PhonAlign",18.183443,18.333443,"z"
"PhonAlign",18.333443,18.363443,"O/"
"PhonAlign",18.363443,18.58,"t"
"PhonAlign",18.58,20.265,"laugh"
"PhonAlign",20.265,20.575,"laugh"
"PhonAlign",20.575,20.695,"d"
"PhonAlign",20.695,20.945,"O~"
"PhonAlign",20.945,21.055,"k"
"PhonAlign",21.055,21.15,"#"
"PhonAlign",21.15,22.0,"fp"
"PhonAlign",22.0,22.04,"d"
"PhonAlign",22.04,22.08,"O~"
"PhonAlign",22.08,22.17,"d"
"PhonAlign",22.17,22.24,"y"
"PhonAlign",22.24,22.37,"k"
"PhonAlign",22.37,22.44,"u"
"PhonAlign",22.44,22.47,"Z"
"PhonAlign",22.47,22.71,"@"
"PhonAlign",22.71,22.77,"v"
"PhonAlign",22.77,22.83,"u"
"PhonAlign",22.83,22.87,"p"
"PhonAlign",22.87,22.9,"R"
"PhonAlign",22.9,23.0,"O/"
"PhonAlign",23.0,23.04,"p"
"PhonAlign",23.04,23.13,"O/"
"PhonAlign",23.13,23.22,"z"
"PhonAlign",23.22,23.25,"d"
"PhonAlign",23.25,23.35,"@"
"PhonAlign",23.35,23.39,"p"
"PhonAlign",23.39,23.43,"R"
"PhonAlign",23.43,23.49,"E"
"PhonAlign",23.49,23.6,"p"
"PhonAlign",23.6,23.87,"A/"
"PhonAlign",23.87,23.9,"R"
"PhonAlign",23.9,23.93,"e"
"PhonAlign",23.93,24.03,"d"
"PhonAlign",24.03,24.46,"@"
"PhonAlign",24.46,24.51,"p"
"PhonAlign",24.51,24.58,"R"
"PhonAlign",24.58,24.64,"E"
"PhonAlign",24.64,24.73,"p"
"PhonAlign",24.73,24.83,"A/"
"PhonAlign",24.83,25.0,"R"
"PhonAlign",25.0,25.19,"e"
"PhonAlign",25.19,25.27,"a~"
"PhonAlign",25.27,25.32,"f"
"PhonAlign",25.32,25.35,"U~/"
"PhonAlign",25.35,25.38,"v"
"PhonAlign",25.38,25.41,"u"
"PhonAlign",25.41,25.49,"z"
"PhonAlign",25.49,25.52,"A/"
"PhonAlign",25.52,25.55,"v"
"PhonAlign",25.55,25.61,"e"
"PhonAlign",25.61,25.67,"p"
"PhonAlign",25.67,25.72,"R"
"PhonAlign",25.72,25.77,"E"
"PhonAlign",25.77,25.87,"p"
"PhonAlign",25.87,26.05,"A/"
"PhonAlign",26.05,26.11,"R"
"PhonAlign",26.11,26.16,"e"
"PhonAlign",26.16,26.21,"d"
"PhonAlign",26.21,26.25,"e"
"PhonAlign",26.25,26.3,"k"
"PhonAlign",26.3,26.34,"s"
"PhonAlign",26.34,26.42,"p"
"PhonAlign",26.42,26.48,"O/"
"PhonAlign",26.48,26.54,"z"
"PhonAlign",26.54,26.6,"e"
"PhonAlign",26.6,26.75,"s"
"PhonAlign",26.75,26.78,"y"
"PhonAlign",26.78,26.81,"R"
"PhonAlign",26.81,26.85,"v"
"PhonAlign",26.85,26.94,"O/"
"PhonAlign",26.94,27.02,"Z"
"PhonAlign",27.02,27.13,"a~"
"PhonAlign",27.13,27.16,"R"
"PhonAlign",27.16,27.22,"R"
"PhonAlign",27.22,27.26,"E"
"PhonAlign",27.26,27.33,"s"
"PhonAlign",27.33,27.4,"p"
"PhonAlign",27.4,27.44,"E"
"PhonAlign",27.44,27.48,"k"
"PhonAlign",27.48,27.6,"t"
"PhonAlign",27.6,27.7,"i"
"PhonAlign",27.7,27.86,"f"
"PhonAlign",27.86,27.89,"d"
"PhonAlign",27.89,27.92,"O~"
"PhonAlign",27.92,27.95,"Z"
"PhonAlign",27.95,27.98,"v"
"PhonAlign",27.98,28.01,"u"
"PhonAlign",28.01,28.19,"p"
"PhonAlign",28.19,28.23,"R"
"PhonAlign",28.23,28.27,"O/"
"PhonAlign",28.27,28.39,"p"
"PhonAlign",28.39,28.46,"O/"
"PhonAlign",28.46,28.69,"z"
"PhonAlign",28.69,28.72,"d"
"PhonAlign",28.72,29.03,"@"
"PhonAlign",29.03,29.07,"l"
"PhonAlign",29.07,29.12,"e"
"PhonAlign",29.12,29.18,"p"
"PhonAlign",29.18,29.24,"R"
"PhonAlign",29.24,29.3,"E"
"PhonAlign",29.3,29.35,"z"
"PhonAlign",29.35,29.47,"a~"
"PhonAlign",29.47,29.58,"t"
"PhonAlign",29.58,29.715,"e"
"PhonAlign",29.715,30.370186,"#"
"PhonAlign",30.370186,30.440186,"A/"
"PhonAlign",30.440186,30.570186,"s"
"PhonAlign",30.570186,30.600186,"e"
"PhonAlign",30.600186,30.630186,"R"
"PhonAlign",30.630186,30.720186,"A/"
"PhonAlign",30.720186,30.830186,"p"
"PhonAlign",30.830186,30.900186,"i"
"PhonAlign",30.900186,30.930186,"d"
"PhonAlign",30.930186,30.960186,"2"
"PhonAlign",30.960186,31.030186,"m"
"PhonAlign",31.030186,31.330186,"a~"
"PhonAlign",31.330186,31.550186,"t"
"PhonAlign",31.550186,31.620186,"t"
"PhonAlign",31.620186,31.650186,"R"
"PhonAlign",31.650186,31.680186,"w"
"PhonAlign",31.680186,31.720186,"A/"
"PhonAlign",31.720186,31.800186,"k"
"PhonAlign",31.800186,31.850186,"A/"
"PhonAlign",31.850186,31.940186,"t"
"PhonAlign",31.940186,31.980186,"m"
"PhonAlign",31.980186,32.030186,"i"
"PhonAlign",32.030186,32.090186,"n"
"PhonAlign",32.090186,32.180186,"y"
"PhonAlign",32.180186,32.382532,"t"
"PhonAlign",32.382532,53.877368,"#"
"PhonAlign",53.877368,53.917368,"u"
"PhonAlign",53.917368,53.997368,"i"
"PhonAlign",53.997368,54.027368,"w"
"PhonAlign",54.027368,54.127368,"A/"
"PhonAlign",54.127368,54.227368,"i"
"PhonAlign",54.227368,54.257368,"u"
"PhonAlign",54.257368,54.467368,"E"
"PhonAlign",54.467368,54.597368,"s"
"PhonAlign",54.597368,54.637368,"e"
"PhonAlign",54.637368,54.667368,"b"
"PhonAlign",54.667368,54.750403,"O~"
"PhonAlign",54.750403,68.330395,"#"
"PhonAlign",68.330395,68.672018,"laugh"
"PhonAlign",68.672018,131.415,"#"
"PhonAlign",131.415,131.475,"A/"
"PhonAlign",131.475,131.505,"p"
"PhonAlign",131.505,131.58499999999998,"R"
"PhonAlign",131.58499999999998,131.655,"E"
"PhonAlign",131.655,131.755,"l"
"PhonAlign",131.755,131.80499999999998,"n"
"PhonAlign",131.80499999999998,131.915,"A/"
"PhonAlign",131.915,131.95499999999998,"v"
"PhonAlign",131.95499999999998,132.045,"E"
"PhonAlign",132.045,132.155,"p"
"PhonAlign",132.155,132.215,"@"
"PhonAlign",132.215,132.245,"A/"
"PhonAlign",132.245,132.275,"v"
"PhonAlign",132.275,132.30499999999998,"w"
"PhonAlign",132.30499999999998,132.33499999999998,"A/"
"PhonAlign",132.33499999999998,132.36499999999998,"R"
"PhonAlign",132.36499999999998,132.58499999999998,"U~/"
"PhonAlign",132.58499999999998,132.625,"n"
"PhonAlign",132.625,132.725,"U~/"
"PhonAlign",132.725,132.80499999999998,"t"
"PhonAlign",132.80499999999998,132.875,"E"
"PhonAlign",132.875,132.905,"R"
"PhonAlign",132.905,133.015,"E"
"PhonAlign",133.015,133.045,"O/"
"PhonAlign",133.045,133.215,"s"
"PhonAlign",133.215,133.300895,"i"
"PhonAlign",133.300895,146.298904,"#"
"PhonAlign",146.298904,146.418904,"s"
"PhonAlign",146.418904,146.478904,"A/"
"PhonAlign",146.478904,146.608904,"f"
"PhonAlign",146.608904,146.93890399999998,"E"
"PhonAlign",146.93890399999998,147.048904,"d"
"PhonAlign",147.048904,147.128904,"2"
"PhonAlign",147.128904,147.18890399999998,"m"
"PhonAlign",147.18890399999998,147.258904,"i"
"PhonAlign",147.258904,147.30890399999998,"n"
"PhonAlign",147.30890399999998,147.388904,"y"
"PhonAlign",147.388904,147.418904,"t"
"PhonAlign",147.418904,147.46,"@"
"PhonAlign",147.46,147.935,"#"
"PhonAlign",147.935,148.04500000000002,"O~"
"PhonAlign",148.04500000000002,148.115,"p"
"PhonAlign",148.115,148.145,"@"
"PhonAlign",148.145,148.255,"a~"
"PhonAlign",148.255,148.315,"d"
"PhonAlign",148.315,148.375,"i"
"PhonAlign",148.375,148.465,"s"
"PhonAlign",148.465,148.515,"k"
"PhonAlign",148.515,148.595,"y"
"PhonAlign",148.595,148.695,"t"
"PhonAlign",148.695,148.905,"e"
"PhonAlign",148.905,148.975,"v"
"PhonAlign",148.975,149.115,"u"
"PhonAlign",149.115,149.225,"p"
"PhonAlign",149.225,149.255,"u"
"PhonAlign",149.255,149.385,"v"
"PhonAlign",149.385,149.415,"e"
"PhonAlign",149.415,149.515,"d"
"PhonAlign",149.515,149.625,"O/"
"PhonAlign",149.625,149.655,"n"
"PhonAlign",149.655,149.745,"e"
"PhonAlign",149.745,149.815,"R"
"PhonAlign",149.815,149.975,"v"
"PhonAlign",149.975,150.095,"O/"
"PhonAlign",150.095,150.155,"t"
"PhonAlign",150.155,150.205,"R"
"PhonAlign",150.205,150.315,"A/"
"PhonAlign",150.315,150.345,"v"
"PhonAlign",150.345,150.385,"i"
"PhonAlign",150.385,150.525,"s"
"PhonAlign",150.525,150.555,"y"
"PhonAlign",150.555,150.585,"R"
"PhonAlign",150.585,150.615,"l"
"PhonAlign",150.615,150.655,"@"
"PhonAlign",150.655,150.755,"f"
"PhonAlign",150.755,150.785,"i"
"PhonAlign",150.785,150.815,"l"
"PhonAlign",150.815,150.905,"m"
"PhonAlign",150.905,150.935,"d"
"PhonAlign",150.935,151.125,"O/"
"PhonAlign",151.125,151.155,"R"
"PhonAlign",151.155,151.265,"9"
"PhonAlign",151.265,151.31,"R"
"PhonAlign",151.31,217.36,"#"
"PhonAlign",217.36,217.4,"laugh"
"PhonAlign",217.4,217.44000000000003,"U~/"
"PhonAlign",217.44000000000003,217.72000000000003,"p"
"PhonAlign",217.72000000000003,217.86,"@"
"PhonAlign",217.86,217.89,"t"
"PhonAlign",217.89,217.92,"i"
"PhonAlign",217.92,218.12,"t"
"PhonAlign",218.12,218.3,"A/"
"PhonAlign",218.3,218.38,"v"
"PhonAlign",218.38,218.425,"i"
"PhonAlign",218.425,270.09,"#"
"PhonAlign",270.09,270.13,"w"
"PhonAlign",270.13,270.16,"E"
"PhonAlign",270.16,270.19,"j"
"PhonAlign",270.19,270.22,"A/"
"PhonAlign",270.22,270.25,"y"
"PhonAlign",270.25,270.28,"n"
"PhonAlign",270.28,270.32,"t"
"PhonAlign",270.32,270.36999999999995,"E"
"PhonAlign",270.36999999999995,270.4,"l"
"PhonAlign",270.4,270.42999999999995,"O/"
"PhonAlign",270.42999999999995,270.46,"R"
"PhonAlign",270.46,270.48999999999995,"9"
"PhonAlign",270.48999999999995,270.52,"R"
"PhonAlign",270.52,270.85,"a~"
"PhonAlign",270.85,270.94,"f"
"PhonAlign",270.94,271.39,"U~/"
"PhonAlign",271.39,271.46,"v"
"PhonAlign",271.46,271.48999999999995,"i"
"PhonAlign",271.48999999999995,271.63,"z"
"PhonAlign",271.63,271.7,"y"
"PhonAlign",271.7,271.84,"E"
"PhonAlign",271.84,271.9,"l"
"PhonAlign",271.9,272.22,"E"
"PhonAlign",272.22,272.27,"p"
"PhonAlign",272.27,272.41,"s"
"PhonAlign",272.41,272.44,"i"
"PhonAlign",272.44,272.47,"k"
"PhonAlign",272.47,272.51,"O/"
"PhonAlign",272.51,272.56,"l"
"PhonAlign",272.56,272.59,"O/"
"PhonAlign",272.59,272.69,"Z"
"PhonAlign",272.69,272.78,"i"
"PhonAlign",272.78,272.95,"k"
"PhonAlign",272.95,273.17,"@"
"PhonAlign",273.17,298.205,"#"
"PhonAlign",298.205,298.315,"O/"
"PhonAlign",298.315,298.435,"k"
"PhonAlign",298.435,298.605,"E"
"PhonAlign",298.605,298.715,"#"
"PhonAlign",298.715,298.825,"d"
"PhonAlign",298.825,298.855,"k"
"PhonAlign",298.855,298.895,"u"
"PhonAlign",298.895,298.945,"Z"
"PhonAlign",298.945,298.985,"v"
"PhonAlign",298.985,299.015,"u"
"PhonAlign",299.015,299.105,"z"
"PhonAlign",299.105,299.155,"p"
"PhonAlign",299.155,299.225,"R"
"PhonAlign",299.225,299.285,"O/"
"PhonAlign",299.285,299.36499999999995,"p"
"PhonAlign",299.36499999999995,299.455,"O/"
"PhonAlign",299.455,299.595,"z"
"PhonAlign",299.595,299.885,"@"
"PhonAlign",299.885,299.915,"d"
"PhonAlign",299.915,299.955,"p"
"PhonAlign",299.955,300.005,"A/"
"PhonAlign",300.005,300.165,"s"
"PhonAlign",300.165,300.275,"e"
"PhonAlign",300.275,300.30499999999995,"A/"
"PhonAlign",300.30499999999995,300.595,"U~/"
"PhonAlign",300.595,300.835,"U~/"
"PhonAlign",300.835,300.885,"n"
"PhonAlign",300.885,300.945,"O/"
"PhonAlign",300.945,301.005,"t"
"PhonAlign",301.005,301.085,"R"
"PhonAlign",301.085,301.155,"@"
"PhonAlign",301.155,301.215,"Z"
"PhonAlign",301.215,301.395,"a~"
"PhonAlign",301.395,301.43,"R"
"PhonAlign",301.43,301.829166,"#"
"PhonAlign",301.829166,302.049166,"s"
"PhonAlign",302.049166,302.079166,"e"
"PhonAlign",302.079166,302.35,"A/"
"PhonAlign",302.35,302.8,"#"
"PhonAlign",302.8,302.87,"*"
"PhonAlign",302.87,303.0,"*"
"PhonAlign",303.0,303.03000000000003,"*"
"PhonAlign",303.03000000000003,303.06,"*"
"PhonAlign",303.06,303.1,"*"
"PhonAlign",303.1,303.23,"*"
"PhonAlign",303.23,303.3,"*"
"PhonAlign",303.3,303.33,"*"
"PhonAlign",303.33,303.43,"*"
"PhonAlign",303.43,303.465,"*"
"PhonAlign",303.465,304.64,"#"
"PhonAlign",304.64,304.78,"A/"
"PhonAlign",304.78,304.81,"l"
"PhonAlign",304.81,304.84,"e"
"PhonAlign",304.84,305.2,"v"
"PhonAlign",305.2,305.26,"A/"
"PhonAlign",305.26,305.29,"j"
"PhonAlign",305.29,305.32,"*"
"PhonAlign",305.32,305.35,"*"
"PhonAlign",305.35,305.38,"*"
"PhonAlign",305.38,305.425,"*"
"PhonAlign",305.425,420.832786,"#"
"PhonAlign",420.832786,421.112786,"U~/"
"PhonAlign",421.112786,421.192786,"k"
"PhonAlign",421.192786,421.272786,"w"
"PhonAlign",421.272786,421.342786,"A/"
"PhonAlign",421.342786,422.102786,"#"
"PhonAlign",422.102786,422.222786,"p"
"PhonAlign",422.222786,422.322786,"A/"
"PhonAlign",422.322786,422.472786,"R"
"PhonAlign",422.472786,422.502786,"d"
"PhonAlign",422.502786,422.54,"O~"
"PhonAlign",422.54,423.93,"#"
"PhonAlign",423.93,424.03,"A/"
"PhonAlign",424.03,424.06,"l"
"PhonAlign",424.06,424.13,"R"
"PhonAlign",424.13,424.16,"d"
"PhonAlign",424.16,424.25,"a~"
"PhonAlign",424.25,424.39,"z"
"PhonAlign",424.39,424.42,"U~/"
"PhonAlign",424.42,424.5,"d"
"PhonAlign",424.5,424.53,"a~"
"PhonAlign",424.53,424.62,"z"
"PhonAlign",424.62,424.66,"U~/"
"PhonAlign",424.66,424.69,"f"
"PhonAlign",424.69,424.75,"E"
"PhonAlign",424.75,424.8,"s"
"PhonAlign",424.8,424.85,"t"
"PhonAlign",424.85,424.89,"i"
"PhonAlign",424.89,424.92,"v"
"PhonAlign",424.92,424.99,"A/"
"PhonAlign",424.99,425.02,"l"
"PhonAlign",425.02,425.1,"p"
"PhonAlign",425.1,425.18,"A/"
"PhonAlign",425.18,425.31,"d"
"PhonAlign",425.31,425.4,"E"
"PhonAlign",425.4,425.43,"noise"
"PhonAlign",425.43,425.5,"A/"
"PhonAlign",425.5,425.61,"s"
"PhonAlign",425.61,425.69,"e"
"PhonAlign",425.69,425.72,"d"
"PhonAlign",425.72,425.75,"e"
"PhonAlign",425.75,425.83,"k"
"PhonAlign",425.83,425.95,"u"
"PhonAlign",425.95,426.02,"v"
"PhonAlign",426.02,426.12,"E"
"PhonAlign",426.12,426.235,"R"
"PhonAlign",426.235,443.432823,"#"
"PhonAlign",443.432823,443.782823,"laugh"
"PhonAlign",443.782823,443.972823,"S"
"PhonAlign",443.972823,444.382823,"O/"
"PhonAlign",444.382823,444.477797,"A/"
"PhonAlign",444.477797,445.218842,"#"
"PhonAlign",445.218842,446.237753,"laugh"
"PhonAlign",446.237753,446.647753,"S"
"PhonAlign",446.647753,446.827753,"O/"
"PhonAlign",446.827753,447.337725,"A/"
"PhonAlign",447.337725,448.329989,"laugh"
"PhonAlign",448.329989,450.050991,"#"
"PhonAlign",450.050991,450.090991,"w"
"PhonAlign",450.090991,450.120991,"E"
"PhonAlign",450.120991,450.150991,"b"
"PhonAlign",450.150991,450.900991,"U~/"
"PhonAlign",450.900991,450.930991,"w"
"PhonAlign",450.930991,450.97,"E"
"PhonAlign",450.97,452.874254,"#"
"PhonAlign",452.874254,453.034254,"s"
"PhonAlign",453.034254,453.084254,"e"
"PhonAlign",453.084254,453.164254,"k"
"PhonAlign",453.164254,453.225,"i"
"PhonAlign",453.225,453.88,"#"
"PhonAlign",453.88,453.94,"n"
"PhonAlign",453.94,454.06,"a~"
"PhonAlign",454.06,454.15,"s"
"PhonAlign",454.15,454.18,"e"
"PhonAlign",454.18,454.27,"p"
"PhonAlign",454.27,454.31,"i"
"PhonAlign",454.31,454.36,"t"
"PhonAlign",454.36,454.45,"9"
"PhonAlign",454.45,454.48,"R"
"PhonAlign",454.48,454.51,"Z"
"PhonAlign",454.51,454.57,"A/"
"PhonAlign",454.57,454.61,"k"
"PhonAlign",454.61,454.68,"s"
"PhonAlign",454.68,454.74,"O/"
"PhonAlign",454.74,454.78,"n"
"PhonAlign",454.78,454.82,"n"
"PhonAlign",454.82,455.05,"O~"
"PhonAlign",455.05,455.11,"i"
"PhonAlign",455.11,455.19,"l"
"PhonAlign",455.19,455.22,"A/"
"PhonAlign",455.22,455.32,"v"
"PhonAlign",455.32,455.53,"e"
"PhonAlign",455.53,455.56,"f"
"PhonAlign",455.56,455.69,"E"
"PhonAlign",455.69,455.81,"t"
"PhonAlign",455.81,455.85,"@"
"PhonAlign",455.85,455.88,"O/"
"PhonAlign",455.88,455.97,"s"
"PhonAlign",455.97,456.0,"i"
"PhonAlign",456.0,456.03,"U~/"
"PhonAlign",456.03,456.07,"U~/"
"PhonAlign",456.07,456.1,"d"
"PhonAlign",456.1,456.14,"O/"
"PhonAlign",456.14,456.21,"k"
"PhonAlign",456.21,456.24,"y"
"PhonAlign",456.24,456.27,"m"
"PhonAlign",456.27,456.33,"a~"
"PhonAlign",456.33,456.36,"t"
"PhonAlign",456.36,456.39,"E"
"PhonAlign",456.39,456.42,"R"
"PhonAlign",456.42,456.53,"s"
"PhonAlign",456.53,456.56,"y"
"PhonAlign",456.56,456.59,"R"
"PhonAlign",456.59,456.62,"l"
"PhonAlign",456.62,456.65,"A/"
"PhonAlign",456.65,456.68,"s"
"PhonAlign",456.68,456.71,"2"
"PhonAlign",456.71,456.74,"g"
"PhonAlign",456.74,456.77,"O~"
"PhonAlign",456.77,456.8,"d"
"PhonAlign",456.8,456.83,"g"
"PhonAlign",456.83,456.86,"E"
"PhonAlign",456.86,456.9,"R"
"PhonAlign",456.9,456.97,"m"
"PhonAlign",456.97,457.03,"O~"
"PhonAlign",457.03,457.06,"d"
"PhonAlign",457.06,457.1,"j"
"PhonAlign",457.1,457.16,"A/"
"PhonAlign",457.16,457.19,"l"
"PhonAlign",457.19,457.22,"i"
"PhonAlign",457.22,457.25,"n"
"PhonAlign",457.25,457.31,"j"
"PhonAlign",457.31,457.34,"A/"
"PhonAlign",457.34,457.37,"l"
"PhonAlign",457.37,457.49,"O~"
"PhonAlign",457.49,457.59,"t"
"PhonAlign",457.59,457.73,"a~"
"PhonAlign",457.73,457.77,"#"
"PhonAlign",457.77,457.8,"A/"
"PhonAlign",457.8,458.09,"v"
"PhonAlign",458.09,458.14,"E"
"PhonAlign",458.14,458.17,"k"
"PhonAlign",458.17,458.2,"d"
"PhonAlign",458.2,458.24,"e"
"PhonAlign",458.24,458.3,"z"
"PhonAlign",458.3,458.33,"i"
"PhonAlign",458.33,458.38,"m"
"PhonAlign",458.38,458.45,"A/"
"PhonAlign",458.45,458.48,"Z"
"PhonAlign",458.48,458.51,"d"
"PhonAlign",458.51,458.58,"A/"
"PhonAlign",458.58,458.63,"R"
"PhonAlign",458.63,458.74,"S"
"PhonAlign",458.74,458.85,"i"
"PhonAlign",458.85,459.04,"v"
"PhonAlign",459.04,476.01,"#"
"PhonAlign",476.01,476.07,"n"
"PhonAlign",476.07,476.16,"a~"
"PhonAlign",476.16,476.24,"j"
"PhonAlign",476.24,476.36,"A/"
"PhonAlign",476.36,476.42,"l"
"PhonAlign",476.42,476.45,"A/"
"PhonAlign",476.45,476.48,"v"
"PhonAlign",476.48,476.59,"j"
"PhonAlign",476.59,476.65,"E"
"PhonAlign",476.65,476.71,"t"
"PhonAlign",476.71,476.76,"n"
"PhonAlign",476.76,476.79,"A/"
"PhonAlign",476.79,476.82,"m"
"PhonAlign",476.82,476.97,"t"
"PhonAlign",476.97,477.06,"l"
"PhonAlign",477.06,477.1,"A/"
"PhonAlign",477.1,477.18,"g"
"PhonAlign",477.18,477.22,"E"
"PhonAlign",477.22,477.28,"R"
"PhonAlign",477.28,477.32,"d"
"PhonAlign",477.32,477.36,"y"
"PhonAlign",477.36,477.39,"v"
"PhonAlign",477.39,477.42,"j"
"PhonAlign",477.42,477.45,"E"
"PhonAlign",477.45,477.48,"t"
"PhonAlign",477.48,477.56,"n"
"PhonAlign",477.56,477.71,"A/"
"PhonAlign",477.71,477.81,"m"
"PhonAlign",477.81,477.84,"p"
"PhonAlign",477.84,477.9,"A/"
"PhonAlign",477.9,478.13,"R"
"PhonAlign",478.13,478.22,"k"
"PhonAlign",478.22,478.28,"E"
"PhonAlign",478.28,478.34,"n"
"PhonAlign",478.34,478.4,"b"
"PhonAlign",478.4,478.44,"y"
"PhonAlign",478.44,479.14,"R"
"PhonAlign",479.14,479.2,"n"
"PhonAlign",479.2,479.27,"#"
"PhonAlign",479.27,479.31,"d"
"PhonAlign",479.31,479.34,"u"
"PhonAlign",479.34,479.37,"z"
"PhonAlign",479.37,479.48,"@"
"PhonAlign",479.48,479.68,"p"
"PhonAlign",479.68,479.74,"A/"
"PhonAlign",479.74,479.8,"R"
"PhonAlign",479.8,479.88,"t"
"PhonAlign",479.88,480.16,"i"
"PhonAlign",480.16,480.26,"z"
"PhonAlign",480.26,481.425,"#"
"PhonAlign",481.425,481.825,"fp"
"PhonAlign",481.825,481.865,"O/"
"PhonAlign",481.865,482.015,"k"
"PhonAlign",482.015,482.225,"e"
"PhonAlign",482.225,482.69,"#"
"PhonAlign",482.69,482.78,"m"
"PhonAlign",482.78,483.02,"E"
"PhonAlign",483.02,483.07,"d"
"PhonAlign",483.07,483.17,"O~"
"PhonAlign",483.17,483.21,"k"
"PhonAlign",483.21,483.25,"w"
"PhonAlign",483.25,483.39,"E"
"PhonAlign",483.39,483.53,"s"
"PhonAlign",483.53,483.6,"s"
"PhonAlign",483.6,483.67,"R"
"PhonAlign",483.67,483.71,"E"
"PhonAlign",483.71,484.05,"fp"
"PhonAlign",484.05,484.12,"#"
"PhonAlign",484.12,484.46,"f"
"PhonAlign",484.46,484.5,"O/"
"PhonAlign",484.5,484.53,"d"
"PhonAlign",484.53,484.56,"R"
"PhonAlign",484.56,484.59,"E"
"PhonAlign",484.59,484.62,"e"
"PhonAlign",484.62,484.69,"s"
"PhonAlign",484.69,484.72,"e"
"PhonAlign",484.72,484.75,"j"
"PhonAlign",484.75,484.78,"e"
"PhonAlign",484.78,484.89,"t"
"PhonAlign",484.89,484.95,"R"
"PhonAlign",484.95,484.98,"u"
"PhonAlign",484.98,485.01,"v"
"PhonAlign",485.01,485.06,"e"
"PhonAlign",485.06,485.19,"U~/"
"PhonAlign",485.19,485.32,"t"
"PhonAlign",485.32,485.42,"E"
"PhonAlign",485.42,485.5,"m"
"PhonAlign",485.5,485.56,"@"
"PhonAlign",485.56,486.3,"#"
"PhonAlign",486.3,486.36,"w"
"PhonAlign",486.36,486.45,"E"
"PhonAlign",486.45,486.55,"b"
"PhonAlign",486.55,486.58,"O/"
"PhonAlign",486.58,486.66,"O~"
"PhonAlign",486.66,486.77,"p"
"PhonAlign",486.77,486.8,"@"
"PhonAlign",486.8,486.87,"a~"
"PhonAlign",486.87,486.92,"R"
"PhonAlign",486.92,486.95,"2"
"PhonAlign",486.95,487.06,"p"
"PhonAlign",487.06,487.11,"A/"
"PhonAlign",487.11,487.14,"R"
"PhonAlign",487.14,487.19,"l"
"PhonAlign",487.19,487.23,"e"
"PhonAlign",487.23,487.34,"s"
"PhonAlign",487.34,487.38,"O~"
"PhonAlign",487.38,487.42,"A/"
"PhonAlign",487.42,487.45,"d"
"PhonAlign",487.45,487.52,"y"
"PhonAlign",487.52,487.61,"t"
"PhonAlign",487.61,487.81,"a~"
"PhonAlign",487.81,487.92,"z"
"PhonAlign",487.92,488.0,"A/"
"PhonAlign",488.0,488.03,"l"
"PhonAlign",488.03,488.09,"A/"
"PhonAlign",488.09,488.24,"f"
"PhonAlign",488.24,488.27,"i"
"PhonAlign",488.27,488.33,"*"
"PhonAlign",488.33,488.43,"*"
"PhonAlign",488.43,488.46,"*"
"PhonAlign",488.46,488.49,"*"
"PhonAlign",488.49,488.6,"*"
"PhonAlign",488.6,488.77,"*"
"PhonAlign",488.77,488.8,"#"
"PhonAlign",488.8,488.89,"s"
"PhonAlign",488.89,488.92,"t"
"PhonAlign",488.92,488.95,"j"
"PhonAlign",488.95,488.98,"v"
"PhonAlign",488.98,489.03,"@"
"PhonAlign",489.03,489.09,"p"
"PhonAlign",489.09,489.12,"R"
"PhonAlign",489.12,489.18,"E"
"PhonAlign",489.18,489.21,"z"
"PhonAlign",489.21,489.33,"a~"
"PhonAlign",489.33,489.43,"t"
"PhonAlign",489.43,489.57,"e"
"PhonAlign",489.57,489.63,"R"
"PhonAlign",489.63,572.743567,"#"
"PhonAlign",572.743567,572.783567,"m"
"PhonAlign",572.783567,572.813567,"i"
"PhonAlign",572.813567,573.063567,"k"
"PhonAlign",573.063567,573.153567,"A/"
"PhonAlign",573.153567,573.2935669999999,"E"
"PhonAlign",573.2935669999999,573.323567,"l"
"PhonAlign",573.323567,573.363567,"b"
"PhonAlign",573.363567,573.403551,"E"
"PhonAlign",573.403551,574.191864,"#"
"PhonAlign",574.191864,574.321864,"A/"
"PhonAlign",574.321864,574.471864,"b"
"PhonAlign",574.471864,574.721864,"O~"
"PhonAlign",574.721864,574.781864,"m"
"PhonAlign",574.781864,574.891864,"E"
"PhonAlign",574.891864,575.101864,"z"
"PhonAlign",575.101864,575.191864,"s"
"PhonAlign",575.191864,575.291864,"e"
"PhonAlign",575.291864,575.811864,"s"
"PhonAlign",575.811864,575.971864,"e"
"PhonAlign",575.971864,576.121864,"p"
"PhonAlign",576.121864,576.271864,"A/"
"PhonAlign",576.271864,576.361864,"z"
"PhonAlign",576.361864,576.461864,"d"
"PhonAlign",576.461864,576.601864,"y"
"PhonAlign",576.601864,576.911864,"t"
"PhonAlign",576.911864,576.941864,"u"
"PhonAlign",576.941864,577.091864,"t"
"PhonAlign",577.091864,577.171864,"a~"
"PhonAlign",577.171864,577.201864,"f"
"PhonAlign",577.201864,577.231864,"U~/"
"PhonAlign",577.231864,577.461864,"i"
"PhonAlign",577.461864,577.521864,"b"
"PhonAlign",577.521864,577.641864,"O~"
"PhonAlign",577.641864,577.681864,"b"
"PhonAlign",577.681864,577.831864,"A/"
"PhonAlign",577.831864,577.871864,"R"
"PhonAlign",577.871864,577.901864,"d"
"PhonAlign",577.901864,578.291864,"U~/"
"PhonAlign",578.291864,578.371864,"n"
"PhonAlign",578.371864,578.431864,"O/"
"PhonAlign",578.431864,578.5118640000001,"p"
"PhonAlign",578.5118640000001,578.611864,"i"
"PhonAlign",578.611864,578.681864,"t"
"PhonAlign",578.681864,578.831864,"A/"
"PhonAlign",578.831864,578.8818640000001,"l"
"PhonAlign",578.8818640000001,579.121864,"A/"
"PhonAlign",579.121864,579.331864,"A/"
"PhonAlign",579.331864,579.501864,"w"
"PhonAlign",579.501864,579.621864,"A/"
"PhonAlign",579.621864,579.651864,"d"
"PhonAlign",579.651864,579.981864,"@"
"PhonAlign",579.981864,580.021864,"s"
"PhonAlign",580.021864,580.151864,"e"
"PhonAlign",580.151864,580.231864,"s"
"PhonAlign",580.231864,580.391864,"e"
"PhonAlign",580.391864,580.531864,"l"
"PhonAlign",580.531864,580.561864,"U~/"
"PhonAlign",580.561864,580.671864,"v"
"PhonAlign",580.671864,580.741864,"E"
"PhonAlign",580.741864,581.001864,"R"
"PhonAlign",581.001864,581.081864,"s"
"PhonAlign",581.081864,581.151864,"@"
"PhonAlign",581.151864,581.181864,"d"
"PhonAlign",581.181864,581.561864,"@"
"PhonAlign",581.561864,581.641864,"i"
"PhonAlign",581.641864,581.7618640000001,"s"
"PhonAlign",581.7618640000001,581.801864,"t"
"PhonAlign",581.801864,581.8818640000001,"O/"
"PhonAlign",581.8818640000001,581.961864,"R"
"PhonAlign",581.961864,581.991864,"i"
"PhonAlign",581.991864,582.07,"k"
"PhonAlign",582.07,582.35,"#"
"PhonAlign",582.35,582.4,"n"
"PhonAlign",582.4,582.5500000000001,"O/"
"PhonAlign",582.5500000000001,582.6,"n"
"PhonAlign",582.6,582.82,"O/"
"PhonAlign",582.82,583.34,"U~/"
"PhonAlign",583.34,583.4,"t"
"PhonAlign",583.4,583.45,"E"
"PhonAlign",583.45,583.59,"R"
"PhonAlign",583.59,583.72,"d"
"PhonAlign",583.72,583.82,"i"
"PhonAlign",583.82,583.94,"t"
"PhonAlign",583.94,583.98,"s"
"PhonAlign",583.98,584.03,"A/"
"PhonAlign",584.03,584.855,"#"
"PhonAlign",584.855,585.645,"laugh"
"PhonAlign",585.645,585.745,"s"
"PhonAlign",585.745,585.8050000000001,"e"
"PhonAlign",585.8050000000001,585.875,"p"
"PhonAlign",585.875,585.9250000000001,"A/"
"PhonAlign",585.9250000000001,585.985,"R"
"PhonAlign",585.985,586.075,"E"
"PhonAlign",586.075,586.105,"j"
"PhonAlign",586.105,586.1750000000001,"k"
"PhonAlign",586.1750000000001,586.225,"O/"
"PhonAlign",586.225,586.355,"s"
"PhonAlign",586.355,586.565,"t"
"PhonAlign",586.565,586.635,"e"
"PhonAlign",586.635,586.6850000000001,"E"
"PhonAlign",586.6850000000001,586.835,"R"
"PhonAlign",586.835,586.905,"A/"
"PhonAlign",586.905,587.025,"l"
"PhonAlign",587.025,587.085,"A/"
"PhonAlign",587.085,587.345,"s"
"PhonAlign",587.345,587.595,"e"
"PhonAlign",587.595,587.6750000000001,"m"
"PhonAlign",587.6750000000001,587.775,"E"
"PhonAlign",587.775,587.855,"S"
"PhonAlign",587.855,587.975,"a~"
"PhonAlign",587.975,588.005,"s"
"PhonAlign",588.005,588.125,"e"
"PhonAlign",588.125,588.225,"m"
"PhonAlign",588.225,588.285,"E"
"PhonAlign",588.285,588.375,"S"
"PhonAlign",588.375,588.465,"a~"
"PhonAlign",588.465,588.505,"Z"
"PhonAlign",588.505,588.605,"A/"
"PhonAlign",588.605,588.6850000000001,"p"
"PhonAlign",588.6850000000001,588.755,"O/"
"PhonAlign",588.755,588.905,"n"
"PhonAlign",588.905,589.065,"e"
"PhonAlign",589.065,589.115,"k"
"PhonAlign",589.115,589.225,"i"
"PhonAlign",589.225,589.255,"v"
"PhonAlign",589.255,589.385,"O~"
"PhonAlign",589.385,589.455,"n"
"PhonAlign",589.455,589.605,"u"
"PhonAlign",589.605,589.645,"z"
"PhonAlign",589.645,589.6750000000001,"a~"
"PhonAlign",589.6750000000001,589.945,"f"
"PhonAlign",589.945,590.0450000000001,"U~/"
"PhonAlign",590.0450000000001,590.085,"b"
"PhonAlign",590.085,590.1750000000001,"O/"
"PhonAlign",590.1750000000001,590.235,"i"
"PhonAlign",590.235,590.285,"z"
"PhonAlign",590.285,590.345,"O~"
"PhonAlign",590.345,590.455,"f"
"PhonAlign",590.455,590.495,"E"
"PhonAlign",590.495,590.575,"p"
"PhonAlign",590.575,590.615,"A/"
"PhonAlign",590.615,590.645,"R"
"PhonAlign",590.645,590.6750000000001,"l"
"PhonAlign",590.6750000000001,590.755,"A/"
"PhonAlign",590.755,590.785,"R"
"PhonAlign",590.785,590.815,"b"
"PhonAlign",590.815,590.895,"O/"
"PhonAlign",590.895,590.9250000000001,"R"
"PhonAlign",590.9250000000001,590.985,"m"
"PhonAlign",590.985,591.015,"i"
"PhonAlign",591.015,591.0450000000001,"O~"
"PhonAlign",591.0450000000001,591.085,"p"
"PhonAlign",591.085,591.115,"A/"
"PhonAlign",591.115,591.1750000000001,"b"
"PhonAlign",591.1750000000001,591.365,"O~"
"PhonAlign",591.365,591.395,"b"
"PhonAlign",591.395,591.485,"A/"
"PhonAlign",591.485,591.535,"R"
"PhonAlign",591.535,591.565,"d"
"PhonAlign",591.565,591.595,"e"
"PhonAlign",591.595,591.625,"d"
"PhonAlign",591.625,591.655,"e"
"PhonAlign",591.655,591.755,"z"
"PhonAlign",591.755,591.785,"O/"
"PhonAlign",591.785,591.865,"p"
"PhonAlign",591.865,591.9350000000001,"i"
"PhonAlign",591.9350000000001,592.0450000000001,"t"
"PhonAlign",592.0450000000001,592.355,"O/"
"PhonAlign",592.355,592.705,"#"
"PhonAlign",592.705,592.745,"p"
"PhonAlign",592.745,592.7850000000001,"A/"
"PhonAlign",592.7850000000001,592.865,"k"
"PhonAlign",592.865,592.9250000000001,"O~"
"PhonAlign",592.9250000000001,593.0350000000001,"s"
"PhonAlign",593.0350000000001,593.105,"A/"
"PhonAlign",593.105,593.145,"S"
"PhonAlign",593.145,593.785,"#"
"PhonAlign",593.785,593.915,"n"
"PhonAlign",593.915,594.055,"a~"
"PhonAlign",594.055,594.105,"w"
"PhonAlign",594.105,594.135,"E"
"PhonAlign",594.135,594.165,"v"
"PhonAlign",594.165,594.3449999999999,"A/"
"PhonAlign",594.3449999999999,594.4549999999999,"z"
"PhonAlign",594.4549999999999,594.495,"j"
"PhonAlign",594.495,594.545,"v"
"PhonAlign",594.545,594.5749999999999,"A/"
"PhonAlign",594.5749999999999,594.6949999999999,"z"
"PhonAlign",594.6949999999999,594.775,"i"
"PhonAlign",594.775,594.9,"#"
"PhonAlign",594.9,594.9399999999999,"v"
"PhonAlign",594.9399999999999,594.97,"A/"
"PhonAlign",594.97,595.12,"z"
"PhonAlign",595.12,595.17,"j"
"PhonAlign",595.17,595.28,"p"
"PhonAlign",595.28,595.4,"A/"
"PhonAlign",595.4,595.43,"d"
"PhonAlign",595.43,595.6,"O~"
"PhonAlign",595.6,595.67,"p"
"PhonAlign",595.67,595.77,"A/"
"PhonAlign",595.77,595.8,"d"
"PhonAlign",595.8,596.065,"O~"
"PhonAlign",596.065,614.4,"#"
"PhonAlign",614.4,614.52,"O/"
"PhonAlign",614.52,614.6,"b"
"PhonAlign",614.6,614.855,"U~/"
"PhonAlign",614.855,615.31,"#"
"PhonAlign",615.31,615.38,"s"
"PhonAlign",615.38,615.43,"e"
"PhonAlign",615.43,615.4599999999999,"v"
"PhonAlign",615.4599999999999,615.4899999999999,"R"
"PhonAlign",615.4899999999999,615.665,"E"
"PhonAlign",615.665,616.315,"#"
"PhonAlign",616.315,616.455,"m"
"PhonAlign",616.455,616.5050000000001,"i"
"PhonAlign",616.5050000000001,616.5350000000001,"A/"
"PhonAlign",616.5350000000001,616.6750000000001,"@"
"PhonAlign",616.6750000000001,616.7650000000001,"d"
"PhonAlign",616.7650000000001,616.875,"s"
"PhonAlign",616.875,616.9150000000001,"y"
"PhonAlign",616.9150000000001,616.955,"k"
"PhonAlign",616.955,617.0050000000001,"s"
"PhonAlign",617.0050000000001,617.1450000000001,"E"
"PhonAlign",617.1450000000001,617.19,"z"
"PhonAlign",617.19,619.28,"#"
"PhonAlign",619.28,619.3399999999999,"A/"
"PhonAlign",619.3399999999999,619.4,"Z"
"PhonAlign",619.4,619.4499999999999,"s"
"PhonAlign",619.4499999999999,619.48,"A/"
"PhonAlign",619.48,619.51,"v"
"PhonAlign",619.51,619.54,"E"
"PhonAlign",619.54,619.62,"p"
"PhonAlign",619.62,619.67,"A/"
"PhonAlign",619.67,619.6999999999999,"d"
"PhonAlign",619.6999999999999,619.76,"y"
"PhonAlign",619.76,619.85,"t"
"PhonAlign",619.85,619.97,"u"
"PhonAlign",619.97,625.94,"#"
"PhonAlign",625.94,626.0100000000001,"n"
"PhonAlign",626.0100000000001,626.12,"a~"
"PhonAlign",626.12,626.1700000000001,"n"
"PhonAlign",626.1700000000001,626.32,"a~"
"PhonAlign",626.32,626.36,"m"
"PhonAlign",626.36,626.5,"Z"
"PhonAlign",626.5,626.6800000000001,"e"
"PhonAlign",626.6800000000001,626.7800000000001,"a~"
"PhonAlign",626.7800000000001,626.84,"t"
"PhonAlign",626.84,626.9000000000001,"a~"
"PhonAlign",626.9000000000001,626.95,"d"
"PhonAlign",626.95,626.99,"y"
"PhonAlign",626.99,627.12,"m"
"PhonAlign",627.12,627.19,"i"
"PhonAlign",627.19,627.2900000000001,"k"
"PhonAlign",627.2900000000001,627.32,"A/"
"PhonAlign",627.32,627.37,"E"
"PhonAlign",627.37,627.4200000000001,"l"
"PhonAlign",627.4200000000001,627.5,"b"
"PhonAlign",627.5,627.84,"E"
"PhonAlign",627.84,627.97,"Z"
"PhonAlign",627.97,628.1300000000001,"@"
"PhonAlign",628.1300000000001,628.1600000000001,"m"
"PhonAlign",628.1600000000001,628.3100000000001,"@"
"PhonAlign",628.3100000000001,628.4100000000001,"s"
"PhonAlign",628.4100000000001,628.48,"y"
"PhonAlign",628.48,628.5200000000001,"i"
"PhonAlign",628.5200000000001,628.6400000000001,"d"
"PhonAlign",628.6400000000001,628.7700000000001,"i"
"PhonAlign",628.7700000000001,628.9200000000001,"t"
"PhonAlign",628.9200000000001,629.19,"noise"
"PhonAlign",629.19,629.24,"d"
"PhonAlign",629.24,629.32,"A/"
"PhonAlign",629.32,629.4100000000001,"k"
"PhonAlign",629.4100000000001,629.5200000000001,"O/"
"PhonAlign",629.5200000000001,629.567075,"R"
"PhonAlign",629.567075,666.1328,"#"
"PhonAlign",666.1328,667.761587,"laugh"
"PhonAlign",667.761587,668.584428,"#"
"PhonAlign",668.584428,668.984063,"laugh"
"PhonAlign",668.984063,669.244063,"v"
"PhonAlign",669.244063,669.374063,"A/"
"PhonAlign",669.374063,669.444063,"z"
"PhonAlign",669.444063,669.514063,"i"
"PhonAlign",669.514063,669.554063,"k"
"PhonAlign",669.554063,669.624063,"O~"
"PhonAlign",669.624063,669.704063,"t"
"PhonAlign",669.704063,669.784063,"i"
"PhonAlign",669.784063,669.814063,"n"
"PhonAlign",669.814063,669.894063,"y"
"PhonAlign",669.894063,669.934063,"t"
"PhonAlign",669.934063,670.114063,"A/"
"PhonAlign",670.114063,670.154063,"R"
"PhonAlign",670.154063,670.264063,"E"
"PhonAlign",670.264063,670.474063,"f"
"PhonAlign",670.474063,670.504063,"l"
"PhonAlign",670.504063,670.614063,"E"
"PhonAlign",670.614063,670.7940629999999,"k"
"PhonAlign",670.7940629999999,670.984063,"s"
"PhonAlign",670.984063,671.014063,"j"
"PhonAlign",671.014063,671.05,"O~"
"PhonAlign",671.05,672.147505,"#"
"PhonAlign",672.147505,673.942463,"laugh"
"PhonAlign",673.942463,675.430491,"#"
"PhonAlign",675.430491,675.993528,"laugh"
"PhonAlign",675.993528,679.579381,"#"
"PhonAlign",679.579381,679.819381,"w"
"PhonAlign",679.819381,680.089381,"E"
"PhonAlign",680.089381,680.807684,"laugh"
"PhonAlign",680.807684,681.194321,"#"
"PhonAlign",681.194321,681.545154,"laugh"
"PhonAlign",681.545154,690.631806,"#"
"PhonAlign",690.631806,691.161806,"laugh"
"PhonAlign",691.161806,691.201806,"m"
"PhonAlign",691.201806,691.3118059999999,"E"
"PhonAlign",691.3118059999999,691.4318059999999,"l"
"PhonAlign",691.4318059999999,691.5518059999999,"g"
"PhonAlign",691.5518059999999,691.621806,"i"
"PhonAlign",691.621806,691.6818059999999,"b"
"PhonAlign",691.6818059999999,691.781806,"s"
"PhonAlign",691.781806,691.921806,"O/"
"PhonAlign",691.921806,692.16414,"n"
"PhonAlign",692.16414,702.448883,"#"
"PhonAlign",702.448883,702.598883,"f"
"PhonAlign",702.598883,702.628883,"R"
"PhonAlign",702.628883,702.838883,"i"
"PhonAlign",702.838883,702.878883,"d"
"PhonAlign",702.878883,703.308883,"O~"
"PhonAlign",703.308883,703.3988830000001,"laugh"
"PhonAlign",703.3988830000001,705.1488830000001,"#"
"PhonAlign",705.1488830000001,705.208883,"w"
"PhonAlign",705.208883,705.418883,"E"
"PhonAlign",705.418883,705.448883,"d"
"PhonAlign",705.448883,705.6588830000001,"A/"
"PhonAlign",705.6588830000001,705.688883,"k"
"PhonAlign",705.688883,705.758883,"O/"
"PhonAlign",705.758883,706.005461,"R"
"PhonAlign",706.005461,709.3,"#"
"PhonAlign",709.3,709.4,"t"
"PhonAlign",709.4,709.4499999999999,"f"
"PhonAlign",709.4499999999999,709.5,"E"
"PhonAlign",709.5,709.53,"y"
"PhonAlign",709.53,709.56,"n"
"PhonAlign",709.56,709.6899999999999,"R"
"PhonAlign",709.6899999999999,709.74,"@"
"PhonAlign",709.74,709.78,"t"
"PhonAlign",709.78,709.81,"R"
"PhonAlign",709.81,709.91,"O/"
"PhonAlign",709.91,710.01,"s"
"PhonAlign",710.01,710.0699999999999,"p"
"PhonAlign",710.0699999999999,710.2199999999999,"E"
"PhonAlign",710.2199999999999,710.4499999999999,"k"
"PhonAlign",710.4499999999999,710.64,"t"
"PhonAlign",710.64,710.67,"i"
"PhonAlign",710.67,710.78,"v"
"PhonAlign",710.78,710.81,"m"
"PhonAlign",710.81,710.8399999999999,"E"
"PhonAlign",710.8399999999999,710.87,"l"
"PhonAlign",710.87,710.9,"g"
"PhonAlign",710.9,710.93,"i"
"PhonAlign",710.93,710.9699999999999,"b"
"PhonAlign",710.9699999999999,711.03,"s"
"PhonAlign",711.03,711.06,"O/"
"PhonAlign",711.06,711.1,"n"
"PhonAlign",711.1,736.288402,"#"
"PhonAlign",736.288402,737.091559,"laugh"
"PhonAlign",737.091559,737.191559,"laugh"
"PhonAlign",737.191559,737.231559,"w"
"PhonAlign",737.231559,737.2615589999999,"E"
"PhonAlign",737.2615589999999,737.461559,"s"
"PhonAlign",737.461559,737.6515589999999,"A/"
"PhonAlign",737.6515589999999,737.731559,"v"
"PhonAlign",737.731559,737.811559,"A/"
"PhonAlign",737.811559,737.8615589999999,"f"
"PhonAlign",737.8615589999999,737.911559,"E"
"PhonAlign",737.911559,737.961559,"R"
"PhonAlign",737.961559,738.0215589999999,"b"
"PhonAlign",738.0215589999999,738.101559,"O/"
"PhonAlign",738.101559,738.161559,"k"
"PhonAlign",738.161559,738.301559,"u"
"PhonAlign",738.301559,738.331559,"k"
"PhonAlign",738.331559,738.3615589999999,"a~"
"PhonAlign",738.3615589999999,738.704852,"t"
"PhonAlign",738.704852,753.334487,"#"
"PhonAlign",753.334487,753.4944869999999,"w"
"PhonAlign",753.4944869999999,753.594487,"E"
"PhonAlign",753.594487,753.6244869999999,"w"
"PhonAlign",753.6244869999999,754.294487,"E"
"PhonAlign",754.294487,754.3644869999999,"w"
"PhonAlign",754.3644869999999,754.452793,"E"
"PhonAlign",754.452793,758.497119,"#"
"PhonAlign",758.497119,758.667119,"w"
"PhonAlign",758.667119,759.147119,"E"
"PhonAlign",759.147119,759.177119,"w"
"PhonAlign",759.177119,759.227119,"E"
"PhonAlign",759.227119,759.257119,"w"
"PhonAlign",759.257119,759.377097,"E"
"PhonAlign",759.377097,762.39016,"#"
"PhonAlign",762.39016,763.415692,"laugh"
"PhonAlign",763.415692,765.08716,"#"
"PhonAlign",765.08716,766.220981,"laugh"
"PhonAlign",766.220981,766.875243,"#"
"PhonAlign",766.875243,766.9352429999999,"O/"
"PhonAlign",766.9352429999999,767.2952429999999,"k"
"PhonAlign",767.2952429999999,767.475,"E"
"PhonAlign",767.475,767.85,"#"
"PhonAlign",767.85,768.16,"fp"
"PhonAlign",768.16,768.21,"b"
"PhonAlign",768.21,768.39,"O~"
"PhonAlign",768.39,768.4300000000001,"Z"
"PhonAlign",768.4300000000001,768.5,"v"
"PhonAlign",768.5,768.53,"u"
"PhonAlign",768.53,768.58,"z"
"PhonAlign",768.58,768.65,"A/"
"PhonAlign",768.65,768.69,"v"
"PhonAlign",768.69,768.74,"u"
"PhonAlign",768.74,768.77,"k"
"PhonAlign",768.77,768.8100000000001,"Z"
"PhonAlign",768.8100000000001,768.9300000000001,"e"
"PhonAlign",768.9300000000001,769.0400000000001,"A/"
"PhonAlign",769.0400000000001,769.1,"p"
"PhonAlign",769.1,769.13,"s"
"PhonAlign",769.13,769.16,"O/"
"PhonAlign",769.16,769.19,"l"
"PhonAlign",769.19,769.22,"y"
"PhonAlign",769.22,769.25,"m"
"PhonAlign",769.25,769.33,"a~"
"PhonAlign",769.33,769.41,"p"
"PhonAlign",769.41,769.44,"E"
"PhonAlign",769.44,769.53,"R"
"PhonAlign",769.53,769.5600000000001,"d"
"PhonAlign",769.5600000000001,769.59,"y"
"PhonAlign",769.59,769.6800000000001,"l"
"PhonAlign",769.6800000000001,770.02,"@"
"PhonAlign",770.02,770.1800000000001,"f"
"PhonAlign",770.1800000000001,770.32,"i"
"PhonAlign",770.32,770.39,"l"
"PhonAlign",770.39,770.6,"laugh"
"PhonAlign",770.6,770.8000000000001,"d"
"PhonAlign",770.8000000000001,770.95,"@"
"PhonAlign",770.95,771.23,"l"
"PhonAlign",771.23,771.38,"9"
"PhonAlign",771.38,771.46,"R"
"PhonAlign",771.46,771.51,"m"
"PhonAlign",771.51,771.69,"E"
"PhonAlign",771.69,771.78,"z"
"PhonAlign",771.78,771.85,"Z"
"PhonAlign",771.85,771.95,"@"
"PhonAlign",771.95,772.02,"v"
"PhonAlign",772.02,772.1800000000001,"E"
"PhonAlign",772.1800000000001,772.22,"p"
"PhonAlign",772.22,772.41,"A/"
"PhonAlign",772.41,772.44,"R"
"PhonAlign",772.44,772.47,"l"
"PhonAlign",772.47,772.57,"e"
"PhonAlign",772.57,772.6,"d"
"PhonAlign",772.6,772.63,"k"
"PhonAlign",772.63,772.66,"l"
"PhonAlign",772.66,772.74,"A/"
"PhonAlign",772.74,772.89,"s"
"PhonAlign",772.89,772.94,"i"
"PhonAlign",772.94,772.975,"k"
"PhonAlign",772.975,773.391786,"#"
"PhonAlign",773.391786,773.501786,"p"
"PhonAlign",773.501786,773.551786,"R"
"PhonAlign",773.551786,773.611786,"s"
"PhonAlign",773.611786,773.651786,"k"
"PhonAlign",773.651786,773.731786,"@"
"PhonAlign",773.731786,773.811786,"k"
"PhonAlign",773.811786,773.941786,"a~"
"PhonAlign",773.941786,773.981786,"m"
"PhonAlign",773.981786,774.0817860000001,"E"
"PhonAlign",774.0817860000001,774.161786,"m"
"PhonAlign",774.161786,774.231786,"@"
"PhonAlign",774.231786,774.671786,"#"
"PhonAlign",774.671786,774.761786,"s"
"PhonAlign",774.761786,774.811786,"e"
"PhonAlign",774.811786,774.901786,"k"
"PhonAlign",774.901786,774.9617860000001,"a~"
"PhonAlign",774.9617860000001,774.991786,"m"
"PhonAlign",774.991786,775.031786,"E"
"PhonAlign",775.031786,775.111786,"m"
"PhonAlign",775.111786,775.201786,"m"
"PhonAlign",775.201786,775.251786,"A/"
"PhonAlign",775.251786,775.281786,"l"
"PhonAlign",775.281786,775.3417860000001,"2"
"PhonAlign",775.3417860000001,775.511786,"R"
"PhonAlign",775.511786,775.665,"2"
"PhonAlign",775.665,775.865,"#"
"PhonAlign",775.865,775.9350000000001,"k"
"PhonAlign",775.9350000000001,776.075,"O~"
"PhonAlign",776.075,776.105,"R"
"PhonAlign",776.105,776.135,"@"
"PhonAlign",776.135,776.1850000000001,"g"
"PhonAlign",776.1850000000001,776.235,"A/"
"PhonAlign",776.235,776.295,"R"
"PhonAlign",776.295,776.325,"d"
"PhonAlign",776.325,776.385,"@"
"PhonAlign",776.385,776.475,"p"
"PhonAlign",776.475,776.525,"A/"
"PhonAlign",776.525,776.5550000000001,"l"
"PhonAlign",776.5550000000001,776.625,"e"
"PhonAlign",776.625,776.735,"k"
"PhonAlign",776.735,776.765,"l"
"PhonAlign",776.765,776.815,"A/"
"PhonAlign",776.815,776.975,"s"
"PhonAlign",776.975,777.095,"i"
"PhonAlign",777.095,777.226114,"k"
"PhonAlign",777.226114,777.59,"#"
"PhonAlign",777.59,777.63,"p"
"PhonAlign",777.63,777.6600000000001,"A/"
"PhonAlign",777.6600000000001,777.69,"R"
"PhonAlign",777.69,777.77,"s"
"PhonAlign",777.77,777.82,"k"
"PhonAlign",777.82,777.9,"O/"
"PhonAlign",777.9,777.94,"Z"
"PhonAlign",777.94,777.97,"u"
"PhonAlign",777.97,778.12,"R"
"PhonAlign",778.12,778.1800000000001,"d"
"PhonAlign",778.1800000000001,778.33,"y"
"PhonAlign",778.33,778.62,"i"
"PhonAlign",778.62,779.20607,"#"
"PhonAlign",779.20607,779.2460699999999,"m"
"PhonAlign",779.2460699999999,779.29607,"w"
"PhonAlign",779.29607,779.3560699999999,"A/"
"PhonAlign",779.3560699999999,779.3860699999999,"Z"
"PhonAlign",779.3860699999999,779.5160699999999,"a~"
"PhonAlign",779.5160699999999,779.54607,"R"
"PhonAlign",779.54607,779.57607,"2"
"PhonAlign",779.57607,779.6060699999999,"v"
"PhonAlign",779.6060699999999,779.6360699999999,"j"
"PhonAlign",779.6360699999999,779.67607,"U~/"
"PhonAlign",779.67607,779.81607,"t"
"PhonAlign",779.81607,779.8860699999999,"u"
"PhonAlign",779.8860699999999,779.91607,"j"
"PhonAlign",779.91607,779.96607,"u"
"PhonAlign",779.96607,779.9960699999999,"R"
"PhonAlign",779.9960699999999,780.06607,"O/"
"PhonAlign",780.06607,780.18607,"t"
"PhonAlign",780.18607,780.27607,"O/"
"PhonAlign",780.27607,780.32607,"p"
"PhonAlign",780.32607,780.43607,"s"
"PhonAlign",780.43607,780.5060699999999,"a~"
"PhonAlign",780.5060699999999,780.65607,"O~"
"PhonAlign",780.65607,780.7360699999999,"z"
"PhonAlign",780.7360699999999,780.7660699999999,"d"
"PhonAlign",780.7660699999999,780.80607,"@"
"PhonAlign",780.80607,780.90607,"s"
"PhonAlign",780.90607,780.9960699999999,"a~"
"PhonAlign",780.9960699999999,781.06607,"s"
"PhonAlign",781.06607,781.1160699999999,"k"
"PhonAlign",781.1160699999999,781.14607,"R"
"PhonAlign",781.14607,781.2260699999999,"i"
"PhonAlign",781.2260699999999,781.33607,"t"
"PhonAlign",781.33607,781.4760699999999,"i"
"PhonAlign",781.4760699999999,781.576105,"k"
"PhonAlign",781.576105,782.07,"#"
"PhonAlign",782.07,782.11,"k"
"PhonAlign",782.11,782.1400000000001,"p"
"PhonAlign",782.1400000000001,782.1700000000001,"u"
"PhonAlign",782.1700000000001,782.2,"R"
"PhonAlign",782.2,782.24,"m"
"PhonAlign",782.24,782.3100000000001,"w"
"PhonAlign",782.3100000000001,782.6400000000001,"A/"
"PhonAlign",782.6400000000001,782.88,"E"
"PhonAlign",782.88,782.9100000000001,"s"
"PhonAlign",782.9100000000001,783.4300000000001,"t"
"PhonAlign",783.4300000000001,783.6,"@"
"PhonAlign",783.6,783.7,"l"
"PhonAlign",783.7,783.8000000000001,"A/"
"PhonAlign",783.8000000000001,783.88,"b"
"PhonAlign",783.88,783.9200000000001,"A/"
"PhonAlign",783.9200000000001,784.1400000000001,"z"
"PhonAlign",784.1400000000001,784.21,"@"
"PhonAlign",784.21,784.3000000000001,"n"
"PhonAlign",784.3000000000001,784.4300000000001,"a~"
"PhonAlign",784.4300000000001,784.5100000000001,"m"
"PhonAlign",784.5100000000001,784.5500000000001,"E"
"PhonAlign",784.5500000000001,784.6400000000001,"s"
"PhonAlign",784.6400000000001,784.6800000000001,"e"
"PhonAlign",784.6800000000001,784.71,"v"
"PhonAlign",784.71,784.7600000000001,"R"
"PhonAlign",784.7600000000001,784.8100000000001,"E"
"PhonAlign",784.8100000000001,784.9200000000001,"k"
"PhonAlign",784.9200000000001,784.99,"@"
"PhonAlign",784.99,785.09,"s"
"PhonAlign",785.09,785.1800000000001,"e"
"PhonAlign",785.1800000000001,785.2700000000001,"d"
"PhonAlign",785.2700000000001,785.35,"e"
"PhonAlign",785.35,785.4200000000001,"t"
"PhonAlign",785.4200000000001,785.49,"R"
"PhonAlign",785.49,785.58,"y"
"PhonAlign",785.58,785.62,"k"
"PhonAlign",785.62,785.6800000000001,"k"
"PhonAlign",785.6800000000001,785.7700000000001,"O/"
"PhonAlign",785.7700000000001,785.87,"m"
"PhonAlign",785.87,786.14,"fp"
"PhonAlign",786.14,786.27,"#"
"PhonAlign",786.27,786.47,"b"
"PhonAlign",786.47,786.77,"O/"
"PhonAlign",786.77,786.88,"s"
"PhonAlign",786.88,786.91,"e"
"PhonAlign",786.91,786.98,"s"
"PhonAlign",786.98,787.01,"y"
"PhonAlign",787.01,787.05,"R"
"PhonAlign",787.05,787.15,"k"
"PhonAlign",787.15,787.25,"@"
"PhonAlign",787.25,787.31,"d"
"PhonAlign",787.31,787.52,"e"
"PhonAlign",787.52,787.62,"f"
"PhonAlign",787.62,787.66,"i"
"PhonAlign",787.66,787.6899999999999,"l"
"PhonAlign",787.6899999999999,787.77,"m"
"PhonAlign",787.77,787.9399999999999,"t"
"PhonAlign",787.9399999999999,788.03,"A/"
"PhonAlign",788.03,788.0799999999999,"S"
"PhonAlign",788.0799999999999,788.1999999999999,"@"
"PhonAlign",788.1999999999999,788.24,"Z"
"PhonAlign",788.24,788.3199999999999,"A/"
"PhonAlign",788.3199999999999,788.41,"p"
"PhonAlign",788.41,788.46,"O/"
"PhonAlign",788.46,788.52,"n"
"PhonAlign",788.52,788.5699999999999,"E"
"PhonAlign",788.5699999999999,789.0699999999999,"a~"
"PhonAlign",789.0699999999999,789.13,"n"
"PhonAlign",789.13,789.1899999999999,"w"
"PhonAlign",789.1899999999999,789.26,"A/"
"PhonAlign",789.26,789.29,"R"
"PhonAlign",789.29,789.3299999999999,"E"
"PhonAlign",789.3299999999999,789.42,"b"
"PhonAlign",789.42,789.46,"l"
"PhonAlign",789.46,789.86,"a~"
"PhonAlign",789.86,789.96,"m"
"PhonAlign",789.96,790.4399999999999,"y"
"PhonAlign",790.4399999999999,790.67,"E"
"PhonAlign",790.67,790.73,"t"
"PhonAlign",790.73,790.76,"u"
"PhonAlign",790.76,790.79,"n"
"PhonAlign",790.79,790.85,"O/"
"PhonAlign",790.85,791.045,"#"
"PhonAlign",791.045,791.0849999999999,"s"
"PhonAlign",791.0849999999999,791.125,"d"
"PhonAlign",791.125,791.1949999999999,"O/"
"PhonAlign",791.1949999999999,791.265,"n"
"PhonAlign",791.265,791.295,"p"
"PhonAlign",791.295,791.3249999999999,"2"
"PhonAlign",791.3249999999999,791.395,"t"
"PhonAlign",791.395,791.4449999999999,"E"
"PhonAlign",791.4449999999999,791.4749999999999,"t"
"PhonAlign",791.4749999999999,791.505,"R"
"PhonAlign",791.505,791.555,"p"
"PhonAlign",791.555,791.645,"A/"
"PhonAlign",791.645,791.675,"f"
"PhonAlign",791.675,791.765,"O/"
"PhonAlign",791.765,791.795,"R"
"PhonAlign",791.795,791.8549999999999,"s"
"PhonAlign",791.8549999999999,791.895,"E"
"PhonAlign",791.895,791.925,"m"
"PhonAlign",791.925,792.015,"a~"
"PhonAlign",792.015,792.135,"s"
"PhonAlign",792.135,792.2049999999999,"y"
"PhonAlign",792.2049999999999,792.235,"p"
"PhonAlign",792.235,792.305,"E"
"PhonAlign",792.305,792.3349999999999,"R"
"PhonAlign",792.3349999999999,792.4649999999999,"a~"
"PhonAlign",792.4649999999999,792.515,"v"
"PhonAlign",792.515,792.555,"i"
"PhonAlign",792.555,792.645,"O/"
"PhonAlign",792.645,792.675,"g"
"PhonAlign",792.675,792.7049999999999,"R"
"PhonAlign",792.7049999999999,792.775,"a~"
"PhonAlign",792.775,792.875,"p"
"PhonAlign",792.875,792.915,"y"
"PhonAlign",792.915,792.9749999999999,"b"
"PhonAlign",792.9749999999999,793.045,"l"
"PhonAlign",793.045,793.115,"i"
"PhonAlign",793.115,793.2049999999999,"k"
"PhonAlign",793.2049999999999,793.3249999999999,"m"
"PhonAlign",793.3249999999999,793.4649999999999,"E"
"PhonAlign",793.4649999999999,793.505,"v"
"PhonAlign",793.505,793.5849999999999,"w"
"PhonAlign",793.5849999999999,793.615,"A/"
"PhonAlign",793.615,793.645,"l"
"PhonAlign",793.645,793.805,"A/"
"PhonAlign",793.805,793.9449999999999,"s"
"PhonAlign",793.9449999999999,794.145,"e"
"PhonAlign",794.145,794.1949999999999,"l"
"PhonAlign",794.1949999999999,794.265,"O/"
"PhonAlign",794.265,794.3549999999999,"k"
"PhonAlign",794.3549999999999,794.435,"A/"
"PhonAlign",794.435,794.535,"z"
"PhonAlign",794.535,794.5649999999999,"j"
"PhonAlign",794.5649999999999,794.745,"O~"
"PhonAlign",794.745,794.795,"d"
"PhonAlign",794.795,794.905,"@"
"PhonAlign",794.905,794.985,"k"
"PhonAlign",794.985,795.055,"a~"
"PhonAlign",795.055,795.1049999999999,"m"
"PhonAlign",795.1049999999999,795.185,"E"
"PhonAlign",795.185,795.3149999999999,"m"
"PhonAlign",795.3149999999999,795.505,"@"
"PhonAlign",795.505,795.8349999999999,"t"
"PhonAlign",795.8349999999999,795.895,"R"
"PhonAlign",795.895,795.995,"u"
"PhonAlign",795.995,796.025,"v"
"PhonAlign",796.025,796.0849999999999,"e"
"PhonAlign",796.0849999999999,796.135,"d"
"PhonAlign",796.135,796.2249999999999,"e"
"PhonAlign",796.2249999999999,796.365,"f"
"PhonAlign",796.365,796.525,"i"
"PhonAlign",796.525,796.5749999999999,"l"
"PhonAlign",796.5749999999999,796.615,"m"
"PhonAlign",796.615,796.785,"k"
"PhonAlign",796.785,796.97,"i"
"PhonAlign",796.97,797.245,"#"
"PhonAlign",797.245,797.475,"fp"
"PhonAlign",797.475,797.595,"k"
"PhonAlign",797.595,797.655,"@"
"PhonAlign",797.655,797.695,"l"
"PhonAlign",797.695,797.795,"@"
"PhonAlign",797.795,797.845,"Z"
"PhonAlign",797.845,797.995,"a~"
"PhonAlign",797.995,798.195,"i"
"PhonAlign",798.195,798.535,"z"
"PhonAlign",798.535,798.565,"i"
"PhonAlign",798.565,798.595,"R"
"PhonAlign",798.595,798.795,"E"
"PhonAlign",798.795,798.875,"p"
"PhonAlign",798.875,798.965,"A/"
"PhonAlign",798.965,799.005,"f"
"PhonAlign",799.005,799.085,"O/"
"PhonAlign",799.085,799.115,"R"
"PhonAlign",799.115,799.215,"s"
"PhonAlign",799.215,799.255,"E"
"PhonAlign",799.255,799.315,"m"
"PhonAlign",799.315,799.425,"a~"
"PhonAlign",799.425,799.545,"d"
"PhonAlign",799.545,799.635,"@"
"PhonAlign",799.635,799.715,"m"
"PhonAlign",799.715,799.845,"E"
"PhonAlign",799.845,799.965,"m"
"PhonAlign",799.965,800.065,"l"
"PhonAlign",800.065,800.145,"@"
"PhonAlign",800.145,800.255,"S"
"PhonAlign",800.255,800.295,"E"
"PhonAlign",800.295,800.395,"R"
"PhonAlign",800.395,800.485,"S"
"PhonAlign",800.485,800.525,"e"
"PhonAlign",800.525,800.635,"e"
"PhonAlign",800.635,800.675,"l"
"PhonAlign",800.675,800.755,"e"
"PhonAlign",800.755,800.815,"v"
"PhonAlign",800.815,800.915,"w"
"PhonAlign",800.915,800.995,"A/"
"PhonAlign",800.995,801.035,"R"
"PhonAlign",801.035,802.83,"#"
"PhonAlign",802.83,802.89,"w"
"PhonAlign",802.89,803.76,"E"
"PhonAlign",803.76,803.84,"n"
"PhonAlign",803.84,803.9000000000001,"O/"
"PhonAlign",803.9000000000001,803.99,"m"
"PhonAlign",803.99,804.0500000000001,"e"
"PhonAlign",804.0500000000001,804.19,"p"
"PhonAlign",804.19,804.47,"u"
"PhonAlign",804.47,804.59,"R"
"PhonAlign",804.59,804.62,"l"
"PhonAlign",804.62,804.7,"k"
"PhonAlign",804.7,804.9300000000001,"u"
"PhonAlign",804.9300000000001,805.0600000000001,"s"
"PhonAlign",805.0600000000001,805.1600000000001,"e"
"PhonAlign",805.1600000000001,805.3100000000001,"U~/"
"PhonAlign",805.3100000000001,805.34,"d"
"PhonAlign",805.34,805.38,"E"
"PhonAlign",805.38,805.49,"p"
"PhonAlign",805.49,805.5200000000001,"l"
"PhonAlign",805.5200000000001,805.5600000000001,"y"
"PhonAlign",805.5600000000001,805.76,"z"
"PhonAlign",805.76,805.97,"v"
"PhonAlign",805.97,806.01,"y"
"PhonAlign",806.01,820.78,"#"
"PhonAlign",820.78,820.92,"m"
"PhonAlign",820.92,821.0,"E"
"PhonAlign",821.0,821.06,"m"
"PhonAlign",821.06,821.0899999999999,"p"
"PhonAlign",821.0899999999999,821.17,"s"
"PhonAlign",821.17,821.1999999999999,"k"
"PhonAlign",821.1999999999999,821.23,"d"
"PhonAlign",821.23,821.36,"e"
"PhonAlign",821.36,821.4599999999999,"t"
"PhonAlign",821.4599999999999,821.51,"R"
"PhonAlign",821.51,821.5799999999999,"y"
"PhonAlign",821.5799999999999,821.61,"k"
"PhonAlign",821.61,821.68,"Z"
"PhonAlign",821.68,821.8199999999999,"a~"
"PhonAlign",821.8199999999999,821.88,"R"
"PhonAlign",821.88,822.01,"@"
"PhonAlign",822.01,822.99,"#"
"PhonAlign",822.99,823.1800000000001,"w"
"PhonAlign",823.1800000000001,823.34,"E"
"PhonAlign",823.34,823.4,"m"
"PhonAlign",823.4,823.46,"e"
"PhonAlign",823.46,823.54,"t"
"PhonAlign",823.54,823.59,"e"
"PhonAlign",823.59,823.66,"p"
"PhonAlign",823.66,823.69,"A/"
"PhonAlign",823.69,823.79,"O/"
"PhonAlign",823.79,823.83,"b"
"PhonAlign",823.83,823.86,"l"
"PhonAlign",823.86,823.89,"i"
"PhonAlign",823.89,823.92,"Z"
"PhonAlign",823.92,823.97,"e"
"PhonAlign",823.97,824.01,"d"
"PhonAlign",824.01,824.08,"A/"
"PhonAlign",824.08,824.11,"l"
"PhonAlign",824.11,824.16,"e"
"PhonAlign",824.16,824.2,"d"
"PhonAlign",824.2,824.24,"a~"
"PhonAlign",824.24,824.34,"U~/"
"PhonAlign",824.34,824.39,"t"
"PhonAlign",824.39,824.4300000000001,"R"
"PhonAlign",824.4300000000001,824.47,"y"
"PhonAlign",824.47,824.52,"k"
"PhonAlign",824.52,824.55,"g"
"PhonAlign",824.55,824.58,"R"
"PhonAlign",824.58,824.74,"a~"
"PhonAlign",824.74,824.84,"l"
"PhonAlign",824.84,824.94,"u"
"PhonAlign",824.94,825.0,"R"
"PhonAlign",825.0,825.0600000000001,"Z"
"PhonAlign",825.0600000000001,825.24,"a~"
"PhonAlign",825.24,825.27,"R"
"PhonAlign",825.27,825.45,"@"
"PhonAlign",825.45,825.5600000000001,"m"
"PhonAlign",825.5600000000001,825.6800000000001,"O~"
"PhonAlign",825.6800000000001,825.82,"k"
"PhonAlign",825.82,825.87,"i"
"PhonAlign",825.87,825.95,"w"
"PhonAlign",825.95,826.17,"i"
"PhonAlign",826.17,826.37,"k"
"PhonAlign",826.37,826.71,"E"
"PhonAlign",826.71,826.74,"s"
"PhonAlign",826.74,826.83,"b"
"PhonAlign",826.83,826.9300000000001,"i"
"PhonAlign",826.9300000000001,826.96,"l"
"PhonAlign",826.96,827.03,"i"
"PhonAlign",827.03,827.17,"w"
"PhonAlign",827.17,827.24,"A/"
"PhonAlign",827.24,827.32,"j"
"PhonAlign",827.32,827.35,"l"
"PhonAlign",827.35,827.4,"d"
"PhonAlign",827.4,827.54,"9"
"PhonAlign",827.54,827.59,"R"
"PhonAlign",827.59,827.65,"m"
"PhonAlign",827.65,827.76,"e"
"PhonAlign",827.76,827.82,"d"
"PhonAlign",827.82,827.92,"t"
"PhonAlign",827.92,827.95,"R"
"PhonAlign",827.95,827.98,"y"
"PhonAlign",827.98,828.01,"k"
"PhonAlign",828.01,828.04,"m"
"PhonAlign",828.04,828.14,"e"
"PhonAlign",828.14,828.25,"z"
"PhonAlign",828.25,828.4300000000001,"U~/"
"PhonAlign",828.4300000000001,828.48,"k"
"PhonAlign",828.48,828.6,"R"
"PhonAlign",828.6,828.66,"w"
"PhonAlign",828.66,828.71,"A/"
"PhonAlign",828.71,828.77,"j"
"PhonAlign",828.77,828.91,"A/"
"PhonAlign",828.91,828.98,"b"
"PhonAlign",828.98,829.105,"l"
"PhonAlign",829.105,830.05,"#"
"PhonAlign",830.05,830.12,"d"
"PhonAlign",830.12,830.15,"A/"
"PhonAlign",830.15,830.27,"k"
"PhonAlign",830.27,830.3,"O/"
"PhonAlign",830.3,830.3299999999999,"R"
"PhonAlign",830.3299999999999,830.4,"t"
"PhonAlign",830.4,830.4399999999999,"A/"
"PhonAlign",830.4399999999999,830.49,"d"
"PhonAlign",830.49,830.55,"i"
"PhonAlign",830.55,830.5799999999999,"k"
"PhonAlign",830.5799999999999,830.6099999999999,"w"
"PhonAlign",830.6099999999999,830.81,"A/"
"PhonAlign",830.81,832.133477,"#"
"PhonAlign",832.133477,833.582813,"laugh"
"PhonAlign",833.582813,834.292813,"laugh"
"PhonAlign",834.292813,834.422813,"A/"
"PhonAlign",834.422813,834.452813,"w"
"PhonAlign",834.452813,834.602813,"E"
"PhonAlign",834.602813,834.652813,"S"
"PhonAlign",834.652813,834.732813,"k"
"PhonAlign",834.732813,834.7628129999999,"O/"
"PhonAlign",834.7628129999999,834.802813,"n"
"PhonAlign",834.802813,834.952813,"E"
"PhonAlign",834.952813,835.002813,"d"
"PhonAlign",835.002813,835.052813,"v"
"PhonAlign",835.052813,835.1328129999999,"g"
"PhonAlign",835.1328129999999,835.332813,"R"
"PhonAlign",835.332813,835.432813,"i"
"PhonAlign",835.432813,835.482813,"f"
"PhonAlign",835.482813,835.592813,"i"
"PhonAlign",835.592813,835.79,"t"
"PhonAlign",835.79,835.98644,"#"
"PhonAlign",835.98644,836.308838,"laugh"
"PhonAlign",836.308838,836.740527,"#"
"PhonAlign",836.740527,837.110527,"n"
"PhonAlign",837.110527,837.3405270000001,"a~"
"PhonAlign",837.3405270000001,837.400527,"m"
"PhonAlign",837.400527,837.480527,"E"
"PhonAlign",837.480527,837.510527,"v"
"PhonAlign",837.510527,837.5705270000001,"w"
"PhonAlign",837.5705270000001,837.600527,"A/"
"PhonAlign",837.600527,837.630527,"l"
"PhonAlign",837.630527,837.730527,"A/"
"PhonAlign",837.730527,837.780527,"t"
"PhonAlign",837.780527,837.8205270000001,"j"
"PhonAlign",837.8205270000001,837.850527,"v"
"PhonAlign",837.850527,837.910527,"w"
"PhonAlign",837.910527,837.9605270000001,"A/"
"PhonAlign",837.9605270000001,838.350527,"j"
"PhonAlign",838.350527,838.390527,"A/"
"PhonAlign",838.390527,838.4605270000001,"p"
"PhonAlign",838.4605270000001,838.490527,"l"
"PhonAlign",838.490527,838.5805270000001,"U~/"
"PhonAlign",838.5805270000001,838.610527,"d"
"PhonAlign",838.610527,838.640527,"t"
"PhonAlign",838.640527,838.6905270000001,"R"
"PhonAlign",838.6905270000001,838.740527,"y"
"PhonAlign",838.740527,838.910527,"k"
"PhonAlign",838.910527,839.000527,"s"
"PhonAlign",839.000527,839.030527,"e"
"PhonAlign",839.030527,839.0705270000001,"p"
"PhonAlign",839.0705270000001,839.1805270000001,"A/"
"PhonAlign",839.1805270000001,839.2105270000001,"p"
"PhonAlign",839.2105270000001,839.290527,"A/"
"PhonAlign",839.290527,839.360527,"s"
"PhonAlign",839.360527,839.410527,"k"
"PhonAlign",839.410527,839.4405270000001,"@"
"PhonAlign",839.4405270000001,839.540527,"s"
"PhonAlign",839.540527,839.5805270000001,"e"
"PhonAlign",839.5805270000001,839.630527,"d"
"PhonAlign",839.630527,839.750527,"e"
"PhonAlign",839.750527,839.790527,"k"
"PhonAlign",839.790527,839.8205270000001,"l"
"PhonAlign",839.8205270000001,839.890527,"A/"
"PhonAlign",839.890527,840.010527,"s"
"PhonAlign",840.010527,840.120527,"i"
"PhonAlign",840.120527,840.160527,"k"
"PhonAlign",840.160527,840.240527,"k"
"PhonAlign",840.240527,840.280527,"@"
"PhonAlign",840.280527,840.410527,"s"
"PhonAlign",840.410527,840.4605270000001,"e"
"PhonAlign",840.4605270000001,840.530527,"Z"
"PhonAlign",840.530527,840.8405270000001,"a~"
"PhonAlign",840.8405270000001,840.9305270000001,"R"
"PhonAlign",840.9305270000001,841.050527,"l"
"PhonAlign",841.050527,841.380527,"u"
"PhonAlign",841.380527,841.420527,"R"
"PhonAlign",841.420527,841.5605270000001,"e"
"PhonAlign",841.5605270000001,841.670527,"l"
"PhonAlign",841.670527,842.175,"O~"
"PhonAlign",842.175,842.53,"#"
"PhonAlign",842.53,842.64,"Z"
"PhonAlign",842.64,842.76,"a~"
"PhonAlign",842.76,842.79,"R"
"PhonAlign",842.79,842.86,"b"
"PhonAlign",842.86,842.9399999999999,"i"
"PhonAlign",842.9399999999999,843.01,"l"
"PhonAlign",843.01,843.115,"i"
"PhonAlign",843.115,844.635,"#"
"PhonAlign",844.635,844.745,"A/"
"PhonAlign",844.745,844.905,"U~/"
"PhonAlign",844.905,844.965,"n"
"PhonAlign",844.965,845.005,"p"
"PhonAlign",845.005,845.135,"2"
"PhonAlign",845.135,845.215,"k"
"PhonAlign",845.215,845.245,"a~"
"PhonAlign",845.245,845.275,"m"
"PhonAlign",845.275,845.355,"E"
"PhonAlign",845.355,845.44,"m"
"PhonAlign",845.44,845.83,"#"
"PhonAlign",845.83,846.01,"A/"
"PhonAlign",846.01,846.0400000000001,"w"
"PhonAlign",846.0400000000001,846.07,"E"
"PhonAlign",846.07,846.35,"n"
"PhonAlign",846.35,846.48,"O/"
"PhonAlign",846.48,846.6700000000001,"E"
"PhonAlign",846.6700000000001,846.8000000000001,"d"
"PhonAlign",846.8000000000001,846.87,"O~"
"PhonAlign",846.87,846.95,"k"
"PhonAlign",846.95,847.13,"U~/"
"PhonAlign",847.13,847.1800000000001,"p"
"PhonAlign",847.1800000000001,847.34,"2"
"PhonAlign",847.34,847.57,"k"
"PhonAlign",847.57,847.6,"a~"
"PhonAlign",847.6,847.72,"t"
"PhonAlign",847.72,847.75,"m"
"PhonAlign",847.75,847.89,"E"
"PhonAlign",847.89,848.0200000000001,"m"
"PhonAlign",848.0200000000001,848.135,"@"
"PhonAlign",848.135,849.32,"#"
"PhonAlign",849.32,849.47,"a~"
"PhonAlign",849.47,849.5200000000001,"f"
"PhonAlign",849.5200000000001,849.62,"U~/"
"PhonAlign",849.62,849.71,"i"
"PhonAlign",849.71,849.74,"t"
"PhonAlign",849.74,849.8900000000001,"i"
"PhonAlign",849.8900000000001,849.96,"e"
"PhonAlign",849.96,850.0200000000001,"t"
"PhonAlign",850.0200000000001,850.09,"R"
"PhonAlign",850.09,850.1600000000001,"e"
"PhonAlign",850.1600000000001,850.23,"k"
"PhonAlign",850.23,850.35,"u"
"PhonAlign",850.35,850.495,"l"
"PhonAlign",850.495,850.92,"#"
"PhonAlign",850.92,851.12,"m"
"PhonAlign",851.12,851.2099999999999,"E"
"PhonAlign",851.2099999999999,851.24,"t"
"PhonAlign",851.24,851.3299999999999,"m"
"PhonAlign",851.3299999999999,851.5999999999999,"@"
"PhonAlign",851.5999999999999,851.66,"d"
"PhonAlign",851.66,851.7299999999999,"i"
"PhonAlign",851.7299999999999,851.9799999999999,"z"
"PhonAlign",851.9799999999999,852.3399999999999,"U~/"
"PhonAlign",852.3399999999999,852.37,"v"
"PhonAlign",852.37,852.66,"a~"
"PhonAlign",852.66,852.6999999999999,"d"
"PhonAlign",852.6999999999999,852.89,"R"
"PhonAlign",852.89,852.93,"2"
"PhonAlign",852.93,852.9799999999999,"d"
"PhonAlign",852.9799999999999,853.04,"i"
"PhonAlign",853.04,853.18,"s"
"PhonAlign",853.18,853.28,"w"
"PhonAlign",853.28,853.43,"A/"
"PhonAlign",853.43,853.51,"R"
"PhonAlign",853.51,853.67,"f"
"PhonAlign",853.67,853.91,"U~/"
"PhonAlign",853.91,853.99,"n"
"PhonAlign",853.99,854.15,"t"
"PhonAlign",854.15,854.18,"j"
"PhonAlign",854.18,854.2299999999999,"U~/"
"PhonAlign",854.2299999999999,854.29,"O~"
"PhonAlign",854.29,854.3199999999999,"v"
"PhonAlign",854.3199999999999,854.37,"A/"
"PhonAlign",854.37,854.4,"A/"
"PhonAlign",854.4,854.4799999999999,"U~/"
"PhonAlign",854.4799999999999,854.54,"f"
"PhonAlign",854.54,854.62,"E"
"PhonAlign",854.62,854.67,"s"
"PhonAlign",854.67,854.7099999999999,"t"
"PhonAlign",854.7099999999999,854.76,"i"
"PhonAlign",854.76,854.79,"v"
"PhonAlign",854.79,854.87,"A/"
"PhonAlign",854.87,854.9,"l"
"PhonAlign",854.9,854.99,"d"
"PhonAlign",854.99,855.29,"@"
"PhonAlign",855.29,855.42,"f"
"PhonAlign",855.42,855.52,"i"
"PhonAlign",855.52,855.55,"l"
"PhonAlign",855.55,855.65,"m"
"PhonAlign",855.65,855.6899999999999,"U~/"
"PhonAlign",855.6899999999999,855.88,"p"
"PhonAlign",855.88,856.0799999999999,"t"
"PhonAlign",856.0799999999999,856.12,"i"
"PhonAlign",856.12,856.2299999999999,"t"
"PhonAlign",856.2299999999999,856.49,"s"
"PhonAlign",856.49,856.52,"i"
"PhonAlign",856.52,856.55,"t"
"PhonAlign",856.55,856.5799999999999,"i"
"PhonAlign",856.5799999999999,856.64,"z"
"PhonAlign",856.64,856.6999999999999,"E"
"PhonAlign",856.6999999999999,856.78,"n"
"PhonAlign",856.78,856.89,"k"
"PhonAlign",856.89,856.92,"a~"
"PhonAlign",856.92,857.17,"e"
"PhonAlign",857.17,858.06,"#"
"PhonAlign",858.06,858.25,"b"
"PhonAlign",858.25,858.42,"O/"
"PhonAlign",858.42,858.4599999999999,"f"
"PhonAlign",858.4599999999999,858.6199999999999,"t"
"PhonAlign",858.6199999999999,858.65,"v"
"PhonAlign",858.65,858.68,"w"
"PhonAlign",858.68,858.7099999999999,"A/"
"PhonAlign",858.7099999999999,858.77,"U~/"
"PhonAlign",858.77,858.9399999999999,"p"
"PhonAlign",858.9399999999999,858.9799999999999,"t"
"PhonAlign",858.9799999999999,859.02,"i"
"PhonAlign",859.02,859.16,"t"
"PhonAlign",859.16,859.2199999999999,"b"
"PhonAlign",859.2199999999999,859.31,"i"
"PhonAlign",859.31,859.3399999999999,"l"
"PhonAlign",859.3399999999999,859.4,"i"
"PhonAlign",859.4,859.53,"w"
"PhonAlign",859.53,859.5799999999999,"A/"
"PhonAlign",859.5799999999999,859.6099999999999,"j"
"PhonAlign",859.6099999999999,859.66,"l"
"PhonAlign",859.66,859.7199999999999,"d"
"PhonAlign",859.7199999999999,859.8,"9"
"PhonAlign",859.8,859.8499999999999,"R"
"PhonAlign",859.8499999999999,859.88,"l"
"PhonAlign",859.88,859.9499999999999,"A/"
"PhonAlign",859.9499999999999,860.06,"y"
"PhonAlign",860.06,860.1099999999999,"n"
"PhonAlign",860.1099999999999,860.1899999999999,"9"
"PhonAlign",860.1899999999999,860.2399999999999,"R"
"PhonAlign",860.2399999999999,860.3,"E"
"PhonAlign",860.3,860.3499999999999,"d"
"PhonAlign",860.3499999999999,860.4,"m"
"PhonAlign",860.4,860.4799999999999,"i"
"PhonAlign",860.4799999999999,860.53,"d"
"PhonAlign",860.53,860.6099999999999,"@"
"PhonAlign",860.6099999999999,860.7099999999999,"p"
"PhonAlign",860.7099999999999,860.8199999999999,"A/"
"PhonAlign",860.8199999999999,860.9499999999999,"p"
"PhonAlign",860.9499999999999,861.1099999999999,"A/"
"PhonAlign",861.1099999999999,861.17,"p"
"PhonAlign",861.17,861.27,"A/"
"PhonAlign",861.27,861.3399999999999,"p"
"PhonAlign",861.3399999999999,861.3699999999999,"#"
"PhonAlign",861.3699999999999,861.4,"l"
"PhonAlign",861.4,861.5,"d"
"PhonAlign",861.5,861.5699999999999,"A/"
"PhonAlign",861.5699999999999,861.5999999999999,"l"
"PhonAlign",861.5999999999999,861.67,"O/"
"PhonAlign",861.67,861.78,"g"
"PhonAlign",861.78,861.91,"k"
"PhonAlign",861.91,862.01,"i"
"PhonAlign",862.01,862.3,"fp"
"PhonAlign",862.3,862.3299999999999,"#"
"PhonAlign",862.3299999999999,862.41,"s"
"PhonAlign",862.41,862.5,"a~"
"PhonAlign",862.5,862.6099999999999,"s"
"PhonAlign",862.6099999999999,862.6999999999999,"E"
"PhonAlign",862.6999999999999,862.8699999999999,"s"
"PhonAlign",862.8699999999999,863.41,"fp"
"PhonAlign",863.41,863.4899999999999,"e"
"PhonAlign",863.4899999999999,863.5899999999999,"k"
"PhonAlign",863.5899999999999,863.7299999999999,"@"
"PhonAlign",863.7299999999999,863.77,"d"
"PhonAlign",863.77,863.8,"t"
"PhonAlign",863.8,863.8599999999999,"R"
"PhonAlign",863.8599999999999,863.92,"y"
"PhonAlign",863.92,863.9499999999999,"k"
"PhonAlign",863.9499999999999,863.9899999999999,"Z"
"PhonAlign",863.9899999999999,864.1099999999999,"a~"
"PhonAlign",864.1099999999999,864.15,"R"
"PhonAlign",864.15,864.3599999999999,"i"
"PhonAlign",864.3599999999999,864.39,"l"
"PhonAlign",864.39,864.51,"A/"
"PhonAlign",864.51,864.5699999999999,"R"
"PhonAlign",864.5699999999999,864.94,"a~"
"PhonAlign",864.94,865.565,"#"
"PhonAlign",865.565,865.6450000000001,"a~"
"PhonAlign",865.6450000000001,865.6750000000001,"f"
"PhonAlign",865.6750000000001,865.705,"U~/"
"PhonAlign",865.705,865.735,"v"
"PhonAlign",865.735,865.7750000000001,"l"
"PhonAlign",865.7750000000001,865.8950000000001,"A/"
"PhonAlign",865.8950000000001,865.9250000000001,"m"
"PhonAlign",865.9250000000001,865.955,"w"
"PhonAlign",865.955,865.985,"A/"
"PhonAlign",865.985,866.0450000000001,"S"
"PhonAlign",866.0450000000001,866.075,"t"
"PhonAlign",866.075,866.105,"R"
"PhonAlign",866.105,866.1350000000001,"u"
"PhonAlign",866.1350000000001,866.1650000000001,"v"
"PhonAlign",866.1650000000001,866.215,"k"
"PhonAlign",866.215,866.2550000000001,"@"
"PhonAlign",866.2550000000001,866.2950000000001,"l"
"PhonAlign",866.2950000000001,866.375,"e"
"PhonAlign",866.375,866.445,"k"
"PhonAlign",866.445,866.475,"l"
"PhonAlign",866.475,866.5350000000001,"A/"
"PhonAlign",866.5350000000001,866.6450000000001,"s"
"PhonAlign",866.6450000000001,866.725,"i"
"PhonAlign",866.725,866.7650000000001,"k"
"PhonAlign",866.7650000000001,866.8950000000001,"e"
"PhonAlign",866.8950000000001,866.955,"d"
"PhonAlign",866.955,867.0350000000001,"O~"
"PhonAlign",867.0350000000001,867.085,"k"
"PhonAlign",867.085,867.1850000000001,"O~"
"PhonAlign",867.1850000000001,867.2850000000001,"p"
"PhonAlign",867.2850000000001,867.4350000000001,"2"
"PhonAlign",867.4350000000001,867.495,"t"
"PhonAlign",867.495,867.5250000000001,"p"
"PhonAlign",867.5250000000001,867.575,"R"
"PhonAlign",867.575,867.695,"a~"
"PhonAlign",867.695,867.735,"d"
"PhonAlign",867.735,867.875,"R"
"PhonAlign",867.875,867.965,"p"
"PhonAlign",867.965,868.0150000000001,"2"
"PhonAlign",868.0150000000001,868.0550000000001,"t"
"PhonAlign",868.0550000000001,868.085,"E"
"PhonAlign",868.085,868.125,"t"
"PhonAlign",868.125,868.168374,"R"
"PhonAlign",868.168374,868.49,"#"
"PhonAlign",868.49,868.75,"U~/"
"PhonAlign",868.75,868.83,"d"
"PhonAlign",868.83,868.89,"@"
"PhonAlign",868.89,869.01,"S"
"PhonAlign",869.01,869.09,"A/"
"PhonAlign",869.09,869.25,"k"
"PhonAlign",869.25,869.42,"@"
"PhonAlign",869.42,869.55,"Z"
"PhonAlign",869.55,869.74,"a~"
"PhonAlign",869.74,869.81,"R"
"PhonAlign",869.81,870.095,"#"
"PhonAlign",870.095,870.135,"b"
"PhonAlign",870.135,870.225,"O/"
"PhonAlign",870.225,870.335,"s"
"PhonAlign",870.335,870.4150000000001,"s"
"PhonAlign",870.4150000000001,870.455,"R"
"PhonAlign",870.455,870.485,"E"
"PhonAlign",870.485,870.5550000000001,"U~/"
"PhonAlign",870.5550000000001,870.635,"p"
"PhonAlign",870.635,870.6850000000001,"2"
"PhonAlign",870.6850000000001,870.745,"k"
"PhonAlign",870.745,870.815,"O~"
"PhonAlign",870.815,870.855,"p"
"PhonAlign",870.855,870.885,"l"
"PhonAlign",870.885,870.9150000000001,"i"
"PhonAlign",870.9150000000001,871.005,"k"
"PhonAlign",871.005,871.125,"e"
"PhonAlign",871.125,871.215,"m"
"PhonAlign",871.215,871.395,"E"
"PhonAlign",871.395,871.455,"y"
"PhonAlign",871.455,871.515,"n"
"PhonAlign",871.515,871.615,"k"
"PhonAlign",871.615,871.6850000000001,"O/"
"PhonAlign",871.6850000000001,871.725,"m"
"PhonAlign",871.725,871.825,"e"
"PhonAlign",871.825,871.895,"d"
"PhonAlign",871.895,872.245,"i"
"PhonAlign",872.245,872.715,"U~/"
"PhonAlign",872.715,872.845,"f"
"PhonAlign",872.845,872.9350000000001,"i"
"PhonAlign",872.9350000000001,872.995,"l"
"PhonAlign",872.995,873.095,"m"
"PhonAlign",873.095,873.125,"p"
"PhonAlign",873.125,873.315,"2"
"PhonAlign",873.315,873.385,"t"
"PhonAlign",873.385,873.455,"E"
"PhonAlign",873.455,873.5550000000001,"t"
"PhonAlign",873.5550000000001,873.655,"R"
"PhonAlign",873.655,874.085,"2"
"PhonAlign",874.085,874.135,"i"
"PhonAlign",874.135,874.255,"s"
"PhonAlign",874.255,874.315,"t"
"PhonAlign",874.315,874.465,"O/"
"PhonAlign",874.465,874.495,"R"
"PhonAlign",874.495,874.705,"i"
"PhonAlign",874.705,874.755,"k"
"PhonAlign",874.755,874.875,"U~/"
"PhonAlign",874.875,875.005,"f"
"PhonAlign",875.005,875.0550000000001,"i"
"PhonAlign",875.0550000000001,875.085,"l"
"PhonAlign",875.085,875.1850000000001,"m"
"PhonAlign",875.1850000000001,875.645,"@"
"PhonAlign",875.645,875.6750000000001,"d"
"PhonAlign",875.6750000000001,875.725,"R"
"PhonAlign",875.725,875.8050000000001,"A/"
"PhonAlign",875.8050000000001,875.845,"m"
"PhonAlign",875.845,875.9250000000001,"A/"
"PhonAlign",875.9250000000001,876.085,"t"
"PhonAlign",876.085,876.275,"i"
"PhonAlign",876.275,876.405,"k"
"PhonAlign",876.405,876.635,"@"
"PhonAlign",876.635,878.99,"#"
"PhonAlign",878.99,879.0600000000001,"m"
"PhonAlign",879.0600000000001,879.11,"w"
"PhonAlign",879.11,879.15,"A/"
"PhonAlign",879.15,879.28,"k"
"PhonAlign",879.28,879.3100000000001,"l"
"PhonAlign",879.3100000000001,879.42,"A/"
"PhonAlign",879.42,879.5600000000001,"s"
"PhonAlign",879.5600000000001,879.83,"i"
"PhonAlign",879.83,879.92,"k"
"PhonAlign",879.92,880.04,"O~"
"PhonAlign",880.04,880.07,"v"
"PhonAlign",880.07,880.17,"A/"
"PhonAlign",880.17,880.22,"d"
"PhonAlign",880.22,880.32,"i"
"PhonAlign",880.32,880.36,"R"
"PhonAlign",880.36,880.65,"A/"
"PhonAlign",880.65,880.7,"v"
"PhonAlign",880.7,880.98,"a~"
"PhonAlign",880.98,881.07,"s"
"PhonAlign",881.07,881.1,"w"
"PhonAlign",881.1,881.13,"A/"
"PhonAlign",881.13,881.22,"s"
"PhonAlign",881.22,881.29,"a~"
"PhonAlign",881.29,881.32,"t"
"PhonAlign",881.32,881.38,"d"
"PhonAlign",881.38,881.47,"i"
"PhonAlign",881.47,881.759199,"s"
"PhonAlign",881.759199,884.37,"#"
"PhonAlign",884.37,884.54,"b"
"PhonAlign",884.54,884.57,"A/"
"PhonAlign",884.57,884.69,"u"
"PhonAlign",884.69,884.74,"i"
"PhonAlign",884.74,884.82,"m"
"PhonAlign",884.82,884.87,"w"
"PhonAlign",884.87,884.92,"A/"
"PhonAlign",884.92,884.98,"k"
"PhonAlign",884.98,885.01,"l"
"PhonAlign",885.01,885.07,"A/"
"PhonAlign",885.07,885.15,"s"
"PhonAlign",885.15,885.21,"i"
"PhonAlign",885.21,885.25,"k"
"PhonAlign",885.25,885.28,"s"
"PhonAlign",885.28,885.33,"e"
"PhonAlign",885.33,885.39,"s"
"PhonAlign",885.39,885.49,"A/"
"PhonAlign",885.49,885.58,"s"
"PhonAlign",885.58,885.61,"e"
"PhonAlign",885.61,885.67,"Z"
"PhonAlign",885.67,885.8100000000001,"a~"
"PhonAlign",885.8100000000001,885.84,"R"
"PhonAlign",885.84,885.94,"@"
"PhonAlign",885.94,886.0,"g"
"PhonAlign",886.0,886.11,"O/"
"PhonAlign",886.11,886.14,"l"
"PhonAlign",886.14,886.18,"d"
"PhonAlign",886.18,886.23,"E"
"PhonAlign",886.23,886.28,"n"
"PhonAlign",886.28,886.3100000000001,"A/"
"PhonAlign",886.3100000000001,886.46,"Z"
"PhonAlign",886.46,886.54,"@"
"PhonAlign",886.54,886.57,"O/"
"PhonAlign",886.57,886.66,"f"
"PhonAlign",886.66,886.83,"O/"
"PhonAlign",886.83,886.86,"l"
"PhonAlign",886.86,886.89,"i"
"PhonAlign",886.89,887.07,"w"
"PhonAlign",887.07,887.1,"u"
"PhonAlign",887.1,887.19,"d"
"PhonAlign",887.19,887.24,"Z"
"PhonAlign",887.24,887.3,"a~"
"PhonAlign",887.3,887.33,"R"
"PhonAlign",887.33,887.36,"l"
"PhonAlign",887.36,887.39,"e"
"PhonAlign",887.39,887.45,"z"
"PhonAlign",887.45,887.5,"A/"
"PhonAlign",887.5,887.53,"n"
"PhonAlign",887.53,887.58,"e"
"PhonAlign",887.58,887.68,"k"
"PhonAlign",887.68,887.77,"A/"
"PhonAlign",887.77,887.83,"R"
"PhonAlign",887.83,888.0,"a~"
"PhonAlign",888.0,888.13,"t"
"PhonAlign",888.13,888.3,"@"
"PhonAlign",888.3,888.38,"t"
"PhonAlign",888.38,888.45,"R"
"PhonAlign",888.45,888.69,"a~"
"PhonAlign",888.69,888.8100000000001,"t"
"PhonAlign",888.8100000000001,889.01,"@"
"PhonAlign",889.01,889.0600000000001,"e"
"PhonAlign",889.0600000000001,889.11,"A/"
"PhonAlign",889.11,889.18,"p"
"PhonAlign",889.18,889.23,"R"
"PhonAlign",889.23,889.3,"e"
"PhonAlign",889.3,889.4,"s"
"PhonAlign",889.4,889.46,"w"
"PhonAlign",889.46,889.49,"A/"
"PhonAlign",889.49,889.61,"s"
"PhonAlign",889.61,889.76,"a~"
"PhonAlign",889.76,889.925045,"t"
"PhonAlign",889.925045,890.55,"#"
"PhonAlign",890.55,890.5899999999999,"t"
"PhonAlign",890.5899999999999,890.62,"R"
"PhonAlign",890.62,890.65,"y"
"PhonAlign",890.65,890.68,"k"
"PhonAlign",890.68,890.7099999999999,"Z"
"PhonAlign",890.7099999999999,890.75,"a~"
"PhonAlign",890.75,890.78,"R"
"PhonAlign",890.78,890.81,"l"
"PhonAlign",890.81,890.8599999999999,"A/"
"PhonAlign",890.8599999999999,890.92,"p"
"PhonAlign",890.92,891.0,"R"
"PhonAlign",891.0,891.03,"2"
"PhonAlign",891.03,891.0899999999999,"m"
"PhonAlign",891.0899999999999,891.12,"j"
"PhonAlign",891.12,891.15,"E"
"PhonAlign",891.15,891.27,"R"
"PhonAlign",891.27,891.3299999999999,"v"
"PhonAlign",891.3299999999999,891.4799999999999,"A/"
"PhonAlign",891.4799999999999,891.6099999999999,"g"
"PhonAlign",891.6099999999999,892.0699999999999,"fp"
"PhonAlign",892.0699999999999,892.0999999999999,"#"
"PhonAlign",892.0999999999999,892.18,"l"
"PhonAlign",892.18,892.2099999999999,"e"
"PhonAlign",892.2099999999999,892.37,"z"
"PhonAlign",892.37,892.75,"fp"
"PhonAlign",892.75,892.88,"#"
"PhonAlign",892.88,892.93,"l"
"PhonAlign",892.93,892.97,"e"
"PhonAlign",892.97,893.03,"p"
"PhonAlign",893.03,893.1,"R"
"PhonAlign",893.1,893.13,"2"
"PhonAlign",893.13,893.18,"m"
"PhonAlign",893.18,893.21,"j"
"PhonAlign",893.21,893.27,"e"
"PhonAlign",893.27,893.34,"m"
"PhonAlign",893.34,893.42,"A/"
"PhonAlign",893.42,893.49,"n"
"PhonAlign",893.49,893.53,"j"
"PhonAlign",893.53,893.66,"A/"
"PhonAlign",893.66,893.76,"E"
"PhonAlign",893.76,893.81,"A/"
"PhonAlign",893.81,893.88,"p"
"PhonAlign",893.88,893.96,"R"
"PhonAlign",893.96,894.28,"E"
"PhonAlign",894.28,894.34,"d"
"PhonAlign",894.34,894.38,"e"
"PhonAlign",894.38,894.4399999999999,"t"
"PhonAlign",894.4399999999999,894.48,"R"
"PhonAlign",894.48,894.51,"y"
"PhonAlign",894.51,894.57,"k"
"PhonAlign",894.57,894.61,"Z"
"PhonAlign",894.61,894.79,"a~"
"PhonAlign",894.79,894.82,"R"
"PhonAlign",894.82,894.86,"@"
"PhonAlign",894.86,894.9399999999999,"s"
"PhonAlign",894.9399999999999,895.0,"k"
"PhonAlign",895.0,895.08,"O/"
"PhonAlign",895.08,895.15,"R"
"PhonAlign",895.15,895.24,"s"
"PhonAlign",895.24,895.43,"E"
"PhonAlign",895.43,895.56,"z"
"PhonAlign",895.56,895.77,"@"
"PhonAlign",895.77,895.85,"l"
"PhonAlign",895.85,896.06,"@"
"PhonAlign",896.06,906.395,"#"
"PhonAlign",906.395,906.475,"A/"
"PhonAlign",906.475,906.535,"p"
"PhonAlign",906.535,906.595,"R"
"PhonAlign",906.595,906.715,"E"
"PhonAlign",906.715,906.815,"w"
"PhonAlign",906.815,907.035,"E"
"PhonAlign",907.035,907.145,"i"
"PhonAlign",907.145,907.265,"l"
"PhonAlign",907.265,907.295,"i"
"PhonAlign",907.295,907.345,"A/"
"PhonAlign",907.345,907.395,"@"
"PhonAlign",907.395,907.425,"d"
"PhonAlign",907.425,907.575,"e"
"PhonAlign",907.575,907.745,"k"
"PhonAlign",907.745,907.775,"l"
"PhonAlign",907.775,907.835,"A/"
"PhonAlign",907.835,907.925,"s"
"PhonAlign",907.925,908.015,"i"
"PhonAlign",908.015,908.065,"k"
"PhonAlign",908.065,908.175,"A/"
"PhonAlign",908.175,908.225,"p"
"PhonAlign",908.225,908.275,"R"
"PhonAlign",908.275,908.525,"E"
"PhonAlign",908.525,908.555,"z"
"PhonAlign",908.555,908.625,"w"
"PhonAlign",908.625,908.655,"E"
"PhonAlign",908.655,908.715,"m"
"PhonAlign",908.715,908.755,"w"
"PhonAlign",908.755,908.825,"A/"
"PhonAlign",908.825,908.925,"k"
"PhonAlign",908.925,908.955,"l"
"PhonAlign",908.955,909.025,"A/"
"PhonAlign",909.025,909.095,"s"
"PhonAlign",909.095,909.175,"i"
"PhonAlign",909.175,909.205,"k"
"PhonAlign",909.205,909.255,"Z"
"PhonAlign",909.255,909.285,"l"
"PhonAlign",909.285,909.345,"A/"
"PhonAlign",909.345,909.375,"v"
"PhonAlign",909.375,909.405,"E"
"PhonAlign",909.405,909.485,"a~"
"PhonAlign",909.485,909.555,"t"
"PhonAlign",909.555,909.635,"a~"
"PhonAlign",909.635,909.685,"d"
"PhonAlign",909.685,909.745,"y"
"PhonAlign",909.745,909.805,"O/"
"PhonAlign",909.805,909.885,"s"
"PhonAlign",909.885,909.985,"a~"
"PhonAlign",909.985,910.065,"z"
"PhonAlign",910.065,910.095,"v"
"PhonAlign",910.095,910.125,"R"
"PhonAlign",910.125,910.165,"E"
"PhonAlign",910.165,910.235,"m"
"PhonAlign",910.235,910.465,"a~"
"PhonAlign",910.465,910.755,"fp"
"PhonAlign",910.755,910.98,"#"
"PhonAlign",910.98,911.04,"l"
"PhonAlign",911.04,911.12,"e"
"PhonAlign",911.12,911.23,"f"
"PhonAlign",911.23,911.31,"i"
"PhonAlign",911.31,911.34,"l"
"PhonAlign",911.34,911.97,"m"
"PhonAlign",911.97,912.17,"z"
"PhonAlign",912.17,912.33,"p"
"PhonAlign",912.33,912.38,"l"
"PhonAlign",912.38,912.41,"y"
"PhonAlign",912.41,912.73,"v"
"PhonAlign",912.73,912.76,"j"
"PhonAlign",912.76,913.22,"2"
"PhonAlign",913.22,913.26,"z"
"PhonAlign",913.26,914.13,"#"
"PhonAlign",914.13,914.23,"Z"
"PhonAlign",914.23,914.29,"a~"
"PhonAlign",914.29,914.32,"R"
"PhonAlign",914.32,914.35,"l"
"PhonAlign",914.35,914.51,"e"
"PhonAlign",914.51,914.76,"z"
"PhonAlign",914.76,914.79,"l"
"PhonAlign",914.79,915.14,"@"
"PhonAlign",915.14,915.51,"#"
"PhonAlign",915.51,915.58,"l"
"PhonAlign",915.58,915.62,"e"
"PhonAlign",915.62,915.78,"s"
"PhonAlign",915.78,915.81,"t"
"PhonAlign",915.81,915.93,"a~"
"PhonAlign",915.93,916.0,"d"
"PhonAlign",916.0,916.41,"A/"
"PhonAlign",916.41,916.54,"R"
"PhonAlign",916.54,916.63,"d"
"PhonAlign",916.63,916.66,"A/"
"PhonAlign",916.66,916.69,"v"
"PhonAlign",916.69,916.87,"a~"
"PhonAlign",916.87,917.01,"t"
"PhonAlign",917.01,917.04,"v"
"PhonAlign",917.04,917.07,"w"
"PhonAlign",917.07,917.12,"A/"
"PhonAlign",917.12,917.17,"Z"
"PhonAlign",917.17,917.29,"a~"
"PhonAlign",917.29,917.32,"R"
"PhonAlign",917.32,917.55,"@"
"PhonAlign",917.55,917.59,"l"
"PhonAlign",917.59,917.65,"A/"
"PhonAlign",917.65,917.76,"b"
"PhonAlign",917.76,917.92,"A/"
"PhonAlign",917.92,918.08,"z"
"PhonAlign",918.08,918.415,"@"
"PhonAlign",918.415,922.007812,"#"
"PhonAlign",922.007812,922.077812,"w"
"PhonAlign",922.077812,922.277812,"E"
"PhonAlign",922.277812,925.05,"#"
"PhonAlign",925.05,925.13,"b"
"PhonAlign",925.13,925.25,"E"
"PhonAlign",925.25,925.34,"m"
"PhonAlign",925.34,925.41,"e"
"PhonAlign",925.41,925.5,"t"
"PhonAlign",925.5,925.53,"v"
"PhonAlign",925.53,925.57,"w"
"PhonAlign",925.57,925.63,"A/"
"PhonAlign",925.63,925.68,"p"
"PhonAlign",925.68,925.73,"A/"
"PhonAlign",925.73,925.76,"R"
"PhonAlign",925.76,925.79,"E"
"PhonAlign",925.79,925.82,"g"
"PhonAlign",925.82,925.86,"z"
"PhonAlign",925.86,926.0,"a~"
"PhonAlign",926.0,926.04,"p"
"PhonAlign",926.04,926.08,"l"
"PhonAlign",926.08,926.15,"@"
"PhonAlign",926.15,926.23,"m"
"PhonAlign",926.23,926.37,"e"
"PhonAlign",926.37,926.48,"z"
"PhonAlign",926.48,926.59,"m"
"PhonAlign",926.59,926.71,"O~"
"PhonAlign",926.71,926.82,"k"
"PhonAlign",926.82,926.85,"i"
"PhonAlign",926.85,926.88,"@"
"PhonAlign",926.88,926.91,"w"
"PhonAlign",926.91,926.99,"i"
"PhonAlign",926.99,927.05,"k"
"PhonAlign",927.05,927.11,"z"
"PhonAlign",927.11,927.18,"e"
"PhonAlign",927.18,927.25,"b"
"PhonAlign",927.25,927.32,"i"
"PhonAlign",927.32,927.35,"l"
"PhonAlign",927.35,927.41,"i"
"PhonAlign",927.41,927.5,"w"
"PhonAlign",927.5,927.53,"A/"
"PhonAlign",927.53,927.56,"j"
"PhonAlign",927.56,927.61,"l"
"PhonAlign",927.61,927.65,"d"
"PhonAlign",927.65,927.77,"9"
"PhonAlign",927.77,927.8,"R"
"PhonAlign",927.8,927.87,"m"
"PhonAlign",927.87,927.92,"E"
"PhonAlign",927.92,928.04,"s"
"PhonAlign",928.04,928.16,"e"
"PhonAlign",928.16,928.21,"Z"
"PhonAlign",928.21,928.69,"a~"
"PhonAlign",928.69,928.73,"R"
"PhonAlign",928.73,929.39,"#"
"PhonAlign",929.39,929.59,"s"
"PhonAlign",929.59,929.965,"e"
"PhonAlign",929.965,931.24,"#"
"PhonAlign",931.24,931.32,"m"
"PhonAlign",931.32,931.41,"e"
"PhonAlign",931.41,931.49,"s"
"PhonAlign",931.49,931.56,"e"
"PhonAlign",931.56,931.65,"s"
"PhonAlign",931.65,931.7,"e"
"PhonAlign",931.7,931.77,"O/"
"PhonAlign",931.77,931.8,"n"
"PhonAlign",931.8,931.83,"E"
"PhonAlign",931.83,931.86,"t"
"PhonAlign",931.86,931.91,"2"
"PhonAlign",931.91,931.99,"m"
"PhonAlign",931.99,932.1,"a~"
"PhonAlign",932.1,932.16,"Z"
"PhonAlign",932.16,932.27,"a~"
"PhonAlign",932.27,932.33,"R"
"PhonAlign",932.33,932.4,"l"
"PhonAlign",932.4,932.48,"e"
"PhonAlign",932.48,932.63,"p"
"PhonAlign",932.63,932.66,"l"
"PhonAlign",932.66,932.69,"y"
"PhonAlign",932.69,932.72,"g"
"PhonAlign",932.72,932.78,"R"
"PhonAlign",932.78,932.89,"a~"
"PhonAlign",932.89,932.92,"R"
"PhonAlign",932.92,932.95,"E"
"PhonAlign",932.95,932.98,"A/"
"PhonAlign",932.98,933.01,"l"
"PhonAlign",933.01,933.05,"i"
"PhonAlign",933.05,933.11,"z"
"PhonAlign",933.11,933.16,"A/"
"PhonAlign",933.16,933.22,"t"
"PhonAlign",933.22,933.27,"9"
"PhonAlign",933.27,933.31,"R"
"PhonAlign",933.31,933.35,"d"
"PhonAlign",933.35,933.41,"@"
"PhonAlign",933.41,933.47,"k"
"PhonAlign",933.47,933.5,"O/"
"PhonAlign",933.5,933.54,"m"
"PhonAlign",933.54,933.6,"e"
"PhonAlign",933.6,933.63,"d"
"PhonAlign",933.63,933.67,"i"
"PhonAlign",933.67,933.7,"d"
"PhonAlign",933.7,933.79,"@"
"PhonAlign",933.79,933.88,"t"
"PhonAlign",933.88,933.91,"u"
"PhonAlign",933.91,933.94,"l"
"PhonAlign",933.94,933.97,"e"
"PhonAlign",933.97,934.04,"t"
"PhonAlign",934.04,934.24,"a~"
"PhonAlign",934.24,934.28,"Z"
"PhonAlign",934.28,934.33,"a~"
"PhonAlign",934.33,934.36,"R"
"PhonAlign",934.36,934.39,"E"
"PhonAlign",934.39,934.48,"s"
"PhonAlign",934.48,934.52,"e"
"PhonAlign",934.52,934.57,"m"
"PhonAlign",934.57,934.61,"E"
"PhonAlign",934.61,934.67,"m"
"PhonAlign",934.67,934.73,"p"
"PhonAlign",934.73,934.81,"A/"
"PhonAlign",934.81,934.85,"d"
"PhonAlign",934.85,934.88,"R"
"PhonAlign",934.88,935.07,"O/"
"PhonAlign",935.07,935.13,"l"
"PhonAlign",935.13,935.23,"A/"
"PhonAlign",935.23,935.3,"k"
"PhonAlign",935.3,935.36,"E"
"PhonAlign",935.36,935.39,"l"
"PhonAlign",935.39,935.48,"p"
"PhonAlign",935.48,935.56,"w"
"PhonAlign",935.56,935.59,"U~/"
"PhonAlign",935.59,935.63,"i"
"PhonAlign",935.63,935.73,"s"
"PhonAlign",935.73,935.77,"O~"
"PhonAlign",935.77,935.83,"O/"
"PhonAlign",935.83,935.86,"d"
"PhonAlign",935.86,935.95,"s"
"PhonAlign",935.95,935.99,"y"
"PhonAlign",935.99,936.05,"d"
"PhonAlign",936.05,936.11,"t"
"PhonAlign",936.11,936.14,"u"
"PhonAlign",936.14,936.2,"l"
"PhonAlign",936.2,936.24,"m"
"PhonAlign",936.24,936.37,"O~"
"PhonAlign",936.37,936.4,"d"
"PhonAlign",936.4,936.435,"@"
"PhonAlign",936.435,936.77,"#"
"PhonAlign",936.77,936.93,"E"
"PhonAlign",936.93,936.99,"e"
"PhonAlign",936.99,937.09,"s"
"PhonAlign",937.09,937.22,"e"
"PhonAlign",937.22,937.875,"#"
"PhonAlign",937.875,938.215,"A/"
"PhonAlign",938.215,938.275,"n"
"PhonAlign",938.275,938.355,"a~"
"PhonAlign",938.355,938.415,"m"
"PhonAlign",938.415,938.455,"e"
"PhonAlign",938.455,938.555,"z"
"PhonAlign",938.555,938.615,"v"
"PhonAlign",938.615,938.665,"R"
"PhonAlign",938.665,938.735,"E"
"PhonAlign",938.735,938.795,"m"
"PhonAlign",938.795,938.98,"a~"
"PhonAlign",938.98,939.575,"#"
"PhonAlign",939.575,939.615,"m"
"PhonAlign",939.615,939.665,"m"
"PhonAlign",939.665,939.915,"E"
"PhonAlign",939.915,939.945,"m"
"PhonAlign",939.945,940.035,"E"
"PhonAlign",940.035,940.065,"v"
"PhonAlign",940.065,940.095,"l"
"PhonAlign",940.095,940.175,"A/"
"PhonAlign",940.175,940.235,"i"
"PhonAlign",940.235,940.265,"l"
"PhonAlign",940.265,940.395,"i"
"PhonAlign",940.395,940.425,"A/"
"PhonAlign",940.425,940.475,"d"
"PhonAlign",940.475,940.525,"e"
"PhonAlign",940.525,940.575,"t"
"PhonAlign",940.575,940.605,"R"
"PhonAlign",940.605,940.635,"y"
"PhonAlign",940.635,940.665,"k"
"PhonAlign",940.665,940.695,"Z"
"PhonAlign",940.695,940.745,"a~"
"PhonAlign",940.745,940.775,"R"
"PhonAlign",940.775,940.855,"S"
"PhonAlign",940.855,940.895,"A/"
"PhonAlign",940.895,940.925,"R"
"PhonAlign",940.925,940.955,"l"
"PhonAlign",940.955,940.985,"i"
"PhonAlign",940.985,941.055,"S"
"PhonAlign",941.055,941.115,"A/"
"PhonAlign",941.115,941.175,"p"
"PhonAlign",941.175,941.205,"l"
"PhonAlign",941.205,941.235,"i"
"PhonAlign",941.235,941.275,"n"
"PhonAlign",941.275,941.335,"t"
"PhonAlign",941.335,941.395,"j"
"PhonAlign",941.395,941.435,"d"
"PhonAlign",941.435,941.465,"i"
"PhonAlign",941.465,941.525,"z"
"PhonAlign",941.525,941.565,"e"
"PhonAlign",941.565,941.635,"S"
"PhonAlign",941.635,941.675,"A/"
"PhonAlign",941.675,941.705,"R"
"PhonAlign",941.705,941.735,"l"
"PhonAlign",941.735,941.765,"i"
"PhonAlign",941.765,941.825,"S"
"PhonAlign",941.825,941.865,"A/"
"PhonAlign",941.865,941.895,"p"
"PhonAlign",941.895,941.935,"l"
"PhonAlign",941.935,941.985,"i"
"PhonAlign",941.985,942.015,"n"
"PhonAlign",942.015,942.055,"k"
"PhonAlign",942.055,942.095,"a~"
"PhonAlign",942.095,942.125,"m"
"PhonAlign",942.125,942.155,"E"
"PhonAlign",942.155,942.195,"m"
"PhonAlign",942.195,942.265,"s"
"PhonAlign",942.265,942.295,"e"
"PhonAlign",942.295,942.335,"A/"
"PhonAlign",942.335,942.425,"s"
"PhonAlign",942.425,942.455,"e"
"PhonAlign",942.455,942.565,"k"
"PhonAlign",942.565,942.595,"O/"
"PhonAlign",942.595,942.655,"n"
"PhonAlign",942.655,942.765,"y"
"PhonAlign",942.765,942.825,"t"
"PhonAlign",942.825,942.855,"u"
"PhonAlign",942.855,942.955,"s"
"PhonAlign",942.955,943.465,"A/"
"PhonAlign",943.465,943.635,"l"
"PhonAlign",943.635,943.845,"e"
"PhonAlign",943.845,943.895,"l"
"PhonAlign",943.895,944.015,"e"
"PhonAlign",944.015,944.045,"#"
"PhonAlign",944.045,944.155,"t"
"PhonAlign",944.155,944.215,"u"
"PhonAlign",944.215,944.245,"l"
"PhonAlign",944.245,944.285,"m"
"PhonAlign",944.285,944.325,"O~"
"PhonAlign",944.325,944.355,"d"
"PhonAlign",944.355,944.655,"a~"
"PhonAlign",944.655,944.695,"f"
"PhonAlign",944.695,944.795,"U~/"
"PhonAlign",944.795,944.825,"p"
"PhonAlign",944.825,944.905,"A/"
"PhonAlign",944.905,945.015,"t"
"PhonAlign",945.015,945.075,"u"
"PhonAlign",945.075,945.105,"l"
"PhonAlign",945.105,945.145,"m"
"PhonAlign",945.145,945.265,"O~"
"PhonAlign",945.265,945.295,"d"
"PhonAlign",945.295,945.345937,"@"
"PhonAlign",945.345937,947.703211,"#"
"PhonAlign",947.703211,947.973211,"w"
"PhonAlign",947.973211,948.216532,"E"
"PhonAlign",948.216532,954.94,"#"
"PhonAlign",954.94,955.02,"b"
"PhonAlign",955.02,955.24,"E"
"PhonAlign",955.24,955.48,"u"
"PhonAlign",955.48,955.745,"i"
"PhonAlign",955.745,955.855,"#"
"PhonAlign",955.855,955.995,"m"
"PhonAlign",955.995,956.145,"e"
"PhonAlign",956.145,956.215,"m"
"PhonAlign",956.215,956.275,"e"
"PhonAlign",956.275,956.405,"z"
"PhonAlign",956.405,956.485,"d"
"PhonAlign",956.485,956.545,"y"
"PhonAlign",956.545,956.725,"k"
"PhonAlign",956.725,956.765,"u"
"PhonAlign",956.765,956.855,"p"
"PhonAlign",956.855,956.905,"E"
"PhonAlign",956.905,956.985,"R"
"PhonAlign",956.985,957.045,"s"
"PhonAlign",957.045,957.095,"O/"
"PhonAlign",957.095,957.145,"n"
"PhonAlign",957.145,957.175,"v"
"PhonAlign",957.175,957.245,"A/"
"PhonAlign",957.245,957.275,"l"
"PhonAlign",957.275,957.325,"E"
"PhonAlign",957.325,957.445,"R"
"PhonAlign",957.445,957.475,"2"
"PhonAlign",957.475,957.505,"g"
"PhonAlign",957.505,957.625,"A/"
"PhonAlign",957.625,957.655,"R"
"PhonAlign",957.655,957.685,"d"
"PhonAlign",957.685,958.005,"e"
"PhonAlign",958.005,958.095,"e"
"PhonAlign",958.095,958.205,"Z"
"PhonAlign",958.205,958.335,"s"
"PhonAlign",958.335,958.365,"y"
"PhonAlign",958.365,958.395,"i"
"PhonAlign",958.395,958.545,"s"
"PhonAlign",958.545,958.585,"y"
"PhonAlign",958.585,958.665,"R"
"PhonAlign",958.665,958.735,"k"
"PhonAlign",958.735,958.775,"@"
"PhonAlign",958.775,958.805,"l"
"PhonAlign",958.805,958.875,"@"
"PhonAlign",958.875,958.905,"Z"
"PhonAlign",958.905,958.985,"a~"
"PhonAlign",958.985,959.035,"i"
"PhonAlign",959.035,959.105,"z"
"PhonAlign",959.105,959.165,"A/"
"PhonAlign",959.165,959.215,"d"
"PhonAlign",959.215,959.365,"O/"
"PhonAlign",959.365,959.395,"R"
"PhonAlign",959.395,959.425,"2"
"PhonAlign",959.425,959.455,"R"
"PhonAlign",959.455,959.525,"E"
"PhonAlign",959.525,959.665,"#"
"PhonAlign",959.665,959.725,"Z"
"PhonAlign",959.725,959.785,"a~"
"PhonAlign",959.785,959.815,"R"
"PhonAlign",959.815,959.865,"v"
"PhonAlign",959.865,959.905,"R"
"PhonAlign",959.905,959.955,"E"
"PhonAlign",959.955,960.025,"m"
"PhonAlign",960.025,960.095,"a~"
"PhonAlign",960.095,960.205,"t"
"PhonAlign",960.205,960.285,"y"
"PhonAlign",960.285,960.375,"R"
"PhonAlign",960.375,960.415,"2"
"PhonAlign",960.415,960.505,"s"
"PhonAlign",960.505,960.645,"O/"
"PhonAlign",960.645,960.715,"R"
"PhonAlign",960.715,960.785,"a~"
"PhonAlign",960.785,960.905,"s"
"PhonAlign",960.905,961.005,"A/"
"PhonAlign",961.005,961.125,"l"
"PhonAlign",961.125,961.215,"O/"
"PhonAlign",961.215,961.265,"Z"
"PhonAlign",961.265,961.315,"u"
"PhonAlign",961.315,961.425,"R"
"PhonAlign",961.425,961.455,"d"
"PhonAlign",961.455,961.555,"y"
"PhonAlign",961.555,961.64,"i"
"PhonAlign",961.64,961.885,"#"
"PhonAlign",961.885,961.935,"t"
"PhonAlign",961.935,961.995,"y"
"PhonAlign",961.995,962.135,"t"
"PhonAlign",962.135,962.225,"l"
"PhonAlign",962.225,962.325,"E"
"PhonAlign",962.325,962.385,"m"
"PhonAlign",962.385,962.54,"E"
"PhonAlign",962.54,970.616368,"#"
"PhonAlign",970.616368,971.296368,"laugh"
"PhonAlign",971.296368,971.866368,"O/"
"PhonAlign",971.866368,971.946368,"p"
"PhonAlign",971.946368,972.196368,"9"
"PhonAlign",972.196368,972.266368,"n"
"PhonAlign",972.266368,972.396368,"E"
"PhonAlign",972.396368,973.156368,"R"
"PhonAlign",973.156368,973.547558,"laugh"
"PhonAlign",973.547558,975.080306,"#"
"PhonAlign",975.080306,975.476417,"laugh"
"PhonAlign",975.476417,976.496906,"#"
"PhonAlign",976.496906,976.765455,"laugh"
"PhonAlign",976.765455,1003.795,"#"
"PhonAlign",1003.795,1003.855,"b"
"PhonAlign",1003.855,1003.975,"E"
"PhonAlign",1003.975,1004.005,"u"
"PhonAlign",1004.005,1004.085,"i"
"PhonAlign",1004.085,1004.415,"#"
"PhonAlign",1004.415,1004.475,"w"
"PhonAlign",1004.475,1004.555,"E"
"PhonAlign",1004.555,1004.655,"s"
"PhonAlign",1004.655,1004.685,"e"
"PhonAlign",1004.685,1004.715,"s"
"PhonAlign",1004.715,1004.745,"@"
"PhonAlign",1004.745,1004.775,"k"
"PhonAlign",1004.775,1004.805,"Z"
"PhonAlign",1004.805,1004.835,"d"
"PhonAlign",1004.835,1004.865,"i"
"PhonAlign",1004.865,1004.925,"z"
"PhonAlign",1004.925,1005.015,"E"
"PhonAlign",1005.015,1005.045,"p"
"PhonAlign",1005.045,1005.115,"R"
"PhonAlign",1005.115,1005.155,"s"
"PhonAlign",1005.155,1006.49,"#"
"PhonAlign",1006.49,1006.53,"k"
"PhonAlign",1006.53,1006.57,"d"
"PhonAlign",1006.57,1006.61,"y"
"PhonAlign",1006.61,1006.69,"k"
"PhonAlign",1006.69,1006.73,"u"
"PhonAlign",1006.73,1006.76,"w"
"PhonAlign",1006.76,1006.82,"E"
"PhonAlign",1006.82,1006.92,"s"
"PhonAlign",1006.92,1006.97,"A/"
"PhonAlign",1006.97,1007.05,"p"
"PhonAlign",1007.05,1007.08,"E"
"PhonAlign",1007.08,1007.12,"R"
"PhonAlign",1007.12,1007.19,"m"
"PhonAlign",1007.19,1007.22,"E"
"PhonAlign",1007.22,1007.29,"t"
"PhonAlign",1007.29,1007.35,"R"
"PhonAlign",1007.35,1007.45,"E"
"PhonAlign",1007.45,1007.52,"d"
"PhonAlign",1007.52,1007.965,"@"
"PhonAlign",1007.965,1008.34,"#"
"PhonAlign",1008.34,1008.4,"d"
"PhonAlign",1008.4,1008.46,"@"
"PhonAlign",1008.46,1008.56,"k"
"PhonAlign",1008.56,1008.64,"a~"
"PhonAlign",1008.64,1008.67,"m"
"PhonAlign",1008.67,1008.7,"E"
"PhonAlign",1008.7,1008.78,"m"
"PhonAlign",1008.78,1008.83,"m"
"PhonAlign",1008.83,1008.91,"O~"
"PhonAlign",1008.91,1008.97,"t"
"PhonAlign",1008.97,1009.05,"R"
"PhonAlign",1009.05,1009.08,"e"
"PhonAlign",1009.08,1009.19,"U~/"
"PhonAlign",1009.19,1009.29,"p"
"PhonAlign",1009.29,1009.38,"2"
"PhonAlign",1009.38,1009.49,"s"
"PhonAlign",1009.49,1009.56,"k"
"PhonAlign",1009.56,1009.65,"j"
"PhonAlign",1009.65,1009.7,"A/"
"PhonAlign",1009.7,1009.76,"v"
"PhonAlign",1009.76,1009.85,"e"
"PhonAlign",1009.85,1010.01,"A/"
"PhonAlign",1010.01,1010.05,"v"
"PhonAlign",1010.05,1010.19,"a~"
"PhonAlign",1010.19,1010.22,"i"
"PhonAlign",1010.22,1010.25,"n"
"PhonAlign",1010.25,1010.3,"j"
"PhonAlign",1010.3,1010.35,"A/"
"PhonAlign",1010.35,1010.38,"v"
"PhonAlign",1010.38,1010.47,"e"
"PhonAlign",1010.47,1010.57,"p"
"PhonAlign",1010.57,1010.71,"A/"
"PhonAlign",1010.71,1010.88,"k"
"PhonAlign",1010.88,1011.365,"fp"
"PhonAlign",1011.365,1011.73,"#"
"PhonAlign",1011.73,1011.82,"b"
"PhonAlign",1011.82,1011.88,"E"
"PhonAlign",1011.88,1011.95,"p"
"PhonAlign",1011.95,1012.03,"A/"
"PhonAlign",1012.03,1012.06,"R"
"PhonAlign",1012.06,1012.09,"E"
"PhonAlign",1012.09,1012.12,"g"
"PhonAlign",1012.12,1012.15,"z"
"PhonAlign",1012.15,1012.24,"a~"
"PhonAlign",1012.24,1012.27,"p"
"PhonAlign",1012.27,1012.33,"l"
"PhonAlign",1012.33,1012.44,"@"
"PhonAlign",1012.44,1012.47,"l"
"PhonAlign",1012.47,1012.52,"S"
"PhonAlign",1012.52,1012.55,"s"
"PhonAlign",1012.55,1012.6,"p"
"PhonAlign",1012.6,1012.67,"A/"
"PhonAlign",1012.67,1012.72,"l"
"PhonAlign",1012.72,1012.84,"@"
"PhonAlign",1012.84,1012.93,"f"
"PhonAlign",1012.93,1012.97,"i"
"PhonAlign",1012.97,1013.0,"l"
"PhonAlign",1013.0,1013.07,"m"
"PhonAlign",1013.07,1013.15,"@"
"PhonAlign",1013.15,1013.23,"t"
"PhonAlign",1013.23,1013.3,"y"
"PhonAlign",1013.3,1013.33,"d"
"PhonAlign",1013.33,1013.47,"i"
"PhonAlign",1013.47,1013.77,"f"
"PhonAlign",1013.77,1013.89,"i"
"PhonAlign",1013.89,1013.92,"l"
"PhonAlign",1013.92,1013.97,"m"
"PhonAlign",1013.97,1014.14,"R"
"PhonAlign",1014.14,1014.25,"y"
"PhonAlign",1014.25,1014.433772,"s"
"PhonAlign",1014.433772,1014.685,"#"
"PhonAlign",1014.685,1014.835,"n"
"PhonAlign",1014.835,1014.865,"w"
"PhonAlign",1014.865,1014.955,"A/"
"PhonAlign",1014.955,1014.995,"R"
"PhonAlign",1014.995,1015.105,"e"
"PhonAlign",1015.105,1015.195,"b"
"PhonAlign",1015.195,1015.265,"l"
"PhonAlign",1015.265,1015.485,"a~"
"PhonAlign",1015.485,1016.075,"#"
"PhonAlign",1016.075,1016.175,"m"
"PhonAlign",1016.175,1016.485,"y"
"PhonAlign",1016.485,1016.595,"E"
"PhonAlign",1016.595,1016.745,"t"
"PhonAlign",1016.745,1017.285,"#"
"PhonAlign",1017.285,1017.485,"t"
"PhonAlign",1017.485,1017.515,"j"
"PhonAlign",1017.515,1017.545,"v"
"PhonAlign",1017.545,1017.575,"A/"
"PhonAlign",1017.575,1017.675,"d"
"PhonAlign",1017.675,1017.705,"i"
"PhonAlign",1017.705,1018.015,"R"
"PhonAlign",1018.015,1018.995,"O/"
"PhonAlign",1018.995,1019.115,"l"
"PhonAlign",1019.115,1019.155,"A/"
"PhonAlign",1019.155,1019.365,"l"
"PhonAlign",1019.365,1019.395,"A/"
"PhonAlign",1019.395,1019.445,"m"
"PhonAlign",1019.445,1019.505,"e"
"PhonAlign",1019.505,1019.555,"j"
"PhonAlign",1019.555,1019.615,"A/"
"PhonAlign",1019.615,1019.665,"d"
"PhonAlign",1019.665,1019.715,"e"
"PhonAlign",1019.715,1019.765,"t"
"PhonAlign",1019.765,1019.815,"R"
"PhonAlign",1019.815,1019.885,"y"
"PhonAlign",1019.885,1019.915,"k"
"PhonAlign",1019.915,1019.975,"z"
"PhonAlign",1019.975,1020.005,"s"
"PhonAlign",1020.005,1020.085,"y"
"PhonAlign",1020.085,1020.115,"p"
"PhonAlign",1020.115,1020.235,"E"
"PhonAlign",1020.235,1020.285,"R"
"PhonAlign",1020.285,1020.375,"k"
"PhonAlign",1020.375,1020.475,"u"
"PhonAlign",1020.475,1020.595,"l"
"PhonAlign",1020.595,1020.665,"t"
"PhonAlign",1020.665,1020.725,"j"
"PhonAlign",1020.725,1020.755,"v"
"PhonAlign",1020.755,1020.785,"w"
"PhonAlign",1020.785,1021.005,"A/"
"PhonAlign",1021.005,1021.08,"z"
"PhonAlign",1021.08,1022.175,"#"
"PhonAlign",1022.175,1022.285,"m"
"PhonAlign",1022.285,1022.415,"E"
"PhonAlign",1022.415,1022.525,"fp"
"PhonAlign",1022.525,1022.625,"s"
"PhonAlign",1022.625,1022.685,"e"
"PhonAlign",1022.685,1022.745,"k"
"PhonAlign",1022.745,1022.805,"w"
"PhonAlign",1022.805,1022.855,"A/"
"PhonAlign",1022.855,1022.985,"s"
"PhonAlign",1022.985,1023.105,"e"
"PhonAlign",1023.105,1023.455,"fp"
"PhonAlign",1023.455,1023.485,"@"
"PhonAlign",1023.485,1023.875,"m"
"PhonAlign",1023.875,1024.115,"#"
"PhonAlign",1024.115,1024.715,"fp"
"PhonAlign",1024.715,1024.765,"l"
"PhonAlign",1024.765,1024.825,"e"
"PhonAlign",1024.825,1024.975,"s"
"PhonAlign",1024.975,1025.055,"i"
"PhonAlign",1025.055,1025.145,"g"
"PhonAlign",1025.145,1025.315,"O/"
"PhonAlign",1025.315,1025.395,"n"
"PhonAlign",1025.395,1025.445,"j"
"PhonAlign",1025.445,1025.855,"fp"
"PhonAlign",1025.855,1025.925,"l"
"PhonAlign",1025.925,1025.995,"@"
"PhonAlign",1025.995,1026.065,"v"
"PhonAlign",1026.065,1026.185,"O/"
"PhonAlign",1026.185,1026.225,"l"
"PhonAlign",1026.225,1026.255,"d"
"PhonAlign",1026.255,1026.2949999999998,"@"
"PhonAlign",1026.2949999999998,1026.395,"s"
"PhonAlign",1026.395,1026.485,"i"
"PhonAlign",1026.485,1026.515,"g"
"PhonAlign",1026.515,1026.605,"O/"
"PhonAlign",1026.605,1026.685,"n"
"PhonAlign",1026.685,1026.715,"j"
"PhonAlign",1026.715,1026.745,"l"
"PhonAlign",1026.745,1026.7949999999998,"@"
"PhonAlign",1026.7949999999998,1026.895,"s"
"PhonAlign",1026.895,1026.955,"i"
"PhonAlign",1026.955,1026.985,"g"
"PhonAlign",1026.985,1027.015,"O/"
"PhonAlign",1027.015,1027.125,"n"
"PhonAlign",1027.125,1027.165,"j"
"PhonAlign",1027.165,1027.315,"p"
"PhonAlign",1027.315,1027.385,"A/"
"PhonAlign",1027.385,1027.575,"s"
"PhonAlign",1027.575,1028.075,"2"
"PhonAlign",1028.075,1028.105,"t"
"PhonAlign",1028.105,1028.175,"O/"
"PhonAlign",1028.175,1028.235,"d"
"PhonAlign",1028.235,1028.265,"2"
"PhonAlign",1028.265,1028.405,"s"
"PhonAlign",1028.405,1028.435,"y"
"PhonAlign",1028.435,1028.465,"i"
"PhonAlign",1028.465,1028.805,"t"
"PhonAlign",1028.805,1028.945,"p"
"PhonAlign",1028.945,1029.025,"A/"
"PhonAlign",1029.025,1029.105,"m"
"PhonAlign",1029.105,1029.185,"y"
"PhonAlign",1029.185,1029.315,"E"
"PhonAlign",1029.315,1030.7,"#"
"PhonAlign",1030.7,1030.81,"n"
"PhonAlign",1030.81,1031.0,"a~"
"PhonAlign",1031.0,1031.03,"n"
"PhonAlign",1031.03,1031.28,"O/"
"PhonAlign",1031.28,1031.3300000000002,"n"
"PhonAlign",1031.3300000000002,1031.39,"a~"
"PhonAlign",1031.39,1031.43,"n"
"PhonAlign",1031.43,1031.5800000000002,"O~"
"PhonAlign",1031.5800000000002,1031.67,"n"
"PhonAlign",1031.67,1031.74,"n"
"PhonAlign",1031.74,1031.84,"a~"
"PhonAlign",1031.84,1031.92,"s"
"PhonAlign",1031.92,1031.97,"e"
"PhonAlign",1031.97,1032.0,"v"
"PhonAlign",1032.0,1032.03,"R"
"PhonAlign",1032.03,1032.0800000000002,"E"
"PhonAlign",1032.0800000000002,1032.12,"m"
"PhonAlign",1032.12,1032.21,"a~"
"PhonAlign",1032.21,1032.3300000000002,"s"
"PhonAlign",1032.3300000000002,1032.39,"i"
"PhonAlign",1032.39,1032.45,"g"
"PhonAlign",1032.45,1032.48,"O/"
"PhonAlign",1032.48,1032.51,"n"
"PhonAlign",1032.51,1032.5800000000002,"j"
"PhonAlign",1032.5800000000002,1032.655,"@"
"PhonAlign",1032.655,1032.93,"#"
"PhonAlign",1032.93,1033.22,"s"
"PhonAlign",1033.22,1033.26,"e"
"PhonAlign",1033.26,1033.35,"U~/"
"PhonAlign",1033.35,1033.43,"f"
"PhonAlign",1033.43,1033.48,"i"
"PhonAlign",1033.48,1033.51,"l"
"PhonAlign",1033.51,1033.5800000000002,"m"
"PhonAlign",1033.5800000000002,1033.64,"Z"
"PhonAlign",1033.64,1034.02,"a~"
"PhonAlign",1034.02,1034.0600000000002,"R"
"PhonAlign",1034.0600000000002,1034.21,"i"
"PhonAlign",1034.21,1034.27,"t"
"PhonAlign",1034.27,1034.3200000000002,"p"
"PhonAlign",1034.3200000000002,1034.71,"A/"
"PhonAlign",1034.71,1034.84,"z"
"PhonAlign",1034.84,1034.94,"m"
"PhonAlign",1034.94,1035.05,"y"
"PhonAlign",1035.05,1035.16,"E"
"PhonAlign",1035.16,1035.2,"m"
"PhonAlign",1035.2,1035.3300000000002,"e"
"PhonAlign",1035.3300000000002,1035.4,"n"
"PhonAlign",1035.4,1035.5,"w"
"PhonAlign",1035.5,1035.5700000000002,"A/"
"PhonAlign",1035.5700000000002,1035.75,"R"
"PhonAlign",1035.75,1035.8,"E"
"PhonAlign",1035.8,1035.89,"b"
"PhonAlign",1035.89,1035.94,"l"
"PhonAlign",1035.94,1036.09,"a~"
"PhonAlign",1036.09,1036.16,"Z"
"PhonAlign",1036.16,1036.46,"a~"
"PhonAlign",1036.46,1036.51,"R"
"PhonAlign",1036.51,1036.8300000000002,"#"
"PhonAlign",1036.8300000000002,1036.91,"R"
"PhonAlign",1036.91,1037.01,"y"
"PhonAlign",1037.01,1037.18,"s"
"PhonAlign",1037.18,1037.54,"@"
"PhonAlign",1037.54,1037.61,"Z"
"PhonAlign",1037.61,1037.7,"a~"
"PhonAlign",1037.7,1037.73,"R"
"PhonAlign",1037.73,1037.77,"d"
"PhonAlign",1037.77,1037.92,"@"
"PhonAlign",1037.92,1038.03,"t"
"PhonAlign",1038.03,1038.12,"R"
"PhonAlign",1038.12,1038.3200000000002,"a~"
"PhonAlign",1038.3200000000002,1038.46,"t"
"PhonAlign",1038.46,1038.68,"u"
"PhonAlign",1038.68,1038.72,"d"
"PhonAlign",1038.72,1038.75,"e"
"PhonAlign",1038.75,1038.84,"z"
"PhonAlign",1038.84,1038.87,"A/"
"PhonAlign",1038.87,1038.91,"n"
"PhonAlign",1038.91,1038.97,"e"
"PhonAlign",1038.97,1039.03,"t"
"PhonAlign",1039.03,1039.1,"R"
"PhonAlign",1039.1,1039.16,"a~"
"PhonAlign",1039.16,1039.24,"t"
"PhonAlign",1039.24,1039.29,"u"
"PhonAlign",1039.29,1039.37,"k"
"PhonAlign",1039.37,1039.4,"A/"
"PhonAlign",1039.4,1039.43,"R"
"PhonAlign",1039.43,1039.59,"a~"
"PhonAlign",1039.59,1040.04,"t"
"PhonAlign",1040.04,1040.19,"i"
"PhonAlign",1040.19,1040.305,"e"
"PhonAlign",1040.305,1040.825,"#"
"PhonAlign",1040.825,1041.105,"Z"
"PhonAlign",1041.105,1041.215,"a~"
"PhonAlign",1041.215,1041.355,"R"
"PhonAlign",1041.355,1041.435,"@"
"PhonAlign",1041.435,1041.495,"R"
"PhonAlign",1041.495,1041.525,"j"
"PhonAlign",1041.525,1041.565,"U~/"
"PhonAlign",1041.565,1041.635,"k"
"PhonAlign",1041.635,1041.7050000000002,"@"
"PhonAlign",1041.7050000000002,1041.735,"v"
"PhonAlign",1041.735,1041.785,"i"
"PhonAlign",1041.785,1041.885,"z"
"PhonAlign",1041.885,1041.935,"y"
"PhonAlign",1041.935,1041.975,"E"
"PhonAlign",1041.975,1042.005,"l"
"PhonAlign",1042.005,1042.035,"2"
"PhonAlign",1042.035,1042.075,"m"
"PhonAlign",1042.075,1042.175,"a~"
"PhonAlign",1042.175,1042.245,"a~"
"PhonAlign",1042.245,1042.285,"n"
"PhonAlign",1042.285,1042.345,"w"
"PhonAlign",1042.345,1042.375,"A/"
"PhonAlign",1042.375,1042.415,"R"
"PhonAlign",1042.415,1042.475,"E"
"PhonAlign",1042.475,1042.535,"b"
"PhonAlign",1042.535,1042.565,"l"
"PhonAlign",1042.565,1042.635,"a~"
"PhonAlign",1042.635,1042.765,"t"
"PhonAlign",1042.765,1042.795,"E"
"PhonAlign",1042.795,1042.855,"z"
"PhonAlign",1042.855,1042.905,"Z"
"PhonAlign",1042.905,1042.975,"a~"
"PhonAlign",1042.975,1043.2050000000002,"R"
"PhonAlign",1043.2050000000002,1043.285,"U~/"
"PhonAlign",1043.285,1043.335,"k"
"PhonAlign",1043.335,1043.405,"R"
"PhonAlign",1043.405,1043.435,"w"
"PhonAlign",1043.435,1043.465,"A/"
"PhonAlign",1043.465,1043.515,"j"
"PhonAlign",1043.515,1043.605,"A/"
"PhonAlign",1043.605,1043.675,"b"
"PhonAlign",1043.675,1043.7050000000002,"l"
"PhonAlign",1043.7050000000002,1043.755,"@"
"PhonAlign",1043.755,1044.225,"#"
"PhonAlign",1044.225,1044.3449999999998,"m"
"PhonAlign",1044.3449999999998,1044.385,"e"
"PhonAlign",1044.385,1044.475,"z"
"PhonAlign",1044.475,1044.865,"fp"
"PhonAlign",1044.865,1046.585,"#"
"PhonAlign",1046.585,1046.645,"A/"
"PhonAlign",1046.645,1046.745,"w"
"PhonAlign",1046.745,1046.855,"E"
"PhonAlign",1046.855,1047.025,"A/"
"PhonAlign",1047.025,1047.095,"w"
"PhonAlign",1047.095,1047.305,"E"
"PhonAlign",1047.305,1047.405,"s"
"PhonAlign",1047.405,1047.435,"e"
"PhonAlign",1047.435,1047.475,"U~/"
"PhonAlign",1047.475,1047.515,"k"
"PhonAlign",1047.515,1047.545,"R"
"PhonAlign",1047.545,1047.575,"w"
"PhonAlign",1047.575,1047.605,"A/"
"PhonAlign",1047.605,1047.635,"j"
"PhonAlign",1047.635,1047.675,"A/"
"PhonAlign",1047.675,1047.715,"b"
"PhonAlign",1047.715,1047.755,"l"
"PhonAlign",1047.755,1048.005,"#"
"PhonAlign",1048.005,1048.045,"d"
"PhonAlign",1048.045,1048.1650000000002,"k"
"PhonAlign",1048.1650000000002,1048.305,"u"
"PhonAlign",1048.305,1048.4550000000002,"fp"
"PhonAlign",1048.4550000000002,1048.565,"w"
"PhonAlign",1048.565,1048.745,"E"
"PhonAlign",1048.745,1048.825,"f"
"PhonAlign",1048.825,1048.875,"p"
"PhonAlign",1048.875,1048.9050000000002,"R"
"PhonAlign",1048.9050000000002,1048.9450000000002,"a~"
"PhonAlign",1048.9450000000002,1048.985,"d"
"PhonAlign",1048.985,1049.015,"R"
"PhonAlign",1049.015,1049.2050000000002,"U~/"
"PhonAlign",1049.2050000000002,1049.275,"p"
"PhonAlign",1049.275,1049.345,"2"
"PhonAlign",1049.345,1049.4050000000002,"d"
"PhonAlign",1049.4050000000002,1049.475,"i"
"PhonAlign",1049.475,1049.505,"v"
"PhonAlign",1049.505,1049.555,"E"
"PhonAlign",1049.555,1049.805,"R"
"PhonAlign",1049.805,1049.9050000000002,"d"
"PhonAlign",1049.9050000000002,1049.9450000000002,"y"
"PhonAlign",1049.9450000000002,1049.985,"k"
"PhonAlign",1049.985,1050.055,"u"
"PhonAlign",1050.055,1050.125,"m"
"PhonAlign",1050.125,1050.1650000000002,"w"
"PhonAlign",1050.1650000000002,1050.215,"A/"
"PhonAlign",1050.215,1050.335,"s"
"PhonAlign",1050.335,1050.365,"i"
"PhonAlign",1050.365,1050.3950000000002,"n"
"PhonAlign",1050.3950000000002,1050.475,"O~"
"PhonAlign",1050.475,1050.625,"s"
"PhonAlign",1050.625,1050.715,"t"
"PhonAlign",1050.715,1050.805,"f"
"PhonAlign",1050.805,1050.8950000000002,"e"
"PhonAlign",1050.8950000000002,1050.9550000000002,"k"
"PhonAlign",1050.9550000000002,1051.075,"@"
"PhonAlign",1051.075,1051.105,"d"
"PhonAlign",1051.105,1051.1350000000002,"t"
"PhonAlign",1051.1350000000002,1051.1850000000002,"R"
"PhonAlign",1051.1850000000002,1051.225,"y"
"PhonAlign",1051.225,1051.275,"k"
"PhonAlign",1051.275,1051.325,"Z"
"PhonAlign",1051.325,1051.4550000000002,"a~"
"PhonAlign",1051.4550000000002,1051.485,"R"
"PhonAlign",1051.485,1051.585,"@"
"PhonAlign",1051.585,1051.715,"s"
"PhonAlign",1051.715,1051.745,"i"
"PhonAlign",1051.745,1051.785,"t"
"PhonAlign",1051.785,1051.815,"i"
"PhonAlign",1051.815,1051.9550000000002,"z"
"PhonAlign",1051.9550000000002,1052.035,"E"
"PhonAlign",1052.035,1052.1450000000002,"n"
"PhonAlign",1052.1450000000002,1052.265,"k"
"PhonAlign",1052.265,1052.295,"a~"
"PhonAlign",1052.295,1052.695,"e"
"PhonAlign",1052.695,1052.985,"#"
"PhonAlign",1052.985,1053.3049999999998,"fp"
"PhonAlign",1053.3049999999998,1053.385,"l"
"PhonAlign",1053.385,1053.415,"@"
"PhonAlign",1053.415,1053.525,"s"
"PhonAlign",1053.525,1053.5649999999998,"E"
"PhonAlign",1053.5649999999998,1053.635,"t"
"PhonAlign",1053.635,1053.695,"s"
"PhonAlign",1053.695,1053.755,"A/"
"PhonAlign",1053.755,1053.8349999999998,"m"
"PhonAlign",1053.8349999999998,1053.965,"u"
"PhonAlign",1053.965,1053.995,"R"
"PhonAlign",1053.995,1054.285,"A/"
"PhonAlign",1054.285,1054.3149999999998,"j"
"PhonAlign",1054.3149999999998,1054.3449999999998,"d"
"PhonAlign",1054.3449999999998,1054.5749999999998,"e"
"PhonAlign",1054.5749999999998,1054.635,"t"
"PhonAlign",1054.635,1054.675,"R"
"PhonAlign",1054.675,1054.705,"y"
"PhonAlign",1054.705,1054.735,"k"
"PhonAlign",1054.735,1054.765,"d"
"PhonAlign",1054.765,1054.8149999999998,"Z"
"PhonAlign",1054.8149999999998,1054.925,"a~"
"PhonAlign",1054.925,1054.965,"R"
"PhonAlign",1054.965,1055.115,"@"
"PhonAlign",1055.115,1055.195,"p"
"PhonAlign",1055.195,1055.303438,"f"
"PhonAlign",1055.303438,1058.07,"#"
"PhonAlign",1058.07,1058.1699999999998,"n"
"PhonAlign",1058.1699999999998,1058.5,"O~"
"PhonAlign",1058.5,1058.585,"n"
"PhonAlign",1058.585,1059.245,"#"
"PhonAlign",1059.245,1059.3049999999998,"m"
"PhonAlign",1059.3049999999998,1059.3549999999998,"E"
"PhonAlign",1059.3549999999998,1059.395,"n"
"PhonAlign",1059.395,1059.485,"a~"
"PhonAlign",1059.485,1059.535,"l"
"PhonAlign",1059.535,1059.5749999999998,"@"
"PhonAlign",1059.5749999999998,1059.695,"s"
"PhonAlign",1059.695,1059.735,"E"
"PhonAlign",1059.735,1059.765,"t"
"PhonAlign",1059.765,1059.8449999999998,"s"
"PhonAlign",1059.8449999999998,1059.915,"A/"
"PhonAlign",1059.915,1060.005,"m"
"PhonAlign",1060.005,1060.0749999999998,"u"
"PhonAlign",1060.0749999999998,1060.1149999999998,"R"
"PhonAlign",1060.1149999999998,1060.165,"A/"
"PhonAlign",1060.165,1060.195,"j"
"PhonAlign",1060.195,1060.225,"Z"
"PhonAlign",1060.225,1060.3149999999998,"a~"
"PhonAlign",1060.3149999999998,1060.445,"p"
"PhonAlign",1060.445,1060.475,"E"
"PhonAlign",1060.475,1060.505,"R"
"PhonAlign",1060.505,1060.685,"R"
"PhonAlign",1060.685,1060.715,"j"
"PhonAlign",1060.715,1060.8149999999998,"U~/"
"PhonAlign",1060.8149999999998,1060.8449999999998,"t"
"PhonAlign",1060.8449999999998,1060.875,"A/"
"PhonAlign",1060.875,1060.955,"v"
"PhonAlign",1060.955,1061.015,"y"
"PhonAlign",1061.015,1061.0449999999998,"l"
"PhonAlign",1061.0449999999998,1061.0749999999998,"@"
"PhonAlign",1061.0749999999998,1061.145,"s"
"PhonAlign",1061.145,1061.205,"E"
"PhonAlign",1061.205,1061.235,"t"
"PhonAlign",1061.235,1061.3049999999998,"s"
"PhonAlign",1061.3049999999998,1061.375,"A/"
"PhonAlign",1061.375,1061.475,"m"
"PhonAlign",1061.475,1061.515,"u"
"PhonAlign",1061.515,1061.5649999999998,"R"
"PhonAlign",1061.5649999999998,1061.675,"A/"
"PhonAlign",1061.675,1061.705,"j"
"PhonAlign",1061.705,1061.785,"d"
"PhonAlign",1061.785,1061.875,"a~"
"PhonAlign",1061.875,1061.945,"z"
"PhonAlign",1061.945,1062.035,"l"
"PhonAlign",1062.035,1062.1049999999998,"E"
"PhonAlign",1062.1049999999998,1062.215,"S"
"PhonAlign",1062.215,1062.3349999999998,"E"
"PhonAlign",1062.3349999999998,1062.3649999999998,"l"
"PhonAlign",1062.3649999999998,1062.455,"m"
"PhonAlign",1062.455,1062.5849999999998,"O~"
"PhonAlign",1062.5849999999998,1062.645,"d"
"PhonAlign",1062.645,1062.705,"j"
"PhonAlign",1062.705,1062.8349999999998,"A/"
"PhonAlign",1062.8349999999998,1062.8649999999998,"l"
"PhonAlign",1062.8649999999998,1063.03,"@"
"PhonAlign",1063.03,1072.48,"#"
"PhonAlign",1072.48,1072.52,"w"
"PhonAlign",1072.52,1072.55,"E"
"PhonAlign",1072.55,1072.66,"b"
"PhonAlign",1072.66,1073.09,"U~/"
"PhonAlign",1073.09,1073.52,"fp"
"PhonAlign",1073.52,1074.705,"#"
"PhonAlign",1074.705,1074.785,"w"
"PhonAlign",1074.785,1075.005,"i"
"PhonAlign",1075.005,1075.085,"u"
"PhonAlign",1075.085,1075.275,"i"
"PhonAlign",1075.275,1075.3249999999998,"u"
"PhonAlign",1075.3249999999998,1075.57,"i"
"PhonAlign",1075.57,1079.11,"#"
"PhonAlign",1079.11,1079.1999999999998,"w"
"PhonAlign",1079.1999999999998,1079.43,"i"
"PhonAlign",1079.43,1079.595,"#"
"PhonAlign",1079.595,1079.665,"p"
"PhonAlign",1079.665,1079.765,"l"
"PhonAlign",1079.765,1079.845,"y"
"PhonAlign",1079.845,1080.055,"s"
"PhonAlign",1080.055,1080.195,"m"
"PhonAlign",1080.195,1080.275,"E"
"PhonAlign",1080.275,1080.345,"m"
"PhonAlign",1080.345,1080.475,"E"
"PhonAlign",1080.475,1080.625,"m"
"PhonAlign",1080.625,1080.71,"@"
"PhonAlign",1080.71,1091.405175,"#"
"PhonAlign",1091.405175,1091.7851750000002,"laugh"
"PhonAlign",1091.7851750000002,1091.8151750000002,"t"
"PhonAlign",1091.8151750000002,1091.8451750000002,"R"
"PhonAlign",1091.8451750000002,1091.875175,"2"
"PhonAlign",1091.875175,1092.0551750000002,"g"
"PhonAlign",1092.0551750000002,1092.0851750000002,"A/"
"PhonAlign",1092.0851750000002,1092.115175,"R"
"PhonAlign",1092.115175,1092.215175,"d"
"PhonAlign",1092.215175,1092.2851750000002,"2"
"PhonAlign",1092.2851750000002,1092.375175,"m"
"PhonAlign",1092.375175,1092.415175,"E"
"PhonAlign",1092.415175,1092.485175,"n"
"PhonAlign",1092.485175,1092.5951750000002,"O/"
"PhonAlign",1092.5951750000002,1092.695175,"t"
"PhonAlign",1092.695175,1092.8251750000002,"@"
"PhonAlign",1092.8251750000002,1092.981802,"laugh"
"PhonAlign",1092.981802,1109.045,"#"
"PhonAlign",1109.045,1109.125,"b"
"PhonAlign",1109.125,1109.225,"E"
"PhonAlign",1109.225,1109.325,"Z"
"PhonAlign",1109.325,1109.355,"y"
"PhonAlign",1109.355,1109.465,"s"
"PhonAlign",1109.465,1109.505,"t"
"PhonAlign",1109.505,1109.565,"2"
"PhonAlign",1109.565,1109.635,"m"
"PhonAlign",1109.635,1109.785,"a~"
"PhonAlign",1109.785,1109.865,"Z"
"PhonAlign",1109.865,1109.9250000000002,"y"
"PhonAlign",1109.9250000000002,1109.975,"s"
"PhonAlign",1109.975,1110.035,"t"
"PhonAlign",1110.035,1110.095,"2"
"PhonAlign",1110.095,1110.145,"m"
"PhonAlign",1110.145,1110.32,"a~"
"PhonAlign",1110.32,1112.7,"#"
"PhonAlign",1112.7,1113.23,"A/"
"PhonAlign",1113.23,1113.64,"w"
"PhonAlign",1113.64,1113.72,"E"
"PhonAlign",1113.72,1113.82,"m"
"PhonAlign",1113.82,1113.85,"l"
"PhonAlign",1113.85,1113.96,"@"
"PhonAlign",1113.96,1114.06,"p"
"PhonAlign",1114.06,1114.13,"@"
"PhonAlign",1114.13,1114.3,"t"
"PhonAlign",1114.3,1114.54,"i"
"PhonAlign",1114.54,1114.57,"b"
"PhonAlign",1114.57,1114.73,"U~/"
"PhonAlign",1114.73,1114.8,"b"
"PhonAlign",1114.8,1114.95,"E"
"PhonAlign",1114.95,1115.0800000000002,"Z"
"PhonAlign",1115.0800000000002,1115.11,"y"
"PhonAlign",1115.11,1115.23,"s"
"PhonAlign",1115.23,1115.65,"t"
"PhonAlign",1115.65,1115.7,"2"
"PhonAlign",1115.7,1115.76,"m"
"PhonAlign",1115.76,1115.92,"a~"
"PhonAlign",1115.92,1116.04,"O~"
"PhonAlign",1116.04,1116.1,"p"
"PhonAlign",1116.1,1116.21,"2"
"PhonAlign",1116.21,1116.26,"t"
"PhonAlign",1116.26,1116.32,"f"
"PhonAlign",1116.32,1116.35,"E"
"PhonAlign",1116.35,1116.38,"R"
"PhonAlign",1116.38,1116.5,"U~/"
"PhonAlign",1116.5,1116.61,"t"
"PhonAlign",1116.61,1117.1,"R"
"PhonAlign",1117.1,1117.18,"A/"
"PhonAlign",1117.18,1117.28,"k"
"PhonAlign",1117.28,1117.31,"2"
"PhonAlign",1117.31,1117.34,"n"
"PhonAlign",1117.34,1117.5800000000002,"A/"
"PhonAlign",1117.5800000000002,1117.96,"R"
"PhonAlign",1117.96,1118.01,"O~"
"PhonAlign",1118.01,1118.05,"l"
"PhonAlign",1118.05,1118.1,"9"
"PhonAlign",1118.1,1118.18,"R"
"PhonAlign",1118.18,1118.24,"m"
"PhonAlign",1118.24,1118.37,"E"
"PhonAlign",1118.37,1118.46,"t"
"PhonAlign",1118.46,1118.59,"O~"
"PhonAlign",1118.59,1118.62,"l"
"PhonAlign",1118.62,1118.67,"9"
"PhonAlign",1118.67,1118.72,"R"
"PhonAlign",1118.72,1118.78,"m"
"PhonAlign",1118.78,1118.86,"E"
"PhonAlign",1118.86,1118.97,"d"
"PhonAlign",1118.97,1119.09,"2"
"PhonAlign",1119.09,1119.21,"f"
"PhonAlign",1119.21,1119.41,"i"
"PhonAlign",1119.41,1119.77,"l"
"PhonAlign",1119.77,1119.8300000000002,"m"
"PhonAlign",1119.8300000000002,1119.91,"Z"
"PhonAlign",1119.91,1120.11,"a~"
"PhonAlign",1120.11,1120.15,"R"
"PhonAlign",1120.15,1120.23,"@"
"PhonAlign",1120.23,1120.36,"k"
"PhonAlign",1120.36,1120.42,"O/"
"PhonAlign",1120.42,1120.5,"n"
"PhonAlign",1120.5,1120.64,"y"
"PhonAlign",1120.64,1120.76,"k"
"PhonAlign",1120.76,1120.79,"l"
"PhonAlign",1120.79,1120.89,"A/"
"PhonAlign",1120.89,1121.03,"s"
"PhonAlign",1121.03,1121.21,"i"
"PhonAlign",1121.21,1121.24,"k"
"PhonAlign",1121.24,1121.28,"k"
"PhonAlign",1121.28,1121.32,"t"
"PhonAlign",1121.32,1121.47,"y"
"PhonAlign",1121.47,1121.64,"s"
"PhonAlign",1121.64,1121.71,"e"
"PhonAlign",1121.71,1121.74,"k"
"PhonAlign",1121.74,1121.8,"s"
"PhonAlign",1121.8,1121.88,"A/"
"PhonAlign",1121.88,1121.92,"v"
"PhonAlign",1121.92,1121.99,"A/"
"PhonAlign",1121.99,1122.04,"A/"
"PhonAlign",1122.04,1122.17,"t"
"PhonAlign",1122.17,1122.2,"i"
"PhonAlign",1122.2,1122.24,"R"
"PhonAlign",1122.24,1122.3,"e"
"PhonAlign",1122.3,1122.3300000000002,"l"
"PhonAlign",1122.3300000000002,1122.41,"E"
"PhonAlign",1122.41,1122.48,"Z"
"PhonAlign",1122.48,1122.63,"a~"
"PhonAlign",1122.63,1122.75,"e"
"PhonAlign",1122.75,1122.88,"O/"
"PhonAlign",1122.88,1122.96,"m"
"PhonAlign",1122.96,1123.1,"i"
"PhonAlign",1123.1,1123.13,"l"
"PhonAlign",1123.13,1123.18,"j"
"PhonAlign",1123.18,1123.38,"@"
"PhonAlign",1123.38,1123.41,"l"
"PhonAlign",1123.41,1123.51,"A/"
"PhonAlign",1123.51,1123.63,"t"
"PhonAlign",1123.63,1123.66,"j"
"PhonAlign",1123.66,1123.7,"m"
"PhonAlign",1123.7,1123.73,"E"
"PhonAlign",1123.73,1123.82,"U~/"
"PhonAlign",1123.82,1123.9,"f"
"PhonAlign",1123.9,1123.96,"i"
"PhonAlign",1123.96,1123.99,"l"
"PhonAlign",1123.99,1124.07,"m"
"PhonAlign",1124.07,1124.3,"R"
"PhonAlign",1124.3,1124.41,"y"
"PhonAlign",1124.41,1124.65,"s"
"PhonAlign",1124.65,1124.79,"@"
"PhonAlign",1124.79,1124.88,"d"
"PhonAlign",1124.88,1124.94,"A/"
"PhonAlign",1124.94,1125.0,"n"
"PhonAlign",1125.0,1125.07,"e"
"PhonAlign",1125.07,1125.14,"E"
"PhonAlign",1125.14,1125.34,"s"
"PhonAlign",1125.34,1125.85,"y"
"PhonAlign",1125.85,1125.94,"R"
"PhonAlign",1125.94,1126.1,"U~/"
"PhonAlign",1126.1,1126.16,"m"
"PhonAlign",1126.16,1126.22,"A/"
"PhonAlign",1126.22,1126.25,"l"
"PhonAlign",1126.25,1126.35,"a~"
"PhonAlign",1126.35,1126.42,"t"
"PhonAlign",1126.42,1126.52,"a~"
"PhonAlign",1126.52,1126.5800000000002,"d"
"PhonAlign",1126.5800000000002,1126.76,"y"
"PhonAlign",1126.76,1126.79,"i"
"PhonAlign",1126.79,1126.82,"l"
"PhonAlign",1126.82,1126.86,"R"
"PhonAlign",1126.86,1126.99,"E"
"PhonAlign",1126.99,1127.07,"s"
"PhonAlign",1127.07,1127.11,"t"
"PhonAlign",1127.11,1127.16,"e"
"PhonAlign",1127.16,1127.23,"i"
"PhonAlign",1127.23,1127.26,"s"
"PhonAlign",1127.26,1127.29,"d"
"PhonAlign",1127.29,1127.34,"i"
"PhonAlign",1127.34,1127.4,"z"
"PhonAlign",1127.4,1127.56,"A/"
"PhonAlign",1127.56,1127.63,"m"
"PhonAlign",1127.63,1127.66,"E"
"PhonAlign",1127.66,1127.78,"s"
"PhonAlign",1127.78,1127.86,"e"
"PhonAlign",1127.86,1127.91,"b"
"PhonAlign",1127.91,1127.98,"j"
"PhonAlign",1127.98,1128.04,"U~/"
"PhonAlign",1128.04,1128.17,"a~"
"PhonAlign",1128.17,1128.41,"f"
"PhonAlign",1128.41,1128.48,"E"
"PhonAlign",1128.48,1128.535,"t"
"PhonAlign",1128.535,1129.155,"#"
"PhonAlign",1129.155,1129.195,"w"
"PhonAlign",1129.195,1129.225,"E"
"PhonAlign",1129.225,1129.255,"m"
"PhonAlign",1129.255,1129.475,"v"
"PhonAlign",1129.475,1129.615,"w"
"PhonAlign",1129.615,1129.765,"A/"
"PhonAlign",1129.765,1129.895,"l"
"PhonAlign",1129.895,1130.055,"A/"
"PhonAlign",1130.055,1130.105,"v"
"PhonAlign",1130.105,1130.205,"A/"
"PhonAlign",1130.205,1130.255,"R"
"PhonAlign",1130.255,1130.345,"j"
"PhonAlign",1130.345,1130.455,"e"
"PhonAlign",1130.455,1130.535,"p"
"PhonAlign",1130.535,1130.745,"u"
"PhonAlign",1130.745,1130.785,"R"
"PhonAlign",1130.785,1130.970938,"fp"
"PhonAlign",1130.970938,1134.125,"#"
"PhonAlign",1134.125,1134.165,"v"
"PhonAlign",1134.165,1134.245,"w"
"PhonAlign",1134.245,1134.275,"A/"
"PhonAlign",1134.275,1134.305,"l"
"PhonAlign",1134.305,1134.535,"A/"
"PhonAlign",1134.535,1134.885,"#"
"PhonAlign",1134.885,1135.025,"e"
"PhonAlign",1135.025,1135.065,"l"
"PhonAlign",1135.065,1135.195,"A/"
"PhonAlign",1135.195,1135.295,"t"
"PhonAlign",1135.295,1135.365,"y"
"PhonAlign",1135.365,1135.415,"m"
"PhonAlign",1135.415,1135.605,"E"
"PhonAlign",1135.605,1135.695,"R"
"PhonAlign",1135.695,1135.785,"E"
"PhonAlign",1135.785,1135.865,"k"
"PhonAlign",1135.865,1135.895,"j"
"PhonAlign",1135.895,1135.955,"i"
"PhonAlign",1135.955,1135.995,"E"
"PhonAlign",1135.995,1136.065,"m"
"PhonAlign",1136.065,1136.095,"p"
"PhonAlign",1136.095,1136.155,"u"
"PhonAlign",1136.155,1136.185,"R"
"PhonAlign",1136.185,1136.235,"U~/"
"PhonAlign",1136.235,1136.295,"m"
"PhonAlign",1136.295,1136.355,"A/"
"PhonAlign",1136.355,1136.485,"s"
"PhonAlign",1136.485,1136.525,"A/"
"PhonAlign",1136.525,1136.865,"k"
"PhonAlign",1136.865,1137.075,"R"
"PhonAlign",1137.075,1137.15,"@"
"PhonAlign",1137.15,1137.702222,"laugh"
"PhonAlign",1137.702222,1141.71,"#"
"PhonAlign",1141.71,1141.86,"m"
"PhonAlign",1141.86,1141.96,"E"
"PhonAlign",1141.96,1141.99,"u"
"PhonAlign",1141.99,1142.13,"i"
"PhonAlign",1142.13,1142.71,"#"
"PhonAlign",1142.71,1142.78,"m"
"PhonAlign",1142.78,1142.94,"E"
"PhonAlign",1142.94,1143.0,"u"
"PhonAlign",1143.0,1143.04,"i"
"PhonAlign",1143.04,1153.383018,"#"
"PhonAlign",1153.383018,1153.483018,"u"
"PhonAlign",1153.483018,1153.573018,"u"
"PhonAlign",1153.573018,1153.643018,"A/"
"PhonAlign",1153.643018,1153.873018,"l"
"PhonAlign",1153.873018,1154.108084,"R"
"PhonAlign",1154.108084,1158.94,"#"
"PhonAlign",1158.94,1159.03,"w"
"PhonAlign",1159.03,1159.21,"E"
"PhonAlign",1159.21,1159.28,"n"
"PhonAlign",1159.28,1159.31,"O/"
"PhonAlign",1159.31,1159.36,"m"
"PhonAlign",1159.36,1159.43,"e"
"PhonAlign",1159.43,1159.55,"z"
"PhonAlign",1159.55,1159.73,"Z"
"PhonAlign",1159.73,1159.8200000000002,"a~"
"PhonAlign",1159.8200000000002,1159.86,"R"
"PhonAlign",1159.86,1159.93,"t"
"PhonAlign",1159.93,1160.03,"p"
"PhonAlign",1160.03,1160.0800000000002,"@"
"PhonAlign",1160.0800000000002,1160.19,"k"
"PhonAlign",1160.19,1160.28,"O/"
"PhonAlign",1160.28,1160.41,"S"
"PhonAlign",1160.41,1160.59,"e"
"PhonAlign",1160.59,1160.785,"R"
"PhonAlign",1160.785,1160.87,"#"
"PhonAlign",1160.87,1160.91,"p"
"PhonAlign",1160.91,1161.04,"A/"
"PhonAlign",1161.04,1161.29,"O/"
"PhonAlign",1161.29,1161.32,"R"
"PhonAlign",1161.32,1161.4899999999998,"9"
"PhonAlign",1161.4899999999998,1161.7199999999998,"R"
"PhonAlign",1161.7199999999998,1161.83,"#"
"PhonAlign",1161.83,1161.9699999999998,"p"
"PhonAlign",1161.9699999999998,1162.31,"A/"
"PhonAlign",1162.31,1162.4,"t"
"PhonAlign",1162.4,1162.4499999999998,"R"
"PhonAlign",1162.4499999999998,1162.51,"y"
"PhonAlign",1162.51,1162.6999999999998,"k"
"PhonAlign",1162.6999999999998,1162.88,"t"
"PhonAlign",1162.88,1162.9299999999998,"R"
"PhonAlign",1162.9299999999998,1162.9799999999998,"e"
"PhonAlign",1162.9799999999998,1163.04,"z"
"PhonAlign",1163.04,1163.08,"E"
"PhonAlign",1163.08,1163.11,"k"
"PhonAlign",1163.11,1163.1999999999998,"s"
"PhonAlign",1163.1999999999998,1163.2299999999998,"p"
"PhonAlign",1163.2299999999998,1163.26,"l"
"PhonAlign",1163.26,1163.29,"i"
"PhonAlign",1163.29,1163.41,"s"
"PhonAlign",1163.41,1163.4899999999998,"i"
"PhonAlign",1163.4899999999998,1163.52,"t"
"PhonAlign",1163.52,1163.57,"d"
"PhonAlign",1163.57,1163.62,"y"
"PhonAlign",1163.62,1163.6899999999998,"k"
"PhonAlign",1163.6899999999998,1163.7299999999998,"u"
"PhonAlign",1163.7299999999998,1163.81,"p"
"PhonAlign",1163.81,1163.85,"u"
"PhonAlign",1163.85,1163.88,"R"
"PhonAlign",1163.88,1163.9199999999998,"A/"
"PhonAlign",1163.9199999999998,1163.9499999999998,"v"
"PhonAlign",1163.9499999999998,1163.9799999999998,"w"
"PhonAlign",1163.9799999999998,1164.01,"A/"
"PhonAlign",1164.01,1164.05,"R"
"PhonAlign",1164.05,1164.09,"l"
"PhonAlign",1164.09,1164.31,"E"
"PhonAlign",1164.31,1164.41,"z"
"PhonAlign",1164.41,1164.51,"a~"
"PhonAlign",1164.51,1164.62,"f"
"PhonAlign",1164.62,1164.785,"a~"
"PhonAlign",1164.785,1165.545,"#"
"PhonAlign",1165.545,1165.645,"w"
"PhonAlign",1165.645,1165.715,"E"
"PhonAlign",1165.715,1165.805,"t"
"PhonAlign",1165.805,1165.875,"y"
"PhonAlign",1165.875,1165.9250000000002,"p"
"PhonAlign",1165.9250000000002,1166.125,"u"
"PhonAlign",1166.125,1166.305,"R"
"PhonAlign",1166.305,1166.345,"e"
"PhonAlign",1166.345,1166.485,"#"
"PhonAlign",1166.485,1166.575,"w"
"PhonAlign",1166.575,1166.715,"E"
"PhonAlign",1166.715,1167.224905,"#"
"PhonAlign",1167.224905,1167.264905,"b"
"PhonAlign",1167.264905,1167.564905,"U~/"
"PhonAlign",1167.564905,1167.594905,"u"
"PhonAlign",1167.594905,1167.701559,"i"
"PhonAlign",1167.701559,1172.08,"#"
"PhonAlign",1172.08,1172.1699999999998,"e"
"PhonAlign",1172.1699999999998,1172.25,"t"
"PhonAlign",1172.25,1172.3,"y"
"PhonAlign",1172.3,1172.4,"p"
"PhonAlign",1172.4,1172.48,"E"
"PhonAlign",1172.48,1172.58,"m"
"PhonAlign",1172.58,1172.6699999999998,"w"
"PhonAlign",1172.6699999999998,1172.71,"U~/"
"PhonAlign",1172.71,1172.84,"S"
"PhonAlign",1172.84,1172.97,"E"
"PhonAlign",1172.97,1173.225,"R"
"PhonAlign",1173.225,1173.59,"#"
"PhonAlign",1173.59,1173.6999999999998,"A/"
"PhonAlign",1173.6999999999998,1173.73,"l"
"PhonAlign",1173.73,1173.93,"e"
"PhonAlign",1173.93,1174.26,"#"
"PhonAlign",1174.26,1174.3,"laugh"
"PhonAlign",1174.3,1174.33,"A/"
"PhonAlign",1174.33,1174.5,"l"
"PhonAlign",1174.5,1174.62,"e"
"PhonAlign",1174.62,1175.01,"R"
"PhonAlign",1175.01,1175.07,"O~"
"PhonAlign",1175.07,1175.11,"m"
"PhonAlign",1175.11,1175.2,"O~"
"PhonAlign",1175.2,1175.25,"t"
"PhonAlign",1175.25,1175.32,"y"
"PhonAlign",1175.32,1175.36,"n"
"PhonAlign",1175.36,1175.44,"A/"
"PhonAlign",1175.44,1175.55,"s"
"PhonAlign",1175.55,1175.87,"O/"
"PhonAlign",1175.87,1179.91,"#"
"PhonAlign",1179.91,1179.95,"t"
"PhonAlign",1179.95,1179.98,"e"
"PhonAlign",1179.98,1180.03,"k"
"PhonAlign",1180.03,1180.0600000000002,"w"
"PhonAlign",1180.0600000000002,1180.1,"A/"
"PhonAlign",1180.1,1180.18,"t"
"PhonAlign",1180.18,1180.2900000000002,"p"
"PhonAlign",1180.2900000000002,1180.3200000000002,"@"
"PhonAlign",1180.3200000000002,1180.37,"A/"
"PhonAlign",1180.37,1180.42,"S"
"PhonAlign",1180.42,1180.46,"t"
"PhonAlign",1180.46,1180.5,"e"
"PhonAlign",1180.5,1180.5700000000002,"d"
"PhonAlign",1180.5700000000002,1180.65,"e"
"PhonAlign",1180.65,1180.68,"l"
"PhonAlign",1180.68,1180.78,"i"
"PhonAlign",1180.78,1180.8100000000002,"v"
"PhonAlign",1180.8100000000002,1180.86,"R"
"PhonAlign",1180.86,1180.89,"R"
"PhonAlign",1180.89,1181.12,"a~"
"PhonAlign",1181.12,1181.16,"d"
"PhonAlign",1181.16,1181.410625,"O~"
"PhonAlign",1181.410625,1193.295,"#"
"PhonAlign",1193.295,1193.395,"A/"
"PhonAlign",1193.395,1193.465,"t"
"PhonAlign",1193.465,1193.505,"A/"
"PhonAlign",1193.505,1193.595,"k"
"PhonAlign",1193.595,1193.645,"a~"
"PhonAlign",1193.645,1193.6850000000002,"m"
"PhonAlign",1193.6850000000002,1193.775,"E"
"PhonAlign",1193.775,1193.815,"m"
"PhonAlign",1193.815,1193.9550000000002,"U~/"
"PhonAlign",1193.9550000000002,1194.065,"p"
"PhonAlign",1194.065,1194.095,"2"
"PhonAlign",1194.095,1194.53,"fp"
"PhonAlign",1194.53,1194.695,"#"
"PhonAlign",1194.695,1194.8149999999998,"O/"
"PhonAlign",1194.8149999999998,1194.925,"k"
"PhonAlign",1194.925,1195.112813,"E"
"PhonAlign",1195.112813,1197.95,"#"
"PhonAlign",1197.95,1198.01,"e"
"PhonAlign",1198.01,1198.06,"i"
"PhonAlign",1198.06,1198.2,"z"
"PhonAlign",1198.2,1198.38,"s"
"PhonAlign",1198.38,1198.43,"O~"
"PhonAlign",1198.43,1198.53,"m"
"PhonAlign",1198.53,1198.64,"w"
"PhonAlign",1198.64,1198.68,"U~/"
"PhonAlign",1198.68,1198.77,"S"
"PhonAlign",1198.77,1198.86,"E"
"PhonAlign",1198.86,1198.92,"R"
"PhonAlign",1198.92,1199.0,"k"
"PhonAlign",1199.0,1199.06,"@"
"PhonAlign",1199.06,1199.11,"l"
"PhonAlign",1199.11,1199.19,"e"
"PhonAlign",1199.19,1199.22,"l"
"PhonAlign",1199.22,1199.35,"i"
"PhonAlign",1199.35,1199.4,"v"
"PhonAlign",1199.4,1199.43,"R"
"PhonAlign",1199.43,1199.46,"n"
"PhonAlign",1199.46,1199.67,"O/"
"PhonAlign",1199.67,1199.95,"R"
"PhonAlign",1199.95,1200.02,"m"
"PhonAlign",1200.02,1200.15,"O/"
"PhonAlign",1200.15,1200.31,"u"
"PhonAlign",1200.31,1200.39,"p"
"PhonAlign",1200.39,1200.53,"A/"
"PhonAlign",1200.53,1200.61,"z"
"PhonAlign",1200.61,1200.66,"m"
"PhonAlign",1200.66,1200.69,"E"
"PhonAlign",1200.69,1200.75,"m"
"PhonAlign",1200.75,1200.81,"p"
"PhonAlign",1200.81,1200.95,"A/"
"PhonAlign",1200.95,1202.01,"#"
"PhonAlign",1202.01,1202.05,"p"
"PhonAlign",1202.05,1202.08,"R"
"PhonAlign",1202.08,1202.15,"s"
"PhonAlign",1202.15,1202.18,"k"
"PhonAlign",1202.18,1202.26,"@"
"PhonAlign",1202.26,1202.31,"k"
"PhonAlign",1202.31,1202.48,"a~"
"PhonAlign",1202.48,1202.61,"m"
"PhonAlign",1202.61,1202.71,"E"
"PhonAlign",1202.71,1202.74,"m"
"PhonAlign",1202.74,1202.78,"d"
"PhonAlign",1202.78,1202.82,"A/"
"PhonAlign",1202.82,1202.89,"b"
"PhonAlign",1202.89,1202.95,"i"
"PhonAlign",1202.95,1203.0,"t"
"PhonAlign",1203.0,1203.08,"y"
"PhonAlign",1203.08,1203.11,"d"
"PhonAlign",1203.11,1203.18,"k"
"PhonAlign",1203.18,1203.26,"a~"
"PhonAlign",1203.26,1203.34,"s"
"PhonAlign",1203.34,1203.43,"e"
"PhonAlign",1203.43,1203.5,"Z"
"PhonAlign",1203.5,1203.73,"a~"
"PhonAlign",1203.73,1203.76,"R"
"PhonAlign",1203.76,1203.8,"A/"
"PhonAlign",1203.8,1203.83,"l"
"PhonAlign",1203.83,1203.91,"E"
"PhonAlign",1203.91,1203.97,"A/"
"PhonAlign",1203.97,1204.05,"t"
"PhonAlign",1204.05,1204.21,"w"
"PhonAlign",1204.21,1204.27,"A/"
"PhonAlign",1204.27,1204.31,"R"
"PhonAlign",1204.31,1204.34,"v"
"PhonAlign",1204.34,1204.41,"y"
"PhonAlign",1204.41,1204.46,"k"
"PhonAlign",1204.46,1204.49,"j"
"PhonAlign",1204.49,1204.52,"A/"
"PhonAlign",1204.52,1204.55,"y"
"PhonAlign",1204.55,1204.61,"n"
"PhonAlign",1204.61,1204.72,"S"
"PhonAlign",1204.72,1204.86,"a~"
"PhonAlign",1204.86,1204.94,"s"
"PhonAlign",1204.94,1204.99,"k"
"PhonAlign",1204.99,1205.12,"@"
"PhonAlign",1205.12,1205.25,"s"
"PhonAlign",1205.25,1205.3,"A/"
"PhonAlign",1205.3,1205.39,"t"
"PhonAlign",1205.39,1205.45,"p"
"PhonAlign",1205.45,1205.5,"l"
"PhonAlign",1205.5,1205.55,"E"
"PhonAlign",1205.55,1205.63,"p"
"PhonAlign",1205.63,1205.71,"A/"
"PhonAlign",1205.71,1205.76,"d"
"PhonAlign",1205.76,1205.85,"y"
"PhonAlign",1205.85,1205.94,"t"
"PhonAlign",1205.94,1206.08,"u"
"PhonAlign",1206.08,1206.15,"t"
"PhonAlign",1206.15,1206.37,"#"
"PhonAlign",1206.37,1206.47,"t"
"PhonAlign",1206.47,1206.52,"y"
"PhonAlign",1206.52,1206.58,"p"
"PhonAlign",1206.58,1206.65,"E"
"PhonAlign",1206.65,1206.72,"m"
"PhonAlign",1206.72,1206.78,"w"
"PhonAlign",1206.78,1206.83,"U~/"
"PhonAlign",1206.83,1206.93,"S"
"PhonAlign",1206.93,1206.97,"E"
"PhonAlign",1206.97,1207.165,"R"
"PhonAlign",1207.165,1208.14,"#"
"PhonAlign",1208.14,1208.2900000000002,"w"
"PhonAlign",1208.2900000000002,1208.465,"E"
"PhonAlign",1208.465,1210.285,"#"
"PhonAlign",1210.285,1210.375,"b"
"PhonAlign",1210.375,1210.4450000000002,"E"
"PhonAlign",1210.4450000000002,1210.475,"w"
"PhonAlign",1210.475,1210.535,"E"
"PhonAlign",1210.535,1210.575,"m"
"PhonAlign",1210.575,1210.6850000000002,"E"
"PhonAlign",1210.6850000000002,1210.795,"s"
"PhonAlign",1210.795,1210.835,"e"
"PhonAlign",1210.835,1211.035,"Z"
"PhonAlign",1211.035,1211.075,"y"
"PhonAlign",1211.075,1211.155,"s"
"PhonAlign",1211.155,1211.1950000000002,"t"
"PhonAlign",1211.1950000000002,1211.235,"2"
"PhonAlign",1211.235,1211.285,"m"
"PhonAlign",1211.285,1211.355,"a~"
"PhonAlign",1211.355,1211.4250000000002,"s"
"PhonAlign",1211.4250000000002,1211.4550000000002,"e"
"PhonAlign",1211.4550000000002,1211.515,"U~/"
"PhonAlign",1211.515,1211.565,"t"
"PhonAlign",1211.565,1211.595,"R"
"PhonAlign",1211.595,1211.6650000000002,"y"
"PhonAlign",1211.6650000000002,1211.885,"k"
"PhonAlign",1211.885,1211.9150000000002,"#"
"PhonAlign",1211.9150000000002,1212.1950000000002,"a~"
"PhonAlign",1212.1950000000002,1212.225,"Z"
"PhonAlign",1212.225,1212.4150000000002,"E"
"PhonAlign",1212.4150000000002,1212.4550000000002,"n"
"PhonAlign",1212.4550000000002,1212.585,"E"
"PhonAlign",1212.585,1212.825,"R"
"PhonAlign",1212.825,1213.095,"A/"
"PhonAlign",1213.095,1213.155,"l"
"PhonAlign",1213.155,1213.1850000000002,"l"
"PhonAlign",1213.1850000000002,1213.315,"e"
"PhonAlign",1213.315,1213.495,"z"
"PhonAlign",1213.495,1213.595,"a~"
"PhonAlign",1213.595,1213.645,"t"
"PhonAlign",1213.645,1213.6850000000002,"R"
"PhonAlign",1213.6850000000002,1213.725,"2"
"PhonAlign",1213.725,1213.775,"p"
"PhonAlign",1213.775,1213.805,"R"
"PhonAlign",1213.805,1213.865,"i"
"PhonAlign",1213.865,1213.9250000000002,"z"
"PhonAlign",1213.9250000000002,1213.9550000000002,"E"
"PhonAlign",1213.9550000000002,1213.985,"l"
"PhonAlign",1213.985,1214.045,"f"
"PhonAlign",1214.045,1214.105,"O~"
"PhonAlign",1214.105,1214.1750000000002,"s"
"PhonAlign",1214.1750000000002,1214.245,"A/"
"PhonAlign",1214.245,1214.295,"p"
"PhonAlign",1214.295,1214.385,"u"
"PhonAlign",1214.385,1214.4250000000002,"R"
"PhonAlign",1214.4250000000002,1214.4550000000002,"d"
"PhonAlign",1214.4550000000002,1214.485,"t"
"PhonAlign",1214.485,1214.535,"R"
"PhonAlign",1214.535,1214.595,"y"
"PhonAlign",1214.595,1214.655,"k"
"PhonAlign",1214.655,1214.735,"k"
"PhonAlign",1214.735,1215.025,"i"
"PhonAlign",1215.025,1215.055,"l"
"PhonAlign",1215.055,1215.095,"v"
"PhonAlign",1215.095,1215.225,"a~"
"PhonAlign",1215.225,1215.405,"d"
"PhonAlign",1215.405,1215.485,"2"
"PhonAlign",1215.485,1215.575,"t"
"PhonAlign",1215.575,1215.625,"p"
"PhonAlign",1215.625,1215.725,"A/"
"PhonAlign",1215.725,1215.865,"t"
"PhonAlign",1215.865,1215.995,"R"
"PhonAlign",1215.995,1216.135,"O/"
"PhonAlign",1216.135,1216.595,"p"
"PhonAlign",1216.595,1216.625,"b"
"PhonAlign",1216.625,1216.655,"j"
"PhonAlign",1216.655,1216.6850000000002,"U~/"
"PhonAlign",1216.6850000000002,1216.725,"d"
"PhonAlign",1216.725,1216.765,"y"
"PhonAlign",1216.765,1216.885,"k"
"PhonAlign",1216.885,1216.985,"u"
"PhonAlign",1216.985,1217.065,"s"
"PhonAlign",1217.065,1217.155,"e"
"PhonAlign",1217.155,1217.265,"U~/"
"PhonAlign",1217.265,1217.325,"m"
"PhonAlign",1217.325,1217.355,"w"
"PhonAlign",1217.355,1217.385,"A/"
"PhonAlign",1217.385,1217.4150000000002,"j"
"PhonAlign",1217.4150000000002,1217.4550000000002,"E"
"PhonAlign",1217.4550000000002,1217.485,"d"
"PhonAlign",1217.485,1217.585,"U~/"
"PhonAlign",1217.585,1217.635,"p"
"PhonAlign",1217.635,1217.6950000000002,"2"
"PhonAlign",1217.6950000000002,1217.785,"s"
"PhonAlign",1217.785,1217.855,"@"
"PhonAlign",1217.855,1217.905,"d"
"PhonAlign",1217.905,1217.9450000000002,"E"
"PhonAlign",1217.9450000000002,1217.985,"b"
"PhonAlign",1217.985,1218.045,"A/"
"PhonAlign",1218.045,1218.075,"R"
"PhonAlign",1218.075,1218.135,"A/"
"PhonAlign",1218.135,1218.1950000000002,"s"
"PhonAlign",1218.1950000000002,1218.235,"e"
"PhonAlign",1218.235,1218.285,"e"
"PhonAlign",1218.285,1218.325,"d"
"PhonAlign",1218.325,1218.355,"y"
"PhonAlign",1218.355,1218.4150000000002,"k"
"PhonAlign",1218.4150000000002,1218.4450000000002,"u"
"PhonAlign",1218.4450000000002,1218.525,"s"
"PhonAlign",1218.525,1218.575,"e"
"PhonAlign",1218.575,1218.715,"m"
"PhonAlign",1218.715,1218.805,"w"
"PhonAlign",1218.805,1218.845,"U~/"
"PhonAlign",1218.845,1218.9450000000002,"S"
"PhonAlign",1218.9450000000002,1219.015,"E"
"PhonAlign",1219.015,1219.055,"R"
"PhonAlign",1219.055,1219.515,"#"
"PhonAlign",1219.515,1219.6450000000002,"A/"
"PhonAlign",1219.6450000000002,1219.6750000000002,"O/"
"PhonAlign",1219.6750000000002,1219.775,"k"
"PhonAlign",1219.775,1219.9050000000002,"e"
"PhonAlign",1219.9050000000002,1220.005,"s"
"PhonAlign",1220.005,1220.045,"e"
"PhonAlign",1220.045,1220.075,"v"
"PhonAlign",1220.075,1220.1450000000002,"R"
"PhonAlign",1220.1450000000002,1220.1950000000002,"E"
"PhonAlign",1220.1950000000002,1220.275,"m"
"PhonAlign",1220.275,1220.365,"a~"
"PhonAlign",1220.365,1220.4250000000002,"O/"
"PhonAlign",1220.4250000000002,1220.505,"k"
"PhonAlign",1220.505,1220.6,"E"
"PhonAlign",1220.6,1223.835,"#"
"PhonAlign",1223.835,1224.595,"fp"
"PhonAlign",1224.595,1225.0,"#"
"PhonAlign",1225.0,1225.15,"O/"
"PhonAlign",1225.15,1225.28,"k"
"PhonAlign",1225.28,1225.44,"E"
"PhonAlign",1225.44,1225.52,"b"
"PhonAlign",1225.52,1225.63,"E"
"PhonAlign",1225.63,1225.73,"Z"
"PhonAlign",1225.73,1226.06,"@"
"PhonAlign",1226.06,1226.1,"d"
"PhonAlign",1226.1,1226.13,"y"
"PhonAlign",1226.13,1226.21,"k"
"PhonAlign",1226.21,1226.25,"u"
"PhonAlign",1226.25,1226.31,"S"
"PhonAlign",1226.31,1226.39,"k"
"PhonAlign",1226.39,1226.45,"R"
"PhonAlign",1226.45,1226.5,"w"
"PhonAlign",1226.5,1226.54,"A/"
"PhonAlign",1226.54,1226.57,"k"
"PhonAlign",1226.57,1226.6,"O~"
"PhonAlign",1226.6,1226.77,"E"
"PhonAlign",1226.77,1226.88,"s"
"PhonAlign",1226.88,1226.91,"y"
"PhonAlign",1226.91,1226.94,"R"
"PhonAlign",1226.94,1226.97,"l"
"PhonAlign",1226.97,1227.03,"A/"
"PhonAlign",1227.03,1227.13,"f"
"PhonAlign",1227.13,1227.41,"U~/"
"PhonAlign",1227.41,1227.44,"l"
"PhonAlign",1227.44,1227.69,"A/"
"PhonAlign",1227.69,1227.72,"l"
"PhonAlign",1227.72,1227.77,"A/"
"PhonAlign",1227.77,1227.88,"f"
"PhonAlign",1227.88,1227.95,"U~/"
"PhonAlign",1227.95,1227.98,"d"
"PhonAlign",1227.98,1228.01,"l"
"PhonAlign",1228.01,1228.1,"A/"
"PhonAlign",1228.1,1228.21,"f"
"PhonAlign",1228.21,1228.36,"U~/"
"PhonAlign",1228.36,1228.55,"m"
"PhonAlign",1228.55,1229.36,"fp"
"PhonAlign",1229.36,1229.5,"w"
"PhonAlign",1229.5,1229.54,"E"
"PhonAlign",1229.54,1229.6,"S"
"PhonAlign",1229.6,1229.64,"p"
"PhonAlign",1229.64,1229.7,"a~"
"PhonAlign",1229.7,1229.78,"s"
"PhonAlign",1229.78,1229.81,"k"
"PhonAlign",1229.81,1229.87,"O~"
"PhonAlign",1229.87,1229.95,"A/"
"PhonAlign",1229.95,1230.0,"b"
"PhonAlign",1230.0,1230.03,"j"
"PhonAlign",1230.03,1230.1,"U~/"
"PhonAlign",1230.1,1230.13,"d"
"PhonAlign",1230.13,1230.17,"i"
"PhonAlign",1230.17,1230.26,"s"
"PhonAlign",1230.26,1230.3,"k"
"PhonAlign",1230.3,1230.34,"y"
"PhonAlign",1230.34,1230.42,"t"
"PhonAlign",1230.42,1230.62,"e"
"PhonAlign",1230.62,1230.65,"d"
"PhonAlign",1230.65,1230.7,"y"
"PhonAlign",1230.7,1230.75,"k"
"PhonAlign",1230.75,1230.78,"u"
"PhonAlign",1230.78,1230.81,"O~"
"PhonAlign",1230.81,1230.89,"A/"
"PhonAlign",1230.89,1230.94,"S"
"PhonAlign",1230.94,1230.97,"w"
"PhonAlign",1230.97,1231.0,"A/"
"PhonAlign",1231.0,1231.03,"z"
"PhonAlign",1231.03,1231.08,"i"
"PhonAlign",1231.08,1231.11,"k"
"PhonAlign",1231.11,1231.15,"s"
"PhonAlign",1231.15,1231.2,"t"
"PhonAlign",1231.2,1231.26,"e"
"PhonAlign",1231.26,1231.34,"k"
"PhonAlign",1231.34,1231.37,"l"
"PhonAlign",1231.37,1231.4,"A/"
"PhonAlign",1231.4,1231.88,"s"
"PhonAlign",1231.88,1231.91,"i"
"PhonAlign",1231.91,1232.17,"k"
"PhonAlign",1232.17,1232.235,"laugh"
"PhonAlign",1232.235,1232.866081,"#"
"PhonAlign",1232.866081,1233.285,"laugh"
"PhonAlign",1233.285,1233.4450000000002,"e"
"PhonAlign",1233.4450000000002,1233.555,"O~"
"PhonAlign",1233.555,1233.605,"n"
"PhonAlign",1233.605,1233.6650000000002,"A/"
"PhonAlign",1233.6650000000002,1233.725,"p"
"PhonAlign",1233.725,1233.795,"A/"
"PhonAlign",1233.795,1233.825,"t"
"PhonAlign",1233.825,1233.855,"R"
"PhonAlign",1233.855,1233.965,"O/"
"PhonAlign",1233.965,1233.995,"f"
"PhonAlign",1233.995,1234.045,"E"
"PhonAlign",1234.045,1234.075,"l"
"PhonAlign",1234.075,1234.135,"A/"
"PhonAlign",1234.135,1234.1850000000002,"d"
"PhonAlign",1234.1850000000002,1234.235,"e"
"PhonAlign",1234.235,1234.345,"s"
"PhonAlign",1234.345,1234.405,"i"
"PhonAlign",1234.405,1234.465,"z"
"PhonAlign",1234.465,1234.515,"j"
"PhonAlign",1234.515,1234.79,"O~"
"PhonAlign",1234.79,1235.105,"#"
"PhonAlign",1235.105,1235.45,"fp"
"PhonAlign",1235.45,1242.662508,"#"
"PhonAlign",1242.662508,1242.702508,"w"
"PhonAlign",1242.702508,1243.139162,"E"
"PhonAlign",1243.139162,1248.56,"#"
"PhonAlign",1248.56,1248.6,"b"
"PhonAlign",1248.6,1248.66,"U~/"
"PhonAlign",1248.66,1248.72,"m"
"PhonAlign",1248.72,1248.76,"w"
"PhonAlign",1248.76,1248.81,"A/"
"PhonAlign",1248.81,1248.84,"Z"
"PhonAlign",1248.84,1248.88,"A/"
"PhonAlign",1248.88,1248.91,"v"
"PhonAlign",1248.91,1248.98,"E"
"PhonAlign",1248.98,1249.08,"k"
"PhonAlign",1249.08,1249.1699999999998,"O~"
"PhonAlign",1249.1699999999998,1249.22,"p"
"PhonAlign",1249.22,1249.26,"R"
"PhonAlign",1249.26,1249.29,"i"
"PhonAlign",1249.29,1249.38,"s"
"PhonAlign",1249.38,1249.46,"A/"
"PhonAlign",1249.46,1249.49,"m"
"PhonAlign",1249.49,1249.52,"w"
"PhonAlign",1249.52,1249.55,"A/"
"PhonAlign",1249.55,1249.61,"s"
"PhonAlign",1249.61,1249.66,"t"
"PhonAlign",1249.66,1249.75,"e"
"PhonAlign",1249.75,1249.82,"k"
"PhonAlign",1249.82,1249.85,"l"
"PhonAlign",1249.85,1249.9299999999998,"A/"
"PhonAlign",1249.9299999999998,1250.05,"s"
"PhonAlign",1250.05,1250.1699999999998,"i"
"PhonAlign",1250.1699999999998,1250.2,"k"
"PhonAlign",1250.2,1250.28,"Z"
"PhonAlign",1250.28,1250.55,"a~"
"PhonAlign",1250.55,1250.58,"R"
"PhonAlign",1250.58,1250.9199999999998,"fp"
"PhonAlign",1250.9199999999998,1251.01,"l"
"PhonAlign",1251.01,1251.21,"e"
"PhonAlign",1251.21,1251.27,"l"
"PhonAlign",1251.27,1251.33,"@"
"PhonAlign",1251.33,1251.47,"f"
"PhonAlign",1251.47,1251.65,"i"
"PhonAlign",1251.65,1251.6799999999998,"l"
"PhonAlign",1251.6799999999998,1251.75,"m"
"PhonAlign",1251.75,1252.5,"#"
"PhonAlign",1252.5,1252.61,"b"
"PhonAlign",1252.61,1253.11,"U~/"
"PhonAlign",1253.11,1253.14,"fp"
"PhonAlign",1253.14,1253.23,"Z"
"PhonAlign",1253.23,1253.47,"a~"
"PhonAlign",1253.47,1253.5,"R"
"PhonAlign",1253.5,1253.56,"l"
"PhonAlign",1253.56,1253.61,"e"
"PhonAlign",1253.61,1253.71,"p"
"PhonAlign",1253.71,1253.75,"l"
"PhonAlign",1253.75,1253.8,"y"
"PhonAlign",1253.8,1253.85,"z"
"PhonAlign",1253.85,1253.88,"g"
"PhonAlign",1253.88,1253.95,"R"
"PhonAlign",1253.95,1254.07,"a~"
"PhonAlign",1254.07,1254.1799999999998,"f"
"PhonAlign",1254.1799999999998,1254.33,"i"
"PhonAlign",1254.33,1254.41,"l"
"PhonAlign",1254.41,1254.58,"m"
"PhonAlign",1254.58,1254.6699999999998,"z"
"PhonAlign",1254.6699999999998,1254.8,"d"
"PhonAlign",1254.8,1254.9,"A/"
"PhonAlign",1254.9,1254.94,"v"
"PhonAlign",1254.94,1255.08,"a~"
"PhonAlign",1255.08,1255.16,"s"
"PhonAlign",1255.16,1255.21,"w"
"PhonAlign",1255.21,1255.25,"A/"
"PhonAlign",1255.25,1255.35,"s"
"PhonAlign",1255.35,1255.4299999999998,"a~"
"PhonAlign",1255.4299999999998,1255.46,"t"
"PhonAlign",1255.46,1255.53,"d"
"PhonAlign",1255.53,1255.65,"i"
"PhonAlign",1255.65,1255.71,"z"
"PhonAlign",1255.71,1255.78,"Z"
"PhonAlign",1255.78,1255.84,"a~"
"PhonAlign",1255.84,1255.87,"R"
"PhonAlign",1255.87,1255.97,"a~"
"PhonAlign",1255.97,1256.0,"g"
"PhonAlign",1256.0,1256.03,"R"
"PhonAlign",1256.03,1256.37,"O/"
"PhonAlign",1256.37,1256.4199999999998,"l"
"PhonAlign",1256.4199999999998,1256.48,"A/"
"PhonAlign",1256.48,1256.57,"Z"
"PhonAlign",1256.57,1256.6,"E"
"PhonAlign",1256.6,1256.66,"n"
"PhonAlign",1256.66,1256.69,"E"
"PhonAlign",1256.69,1256.73,"R"
"PhonAlign",1256.73,1256.78,"A/"
"PhonAlign",1256.78,1256.87,"s"
"PhonAlign",1256.87,1256.9,"j"
"PhonAlign",1256.9,1256.9299999999998,"O~"
"PhonAlign",1256.9299999999998,1256.98,"U~/"
"PhonAlign",1256.98,1257.07,"p"
"PhonAlign",1257.07,1257.12,"2"
"PhonAlign",1257.12,1257.1699999999998,"d"
"PhonAlign",1257.1699999999998,1257.25,"A/"
"PhonAlign",1257.25,1257.28,"v"
"PhonAlign",1257.28,1257.41,"a~"
"PhonAlign",1257.41,1257.44,"d"
"PhonAlign",1257.44,1257.48,"E"
"PhonAlign",1257.48,1257.62,"f"
"PhonAlign",1257.62,1257.6699999999998,"i"
"PhonAlign",1257.6699999999998,1257.7,"l"
"PhonAlign",1257.7,1257.9199999999998,"m"
"PhonAlign",1257.9199999999998,1257.965,"z"
"TokensAlign",0.0,2.605,"#"
"TokensAlign",2.605,3.045,"alors"
"TokensAlign",3.045,3.375,"bonjour"
"TokensAlign",3.375,3.405,"et"
"TokensAlign",3.405,3.725,"bienvenue"
"TokensAlign",3.725,3.755,"à"
"TokensAlign",3.755,4.365,"cette"
"TokensAlign",4.365,4.805,"réunion"
"TokensAlign",4.805,5.195,"de"
"TokensAlign",5.195,5.234999999999999,"l'"
"TokensAlign",5.234999999999999,6.145,"association"
"TokensAlign",6.145,6.625,"cinéphile"
"TokensAlign",6.625,6.695,"d'"
"TokensAlign",6.695,7.195,"aix"
"TokensAlign",7.195,7.625,"cinefaix"
"TokensAlign",7.625,7.654999999999999,"on"
"TokensAlign",7.654999999999999,7.805,"l'"
"TokensAlign",7.805,8.15,"appelle"
"TokensAlign",8.15,8.72,"#"
"TokensAlign",8.72,8.93,"@"
"TokensAlign",8.93,9.025,"#"
"TokensAlign",9.025,9.745,"alors"
"TokensAlign",9.745,9.915,"euh"
"TokensAlign",9.915,10.08,"@"
"TokensAlign",10.08,10.17,"#"
"TokensAlign",10.17,10.64,"aujourd'hui"
"TokensAlign",10.64,10.81,"donc"
"TokensAlign",10.81,11.23,"le"
"TokensAlign",11.23,11.36,"but"
"TokensAlign",11.36,11.4,"de"
"TokensAlign",11.4,11.94,"notre"
"TokensAlign",11.94,12.17,"réunion"
"TokensAlign",12.17,12.31,"c'est"
"TokensAlign",12.31,12.38,"d'"
"TokensAlign",12.38,12.73,"essayer"
"TokensAlign",12.73,12.78,"de"
"TokensAlign",12.78,13.07,"trouver"
"TokensAlign",13.07,13.21,"un"
"TokensAlign",13.21,13.57,"genre"
"TokensAlign",13.57,13.77,"pour"
"TokensAlign",13.77,14.29,"notre"
"TokensAlign",14.29,15.115,"#"
"TokensAlign",15.115,15.425,"festival"
"TokensAlign",15.425,15.455,"de"
"TokensAlign",15.455,15.79,"films"
"TokensAlign",15.79,16.567461,"#"
"TokensAlign",16.567461,16.947461,"parce_qu'"
"TokensAlign",16.947461,16.977461,"on"
"TokensAlign",16.977461,17.247461,"sait"
"TokensAlign",17.247461,17.307461,"tous"
"TokensAlign",17.307461,17.337461,"qu'"
"TokensAlign",17.337461,17.397461,"il_y"
"TokensAlign",17.397461,17.427461,"a"
"TokensAlign",17.427461,17.557461,"des"
"TokensAlign",17.557461,17.72004,"genres"
"TokensAlign",17.72004,17.783443,"#"
"TokensAlign",17.783443,18.123443,"supérieurs"
"TokensAlign",18.123443,18.333443,"aux"
"TokensAlign",18.333443,18.58,"autres"
"TokensAlign",18.58,20.265,"@"
"TokensAlign",20.265,20.575,"@"
"TokensAlign",20.575,21.055,"donc"
"TokensAlign",21.055,21.15,"#"
"TokensAlign",21.15,22.0,"euh"
"TokensAlign",22.0,22.08,"donc"
"TokensAlign",22.08,22.44,"du_coup"
"TokensAlign",22.44,22.71,"je"
"TokensAlign",22.71,22.83,"vous"
"TokensAlign",22.83,23.22,"propose"
"TokensAlign",23.22,23.35,"de"
"TokensAlign",23.35,23.93,"préparer"
"TokensAlign",23.93,24.46,"de"
"TokensAlign",24.46,25.19,"préparer"
"TokensAlign",25.19,25.35,"enfin"
"TokensAlign",25.35,25.49,"vous"
"TokensAlign",25.49,25.61,"avez"
"TokensAlign",25.61,26.16,"préparé"
"TokensAlign",26.16,26.21,"des"
"TokensAlign",26.21,26.6,"exposés"
"TokensAlign",26.6,26.81,"sur"
"TokensAlign",26.81,26.94,"vos"
"TokensAlign",26.94,27.16,"genres"
"TokensAlign",27.16,27.86,"respectifs"
"TokensAlign",27.86,27.92,"donc"
"TokensAlign",27.92,27.95,"je"
"TokensAlign",27.95,28.01,"vous"
"TokensAlign",28.01,28.69,"propose"
"TokensAlign",28.69,29.03,"de"
"TokensAlign",29.03,29.12,"les"
"TokensAlign",29.12,29.715,"présenter"
"TokensAlign",29.715,30.370186,"#"
"TokensAlign",30.370186,30.600186,"assez"
"TokensAlign",30.600186,31.550186,"rapidement"
"TokensAlign",31.550186,31.720186,"trois"
"TokensAlign",31.720186,31.940186,"quatre"
"TokensAlign",31.940186,32.382532,"minutes"
"TokensAlign",32.382532,53.877368,"#"
"TokensAlign",53.877368,53.997368,"oui"
"TokensAlign",53.997368,54.227368,"ouai"
"TokensAlign",54.227368,54.467368,"ouai"
"TokensAlign",54.467368,54.637368,"c'est"
"TokensAlign",54.637368,54.750403,"bon"
"TokensAlign",54.750403,68.330395,"#"
"TokensAlign",68.330395,68.672018,"@"
"TokensAlign",68.672018,131.415,"#"
"TokensAlign",131.415,131.655,"après"
"TokensAlign",131.655,131.755,"le"
"TokensAlign",131.755,132.045,"navet"
"TokensAlign",132.045,132.215,"peut"
"TokensAlign",132.215,132.36499999999998,"avoir"
"TokensAlign",132.36499999999998,132.625,"un"
"TokensAlign",132.625,133.015,"intérêt"
"TokensAlign",133.015,133.300895,"aussi"
"TokensAlign",133.300895,146.298904,"#"
"TokensAlign",146.298904,146.478904,"ça"
"TokensAlign",146.478904,146.93890399999998,"fait"
"TokensAlign",146.93890399999998,147.128904,"deux"
"TokensAlign",147.128904,147.46,"minutes"
"TokensAlign",147.46,147.935,"#"
"TokensAlign",147.935,148.04500000000002,"on"
"TokensAlign",148.04500000000002,148.145,"peut"
"TokensAlign",148.145,148.255,"en"
"TokensAlign",148.255,148.905,"discuter"
"TokensAlign",148.905,149.115,"vous"
"TokensAlign",149.115,149.415,"pouvez"
"TokensAlign",149.415,149.815,"donner"
"TokensAlign",149.815,150.205,"votre"
"TokensAlign",150.205,150.385,"avis"
"TokensAlign",150.385,150.585,"sur"
"TokensAlign",150.585,150.655,"les"
"TokensAlign",150.655,150.905,"films"
"TokensAlign",150.905,150.935,"d'"
"TokensAlign",150.935,151.31,"horreur"
"TokensAlign",151.31,217.36,"#"
"TokensAlign",217.36,217.4,"@"
"TokensAlign",217.4,217.44000000000003,"un"
"TokensAlign",217.44000000000003,218.12,"petit"
"TokensAlign",218.12,218.425,"avis"
"TokensAlign",218.425,270.09,"#"
"TokensAlign",270.09,270.16,"ouais"
"TokensAlign",270.16,270.19,"y"
"TokensAlign",270.19,270.22,"a"
"TokensAlign",270.22,270.28,"une"
"TokensAlign",270.28,270.4,"telle"
"TokensAlign",270.4,270.52,"horreur"
"TokensAlign",270.52,271.39,"enfin"
"TokensAlign",271.39,271.9,"visuelle"
"TokensAlign",271.9,272.22,"et"
"TokensAlign",272.22,273.17,"psychologique"
"TokensAlign",273.17,298.205,"#"
"TokensAlign",298.205,298.605,"ok"
"TokensAlign",298.605,298.715,"#"
"TokensAlign",298.715,298.825,"du"
"TokensAlign",298.825,298.895,"coup"
"TokensAlign",298.895,298.945,"je"
"TokensAlign",298.945,299.105,"vous"
"TokensAlign",299.105,299.885,"propose"
"TokensAlign",299.885,299.915,"de"
"TokensAlign",299.915,300.275,"passer"
"TokensAlign",300.275,300.30499999999995,"à"
"TokensAlign",300.30499999999995,300.595,"un"
"TokensAlign",300.595,300.885,"un"
"TokensAlign",300.885,301.155,"autre"
"TokensAlign",301.155,301.43,"genre"
"TokensAlign",301.43,301.829166,"#"
"TokensAlign",301.829166,302.079166,"c'est"
"TokensAlign",302.079166,302.35,"à"
"TokensAlign",302.35,302.8,"#"
"TokensAlign",302.8,303.23,"SPEAKER_1"
"TokensAlign",303.23,303.465,"SPEAKER_2"
"TokensAlign",303.465,304.64,"#"
"TokensAlign",304.64,304.84,"allez"
"TokensAlign",304.84,305.26,"vas"
"TokensAlign",305.26,305.29,"-y"
"TokensAlign",305.29,305.425,"SPEAKER_2"
"TokensAlign",305.425,420.832786,"#"
"TokensAlign",420.832786,421.112786,"hein"
"TokensAlign",421.112786,421.342786,"quoi"
"TokensAlign",421.342786,422.102786,"+"
"TokensAlign",422.102786,422.54,"pardon"
"TokensAlign",422.54,423.93,"#"
"TokensAlign",423.93,424.13,"alors"
"TokensAlign",424.13,424.39,"dans"
"TokensAlign",424.39,424.42,"un"
"TokensAlign",424.42,424.62,"dans"
"TokensAlign",424.62,424.66,"un"
"TokensAlign",424.66,425.02,"festival"
"TokensAlign",425.02,425.18,"pas"
"TokensAlign",425.18,425.4,"des"
"TokensAlign",425.4,425.43,"*"
"TokensAlign",425.43,425.69,"assez"
"TokensAlign",425.69,426.235,"découvert"
"TokensAlign",426.235,443.432823,"#"
"TokensAlign",443.432823,443.782823,"@"
"TokensAlign",443.782823,444.477797,"shoah"
"TokensAlign",444.477797,445.218842,"#"
"TokensAlign",445.218842,446.237753,"@"
"TokensAlign",446.237753,447.337725,"shoah"
"TokensAlign",447.337725,448.329989,"@"
"TokensAlign",448.329989,450.050991,"#"
"TokensAlign",450.050991,450.120991,"ouais"
"TokensAlign",450.120991,450.900991,"ben"
"TokensAlign",450.900991,450.97,"ouais"
"TokensAlign",450.97,452.874254,"#"
"TokensAlign",452.874254,453.084254,"c'est"
"TokensAlign",453.084254,453.225,"qui"
"TokensAlign",453.225,453.88,"#"
"TokensAlign",453.88,454.06,"non"
"TokensAlign",454.06,454.18,"c'est"
"TokensAlign",454.18,454.48,"peter"
"TokensAlign",454.48,454.78,"jackson"
"TokensAlign",454.78,455.05,"non"
"TokensAlign",455.05,455.11,"il"
"TokensAlign",455.11,455.19,"l'"
"TokensAlign",455.19,455.53,"avait"
"TokensAlign",455.53,455.85,"fait"
"TokensAlign",455.85,456.0,"aussi"
"TokensAlign",456.0,456.03,"un"
"TokensAlign",456.03,456.07,"un"
"TokensAlign",456.07,456.42,"documentaire"
"TokensAlign",456.42,456.59,"sur"
"TokensAlign",456.59,456.65,"la"
"TokensAlign",456.65,457.19,"seconde_guerre_mondiale"
"TokensAlign",457.19,457.22,"il"
"TokensAlign",457.22,457.25,"n'"
"TokensAlign",457.25,457.31,"y"
"TokensAlign",457.31,457.34,"a"
"TokensAlign",457.34,457.73,"longtemps"
"TokensAlign",457.73,457.77,"+"
"TokensAlign",457.77,458.17,"avec"
"TokensAlign",458.17,458.3,"des"
"TokensAlign",458.3,458.48,"images"
"TokensAlign",458.48,458.51,"d'"
"TokensAlign",458.51,459.04,"archives"
"TokensAlign",459.04,476.01,"#"
"TokensAlign",476.01,476.16,"non"
"TokensAlign",476.16,476.24,"il_y"
"TokensAlign",476.24,476.36,"a"
"TokensAlign",476.36,476.45,"la"
"TokensAlign",476.45,476.82,"vietnam"
"TokensAlign",476.82,476.97,"de"
"TokensAlign",476.97,477.1,"la"
"TokensAlign",477.1,477.28,"guerre"
"TokensAlign",477.28,477.36,"du"
"TokensAlign",477.36,477.81,"vietnam"
"TokensAlign",477.81,478.13,"par"
"TokensAlign",478.13,478.34,"ken"
"TokensAlign",478.34,479.2,"burns"
"TokensAlign",479.2,479.27,"#"
"TokensAlign",479.27,479.48,"douze"
"TokensAlign",479.48,480.26,"parties"
"TokensAlign",480.26,481.425,"#"
"TokensAlign",481.425,481.825,"euh"
"TokensAlign",481.825,482.225,"ok"
"TokensAlign",482.225,482.69,"#"
"TokensAlign",482.69,483.02,"mais"
"TokensAlign",483.02,483.21,"donc"
"TokensAlign",483.21,483.39,"ouais"
"TokensAlign",483.39,483.53,"ce"
"TokensAlign",483.53,483.71,"serait"
"TokensAlign",483.71,484.05,"euh"
"TokensAlign",484.05,484.12,"+"
"TokensAlign",484.12,484.59,"faudrait"
"TokensAlign",484.59,484.78,"essayer"
"TokensAlign",484.78,485.06,"trouver"
"TokensAlign",485.06,485.19,"un"
"TokensAlign",485.19,485.56,"thème"
"TokensAlign",485.56,486.3,"#"
"TokensAlign",486.3,486.45,"ouais"
"TokensAlign",486.45,486.58,"bon"
"TokensAlign",486.58,486.66,"on"
"TokensAlign",486.66,486.8,"peut"
"TokensAlign",486.8,486.87,"en"
"TokensAlign",486.87,487.23,"reparler"
"TokensAlign",487.23,487.34,"si"
"TokensAlign",487.34,487.38,"on"
"TokensAlign",487.38,487.42,"a"
"TokensAlign",487.42,487.52,"du"
"TokensAlign",487.52,487.92,"temps"
"TokensAlign",487.92,488.0,"à"
"TokensAlign",488.0,488.09,"la"
"TokensAlign",488.09,488.27,"fin"
"TokensAlign",488.27,488.77,"SPEAKER_1"
"TokensAlign",488.77,488.8,"+"
"TokensAlign",488.8,488.89,"si"
"TokensAlign",488.89,488.95,"tu"
"TokensAlign",488.95,489.03,"veux"
"TokensAlign",489.03,489.63,"présenter"
"TokensAlign",489.63,572.743567,"#"
"TokensAlign",572.743567,573.323567,"michael"
"TokensAlign",573.323567,573.403551,"bay"
"TokensAlign",573.403551,574.191864,"#"
"TokensAlign",574.191864,574.721864,"ah_bon"
"TokensAlign",574.721864,575.101864,"mais"
"TokensAlign",575.101864,575.291864,"c'est"
"TokensAlign",575.291864,575.971864,"c'est"
"TokensAlign",575.971864,576.361864,"pas"
"TokensAlign",576.361864,576.601864,"du"
"TokensAlign",576.601864,577.091864,"tout"
"TokensAlign",577.091864,577.231864,"enfin"
"TokensAlign",577.231864,577.461864,"il"
"TokensAlign",577.461864,577.901864,"bombarde"
"TokensAlign",577.901864,578.371864,"un"
"TokensAlign",578.371864,578.8818640000001,"hôpital"
"TokensAlign",578.8818640000001,579.121864,"à"
"TokensAlign",579.121864,579.981864,"hawaii"
"TokensAlign",579.981864,580.151864,"c'est"
"TokensAlign",580.151864,580.391864,"c'est"
"TokensAlign",580.391864,580.531864,"l'"
"TokensAlign",580.531864,581.151864,"inverse"
"TokensAlign",581.151864,581.561864,"d'"
"TokensAlign",581.561864,582.07,"historique"
"TokensAlign",582.07,582.35,"#"
"TokensAlign",582.35,582.5500000000001,"non"
"TokensAlign",582.5500000000001,582.82,"non"
"TokensAlign",582.82,583.94,"interdit"
"TokensAlign",583.94,584.03,"ça"
"TokensAlign",584.03,584.855,"#"
"TokensAlign",584.855,585.645,"@"
"TokensAlign",585.645,585.8050000000001,"c'est"
"TokensAlign",585.8050000000001,586.105,"pareil"
"TokensAlign",586.105,586.1750000000001,"qu'"
"TokensAlign",586.1750000000001,587.085,"australia"
"TokensAlign",587.085,587.595,"c'est"
"TokensAlign",587.595,587.975,"méchants"
"TokensAlign",587.975,588.125,"c'est"
"TokensAlign",588.125,588.465,"méchants"
"TokensAlign",588.465,589.065,"japonais"
"TokensAlign",589.065,589.225,"qui"
"TokensAlign",589.225,589.385,"vont"
"TokensAlign",589.385,589.645,"nous"
"TokensAlign",589.645,590.0450000000001,"enfin"
"TokensAlign",590.0450000000001,590.1750000000001,"bon"
"TokensAlign",590.1750000000001,590.285,"ils"
"TokensAlign",590.285,590.345,"ont"
"TokensAlign",590.345,590.495,"fait"
"TokensAlign",590.495,590.6750000000001,"pearl"
"TokensAlign",590.6750000000001,590.9250000000001,"harbor"
"TokensAlign",590.9250000000001,590.985,"mais"
"TokensAlign",590.985,591.015,"ils"
"TokensAlign",591.015,591.0450000000001,"ont"
"TokensAlign",591.0450000000001,591.115,"pas"
"TokensAlign",591.115,591.595,"bombardé"
"TokensAlign",591.595,591.755,"des"
"TokensAlign",591.755,592.355,"hôpitaux"
"TokensAlign",592.355,592.705,"#"
"TokensAlign",592.705,592.7850000000001,"pas"
"TokensAlign",592.7850000000001,592.865,"qu'"
"TokensAlign",592.865,592.9250000000001,"on"
"TokensAlign",592.9250000000001,593.145,"sache"
"TokensAlign",593.145,593.785,"#"
"TokensAlign",593.785,594.055,"non"
"TokensAlign",594.055,594.135,"ouais"
"TokensAlign",594.135,594.4549999999999,"vas"
"TokensAlign",594.4549999999999,594.495,"-y"
"TokensAlign",594.495,594.6949999999999,"vas"
"TokensAlign",594.6949999999999,594.775,"-y"
"TokensAlign",594.775,594.9,"#"
"TokensAlign",594.9,595.12,"vas"
"TokensAlign",595.12,595.17,"-y"
"TokensAlign",595.17,595.6,"pardon"
"TokensAlign",595.6,596.065,"pardon"
"TokensAlign",596.065,614.4,"#"
"TokensAlign",614.4,614.52,"oh"
"TokensAlign",614.52,614.855,"ben"
"TokensAlign",614.855,615.31,"#"
"TokensAlign",615.31,615.43,"c'est"
"TokensAlign",615.43,615.665,"vrai"
"TokensAlign",615.665,616.315,"#"
"TokensAlign",616.315,616.455,"mais"
"TokensAlign",616.455,616.5050000000001,"il"
"TokensAlign",616.5050000000001,616.5350000000001,"a"
"TokensAlign",616.5350000000001,616.6750000000001,"eu"
"TokensAlign",616.6750000000001,616.7650000000001,"du"
"TokensAlign",616.7650000000001,617.19,"succès"
"TokensAlign",617.19,619.28,"#"
"TokensAlign",619.28,619.3399999999999,"ah"
"TokensAlign",619.3399999999999,619.4,"je"
"TokensAlign",619.4,619.54,"savais"
"TokensAlign",619.54,619.67,"pas"
"TokensAlign",619.67,619.76,"du"
"TokensAlign",619.76,619.97,"tout"
"TokensAlign",619.97,625.94,"#"
"TokensAlign",625.94,626.12,"non"
"TokensAlign",626.12,626.32,"non"
"TokensAlign",626.32,626.36,"mais"
"TokensAlign",626.36,626.5,"j'"
"TokensAlign",626.5,626.6800000000001,"ai"
"TokensAlign",626.6800000000001,626.99,"entendu"
"TokensAlign",626.99,627.4200000000001,"michael"
"TokensAlign",627.4200000000001,627.84,"bay"
"TokensAlign",627.84,628.1300000000001,"je"
"TokensAlign",628.1300000000001,628.3100000000001,"me"
"TokensAlign",628.3100000000001,628.5200000000001,"suis"
"TokensAlign",628.5200000000001,628.9200000000001,"dit"
"TokensAlign",628.9200000000001,629.19,"*"
"TokensAlign",629.19,629.567075,"d'accord"
"TokensAlign",629.567075,666.1328,"#"
"TokensAlign",666.1328,667.761587,"@"
"TokensAlign",667.761587,668.584428,"#"
"TokensAlign",668.584428,668.984063,"@"
"TokensAlign",668.984063,669.444063,"vas"
"TokensAlign",669.444063,669.514063,"-y"
"TokensAlign",669.514063,669.894063,"continue"
"TokensAlign",669.894063,670.114063,"ta"
"TokensAlign",670.114063,671.05,"réflexion"
"TokensAlign",671.05,672.147505,"#"
"TokensAlign",672.147505,673.942463,"@"
"TokensAlign",673.942463,675.430491,"#"
"TokensAlign",675.430491,675.993528,"@"
"TokensAlign",675.993528,679.579381,"#"
"TokensAlign",679.579381,680.089381,"ouais"
"TokensAlign",680.089381,680.807684,"@"
"TokensAlign",680.807684,681.194321,"#"
"TokensAlign",681.194321,681.545154,"@"
"TokensAlign",681.545154,690.631806,"#"
"TokensAlign",690.631806,691.161806,"@"
"TokensAlign",691.161806,691.4318059999999,"mel"
"TokensAlign",691.4318059999999,692.16414,"gibson"
"TokensAlign",692.16414,702.448883,"#"
"TokensAlign",702.448883,703.308883,"freedom"
"TokensAlign",703.308883,703.3988830000001,"@"
"TokensAlign",703.3988830000001,705.1488830000001,"+"
"TokensAlign",705.1488830000001,705.418883,"ouais"
"TokensAlign",705.418883,706.005461,"d'accord"
"TokensAlign",706.005461,709.3,"#"
"TokensAlign",709.3,709.4,"tu"
"TokensAlign",709.4,709.5,"fais"
"TokensAlign",709.5,709.56,"une"
"TokensAlign",709.56,710.78,"retrospective"
"TokensAlign",710.78,710.87,"mel"
"TokensAlign",710.87,711.1,"gibson"
"TokensAlign",711.1,736.288402,"#"
"TokensAlign",736.288402,737.091559,"@"
"TokensAlign",737.091559,737.191559,"@"
"TokensAlign",737.191559,737.2615589999999,"ouais"
"TokensAlign",737.2615589999999,737.6515589999999,"ça"
"TokensAlign",737.6515589999999,737.811559,"va"
"TokensAlign",737.811559,737.961559,"faire"
"TokensAlign",737.961559,738.301559,"beaucoup"
"TokensAlign",738.301559,738.704852,"quand"
"TokensAlign",738.704852,753.334487,"#"
"TokensAlign",753.334487,753.594487,"ouais"
"TokensAlign",753.594487,754.294487,"ouais"
"TokensAlign",754.294487,754.452793,"ouais"
"TokensAlign",754.452793,758.497119,"#"
"TokensAlign",758.497119,759.147119,"ouais"
"TokensAlign",759.147119,759.227119,"ouais"
"TokensAlign",759.227119,759.377097,"ouais"
"TokensAlign",759.377097,762.39016,"#"
"TokensAlign",762.39016,763.415692,"@"
"TokensAlign",763.415692,765.08716,"#"
"TokensAlign",765.08716,766.220981,"@"
"TokensAlign",766.220981,766.875243,"#"
"TokensAlign",766.875243,767.475,"ok"
"TokensAlign",767.475,767.85,"#"
"TokensAlign",767.85,768.16,"euh"
"TokensAlign",768.16,768.39,"bon"
"TokensAlign",768.39,768.4300000000001,"je"
"TokensAlign",768.4300000000001,768.58,"vous"
"TokensAlign",768.58,768.74,"avoue"
"TokensAlign",768.74,768.77,"que"
"TokensAlign",768.77,768.8100000000001,"j'"
"TokensAlign",768.8100000000001,768.9300000000001,"ai"
"TokensAlign",768.9300000000001,769.33,"absolument"
"TokensAlign",769.33,769.59,"perdu"
"TokensAlign",769.59,770.02,"le"
"TokensAlign",770.02,770.39,"fil"
"TokensAlign",770.39,770.6,"@"
"TokensAlign",770.6,770.95,"de"
"TokensAlign",770.95,771.23,"l'"
"TokensAlign",771.23,771.46,"heure"
"TokensAlign",771.46,771.78,"mais"
"TokensAlign",771.78,771.95,"je"
"TokensAlign",771.95,772.1800000000001,"vais"
"TokensAlign",772.1800000000001,772.57,"parler"
"TokensAlign",772.57,772.6,"des"
"TokensAlign",772.6,772.975,"classiques"
"TokensAlign",772.975,773.391786,"#"
"TokensAlign",773.391786,773.611786,"parce"
"TokensAlign",773.611786,773.731786,"que"
"TokensAlign",773.731786,773.941786,"quand"
"TokensAlign",773.941786,774.231786,"même"
"TokensAlign",774.231786,774.671786,"+"
"TokensAlign",774.671786,774.811786,"c'est"
"TokensAlign",774.811786,774.9617860000001,"quand"
"TokensAlign",774.9617860000001,775.111786,"même"
"TokensAlign",775.111786,775.665,"malheureux"
"TokensAlign",775.665,775.865,"#"
"TokensAlign",775.865,775.9350000000001,"qu"
"TokensAlign",775.9350000000001,776.075,"on"
"TokensAlign",776.075,776.385,"regarde"
"TokensAlign",776.385,776.525,"pas"
"TokensAlign",776.525,776.625,"les"
"TokensAlign",776.625,777.226114,"classiques"
"TokensAlign",777.226114,777.59,"#"
"TokensAlign",777.59,777.77,"parce"
"TokensAlign",777.77,777.82,"qu'"
"TokensAlign",777.82,778.62,"aujourd'hui"
"TokensAlign",778.62,779.20607,"#"
"TokensAlign",779.20607,779.3560699999999,"moi"
"TokensAlign",779.3560699999999,779.3860699999999,"j'"
"TokensAlign",779.3860699999999,779.5160699999999,"en"
"TokensAlign",779.5160699999999,779.67607,"reviens"
"TokensAlign",779.67607,779.9960699999999,"toujours"
"TokensAlign",779.9960699999999,780.06607,"au"
"TokensAlign",780.06607,780.32607,"top"
"TokensAlign",780.32607,780.7360699999999,"cent_onze"
"TokensAlign",780.7360699999999,780.80607,"de"
"TokensAlign",780.80607,781.06607,"sens"
"TokensAlign",781.06607,781.576105,"critique"
"TokensAlign",781.576105,782.07,"#"
"TokensAlign",782.07,782.11,"qui"
"TokensAlign",782.11,782.2,"pour"
"TokensAlign",782.2,782.6400000000001,"moi"
"TokensAlign",782.6400000000001,783.6,"est"
"TokensAlign",783.6,783.8000000000001,"la"
"TokensAlign",783.8000000000001,784.21,"base"
"TokensAlign",784.21,784.4300000000001,"non"
"TokensAlign",784.4300000000001,784.5500000000001,"mais"
"TokensAlign",784.5500000000001,784.6800000000001,"c'est"
"TokensAlign",784.6800000000001,784.8100000000001,"vrai"
"TokensAlign",784.8100000000001,784.99,"que"
"TokensAlign",784.99,785.1800000000001,"c'est"
"TokensAlign",785.1800000000001,785.35,"des"
"TokensAlign",785.35,785.62,"trucs"
"TokensAlign",785.62,785.87,"comme"
"TokensAlign",785.87,786.14,"euh"
"TokensAlign",786.14,786.27,"#"
"TokensAlign",786.27,786.77,"bon"
"TokensAlign",786.77,786.91,"c'est"
"TokensAlign",786.91,787.05,"sûr"
"TokensAlign",787.05,787.25,"que"
"TokensAlign",787.25,787.52,"des"
"TokensAlign",787.52,787.77,"films"
"TokensAlign",787.77,787.9399999999999,"de"
"TokensAlign",787.9399999999999,788.1999999999999,"3h"
"TokensAlign",788.1999999999999,788.5699999999999,"japonais"
"TokensAlign",788.5699999999999,789.0699999999999,"en"
"TokensAlign",789.0699999999999,789.29,"noir"
"TokensAlign",789.29,789.3299999999999,"et"
"TokensAlign",789.3299999999999,789.86,"blanc"
"TokensAlign",789.86,790.73,"muet"
"TokensAlign",790.73,790.76,"ou"
"TokensAlign",790.76,790.85,"non"
"TokensAlign",790.85,791.045,"#"
"TokensAlign",791.045,791.0849999999999,"ça"
"TokensAlign",791.0849999999999,791.265,"donne"
"TokensAlign",791.265,791.505,"peut-être"
"TokensAlign",791.505,791.645,"pas"
"TokensAlign",791.645,792.015,"forcément"
"TokensAlign",792.015,792.3349999999999,"super"
"TokensAlign",792.3349999999999,792.555,"envie"
"TokensAlign",792.555,792.645,"au"
"TokensAlign",792.645,792.775,"grand"
"TokensAlign",792.775,793.2049999999999,"public"
"TokensAlign",793.2049999999999,793.4649999999999,"mais"
"TokensAlign",793.4649999999999,793.805,"voilà"
"TokensAlign",793.805,794.145,"c'est"
"TokensAlign",794.145,794.1949999999999,"l'"
"TokensAlign",794.1949999999999,794.745,"occasion"
"TokensAlign",794.745,794.905,"de"
"TokensAlign",794.905,795.055,"quand"
"TokensAlign",795.055,795.505,"même"
"TokensAlign",795.505,796.0849999999999,"trouver"
"TokensAlign",796.0849999999999,796.2249999999999,"des"
"TokensAlign",796.2249999999999,796.615,"films"
"TokensAlign",796.615,796.97,"qui"
"TokensAlign",796.97,797.245,"#"
"TokensAlign",797.245,797.475,"euh"
"TokensAlign",797.475,797.655,"que"
"TokensAlign",797.655,797.795,"les"
"TokensAlign",797.795,797.995,"gens"
"TokensAlign",797.995,798.535,"ils"
"TokensAlign",798.535,798.795,"iraient"
"TokensAlign",798.795,798.965,"pas"
"TokensAlign",798.965,799.425,"forcément"
"TokensAlign",799.425,799.545,"d'"
"TokensAlign",799.545,799.965,"eux-mêmes"
"TokensAlign",799.965,800.145,"les"
"TokensAlign",800.145,800.525,"chercher"
"TokensAlign",800.525,800.635,"et"
"TokensAlign",800.635,800.755,"les"
"TokensAlign",800.755,801.035,"voir"
"TokensAlign",801.035,802.83,"#"
"TokensAlign",802.83,803.76,"ouais"
"TokensAlign",803.76,803.9000000000001,"non"
"TokensAlign",803.9000000000001,804.0500000000001,"mais"
"TokensAlign",804.0500000000001,804.59,"pour"
"TokensAlign",804.59,804.62,"le"
"TokensAlign",804.62,804.9300000000001,"coup"
"TokensAlign",804.9300000000001,805.1600000000001,"c'est"
"TokensAlign",805.1600000000001,805.3100000000001,"un"
"TokensAlign",805.3100000000001,805.38,"des"
"TokensAlign",805.38,805.76,"plus"
"TokensAlign",805.76,806.01,"vus"
"TokensAlign",806.01,820.78,"#"
"TokensAlign",820.78,821.06,"même"
"TokensAlign",821.06,821.1999999999999,"parce_que"
"TokensAlign",821.1999999999999,821.36,"des"
"TokensAlign",821.36,821.61,"trucs"
"TokensAlign",821.61,822.01,"genre"
"TokensAlign",822.01,822.99,"#"
"TokensAlign",822.99,823.34,"ouais"
"TokensAlign",823.34,823.46,"mais"
"TokensAlign",823.46,823.54,"t'"
"TokensAlign",823.54,823.59,"es"
"TokensAlign",823.59,823.69,"pas"
"TokensAlign",823.69,823.97,"obligé"
"TokensAlign",823.97,824.01,"d'"
"TokensAlign",824.01,824.16,"aller"
"TokensAlign",824.16,824.24,"dans"
"TokensAlign",824.24,824.34,"un"
"TokensAlign",824.34,824.52,"truc"
"TokensAlign",824.52,824.74,"grand"
"TokensAlign",824.74,825.0,"lourd"
"TokensAlign",825.0,825.45,"genre"
"TokensAlign",825.45,825.87,"monkey"
"TokensAlign",825.87,826.74,"wicks"
"TokensAlign",826.74,827.03,"billy"
"TokensAlign",827.03,827.59,"wilder"
"TokensAlign",827.59,827.76,"mais"
"TokensAlign",827.76,827.82,"des"
"TokensAlign",827.82,828.01,"trucs"
"TokensAlign",828.01,828.25,"mais"
"TokensAlign",828.25,829.105,"incroyables"
"TokensAlign",829.105,830.05,"#"
"TokensAlign",830.05,830.3299999999999,"d'accord"
"TokensAlign",830.3299999999999,830.4,"t'"
"TokensAlign",830.4,830.4399999999999,"as"
"TokensAlign",830.4399999999999,830.55,"dit"
"TokensAlign",830.55,830.81,"quoi"
"TokensAlign",830.81,832.133477,"#"
"TokensAlign",832.133477,833.582813,"@"
"TokensAlign",833.582813,834.292813,"@"
"TokensAlign",834.292813,834.422813,"ah"
"TokensAlign",834.422813,834.602813,"ouais"
"TokensAlign",834.602813,834.652813,"j'"
"TokensAlign",834.652813,834.952813,"connais"
"TokensAlign",834.952813,835.052813,"dw"
"TokensAlign",835.052813,835.79,"griffith"
"TokensAlign",835.79,835.98644,"#"
"TokensAlign",835.98644,836.308838,"@"
"TokensAlign",836.308838,836.740527,"#"
"TokensAlign",836.740527,837.3405270000001,"non"
"TokensAlign",837.3405270000001,837.480527,"mais"
"TokensAlign",837.480527,837.730527,"voilà"
"TokensAlign",837.730527,837.8205270000001,"tu"
"TokensAlign",837.8205270000001,837.9605270000001,"vois"
"TokensAlign",837.9605270000001,838.350527,"y'"
"TokensAlign",838.350527,838.390527,"a"
"TokensAlign",838.390527,838.5805270000001,"plein"
"TokensAlign",838.5805270000001,838.610527,"de"
"TokensAlign",838.610527,838.910527,"trucs"
"TokensAlign",838.910527,839.030527,"c'est"
"TokensAlign",839.030527,839.1805270000001,"pas"
"TokensAlign",839.1805270000001,839.4405270000001,"parce_que"
"TokensAlign",839.4405270000001,839.5805270000001,"c'est"
"TokensAlign",839.5805270000001,839.750527,"des"
"TokensAlign",839.750527,840.160527,"classiques"
"TokensAlign",840.160527,840.280527,"que"
"TokensAlign",840.280527,840.4605270000001,"c'est"
"TokensAlign",840.4605270000001,840.9305270000001,"genre"
"TokensAlign",840.9305270000001,841.420527,"lourd"
"TokensAlign",841.420527,841.5605270000001,"et"
"TokensAlign",841.5605270000001,842.175,"long"
"TokensAlign",842.175,842.53,"#"
"TokensAlign",842.53,842.79,"genre"
"TokensAlign",842.79,843.115,"billy"
"TokensAlign",843.115,844.635,"#"
"TokensAlign",844.635,844.745,"ah"
"TokensAlign",844.745,844.965,"un"
"TokensAlign",844.965,845.135,"peu"
"TokensAlign",845.135,845.245,"quand"
"TokensAlign",845.245,845.44,"même"
"TokensAlign",845.44,845.83,"#"
"TokensAlign",845.83,846.01,"ah"
"TokensAlign",846.01,846.07,"ouais"
"TokensAlign",846.07,846.48,"non"
"TokensAlign",846.48,846.6700000000001,"eh"
"TokensAlign",846.6700000000001,846.95,"donc"
"TokensAlign",846.95,847.13,"un"
"TokensAlign",847.13,847.34,"peu"
"TokensAlign",847.34,847.72,"quand"
"TokensAlign",847.72,848.135,"même"
"TokensAlign",848.135,849.32,"#"
"TokensAlign",849.32,849.62,"enfin"
"TokensAlign",849.62,849.71,"il"
"TokensAlign",849.71,849.74,"est"
"TokensAlign",849.74,849.8900000000001,"il"
"TokensAlign",849.8900000000001,849.96,"est"
"TokensAlign",849.96,850.1600000000001,"très"
"TokensAlign",850.1600000000001,850.495,"cool"
"TokensAlign",850.495,850.92,"#"
"TokensAlign",850.92,851.2099999999999,"mais"
"TokensAlign",851.2099999999999,851.24,"tu"
"TokensAlign",851.24,851.5999999999999,"me"
"TokensAlign",851.5999999999999,851.9799999999999,"dis"
"TokensAlign",851.9799999999999,852.3399999999999,"un"
"TokensAlign",852.3399999999999,853.04,"vendredi"
"TokensAlign",853.04,853.51,"soir"
"TokensAlign",853.51,853.99,"fun"
"TokensAlign",853.99,854.2299999999999,"tiens"
"TokensAlign",854.2299999999999,854.29,"on"
"TokensAlign",854.29,854.37,"va"
"TokensAlign",854.37,854.4,"à"
"TokensAlign",854.4,854.4799999999999,"un"
"TokensAlign",854.4799999999999,854.9,"festival"
"TokensAlign",854.9,855.29,"de"
"TokensAlign",855.29,855.65,"films"
"TokensAlign",855.65,855.6899999999999,"un"
"TokensAlign",855.6899999999999,855.88,"p"
"TokensAlign",855.88,856.2299999999999,"tit"
"TokensAlign",856.2299999999999,856.78,"citizen"
"TokensAlign",856.78,857.17,"kane"
"TokensAlign",857.17,858.06,"#"
"TokensAlign",858.06,858.4599999999999,"bof"
"TokensAlign",858.4599999999999,858.6199999999999,"tu"
"TokensAlign",858.6199999999999,858.7099999999999,"vois"
"TokensAlign",858.7099999999999,858.77,"un"
"TokensAlign",858.77,858.9399999999999,"p"
"TokensAlign",858.9399999999999,859.16,"tit"
"TokensAlign",859.16,859.4,"billy"
"TokensAlign",859.4,859.8499999999999,"wilder"
"TokensAlign",859.8499999999999,859.9499999999999,"là"
"TokensAlign",859.9499999999999,860.1099999999999,"une"
"TokensAlign",860.1099999999999,860.2399999999999,"heure"
"TokensAlign",860.2399999999999,860.3,"et"
"TokensAlign",860.3,860.4799999999999,"demie"
"TokensAlign",860.4799999999999,860.6099999999999,"de"
"TokensAlign",860.6099999999999,861.3399999999999,"papapap"
"TokensAlign",861.3399999999999,861.3699999999999,"+"
"TokensAlign",861.3699999999999,861.4,"le"
"TokensAlign",861.4,861.78,"dialogue"
"TokensAlign",861.78,862.01,"qui"
"TokensAlign",862.01,862.3,"euh"
"TokensAlign",862.3,862.3299999999999,"+"
"TokensAlign",862.3299999999999,862.8699999999999,"sans_cesse"
"TokensAlign",862.8699999999999,863.41,"euh"
"TokensAlign",863.41,863.4899999999999,"et"
"TokensAlign",863.4899999999999,863.7299999999999,"que"
"TokensAlign",863.7299999999999,863.77,"des"
"TokensAlign",863.77,863.9499999999999,"trucs"
"TokensAlign",863.9499999999999,864.15,"genre"
"TokensAlign",864.15,864.94,"hilarants"
"TokensAlign",864.94,865.565,"#"
"TokensAlign",865.565,865.705,"enfin"
"TokensAlign",865.705,865.8950000000001,"voilà"
"TokensAlign",865.8950000000001,865.985,"moi"
"TokensAlign",865.985,866.0450000000001,"je"
"TokensAlign",866.0450000000001,866.1650000000001,"trouve"
"TokensAlign",866.1650000000001,866.2550000000001,"que"
"TokensAlign",866.2550000000001,866.375,"les"
"TokensAlign",866.375,866.7650000000001,"classiques"
"TokensAlign",866.7650000000001,866.8950000000001,"et"
"TokensAlign",866.8950000000001,867.085,"donc"
"TokensAlign",867.085,867.1850000000001,"on"
"TokensAlign",867.1850000000001,867.495,"peut"
"TokensAlign",867.495,867.875,"prendre"
"TokensAlign",867.875,868.168374,"peut-être"
"TokensAlign",868.168374,868.49,"#"
"TokensAlign",868.49,868.75,"un"
"TokensAlign",868.75,868.89,"de"
"TokensAlign",868.89,869.42,"chaque"
"TokensAlign",869.42,869.81,"genre"
"TokensAlign",869.81,870.095,"#"
"TokensAlign",870.095,870.225,"bon"
"TokensAlign",870.225,870.335,"ça"
"TokensAlign",870.335,870.485,"serait"
"TokensAlign",870.485,870.5550000000001,"un"
"TokensAlign",870.5550000000001,870.6850000000001,"peu"
"TokensAlign",870.6850000000001,871.125,"compliqué"
"TokensAlign",871.125,871.395,"mais"
"TokensAlign",871.395,871.515,"une"
"TokensAlign",871.515,872.245,"comédie"
"TokensAlign",872.245,872.715,"un"
"TokensAlign",872.715,873.095,"film"
"TokensAlign",873.095,874.085,"peut-être"
"TokensAlign",874.085,874.755,"historique"
"TokensAlign",874.755,874.875,"un"
"TokensAlign",874.875,875.645,"film"
"TokensAlign",875.645,876.635,"dramatique"
"TokensAlign",876.635,878.99,"#"
"TokensAlign",878.99,879.15,"moi"
"TokensAlign",879.15,879.92,"classique"
"TokensAlign",879.92,880.04,"on"
"TokensAlign",880.04,880.17,"va"
"TokensAlign",880.17,880.36,"dire"
"TokensAlign",880.36,880.98,"avant"
"TokensAlign",880.98,881.759199,"soixante_dix"
"TokensAlign",881.759199,884.37,"#"
"TokensAlign",884.37,884.57,"bah"
"TokensAlign",884.57,884.74,"oui"
"TokensAlign",884.74,884.92,"moi"
"TokensAlign",884.92,885.25,"classique"
"TokensAlign",885.25,885.33,"c'est"
"TokensAlign",885.33,885.49,"ça"
"TokensAlign",885.49,885.61,"c'est"
"TokensAlign",885.61,885.94,"genre"
"TokensAlign",885.94,886.28,"golden"
"TokensAlign",886.28,886.54,"age"
"TokensAlign",886.54,886.66,"of"
"TokensAlign",886.66,887.19,"hollywood"
"TokensAlign",887.19,887.33,"genre"
"TokensAlign",887.33,887.45,"les"
"TokensAlign",887.45,887.58,"années"
"TokensAlign",887.58,888.3,"quarante"
"TokensAlign",888.3,889.01,"trente"
"TokensAlign",889.01,889.0600000000001,"et"
"TokensAlign",889.0600000000001,889.3,"après"
"TokensAlign",889.3,889.925045,"soixante"
"TokensAlign",889.925045,890.55,"#"
"TokensAlign",890.55,890.68,"truc"
"TokensAlign",890.68,890.78,"genre"
"TokensAlign",890.78,890.8599999999999,"la"
"TokensAlign",890.8599999999999,891.27,"première"
"TokensAlign",891.27,891.6099999999999,"vague"
"TokensAlign",891.6099999999999,892.0699999999999,"euh"
"TokensAlign",892.0699999999999,892.0999999999999,"+"
"TokensAlign",892.0999999999999,892.37,"les"
"TokensAlign",892.37,892.75,"euh"
"TokensAlign",892.75,892.88,"#"
"TokensAlign",892.88,892.97,"les"
"TokensAlign",892.97,893.27,"premiers"
"TokensAlign",893.27,893.66,"manias"
"TokensAlign",893.66,893.76,"et"
"TokensAlign",893.76,894.28,"après"
"TokensAlign",894.28,894.38,"des"
"TokensAlign",894.38,894.57,"trucs"
"TokensAlign",894.57,894.86,"genre"
"TokensAlign",894.86,895.77,"scorsese"
"TokensAlign",895.77,896.06,"le"
"TokensAlign",896.06,906.395,"#"
"TokensAlign",906.395,906.715,"après"
"TokensAlign",906.715,907.035,"ouais"
"TokensAlign",907.035,907.295,"il_y"
"TokensAlign",907.295,907.345,"a"
"TokensAlign",907.345,907.395,"eu"
"TokensAlign",907.395,907.575,"des"
"TokensAlign",907.575,908.065,"classiques"
"TokensAlign",908.065,908.555,"après"
"TokensAlign",908.555,908.655,"ouais"
"TokensAlign",908.655,908.825,"moi"
"TokensAlign",908.825,909.205,"classique"
"TokensAlign",909.205,909.255,"je"
"TokensAlign",909.255,909.285,"l'"
"TokensAlign",909.285,909.405,"avais"
"TokensAlign",909.405,909.745,"entendu"
"TokensAlign",909.745,909.805,"au"
"TokensAlign",909.805,910.065,"sens"
"TokensAlign",910.065,910.465,"vraiment"
"TokensAlign",910.465,910.755,"euh"
"TokensAlign",910.755,910.98,"#"
"TokensAlign",910.98,911.12,"les"
"TokensAlign",911.12,912.17,"films"
"TokensAlign",912.17,912.41,"plus"
"TokensAlign",912.41,913.26,"vieux"
"TokensAlign",913.26,914.13,"#"
"TokensAlign",914.13,914.32,"genre"
"TokensAlign",914.32,914.76,"les"
"TokensAlign",914.76,915.14,"les"
"TokensAlign",915.14,915.51,"#"
"TokensAlign",915.51,915.62,"les"
"TokensAlign",915.62,916.54,"standards"
"TokensAlign",916.54,916.63,"d'"
"TokensAlign",916.63,916.87,"avant"
"TokensAlign",916.87,917.01,"tu"
"TokensAlign",917.01,917.12,"vois"
"TokensAlign",917.12,917.55,"genre"
"TokensAlign",917.55,917.65,"la"
"TokensAlign",917.65,918.415,"base"
"TokensAlign",918.415,922.007812,"#"
"TokensAlign",922.007812,922.277812,"ouais"
"TokensAlign",922.277812,925.05,"#"
"TokensAlign",925.05,925.25,"ben"
"TokensAlign",925.25,925.41,"mais"
"TokensAlign",925.41,925.5,"tu"
"TokensAlign",925.5,925.63,"vois"
"TokensAlign",925.63,926.15,"par_exemple"
"TokensAlign",926.15,926.48,"mais"
"TokensAlign",926.48,927.11,"monkiewicz"
"TokensAlign",927.11,927.18,"et"
"TokensAlign",927.18,927.41,"billy"
"TokensAlign",927.41,927.8,"wilder"
"TokensAlign",927.8,927.92,"mais"
"TokensAlign",927.92,928.16,"c'est"
"TokensAlign",928.16,928.73,"genre"
"TokensAlign",928.73,929.39,"#"
"TokensAlign",929.39,929.965,"c'est"
"TokensAlign",929.965,931.24,"#"
"TokensAlign",931.24,931.41,"mais"
"TokensAlign",931.41,931.56,"c'est"
"TokensAlign",931.56,931.7,"c'est"
"TokensAlign",931.7,932.1,"honnêtement"
"TokensAlign",932.1,932.33,"genre"
"TokensAlign",932.33,932.48,"les"
"TokensAlign",932.48,932.69,"plus"
"TokensAlign",932.69,932.89,"grands"
"TokensAlign",932.89,933.31,"réalisateurs"
"TokensAlign",933.31,933.41,"de"
"TokensAlign",933.41,933.67,"comédie"
"TokensAlign",933.67,933.79,"de"
"TokensAlign",933.79,933.97,"tous_les"
"TokensAlign",933.97,934.24,"temps"
"TokensAlign",934.24,934.36,"genre"
"TokensAlign",934.36,934.39,"et"
"TokensAlign",934.39,934.52,"c'est"
"TokensAlign",934.52,934.67,"même"
"TokensAlign",934.67,934.81,"pas"
"TokensAlign",934.81,935.13,"drôle"
"TokensAlign",935.13,935.23,"à"
"TokensAlign",935.23,935.39,"quel"
"TokensAlign",935.39,935.59,"point"
"TokensAlign",935.59,935.63,"ils"
"TokensAlign",935.63,935.77,"sont"
"TokensAlign",935.77,935.83,"au"
"TokensAlign",935.83,935.99,"dessus"
"TokensAlign",935.99,936.05,"de"
"TokensAlign",936.05,936.2,"tout_le"
"TokensAlign",936.2,936.435,"monde"
"TokensAlign",936.435,936.77,"#"
"TokensAlign",936.77,936.93,"et"
"TokensAlign",936.93,936.99,"et"
"TokensAlign",936.99,937.22,"c'est"
"TokensAlign",937.22,937.875,"#"
"TokensAlign",937.875,938.215,"ah"
"TokensAlign",938.215,938.355,"non"
"TokensAlign",938.355,938.555,"mais"
"TokensAlign",938.555,938.98,"vraiment"
"TokensAlign",938.98,939.575,"#"
"TokensAlign",939.575,939.615,"mais"
"TokensAlign",939.615,939.915,"mais"
"TokensAlign",939.915,940.035,"mais"
"TokensAlign",940.035,940.175,"voilà"
"TokensAlign",940.175,940.395,"il_y"
"TokensAlign",940.395,940.425,"a"
"TokensAlign",940.425,940.525,"des"
"TokensAlign",940.525,940.665,"trucs"
"TokensAlign",940.665,940.775,"genre"
"TokensAlign",940.775,940.985,"charlie"
"TokensAlign",940.985,941.275,"chaplin"
"TokensAlign",941.275,941.395,"tu"
"TokensAlign",941.395,941.565,"disais"
"TokensAlign",941.565,941.765,"charlie"
"TokensAlign",941.765,942.015,"chaplin"
"TokensAlign",942.015,942.095,"quand"
"TokensAlign",942.095,942.195,"même"
"TokensAlign",942.195,942.295,"c'est"
"TokensAlign",942.295,942.455,"assez"
"TokensAlign",942.455,942.765,"connu"
"TokensAlign",942.765,942.855,"tout"
"TokensAlign",942.855,943.465,"ça"
"TokensAlign",943.465,943.845,"les"
"TokensAlign",943.845,944.015,"les"
"TokensAlign",944.015,944.045,"+"
"TokensAlign",944.045,944.215,"tout"
"TokensAlign",944.215,944.245,"le"
"TokensAlign",944.245,944.355,"monde"
"TokensAlign",944.355,944.795,"enfin"
"TokensAlign",944.795,944.905,"pas"
"TokensAlign",944.905,945.105,"tout_le"
"TokensAlign",945.105,945.345937,"monde"
"TokensAlign",945.345937,947.703211,"#"
"TokensAlign",947.703211,948.216532,"ouais"
"TokensAlign",948.216532,954.94,"#"
"TokensAlign",954.94,955.24,"ben"
"TokensAlign",955.24,955.745,"oui"
"TokensAlign",955.745,955.855,"#"
"TokensAlign",955.855,956.145,"mais"
"TokensAlign",956.145,956.405,"mais"
"TokensAlign",956.405,956.765,"du_coup"
"TokensAlign",956.765,957.145,"personne"
"TokensAlign",957.145,957.245,"va"
"TokensAlign",957.245,957.325,"les"
"TokensAlign",957.325,958.005,"regarder"
"TokensAlign",958.005,958.095,"et"
"TokensAlign",958.095,958.205,"je"
"TokensAlign",958.205,958.395,"suis"
"TokensAlign",958.395,958.665,"sûr"
"TokensAlign",958.665,958.775,"que"
"TokensAlign",958.775,958.875,"les"
"TokensAlign",958.875,958.985,"gens"
"TokensAlign",958.985,959.105,"ils"
"TokensAlign",959.105,959.525,"adoreraient"
"TokensAlign",959.525,959.665,"#"
"TokensAlign",959.665,959.815,"genre"
"TokensAlign",959.815,960.095,"vraiment"
"TokensAlign",960.095,960.285,"tu"
"TokensAlign",960.285,960.715,"ressors"
"TokensAlign",960.715,960.785,"en"
"TokensAlign",960.785,961.125,"salle"
"TokensAlign",961.125,961.64,"aujourd'hui"
"TokensAlign",961.64,961.885,"#"
"TokensAlign",961.885,961.995,"tu"
"TokensAlign",961.995,962.135,"tu"
"TokensAlign",962.135,962.225,"l'"
"TokensAlign",962.225,962.54,"aimais"
"TokensAlign",962.54,970.616368,"#"
"TokensAlign",970.616368,971.296368,"@"
"TokensAlign",971.296368,973.156368,"opener"
"TokensAlign",973.156368,973.547558,"@"
"TokensAlign",973.547558,975.080306,"#"
"TokensAlign",975.080306,975.476417,"@"
"TokensAlign",975.476417,976.496906,"#"
"TokensAlign",976.496906,976.765455,"@"
"TokensAlign",976.765455,1003.795,"#"
"TokensAlign",1003.795,1003.975,"ben"
"TokensAlign",1003.975,1004.085,"oui"
"TokensAlign",1004.085,1004.415,"+"
"TokensAlign",1004.415,1004.555,"ouais"
"TokensAlign",1004.555,1004.685,"c'est"
"TokensAlign",1004.685,1004.745,"ce"
"TokensAlign",1004.745,1004.775,"que"
"TokensAlign",1004.775,1004.805,"je"
"TokensAlign",1004.805,1005.015,"disais"
"TokensAlign",1005.015,1005.155,"parce"
"TokensAlign",1005.155,1006.49,"#"
"TokensAlign",1006.49,1006.53,"que"
"TokensAlign",1006.53,1006.73,"du_coup"
"TokensAlign",1006.73,1006.82,"ouais"
"TokensAlign",1006.82,1006.97,"ça"
"TokensAlign",1006.97,1007.45,"permettrait"
"TokensAlign",1007.45,1007.965,"de"
"TokensAlign",1007.965,1008.34,"#"
"TokensAlign",1008.34,1008.46,"de"
"TokensAlign",1008.46,1008.64,"quand"
"TokensAlign",1008.64,1008.78,"même"
"TokensAlign",1008.78,1009.08,"montrer"
"TokensAlign",1009.08,1009.19,"un"
"TokensAlign",1009.19,1009.38,"peu"
"TokensAlign",1009.38,1009.49,"ce"
"TokensAlign",1009.49,1009.56,"qu'"
"TokensAlign",1009.56,1009.65,"il_y"
"TokensAlign",1009.65,1009.85,"avait"
"TokensAlign",1009.85,1010.19,"avant"
"TokensAlign",1010.19,1010.22,"il"
"TokensAlign",1010.22,1010.25,"n'"
"TokensAlign",1010.25,1010.3,"y"
"TokensAlign",1010.3,1010.47,"avait"
"TokensAlign",1010.47,1010.71,"pas"
"TokensAlign",1010.71,1010.88,"que"
"TokensAlign",1010.88,1011.365,"euh"
"TokensAlign",1011.365,1011.73,"#"
"TokensAlign",1011.73,1011.88,"ben"
"TokensAlign",1011.88,1012.44,"par_exemple"
"TokensAlign",1012.44,1012.47,"le"
"TokensAlign",1012.47,1012.52,"je"
"TokensAlign",1012.52,1012.55,"sais"
"TokensAlign",1012.55,1012.67,"pas"
"TokensAlign",1012.67,1012.84,"le"
"TokensAlign",1012.84,1013.15,"film"
"TokensAlign",1013.15,1013.3,"tu"
"TokensAlign",1013.3,1013.47,"dis"
"TokensAlign",1013.47,1013.97,"film"
"TokensAlign",1013.97,1014.433772,"russe"
"TokensAlign",1014.433772,1014.685,"#"
"TokensAlign",1014.685,1014.995,"noir"
"TokensAlign",1014.995,1015.105,"et"
"TokensAlign",1015.105,1015.485,"blanc"
"TokensAlign",1015.485,1016.075,"#"
"TokensAlign",1016.075,1016.745,"muet"
"TokensAlign",1016.745,1017.285,"+"
"TokensAlign",1017.285,1017.515,"tu"
"TokensAlign",1017.515,1017.575,"vas"
"TokensAlign",1017.575,1018.015,"dire"
"TokensAlign",1018.015,1019.395,"ohlala"
"TokensAlign",1019.395,1019.505,"mais"
"TokensAlign",1019.505,1019.555,"il_y"
"TokensAlign",1019.555,1019.615,"a"
"TokensAlign",1019.615,1019.715,"des"
"TokensAlign",1019.715,1019.975,"trucs"
"TokensAlign",1019.975,1020.285,"super"
"TokensAlign",1020.285,1020.595,"cool"
"TokensAlign",1020.595,1020.725,"tu"
"TokensAlign",1020.725,1021.08,"vois"
"TokensAlign",1021.08,1022.175,"#"
"TokensAlign",1022.175,1022.415,"mais"
"TokensAlign",1022.415,1022.525,"euh"
"TokensAlign",1022.525,1022.685,"c'est"
"TokensAlign",1022.685,1022.855,"quoi"
"TokensAlign",1022.855,1023.105,"c'est"
"TokensAlign",1023.105,1023.455,"euh"
"TokensAlign",1023.455,1023.875,"hum"
"TokensAlign",1023.875,1024.115,"+"
"TokensAlign",1024.115,1024.715,"euh"
"TokensAlign",1024.715,1024.825,"les"
"TokensAlign",1024.825,1025.445,"cigognes"
"TokensAlign",1025.445,1025.855,"euh"
"TokensAlign",1025.855,1025.995,"le"
"TokensAlign",1025.995,1026.225,"vol"
"TokensAlign",1026.225,1026.2949999999998,"de"
"TokensAlign",1026.2949999999998,1026.715,"cigognes"
"TokensAlign",1026.715,1026.7949999999998,"les"
"TokensAlign",1026.7949999999998,1027.165,"cigognes"
"TokensAlign",1027.165,1028.105,"passent"
"TokensAlign",1028.105,1028.435,"au-dessus"
"TokensAlign",1028.435,1028.465,"il"
"TokensAlign",1028.465,1028.805,"est"
"TokensAlign",1028.805,1029.025,"pas"
"TokensAlign",1029.025,1029.315,"muet"
"TokensAlign",1029.315,1030.7,"#"
"TokensAlign",1030.7,1031.0,"non"
"TokensAlign",1031.0,1031.28,"non"
"TokensAlign",1031.28,1031.39,"non"
"TokensAlign",1031.39,1031.67,"non"
"TokensAlign",1031.67,1031.84,"non"
"TokensAlign",1031.84,1031.97,"c'est"
"TokensAlign",1031.97,1032.21,"vraiment"
"TokensAlign",1032.21,1032.655,"cigogne"
"TokensAlign",1032.655,1032.93,"#"
"TokensAlign",1032.93,1033.26,"c'est"
"TokensAlign",1033.26,1033.35,"un"
"TokensAlign",1033.35,1033.5800000000002,"film"
"TokensAlign",1033.5800000000002,1034.0600000000002,"genre"
"TokensAlign",1034.0600000000002,1034.21,"il"
"TokensAlign",1034.21,1034.27,"est"
"TokensAlign",1034.27,1034.84,"pas"
"TokensAlign",1034.84,1035.16,"muet"
"TokensAlign",1035.16,1035.3300000000002,"mais"
"TokensAlign",1035.3300000000002,1035.75,"noir"
"TokensAlign",1035.75,1035.8,"et"
"TokensAlign",1035.8,1036.09,"blanc"
"TokensAlign",1036.09,1036.51,"genre"
"TokensAlign",1036.51,1036.8300000000002,"+"
"TokensAlign",1036.8300000000002,1037.54,"russe"
"TokensAlign",1037.54,1037.73,"genre"
"TokensAlign",1037.73,1037.92,"de"
"TokensAlign",1037.92,1038.46,"trente"
"TokensAlign",1038.46,1038.68,"ou"
"TokensAlign",1038.68,1038.84,"des"
"TokensAlign",1038.84,1038.97,"années"
"TokensAlign",1038.97,1039.24,"trente"
"TokensAlign",1039.24,1039.29,"ou"
"TokensAlign",1039.29,1040.04,"quarante"
"TokensAlign",1040.04,1040.19,"il"
"TokensAlign",1040.19,1040.305,"est"
"TokensAlign",1040.305,1040.825,"#"
"TokensAlign",1040.825,1041.435,"genre"
"TokensAlign",1041.435,1041.565,"rien"
"TokensAlign",1041.565,1041.7050000000002,"que"
"TokensAlign",1041.7050000000002,1042.175,"visuellement"
"TokensAlign",1042.175,1042.245,"en"
"TokensAlign",1042.245,1042.415,"noir"
"TokensAlign",1042.415,1042.475,"et"
"TokensAlign",1042.475,1042.635,"blanc"
"TokensAlign",1042.635,1042.765,"t'"
"TokensAlign",1042.765,1042.855,"es"
"TokensAlign",1042.855,1043.2050000000002,"genre"
"TokensAlign",1043.2050000000002,1043.755,"incroyable"
"TokensAlign",1043.755,1044.225,"#"
"TokensAlign",1044.225,1044.475,"mais"
"TokensAlign",1044.475,1044.865,"euh"
"TokensAlign",1044.865,1046.585,"#"
"TokensAlign",1046.585,1046.645,"ah"
"TokensAlign",1046.645,1046.855,"ouais"
"TokensAlign",1046.855,1047.025,"ah"
"TokensAlign",1047.025,1047.305,"ouais"
"TokensAlign",1047.305,1047.435,"c'est"
"TokensAlign",1047.435,1047.755,"incroyable"
"TokensAlign",1047.755,1048.005,"#"
"TokensAlign",1048.005,1048.045,"du"
"TokensAlign",1048.045,1048.305,"coup"
"TokensAlign",1048.305,1048.4550000000002,"euh"
"TokensAlign",1048.4550000000002,1048.745,"ouais"
"TokensAlign",1048.745,1048.825,"faut"
"TokensAlign",1048.825,1049.015,"prendre"
"TokensAlign",1049.015,1049.2050000000002,"un"
"TokensAlign",1049.2050000000002,1049.345,"peu"
"TokensAlign",1049.345,1049.805,"divers"
"TokensAlign",1049.805,1050.055,"du_coup"
"TokensAlign",1050.055,1050.215,"moi"
"TokensAlign",1050.215,1050.475,"sinon"
"TokensAlign",1050.475,1050.625,"si"
"TokensAlign",1050.625,1050.715,"tu"
"TokensAlign",1050.715,1050.8950000000002,"fais"
"TokensAlign",1050.8950000000002,1051.075,"que"
"TokensAlign",1051.075,1051.105,"des"
"TokensAlign",1051.105,1051.275,"trucs"
"TokensAlign",1051.275,1051.585,"genre"
"TokensAlign",1051.585,1052.1450000000002,"citizen"
"TokensAlign",1052.1450000000002,1052.695,"kane"
"TokensAlign",1052.695,1052.985,"#"
"TokensAlign",1052.985,1053.3049999999998,"euh"
"TokensAlign",1053.3049999999998,1053.415,"les"
"TokensAlign",1053.415,1053.635,"sept"
"TokensAlign",1053.635,1054.3149999999998,"samouraïs"
"TokensAlign",1054.3149999999998,1054.5749999999998,"des"
"TokensAlign",1054.5749999999998,1054.735,"trucs"
"TokensAlign",1054.735,1054.765,"du"
"TokensAlign",1054.765,1055.115,"genre"
"TokensAlign",1055.115,1055.303438,"pff"
"TokensAlign",1055.303438,1058.07,"#"
"TokensAlign",1058.07,1058.585,"non"
"TokensAlign",1058.585,1059.245,"#"
"TokensAlign",1059.245,1059.3549999999998,"mais"
"TokensAlign",1059.3549999999998,1059.485,""
"TokensAlign",1059.485,1059.5749999999998,"les"
"TokensAlign",1059.5749999999998,1059.765,"sept"
"TokensAlign",1059.765,1060.195,"samouraïs"
"TokensAlign",1060.195,1060.225,"j'"
"TokensAlign",1060.225,1060.3149999999998,"en"
"TokensAlign",1060.3149999999998,1060.505,"perds"
"TokensAlign",1060.505,1060.8149999999998,"rien"
"TokensAlign",1060.8149999999998,1060.8449999999998,"t"
"TokensAlign",1060.8449999999998,1060.875,"as"
"TokensAlign",1060.875,1061.015,"vu"
"TokensAlign",1061.015,1061.0749999999998,"les"
"TokensAlign",1061.0749999999998,1061.235,"sept"
"TokensAlign",1061.235,1061.705,"samouraïs"
"TokensAlign",1061.705,1061.945,"dans"
"TokensAlign",1061.945,1062.035,"l'"
"TokensAlign",1062.035,1062.3649999999998,"échelle"
"TokensAlign",1062.3649999999998,1063.03,"mondiale"
"TokensAlign",1063.03,1072.48,"#"
"TokensAlign",1072.48,1072.55,"ouais"
"TokensAlign",1072.55,1073.09,"ben"
"TokensAlign",1073.09,1073.52,"euh"
"TokensAlign",1073.52,1074.705,"#"
"TokensAlign",1074.705,1075.005,"oui"
"TokensAlign",1075.005,1075.275,"oui"
"TokensAlign",1075.275,1075.57,"oui"
"TokensAlign",1075.57,1079.11,"#"
"TokensAlign",1079.11,1079.43,"oui"
"TokensAlign",1079.43,1079.595,"#"
"TokensAlign",1079.595,1080.055,"plus"
"TokensAlign",1080.055,1080.275,"mais"
"TokensAlign",1080.275,1080.71,"même"
"TokensAlign",1080.71,1091.405175,"#"
"TokensAlign",1091.405175,1091.7851750000002,"@"
"TokensAlign",1091.7851750000002,1091.8151750000002,"tu"
"TokensAlign",1091.8151750000002,1092.2851750000002,"regardes"
"TokensAlign",1092.2851750000002,1092.415175,"mes"
"TokensAlign",1092.415175,1092.8251750000002,"notes"
"TokensAlign",1092.8251750000002,1092.981802,"@"
"TokensAlign",1092.981802,1109.045,"#"
"TokensAlign",1109.045,1109.225,"ben"
"TokensAlign",1109.225,1109.785,"justement"
"TokensAlign",1109.785,1110.32,"justement"
"TokensAlign",1110.32,1112.7,"#"
"TokensAlign",1112.7,1113.23,"ah"
"TokensAlign",1113.23,1113.72,"ouais"
"TokensAlign",1113.72,1113.82,"mais"
"TokensAlign",1113.82,1113.96,"les"
"TokensAlign",1113.96,1114.54,"petits"
"TokensAlign",1114.54,1114.73,"ben"
"TokensAlign",1114.73,1114.95,"ben"
"TokensAlign",1114.95,1115.92,"justement"
"TokensAlign",1115.92,1116.04,"on"
"TokensAlign",1116.04,1116.26,"peut"
"TokensAlign",1116.26,1116.38,"faire"
"TokensAlign",1116.38,1116.5,"un"
"TokensAlign",1116.5,1117.96,"traquenard"
"TokensAlign",1117.96,1118.01,"on"
"TokensAlign",1118.01,1118.18,"leur"
"TokensAlign",1118.18,1118.46,"met"
"TokensAlign",1118.46,1118.59,"on"
"TokensAlign",1118.59,1118.72,"leur"
"TokensAlign",1118.72,1118.86,"met"
"TokensAlign",1118.86,1119.09,"deux"
"TokensAlign",1119.09,1119.8300000000002,"films"
"TokensAlign",1119.8300000000002,1120.23,"genre"
"TokensAlign",1120.23,1120.64,"connu"
"TokensAlign",1120.64,1121.24,"classique"
"TokensAlign",1121.24,1121.28,"qui"
"TokensAlign",1121.28,1121.47,"tu"
"TokensAlign",1121.47,1121.71,"sais"
"TokensAlign",1121.71,1121.74,"que"
"TokensAlign",1121.74,1121.88,"ça"
"TokensAlign",1121.88,1121.99,"va"
"TokensAlign",1121.99,1122.3,"attirer"
"TokensAlign",1122.3,1122.41,"les"
"TokensAlign",1122.41,1122.63,"gens"
"TokensAlign",1122.63,1122.75,"et"
"TokensAlign",1122.75,1122.88,"au"
"TokensAlign",1122.88,1123.38,"milieu"
"TokensAlign",1123.38,1123.51,"là"
"TokensAlign",1123.51,1123.66,"tu"
"TokensAlign",1123.66,1123.73,"mets"
"TokensAlign",1123.73,1123.82,"un"
"TokensAlign",1123.82,1124.07,"film"
"TokensAlign",1124.07,1124.79,"russe"
"TokensAlign",1124.79,1124.88,"des"
"TokensAlign",1124.88,1125.07,"années"
"TokensAlign",1125.07,1125.14,"et"
"TokensAlign",1125.14,1125.94,"sur"
"TokensAlign",1125.94,1126.1,"un"
"TokensAlign",1126.1,1126.76,"malentendu"
"TokensAlign",1126.76,1126.82,"ils"
"TokensAlign",1126.82,1127.11,"restent"
"TokensAlign",1127.11,1127.16,"et"
"TokensAlign",1127.16,1127.23,"ils"
"TokensAlign",1127.23,1127.26,"se"
"TokensAlign",1127.26,1127.4,"disent"
"TokensAlign",1127.4,1127.56,"ah"
"TokensAlign",1127.56,1127.66,"mais"
"TokensAlign",1127.66,1127.86,"c'est"
"TokensAlign",1127.86,1128.04,"bien"
"TokensAlign",1128.04,1128.535,"en_fait"
"TokensAlign",1128.535,1129.155,"#"
"TokensAlign",1129.155,1129.225,"ouais"
"TokensAlign",1129.225,1129.255,"mais"
"TokensAlign",1129.255,1130.055,"voilà"
"TokensAlign",1130.055,1130.455,"varié"
"TokensAlign",1130.455,1130.785,"pour"
"TokensAlign",1130.785,1130.970938,"euh"
"TokensAlign",1130.970938,1134.125,"#"
"TokensAlign",1134.125,1134.535,"voilà"
"TokensAlign",1134.535,1134.885,"+"
"TokensAlign",1134.885,1135.025,"et"
"TokensAlign",1135.025,1135.195,"là"
"TokensAlign",1135.195,1135.365,"tu"
"TokensAlign",1135.365,1135.605,"mets"
"TokensAlign",1135.605,1136.065,"requiem"
"TokensAlign",1136.065,1136.185,"pour"
"TokensAlign",1136.185,1136.235,"un"
"TokensAlign",1136.235,1137.15,"massacre"
"TokensAlign",1137.15,1137.702222,"@"
"TokensAlign",1137.702222,1141.71,"#"
"TokensAlign",1141.71,1141.96,"mais"
"TokensAlign",1141.96,1142.13,"oui"
"TokensAlign",1142.13,1142.71,"+"
"TokensAlign",1142.71,1142.94,"mais"
"TokensAlign",1142.94,1143.04,"oui"
"TokensAlign",1143.04,1153.383018,"#"
"TokensAlign",1153.383018,1153.483018,"ou"
"TokensAlign",1153.483018,1153.573018,"ou"
"TokensAlign",1153.573018,1154.108084,"alors"
"TokensAlign",1154.108084,1158.94,"#"
"TokensAlign",1158.94,1159.21,"ouais"
"TokensAlign",1159.21,1159.31,"non"
"TokensAlign",1159.31,1159.55,"mais"
"TokensAlign",1159.55,1159.86,"genre"
"TokensAlign",1159.86,1159.93,"tu"
"TokensAlign",1159.93,1160.0800000000002,"peux"
"TokensAlign",1160.0800000000002,1160.785,"cocher"
"TokensAlign",1160.785,1160.87,"#"
"TokensAlign",1160.87,1161.04,"pas"
"TokensAlign",1161.04,1161.7199999999998,"horreur"
"TokensAlign",1161.7199999999998,1161.83,"+"
"TokensAlign",1161.83,1162.31,"pas"
"TokensAlign",1162.31,1162.6999999999998,"truc"
"TokensAlign",1162.6999999999998,1163.04,"très"
"TokensAlign",1163.04,1163.52,"explicite"
"TokensAlign",1163.52,1163.7299999999998,"du_coup"
"TokensAlign",1163.7299999999998,1163.88,"pour"
"TokensAlign",1163.88,1164.05,"avoir"
"TokensAlign",1164.05,1164.41,"les"
"TokensAlign",1164.41,1164.785,"enfants"
"TokensAlign",1164.785,1165.545,"#"
"TokensAlign",1165.545,1165.715,"ouais"
"TokensAlign",1165.715,1165.875,"tu"
"TokensAlign",1165.875,1166.345,"pourrais"
"TokensAlign",1166.345,1166.485,"+"
"TokensAlign",1166.485,1166.715,"ouais"
"TokensAlign",1166.715,1167.224905,"#"
"TokensAlign",1167.224905,1167.564905,"ben"
"TokensAlign",1167.564905,1167.701559,"oui"
"TokensAlign",1167.701559,1172.08,"#"
"TokensAlign",1172.08,1172.1699999999998,"et"
"TokensAlign",1172.1699999999998,1172.3,"tu"
"TokensAlign",1172.3,1172.48,"paies"
"TokensAlign",1172.48,1172.71,"moins"
"TokensAlign",1172.71,1173.225,"cher"
"TokensAlign",1173.225,1173.59,"#"
"TokensAlign",1173.59,1173.93,"aller"
"TokensAlign",1173.93,1174.26,"#"
"TokensAlign",1174.26,1174.3,"@"
"TokensAlign",1174.3,1175.01,"aller"
"TokensAlign",1175.01,1175.07,"on"
"TokensAlign",1175.07,1175.25,"monte"
"TokensAlign",1175.25,1175.36,"une"
"TokensAlign",1175.36,1175.87,"asso"
"TokensAlign",1175.87,1179.91,"#"
"TokensAlign",1179.91,1179.95,"t'"
"TokensAlign",1179.95,1179.98,"es"
"TokensAlign",1179.98,1180.1,"quoi"
"TokensAlign",1180.1,1180.18,"tu"
"TokensAlign",1180.18,1180.3200000000002,"peux"
"TokensAlign",1180.3200000000002,1180.5,"acheter"
"TokensAlign",1180.5,1180.65,"des"
"TokensAlign",1180.65,1180.86,"livres"
"TokensAlign",1180.86,1181.410625,"random"
"TokensAlign",1181.410625,1193.295,"#"
"TokensAlign",1193.295,1193.395,"ah"
"TokensAlign",1193.395,1193.465,"t'"
"TokensAlign",1193.465,1193.505,"as"
"TokensAlign",1193.505,1193.645,"quand"
"TokensAlign",1193.645,1193.815,"même"
"TokensAlign",1193.815,1193.9550000000002,"un"
"TokensAlign",1193.9550000000002,1194.095,"peu"
"TokensAlign",1194.095,1194.53,"euh"
"TokensAlign",1194.53,1194.695,"#"
"TokensAlign",1194.695,1195.112813,"ok"
"TokensAlign",1195.112813,1197.95,"#"
"TokensAlign",1197.95,1198.01,"et"
"TokensAlign",1198.01,1198.2,"ils"
"TokensAlign",1198.2,1198.43,"sont"
"TokensAlign",1198.43,1198.68,"moins"
"TokensAlign",1198.68,1198.92,"chers"
"TokensAlign",1198.92,1199.06,"que"
"TokensAlign",1199.06,1199.19,"les"
"TokensAlign",1199.19,1199.43,"livres"
"TokensAlign",1199.43,1200.15,"normaux"
"TokensAlign",1200.15,1200.31,"ou"
"TokensAlign",1200.31,1200.61,"pas"
"TokensAlign",1200.61,1200.75,"même"
"TokensAlign",1200.75,1200.95,"pas"
"TokensAlign",1200.95,1202.01,"#"
"TokensAlign",1202.01,1202.15,"parce"
"TokensAlign",1202.15,1202.26,"que"
"TokensAlign",1202.26,1202.48,"quand"
"TokensAlign",1202.48,1202.74,"même"
"TokensAlign",1202.74,1202.78,"d'"
"TokensAlign",1202.78,1203.11,"habitude"
"TokensAlign",1203.11,1203.26,"quand"
"TokensAlign",1203.26,1203.43,"c'est"
"TokensAlign",1203.43,1203.76,"genre"
"TokensAlign",1203.76,1204.31,"aléatoire"
"TokensAlign",1204.31,1204.41,"vu"
"TokensAlign",1204.41,1204.46,"qu'"
"TokensAlign",1204.46,1204.49,"il_y"
"TokensAlign",1204.49,1204.52,"a"
"TokensAlign",1204.52,1204.61,"une"
"TokensAlign",1204.61,1204.94,"chance"
"TokensAlign",1204.94,1205.12,"que"
"TokensAlign",1205.12,1205.3,"ça"
"TokensAlign",1205.3,1205.39,"te"
"TokensAlign",1205.39,1205.55,"plait"
"TokensAlign",1205.55,1205.71,"pas"
"TokensAlign",1205.71,1205.85,"du"
"TokensAlign",1205.85,1206.15,"tout"
"TokensAlign",1206.15,1206.37,"+"
"TokensAlign",1206.37,1206.52,"tu"
"TokensAlign",1206.52,1206.65,"paies"
"TokensAlign",1206.65,1206.83,"moins"
"TokensAlign",1206.83,1207.165,"cher"
"TokensAlign",1207.165,1208.14,"#"
"TokensAlign",1208.14,1208.465,"ouais"
"TokensAlign",1208.465,1210.285,"#"
"TokensAlign",1210.285,1210.4450000000002,"ben"
"TokensAlign",1210.4450000000002,1210.535,"ouais"
"TokensAlign",1210.535,1210.6850000000002,"mais"
"TokensAlign",1210.6850000000002,1210.835,"c'est"
"TokensAlign",1210.835,1211.355,"justement"
"TokensAlign",1211.355,1211.4550000000002,"c'est"
"TokensAlign",1211.4550000000002,1211.515,"un"
"TokensAlign",1211.515,1211.885,"truc"
"TokensAlign",1211.885,1211.9150000000002,"+"
"TokensAlign",1211.9150000000002,1212.1950000000002,"en"
"TokensAlign",1212.1950000000002,1213.155,"général"
"TokensAlign",1213.155,1213.495,"les"
"TokensAlign",1213.495,1213.9250000000002,"entreprises"
"TokensAlign",1213.9250000000002,1213.985,"elles"
"TokensAlign",1213.985,1214.105,"font"
"TokensAlign",1214.105,1214.245,"ça"
"TokensAlign",1214.245,1214.4250000000002,"pour"
"TokensAlign",1214.4250000000002,1214.4550000000002,"des"
"TokensAlign",1214.4550000000002,1214.655,"trucs"
"TokensAlign",1214.655,1214.735,"qu'"
"TokensAlign",1214.735,1215.055,"ils"
"TokensAlign",1215.055,1215.575,"vendent"
"TokensAlign",1215.575,1215.725,"pas"
"TokensAlign",1215.725,1216.595,"trop"
"TokensAlign",1216.595,1216.6850000000002,"bien"
"TokensAlign",1216.6850000000002,1216.765,"du"
"TokensAlign",1216.765,1216.985,"coup"
"TokensAlign",1216.985,1217.155,"c'est"
"TokensAlign",1217.155,1217.265,"un"
"TokensAlign",1217.265,1217.4550000000002,"moyen"
"TokensAlign",1217.4550000000002,1217.485,"d"
"TokensAlign",1217.485,1217.585,"un"
"TokensAlign",1217.585,1217.6950000000002,"peu"
"TokensAlign",1217.6950000000002,1217.855,"se"
"TokensAlign",1217.855,1218.235,"débarrasser"
"TokensAlign",1218.235,1218.285,"et"
"TokensAlign",1218.285,1218.4450000000002,"du_coup"
"TokensAlign",1218.4450000000002,1218.575,"c'est"
"TokensAlign",1218.575,1218.845,"moins"
"TokensAlign",1218.845,1219.055,"cher"
"TokensAlign",1219.055,1219.515,"#"
"TokensAlign",1219.515,1219.6450000000002,"ah"
"TokensAlign",1219.6450000000002,1219.9050000000002,"ok"
"TokensAlign",1219.9050000000002,1220.045,"c'est"
"TokensAlign",1220.045,1220.365,"vraiment"
"TokensAlign",1220.365,1220.6,"ok"
"TokensAlign",1220.6,1223.835,"#"
"TokensAlign",1223.835,1224.595,"euh"
"TokensAlign",1224.595,1225.0,"#"
"TokensAlign",1225.0,1225.44,"ok"
"TokensAlign",1225.44,1225.63,"ben"
"TokensAlign",1225.63,1226.06,"je"
"TokensAlign",1226.06,1226.25,"du_coup"
"TokensAlign",1226.25,1226.31,"je"
"TokensAlign",1226.31,1226.54,"crois"
"TokensAlign",1226.54,1226.57,"qu'"
"TokensAlign",1226.57,1226.6,"on"
"TokensAlign",1226.6,1226.77,"est"
"TokensAlign",1226.77,1226.94,"sur"
"TokensAlign",1226.94,1227.03,"la"
"TokensAlign",1227.03,1227.41,"fin"
"TokensAlign",1227.41,1227.69,"là"
"TokensAlign",1227.69,1227.77,"la"
"TokensAlign",1227.77,1227.95,"fin"
"TokensAlign",1227.95,1227.98,"de"
"TokensAlign",1227.98,1228.1,"la"
"TokensAlign",1228.1,1228.36,"fin"
"TokensAlign",1228.36,1228.55,"mais"
"TokensAlign",1228.55,1229.36,"euh"
"TokensAlign",1229.36,1229.54,"ouais"
"TokensAlign",1229.54,1229.6,"je"
"TokensAlign",1229.6,1229.78,"pense"
"TokensAlign",1229.78,1229.81,"qu'"
"TokensAlign",1229.81,1229.87,"on"
"TokensAlign",1229.87,1229.95,"a"
"TokensAlign",1229.95,1230.1,"bien"
"TokensAlign",1230.1,1230.62,"discuté"
"TokensAlign",1230.62,1230.7,"du"
"TokensAlign",1230.7,1230.78,"coup"
"TokensAlign",1230.78,1230.81,"on"
"TokensAlign",1230.81,1230.89,"a"
"TokensAlign",1230.89,1231.08,"choisi"
"TokensAlign",1231.08,1231.11,"que"
"TokensAlign",1231.11,1231.26,"c'était"
"TokensAlign",1231.26,1232.17,"classique"
"TokensAlign",1232.17,1232.235,"@"
"TokensAlign",1232.235,1232.866081,"#"
"TokensAlign",1232.866081,1233.285,"@"
"TokensAlign",1233.285,1233.4450000000002,"et"
"TokensAlign",1233.4450000000002,1233.605,"on"
"TokensAlign",1233.605,1233.6650000000002,"a"
"TokensAlign",1233.6650000000002,1233.795,"pas"
"TokensAlign",1233.795,1233.965,"trop"
"TokensAlign",1233.965,1234.045,"fait"
"TokensAlign",1234.045,1234.135,"la"
"TokensAlign",1234.135,1234.79,"décision"
"TokensAlign",1234.79,1235.105,"#"
"TokensAlign",1235.105,1235.45,"euh"
"TokensAlign",1235.45,1242.662508,"#"
"TokensAlign",1242.662508,1243.139162,"ouais"
"TokensAlign",1243.139162,1248.56,"#"
"TokensAlign",1248.56,1248.66,"ben"
"TokensAlign",1248.66,1248.81,"moi"
"TokensAlign",1248.81,1248.84,"j'"
"TokensAlign",1248.84,1248.98,"avais"
"TokensAlign",1248.98,1249.29,"compris"
"TokensAlign",1249.29,1249.46,"ça"
"TokensAlign",1249.46,1249.55,"moi"
"TokensAlign",1249.55,1249.75,"c'était"
"TokensAlign",1249.75,1250.2,"classique"
"TokensAlign",1250.2,1250.58,"genre"
"TokensAlign",1250.58,1250.9199999999998,"euh"
"TokensAlign",1250.9199999999998,1251.21,"les"
"TokensAlign",1251.21,1251.33,"les"
"TokensAlign",1251.33,1251.75,"films"
"TokensAlign",1251.75,1252.5,"+"
"TokensAlign",1252.5,1253.11,"ben"
"TokensAlign",1253.11,1253.14,"euh"
"TokensAlign",1253.14,1253.5,"genre"
"TokensAlign",1253.5,1253.61,"les"
"TokensAlign",1253.61,1253.85,"plus"
"TokensAlign",1253.85,1254.07,"grands"
"TokensAlign",1254.07,1254.6699999999998,"films"
"TokensAlign",1254.6699999999998,1254.8,"d"
"TokensAlign",1254.8,1255.08,"avant"
"TokensAlign",1255.08,1255.71,"soixante_dix"
"TokensAlign",1255.71,1255.87,"genre"
"TokensAlign",1255.87,1255.97,"en"
"TokensAlign",1255.97,1256.37,"gros"
"TokensAlign",1256.37,1256.48,"la"
"TokensAlign",1256.48,1256.9299999999998,"génération"
"TokensAlign",1256.9299999999998,1256.98,"un"
"TokensAlign",1256.98,1257.12,"peu"
"TokensAlign",1257.12,1257.1699999999998,"d'"
"TokensAlign",1257.1699999999998,1257.41,"avant"
"TokensAlign",1257.41,1257.48,"des"
"TokensAlign",1257.48,1257.965,"films"
"PronTokAlign",0.0,2.605,"#=0.0"
"PronTokAlign",2.605,3.045,"A/-l-R=0.787"
"PronTokAlign",3.045,3.375,"b-O~-Z-u-R"
"PronTokAlign",3.375,3.405,"E=0.683"
"PronTokAlign",3.405,3.725,"b-j-U~/-v-2-n-y"
"PronTokAlign",3.725,3.755,"A/"
"PronTokAlign",3.755,4.365,"s-E-t-@=0.823"
"PronTokAlign",4.365,4.805,"R-E-y-n-j-O~=0.719"
"PronTokAlign",4.805,5.195,"d-@=0.998"
"PronTokAlign",5.195,5.234999999999999,"l"
"PronTokAlign",5.234999999999999,6.145,"A/-s-O/-s-A/-s-j-O~"
"PronTokAlign",6.145,6.625,"s-i-n-e-f-i-l=0.463"
"PronTokAlign",6.625,6.695,"d=0.677"
"PronTokAlign",6.695,7.195,"E-k-s"
"PronTokAlign",7.195,7.625,"s-i-n-e-f-E=0.41"
"PronTokAlign",7.625,7.654999999999999,"O~=0.778"
"PronTokAlign",7.654999999999999,7.805,"l"
"PronTokAlign",7.805,8.15,"A/-p-E-l-@=0.404"
"PronTokAlign",8.15,8.72,"#=0.0"
"PronTokAlign",8.72,8.93,"laugh=0.0"
"PronTokAlign",8.93,9.025,"#=0.0"
"PronTokAlign",9.025,9.745,"A/-l-O/-R-z=0.569"
"PronTokAlign",9.745,9.915,"fp"
"PronTokAlign",9.915,10.08,"laugh"
"PronTokAlign",10.08,10.17,"#=0.0"
"PronTokAlign",10.17,10.64,"O/-Z-u-R-d-y-i"
"PronTokAlign",10.64,10.81,"d-O~=0.76"
"PronTokAlign",10.81,11.23,"l-@=0.615"
"PronTokAlign",11.23,11.36,"b-y=0.821"
"PronTokAlign",11.36,11.4,"d=0.545"
"PronTokAlign",11.4,11.94,"n-O/-t-R-@=0.485"
"PronTokAlign",11.94,12.17,"R-E-y-n-j-O~=0.666"
"PronTokAlign",12.17,12.31,"s-e"
"PronTokAlign",12.31,12.38,"d=0.743"
"PronTokAlign",12.38,12.73,"e-s-E-j-e=0.313"
"PronTokAlign",12.73,12.78,"d=0.467"
"PronTokAlign",12.78,13.07,"t-R-u-v-e=0.582"
"PronTokAlign",13.07,13.21,"U~/=0.662"
"PronTokAlign",13.21,13.57,"Z-a~-R=0.831"
"PronTokAlign",13.57,13.77,"p-u-R"
"PronTokAlign",13.77,14.29,"n-O/-t-R-@=0.735"
"PronTokAlign",14.29,15.115,"#=0.0"
"PronTokAlign",15.115,15.425,"f-E-s-t-i-v-A/-l"
"PronTokAlign",15.425,15.455,"t=0.662"
"PronTokAlign",15.455,15.79,"f-i-l-m=0.589"
"PronTokAlign",15.79,16.567461,"#=0.0"
"PronTokAlign",16.567461,16.947461,"p-s-k=0.525"
"PronTokAlign",16.947461,16.977461,"O~=0.89"
"PronTokAlign",16.977461,17.247461,"s-E=0.609"
"PronTokAlign",17.247461,17.307461,"t-u=0.7"
"PronTokAlign",17.307461,17.337461,"k"
"PronTokAlign",17.337461,17.397461,"j=0.584"
"PronTokAlign",17.397461,17.427461,"A/"
"PronTokAlign",17.427461,17.557461,"d-e=0.42"
"PronTokAlign",17.557461,17.72004,"Z-a~-R=0.769"
"PronTokAlign",17.72004,17.783443,"#=0.0"
"PronTokAlign",17.783443,18.123443,"s-y-p-E-R-j-9-R=0.527"
"PronTokAlign",18.123443,18.333443,"O/-z=0.671"
"PronTokAlign",18.333443,18.58,"O/-t=0.362"
"PronTokAlign",18.58,20.265,"laugh=0.0"
"PronTokAlign",20.265,20.575,"laugh"
"PronTokAlign",20.575,21.055,"d-O~-k=0.997"
"PronTokAlign",21.055,21.15,"#=0.0"
"PronTokAlign",21.15,22.0,"fp"
"PronTokAlign",22.0,22.08,"d-O~=0.633"
"PronTokAlign",22.08,22.44,"d-y-k-u"
"PronTokAlign",22.44,22.71,"Z-@=0.993"
"PronTokAlign",22.71,22.83,"v-u=0.827"
"PronTokAlign",22.83,23.22,"p-R-O/-p-O/-z=0.836"
"PronTokAlign",23.22,23.35,"d-@=0.45"
"PronTokAlign",23.35,23.93,"p-R-E-p-A/-R-e=0.477"
"PronTokAlign",23.93,24.46,"d-@=0.997"
"PronTokAlign",24.46,25.19,"p-R-E-p-A/-R-e=0.428"
"PronTokAlign",25.19,25.35,"a~-f-U~/"
"PronTokAlign",25.35,25.49,"v-u-z=0.858"
"PronTokAlign",25.49,25.61,"A/-v-e=0.877"
"PronTokAlign",25.61,26.16,"p-R-E-p-A/-R-e=0.643"
"PronTokAlign",26.16,26.21,"d=0.318"
"PronTokAlign",26.21,26.6,"e-k-s-p-O/-z-e=0.482"
"PronTokAlign",26.6,26.81,"s-y-R"
"PronTokAlign",26.81,26.94,"v-O/=0.626"
"PronTokAlign",26.94,27.16,"Z-a~-R=0.65"
"PronTokAlign",27.16,27.86,"R-E-s-p-E-k-t-i-f=0.662"
"PronTokAlign",27.86,27.92,"d-O~=0.673"
"PronTokAlign",27.92,27.95,"Z=0.542"
"PronTokAlign",27.95,28.01,"v-u=0.741"
"PronTokAlign",28.01,28.69,"p-R-O/-p-O/-z=0.725"
"PronTokAlign",28.69,29.03,"d-@=0.434"
"PronTokAlign",29.03,29.12,"l-e=0.333"
"PronTokAlign",29.12,29.715,"p-R-E-z-a~-t-e=0.57"
"PronTokAlign",29.715,30.370186,"#=0.0"
"PronTokAlign",30.370186,30.600186,"A/-s-e=0.918"
"PronTokAlign",30.600186,31.550186,"R-A/-p-i-d-2-m-a~-t=0.403"
"PronTokAlign",31.550186,31.720186,"t-R-w-A/=0.753"
"PronTokAlign",31.720186,31.940186,"k-A/-t=0.677"
"PronTokAlign",31.940186,32.382532,"m-i-n-y-t=0.502"
"PronTokAlign",32.382532,53.877368,"#=0.0"
"PronTokAlign",53.877368,53.997368,"u-i=0.783"
"PronTokAlign",53.997368,54.227368,"w-A/-i=0.432"
"PronTokAlign",54.227368,54.467368,"u-E=0.595"
"PronTokAlign",54.467368,54.637368,"s-e"
"PronTokAlign",54.637368,54.750403,"b-O~=0.388"
"PronTokAlign",54.750403,68.330395,"#=0.0"
"PronTokAlign",68.330395,68.672018,"laugh=0.0"
"PronTokAlign",68.672018,131.415,"#=0.0"
"PronTokAlign",131.415,131.655,"A/-p-R-E=0.449"
"PronTokAlign",131.655,131.755,"l=0.393"
"PronTokAlign",131.755,132.045,"n-A/-v-E"
"PronTokAlign",132.045,132.215,"p-@=0.694"
"PronTokAlign",132.215,132.36499999999998,"A/-v-w-A/-R"
"PronTokAlign",132.36499999999998,132.625,"U~/-n=0.534"
"PronTokAlign",132.625,133.015,"U~/-t-E-R-E=0.597"
"PronTokAlign",133.015,133.300895,"O/-s-i"
"PronTokAlign",133.300895,146.298904,"#=0.0"
"PronTokAlign",146.298904,146.478904,"s-A/=0.945"
"PronTokAlign",146.478904,146.93890399999998,"f-E=0.438"
"PronTokAlign",146.93890399999998,147.128904,"d-2=0.614"
"PronTokAlign",147.128904,147.46,"m-i-n-y-t-@=0.493"
"PronTokAlign",147.46,147.935,"#=0.0"
"PronTokAlign",147.935,148.04500000000002,"O~=0.719"
"PronTokAlign",148.04500000000002,148.145,"p-@=0.885"
"PronTokAlign",148.145,148.255,"a~"
"PronTokAlign",148.255,148.905,"d-i-s-k-y-t-e=0.593"
"PronTokAlign",148.905,149.115,"v-u=0.583"
"PronTokAlign",149.115,149.415,"p-u-v-e=0.661"
"PronTokAlign",149.415,149.815,"d-O/-n-e-R=0.673"
"PronTokAlign",149.815,150.205,"v-O/-t-R=0.472"
"PronTokAlign",150.205,150.385,"A/-v-i=0.736"
"PronTokAlign",150.385,150.585,"s-y-R"
"PronTokAlign",150.585,150.655,"l-@=0.408"
"PronTokAlign",150.655,150.905,"f-i-l-m=0.768"
"PronTokAlign",150.905,150.935,"d=0.635"
"PronTokAlign",150.935,151.31,"O/-R-9-R"
"PronTokAlign",151.31,217.36,"#=0.0"
"PronTokAlign",217.36,217.4,"laugh"
"PronTokAlign",217.4,217.44000000000003,"U~/=0.839"
"PronTokAlign",217.44000000000003,218.12,"p-@-t-i-t=0.445"
"PronTokAlign",218.12,218.425,"A/-v-i=0.674"
"PronTokAlign",218.425,270.09,"#=0.0"
"PronTokAlign",270.09,270.16,"w-E"
"PronTokAlign",270.16,270.19,"j=0.611"
"PronTokAlign",270.19,270.22,"A/"
"PronTokAlign",270.22,270.28,"y-n=0.997"
"PronTokAlign",270.28,270.4,"t-E-l=0.817"
"PronTokAlign",270.4,270.52,"O/-R-9-R"
"PronTokAlign",270.52,271.39,"a~-f-U~/"
"PronTokAlign",271.39,271.9,"v-i-z-y-E-l=0.602"
"PronTokAlign",271.9,272.22,"E=0.674"
"PronTokAlign",272.22,273.17,"p-s-i-k-O/-l-O/-Z-i-k-@=0.627"
"PronTokAlign",273.17,298.205,"#=0.0"
"PronTokAlign",298.205,298.605,"O/-k-E=0.809"
"PronTokAlign",298.605,298.715,"#=0.0"
"PronTokAlign",298.715,298.825,"d=0.651"
"PronTokAlign",298.825,298.895,"k-u"
"PronTokAlign",298.895,298.945,"Z=0.4"
"PronTokAlign",298.945,299.105,"v-u-z=0.619"
"PronTokAlign",299.105,299.885,"p-R-O/-p-O/-z-@"
"PronTokAlign",299.885,299.915,"d=0.459"
"PronTokAlign",299.915,300.275,"p-A/-s-e=0.832"
"PronTokAlign",300.275,300.30499999999995,"A/"
"PronTokAlign",300.30499999999995,300.595,"U~/=0.68"
"PronTokAlign",300.595,300.885,"U~/-n=0.647"
"PronTokAlign",300.885,301.155,"O/-t-R-@=0.696"
"PronTokAlign",301.155,301.43,"Z-a~-R=0.876"
"PronTokAlign",301.43,301.829166,"#=0.0"
"PronTokAlign",301.829166,302.079166,"s-e"
"PronTokAlign",302.079166,302.35,"A/"
"PronTokAlign",302.35,302.8,"#=0.0"
"PronTokAlign",302.8,303.23,"anon"
"PronTokAlign",303.23,303.465,"anon"
"PronTokAlign",303.465,304.64,"#=0.0"
"PronTokAlign",304.64,304.84,"A/-l-e=0.711"
"PronTokAlign",304.84,305.26,"v-A/=0.733"
"PronTokAlign",305.26,305.29,"j=0.466"
"PronTokAlign",305.29,305.425,"anon"
"PronTokAlign",305.425,420.832786,"#=0.0"
"PronTokAlign",420.832786,421.112786,"U~/"
"PronTokAlign",421.112786,421.342786,"k-w-A/"
"PronTokAlign",421.342786,422.102786,"#"
"PronTokAlign",422.102786,422.54,"p-A/-R-d-O~=0.656"
"PronTokAlign",422.54,423.93,"#=0.0"
"PronTokAlign",423.93,424.13,"A/-l-R=0.454"
"PronTokAlign",424.13,424.39,"d-a~-z=0.826"
"PronTokAlign",424.39,424.42,"U~/=0.723"
"PronTokAlign",424.42,424.62,"d-a~-z=0.983"
"PronTokAlign",424.62,424.66,"U~/=0.986"
"PronTokAlign",424.66,425.02,"f-E-s-t-i-v-A/-l"
"PronTokAlign",425.02,425.18,"p-A/=0.506"
"PronTokAlign",425.18,425.4,"d-E=0.399"
"PronTokAlign",425.4,425.43,"noise"
"PronTokAlign",425.43,425.69,"A/-s-e=0.919"
"PronTokAlign",425.69,426.235,"d-e-k-u-v-E-R=0.643"
"PronTokAlign",426.235,443.432823,"#=0.0"
"PronTokAlign",443.432823,443.782823,"laugh"
"PronTokAlign",443.782823,444.477797,"S-O/-A/"
"PronTokAlign",444.477797,445.218842,"#=0.0"
"PronTokAlign",445.218842,446.237753,"laugh=0.0"
"PronTokAlign",446.237753,447.337725,"S-O/-A/"
"PronTokAlign",447.337725,448.329989,"laugh=0.0"
"PronTokAlign",448.329989,450.050991,"#=0.0"
"PronTokAlign",450.050991,450.120991,"w-E"
"PronTokAlign",450.120991,450.900991,"b-U~/=0.998"
"PronTokAlign",450.900991,450.97,"w-E"
"PronTokAlign",450.97,452.874254,"#=0.0"
"PronTokAlign",452.874254,453.084254,"s-e"
"PronTokAlign",453.084254,453.225,"k-i=0.459"
"PronTokAlign",453.225,453.88,"#=0.0"
"PronTokAlign",453.88,454.06,"n-a~=0.529"
"PronTokAlign",454.06,454.18,"s-e"
"PronTokAlign",454.18,454.48,"p-i-t-9-R=0.756"
"PronTokAlign",454.48,454.78,"Z-A/-k-s-O/-n"
"PronTokAlign",454.78,455.05,"n-O~=0.304"
"PronTokAlign",455.05,455.11,"i=0.508"
"PronTokAlign",455.11,455.19,"l"
"PronTokAlign",455.19,455.53,"A/-v-e=0.446"
"PronTokAlign",455.53,455.85,"f-E-t-@=0.349"
"PronTokAlign",455.85,456.0,"O/-s-i"
"PronTokAlign",456.0,456.03,"U~/=0.918"
"PronTokAlign",456.03,456.07,"U~/=0.672"
"PronTokAlign",456.07,456.42,"d-O/-k-y-m-a~-t-E-R=0.978"
"PronTokAlign",456.42,456.59,"s-y-R"
"PronTokAlign",456.59,456.65,"l-A/"
"PronTokAlign",456.65,457.19,"s-2-g-O~-d-g-E-R-m-O~-d-j-A/-l=0.427"
"PronTokAlign",457.19,457.22,"i=0.658"
"PronTokAlign",457.22,457.25,"n"
"PronTokAlign",457.25,457.31,"j=0.559"
"PronTokAlign",457.31,457.34,"A/"
"PronTokAlign",457.34,457.73,"l-O~-t-a~"
"PronTokAlign",457.73,457.77,"#"
"PronTokAlign",457.77,458.17,"A/-v-E-k"
"PronTokAlign",458.17,458.3,"d-e-z=0.451"
"PronTokAlign",458.3,458.48,"i-m-A/-Z=0.755"
"PronTokAlign",458.48,458.51,"d=0.789"
"PronTokAlign",458.51,459.04,"A/-R-S-i-v=0.378"
"PronTokAlign",459.04,476.01,"#=0.0"
"PronTokAlign",476.01,476.16,"n-a~=0.341"
"PronTokAlign",476.16,476.24,"j=0.494"
"PronTokAlign",476.24,476.36,"A/"
"PronTokAlign",476.36,476.45,"l-A/"
"PronTokAlign",476.45,476.82,"v-j-E-t-n-A/-m"
"PronTokAlign",476.82,476.97,"t=0.87"
"PronTokAlign",476.97,477.1,"l-A/"
"PronTokAlign",477.1,477.28,"g-E-R=0.725"
"PronTokAlign",477.28,477.36,"d-y=0.718"
"PronTokAlign",477.36,477.81,"v-j-E-t-n-A/-m"
"PronTokAlign",477.81,478.13,"p-A/-R"
"PronTokAlign",478.13,478.34,"k-E-n"
"PronTokAlign",478.34,479.2,"b-y-R-n"
"PronTokAlign",479.2,479.27,"#=0.0"
"PronTokAlign",479.27,479.48,"d-u-z-@=0.55"
"PronTokAlign",479.48,480.26,"p-A/-R-t-i-z=0.963"
"PronTokAlign",480.26,481.425,"#=0.0"
"PronTokAlign",481.425,481.825,"fp"
"PronTokAlign",481.825,482.225,"O/-k-e=0.637"
"PronTokAlign",482.225,482.69,"#=0.0"
"PronTokAlign",482.69,483.02,"m-E=0.844"
"PronTokAlign",483.02,483.21,"d-O~-k=0.671"
"PronTokAlign",483.21,483.39,"w-E"
"PronTokAlign",483.39,483.53,"s=0.786"
"PronTokAlign",483.53,483.71,"s-R-E=0.736"
"PronTokAlign",483.71,484.05,"fp"
"PronTokAlign",484.05,484.12,"#"
"PronTokAlign",484.12,484.59,"f-O/-d-R-E=0.589"
"PronTokAlign",484.59,484.78,"e-s-e-j-e=0.381"
"PronTokAlign",484.78,485.06,"t-R-u-v-e=0.717"
"PronTokAlign",485.06,485.19,"U~/=0.703"
"PronTokAlign",485.19,485.56,"t-E-m-@=0.538"
"PronTokAlign",485.56,486.3,"#=0.0"
"PronTokAlign",486.3,486.45,"w-E"
"PronTokAlign",486.45,486.58,"b-O/=0.384"
"PronTokAlign",486.58,486.66,"O~=0.752"
"PronTokAlign",486.66,486.8,"p-@=0.669"
"PronTokAlign",486.8,486.87,"a~"
"PronTokAlign",486.87,487.23,"R-2-p-A/-R-l-e=0.895"
"PronTokAlign",487.23,487.34,"s=0.733"
"PronTokAlign",487.34,487.38,"O~=0.718"
"PronTokAlign",487.38,487.42,"A/"
"PronTokAlign",487.42,487.52,"d-y=0.505"
"PronTokAlign",487.52,487.92,"t-a~-z=0.528"
"PronTokAlign",487.92,488.0,"A/"
"PronTokAlign",488.0,488.09,"l-A/"
"PronTokAlign",488.09,488.27,"f-i=0.589"
"PronTokAlign",488.27,488.77,"anon"
"PronTokAlign",488.77,488.8,"#"
"PronTokAlign",488.8,488.89,"s=0.815"
"PronTokAlign",488.89,488.95,"t-j=0.493"
"PronTokAlign",488.95,489.03,"v-@=0.634"
"PronTokAlign",489.03,489.63,"p-R-E-z-a~-t-e-R=0.407"
"PronTokAlign",489.63,572.743567,"#=0.0"
"PronTokAlign",572.743567,573.323567,"m-i-k-A/-E-l"
"PronTokAlign",573.323567,573.403551,"b-E"
"PronTokAlign",573.403551,574.191864,"#=0.0"
"PronTokAlign",574.191864,574.721864,"A/-b-O~"
"PronTokAlign",574.721864,575.101864,"m-E-z=0.635"
"PronTokAlign",575.101864,575.291864,"s-e"
"PronTokAlign",575.291864,575.971864,"s-e"
"PronTokAlign",575.971864,576.361864,"p-A/-z=0.923"
"PronTokAlign",576.361864,576.601864,"d-y=0.966"
"PronTokAlign",576.601864,577.091864,"t-u-t=0.661"
"PronTokAlign",577.091864,577.231864,"a~-f-U~/"
"PronTokAlign",577.231864,577.461864,"i=0.533"
"PronTokAlign",577.461864,577.901864,"b-O~-b-A/-R-d=0.668"
"PronTokAlign",577.901864,578.371864,"U~/-n=0.887"
"PronTokAlign",578.371864,578.8818640000001,"O/-p-i-t-A/-l"
"PronTokAlign",578.8818640000001,579.121864,"A/"
"PronTokAlign",579.121864,579.981864,"A/-w-A/-d-@=0.508"
"PronTokAlign",579.981864,580.151864,"s-e"
"PronTokAlign",580.151864,580.391864,"s-e"
"PronTokAlign",580.391864,580.531864,"l"
"PronTokAlign",580.531864,581.151864,"U~/-v-E-R-s-@=0.812"
"PronTokAlign",581.151864,581.561864,"d-@=0.509"
"PronTokAlign",581.561864,582.07,"i-s-t-O/-R-i-k=0.618"
"PronTokAlign",582.07,582.35,"#=0.0"
"PronTokAlign",582.35,582.5500000000001,"n-O/=0.762"
"PronTokAlign",582.5500000000001,582.82,"n-O/=0.46"
"PronTokAlign",582.82,583.94,"U~/-t-E-R-d-i-t=0.825"
"PronTokAlign",583.94,584.03,"s-A/=0.612"
"PronTokAlign",584.03,584.855,"#=0.0"
"PronTokAlign",584.855,585.645,"laugh"
"PronTokAlign",585.645,585.8050000000001,"s-e"
"PronTokAlign",585.8050000000001,586.105,"p-A/-R-E-j"
"PronTokAlign",586.105,586.1750000000001,"k"
"PronTokAlign",586.1750000000001,587.085,"O/-s-t-e-E-R-A/-l-A/=0.394"
"PronTokAlign",587.085,587.595,"s-e"
"PronTokAlign",587.595,587.975,"m-E-S-a~=0.9"
"PronTokAlign",587.975,588.125,"s-e"
"PronTokAlign",588.125,588.465,"m-E-S-a~=0.821"
"PronTokAlign",588.465,589.065,"Z-A/-p-O/-n-e=0.413"
"PronTokAlign",589.065,589.225,"k-i=0.481"
"PronTokAlign",589.225,589.385,"v-O~=0.75"
"PronTokAlign",589.385,589.645,"n-u-z=0.733"
"PronTokAlign",589.645,590.0450000000001,"a~-f-U~/"
"PronTokAlign",590.0450000000001,590.1750000000001,"b-O/=0.611"
"PronTokAlign",590.1750000000001,590.285,"i-z=0.513"
"PronTokAlign",590.285,590.345,"O~=0.599"
"PronTokAlign",590.345,590.495,"f-E=0.378"
"PronTokAlign",590.495,590.6750000000001,"p-A/-R-l"
"PronTokAlign",590.6750000000001,590.9250000000001,"A/-R-b-O/-R"
"PronTokAlign",590.9250000000001,590.985,"m=0.689"
"PronTokAlign",590.985,591.015,"i=0.62"
"PronTokAlign",591.015,591.0450000000001,"O~=0.76"
"PronTokAlign",591.0450000000001,591.115,"p-A/=0.949"
"PronTokAlign",591.115,591.595,"b-O~-b-A/-R-d-e"
"PronTokAlign",591.595,591.755,"d-e-z=0.34"
"PronTokAlign",591.755,592.355,"O/-p-i-t-O/=0.951"
"PronTokAlign",592.355,592.705,"#=0.0"
"PronTokAlign",592.705,592.7850000000001,"p-A/=0.687"
"PronTokAlign",592.7850000000001,592.865,"k"
"PronTokAlign",592.865,592.9250000000001,"O~=0.769"
"PronTokAlign",592.9250000000001,593.145,"s-A/-S=0.916"
"PronTokAlign",593.145,593.785,"#=0.0"
"PronTokAlign",593.785,594.055,"n-a~=0.519"
"PronTokAlign",594.055,594.135,"w-E"
"PronTokAlign",594.135,594.4549999999999,"v-A/-z=0.756"
"PronTokAlign",594.4549999999999,594.495,"j=0.456"
"PronTokAlign",594.495,594.6949999999999,"v-A/-z=0.806"
"PronTokAlign",594.6949999999999,594.775,"i=0.502"
"PronTokAlign",594.775,594.9,"#=0.0"
"PronTokAlign",594.9,595.12,"v-A/-z=0.807"
"PronTokAlign",595.12,595.17,"j=0.374"
"PronTokAlign",595.17,595.6,"p-A/-d-O~=0.504"
"PronTokAlign",595.6,596.065,"p-A/-d-O~=0.635"
"PronTokAlign",596.065,614.4,"#=0.0"
"PronTokAlign",614.4,614.52,"O/"
"PronTokAlign",614.52,614.855,"b-U~/=0.944"
"PronTokAlign",614.855,615.31,"#=0.0"
"PronTokAlign",615.31,615.43,"s-e"
"PronTokAlign",615.43,615.665,"v-R-E=0.944"
"PronTokAlign",615.665,616.315,"#=0.0"
"PronTokAlign",616.315,616.455,"m=0.467"
"PronTokAlign",616.455,616.5050000000001,"i=0.631"
"PronTokAlign",616.5050000000001,616.5350000000001,"A/"
"PronTokAlign",616.5350000000001,616.6750000000001,"@"
"PronTokAlign",616.6750000000001,616.7650000000001,"d=0.524"
"PronTokAlign",616.7650000000001,617.19,"s-y-k-s-E-z=0.704"
"PronTokAlign",617.19,619.28,"#=0.0"
"PronTokAlign",619.28,619.3399999999999,"A/"
"PronTokAlign",619.3399999999999,619.4,"Z=0.585"
"PronTokAlign",619.4,619.54,"s-A/-v-E=0.491"
"PronTokAlign",619.54,619.67,"p-A/=0.838"
"PronTokAlign",619.67,619.76,"d-y=0.755"
"PronTokAlign",619.76,619.97,"t-u=0.713"
"PronTokAlign",619.97,625.94,"#=0.0"
"PronTokAlign",625.94,626.12,"n-a~=0.469"
"PronTokAlign",626.12,626.32,"n-a~=0.581"
"PronTokAlign",626.32,626.36,"m=0.319"
"PronTokAlign",626.36,626.5,"Z=0.762"
"PronTokAlign",626.5,626.6800000000001,"e=0.53"
"PronTokAlign",626.6800000000001,626.99,"a~-t-a~-d-y"
"PronTokAlign",626.99,627.4200000000001,"m-i-k-A/-E-l"
"PronTokAlign",627.4200000000001,627.84,"b-E"
"PronTokAlign",627.84,628.1300000000001,"Z-@=0.959"
"PronTokAlign",628.1300000000001,628.3100000000001,"m-@=0.863"
"PronTokAlign",628.3100000000001,628.5200000000001,"s-y-i=0.619"
"PronTokAlign",628.5200000000001,628.9200000000001,"d-i-t=0.572"
"PronTokAlign",628.9200000000001,629.19,"noise"
"PronTokAlign",629.19,629.567075,"d-A/-k-O/-R"
"PronTokAlign",629.567075,666.1328,"#=0.0"
"PronTokAlign",666.1328,667.761587,"laugh=0.0"
"PronTokAlign",667.761587,668.584428,"#=0.0"
"PronTokAlign",668.584428,668.984063,"laugh=0.0"
"PronTokAlign",668.984063,669.444063,"v-A/-z=0.669"
"PronTokAlign",669.444063,669.514063,"i=0.451"
"PronTokAlign",669.514063,669.894063,"k-O~-t-i-n-y"
"PronTokAlign",669.894063,670.114063,"t-A/"
"PronTokAlign",670.114063,671.05,"R-E-f-l-E-k-s-j-O~=0.651"
"PronTokAlign",671.05,672.147505,"#=0.0"
"PronTokAlign",672.147505,673.942463,"laugh=0.0"
"PronTokAlign",673.942463,675.430491,"#=0.0"
"PronTokAlign",675.430491,675.993528,"laugh=0.0"
"PronTokAlign",675.993528,679.579381,"#=0.0"
"PronTokAlign",679.579381,680.089381,"w-E"
"PronTokAlign",680.089381,680.807684,"laugh"
"PronTokAlign",680.807684,681.194321,"#=0.0"
"PronTokAlign",681.194321,681.545154,"laugh=0.0"
"PronTokAlign",681.545154,690.631806,"#=0.0"
"PronTokAlign",690.631806,691.161806,"laugh"
"PronTokAlign",691.161806,691.4318059999999,"m-E-l"
"PronTokAlign",691.4318059999999,692.16414,"g-i-b-s-O/-n"
"PronTokAlign",692.16414,702.448883,"#=0.0"
"PronTokAlign",702.448883,703.308883,"f-R-i-d-O~=0.566"
"PronTokAlign",703.308883,703.3988830000001,"laugh"
"PronTokAlign",703.3988830000001,705.1488830000001,"#"
"PronTokAlign",705.1488830000001,705.418883,"w-E"
"PronTokAlign",705.418883,706.005461,"d-A/-k-O/-R"
"PronTokAlign",706.005461,709.3,"#=0.0"
"PronTokAlign",709.3,709.4,"t=0.574"
"PronTokAlign",709.4,709.5,"f-E=0.459"
"PronTokAlign",709.5,709.56,"y-n=0.592"
"PronTokAlign",709.56,710.78,"R-@-t-R-O/-s-p-E-k-t-i-v=0.559"
"PronTokAlign",710.78,710.87,"m-E-l"
"PronTokAlign",710.87,711.1,"g-i-b-s-O/-n"
"PronTokAlign",711.1,736.288402,"#=0.0"
"PronTokAlign",736.288402,737.091559,"laugh=0.0"
"PronTokAlign",737.091559,737.191559,"laugh"
"PronTokAlign",737.191559,737.2615589999999,"w-E"
"PronTokAlign",737.2615589999999,737.6515589999999,"s-A/=0.951"
"PronTokAlign",737.6515589999999,737.811559,"v-A/"
"PronTokAlign",737.811559,737.961559,"f-E-R=0.789"
"PronTokAlign",737.961559,738.301559,"b-O/-k-u=0.687"
"PronTokAlign",738.301559,738.704852,"k-a~-t=0.777"
"PronTokAlign",738.704852,753.334487,"#=0.0"
"PronTokAlign",753.334487,753.594487,"w-E"
"PronTokAlign",753.594487,754.294487,"w-E"
"PronTokAlign",754.294487,754.452793,"w-E"
"PronTokAlign",754.452793,758.497119,"#=0.0"
"PronTokAlign",758.497119,759.147119,"w-E"
"PronTokAlign",759.147119,759.227119,"w-E"
"PronTokAlign",759.227119,759.377097,"w-E"
"PronTokAlign",759.377097,762.39016,"#=0.0"
"PronTokAlign",762.39016,763.415692,"laugh=0.0"
"PronTokAlign",763.415692,765.08716,"#=0.0"
"PronTokAlign",765.08716,766.220981,"laugh=0.0"
"PronTokAlign",766.220981,766.875243,"#=0.0"
"PronTokAlign",766.875243,767.475,"O/-k-E=0.852"
"PronTokAlign",767.475,767.85,"#=0.0"
"PronTokAlign",767.85,768.16,"fp"
"PronTokAlign",768.16,768.39,"b-O~=0.372"
"PronTokAlign",768.39,768.4300000000001,"Z=0.497"
"PronTokAlign",768.4300000000001,768.58,"v-u-z=0.69"
"PronTokAlign",768.58,768.74,"A/-v-u"
"PronTokAlign",768.74,768.77,"k=0.851"
"PronTokAlign",768.77,768.8100000000001,"Z=0.578"
"PronTokAlign",768.8100000000001,768.9300000000001,"e=0.803"
"PronTokAlign",768.9300000000001,769.33,"A/-p-s-O/-l-y-m-a~=0.552"
"PronTokAlign",769.33,769.59,"p-E-R-d-y"
"PronTokAlign",769.59,770.02,"l-@=0.721"
"PronTokAlign",770.02,770.39,"f-i-l"
"PronTokAlign",770.39,770.6,"laugh"
"PronTokAlign",770.6,770.95,"d-@=0.532"
"PronTokAlign",770.95,771.23,"l"
"PronTokAlign",771.23,771.46,"9-R=0.698"
"PronTokAlign",771.46,771.78,"m-E-z=0.411"
"PronTokAlign",771.78,771.95,"Z-@=0.57"
"PronTokAlign",771.95,772.1800000000001,"v-E=0.728"
"PronTokAlign",772.1800000000001,772.57,"p-A/-R-l-e=0.912"
"PronTokAlign",772.57,772.6,"d=0.47"
"PronTokAlign",772.6,772.975,"k-l-A/-s-i-k=0.97"
"PronTokAlign",772.975,773.391786,"#=0.0"
"PronTokAlign",773.391786,773.611786,"p-R-s=0.542"
"PronTokAlign",773.611786,773.731786,"k-@=0.832"
"PronTokAlign",773.731786,773.941786,"k-a~=0.851"
"PronTokAlign",773.941786,774.231786,"m-E-m-@=0.973"
"PronTokAlign",774.231786,774.671786,"#"
"PronTokAlign",774.671786,774.811786,"s-e"
"PronTokAlign",774.811786,774.9617860000001,"k-a~=0.836"
"PronTokAlign",774.9617860000001,775.111786,"m-E-m=0.672"
"PronTokAlign",775.111786,775.665,"m-A/-l-2-R-2=0.543"
"PronTokAlign",775.665,775.865,"#=0.0"
"PronTokAlign",775.865,775.9350000000001,"k=0.719"
"PronTokAlign",775.9350000000001,776.075,"O~=0.92"
"PronTokAlign",776.075,776.385,"R-@-g-A/-R-d-@=0.434"
"PronTokAlign",776.385,776.525,"p-A/=0.874"
"PronTokAlign",776.525,776.625,"l-e=0.291"
"PronTokAlign",776.625,777.226114,"k-l-A/-s-i-k=0.532"
"PronTokAlign",777.226114,777.59,"#=0.0"
"PronTokAlign",777.59,777.77,"p-A/-R-s=0.509"
"PronTokAlign",777.77,777.82,"k"
"PronTokAlign",777.82,778.62,"O/-Z-u-R-d-y-i"
"PronTokAlign",778.62,779.20607,"#=0.0"
"PronTokAlign",779.20607,779.3560699999999,"m-w-A/"
"PronTokAlign",779.3560699999999,779.3860699999999,"Z=0.64"
"PronTokAlign",779.3860699999999,779.5160699999999,"a~"
"PronTokAlign",779.5160699999999,779.67607,"R-2-v-j-U~/=0.864"
"PronTokAlign",779.67607,779.9960699999999,"t-u-j-u-R=0.515"
"PronTokAlign",779.9960699999999,780.06607,"O/"
"PronTokAlign",780.06607,780.32607,"t-O/-p"
"PronTokAlign",780.32607,780.7360699999999,"s-a~-O~-z=0.808"
"PronTokAlign",780.7360699999999,780.80607,"d-@=0.45"
"PronTokAlign",780.80607,781.06607,"s-a~-s=0.506"
"PronTokAlign",781.06607,781.576105,"k-R-i-t-i-k=0.829"
"PronTokAlign",781.576105,782.07,"#=0.0"
"PronTokAlign",782.07,782.11,"k=0.502"
"PronTokAlign",782.11,782.2,"p-u-R"
"PronTokAlign",782.2,782.6400000000001,"m-w-A/"
"PronTokAlign",782.6400000000001,783.6,"E-s-t-@=0.474"
"PronTokAlign",783.6,783.8000000000001,"l-A/"
"PronTokAlign",783.8000000000001,784.21,"b-A/-z-@=0.716"
"PronTokAlign",784.21,784.4300000000001,"n-a~=0.64"
"PronTokAlign",784.4300000000001,784.5500000000001,"m-E=0.348"
"PronTokAlign",784.5500000000001,784.6800000000001,"s-e"
"PronTokAlign",784.6800000000001,784.8100000000001,"v-R-E=0.64"
"PronTokAlign",784.8100000000001,784.99,"k-@=0.788"
"PronTokAlign",784.99,785.1800000000001,"s-e"
"PronTokAlign",785.1800000000001,785.35,"d-e=0.541"
"PronTokAlign",785.35,785.62,"t-R-y-k=0.81"
"PronTokAlign",785.62,785.87,"k-O/-m=0.769"
"PronTokAlign",785.87,786.14,"fp"
"PronTokAlign",786.14,786.27,"#=0.0"
"PronTokAlign",786.27,786.77,"b-O/=0.456"
"PronTokAlign",786.77,786.91,"s-e"
"PronTokAlign",786.91,787.05,"s-y-R"
"PronTokAlign",787.05,787.25,"k-@=0.961"
"PronTokAlign",787.25,787.52,"d-e=0.668"
"PronTokAlign",787.52,787.77,"f-i-l-m=0.594"
"PronTokAlign",787.77,787.9399999999999,"t=0.93"
"PronTokAlign",787.9399999999999,788.1999999999999,"A/-S-@=0.704"
"PronTokAlign",788.1999999999999,788.5699999999999,"Z-A/-p-O/-n-E=0.459"
"PronTokAlign",788.5699999999999,789.0699999999999,"a~"
"PronTokAlign",789.0699999999999,789.29,"n-w-A/-R"
"PronTokAlign",789.29,789.3299999999999,"E=0.652"
"PronTokAlign",789.3299999999999,789.86,"b-l-a~"
"PronTokAlign",789.86,790.73,"m-y-E-t=0.83"
"PronTokAlign",790.73,790.76,"u"
"PronTokAlign",790.76,790.85,"n-O/=0.505"
"PronTokAlign",790.85,791.045,"#=0.0"
"PronTokAlign",791.045,791.0849999999999,"s=0.629"
"PronTokAlign",791.0849999999999,791.265,"d-O/-n=0.859"
"PronTokAlign",791.265,791.505,"p-2-t-E-t-R=0.862"
"PronTokAlign",791.505,791.645,"p-A/=0.9"
"PronTokAlign",791.645,792.015,"f-O/-R-s-E-m-a~=0.513"
"PronTokAlign",792.015,792.3349999999999,"s-y-p-E-R=0.498"
"PronTokAlign",792.3349999999999,792.555,"a~-v-i"
"PronTokAlign",792.555,792.645,"O/"
"PronTokAlign",792.645,792.775,"g-R-a~=0.414"
"PronTokAlign",792.775,793.2049999999999,"p-y-b-l-i-k"
"PronTokAlign",793.2049999999999,793.4649999999999,"m-E=0.507"
"PronTokAlign",793.4649999999999,793.805,"v-w-A/-l-A/=0.964"
"PronTokAlign",793.805,794.145,"s-e"
"PronTokAlign",794.145,794.1949999999999,"l"
"PronTokAlign",794.1949999999999,794.745,"O/-k-A/-z-j-O~"
"PronTokAlign",794.745,794.905,"d-@=0.96"
"PronTokAlign",794.905,795.055,"k-a~=0.852"
"PronTokAlign",795.055,795.505,"m-E-m-@=0.968"
"PronTokAlign",795.505,796.0849999999999,"t-R-u-v-e=0.802"
"PronTokAlign",796.0849999999999,796.2249999999999,"d-e=0.589"
"PronTokAlign",796.2249999999999,796.615,"f-i-l-m=0.697"
"PronTokAlign",796.615,796.97,"k-i=0.964"
"PronTokAlign",796.97,797.245,"#=0.0"
"PronTokAlign",797.245,797.475,"fp"
"PronTokAlign",797.475,797.655,"k-@=0.546"
"PronTokAlign",797.655,797.795,"l-@=0.307"
"PronTokAlign",797.795,797.995,"Z-a~=0.766"
"PronTokAlign",797.995,798.535,"i-z=0.764"
"PronTokAlign",798.535,798.795,"i-R-E=0.712"
"PronTokAlign",798.795,798.965,"p-A/=0.848"
"PronTokAlign",798.965,799.425,"f-O/-R-s-E-m-a~=0.441"
"PronTokAlign",799.425,799.545,"d=0.65"
"PronTokAlign",799.545,799.965,"@-m-E-m=0.714"
"PronTokAlign",799.965,800.145,"l-@=0.325"
"PronTokAlign",800.145,800.525,"S-E-R-S-e=0.873"
"PronTokAlign",800.525,800.635,"e=0.616"
"PronTokAlign",800.635,800.755,"l-e=0.325"
"PronTokAlign",800.755,801.035,"v-w-A/-R"
"PronTokAlign",801.035,802.83,"#=0.0"
"PronTokAlign",802.83,803.76,"w-E"
"PronTokAlign",803.76,803.9000000000001,"n-O/=0.362"
"PronTokAlign",803.9000000000001,804.0500000000001,"m-e=0.294"
"PronTokAlign",804.0500000000001,804.59,"p-u-R"
"PronTokAlign",804.59,804.62,"l=0.388"
"PronTokAlign",804.62,804.9300000000001,"k-u"
"PronTokAlign",804.9300000000001,805.1600000000001,"s-e"
"PronTokAlign",805.1600000000001,805.3100000000001,"U~/=0.724"
"PronTokAlign",805.3100000000001,805.38,"d-E=0.218"
"PronTokAlign",805.38,805.76,"p-l-y-z=0.501"
"PronTokAlign",805.76,806.01,"v-y=0.637"
"PronTokAlign",806.01,820.78,"#=0.0"
"PronTokAlign",820.78,821.06,"m-E-m=0.866"
"PronTokAlign",821.06,821.1999999999999,"p-s-k=0.936"
"PronTokAlign",821.1999999999999,821.36,"d-e=0.463"
"PronTokAlign",821.36,821.61,"t-R-y-k=0.768"
"PronTokAlign",821.61,822.01,"Z-a~-R-@=0.814"
"PronTokAlign",822.01,822.99,"#=0.0"
"PronTokAlign",822.99,823.34,"w-E"
"PronTokAlign",823.34,823.46,"m-e=0.327"
"PronTokAlign",823.46,823.54,"t"
"PronTokAlign",823.54,823.59,"e=0.585"
"PronTokAlign",823.59,823.69,"p-A/=0.894"
"PronTokAlign",823.69,823.97,"O/-b-l-i-Z-e"
"PronTokAlign",823.97,824.01,"d=0.699"
"PronTokAlign",824.01,824.16,"A/-l-e=0.798"
"PronTokAlign",824.16,824.24,"d-a~=0.871"
"PronTokAlign",824.24,824.34,"U~/=0.821"
"PronTokAlign",824.34,824.52,"t-R-y-k"
"PronTokAlign",824.52,824.74,"g-R-a~=0.612"
"PronTokAlign",824.74,825.0,"l-u-R=0.703"
"PronTokAlign",825.0,825.45,"Z-a~-R-@=0.82"
"PronTokAlign",825.45,825.87,"m-O~-k-i=0.394"
"PronTokAlign",825.87,826.74,"w-i-k-E-s=0.988"
"PronTokAlign",826.74,827.03,"b-i-l-i"
"PronTokAlign",827.03,827.59,"w-A/-j-l-d-9-R=0.706"
"PronTokAlign",827.59,827.76,"m-e=0.527"
"PronTokAlign",827.76,827.82,"d=0.353"
"PronTokAlign",827.82,828.01,"t-R-y-k=0.909"
"PronTokAlign",828.01,828.25,"m-e-z=0.555"
"PronTokAlign",828.25,829.105,"U~/-k-R-w-A/-j-A/-b-l=0.949"
"PronTokAlign",829.105,830.05,"#=0.0"
"PronTokAlign",830.05,830.3299999999999,"d-A/-k-O/-R"
"PronTokAlign",830.3299999999999,830.4,"t"
"PronTokAlign",830.4,830.4399999999999,"A/=0.736"
"PronTokAlign",830.4399999999999,830.55,"d-i=0.751"
"PronTokAlign",830.55,830.81,"k-w-A/"
"PronTokAlign",830.81,832.133477,"#=0.0"
"PronTokAlign",832.133477,833.582813,"laugh=0.0"
"PronTokAlign",833.582813,834.292813,"laugh"
"PronTokAlign",834.292813,834.422813,"A/"
"PronTokAlign",834.422813,834.602813,"w-E"
"PronTokAlign",834.602813,834.652813,"S=0.606"
"PronTokAlign",834.652813,834.952813,"k-O/-n-E=0.71"
"PronTokAlign",834.952813,835.052813,"d-v=0.366"
"PronTokAlign",835.052813,835.79,"g-R-i-f-i-t"
"PronTokAlign",835.79,835.98644,"#=0.0"
"PronTokAlign",835.98644,836.308838,"laugh=0.0"
"PronTokAlign",836.308838,836.740527,"#=0.0"
"PronTokAlign",836.740527,837.3405270000001,"n-a~=0.527"
"PronTokAlign",837.3405270000001,837.480527,"m-E=0.291"
"PronTokAlign",837.480527,837.730527,"v-w-A/-l-A/=0.746"
"PronTokAlign",837.730527,837.8205270000001,"t-j=0.432"
"PronTokAlign",837.8205270000001,837.9605270000001,"v-w-A/=0.616"
"PronTokAlign",837.9605270000001,838.350527,"j"
"PronTokAlign",838.350527,838.390527,"A/"
"PronTokAlign",838.390527,838.5805270000001,"p-l-U~/=0.896"
"PronTokAlign",838.5805270000001,838.610527,"d=0.699"
"PronTokAlign",838.610527,838.910527,"t-R-y-k=0.644"
"PronTokAlign",838.910527,839.030527,"s-e"
"PronTokAlign",839.030527,839.1805270000001,"p-A/=0.895"
"PronTokAlign",839.1805270000001,839.4405270000001,"p-A/-s-k-@=0.429"
"PronTokAlign",839.4405270000001,839.5805270000001,"s-e"
"PronTokAlign",839.5805270000001,839.750527,"d-e=0.505"
"PronTokAlign",839.750527,840.160527,"k-l-A/-s-i-k=0.641"
"PronTokAlign",840.160527,840.280527,"k-@=0.582"
"PronTokAlign",840.280527,840.4605270000001,"s-e"
"PronTokAlign",840.4605270000001,840.9305270000001,"Z-a~-R=0.532"
"PronTokAlign",840.9305270000001,841.420527,"l-u-R=0.573"
"PronTokAlign",841.420527,841.5605270000001,"e=0.747"
"PronTokAlign",841.5605270000001,842.175,"l-O~=0.756"
"PronTokAlign",842.175,842.53,"#=0.0"
"PronTokAlign",842.53,842.79,"Z-a~-R=0.738"
"PronTokAlign",842.79,843.115,"b-i-l-i"
"PronTokAlign",843.115,844.635,"#=0.0"
"PronTokAlign",844.635,844.745,"A/"
"PronTokAlign",844.745,844.965,"U~/-n=0.69"
"PronTokAlign",844.965,845.135,"p-2"
"PronTokAlign",845.135,845.245,"k-a~=0.689"
"PronTokAlign",845.245,845.44,"m-E-m=0.539"
"PronTokAlign",845.44,845.83,"#=0.0"
"PronTokAlign",845.83,846.01,"A/"
"PronTokAlign",846.01,846.07,"w-E"
"PronTokAlign",846.07,846.48,"n-O/=0.606"
"PronTokAlign",846.48,846.6700000000001,"E=0.95"
"PronTokAlign",846.6700000000001,846.95,"d-O~-k=0.899"
"PronTokAlign",846.95,847.13,"U~/=0.607"
"PronTokAlign",847.13,847.34,"p-2"
"PronTokAlign",847.34,847.72,"k-a~-t=0.945"
"PronTokAlign",847.72,848.135,"m-E-m-@=0.912"
"PronTokAlign",848.135,849.32,"#=0.0"
"PronTokAlign",849.32,849.62,"a~-f-U~/"
"PronTokAlign",849.62,849.71,"i=0.623"
"PronTokAlign",849.71,849.74,"t=0.289"
"PronTokAlign",849.74,849.8900000000001,"i=0.503"
"PronTokAlign",849.8900000000001,849.96,"e=0.284"
"PronTokAlign",849.96,850.1600000000001,"t-R-e=0.592"
"PronTokAlign",850.1600000000001,850.495,"k-u-l"
"PronTokAlign",850.495,850.92,"#=0.0"
"PronTokAlign",850.92,851.2099999999999,"m-E=0.529"
"PronTokAlign",851.2099999999999,851.24,"t=0.601"
"PronTokAlign",851.24,851.5999999999999,"m-@=0.939"
"PronTokAlign",851.5999999999999,851.9799999999999,"d-i-z=0.848"
"PronTokAlign",851.9799999999999,852.3399999999999,"U~/=0.895"
"PronTokAlign",852.3399999999999,853.04,"v-a~-d-R-2-d-i"
"PronTokAlign",853.04,853.51,"s-w-A/-R"
"PronTokAlign",853.51,853.99,"f-U~/-n=0.767"
"PronTokAlign",853.99,854.2299999999999,"t-j-U~/=0.959"
"PronTokAlign",854.2299999999999,854.29,"O~=0.897"
"PronTokAlign",854.29,854.37,"v-A/"
"PronTokAlign",854.37,854.4,"A/"
"PronTokAlign",854.4,854.4799999999999,"U~/=0.916"
"PronTokAlign",854.4799999999999,854.9,"f-E-s-t-i-v-A/-l"
"PronTokAlign",854.9,855.29,"d-@=0.986"
"PronTokAlign",855.29,855.65,"f-i-l-m=0.57"
"PronTokAlign",855.65,855.6899999999999,"U~/=0.642"
"PronTokAlign",855.6899999999999,855.88,"p=0.347"
"PronTokAlign",855.88,856.2299999999999,"t-i-t"
"PronTokAlign",856.2299999999999,856.78,"s-i-t-i-z-E-n"
"PronTokAlign",856.78,857.17,"k-a~-e=0.521"
"PronTokAlign",857.17,858.06,"#=0.0"
"PronTokAlign",858.06,858.4599999999999,"b-O/-f"
"PronTokAlign",858.4599999999999,858.6199999999999,"t=0.541"
"PronTokAlign",858.6199999999999,858.7099999999999,"v-w-A/=0.951"
"PronTokAlign",858.7099999999999,858.77,"U~/=0.906"
"PronTokAlign",858.77,858.9399999999999,"p=0.523"
"PronTokAlign",858.9399999999999,859.16,"t-i-t"
"PronTokAlign",859.16,859.4,"b-i-l-i"
"PronTokAlign",859.4,859.8499999999999,"w-A/-j-l-d-9-R=0.574"
"PronTokAlign",859.8499999999999,859.9499999999999,"l-A/"
"PronTokAlign",859.9499999999999,860.1099999999999,"y-n=0.735"
"PronTokAlign",860.1099999999999,860.2399999999999,"9-R=0.655"
"PronTokAlign",860.2399999999999,860.3,"E=0.73"
"PronTokAlign",860.3,860.4799999999999,"d-m-i=0.592"
"PronTokAlign",860.4799999999999,860.6099999999999,"d-@=0.939"
"PronTokAlign",860.6099999999999,861.3399999999999,"p-A/-p-A/-p-A/-p=0.492"
"PronTokAlign",861.3399999999999,861.3699999999999,"#"
"PronTokAlign",861.3699999999999,861.4,"l=0.728"
"PronTokAlign",861.4,861.78,"d-A/-l-O/-g=0.716"
"PronTokAlign",861.78,862.01,"k-i=0.556"
"PronTokAlign",862.01,862.3,"fp"
"PronTokAlign",862.3,862.3299999999999,"#"
"PronTokAlign",862.3299999999999,862.8699999999999,"s-a~-s-E-s=0.755"
"PronTokAlign",862.8699999999999,863.41,"fp"
"PronTokAlign",863.41,863.4899999999999,"e=0.81"
"PronTokAlign",863.4899999999999,863.7299999999999,"k-@=0.762"
"PronTokAlign",863.7299999999999,863.77,"d=0.396"
"PronTokAlign",863.77,863.9499999999999,"t-R-y-k=0.872"
"PronTokAlign",863.9499999999999,864.15,"Z-a~-R=0.515"
"PronTokAlign",864.15,864.94,"i-l-A/-R-a~=0.893"
"PronTokAlign",864.94,865.565,"#=0.0"
"PronTokAlign",865.565,865.705,"a~-f-U~/"
"PronTokAlign",865.705,865.8950000000001,"v-l-A/=0.666"
"PronTokAlign",865.8950000000001,865.985,"m-w-A/"
"PronTokAlign",865.985,866.0450000000001,"S=0.528"
"PronTokAlign",866.0450000000001,866.1650000000001,"t-R-u-v=0.96"
"PronTokAlign",866.1650000000001,866.2550000000001,"k-@=0.547"
"PronTokAlign",866.2550000000001,866.375,"l-e=0.457"
"PronTokAlign",866.375,866.7650000000001,"k-l-A/-s-i-k=0.801"
"PronTokAlign",866.7650000000001,866.8950000000001,"e=0.879"
"PronTokAlign",866.8950000000001,867.085,"d-O~-k=0.56"
"PronTokAlign",867.085,867.1850000000001,"O~=0.741"
"PronTokAlign",867.1850000000001,867.495,"p-2-t=0.74"
"PronTokAlign",867.495,867.875,"p-R-a~-d-R=0.568"
"PronTokAlign",867.875,868.168374,"p-2-t-E-t-R=0.99"
"PronTokAlign",868.168374,868.49,"#=0.0"
"PronTokAlign",868.49,868.75,"U~/=0.761"
"PronTokAlign",868.75,868.89,"d-@=0.733"
"PronTokAlign",868.89,869.42,"S-A/-k-@=0.999"
"PronTokAlign",869.42,869.81,"Z-a~-R=0.659"
"PronTokAlign",869.81,870.095,"#=0.0"
"PronTokAlign",870.095,870.225,"b-O/=0.487"
"PronTokAlign",870.225,870.335,"s=0.658"
"PronTokAlign",870.335,870.485,"s-R-E=0.836"
"PronTokAlign",870.485,870.5550000000001,"U~/=0.727"
"PronTokAlign",870.5550000000001,870.6850000000001,"p-2"
"PronTokAlign",870.6850000000001,871.125,"k-O~-p-l-i-k-e"
"PronTokAlign",871.125,871.395,"m-E=0.773"
"PronTokAlign",871.395,871.515,"y-n=0.611"
"PronTokAlign",871.515,872.245,"k-O/-m-e-d-i=0.674"
"PronTokAlign",872.245,872.715,"U~/=0.891"
"PronTokAlign",872.715,873.095,"f-i-l-m=0.718"
"PronTokAlign",873.095,874.085,"p-2-t-E-t-R-2"
"PronTokAlign",874.085,874.755,"i-s-t-O/-R-i-k=0.666"
"PronTokAlign",874.755,874.875,"U~/=0.869"
"PronTokAlign",874.875,875.645,"f-i-l-m-@=0.996"
"PronTokAlign",875.645,876.635,"d-R-A/-m-A/-t-i-k-@"
"PronTokAlign",876.635,878.99,"#=0.0"
"PronTokAlign",878.99,879.15,"m-w-A/"
"PronTokAlign",879.15,879.92,"k-l-A/-s-i-k=0.579"
"PronTokAlign",879.92,880.04,"O~=0.82"
"PronTokAlign",880.04,880.17,"v-A/"
"PronTokAlign",880.17,880.36,"d-i-R=0.722"
"PronTokAlign",880.36,880.98,"A/-v-a~=0.719"
"PronTokAlign",880.98,881.759199,"s-w-A/-s-a~-t-d-i-s=0.874"
"PronTokAlign",881.759199,884.37,"#=0.0"
"PronTokAlign",884.37,884.57,"b-A/"
"PronTokAlign",884.57,884.74,"u-i=0.908"
"PronTokAlign",884.74,884.92,"m-w-A/"
"PronTokAlign",884.92,885.25,"k-l-A/-s-i-k=0.986"
"PronTokAlign",885.25,885.33,"s-e"
"PronTokAlign",885.33,885.49,"s-A/=0.997"
"PronTokAlign",885.49,885.61,"s-e"
"PronTokAlign",885.61,885.94,"Z-a~-R-@=0.653"
"PronTokAlign",885.94,886.28,"g-O/-l-d-E-n"
"PronTokAlign",886.28,886.54,"A/-Z-@=0.619"
"PronTokAlign",886.54,886.66,"O/-f=0.697"
"PronTokAlign",886.66,887.19,"O/-l-i-w-u-d=0.806"
"PronTokAlign",887.19,887.33,"Z-a~-R=0.898"
"PronTokAlign",887.33,887.45,"l-e-z=0.362"
"PronTokAlign",887.45,887.58,"A/-n-e=0.906"
"PronTokAlign",887.58,888.3,"k-A/-R-a~-t-@=0.998"
"PronTokAlign",888.3,889.01,"t-R-a~-t-@=0.943"
"PronTokAlign",889.01,889.0600000000001,"e=0.507"
"PronTokAlign",889.0600000000001,889.3,"A/-p-R-e=0.508"
"PronTokAlign",889.3,889.925045,"s-w-A/-s-a~-t=0.732"
"PronTokAlign",889.925045,890.55,"#=0.0"
"PronTokAlign",890.55,890.68,"t-R-y-k"
"PronTokAlign",890.68,890.78,"Z-a~-R=0.964"
"PronTokAlign",890.78,890.8599999999999,"l-A/"
"PronTokAlign",890.8599999999999,891.27,"p-R-2-m-j-E-R=0.745"
"PronTokAlign",891.27,891.6099999999999,"v-A/-g=0.592"
"PronTokAlign",891.6099999999999,892.0699999999999,"fp"
"PronTokAlign",892.0699999999999,892.0999999999999,"#"
"PronTokAlign",892.0999999999999,892.37,"l-e-z=0.25"
"PronTokAlign",892.37,892.75,"fp"
"PronTokAlign",892.75,892.88,"#=0.0"
"PronTokAlign",892.88,892.97,"l-e=0.327"
"PronTokAlign",892.97,893.27,"p-R-2-m-j-e=0.805"
"PronTokAlign",893.27,893.66,"m-A/-n-j-A/=0.82"
"PronTokAlign",893.66,893.76,"E=0.682"
"PronTokAlign",893.76,894.28,"A/-p-R-E=0.62"
"PronTokAlign",894.28,894.38,"d-e=0.406"
"PronTokAlign",894.38,894.57,"t-R-y-k=0.882"
"PronTokAlign",894.57,894.86,"Z-a~-R-@=0.527"
"PronTokAlign",894.86,895.77,"s-k-O/-R-s-E-z-@=0.931"
"PronTokAlign",895.77,896.06,"l-@=0.87"
"PronTokAlign",896.06,906.395,"#=0.0"
"PronTokAlign",906.395,906.715,"A/-p-R-E=0.524"
"PronTokAlign",906.715,907.035,"w-E"
"PronTokAlign",907.035,907.295,"i-l-i=0.76"
"PronTokAlign",907.295,907.345,"A/"
"PronTokAlign",907.345,907.395,"@"
"PronTokAlign",907.395,907.575,"d-e=0.397"
"PronTokAlign",907.575,908.065,"k-l-A/-s-i-k=0.876"
"PronTokAlign",908.065,908.555,"A/-p-R-E-z=0.423"
"PronTokAlign",908.555,908.655,"w-E"
"PronTokAlign",908.655,908.825,"m-w-A/"
"PronTokAlign",908.825,909.205,"k-l-A/-s-i-k=0.903"
"PronTokAlign",909.205,909.255,"Z=0.547"
"PronTokAlign",909.255,909.285,"l"
"PronTokAlign",909.285,909.405,"A/-v-E=0.501"
"PronTokAlign",909.405,909.745,"a~-t-a~-d-y"
"PronTokAlign",909.745,909.805,"O/"
"PronTokAlign",909.805,910.065,"s-a~-z=0.496"
"PronTokAlign",910.065,910.465,"v-R-E-m-a~=0.62"
"PronTokAlign",910.465,910.755,"fp"
"PronTokAlign",910.755,910.98,"#=0.0"
"PronTokAlign",910.98,911.12,"l-e=0.335"
"PronTokAlign",911.12,912.17,"f-i-l-m-z=0.937"
"PronTokAlign",912.17,912.41,"p-l-y=0.482"
"PronTokAlign",912.41,913.26,"v-j-2-z=0.982"
"PronTokAlign",913.26,914.13,"#=0.0"
"PronTokAlign",914.13,914.32,"Z-a~-R=0.703"
"PronTokAlign",914.32,914.76,"l-e-z=0.427"
"PronTokAlign",914.76,915.14,"l-@=0.98"
"PronTokAlign",915.14,915.51,"#=0.0"
"PronTokAlign",915.51,915.62,"l-e=0.316"
"PronTokAlign",915.62,916.54,"s-t-a~-d-A/-R=0.583"
"PronTokAlign",916.54,916.63,"d=0.61"
"PronTokAlign",916.63,916.87,"A/-v-a~=0.587"
"PronTokAlign",916.87,917.01,"t=0.432"
"PronTokAlign",917.01,917.12,"v-w-A/=0.786"
"PronTokAlign",917.12,917.55,"Z-a~-R-@=0.981"
"PronTokAlign",917.55,917.65,"l-A/"
"PronTokAlign",917.65,918.415,"b-A/-z-@=0.996"
"PronTokAlign",918.415,922.007812,"#=0.0"
"PronTokAlign",922.007812,922.277812,"w-E"
"PronTokAlign",922.277812,925.05,"#=0.0"
"PronTokAlign",925.05,925.25,"b-E=0.532"
"PronTokAlign",925.25,925.41,"m-e=0.409"
"PronTokAlign",925.41,925.5,"t=0.723"
"PronTokAlign",925.5,925.63,"v-w-A/=0.957"
"PronTokAlign",925.63,926.15,"p-A/-R-E-g-z-a~-p-l-@=0.286"
"PronTokAlign",926.15,926.48,"m-e-z=0.554"
"PronTokAlign",926.48,927.11,"m-O~-k-i-@-w-i-k-z=0.349"
"PronTokAlign",927.11,927.18,"e=0.643"
"PronTokAlign",927.18,927.41,"b-i-l-i"
"PronTokAlign",927.41,927.8,"w-A/-j-l-d-9-R=0.516"
"PronTokAlign",927.8,927.92,"m-E=0.386"
"PronTokAlign",927.92,928.16,"s-e"
"PronTokAlign",928.16,928.73,"Z-a~-R=0.639"
"PronTokAlign",928.73,929.39,"#=0.0"
"PronTokAlign",929.39,929.965,"s-e"
"PronTokAlign",929.965,931.24,"#=0.0"
"PronTokAlign",931.24,931.41,"m-e=0.442"
"PronTokAlign",931.41,931.56,"s-e"
"PronTokAlign",931.56,931.7,"s-e"
"PronTokAlign",931.7,932.1,"O/-n-E-t-2-m-a~=0.788"
"PronTokAlign",932.1,932.33,"Z-a~-R=0.65"
"PronTokAlign",932.33,932.48,"l-e=0.417"
"PronTokAlign",932.48,932.69,"p-l-y=0.567"
"PronTokAlign",932.69,932.89,"g-R-a~=0.955"
"PronTokAlign",932.89,933.31,"R-E-A/-l-i-z-A/-t-9-R=0.722"
"PronTokAlign",933.31,933.41,"d-@=0.68"
"PronTokAlign",933.41,933.67,"k-O/-m-e-d-i=0.701"
"PronTokAlign",933.67,933.79,"d-@=0.508"
"PronTokAlign",933.79,933.97,"t-u-l-e=0.523"
"PronTokAlign",933.97,934.24,"t-a~=0.684"
"PronTokAlign",934.24,934.36,"Z-a~-R=0.939"
"PronTokAlign",934.36,934.39,"E=0.648"
"PronTokAlign",934.39,934.52,"s-e"
"PronTokAlign",934.52,934.67,"m-E-m=0.892"
"PronTokAlign",934.67,934.81,"p-A/=0.981"
"PronTokAlign",934.81,935.13,"d-R-O/-l=0.723"
"PronTokAlign",935.13,935.23,"A/"
"PronTokAlign",935.23,935.39,"k-E-l"
"PronTokAlign",935.39,935.59,"p-w-U~/=0.687"
"PronTokAlign",935.59,935.63,"i=0.64"
"PronTokAlign",935.63,935.77,"s-O~=0.827"
"PronTokAlign",935.77,935.83,"O/"
"PronTokAlign",935.83,935.99,"d-s-y=0.892"
"PronTokAlign",935.99,936.05,"d=0.704"
"PronTokAlign",936.05,936.2,"t-u-l=0.504"
"PronTokAlign",936.2,936.435,"m-O~-d-@=0.554"
"PronTokAlign",936.435,936.77,"#=0.0"
"PronTokAlign",936.77,936.93,"E=0.721"
"PronTokAlign",936.93,936.99,"e=0.588"
"PronTokAlign",936.99,937.22,"s-e"
"PronTokAlign",937.22,937.875,"#=0.0"
"PronTokAlign",937.875,938.215,"A/"
"PronTokAlign",938.215,938.355,"n-a~=0.365"
"PronTokAlign",938.355,938.555,"m-e-z=0.248"
"PronTokAlign",938.555,938.98,"v-R-E-m-a~=0.52"
"PronTokAlign",938.98,939.575,"#=0.0"
"PronTokAlign",939.575,939.615,"m=0.753"
"PronTokAlign",939.615,939.915,"m-E=0.471"
"PronTokAlign",939.915,940.035,"m-E=0.42"
"PronTokAlign",940.035,940.175,"v-l-A/=0.845"
"PronTokAlign",940.175,940.395,"i-l-i=0.44"
"PronTokAlign",940.395,940.425,"A/"
"PronTokAlign",940.425,940.525,"d-e=0.458"
"PronTokAlign",940.525,940.665,"t-R-y-k=0.937"
"PronTokAlign",940.665,940.775,"Z-a~-R=0.98"
"PronTokAlign",940.775,940.985,"S-A/-R-l-i"
"PronTokAlign",940.985,941.275,"S-A/-p-l-i-n"
"PronTokAlign",941.275,941.395,"t-j=0.367"
"PronTokAlign",941.395,941.565,"d-i-z-e=0.504"
"PronTokAlign",941.565,941.765,"S-A/-R-l-i"
"PronTokAlign",941.765,942.015,"S-A/-p-l-i-n"
"PronTokAlign",942.015,942.095,"k-a~=0.987"
"PronTokAlign",942.095,942.195,"m-E-m=0.97"
"PronTokAlign",942.195,942.295,"s-e"
"PronTokAlign",942.295,942.455,"A/-s-e=0.572"
"PronTokAlign",942.455,942.765,"k-O/-n-y"
"PronTokAlign",942.765,942.855,"t-u=0.747"
"PronTokAlign",942.855,943.465,"s-A/"
"PronTokAlign",943.465,943.845,"l-e=0.586"
"PronTokAlign",943.845,944.015,"l-e=0.459"
"PronTokAlign",944.015,944.045,"#"
"PronTokAlign",944.045,944.215,"t-u=0.888"
"PronTokAlign",944.215,944.245,"l=0.595"
"PronTokAlign",944.245,944.355,"m-O~-d=0.746"
"PronTokAlign",944.355,944.795,"a~-f-U~/"
"PronTokAlign",944.795,944.905,"p-A/=0.816"
"PronTokAlign",944.905,945.105,"t-u-l=0.46"
"PronTokAlign",945.105,945.345937,"m-O~-d-@=0.631"
"PronTokAlign",945.345937,947.703211,"#=0.0"
"PronTokAlign",947.703211,948.216532,"w-E"
"PronTokAlign",948.216532,954.94,"#=0.0"
"PronTokAlign",954.94,955.24,"b-E=0.591"
"PronTokAlign",955.24,955.745,"u-i=0.981"
"PronTokAlign",955.745,955.855,"#=0.0"
"PronTokAlign",955.855,956.145,"m-e=0.712"
"PronTokAlign",956.145,956.405,"m-e-z=0.604"
"PronTokAlign",956.405,956.765,"d-y-k-u"
"PronTokAlign",956.765,957.145,"p-E-R-s-O/-n=0.842"
"PronTokAlign",957.145,957.245,"v-A/"
"PronTokAlign",957.245,957.325,"l-E=0.466"
"PronTokAlign",957.325,958.005,"R-2-g-A/-R-d-e=0.75"
"PronTokAlign",958.005,958.095,"e=0.818"
"PronTokAlign",958.095,958.205,"Z=0.63"
"PronTokAlign",958.205,958.395,"s-y-i=0.802"
"PronTokAlign",958.395,958.665,"s-y-R"
"PronTokAlign",958.665,958.775,"k-@=0.518"
"PronTokAlign",958.775,958.875,"l-@=0.339"
"PronTokAlign",958.875,958.985,"Z-a~=0.825"
"PronTokAlign",958.985,959.105,"i-z=0.655"
"PronTokAlign",959.105,959.525,"A/-d-O/-R-2-R-E=0.61"
"PronTokAlign",959.525,959.665,"#=0.0"
"PronTokAlign",959.665,959.815,"Z-a~-R=0.918"
"PronTokAlign",959.815,960.095,"v-R-E-m-a~=0.465"
"PronTokAlign",960.095,960.285,"t-y=0.52"
"PronTokAlign",960.285,960.715,"R-2-s-O/-R"
"PronTokAlign",960.715,960.785,"a~"
"PronTokAlign",960.785,961.125,"s-A/-l=0.571"
"PronTokAlign",961.125,961.64,"O/-Z-u-R-d-y-i"
"PronTokAlign",961.64,961.885,"#=0.0"
"PronTokAlign",961.885,961.995,"t-y=0.514"
"PronTokAlign",961.995,962.135,"t=0.416"
"PronTokAlign",962.135,962.225,"l"
"PronTokAlign",962.225,962.54,"E-m-E=0.615"
"PronTokAlign",962.54,970.616368,"#=0.0"
"PronTokAlign",970.616368,971.296368,"laugh"
"PronTokAlign",971.296368,973.156368,"O/-p-9-n-E-R=0.649"
"PronTokAlign",973.156368,973.547558,"laugh"
"PronTokAlign",973.547558,975.080306,"#=0.0"
"PronTokAlign",975.080306,975.476417,"laugh=0.0"
"PronTokAlign",975.476417,976.496906,"#=0.0"
"PronTokAlign",976.496906,976.765455,"laugh=0.0"
"PronTokAlign",976.765455,1003.795,"#=0.0"
"PronTokAlign",1003.795,1003.975,"b-E=0.563"
"PronTokAlign",1003.975,1004.085,"u-i=0.685"
"PronTokAlign",1004.085,1004.415,"#"
"PronTokAlign",1004.415,1004.555,"w-E"
"PronTokAlign",1004.555,1004.685,"s-e"
"PronTokAlign",1004.685,1004.745,"s-@=0.495"
"PronTokAlign",1004.745,1004.775,"k=0.559"
"PronTokAlign",1004.775,1004.805,"Z=0.465"
"PronTokAlign",1004.805,1005.015,"d-i-z-E=0.727"
"PronTokAlign",1005.015,1005.155,"p-R-s=0.588"
"PronTokAlign",1005.155,1006.49,"#=0.0"
"PronTokAlign",1006.49,1006.53,"k=0.828"
"PronTokAlign",1006.53,1006.73,"d-y-k-u"
"PronTokAlign",1006.73,1006.82,"w-E"
"PronTokAlign",1006.82,1006.97,"s-A/=0.765"
"PronTokAlign",1006.97,1007.45,"p-E-R-m-E-t-R-E=0.717"
"PronTokAlign",1007.45,1007.965,"d-@=0.466"
"PronTokAlign",1007.965,1008.34,"#=0.0"
"PronTokAlign",1008.34,1008.46,"d-@=0.723"
"PronTokAlign",1008.46,1008.64,"k-a~=0.823"
"PronTokAlign",1008.64,1008.78,"m-E-m=0.744"
"PronTokAlign",1008.78,1009.08,"m-O~-t-R-e=0.72"
"PronTokAlign",1009.08,1009.19,"U~/=0.797"
"PronTokAlign",1009.19,1009.38,"p-2"
"PronTokAlign",1009.38,1009.49,"s=0.906"
"PronTokAlign",1009.49,1009.56,"k"
"PronTokAlign",1009.56,1009.65,"j=0.699"
"PronTokAlign",1009.65,1009.85,"A/-v-e=0.568"
"PronTokAlign",1009.85,1010.19,"A/-v-a~=0.763"
"PronTokAlign",1010.19,1010.22,"i=0.745"
"PronTokAlign",1010.22,1010.25,"n"
"PronTokAlign",1010.25,1010.3,"j=0.654"
"PronTokAlign",1010.3,1010.47,"A/-v-e=0.441"
"PronTokAlign",1010.47,1010.71,"p-A/=0.899"
"PronTokAlign",1010.71,1010.88,"k=0.517"
"PronTokAlign",1010.88,1011.365,"fp"
"PronTokAlign",1011.365,1011.73,"#=0.0"
"PronTokAlign",1011.73,1011.88,"b-E=0.588"
"PronTokAlign",1011.88,1012.44,"p-A/-R-E-g-z-a~-p-l-@=0.456"
"PronTokAlign",1012.44,1012.47,"l=0.487"
"PronTokAlign",1012.47,1012.52,"S=0.385"
"PronTokAlign",1012.52,1012.55,"s=0.919"
"PronTokAlign",1012.55,1012.67,"p-A/=0.835"
"PronTokAlign",1012.67,1012.84,"l-@=0.778"
"PronTokAlign",1012.84,1013.15,"f-i-l-m-@=0.838"
"PronTokAlign",1013.15,1013.3,"t-y=0.699"
"PronTokAlign",1013.3,1013.47,"d-i=0.701"
"PronTokAlign",1013.47,1013.97,"f-i-l-m=0.526"
"PronTokAlign",1013.97,1014.433772,"R-y-s=0.951"
"PronTokAlign",1014.433772,1014.685,"#=0.0"
"PronTokAlign",1014.685,1014.995,"n-w-A/-R"
"PronTokAlign",1014.995,1015.105,"e=0.515"
"PronTokAlign",1015.105,1015.485,"b-l-a~"
"PronTokAlign",1015.485,1016.075,"#=0.0"
"PronTokAlign",1016.075,1016.745,"m-y-E-t=0.845"
"PronTokAlign",1016.745,1017.285,"#"
"PronTokAlign",1017.285,1017.515,"t-j=0.471"
"PronTokAlign",1017.515,1017.575,"v-A/=0.898"
"PronTokAlign",1017.575,1018.015,"d-i-R=0.666"
"PronTokAlign",1018.015,1019.395,"O/-l-A/-l-A/"
"PronTokAlign",1019.395,1019.505,"m-e=0.336"
"PronTokAlign",1019.505,1019.555,"j=0.478"
"PronTokAlign",1019.555,1019.615,"A/"
"PronTokAlign",1019.615,1019.715,"d-e=0.294"
"PronTokAlign",1019.715,1019.975,"t-R-y-k-z=0.556"
"PronTokAlign",1019.975,1020.285,"s-y-p-E-R=0.763"
"PronTokAlign",1020.285,1020.595,"k-u-l"
"PronTokAlign",1020.595,1020.725,"t-j=0.415"
"PronTokAlign",1020.725,1021.08,"v-w-A/-z=0.997"
"PronTokAlign",1021.08,1022.175,"#=0.0"
"PronTokAlign",1022.175,1022.415,"m-E=0.566"
"PronTokAlign",1022.415,1022.525,"fp"
"PronTokAlign",1022.525,1022.685,"s-e"
"PronTokAlign",1022.685,1022.855,"k-w-A/"
"PronTokAlign",1022.855,1023.105,"s-e"
"PronTokAlign",1023.105,1023.455,"fp"
"PronTokAlign",1023.455,1023.875,"@-m"
"PronTokAlign",1023.875,1024.115,"#"
"PronTokAlign",1024.115,1024.715,"fp"
"PronTokAlign",1024.715,1024.825,"l-e=0.368"
"PronTokAlign",1024.825,1025.445,"s-i-g-O/-n-j=0.799"
"PronTokAlign",1025.445,1025.855,"fp"
"PronTokAlign",1025.855,1025.995,"l-@=0.512"
"PronTokAlign",1025.995,1026.225,"v-O/-l"
"PronTokAlign",1026.225,1026.2949999999998,"d-@=0.512"
"PronTokAlign",1026.2949999999998,1026.715,"s-i-g-O/-n-j=0.798"
"PronTokAlign",1026.715,1026.7949999999998,"l-@=0.373"
"PronTokAlign",1026.7949999999998,1027.165,"s-i-g-O/-n-j=0.681"
"PronTokAlign",1027.165,1028.105,"p-A/-s-2-t=0.897"
"PronTokAlign",1028.105,1028.435,"O/-d-2-s-y"
"PronTokAlign",1028.435,1028.465,"i=0.845"
"PronTokAlign",1028.465,1028.805,"t=0.331"
"PronTokAlign",1028.805,1029.025,"p-A/=0.797"
"PronTokAlign",1029.025,1029.315,"m-y-E=0.746"
"PronTokAlign",1029.315,1030.7,"#=0.0"
"PronTokAlign",1030.7,1031.0,"n-a~=0.495"
"PronTokAlign",1031.0,1031.28,"n-O/=0.53"
"PronTokAlign",1031.28,1031.39,"n-a~=0.27"
"PronTokAlign",1031.39,1031.67,"n-O~-n=0.534"
"PronTokAlign",1031.67,1031.84,"n-a~=0.407"
"PronTokAlign",1031.84,1031.97,"s-e"
"PronTokAlign",1031.97,1032.21,"v-R-E-m-a~=0.601"
"PronTokAlign",1032.21,1032.655,"s-i-g-O/-n-j-@=0.502"
"PronTokAlign",1032.655,1032.93,"#=0.0"
"PronTokAlign",1032.93,1033.26,"s-e"
"PronTokAlign",1033.26,1033.35,"U~/=0.793"
"PronTokAlign",1033.35,1033.5800000000002,"f-i-l-m=0.657"
"PronTokAlign",1033.5800000000002,1034.0600000000002,"Z-a~-R=0.552"
"PronTokAlign",1034.0600000000002,1034.21,"i=0.699"
"PronTokAlign",1034.21,1034.27,"t=0.369"
"PronTokAlign",1034.27,1034.84,"p-A/-z=0.647"
"PronTokAlign",1034.84,1035.16,"m-y-E=0.891"
"PronTokAlign",1035.16,1035.3300000000002,"m-e=0.645"
"PronTokAlign",1035.3300000000002,1035.75,"n-w-A/-R"
"PronTokAlign",1035.75,1035.8,"E=0.631"
"PronTokAlign",1035.8,1036.09,"b-l-a~"
"PronTokAlign",1036.09,1036.51,"Z-a~-R=0.528"
"PronTokAlign",1036.51,1036.8300000000002,"#"
"PronTokAlign",1036.8300000000002,1037.54,"R-y-s-@=0.999"
"PronTokAlign",1037.54,1037.73,"Z-a~-R=0.7"
"PronTokAlign",1037.73,1037.92,"d-@=0.559"
"PronTokAlign",1037.92,1038.46,"t-R-a~-t=0.52"
"PronTokAlign",1038.46,1038.68,"u"
"PronTokAlign",1038.68,1038.84,"d-e-z=0.6"
"PronTokAlign",1038.84,1038.97,"A/-n-e=0.896"
"PronTokAlign",1038.97,1039.24,"t-R-a~-t=0.912"
"PronTokAlign",1039.24,1039.29,"u"
"PronTokAlign",1039.29,1040.04,"k-A/-R-a~-t=0.837"
"PronTokAlign",1040.04,1040.19,"i=0.564"
"PronTokAlign",1040.19,1040.305,"e=0.613"
"PronTokAlign",1040.305,1040.825,"#=0.0"
"PronTokAlign",1040.825,1041.435,"Z-a~-R-@=0.676"
"PronTokAlign",1041.435,1041.565,"R-j-U~/=0.755"
"PronTokAlign",1041.565,1041.7050000000002,"k-@=0.619"
"PronTokAlign",1041.7050000000002,1042.175,"v-i-z-y-E-l-2-m-a~=0.895"
"PronTokAlign",1042.175,1042.245,"a~"
"PronTokAlign",1042.245,1042.415,"n-w-A/-R"
"PronTokAlign",1042.415,1042.475,"E=0.646"
"PronTokAlign",1042.475,1042.635,"b-l-a~"
"PronTokAlign",1042.635,1042.765,"t"
"PronTokAlign",1042.765,1042.855,"E-z=0.436"
"PronTokAlign",1042.855,1043.2050000000002,"Z-a~-R=0.645"
"PronTokAlign",1043.2050000000002,1043.755,"U~/-k-R-w-A/-j-A/-b-l-@=0.539"
"PronTokAlign",1043.755,1044.225,"#=0.0"
"PronTokAlign",1044.225,1044.475,"m-e-z=0.522"
"PronTokAlign",1044.475,1044.865,"fp"
"PronTokAlign",1044.865,1046.585,"#=0.0"
"PronTokAlign",1046.585,1046.645,"A/"
"PronTokAlign",1046.645,1046.855,"w-E"
"PronTokAlign",1046.855,1047.025,"A/"
"PronTokAlign",1047.025,1047.305,"w-E"
"PronTokAlign",1047.305,1047.435,"s-e"
"PronTokAlign",1047.435,1047.755,"U~/-k-R-w-A/-j-A/-b-l=0.99"
"PronTokAlign",1047.755,1048.005,"#=0.0"
"PronTokAlign",1048.005,1048.045,"d=0.654"
"PronTokAlign",1048.045,1048.305,"k-u"
"PronTokAlign",1048.305,1048.4550000000002,"fp"
"PronTokAlign",1048.4550000000002,1048.745,"w-E"
"PronTokAlign",1048.745,1048.825,"f=0.868"
"PronTokAlign",1048.825,1049.015,"p-R-a~-d-R=0.799"
"PronTokAlign",1049.015,1049.2050000000002,"U~/=0.827"
"PronTokAlign",1049.2050000000002,1049.345,"p-2"
"PronTokAlign",1049.345,1049.805,"d-i-v-E-R=0.58"
"PronTokAlign",1049.805,1050.055,"d-y-k-u"
"PronTokAlign",1050.055,1050.215,"m-w-A/"
"PronTokAlign",1050.215,1050.475,"s-i-n-O~"
"PronTokAlign",1050.475,1050.625,"s=0.776"
"PronTokAlign",1050.625,1050.715,"t=0.446"
"PronTokAlign",1050.715,1050.8950000000002,"f-e=0.568"
"PronTokAlign",1050.8950000000002,1051.075,"k-@=0.929"
"PronTokAlign",1051.075,1051.105,"d=0.406"
"PronTokAlign",1051.105,1051.275,"t-R-y-k=0.916"
"PronTokAlign",1051.275,1051.585,"Z-a~-R-@=0.645"
"PronTokAlign",1051.585,1052.1450000000002,"s-i-t-i-z-E-n"
"PronTokAlign",1052.1450000000002,1052.695,"k-a~-e=0.979"
"PronTokAlign",1052.695,1052.985,"#=0.0"
"PronTokAlign",1052.985,1053.3049999999998,"fp"
"PronTokAlign",1053.3049999999998,1053.415,"l-@=0.342"
"PronTokAlign",1053.415,1053.635,"s-E-t"
"PronTokAlign",1053.635,1054.3149999999998,"s-A/-m-u-R-A/-j=0.785"
"PronTokAlign",1054.3149999999998,1054.5749999999998,"d-e=0.31"
"PronTokAlign",1054.5749999999998,1054.735,"t-R-y-k=0.709"
"PronTokAlign",1054.735,1054.765,"d=0.625"
"PronTokAlign",1054.765,1055.115,"Z-a~-R-@=0.852"
"PronTokAlign",1055.115,1055.303438,"p-f"
"PronTokAlign",1055.303438,1058.07,"#=0.0"
"PronTokAlign",1058.07,1058.585,"n-O~-n=0.626"
"PronTokAlign",1058.585,1059.245,"#=0.0"
"PronTokAlign",1059.245,1059.3549999999998,"m-E=0.376"
"PronTokAlign",1059.3549999999998,1059.485,"n-a~"
"PronTokAlign",1059.485,1059.5749999999998,"l-@=0.313"
"PronTokAlign",1059.5749999999998,1059.765,"s-E-t"
"PronTokAlign",1059.765,1060.195,"s-A/-m-u-R-A/-j=0.797"
"PronTokAlign",1060.195,1060.225,"Z=0.631"
"PronTokAlign",1060.225,1060.3149999999998,"a~"
"PronTokAlign",1060.3149999999998,1060.505,"p-E-R"
"PronTokAlign",1060.505,1060.8149999999998,"R-j-U~/=0.779"
"PronTokAlign",1060.8149999999998,1060.8449999999998,"t=0.402"
"PronTokAlign",1060.8449999999998,1060.875,"A/=0.582"
"PronTokAlign",1060.875,1061.015,"v-y"
"PronTokAlign",1061.015,1061.0749999999998,"l-@=0.315"
"PronTokAlign",1061.0749999999998,1061.235,"s-E-t"
"PronTokAlign",1061.235,1061.705,"s-A/-m-u-R-A/-j=0.863"
"PronTokAlign",1061.705,1061.945,"d-a~-z=0.719"
"PronTokAlign",1061.945,1062.035,"l"
"PronTokAlign",1062.035,1062.3649999999998,"E-S-E-l=0.474"
"PronTokAlign",1062.3649999999998,1063.03,"m-O~-d-j-A/-l-@=0.972"
"PronTokAlign",1063.03,1072.48,"#=0.0"
"PronTokAlign",1072.48,1072.55,"w-E"
"PronTokAlign",1072.55,1073.09,"b-U~/=0.889"
"PronTokAlign",1073.09,1073.52,"fp"
"PronTokAlign",1073.52,1074.705,"#=0.0"
"PronTokAlign",1074.705,1075.005,"w-i=0.601"
"PronTokAlign",1075.005,1075.275,"u-i=0.583"
"PronTokAlign",1075.275,1075.57,"u-i=0.613"
"PronTokAlign",1075.57,1079.11,"#=0.0"
"PronTokAlign",1079.11,1079.43,"w-i=0.611"
"PronTokAlign",1079.43,1079.595,"#=0.0"
"PronTokAlign",1079.595,1080.055,"p-l-y-s=0.965"
"PronTokAlign",1080.055,1080.275,"m-E=0.546"
"PronTokAlign",1080.275,1080.71,"m-E-m-@=0.98"
"PronTokAlign",1080.71,1091.405175,"#=0.0"
"PronTokAlign",1091.405175,1091.7851750000002,"laugh"
"PronTokAlign",1091.7851750000002,1091.8151750000002,"t=0.473"
"PronTokAlign",1091.8151750000002,1092.2851750000002,"R-2-g-A/-R-d-2=0.725"
"PronTokAlign",1092.2851750000002,1092.415175,"m-E=0.63"
"PronTokAlign",1092.415175,1092.8251750000002,"n-O/-t-@=0.605"
"PronTokAlign",1092.8251750000002,1092.981802,"laugh"
"PronTokAlign",1092.981802,1109.045,"#=0.0"
"PronTokAlign",1109.045,1109.225,"b-E=0.66"
"PronTokAlign",1109.225,1109.785,"Z-y-s-t-2-m-a~=0.824"
"PronTokAlign",1109.785,1110.32,"Z-y-s-t-2-m-a~=0.877"
"PronTokAlign",1110.32,1112.7,"#=0.0"
"PronTokAlign",1112.7,1113.23,"A/"
"PronTokAlign",1113.23,1113.72,"w-E"
"PronTokAlign",1113.72,1113.82,"m=0.511"
"PronTokAlign",1113.82,1113.96,"l-@=0.568"
"PronTokAlign",1113.96,1114.54,"p-@-t-i=0.524"
"PronTokAlign",1114.54,1114.73,"b-U~/=0.674"
"PronTokAlign",1114.73,1114.95,"b-E=0.482"
"PronTokAlign",1114.95,1115.92,"Z-y-s-t-2-m-a~=0.853"
"PronTokAlign",1115.92,1116.04,"O~=0.686"
"PronTokAlign",1116.04,1116.26,"p-2-t=0.744"
"PronTokAlign",1116.26,1116.38,"f-E-R=0.835"
"PronTokAlign",1116.38,1116.5,"U~/=0.89"
"PronTokAlign",1116.5,1117.96,"t-R-A/-k-2-n-A/-R"
"PronTokAlign",1117.96,1118.01,"O~=0.864"
"PronTokAlign",1118.01,1118.18,"l-9-R"
"PronTokAlign",1118.18,1118.46,"m-E-t=0.423"
"PronTokAlign",1118.46,1118.59,"O~=0.864"
"PronTokAlign",1118.59,1118.72,"l-9-R"
"PronTokAlign",1118.72,1118.86,"m-E=0.378"
"PronTokAlign",1118.86,1119.09,"d-2=0.603"
"PronTokAlign",1119.09,1119.8300000000002,"f-i-l-m=0.522"
"PronTokAlign",1119.8300000000002,1120.23,"Z-a~-R-@=0.629"
"PronTokAlign",1120.23,1120.64,"k-O/-n-y"
"PronTokAlign",1120.64,1121.24,"k-l-A/-s-i-k=0.846"
"PronTokAlign",1121.24,1121.28,"k=0.628"
"PronTokAlign",1121.28,1121.47,"t-y=0.44"
"PronTokAlign",1121.47,1121.71,"s-e=0.523"
"PronTokAlign",1121.71,1121.74,"k=0.795"
"PronTokAlign",1121.74,1121.88,"s-A/=0.713"
"PronTokAlign",1121.88,1121.99,"v-A/"
"PronTokAlign",1121.99,1122.3,"A/-t-i-R-e=0.707"
"PronTokAlign",1122.3,1122.41,"l-E=0.283"
"PronTokAlign",1122.41,1122.63,"Z-a~=0.87"
"PronTokAlign",1122.63,1122.75,"e=0.861"
"PronTokAlign",1122.75,1122.88,"O/"
"PronTokAlign",1122.88,1123.38,"m-i-l-j-@"
"PronTokAlign",1123.38,1123.51,"l-A/"
"PronTokAlign",1123.51,1123.66,"t-j=0.366"
"PronTokAlign",1123.66,1123.73,"m-E=0.568"
"PronTokAlign",1123.73,1123.82,"U~/=0.897"
"PronTokAlign",1123.82,1124.07,"f-i-l-m=0.535"
"PronTokAlign",1124.07,1124.79,"R-y-s-@=0.689"
"PronTokAlign",1124.79,1124.88,"d=0.399"
"PronTokAlign",1124.88,1125.07,"A/-n-e=0.728"
"PronTokAlign",1125.07,1125.14,"E=0.55"
"PronTokAlign",1125.14,1125.94,"s-y-R"
"PronTokAlign",1125.94,1126.1,"U~/=0.896"
"PronTokAlign",1126.1,1126.76,"m-A/-l-a~-t-a~-d-y"
"PronTokAlign",1126.76,1126.82,"i-l=0.354"
"PronTokAlign",1126.82,1127.11,"R-E-s-t=0.812"
"PronTokAlign",1127.11,1127.16,"e=0.655"
"PronTokAlign",1127.16,1127.23,"i=0.538"
"PronTokAlign",1127.23,1127.26,"s=0.921"
"PronTokAlign",1127.26,1127.4,"d-i-z=0.706"
"PronTokAlign",1127.4,1127.56,"A/"
"PronTokAlign",1127.56,1127.66,"m-E=0.358"
"PronTokAlign",1127.66,1127.86,"s-e"
"PronTokAlign",1127.86,1128.04,"b-j-U~/=0.881"
"PronTokAlign",1128.04,1128.535,"a~-f-E-t=0.397"
"PronTokAlign",1128.535,1129.155,"#=0.0"
"PronTokAlign",1129.155,1129.225,"w-E"
"PronTokAlign",1129.225,1129.255,"m=0.83"
"PronTokAlign",1129.255,1130.055,"v-w-A/-l-A/=0.78"
"PronTokAlign",1130.055,1130.455,"v-A/-R-j-e"
"PronTokAlign",1130.455,1130.785,"p-u-R"
"PronTokAlign",1130.785,1130.970938,"fp"
"PronTokAlign",1130.970938,1134.125,"#=0.0"
"PronTokAlign",1134.125,1134.535,"v-w-A/-l-A/=0.782"
"PronTokAlign",1134.535,1134.885,"#"
"PronTokAlign",1134.885,1135.025,"e=0.917"
"PronTokAlign",1135.025,1135.195,"l-A/"
"PronTokAlign",1135.195,1135.365,"t-y=0.726"
"PronTokAlign",1135.365,1135.605,"m-E=0.541"
"PronTokAlign",1135.605,1136.065,"R-E-k-j-i-E-m"
"PronTokAlign",1136.065,1136.185,"p-u-R"
"PronTokAlign",1136.185,1136.235,"U~/=0.933"
"PronTokAlign",1136.235,1137.15,"m-A/-s-A/-k-R-@=0.846"
"PronTokAlign",1137.15,1137.702222,"laugh=0.0"
"PronTokAlign",1137.702222,1141.71,"#=0.0"
"PronTokAlign",1141.71,1141.96,"m-E=0.454"
"PronTokAlign",1141.96,1142.13,"u-i=0.629"
"PronTokAlign",1142.13,1142.71,"#"
"PronTokAlign",1142.71,1142.94,"m-E=0.732"
"PronTokAlign",1142.94,1143.04,"u-i=0.722"
"PronTokAlign",1143.04,1153.383018,"#=0.0"
"PronTokAlign",1153.383018,1153.483018,"u"
"PronTokAlign",1153.483018,1153.573018,"u"
"PronTokAlign",1153.573018,1154.108084,"A/-l-R=0.525"
"PronTokAlign",1154.108084,1158.94,"#=0.0"
"PronTokAlign",1158.94,1159.21,"w-E"
"PronTokAlign",1159.21,1159.31,"n-O/=0.392"
"PronTokAlign",1159.31,1159.55,"m-e-z=0.657"
"PronTokAlign",1159.55,1159.86,"Z-a~-R=0.919"
"PronTokAlign",1159.86,1159.93,"t=0.579"
"PronTokAlign",1159.93,1160.0800000000002,"p-@=0.831"
"PronTokAlign",1160.0800000000002,1160.785,"k-O/-S-e-R=0.999"
"PronTokAlign",1160.785,1160.87,"#=0.0"
"PronTokAlign",1160.87,1161.04,"p-A/=0.949"
"PronTokAlign",1161.04,1161.7199999999998,"O/-R-9-R"
"PronTokAlign",1161.7199999999998,1161.83,"#"
"PronTokAlign",1161.83,1162.31,"p-A/=0.776"
"PronTokAlign",1162.31,1162.6999999999998,"t-R-y-k"
"PronTokAlign",1162.6999999999998,1163.04,"t-R-e-z=0.402"
"PronTokAlign",1163.04,1163.52,"E-k-s-p-l-i-s-i-t=0.696"
"PronTokAlign",1163.52,1163.7299999999998,"d-y-k-u"
"PronTokAlign",1163.7299999999998,1163.88,"p-u-R"
"PronTokAlign",1163.88,1164.05,"A/-v-w-A/-R"
"PronTokAlign",1164.05,1164.41,"l-E-z=0.673"
"PronTokAlign",1164.41,1164.785,"a~-f-a~=0.972"
"PronTokAlign",1164.785,1165.545,"#=0.0"
"PronTokAlign",1165.545,1165.715,"w-E"
"PronTokAlign",1165.715,1165.875,"t-y=0.458"
"PronTokAlign",1165.875,1166.345,"p-u-R-e=0.376"
"PronTokAlign",1166.345,1166.485,"#"
"PronTokAlign",1166.485,1166.715,"w-E"
"PronTokAlign",1166.715,1167.224905,"#=0.0"
"PronTokAlign",1167.224905,1167.564905,"b-U~/=0.945"
"PronTokAlign",1167.564905,1167.701559,"u-i=0.78"
"PronTokAlign",1167.701559,1172.08,"#=0.0"
"PronTokAlign",1172.08,1172.1699999999998,"e=0.626"
"PronTokAlign",1172.1699999999998,1172.3,"t-y=0.506"
"PronTokAlign",1172.3,1172.48,"p-E=0.813"
"PronTokAlign",1172.48,1172.71,"m-w-U~/=0.845"
"PronTokAlign",1172.71,1173.225,"S-E-R"
"PronTokAlign",1173.225,1173.59,"#=0.0"
"PronTokAlign",1173.59,1173.93,"A/-l-e=0.63"
"PronTokAlign",1173.93,1174.26,"#=0.0"
"PronTokAlign",1174.26,1174.3,"laugh"
"PronTokAlign",1174.3,1175.01,"A/-l-e-R=0.904"
"PronTokAlign",1175.01,1175.07,"O~=0.735"
"PronTokAlign",1175.07,1175.25,"m-O~-t=0.619"
"PronTokAlign",1175.25,1175.36,"y-n=0.604"
"PronTokAlign",1175.36,1175.87,"A/-s-O/"
"PronTokAlign",1175.87,1179.91,"#=0.0"
"PronTokAlign",1179.91,1179.95,"t"
"PronTokAlign",1179.95,1179.98,"e=0.592"
"PronTokAlign",1179.98,1180.1,"k-w-A/"
"PronTokAlign",1180.1,1180.18,"t=0.498"
"PronTokAlign",1180.18,1180.3200000000002,"p-@=0.975"
"PronTokAlign",1180.3200000000002,1180.5,"A/-S-t-e=0.898"
"PronTokAlign",1180.5,1180.65,"d-e=0.358"
"PronTokAlign",1180.65,1180.86,"l-i-v-R=0.539"
"PronTokAlign",1180.86,1181.410625,"R-a~-d-O~=0.497"
"PronTokAlign",1181.410625,1193.295,"#=0.0"
"PronTokAlign",1193.295,1193.395,"A/"
"PronTokAlign",1193.395,1193.465,"t"
"PronTokAlign",1193.465,1193.505,"A/=0.835"
"PronTokAlign",1193.505,1193.645,"k-a~=0.714"
"PronTokAlign",1193.645,1193.815,"m-E-m=0.705"
"PronTokAlign",1193.815,1193.9550000000002,"U~/=0.561"
"PronTokAlign",1193.9550000000002,1194.095,"p-2"
"PronTokAlign",1194.095,1194.53,"fp"
"PronTokAlign",1194.53,1194.695,"#=0.0"
"PronTokAlign",1194.695,1195.112813,"O/-k-E=0.795"
"PronTokAlign",1195.112813,1197.95,"#=0.0"
"PronTokAlign",1197.95,1198.01,"e=0.578"
"PronTokAlign",1198.01,1198.2,"i-z=0.653"
"PronTokAlign",1198.2,1198.43,"s-O~=0.76"
"PronTokAlign",1198.43,1198.68,"m-w-U~/=0.875"
"PronTokAlign",1198.68,1198.92,"S-E-R=0.761"
"PronTokAlign",1198.92,1199.06,"k-@=0.557"
"PronTokAlign",1199.06,1199.19,"l-e=0.326"
"PronTokAlign",1199.19,1199.43,"l-i-v-R=0.627"
"PronTokAlign",1199.43,1200.15,"n-O/-R-m-O/=0.572"
"PronTokAlign",1200.15,1200.31,"u"
"PronTokAlign",1200.31,1200.61,"p-A/-z=0.71"
"PronTokAlign",1200.61,1200.75,"m-E-m=0.866"
"PronTokAlign",1200.75,1200.95,"p-A/=0.895"
"PronTokAlign",1200.95,1202.01,"#=0.0"
"PronTokAlign",1202.01,1202.15,"p-R-s=0.899"
"PronTokAlign",1202.15,1202.26,"k-@=0.762"
"PronTokAlign",1202.26,1202.48,"k-a~=0.9"
"PronTokAlign",1202.48,1202.74,"m-E-m=0.593"
"PronTokAlign",1202.74,1202.78,"d=0.56"
"PronTokAlign",1202.78,1203.11,"A/-b-i-t-y-d=0.781"
"PronTokAlign",1203.11,1203.26,"k-a~=0.74"
"PronTokAlign",1203.26,1203.43,"s-e"
"PronTokAlign",1203.43,1203.76,"Z-a~-R=0.855"
"PronTokAlign",1203.76,1204.31,"A/-l-E-A/-t-w-A/-R=0.713"
"PronTokAlign",1204.31,1204.41,"v-y"
"PronTokAlign",1204.41,1204.46,"k"
"PronTokAlign",1204.46,1204.49,"j=0.588"
"PronTokAlign",1204.49,1204.52,"A/"
"PronTokAlign",1204.52,1204.61,"y-n=0.814"
"PronTokAlign",1204.61,1204.94,"S-a~-s=0.828"
"PronTokAlign",1204.94,1205.12,"k-@=0.655"
"PronTokAlign",1205.12,1205.3,"s-A/=0.708"
"PronTokAlign",1205.3,1205.39,"t=0.556"
"PronTokAlign",1205.39,1205.55,"p-l-E"
"PronTokAlign",1205.55,1205.71,"p-A/=0.873"
"PronTokAlign",1205.71,1205.85,"d-y=0.969"
"PronTokAlign",1205.85,1206.15,"t-u-t=0.815"
"PronTokAlign",1206.15,1206.37,"#"
"PronTokAlign",1206.37,1206.52,"t-y=0.398"
"PronTokAlign",1206.52,1206.65,"p-E=0.865"
"PronTokAlign",1206.65,1206.83,"m-w-U~/=0.848"
"PronTokAlign",1206.83,1207.165,"S-E-R"
"PronTokAlign",1207.165,1208.14,"#=0.0"
"PronTokAlign",1208.14,1208.465,"w-E"
"PronTokAlign",1208.465,1210.285,"#=0.0"
"PronTokAlign",1210.285,1210.4450000000002,"b-E=0.608"
"PronTokAlign",1210.4450000000002,1210.535,"w-E"
"PronTokAlign",1210.535,1210.6850000000002,"m-E=0.426"
"PronTokAlign",1210.6850000000002,1210.835,"s-e"
"PronTokAlign",1210.835,1211.355,"Z-y-s-t-2-m-a~=0.851"
"PronTokAlign",1211.355,1211.4550000000002,"s-e"
"PronTokAlign",1211.4550000000002,1211.515,"U~/=0.837"
"PronTokAlign",1211.515,1211.885,"t-R-y-k"
"PronTokAlign",1211.885,1211.9150000000002,"#"
"PronTokAlign",1211.9150000000002,1212.1950000000002,"a~"
"PronTokAlign",1212.1950000000002,1213.155,"Z-E-n-E-R-A/-l=0.919"
"PronTokAlign",1213.155,1213.495,"l-e-z=0.745"
"PronTokAlign",1213.495,1213.9250000000002,"a~-t-R-2-p-R-i-z"
"PronTokAlign",1213.9250000000002,1213.985,"E-l=0.699"
"PronTokAlign",1213.985,1214.105,"f-O~=0.765"
"PronTokAlign",1214.105,1214.245,"s-A/=0.901"
"PronTokAlign",1214.245,1214.4250000000002,"p-u-R"
"PronTokAlign",1214.4250000000002,1214.4550000000002,"d=0.314"
"PronTokAlign",1214.4550000000002,1214.655,"t-R-y-k=0.771"
"PronTokAlign",1214.655,1214.735,"k"
"PronTokAlign",1214.735,1215.055,"i-l=0.359"
"PronTokAlign",1215.055,1215.575,"v-a~-d-2-t=0.74"
"PronTokAlign",1215.575,1215.725,"p-A/=0.535"
"PronTokAlign",1215.725,1216.595,"t-R-O/-p=0.912"
"PronTokAlign",1216.595,1216.6850000000002,"b-j-U~/=0.96"
"PronTokAlign",1216.6850000000002,1216.765,"d-y=0.593"
"PronTokAlign",1216.765,1216.985,"k-u"
"PronTokAlign",1216.985,1217.155,"s-e"
"PronTokAlign",1217.155,1217.265,"U~/=0.869"
"PronTokAlign",1217.265,1217.4550000000002,"m-w-A/-j-E=0.484"
"PronTokAlign",1217.4550000000002,1217.485,"d=0.742"
"PronTokAlign",1217.485,1217.585,"U~/=0.579"
"PronTokAlign",1217.585,1217.6950000000002,"p-2"
"PronTokAlign",1217.6950000000002,1217.855,"s-@=0.885"
"PronTokAlign",1217.855,1218.235,"d-E-b-A/-R-A/-s-e=0.941"
"PronTokAlign",1218.235,1218.285,"e=0.668"
"PronTokAlign",1218.285,1218.4450000000002,"d-y-k-u"
"PronTokAlign",1218.4450000000002,1218.575,"s-e"
"PronTokAlign",1218.575,1218.845,"m-w-U~/=0.907"
"PronTokAlign",1218.845,1219.055,"S-E-R"
"PronTokAlign",1219.055,1219.515,"#=0.0"
"PronTokAlign",1219.515,1219.6450000000002,"A/"
"PronTokAlign",1219.6450000000002,1219.9050000000002,"O/-k-e=0.56"
"PronTokAlign",1219.9050000000002,1220.045,"s-e"
"PronTokAlign",1220.045,1220.365,"v-R-E-m-a~=0.377"
"PronTokAlign",1220.365,1220.6,"O/-k-E=0.563"
"PronTokAlign",1220.6,1223.835,"#=0.0"
"PronTokAlign",1223.835,1224.595,"fp=0.0"
"PronTokAlign",1224.595,1225.0,"#=0.0"
"PronTokAlign",1225.0,1225.44,"O/-k-E=0.855"
"PronTokAlign",1225.44,1225.63,"b-E=0.646"
"PronTokAlign",1225.63,1226.06,"Z-@"
"PronTokAlign",1226.06,1226.25,"d-y-k-u"
"PronTokAlign",1226.25,1226.31,"S=0.522"
"PronTokAlign",1226.31,1226.54,"k-R-w-A/=0.823"
"PronTokAlign",1226.54,1226.57,"k"
"PronTokAlign",1226.57,1226.6,"O~=0.598"
"PronTokAlign",1226.6,1226.77,"E=0.476"
"PronTokAlign",1226.77,1226.94,"s-y-R"
"PronTokAlign",1226.94,1227.03,"l-A/"
"PronTokAlign",1227.03,1227.41,"f-U~/=0.998"
"PronTokAlign",1227.41,1227.69,"l-A/"
"PronTokAlign",1227.69,1227.77,"l-A/"
"PronTokAlign",1227.77,1227.95,"f-U~/=0.911"
"PronTokAlign",1227.95,1227.98,"d=0.467"
"PronTokAlign",1227.98,1228.1,"l-A/"
"PronTokAlign",1228.1,1228.36,"f-U~/=0.98"
"PronTokAlign",1228.36,1228.55,"m=0.404"
"PronTokAlign",1228.55,1229.36,"fp"
"PronTokAlign",1229.36,1229.54,"w-E"
"PronTokAlign",1229.54,1229.6,"S=0.523"
"PronTokAlign",1229.6,1229.78,"p-a~-s=0.802"
"PronTokAlign",1229.78,1229.81,"k"
"PronTokAlign",1229.81,1229.87,"O~=0.518"
"PronTokAlign",1229.87,1229.95,"A/"
"PronTokAlign",1229.95,1230.1,"b-j-U~/=0.553"
"PronTokAlign",1230.1,1230.62,"d-i-s-k-y-t-e"
"PronTokAlign",1230.62,1230.7,"d-y=0.746"
"PronTokAlign",1230.7,1230.78,"k-u"
"PronTokAlign",1230.78,1230.81,"O~=0.731"
"PronTokAlign",1230.81,1230.89,"A/"
"PronTokAlign",1230.89,1231.08,"S-w-A/-z-i"
"PronTokAlign",1231.08,1231.11,"k=0.991"
"PronTokAlign",1231.11,1231.26,"s-t-e=0.367"
"PronTokAlign",1231.26,1232.17,"k-l-A/-s-i-k=0.672"
"PronTokAlign",1232.17,1232.235,"laugh"
"PronTokAlign",1232.235,1232.866081,"#=0.0"
"PronTokAlign",1232.866081,1233.285,"laugh=0.0"
"PronTokAlign",1233.285,1233.4450000000002,"e=0.624"
"PronTokAlign",1233.4450000000002,1233.605,"O~-n=0.66"
"PronTokAlign",1233.605,1233.6650000000002,"A/"
"PronTokAlign",1233.6650000000002,1233.795,"p-A/=0.769"
"PronTokAlign",1233.795,1233.965,"t-R-O/=0.824"
"PronTokAlign",1233.965,1234.045,"f-E=0.617"
"PronTokAlign",1234.045,1234.135,"l-A/"
"PronTokAlign",1234.135,1234.79,"d-e-s-i-z-j-O~=0.642"
"PronTokAlign",1234.79,1235.105,"#=0.0"
"PronTokAlign",1235.105,1235.45,"fp=0.0"
"PronTokAlign",1235.45,1242.662508,"#=0.0"
"PronTokAlign",1242.662508,1243.139162,"w-E"
"PronTokAlign",1243.139162,1248.56,"#=0.0"
"PronTokAlign",1248.56,1248.66,"b-U~/=0.713"
"PronTokAlign",1248.66,1248.81,"m-w-A/"
"PronTokAlign",1248.81,1248.84,"Z=0.62"
"PronTokAlign",1248.84,1248.98,"A/-v-E=0.611"
"PronTokAlign",1248.98,1249.29,"k-O~-p-R-i=0.843"
"PronTokAlign",1249.29,1249.46,"s-A/=0.974"
"PronTokAlign",1249.46,1249.55,"m-w-A/"
"PronTokAlign",1249.55,1249.75,"s-t-e=0.383"
"PronTokAlign",1249.75,1250.2,"k-l-A/-s-i-k=0.915"
"PronTokAlign",1250.2,1250.58,"Z-a~-R=0.798"
"PronTokAlign",1250.58,1250.9199999999998,"fp"
"PronTokAlign",1250.9199999999998,1251.21,"l-e=0.654"
"PronTokAlign",1251.21,1251.33,"l-@=0.278"
"PronTokAlign",1251.33,1251.75,"f-i-l-m=0.704"
"PronTokAlign",1251.75,1252.5,"#"
"PronTokAlign",1252.5,1253.11,"b-U~/=0.888"
"PronTokAlign",1253.11,1253.14,"fp"
"PronTokAlign",1253.14,1253.5,"Z-a~-R=0.718"
"PronTokAlign",1253.5,1253.61,"l-e=0.268"
"PronTokAlign",1253.61,1253.85,"p-l-y-z=0.515"
"PronTokAlign",1253.85,1254.07,"g-R-a~=0.662"
"PronTokAlign",1254.07,1254.6699999999998,"f-i-l-m-z=0.718"
"PronTokAlign",1254.6699999999998,1254.8,"d=0.72"
"PronTokAlign",1254.8,1255.08,"A/-v-a~=0.796"
"PronTokAlign",1255.08,1255.71,"s-w-A/-s-a~-t-d-i-z=0.533"
"PronTokAlign",1255.71,1255.87,"Z-a~-R=0.869"
"PronTokAlign",1255.87,1255.97,"a~"
"PronTokAlign",1255.97,1256.37,"g-R-O/=0.689"
"PronTokAlign",1256.37,1256.48,"l-A/"
"PronTokAlign",1256.48,1256.9299999999998,"Z-E-n-E-R-A/-s-j-O~=0.6"
"PronTokAlign",1256.9299999999998,1256.98,"U~/=0.812"
"PronTokAlign",1256.98,1257.12,"p-2"
"PronTokAlign",1257.12,1257.1699999999998,"d=0.687"
"PronTokAlign",1257.1699999999998,1257.41,"A/-v-a~=0.694"
"PronTokAlign",1257.41,1257.48,"d-E=0.308"
"PronTokAlign",1257.48,1257.965,"f-i-l-m-z=0.829"
