"PhonAlign",0.0,4.36,"#"
"PhonAlign",4.36,4.57,"m"
"PhonAlign",4.57,4.84,"m"
"PhonAlign",4.84,15.480293,"#"
"PhonAlign",15.480293,16.54761,"laugh"
"PhonAlign",16.54761,19.701563,"#"
"PhonAlign",19.701563,19.941563,"fp"
"PhonAlign",19.941563,20.031563,"b"
"PhonAlign",20.031563,20.101563,"U~/"
"PhonAlign",20.101563,20.201563,"s"
"PhonAlign",20.201563,20.241563,"t"
"PhonAlign",20.241563,20.271563,"A/"
"PhonAlign",20.271563,20.351563,"d"
"PhonAlign",20.351563,20.381563,"i"
"PhonAlign",20.381563,20.451563,"R"
"PhonAlign",20.451563,20.521563,"k"
"PhonAlign",20.521563,20.681563,"O~"
"PhonAlign",20.681563,20.721563,"d"
"PhonAlign",20.721563,20.761563,"w"
"PhonAlign",20.761563,20.811563,"A/"
"PhonAlign",20.811563,20.911563,"f"
"PhonAlign",20.911563,21.041563,"E"
"PhonAlign",21.041563,21.141563,"R"
"PhonAlign",21.141563,21.181563,"d"
"PhonAlign",21.181563,21.271563,"y"
"PhonAlign",21.271563,21.451563,"k"
"PhonAlign",21.451563,21.571563,"u"
"PhonAlign",21.571563,21.741563,"U~/"
"PhonAlign",21.741563,21.771563,"U~/"
"PhonAlign",21.771563,21.981563,"R"
"PhonAlign",21.981563,22.021563,"2"
"PhonAlign",22.021563,22.101563,"p"
"PhonAlign",22.101563,22.161563,"O/"
"PhonAlign",22.161563,22.301563,"R"
"PhonAlign",22.301563,22.381563,"i"
"PhonAlign",22.381563,22.411563,"n"
"PhonAlign",22.411563,22.441563,"g"
"PhonAlign",22.441563,22.471563,"l"
"PhonAlign",22.471563,22.571563,"A/"
"PhonAlign",22.571563,22.701563,"s"
"PhonAlign",22.701563,22.731563,"y"
"PhonAlign",22.731563,22.821563,"R"
"PhonAlign",22.821563,22.861563,"U~/"
"PhonAlign",22.861563,22.951563,"R"
"PhonAlign",22.951563,22.991563,"t"
"PhonAlign",22.991563,23.091563,"u"
"PhonAlign",23.091563,23.121563,"R"
"PhonAlign",23.121563,23.161563,"d"
"PhonAlign",23.161563,23.191563,"E"
"PhonAlign",23.191563,23.521563,"s"
"PhonAlign",23.521563,23.581563,"p"
"PhonAlign",23.581563,23.721563,"e"
"PhonAlign",23.721563,23.901563,"R"
"PhonAlign",23.901563,23.931563,"j"
"PhonAlign",23.931563,24.131563,"a~"
"PhonAlign",24.131563,24.291563,"s"
"PhonAlign",24.291563,24.341563,"s"
"PhonAlign",24.341563,24.371563,"y"
"PhonAlign",24.371563,24.421563,"R"
"PhonAlign",24.421563,24.501563,"E"
"PhonAlign",24.501563,24.541563,"v"
"PhonAlign",24.541563,24.611563,"E"
"PhonAlign",24.611563,24.661563,"n"
"PhonAlign",24.661563,24.701563,"2"
"PhonAlign",24.701563,24.741563,"m"
"PhonAlign",24.741563,24.881563,"a~"
"PhonAlign",24.881563,24.951563,"m"
"PhonAlign",24.951563,25.031563,"E"
"PhonAlign",25.031563,25.121563,"s"
"PhonAlign",25.121563,25.171563,"k"
"PhonAlign",25.171563,25.241563,"O~"
"PhonAlign",25.241563,25.311563,"E"
"PhonAlign",25.311563,25.401563,"s"
"PhonAlign",25.401563,25.461563,"a~"
"PhonAlign",25.461563,25.601563,"s"
"PhonAlign",25.601563,25.661563,"e"
"PhonAlign",25.661563,25.831563,"Z"
"PhonAlign",25.831563,25.861563,"y"
"PhonAlign",25.861563,25.961563,"s"
"PhonAlign",25.961563,26.031563,"t"
"PhonAlign",26.031563,26.141563,"p"
"PhonAlign",26.141563,26.281563,"A/"
"PhonAlign",26.281563,26.311563,"R"
"PhonAlign",26.311563,26.341563,"l"
"PhonAlign",26.341563,26.421563,"e"
"PhonAlign",26.421563,26.481563,"d"
"PhonAlign",26.481563,26.561563,"@"
"PhonAlign",26.561563,26.761563,"s"
"PhonAlign",26.761563,27.121563,"e"
"PhonAlign",27.121563,27.38,"z"
"PhonAlign",27.38,27.875,"#"
"PhonAlign",27.875,27.995,"s"
"PhonAlign",27.995,28.055,"e"
"PhonAlign",28.055,28.125,"t"
"PhonAlign",28.125,28.195,"E"
"PhonAlign",28.195,28.245,"m"
"PhonAlign",28.245,28.295,"A/"
"PhonAlign",28.295,28.405,"t"
"PhonAlign",28.405,28.525,"i"
"PhonAlign",28.525,28.585,"k"
"PhonAlign",28.585,28.615,"l"
"PhonAlign",28.615,28.795,"A/"
"PhonAlign",28.795,28.935,"u"
"PhonAlign",28.935,28.965,"e"
"PhonAlign",28.965,29.165,"s"
"PhonAlign",29.165,29.525,"2"
"PhonAlign",29.525,29.555,"k"
"PhonAlign",29.555,29.595,"2"
"PhonAlign",29.595,29.73,"#"
"PhonAlign",29.73,29.79,"u"
"PhonAlign",29.79,29.89,"i"
"PhonAlign",29.89,29.95,"a~"
"PhonAlign",29.95,30.01,"f"
"PhonAlign",30.01,30.08,"E"
"PhonAlign",30.08,30.18,"s"
"PhonAlign",30.18,30.21,"e"
"PhonAlign",30.21,30.32,"s"
"PhonAlign",30.32,30.48,"A/"
"PhonAlign",30.48,43.82,"#"
"PhonAlign",43.82,44.0,"s"
"PhonAlign",44.0,44.05,"y"
"PhonAlign",44.05,44.09,"R"
"PhonAlign",44.09,44.21,"s"
"PhonAlign",44.21,44.24,"E"
"PhonAlign",44.24,44.28,"l"
"PhonAlign",44.28,44.406563,"@"
"PhonAlign",44.406563,48.375,"#"
"PhonAlign",48.375,48.425,"d"
"PhonAlign",48.425,48.465,"A/"
"PhonAlign",48.465,48.555,"k"
"PhonAlign",48.555,48.605,"O/"
"PhonAlign",48.605,48.760313,"R"
"PhonAlign",48.760313,51.696563,"#"
"PhonAlign",51.696563,51.836563,"O/"
"PhonAlign",51.836563,51.906563,"k"
"PhonAlign",51.906563,52.000313,"e"
"PhonAlign",52.000313,54.210938,"#"
"PhonAlign",54.210938,54.250938,"u"
"PhonAlign",54.250938,54.330938,"i"
"PhonAlign",54.330938,54.410938,"u"
"PhonAlign",54.410938,54.440938,"i"
"PhonAlign",54.440938,54.670938,"u"
"PhonAlign",54.670938,54.720938,"i"
"PhonAlign",54.720938,54.790938,"m"
"PhonAlign",54.790938,54.910938,"Z"
"PhonAlign",54.910938,54.960938,"@"
"PhonAlign",54.960938,54.990938,"p"
"PhonAlign",54.990938,55.080938,"a~"
"PhonAlign",55.080938,55.130938,"s"
"PhonAlign",55.130938,55.180938,"k"
"PhonAlign",55.180938,55.220938,"@"
"PhonAlign",55.220938,55.350938,"s"
"PhonAlign",55.350938,55.420938,"O~"
"PhonAlign",55.420938,55.460938,"n"
"PhonAlign",55.460938,55.520938,"A/"
"PhonAlign",55.520938,55.550938,"p"
"PhonAlign",55.550938,55.670938,"A/"
"PhonAlign",55.670938,55.720938,"d"
"PhonAlign",55.720938,55.880938,"@"
"PhonAlign",55.880938,55.930938,"d"
"PhonAlign",55.930938,56.100938,"@"
"PhonAlign",56.100938,56.140938,"d"
"PhonAlign",56.140938,56.200938,"@"
"PhonAlign",56.200938,56.350938,"s"
"PhonAlign",56.350938,56.420938,"y"
"PhonAlign",56.420938,56.470938,"p"
"PhonAlign",56.470938,56.540938,"O/"
"PhonAlign",56.540938,56.600938,"R"
"PhonAlign",56.600938,56.690938,"s"
"PhonAlign",56.690938,56.750938,"e"
"PhonAlign",56.750938,56.830938,"k"
"PhonAlign",56.830938,56.910938,"@"
"PhonAlign",56.910938,56.950938,"d"
"PhonAlign",56.950938,56.980938,"t"
"PhonAlign",56.980938,57.010938,"u"
"PhonAlign",57.010938,57.120938,"t"
"PhonAlign",57.120938,57.180938,"f"
"PhonAlign",57.180938,57.220938,"A/"
"PhonAlign",57.220938,57.350938,"s"
"PhonAlign",57.350938,57.490938,"O~"
"PhonAlign",57.490938,57.570938,"f"
"PhonAlign",57.570938,57.630938,"E"
"PhonAlign",57.630938,57.680938,"k"
"PhonAlign",57.680938,57.730938,"t"
"PhonAlign",57.730938,57.780938,"i"
"PhonAlign",57.780938,57.810938,"v"
"PhonAlign",57.810938,57.840938,"m"
"PhonAlign",57.840938,57.920938,"a~"
"PhonAlign",57.920938,58.100938,"s"
"PhonAlign",58.100938,58.240938,"e"
"PhonAlign",58.240938,58.420938,"s"
"PhonAlign",58.420938,58.450938,"e"
"PhonAlign",58.450938,58.530938,"p"
"PhonAlign",58.530938,58.670938,"A/"
"PhonAlign",58.670938,58.700938,"R"
"PhonAlign",58.700938,58.730938,"A/"
"PhonAlign",58.730938,58.760938,"p"
"PhonAlign",58.760938,58.860938,"O/"
"PhonAlign",58.860938,58.890938,"R"
"PhonAlign",58.890938,58.920938,"A/"
"PhonAlign",58.920938,58.950938,"n"
"PhonAlign",58.950938,58.980938,"O/"
"PhonAlign",58.980938,59.040938,"z"
"PhonAlign",59.040938,59.080938,"E"
"PhonAlign",59.080938,59.110938,"k"
"PhonAlign",59.110938,59.140938,"s"
"PhonAlign",59.140938,59.170938,"p"
"PhonAlign",59.170938,59.200938,"e"
"PhonAlign",59.200938,59.230938,"R"
"PhonAlign",59.230938,59.260938,"j"
"PhonAlign",59.260938,59.320938,"a~"
"PhonAlign",59.320938,59.390938,"s"
"PhonAlign",59.390938,59.430938,"p"
"PhonAlign",59.430938,59.470938,"E"
"PhonAlign",59.470938,59.500938,"R"
"PhonAlign",59.500938,59.590938,"s"
"PhonAlign",59.590938,59.640938,"O/"
"PhonAlign",59.640938,59.690938,"n"
"PhonAlign",59.690938,59.740938,"E"
"PhonAlign",59.740938,59.800938,"l"
"PhonAlign",59.800938,59.89,"@"
"PhonAlign",59.89,61.95,"#"
"PhonAlign",61.95,62.675,"fp"
"PhonAlign",62.675,63.115,"#"
"PhonAlign",63.115,63.175,"b"
"PhonAlign",63.175,63.205000000000005,"E"
"PhonAlign",63.205000000000005,63.295,"Z"
"PhonAlign",63.295,63.325,"p"
"PhonAlign",63.325,63.355,"@"
"PhonAlign",63.355,63.395,"k"
"PhonAlign",63.395,63.525,"O/"
"PhonAlign",63.525,63.565000000000005,"m"
"PhonAlign",63.565000000000005,63.625,"a~"
"PhonAlign",63.625,63.725,"s"
"PhonAlign",63.725,63.755,"e"
"PhonAlign",63.755,63.865,"s"
"PhonAlign",63.865,63.895,"v"
"PhonAlign",63.895,63.965,"u"
"PhonAlign",63.965,63.995000000000005,"v"
"PhonAlign",63.995000000000005,64.08500000000001,"u"
"PhonAlign",64.08500000000001,64.11500000000001,"l"
"PhonAlign",64.11500000000001,64.234688,"e"
"PhonAlign",64.234688,66.01,"#"
"PhonAlign",66.01,67.05,"fp"
"PhonAlign",67.05,67.32,"#"
"PhonAlign",67.32,67.38,"A/"
"PhonAlign",67.38,67.41,"l"
"PhonAlign",67.41,67.47,"O/"
"PhonAlign",67.47,67.58,"R"
"PhonAlign",67.58,67.63,"p"
"PhonAlign",67.63,67.69,"u"
"PhonAlign",67.69,67.72,"R"
"PhonAlign",67.72,67.75,"t"
"PhonAlign",67.75,67.77999999999999,"u"
"PhonAlign",67.77999999999999,67.92999999999999,"t"
"PhonAlign",67.92999999999999,68.00999999999999,"s"
"PhonAlign",68.00999999999999,68.07,"k"
"PhonAlign",68.07,68.11999999999999,"j"
"PhonAlign",68.11999999999999,68.19,"E"
"PhonAlign",68.19,68.22,"R"
"PhonAlign",68.22,68.3,"E"
"PhonAlign",68.3,68.35,"z"
"PhonAlign",68.35,68.42999999999999,"O/"
"PhonAlign",68.42999999999999,68.52999999999999,"s"
"PhonAlign",68.52999999999999,68.58,"O/"
"PhonAlign",68.58,68.75999999999999,"s"
"PhonAlign",68.75999999999999,68.78999999999999,"j"
"PhonAlign",68.78999999999999,68.94,"O/"
"PhonAlign",68.94,68.99,"d"
"PhonAlign",68.99,69.13999999999999,"O~"
"PhonAlign",69.13999999999999,69.25,"k"
"PhonAlign",69.25,69.50999999999999,"fp"
"PhonAlign",69.50999999999999,69.6,"d"
"PhonAlign",69.6,69.74,"O~"
"PhonAlign",69.74,69.88,"k"
"PhonAlign",69.88,70.02999999999999,"g"
"PhonAlign",70.02999999999999,70.1,"A/"
"PhonAlign",70.1,70.16,"f"
"PhonAlign",70.16,70.27999999999999,"A/"
"PhonAlign",70.27999999999999,70.30999999999999,"m"
"PhonAlign",70.30999999999999,70.44999999999999,"s"
"PhonAlign",70.44999999999999,70.47999999999999,"e"
"PhonAlign",70.47999999999999,70.50999999999999,"m"
"PhonAlign",70.50999999999999,70.53999999999999,"A/"
"PhonAlign",70.53999999999999,70.57,"R"
"PhonAlign",70.57,70.75,"a~"
"PhonAlign",70.75,70.83999999999999,"s"
"PhonAlign",70.83999999999999,70.86999999999999,"e"
"PhonAlign",70.86999999999999,70.89999999999999,"d"
"PhonAlign",70.89999999999999,70.92999999999999,"R"
"PhonAlign",70.92999999999999,71.00999999999999,"O/"
"PhonAlign",71.00999999999999,71.03999999999999,"l"
"PhonAlign",71.03999999999999,71.07,"p"
"PhonAlign",71.07,71.11,"A/"
"PhonAlign",71.11,71.22999999999999,"s"
"PhonAlign",71.22999999999999,71.36,"k"
"PhonAlign",71.36,71.38999999999999,"@"
"PhonAlign",71.38999999999999,71.41999999999999,"p"
"PhonAlign",71.41999999999999,71.44999999999999,"A/"
"PhonAlign",71.44999999999999,71.57,"s"
"PhonAlign",71.57,71.63,"@"
"PhonAlign",71.63,71.66,"Z"
"PhonAlign",71.66,71.74,"@"
"PhonAlign",71.74,71.77,"n"
"PhonAlign",71.77,72.08999999999999,"@"
"PhonAlign",72.08999999999999,72.11999999999999,"k"
"PhonAlign",72.11999999999999,72.14999999999999,"O/"
"PhonAlign",72.14999999999999,72.17999999999999,"n"
"PhonAlign",72.17999999999999,72.21,"E"
"PhonAlign",72.21,72.25,"s"
"PhonAlign",72.25,72.32,"E"
"PhonAlign",72.32,72.52999999999999,"p"
"PhonAlign",72.52999999999999,72.55999999999999,"A/"
"PhonAlign",72.55999999999999,72.6,"z"
"PhonAlign",72.6,72.63,"l"
"PhonAlign",72.63,72.66,"l"
"PhonAlign",72.66,72.77999999999999,"s"
"PhonAlign",72.77999999999999,72.85,"O/"
"PhonAlign",72.85,72.88,"R"
"PhonAlign",72.88,72.91,"t"
"PhonAlign",72.91,72.94999999999999,"d"
"PhonAlign",72.94999999999999,73.00999999999999,"A/"
"PhonAlign",73.00999999999999,73.03999999999999,"k"
"PhonAlign",73.03999999999999,73.13999999999999,"R"
"PhonAlign",73.13999999999999,73.19999999999999,"O/"
"PhonAlign",73.19999999999999,73.32,"n"
"PhonAlign",73.32,73.35,"i"
"PhonAlign",73.35,73.41999999999999,"m"
"PhonAlign",73.41999999999999,73.47999999999999,"u"
"PhonAlign",73.47999999999999,73.75999999999999,"O~"
"PhonAlign",73.75999999999999,73.83,"n"
"PhonAlign",73.83,73.92999999999999,"u"
"PhonAlign",73.92999999999999,74.25999999999999,"O~"
"PhonAlign",74.25999999999999,74.30999999999999,"m"
"PhonAlign",74.30999999999999,74.36999999999999,"E"
"PhonAlign",74.36999999999999,74.41,"l"
"PhonAlign",74.41,74.47999999999999,"e"
"PhonAlign",74.47999999999999,74.53999999999999,"k"
"PhonAlign",74.53999999999999,74.63999999999999,"A/"
"PhonAlign",74.63999999999999,74.66999999999999,"t"
"PhonAlign",74.66999999999999,74.72999999999999,"R"
"PhonAlign",74.72999999999999,74.75999999999999,"A/"
"PhonAlign",74.75999999999999,74.78999999999999,"l"
"PhonAlign",74.78999999999999,74.82,"A/"
"PhonAlign",74.82,74.91,"s"
"PhonAlign",74.91,75.0,"y"
"PhonAlign",75.0,75.02999999999999,"i"
"PhonAlign",75.02999999999999,75.88999999999999,"t"
"PhonAlign",75.88999999999999,76.02,"fp"
"PhonAlign",76.02,76.05999999999999,"l"
"PhonAlign",76.05999999999999,76.10999999999999,"e"
"PhonAlign",76.10999999999999,76.24,"s"
"PhonAlign",76.24,76.32,"U~/"
"PhonAlign",76.32,76.38,"k"
"PhonAlign",76.38,76.41,"A/"
"PhonAlign",76.41,76.44,"l"
"PhonAlign",76.44,76.49,"A/"
"PhonAlign",76.49,76.6,"s"
"PhonAlign",76.6,76.67999999999999,"y"
"PhonAlign",76.67999999999999,76.71,"i"
"PhonAlign",76.71,77.36999999999999,"t"
"PhonAlign",77.36999999999999,77.55,"fp"
"PhonAlign",77.55,77.71,"m"
"PhonAlign",77.71,77.88,"w"
"PhonAlign",77.88,77.91,"A/"
"PhonAlign",77.91,77.99,"Z"
"PhonAlign",77.99,78.03,"e"
"PhonAlign",78.03,78.07,"y"
"PhonAlign",78.07,78.1,"n"
"PhonAlign",78.1,78.16,"E"
"PhonAlign",78.16,78.41999999999999,"k"
"PhonAlign",78.41999999999999,78.53,"s"
"PhonAlign",78.53,78.55999999999999,"p"
"PhonAlign",78.55999999999999,78.63,"E"
"PhonAlign",78.63,78.89999999999999,"R"
"PhonAlign",78.89999999999999,79.0,"j"
"PhonAlign",79.0,79.10999999999999,"a~"
"PhonAlign",79.10999999999999,79.32,"s"
"PhonAlign",79.32,80.13,"@"
"PhonAlign",80.13,80.21,"d"
"PhonAlign",80.21,80.24,"R"
"PhonAlign",80.24,80.28,"e"
"PhonAlign",80.28,80.30999999999999,"z"
"PhonAlign",80.30999999999999,80.41,"O/"
"PhonAlign",80.41,80.44999999999999,"z"
"PhonAlign",80.44999999999999,80.52,"s"
"PhonAlign",80.52,80.6,"O/"
"PhonAlign",80.6,80.75,"s"
"PhonAlign",80.75,80.80999999999999,"j"
"PhonAlign",80.80999999999999,80.96,"O/"
"PhonAlign",80.96,80.99,"a~"
"PhonAlign",80.99,81.16,"f"
"PhonAlign",81.16,81.21,"U~/"
"PhonAlign",81.21,81.33999999999999,"Z"
"PhonAlign",81.33999999999999,81.5,"s"
"PhonAlign",81.5,81.55999999999999,"y"
"PhonAlign",81.55999999999999,81.64999999999999,"i"
"PhonAlign",81.64999999999999,81.8,"Z"
"PhonAlign",81.8,81.83999999999999,"e"
"PhonAlign",81.83999999999999,82.0,"Z"
"PhonAlign",82.0,82.16999999999999,"e"
"PhonAlign",82.16999999999999,82.38999999999999,"S"
"PhonAlign",82.38999999999999,82.57,"E"
"PhonAlign",82.57,82.75999999999999,"fp"
"PhonAlign",82.75999999999999,82.96,"S"
"PhonAlign",82.96,82.99,"y"
"PhonAlign",82.99,83.03999999999999,"t"
"PhonAlign",83.03999999999999,83.07,"i"
"PhonAlign",83.07,83.10999999999999,"l"
"PhonAlign",83.10999999999999,83.14999999999999,"i"
"PhonAlign",83.14999999999999,83.17999999999999,"z"
"PhonAlign",83.17999999999999,83.21,"g"
"PhonAlign",83.21,83.24,"O/"
"PhonAlign",83.24,83.28,"O/"
"PhonAlign",83.28,83.30999999999999,"Z"
"PhonAlign",83.30999999999999,83.36999999999999,"l"
"PhonAlign",83.36999999999999,83.39999999999999,"b"
"PhonAlign",83.39999999999999,83.47,"j"
"PhonAlign",83.47,83.52,"U~/"
"PhonAlign",83.52,83.69,"s"
"PhonAlign",83.69,83.75999999999999,"y"
"PhonAlign",83.75999999999999,83.85,"R"
"PhonAlign",83.85,83.94999999999999,"S"
"PhonAlign",83.94999999999999,84.02,"e"
"PhonAlign",84.02,84.08999999999999,"f"
"PhonAlign",84.08999999999999,84.19,"E"
"PhonAlign",84.19,84.22999999999999,"i"
"PhonAlign",84.22999999999999,84.33999999999999,"s"
"PhonAlign",84.33999999999999,84.38,"b"
"PhonAlign",84.38,84.64999999999999,"u"
"PhonAlign",84.64999999999999,84.72999999999999,"k"
"PhonAlign",84.72999999999999,84.89999999999999,"Z"
"PhonAlign",84.89999999999999,84.92999999999999,"y"
"PhonAlign",84.92999999999999,84.99,"t"
"PhonAlign",84.99,85.03,"i"
"PhonAlign",85.03,85.05999999999999,"l"
"PhonAlign",85.05999999999999,85.08999999999999,"i"
"PhonAlign",85.08999999999999,85.42999999999999,"z"
"PhonAlign",85.42999999999999,85.58,"R"
"PhonAlign",85.58,85.63999999999999,"e"
"PhonAlign",85.63999999999999,85.66999999999999,"g"
"PhonAlign",85.66999999999999,85.69999999999999,"y"
"PhonAlign",85.69999999999999,85.72999999999999,"l"
"PhonAlign",85.72999999999999,85.77,"j"
"PhonAlign",85.77,85.8,"E"
"PhonAlign",85.8,85.83999999999999,"R"
"PhonAlign",85.83999999999999,85.91,"m"
"PhonAlign",85.91,86.02,"a~"
"PhonAlign",86.02,86.05,"A/"
"PhonAlign",86.05,86.11999999999999,"m"
"PhonAlign",86.11999999999999,86.19999999999999,"A/"
"PhonAlign",86.19999999999999,86.30999999999999,"z"
"PhonAlign",86.30999999999999,86.41999999999999,"O/"
"PhonAlign",86.41999999999999,86.53999999999999,"n"
"PhonAlign",86.53999999999999,86.6,"m"
"PhonAlign",86.6,86.66,"E"
"PhonAlign",86.66,86.8,"m"
"PhonAlign",86.8,86.89999999999999,"@"
"PhonAlign",86.89999999999999,87.0,"s"
"PhonAlign",87.0,87.03999999999999,"i"
"PhonAlign",87.03999999999999,87.16,"Z"
"PhonAlign",87.16,87.19,"E"
"PhonAlign",87.19,87.36999999999999,"s"
"PhonAlign",87.36999999999999,87.55999999999999,"E"
"PhonAlign",87.55999999999999,87.78999999999999,"U~/"
"PhonAlign",87.78999999999999,87.82,"m"
"PhonAlign",87.82,87.85999999999999,"A/"
"PhonAlign",87.85999999999999,88.07,"k"
"PhonAlign",88.07,88.19999999999999,"s"
"PhonAlign",88.19999999999999,88.22999999999999,"i"
"PhonAlign",88.22999999999999,88.27,"m"
"PhonAlign",88.27,88.3,"O/"
"PhonAlign",88.3,88.33999999999999,"m"
"PhonAlign",88.33999999999999,88.39999999999999,"d"
"PhonAlign",88.39999999999999,88.47,"e"
"PhonAlign",88.47,88.5,"v"
"PhonAlign",88.5,88.64999999999999,"i"
"PhonAlign",88.64999999999999,88.69999999999999,"t"
"PhonAlign",88.69999999999999,88.82,"e"
"PhonAlign",88.82,88.85999999999999,"p"
"PhonAlign",88.85999999999999,89.02,"A/"
"PhonAlign",89.02,89.05,"R"
"PhonAlign",89.05,89.08,"A/"
"PhonAlign",89.08,89.11999999999999,"p"
"PhonAlign",89.11999999999999,89.19999999999999,"O/"
"PhonAlign",89.19999999999999,89.22999999999999,"R"
"PhonAlign",89.22999999999999,89.30999999999999,"A/"
"PhonAlign",89.30999999999999,89.35,"l"
"PhonAlign",89.35,89.46,"9"
"PhonAlign",89.46,89.78999999999999,"R"
"PhonAlign",89.78999999999999,89.834063,"fp"
"PhonAlign",89.834063,91.184062,"#"
"PhonAlign",91.184062,91.364062,"A/"
"PhonAlign",91.364062,91.404062,"l"
"PhonAlign",91.404062,91.504062,"9"
"PhonAlign",91.504062,91.594062,"R"
"PhonAlign",91.594062,91.644062,"l"
"PhonAlign",91.644062,91.714062,"9"
"PhonAlign",91.714062,92.34,"R"
"PhonAlign",92.34,92.63,"#"
"PhonAlign",92.63,93.075,"noise"
"PhonAlign",93.075,93.24,"#"
"PhonAlign",93.24,93.39,"l"
"PhonAlign",93.39,93.46,"9"
"PhonAlign",93.46,93.54,"R"
"PhonAlign",93.54,93.57,"p"
"PhonAlign",93.57,93.61,"O/"
"PhonAlign",93.61,93.64,"l"
"PhonAlign",93.64,93.67,"i"
"PhonAlign",93.67,93.71,"t"
"PhonAlign",93.71,93.78,"i"
"PhonAlign",93.78,93.81,"k"
"PhonAlign",93.81,93.85,"d"
"PhonAlign",93.85,93.99,"a~"
"PhonAlign",93.99,94.03,"p"
"PhonAlign",94.03,94.08,"l"
"PhonAlign",94.08,94.33,"w"
"PhonAlign",94.33,94.47,"A/"
"PhonAlign",94.47,94.51,"E"
"PhonAlign",94.51,94.54,"p"
"PhonAlign",94.54,94.57,"i"
"PhonAlign",94.57,94.66,"O/"
"PhonAlign",94.66,94.81,"s"
"PhonAlign",94.81,94.89,"i"
"PhonAlign",94.89,94.92,"l"
"PhonAlign",94.92,95.09,"e"
"PhonAlign",95.09,95.12,"l"
"PhonAlign",95.12,95.17,"e"
"PhonAlign",95.17,95.24,"k"
"PhonAlign",95.24,95.27,"O~"
"PhonAlign",95.27,95.3,"d"
"PhonAlign",95.3,95.33,"i"
"PhonAlign",95.33,95.4,"s"
"PhonAlign",95.4,95.43,"j"
"PhonAlign",95.43,95.48,"O~"
"PhonAlign",95.48,95.52,"d"
"PhonAlign",95.52,95.56,"t"
"PhonAlign",95.56,95.65,"R"
"PhonAlign",95.65,95.71,"A/"
"PhonAlign",95.71,95.74,"v"
"PhonAlign",95.74,95.88,"A/"
"PhonAlign",95.88,95.92,"j"
"PhonAlign",95.92,95.95,"d"
"PhonAlign",95.95,95.98,"l"
"PhonAlign",95.98,96.01,"9"
"PhonAlign",96.01,96.04,"R"
"PhonAlign",96.04,96.19,"a~"
"PhonAlign",96.19,96.26,"p"
"PhonAlign",96.26,96.29,"l"
"PhonAlign",96.29,96.33,"w"
"PhonAlign",96.33,96.36,"A/"
"PhonAlign",96.36,96.39,"j"
"PhonAlign",96.39,96.56,"e"
"PhonAlign",96.56,96.62,"d"
"PhonAlign",96.62,96.69,"O~"
"PhonAlign",96.69,96.77,"k"
"PhonAlign",96.77,96.83,"O~"
"PhonAlign",96.83,96.89,"E"
"PhonAlign",96.89,97.02,"s"
"PhonAlign",97.02,97.05,"E"
"PhonAlign",97.05,97.08,"d"
"PhonAlign",97.08,97.11,"l"
"PhonAlign",97.11,97.18,"i"
"PhonAlign",97.18,97.22,"m"
"PhonAlign",97.22,97.31,"i"
"PhonAlign",97.31,97.37,"t"
"PhonAlign",97.37,97.41,"e"
"PhonAlign",97.41,97.47,"U~/"
"PhonAlign",97.47,97.5,"p"
"PhonAlign",97.5,97.6,"t"
"PhonAlign",97.6,97.63,"i"
"PhonAlign",97.63,97.66,"t"
"PhonAlign",97.66,97.72,"p"
"PhonAlign",97.72,97.75,"2"
"PhonAlign",97.75,97.87,"s"
"PhonAlign",97.87,97.9,"y"
"PhonAlign",97.9,97.93,"R"
"PhonAlign",97.93,97.99,"A/"
"PhonAlign",97.99,98.03,"m"
"PhonAlign",98.03,98.11,"A/"
"PhonAlign",98.11,98.21,"z"
"PhonAlign",98.21,98.29,"O/"
"PhonAlign",98.29,98.55,"n"
"PhonAlign",98.55,98.63,"s"
"PhonAlign",98.63,98.68,"i"
"PhonAlign",98.68,98.8,"s"
"PhonAlign",98.8,98.86,"e"
"PhonAlign",98.86,98.89,"v"
"PhonAlign",98.89,98.92,"R"
"PhonAlign",98.92,99.05,"E"
"PhonAlign",99.05,99.14,"k"
"PhonAlign",99.14,99.355,"@"
"PhonAlign",99.355,99.845,"#"
"PhonAlign",99.845,100.165,"s"
"PhonAlign",100.165,100.195,"e"
"PhonAlign",100.195,100.225,"R"
"PhonAlign",100.225,100.255,"2"
"PhonAlign",100.255,100.285,"l"
"PhonAlign",100.285,100.325,"A/"
"PhonAlign",100.325,100.415,"t"
"PhonAlign",100.415,100.445,"i"
"PhonAlign",100.445,100.475,"v"
"PhonAlign",100.475,100.505,"m"
"PhonAlign",100.505,100.555,"a~"
"PhonAlign",100.555,100.605,"p"
"PhonAlign",100.605,100.695,"R"
"PhonAlign",100.695,100.775,"A/"
"PhonAlign",100.775,100.865,"t"
"PhonAlign",100.865,100.965,"i"
"PhonAlign",100.965,101.055,"k"
"PhonAlign",101.055,101.405,"U~/"
"PhonAlign",101.405,101.945,"O/"
"PhonAlign",101.945,102.005,"n"
"PhonAlign",102.005,102.075,"i"
"PhonAlign",102.075,102.105,"v"
"PhonAlign",102.105,102.205,"O/"
"PhonAlign",102.205,102.265,"A/"
"PhonAlign",102.265,102.395,"S"
"PhonAlign",102.395,102.435,"A/"
"PhonAlign",102.435,102.525,"a~"
"PhonAlign",102.525,102.585,"l"
"PhonAlign",102.585,102.685,"i"
"PhonAlign",102.685,102.725,"n"
"PhonAlign",102.725,102.775,"j"
"PhonAlign",102.775,102.805,"@"
"PhonAlign",102.805,102.935,"s"
"PhonAlign",102.935,102.975,"e"
"PhonAlign",102.975,103.015,"v"
"PhonAlign",103.015,103.045,"R"
"PhonAlign",103.045,103.095,"E"
"PhonAlign",103.095,103.245,"k"
"PhonAlign",103.245,103.325,"@"
"PhonAlign",103.325,103.505,"#"
"PhonAlign",103.505,103.915,"s"
"PhonAlign",103.915,103.945,"y"
"PhonAlign",103.945,103.975,"R"
"PhonAlign",103.975,104.015,"t"
"PhonAlign",104.015,104.125,"u"
"PhonAlign",104.125,104.275,"m"
"PhonAlign",104.275,104.335,"w"
"PhonAlign",104.335,104.365,"A/"
"PhonAlign",104.365,104.465,"k"
"PhonAlign",104.465,104.495,"l"
"PhonAlign",104.495,104.575,"i"
"PhonAlign",104.575,104.605,"b"
"PhonAlign",104.605,104.675,"O/"
"PhonAlign",104.675,104.705,"k"
"PhonAlign",104.705,104.785,"u"
"PhonAlign",104.785,104.895,"a~"
"PhonAlign",104.895,105.075,"a~"
"PhonAlign",105.075,105.105,"g"
"PhonAlign",105.105,105.165,"l"
"PhonAlign",105.165,105.325,"e"
"PhonAlign",105.325,105.915,"#"
"PhonAlign",105.915,106.455,"fp"
"PhonAlign",106.455,106.555,"S"
"PhonAlign",106.555,106.585,"A/"
"PhonAlign",106.585,106.635,"b"
"PhonAlign",106.635,106.715,"i"
"PhonAlign",106.715,106.745,"t"
"PhonAlign",106.745,106.845,"s"
"PhonAlign",106.845,106.875,"y"
"PhonAlign",106.875,106.935,"R"
"PhonAlign",106.935,107.005,"E"
"PhonAlign",107.005,107.035,"k"
"PhonAlign",107.035,107.175,"s"
"PhonAlign",107.175,107.205,"d"
"PhonAlign",107.205,107.315,"O~"
"PhonAlign",107.315,107.655,"k"
"PhonAlign",107.655,107.8,"i"
"PhonAlign",107.8,108.135,"#"
"PhonAlign",108.135,108.275,"j"
"PhonAlign",108.275,108.365,"A/"
"PhonAlign",108.365,108.475,"y"
"PhonAlign",108.475,108.515,"n"
"PhonAlign",108.515,108.545,"@"
"PhonAlign",108.545,108.595,"g"
"PhonAlign",108.595,108.665,"R"
"PhonAlign",108.665,108.735,"O/"
"PhonAlign",108.735,108.885,"s"
"PhonAlign",108.885,108.915,"l"
"PhonAlign",108.915,108.945,"i"
"PhonAlign",108.945,108.975,"b"
"PhonAlign",108.975,109.035,"R"
"PhonAlign",109.035,109.165,"E"
"PhonAlign",109.165,109.205,"R"
"PhonAlign",109.205,109.365,"i"
"PhonAlign",109.365,109.565,"@"
"PhonAlign",109.565,109.725,"a~"
"PhonAlign",109.725,109.765,"g"
"PhonAlign",109.765,109.805,"l"
"PhonAlign",109.805,109.855,"O/"
"PhonAlign",109.855,109.975,"f"
"PhonAlign",109.975,110.075,"O/"
"PhonAlign",110.075,110.145,"n"
"PhonAlign",110.145,110.195,"m"
"PhonAlign",110.195,110.235,"e"
"PhonAlign",110.235,110.375,"s"
"PhonAlign",110.375,110.405,"e"
"PhonAlign",110.405,110.445,"v"
"PhonAlign",110.445,110.485,"R"
"PhonAlign",110.485,110.565,"E"
"PhonAlign",110.565,110.615,"k"
"PhonAlign",110.615,110.755,"s"
"PhonAlign",110.755,110.805,"u"
"PhonAlign",110.805,110.835,"v"
"PhonAlign",110.835,110.945,"a~"
"PhonAlign",110.945,111.055,"s"
"PhonAlign",111.055,111.085,"e"
"PhonAlign",111.085,111.125,"b"
"PhonAlign",111.125,111.215,"O/"
"PhonAlign",111.215,111.265,"k"
"PhonAlign",111.265,111.295,"u"
"PhonAlign",111.295,111.385,"p"
"PhonAlign",111.385,111.415,"l"
"PhonAlign",111.415,111.445,"y"
"PhonAlign",111.445,111.605,"s"
"PhonAlign",111.605,111.725,"U~/"
"PhonAlign",111.725,111.805,"p"
"PhonAlign",111.805,111.875,"l"
"PhonAlign",111.875,111.955,"e"
"PhonAlign",111.955,112.025,"m"
"PhonAlign",112.025,112.085,"w"
"PhonAlign",112.085,112.135,"U~/"
"PhonAlign",112.135,112.265,"S"
"PhonAlign",112.265,112.325,"E"
"PhonAlign",112.325,112.365,"R"
"PhonAlign",112.365,112.425,"O/"
"PhonAlign",112.425,112.555,"s"
"PhonAlign",112.555,112.585,"i"
"PhonAlign",112.585,112.625,"d"
"PhonAlign",112.625,112.655,"A/"
"PhonAlign",112.655,112.685,"l"
"PhonAlign",112.685,112.735,"e"
"PhonAlign",112.735,112.865,"s"
"PhonAlign",112.865,112.895,"y"
"PhonAlign",112.895,112.925,"R"
"PhonAlign",112.925,112.975,"A/"
"PhonAlign",112.975,113.025,"m"
"PhonAlign",113.025,113.085,"A/"
"PhonAlign",113.085,113.165,"z"
"PhonAlign",113.165,113.235,"O/"
"PhonAlign",113.235,113.35,"n"
"PhonAlign",113.35,113.85,"#"
"PhonAlign",113.85,113.89,"d"
"PhonAlign",113.89,113.95,"O~"
"PhonAlign",113.95,114.09,"s"
"PhonAlign",114.09,114.13,"e"
"PhonAlign",114.13,114.16,"v"
"PhonAlign",114.16,114.19,"R"
"PhonAlign",114.19,114.22,"e"
"PhonAlign",114.22,114.27,"k"
"PhonAlign",114.27,114.32,"i"
"PhonAlign",114.32,114.38,"n"
"PhonAlign",114.38,114.41,"u"
"PhonAlign",114.41,114.51,"t"
"PhonAlign",114.51,114.54,"j"
"PhonAlign",114.54,114.57,"E"
"PhonAlign",114.57,114.6,"n"
"PhonAlign",114.6,114.7,"U~/"
"PhonAlign",114.7,114.73,"p"
"PhonAlign",114.73,114.81,"t"
"PhonAlign",114.81,114.85,"i"
"PhonAlign",114.85,114.9,"p"
"PhonAlign",114.9,114.95,"2"
"PhonAlign",114.95,114.99,"A/"
"PhonAlign",114.99,115.02,"v"
"PhonAlign",115.02,115.08,"E"
"PhonAlign",115.08,115.11,"k"
"PhonAlign",115.11,115.2,"s"
"PhonAlign",115.2,115.38,"A/"
"PhonAlign",115.38,115.709563,"#"
"PhonAlign",115.709563,116.239815,"noise"
"PhonAlign",116.239815,116.925,"#"
"PhonAlign",116.925,117.515,"fp"
"PhonAlign",117.515,117.665,"e"
"PhonAlign",117.665,117.725,"A/"
"PhonAlign",117.725,117.755,"p"
"PhonAlign",117.755,117.875,"R"
"PhonAlign",117.875,117.905,"E"
"PhonAlign",117.905,117.955,"O/"
"PhonAlign",117.955,118.025,"n"
"PhonAlign",118.025,118.065,"i"
"PhonAlign",118.065,118.095,"v"
"PhonAlign",118.095,118.145,"O/"
"PhonAlign",118.145,118.185,"d"
"PhonAlign",118.185,118.215,"R"
"PhonAlign",118.215,118.365,"E"
"PhonAlign",118.365,118.425,"z"
"PhonAlign",118.425,118.465,"O/"
"PhonAlign",118.465,118.605,"s"
"PhonAlign",118.605,118.675,"O/"
"PhonAlign",118.675,118.955,"s"
"PhonAlign",118.955,118.985,"j"
"PhonAlign",118.985,120.245,"O/"
"PhonAlign",120.245,120.295,"z"
"PhonAlign",120.295,120.355,"k"
"PhonAlign",120.355,120.405,"O/"
"PhonAlign",120.405,120.435,"m"
"PhonAlign",120.435,120.565,"Z"
"PhonAlign",120.565,120.615,"@"
"PhonAlign",120.615,120.655,"d"
"PhonAlign",120.655,120.685,"i"
"PhonAlign",120.685,120.795,"z"
"PhonAlign",120.795,120.835,"E"
"PhonAlign",120.835,120.925,"Z"
"PhonAlign",120.925,121.035,"a~"
"PhonAlign",121.035,121.115,"E"
"PhonAlign",121.115,121.145,"y"
"PhonAlign",121.145,121.185,"n"
"PhonAlign",121.185,121.225,"y"
"PhonAlign",121.225,121.305,"t"
"PhonAlign",121.305,121.335,"i"
"PhonAlign",121.335,121.365,"l"
"PhonAlign",121.365,121.395,"i"
"PhonAlign",121.395,121.425,"z"
"PhonAlign",121.425,121.465,"A/"
"PhonAlign",121.465,121.585,"s"
"PhonAlign",121.585,121.615,"j"
"PhonAlign",121.615,121.645,"O~"
"PhonAlign",121.645,121.695,"A/"
"PhonAlign",121.695,121.875,"s"
"PhonAlign",121.875,121.975,"e"
"PhonAlign",121.975,122.005,"l"
"PhonAlign",122.005,122.205,"i"
"PhonAlign",122.205,122.295,"m"
"PhonAlign",122.295,122.445,"i"
"PhonAlign",122.445,122.565,"t"
"PhonAlign",122.565,122.875,"e"
"PhonAlign",122.875,123.275,"#"
"PhonAlign",123.275,124.335,"fp"
"PhonAlign",124.335,124.455,"S"
"PhonAlign",124.455,124.485,"e"
"PhonAlign",124.485,124.585,"s"
"PhonAlign",124.585,124.615,"y"
"PhonAlign",124.615,124.645,"R"
"PhonAlign",124.645,124.715,"t"
"PhonAlign",124.715,124.755,"u"
"PhonAlign",124.755,124.925,"t"
"PhonAlign",124.925,125.105,"S"
"PhonAlign",125.105,125.145,"e"
"PhonAlign",125.145,125.245,"f"
"PhonAlign",125.245,125.305,"E"
"PhonAlign",125.305,125.335,"i"
"PhonAlign",125.335,125.425,"s"
"PhonAlign",125.425,125.455,"b"
"PhonAlign",125.455,125.635,"u"
"PhonAlign",125.635,125.665,"k"
"PhonAlign",125.665,125.745,"U~/"
"PhonAlign",125.745,125.855,"s"
"PhonAlign",125.855,125.905,"t"
"PhonAlign",125.905,125.965,"A/"
"PhonAlign",125.965,126.005,"g"
"PhonAlign",126.005,126.105,"R"
"PhonAlign",126.105,126.235,"A/"
"PhonAlign",126.235,126.355,"m"
"PhonAlign",126.355,126.385,"E"
"PhonAlign",126.385,126.545,"t"
"PhonAlign",126.545,126.575,"w"
"PhonAlign",126.575,126.645,"i"
"PhonAlign",126.645,126.755,"t"
"PhonAlign",126.755,126.895,"t"
"PhonAlign",126.895,126.955,"E"
"PhonAlign",126.955,127.175,"R"
"PhonAlign",127.175,127.77,"#"
"PhonAlign",127.77,127.86,"t"
"PhonAlign",127.86,127.89,"w"
"PhonAlign",127.89,127.93,"i"
"PhonAlign",127.93,127.96,"t"
"PhonAlign",127.96,128.01,"t"
"PhonAlign",128.01,128.04999999999998,"E"
"PhonAlign",128.04999999999998,128.16,"R"
"PhonAlign",128.16,128.22,"E"
"PhonAlign",128.22,128.25,"p"
"PhonAlign",128.25,128.32999999999998,"l"
"PhonAlign",128.32999999999998,128.42,"y"
"PhonAlign",128.42,128.48,"t"
"PhonAlign",128.48,128.57,"O/"
"PhonAlign",128.57,128.61,"d"
"PhonAlign",128.61,128.69,"y"
"PhonAlign",128.69,128.73,"k"
"PhonAlign",128.73,128.84,"O/"
"PhonAlign",128.84,128.91,"t"
"PhonAlign",128.91,128.99,"e"
"PhonAlign",128.99,129.01999999999998,"p"
"PhonAlign",129.01999999999998,129.09,"R"
"PhonAlign",129.09,129.17,"O/"
"PhonAlign",129.17,129.23,"f"
"PhonAlign",129.23,129.26999999999998,"E"
"PhonAlign",129.26999999999998,129.41,"s"
"PhonAlign",129.41,129.44,"j"
"PhonAlign",129.44,129.47,"O/"
"PhonAlign",129.47,129.53,"n"
"PhonAlign",129.53,129.74,"E"
"PhonAlign",129.74,129.815,"l"
"PhonAlign",129.815,130.59,"#"
"PhonAlign",130.59,130.63,"f"
"PhonAlign",130.63,130.98,"E"
"PhonAlign",130.98,131.15,"i"
"PhonAlign",131.15,131.24,"s"
"PhonAlign",131.24,131.27,"b"
"PhonAlign",131.27,131.38,"u"
"PhonAlign",131.38,131.41,"k"
"PhonAlign",131.41,131.51,"s"
"PhonAlign",131.51,131.55,"e"
"PhonAlign",131.55,131.58,"p"
"PhonAlign",131.58,131.62,"l"
"PhonAlign",131.62,131.73,"y"
"PhonAlign",131.73,131.81,"t"
"PhonAlign",131.81,132.32,"O/"
"PhonAlign",132.32,132.35,"l"
"PhonAlign",132.35,132.38,"y"
"PhonAlign",132.38,132.49,"t"
"PhonAlign",132.49,132.53,"i"
"PhonAlign",132.53,132.56,"l"
"PhonAlign",132.56,132.59,"i"
"PhonAlign",132.59,132.73,"z"
"PhonAlign",132.73,132.77,"A/"
"PhonAlign",132.77,132.8,"s"
"PhonAlign",132.8,132.83,"j"
"PhonAlign",132.83,132.86,"O~"
"PhonAlign",132.86,132.94,"p"
"PhonAlign",132.94,132.97,"E"
"PhonAlign",132.97,133.03,"R"
"PhonAlign",133.03,133.17000000000002,"s"
"PhonAlign",133.17000000000002,133.36,"O/"
"PhonAlign",133.36,133.44,"E"
"PhonAlign",133.44,133.52,"U~/"
"PhonAlign",133.52,133.61,"s"
"PhonAlign",133.61,133.67000000000002,"t"
"PhonAlign",133.67000000000002,133.72,"A/"
"PhonAlign",133.72,133.75,"g"
"PhonAlign",133.75,133.78,"R"
"PhonAlign",133.78,133.93,"A/"
"PhonAlign",133.93,134.0,"m"
"PhonAlign",134.0,134.09,"Z"
"PhonAlign",134.09,134.17000000000002,"a~"
"PhonAlign",134.17000000000002,134.20000000000002,"E"
"PhonAlign",134.20000000000002,134.23,"y"
"PhonAlign",134.23,134.26,"n"
"PhonAlign",134.26,134.3,"y"
"PhonAlign",134.3,134.4,"t"
"PhonAlign",134.4,134.43,"i"
"PhonAlign",134.43,134.46,"l"
"PhonAlign",134.46,134.49,"i"
"PhonAlign",134.49,134.52,"z"
"PhonAlign",134.52,134.56,"A/"
"PhonAlign",134.56,134.66,"s"
"PhonAlign",134.66,134.69,"j"
"PhonAlign",134.69,134.72,"O~"
"PhonAlign",134.72,134.8,"A/"
"PhonAlign",134.8,134.99,"s"
"PhonAlign",134.99,135.464063,"e"
"PhonAlign",135.464063,136.78,"#"
"PhonAlign",136.78,136.87,"p"
"PhonAlign",136.87,136.96,"f"
"PhonAlign",136.96,137.06,"R"
"PhonAlign",137.06,137.17,"E"
"PhonAlign",137.17,137.23,"k"
"PhonAlign",137.23,137.35,"a~"
"PhonAlign",137.35,137.38,"t"
"PhonAlign",137.38,137.5,"s"
"PhonAlign",137.5,137.53,"e"
"PhonAlign",137.53,137.56,"v"
"PhonAlign",137.56,137.59,"R"
"PhonAlign",137.59,137.62,"E"
"PhonAlign",137.62,137.66,"p"
"PhonAlign",137.66,137.69,"A/"
"PhonAlign",137.69,137.8,"s"
"PhonAlign",137.8,137.83,"@"
"PhonAlign",137.83,137.93,"Z"
"PhonAlign",137.93,138.07,"e"
"PhonAlign",138.07,138.13,"p"
"PhonAlign",138.13,138.28,"A/"
"PhonAlign",138.28,138.35,"f"
"PhonAlign",138.35,138.4,"O/"
"PhonAlign",138.4,138.43,"R"
"PhonAlign",138.43,138.53,"s"
"PhonAlign",138.53,138.57,"e"
"PhonAlign",138.57,138.63,"m"
"PhonAlign",138.63,138.72,"a~"
"PhonAlign",138.72,138.75,"l"
"PhonAlign",138.75,138.86,"R"
"PhonAlign",138.86,138.93,"E"
"PhonAlign",138.93,139.0,"f"
"PhonAlign",139.0,139.04,"l"
"PhonAlign",139.04,139.16,"E"
"PhonAlign",139.16,139.19,"k"
"PhonAlign",139.19,139.41,"s"
"PhonAlign",139.41,139.99,"#"
"PhonAlign",139.99,140.03,"d"
"PhonAlign",140.03,140.72,"@"
"PhonAlign",140.72,140.75,"p"
"PhonAlign",140.75,140.86,"R"
"PhonAlign",140.86,140.96,"a~"
"PhonAlign",140.96,140.99,"d"
"PhonAlign",140.99,141.07000000000002,"R"
"PhonAlign",141.07000000000002,141.11,"d"
"PhonAlign",141.11,141.20000000000002,"e"
"PhonAlign",141.20000000000002,141.3,"f"
"PhonAlign",141.3,141.41,"O/"
"PhonAlign",141.41,141.49,"t"
"PhonAlign",141.49,142.04000000000002,"O/"
"PhonAlign",142.04000000000002,142.18,"z"
"PhonAlign",142.18,142.45000000000002,"s"
"PhonAlign",142.45000000000002,142.5,"e"
"PhonAlign",142.5,142.56,"Z"
"PhonAlign",142.56,142.59,"y"
"PhonAlign",142.59,142.71,"s"
"PhonAlign",142.71,142.77,"p"
"PhonAlign",142.77,142.82000000000002,"A/"
"PhonAlign",142.82000000000002,142.88,"U~/"
"PhonAlign",142.88,142.91,"R"
"PhonAlign",142.91,142.97,"E"
"PhonAlign",142.97,143.0,"f"
"PhonAlign",143.0,143.03,"l"
"PhonAlign",143.03,143.10000000000002,"E"
"PhonAlign",143.10000000000002,143.13,"k"
"PhonAlign",143.13,143.19,"s"
"PhonAlign",143.19,143.29000000000002,"k"
"PhonAlign",143.29000000000002,143.4,"Z"
"PhonAlign",143.4,143.45000000000002,"E"
"PhonAlign",143.45000000000002,143.52,"s"
"PhonAlign",143.52,143.55,"e"
"PhonAlign",143.55,143.58,"p"
"PhonAlign",143.58,143.61,"2"
"PhonAlign",143.61,143.64,"t"
"PhonAlign",143.64,143.69,"E"
"PhonAlign",143.69,143.74,"t"
"PhonAlign",143.74,143.77,"R"
"PhonAlign",143.77,143.8,"y"
"PhonAlign",143.8,143.86,"n"
"PhonAlign",143.86,143.91,"k"
"PhonAlign",143.91,143.95000000000002,"E"
"PhonAlign",143.95000000000002,144.02,"s"
"PhonAlign",144.02,144.05,"t"
"PhonAlign",144.05,144.08,"j"
"PhonAlign",144.08,144.11,"O~"
"PhonAlign",144.11,144.15,"d"
"PhonAlign",144.15,144.22,"Z"
"PhonAlign",144.22,144.25,"E"
"PhonAlign",144.25,144.28,"n"
"PhonAlign",144.28,144.31,"E"
"PhonAlign",144.31,144.34,"R"
"PhonAlign",144.34,144.44,"A/"
"PhonAlign",144.44,144.56,"s"
"PhonAlign",144.56,144.59,"j"
"PhonAlign",144.59,144.69,"O~"
"PhonAlign",144.69,144.97,"#"
"PhonAlign",144.97,145.06,"S"
"PhonAlign",145.06,145.18,"s"
"PhonAlign",145.18,145.27,"p"
"PhonAlign",145.27,145.485,"A/"
"PhonAlign",145.485,146.355,"#"
"PhonAlign",146.355,146.985,"fp"
"PhonAlign",146.985,147.015,"m"
"PhonAlign",147.015,147.08499999999998,"E"
"PhonAlign",147.08499999999998,147.11499999999998,"v"
"PhonAlign",147.11499999999998,147.185,"w"
"PhonAlign",147.185,147.215,"A/"
"PhonAlign",147.215,147.24499999999998,"l"
"PhonAlign",147.24499999999998,147.345,"A/"
"PhonAlign",147.345,147.405,"d"
"PhonAlign",147.405,147.475,"O~"
"PhonAlign",147.475,147.535,"k"
"PhonAlign",147.535,147.67499999999998,"s"
"PhonAlign",147.67499999999998,147.715,"e"
"PhonAlign",147.715,147.74499999999998,"m"
"PhonAlign",147.74499999999998,147.77499999999998,"O~"
"PhonAlign",147.77499999999998,147.815,"y"
"PhonAlign",147.815,147.975,"t"
"PhonAlign",147.975,148.02499999999998,"i"
"PhonAlign",148.02499999999998,148.095,"l"
"PhonAlign",148.095,148.24499999999998,"i"
"PhonAlign",148.24499999999998,148.345,"z"
"PhonAlign",148.345,148.39499999999998,"A/"
"PhonAlign",148.39499999999998,148.545,"s"
"PhonAlign",148.545,148.575,"j"
"PhonAlign",148.575,148.635,"O~"
"PhonAlign",148.635,148.665,"E"
"PhonAlign",148.665,148.765,"m"
"PhonAlign",148.765,148.975,"O~"
"PhonAlign",148.975,149.075,"R"
"PhonAlign",149.075,149.11499999999998,"t"
"PhonAlign",149.11499999999998,149.265,"u"
"PhonAlign",149.265,149.42499999999998,"R"
"PhonAlign",149.42499999999998,149.45499999999998,"l"
"PhonAlign",149.45499999999998,149.49499999999998,"A/"
"PhonAlign",149.49499999999998,149.52499999999998,"d"
"PhonAlign",149.52499999999998,149.55499999999998,"2"
"PhonAlign",149.55499999999998,149.70499999999998,"s"
"PhonAlign",149.70499999999998,149.757187,"y"
"PhonAlign",149.757187,155.775,"#"
"PhonAlign",155.775,155.815,"p"
"PhonAlign",155.815,155.875,"A/"
"PhonAlign",155.875,155.975,"R"
"PhonAlign",155.975,156.015,"d"
"PhonAlign",156.015,156.051562,"O~"
"PhonAlign",156.051562,158.346563,"#"
"PhonAlign",158.346563,158.536563,"l"
"PhonAlign",158.536563,158.626563,"O/"
"PhonAlign",158.626563,158.656563,"R"
"PhonAlign",158.656563,158.696563,"l"
"PhonAlign",158.696563,158.766563,"n"
"PhonAlign",158.766563,158.846563,"y"
"PhonAlign",158.846563,158.876563,"m"
"PhonAlign",158.876563,158.95656300000002,"E"
"PhonAlign",158.95656300000002,159.006563,"R"
"PhonAlign",159.006563,159.086563,"i"
"PhonAlign",159.086563,159.136563,"k"
"PhonAlign",159.136563,159.246563,"t"
"PhonAlign",159.246563,159.346563,"u"
"PhonAlign",159.346563,159.466563,"k"
"PhonAlign",159.466563,159.576563,"u"
"PhonAlign",159.576563,159.836563,"R"
"PhonAlign",159.836563,161.216563,"fp"
"PhonAlign",161.216563,161.296563,"A/"
"PhonAlign",161.296563,161.326563,"l"
"PhonAlign",161.326563,161.446563,"O/"
"PhonAlign",161.446563,161.476563,"R"
"PhonAlign",161.476563,161.506563,"l"
"PhonAlign",161.506563,161.606563,"A/"
"PhonAlign",161.606563,161.636563,"p"
"PhonAlign",161.636563,161.67656300000002,"A/"
"PhonAlign",161.67656300000002,161.776563,"R"
"PhonAlign",161.776563,161.806563,"k"
"PhonAlign",161.806563,161.886563,"O~"
"PhonAlign",161.886563,161.916563,"t"
"PhonAlign",161.916563,162.036563,"s"
"PhonAlign",162.036563,162.066563,"e"
"PhonAlign",162.066563,162.096563,"v"
"PhonAlign",162.096563,162.126563,"R"
"PhonAlign",162.126563,162.17656300000002,"E"
"PhonAlign",162.17656300000002,162.20656300000002,"k"
"PhonAlign",162.20656300000002,162.336563,"s"
"PhonAlign",162.336563,162.366563,"e"
"PhonAlign",162.366563,162.466563,"U~/"
"PhonAlign",162.466563,162.496563,"p"
"PhonAlign",162.496563,162.576563,"2"
"PhonAlign",162.576563,162.616563,"p"
"PhonAlign",162.616563,162.746563,"l"
"PhonAlign",162.746563,163.026563,"y"
"PhonAlign",163.026563,163.296563,"Z"
"PhonAlign",163.296563,163.42656300000002,"@"
"PhonAlign",163.42656300000002,163.516563,"s"
"PhonAlign",163.516563,163.546563,"y"
"PhonAlign",163.546563,163.596563,"i"
"PhonAlign",163.596563,163.646563,"U~/"
"PhonAlign",163.646563,163.67656300000002,"p"
"PhonAlign",163.67656300000002,163.70656300000002,"t"
"PhonAlign",163.70656300000002,163.736563,"i"
"PhonAlign",163.736563,163.806563,"t"
"PhonAlign",163.806563,163.876563,"p"
"PhonAlign",163.876563,164.376563,"2"
"PhonAlign",164.376563,164.406563,"p"
"PhonAlign",164.406563,164.436563,"l"
"PhonAlign",164.436563,164.466563,"y"
"PhonAlign",164.466563,164.685,"z"
"PhonAlign",164.685,165.435,"#"
"PhonAlign",165.435,166.6,"fp"
"PhonAlign",166.6,167.265,"#"
"PhonAlign",167.265,167.30499999999998,"p"
"PhonAlign",167.30499999999998,167.33499999999998,"O/"
"PhonAlign",167.33499999999998,167.45499999999998,"R"
"PhonAlign",167.45499999999998,167.505,"t"
"PhonAlign",167.505,167.55499999999998,"e"
"PhonAlign",167.55499999999998,167.68499999999997,"s"
"PhonAlign",167.68499999999997,167.71499999999995,"y"
"PhonAlign",167.71499999999995,167.77499999999998,"R"
"PhonAlign",167.77499999999998,167.80499999999998,"l"
"PhonAlign",167.80499999999998,167.845,"n"
"PhonAlign",167.845,167.885,"y"
"PhonAlign",167.885,167.915,"m"
"PhonAlign",167.915,168.075,"E"
"PhonAlign",168.075,168.105,"R"
"PhonAlign",168.105,168.14499999999998,"i"
"PhonAlign",168.14499999999998,168.17499999999998,"k"
"PhonAlign",168.17499999999998,168.255,"s"
"PhonAlign",168.255,168.285,"y"
"PhonAlign",168.285,168.345,"R"
"PhonAlign",168.345,168.375,"t"
"PhonAlign",168.375,168.46499999999995,"u"
"PhonAlign",168.46499999999995,168.505,"p"
"PhonAlign",168.505,168.64499999999998,"A/"
"PhonAlign",168.64499999999998,168.67499999999998,"R"
"PhonAlign",168.67499999999998,168.70499999999998,"A/"
"PhonAlign",168.70499999999998,168.735,"p"
"PhonAlign",168.735,168.815,"O/"
"PhonAlign",168.815,168.845,"R"
"PhonAlign",168.845,168.875,"A/"
"PhonAlign",168.875,168.92499999999998,"m"
"PhonAlign",168.92499999999998,168.975,"O~"
"PhonAlign",168.975,169.08499999999998,"b"
"PhonAlign",169.08499999999998,169.15499999999997,"u"
"PhonAlign",169.15499999999997,169.18499999999997,"l"
"PhonAlign",169.18499999999997,169.295,"O/"
"PhonAlign",169.295,169.345,"p"
"PhonAlign",169.345,169.415,"s"
"PhonAlign",169.415,169.485,"k"
"PhonAlign",169.485,169.575,"Z"
"PhonAlign",169.575,169.605,"t"
"PhonAlign",169.605,169.665,"R"
"PhonAlign",169.665,169.70499999999998,"A/"
"PhonAlign",169.70499999999998,169.735,"v"
"PhonAlign",169.735,169.77499999999998,"A/"
"PhonAlign",169.77499999999998,169.80499999999998,"j"
"PhonAlign",169.80499999999998,169.90499999999997,"a~"
"PhonAlign",169.90499999999997,170.02499999999998,"t"
"PhonAlign",170.02499999999998,170.15499999999997,"E"
"PhonAlign",170.15499999999997,170.90499999999997,"z"
"PhonAlign",170.90499999999997,171.005,"e"
"PhonAlign",171.005,171.165,"s"
"PhonAlign",171.165,171.195,"e"
"PhonAlign",171.195,171.225,"v"
"PhonAlign",171.225,171.255,"R"
"PhonAlign",171.255,171.375,"E"
"PhonAlign",171.375,171.445,"k"
"PhonAlign",171.445,171.625,"@"
"PhonAlign",171.625,171.80499999999998,"s"
"PhonAlign",171.80499999999998,171.855,"A/"
"PhonAlign",171.855,171.915,"m"
"PhonAlign",171.915,171.975,"A/"
"PhonAlign",171.975,172.08499999999998,"f"
"PhonAlign",172.08499999999998,172.21499999999995,"e"
"PhonAlign",172.21499999999995,172.45499999999998,"z"
"PhonAlign",172.45499999999998,172.575,"g"
"PhonAlign",172.575,172.605,"A/"
"PhonAlign",172.605,172.68499999999997,"n"
"PhonAlign",172.68499999999997,172.71499999999995,"j"
"PhonAlign",172.71499999999995,172.755,"e"
"PhonAlign",172.755,172.86499999999998,"b"
"PhonAlign",172.86499999999998,173.045,"O/"
"PhonAlign",173.045,173.125,"k"
"PhonAlign",173.125,173.15499999999997,"u"
"PhonAlign",173.15499999999997,173.20499999999998,"d"
"PhonAlign",173.20499999999998,173.355,"@"
"PhonAlign",173.355,173.415,"t"
"PhonAlign",173.415,173.67499999999998,"a~"
"PhonAlign",173.67499999999998,173.765,"z"
"PhonAlign",173.765,173.815,"d"
"PhonAlign",173.815,173.845,"E"
"PhonAlign",173.845,173.985,"t"
"PhonAlign",173.985,174.015,"E"
"PhonAlign",174.015,174.125,"s"
"PhonAlign",174.125,174.18499999999997,"a~"
"PhonAlign",174.18499999999997,174.27499999999998,"s"
"PhonAlign",174.27499999999998,174.30499999999998,"j"
"PhonAlign",174.30499999999998,174.33499999999998,"E"
"PhonAlign",174.33499999999998,174.36499999999998,"l"
"PhonAlign",174.36499999999998,174.42499999999998,"m"
"PhonAlign",174.42499999999998,174.52499999999998,"a~"
"PhonAlign",174.52499999999998,174.65499999999997,"s"
"PhonAlign",174.65499999999997,174.68499999999997,"y"
"PhonAlign",174.68499999999997,174.735,"R"
"PhonAlign",174.735,174.765,"d"
"PhonAlign",174.765,174.795,"y"
"PhonAlign",174.795,174.93499999999997,"s"
"PhonAlign",174.93499999999997,174.96499999999995,"y"
"PhonAlign",174.96499999999995,175.005,"p"
"PhonAlign",175.005,175.095,"O/"
"PhonAlign",175.095,175.125,"R"
"PhonAlign",175.125,175.15499999999997,"n"
"PhonAlign",175.15499999999997,175.18499999999997,"y"
"PhonAlign",175.18499999999997,175.235,"m"
"PhonAlign",175.235,175.30499999999998,"E"
"PhonAlign",175.30499999999998,175.39499999999998,"R"
"PhonAlign",175.39499999999998,175.45499999999998,"i"
"PhonAlign",175.45499999999998,175.515,"k"
"PhonAlign",175.515,175.565,"p"
"PhonAlign",175.565,175.635,"A/"
"PhonAlign",175.635,175.665,"R"
"PhonAlign",175.665,175.71499999999995,"E"
"PhonAlign",175.71499999999995,175.74499999999998,"g"
"PhonAlign",175.74499999999998,175.80499999999998,"z"
"PhonAlign",175.80499999999998,175.92499999999998,"a~"
"PhonAlign",175.92499999999998,175.95499999999998,"p"
"PhonAlign",175.95499999999998,175.985,"l"
"PhonAlign",175.985,176.015,"p"
"PhonAlign",176.015,176.045,"H"
"PhonAlign",176.045,176.075,"i"
"PhonAlign",176.075,176.17499999999998,"s"
"PhonAlign",176.17499999999998,176.235,"k"
"PhonAlign",176.235,176.325,"Z"
"PhonAlign",176.325,176.355,"t"
"PhonAlign",176.355,176.415,"R"
"PhonAlign",176.415,176.445,"A/"
"PhonAlign",176.445,176.475,"v"
"PhonAlign",176.475,176.535,"A/"
"PhonAlign",176.535,176.565,"j"
"PhonAlign",176.565,176.61499999999998,"a~"
"PhonAlign",176.61499999999998,176.64499999999998,"l"
"PhonAlign",176.64499999999998,176.74499999999998,"i"
"PhonAlign",176.74499999999998,176.795,"t"
"PhonAlign",176.795,176.825,"E"
"PhonAlign",176.825,176.855,"R"
"PhonAlign",176.855,176.96499999999995,"A/"
"PhonAlign",176.96499999999995,177.005,"t"
"PhonAlign",177.005,177.11499999999998,"y"
"PhonAlign",177.11499999999998,177.915,"R"
"PhonAlign",177.915,178.265,"fp"
"PhonAlign",178.265,178.355,"d"
"PhonAlign",178.355,178.505,"O~"
"PhonAlign",178.505,178.575,"Z"
"PhonAlign",178.575,178.605,"E"
"PhonAlign",178.605,178.665,"e"
"PhonAlign",178.665,178.77499999999998,"s"
"PhonAlign",178.77499999999998,178.815,"a~"
"PhonAlign",178.815,178.89499999999998,"s"
"PhonAlign",178.89499999999998,178.92499999999998,"j"
"PhonAlign",178.92499999999998,178.95499999999998,"E"
"PhonAlign",178.95499999999998,178.985,"l"
"PhonAlign",178.985,179.015,"m"
"PhonAlign",179.015,179.08499999999998,"a~"
"PhonAlign",179.08499999999998,179.135,"t"
"PhonAlign",179.135,179.20499999999998,"R"
"PhonAlign",179.20499999999998,179.255,"A/"
"PhonAlign",179.255,179.285,"v"
"PhonAlign",179.285,179.315,"A/"
"PhonAlign",179.315,179.345,"j"
"PhonAlign",179.345,179.485,"e"
"PhonAlign",179.485,179.625,"s"
"PhonAlign",179.625,179.665,"y"
"PhonAlign",179.665,179.71499999999995,"R"
"PhonAlign",179.71499999999995,179.795,"d"
"PhonAlign",179.795,180.325,"e"
"PhonAlign",180.325,180.385,"l"
"PhonAlign",180.385,180.635,"i"
"PhonAlign",180.635,180.665,"v"
"PhonAlign",180.665,180.765,"R"
"PhonAlign",180.765,180.805,"n"
"PhonAlign",180.805,180.845,"y"
"PhonAlign",180.845,180.885,"m"
"PhonAlign",180.885,181.005,"E"
"PhonAlign",181.005,181.035,"R"
"PhonAlign",181.035,181.095,"i"
"PhonAlign",181.095,181.155,"k"
"PhonAlign",181.155,181.225,"a~"
"PhonAlign",181.225,181.315,"f"
"PhonAlign",181.315,181.415,"E"
"PhonAlign",181.415,181.575,"s"
"PhonAlign",181.575,181.605,"k"
"PhonAlign",181.605,181.645,"i"
"PhonAlign",181.645,181.715,"f"
"PhonAlign",181.715,181.755,"e"
"PhonAlign",181.755,181.845,"g"
"PhonAlign",181.845,181.875,"A/"
"PhonAlign",181.875,181.905,"n"
"PhonAlign",181.905,181.935,"j"
"PhonAlign",181.935,181.975,"e"
"PhonAlign",181.975,182.035,"E"
"PhonAlign",182.035,182.065,"n"
"PhonAlign",182.065,182.115,"O/"
"PhonAlign",182.115,182.145,"R"
"PhonAlign",182.145,182.175,"m"
"PhonAlign",182.175,182.205,"E"
"PhonAlign",182.205,182.235,"m"
"PhonAlign",182.235,182.345,"a~"
"PhonAlign",182.345,182.415,"d"
"PhonAlign",182.415,182.445,"t"
"PhonAlign",182.445,182.605,"a~"
"PhonAlign",182.605,182.635,"p"
"PhonAlign",182.635,182.665,"H"
"PhonAlign",182.665,182.695,"i"
"PhonAlign",182.695,182.765,"s"
"PhonAlign",182.765,182.855,"k"
"PhonAlign",182.855,182.995,"@"
"PhonAlign",182.995,183.025,"l"
"PhonAlign",183.025,183.095,"A/"
"PhonAlign",183.095,183.135,"n"
"PhonAlign",183.135,183.205,"A/"
"PhonAlign",183.205,183.235,"v"
"PhonAlign",183.235,183.315,"i"
"PhonAlign",183.315,183.405,"g"
"PhonAlign",183.405,183.435,"A/"
"PhonAlign",183.435,183.555,"s"
"PhonAlign",183.555,183.585,"j"
"PhonAlign",183.585,183.615,"O~"
"PhonAlign",183.615,183.645,"E"
"PhonAlign",183.645,183.705,"b"
"PhonAlign",183.705,183.745,"O/"
"PhonAlign",183.745,183.815,"k"
"PhonAlign",183.815,183.855,"u"
"PhonAlign",183.855,183.915,"p"
"PhonAlign",183.915,183.945,"l"
"PhonAlign",183.945,183.975,"y"
"PhonAlign",183.975,184.035,"R"
"PhonAlign",184.035,184.085,"A/"
"PhonAlign",184.085,184.125,"p"
"PhonAlign",184.125,184.225,"i"
"PhonAlign",184.225,184.275,"d"
"PhonAlign",184.275,184.355,"@"
"PhonAlign",184.355,184.46,"#"
"PhonAlign",184.46,184.5,"A/"
"PhonAlign",184.5,184.53,"v"
"PhonAlign",184.53,184.56,"E"
"PhonAlign",184.56,184.87,"k"
"PhonAlign",184.87,184.92,"p"
"PhonAlign",184.92,185.04,"A/"
"PhonAlign",185.04,185.07,"R"
"PhonAlign",185.07,185.17,"E"
"PhonAlign",185.17,185.21,"g"
"PhonAlign",185.21,185.28,"z"
"PhonAlign",185.28,185.35,"a~"
"PhonAlign",185.35,185.38,"p"
"PhonAlign",185.38,185.43,"l"
"PhonAlign",185.43,185.48,"@"
"PhonAlign",185.48,186.4,"fp"
"PhonAlign",186.4,186.49,"a~"
"PhonAlign",186.49,186.59,"f"
"PhonAlign",186.59,186.84,"U~/"
"PhonAlign",186.84,187.03,"d"
"PhonAlign",187.03,187.09,"e"
"PhonAlign",187.09,187.21,"S"
"PhonAlign",187.21,187.27,"O/"
"PhonAlign",187.27,187.35,"z"
"PhonAlign",187.35,187.38,"k"
"PhonAlign",187.38,187.43,"i"
"PhonAlign",187.43,187.48,"p"
"PhonAlign",187.48,187.57,"R"
"PhonAlign",187.57,187.62,"2"
"PhonAlign",187.62,187.72,"n"
"PhonAlign",187.72,187.91,"e"
"PhonAlign",187.91,188.02,"d"
"PhonAlign",188.02,188.12,"e"
"PhonAlign",188.12,188.26,"m"
"PhonAlign",188.26,188.42,"w"
"PhonAlign",188.42,188.47,"A/"
"PhonAlign",188.47,188.51,"v"
"PhonAlign",188.51,188.61,"w"
"PhonAlign",188.61,188.64,"A/"
"PhonAlign",188.64,188.67,"R"
"PhonAlign",188.67,188.7,"d"
"PhonAlign",188.7,188.77,"e"
"PhonAlign",188.77,188.87,"z"
"PhonAlign",188.87,188.94,"A/"
"PhonAlign",188.94,188.99,"n"
"PhonAlign",188.99,189.11,"e"
"PhonAlign",189.11,189.14,"A/"
"PhonAlign",189.14,189.26,"s"
"PhonAlign",189.26,189.29,"E"
"PhonAlign",189.29,189.34,"R"
"PhonAlign",189.34,189.41,"t"
"PhonAlign",189.41,189.46,"U~/"
"PhonAlign",189.46,189.57,"S"
"PhonAlign",189.57,189.6,"E"
"PhonAlign",189.6,189.65,"R"
"PhonAlign",189.65,189.8,"S"
"PhonAlign",189.8,189.88,"9"
"PhonAlign",189.88,189.99,"R"
"PhonAlign",189.99,190.02,"p"
"PhonAlign",190.02,190.09,"u"
"PhonAlign",190.09,190.13,"R"
"PhonAlign",190.13,190.22,"i"
"PhonAlign",190.22,190.25,"d"
"PhonAlign",190.25,190.38,"a~"
"PhonAlign",190.38,190.47,"t"
"PhonAlign",190.47,190.51,"i"
"PhonAlign",190.51,190.62,"f"
"PhonAlign",190.62,190.66,"j"
"PhonAlign",190.66,190.69,"e"
"PhonAlign",190.69,190.72,"R"
"PhonAlign",190.72,190.8,"s"
"PhonAlign",190.8,190.83,"E"
"PhonAlign",190.83,190.88,"R"
"PhonAlign",190.88,190.95,"t"
"PhonAlign",190.95,191.0,"E"
"PhonAlign",191.0,191.06,"n"
"PhonAlign",191.06,191.18,"S"
"PhonAlign",191.18,191.27,"O/"
"PhonAlign",191.27,191.3,"z"
"PhonAlign",191.3,191.33,"d"
"PhonAlign",191.33,191.43,"a~"
"PhonAlign",191.43,191.5,"d"
"PhonAlign",191.5,191.56,"E"
"PhonAlign",191.56,191.59,"l"
"PhonAlign",191.59,191.66,"i"
"PhonAlign",191.66,191.69,"v"
"PhonAlign",191.69,191.79,"R"
"PhonAlign",191.79,191.87,"p"
"PhonAlign",191.87,191.92,"A/"
"PhonAlign",191.92,191.96,"p"
"PhonAlign",191.96,192.08,"j"
"PhonAlign",192.08,192.24,"e"
"PhonAlign",192.24,192.64,"z"
"PhonAlign",192.64,192.75,"s"
"PhonAlign",192.75,192.79,"A/"
"PhonAlign",192.79,192.82,"p"
"PhonAlign",192.82,192.91,"R"
"PhonAlign",192.91,193.0,"a~"
"PhonAlign",193.0,193.05,"k"
"PhonAlign",193.05,193.15,"E"
"PhonAlign",193.15,193.19,"l"
"PhonAlign",193.19,193.22,"k"
"PhonAlign",193.22,193.27,"@"
"PhonAlign",193.27,193.4,"s"
"PhonAlign",193.4,193.43,"2"
"PhonAlign",193.43,193.46,"g"
"PhonAlign",193.46,193.64,"O~"
"PhonAlign",193.64,193.67,"d"
"PhonAlign",193.67,193.74,"A/"
"PhonAlign",193.74,193.77,"v"
"PhonAlign",193.77,193.87,"E"
"PhonAlign",193.87,193.93,"k"
"PhonAlign",193.93,193.96,"y"
"PhonAlign",193.96,193.99,"n"
"PhonAlign",193.99,194.08,"f"
"PhonAlign",194.08,194.15,"O~"
"PhonAlign",194.15,194.18,"k"
"PhonAlign",194.18,194.27,"s"
"PhonAlign",194.27,194.3,"j"
"PhonAlign",194.3,194.33,"O~"
"PhonAlign",194.33,194.39,"d"
"PhonAlign",194.39,194.53,"R"
"PhonAlign",194.53,194.64,"S"
"PhonAlign",194.64,194.7,"E"
"PhonAlign",194.7,194.76,"R"
"PhonAlign",194.76,195.0,"S"
"PhonAlign",195.0,195.7,"#"
"PhonAlign",195.7,195.74,"p"
"PhonAlign",195.74,195.77,"A/"
"PhonAlign",195.77,195.8,"R"
"PhonAlign",195.8,195.85,"E"
"PhonAlign",195.85,195.89,"g"
"PhonAlign",195.89,195.95,"s"
"PhonAlign",195.95,195.98,"a~"
"PhonAlign",195.98,196.19,"p"
"PhonAlign",196.19,196.23,"l"
"PhonAlign",196.23,196.82,"#"
"PhonAlign",196.82,196.86,"d"
"PhonAlign",196.86,196.93,"O~"
"PhonAlign",196.93,197.07,"s"
"PhonAlign",197.07,197.1,"e"
"PhonAlign",197.1,197.13,"v"
"PhonAlign",197.13,197.16,"R"
"PhonAlign",197.16,197.21,"E"
"PhonAlign",197.21,197.28,"k"
"PhonAlign",197.28,197.32,"@"
"PhonAlign",197.32,197.39,"d"
"PhonAlign",197.39,197.45,"a~"
"PhonAlign",197.45,197.48,"m"
"PhonAlign",197.48,197.51,"O~"
"PhonAlign",197.51,197.63,"d"
"PhonAlign",197.63,197.77,"O/"
"PhonAlign",197.77,197.85,"m"
"PhonAlign",197.85,197.93,"E"
"PhonAlign",197.93,198.05,"n"
"PhonAlign",198.05,198.12,"@"
"PhonAlign",198.12,198.28,"S"
"PhonAlign",198.28,198.41,"e"
"PhonAlign",198.41,198.49,"b"
"PhonAlign",198.49,198.63,"O/"
"PhonAlign",198.63,198.69,"k"
"PhonAlign",198.69,198.72,"u"
"PhonAlign",198.72,198.78,"b"
"PhonAlign",198.78,198.83,"O/"
"PhonAlign",198.83,198.86,"k"
"PhonAlign",198.86,198.89,"u"
"PhonAlign",198.89,198.92,"R"
"PhonAlign",198.92,198.97,"k"
"PhonAlign",198.97,199.03,"u"
"PhonAlign",199.03,199.06,"R"
"PhonAlign",199.06,199.09,"O/"
"PhonAlign",199.09,199.12,"n"
"PhonAlign",199.12,199.15,"y"
"PhonAlign",199.15,199.18,"m"
"PhonAlign",199.18,199.21,"E"
"PhonAlign",199.21,199.26,"R"
"PhonAlign",199.26,199.29,"i"
"PhonAlign",199.29,199.93,"k"
"PhonAlign",199.93,200.37,"#"
"PhonAlign",200.37,201.15,"fp"
"PhonAlign",201.15,201.18,"e"
"PhonAlign",201.18,201.28,"O~"
"PhonAlign",201.28,201.4,"n"
"PhonAlign",201.4,201.43,"v"
"PhonAlign",201.43,201.49,"w"
"PhonAlign",201.49,201.55,"A/"
"PhonAlign",201.55,201.64,"k"
"PhonAlign",201.64,201.71,"j"
"PhonAlign",201.71,201.74,"A/"
"PhonAlign",201.74,201.78,"y"
"PhonAlign",201.78,201.82,"n"
"PhonAlign",201.82,201.89,"e"
"PhonAlign",201.89,201.93,"v"
"PhonAlign",201.93,202.01,"O/"
"PhonAlign",202.01,202.04,"l"
"PhonAlign",202.04,202.09,"y"
"PhonAlign",202.09,202.27,"s"
"PhonAlign",202.27,202.3,"j"
"PhonAlign",202.3,202.63,"O~"
"PhonAlign",202.63,203.02,"fp"
"PhonAlign",203.02,203.62,"#"
"PhonAlign",203.62,203.76,"U~/"
"PhonAlign",203.76,203.79,"p"
"PhonAlign",203.79,203.88,"2"
"PhonAlign",203.88,203.97,"l"
"PhonAlign",203.97,204.09,"a~"
"PhonAlign",204.09,204.23,"t"
"PhonAlign",204.23,204.29,"p"
"PhonAlign",204.29,204.32,"A/"
"PhonAlign",204.32,204.39,"R"
"PhonAlign",204.39,204.47,"f"
"PhonAlign",204.47,204.51,"w"
"PhonAlign",204.51,204.58,"A/"
"PhonAlign",204.58,204.61,"p"
"PhonAlign",204.61,204.69,"s"
"PhonAlign",204.69,204.75,"k"
"PhonAlign",204.75,204.78,"l"
"PhonAlign",204.78,204.87,"E"
"PhonAlign",204.87,204.9,"p"
"PhonAlign",204.9,204.93,"R"
"PhonAlign",204.93,205.0,"O/"
"PhonAlign",205.0,205.08,"f"
"PhonAlign",205.08,205.12,"E"
"PhonAlign",205.12,205.27,"s"
"PhonAlign",205.27,205.31,"9"
"PhonAlign",205.31,205.36,"R"
"PhonAlign",205.36,205.48,"s"
"PhonAlign",205.48,205.71,"O~"
"PhonAlign",205.71,205.88,"s"
"PhonAlign",205.88,205.98,"O~"
"PhonAlign",205.98,206.13,"t"
"PhonAlign",206.13,206.25,"p"
"PhonAlign",206.25,206.28,"l"
"PhonAlign",206.28,206.36,"y"
"PhonAlign",206.36,206.45,"z"
"PhonAlign",206.45,206.51,"A/"
"PhonAlign",206.51,206.64,"Z"
"PhonAlign",206.64,206.75,"e"
"PhonAlign",206.75,206.83,"k"
"PhonAlign",206.83,206.91,"m"
"PhonAlign",206.91,206.97,"w"
"PhonAlign",206.97,207.01,"A/"
"PhonAlign",207.01,207.14,"s"
"PhonAlign",207.14,207.2,"u"
"PhonAlign",207.2,207.23,"v"
"PhonAlign",207.23,207.36,"a~"
"PhonAlign",207.36,207.43,"t"
"PhonAlign",207.43,208.125,"#"
"PhonAlign",208.125,208.505,"fp"
"PhonAlign",208.505,208.595,"E"
"PhonAlign",208.595,208.765,"i"
"PhonAlign",208.765,208.845,"z"
"PhonAlign",208.845,208.905,"O~"
"PhonAlign",208.905,208.955,"y"
"PhonAlign",208.955,208.985,"n"
"PhonAlign",208.985,209.015,"y"
"PhonAlign",209.015,209.085,"t"
"PhonAlign",209.085,209.125,"i"
"PhonAlign",209.125,209.155,"l"
"PhonAlign",209.155,209.185,"i"
"PhonAlign",209.185,209.215,"z"
"PhonAlign",209.215,209.265,"A/"
"PhonAlign",209.265,209.415,"s"
"PhonAlign",209.415,209.445,"j"
"PhonAlign",209.445,209.625,"O~"
"PhonAlign",209.625,209.875,"U~/"
"PhonAlign",209.875,210.015,"p"
"PhonAlign",210.015,210.625,"2"
"PhonAlign",210.625,210.655,"p"
"PhonAlign",210.655,210.685,"l"
"PhonAlign",210.685,210.715,"y"
"PhonAlign",210.715,210.785,"z"
"PhonAlign",210.785,211.215,"#"
"PhonAlign",211.215,211.8,"fp"
"PhonAlign",211.8,212.0,"#"
"PhonAlign",212.0,212.05,"f"
"PhonAlign",212.05,212.16,"R"
"PhonAlign",212.16,212.24,"A/"
"PhonAlign",212.24,212.42,"Z"
"PhonAlign",212.42,212.48,"i"
"PhonAlign",212.48,212.52,"l"
"PhonAlign",212.52,212.61,"U~/"
"PhonAlign",212.61,212.66,"p"
"PhonAlign",212.66,212.73,"2"
"PhonAlign",212.73,212.79,"p"
"PhonAlign",212.79,212.89,"l"
"PhonAlign",212.89,213.01,"y"
"PhonAlign",213.01,213.14,"s"
"PhonAlign",213.14,213.73,"t"
"PhonAlign",213.73,213.76,"i"
"PhonAlign",213.76,213.79,"m"
"PhonAlign",213.79,213.82,"i"
"PhonAlign",213.82,213.85,"d"
"PhonAlign",213.85,213.98,"@"
"PhonAlign",213.98,214.05,"d"
"PhonAlign",214.05,214.11,"y"
"PhonAlign",214.11,214.15,"n"
"PhonAlign",214.15,214.19,"y"
"PhonAlign",214.19,214.22,"m"
"PhonAlign",214.22,214.31,"E"
"PhonAlign",214.31,214.34,"R"
"PhonAlign",214.34,214.42,"i"
"PhonAlign",214.42,214.56,"k"
"PhonAlign",214.56,214.845,"#"
"PhonAlign",214.845,214.885,"d"
"PhonAlign",214.885,214.965,"a~"
"PhonAlign",214.965,214.995,"n"
"PhonAlign",214.995,215.035,"O/"
"PhonAlign",215.035,215.065,"d"
"PhonAlign",215.065,215.155,"O/"
"PhonAlign",215.155,215.195,"m"
"PhonAlign",215.195,215.245,"E"
"PhonAlign",215.245,215.275,"n"
"PhonAlign",215.275,215.367188,"z"
"PhonAlign",215.367188,228.385,"#"
"PhonAlign",228.385,228.855,"noise"
"PhonAlign",228.855,233.070069,"#"
"PhonAlign",233.070069,233.110069,"A/"
"PhonAlign",233.110069,233.260069,"l"
"PhonAlign",233.260069,233.620069,"R"
"PhonAlign",233.620069,233.970069,"O/"
"PhonAlign",233.970069,234.030069,"p"
"PhonAlign",234.030069,234.090069,"9"
"PhonAlign",234.090069,234.150069,"n"
"PhonAlign",234.150069,234.260069,"s"
"PhonAlign",234.260069,234.350069,"u"
"PhonAlign",234.350069,234.420069,"R"
"PhonAlign",234.420069,234.530069,"s"
"PhonAlign",234.530069,234.670069,"s"
"PhonAlign",234.670069,234.739688,"e"
"PhonAlign",234.739688,237.355,"#"
"PhonAlign",237.355,237.495,"u"
"PhonAlign",237.495,237.642188,"i"
"PhonAlign",237.642188,243.145,"#"
"PhonAlign",243.145,243.225,"e"
"PhonAlign",243.225,243.255,"g"
"PhonAlign",243.255,243.345,"z"
"PhonAlign",243.345,243.395,"A/"
"PhonAlign",243.395,243.455,"k"
"PhonAlign",243.455,243.545,"t"
"PhonAlign",243.545,243.585,"2"
"PhonAlign",243.585,243.655,"m"
"PhonAlign",243.655,243.855,"a~"
"PhonAlign",243.855,243.905,"u"
"PhonAlign",243.905,244.054688,"i"
"PhonAlign",244.054688,253.345,"#"
"PhonAlign",253.345,253.405,"u"
"PhonAlign",253.405,253.605938,"i"
"PhonAlign",253.605938,256.38,"#"
"PhonAlign",256.38,256.42,"v"
"PhonAlign",256.42,256.48,"w"
"PhonAlign",256.48,256.51,"A/"
"PhonAlign",256.51,256.54,"l"
"PhonAlign",256.54,256.61,"A/"
"PhonAlign",256.61,256.71,"s"
"PhonAlign",256.71,256.74,"e"
"PhonAlign",256.74,256.8,"s"
"PhonAlign",256.8,256.86,"k"
"PhonAlign",256.86,256.95,"Z"
"PhonAlign",256.95,256.98,"A/"
"PhonAlign",256.98,257.01,"l"
"PhonAlign",257.01,257.12,"E"
"PhonAlign",257.12,257.19,"z"
"PhonAlign",257.19,257.22,"d"
"PhonAlign",257.22,257.25,"i"
"PhonAlign",257.25,257.37,"R"
"PhonAlign",257.37,257.49,"@"
"PhonAlign",257.49,257.52,"u"
"PhonAlign",257.52,257.63,"i"
"PhonAlign",257.63,257.69,"#"
"PhonAlign",257.69,257.824688,"m"
"PhonAlign",257.824688,265.57,"#"
"PhonAlign",265.57,265.61,"w"
"PhonAlign",265.61,265.69,"E"
"PhonAlign",265.69,265.81,"s"
"PhonAlign",265.81,265.84,"e"
"PhonAlign",265.84,265.87,"v"
"PhonAlign",265.87,265.9,"R"
"PhonAlign",265.9,265.97,"E"
"PhonAlign",265.97,266.03,"A/"
"PhonAlign",266.03,266.11,"p"
"PhonAlign",266.11,266.16,"@"
"PhonAlign",266.16,266.22,"l"
"PhonAlign",266.22,266.32,"e"
"PhonAlign",266.32,266.36,"t"
"PhonAlign",266.36,266.4,"O/"
"PhonAlign",266.4,266.47,"t"
"PhonAlign",266.47,266.5,"A/"
"PhonAlign",266.5,266.53,"l"
"PhonAlign",266.53,266.58,"m"
"PhonAlign",266.58,266.65,"a~"
"PhonAlign",266.65,266.78,"b"
"PhonAlign",266.78,266.81,"l"
"PhonAlign",266.81,266.9,"O/"
"PhonAlign",266.9,266.95,"k"
"PhonAlign",266.95,267.05,"e"
"PhonAlign",267.05,267.09,"p"
"PhonAlign",267.09,267.14,"A/"
"PhonAlign",267.14,267.19,"R"
"PhonAlign",267.19,267.24,"E"
"PhonAlign",267.24,267.27,"g"
"PhonAlign",267.27,267.32,"z"
"PhonAlign",267.32,267.46,"a~"
"PhonAlign",267.46,267.51,"p"
"PhonAlign",267.51,267.57,"l"
"PhonAlign",267.57,268.01,"@"
"PhonAlign",268.01,268.19,"i"
"PhonAlign",268.19,268.22,"a~"
"PhonAlign",268.22,268.33,"f"
"PhonAlign",268.33,268.45,"U~/"
"PhonAlign",268.45,268.75,"s"
"PhonAlign",268.75,268.84,"t"
"PhonAlign",268.84,268.88,"E"
"PhonAlign",268.88,268.92,"l"
"PhonAlign",268.92,268.99,"A/"
"PhonAlign",268.99,269.02,"p"
"PhonAlign",269.02,269.06,"O/"
"PhonAlign",269.06,269.09,"l"
"PhonAlign",269.09,269.14,"i"
"PhonAlign",269.14,269.18,"t"
"PhonAlign",269.18,269.28,"i"
"PhonAlign",269.28,269.31,"k"
"PhonAlign",269.31,269.34,"d"
"PhonAlign",269.34,269.41,"s"
"PhonAlign",269.41,269.48,"t"
"PhonAlign",269.48,269.54,"i"
"PhonAlign",269.54,269.57,"v"
"PhonAlign",269.57,269.61,"d"
"PhonAlign",269.61,269.68,"Z"
"PhonAlign",269.68,269.71,"O/"
"PhonAlign",269.71,269.76,"b"
"PhonAlign",269.76,269.83,"z"
"PhonAlign",269.83,269.87,"A/"
"PhonAlign",269.87,269.9,"l"
"PhonAlign",269.9,269.97,"A/"
"PhonAlign",269.97,270.03,"b"
"PhonAlign",270.03,270.11,"A/"
"PhonAlign",270.11,270.18,"z"
"PhonAlign",270.18,270.24,"k"
"PhonAlign",270.24,270.3,"a~"
"PhonAlign",270.3,270.39,"t"
"PhonAlign",270.39,270.42,"i"
"PhonAlign",270.42,270.48,"z"
"PhonAlign",270.48,270.57,"O~"
"PhonAlign",270.57,270.63,"k"
"PhonAlign",270.63,270.7,"R"
"PhonAlign",270.7,270.8,"E"
"PhonAlign",270.8,270.83,"e"
"PhonAlign",270.83,270.86,"l"
"PhonAlign",270.86,271.31,"A/"
"PhonAlign",271.31,271.45,"l"
"PhonAlign",271.45,271.54,"a~"
"PhonAlign",271.54,271.59,"t"
"PhonAlign",271.59,271.64,"R"
"PhonAlign",271.64,271.67,"2"
"PhonAlign",271.67,271.7,"p"
"PhonAlign",271.7,271.79,"R"
"PhonAlign",271.79,271.84,"i"
"PhonAlign",271.84,271.96,"z"
"PhonAlign",271.96,272.06,"s"
"PhonAlign",272.06,272.1,"e"
"PhonAlign",272.1,272.16,"k"
"PhonAlign",272.16,272.28,"i"
"PhonAlign",272.28,272.31,"v"
"PhonAlign",272.31,272.36,"u"
"PhonAlign",272.36,272.39,"l"
"PhonAlign",272.39,272.48,"e"
"PhonAlign",272.48,272.53,"k"
"PhonAlign",272.53,272.57,"@"
"PhonAlign",272.57,272.67,"p"
"PhonAlign",272.67,272.7,"E"
"PhonAlign",272.7,272.73,"R"
"PhonAlign",272.73,272.85,"s"
"PhonAlign",272.85,272.89,"O/"
"PhonAlign",272.89,272.97,"n"
"PhonAlign",272.97,273.07,"n"
"PhonAlign",273.07,273.15,"i"
"PhonAlign",273.15,273.925,"#"
"PhonAlign",273.925,273.96500000000003,"k"
"PhonAlign",273.96500000000003,274.005,"O/"
"PhonAlign",274.005,274.065,"m"
"PhonAlign",274.065,274.165,"a~"
"PhonAlign",274.165,274.295,"t"
"PhonAlign",274.295,276.005,"#"
"PhonAlign",276.005,276.115,"A/"
"PhonAlign",276.115,276.205,"u"
"PhonAlign",276.205,276.295,"i"
"PhonAlign",276.295,276.345,"u"
"PhonAlign",276.345,276.455,"i"
"PhonAlign",276.455,276.595,"s"
"PhonAlign",276.595,276.625,"e"
"PhonAlign",276.625,276.655,"v"
"PhonAlign",276.655,276.685,"R"
"PhonAlign",276.685,276.785,"E"
"PhonAlign",276.785,276.835,"k"
"PhonAlign",276.835,276.985,"@"
"PhonAlign",276.985,277.115,"t"
"PhonAlign",277.115,277.145,"u"
"PhonAlign",277.145,277.175,"l"
"PhonAlign",277.175,277.205,"9"
"PhonAlign",277.205,277.235,"R"
"PhonAlign",277.235,277.405,"s"
"PhonAlign",277.405,277.435,"i"
"PhonAlign",277.435,277.465,"s"
"PhonAlign",277.465,277.495,"t"
"PhonAlign",277.495,277.565,"E"
"PhonAlign",277.565,277.595,"m"
"PhonAlign",277.595,277.625,"t"
"PhonAlign",277.625,277.655,"b"
"PhonAlign",277.655,277.685,"l"
"PhonAlign",277.685,277.785,"O/"
"PhonAlign",277.785,277.845,"k"
"PhonAlign",277.845,278.075,"e"
"PhonAlign",278.075,278.105,"l"
"PhonAlign",278.105,278.165,"9"
"PhonAlign",278.165,278.255,"R"
"PhonAlign",278.255,278.295,"i"
"PhonAlign",278.295,278.395,"f"
"PhonAlign",278.395,278.465,"O/"
"PhonAlign",278.465,278.495,"n"
"PhonAlign",278.495,278.525,"a~"
"PhonAlign",278.525,278.555,"f"
"PhonAlign",278.555,278.665,"U~/"
"PhonAlign",278.665,278.765,"O/"
"PhonAlign",278.765,278.845,"f"
"PhonAlign",278.845,278.895,"i"
"PhonAlign",278.895,278.925,"n"
"PhonAlign",278.925,279.025,"A/"
"PhonAlign",279.025,279.145,"l"
"PhonAlign",279.145,279.275,"s"
"PhonAlign",279.275,279.355,"e"
"PhonAlign",279.355,279.425,"t"
"PhonAlign",279.425,279.505,"R"
"PhonAlign",279.505,279.635,"E"
"PhonAlign",279.635,279.685,"p"
"PhonAlign",279.685,279.735,"2"
"PhonAlign",279.735,279.785,"p"
"PhonAlign",279.785,279.845,"E"
"PhonAlign",279.845,279.885,"R"
"PhonAlign",279.885,279.985,"s"
"PhonAlign",279.985,280.015,"O/"
"PhonAlign",280.015,280.045,"n"
"PhonAlign",280.045,280.085,"A/"
"PhonAlign",280.085,280.115,"l"
"PhonAlign",280.115,280.155,"i"
"PhonAlign",280.155,280.265,"z"
"PhonAlign",280.265,280.345,"A/"
"PhonAlign",280.345,280.385,"b"
"PhonAlign",280.385,280.415,"l"
"PhonAlign",280.415,280.465,"@"
"PhonAlign",280.465,280.535,"k"
"PhonAlign",280.535,280.625,"a~"
"PhonAlign",280.625,280.685,"t"
"PhonAlign",280.685,280.755,"O~"
"PhonAlign",280.755,280.825,"R"
"PhonAlign",280.825,280.855,"@"
"PhonAlign",280.855,280.885,"g"
"PhonAlign",280.885,280.945,"A/"
"PhonAlign",280.945,280.975,"R"
"PhonAlign",280.975,281.065,"d"
"PhonAlign",281.065,281.219547,"@"
"PhonAlign",281.219547,281.76366,"#"
"PhonAlign",281.76366,281.80366000000004,"l"
"PhonAlign",281.80366000000004,281.88366,"e"
"PhonAlign",281.88366,281.93366000000003,"t"
"PhonAlign",281.93366000000003,281.98366000000004,"E"
"PhonAlign",281.98366000000004,282.01366,"l"
"PhonAlign",282.01366,282.06366,"E"
"PhonAlign",282.06366,282.16366,"f"
"PhonAlign",282.16366,282.26366,"O/"
"PhonAlign",282.26366,282.32366,"n"
"PhonAlign",282.32366,282.42366000000004,"u"
"PhonAlign",282.42366000000004,282.45366,"l"
"PhonAlign",282.45366,282.59366,"e"
"PhonAlign",282.59366,282.62366000000003,"z"
"PhonAlign",282.62366000000003,282.68366000000003,"m"
"PhonAlign",282.68366000000003,282.71366,"w"
"PhonAlign",282.71366,282.74366000000003,"A/"
"PhonAlign",282.74366000000003,282.83366,"S"
"PhonAlign",282.83366,282.95366,"s"
"PhonAlign",282.95366,282.98366000000004,"y"
"PhonAlign",282.98366000000004,283.01366,"i"
"PhonAlign",283.01366,283.12366000000003,"s"
"PhonAlign",283.12366000000003,283.15366,"y"
"PhonAlign",283.15366,283.19366,"R"
"PhonAlign",283.19366,283.24366000000003,"m"
"PhonAlign",283.24366000000003,283.34366,"A/"
"PhonAlign",283.34366,283.41366,"k"
"PhonAlign",283.41366,283.45366,"p"
"PhonAlign",283.45366,283.52366,"A/"
"PhonAlign",283.52366,283.55366000000004,"R"
"PhonAlign",283.55366000000004,283.59366,"E"
"PhonAlign",283.59366,283.62366000000003,"g"
"PhonAlign",283.62366000000003,283.70366,"z"
"PhonAlign",283.70366,283.80366000000004,"a~"
"PhonAlign",283.80366000000004,283.87366000000003,"p"
"PhonAlign",283.87366000000003,283.97366,"l"
"PhonAlign",283.97366,284.05366000000004,"E"
"PhonAlign",284.05366000000004,284.17366000000004,"s"
"PhonAlign",284.17366000000004,284.22366,"e"
"PhonAlign",284.22366,284.25366,"v"
"PhonAlign",284.25366,284.32366,"R"
"PhonAlign",284.32366,284.36366000000004,"E"
"PhonAlign",284.36366000000004,284.40366,"k"
"PhonAlign",284.40366,284.51366,"s"
"PhonAlign",284.51366,284.55366000000004,"e"
"PhonAlign",284.55366000000004,284.58366,"p"
"PhonAlign",284.58366,284.61366000000004,"l"
"PhonAlign",284.61366000000004,284.64366,"y"
"PhonAlign",284.64366,284.67366000000004,"f"
"PhonAlign",284.67366000000004,284.70366,"l"
"PhonAlign",284.70366,284.73366000000004,"y"
"PhonAlign",284.73366000000004,284.76366,"i"
"PhonAlign",284.76366,284.79366,"d"
"PhonAlign",284.79366,284.82366,"m"
"PhonAlign",284.82366,284.89366,"E"
"PhonAlign",284.89366,284.93366000000003,"p"
"PhonAlign",284.93366000000003,284.98366000000004,"A/"
"PhonAlign",284.98366000000004,285.05366000000004,"R"
"PhonAlign",285.05366000000004,285.10366,"k"
"PhonAlign",285.10366,285.22366,"O~"
"PhonAlign",285.22366,285.27366,"t"
"PhonAlign",285.27366,285.38366,"R"
"PhonAlign",285.38366,285.47366,"S"
"PhonAlign",285.47366,285.54366,"p"
"PhonAlign",285.54366,285.57366,"@"
"PhonAlign",285.57366,285.60366,"R"
"PhonAlign",285.60366,285.63366,"j"
"PhonAlign",285.63366,285.73366000000004,"U~/"
"PhonAlign",285.73366000000004,285.79366,"t"
"PhonAlign",285.79366,285.83366,"u"
"PhonAlign",285.83366,285.99366000000003,"S"
"PhonAlign",285.99366000000003,286.12366000000003,"e"
"PhonAlign",286.12366000000003,286.18366000000003,"O/"
"PhonAlign",286.18366000000003,286.24366000000003,"n"
"PhonAlign",286.24366000000003,286.34366,"i"
"PhonAlign",286.34366,286.38366,"v"
"PhonAlign",286.38366,286.58366,"O/"
"PhonAlign",286.58366,286.789909,"fp"
"PhonAlign",286.789909,287.163479,"#"
"PhonAlign",287.163479,287.223479,"u"
"PhonAlign",287.223479,287.273479,"p"
"PhonAlign",287.273479,287.353479,"R"
"PhonAlign",287.353479,287.413479,"E"
"PhonAlign",287.413479,287.493479,"s"
"PhonAlign",287.493479,287.523479,"k"
"PhonAlign",287.523479,287.553479,"#"
"PhonAlign",287.553479,287.603479,"fp"
"PhonAlign",287.603479,287.633479,"O/"
"PhonAlign",287.633479,287.663479,"n"
"PhonAlign",287.663479,287.693479,"i"
"PhonAlign",287.693479,287.723479,"v"
"PhonAlign",287.723479,287.753479,"O/"
"PhonAlign",287.753479,287.833479,"f"
"PhonAlign",287.833479,287.863479,"O~"
"PhonAlign",287.863479,288.003479,"k"
"PhonAlign",288.003479,288.043479,"s"
"PhonAlign",288.043479,288.073479,"i"
"PhonAlign",288.073479,288.103479,"O/"
"PhonAlign",288.103479,288.133479,"n"
"PhonAlign",288.133479,288.173479,"A/"
"PhonAlign",288.173479,288.203479,"l"
"PhonAlign",288.203479,288.233479,"i"
"PhonAlign",288.233479,288.283479,"t"
"PhonAlign",288.283479,288.313479,"e"
"PhonAlign",288.313479,288.363479,"E"
"PhonAlign",288.363479,288.393479,"t"
"PhonAlign",288.393479,288.423479,"s"
"PhonAlign",288.423479,288.453479,"E"
"PhonAlign",288.453479,288.483479,"t"
"PhonAlign",288.483479,288.513479,"E"
"PhonAlign",288.513479,288.543479,"R"
"PhonAlign",288.543479,288.583479,"A/"
"PhonAlign",288.583479,288.613479,"u"
"PhonAlign",288.613479,288.643479,"p"
"PhonAlign",288.643479,288.673479,"R"
"PhonAlign",288.673479,288.703479,"E"
"PhonAlign",288.703479,288.733479,"s"
"PhonAlign",288.733479,288.763479,"k"
"PhonAlign",288.763479,288.793479,"fp"
"PhonAlign",288.793479,288.823479,"O/"
"PhonAlign",288.823479,288.853479,"n"
"PhonAlign",288.853479,288.903479,"i"
"PhonAlign",288.903479,288.933479,"v"
"PhonAlign",288.933479,289.063479,"O/"
"PhonAlign",289.063479,289.093479,"f"
"PhonAlign",289.093479,289.153479,"O~"
"PhonAlign",289.153479,289.203479,"k"
"PhonAlign",289.203479,289.283479,"s"
"PhonAlign",289.283479,289.313479,"i"
"PhonAlign",289.313479,289.343479,"O/"
"PhonAlign",289.343479,289.383479,"n"
"PhonAlign",289.383479,289.413479,"A/"
"PhonAlign",289.413479,289.443479,"l"
"PhonAlign",289.443479,289.573479,"i"
"PhonAlign",289.573479,289.633479,"t"
"PhonAlign",289.633479,289.743479,"e"
"PhonAlign",289.743479,289.783479,"E"
"PhonAlign",289.783479,289.813479,"t"
"PhonAlign",289.813479,289.883479,"s"
"PhonAlign",289.883479,289.943479,"E"
"PhonAlign",289.943479,290.013479,"t"
"PhonAlign",290.013479,290.043479,"E"
"PhonAlign",290.043479,290.273479,"R"
"PhonAlign",290.273479,290.315,"A/"
"PhonAlign",290.315,290.95,"#"
"PhonAlign",290.95,291.659063,"fp"
"PhonAlign",291.659063,295.485,"#"
"PhonAlign",295.485,295.555,"t"
"PhonAlign",295.555,295.595,"u"
"PhonAlign",295.595,295.675,"t"
"PhonAlign",295.675,295.735,"A/"
"PhonAlign",295.735,295.865,"f"
"PhonAlign",295.865,296.035,"e"
"PhonAlign",296.035,296.105,"t"
"PhonAlign",296.105,296.305,"#"
"PhonAlign",296.305,296.385,"w"
"PhonAlign",296.385,296.485313,"E"
"PhonAlign",296.485313,307.15,"#"
"PhonAlign",307.15,307.39,"E"
"PhonAlign",307.39,307.42,"u"
"PhonAlign",307.42,307.48,"i"
"PhonAlign",307.48,307.6,"s"
"PhonAlign",307.6,307.63,"e"
"PhonAlign",307.63,307.66,"p"
"PhonAlign",307.66,307.7,"l"
"PhonAlign",307.7,307.73999999999995,"y"
"PhonAlign",307.73999999999995,307.86,"s"
"PhonAlign",307.86,307.91,"U~/"
"PhonAlign",307.91,307.94,"p"
"PhonAlign",307.94,308.105,"l"
"PhonAlign",308.105,309.055,"#"
"PhonAlign",309.055,309.095,"w"
"PhonAlign",309.095,309.205,"E"
"PhonAlign",309.205,309.285,"t"
"PhonAlign",309.285,309.315,"u"
"PhonAlign",309.315,309.435,"t"
"PhonAlign",309.435,309.475,"A/"
"PhonAlign",309.475,309.605,"f"
"PhonAlign",309.605,309.635,"e"
"PhonAlign",309.635,309.68,"t"
"PhonAlign",309.68,310.380002,"#"
"PhonAlign",310.380002,310.660313,"noise"
"PhonAlign",310.660313,310.700313,"E"
"PhonAlign",310.700313,310.730313,"A/"
"PhonAlign",310.730313,310.87031299999995,"p"
"PhonAlign",310.87031299999995,310.930313,"R"
"PhonAlign",310.930313,310.990313,"E"
"PhonAlign",310.990313,311.130313,"s"
"PhonAlign",311.130313,311.230313,"e"
"PhonAlign",311.230313,311.270313,"v"
"PhonAlign",311.270313,311.320313,"R"
"PhonAlign",311.320313,311.37031299999995,"e"
"PhonAlign",311.37031299999995,311.400313,"k"
"PhonAlign",311.400313,311.430313,"t"
"PhonAlign",311.430313,311.50031299999995,"y"
"PhonAlign",311.50031299999995,311.550313,"m"
"PhonAlign",311.550313,311.610313,"a~"
"PhonAlign",311.610313,311.710313,"s"
"PhonAlign",311.710313,311.740313,"j"
"PhonAlign",311.740313,311.770313,"O/"
"PhonAlign",311.770313,311.800313,"n"
"PhonAlign",311.800313,311.860313,"E"
"PhonAlign",311.860313,311.890313,"l"
"PhonAlign",311.890313,312.00031299999995,"O/"
"PhonAlign",312.00031299999995,312.030313,"p"
"PhonAlign",312.030313,312.110313,"E"
"PhonAlign",312.110313,312.170313,"n"
"PhonAlign",312.170313,312.31031299999995,"s"
"PhonAlign",312.31031299999995,312.420313,"u"
"PhonAlign",312.420313,312.460313,"R"
"PhonAlign",312.460313,312.600313,"s"
"PhonAlign",312.600313,313.290313,"fp"
"PhonAlign",313.290313,313.540313,"s"
"PhonAlign",313.540313,313.570313,"e"
"PhonAlign",313.570313,313.740313,"s"
"PhonAlign",313.740313,314.630313,"e"
"PhonAlign",314.630313,314.81031299999995,"s"
"PhonAlign",314.81031299999995,314.840313,"e"
"PhonAlign",314.840313,314.87031299999995,"v"
"PhonAlign",314.87031299999995,314.900313,"R"
"PhonAlign",314.900313,314.950313,"e"
"PhonAlign",314.950313,315.010313,"k"
"PhonAlign",315.010313,315.640313,"A/"
"PhonAlign",315.640313,315.69031299999995,"E"
"PhonAlign",315.69031299999995,315.720313,"k"
"PhonAlign",315.720313,315.81031299999995,"s"
"PhonAlign",315.81031299999995,315.840313,"m"
"PhonAlign",315.840313,315.87031299999995,"A/"
"PhonAlign",315.87031299999995,315.900313,"R"
"PhonAlign",315.900313,315.970313,"s"
"PhonAlign",315.970313,316.010313,"E"
"PhonAlign",316.010313,316.040313,"j"
"PhonAlign",316.040313,316.070313,"y"
"PhonAlign",316.070313,316.100313,"n"
"PhonAlign",316.100313,316.140313,"i"
"PhonAlign",316.140313,316.170313,"v"
"PhonAlign",316.170313,316.200313,"E"
"PhonAlign",316.200313,316.230313,"R"
"PhonAlign",316.230313,316.330313,"s"
"PhonAlign",316.330313,316.360313,"i"
"PhonAlign",316.360313,316.450313,"t"
"PhonAlign",316.450313,316.50031299999995,"e"
"PhonAlign",316.50031299999995,316.56031299999995,"O~"
"PhonAlign",316.56031299999995,316.640313,"n"
"PhonAlign",316.640313,316.670313,"E"
"PhonAlign",316.670313,316.860313,"b"
"PhonAlign",316.860313,316.990313,"O/"
"PhonAlign",316.990313,317.090313,"k"
"PhonAlign",317.090313,317.240313,"u"
"PhonAlign",317.240313,317.390313,"s"
"PhonAlign",317.390313,317.420313,"y"
"PhonAlign",317.420313,317.450313,"R"
"PhonAlign",317.450313,317.480313,"l"
"PhonAlign",317.480313,317.600313,"O/"
"PhonAlign",317.600313,317.630313,"p"
"PhonAlign",317.630313,317.700313,"9"
"PhonAlign",317.700313,317.760313,"n"
"PhonAlign",317.760313,317.87031299999995,"s"
"PhonAlign",317.87031299999995,317.930313,"u"
"PhonAlign",317.930313,317.980313,"R"
"PhonAlign",317.980313,318.030313,"s"
"PhonAlign",318.030313,318.100313,"a~"
"PhonAlign",318.100313,318.220313,"s"
"PhonAlign",318.220313,318.270313,"@"
"PhonAlign",318.270313,318.31031299999995,"m"
"PhonAlign",318.31031299999995,318.400313,"O/"
"PhonAlign",318.400313,318.460313,"m"
"PhonAlign",318.460313,318.510313,"a~"
"PhonAlign",318.510313,318.550313,"p"
"PhonAlign",318.550313,318.580313,"s"
"PhonAlign",318.580313,318.62031299999995,"k"
"PhonAlign",318.62031299999995,318.740313,"s"
"PhonAlign",318.740313,318.800313,"e"
"PhonAlign",318.800313,318.850313,"p"
"PhonAlign",318.850313,318.910313,"A/"
"PhonAlign",318.910313,318.94031299999995,"l"
"PhonAlign",318.94031299999995,319.050313,"A/"
"PhonAlign",319.050313,319.080313,"p"
"PhonAlign",319.080313,319.12031299999995,"O/"
"PhonAlign",319.12031299999995,319.150313,"l"
"PhonAlign",319.150313,319.180313,"i"
"PhonAlign",319.180313,319.230313,"t"
"PhonAlign",319.230313,319.350313,"i"
"PhonAlign",319.350313,319.390313,"k"
"PhonAlign",319.390313,319.420313,"@"
"PhonAlign",319.420313,319.480313,"d"
"PhonAlign",319.480313,319.530313,"t"
"PhonAlign",319.530313,319.580313,"u"
"PhonAlign",319.580313,319.610313,"l"
"PhonAlign",319.610313,319.660313,"m"
"PhonAlign",319.660313,319.760313,"O~"
"PhonAlign",319.760313,319.790313,"d"
"PhonAlign",319.790313,319.880313,"a~"
"PhonAlign",319.880313,319.980313,"f"
"PhonAlign",319.980313,320.070313,"E"
"PhonAlign",320.070313,320.270313,"t"
"PhonAlign",320.270313,320.300313,"p"
"PhonAlign",320.300313,320.330313,"A/"
"PhonAlign",320.330313,320.710313,"R"
"PhonAlign",320.710313,320.850313,"A/"
"PhonAlign",320.850313,320.880313,"p"
"PhonAlign",320.880313,320.910313,"O/"
"PhonAlign",320.910313,320.94031299999995,"R"
"PhonAlign",320.94031299999995,321.50031299999995,"O/"
"PhonAlign",321.50031299999995,321.530313,"v"
"PhonAlign",321.530313,321.62031299999995,"w"
"PhonAlign",321.62031299999995,321.650313,"A/"
"PhonAlign",321.650313,321.680313,"l"
"PhonAlign",321.680313,321.820313,"A/"
"PhonAlign",321.820313,322.050313,"O/"
"PhonAlign",322.050313,322.140313,"R"
"PhonAlign",322.140313,322.19031299999995,"A/"
"PhonAlign",322.19031299999995,322.220313,"p"
"PhonAlign",322.220313,322.300313,"O/"
"PhonAlign",322.300313,322.390313,"R"
"PhonAlign",322.390313,322.420313,"k"
"PhonAlign",322.420313,322.450313,"O~"
"PhonAlign",322.450313,322.480313,"A/"
"PhonAlign",322.480313,322.550313,"A/"
"PhonAlign",322.550313,322.580313,"l"
"PhonAlign",322.580313,322.660313,"A/"
"PhonAlign",322.660313,322.730313,"R"
"PhonAlign",322.730313,322.860313,"S"
"PhonAlign",322.860313,322.910313,"E"
"PhonAlign",322.910313,322.960313,"R"
"PhonAlign",322.960313,323.230313,"S"
"PhonAlign",323.230313,323.260313,"w"
"PhonAlign",323.260313,323.39,"E"
"PhonAlign",323.39,324.135,"#"
"PhonAlign",324.135,324.175,"d"
"PhonAlign",324.175,324.225,"y"
"PhonAlign",324.225,324.335,"f"
"PhonAlign",324.335,324.395,"E"
"PhonAlign",324.395,324.455,"d"
"PhonAlign",324.455,324.575,"@"
"PhonAlign",324.575,324.655,"t"
"PhonAlign",324.655,324.695,"u"
"PhonAlign",324.695,324.765,"m"
"PhonAlign",324.765,324.825,"E"
"PhonAlign",324.825,324.875,"t"
"PhonAlign",324.875,325.005,"R"
"PhonAlign",325.005,325.085,"a~"
"PhonAlign",325.085,325.115,"O/"
"PhonAlign",325.115,325.165,"p"
"PhonAlign",325.165,325.225,"9"
"PhonAlign",325.225,325.295,"n"
"PhonAlign",325.295,325.405,"s"
"PhonAlign",325.405,325.485,"u"
"PhonAlign",325.485,325.515,"R"
"PhonAlign",325.515,325.595,"s"
"PhonAlign",325.595,325.655,"p"
"PhonAlign",325.655,325.705,"u"
"PhonAlign",325.705,325.755,"R"
"PhonAlign",325.755,325.855,"k"
"PhonAlign",325.855,325.895,"@"
"PhonAlign",325.895,325.925,"l"
"PhonAlign",325.925,325.995,"A/"
"PhonAlign",325.995,326.075,"R"
"PhonAlign",326.075,326.225,"S"
"PhonAlign",326.225,326.275,"E"
"PhonAlign",326.275,326.305,"R"
"PhonAlign",326.305,326.405,"S"
"PhonAlign",326.405,326.445,"s"
"PhonAlign",326.445,326.485,"w"
"PhonAlign",326.485,326.515,"A/"
"PhonAlign",326.515,326.545,"A/"
"PhonAlign",326.545,326.575,"k"
"PhonAlign",326.575,326.675,"s"
"PhonAlign",326.675,326.705,"E"
"PhonAlign",326.705,326.855,"s"
"PhonAlign",326.855,326.915,"i"
"PhonAlign",326.915,326.975,"b"
"PhonAlign",326.975,327.015,"l"
"PhonAlign",327.015,327.195,"@"
"PhonAlign",327.195,327.405,"#"
"PhonAlign",327.405,327.445,"A/"
"PhonAlign",327.445,327.475,"l"
"PhonAlign",327.475,327.545,"O/"
"PhonAlign",327.545,327.595,"R"
"PhonAlign",327.595,327.655,"k"
"PhonAlign",327.655,327.685,"j"
"PhonAlign",327.685,327.715,"A/"
"PhonAlign",327.715,327.785,"b"
"PhonAlign",327.785,327.875,"O/"
"PhonAlign",327.875,327.955,"k"
"PhonAlign",327.955,327.985,"u"
"PhonAlign",327.985,328.015,"d"
"PhonAlign",328.015,328.075,"y"
"PhonAlign",328.075,328.105,"n"
"PhonAlign",328.105,328.135,"i"
"PhonAlign",328.135,328.165,"v"
"PhonAlign",328.165,328.195,"E"
"PhonAlign",328.195,328.245,"R"
"PhonAlign",328.245,328.355,"s"
"PhonAlign",328.355,328.405,"i"
"PhonAlign",328.405,328.465,"t"
"PhonAlign",328.465,328.525,"e"
"PhonAlign",328.525,328.555,"d"
"PhonAlign",328.555,328.695,"a~"
"PhonAlign",328.695,328.725,"l"
"PhonAlign",328.725,328.775,"m"
"PhonAlign",328.775,328.895,"O~"
"PhonAlign",328.895,328.935,"d"
"PhonAlign",328.935,329.055,"k"
"PhonAlign",329.055,329.095,"j"
"PhonAlign",329.095,329.175,"a~"
"PhonAlign",329.175,329.245,"f"
"PhonAlign",329.245,329.325,"E"
"PhonAlign",329.325,329.425,"t"
"PhonAlign",329.425,329.515,"f"
"PhonAlign",329.515,329.565,"E"
"PhonAlign",329.565,329.665,"R"
"PhonAlign",329.665,329.725,"m"
"PhonAlign",329.725,329.825,"a~"
"PhonAlign",329.825,329.945,"e"
"PhonAlign",329.945,330.025,"R"
"PhonAlign",330.025,330.355,"a~"
"PhonAlign",330.355,330.445,"d"
"PhonAlign",330.445,330.535,"l"
"PhonAlign",330.535,330.595,"9"
"PhonAlign",330.595,330.635,"R"
"PhonAlign",330.635,330.725,"R"
"PhonAlign",330.725,330.805,"S"
"PhonAlign",330.805,330.835,"E"
"PhonAlign",330.835,330.865,"R"
"PhonAlign",330.865,330.955,"S"
"PhonAlign",330.955,331.005,"p"
"PhonAlign",331.005,331.055,"E"
"PhonAlign",331.055,331.125,"j"
"PhonAlign",331.125,331.235,"a~"
"PhonAlign",331.235,331.385,"t"
"PhonAlign",331.385,331.49,"#"
"PhonAlign",331.49,332.72,"fp"
"PhonAlign",332.72,332.89,"e"
"PhonAlign",332.89,332.94,"k"
"PhonAlign",332.94,333.01,"E"
"PhonAlign",333.01,333.11,"l"
"PhonAlign",333.11,333.14,"k"
"PhonAlign",333.14,333.22,"@"
"PhonAlign",333.22,333.25,"p"
"PhonAlign",333.25,333.38,"A/"
"PhonAlign",333.38,333.925,"R"
"PhonAlign",333.925,334.64,"#"
"PhonAlign",334.64,334.73,"w"
"PhonAlign",334.73,334.76,"i"
"PhonAlign",334.76,334.85,"u"
"PhonAlign",334.85,334.88,"i"
"PhonAlign",334.88,335.0,"Z"
"PhonAlign",335.0,335.04,"t"
"PhonAlign",335.04,335.09,"a~"
"PhonAlign",335.09,335.12,"p"
"PhonAlign",335.12,335.21,"R"
"PhonAlign",335.21,335.24,"i"
"PhonAlign",335.24,335.29,"v"
"PhonAlign",335.29,335.37,"A/"
"PhonAlign",335.37,335.46,"z"
"PhonAlign",335.46,335.53,"i"
"PhonAlign",335.53,339.99,"#"
"PhonAlign",339.99,340.08,"w"
"PhonAlign",340.08,340.208438,"E"
"PhonAlign",340.208438,343.347188,"#"
"PhonAlign",343.347188,343.427188,"t"
"PhonAlign",343.427188,343.45718800000003,"u"
"PhonAlign",343.45718800000003,343.487188,"t"
"PhonAlign",343.487188,343.527188,"A/"
"PhonAlign",343.527188,343.63718800000004,"f"
"PhonAlign",343.63718800000004,343.837188,"E"
"PhonAlign",343.837188,343.917188,"u"
"PhonAlign",343.917188,343.967188,"i"
"PhonAlign",343.967188,343.997188,"u"
"PhonAlign",343.997188,344.04,"i"
"PhonAlign",344.04,344.365,"#"
"PhonAlign",344.365,344.40500000000003,"e"
"PhonAlign",344.40500000000003,344.765,"s"
"PhonAlign",344.765,344.845,"e"
"PhonAlign",344.845,344.96500000000003,"v"
"PhonAlign",344.96500000000003,345.035,"R"
"PhonAlign",345.035,345.105,"E"
"PhonAlign",345.105,345.195,"k"
"PhonAlign",345.195,345.285,"@"
"PhonAlign",345.285,345.435,"s"
"PhonAlign",345.435,345.52500000000003,"A/"
"PhonAlign",345.52500000000003,345.65500000000003,"s"
"PhonAlign",345.65500000000003,345.695,"e"
"PhonAlign",345.695,345.795,"s"
"PhonAlign",345.795,345.83500000000004,"e"
"PhonAlign",345.83500000000004,345.875,"d"
"PhonAlign",345.875,345.955,"E"
"PhonAlign",345.955,345.985,"l"
"PhonAlign",345.985,346.055,"i"
"PhonAlign",346.055,346.095,"k"
"PhonAlign",346.095,346.205,"A/"
"PhonAlign",346.205,346.245,"k"
"PhonAlign",346.245,346.285,"O/"
"PhonAlign",346.285,346.355,"m"
"PhonAlign",346.355,346.46500000000003,"s"
"PhonAlign",346.46500000000003,346.505,"y"
"PhonAlign",346.505,346.635,"Z"
"PhonAlign",346.635,346.725,"e"
"PhonAlign",346.725,346.755,"p"
"PhonAlign",346.755,346.785,"A/"
"PhonAlign",346.785,346.815,"R"
"PhonAlign",346.815,346.935,"s"
"PhonAlign",346.935,347.015,"k"
"PhonAlign",347.015,347.185,"O~"
"PhonAlign",347.185,347.21500000000003,"n"
"PhonAlign",347.21500000000003,347.305,"a~"
"PhonAlign",347.305,347.365,"p"
"PhonAlign",347.365,347.415,"A/"
"PhonAlign",347.415,347.445,"R"
"PhonAlign",347.445,347.475,"l"
"PhonAlign",347.475,347.505,"d"
"PhonAlign",347.505,347.58500000000004,"2"
"PhonAlign",347.58500000000004,347.615,"p"
"PhonAlign",347.615,347.665,"l"
"PhonAlign",347.665,347.705,"y"
"PhonAlign",347.705,347.735,"s"
"PhonAlign",347.735,347.83500000000004,"a~"
"PhonAlign",347.83500000000004,347.945,"p"
"PhonAlign",347.945,348.02500000000003,"l"
"PhonAlign",348.02500000000003,348.075,"y"
"PhonAlign",348.075,348.205,"z"
"PhonAlign",348.205,348.245,"k"
"PhonAlign",348.245,348.27500000000003,"@"
"PhonAlign",348.27500000000003,348.345,"b"
"PhonAlign",348.345,348.615,"O/"
"PhonAlign",348.615,348.685,"l"
"PhonAlign",348.685,348.755,"A/"
"PhonAlign",348.755,348.785,"k"
"PhonAlign",348.785,348.865,"O/"
"PhonAlign",348.865,348.90500000000003,"n"
"PhonAlign",348.90500000000003,348.96500000000003,"E"
"PhonAlign",348.96500000000003,349.08500000000004,"s"
"PhonAlign",349.08500000000004,349.195,"a~"
"PhonAlign",349.195,349.235,"s"
"PhonAlign",349.235,349.295,"d"
"PhonAlign",349.295,349.33500000000004,"w"
"PhonAlign",349.33500000000004,349.365,"A/"
"PhonAlign",349.365,349.395,"E"
"PhonAlign",349.395,349.425,"t"
"PhonAlign",349.425,349.455,"A/"
"PhonAlign",349.455,349.485,"k"
"PhonAlign",349.485,349.52500000000003,"s"
"PhonAlign",349.52500000000003,349.555,"E"
"PhonAlign",349.555,349.725,"s"
"PhonAlign",349.725,349.795,"i"
"PhonAlign",349.795,349.825,"b"
"PhonAlign",349.825,349.865,"l"
"PhonAlign",349.865,349.935,"E"
"PhonAlign",349.935,349.975,"l"
"PhonAlign",349.975,350.035,"d"
"PhonAlign",350.035,350.065,"w"
"PhonAlign",350.065,350.095,"A/"
"PhonAlign",350.095,350.125,"E"
"PhonAlign",350.125,350.175,"t"
"PhonAlign",350.175,350.225,"R"
"PhonAlign",350.225,350.285,"A/"
"PhonAlign",350.285,350.315,"k"
"PhonAlign",350.315,350.385,"s"
"PhonAlign",350.385,350.415,"E"
"PhonAlign",350.415,350.52500000000003,"s"
"PhonAlign",350.52500000000003,350.555,"i"
"PhonAlign",350.555,350.625,"b"
"PhonAlign",350.625,350.65500000000003,"l"
"PhonAlign",350.65500000000003,350.725,"A/"
"PhonAlign",350.725,350.805,"t"
"PhonAlign",350.805,351.135,"u"
"PhonAlign",351.135,351.515,"t"
"PhonAlign",351.515,351.545,"l"
"PhonAlign",351.545,351.575,"m"
"PhonAlign",351.575,351.605,"O~"
"PhonAlign",351.605,351.65500000000003,"d"
"PhonAlign",351.65500000000003,351.785,"e"
"PhonAlign",351.785,351.815,"a~"
"PhonAlign",351.815,351.845,"m"
"PhonAlign",351.845,351.875,"E"
"PhonAlign",351.875,351.90500000000003,"m"
"PhonAlign",351.90500000000003,351.935,"a~"
"PhonAlign",351.935,351.96500000000003,"m"
"PhonAlign",351.96500000000003,351.995,"E"
"PhonAlign",351.995,352.02500000000003,"m"
"PhonAlign",352.02500000000003,352.08500000000004,"t"
"PhonAlign",352.08500000000004,352.225,"a~"
"PhonAlign",352.225,352.375,"s"
"PhonAlign",352.375,352.485,"e"
"PhonAlign",352.485,352.515,"v"
"PhonAlign",352.515,352.575,"R"
"PhonAlign",352.575,352.725,"E"
"PhonAlign",352.725,352.77500000000003,"k"
"PhonAlign",352.77500000000003,352.90500000000003,"O~"
"PhonAlign",352.90500000000003,353.005,"n"
"PhonAlign",353.005,353.255,"E"
"PhonAlign",353.255,353.305,"s"
"PhonAlign",353.305,353.345,"t"
"PhonAlign",353.345,353.435,"@"
"PhonAlign",353.435,353.58500000000004,"m"
"PhonAlign",353.58500000000004,353.665,"w"
"PhonAlign",353.665,353.695,"A/"
"PhonAlign",353.695,353.725,"p"
"PhonAlign",353.725,353.755,"u"
"PhonAlign",353.755,353.945,"R"
"PhonAlign",353.945,353.975,"l"
"PhonAlign",353.975,354.035,"U~/"
"PhonAlign",354.035,354.105,"s"
"PhonAlign",354.105,354.175,"t"
"PhonAlign",354.175,354.245,"a~"
"PhonAlign",354.245,354.295,"m"
"PhonAlign",354.295,354.375,"O~"
"PhonAlign",354.375,354.46500000000003,"a~"
"PhonAlign",354.46500000000003,354.545,"b"
"PhonAlign",354.545,354.575,"i"
"PhonAlign",354.575,354.705,"s"
"PhonAlign",354.705,354.735,"j"
"PhonAlign",354.735,354.785,"O~"
"PhonAlign",354.785,354.885,"s"
"PhonAlign",354.885,354.935,"e"
"PhonAlign",354.935,354.96500000000003,"d"
"PhonAlign",354.96500000000003,355.02500000000003,"E"
"PhonAlign",355.02500000000003,355.075,"t"
"PhonAlign",355.075,355.125,"R"
"PhonAlign",355.125,355.195,"a~"
"PhonAlign",355.195,355.295,"s"
"PhonAlign",355.295,355.325,"E"
"PhonAlign",355.325,355.355,"n"
"PhonAlign",355.355,355.385,"j"
"PhonAlign",355.385,355.445,"a~"
"PhonAlign",355.445,355.545,"S"
"PhonAlign",355.545,355.58500000000004,"E"
"PhonAlign",355.58500000000004,355.615,"R"
"PhonAlign",355.615,355.745,"S"
"PhonAlign",355.745,355.83500000000004,"9"
"PhonAlign",355.83500000000004,355.965,"R"
"PhonAlign",355.965,356.37,"#"
"PhonAlign",356.37,356.49,"e"
"PhonAlign",356.49,356.59000000000003,"k"
"PhonAlign",356.59000000000003,356.69,"a~"
"PhonAlign",356.69,356.81,"t"
"PhonAlign",356.81,356.95,"R"
"PhonAlign",356.95,356.98,"2"
"PhonAlign",356.98,357.04,"g"
"PhonAlign",357.04,357.17,"A/"
"PhonAlign",357.17,357.2,"R"
"PhonAlign",357.2,357.23,"d"
"PhonAlign",357.23,357.31,"a~"
"PhonAlign",357.31,357.4,"f"
"PhonAlign",357.4,357.49,"E"
"PhonAlign",357.49,357.59000000000003,"t"
"PhonAlign",357.59000000000003,357.67,"O~"
"PhonAlign",357.67,357.76,"n"
"PhonAlign",357.76,358.02,"e"
"PhonAlign",358.02,358.17,"R"
"PhonAlign",358.17,358.27,"E"
"PhonAlign",358.27,358.34000000000003,"m"
"PhonAlign",358.34000000000003,358.39,"y"
"PhonAlign",358.39,358.44,"n"
"PhonAlign",358.44,358.56,"E"
"PhonAlign",358.56,358.59000000000003,"R"
"PhonAlign",358.59000000000003,358.76,"e"
"PhonAlign",358.76,358.8,"p"
"PhonAlign",358.8,358.99,"u"
"PhonAlign",358.99,359.02,"R"
"PhonAlign",359.02,359.05,"l"
"PhonAlign",359.05,359.1,"k"
"PhonAlign",359.1,359.14,"O/"
"PhonAlign",359.14,359.27,"t"
"PhonAlign",359.27,359.32,"e"
"PhonAlign",359.32,359.41,"a~"
"PhonAlign",359.41,359.54,"s"
"PhonAlign",359.54,359.59000000000003,"E"
"PhonAlign",359.59000000000003,359.65,"n"
"PhonAlign",359.65,359.7,"j"
"PhonAlign",359.7,359.85,"a~"
"PhonAlign",359.85,359.95,"t"
"PhonAlign",359.95,360.26,"#"
"PhonAlign",360.26,360.34,"E"
"PhonAlign",360.34,360.44,"p"
"PhonAlign",360.44,360.51,"u"
"PhonAlign",360.51,360.54,"R"
"PhonAlign",360.54,360.57,"l"
"PhonAlign",360.57,360.6,"k"
"PhonAlign",360.6,360.68,"O/"
"PhonAlign",360.68,360.75,"t"
"PhonAlign",360.75,360.79,"e"
"PhonAlign",360.79,360.92,"S"
"PhonAlign",360.92,360.95,"E"
"PhonAlign",360.95,361.01,"R"
"PhonAlign",361.01,361.13,"S"
"PhonAlign",361.13,361.21,"9"
"PhonAlign",361.21,361.24,"R"
"PhonAlign",361.24,361.27,"p"
"PhonAlign",361.27,361.32,"A/"
"PhonAlign",361.32,361.35,"v"
"PhonAlign",361.35,361.41,"R"
"PhonAlign",361.41,361.44,"E"
"PhonAlign",361.44,361.47,"m"
"PhonAlign",361.47,361.62,"a~"
"PhonAlign",361.62,361.81,"a~"
"PhonAlign",361.81,361.87,"f"
"PhonAlign",361.87,361.96,"E"
"PhonAlign",361.96,362.085,"t"
"PhonAlign",362.085,362.615,"#"
"PhonAlign",362.615,363.575,"laugh"
"PhonAlign",363.575,363.615,"p"
"PhonAlign",363.615,363.785,"A/"
"PhonAlign",363.785,363.985,"R"
"PhonAlign",363.985,364.23,"s"
"PhonAlign",364.23,365.48,"#"
"PhonAlign",365.48,365.75,"E"
"PhonAlign",365.75,365.78,"g"
"PhonAlign",365.78,365.87,"z"
"PhonAlign",365.87,365.98,"A/"
"PhonAlign",365.98,366.05,"k"
"PhonAlign",366.05,366.12,"t"
"PhonAlign",366.12,366.17,"2"
"PhonAlign",366.17,366.21,"m"
"PhonAlign",366.21,366.39,"a~"
"PhonAlign",366.39,366.52,"w"
"PhonAlign",366.52,366.63,"i"
"PhonAlign",366.63,366.82,"s"
"PhonAlign",366.82,366.9500000000001,"e"
"PhonAlign",366.9500000000001,367.08,"s"
"PhonAlign",367.08,367.11,"e"
"PhonAlign",367.11,367.15,"d"
"PhonAlign",367.15,367.2000000000001,"R"
"PhonAlign",367.2000000000001,367.44,"O/"
"PhonAlign",367.44,367.47,"l"
"PhonAlign",367.47,367.51,"f"
"PhonAlign",367.51,367.58,"E"
"PhonAlign",367.58,367.75,"U~/"
"PhonAlign",367.75,367.88,"d"
"PhonAlign",367.88,367.94,"@"
"PhonAlign",367.94,368.07,"t"
"PhonAlign",368.07,368.12,"u"
"PhonAlign",368.12,368.18,"m"
"PhonAlign",368.18,368.23,"E"
"PhonAlign",368.23,368.27,"t"
"PhonAlign",368.27,368.33,"R"
"PhonAlign",368.33,368.39,"a~"
"PhonAlign",368.39,368.5,"O/"
"PhonAlign",368.5,368.55,"p"
"PhonAlign",368.55,368.59,"9"
"PhonAlign",368.59,368.62,"n"
"PhonAlign",368.62,368.67,"A/"
"PhonAlign",368.67,368.8,"k"
"PhonAlign",368.8,368.86,"E"
"PhonAlign",368.86,368.9500000000001,"s"
"PhonAlign",368.9500000000001,368.99,"A/"
"PhonAlign",368.99,369.02,"l"
"PhonAlign",369.02,369.06,"O/"
"PhonAlign",369.06,369.09,"R"
"PhonAlign",369.09,369.12,"k"
"PhonAlign",369.12,369.24,"a~"
"PhonAlign",369.24,369.31,"p"
"PhonAlign",369.31,369.34,"l"
"PhonAlign",369.34,369.41,"y"
"PhonAlign",369.41,369.54,"s"
"PhonAlign",369.54,369.63,"s"
"PhonAlign",369.63,369.7000000000001,"O~"
"PhonAlign",369.7000000000001,369.73,"d"
"PhonAlign",369.73,369.76,"E"
"PhonAlign",369.76,369.85,"S"
"PhonAlign",369.85,369.9,"O/"
"PhonAlign",369.9,369.97,"z"
"PhonAlign",369.97,370.01,"k"
"PhonAlign",370.01,370.09,"O~"
"PhonAlign",370.09,370.17,"n"
"PhonAlign",370.17,370.27,"e"
"PhonAlign",370.27,370.33,"k"
"PhonAlign",370.33,370.41,"R"
"PhonAlign",370.41,370.55,"i"
"PhonAlign",370.55,370.58,"e"
"PhonAlign",370.58,370.62,"k"
"PhonAlign",370.62,370.72,"i"
"PhonAlign",370.72,370.75,"p"
"PhonAlign",370.75,370.79,"R"
"PhonAlign",370.79,370.83,"E"
"PhonAlign",370.83,370.87,"n"
"PhonAlign",370.87,370.91,"d"
"PhonAlign",370.91,370.96,"y"
"PhonAlign",370.96,371.07,"t"
"PhonAlign",371.07,371.17,"a~"
"PhonAlign",371.17,371.24,"E"
"PhonAlign",371.24,371.29,"k"
"PhonAlign",371.29,371.38,"O~"
"PhonAlign",371.38,371.47,"p"
"PhonAlign",371.47,371.55,"y"
"PhonAlign",371.55,371.64,"b"
"PhonAlign",371.64,371.69,"l"
"PhonAlign",371.69,371.94,"i"
"PhonAlign",371.94,372.17,"#"
"PhonAlign",372.17,372.27,"A/"
"PhonAlign",372.27,372.3,"l"
"PhonAlign",372.3,372.35,"O/"
"PhonAlign",372.35,372.42,"R"
"PhonAlign",372.42,372.55,"k"
"PhonAlign",372.55,372.63,"@"
"PhonAlign",372.63,372.68,"b"
"PhonAlign",372.68,372.84,"E"
"PhonAlign",372.84,372.87,"l"
"PhonAlign",372.87,372.94,"e"
"PhonAlign",372.94,373.02,"Z"
"PhonAlign",373.02,373.12,"a~"
"PhonAlign",373.12,373.2000000000001,"k"
"PhonAlign",373.2000000000001,373.3,"i"
"PhonAlign",373.3,373.38,"p"
"PhonAlign",373.38,373.42,"y"
"PhonAlign",373.42,373.49,"b"
"PhonAlign",373.49,373.53,"l"
"PhonAlign",373.53,373.67,"i"
"PhonAlign",373.67,373.7000000000001,"d"
"PhonAlign",373.7000000000001,373.83,"a~"
"PhonAlign",373.83,373.86,"l"
"PhonAlign",373.86,374.02,"@"
"PhonAlign",374.02,374.09,"d"
"PhonAlign",374.09,374.14,"O/"
"PhonAlign",374.14,374.18,"m"
"PhonAlign",374.18,374.21,"E"
"PhonAlign",374.21,374.26,"n"
"PhonAlign",374.26,374.32,"p"
"PhonAlign",374.32,374.41,"R"
"PhonAlign",374.41,374.53,"i"
"PhonAlign",374.53,374.56,"v"
"PhonAlign",374.56,374.68,"e"
"PhonAlign",374.68,374.74,"b"
"PhonAlign",374.74,374.83,"E"
"PhonAlign",374.83,374.88,"i"
"PhonAlign",374.88,375.03,"s"
"PhonAlign",375.03,375.09,"O~"
"PhonAlign",375.09,375.14,"p"
"PhonAlign",375.14,375.17,"E"
"PhonAlign",375.17,375.2000000000001,"j"
"PhonAlign",375.2000000000001,375.42,"e"
"PhonAlign",375.42,375.46,"z"
"PhonAlign",375.46,375.52,"a~"
"PhonAlign",375.52,375.6,"f"
"PhonAlign",375.6,375.63,"E"
"PhonAlign",375.63,375.895,"t"
"PhonAlign",375.895,376.49311,"#"
"PhonAlign",376.49311,376.78311,"E"
"PhonAlign",376.78311,377.03311,"l"
"PhonAlign",377.03311,377.10311,"9"
"PhonAlign",377.10311,377.21311,"R"
"PhonAlign",377.21311,377.29311,"l"
"PhonAlign",377.29311,377.33311,"9"
"PhonAlign",377.33311,377.41311,"R"
"PhonAlign",377.41311,377.46311,"e"
"PhonAlign",377.46311,377.54311,"k"
"PhonAlign",377.54311,377.61311,"R"
"PhonAlign",377.61311,377.75311,"i"
"PhonAlign",377.75311,377.78311,"e"
"PhonAlign",377.78311,377.82311,"p"
"PhonAlign",377.82311,377.85311,"E"
"PhonAlign",377.85311,377.94311,"j"
"PhonAlign",377.94311,378.01311,"a~"
"PhonAlign",378.01311,378.125,"t"
"PhonAlign",378.125,378.995,"#"
"PhonAlign",378.995,379.045,"d"
"PhonAlign",379.045,379.155,"O~"
"PhonAlign",379.155,379.275,"s"
"PhonAlign",379.275,379.315,"e"
"PhonAlign",379.315,379.345,"v"
"PhonAlign",379.345,379.375,"R"
"PhonAlign",379.375,379.435,"E"
"PhonAlign",379.435,379.465,"k"
"PhonAlign",379.465,379.605,"s"
"PhonAlign",379.605,379.785,"e"
"PhonAlign",379.785,379.935,"s"
"PhonAlign",379.935,380.005,"e"
"PhonAlign",380.005,380.105,"d"
"PhonAlign",380.105,380.145,"E"
"PhonAlign",380.145,380.175,"l"
"PhonAlign",380.175,380.215,"i"
"PhonAlign",380.215,380.285,"k"
"PhonAlign",380.285,380.335,"A/"
"PhonAlign",380.335,380.435,"k"
"PhonAlign",380.435,380.465,"O/"
"PhonAlign",380.465,380.495,"m"
"PhonAlign",380.495,380.635,"s"
"PhonAlign",380.635,380.675,"y"
"PhonAlign",380.675,380.755,"Z"
"PhonAlign",380.755,380.785,"e"
"PhonAlign",380.785,380.875,"a~"
"PhonAlign",380.875,380.975,"s"
"PhonAlign",380.975,381.005,"m"
"PhonAlign",381.005,381.065,"O/"
"PhonAlign",381.065,381.095,"m"
"PhonAlign",381.095,381.21,"a~"
"PhonAlign",381.21,382.645,"#"
"PhonAlign",382.645,382.705,"w"
"PhonAlign",382.705,382.784063,"E"
"PhonAlign",382.784063,392.475,"#"
"PhonAlign",392.475,392.545,"E"
"PhonAlign",392.545,392.6350000000001,"u"
"PhonAlign",392.6350000000001,392.835,"i"
"PhonAlign",392.835,393.19,"#"
"PhonAlign",393.19,393.280312,"m"
"PhonAlign",393.280312,397.24,"#"
"PhonAlign",397.24,397.380938,"m"
"PhonAlign",397.380938,399.105,"#"
"PhonAlign",399.105,399.205,"A/"
"PhonAlign",399.205,399.245,"b"
"PhonAlign",399.245,399.345,"s"
"PhonAlign",399.345,399.375,"O/"
"PhonAlign",399.375,399.405,"l"
"PhonAlign",399.405,399.435,"y"
"PhonAlign",399.435,399.475,"m"
"PhonAlign",399.475,399.605,"a~"
"PhonAlign",399.605,399.665,"u"
"PhonAlign",399.665,399.775,"i"
"PhonAlign",399.775,601.655,"#"
"PhonAlign",601.655,601.735,"s"
"PhonAlign",601.735,601.785,"e"
"PhonAlign",601.785,601.8149999999999,"d"
"PhonAlign",601.8149999999999,601.875,"l"
"PhonAlign",601.875,601.925,"O/"
"PhonAlign",601.925,601.975,"p"
"PhonAlign",601.975,602.045,"9"
"PhonAlign",602.045,602.0749999999999,"n"
"PhonAlign",602.0749999999999,602.175,"s"
"PhonAlign",602.175,602.255,"u"
"PhonAlign",602.255,602.3249999999999,"R"
"PhonAlign",602.3249999999999,602.465,"s"
"PhonAlign",602.465,603.015,"#"
"PhonAlign",603.015,603.155,"E"
"PhonAlign",603.155,603.185,"u"
"PhonAlign",603.185,603.222188,"i"
"PhonAlign",603.222188,622.780313,"#"
"PhonAlign",622.780313,622.920313,"s"
"PhonAlign",622.920313,622.9503129999999,"e"
"PhonAlign",622.9503129999999,623.060313,"s"
"PhonAlign",623.060313,623.110313,"A/"
"PhonAlign",623.110313,623.140313,"E"
"PhonAlign",623.140313,623.170313,"g"
"PhonAlign",623.170313,623.230313,"z"
"PhonAlign",623.230313,623.260313,"A/"
"PhonAlign",623.260313,623.290313,"k"
"PhonAlign",623.290313,623.3203129999999,"t"
"PhonAlign",623.3203129999999,623.400313,"2"
"PhonAlign",623.400313,623.430313,"m"
"PhonAlign",623.430313,623.530313,"a~"
"PhonAlign",623.530313,623.630313,"s"
"PhonAlign",623.630313,623.7003129999999,"e"
"PhonAlign",623.7003129999999,623.730313,"l"
"PhonAlign",623.730313,623.800313,"A/"
"PhonAlign",623.800313,623.870313,"t"
"PhonAlign",623.870313,623.930313,"R"
"PhonAlign",623.930313,623.970313,"A/"
"PhonAlign",623.970313,624.000313,"d"
"PhonAlign",624.000313,624.0703129999999,"y"
"PhonAlign",624.0703129999999,624.100313,"k"
"PhonAlign",624.100313,624.160313,"s"
"PhonAlign",624.160313,624.190313,"j"
"PhonAlign",624.190313,624.250313,"O~"
"PhonAlign",624.250313,624.280313,"d"
"PhonAlign",624.280313,624.3303129999999,"@"
"PhonAlign",624.3303129999999,624.360313,"l"
"PhonAlign",624.360313,624.420313,"i"
"PhonAlign",624.420313,624.4503129999999,"b"
"PhonAlign",624.4503129999999,624.510313,"R"
"PhonAlign",624.510313,624.560313,"A/"
"PhonAlign",624.560313,624.600313,"k"
"PhonAlign",624.600313,624.720313,"s"
"PhonAlign",624.720313,624.870313,"E"
"PhonAlign",624.870313,624.935,"z"
"PhonAlign",624.935,625.65,"#"
"PhonAlign",625.65,625.6999999999999,"m"
"PhonAlign",625.6999999999999,625.8199999999999,"s"
"PhonAlign",625.8199999999999,625.85,"e"
"PhonAlign",625.85,625.88,"v"
"PhonAlign",625.88,625.91,"R"
"PhonAlign",625.91,625.99,"E"
"PhonAlign",625.99,626.04,"k"
"PhonAlign",626.04,626.3299999999999,"O~"
"PhonAlign",626.3299999999999,626.4599999999999,"s"
"PhonAlign",626.4599999999999,626.51,"u"
"PhonAlign",626.51,626.55,"v"
"PhonAlign",626.55,626.79,"a~"
"PhonAlign",626.79,626.88,"O~"
"PhonAlign",626.88,626.9399999999999,"d"
"PhonAlign",626.9399999999999,627.0,"i"
"PhonAlign",627.0,627.12,"O/"
"PhonAlign",627.12,627.18,"p"
"PhonAlign",627.18,627.27,"E"
"PhonAlign",627.27,627.3,"n"
"PhonAlign",627.3,627.43,"s"
"PhonAlign",627.43,627.5,"u"
"PhonAlign",627.5,627.55,"R"
"PhonAlign",627.55,627.65,"s"
"PhonAlign",627.65,627.6899999999999,"p"
"PhonAlign",627.6899999999999,627.73,"A/"
"PhonAlign",627.73,627.8199999999999,"s"
"PhonAlign",627.8199999999999,627.88,"k"
"PhonAlign",627.88,627.91,"@"
"PhonAlign",627.91,628.03,"s"
"PhonAlign",628.03,628.14,"e"
"PhonAlign",628.14,628.1899999999999,"d"
"PhonAlign",628.1899999999999,628.29,"a~"
"PhonAlign",628.29,628.3199999999999,"l"
"PhonAlign",628.3199999999999,628.41,"d"
"PhonAlign",628.41,628.5,"O/"
"PhonAlign",628.5,628.55,"m"
"PhonAlign",628.55,628.64,"E"
"PhonAlign",628.64,628.6899999999999,"n"
"PhonAlign",628.6899999999999,628.77,"m"
"PhonAlign",628.77,628.92,"E"
"PhonAlign",628.92,629.43,"f"
"PhonAlign",629.43,629.55,"E"
"PhonAlign",629.55,629.64,"t"
"PhonAlign",629.64,629.75,"u"
"PhonAlign",629.75,629.93,"t"
"PhonAlign",629.93,630.06,"s"
"PhonAlign",630.06,630.15,"k"
"PhonAlign",630.15,630.2099999999999,"j"
"PhonAlign",630.2099999999999,630.24,"E"
"PhonAlign",630.24,630.4399999999999,"a~"
"PhonAlign",630.4399999999999,630.5799999999999,"u"
"PhonAlign",630.5799999999999,630.7099999999999,"i"
"PhonAlign",630.7099999999999,630.74,"v"
"PhonAlign",630.74,630.78,"w"
"PhonAlign",630.78,630.8199999999999,"A/"
"PhonAlign",630.8199999999999,630.85,"l"
"PhonAlign",630.85,631.15,"A/"
"PhonAlign",631.15,631.1899999999999,"m"
"PhonAlign",631.1899999999999,631.3,"E"
"PhonAlign",631.3,631.37,"t"
"PhonAlign",631.37,631.41,"u"
"PhonAlign",631.41,631.5,"s"
"PhonAlign",631.5,631.56,"k"
"PhonAlign",631.56,631.63,"e"
"PhonAlign",631.63,631.66,"l"
"PhonAlign",631.66,631.7099999999999,"i"
"PhonAlign",631.7099999999999,631.75,"b"
"PhonAlign",631.75,631.84,"R"
"PhonAlign",631.84,631.88,"A/"
"PhonAlign",631.88,631.91,"k"
"PhonAlign",631.91,632.05,"s"
"PhonAlign",632.05,632.09,"E"
"PhonAlign",632.09,632.2099999999999,"a~"
"PhonAlign",632.2099999999999,632.3,"f"
"PhonAlign",632.3,632.42,"E"
"PhonAlign",632.42,632.47,"t"
"PhonAlign",632.47,632.85,"O~"
"PhonAlign",632.85,633.175,"#"
"PhonAlign",633.175,633.255,"j"
"PhonAlign",633.255,633.285,"A/"
"PhonAlign",633.285,633.3349999999999,"b"
"PhonAlign",633.3349999999999,633.425,"O/"
"PhonAlign",633.425,633.4549999999999,"k"
"PhonAlign",633.4549999999999,633.535,"u"
"PhonAlign",633.535,633.615,"b"
"PhonAlign",633.615,633.665,"O/"
"PhonAlign",633.665,633.785,"k"
"PhonAlign",633.785,633.8149999999999,"u"
"PhonAlign",633.8149999999999,633.8449999999999,"d"
"PhonAlign",633.8449999999999,633.9549999999999,"S"
"PhonAlign",633.9549999999999,634.015,"O/"
"PhonAlign",634.015,634.0749999999999,"z"
"PhonAlign",634.0749999999999,634.1049999999999,"k"
"PhonAlign",634.1049999999999,634.305,"s"
"PhonAlign",634.305,634.4649999999999,"O~"
"PhonAlign",634.4649999999999,634.515,"a~"
"PhonAlign",634.515,634.5749999999999,"O/"
"PhonAlign",634.5749999999999,634.6049999999999,"p"
"PhonAlign",634.6049999999999,634.665,"9"
"PhonAlign",634.665,634.7049999999999,"n"
"PhonAlign",634.7049999999999,634.8249999999999,"s"
"PhonAlign",634.8249999999999,634.925,"u"
"PhonAlign",634.925,634.9649999999999,"R"
"PhonAlign",634.9649999999999,635.2349999999999,"s"
"PhonAlign",635.2349999999999,635.295,"@"
"PhonAlign",635.295,635.375,"E"
"PhonAlign",635.375,635.505,"s"
"PhonAlign",635.505,635.555,"e"
"PhonAlign",635.555,635.6949999999999,"l"
"PhonAlign",635.6949999999999,635.7349999999999,"t"
"PhonAlign",635.7349999999999,635.785,"E"
"PhonAlign",635.785,635.8349999999999,"R"
"PhonAlign",635.8349999999999,635.895,"m"
"PhonAlign",635.895,635.9849999999999,"U~/"
"PhonAlign",635.9849999999999,636.015,"p"
"PhonAlign",636.015,636.0749999999999,"t"
"PhonAlign",636.0749999999999,636.165,"i"
"PhonAlign",636.165,636.2049999999999,"p"
"PhonAlign",636.2049999999999,636.275,"2"
"PhonAlign",636.275,636.425,"Z"
"PhonAlign",636.425,636.525,"A/"
"PhonAlign",636.525,636.555,"R"
"PhonAlign",636.555,636.5849999999999,"g"
"PhonAlign",636.5849999999999,636.745,"O~"
"PhonAlign",636.745,636.775,"k"
"PhonAlign",636.775,636.8349999999999,"w"
"PhonAlign",636.8349999999999,636.95,"A/"
"PhonAlign",636.95,637.24,"#"
"PhonAlign",637.24,637.37,"E"
"PhonAlign",637.37,637.4,"p"
"PhonAlign",637.4,637.44,"i"
"PhonAlign",637.44,637.49,"a~"
"PhonAlign",637.49,637.52,"a~"
"PhonAlign",637.52,637.5600000000001,"g"
"PhonAlign",637.5600000000001,637.6,"l"
"PhonAlign",637.6,637.67,"E"
"PhonAlign",637.67,637.71,"z"
"PhonAlign",637.71,724.29,"#"
"PhonAlign",724.29,725.160938,"laugh"
"PhonAlign",725.160938,741.845,"#"
"PhonAlign",741.845,741.9250000000001,"w"
"PhonAlign",741.9250000000001,742.238438,"E"
"PhonAlign",742.238438,743.53,"#"
"PhonAlign",743.53,743.63,"O~"
"PhonAlign",743.63,743.6999999999999,"E"
"PhonAlign",743.6999999999999,743.74,"d"
"PhonAlign",743.74,743.81,"A/"
"PhonAlign",743.81,743.92,"k"
"PhonAlign",743.92,744.05,"O/"
"PhonAlign",744.05,744.0799999999999,"R"
"PhonAlign",744.0799999999999,744.12,"p"
"PhonAlign",744.12,744.17,"R"
"PhonAlign",744.17,744.24,"O/"
"PhonAlign",744.24,744.3299999999999,"f"
"PhonAlign",744.3299999999999,744.4,"i"
"PhonAlign",744.4,744.43,"t"
"PhonAlign",744.43,744.48,"d"
"PhonAlign",744.48,744.61,"@"
"PhonAlign",744.61,744.64,"l"
"PhonAlign",744.64,744.6899999999999,"A/"
"PhonAlign",744.6899999999999,744.79,"v"
"PhonAlign",744.79,744.8399999999999,"i"
"PhonAlign",744.8399999999999,744.88,"p"
"PhonAlign",744.88,744.92,"l"
"PhonAlign",744.92,745.0,"y"
"PhonAlign",745.0,745.05,"t"
"PhonAlign",745.05,745.2099999999999,"O/"
"PhonAlign",745.2099999999999,745.24,"d"
"PhonAlign",745.24,745.27,"l"
"PhonAlign",745.27,745.3199999999999,"A/"
"PhonAlign",745.3199999999999,745.37,"p"
"PhonAlign",745.37,745.43,"A/"
"PhonAlign",745.43,745.52,"R"
"PhonAlign",745.52,745.55,"t"
"PhonAlign",745.55,745.6,"A/"
"PhonAlign",745.6,745.72,"Z"
"PhonAlign",745.72,745.78,"e"
"PhonAlign",745.78,745.9399999999999,"s"
"PhonAlign",745.9399999999999,745.97,"y"
"PhonAlign",745.97,746.0,"R"
"PhonAlign",746.0,746.12,"a~"
"PhonAlign",746.12,746.1999999999999,"f"
"PhonAlign",746.1999999999999,746.26,"U~/"
"PhonAlign",746.26,746.29,"b"
"PhonAlign",746.29,746.515,"O/"
"PhonAlign",746.515,746.78,"#"
"PhonAlign",746.78,746.9,"s"
"PhonAlign",746.9,746.93,"e"
"PhonAlign",746.93,747.03,"t"
"PhonAlign",747.03,747.1,"u"
"PhonAlign",747.1,747.17,"t"
"PhonAlign",747.17,747.3299999999999,"U~/"
"PhonAlign",747.3299999999999,747.53,"n"
"PhonAlign",747.53,747.760901,"#"
"PhonAlign",747.760901,748.483973,"laugh"
"PhonAlign",748.483973,756.825,"#"
"PhonAlign",756.825,757.28,"m"
"PhonAlign",757.28,759.985,"#"
"PhonAlign",759.985,760.045,"w"
"PhonAlign",760.045,760.365,"E"
"PhonAlign",760.365,760.395,"w"
"PhonAlign",760.395,760.4350000000001,"E"
"PhonAlign",760.4350000000001,761.73,"laugh"
"PhonAlign",761.73,782.06,"#"
"PhonAlign",782.06,782.735,"m"
"PhonAlign",782.735,811.73,"#"
"PhonAlign",811.73,811.898438,"fp"
"PhonAlign",811.898438,814.35,"#"
"PhonAlign",814.35,814.39,"m"
"PhonAlign",814.39,814.6800000000001,"E"
"PhonAlign",814.6800000000001,814.8000000000001,"z"
"PhonAlign",814.8000000000001,814.91,"A/"
"PhonAlign",814.91,814.96,"p"
"PhonAlign",814.96,815.01,"R"
"PhonAlign",815.01,815.19,"E"
"PhonAlign",815.19,815.34,"s"
"PhonAlign",815.34,815.38,"A/"
"PhonAlign",815.38,815.4300000000001,"v"
"PhonAlign",815.4300000000001,815.51,"A/"
"PhonAlign",815.51,815.5600000000001,"d"
"PhonAlign",815.5600000000001,815.69,"E"
"PhonAlign",815.69,815.73,"p"
"PhonAlign",815.73,815.9,"a~"
"PhonAlign",815.9,815.9300000000001,"d"
"PhonAlign",815.9300000000001,816.405,"R"
"PhonAlign",816.405,816.9,"#"
"PhonAlign",816.9,816.9499999999999,"s"
"PhonAlign",816.9499999999999,817.0699999999999,"A/"
"PhonAlign",817.0699999999999,817.34,"v"
"PhonAlign",817.34,817.42,"A/"
"PhonAlign",817.42,817.4499999999999,"d"
"PhonAlign",817.4499999999999,817.49,"E"
"PhonAlign",817.49,817.52,"p"
"PhonAlign",817.52,817.64,"a~"
"PhonAlign",817.64,817.7099999999999,"d"
"PhonAlign",817.7099999999999,817.74,"R"
"PhonAlign",817.74,817.77,"d"
"PhonAlign",817.77,817.8199999999999,"t"
"PhonAlign",817.8199999999999,817.86,"i"
"PhonAlign",817.86,817.89,"p"
"PhonAlign",817.89,817.9399999999999,"d"
"PhonAlign",817.9399999999999,818.04,"U~/"
"PhonAlign",818.04,818.12,"f"
"PhonAlign",818.12,818.16,"O/"
"PhonAlign",818.16,818.1999999999999,"O/"
"PhonAlign",818.1999999999999,818.24,"s"
"PhonAlign",818.24,818.27,"i"
"PhonAlign",818.27,818.3299999999999,"s"
"PhonAlign",818.3299999999999,818.41,"e"
"PhonAlign",818.41,818.4399999999999,"v"
"PhonAlign",818.4399999999999,818.48,"R"
"PhonAlign",818.48,818.54,"E"
"PhonAlign",818.54,818.5699999999999,"k"
"PhonAlign",818.5699999999999,818.64,"O~"
"PhonAlign",818.64,818.67,"n"
"PhonAlign",818.67,818.74,"A/"
"PhonAlign",818.74,818.78,"p"
"PhonAlign",818.78,818.8299999999999,"A/"
"PhonAlign",818.8299999999999,818.86,"p"
"PhonAlign",818.86,818.93,"A/"
"PhonAlign",818.93,818.9599999999999,"R"
"PhonAlign",818.9599999999999,818.99,"l"
"PhonAlign",818.99,819.03,"e"
"PhonAlign",819.03,819.06,"d"
"PhonAlign",819.06,819.13,"j"
"PhonAlign",819.13,819.16,"u"
"PhonAlign",819.16,819.1899999999999,"t"
"PhonAlign",819.1899999999999,819.42,"y"
"PhonAlign",819.42,819.52,"b"
"PhonAlign",819.52,819.865,"@"
"PhonAlign",819.865,825.84,"#"
"PhonAlign",825.84,825.9300000000001,"w"
"PhonAlign",825.9300000000001,826.0600000000001,"i"
"PhonAlign",826.0600000000001,826.1,"j"
"PhonAlign",826.1,826.13,"u"
"PhonAlign",826.13,826.26,"t"
"PhonAlign",826.26,826.3100000000001,"y"
"PhonAlign",826.3100000000001,826.34,"b"
"PhonAlign",826.34,826.57,"@"
"PhonAlign",826.57,826.6,"u"
"PhonAlign",826.6,826.635,"i"
"PhonAlign",826.635,831.21,"#"
"PhonAlign",831.21,831.591563,"m"
"PhonAlign",831.591563,840.66,"#"
"PhonAlign",840.66,841.11,"m"
"PhonAlign",841.11,862.55,"#"
"PhonAlign",862.55,862.62,"E"
"PhonAlign",862.62,862.88,"u"
"PhonAlign",862.88,863.114063,"i"
"PhonAlign",863.114063,900.91,"#"
"PhonAlign",900.91,901.03,"O~"
"PhonAlign",901.03,901.06,"n"
"PhonAlign",901.06,901.14,"A/"
"PhonAlign",901.14,901.2,"p"
"PhonAlign",901.2,901.27,"A/"
"PhonAlign",901.27,901.34,"p"
"PhonAlign",901.34,901.39,"A/"
"PhonAlign",901.39,901.46,"R"
"PhonAlign",901.46,901.49,"l"
"PhonAlign",901.49,901.69,"e"
"PhonAlign",901.69,901.72,"u"
"PhonAlign",901.72,901.81,"i"
"PhonAlign",901.81,903.645,"#"
"PhonAlign",903.645,903.775,"w"
"PhonAlign",903.775,903.917812,"E"
"PhonAlign",903.917812,904.96,"#"
"PhonAlign",904.96,905.07,"l"
"PhonAlign",905.07,905.12,"U~/"
"PhonAlign",905.12,905.27,"k"
"PhonAlign",905.27,905.34,"@"
"PhonAlign",905.34,905.37,"d"
"PhonAlign",905.37,905.4,"i"
"PhonAlign",905.4,905.453437,"n"
"PhonAlign",905.453437,913.68,"#"
"PhonAlign",913.68,913.82,"A/"
"PhonAlign",913.82,913.85,"u"
"PhonAlign",913.85,913.91,"i"
"PhonAlign",913.91,914.03,"s"
"PhonAlign",914.03,914.06,"e"
"PhonAlign",914.06,914.1,"v"
"PhonAlign",914.1,914.35,"R"
"PhonAlign",914.35,914.430938,"e"
"PhonAlign",914.430938,951.319687,"#"
"PhonAlign",951.319687,951.488438,"m"
"PhonAlign",951.488438,952.905,"#"
"PhonAlign",952.905,952.995,"E"
"PhonAlign",952.995,953.095,"p"
"PhonAlign",953.095,953.125,"i"
"PhonAlign",953.125,953.185,"a~"
"PhonAlign",953.185,953.235,"p"
"PhonAlign",953.235,953.285,"l"
"PhonAlign",953.285,953.345,"y"
"PhonAlign",953.345,953.495,"s"
"PhonAlign",953.495,953.525,"e"
"PhonAlign",953.525,953.555,"k"
"PhonAlign",953.555,953.655,"O/"
"PhonAlign",953.655,953.705,"m"
"PhonAlign",953.705,953.735,"y"
"PhonAlign",953.735,953.785,"n"
"PhonAlign",953.785,953.895,"s"
"PhonAlign",953.895,954.005,"O/"
"PhonAlign",954.005,954.045,"R"
"PhonAlign",954.045,954.075,"t"
"PhonAlign",954.075,954.105,"d"
"PhonAlign",954.105,954.285,"s"
"PhonAlign",954.285,954.725,"e"
"PhonAlign",954.725,954.755,"v"
"PhonAlign",954.755,954.795,"e"
"PhonAlign",954.795,954.95,"#"
"PhonAlign",954.95,954.99,"v"
"PhonAlign",954.99,955.03,"w"
"PhonAlign",955.03,955.2,"A/"
"PhonAlign",955.2,955.31,"l"
"PhonAlign",955.31,955.352813,"A/"
"PhonAlign",955.352813,966.055,"#"
"PhonAlign",966.055,966.455,"s"
"PhonAlign",966.455,966.505,"e"
"PhonAlign",966.505,966.685,"s"
"PhonAlign",966.685,966.905,"e"
"PhonAlign",966.905,966.935,"#"
"PhonAlign",966.935,967.835,"s"
"PhonAlign",967.835,967.905,"e"
"PhonAlign",967.905,967.935,"l"
"PhonAlign",967.935,968.035,"i"
"PhonAlign",968.035,968.085,"m"
"PhonAlign",968.085,968.165,"i"
"PhonAlign",968.165,968.205,"t"
"PhonAlign",968.205,968.295,"y"
"PhonAlign",968.295,968.355,"n"
"PhonAlign",968.355,968.465,"R"
"PhonAlign",968.465,968.495,"@"
"PhonAlign",968.495,968.615,"S"
"PhonAlign",968.615,968.665,"E"
"PhonAlign",968.665,968.705,"R"
"PhonAlign",968.705,968.785,"S"
"PhonAlign",968.785,968.845,"@"
"PhonAlign",968.845,968.875,"d"
"PhonAlign",968.875,968.905,"t"
"PhonAlign",968.905,968.975,"R"
"PhonAlign",968.975,969.005,"A/"
"PhonAlign",969.005,969.035,"v"
"PhonAlign",969.035,969.125,"A/"
"PhonAlign",969.125,969.155,"j"
"PhonAlign",969.155,969.185,"p"
"PhonAlign",969.185,969.265,"A/"
"PhonAlign",969.265,969.415,"s"
"PhonAlign",969.415,969.485,"i"
"PhonAlign",969.485,969.515,"v"
"PhonAlign",969.515,969.655,"a~"
"PhonAlign",969.655,969.705,"f"
"PhonAlign",969.705,969.855,"E"
"PhonAlign",969.855,969.885,"p"
"PhonAlign",969.885,969.925,"H"
"PhonAlign",969.925,969.955,"i"
"PhonAlign",969.955,969.995,"s"
"PhonAlign",969.995,970.075,"k"
"PhonAlign",970.075,970.135,"@"
"PhonAlign",970.135,970.215,"t"
"PhonAlign",970.215,970.285,"A/"
"PhonAlign",970.285,970.365,"t"
"PhonAlign",970.365,970.515,"O~"
"PhonAlign",970.515,970.645,"s"
"PhonAlign",970.645,970.715,"e"
"PhonAlign",970.715,970.745,"v"
"PhonAlign",970.745,970.835,"e"
"PhonAlign",970.835,970.955,"a~"
"PhonAlign",970.955,971.005,"l"
"PhonAlign",971.005,971.035,"i"
"PhonAlign",971.035,971.125,"n"
"PhonAlign",971.125,971.155,"j"
"PhonAlign",971.155,971.215,"@"
"PhonAlign",971.215,971.335,"t"
"PhonAlign",971.335,971.385,"u"
"PhonAlign",971.385,971.465,"l"
"PhonAlign",971.465,971.515,"t"
"PhonAlign",971.515,971.785,"a~"
"PhonAlign",971.785,971.875,"E"
"PhonAlign",971.875,971.905,"k"
"PhonAlign",971.905,972.005,"j"
"PhonAlign",972.005,972.075,"e"
"PhonAlign",972.075,972.125,"k"
"PhonAlign",972.125,972.215,"O~"
"PhonAlign",972.215,972.275,"s"
"PhonAlign",972.275,972.345,"y"
"PhonAlign",972.345,972.435,"l"
"PhonAlign",972.435,972.485,"t"
"PhonAlign",972.485,972.605,"A/"
"PhonAlign",972.605,972.675,"b"
"PhonAlign",972.675,972.705,"l"
"PhonAlign",972.705,972.815,"m"
"PhonAlign",972.815,972.855,"w"
"PhonAlign",972.855,973.225,"A/"
"PhonAlign",973.225,973.425,"d"
"PhonAlign",973.425,973.525,"f"
"PhonAlign",973.525,973.595,"w"
"PhonAlign",973.595,973.625,"A/"
"PhonAlign",973.625,973.655,"O~"
"PhonAlign",973.655,973.705,"m"
"PhonAlign",973.705,973.785,"@"
"PhonAlign",973.785,973.835,"k"
"PhonAlign",973.835,973.925,"O~"
"PhonAlign",973.925,973.985,"t"
"PhonAlign",973.985,974.135,"A/"
"PhonAlign",974.135,974.225,"k"
"PhonAlign",974.225,974.255,"t"
"PhonAlign",974.255,974.355,"a~"
"PhonAlign",974.355,974.435,"f"
"PhonAlign",974.435,974.495,"E"
"PhonAlign",974.495,974.555,"t"
"PhonAlign",974.555,974.605,"p"
"PhonAlign",974.605,974.685,"u"
"PhonAlign",974.685,974.715,"R"
"PhonAlign",974.715,974.745,"d"
"PhonAlign",974.745,974.785,"y"
"PhonAlign",974.785,974.825,"b"
"PhonAlign",974.825,974.915,"u"
"PhonAlign",974.915,974.945,"l"
"PhonAlign",974.945,975.065,"O/"
"PhonAlign",975.065,975.113438,"t"
"PhonAlign",975.113438,976.125937,"#"
"PhonAlign",976.125937,976.165937,"E"
"PhonAlign",976.165937,976.315937,"g"
"PhonAlign",976.315937,976.355937,"z"
"PhonAlign",976.355937,976.405937,"A/"
"PhonAlign",976.405937,976.465937,"k"
"PhonAlign",976.465937,976.515937,"t"
"PhonAlign",976.515937,976.555937,"2"
"PhonAlign",976.555937,976.595937,"m"
"PhonAlign",976.595937,976.705937,"a~"
"PhonAlign",976.705937,976.835937,"t"
"PhonAlign",976.835937,976.935937,"w"
"PhonAlign",976.935937,976.965937,"E"
"PhonAlign",976.965937,976.995937,"w"
"PhonAlign",976.995937,977.172187,"E"
"PhonAlign",977.172187,1004.54,"#"
"PhonAlign",1004.54,1004.66,"w"
"PhonAlign",1004.66,1004.796563,"E"
"PhonAlign",1004.796563,1036.575,"#"
"PhonAlign",1036.575,1037.669063,"laugh"
"PhonAlign",1037.669063,1055.67,"#"
"PhonAlign",1055.67,1055.71,"d"
"PhonAlign",1055.71,1055.79,"2"
"PhonAlign",1055.79,1055.85,"m"
"PhonAlign",1055.85,1055.89,"i"
"PhonAlign",1055.89,1055.93,"n"
"PhonAlign",1055.93,1056.0600000000002,"y"
"PhonAlign",1056.0600000000002,1056.197813,"t"
"PhonAlign",1056.197813,1063.995,"#"
"PhonAlign",1063.995,1064.1149999999998,"s"
"PhonAlign",1064.1149999999998,1064.155,"e"
"PhonAlign",1064.155,1064.235,"m"
"PhonAlign",1064.235,1064.285,"A/"
"PhonAlign",1064.285,1064.3449999999998,"R"
"PhonAlign",1064.3449999999998,1064.475,"a~"
"PhonAlign",1064.475,1064.6149999999998,"s"
"PhonAlign",1064.6149999999998,1064.745,"A/"
"PhonAlign",1064.745,1064.955,"U~/"
"PhonAlign",1064.955,1066.745,"#"
"PhonAlign",1066.745,1066.8649999999998,"s"
"PhonAlign",1066.8649999999998,1066.925,"e"
"PhonAlign",1066.925,1066.985,"d"
"PhonAlign",1066.985,1067.395,"R"
"PhonAlign",1067.395,1067.625,"O/"
"PhonAlign",1067.625,1067.655,"l"
"PhonAlign",1067.655,1067.755,"@"
"PhonAlign",1067.755,1067.875,"s"
"PhonAlign",1067.875,1067.905,"k"
"PhonAlign",1067.905,1067.975,"O/"
"PhonAlign",1067.975,1068.025,"m"
"PhonAlign",1068.025,1068.0549999999998,"O~"
"PhonAlign",1068.0549999999998,1068.0849999999998,"A/"
"PhonAlign",1068.0849999999998,1068.235,"S"
"PhonAlign",1068.235,1068.3449999999998,"a~"
"PhonAlign",1068.3449999999998,1068.485,"Z"
"PhonAlign",1068.485,1069.125,"e"
"PhonAlign",1069.125,1069.2949999999998,"d"
"PhonAlign",1069.2949999999998,1069.515,"y"
"PhonAlign",1069.515,1069.5649999999998,"E"
"PhonAlign",1069.5649999999998,1069.675,"s"
"PhonAlign",1069.675,1069.715,"E"
"PhonAlign",1069.715,1069.755,"m"
"PhonAlign",1069.755,1069.785,"E"
"PhonAlign",1069.785,1069.875,"s"
"PhonAlign",1069.875,1069.955,"k"
"PhonAlign",1069.955,1069.985,"l"
"PhonAlign",1069.985,1070.035,"A/"
"PhonAlign",1070.035,1070.195,"s"
"PhonAlign",1070.195,1070.3249999999998,"i"
"PhonAlign",1070.3249999999998,1070.395,"k"
"PhonAlign",1070.395,1070.495,"u"
"PhonAlign",1070.495,1070.525,"l"
"PhonAlign",1070.525,1070.5549999999998,"@"
"PhonAlign",1070.5549999999998,1070.645,"Z"
"PhonAlign",1070.645,1070.725,"a~"
"PhonAlign",1070.725,1070.755,"y"
"PhonAlign",1070.755,1070.7949999999998,"t"
"PhonAlign",1070.7949999999998,1070.8249999999998,"i"
"PhonAlign",1070.8249999999998,1070.8549999999998,"l"
"PhonAlign",1070.8549999999998,1070.885,"i"
"PhonAlign",1070.885,1070.965,"z"
"PhonAlign",1070.965,1070.995,"m"
"PhonAlign",1070.995,1071.0449999999998,"U~/"
"PhonAlign",1071.0449999999998,1071.0849999999998,"n"
"PhonAlign",1071.0849999999998,1071.215,"a~"
"PhonAlign",1071.215,1071.275,"p"
"PhonAlign",1071.275,1071.3049999999998,"l"
"PhonAlign",1071.3049999999998,1071.3649999999998,"y"
"PhonAlign",1071.3649999999998,1071.465,"s"
"PhonAlign",1071.465,1071.5449999999998,"w"
"PhonAlign",1071.5449999999998,1071.6149999999998,"A/"
"PhonAlign",1071.6149999999998,1071.755,"s"
"PhonAlign",1071.755,1071.8549999999998,"A/"
"PhonAlign",1071.8549999999998,1071.915,"p"
"PhonAlign",1071.915,1071.995,"u"
"PhonAlign",1071.995,1072.0449999999998,"m"
"PhonAlign",1072.0449999999998,1072.0749999999998,"E"
"PhonAlign",1072.0749999999998,1072.185,"s"
"PhonAlign",1072.185,1072.235,"@"
"PhonAlign",1072.235,1072.3049999999998,"n"
"PhonAlign",1072.3049999999998,1072.385,"Z"
"PhonAlign",1072.385,1072.465,"@"
"PhonAlign",1072.465,1072.625,"R"
"PhonAlign",1072.625,1072.745,"k"
"PhonAlign",1072.745,1072.8149999999998,"l"
"PhonAlign",1072.8149999999998,1072.895,"A/"
"PhonAlign",1072.895,1072.995,"f"
"PhonAlign",1072.995,1073.0949999999998,"O~"
"PhonAlign",1073.0949999999998,1073.155,"k"
"PhonAlign",1073.155,1073.265,"s"
"PhonAlign",1073.265,1073.2949999999998,"j"
"PhonAlign",1073.2949999999998,1073.405,"O~"
"PhonAlign",1073.405,1073.475,"d"
"PhonAlign",1073.475,1073.6049999999998,"@"
"PhonAlign",1073.6049999999998,1073.635,"m"
"PhonAlign",1073.635,1073.685,"E"
"PhonAlign",1073.685,1073.8249999999998,"s"
"PhonAlign",1073.8249999999998,1073.925,"A/"
"PhonAlign",1073.925,1073.995,"Z"
"PhonAlign",1073.995,1074.0549999999998,"t"
"PhonAlign",1074.0549999999998,1074.1149999999998,"l"
"PhonAlign",1074.1149999999998,1074.165,"9"
"PhonAlign",1074.165,1074.255,"R"
"PhonAlign",1074.255,1074.2949999999998,"t"
"PhonAlign",1074.2949999999998,1074.3349999999998,"e"
"PhonAlign",1074.3349999999998,1074.3649999999998,"l"
"PhonAlign",1074.3649999999998,1074.425,"e"
"PhonAlign",1074.425,1074.505,"f"
"PhonAlign",1074.505,1074.5749999999998,"O/"
"PhonAlign",1074.5749999999998,1074.705,"n"
"PhonAlign",1074.705,1074.8349999999998,"m"
"PhonAlign",1074.8349999999998,1074.905,"w"
"PhonAlign",1074.905,1074.965,"A/"
"PhonAlign",1074.965,1075.0649999999998,"n"
"PhonAlign",1075.0649999999998,1075.3549999999998,"O/"
"PhonAlign",1075.3549999999998,1075.415,"p"
"PhonAlign",1075.415,1075.465,"E"
"PhonAlign",1075.465,1075.515,"R"
"PhonAlign",1075.515,1075.6049999999998,"s"
"PhonAlign",1075.6049999999998,1075.635,"O/"
"PhonAlign",1075.635,1075.685,"n"
"PhonAlign",1075.685,1075.755,"E"
"PhonAlign",1075.755,1075.7949999999998,"l"
"PhonAlign",1075.7949999999998,1075.8649999999998,"m"
"PhonAlign",1075.8649999999998,1076.125,"a~"
"PhonAlign",1076.125,1076.155,"U~/"
"PhonAlign",1076.155,1076.205,"m"
"PhonAlign",1076.205,1076.4,"E"
"PhonAlign",1076.4,1077.05,"#"
"PhonAlign",1077.05,1077.23,"Z"
"PhonAlign",1077.23,1077.527812,"@"
"PhonAlign",1077.527812,1080.2,"#"
"PhonAlign",1080.2,1080.3300000000002,"u"
"PhonAlign",1080.3300000000002,1080.49,"i"
"PhonAlign",1080.49,1080.55,"u"
"PhonAlign",1080.55,1080.62,"i"
"PhonAlign",1080.62,1080.66,"u"
"PhonAlign",1080.66,1080.97,"i"
"PhonAlign",1080.97,1081.2,"A/"
"PhonAlign",1081.2,1081.23,"u"
"PhonAlign",1081.23,1081.274062,"i"
"PhonAlign",1081.274062,1087.605,"#"
"PhonAlign",1087.605,1087.705,"w"
"PhonAlign",1087.705,1087.990313,"i"
"PhonAlign",1087.990313,1102.355,"#"
"PhonAlign",1102.355,1102.525,"E"
"PhonAlign",1102.525,1102.615,"u"
"PhonAlign",1102.615,1102.789687,"i"
"PhonAlign",1102.789687,1106.77,"#"
"PhonAlign",1106.77,1106.83,"u"
"PhonAlign",1106.83,1106.89,"i"
"PhonAlign",1106.89,1106.95,"d"
"PhonAlign",1106.95,1107.02,"O~"
"PhonAlign",1107.02,1107.1,"f"
"PhonAlign",1107.1,1107.15,"O/"
"PhonAlign",1107.15,1107.18,"R"
"PhonAlign",1107.18,1107.27,"s"
"PhonAlign",1107.27,1107.3,"E"
"PhonAlign",1107.3,1107.33,"m"
"PhonAlign",1107.33,1107.39,"a~"
"PhonAlign",1107.39,1107.47,"s"
"PhonAlign",1107.47,1107.5,"e"
"PhonAlign",1107.5,1107.53,"p"
"PhonAlign",1107.53,1107.56,"l"
"PhonAlign",1107.56,1107.64,"y"
"PhonAlign",1107.64,1107.67,"f"
"PhonAlign",1107.67,1107.75,"A/"
"PhonAlign",1107.75,1107.85,"s"
"PhonAlign",1107.85,1107.91,"i"
"PhonAlign",1107.91,1107.98,"l"
"PhonAlign",1107.98,1108.08,"p"
"PhonAlign",1108.08,1108.17,"H"
"PhonAlign",1108.17,1108.26,"i"
"PhonAlign",1108.26,1108.29,"s"
"PhonAlign",1108.29,1108.32,"k"
"PhonAlign",1108.32,1108.46,"t"
"PhonAlign",1108.46,1108.5,"A/"
"PhonAlign",1108.5,1108.53,"l"
"PhonAlign",1108.53,1108.58,"E"
"PhonAlign",1108.58,1108.66,"Z"
"PhonAlign",1108.66,1108.71,"a~"
"PhonAlign",1108.71,1108.74,"A/"
"PhonAlign",1108.74,1108.77,"v"
"PhonAlign",1108.77,1108.83,"E"
"PhonAlign",1108.83,1108.87,"k"
"PhonAlign",1108.87,1108.9,"k"
"PhonAlign",1108.9,1108.93,"i"
"PhonAlign",1108.93,1108.96,"t"
"PhonAlign",1108.96,1109.03,"y"
"PhonAlign",1109.03,1109.11,"p"
"PhonAlign",1109.11,1109.18,"A/"
"PhonAlign",1109.18,1109.21,"R"
"PhonAlign",1109.21,1109.24,"l"
"PhonAlign",1109.24,1109.36,"s"
"PhonAlign",1109.36,1109.39,"y"
"PhonAlign",1109.39,1109.42,"R"
"PhonAlign",1109.42,1109.45,"m"
"PhonAlign",1109.45,1109.5,"E"
"PhonAlign",1109.5,1109.6,"s"
"PhonAlign",1109.6,1109.65,"@"
"PhonAlign",1109.65,1109.75,"n"
"PhonAlign",1109.75,1109.84,"Z"
"PhonAlign",1109.84,1109.87,"@"
"PhonAlign",1109.87,1109.9,"R"
"PhonAlign",1109.9,1110.07,"O/"
"PhonAlign",1110.07,1110.22,"s"
"PhonAlign",1110.22,1110.43,"i"
"PhonAlign",1110.43,1110.49,"w"
"PhonAlign",1110.49,1110.59,"i"
"PhonAlign",1110.59,1110.7,"s"
"PhonAlign",1110.7,1110.74,"e"
"PhonAlign",1110.74,1111.05,"v"
"PhonAlign",1111.05,1111.09,"R"
"PhonAlign",1111.09,1111.125938,"E"
"PhonAlign",1111.125938,1113.756515,"#"
"PhonAlign",1113.756515,1114.716245,"laugh"
"PhonAlign",1114.716245,1127.26089,"#"
"PhonAlign",1127.26089,1128.410756,"laugh"
"PhonAlign",1128.410756,1130.64,"#"
"PhonAlign",1130.64,1130.7800000000002,"s"
"PhonAlign",1130.7800000000002,1130.85,"e"
"PhonAlign",1130.85,1130.89,"v"
"PhonAlign",1130.89,1130.92,"R"
"PhonAlign",1130.92,1131.0800000000002,"E"
"PhonAlign",1131.0800000000002,1131.12,"m"
"PhonAlign",1131.12,1131.18,"E"
"PhonAlign",1131.18,1131.2700000000002,"s"
"PhonAlign",1131.2700000000002,1131.3200000000002,"A/"
"PhonAlign",1131.3200000000002,1131.43,"t"
"PhonAlign",1131.43,1131.46,"l"
"PhonAlign",1131.46,1131.5300000000002,"E"
"PhonAlign",1131.5300000000002,1131.64,"s"
"PhonAlign",1131.64,1131.72,"O/"
"PhonAlign",1131.72,1131.84,"s"
"PhonAlign",1131.84,1132.0700000000002,"i"
"PhonAlign",1132.0700000000002,1132.1,"l"
"PhonAlign",1132.1,1132.22,"i"
"PhonAlign",1132.22,1132.2700000000002,"b"
"PhonAlign",1132.2700000000002,1132.3300000000002,"R"
"PhonAlign",1132.3300000000002,1132.4,"@"
"PhonAlign",1132.4,1132.5,"t"
"PhonAlign",1132.5,1132.67,"R"
"PhonAlign",1132.67,1132.93,"e"
"PhonAlign",1132.93,1132.96,"p"
"PhonAlign",1132.96,1133.12,"O~"
"PhonAlign",1133.12,1133.15,"d"
"PhonAlign",1133.15,1133.25,"R"
"PhonAlign",1133.25,1133.34,"@"
"PhonAlign",1133.34,1133.5500000000002,"O/"
"PhonAlign",1133.5500000000002,1133.59,"m"
"PhonAlign",1133.59,1133.64,"E"
"PhonAlign",1133.64,1133.75,"s"
"PhonAlign",1133.75,1133.85,"A/"
"PhonAlign",1133.85,1133.9,"Z"
"PhonAlign",1133.9,1133.97,"k"
"PhonAlign",1133.97,1134.0600000000002,"a~"
"PhonAlign",1134.0600000000002,1134.16,"t"
"PhonAlign",1134.16,1134.2,"A/"
"PhonAlign",1134.2,1134.37,"a~"
"PhonAlign",1134.37,1134.4,"v"
"PhonAlign",1134.4,1134.5300000000002,"i"
"PhonAlign",1134.5300000000002,1134.66,"s"
"PhonAlign",1134.66,1134.7,"y"
"PhonAlign",1134.7,1134.73,"R"
"PhonAlign",1134.73,1134.76,"l"
"PhonAlign",1134.76,1134.85,"E"
"PhonAlign",1134.85,1134.95,"s"
"PhonAlign",1134.95,1135.01,"E"
"PhonAlign",1135.01,1135.0600000000002,"m"
"PhonAlign",1135.0600000000002,1135.11,"E"
"PhonAlign",1135.11,1135.51,"s"
"PhonAlign",1135.51,1136.193544,"laugh"
"PhonAlign",1136.193544,1140.150938,"#"
"PhonAlign",1140.150938,1140.290938,"u"
"PhonAlign",1140.290938,1140.530938,"i"
"PhonAlign",1140.530938,1140.560938,"O/"
"PhonAlign",1140.560938,1140.750938,"s"
"PhonAlign",1140.750938,1140.790938,"i"
"PhonAlign",1140.790938,1140.820938,"u"
"PhonAlign",1140.820938,1140.850938,"i"
"PhonAlign",1140.850938,1140.880938,"u"
"PhonAlign",1140.880938,1140.910938,"i"
"PhonAlign",1140.910938,1140.960938,"n"
"PhonAlign",1140.960938,1141.040938,"O~"
"PhonAlign",1141.040938,1141.090938,"n"
"PhonAlign",1141.090938,1141.120938,"O~"
"PhonAlign",1141.120938,1141.190938,"n"
"PhonAlign",1141.190938,1141.370938,"s"
"PhonAlign",1141.370938,1141.420938,"e"
"PhonAlign",1141.420938,1141.480938,"v"
"PhonAlign",1141.480938,1141.560938,"R"
"PhonAlign",1141.560938,1141.590938,"E"
"PhonAlign",1141.590938,1141.730938,"k"
"PhonAlign",1141.730938,1141.810938,"@"
"PhonAlign",1141.810938,1141.900938,"s"
"PhonAlign",1141.900938,1141.940938,"e"
"PhonAlign",1141.940938,1141.980938,"d"
"PhonAlign",1141.980938,1142.010938,"R"
"PhonAlign",1142.010938,1142.160938,"O/"
"PhonAlign",1142.160938,1142.190938,"l"
"PhonAlign",1142.190938,1142.300938,"s"
"PhonAlign",1142.300938,1142.420938,"A/"
"PhonAlign",1142.420938,1142.6,"U~/"
"PhonAlign",1142.6,1162.225,"#"
"PhonAlign",1162.225,1162.3349999999998,"u"
"PhonAlign",1162.3349999999998,1162.465,"i"
"PhonAlign",1162.465,1162.5749999999998,"s"
"PhonAlign",1162.5749999999998,1162.625,"O~"
"PhonAlign",1162.625,1162.725,"p"
"PhonAlign",1162.725,1162.865,"9"
"PhonAlign",1162.865,1162.935,"t"
"PhonAlign",1162.935,1162.985,"d"
"PhonAlign",1162.985,1163.035,"E"
"PhonAlign",1163.035,1163.155,"z"
"PhonAlign",1163.155,1163.205,"A/"
"PhonAlign",1163.205,1163.255,"k"
"PhonAlign",1163.255,1163.285,"t"
"PhonAlign",1163.285,1163.3249999999998,"i"
"PhonAlign",1163.3249999999998,1163.355,"v"
"PhonAlign",1163.355,1163.385,"e"
"PhonAlign",1163.385,1163.415,"l"
"PhonAlign",1163.415,1163.455,"A/"
"PhonAlign",1163.455,1163.485,"f"
"PhonAlign",1163.485,1163.5949999999998,"O~"
"PhonAlign",1163.5949999999998,1163.645,"k"
"PhonAlign",1163.645,1163.685,"s"
"PhonAlign",1163.685,1163.715,"j"
"PhonAlign",1163.715,1163.775,"O~"
"PhonAlign",1163.775,1163.8149999999998,"p"
"PhonAlign",1163.8149999999998,1163.875,"A/"
"PhonAlign",1163.875,1163.905,"R"
"PhonAlign",1163.905,1163.935,"k"
"PhonAlign",1163.935,1164.025,"O~"
"PhonAlign",1164.025,1164.0649999999998,"t"
"PhonAlign",1164.0649999999998,1164.135,"R"
"PhonAlign",1164.135,1164.185,"O/"
"PhonAlign",1164.185,1164.2949999999998,"s"
"PhonAlign",1164.2949999999998,1164.44,"i"
"PhonAlign",1164.44,1170.235,"#"
"PhonAlign",1170.235,1170.275,"s"
"PhonAlign",1170.275,1170.3049999999998,"y"
"PhonAlign",1170.3049999999998,1170.3349999999998,"R"
"PhonAlign",1170.3349999999998,1170.375,"m"
"PhonAlign",1170.375,1170.405,"E"
"PhonAlign",1170.405,1170.515,"s"
"PhonAlign",1170.515,1170.5649999999998,"@"
"PhonAlign",1170.5649999999998,1170.625,"n"
"PhonAlign",1170.625,1170.695,"Z"
"PhonAlign",1170.695,1170.725,"@"
"PhonAlign",1170.725,1170.785,"R"
"PhonAlign",1170.785,1170.8549999999998,"S"
"PhonAlign",1170.8549999999998,1170.905,"p"
"PhonAlign",1170.905,1170.975,"a~"
"PhonAlign",1170.975,1171.0449999999998,"s"
"PhonAlign",1171.0449999999998,1171.0749999999998,"p"
"PhonAlign",1171.0749999999998,1171.165,"A/"
"PhonAlign",1171.165,1171.235,"k"
"PhonAlign",1171.235,1171.285,"t"
"PhonAlign",1171.285,1171.3549999999998,"y"
"PhonAlign",1171.3549999999998,1171.395,"p"
"PhonAlign",1171.395,1171.505,"H"
"PhonAlign",1171.505,1171.535,"i"
"PhonAlign",1171.535,1171.685,"s"
"PhonAlign",1171.685,1171.715,"n"
"PhonAlign",1171.715,1171.785,"a~"
"PhonAlign",1171.785,1171.8349999999998,"p"
"PhonAlign",1171.8349999999998,1171.885,"A/"
"PhonAlign",1171.885,1171.935,"R"
"PhonAlign",1171.935,1171.985,"k"
"PhonAlign",1171.985,1172.0649999999998,"O~"
"PhonAlign",1172.0649999999998,1172.0949999999998,"t"
"PhonAlign",1172.0949999999998,1172.255,"s"
"PhonAlign",1172.255,1172.285,"y"
"PhonAlign",1172.285,1172.475,"R"
"PhonAlign",1172.475,1172.615,"s"
"PhonAlign",1172.615,1172.655,"y"
"PhonAlign",1172.655,1172.685,"R"
"PhonAlign",1172.685,1172.715,"l"
"PhonAlign",1172.715,1172.895,"@"
"PhonAlign",1172.895,1172.965,"l"
"PhonAlign",1172.965,1173.135,"@"
"PhonAlign",1173.135,1173.495,"l"
"PhonAlign",1173.495,1173.8249999999998,"@"
"PhonAlign",1173.8249999999998,1174.0649999999998,"l"
"PhonAlign",1174.0649999999998,1174.145,"@"
"PhonAlign",1174.145,1174.195,"l"
"PhonAlign",1174.195,1174.245,"A/"
"PhonAlign",1174.245,1174.3149999999998,"f"
"PhonAlign",1174.3149999999998,1174.385,"O~"
"PhonAlign",1174.385,1174.425,"k"
"PhonAlign",1174.425,1174.465,"s"
"PhonAlign",1174.465,1174.495,"j"
"PhonAlign",1174.495,1174.535,"O~"
"PhonAlign",1174.535,1174.5649999999998,"E"
"PhonAlign",1174.5649999999998,1174.695,"s"
"PhonAlign",1174.695,1174.735,"E"
"PhonAlign",1174.735,1174.7949999999998,"m"
"PhonAlign",1174.7949999999998,1174.865,"E"
"PhonAlign",1174.865,1174.945,"s"
"PhonAlign",1174.945,1175.005,"d"
"PhonAlign",1175.005,1175.365,"@"
"PhonAlign",1175.365,1175.8449999999998,"t"
"PhonAlign",1175.8449999999998,1175.965,"l"
"PhonAlign",1175.965,1176.025,"i"
"PhonAlign",1176.025,1176.0849999999998,"f"
"PhonAlign",1176.0849999999998,1176.145,"O/"
"PhonAlign",1176.145,1176.205,"n"
"PhonAlign",1176.205,1176.275,"u"
"PhonAlign",1176.275,1176.385,"i"
"PhonAlign",1176.385,1176.475,"t"
"PhonAlign",1176.475,1176.5849999999998,"p"
"PhonAlign",1176.5849999999998,1176.655,"@"
"PhonAlign",1176.655,1176.685,"d"
"PhonAlign",1176.685,1176.735,"E"
"PhonAlign",1176.735,1176.8049999999998,"z"
"PhonAlign",1176.8049999999998,1176.8549999999998,"A/"
"PhonAlign",1176.8549999999998,1176.935,"k"
"PhonAlign",1176.935,1177.015,"t"
"PhonAlign",1177.015,1177.0549999999998,"i"
"PhonAlign",1177.0549999999998,1177.0849999999998,"v"
"PhonAlign",1177.0849999999998,1177.285,"e"
"PhonAlign",1177.285,1177.3249999999998,"l"
"PhonAlign",1177.3249999999998,1178.05,"@"
"PhonAlign",1178.05,1178.355,"#"
"PhonAlign",1178.355,1178.405,"k"
"PhonAlign",1178.405,1178.485,"a~"
"PhonAlign",1178.485,1178.515,"l"
"PhonAlign",1178.515,1178.595,"A/"
"PhonAlign",1178.595,1178.635,"p"
"PhonAlign",1178.635,1178.665,"E"
"PhonAlign",1178.665,1178.695,"R"
"PhonAlign",1178.695,1178.795,"s"
"PhonAlign",1178.795,1178.835,"O/"
"PhonAlign",1178.835,1178.895,"n"
"PhonAlign",1178.895,1178.965,"A/"
"PhonAlign",1178.965,1179.015,"v"
"PhonAlign",1179.015,1179.095,"y"
"PhonAlign",1179.095,1179.135,"u"
"PhonAlign",1179.135,1179.245,"p"
"PhonAlign",1179.245,1179.315,"A/"
"PhonAlign",1179.315,1179.42,"z"
"PhonAlign",1179.42,1180.29,"#"
"PhonAlign",1180.29,1180.36,"E"
"PhonAlign",1180.36,1180.43,"k"
"PhonAlign",1180.43,1180.61,"a~"
"PhonAlign",1180.61,1180.72,"k"
"PhonAlign",1180.72,1180.78,"a~"
"PhonAlign",1180.78,1180.86,"Z"
"PhonAlign",1180.86,1180.93,"e"
"PhonAlign",1180.93,1180.99,"v"
"PhonAlign",1180.99,1181.02,"y"
"PhonAlign",1181.02,1181.1,"l"
"PhonAlign",1181.1,1181.15,"m"
"PhonAlign",1181.15,1181.19,"E"
"PhonAlign",1181.19,1181.3,"s"
"PhonAlign",1181.3,1181.35,"A/"
"PhonAlign",1181.35,1181.43,"Z"
"PhonAlign",1181.43,1181.46,"u"
"PhonAlign",1181.46,1181.54,"p"
"PhonAlign",1181.54,1181.59,"A/"
"PhonAlign",1181.59,1181.63,"z"
"PhonAlign",1181.63,1182.557813,"#"
"PhonAlign",1182.557813,1182.597813,"m"
"PhonAlign",1182.597813,1182.707813,"s"
"PhonAlign",1182.707813,1182.757813,"e"
"PhonAlign",1182.757813,1182.787813,"u"
"PhonAlign",1182.787813,1182.817813,"i"
"PhonAlign",1182.817813,1182.8778129999998,"S"
"PhonAlign",1182.8778129999998,1182.977813,"t"
"PhonAlign",1182.977813,1183.017813,"R"
"PhonAlign",1183.017813,1183.047813,"u"
"PhonAlign",1183.047813,1183.087813,"v"
"PhonAlign",1183.087813,1183.1778129999998,"@"
"PhonAlign",1183.1778129999998,1183.347813,"s"
"PhonAlign",1183.347813,1183.6278129999998,"t"
"PhonAlign",1183.6278129999998,1183.777813,"R"
"PhonAlign",1183.777813,1183.807813,"E"
"PhonAlign",1183.807813,1183.947813,"U~/"
"PhonAlign",1183.947813,1183.997813,"t"
"PhonAlign",1183.997813,1184.037813,"E"
"PhonAlign",1184.037813,1184.067813,"R"
"PhonAlign",1184.067813,1184.1378129999998,"E"
"PhonAlign",1184.1378129999998,1184.267813,"s"
"PhonAlign",1184.267813,1184.4278129999998,"a~"
"PhonAlign",1184.4278129999998,1184.467813,"d"
"PhonAlign",1184.467813,1184.8678129999998,"@"
"PhonAlign",1184.8678129999998,1184.937813,"d"
"PhonAlign",1184.937813,1185.037813,"@"
"PhonAlign",1185.037813,1185.097813,"v"
"PhonAlign",1185.097813,1185.247813,"w"
"PhonAlign",1185.247813,1185.277813,"A/"
"PhonAlign",1185.277813,1185.337813,"R"
"PhonAlign",1185.337813,1185.3678129999998,"k"
"PhonAlign",1185.3678129999998,1185.447813,"O/"
"PhonAlign",1185.447813,1185.487813,"m"
"PhonAlign",1185.487813,1185.557813,"a~"
"PhonAlign",1185.557813,1185.687813,"s"
"PhonAlign",1185.687813,1185.797813,"A/"
"PhonAlign",1185.797813,1185.947813,"S"
"PhonAlign",1185.947813,1186.107813,"a~"
"PhonAlign",1186.107813,1186.227813,"Z"
"PhonAlign",1186.227813,1186.257813,"e"
"PhonAlign",1186.257813,1186.3778129999998,"a~"
"PhonAlign",1186.3778129999998,1186.467813,"f"
"PhonAlign",1186.467813,1186.547813,"E"
"PhonAlign",1186.547813,1186.737813,"s"
"PhonAlign",1186.737813,1186.767813,"y"
"PhonAlign",1186.767813,1186.797813,"R"
"PhonAlign",1186.797813,1186.827813,"l"
"PhonAlign",1186.827813,1186.857813,"E"
"PhonAlign",1186.857813,1186.8878129999998,"R"
"PhonAlign",1186.8878129999998,1186.967813,"E"
"PhonAlign",1186.967813,1187.037813,"z"
"PhonAlign",1187.037813,1187.087813,"O/"
"PhonAlign",1187.087813,1187.1778129999998,"s"
"PhonAlign",1187.1778129999998,1187.267813,"O/"
"PhonAlign",1187.267813,1187.457813,"s"
"PhonAlign",1187.457813,1187.487813,"j"
"PhonAlign",1187.487813,1187.8978129999998,"O/"
"PhonAlign",1187.8978129999998,1188.027813,"u"
"PhonAlign",1188.027813,1188.057813,"l"
"PhonAlign",1188.057813,1188.197813,"e"
"PhonAlign",1188.197813,1188.277813,"A/"
"PhonAlign",1188.277813,1188.307813,"p"
"PhonAlign",1188.307813,1188.347813,"l"
"PhonAlign",1188.347813,1188.457813,"i"
"PhonAlign",1188.457813,1188.487813,"k"
"PhonAlign",1188.487813,1188.557813,"A/"
"PhonAlign",1188.557813,1188.707813,"s"
"PhonAlign",1188.707813,1188.737813,"j"
"PhonAlign",1188.737813,1188.8778129999998,"O~"
"PhonAlign",1188.8778129999998,1188.977813,"p"
"PhonAlign",1188.977813,1189.007813,"l"
"PhonAlign",1189.007813,1189.077813,"y"
"PhonAlign",1189.077813,1189.1378129999998,"t"
"PhonAlign",1189.1378129999998,1189.227813,"O/"
"PhonAlign",1189.227813,1189.287813,"k"
"PhonAlign",1189.287813,1189.337813,"@"
"PhonAlign",1189.337813,1189.3978129999998,"d"
"PhonAlign",1189.3978129999998,1189.437813,"@"
"PhonAlign",1189.437813,1189.467813,"l"
"PhonAlign",1189.467813,1189.537813,"A/"
"PhonAlign",1189.537813,1189.6178129999998,"f"
"PhonAlign",1189.6178129999998,1189.697813,"O~"
"PhonAlign",1189.697813,1189.737813,"k"
"PhonAlign",1189.737813,1189.817813,"s"
"PhonAlign",1189.817813,1189.847813,"j"
"PhonAlign",1189.847813,1189.9078129999998,"O~"
"PhonAlign",1189.9078129999998,1190.007813,"b"
"PhonAlign",1190.007813,1190.1178129999998,"A/"
"PhonAlign",1190.1178129999998,1190.267813,"z"
"PhonAlign",1190.267813,1190.327813,"i"
"PhonAlign",1190.327813,1190.4178129999998,"k"
"PhonAlign",1190.4178129999998,1190.497813,"d"
"PhonAlign",1190.497813,1190.857813,"@"
"PhonAlign",1190.857813,1190.9278129999998,"d"
"PhonAlign",1190.9278129999998,1191.24,"y"
"PhonAlign",1191.24,1192.055,"#"
"PhonAlign",1192.055,1192.125,"d"
"PhonAlign",1192.125,1192.335,"y"
"PhonAlign",1192.335,1192.365,"d"
"PhonAlign",1192.365,1192.4350000000002,"y"
"PhonAlign",1192.4350000000002,1192.505,"E"
"PhonAlign",1192.505,1192.615,"s"
"PhonAlign",1192.615,1192.665,"E"
"PhonAlign",1192.665,1192.7050000000002,"m"
"PhonAlign",1192.7050000000002,1192.755,"E"
"PhonAlign",1192.755,1192.825,"s"
"PhonAlign",1192.825,1192.865,"k"
"PhonAlign",1192.865,1192.895,"w"
"PhonAlign",1192.895,1192.969688,"A/"
"PhonAlign",1192.969688,1200.8,"#"
"PhonAlign",1200.8,1200.89,"u"
"PhonAlign",1200.89,1201.03,"j"
"PhonAlign",1201.03,1201.069688,"y"
"PhonAlign",1201.069688,1206.225,"#"
"PhonAlign",1206.225,1206.265,"b"
"PhonAlign",1206.265,1206.3149999999998,"U~/"
"PhonAlign",1206.3149999999998,1206.445,"s"
"PhonAlign",1206.445,1206.475,"e"
"PhonAlign",1206.475,1206.615,"s"
"PhonAlign",1206.615,1206.775,"i"
"PhonAlign",1206.775,1206.8449999999998,"z"
"PhonAlign",1206.8449999999998,1206.885,"O~"
"PhonAlign",1206.885,1206.955,"E"
"PhonAlign",1206.955,1206.985,"t"
"PhonAlign",1206.985,1207.0549999999998,"E"
"PhonAlign",1207.0549999999998,1207.115,"A/"
"PhonAlign",1207.115,1207.195,"S"
"PhonAlign",1207.195,1207.225,"2"
"PhonAlign",1207.225,1207.275,"t"
"PhonAlign",1207.275,1207.3049999999998,"e"
"PhonAlign",1207.3049999999998,1207.455,"a~"
"PhonAlign",1207.455,1207.495,"p"
"PhonAlign",1207.495,1207.535,"l"
"PhonAlign",1207.535,1207.5649999999998,"y"
"PhonAlign",1207.5649999999998,1207.915,"s"
"PhonAlign",1207.915,1207.975,"w"
"PhonAlign",1207.975,1208.058921,"i"
"PhonAlign",1208.058921,1209.82,"#"
"PhonAlign",1209.82,1210.1799999999998,"w"
"PhonAlign",1210.1799999999998,1210.25,"A/"
"PhonAlign",1210.25,1210.33,"s"
"PhonAlign",1210.33,1210.41,"A/"
"PhonAlign",1210.41,1210.45,"p"
"PhonAlign",1210.45,1210.57,"s"
"PhonAlign",1210.57,1210.6699999999998,"e"
"PhonAlign",1210.6699999999998,1210.75,"f"
"PhonAlign",1210.75,1210.95,"E"
"PhonAlign",1210.95,1210.98,"i"
"PhonAlign",1210.98,1211.02,"s"
"PhonAlign",1211.02,1211.05,"b"
"PhonAlign",1211.05,1211.1699999999998,"u"
"PhonAlign",1211.1699999999998,1211.22,"k"
"PhonAlign",1211.22,1211.31,"S"
"PhonAlign",1211.31,1211.4,"k"
"PhonAlign",1211.4,1211.46,"R"
"PhonAlign",1211.46,1211.52,"w"
"PhonAlign",1211.52,1211.63,"A/"
"PhonAlign",1211.63,1211.66,"z"
"PhonAlign",1211.66,1211.73,"w"
"PhonAlign",1211.73,1211.855,"E"
"PhonAlign",1211.855,1213.25,"#"
"PhonAlign",1213.25,1213.371562,"m"
"PhonAlign",1213.371562,1215.98,"#"
"PhonAlign",1215.98,1216.04,"w"
"PhonAlign",1216.04,1216.07,"E"
"PhonAlign",1216.07,1216.1,"w"
"PhonAlign",1216.1,1216.274062,"E"
"PhonAlign",1216.274062,1222.675,"#"
"PhonAlign",1222.675,1222.915,"E"
"PhonAlign",1222.915,1222.945,"w"
"PhonAlign",1222.945,1223.024062,"E"
"PhonAlign",1223.024062,1223.675,"#"
"PhonAlign",1223.675,1223.735,"w"
"PhonAlign",1223.735,1223.952188,"E"
"PhonAlign",1223.952188,1239.145,"#"
"PhonAlign",1239.145,1239.445,"E"
"PhonAlign",1239.445,1239.475,"u"
"PhonAlign",1239.475,1239.578438,"i"
"PhonAlign",1239.578438,1243.59,"#"
"PhonAlign",1243.59,1243.64,"w"
"PhonAlign",1243.64,1243.6699999999998,"E"
"PhonAlign",1243.6699999999998,1243.6999999999998,"w"
"PhonAlign",1243.6999999999998,1243.9,"E"
"PhonAlign",1243.9,1246.395,"#"
"PhonAlign",1246.395,1246.555,"s"
"PhonAlign",1246.555,1246.595,"y"
"PhonAlign",1246.595,1246.625,"R"
"PhonAlign",1246.625,1246.675,"l"
"PhonAlign",1246.675,1246.735,"E"
"PhonAlign",1246.735,1246.925,"O/"
"PhonAlign",1246.925,1246.965,"t"
"PhonAlign",1246.965,1247.075,"R"
"PhonAlign",1247.075,1247.375,"E"
"PhonAlign",1247.375,1247.405,"u"
"PhonAlign",1247.405,1247.442188,"i"
"PhonAlign",1247.442188,1249.25,"#"
"PhonAlign",1249.25,1249.29,"w"
"PhonAlign",1249.29,1249.4,"E"
"PhonAlign",1249.4,1249.545,"#"
"PhonAlign",1249.545,1249.595,"d"
"PhonAlign",1249.595,1249.6950000000002,"@"
"PhonAlign",1249.6950000000002,1249.755,"t"
"PhonAlign",1249.755,1249.785,"u"
"PhonAlign",1249.785,1249.915,"t"
"PhonAlign",1249.915,1250.165,"@"
"PhonAlign",1250.165,1250.225,"f"
"PhonAlign",1250.225,1250.275,"A/"
"PhonAlign",1250.275,1250.305,"s"
"PhonAlign",1250.305,1250.335,"O~"
"PhonAlign",1250.335,1250.375,"i"
"PhonAlign",1250.375,1250.4450000000002,"n"
"PhonAlign",1250.4450000000002,1250.495,"u"
"PhonAlign",1250.495,1250.555,"z"
"PhonAlign",1250.555,1250.6750000000002,"O~"
"PhonAlign",1250.6750000000002,1250.725,"d"
"PhonAlign",1250.725,1250.785,"@"
"PhonAlign",1250.785,1250.855,"p"
"PhonAlign",1250.855,1250.895,"A/"
"PhonAlign",1250.895,1250.985,"R"
"PhonAlign",1250.985,1251.065,"t"
"PhonAlign",1251.065,1251.165,"u"
"PhonAlign",1251.165,1251.225,"k"
"PhonAlign",1251.225,1251.265,"w"
"PhonAlign",1251.265,1251.295,"A/"
"PhonAlign",1251.295,1251.4350000000002,"a~"
"PhonAlign",1251.4350000000002,1251.495,"t"
"PhonAlign",1251.495,1251.615,"R"
"PhonAlign",1251.615,1251.785,"@"
"PhonAlign",1251.785,1251.855,"m"
"PhonAlign",1251.855,1251.9450000000002,"E"
"PhonAlign",1251.9450000000002,1252.015,"m"
"PhonAlign",1252.015,1252.225,"@"
"PhonAlign",1252.225,1252.295,"l"
"PhonAlign",1252.295,1252.525,"e"
"PhonAlign",1252.525,1252.585,"f"
"PhonAlign",1252.585,1252.645,"O~"
"PhonAlign",1252.645,1252.775,"k"
"PhonAlign",1252.775,1252.905,"s"
"PhonAlign",1252.905,1252.9350000000002,"j"
"PhonAlign",1252.9350000000002,1252.985,"O~"
"PhonAlign",1252.985,1253.145,"s"
"PhonAlign",1253.145,1253.2050000000002,"i"
"PhonAlign",1253.2050000000002,1253.235,"R"
"PhonAlign",1253.235,1253.345,"i"
"PhonAlign",1253.345,1253.375,"k"
"PhonAlign",1253.375,1253.575,"s"
"PhonAlign",1253.575,1253.625,"O~"
"PhonAlign",1253.625,1253.665,"A/"
"PhonAlign",1253.665,1253.725,"k"
"PhonAlign",1253.725,1253.825,"t"
"PhonAlign",1253.825,1253.865,"i"
"PhonAlign",1253.865,1253.895,"v"
"PhonAlign",1253.895,1253.975,"e"
"PhonAlign",1253.975,1254.045,"u"
"PhonAlign",1254.045,1254.165,"p"
"PhonAlign",1254.165,1254.475,"A/"
"PhonAlign",1254.475,1254.635,"u"
"PhonAlign",1254.635,1254.715,"k"
"PhonAlign",1254.715,1254.805,"a~"
"PhonAlign",1254.805,1254.905,"t"
"PhonAlign",1254.905,1255.355,"O~"
"PhonAlign",1255.355,1255.465,"t"
"PhonAlign",1255.465,1255.615,"s"
"PhonAlign",1255.615,1255.6750000000002,"E"
"PhonAlign",1255.6750000000002,1255.725,"k"
"PhonAlign",1255.725,1255.785,"a~"
"PhonAlign",1255.785,1255.845,"t"
"PhonAlign",1255.845,1255.9450000000002,"y"
"PhonAlign",1255.9450000000002,1255.975,"d"
"PhonAlign",1255.975,1256.005,"i"
"PhonAlign",1256.005,1256.1850000000002,"z"
"PhonAlign",1256.1850000000002,1256.215,"k"
"PhonAlign",1256.215,1256.295,"a~"
"PhonAlign",1256.295,1256.375,"t"
"PhonAlign",1256.375,1256.4250000000002,"y"
"PhonAlign",1256.4250000000002,1256.4550000000002,"d"
"PhonAlign",1256.4550000000002,1256.485,"i"
"PhonAlign",1256.485,1256.585,"s"
"PhonAlign",1256.585,1256.615,"k"
"PhonAlign",1256.615,1256.6750000000002,"y"
"PhonAlign",1256.6750000000002,1256.7050000000002,"t"
"PhonAlign",1256.7050000000002,1256.745,"d"
"PhonAlign",1256.745,1256.835,"@"
"PhonAlign",1256.835,1256.885,"k"
"PhonAlign",1256.885,1256.9550000000002,"E"
"PhonAlign",1256.9550000000002,1256.995,"l"
"PhonAlign",1256.995,1257.035,"k"
"PhonAlign",1257.035,1257.065,"@"
"PhonAlign",1257.065,1257.165,"S"
"PhonAlign",1257.165,1257.1950000000002,"O/"
"PhonAlign",1257.1950000000002,1257.275,"z"
"PhonAlign",1257.275,1257.305,"A/"
"PhonAlign",1257.305,1257.335,"v"
"PhonAlign",1257.335,1257.4250000000002,"E"
"PhonAlign",1257.4250000000002,1257.4550000000002,"k"
"PhonAlign",1257.4550000000002,1257.505,"k"
"PhonAlign",1257.505,1257.625,"E"
"PhonAlign",1257.625,1257.655,"l"
"PhonAlign",1257.655,1257.725,"k"
"PhonAlign",1257.725,1257.915,"U~/"
"PhonAlign",1257.915,1257.9450000000002,"l"
"PhonAlign",1257.9450000000002,1258.035,"@"
"PhonAlign",1258.035,1258.065,"l"
"PhonAlign",1258.065,1258.1850000000002,"a~"
"PhonAlign",1258.1850000000002,1258.255,"d"
"PhonAlign",1258.255,1258.305,"@"
"PhonAlign",1258.305,1258.405,"m"
"PhonAlign",1258.405,1258.665,"U~/"
"PhonAlign",1258.665,1258.835,"S"
"PhonAlign",1258.835,1258.9350000000002,"e"
"PhonAlign",1258.9350000000002,1258.995,"t"
"PhonAlign",1258.995,1259.115,"w"
"PhonAlign",1259.115,1259.1950000000002,"A/"
"PhonAlign",1259.1950000000002,1259.265,"t"
"PhonAlign",1259.265,1259.305,"y"
"PhonAlign",1259.305,1259.355,"l"
"PhonAlign",1259.355,1259.395,"A/"
"PhonAlign",1259.395,1259.485,"A/"
"PhonAlign",1259.485,1259.515,"l"
"PhonAlign",1259.515,1259.605,"A/"
"PhonAlign",1259.605,1259.645,"p"
"PhonAlign",1259.645,1259.735,"y"
"PhonAlign",1259.735,1259.765,"b"
"PhonAlign",1259.765,1259.865,"s"
"PhonAlign",1259.865,1259.895,"y"
"PhonAlign",1259.895,1259.985,"R"
"PhonAlign",1259.985,1260.035,"t"
"PhonAlign",1260.035,1260.075,"O~"
"PhonAlign",1260.075,1260.2050000000002,"O/"
"PhonAlign",1260.2050000000002,1260.235,"R"
"PhonAlign",1260.235,1260.265,"d"
"PhonAlign",1260.265,1260.295,"i"
"PhonAlign",1260.295,1260.335,"n"
"PhonAlign",1260.335,1260.415,"A/"
"PhonAlign",1260.415,1260.535,"t"
"PhonAlign",1260.535,1260.735,"9"
"PhonAlign",1260.735,1260.775,"R"
"PhonAlign",1260.775,1260.875,"u"
"PhonAlign",1260.875,1260.905,"d"
"PhonAlign",1260.905,1260.965,"E"
"PhonAlign",1260.965,1261.015,"t"
"PhonAlign",1261.015,1261.055,"R"
"PhonAlign",1261.055,1261.085,"y"
"PhonAlign",1261.085,1261.115,"k"
"PhonAlign",1261.115,1261.1850000000002,"d"
"PhonAlign",1261.1850000000002,1261.245,"@"
"PhonAlign",1261.245,1261.325,"d"
"PhonAlign",1261.325,1261.465,"U~/"
"PhonAlign",1261.465,1261.495,"g"
"PhonAlign",1261.495,1261.545,"k"
"PhonAlign",1261.545,1261.585,"O/"
"PhonAlign",1261.585,1261.615,"m"
"PhonAlign",1261.615,1261.725,"s"
"PhonAlign",1261.725,1261.875,"A/"
"PhonAlign",1261.875,1261.9250000000002,"k"
"PhonAlign",1261.9250000000002,1261.975,"w"
"PhonAlign",1261.975,1262.115,"A/"
"PhonAlign",1262.115,1262.62,"#"
"PhonAlign",1262.62,1262.84,"s"
"PhonAlign",1262.84,1263.32,"e"
"PhonAlign",1263.32,1263.37,"w"
"PhonAlign",1263.37,1263.4,"E"
"PhonAlign",1263.4,1263.4299999999998,"w"
"PhonAlign",1263.4299999999998,1263.4599999999998,"E"
"PhonAlign",1263.4599999999998,1263.4899999999998,"w"
"PhonAlign",1263.4899999999998,1263.7099999999998,"E"
"PhonAlign",1263.7099999999998,1263.7399999999998,"b"
"PhonAlign",1263.7399999999998,1263.77,"j"
"PhonAlign",1263.77,1263.8,"U~/"
"PhonAlign",1263.8,1263.9499999999998,"s"
"PhonAlign",1263.9499999999998,1263.9799999999998,"y"
"PhonAlign",1263.9799999999998,1264.01,"R"
"PhonAlign",1264.01,1264.05,"m"
"PhonAlign",1264.05,1264.08,"E"
"PhonAlign",1264.08,1264.1699999999998,"s"
"PhonAlign",1264.1699999999998,1264.1999999999998,"e"
"PhonAlign",1264.1999999999998,1264.25,"U~/"
"PhonAlign",1264.25,1264.28,"p"
"PhonAlign",1264.28,1264.32,"R"
"PhonAlign",1264.32,1264.35,"E"
"PhonAlign",1264.35,1264.4499999999998,"s"
"PhonAlign",1264.4499999999998,1264.4799999999998,"j"
"PhonAlign",1264.4799999999998,1264.51,"O/"
"PhonAlign",1264.51,1264.54,"n"
"PhonAlign",1264.54,1264.62,"a~"
"PhonAlign",1264.62,1264.65,"p"
"PhonAlign",1264.65,1264.6899999999998,"A/"
"PhonAlign",1264.6899999999998,1264.78,"s"
"PhonAlign",1264.78,1264.82,"@"
"PhonAlign",1264.82,1264.88,"t"
"PhonAlign",1264.88,1264.9399999999998,"A/"
"PhonAlign",1264.9399999999998,1264.9899999999998,"b"
"PhonAlign",1264.9899999999998,1265.09,"O/"
"PhonAlign",1265.09,1265.14,"d"
"PhonAlign",1265.14,1265.1699999999998,"E"
"PhonAlign",1265.1699999999998,1265.25,"z"
"PhonAlign",1265.25,1265.3,"A/"
"PhonAlign",1265.3,1265.33,"k"
"PhonAlign",1265.33,1265.4499999999998,"t"
"PhonAlign",1265.4499999999998,1265.53,"i"
"PhonAlign",1265.53,1265.56,"v"
"PhonAlign",1265.56,1265.65,"e"
"PhonAlign",1265.65,1265.77,"u"
"PhonAlign",1265.77,1265.81,"n"
"PhonAlign",1265.81,1265.89,"@"
"PhonAlign",1265.89,1265.9299999999998,"p"
"PhonAlign",1265.9299999999998,1266.05,"A/"
"PhonAlign",1266.05,1266.08,"A/"
"PhonAlign",1266.08,1266.14,"k"
"PhonAlign",1266.14,1266.2299999999998,"t"
"PhonAlign",1266.2299999999998,1266.29,"i"
"PhonAlign",1266.29,1266.32,"v"
"PhonAlign",1266.32,1266.4,"e"
"PhonAlign",1266.4,1266.4399999999998,"s"
"PhonAlign",1266.4399999999998,1266.4699999999998,"y"
"PhonAlign",1266.4699999999998,1266.5,"R"
"PhonAlign",1266.5,1266.61,"s"
"PhonAlign",1266.61,1266.64,"E"
"PhonAlign",1266.64,1266.6899999999998,"R"
"PhonAlign",1266.6899999999998,1266.75,"t"
"PhonAlign",1266.75,1266.84,"U~/"
"PhonAlign",1266.84,1266.89,"t"
"PhonAlign",1266.89,1266.9599999999998,"R"
"PhonAlign",1266.9599999999998,1267.04,"y"
"PhonAlign",1267.04,1267.07,"k"
"PhonAlign",1267.07,1267.16,"u"
"PhonAlign",1267.16,1267.2099999999998,"n"
"PhonAlign",1267.2099999999998,1267.3,"@"
"PhonAlign",1267.3,1267.35,"p"
"PhonAlign",1267.35,1267.4599999999998,"A/"
"PhonAlign",1267.4599999999998,1267.4899999999998,"A/"
"PhonAlign",1267.4899999999998,1267.52,"k"
"PhonAlign",1267.52,1267.58,"s"
"PhonAlign",1267.58,1267.64,"E"
"PhonAlign",1267.64,1267.6699999999998,"p"
"PhonAlign",1267.6699999999998,1267.76,"t"
"PhonAlign",1267.76,1268.01,"e"
"PhonAlign",1268.01,1268.26,"t"
"PhonAlign",1268.26,1268.29,"a~"
"PhonAlign",1268.29,1268.4299999999998,"A/"
"PhonAlign",1268.4299999999998,1268.4899999999998,"t"
"PhonAlign",1268.4899999999998,1268.52,"u"
"PhonAlign",1268.52,1268.55,"Z"
"PhonAlign",1268.55,1268.77,"u"
"PhonAlign",1268.77,1268.83,"R"
"PhonAlign",1268.83,1269.0,"U~/"
"PhonAlign",1269.0,1269.06,"k"
"PhonAlign",1269.06,1269.1699999999998,"E"
"PhonAlign",1269.1699999999998,1269.1999999999998,"l"
"PhonAlign",1269.1999999999998,1269.25,"k"
"PhonAlign",1269.25,1269.33,"@"
"PhonAlign",1269.33,1269.4,"p"
"PhonAlign",1269.4,1269.52,"A/"
"PhonAlign",1269.52,1269.59,"R"
"PhonAlign",1269.59,1269.6799999999998,"k"
"PhonAlign",1269.6799999999998,1269.7399999999998,"i"
"PhonAlign",1269.7399999999998,1269.77,"v"
"PhonAlign",1269.77,1269.9699999999998,"A/"
"PhonAlign",1269.9699999999998,1270.0,"A/"
"PhonAlign",1270.0,1270.03,"R"
"PhonAlign",1270.03,1270.1999999999998,"i"
"PhonAlign",1270.1999999999998,1270.2299999999998,"v"
"PhonAlign",1270.2299999999998,1270.34,"e"
"PhonAlign",1270.34,1270.4599999999998,"A/"
"PhonAlign",1270.4599999999998,1270.58,"t"
"PhonAlign",1270.58,1270.9,"@"
"PhonAlign",1270.9,1272.36,"#"
"PhonAlign",1272.36,1272.7199999999998,"s"
"PhonAlign",1272.7199999999998,1272.85,"e"
"PhonAlign",1272.85,1272.9799999999998,"u"
"PhonAlign",1272.9799999999998,1273.01,"f"
"PhonAlign",1273.01,1273.176563,"U~/"
"PhonAlign",1273.176563,1282.33,"#"
"PhonAlign",1282.33,1282.41,"w"
"PhonAlign",1282.41,1282.655,"E"
"PhonAlign",1282.655,1283.4,"#"
"PhonAlign",1283.4,1283.45,"w"
"PhonAlign",1283.45,1283.51,"E"
"PhonAlign",1283.51,1283.5400000000002,"w"
"PhonAlign",1283.5400000000002,1283.655938,"E"
"PhonAlign",1283.655938,1286.604767,"#"
"PhonAlign",1286.604767,1286.674767,"w"
"PhonAlign",1286.674767,1286.806091,"E"
"PhonAlign",1286.806091,1290.81,"#"
"PhonAlign",1290.81,1290.89,"w"
"PhonAlign",1290.89,1291.09,"E"
"PhonAlign",1291.09,1296.835626,"#"
"PhonAlign",1296.835626,1297.527188,"laugh"
"PhonAlign",1297.527188,1297.617188,"E"
"PhonAlign",1297.617188,1297.677188,"w"
"PhonAlign",1297.677188,1297.707188,"E"
"PhonAlign",1297.707188,1297.737188,"w"
"PhonAlign",1297.737188,1298.100938,"E"
"PhonAlign",1298.100938,1301.465,"#"
"PhonAlign",1301.465,1301.897813,"noise"
"PhonAlign",1301.897813,1308.18,"#"
"PhonAlign",1308.18,1308.22,"n"
"PhonAlign",1308.22,1308.36,"O/"
"PhonAlign",1308.36,1308.46,"p"
"PhonAlign",1308.46,1308.52,"i"
"PhonAlign",1308.52,1308.5700000000002,"t"
"PhonAlign",1308.5700000000002,1308.69,"j"
"PhonAlign",1308.69,1308.72,"t"
"PhonAlign",1308.72,1308.78,"R"
"PhonAlign",1308.78,1308.86,"a~"
"PhonAlign",1308.86,1308.91,"k"
"PhonAlign",1308.91,1309.05,"O~"
"PhonAlign",1309.05,1309.17,"t"
"PhonAlign",1309.17,1309.2,"k"
"PhonAlign",1309.2,1309.272188,"@"
"PhonAlign",1309.272188,1311.385,"#"
"PhonAlign",1311.385,1311.505,"u"
"PhonAlign",1311.505,1311.555,"i"
"PhonAlign",1311.555,1311.585,"s"
"PhonAlign",1311.585,1311.615,"e"
"PhonAlign",1311.615,1311.775,"s"
"PhonAlign",1311.775,1311.835,"e"
"PhonAlign",1311.835,1311.865,"v"
"PhonAlign",1311.865,1311.935,"R"
"PhonAlign",1311.935,1312.145,"E"
"PhonAlign",1312.145,1312.205,"m"
"PhonAlign",1312.205,1312.275,"e"
"PhonAlign",1312.275,1312.455,"s"
"PhonAlign",1312.455,1312.515,"e"
"PhonAlign",1312.515,1312.815,"E"
"PhonAlign",1312.815,1312.995,"s"
"PhonAlign",1312.995,1313.185,"@"
"PhonAlign",1313.185,1313.285,"k"
"PhonAlign",1313.285,1313.385,"O~"
"PhonAlign",1313.385,1313.445,"p"
"PhonAlign",1313.445,1313.515,"A/"
"PhonAlign",1313.515,1313.605,"s"
"PhonAlign",1313.605,1313.665,"O/"
"PhonAlign",1313.665,1313.725,"t"
"PhonAlign",1313.725,1313.765,"O/"
"PhonAlign",1313.765,1313.825,"m"
"PhonAlign",1313.825,1313.865,"A/"
"PhonAlign",1313.865,1313.935,"t"
"PhonAlign",1313.935,1313.995,"i"
"PhonAlign",1313.995,1314.065,"k"
"PhonAlign",1314.065,1314.105,"m"
"PhonAlign",1314.105,1314.205,"a~"
"PhonAlign",1314.205,1314.265,"A/"
"PhonAlign",1314.265,1314.295,"l"
"PhonAlign",1314.295,1314.475,"A/"
"PhonAlign",1314.475,1314.605,"d"
"PhonAlign",1314.605,1314.755,"2"
"PhonAlign",1314.755,1314.905,"u"
"PhonAlign",1314.905,1315.055,"s"
"PhonAlign",1315.055,1315.125,"k"
"PhonAlign",1315.125,1315.175,"@"
"PhonAlign",1315.175,1315.295,"O/"
"PhonAlign",1315.295,1315.435,"s"
"PhonAlign",1315.435,1315.485,"e"
"PhonAlign",1315.485,1315.555,"A/"
"PhonAlign",1315.555,1315.615,"n"
"PhonAlign",1315.615,1315.665,"d"
"PhonAlign",1315.665,1315.705,"w"
"PhonAlign",1315.705,1315.735,"A/"
"PhonAlign",1315.735,1315.815,"U~/"
"PhonAlign",1315.815,1315.885,"t"
"PhonAlign",1315.885,1315.935,"E"
"PhonAlign",1315.935,1315.965,"R"
"PhonAlign",1315.965,1316.025,"v"
"PhonAlign",1316.025,1316.135,"2"
"PhonAlign",1316.135,1316.175,"n"
"PhonAlign",1316.175,1316.205,"i"
"PhonAlign",1316.205,1316.38,"R"
"TokensAlign",0.0,4.36,"#"
"TokensAlign",4.36,4.57,"mh"
"TokensAlign",4.57,4.84,"mh"
"TokensAlign",4.84,15.480293,"#"
"TokensAlign",15.480293,16.54761,"@"
"TokensAlign",16.54761,19.701563,"#"
"TokensAlign",19.701563,19.941563,"euh"
"TokensAlign",19.941563,20.101563,"ben"
"TokensAlign",20.101563,20.451563,"c'est-à-dire"
"TokensAlign",20.451563,20.521563,"qu'"
"TokensAlign",20.521563,20.681563,"on"
"TokensAlign",20.681563,20.811563,"doit"
"TokensAlign",20.811563,21.141563,"faire"
"TokensAlign",21.141563,21.571563,"du_coup"
"TokensAlign",21.571563,21.741563,"un"
"TokensAlign",21.741563,21.771563,"un"
"TokensAlign",21.771563,22.441563,"reporting"
"TokensAlign",22.441563,22.571563,"là"
"TokensAlign",22.571563,22.821563,"sur"
"TokensAlign",22.821563,22.861563,"un"
"TokensAlign",22.861563,23.121563,"retour"
"TokensAlign",23.121563,23.161563,"d'"
"TokensAlign",23.161563,24.291563,"expérience"
"TokensAlign",24.291563,24.421563,"sur"
"TokensAlign",24.421563,24.881563,"événements"
"TokensAlign",24.881563,25.031563,"mais"
"TokensAlign",25.031563,25.171563,"est-ce_qu'"
"TokensAlign",25.171563,25.241563,"on"
"TokensAlign",25.241563,25.311563,"est"
"TokensAlign",25.311563,25.661563,"censé"
"TokensAlign",25.661563,26.031563,"juste"
"TokensAlign",26.031563,26.421563,"parler"
"TokensAlign",26.421563,26.561563,"de"
"TokensAlign",26.561563,27.38,"ces"
"TokensAlign",27.38,27.875,"#"
"TokensAlign",27.875,28.055,"ces"
"TokensAlign",28.055,28.585,"thématiques"
"TokensAlign",28.585,28.795,"là"
"TokensAlign",28.795,28.935,"ou"
"TokensAlign",28.935,29.595,"est-ce_que"
"TokensAlign",29.595,29.73,"#"
"TokensAlign",29.73,29.89,"oui"
"TokensAlign",29.89,30.08,"en_fait"
"TokensAlign",30.08,30.21,"c'est"
"TokensAlign",30.21,30.48,"ça"
"TokensAlign",30.48,43.82,"#"
"TokensAlign",43.82,44.09,"sur"
"TokensAlign",44.09,44.24,"ces"
"TokensAlign",44.24,44.406563,"les"
"TokensAlign",44.406563,48.375,"#"
"TokensAlign",48.375,48.760313,"d'accord"
"TokensAlign",48.760313,51.696563,"#"
"TokensAlign",51.696563,52.000313,"ok"
"TokensAlign",52.000313,54.210938,"#"
"TokensAlign",54.210938,54.330938,"oui"
"TokensAlign",54.330938,54.440938,"oui"
"TokensAlign",54.440938,54.720938,"oui"
"TokensAlign",54.720938,54.790938,"mais"
"TokensAlign",54.790938,54.960938,"je"
"TokensAlign",54.960938,55.130938,"pense"
"TokensAlign",55.130938,55.220938,"que"
"TokensAlign",55.220938,55.350938,"si"
"TokensAlign",55.350938,55.420938,"on"
"TokensAlign",55.420938,55.460938,"n'"
"TokensAlign",55.460938,55.520938,"a"
"TokensAlign",55.520938,55.670938,"pas"
"TokensAlign",55.670938,55.880938,"de"
"TokensAlign",55.880938,56.100938,"de"
"TokensAlign",56.100938,56.200938,"de"
"TokensAlign",56.200938,56.600938,"support"
"TokensAlign",56.600938,56.750938,"c'est"
"TokensAlign",56.750938,56.910938,"que"
"TokensAlign",56.910938,56.950938,"de"
"TokensAlign",56.950938,57.120938,"toute"
"TokensAlign",57.120938,57.490938,"façon"
"TokensAlign",57.490938,57.920938,"effectivement"
"TokensAlign",57.920938,58.240938,"c'est"
"TokensAlign",58.240938,58.450938,"c'est"
"TokensAlign",58.450938,58.920938,"par_rapport_à"
"TokensAlign",58.920938,59.040938,"nos"
"TokensAlign",59.040938,59.390938,"expériences"
"TokensAlign",59.390938,59.89,"personnelles"
"TokensAlign",59.89,61.95,"#"
"TokensAlign",61.95,62.675,"euh"
"TokensAlign",62.675,63.115,"#"
"TokensAlign",63.115,63.205000000000005,"ben"
"TokensAlign",63.205000000000005,63.295,"je"
"TokensAlign",63.295,63.355,"peux"
"TokensAlign",63.355,63.755,"commencer"
"TokensAlign",63.755,63.865,"si"
"TokensAlign",63.865,63.965,"vous"
"TokensAlign",63.965,64.234688,"voulez"
"TokensAlign",64.234688,66.01,"#"
"TokensAlign",66.01,67.05,"euh"
"TokensAlign",67.05,67.32,"#"
"TokensAlign",67.32,67.58,"alors"
"TokensAlign",67.58,67.72,"pour"
"TokensAlign",67.72,67.92999999999999,"tout"
"TokensAlign",67.92999999999999,68.00999999999999,"ce"
"TokensAlign",68.00999999999999,68.11999999999999,"qui"
"TokensAlign",68.11999999999999,68.19,"est"
"TokensAlign",68.19,68.42999999999999,"réseaux"
"TokensAlign",68.42999999999999,68.94,"sociaux"
"TokensAlign",68.94,69.25,"donc"
"TokensAlign",69.25,69.50999999999999,"euh"
"TokensAlign",69.50999999999999,69.88,"donc"
"TokensAlign",69.88,70.30999999999999,"gafam"
"TokensAlign",70.30999999999999,70.47999999999999,"c'est"
"TokensAlign",70.47999999999999,70.75,"marrant"
"TokensAlign",70.75,70.86999999999999,"c'est"
"TokensAlign",70.86999999999999,71.03999999999999,"drôle"
"TokensAlign",71.03999999999999,71.38999999999999,"parce_que"
"TokensAlign",71.38999999999999,71.63,"parce_que"
"TokensAlign",71.63,71.74,"je"
"TokensAlign",71.74,72.08999999999999,"ne"
"TokensAlign",72.08999999999999,72.32,"connaissais"
"TokensAlign",72.32,72.6,"pas"
"TokensAlign",72.6,72.63,"le"
"TokensAlign",72.63,72.66,"le"
"TokensAlign",72.66,72.91,"sorte"
"TokensAlign",72.91,72.94999999999999,"d'"
"TokensAlign",72.94999999999999,73.41999999999999,"acronyme"
"TokensAlign",73.41999999999999,73.47999999999999,"où"
"TokensAlign",73.47999999999999,73.83,"on"
"TokensAlign",73.83,73.92999999999999,"où"
"TokensAlign",73.92999999999999,74.25999999999999,"on"
"TokensAlign",74.25999999999999,74.36999999999999,"met"
"TokensAlign",74.36999999999999,74.47999999999999,"les"
"TokensAlign",74.47999999999999,74.72999999999999,"quatre"
"TokensAlign",74.72999999999999,74.75999999999999,"à"
"TokensAlign",74.75999999999999,74.82,"la"
"TokensAlign",74.82,75.88999999999999,"suite"
"TokensAlign",75.88999999999999,76.02,"euh"
"TokensAlign",76.02,76.10999999999999,"les"
"TokensAlign",76.10999999999999,76.38,"cinq"
"TokensAlign",76.38,76.41,"à"
"TokensAlign",76.41,76.49,"la"
"TokensAlign",76.49,77.36999999999999,"suite"
"TokensAlign",77.36999999999999,77.55,"euh"
"TokensAlign",77.55,77.91,"moi"
"TokensAlign",77.91,77.99,"j'"
"TokensAlign",77.99,78.03,"ai"
"TokensAlign",78.03,78.1,"une"
"TokensAlign",78.1,80.13,"expérience"
"TokensAlign",80.13,80.21,"des"
"TokensAlign",80.21,80.44999999999999,"réseaux"
"TokensAlign",80.44999999999999,80.96,"sociaux"
"TokensAlign",80.96,81.21,"enfin"
"TokensAlign",81.21,81.33999999999999,"je"
"TokensAlign",81.33999999999999,81.64999999999999,"suis"
"TokensAlign",81.64999999999999,81.8,"j'"
"TokensAlign",81.8,81.83999999999999,"ai"
"TokensAlign",81.83999999999999,82.0,"j'"
"TokensAlign",82.0,82.16999999999999,"ai"
"TokensAlign",82.16999999999999,82.38999999999999,"j'"
"TokensAlign",82.38999999999999,82.57,"ai"
"TokensAlign",82.57,82.75999999999999,"euh"
"TokensAlign",82.75999999999999,82.96,"j'"
"TokensAlign",82.96,83.17999999999999,"utilise"
"TokensAlign",83.17999999999999,83.36999999999999,"google"
"TokensAlign",83.36999999999999,83.52,"bien"
"TokensAlign",83.52,83.85,"sûr"
"TokensAlign",83.85,83.94999999999999,"j'"
"TokensAlign",83.94999999999999,84.02,"ai"
"TokensAlign",84.02,84.72999999999999,"facebook"
"TokensAlign",84.72999999999999,84.89999999999999,"j'"
"TokensAlign",84.89999999999999,85.42999999999999,"utilise"
"TokensAlign",85.42999999999999,86.02,"régulièrement"
"TokensAlign",86.02,86.53999999999999,"amazon"
"TokensAlign",86.53999999999999,86.89999999999999,"même"
"TokensAlign",86.89999999999999,87.03999999999999,"si"
"TokensAlign",87.03999999999999,87.16,"j'"
"TokensAlign",87.16,87.55999999999999,"essaie"
"TokensAlign",87.55999999999999,87.78999999999999,"un"
"TokensAlign",87.78999999999999,88.33999999999999,"maximum"
"TokensAlign",88.33999999999999,88.39999999999999,"d'"
"TokensAlign",88.39999999999999,88.82,"éviter"
"TokensAlign",88.82,89.30999999999999,"par_rapport_à"
"TokensAlign",89.30999999999999,89.78999999999999,"leur"
"TokensAlign",89.78999999999999,89.834063,"euh"
"TokensAlign",89.834063,91.184062,"#"
"TokensAlign",91.184062,91.364062,"à"
"TokensAlign",91.364062,91.594062,"leur"
"TokensAlign",91.594062,92.34,"leur"
"TokensAlign",92.34,92.63,"#"
"TokensAlign",92.63,93.075,"*"
"TokensAlign",93.075,93.24,"#"
"TokensAlign",93.24,93.54,"leur"
"TokensAlign",93.54,93.81,"politique"
"TokensAlign",93.81,93.85,"d'"
"TokensAlign",93.85,94.47,"emploi"
"TokensAlign",94.47,94.51,"et"
"TokensAlign",94.51,94.57,"puis"
"TokensAlign",94.57,94.89,"aussi"
"TokensAlign",94.89,95.09,"les"
"TokensAlign",95.09,95.17,"les"
"TokensAlign",95.17,95.48,"conditions"
"TokensAlign",95.48,95.52,"de"
"TokensAlign",95.52,95.92,"travail"
"TokensAlign",95.92,95.95,"de"
"TokensAlign",95.95,96.04,"leurs"
"TokensAlign",96.04,96.56,"employés"
"TokensAlign",96.56,96.77,"donc"
"TokensAlign",96.77,96.83,"on"
"TokensAlign",96.83,97.05,"essaie"
"TokensAlign",97.05,97.08,"de"
"TokensAlign",97.08,97.41,"limiter"
"TokensAlign",97.41,97.47,"un"
"TokensAlign",97.47,97.66,"petit"
"TokensAlign",97.66,97.75,"peu"
"TokensAlign",97.75,97.93,"sur"
"TokensAlign",97.93,98.55,"amazon"
"TokensAlign",98.55,98.68,"si"
"TokensAlign",98.68,98.86,"c'est"
"TokensAlign",98.86,99.05,"vrai"
"TokensAlign",99.05,99.355,"que"
"TokensAlign",99.355,99.845,"#"
"TokensAlign",99.845,100.195,"c'est"
"TokensAlign",100.195,100.555,"relativement"
"TokensAlign",100.555,101.055,"pratique"
"TokensAlign",101.055,101.405,"hein"
"TokensAlign",101.405,101.945,"au"
"TokensAlign",101.945,102.205,"niveau"
"TokensAlign",102.205,102.435,"achat"
"TokensAlign",102.435,102.525,"en"
"TokensAlign",102.525,102.805,"ligne"
"TokensAlign",102.805,102.975,"c'est"
"TokensAlign",102.975,103.095,"vrai"
"TokensAlign",103.095,103.325,"que"
"TokensAlign",103.325,103.505,"+"
"TokensAlign",103.505,104.125,"surtout"
"TokensAlign",104.125,104.365,"moi"
"TokensAlign",104.365,104.465,"qui"
"TokensAlign",104.465,104.575,"lis"
"TokensAlign",104.575,104.785,"beaucoup"
"TokensAlign",104.785,104.895,"en"
"TokensAlign",104.895,105.325,"anglais"
"TokensAlign",105.325,105.915,"#"
"TokensAlign",105.915,106.455,"euh"
"TokensAlign",106.455,106.555,"j'"
"TokensAlign",106.555,106.745,"habite"
"TokensAlign",106.745,106.935,"sur"
"TokensAlign",106.935,107.175,"aix"
"TokensAlign",107.175,107.655,"donc"
"TokensAlign",107.655,107.8,"il"
"TokensAlign",107.8,108.135,"#"
"TokensAlign",108.135,108.275,"y"
"TokensAlign",108.275,108.365,"a"
"TokensAlign",108.365,108.545,"une"
"TokensAlign",108.545,108.885,"grosse"
"TokensAlign",108.885,109.565,"librairie"
"TokensAlign",109.565,110.145,"anglophone"
"TokensAlign",110.145,110.235,"mais"
"TokensAlign",110.235,110.405,"c'est"
"TokensAlign",110.405,110.565,"vrai"
"TokensAlign",110.565,110.615,"que"
"TokensAlign",110.615,110.945,"souvent"
"TokensAlign",110.945,111.085,"c'est"
"TokensAlign",111.085,111.295,"beaucoup"
"TokensAlign",111.295,111.445,"plus"
"TokensAlign",111.445,111.875,"simple"
"TokensAlign",111.875,111.955,"et"
"TokensAlign",111.955,112.135,"moins"
"TokensAlign",112.135,112.365,"cher"
"TokensAlign",112.365,112.585,"aussi"
"TokensAlign",112.585,112.625,"d'"
"TokensAlign",112.625,112.735,"aller"
"TokensAlign",112.735,112.925,"sur"
"TokensAlign",112.925,113.35,"amazon"
"TokensAlign",113.35,113.85,"#"
"TokensAlign",113.85,113.95,"donc"
"TokensAlign",113.95,114.13,"c'est"
"TokensAlign",114.13,114.22,"vrai"
"TokensAlign",114.22,114.27,"qu'"
"TokensAlign",114.27,114.32,"ils"
"TokensAlign",114.32,114.41,"nous"
"TokensAlign",114.41,114.6,"tiennent"
"TokensAlign",114.6,114.7,"un"
"TokensAlign",114.7,114.85,"petit"
"TokensAlign",114.85,114.95,"peu"
"TokensAlign",114.95,115.11,"avec"
"TokensAlign",115.11,115.38,"ça"
"TokensAlign",115.38,115.709563,"#"
"TokensAlign",115.709563,116.239815,"*"
"TokensAlign",116.239815,116.925,"#"
"TokensAlign",116.925,117.515,"euh"
"TokensAlign",117.515,117.665,"et"
"TokensAlign",117.665,117.905,"après"
"TokensAlign",117.905,117.955,"au"
"TokensAlign",117.955,118.145,"niveau"
"TokensAlign",118.145,118.185,"des"
"TokensAlign",118.185,118.465,"réseaux"
"TokensAlign",118.465,120.295,"sociaux"
"TokensAlign",120.295,120.435,"comme"
"TokensAlign",120.435,120.615,"je"
"TokensAlign",120.615,120.835,"disais"
"TokensAlign",120.835,120.925,"j'"
"TokensAlign",120.925,121.035,"en"
"TokensAlign",121.035,121.115,"ai"
"TokensAlign",121.115,121.185,"une"
"TokensAlign",121.185,121.645,"utilisation"
"TokensAlign",121.645,121.975,"assez"
"TokensAlign",121.975,122.875,"limitée"
"TokensAlign",122.875,123.275,"+"
"TokensAlign",123.275,124.335,"euh"
"TokensAlign",124.335,124.455,"j'"
"TokensAlign",124.455,124.485,"ai"
"TokensAlign",124.485,124.925,"surtout"
"TokensAlign",124.925,125.105,"j'"
"TokensAlign",125.105,125.145,"ai"
"TokensAlign",125.145,125.665,"facebook"
"TokensAlign",125.665,126.355,"instagram"
"TokensAlign",126.355,126.385,"et"
"TokensAlign",126.385,127.175,"twitter"
"TokensAlign",127.175,127.77,"#"
"TokensAlign",127.77,128.16,"twitter"
"TokensAlign",128.16,128.22,"est"
"TokensAlign",128.22,128.57,"plutôt"
"TokensAlign",128.57,128.69,"du"
"TokensAlign",128.69,128.99,"côté"
"TokensAlign",128.99,129.815,"professionnel"
"TokensAlign",129.815,130.59,"#"
"TokensAlign",130.59,131.41,"facebook"
"TokensAlign",131.41,131.55,"c'est"
"TokensAlign",131.55,132.32,"plutôt"
"TokensAlign",132.32,132.35,"l'"
"TokensAlign",132.35,132.86,"utilisation"
"TokensAlign",132.86,133.36,"perso"
"TokensAlign",133.36,133.44,"et"
"TokensAlign",133.44,134.0,"instagram"
"TokensAlign",134.0,134.09,"j'"
"TokensAlign",134.09,134.17000000000002,"en"
"TokensAlign",134.17000000000002,134.20000000000002,"ai"
"TokensAlign",134.20000000000002,134.26,"une"
"TokensAlign",134.26,134.72,"utilisation"
"TokensAlign",134.72,135.464063,"assez"
"TokensAlign",135.464063,136.78,"#"
"TokensAlign",136.78,137.38,"pfréquente"
"TokensAlign",137.38,137.53,"c'est"
"TokensAlign",137.53,137.62,"vrai"
"TokensAlign",137.62,137.83,"parce_que"
"TokensAlign",137.83,137.93,"j'"
"TokensAlign",137.93,138.07,"ai"
"TokensAlign",138.07,138.28,"pas"
"TokensAlign",138.28,138.72,"forcément"
"TokensAlign",138.72,138.75,"le"
"TokensAlign",138.75,139.41,"réflexe"
"TokensAlign",139.41,139.99,"#"
"TokensAlign",139.99,140.72,"de"
"TokensAlign",140.72,141.07000000000002,"prendre"
"TokensAlign",141.07000000000002,141.20000000000002,"des"
"TokensAlign",141.20000000000002,142.18,"photos"
"TokensAlign",142.18,142.5,"c'est"
"TokensAlign",142.5,142.71,"juste"
"TokensAlign",142.71,142.82000000000002,"pas"
"TokensAlign",142.82000000000002,142.88,"un"
"TokensAlign",142.88,143.19,"réflexe"
"TokensAlign",143.19,143.29000000000002,"que"
"TokensAlign",143.29000000000002,143.4,"j'"
"TokensAlign",143.4,143.45000000000002,"ai"
"TokensAlign",143.45000000000002,143.55,"c'est"
"TokensAlign",143.55,143.77,"peut-être"
"TokensAlign",143.77,143.86,"une"
"TokensAlign",143.86,144.11,"question"
"TokensAlign",144.11,144.15,"de"
"TokensAlign",144.15,144.69,"génération"
"TokensAlign",144.69,144.97,"+"
"TokensAlign",144.97,145.06,"je"
"TokensAlign",145.06,145.18,"sais"
"TokensAlign",145.18,145.485,"pas"
"TokensAlign",145.485,146.355,"#"
"TokensAlign",146.355,146.985,"euh"
"TokensAlign",146.985,147.08499999999998,"mais"
"TokensAlign",147.08499999999998,147.345,"voilà"
"TokensAlign",147.345,147.535,"donc"
"TokensAlign",147.535,147.715,"c'est"
"TokensAlign",147.715,147.77499999999998,"mon"
"TokensAlign",147.77499999999998,148.635,"utilisation"
"TokensAlign",148.635,148.665,"et"
"TokensAlign",148.665,148.975,"mon"
"TokensAlign",148.975,149.42499999999998,"retour"
"TokensAlign",149.42499999999998,149.757187,"là-dessus"
"TokensAlign",149.757187,155.775,"#"
"TokensAlign",155.775,156.051562,"pardon"
"TokensAlign",156.051562,158.346563,"#"
"TokensAlign",158.346563,158.656563,"alors"
"TokensAlign",158.656563,158.696563,"le"
"TokensAlign",158.696563,159.136563,"numérique"
"TokensAlign",159.136563,159.346563,"tout"
"TokensAlign",159.346563,159.836563,"court"
"TokensAlign",159.836563,161.216563,"euh"
"TokensAlign",161.216563,161.476563,"alors"
"TokensAlign",161.476563,161.606563,"là"
"TokensAlign",161.606563,161.916563,"par_contre"
"TokensAlign",161.916563,162.066563,"c'est"
"TokensAlign",162.066563,162.17656300000002,"vrai"
"TokensAlign",162.17656300000002,162.20656300000002,"que"
"TokensAlign",162.20656300000002,162.366563,"c'est"
"TokensAlign",162.366563,162.466563,"un"
"TokensAlign",162.466563,162.576563,"peu"
"TokensAlign",162.576563,163.026563,"plus"
"TokensAlign",163.026563,163.42656300000002,"je"
"TokensAlign",163.42656300000002,163.596563,"suis"
"TokensAlign",163.596563,163.646563,"un"
"TokensAlign",163.646563,163.806563,"petit"
"TokensAlign",163.806563,164.376563,"peu"
"TokensAlign",164.376563,164.685,"plus"
"TokensAlign",164.685,165.435,"#"
"TokensAlign",165.435,166.6,"euh"
"TokensAlign",166.6,167.265,"#"
"TokensAlign",167.265,167.55499999999998,"porté"
"TokensAlign",167.55499999999998,167.77499999999998,"sur"
"TokensAlign",167.77499999999998,167.80499999999998,"le"
"TokensAlign",167.80499999999998,168.17499999999998,"numérique"
"TokensAlign",168.17499999999998,168.46499999999995,"surtout"
"TokensAlign",168.46499999999995,168.875,"par_rapport_à"
"TokensAlign",168.875,168.975,"mon"
"TokensAlign",168.975,169.295,"boulot"
"TokensAlign",169.295,169.485,"parce_que"
"TokensAlign",169.485,169.575,"je"
"TokensAlign",169.575,169.80499999999998,"travaille"
"TokensAlign",169.80499999999998,169.90499999999997,"en"
"TokensAlign",169.90499999999997,170.90499999999997,"thèse"
"TokensAlign",170.90499999999997,171.005,"et"
"TokensAlign",171.005,171.195,"c'est"
"TokensAlign",171.195,171.375,"vrai"
"TokensAlign",171.375,171.625,"que"
"TokensAlign",171.625,171.855,"ça"
"TokensAlign",171.855,171.915,"m'"
"TokensAlign",171.915,171.975,"a"
"TokensAlign",171.975,172.45499999999998,"fait"
"TokensAlign",172.45499999999998,172.755,"gagner"
"TokensAlign",172.755,173.15499999999997,"beaucoup"
"TokensAlign",173.15499999999997,173.355,"de"
"TokensAlign",173.355,173.765,"temps"
"TokensAlign",173.765,173.815,"d'"
"TokensAlign",173.815,173.985,"être"
"TokensAlign",173.985,174.52499999999998,"essentiellement"
"TokensAlign",174.52499999999998,174.735,"sur"
"TokensAlign",174.735,174.795,"du"
"TokensAlign",174.795,175.125,"support"
"TokensAlign",175.125,175.515,"numérique"
"TokensAlign",175.515,175.985,"par_exemple"
"TokensAlign",175.985,176.235,"puisque"
"TokensAlign",176.235,176.325,"je"
"TokensAlign",176.325,176.565,"travaille"
"TokensAlign",176.565,176.61499999999998,"en"
"TokensAlign",176.61499999999998,177.915,"littérature"
"TokensAlign",177.915,178.265,"euh"
"TokensAlign",178.265,178.505,"donc"
"TokensAlign",178.505,178.575,"j'"
"TokensAlign",178.575,178.605,"ai"
"TokensAlign",178.605,179.08499999999998,"essentiellement"
"TokensAlign",179.08499999999998,179.485,"travaillé"
"TokensAlign",179.485,179.71499999999995,"sur"
"TokensAlign",179.71499999999995,180.325,"des"
"TokensAlign",180.325,180.765,"livres"
"TokensAlign",180.765,181.155,"numériques"
"TokensAlign",181.155,181.415,"en_fait"
"TokensAlign",181.415,181.575,"ce"
"TokensAlign",181.575,181.645,"qui"
"TokensAlign",181.645,181.755,"fait"
"TokensAlign",181.755,181.975,"gagner"
"TokensAlign",181.975,182.345,"énormément"
"TokensAlign",182.345,182.415,"de"
"TokensAlign",182.415,182.605,"temps"
"TokensAlign",182.605,182.995,"puisque"
"TokensAlign",182.995,183.095,"la"
"TokensAlign",183.095,183.615,"navigation"
"TokensAlign",183.615,183.645,"est"
"TokensAlign",183.645,183.855,"beaucoup"
"TokensAlign",183.855,183.975,"plus"
"TokensAlign",183.975,184.355,"rapide"
"TokensAlign",184.355,184.46,"#"
"TokensAlign",184.46,184.87,"avec"
"TokensAlign",184.87,185.48,"par_exemple"
"TokensAlign",185.48,186.4,"euh"
"TokensAlign",186.4,186.84,"enfin"
"TokensAlign",186.84,187.09,"des"
"TokensAlign",187.09,187.35,"choses"
"TokensAlign",187.35,187.43,"qui"
"TokensAlign",187.43,187.91,"prenaient"
"TokensAlign",187.91,188.12,"des"
"TokensAlign",188.12,188.47,"mois"
"TokensAlign",188.47,188.67,"voire"
"TokensAlign",188.67,188.87,"des"
"TokensAlign",188.87,189.11,"années"
"TokensAlign",189.11,189.14,"à"
"TokensAlign",189.14,189.46,"certains"
"TokensAlign",189.46,189.99,"chercheurs"
"TokensAlign",189.99,190.13,"pour"
"TokensAlign",190.13,190.72,"identifier"
"TokensAlign",190.72,191.06,"certaines"
"TokensAlign",191.06,191.3,"choses"
"TokensAlign",191.3,191.43,"dans"
"TokensAlign",191.43,191.56,"des"
"TokensAlign",191.56,191.79,"livres"
"TokensAlign",191.79,192.64,"papiers"
"TokensAlign",192.64,192.79,"ça"
"TokensAlign",192.79,193.0,"prend"
"TokensAlign",193.0,193.27,"quelques"
"TokensAlign",193.27,193.67,"secondes"
"TokensAlign",193.67,193.93,"avec"
"TokensAlign",193.93,193.99,"une"
"TokensAlign",193.99,194.33,"fonction"
"TokensAlign",194.33,194.39,"de"
"TokensAlign",194.39,195.0,"recherche"
"TokensAlign",195.0,195.7,"#"
"TokensAlign",195.7,196.23,"par_exemple"
"TokensAlign",196.23,196.82,"#"
"TokensAlign",196.82,196.93,"donc"
"TokensAlign",196.93,197.1,"c'est"
"TokensAlign",197.1,197.21,"vrai"
"TokensAlign",197.21,197.32,"que"
"TokensAlign",197.32,197.45,"dans"
"TokensAlign",197.45,197.51,"mon"
"TokensAlign",197.51,198.12,"domaine"
"TokensAlign",198.12,198.28,"j'"
"TokensAlign",198.28,198.41,"ai"
"TokensAlign",198.41,198.72,"beaucoup"
"TokensAlign",198.72,198.89,"beaucoup"
"TokensAlign",198.89,199.06,"recours"
"TokensAlign",199.06,199.09,"au"
"TokensAlign",199.09,199.93,"numérique"
"TokensAlign",199.93,200.37,"#"
"TokensAlign",200.37,201.15,"euh"
"TokensAlign",201.15,201.18,"et"
"TokensAlign",201.18,201.4,"on"
"TokensAlign",201.4,201.55,"voit"
"TokensAlign",201.55,201.64,"qu'"
"TokensAlign",201.64,201.71,"il_y"
"TokensAlign",201.71,201.74,"a"
"TokensAlign",201.74,201.82,"une"
"TokensAlign",201.82,202.63,"évolution"
"TokensAlign",202.63,203.02,"euh"
"TokensAlign",203.02,203.62,"+"
"TokensAlign",203.62,203.76,"un"
"TokensAlign",203.76,203.88,"peu"
"TokensAlign",203.88,204.23,"lente"
"TokensAlign",204.23,204.58,"parfois"
"TokensAlign",204.58,204.75,"parce_que"
"TokensAlign",204.75,204.87,"les"
"TokensAlign",204.87,205.36,"professeurs"
"TokensAlign",205.36,205.71,"sont"
"TokensAlign",205.71,206.13,"sont"
"TokensAlign",206.13,206.45,"plus"
"TokensAlign",206.45,206.75,"âgés"
"TokensAlign",206.75,206.83,"que"
"TokensAlign",206.83,207.01,"moi"
"TokensAlign",207.01,207.43,"souvent"
"TokensAlign",207.43,208.125,"#"
"TokensAlign",208.125,208.505,"euh"
"TokensAlign",208.505,208.595,"et"
"TokensAlign",208.595,208.845,"ils"
"TokensAlign",208.845,208.905,"ont"
"TokensAlign",208.905,208.985,"une"
"TokensAlign",208.985,209.625,"utilisation"
"TokensAlign",209.625,209.875,"un"
"TokensAlign",209.875,210.625,"peu"
"TokensAlign",210.625,210.785,"plus"
"TokensAlign",210.785,211.215,"#"
"TokensAlign",211.215,211.8,"euh"
"TokensAlign",211.8,212.0,"#"
"TokensAlign",212.0,212.52,"fragile"
"TokensAlign",212.52,212.61,"un"
"TokensAlign",212.61,212.73,"peu"
"TokensAlign",212.73,213.14,"plus"
"TokensAlign",213.14,213.98,"timide"
"TokensAlign",213.98,214.11,"du"
"TokensAlign",214.11,214.56,"numérique"
"TokensAlign",214.56,214.845,"#"
"TokensAlign",214.845,214.965,"dans"
"TokensAlign",214.965,215.035,"nos"
"TokensAlign",215.035,215.367188,"domaines"
"TokensAlign",215.367188,228.385,"#"
"TokensAlign",228.385,228.855,"*"
"TokensAlign",228.855,233.070069,"#"
"TokensAlign",233.070069,233.620069,"alors"
"TokensAlign",233.620069,234.150069,"open"
"TokensAlign",234.150069,234.530069,"source"
"TokensAlign",234.530069,234.739688,"c'est"
"TokensAlign",234.739688,237.355,"#"
"TokensAlign",237.355,237.642188,"oui"
"TokensAlign",237.642188,243.145,"#"
"TokensAlign",243.145,243.855,"exactement"
"TokensAlign",243.855,244.054688,"oui"
"TokensAlign",244.054688,253.345,"#"
"TokensAlign",253.345,253.605938,"oui"
"TokensAlign",253.605938,256.38,"#"
"TokensAlign",256.38,256.61,"voilà"
"TokensAlign",256.61,256.74,"c'est"
"TokensAlign",256.74,256.8,"ce"
"TokensAlign",256.8,256.86,"que"
"TokensAlign",256.86,256.95,"j'"
"TokensAlign",256.95,257.19,"allais"
"TokensAlign",257.19,257.49,"dire"
"TokensAlign",257.49,257.63,"oui"
"TokensAlign",257.63,257.69,"#"
"TokensAlign",257.69,257.824688,"mh"
"TokensAlign",257.824688,265.57,"#"
"TokensAlign",265.57,265.69,"ouais"
"TokensAlign",265.69,265.84,"c'est"
"TokensAlign",265.84,265.97,"vrai"
"TokensAlign",265.97,266.22,"apple"
"TokensAlign",266.22,266.32,"est"
"TokensAlign",266.32,266.65,"totalement"
"TokensAlign",266.65,267.05,"bloqué"
"TokensAlign",267.05,268.01,"par_exemple"
"TokensAlign",268.01,268.19,"il"
"TokensAlign",268.19,268.45,"enfin"
"TokensAlign",268.45,268.88,"c'était"
"TokensAlign",268.88,268.99,"la"
"TokensAlign",268.99,269.31,"politique"
"TokensAlign",269.31,269.34,"de"
"TokensAlign",269.34,269.57,"steve"
"TokensAlign",269.57,269.83,"jobs"
"TokensAlign",269.83,269.87,"à"
"TokensAlign",269.87,269.97,"la"
"TokensAlign",269.97,270.18,"base"
"TokensAlign",270.18,270.39,"quand"
"TokensAlign",270.39,270.48,"ils"
"TokensAlign",270.48,270.57,"ont"
"TokensAlign",270.57,270.83,"créé"
"TokensAlign",270.83,271.31,"la"
"TokensAlign",271.31,271.45,"l'"
"TokensAlign",271.45,271.96,"entreprise"
"TokensAlign",271.96,272.1,"c'est"
"TokensAlign",272.1,272.16,"qu'"
"TokensAlign",272.16,272.28,"ils"
"TokensAlign",272.28,272.48,"voulaient"
"TokensAlign",272.48,272.57,"que"
"TokensAlign",272.57,272.97,"personne"
"TokensAlign",272.97,273.07,"n'"
"TokensAlign",273.07,273.15,"y"
"TokensAlign",273.15,273.925,"#"
"TokensAlign",273.925,274.295,"comment"
"TokensAlign",274.295,276.005,"#"
"TokensAlign",276.005,276.115,"ah"
"TokensAlign",276.115,276.295,"oui"
"TokensAlign",276.295,276.455,"oui"
"TokensAlign",276.455,276.625,"c'est"
"TokensAlign",276.625,276.785,"vrai"
"TokensAlign",276.785,276.985,"que"
"TokensAlign",276.985,277.145,"tout"
"TokensAlign",277.145,277.235,"leur"
"TokensAlign",277.235,277.595,"système"
"TokensAlign",277.595,277.625,"est"
"TokensAlign",277.625,278.075,"bloqué"
"TokensAlign",278.075,278.255,"leur"
"TokensAlign",278.255,278.495,"iphone"
"TokensAlign",278.495,278.665,"enfin"
"TokensAlign",278.665,278.765,"au"
"TokensAlign",278.765,279.145,"final"
"TokensAlign",279.145,279.355,"c'est"
"TokensAlign",279.355,279.635,"très"
"TokensAlign",279.635,279.735,"peu"
"TokensAlign",279.735,280.465,"personnalisable"
"TokensAlign",280.465,280.685,"quand"
"TokensAlign",280.685,280.755,"on"
"TokensAlign",280.755,281.219547,"regarde"
"TokensAlign",281.219547,281.76366,"#"
"TokensAlign",281.76366,281.88366,"les"
"TokensAlign",281.88366,282.32366,"téléphones"
"TokensAlign",282.32366,282.42366000000004,"ou"
"TokensAlign",282.42366000000004,282.62366000000003,"les"
"TokensAlign",282.62366000000003,282.74366000000003,"moi"
"TokensAlign",282.74366000000003,282.83366,"je"
"TokensAlign",282.83366,283.01366,"suis"
"TokensAlign",283.01366,283.19366,"sur"
"TokensAlign",283.19366,283.41366,"mac"
"TokensAlign",283.41366,283.97366,"par_exemple"
"TokensAlign",283.97366,284.05366000000004,"et"
"TokensAlign",284.05366000000004,284.22366,"c'est"
"TokensAlign",284.22366,284.36366000000004,"vrai"
"TokensAlign",284.36366000000004,284.40366,"que"
"TokensAlign",284.40366,284.55366000000004,"c'est"
"TokensAlign",284.55366000000004,284.64366,"plus"
"TokensAlign",284.64366,284.79366,"fluide"
"TokensAlign",284.79366,284.89366,"mais"
"TokensAlign",284.89366,285.38366,"par_contre"
"TokensAlign",285.38366,285.47366,"je"
"TokensAlign",285.47366,285.57366,"peux"
"TokensAlign",285.57366,285.73366000000004,"rien"
"TokensAlign",285.73366000000004,286.12366000000003,"toucher"
"TokensAlign",286.12366000000003,286.18366000000003,"au"
"TokensAlign",286.18366000000003,286.58366,"niveau"
"TokensAlign",286.58366,286.789909,"euh"
"TokensAlign",286.789909,287.163479,"#"
"TokensAlign",287.163479,287.223479,"ou"
"TokensAlign",287.223479,287.523479,"presque"
"TokensAlign",287.523479,287.553479,"+"
"TokensAlign",287.553479,287.603479,"euh"
"TokensAlign",287.603479,287.633479,"au"
"TokensAlign",287.633479,287.753479,"niveau"
"TokensAlign",287.753479,288.313479,"fonctionnalité"
"TokensAlign",288.313479,288.583479,"etcetera"
"TokensAlign",288.583479,288.613479,"ou"
"TokensAlign",288.613479,288.763479,"presque"
"TokensAlign",288.763479,288.793479,"euh"
"TokensAlign",288.793479,288.823479,"au"
"TokensAlign",288.823479,289.063479,"niveau"
"TokensAlign",289.063479,289.743479,"fonctionnalité"
"TokensAlign",289.743479,290.315,"etcetera"
"TokensAlign",290.315,290.95,"#"
"TokensAlign",290.95,291.659063,"euh"
"TokensAlign",291.659063,295.485,"#"
"TokensAlign",295.485,296.105,"tout_à_fait"
"TokensAlign",296.105,296.305,"#"
"TokensAlign",296.305,296.485313,"ouais"
"TokensAlign",296.485313,307.15,"#"
"TokensAlign",307.15,307.39,"et"
"TokensAlign",307.39,307.48,"oui"
"TokensAlign",307.48,307.63,"c'est"
"TokensAlign",307.63,307.73999999999995,"plus"
"TokensAlign",307.73999999999995,308.105,"simple"
"TokensAlign",308.105,309.055,"#"
"TokensAlign",309.055,309.205,"ouais"
"TokensAlign",309.205,309.68,"tout_à_fait"
"TokensAlign",309.68,310.380002,"#"
"TokensAlign",310.380002,310.660313,"*"
"TokensAlign",310.660313,310.700313,"et"
"TokensAlign",310.700313,310.990313,"après"
"TokensAlign",310.990313,311.230313,"c'est"
"TokensAlign",311.230313,311.37031299999995,"vrai"
"TokensAlign",311.37031299999995,311.400313,"que"
"TokensAlign",311.400313,311.50031299999995,"tu"
"TokensAlign",311.50031299999995,311.860313,"mentionnais"
"TokensAlign",311.860313,311.890313,"l'"
"TokensAlign",311.890313,312.170313,"open"
"TokensAlign",312.170313,312.600313,"source"
"TokensAlign",312.600313,313.290313,"euh"
"TokensAlign",313.290313,313.570313,"c'est"
"TokensAlign",313.570313,314.630313,"c'est"
"TokensAlign",314.630313,314.840313,"c'est"
"TokensAlign",314.840313,314.950313,"vrai"
"TokensAlign",314.950313,315.010313,"qu'"
"TokensAlign",315.010313,315.640313,"à"
"TokensAlign",315.640313,315.81031299999995,"aix"
"TokensAlign",315.81031299999995,316.040313,"marseille"
"TokensAlign",316.040313,316.50031299999995,"université"
"TokensAlign",316.50031299999995,316.640313,"on"
"TokensAlign",316.640313,316.670313,"est"
"TokensAlign",316.670313,317.240313,"beaucoup"
"TokensAlign",317.240313,317.450313,"sur"
"TokensAlign",317.450313,317.480313,"l'"
"TokensAlign",317.480313,317.760313,"open"
"TokensAlign",317.760313,318.030313,"source"
"TokensAlign",318.030313,318.270313,"en_ce"
"TokensAlign",318.270313,318.510313,"moment"
"TokensAlign",318.510313,318.62031299999995,"parce_que"
"TokensAlign",318.62031299999995,318.800313,"c'est"
"TokensAlign",318.800313,318.910313,"pas"
"TokensAlign",318.910313,319.050313,"la"
"TokensAlign",319.050313,319.420313,"politique"
"TokensAlign",319.420313,319.480313,"de"
"TokensAlign",319.480313,319.610313,"tout_le"
"TokensAlign",319.610313,319.790313,"monde"
"TokensAlign",319.790313,320.270313,"en_fait"
"TokensAlign",320.270313,321.50031299999995,"par_rapport_au"
"TokensAlign",321.50031299999995,321.820313,"voilà"
"TokensAlign",321.820313,322.050313,"au"
"TokensAlign",322.050313,322.390313,"rapport"
"TokensAlign",322.390313,322.420313,"qu'"
"TokensAlign",322.420313,322.450313,"on"
"TokensAlign",322.450313,322.480313,"a"
"TokensAlign",322.480313,322.550313,"à"
"TokensAlign",322.550313,322.660313,"la"
"TokensAlign",322.660313,323.230313,"recherche"
"TokensAlign",323.230313,323.39,"ouais"
"TokensAlign",323.39,324.135,"#"
"TokensAlign",324.135,324.225,"du"
"TokensAlign",324.225,324.395,"fait"
"TokensAlign",324.395,324.575,"de"
"TokensAlign",324.575,324.695,"tout"
"TokensAlign",324.695,325.005,"mettre"
"TokensAlign",325.005,325.085,"en"
"TokensAlign",325.085,325.295,"open"
"TokensAlign",325.295,325.595,"source"
"TokensAlign",325.595,325.755,"pour"
"TokensAlign",325.755,325.895,"que"
"TokensAlign",325.895,325.995,"la"
"TokensAlign",325.995,326.405,"recherche"
"TokensAlign",326.405,326.515,"soit"
"TokensAlign",326.515,327.195,"accessible"
"TokensAlign",327.195,327.405,"+"
"TokensAlign",327.405,327.655,"alors_qu'"
"TokensAlign",327.655,327.685,"il_y"
"TokensAlign",327.685,327.715,"a"
"TokensAlign",327.715,327.985,"beaucoup"
"TokensAlign",327.985,328.015,"d'"
"TokensAlign",328.015,328.525,"universités"
"TokensAlign",328.525,328.695,"dans"
"TokensAlign",328.695,328.725,"le"
"TokensAlign",328.725,328.935,"monde"
"TokensAlign",328.935,329.095,"qui"
"TokensAlign",329.095,329.425,"en_fait"
"TokensAlign",329.425,329.825,"ferment"
"TokensAlign",329.825,329.945,"et"
"TokensAlign",329.945,330.445,"rendent"
"TokensAlign",330.445,330.635,"leur"
"TokensAlign",330.635,330.955,"recherche"
"TokensAlign",330.955,331.385,"payante"
"TokensAlign",331.385,331.49,"#"
"TokensAlign",331.49,332.72,"euh"
"TokensAlign",332.72,332.89,"et"
"TokensAlign",332.89,333.22,"quelque"
"TokensAlign",333.22,333.925,"part"
"TokensAlign",333.925,334.64,"#"
"TokensAlign",334.64,334.76,"oui"
"TokensAlign",334.76,334.88,"oui"
"TokensAlign",334.88,335.0,"je"
"TokensAlign",335.0,335.04,"t'"
"TokensAlign",335.04,335.09,"en"
"TokensAlign",335.09,335.24,"prie"
"TokensAlign",335.24,335.46,"vas"
"TokensAlign",335.46,335.53,"-y"
"TokensAlign",335.53,339.99,"#"
"TokensAlign",339.99,340.208438,"ouais"
"TokensAlign",340.208438,343.347188,"#"
"TokensAlign",343.347188,343.837188,"tout_à_fait"
"TokensAlign",343.837188,343.967188,"oui"
"TokensAlign",343.967188,344.04,"oui"
"TokensAlign",344.04,344.365,"#"
"TokensAlign",344.365,344.40500000000003,"et"
"TokensAlign",344.40500000000003,344.845,"c'est"
"TokensAlign",344.845,345.105,"vrai"
"TokensAlign",345.105,345.285,"que"
"TokensAlign",345.285,345.52500000000003,"ça"
"TokensAlign",345.52500000000003,345.695,"c'est"
"TokensAlign",345.695,345.83500000000004,"c'est"
"TokensAlign",345.83500000000004,346.205,"délicat"
"TokensAlign",346.205,346.355,"comme"
"TokensAlign",346.355,346.725,"sujet"
"TokensAlign",346.725,347.015,"parce_qu'"
"TokensAlign",347.015,347.21500000000003,"on"
"TokensAlign",347.21500000000003,347.305,"en"
"TokensAlign",347.305,347.475,"parle"
"TokensAlign",347.475,347.735,"de_plus"
"TokensAlign",347.735,347.83500000000004,"en"
"TokensAlign",347.83500000000004,348.205,"plus"
"TokensAlign",348.205,348.27500000000003,"que"
"TokensAlign",348.27500000000003,348.615,"bon"
"TokensAlign",348.615,348.755,"la"
"TokensAlign",348.755,349.235,"connaissance"
"TokensAlign",349.235,349.365,"doit"
"TokensAlign",349.365,349.425,"être"
"TokensAlign",349.425,349.865,"accessible"
"TokensAlign",349.865,349.975,"elle"
"TokensAlign",349.975,350.095,"doit"
"TokensAlign",350.095,350.225,"être"
"TokensAlign",350.225,350.65500000000003,"accessible"
"TokensAlign",350.65500000000003,350.725,"à"
"TokensAlign",350.725,351.545,"tout_le"
"TokensAlign",351.545,351.65500000000003,"monde"
"TokensAlign",351.65500000000003,351.785,"et"
"TokensAlign",351.785,351.815,"en"
"TokensAlign",351.815,351.90500000000003,"même"
"TokensAlign",351.90500000000003,351.935,"en"
"TokensAlign",351.935,352.02500000000003,"même"
"TokensAlign",352.02500000000003,352.225,"temps"
"TokensAlign",352.225,352.485,"c'est"
"TokensAlign",352.485,352.725,"vrai"
"TokensAlign",352.725,352.77500000000003,"qu'"
"TokensAlign",352.77500000000003,353.005,"on"
"TokensAlign",353.005,353.435,"est"
"TokensAlign",353.435,353.695,"moi"
"TokensAlign",353.695,353.945,"pour"
"TokensAlign",353.945,353.975,"l'"
"TokensAlign",353.975,354.245,"instant"
"TokensAlign",354.245,354.375,"mon"
"TokensAlign",354.375,354.785,"ambition"
"TokensAlign",354.785,354.935,"c'est"
"TokensAlign",354.935,354.96500000000003,"d'"
"TokensAlign",354.96500000000003,355.125,"être"
"TokensAlign",355.125,355.445,"enseignant"
"TokensAlign",355.445,355.965,"chercheur"
"TokensAlign",355.965,356.37,"#"
"TokensAlign",356.37,356.49,"et"
"TokensAlign",356.49,356.69,"quand"
"TokensAlign",356.69,356.81,"tu"
"TokensAlign",356.81,357.23,"regardes"
"TokensAlign",357.23,357.59000000000003,"en_fait"
"TokensAlign",357.59000000000003,357.76,"on"
"TokensAlign",357.76,358.02,"est"
"TokensAlign",358.02,358.76,"rémunéré"
"TokensAlign",358.76,359.02,"pour"
"TokensAlign",359.02,359.05,"le"
"TokensAlign",359.05,359.32,"côté"
"TokensAlign",359.32,359.95,"enseignant"
"TokensAlign",359.95,360.26,"+"
"TokensAlign",360.26,360.34,"et"
"TokensAlign",360.34,360.54,"pour"
"TokensAlign",360.54,360.57,"le"
"TokensAlign",360.57,360.79,"côté"
"TokensAlign",360.79,361.24,"chercheur"
"TokensAlign",361.24,361.32,"pas"
"TokensAlign",361.32,361.62,"vraiment"
"TokensAlign",361.62,362.085,"en_fait"
"TokensAlign",362.085,362.615,"#"
"TokensAlign",362.615,363.575,"@"
"TokensAlign",363.575,364.23,"parce"
"TokensAlign",364.23,365.48,"#"
"TokensAlign",365.48,366.39,"exactement"
"TokensAlign",366.39,366.63,"oui"
"TokensAlign",366.63,366.9500000000001,"c'est"
"TokensAlign",366.9500000000001,367.11,"c'est"
"TokensAlign",367.11,367.47,"drôle"
"TokensAlign",367.47,367.58,"en_fait"
"TokensAlign",367.58,367.75,"hein"
"TokensAlign",367.75,367.94,"de"
"TokensAlign",367.94,368.12,"tout"
"TokensAlign",368.12,368.33,"mettre"
"TokensAlign",368.33,368.39,"en"
"TokensAlign",368.39,368.62,"open"
"TokensAlign",368.62,368.9500000000001,"access"
"TokensAlign",368.9500000000001,369.12,"alors_qu'"
"TokensAlign",369.12,369.24,"en"
"TokensAlign",369.24,369.41,"plus"
"TokensAlign",369.41,369.54,"ce"
"TokensAlign",369.54,369.7000000000001,"sont"
"TokensAlign",369.7000000000001,369.76,"des"
"TokensAlign",369.76,369.97,"choses"
"TokensAlign",369.97,370.01,"qu'"
"TokensAlign",370.01,370.17,"on"
"TokensAlign",370.17,370.55,"écrit"
"TokensAlign",370.55,370.58,"et"
"TokensAlign",370.58,370.72,"qui"
"TokensAlign",370.72,370.87,"prennent"
"TokensAlign",370.87,370.96,"du"
"TokensAlign",370.96,371.17,"temps"
"TokensAlign",371.17,371.24,"et"
"TokensAlign",371.24,371.29,"qu'"
"TokensAlign",371.29,371.38,"on"
"TokensAlign",371.38,371.94,"publie"
"TokensAlign",371.94,372.17,"+"
"TokensAlign",372.17,372.63,"alors_que"
"TokensAlign",372.63,372.84,"ben"
"TokensAlign",372.84,372.94,"les"
"TokensAlign",372.94,373.12,"gens"
"TokensAlign",373.12,373.3,"qui"
"TokensAlign",373.3,373.67,"publient"
"TokensAlign",373.67,373.83,"dans"
"TokensAlign",373.83,374.02,"le"
"TokensAlign",374.02,374.26,"domaine"
"TokensAlign",374.26,374.68,"privé"
"TokensAlign",374.68,374.83,"ben"
"TokensAlign",374.83,374.88,"ils"
"TokensAlign",374.88,375.09,"sont"
"TokensAlign",375.09,375.46,"payés"
"TokensAlign",375.46,375.895,"en_fait"
"TokensAlign",375.895,376.49311,"#"
"TokensAlign",376.49311,376.78311,"et"
"TokensAlign",376.78311,377.21311,"leur"
"TokensAlign",377.21311,377.41311,"leur"
"TokensAlign",377.41311,377.75311,"écrit"
"TokensAlign",377.75311,377.78311,"est"
"TokensAlign",377.78311,378.125,"payant"
"TokensAlign",378.125,378.995,"#"
"TokensAlign",378.995,379.155,"donc"
"TokensAlign",379.155,379.315,"c'est"
"TokensAlign",379.315,379.435,"vrai"
"TokensAlign",379.435,379.465,"que"
"TokensAlign",379.465,379.785,"c'est"
"TokensAlign",379.785,380.005,"c'est"
"TokensAlign",380.005,380.335,"délicat"
"TokensAlign",380.335,380.495,"comme"
"TokensAlign",380.495,380.785,"sujet"
"TokensAlign",380.785,380.975,"en_ce"
"TokensAlign",380.975,381.21,"moment"
"TokensAlign",381.21,382.645,"#"
"TokensAlign",382.645,382.784063,"ouais"
"TokensAlign",382.784063,392.475,"#"
"TokensAlign",392.475,392.545,"eh"
"TokensAlign",392.545,392.835,"oui"
"TokensAlign",392.835,393.19,"#"
"TokensAlign",393.19,393.280312,"mh"
"TokensAlign",393.280312,397.24,"#"
"TokensAlign",397.24,397.380938,"mh"
"TokensAlign",397.380938,399.105,"#"
"TokensAlign",399.105,399.605,"absolument"
"TokensAlign",399.605,399.775,"oui"
"TokensAlign",399.775,601.655,"#"
"TokensAlign",601.655,601.785,"c'est"
"TokensAlign",601.785,601.8149999999999,"de"
"TokensAlign",601.8149999999999,601.875,"l'"
"TokensAlign",601.875,602.0749999999999,"open"
"TokensAlign",602.0749999999999,602.465,"source"
"TokensAlign",602.465,603.015,"#"
"TokensAlign",603.015,603.155,"et"
"TokensAlign",603.155,603.222188,"oui"
"TokensAlign",603.222188,622.780313,"#"
"TokensAlign",622.780313,622.9503129999999,"c'est"
"TokensAlign",622.9503129999999,623.110313,"ça"
"TokensAlign",623.110313,623.530313,"exactement"
"TokensAlign",623.530313,623.7003129999999,"c'est"
"TokensAlign",623.7003129999999,623.800313,"la"
"TokensAlign",623.800313,624.250313,"traduction"
"TokensAlign",624.250313,624.3303129999999,"de"
"TokensAlign",624.3303129999999,624.510313,"libre"
"TokensAlign",624.510313,624.935,"accès"
"TokensAlign",624.935,625.65,"#"
"TokensAlign",625.65,625.6999999999999,"mais"
"TokensAlign",625.6999999999999,625.85,"c'est"
"TokensAlign",625.85,625.99,"vrai"
"TokensAlign",625.99,626.04,"qu'"
"TokensAlign",626.04,626.3299999999999,"on"
"TokensAlign",626.3299999999999,626.79,"souvent"
"TokensAlign",626.79,626.88,"on"
"TokensAlign",626.88,627.0,"dit"
"TokensAlign",627.0,627.3,"open"
"TokensAlign",627.3,627.65,"source"
"TokensAlign",627.65,627.91,"parce_que"
"TokensAlign",627.91,628.14,"c'est"
"TokensAlign",628.14,628.29,"dans"
"TokensAlign",628.29,628.3199999999999,"le"
"TokensAlign",628.3199999999999,628.6899999999999,"domaine"
"TokensAlign",628.6899999999999,628.92,"mais"
"TokensAlign",628.92,629.55,"en_fait"
"TokensAlign",629.55,629.93,"tout"
"TokensAlign",629.93,630.06,"ce"
"TokensAlign",630.06,630.2099999999999,"qui"
"TokensAlign",630.2099999999999,630.24,"est"
"TokensAlign",630.24,630.4399999999999,"en"
"TokensAlign",630.4399999999999,630.7099999999999,"oui"
"TokensAlign",630.7099999999999,631.15,"voilà"
"TokensAlign",631.15,631.3,"mais"
"TokensAlign",631.3,631.41,"tout"
"TokensAlign",631.41,631.5,"ce"
"TokensAlign",631.5,631.56,"qui"
"TokensAlign",631.56,631.63,"est"
"TokensAlign",631.63,631.84,"libre"
"TokensAlign",631.84,632.09,"accès"
"TokensAlign",632.09,632.47,"en_fait"
"TokensAlign",632.47,632.85,"on"
"TokensAlign",632.85,633.175,"#"
"TokensAlign",633.175,633.255,"il_y"
"TokensAlign",633.255,633.285,"a"
"TokensAlign",633.285,633.535,"beaucoup"
"TokensAlign",633.535,633.8149999999999,"beaucoup"
"TokensAlign",633.8149999999999,633.8449999999999,"de"
"TokensAlign",633.8449999999999,634.0749999999999,"choses"
"TokensAlign",634.0749999999999,634.1049999999999,"qui"
"TokensAlign",634.1049999999999,634.4649999999999,"sont"
"TokensAlign",634.4649999999999,634.515,"en"
"TokensAlign",634.515,634.7049999999999,"open"
"TokensAlign",634.7049999999999,635.295,"source"
"TokensAlign",635.295,635.375,"et"
"TokensAlign",635.375,635.555,"c'est"
"TokensAlign",635.555,635.6949999999999,"le"
"TokensAlign",635.6949999999999,635.895,"terme"
"TokensAlign",635.895,635.9849999999999,"un"
"TokensAlign",635.9849999999999,636.165,"petit"
"TokensAlign",636.165,636.275,"peu"
"TokensAlign",636.275,636.745,"jargon"
"TokensAlign",636.745,636.95,"quoi"
"TokensAlign",636.95,637.24,"#"
"TokensAlign",637.24,637.37,"et"
"TokensAlign",637.37,637.44,"puis"
"TokensAlign",637.44,637.49,"en"
"TokensAlign",637.49,637.71,"anglais"
"TokensAlign",637.71,724.29,"#"
"TokensAlign",724.29,725.160938,"@"
"TokensAlign",725.160938,741.845,"#"
"TokensAlign",741.845,742.238438,"ouais"
"TokensAlign",742.238438,743.53,"#"
"TokensAlign",743.53,743.63,"on"
"TokensAlign",743.63,743.6999999999999,"est"
"TokensAlign",743.6999999999999,744.0799999999999,"d'accord"
"TokensAlign",744.0799999999999,744.43,"profite"
"TokensAlign",744.43,744.61,"de"
"TokensAlign",744.61,744.6899999999999,"la"
"TokensAlign",744.6899999999999,744.8399999999999,"vie"
"TokensAlign",744.8399999999999,745.2099999999999,"plutôt"
"TokensAlign",745.2099999999999,745.24,"de"
"TokensAlign",745.24,745.3199999999999,"la"
"TokensAlign",745.3199999999999,745.78,"partager"
"TokensAlign",745.78,746.0,"sur"
"TokensAlign",746.0,746.26,"enfin"
"TokensAlign",746.26,746.515,"bon"
"TokensAlign",746.515,746.78,"#"
"TokensAlign",746.78,746.93,"c'est"
"TokensAlign",746.93,747.17,"tout"
"TokensAlign",747.17,747.53,"un"
"TokensAlign",747.53,747.760901,"#"
"TokensAlign",747.760901,748.483973,"@"
"TokensAlign",748.483973,756.825,"#"
"TokensAlign",756.825,757.28,"mh"
"TokensAlign",757.28,759.985,"#"
"TokensAlign",759.985,760.365,"ouais"
"TokensAlign",760.365,760.4350000000001,"ouais"
"TokensAlign",760.4350000000001,761.73,"@"
"TokensAlign",761.73,782.06,"#"
"TokensAlign",782.06,782.735,"mh"
"TokensAlign",782.735,811.73,"#"
"TokensAlign",811.73,811.898438,"euh"
"TokensAlign",811.898438,814.35,"#"
"TokensAlign",814.35,814.8000000000001,"mais"
"TokensAlign",814.8000000000001,815.19,"après"
"TokensAlign",815.19,815.38,"ça"
"TokensAlign",815.38,815.51,"va"
"TokensAlign",815.51,816.405,"dépendre"
"TokensAlign",816.405,816.9,"#"
"TokensAlign",816.9,817.0699999999999,"ça"
"TokensAlign",817.0699999999999,817.42,"va"
"TokensAlign",817.42,817.74,"dépendre"
"TokensAlign",817.74,817.77,"du"
"TokensAlign",817.77,817.89,"type"
"TokensAlign",817.89,817.9399999999999,"d'"
"TokensAlign",817.9399999999999,818.16,"info"
"TokensAlign",818.16,818.27,"aussi"
"TokensAlign",818.27,818.41,"c'est"
"TokensAlign",818.41,818.54,"vrai"
"TokensAlign",818.54,818.5699999999999,"qu'"
"TokensAlign",818.5699999999999,818.64,"on"
"TokensAlign",818.64,818.67,"n'"
"TokensAlign",818.67,818.74,"a"
"TokensAlign",818.74,818.8299999999999,"pas"
"TokensAlign",818.8299999999999,819.03,"parlé"
"TokensAlign",819.03,819.06,"de"
"TokensAlign",819.06,819.865,"youtube"
"TokensAlign",819.865,825.84,"#"
"TokensAlign",825.84,826.0600000000001,"oui"
"TokensAlign",826.0600000000001,826.57,"youtube"
"TokensAlign",826.57,826.635,"oui"
"TokensAlign",826.635,831.21,"#"
"TokensAlign",831.21,831.591563,"mh"
"TokensAlign",831.591563,840.66,"#"
"TokensAlign",840.66,841.11,"mh"
"TokensAlign",841.11,862.55,"#"
"TokensAlign",862.55,862.62,"et"
"TokensAlign",862.62,863.114063,"oui"
"TokensAlign",863.114063,900.91,"#"
"TokensAlign",900.91,901.03,"on"
"TokensAlign",901.03,901.06,"n'"
"TokensAlign",901.06,901.14,"a"
"TokensAlign",901.14,901.27,"pas"
"TokensAlign",901.27,901.69,"parlé"
"TokensAlign",901.69,901.81,"oui"
"TokensAlign",901.81,903.645,"#"
"TokensAlign",903.645,903.917812,"ouais"
"TokensAlign",903.917812,904.96,"#"
"TokensAlign",904.96,905.453437,"linkedin"
"TokensAlign",905.453437,913.68,"#"
"TokensAlign",913.68,913.82,"ah"
"TokensAlign",913.82,913.91,"oui"
"TokensAlign",913.91,914.06,"c'est"
"TokensAlign",914.06,914.430938,"vrai"
"TokensAlign",914.430938,951.319687,"#"
"TokensAlign",951.319687,951.488438,"mh"
"TokensAlign",951.488438,952.905,"#"
"TokensAlign",952.905,952.995,"et"
"TokensAlign",952.995,953.125,"puis"
"TokensAlign",953.125,953.185,"en"
"TokensAlign",953.185,953.345,"plus"
"TokensAlign",953.345,953.525,"c'est"
"TokensAlign",953.525,953.705,"comme"
"TokensAlign",953.705,953.785,"une"
"TokensAlign",953.785,954.075,"sorte"
"TokensAlign",954.075,954.105,"de"
"TokensAlign",954.105,954.795,"cv"
"TokensAlign",954.795,954.95,"#"
"TokensAlign",954.95,955.352813,"voilà"
"TokensAlign",955.352813,966.055,"#"
"TokensAlign",966.055,966.505,"c'est"
"TokensAlign",966.505,966.905,"c'est"
"TokensAlign",966.905,966.935,"+"
"TokensAlign",966.935,967.905,"c'est"
"TokensAlign",967.905,968.205,"limite"
"TokensAlign",968.205,968.355,"une"
"TokensAlign",968.355,968.845,"recherche"
"TokensAlign",968.845,968.875,"de"
"TokensAlign",968.875,969.155,"travail"
"TokensAlign",969.155,969.515,"passive"
"TokensAlign",969.515,969.855,"en_fait"
"TokensAlign",969.855,970.135,"puisque"
"TokensAlign",970.135,970.215,"tu"
"TokensAlign",970.215,970.285,"as"
"TokensAlign",970.285,970.515,"ton"
"TokensAlign",970.515,970.835,"cv"
"TokensAlign",970.835,970.955,"en"
"TokensAlign",970.955,971.215,"ligne"
"TokensAlign",971.215,971.465,"tout_le"
"TokensAlign",971.465,971.785,"temps"
"TokensAlign",971.785,971.875,"et"
"TokensAlign",971.875,972.005,"qui"
"TokensAlign",972.005,972.075,"est"
"TokensAlign",972.075,972.705,"consultable"
"TokensAlign",972.705,973.225,"moi"
"TokensAlign",973.225,973.425,"des"
"TokensAlign",973.425,973.625,"fois"
"TokensAlign",973.625,973.655,"on"
"TokensAlign",973.655,973.785,"me"
"TokensAlign",973.785,974.255,"contacte"
"TokensAlign",974.255,974.555,"en_fait"
"TokensAlign",974.555,974.715,"pour"
"TokensAlign",974.715,974.785,"du"
"TokensAlign",974.785,975.113438,"boulot"
"TokensAlign",975.113438,976.125937,"#"
"TokensAlign",976.125937,976.835937,"exactement"
"TokensAlign",976.835937,976.965937,"ouais"
"TokensAlign",976.965937,977.172187,"ouais"
"TokensAlign",977.172187,1004.54,"#"
"TokensAlign",1004.54,1004.796563,"ouais"
"TokensAlign",1004.796563,1036.575,"#"
"TokensAlign",1036.575,1037.669063,"@"
"TokensAlign",1037.669063,1055.67,"#"
"TokensAlign",1055.67,1055.79,"deux"
"TokensAlign",1055.79,1056.197813,"minutes"
"TokensAlign",1056.197813,1063.995,"#"
"TokensAlign",1063.995,1064.155,"c'est"
"TokensAlign",1064.155,1064.475,"marrant"
"TokensAlign",1064.475,1064.745,"ça"
"TokensAlign",1064.745,1064.955,"hein"
"TokensAlign",1064.955,1066.745,"#"
"TokensAlign",1066.745,1066.925,"c'est"
"TokensAlign",1066.925,1067.755,"drôle"
"TokensAlign",1067.755,1067.875,"ça"
"TokensAlign",1067.875,1068.025,"comme"
"TokensAlign",1068.025,1068.0549999999998,"on"
"TokensAlign",1068.0549999999998,1068.0849999999998,"a"
"TokensAlign",1068.0849999999998,1069.125,"changé"
"TokensAlign",1069.125,1069.515,"du"
"TokensAlign",1069.515,1069.875,"sms"
"TokensAlign",1069.875,1070.395,"classique"
"TokensAlign",1070.395,1070.495,"où"
"TokensAlign",1070.495,1070.5549999999998,"les"
"TokensAlign",1070.5549999999998,1070.725,"gens"
"TokensAlign",1070.725,1070.965,"utilisent"
"TokensAlign",1070.965,1071.215,"maintenant"
"TokensAlign",1071.215,1071.465,"plus"
"TokensAlign",1071.465,1071.915,"whatsapp"
"TokensAlign",1071.915,1071.995,"ou"
"TokensAlign",1071.995,1072.625,"messenger"
"TokensAlign",1072.625,1072.745,"que"
"TokensAlign",1072.745,1072.895,"la"
"TokensAlign",1072.895,1073.405,"fonction"
"TokensAlign",1073.405,1073.6049999999998,"de"
"TokensAlign",1073.6049999999998,1073.995,"message"
"TokensAlign",1073.995,1074.0549999999998,"de"
"TokensAlign",1074.0549999999998,1074.255,"leur"
"TokensAlign",1074.255,1074.705,"téléphone"
"TokensAlign",1074.705,1074.965,"moi"
"TokensAlign",1074.965,1075.3549999999998,"non"
"TokensAlign",1075.3549999999998,1076.125,"personnellement"
"TokensAlign",1076.125,1076.155,"hein"
"TokensAlign",1076.155,1076.4,"mais"
"TokensAlign",1076.4,1077.05,"#"
"TokensAlign",1077.05,1077.527812,"je"
"TokensAlign",1077.527812,1080.2,"#"
"TokensAlign",1080.2,1080.49,"oui"
"TokensAlign",1080.49,1080.62,"oui"
"TokensAlign",1080.62,1080.97,"oui"
"TokensAlign",1080.97,1081.2,"ah"
"TokensAlign",1081.2,1081.274062,"oui"
"TokensAlign",1081.274062,1087.605,"#"
"TokensAlign",1087.605,1087.990313,"oui"
"TokensAlign",1087.990313,1102.355,"#"
"TokensAlign",1102.355,1102.525,"et"
"TokensAlign",1102.525,1102.789687,"oui"
"TokensAlign",1102.789687,1106.77,"#"
"TokensAlign",1106.77,1106.89,"oui"
"TokensAlign",1106.89,1107.02,"donc"
"TokensAlign",1107.02,1107.39,"forcément"
"TokensAlign",1107.39,1107.5,"c'est"
"TokensAlign",1107.5,1107.64,"plus"
"TokensAlign",1107.64,1107.98,"facile"
"TokensAlign",1107.98,1108.32,"puisque"
"TokensAlign",1108.32,1108.46,"t'"
"TokensAlign",1108.46,1108.5,"as"
"TokensAlign",1108.5,1108.58,"les"
"TokensAlign",1108.58,1108.71,"gens"
"TokensAlign",1108.71,1108.87,"avec"
"TokensAlign",1108.87,1108.93,"qui"
"TokensAlign",1108.93,1109.03,"tu"
"TokensAlign",1109.03,1109.24,"parles"
"TokensAlign",1109.24,1109.42,"sur"
"TokensAlign",1109.42,1109.9,"messenger"
"TokensAlign",1109.9,1110.43,"aussi"
"TokensAlign",1110.43,1110.59,"oui"
"TokensAlign",1110.59,1110.74,"c'est"
"TokensAlign",1110.74,1111.125938,"vrai"
"TokensAlign",1111.125938,1113.756515,"#"
"TokensAlign",1113.756515,1114.716245,"@"
"TokensAlign",1114.716245,1127.26089,"#"
"TokensAlign",1127.26089,1128.410756,"@"
"TokensAlign",1128.410756,1130.64,"#"
"TokensAlign",1130.64,1130.85,"c'est"
"TokensAlign",1130.85,1131.0800000000002,"vrai"
"TokensAlign",1131.0800000000002,1131.18,"mais"
"TokensAlign",1131.18,1131.3200000000002,"ça"
"TokensAlign",1131.3200000000002,1131.43,"te"
"TokensAlign",1131.43,1131.64,"laisse"
"TokensAlign",1131.64,1132.0700000000002,"aussi"
"TokensAlign",1132.0700000000002,1132.4,"libre"
"TokensAlign",1132.4,1132.5,"de"
"TokensAlign",1132.5,1133.34,"répondre"
"TokensAlign",1133.34,1133.5500000000002,"au"
"TokensAlign",1133.5500000000002,1133.9,"message"
"TokensAlign",1133.9,1134.0600000000002,"quand"
"TokensAlign",1134.0600000000002,1134.16,"tu"
"TokensAlign",1134.16,1134.2,"as"
"TokensAlign",1134.2,1134.5300000000002,"envie"
"TokensAlign",1134.5300000000002,1134.73,"sur"
"TokensAlign",1134.73,1134.76,"le"
"TokensAlign",1134.76,1135.51,"sms"
"TokensAlign",1135.51,1136.193544,"@"
"TokensAlign",1136.193544,1140.150938,"#"
"TokensAlign",1140.150938,1140.530938,"oui"
"TokensAlign",1140.530938,1140.790938,"aussi"
"TokensAlign",1140.790938,1140.850938,"oui"
"TokensAlign",1140.850938,1140.910938,"oui"
"TokensAlign",1140.910938,1141.040938,"non"
"TokensAlign",1141.040938,1141.190938,"non"
"TokensAlign",1141.190938,1141.420938,"c'est"
"TokensAlign",1141.420938,1141.590938,"vrai"
"TokensAlign",1141.590938,1141.810938,"que"
"TokensAlign",1141.810938,1141.940938,"c'est"
"TokensAlign",1141.940938,1142.190938,"drôle"
"TokensAlign",1142.190938,1142.420938,"ça"
"TokensAlign",1142.420938,1142.6,"hein"
"TokensAlign",1142.6,1162.225,"#"
"TokensAlign",1162.225,1162.465,"oui"
"TokensAlign",1162.465,1162.5749999999998,"ça"
"TokensAlign",1162.5749999999998,1162.625,"on"
"TokensAlign",1162.625,1162.935,"peut"
"TokensAlign",1162.935,1163.385,"désactiver"
"TokensAlign",1163.385,1163.455,"la"
"TokensAlign",1163.455,1163.775,"fonction"
"TokensAlign",1163.775,1164.135,"par_contre"
"TokensAlign",1164.135,1164.44,"aussi"
"TokensAlign",1164.44,1170.235,"#"
"TokensAlign",1170.235,1170.3349999999998,"sur"
"TokensAlign",1170.3349999999998,1170.785,"messenger"
"TokensAlign",1170.785,1170.8549999999998,"je"
"TokensAlign",1170.8549999999998,1171.0449999999998,"pense"
"TokensAlign",1171.0449999999998,1171.165,"pas"
"TokensAlign",1171.165,1171.235,"que"
"TokensAlign",1171.235,1171.3549999999998,"tu"
"TokensAlign",1171.3549999999998,1171.685,"puisses"
"TokensAlign",1171.685,1171.935,"nonpar"
"TokensAlign",1171.935,1172.0949999999998,"contre"
"TokensAlign",1172.0949999999998,1172.475,"sur"
"TokensAlign",1172.475,1172.685,"sur"
"TokensAlign",1172.685,1172.895,"le"
"TokensAlign",1172.895,1173.135,"le"
"TokensAlign",1173.135,1173.8249999999998,"le"
"TokensAlign",1173.8249999999998,1174.145,"le"
"TokensAlign",1174.145,1174.245,"la"
"TokensAlign",1174.245,1174.535,"fonction"
"TokensAlign",1174.535,1174.945,"sms"
"TokensAlign",1174.945,1175.365,"de"
"TokensAlign",1175.365,1175.8449999999998,"de"
"TokensAlign",1175.8449999999998,1175.965,"l'"
"TokensAlign",1175.965,1176.205,"iphone"
"TokensAlign",1176.205,1176.385,"oui"
"TokensAlign",1176.385,1176.475,"tu"
"TokensAlign",1176.475,1176.655,"peux"
"TokensAlign",1176.655,1177.285,"désactiver"
"TokensAlign",1177.285,1178.05,"le"
"TokensAlign",1178.05,1178.355,"#"
"TokensAlign",1178.355,1178.485,"quand"
"TokensAlign",1178.485,1178.595,"la"
"TokensAlign",1178.595,1178.895,"personne"
"TokensAlign",1178.895,1178.965,"a"
"TokensAlign",1178.965,1179.095,"vu"
"TokensAlign",1179.095,1179.135,"ou"
"TokensAlign",1179.135,1179.42,"pas"
"TokensAlign",1179.42,1180.29,"#"
"TokensAlign",1180.29,1180.36,"et"
"TokensAlign",1180.36,1180.61,"quand"
"TokensAlign",1180.61,1180.78,"quand"
"TokensAlign",1180.78,1180.86,"j'"
"TokensAlign",1180.86,1180.93,"ai"
"TokensAlign",1180.93,1181.02,"vu"
"TokensAlign",1181.02,1181.1,"le"
"TokensAlign",1181.1,1181.43,"message"
"TokensAlign",1181.43,1181.46,"ou"
"TokensAlign",1181.46,1181.63,"pas"
"TokensAlign",1181.63,1182.557813,"#"
"TokensAlign",1182.557813,1182.597813,"mais"
"TokensAlign",1182.597813,1182.757813,"c'est"
"TokensAlign",1182.757813,1182.817813,"oui"
"TokensAlign",1182.817813,1182.8778129999998,"je"
"TokensAlign",1182.8778129999998,1183.1778129999998,"trouve"
"TokensAlign",1183.1778129999998,1183.347813,"ça"
"TokensAlign",1183.347813,1183.807813,"très"
"TokensAlign",1183.807813,1184.4278129999998,"intéressant"
"TokensAlign",1184.4278129999998,1184.8678129999998,"de"
"TokensAlign",1184.8678129999998,1185.037813,"de"
"TokensAlign",1185.037813,1185.337813,"voir"
"TokensAlign",1185.337813,1185.557813,"comment"
"TokensAlign",1185.557813,1185.687813,"ça"
"TokensAlign",1185.687813,1185.797813,"a"
"TokensAlign",1185.797813,1186.257813,"changé"
"TokensAlign",1186.257813,1186.547813,"en_fait"
"TokensAlign",1186.547813,1186.797813,"sur"
"TokensAlign",1186.797813,1186.857813,"les"
"TokensAlign",1186.857813,1187.087813,"réseaux"
"TokensAlign",1187.087813,1187.8978129999998,"sociaux"
"TokensAlign",1187.8978129999998,1188.027813,"ou"
"TokensAlign",1188.027813,1188.197813,"les"
"TokensAlign",1188.197813,1188.8778129999998,"applications"
"TokensAlign",1188.8778129999998,1189.227813,"plutôt"
"TokensAlign",1189.227813,1189.337813,"que"
"TokensAlign",1189.337813,1189.437813,"de"
"TokensAlign",1189.437813,1189.537813,"la"
"TokensAlign",1189.537813,1189.9078129999998,"fonction"
"TokensAlign",1189.9078129999998,1190.4178129999998,"basique"
"TokensAlign",1190.4178129999998,1190.857813,"de"
"TokensAlign",1190.857813,1191.24,"du"
"TokensAlign",1191.24,1192.055,"#"
"TokensAlign",1192.055,1192.335,"du"
"TokensAlign",1192.335,1192.4350000000002,"du"
"TokensAlign",1192.4350000000002,1192.825,"sms"
"TokensAlign",1192.825,1192.969688,"quoi"
"TokensAlign",1192.969688,1200.8,"#"
"TokensAlign",1200.8,1201.069688,"ouu"
"TokensAlign",1201.069688,1206.225,"#"
"TokensAlign",1206.225,1206.3149999999998,"ben"
"TokensAlign",1206.3149999999998,1206.475,"c'est"
"TokensAlign",1206.475,1206.615,"s-"
"TokensAlign",1206.615,1206.8449999999998,"ils"
"TokensAlign",1206.8449999999998,1206.885,"ont"
"TokensAlign",1206.885,1207.0549999999998,"été"
"TokensAlign",1207.0549999999998,1207.3049999999998,"achetés"
"TokensAlign",1207.3049999999998,1207.455,"en"
"TokensAlign",1207.455,1207.915,"plus"
"TokensAlign",1207.915,1208.058921,"oui"
"TokensAlign",1208.058921,1209.82,"#"
"TokensAlign",1209.82,1210.45,"whatsapp"
"TokensAlign",1210.45,1210.6699999999998,"c'est"
"TokensAlign",1210.6699999999998,1211.22,"facebook"
"TokensAlign",1211.22,1211.31,"je"
"TokensAlign",1211.31,1211.66,"crois"
"TokensAlign",1211.66,1211.855,"ouais"
"TokensAlign",1211.855,1213.25,"#"
"TokensAlign",1213.25,1213.371562,"mh"
"TokensAlign",1213.371562,1215.98,"#"
"TokensAlign",1215.98,1216.07,"ouais"
"TokensAlign",1216.07,1216.274062,"ouais"
"TokensAlign",1216.274062,1222.675,"#"
"TokensAlign",1222.675,1222.915,"et"
"TokensAlign",1222.915,1223.024062,"ouais"
"TokensAlign",1223.024062,1223.675,"#"
"TokensAlign",1223.675,1223.952188,"ouais"
"TokensAlign",1223.952188,1239.145,"#"
"TokensAlign",1239.145,1239.445,"et"
"TokensAlign",1239.445,1239.578438,"oui"
"TokensAlign",1239.578438,1243.59,"#"
"TokensAlign",1243.59,1243.6699999999998,"ouais"
"TokensAlign",1243.6699999999998,1243.9,"ouais"
"TokensAlign",1243.9,1246.395,"#"
"TokensAlign",1246.395,1246.625,"sur"
"TokensAlign",1246.625,1247.075,"les_autres"
"TokensAlign",1247.075,1247.375,"et"
"TokensAlign",1247.375,1247.442188,"oui"
"TokensAlign",1247.442188,1249.25,"#"
"TokensAlign",1249.25,1249.4,"ouais"
"TokensAlign",1249.4,1249.545,"#"
"TokensAlign",1249.545,1249.6950000000002,"de"
"TokensAlign",1249.6950000000002,1250.165,"toute"
"TokensAlign",1250.165,1250.335,"façon"
"TokensAlign",1250.335,1250.375,"ils"
"TokensAlign",1250.375,1250.555,"nous"
"TokensAlign",1250.555,1250.6750000000002,"ont"
"TokensAlign",1250.6750000000002,1250.785,"de"
"TokensAlign",1250.785,1251.165,"partout"
"TokensAlign",1251.165,1251.295,"quoi"
"TokensAlign",1251.295,1251.785,"entre"
"TokensAlign",1251.785,1252.225,"même"
"TokensAlign",1252.225,1252.525,"les"
"TokensAlign",1252.525,1252.985,"fonctions"
"TokensAlign",1252.985,1253.345,"siri"
"TokensAlign",1253.345,1253.375,"qui"
"TokensAlign",1253.375,1253.625,"sont"
"TokensAlign",1253.625,1253.975,"activées"
"TokensAlign",1253.975,1254.045,"ou"
"TokensAlign",1254.045,1254.475,"pas"
"TokensAlign",1254.475,1254.635,"ou"
"TokensAlign",1254.635,1254.905,"quand"
"TokensAlign",1254.905,1255.355,"on"
"TokensAlign",1255.355,1255.465,"tu"
"TokensAlign",1255.465,1255.6750000000002,"sais"
"TokensAlign",1255.6750000000002,1255.785,"quand"
"TokensAlign",1255.785,1255.9450000000002,"tu"
"TokensAlign",1255.9450000000002,1256.1850000000002,"dis"
"TokensAlign",1256.1850000000002,1256.295,"quand"
"TokensAlign",1256.295,1256.4250000000002,"tu"
"TokensAlign",1256.4250000000002,1256.7050000000002,"discutes"
"TokensAlign",1256.7050000000002,1256.835,"de"
"TokensAlign",1256.835,1257.275,"quelque_chose"
"TokensAlign",1257.275,1257.4550000000002,"avec"
"TokensAlign",1257.4550000000002,1257.915,"quelqu'un"
"TokensAlign",1257.915,1258.035,"le"
"TokensAlign",1258.035,1258.665,"lendemain"
"TokensAlign",1258.665,1258.9350000000002,"chez"
"TokensAlign",1258.9350000000002,1259.1950000000002,"toi"
"TokensAlign",1259.1950000000002,1259.305,"tu"
"TokensAlign",1259.305,1259.355,"l'"
"TokensAlign",1259.355,1259.395,"as"
"TokensAlign",1259.395,1259.485,"à"
"TokensAlign",1259.485,1259.605,"la"
"TokensAlign",1259.605,1259.765,"pub"
"TokensAlign",1259.765,1259.985,"sur"
"TokensAlign",1259.985,1260.075,"ton"
"TokensAlign",1260.075,1260.775,"ordinateur"
"TokensAlign",1260.775,1260.875,"ou"
"TokensAlign",1260.875,1260.965,"des"
"TokensAlign",1260.965,1261.115,"trucs"
"TokensAlign",1261.115,1261.245,"de"
"TokensAlign",1261.245,1261.495,"dingue"
"TokensAlign",1261.495,1261.615,"comme"
"TokensAlign",1261.615,1261.875,"ça"
"TokensAlign",1261.875,1262.115,"quoi"
"TokensAlign",1262.115,1262.62,"#"
"TokensAlign",1262.62,1263.32,"c'est"
"TokensAlign",1263.32,1263.4,"ouais"
"TokensAlign",1263.4,1263.4599999999998,"ouais"
"TokensAlign",1263.4599999999998,1263.7099999999998,"ouais"
"TokensAlign",1263.7099999999998,1263.8,"bien"
"TokensAlign",1263.8,1264.01,"sûr"
"TokensAlign",1264.01,1264.08,"mais"
"TokensAlign",1264.08,1264.1999999999998,"c'est"
"TokensAlign",1264.1999999999998,1264.62,"impressionnant"
"TokensAlign",1264.62,1264.82,"parce_que"
"TokensAlign",1264.82,1264.88,"t'"
"TokensAlign",1264.88,1264.9399999999998,"as"
"TokensAlign",1264.9399999999998,1265.09,"beau"
"TokensAlign",1265.09,1265.65,"désactiver"
"TokensAlign",1265.65,1265.77,"ou"
"TokensAlign",1265.77,1266.05,"ne_pas"
"TokensAlign",1266.05,1266.4,"activer"
"TokensAlign",1266.4,1266.5,"sur"
"TokensAlign",1266.5,1266.84,"certains"
"TokensAlign",1266.84,1267.07,"trucs"
"TokensAlign",1267.07,1267.16,"ou"
"TokensAlign",1267.16,1267.4599999999998,"ne_pas"
"TokensAlign",1267.4599999999998,1268.01,"accepter"
"TokensAlign",1268.01,1268.26,"t'"
"TokensAlign",1268.26,1268.29,"en"
"TokensAlign",1268.29,1268.4299999999998,"as"
"TokensAlign",1268.4299999999998,1268.83,"toujours"
"TokensAlign",1268.83,1269.0,"un"
"TokensAlign",1269.0,1269.33,"quelque"
"TokensAlign",1269.33,1269.59,"part"
"TokensAlign",1269.59,1269.7399999999998,"qui"
"TokensAlign",1269.7399999999998,1269.9699999999998,"va"
"TokensAlign",1269.9699999999998,1270.34,"arriver"
"TokensAlign",1270.34,1270.4599999999998,"à"
"TokensAlign",1270.4599999999998,1270.9,"te"
"TokensAlign",1270.9,1272.36,"#"
"TokensAlign",1272.36,1272.85,"c'est"
"TokensAlign",1272.85,1273.01,"ouf"
"TokensAlign",1273.01,1273.176563,"hein"
"TokensAlign",1273.176563,1282.33,"#"
"TokensAlign",1282.33,1282.655,"ouais"
"TokensAlign",1282.655,1283.4,"#"
"TokensAlign",1283.4,1283.51,"ouais"
"TokensAlign",1283.51,1283.655938,"ouais"
"TokensAlign",1283.655938,1286.604767,"#"
"TokensAlign",1286.604767,1286.806091,"ouais"
"TokensAlign",1286.806091,1290.81,"#"
"TokensAlign",1290.81,1291.09,"ouais"
"TokensAlign",1291.09,1296.835626,"#"
"TokensAlign",1296.835626,1297.527188,"@"
"TokensAlign",1297.527188,1297.617188,"et"
"TokensAlign",1297.617188,1297.707188,"ouais"
"TokensAlign",1297.707188,1298.100938,"ouais"
"TokensAlign",1298.100938,1301.465,"#"
"TokensAlign",1301.465,1301.897813,"*"
"TokensAlign",1301.897813,1308.18,"#"
"TokensAlign",1308.18,1308.36,"non"
"TokensAlign",1308.36,1308.52,"puis"
"TokensAlign",1308.52,1308.69,"tu"
"TokensAlign",1308.69,1308.72,"te"
"TokensAlign",1308.72,1308.86,"rends"
"TokensAlign",1308.86,1309.17,"compte"
"TokensAlign",1309.17,1309.272188,"que"
"TokensAlign",1309.272188,1311.385,"#"
"TokensAlign",1311.385,1311.555,"oui"
"TokensAlign",1311.555,1311.615,"c'est"
"TokensAlign",1311.615,1311.835,"c'est"
"TokensAlign",1311.835,1312.145,"vrai"
"TokensAlign",1312.145,1312.275,"mais"
"TokensAlign",1312.275,1312.515,"c'est"
"TokensAlign",1312.515,1313.285,"est-ce_qu'"
"TokensAlign",1313.285,1313.385,"on"
"TokensAlign",1313.385,1313.605,"passe"
"TokensAlign",1313.605,1314.205,"automatiquement"
"TokensAlign",1314.205,1314.265,"à"
"TokensAlign",1314.265,1314.475,"la"
"TokensAlign",1314.475,1314.755,"deux"
"TokensAlign",1314.755,1314.905,"ou"
"TokensAlign",1314.905,1315.175,"est-ce_que"
"TokensAlign",1315.175,1315.615,"océane"
"TokensAlign",1315.615,1315.735,"doit"
"TokensAlign",1315.735,1316.38,"intervenir"
"PronTokAlign",0.0,4.36,"#=0.0"
"PronTokAlign",4.36,4.57,"m"
"PronTokAlign",4.57,4.84,"m"
"PronTokAlign",4.84,15.480293,"#=0.0"
"PronTokAlign",15.480293,16.54761,"laugh=0.0"
"PronTokAlign",16.54761,19.701563,"#=0.0"
"PronTokAlign",19.701563,19.941563,"fp"
"PronTokAlign",19.941563,20.101563,"b-U~/=0.41"
"PronTokAlign",20.101563,20.451563,"s-t-A/-d-i-R=0.61"
"PronTokAlign",20.451563,20.521563,"k"
"PronTokAlign",20.521563,20.681563,"O~=0.648"
"PronTokAlign",20.681563,20.811563,"d-w-A/=0.56"
"PronTokAlign",20.811563,21.141563,"f-E-R=0.612"
"PronTokAlign",21.141563,21.571563,"d-y-k-u"
"PronTokAlign",21.571563,21.741563,"U~/=0.727"
"PronTokAlign",21.741563,21.771563,"U~/=0.773"
"PronTokAlign",21.771563,22.441563,"R-2-p-O/-R-i-n-g=0.948"
"PronTokAlign",22.441563,22.571563,"l-A/"
"PronTokAlign",22.571563,22.821563,"s-y-R"
"PronTokAlign",22.821563,22.861563,"U~/=0.685"
"PronTokAlign",22.861563,23.121563,"R-t-u-R=0.704"
"PronTokAlign",23.121563,23.161563,"d=0.828"
"PronTokAlign",23.161563,24.291563,"E-s-p-e-R-j-a~-s=0.568"
"PronTokAlign",24.291563,24.421563,"s-y-R"
"PronTokAlign",24.421563,24.881563,"E-v-E-n-2-m-a~=0.572"
"PronTokAlign",24.881563,25.031563,"m-E=0.483"
"PronTokAlign",25.031563,25.171563,"s-k=0.41"
"PronTokAlign",25.171563,25.241563,"O~=0.582"
"PronTokAlign",25.241563,25.311563,"E=0.471"
"PronTokAlign",25.311563,25.661563,"s-a~-s-e"
"PronTokAlign",25.661563,26.031563,"Z-y-s-t=0.367"
"PronTokAlign",26.031563,26.421563,"p-A/-R-l-e=0.826"
"PronTokAlign",26.421563,26.561563,"d-@=0.813"
"PronTokAlign",26.561563,27.38,"s-e-z=0.99"
"PronTokAlign",27.38,27.875,"#=0.0"
"PronTokAlign",27.875,28.055,"s-e=0.352"
"PronTokAlign",28.055,28.585,"t-E-m-A/-t-i-k=0.92"
"PronTokAlign",28.585,28.795,"l-A/"
"PronTokAlign",28.795,28.935,"u"
"PronTokAlign",28.935,29.595,"e-s-2-k-2=0.719"
"PronTokAlign",29.595,29.73,"#=0.0"
"PronTokAlign",29.73,29.89,"u-i=0.563"
"PronTokAlign",29.89,30.08,"a~-f-E=0.289"
"PronTokAlign",30.08,30.21,"s-e"
"PronTokAlign",30.21,30.48,"s-A/=0.993"
"PronTokAlign",30.48,43.82,"#=0.0"
"PronTokAlign",43.82,44.09,"s-y-R"
"PronTokAlign",44.09,44.24,"s-E=0.594"
"PronTokAlign",44.24,44.406563,"l-@=0.732"
"PronTokAlign",44.406563,48.375,"#=0.0"
"PronTokAlign",48.375,48.760313,"d-A/-k-O/-R"
"PronTokAlign",48.760313,51.696563,"#=0.0"
"PronTokAlign",51.696563,52.000313,"O/-k-e=0.558"
"PronTokAlign",52.000313,54.210938,"#=0.0"
"PronTokAlign",54.210938,54.330938,"u-i=0.981"
"PronTokAlign",54.330938,54.440938,"u-i=0.607"
"PronTokAlign",54.440938,54.720938,"u-i=0.856"
"PronTokAlign",54.720938,54.790938,"m=0.306"
"PronTokAlign",54.790938,54.960938,"Z-@=0.472"
"PronTokAlign",54.960938,55.130938,"p-a~-s=0.914"
"PronTokAlign",55.130938,55.220938,"k-@=0.615"
"PronTokAlign",55.220938,55.350938,"s=0.906"
"PronTokAlign",55.350938,55.420938,"O~=0.848"
"PronTokAlign",55.420938,55.460938,"n"
"PronTokAlign",55.460938,55.520938,"A/"
"PronTokAlign",55.520938,55.670938,"p-A/=0.804"
"PronTokAlign",55.670938,55.880938,"d-@=0.855"
"PronTokAlign",55.880938,56.100938,"d-@=0.876"
"PronTokAlign",56.100938,56.200938,"d-@=0.759"
"PronTokAlign",56.200938,56.600938,"s-y-p-O/-R"
"PronTokAlign",56.600938,56.750938,"s-e"
"PronTokAlign",56.750938,56.910938,"k-@=0.888"
"PronTokAlign",56.910938,56.950938,"d=0.414"
"PronTokAlign",56.950938,57.120938,"t-u-t=0.8"
"PronTokAlign",57.120938,57.490938,"f-A/-s-O~"
"PronTokAlign",57.490938,57.920938,"f-E-k-t-i-v-m-a~=0.92"
"PronTokAlign",57.920938,58.240938,"s-e"
"PronTokAlign",58.240938,58.450938,"s-e"
"PronTokAlign",58.450938,58.920938,"p-A/-R-A/-p-O/-R-A/"
"PronTokAlign",58.920938,59.040938,"n-O/-z=0.796"
"PronTokAlign",59.040938,59.390938,"E-k-s-p-e-R-j-a~-s=0.537"
"PronTokAlign",59.390938,59.89,"p-E-R-s-O/-n-E-l-@=0.405"
"PronTokAlign",59.89,61.95,"#=0.0"
"PronTokAlign",61.95,62.675,"fp=0.0"
"PronTokAlign",62.675,63.115,"#=0.0"
"PronTokAlign",63.115,63.205000000000005,"b-E=0.623"
"PronTokAlign",63.205000000000005,63.295,"Z=0.524"
"PronTokAlign",63.295,63.355,"p-@=0.975"
"PronTokAlign",63.355,63.755,"k-O/-m-a~-s-e=0.835"
"PronTokAlign",63.755,63.865,"s=0.561"
"PronTokAlign",63.865,63.965,"v-u=0.7"
"PronTokAlign",63.965,64.234688,"v-u-l-e=0.634"
"PronTokAlign",64.234688,66.01,"#=0.0"
"PronTokAlign",66.01,67.05,"fp=0.0"
"PronTokAlign",67.05,67.32,"#=0.0"
"PronTokAlign",67.32,67.58,"A/-l-O/-R=0.4"
"PronTokAlign",67.58,67.72,"p-u-R"
"PronTokAlign",67.72,67.92999999999999,"t-u-t=0.67"
"PronTokAlign",67.92999999999999,68.00999999999999,"s=0.84"
"PronTokAlign",68.00999999999999,68.11999999999999,"k-j=0.468"
"PronTokAlign",68.11999999999999,68.19,"E=0.496"
"PronTokAlign",68.19,68.42999999999999,"R-E-z-O/=0.402"
"PronTokAlign",68.42999999999999,68.94,"s-O/-s-j-O/=0.741"
"PronTokAlign",68.94,69.25,"d-O~-k=0.597"
"PronTokAlign",69.25,69.50999999999999,"fp"
"PronTokAlign",69.50999999999999,69.88,"d-O~-k=0.994"
"PronTokAlign",69.88,70.30999999999999,"g-A/-f-A/-m=0.914"
"PronTokAlign",70.30999999999999,70.47999999999999,"s-e"
"PronTokAlign",70.47999999999999,70.75,"m-A/-R-a~=0.759"
"PronTokAlign",70.75,70.86999999999999,"s-e"
"PronTokAlign",70.86999999999999,71.03999999999999,"d-R-O/-l=0.818"
"PronTokAlign",71.03999999999999,71.38999999999999,"p-A/-s-k-@=0.433"
"PronTokAlign",71.38999999999999,71.63,"p-A/-s-@=0.444"
"PronTokAlign",71.63,71.74,"Z-@=0.625"
"PronTokAlign",71.74,72.08999999999999,"n-@=0.626"
"PronTokAlign",72.08999999999999,72.32,"k-O/-n-E-s-E=0.373"
"PronTokAlign",72.32,72.6,"p-A/-z=0.673"
"PronTokAlign",72.6,72.63,"l=0.786"
"PronTokAlign",72.63,72.66,"l=0.689"
"PronTokAlign",72.66,72.91,"s-O/-R-t=0.789"
"PronTokAlign",72.91,72.94999999999999,"d=0.736"
"PronTokAlign",72.94999999999999,73.41999999999999,"A/-k-R-O/-n-i-m=0.743"
"PronTokAlign",73.41999999999999,73.47999999999999,"u"
"PronTokAlign",73.47999999999999,73.83,"O~-n=0.7"
"PronTokAlign",73.83,73.92999999999999,"u"
"PronTokAlign",73.92999999999999,74.25999999999999,"O~=0.815"
"PronTokAlign",74.25999999999999,74.36999999999999,"m-E=0.681"
"PronTokAlign",74.36999999999999,74.47999999999999,"l-e=0.495"
"PronTokAlign",74.47999999999999,74.72999999999999,"k-A/-t-R=0.503"
"PronTokAlign",74.72999999999999,74.75999999999999,"A/"
"PronTokAlign",74.75999999999999,74.82,"l-A/"
"PronTokAlign",74.82,75.88999999999999,"s-y-i-t=0.662"
"PronTokAlign",75.88999999999999,76.02,"fp"
"PronTokAlign",76.02,76.10999999999999,"l-e=0.375"
"PronTokAlign",76.10999999999999,76.38,"s-U~/-k=0.842"
"PronTokAlign",76.38,76.41,"A/"
"PronTokAlign",76.41,76.49,"l-A/"
"PronTokAlign",76.49,77.36999999999999,"s-y-i-t=0.566"
"PronTokAlign",77.36999999999999,77.55,"fp"
"PronTokAlign",77.55,77.91,"m-w-A/"
"PronTokAlign",77.91,77.99,"Z=0.595"
"PronTokAlign",77.99,78.03,"e=0.534"
"PronTokAlign",78.03,78.1,"y-n=0.833"
"PronTokAlign",78.1,80.13,"E-k-s-p-E-R-j-a~-s-@"
"PronTokAlign",80.13,80.21,"d=0.427"
"PronTokAlign",80.21,80.44999999999999,"R-e-z-O/-z=0.342"
"PronTokAlign",80.44999999999999,80.96,"s-O/-s-j-O/=0.83"
"PronTokAlign",80.96,81.21,"a~-f-U~/"
"PronTokAlign",81.21,81.33999999999999,"Z=0.523"
"PronTokAlign",81.33999999999999,81.64999999999999,"s-y-i=0.86"
"PronTokAlign",81.64999999999999,81.8,"Z=0.615"
"PronTokAlign",81.8,81.83999999999999,"e=0.576"
"PronTokAlign",81.83999999999999,82.0,"Z=0.679"
"PronTokAlign",82.0,82.16999999999999,"e=0.733"
"PronTokAlign",82.16999999999999,82.38999999999999,"S=0.942"
"PronTokAlign",82.38999999999999,82.57,"E=0.601"
"PronTokAlign",82.57,82.75999999999999,"fp"
"PronTokAlign",82.75999999999999,82.96,"S=0.671"
"PronTokAlign",82.96,83.17999999999999,"y-t-i-l-i-z=0.837"
"PronTokAlign",83.17999999999999,83.36999999999999,"g-O/-O/-Z-l=0.407"
"PronTokAlign",83.36999999999999,83.52,"b-j-U~/=0.587"
"PronTokAlign",83.52,83.85,"s-y-R"
"PronTokAlign",83.85,83.94999999999999,"S=0.571"
"PronTokAlign",83.94999999999999,84.02,"e=0.623"
"PronTokAlign",84.02,84.72999999999999,"f-E-i-s-b-u-k"
"PronTokAlign",84.72999999999999,84.89999999999999,"Z=0.885"
"PronTokAlign",84.89999999999999,85.42999999999999,"y-t-i-l-i-z=0.658"
"PronTokAlign",85.42999999999999,86.02,"R-e-g-y-l-j-E-R-m-a~=0.597"
"PronTokAlign",86.02,86.53999999999999,"A/-m-A/-z-O/-n"
"PronTokAlign",86.53999999999999,86.89999999999999,"m-E-m-@=0.502"
"PronTokAlign",86.89999999999999,87.03999999999999,"s-i=0.662"
"PronTokAlign",87.03999999999999,87.16,"Z=0.667"
"PronTokAlign",87.16,87.55999999999999,"E-s-E=0.43"
"PronTokAlign",87.55999999999999,87.78999999999999,"U~/=0.833"
"PronTokAlign",87.78999999999999,88.33999999999999,"m-A/-k-s-i-m-O/-m"
"PronTokAlign",88.33999999999999,88.39999999999999,"d=0.785"
"PronTokAlign",88.39999999999999,88.82,"e-v-i-t-e=0.585"
"PronTokAlign",88.82,89.30999999999999,"p-A/-R-A/-p-O/-R-A/"
"PronTokAlign",89.30999999999999,89.78999999999999,"l-9-R"
"PronTokAlign",89.78999999999999,89.834063,"fp"
"PronTokAlign",89.834063,91.184062,"#=0.0"
"PronTokAlign",91.184062,91.364062,"A/"
"PronTokAlign",91.364062,91.594062,"l-9-R"
"PronTokAlign",91.594062,92.34,"l-9-R"
"PronTokAlign",92.34,92.63,"#=0.0"
"PronTokAlign",92.63,93.075,"noise=0.0"
"PronTokAlign",93.075,93.24,"#=0.0"
"PronTokAlign",93.24,93.54,"l-9-R"
"PronTokAlign",93.54,93.81,"p-O/-l-i-t-i-k=0.881"
"PronTokAlign",93.81,93.85,"d=0.881"
"PronTokAlign",93.85,94.47,"a~-p-l-w-A/"
"PronTokAlign",94.47,94.51,"E=0.722"
"PronTokAlign",94.51,94.57,"p-i=0.482"
"PronTokAlign",94.57,94.89,"O/-s-i"
"PronTokAlign",94.89,95.09,"l-e=0.508"
"PronTokAlign",95.09,95.17,"l-e=0.514"
"PronTokAlign",95.17,95.48,"k-O~-d-i-s-j-O~=0.721"
"PronTokAlign",95.48,95.52,"d=0.528"
"PronTokAlign",95.52,95.92,"t-R-A/-v-A/-j"
"PronTokAlign",95.92,95.95,"d=0.436"
"PronTokAlign",95.95,96.04,"l-9-R=0.915"
"PronTokAlign",96.04,96.56,"a~-p-l-w-A/-j-e=0.684"
"PronTokAlign",96.56,96.77,"d-O~-k=0.848"
"PronTokAlign",96.77,96.83,"O~=0.513"
"PronTokAlign",96.83,97.05,"E-s-E=0.377"
"PronTokAlign",97.05,97.08,"d=0.505"
"PronTokAlign",97.08,97.41,"l-i-m-i-t-e=0.704"
"PronTokAlign",97.41,97.47,"U~/=0.524"
"PronTokAlign",97.47,97.66,"p-t-i-t=0.326"
"PronTokAlign",97.66,97.75,"p-2"
"PronTokAlign",97.75,97.93,"s-y-R"
"PronTokAlign",97.93,98.55,"A/-m-A/-z-O/-n"
"PronTokAlign",98.55,98.68,"s-i=0.668"
"PronTokAlign",98.68,98.86,"s-e"
"PronTokAlign",98.86,99.05,"v-R-E=0.717"
"PronTokAlign",99.05,99.355,"k-@=0.992"
"PronTokAlign",99.355,99.845,"#=0.0"
"PronTokAlign",99.845,100.195,"s-e"
"PronTokAlign",100.195,100.555,"R-2-l-A/-t-i-v-m-a~=0.933"
"PronTokAlign",100.555,101.055,"p-R-A/-t-i-k=0.649"
"PronTokAlign",101.055,101.405,"U~/"
"PronTokAlign",101.405,101.945,"O/"
"PronTokAlign",101.945,102.205,"n-i-v-O/"
"PronTokAlign",102.205,102.435,"A/-S-A/=0.846"
"PronTokAlign",102.435,102.525,"a~"
"PronTokAlign",102.525,102.805,"l-i-n-j-@=0.529"
"PronTokAlign",102.805,102.975,"s-e"
"PronTokAlign",102.975,103.095,"v-R-E=0.606"
"PronTokAlign",103.095,103.325,"k-@=0.709"
"PronTokAlign",103.325,103.505,"#"
"PronTokAlign",103.505,104.125,"s-y-R-t-u=0.682"
"PronTokAlign",104.125,104.365,"m-w-A/"
"PronTokAlign",104.365,104.465,"k=0.383"
"PronTokAlign",104.465,104.575,"l-i=0.859"
"PronTokAlign",104.575,104.785,"b-O/-k-u=0.884"
"PronTokAlign",104.785,104.895,"a~"
"PronTokAlign",104.895,105.325,"a~-g-l-e=0.497"
"PronTokAlign",105.325,105.915,"#=0.0"
"PronTokAlign",105.915,106.455,"fp"
"PronTokAlign",106.455,106.555,"S=0.854"
"PronTokAlign",106.555,106.745,"A/-b-i-t=0.846"
"PronTokAlign",106.745,106.935,"s-y-R"
"PronTokAlign",106.935,107.175,"E-k-s"
"PronTokAlign",107.175,107.655,"d-O~-k=0.586"
"PronTokAlign",107.655,107.8,"i=0.696"
"PronTokAlign",107.8,108.135,"#=0.0"
"PronTokAlign",108.135,108.275,"j=0.554"
"PronTokAlign",108.275,108.365,"A/"
"PronTokAlign",108.365,108.545,"y-n-@=0.52"
"PronTokAlign",108.545,108.885,"g-R-O/-s=0.801"
"PronTokAlign",108.885,109.565,"l-i-b-R-E-R-i-@=0.878"
"PronTokAlign",109.565,110.145,"a~-g-l-O/-f-O/-n=0.548"
"PronTokAlign",110.145,110.235,"m-e=0.333"
"PronTokAlign",110.235,110.405,"s-e"
"PronTokAlign",110.405,110.565,"v-R-E=0.552"
"PronTokAlign",110.565,110.615,"k=0.601"
"PronTokAlign",110.615,110.945,"s-u-v-a~=0.84"
"PronTokAlign",110.945,111.085,"s-e"
"PronTokAlign",111.085,111.295,"b-O/-k-u=0.793"
"PronTokAlign",111.295,111.445,"p-l-y=0.611"
"PronTokAlign",111.445,111.875,"s-U~/-p-l=0.611"
"PronTokAlign",111.875,111.955,"e=0.777"
"PronTokAlign",111.955,112.135,"m-w-U~/=0.742"
"PronTokAlign",112.135,112.365,"S-E-R"
"PronTokAlign",112.365,112.585,"O/-s-i"
"PronTokAlign",112.585,112.625,"d=0.878"
"PronTokAlign",112.625,112.735,"A/-l-e=0.894"
"PronTokAlign",112.735,112.925,"s-y-R"
"PronTokAlign",112.925,113.35,"A/-m-A/-z-O/-n"
"PronTokAlign",113.35,113.85,"#=0.0"
"PronTokAlign",113.85,113.95,"d-O~=0.826"
"PronTokAlign",113.95,114.13,"s-e"
"PronTokAlign",114.13,114.22,"v-R-e=0.676"
"PronTokAlign",114.22,114.27,"k"
"PronTokAlign",114.27,114.32,"i=0.588"
"PronTokAlign",114.32,114.41,"n-u=0.732"
"PronTokAlign",114.41,114.6,"t-j-E-n=0.939"
"PronTokAlign",114.6,114.7,"U~/=0.569"
"PronTokAlign",114.7,114.85,"p-t-i=0.529"
"PronTokAlign",114.85,114.95,"p-2"
"PronTokAlign",114.95,115.11,"A/-v-E-k"
"PronTokAlign",115.11,115.38,"s-A/"
"PronTokAlign",115.38,115.709563,"#=0.0"
"PronTokAlign",115.709563,116.239815,"noise=0.0"
"PronTokAlign",116.239815,116.925,"#=0.0"
"PronTokAlign",116.925,117.515,"fp"
"PronTokAlign",117.515,117.665,"e=0.578"
"PronTokAlign",117.665,117.905,"A/-p-R-E=0.426"
"PronTokAlign",117.905,117.955,"O/"
"PronTokAlign",117.955,118.145,"n-i-v-O/"
"PronTokAlign",118.145,118.185,"d=0.431"
"PronTokAlign",118.185,118.465,"R-E-z-O/=0.595"
"PronTokAlign",118.465,120.295,"s-O/-s-j-O/-z=0.669"
"PronTokAlign",120.295,120.435,"k-O/-m=0.537"
"PronTokAlign",120.435,120.615,"Z-@=0.468"
"PronTokAlign",120.615,120.835,"d-i-z-E=0.565"
"PronTokAlign",120.835,120.925,"Z=0.669"
"PronTokAlign",120.925,121.035,"a~"
"PronTokAlign",121.035,121.115,"E=0.59"
"PronTokAlign",121.115,121.185,"y-n=0.867"
"PronTokAlign",121.185,121.645,"y-t-i-l-i-z-A/-s-j-O~"
"PronTokAlign",121.645,121.975,"A/-s-e=0.754"
"PronTokAlign",121.975,122.875,"l-i-m-i-t-e"
"PronTokAlign",122.875,123.275,"#"
"PronTokAlign",123.275,124.335,"fp"
"PronTokAlign",124.335,124.455,"S=0.849"
"PronTokAlign",124.455,124.485,"e=0.522"
"PronTokAlign",124.485,124.925,"s-y-R-t-u-t=0.693"
"PronTokAlign",124.925,125.105,"S=0.683"
"PronTokAlign",125.105,125.145,"e=0.667"
"PronTokAlign",125.145,125.665,"f-E-i-s-b-u-k"
"PronTokAlign",125.665,126.355,"U~/-s-t-A/-g-R-A/-m"
"PronTokAlign",126.355,126.385,"E=0.705"
"PronTokAlign",126.385,127.175,"t-w-i-t-t-E-R"
"PronTokAlign",127.175,127.77,"#=0.0"
"PronTokAlign",127.77,128.16,"t-w-i-t-t-E-R"
"PronTokAlign",128.16,128.22,"E=0.462"
"PronTokAlign",128.22,128.57,"p-l-y-t-O/=0.788"
"PronTokAlign",128.57,128.69,"d-y=0.8"
"PronTokAlign",128.69,128.99,"k-O/-t-e"
"PronTokAlign",128.99,129.815,"p-R-O/-f-E-s-j-O/-n-E-l"
"PronTokAlign",129.815,130.59,"#=0.0"
"PronTokAlign",130.59,131.41,"f-E-i-s-b-u-k"
"PronTokAlign",131.41,131.55,"s-e"
"PronTokAlign",131.55,132.32,"p-l-y-t-O/=0.831"
"PronTokAlign",132.32,132.35,"l"
"PronTokAlign",132.35,132.86,"y-t-i-l-i-z-A/-s-j-O~"
"PronTokAlign",132.86,133.36,"p-E-R-s-O/"
"PronTokAlign",133.36,133.44,"E=0.701"
"PronTokAlign",133.44,134.0,"U~/-s-t-A/-g-R-A/-m"
"PronTokAlign",134.0,134.09,"Z=0.568"
"PronTokAlign",134.09,134.17000000000002,"a~"
"PronTokAlign",134.17000000000002,134.20000000000002,"E=0.529"
"PronTokAlign",134.20000000000002,134.26,"y-n=0.752"
"PronTokAlign",134.26,134.72,"y-t-i-l-i-z-A/-s-j-O~"
"PronTokAlign",134.72,135.464063,"A/-s-e=0.702"
"PronTokAlign",135.464063,136.78,"#=0.0"
"PronTokAlign",136.78,137.38,"p-f-R-E-k-a~-t=0.914"
"PronTokAlign",137.38,137.53,"s-e"
"PronTokAlign",137.53,137.62,"v-R-E=0.534"
"PronTokAlign",137.62,137.83,"p-A/-s-@=0.564"
"PronTokAlign",137.83,137.93,"Z=0.848"
"PronTokAlign",137.93,138.07,"e=0.764"
"PronTokAlign",138.07,138.28,"p-A/=0.734"
"PronTokAlign",138.28,138.72,"f-O/-R-s-e-m-a~=0.4"
"PronTokAlign",138.72,138.75,"l=0.521"
"PronTokAlign",138.75,139.41,"R-E-f-l-E-k-s=0.963"
"PronTokAlign",139.41,139.99,"#=0.0"
"PronTokAlign",139.99,140.72,"d-@"
"PronTokAlign",140.72,141.07000000000002,"p-R-a~-d-R=0.756"
"PronTokAlign",141.07000000000002,141.20000000000002,"d-e=0.38"
"PronTokAlign",141.20000000000002,142.18,"f-O/-t-O/-z=0.669"
"PronTokAlign",142.18,142.5,"s-e"
"PronTokAlign",142.5,142.71,"Z-y-s=0.403"
"PronTokAlign",142.71,142.82000000000002,"p-A/=0.957"
"PronTokAlign",142.82000000000002,142.88,"U~/=0.831"
"PronTokAlign",142.88,143.19,"R-E-f-l-E-k-s=0.851"
"PronTokAlign",143.19,143.29000000000002,"k=0.772"
"PronTokAlign",143.29000000000002,143.4,"Z=0.927"
"PronTokAlign",143.4,143.45000000000002,"E=0.505"
"PronTokAlign",143.45000000000002,143.55,"s-e"
"PronTokAlign",143.55,143.77,"p-2-t-E-t-R=0.905"
"PronTokAlign",143.77,143.86,"y-n=0.766"
"PronTokAlign",143.86,144.11,"k-E-s-t-j-O~"
"PronTokAlign",144.11,144.15,"d=0.71"
"PronTokAlign",144.15,144.69,"Z-E-n-E-R-A/-s-j-O~=0.79"
"PronTokAlign",144.69,144.97,"#"
"PronTokAlign",144.97,145.06,"S=0.798"
"PronTokAlign",145.06,145.18,"s=0.432"
"PronTokAlign",145.18,145.485,"p-A/=0.733"
"PronTokAlign",145.485,146.355,"#=0.0"
"PronTokAlign",146.355,146.985,"fp"
"PronTokAlign",146.985,147.08499999999998,"m-E=0.52"
"PronTokAlign",147.08499999999998,147.345,"v-w-A/-l-A/=0.851"
"PronTokAlign",147.345,147.535,"d-O~-k=0.589"
"PronTokAlign",147.535,147.715,"s-e"
"PronTokAlign",147.715,147.77499999999998,"m-O~=0.724"
"PronTokAlign",147.77499999999998,148.635,"y-t-i-l-i-z-A/-s-j-O~"
"PronTokAlign",148.635,148.665,"E=0.672"
"PronTokAlign",148.665,148.975,"m-O~=0.718"
"PronTokAlign",148.975,149.42499999999998,"R-t-u-R=0.617"
"PronTokAlign",149.42499999999998,149.757187,"l-A/-d-2-s-y"
"PronTokAlign",149.757187,155.775,"#=0.0"
"PronTokAlign",155.775,156.051562,"p-A/-R-d-O~=0.502"
"PronTokAlign",156.051562,158.346563,"#=0.0"
"PronTokAlign",158.346563,158.656563,"l-O/-R=0.521"
"PronTokAlign",158.656563,158.696563,"l=0.531"
"PronTokAlign",158.696563,159.136563,"n-y-m-E-R-i-k=0.911"
"PronTokAlign",159.136563,159.346563,"t-u=0.586"
"PronTokAlign",159.346563,159.836563,"k-u-R=0.652"
"PronTokAlign",159.836563,161.216563,"fp"
"PronTokAlign",161.216563,161.476563,"A/-l-O/-R=0.562"
"PronTokAlign",161.476563,161.606563,"l-A/"
"PronTokAlign",161.606563,161.916563,"p-A/-R-k-O~-t=0.698"
"PronTokAlign",161.916563,162.066563,"s-e"
"PronTokAlign",162.066563,162.17656300000002,"v-R-E=0.634"
"PronTokAlign",162.17656300000002,162.20656300000002,"k=0.939"
"PronTokAlign",162.20656300000002,162.366563,"s-e"
"PronTokAlign",162.366563,162.466563,"U~/=0.619"
"PronTokAlign",162.466563,162.576563,"p-2"
"PronTokAlign",162.576563,163.026563,"p-l-y=0.618"
"PronTokAlign",163.026563,163.42656300000002,"Z-@=0.44"
"PronTokAlign",163.42656300000002,163.596563,"s-y-i=0.796"
"PronTokAlign",163.596563,163.646563,"U~/=0.634"
"PronTokAlign",163.646563,163.806563,"p-t-i-t=0.363"
"PronTokAlign",163.806563,164.376563,"p-2"
"PronTokAlign",164.376563,164.685,"p-l-y-z=0.786"
"PronTokAlign",164.685,165.435,"#=0.0"
"PronTokAlign",165.435,166.6,"fp=0.0"
"PronTokAlign",166.6,167.265,"#=0.0"
"PronTokAlign",167.265,167.55499999999998,"p-O/-R-t-e"
"PronTokAlign",167.55499999999998,167.77499999999998,"s-y-R"
"PronTokAlign",167.77499999999998,167.80499999999998,"l=0.582"
"PronTokAlign",167.80499999999998,168.17499999999998,"n-y-m-E-R-i-k=0.798"
"PronTokAlign",168.17499999999998,168.46499999999995,"s-y-R-t-u=0.567"
"PronTokAlign",168.46499999999995,168.875,"p-A/-R-A/-p-O/-R-A/"
"PronTokAlign",168.875,168.975,"m-O~=0.479"
"PronTokAlign",168.975,169.295,"b-u-l-O/=0.733"
"PronTokAlign",169.295,169.485,"p-s-k=0.838"
"PronTokAlign",169.485,169.575,"Z=0.633"
"PronTokAlign",169.575,169.80499999999998,"t-R-A/-v-A/-j=0.679"
"PronTokAlign",169.80499999999998,169.90499999999997,"a~"
"PronTokAlign",169.90499999999997,170.90499999999997,"t-E-z=0.882"
"PronTokAlign",170.90499999999997,171.005,"e=0.747"
"PronTokAlign",171.005,171.195,"s-e"
"PronTokAlign",171.195,171.375,"v-R-E=0.543"
"PronTokAlign",171.375,171.625,"k-@=0.999"
"PronTokAlign",171.625,171.855,"s-A/=0.717"
"PronTokAlign",171.855,171.915,"m=0.554"
"PronTokAlign",171.915,171.975,"A/"
"PronTokAlign",171.975,172.45499999999998,"f-e-z=0.687"
"PronTokAlign",172.45499999999998,172.755,"g-A/-n-j-e=0.721"
"PronTokAlign",172.755,173.15499999999997,"b-O/-k-u=0.898"
"PronTokAlign",173.15499999999997,173.355,"d-@=0.658"
"PronTokAlign",173.355,173.765,"t-a~-z=0.686"
"PronTokAlign",173.765,173.815,"d=0.87"
"PronTokAlign",173.815,173.985,"E-t=0.494"
"PronTokAlign",173.985,174.52499999999998,"E-s-a~-s-j-E-l-m-a~=0.411"
"PronTokAlign",174.52499999999998,174.735,"s-y-R"
"PronTokAlign",174.735,174.795,"d-y=0.603"
"PronTokAlign",174.795,175.125,"s-y-p-O/-R"
"PronTokAlign",175.125,175.515,"n-y-m-E-R-i-k=0.654"
"PronTokAlign",175.515,175.985,"p-A/-R-E-g-z-a~-p-l=0.399"
"PronTokAlign",175.985,176.235,"p-H-i-s-k=0.504"
"PronTokAlign",176.235,176.325,"Z=0.646"
"PronTokAlign",176.325,176.565,"t-R-A/-v-A/-j=0.67"
"PronTokAlign",176.565,176.61499999999998,"a~"
"PronTokAlign",176.61499999999998,177.915,"l-i-t-E-R-A/-t-y-R=0.458"
"PronTokAlign",177.915,178.265,"fp"
"PronTokAlign",178.265,178.505,"d-O~=0.626"
"PronTokAlign",178.505,178.575,"Z=0.739"
"PronTokAlign",178.575,178.605,"E=0.528"
"PronTokAlign",178.605,179.08499999999998,"e-s-a~-s-j-E-l-m-a~=0.651"
"PronTokAlign",179.08499999999998,179.485,"t-R-A/-v-A/-j-e"
"PronTokAlign",179.485,179.71499999999995,"s-y-R"
"PronTokAlign",179.71499999999995,180.325,"d-e=0.615"
"PronTokAlign",180.325,180.765,"l-i-v-R=0.472"
"PronTokAlign",180.765,181.155,"n-y-m-E-R-i-k=0.951"
"PronTokAlign",181.155,181.415,"a~-f-E=0.391"
"PronTokAlign",181.415,181.575,"s=0.98"
"PronTokAlign",181.575,181.645,"k-i=0.407"
"PronTokAlign",181.645,181.755,"f-e=0.522"
"PronTokAlign",181.755,181.975,"g-A/-n-j-e=0.91"
"PronTokAlign",181.975,182.345,"E-n-O/-R-m-E-m-a~=0.449"
"PronTokAlign",182.345,182.415,"d=0.563"
"PronTokAlign",182.415,182.605,"t-a~=0.826"
"PronTokAlign",182.605,182.995,"p-H-i-s-k-@=0.738"
"PronTokAlign",182.995,183.095,"l-A/"
"PronTokAlign",183.095,183.615,"n-A/-v-i-g-A/-s-j-O~=0.749"
"PronTokAlign",183.615,183.645,"E=0.438"
"PronTokAlign",183.645,183.855,"b-O/-k-u=0.749"
"PronTokAlign",183.855,183.975,"p-l-y=0.871"
"PronTokAlign",183.975,184.355,"R-A/-p-i-d-@=0.821"
"PronTokAlign",184.355,184.46,"#=0.0"
"PronTokAlign",184.46,184.87,"A/-v-E-k"
"PronTokAlign",184.87,185.48,"p-A/-R-E-g-z-a~-p-l-@=0.219"
"PronTokAlign",185.48,186.4,"fp"
"PronTokAlign",186.4,186.84,"a~-f-U~/"
"PronTokAlign",186.84,187.09,"d-e=0.548"
"PronTokAlign",187.09,187.35,"S-O/-z"
"PronTokAlign",187.35,187.43,"k-i=0.481"
"PronTokAlign",187.43,187.91,"p-R-2-n-e=0.525"
"PronTokAlign",187.91,188.12,"d-e=0.68"
"PronTokAlign",188.12,188.47,"m-w-A/=0.709"
"PronTokAlign",188.47,188.67,"v-w-A/-R=0.949"
"PronTokAlign",188.67,188.87,"d-e-z=0.528"
"PronTokAlign",188.87,189.11,"A/-n-e=0.887"
"PronTokAlign",189.11,189.14,"A/"
"PronTokAlign",189.14,189.46,"s-E-R-t-U~/=0.86"
"PronTokAlign",189.46,189.99,"S-E-R-S-9-R=0.924"
"PronTokAlign",189.99,190.13,"p-u-R"
"PronTokAlign",190.13,190.72,"i-d-a~-t-i-f-j-e-R=0.508"
"PronTokAlign",190.72,191.06,"s-E-R-t-E-n=0.801"
"PronTokAlign",191.06,191.3,"S-O/-z"
"PronTokAlign",191.3,191.43,"d-a~=0.697"
"PronTokAlign",191.43,191.56,"d-E=0.304"
"PronTokAlign",191.56,191.79,"l-i-v-R=0.479"
"PronTokAlign",191.79,192.64,"p-A/-p-j-e-z=0.902"
"PronTokAlign",192.64,192.79,"s-A/=0.733"
"PronTokAlign",192.79,193.0,"p-R-a~=0.752"
"PronTokAlign",193.0,193.27,"k-E-l-k-@=0.399"
"PronTokAlign",193.27,193.67,"s-2-g-O~-d=0.564"
"PronTokAlign",193.67,193.93,"A/-v-E-k"
"PronTokAlign",193.93,193.99,"y-n=0.775"
"PronTokAlign",193.99,194.33,"f-O~-k-s-j-O~"
"PronTokAlign",194.33,194.39,"d=0.504"
"PronTokAlign",194.39,195.0,"R-S-E-R-S=0.619"
"PronTokAlign",195.0,195.7,"#=0.0"
"PronTokAlign",195.7,196.23,"p-A/-R-E-g-s-a~-p-l=0.344"
"PronTokAlign",196.23,196.82,"#=0.0"
"PronTokAlign",196.82,196.93,"d-O~=0.567"
"PronTokAlign",196.93,197.1,"s-e"
"PronTokAlign",197.1,197.21,"v-R-E=0.544"
"PronTokAlign",197.21,197.32,"k-@=0.576"
"PronTokAlign",197.32,197.45,"d-a~=0.868"
"PronTokAlign",197.45,197.51,"m-O~=0.75"
"PronTokAlign",197.51,198.12,"d-O/-m-E-n-@=0.579"
"PronTokAlign",198.12,198.28,"S=0.569"
"PronTokAlign",198.28,198.41,"e=0.838"
"PronTokAlign",198.41,198.72,"b-O/-k-u=0.735"
"PronTokAlign",198.72,198.89,"b-O/-k-u=0.719"
"PronTokAlign",198.89,199.06,"R-k-u-R=0.768"
"PronTokAlign",199.06,199.09,"O/"
"PronTokAlign",199.09,199.93,"n-y-m-E-R-i-k=0.946"
"PronTokAlign",199.93,200.37,"#=0.0"
"PronTokAlign",200.37,201.15,"fp"
"PronTokAlign",201.15,201.18,"e=0.776"
"PronTokAlign",201.18,201.4,"O~-n=0.648"
"PronTokAlign",201.4,201.55,"v-w-A/=0.55"
"PronTokAlign",201.55,201.64,"k"
"PronTokAlign",201.64,201.71,"j=0.482"
"PronTokAlign",201.71,201.74,"A/"
"PronTokAlign",201.74,201.82,"y-n=0.89"
"PronTokAlign",201.82,202.63,"e-v-O/-l-y-s-j-O~=0.659"
"PronTokAlign",202.63,203.02,"fp"
"PronTokAlign",203.02,203.62,"#"
"PronTokAlign",203.62,203.76,"U~/=0.595"
"PronTokAlign",203.76,203.88,"p-2"
"PronTokAlign",203.88,204.23,"l-a~-t=0.824"
"PronTokAlign",204.23,204.58,"p-A/-R-f-w-A/=0.755"
"PronTokAlign",204.58,204.75,"p-s-k=0.657"
"PronTokAlign",204.75,204.87,"l-E=0.357"
"PronTokAlign",204.87,205.36,"p-R-O/-f-E-s-9-R=0.462"
"PronTokAlign",205.36,205.71,"s-O~=0.722"
"PronTokAlign",205.71,206.13,"s-O~-t=0.992"
"PronTokAlign",206.13,206.45,"p-l-y-z=0.877"
"PronTokAlign",206.45,206.75,"A/-Z-e=0.713"
"PronTokAlign",206.75,206.83,"k=0.614"
"PronTokAlign",206.83,207.01,"m-w-A/"
"PronTokAlign",207.01,207.43,"s-u-v-a~-t=0.794"
"PronTokAlign",207.43,208.125,"#=0.0"
"PronTokAlign",208.125,208.505,"fp"
"PronTokAlign",208.505,208.595,"E=0.691"
"PronTokAlign",208.595,208.845,"i-z=0.661"
"PronTokAlign",208.845,208.905,"O~=0.667"
"PronTokAlign",208.905,208.985,"y-n=0.782"
"PronTokAlign",208.985,209.625,"y-t-i-l-i-z-A/-s-j-O~"
"PronTokAlign",209.625,209.875,"U~/=0.56"
"PronTokAlign",209.875,210.625,"p-2"
"PronTokAlign",210.625,210.785,"p-l-y-z=0.628"
"PronTokAlign",210.785,211.215,"#=0.0"
"PronTokAlign",211.215,211.8,"fp=0.0"
"PronTokAlign",211.8,212.0,"#=0.0"
"PronTokAlign",212.0,212.52,"f-R-A/-Z-i-l=0.68"
"PronTokAlign",212.52,212.61,"U~/=0.607"
"PronTokAlign",212.61,212.73,"p-2"
"PronTokAlign",212.73,213.14,"p-l-y-s=0.919"
"PronTokAlign",213.14,213.98,"t-i-m-i-d-@=0.521"
"PronTokAlign",213.98,214.11,"d-y=0.618"
"PronTokAlign",214.11,214.56,"n-y-m-E-R-i-k=0.875"
"PronTokAlign",214.56,214.845,"#=0.0"
"PronTokAlign",214.845,214.965,"d-a~=0.781"
"PronTokAlign",214.965,215.035,"n-O/=0.758"
"PronTokAlign",215.035,215.367188,"d-O/-m-E-n-z=0.773"
"PronTokAlign",215.367188,228.385,"#=0.0"
"PronTokAlign",228.385,228.855,"noise=0.0"
"PronTokAlign",228.855,233.070069,"#=0.0"
"PronTokAlign",233.070069,233.620069,"A/-l-R=0.866"
"PronTokAlign",233.620069,234.150069,"O/-p-9-n=0.674"
"PronTokAlign",234.150069,234.530069,"s-u-R-s=0.947"
"PronTokAlign",234.530069,234.739688,"s-e"
"PronTokAlign",234.739688,237.355,"#=0.0"
"PronTokAlign",237.355,237.642188,"u-i=0.709"
"PronTokAlign",237.642188,243.145,"#=0.0"
"PronTokAlign",243.145,243.855,"e-g-z-A/-k-t-2-m-a~=0.416"
"PronTokAlign",243.855,244.054688,"u-i=0.794"
"PronTokAlign",244.054688,253.345,"#=0.0"
"PronTokAlign",253.345,253.605938,"u-i=0.657"
"PronTokAlign",253.605938,256.38,"#=0.0"
"PronTokAlign",256.38,256.61,"v-w-A/-l-A/=0.964"
"PronTokAlign",256.61,256.74,"s-e"
"PronTokAlign",256.74,256.8,"s=0.978"
"PronTokAlign",256.8,256.86,"k=0.773"
"PronTokAlign",256.86,256.95,"Z=0.599"
"PronTokAlign",256.95,257.19,"A/-l-E-z=0.702"
"PronTokAlign",257.19,257.49,"d-i-R-@=0.731"
"PronTokAlign",257.49,257.63,"u-i=0.698"
"PronTokAlign",257.63,257.69,"#=0.0"
"PronTokAlign",257.69,257.824688,"m=0.0"
"PronTokAlign",257.824688,265.57,"#=0.0"
"PronTokAlign",265.57,265.69,"w-E"
"PronTokAlign",265.69,265.84,"s-e"
"PronTokAlign",265.84,265.97,"v-R-E=0.778"
"PronTokAlign",265.97,266.22,"A/-p-@-l=0.299"
"PronTokAlign",266.22,266.32,"e=0.325"
"PronTokAlign",266.32,266.65,"t-O/-t-A/-l-m-a~=0.928"
"PronTokAlign",266.65,267.05,"b-l-O/-k-e"
"PronTokAlign",267.05,268.01,"p-A/-R-E-g-z-a~-p-l-@=0.682"
"PronTokAlign",268.01,268.19,"i=0.596"
"PronTokAlign",268.19,268.45,"a~-f-U~/"
"PronTokAlign",268.45,268.88,"s-t-E=0.555"
"PronTokAlign",268.88,268.99,"l-A/"
"PronTokAlign",268.99,269.31,"p-O/-l-i-t-i-k=0.696"
"PronTokAlign",269.31,269.34,"d=0.41"
"PronTokAlign",269.34,269.57,"s-t-i-v"
"PronTokAlign",269.57,269.83,"d-Z-O/-b-z=0.745"
"PronTokAlign",269.83,269.87,"A/"
"PronTokAlign",269.87,269.97,"l-A/"
"PronTokAlign",269.97,270.18,"b-A/-z=0.674"
"PronTokAlign",270.18,270.39,"k-a~-t=0.918"
"PronTokAlign",270.39,270.48,"i-z=0.709"
"PronTokAlign",270.48,270.57,"O~=0.731"
"PronTokAlign",270.57,270.83,"k-R-E-e=0.589"
"PronTokAlign",270.83,271.31,"l-A/"
"PronTokAlign",271.31,271.45,"l"
"PronTokAlign",271.45,271.96,"a~-t-R-2-p-R-i-z=0.6"
"PronTokAlign",271.96,272.1,"s-e"
"PronTokAlign",272.1,272.16,"k"
"PronTokAlign",272.16,272.28,"i=0.46"
"PronTokAlign",272.28,272.48,"v-u-l-e=0.612"
"PronTokAlign",272.48,272.57,"k-@=0.55"
"PronTokAlign",272.57,272.97,"p-E-R-s-O/-n=0.636"
"PronTokAlign",272.97,273.07,"n"
"PronTokAlign",273.07,273.15,"i=0.655"
"PronTokAlign",273.15,273.925,"#=0.0"
"PronTokAlign",273.925,274.295,"k-O/-m-a~-t"
"PronTokAlign",274.295,276.005,"#=0.0"
"PronTokAlign",276.005,276.115,"A/"
"PronTokAlign",276.115,276.295,"u-i=0.657"
"PronTokAlign",276.295,276.455,"u-i=0.722"
"PronTokAlign",276.455,276.625,"s-e"
"PronTokAlign",276.625,276.785,"v-R-E=0.554"
"PronTokAlign",276.785,276.985,"k-@=0.975"
"PronTokAlign",276.985,277.145,"t-u=0.911"
"PronTokAlign",277.145,277.235,"l-9-R"
"PronTokAlign",277.235,277.595,"s-i-s-t-E-m=0.893"
"PronTokAlign",277.595,277.625,"t=0.35"
"PronTokAlign",277.625,278.075,"b-l-O/-k-e"
"PronTokAlign",278.075,278.255,"l-9-R"
"PronTokAlign",278.255,278.495,"i-f-O/-n=0.622"
"PronTokAlign",278.495,278.665,"a~-f-U~/"
"PronTokAlign",278.665,278.765,"O/"
"PronTokAlign",278.765,279.145,"f-i-n-A/-l"
"PronTokAlign",279.145,279.355,"s-e"
"PronTokAlign",279.355,279.635,"t-R-E=0.371"
"PronTokAlign",279.635,279.735,"p-2"
"PronTokAlign",279.735,280.465,"p-E-R-s-O/-n-A/-l-i-z-A/-b-l-@=0.386"
"PronTokAlign",280.465,280.685,"k-a~-t=0.968"
"PronTokAlign",280.685,280.755,"O~=0.884"
"PronTokAlign",280.755,281.219547,"R-@-g-A/-R-d-@=0.812"
"PronTokAlign",281.219547,281.76366,"#=0.0"
"PronTokAlign",281.76366,281.88366,"l-e=0.402"
"PronTokAlign",281.88366,282.32366,"t-E-l-E-f-O/-n=0.465"
"PronTokAlign",282.32366,282.42366000000004,"u"
"PronTokAlign",282.42366000000004,282.62366000000003,"l-e-z=0.535"
"PronTokAlign",282.62366000000003,282.74366000000003,"m-w-A/"
"PronTokAlign",282.74366000000003,282.83366,"S=0.502"
"PronTokAlign",282.83366,283.01366,"s-y-i=0.709"
"PronTokAlign",283.01366,283.19366,"s-y-R"
"PronTokAlign",283.19366,283.41366,"m-A/-k"
"PronTokAlign",283.41366,283.97366,"p-A/-R-E-g-z-a~-p-l=0.352"
"PronTokAlign",283.97366,284.05366000000004,"E=0.574"
"PronTokAlign",284.05366000000004,284.22366,"s-e"
"PronTokAlign",284.22366,284.36366000000004,"v-R-E=0.589"
"PronTokAlign",284.36366000000004,284.40366,"k=0.837"
"PronTokAlign",284.40366,284.55366000000004,"s-e"
"PronTokAlign",284.55366000000004,284.64366,"p-l-y=0.605"
"PronTokAlign",284.64366,284.79366,"f-l-y-i-d=0.736"
"PronTokAlign",284.79366,284.89366,"m-E=0.505"
"PronTokAlign",284.89366,285.38366,"p-A/-R-k-O~-t-R=0.884"
"PronTokAlign",285.38366,285.47366,"S=0.729"
"PronTokAlign",285.47366,285.57366,"p-@=0.952"
"PronTokAlign",285.57366,285.73366000000004,"R-j-U~/=0.622"
"PronTokAlign",285.73366000000004,286.12366000000003,"t-u-S-e=0.665"
"PronTokAlign",286.12366000000003,286.18366000000003,"O/"
"PronTokAlign",286.18366000000003,286.58366,"n-i-v-O/"
"PronTokAlign",286.58366,286.789909,"fp"
"PronTokAlign",286.789909,287.163479,"#=0.0"
"PronTokAlign",287.163479,287.223479,"u"
"PronTokAlign",287.223479,287.523479,"p-R-E-s-k=0.815"
"PronTokAlign",287.523479,287.553479,"#"
"PronTokAlign",287.553479,287.603479,"fp"
"PronTokAlign",287.603479,287.633479,"O/"
"PronTokAlign",287.633479,287.753479,"n-i-v-O/"
"PronTokAlign",287.753479,288.313479,"f-O~-k-s-i-O/-n-A/-l-i-t-e"
"PronTokAlign",288.313479,288.583479,"E-t-s-E-t-E-R-A/"
"PronTokAlign",288.583479,288.613479,"u"
"PronTokAlign",288.613479,288.763479,"p-R-E-s-k=0.973"
"PronTokAlign",288.763479,288.793479,"fp"
"PronTokAlign",288.793479,288.823479,"O/"
"PronTokAlign",288.823479,289.063479,"n-i-v-O/"
"PronTokAlign",289.063479,289.743479,"f-O~-k-s-i-O/-n-A/-l-i-t-e"
"PronTokAlign",289.743479,290.315,"E-t-s-E-t-E-R-A/"
"PronTokAlign",290.315,290.95,"#=0.0"
"PronTokAlign",290.95,291.659063,"fp=0.0"
"PronTokAlign",291.659063,295.485,"#=0.0"
"PronTokAlign",295.485,296.105,"t-u-t-A/-f-e-t=0.518"
"PronTokAlign",296.105,296.305,"#=0.0"
"PronTokAlign",296.305,296.485313,"w-E"
"PronTokAlign",296.485313,307.15,"#=0.0"
"PronTokAlign",307.15,307.39,"E=0.955"
"PronTokAlign",307.39,307.48,"u-i=0.67"
"PronTokAlign",307.48,307.63,"s-e"
"PronTokAlign",307.63,307.73999999999995,"p-l-y=0.633"
"PronTokAlign",307.73999999999995,308.105,"s-U~/-p-l=0.621"
"PronTokAlign",308.105,309.055,"#=0.0"
"PronTokAlign",309.055,309.205,"w-E"
"PronTokAlign",309.205,309.68,"t-u-t-A/-f-e-t=0.417"
"PronTokAlign",309.68,310.380002,"#=0.0"
"PronTokAlign",310.380002,310.660313,"noise=0.0"
"PronTokAlign",310.660313,310.700313,"E=0.712"
"PronTokAlign",310.700313,310.990313,"A/-p-R-E=0.43"
"PronTokAlign",310.990313,311.230313,"s-e"
"PronTokAlign",311.230313,311.37031299999995,"v-R-e=0.691"
"PronTokAlign",311.37031299999995,311.400313,"k=0.699"
"PronTokAlign",311.400313,311.50031299999995,"t-y=0.448"
"PronTokAlign",311.50031299999995,311.860313,"m-a~-s-j-O/-n-E=0.869"
"PronTokAlign",311.860313,311.890313,"l"
"PronTokAlign",311.890313,312.170313,"O/-p-E-n=0.613"
"PronTokAlign",312.170313,312.600313,"s-u-R-s=0.638"
"PronTokAlign",312.600313,313.290313,"fp"
"PronTokAlign",313.290313,313.570313,"s-e"
"PronTokAlign",313.570313,314.630313,"s-e"
"PronTokAlign",314.630313,314.840313,"s-e"
"PronTokAlign",314.840313,314.950313,"v-R-e=0.592"
"PronTokAlign",314.950313,315.010313,"k"
"PronTokAlign",315.010313,315.640313,"A/"
"PronTokAlign",315.640313,315.81031299999995,"E-k-s"
"PronTokAlign",315.81031299999995,316.040313,"m-A/-R-s-E-j=0.98"
"PronTokAlign",316.040313,316.50031299999995,"y-n-i-v-E-R-s-i-t-e"
"PronTokAlign",316.50031299999995,316.640313,"O~-n=0.751"
"PronTokAlign",316.640313,316.670313,"E=0.419"
"PronTokAlign",316.670313,317.240313,"b-O/-k-u=0.774"
"PronTokAlign",317.240313,317.450313,"s-y-R"
"PronTokAlign",317.450313,317.480313,"l"
"PronTokAlign",317.480313,317.760313,"O/-p-9-n=0.539"
"PronTokAlign",317.760313,318.030313,"s-u-R-s=0.843"
"PronTokAlign",318.030313,318.270313,"a~-s-@=0.559"
"PronTokAlign",318.270313,318.510313,"m-O/-m-a~"
"PronTokAlign",318.510313,318.62031299999995,"p-s-k=0.525"
"PronTokAlign",318.62031299999995,318.800313,"s-e"
"PronTokAlign",318.800313,318.910313,"p-A/=0.909"
"PronTokAlign",318.910313,319.050313,"l-A/"
"PronTokAlign",319.050313,319.420313,"p-O/-l-i-t-i-k-@=0.536"
"PronTokAlign",319.420313,319.480313,"d=0.599"
"PronTokAlign",319.480313,319.610313,"t-u-l=0.651"
"PronTokAlign",319.610313,319.790313,"m-O~-d=0.832"
"PronTokAlign",319.790313,320.270313,"a~-f-E-t=0.556"
"PronTokAlign",320.270313,321.50031299999995,"p-A/-R-A/-p-O/-R-O/"
"PronTokAlign",321.50031299999995,321.820313,"v-w-A/-l-A/=0.812"
"PronTokAlign",321.820313,322.050313,"O/"
"PronTokAlign",322.050313,322.390313,"R-A/-p-O/-R"
"PronTokAlign",322.390313,322.420313,"k"
"PronTokAlign",322.420313,322.450313,"O~=0.558"
"PronTokAlign",322.450313,322.480313,"A/"
"PronTokAlign",322.480313,322.550313,"A/"
"PronTokAlign",322.550313,322.660313,"l-A/"
"PronTokAlign",322.660313,323.230313,"R-S-E-R-S=0.578"
"PronTokAlign",323.230313,323.39,"w-E"
"PronTokAlign",323.39,324.135,"#=0.0"
"PronTokAlign",324.135,324.225,"d-y=0.915"
"PronTokAlign",324.225,324.395,"f-E=0.384"
"PronTokAlign",324.395,324.575,"d-@=0.672"
"PronTokAlign",324.575,324.695,"t-u=0.901"
"PronTokAlign",324.695,325.005,"m-E-t-R=0.573"
"PronTokAlign",325.005,325.085,"a~"
"PronTokAlign",325.085,325.295,"O/-p-9-n=0.54"
"PronTokAlign",325.295,325.595,"s-u-R-s=0.581"
"PronTokAlign",325.595,325.755,"p-u-R"
"PronTokAlign",325.755,325.895,"k-@=0.573"
"PronTokAlign",325.895,325.995,"l-A/"
"PronTokAlign",325.995,326.405,"R-S-E-R-S=0.679"
"PronTokAlign",326.405,326.515,"s-w-A/=0.964"
"PronTokAlign",326.515,327.195,"A/-k-s-E-s-i-b-l-@=0.673"
"PronTokAlign",327.195,327.405,"#"
"PronTokAlign",327.405,327.655,"A/-l-O/-R-k"
"PronTokAlign",327.655,327.685,"j=0.713"
"PronTokAlign",327.685,327.715,"A/"
"PronTokAlign",327.715,327.985,"b-O/-k-u=0.934"
"PronTokAlign",327.985,328.015,"d=0.766"
"PronTokAlign",328.015,328.525,"y-n-i-v-E-R-s-i-t-e=0.894"
"PronTokAlign",328.525,328.695,"d-a~=0.756"
"PronTokAlign",328.695,328.725,"l=0.553"
"PronTokAlign",328.725,328.935,"m-O~-d=0.779"
"PronTokAlign",328.935,329.095,"k-j=0.589"
"PronTokAlign",329.095,329.425,"a~-f-E-t=0.345"
"PronTokAlign",329.425,329.825,"f-E-R-m-a~=0.77"
"PronTokAlign",329.825,329.945,"e=0.518"
"PronTokAlign",329.945,330.445,"R-a~-d=0.749"
"PronTokAlign",330.445,330.635,"l-9-R"
"PronTokAlign",330.635,330.955,"R-S-E-R-S=0.762"
"PronTokAlign",330.955,331.385,"p-E-j-a~-t=0.932"
"PronTokAlign",331.385,331.49,"#=0.0"
"PronTokAlign",331.49,332.72,"fp"
"PronTokAlign",332.72,332.89,"e=0.942"
"PronTokAlign",332.89,333.22,"k-E-l-k-@=0.775"
"PronTokAlign",333.22,333.925,"p-A/-R"
"PronTokAlign",333.925,334.64,"#=0.0"
"PronTokAlign",334.64,334.76,"w-i=0.826"
"PronTokAlign",334.76,334.88,"u-i=0.79"
"PronTokAlign",334.88,335.0,"Z=0.577"
"PronTokAlign",335.0,335.04,"t"
"PronTokAlign",335.04,335.09,"a~"
"PronTokAlign",335.09,335.24,"p-R-i"
"PronTokAlign",335.24,335.46,"v-A/-z=0.975"
"PronTokAlign",335.46,335.53,"i=0.608"
"PronTokAlign",335.53,339.99,"#=0.0"
"PronTokAlign",339.99,340.208438,"w-E"
"PronTokAlign",340.208438,343.347188,"#=0.0"
"PronTokAlign",343.347188,343.837188,"t-u-t-A/-f-E=0.619"
"PronTokAlign",343.837188,343.967188,"u-i=0.689"
"PronTokAlign",343.967188,344.04,"u-i=0.764"
"PronTokAlign",344.04,344.365,"#=0.0"
"PronTokAlign",344.365,344.40500000000003,"e=0.582"
"PronTokAlign",344.40500000000003,344.845,"s-e"
"PronTokAlign",344.845,345.105,"v-R-E=0.623"
"PronTokAlign",345.105,345.285,"k-@=0.94"
"PronTokAlign",345.285,345.52500000000003,"s-A/=0.99"
"PronTokAlign",345.52500000000003,345.695,"s-e"
"PronTokAlign",345.695,345.83500000000004,"s-e"
"PronTokAlign",345.83500000000004,346.205,"d-E-l-i-k-A/=0.677"
"PronTokAlign",346.205,346.355,"k-O/-m=0.627"
"PronTokAlign",346.355,346.725,"s-y-Z-e=0.472"
"PronTokAlign",346.725,347.015,"p-A/-R-s-k=0.541"
"PronTokAlign",347.015,347.21500000000003,"O~-n=0.541"
"PronTokAlign",347.21500000000003,347.305,"a~"
"PronTokAlign",347.305,347.475,"p-A/-R-l=0.749"
"PronTokAlign",347.475,347.735,"d-2-p-l-y-s"
"PronTokAlign",347.735,347.83500000000004,"a~"
"PronTokAlign",347.83500000000004,348.205,"p-l-y-z=0.723"
"PronTokAlign",348.205,348.27500000000003,"k-@=0.549"
"PronTokAlign",348.27500000000003,348.615,"b-O/=0.295"
"PronTokAlign",348.615,348.755,"l-A/"
"PronTokAlign",348.755,349.235,"k-O/-n-E-s-a~-s=0.95"
"PronTokAlign",349.235,349.365,"d-w-A/=0.998"
"PronTokAlign",349.365,349.425,"E-t=0.994"
"PronTokAlign",349.425,349.865,"A/-k-s-E-s-i-b-l=0.836"
"PronTokAlign",349.865,349.975,"E-l=0.341"
"PronTokAlign",349.975,350.095,"d-w-A/=0.973"
"PronTokAlign",350.095,350.225,"E-t-R=0.586"
"PronTokAlign",350.225,350.65500000000003,"A/-k-s-E-s-i-b-l=0.675"
"PronTokAlign",350.65500000000003,350.725,"A/"
"PronTokAlign",350.725,351.545,"t-u-t-l=0.804"
"PronTokAlign",351.545,351.65500000000003,"m-O~-d=0.944"
"PronTokAlign",351.65500000000003,351.785,"e=0.757"
"PronTokAlign",351.785,351.815,"a~"
"PronTokAlign",351.815,351.90500000000003,"m-E-m=0.902"
"PronTokAlign",351.90500000000003,351.935,"a~"
"PronTokAlign",351.935,352.02500000000003,"m-E-m=0.845"
"PronTokAlign",352.02500000000003,352.225,"t-a~=0.802"
"PronTokAlign",352.225,352.485,"s-e"
"PronTokAlign",352.485,352.725,"v-R-E=0.681"
"PronTokAlign",352.725,352.77500000000003,"k"
"PronTokAlign",352.77500000000003,353.005,"O~-n=0.885"
"PronTokAlign",353.005,353.435,"E-s-t-@=0.408"
"PronTokAlign",353.435,353.695,"m-w-A/"
"PronTokAlign",353.695,353.945,"p-u-R"
"PronTokAlign",353.945,353.975,"l"
"PronTokAlign",353.975,354.245,"U~/-s-t-a~=0.836"
"PronTokAlign",354.245,354.375,"m-O~=0.383"
"PronTokAlign",354.375,354.785,"a~-b-i-s-j-O~"
"PronTokAlign",354.785,354.935,"s-e"
"PronTokAlign",354.935,354.96500000000003,"d=0.612"
"PronTokAlign",354.96500000000003,355.125,"E-t-R=0.535"
"PronTokAlign",355.125,355.445,"a~-s-E-n-j-a~=0.818"
"PronTokAlign",355.445,355.965,"S-E-R-S-9-R"
"PronTokAlign",355.965,356.37,"#=0.0"
"PronTokAlign",356.37,356.49,"e=0.861"
"PronTokAlign",356.49,356.69,"k-a~=0.577"
"PronTokAlign",356.69,356.81,"t=0.518"
"PronTokAlign",356.81,357.23,"R-2-g-A/-R-d=0.758"
"PronTokAlign",357.23,357.59000000000003,"a~-f-E-t=0.504"
"PronTokAlign",357.59000000000003,357.76,"O~-n=0.841"
"PronTokAlign",357.76,358.02,"e=0.596"
"PronTokAlign",358.02,358.76,"R-E-m-y-n-E-R-e"
"PronTokAlign",358.76,359.02,"p-u-R"
"PronTokAlign",359.02,359.05,"l=0.687"
"PronTokAlign",359.05,359.32,"k-O/-t-e"
"PronTokAlign",359.32,359.95,"a~-s-E-n-j-a~-t=0.97"
"PronTokAlign",359.95,360.26,"#"
"PronTokAlign",360.26,360.34,"E=0.518"
"PronTokAlign",360.34,360.54,"p-u-R"
"PronTokAlign",360.54,360.57,"l=0.589"
"PronTokAlign",360.57,360.79,"k-O/-t-e"
"PronTokAlign",360.79,361.24,"S-E-R-S-9-R"
"PronTokAlign",361.24,361.32,"p-A/=0.868"
"PronTokAlign",361.32,361.62,"v-R-E-m-a~=0.454"
"PronTokAlign",361.62,362.085,"a~-f-E-t=0.439"
"PronTokAlign",362.085,362.615,"#=0.0"
"PronTokAlign",362.615,363.575,"laugh"
"PronTokAlign",363.575,364.23,"p-A/-R-s=0.889"
"PronTokAlign",364.23,365.48,"#=0.0"
"PronTokAlign",365.48,366.39,"E-g-z-A/-k-t-2-m-a~=0.762"
"PronTokAlign",366.39,366.63,"w-i=0.717"
"PronTokAlign",366.63,366.9500000000001,"s-e"
"PronTokAlign",366.9500000000001,367.11,"s-e"
"PronTokAlign",367.11,367.47,"d-R-O/-l=0.657"
"PronTokAlign",367.47,367.58,"f-E=0.325"
"PronTokAlign",367.58,367.75,"U~/"
"PronTokAlign",367.75,367.94,"d-@=0.602"
"PronTokAlign",367.94,368.12,"t-u=0.819"
"PronTokAlign",368.12,368.33,"m-E-t-R=0.829"
"PronTokAlign",368.33,368.39,"a~"
"PronTokAlign",368.39,368.62,"O/-p-9-n=0.679"
"PronTokAlign",368.62,368.9500000000001,"A/-k-E-s=0.512"
"PronTokAlign",368.9500000000001,369.12,"A/-l-O/-R-k"
"PronTokAlign",369.12,369.24,"a~"
"PronTokAlign",369.24,369.41,"p-l-y=0.513"
"PronTokAlign",369.41,369.54,"s=0.758"
"PronTokAlign",369.54,369.7000000000001,"s-O~=0.895"
"PronTokAlign",369.7000000000001,369.76,"d-E=0.444"
"PronTokAlign",369.76,369.97,"S-O/-z"
"PronTokAlign",369.97,370.01,"k"
"PronTokAlign",370.01,370.17,"O~-n=0.719"
"PronTokAlign",370.17,370.55,"e-k-R-i=0.518"
"PronTokAlign",370.55,370.58,"e=0.731"
"PronTokAlign",370.58,370.72,"k-i=0.521"
"PronTokAlign",370.72,370.87,"p-R-E-n=0.978"
"PronTokAlign",370.87,370.96,"d-y=0.79"
"PronTokAlign",370.96,371.17,"t-a~=0.947"
"PronTokAlign",371.17,371.24,"E=0.672"
"PronTokAlign",371.24,371.29,"k"
"PronTokAlign",371.29,371.38,"O~=0.515"
"PronTokAlign",371.38,371.94,"p-y-b-l-i"
"PronTokAlign",371.94,372.17,"#"
"PronTokAlign",372.17,372.63,"A/-l-O/-R-k-@"
"PronTokAlign",372.63,372.84,"b-E=0.492"
"PronTokAlign",372.84,372.94,"l-e=0.461"
"PronTokAlign",372.94,373.12,"Z-a~=0.669"
"PronTokAlign",373.12,373.3,"k-i=0.549"
"PronTokAlign",373.3,373.67,"p-y-b-l-i=0.902"
"PronTokAlign",373.67,373.83,"d-a~=0.794"
"PronTokAlign",373.83,374.02,"l-@=0.92"
"PronTokAlign",374.02,374.26,"d-O/-m-E-n=0.695"
"PronTokAlign",374.26,374.68,"p-R-i-v-e"
"PronTokAlign",374.68,374.83,"b-E=0.626"
"PronTokAlign",374.83,374.88,"i=0.658"
"PronTokAlign",374.88,375.09,"s-O~=0.659"
"PronTokAlign",375.09,375.46,"p-E-j-e-z=0.385"
"PronTokAlign",375.46,375.895,"a~-f-E-t=0.929"
"PronTokAlign",375.895,376.49311,"#=0.0"
"PronTokAlign",376.49311,376.78311,"E=0.698"
"PronTokAlign",376.78311,377.21311,"l-9-R"
"PronTokAlign",377.21311,377.41311,"l-9-R"
"PronTokAlign",377.41311,377.75311,"e-k-R-i=0.393"
"PronTokAlign",377.75311,377.78311,"e=0.336"
"PronTokAlign",377.78311,378.125,"p-E-j-a~-t=0.983"
"PronTokAlign",378.125,378.995,"#=0.0"
"PronTokAlign",378.995,379.155,"d-O~=0.593"
"PronTokAlign",379.155,379.315,"s-e"
"PronTokAlign",379.315,379.435,"v-R-E=0.719"
"PronTokAlign",379.435,379.465,"k=0.943"
"PronTokAlign",379.465,379.785,"s-e"
"PronTokAlign",379.785,380.005,"s-e"
"PronTokAlign",380.005,380.335,"d-E-l-i-k-A/=0.502"
"PronTokAlign",380.335,380.495,"k-O/-m=0.595"
"PronTokAlign",380.495,380.785,"s-y-Z-e=0.49"
"PronTokAlign",380.785,380.975,"a~-s=0.802"
"PronTokAlign",380.975,381.21,"m-O/-m-a~"
"PronTokAlign",381.21,382.645,"#=0.0"
"PronTokAlign",382.645,382.784063,"w-E"
"PronTokAlign",382.784063,392.475,"#=0.0"
"PronTokAlign",392.475,392.545,"E=0.684"
"PronTokAlign",392.545,392.835,"u-i=0.918"
"PronTokAlign",392.835,393.19,"#=0.0"
"PronTokAlign",393.19,393.280312,"m=0.0"
"PronTokAlign",393.280312,397.24,"#=0.0"
"PronTokAlign",397.24,397.380938,"m=0.0"
"PronTokAlign",397.380938,399.105,"#=0.0"
"PronTokAlign",399.105,399.605,"A/-b-s-O/-l-y-m-a~=0.379"
"PronTokAlign",399.605,399.775,"u-i=0.665"
"PronTokAlign",399.775,601.655,"#=0.0"
"PronTokAlign",601.655,601.785,"s-e"
"PronTokAlign",601.785,601.8149999999999,"d=0.486"
"PronTokAlign",601.8149999999999,601.875,"l"
"PronTokAlign",601.875,602.0749999999999,"O/-p-9-n=0.585"
"PronTokAlign",602.0749999999999,602.465,"s-u-R-s=0.917"
"PronTokAlign",602.465,603.015,"#=0.0"
"PronTokAlign",603.015,603.155,"E=0.709"
"PronTokAlign",603.155,603.222188,"u-i=0.743"
"PronTokAlign",603.222188,622.780313,"#=0.0"
"PronTokAlign",622.780313,622.9503129999999,"s-e"
"PronTokAlign",622.9503129999999,623.110313,"s-A/=0.515"
"PronTokAlign",623.110313,623.530313,"E-g-z-A/-k-t-2-m-a~=0.508"
"PronTokAlign",623.530313,623.7003129999999,"s-e"
"PronTokAlign",623.7003129999999,623.800313,"l-A/"
"PronTokAlign",623.800313,624.250313,"t-R-A/-d-y-k-s-j-O~"
"PronTokAlign",624.250313,624.3303129999999,"d-@=0.414"
"PronTokAlign",624.3303129999999,624.510313,"l-i-b-R=0.79"
"PronTokAlign",624.510313,624.935,"A/-k-s-E-z=0.463"
"PronTokAlign",624.935,625.65,"#=0.0"
"PronTokAlign",625.65,625.6999999999999,"m=0.638"
"PronTokAlign",625.6999999999999,625.85,"s-e"
"PronTokAlign",625.85,625.99,"v-R-E=0.6"
"PronTokAlign",625.99,626.04,"k"
"PronTokAlign",626.04,626.3299999999999,"O~=0.863"
"PronTokAlign",626.3299999999999,626.79,"s-u-v-a~=0.808"
"PronTokAlign",626.79,626.88,"O~=0.6"
"PronTokAlign",626.88,627.0,"d-i=0.836"
"PronTokAlign",627.0,627.3,"O/-p-E-n=0.668"
"PronTokAlign",627.3,627.65,"s-u-R-s=0.719"
"PronTokAlign",627.65,627.91,"p-A/-s-k-@=0.363"
"PronTokAlign",627.91,628.14,"s-e"
"PronTokAlign",628.14,628.29,"d-a~=0.809"
"PronTokAlign",628.29,628.3199999999999,"l=0.567"
"PronTokAlign",628.3199999999999,628.6899999999999,"d-O/-m-E-n=0.609"
"PronTokAlign",628.6899999999999,628.92,"m-E=0.349"
"PronTokAlign",628.92,629.55,"f-E=0.545"
"PronTokAlign",629.55,629.93,"t-u-t=0.883"
"PronTokAlign",629.93,630.06,"s=0.87"
"PronTokAlign",630.06,630.2099999999999,"k-j=0.64"
"PronTokAlign",630.2099999999999,630.24,"E=0.552"
"PronTokAlign",630.24,630.4399999999999,"a~"
"PronTokAlign",630.4399999999999,630.7099999999999,"u-i=0.869"
"PronTokAlign",630.7099999999999,631.15,"v-w-A/-l-A/=0.853"
"PronTokAlign",631.15,631.3,"m-E=0.381"
"PronTokAlign",631.3,631.41,"t-u=0.751"
"PronTokAlign",631.41,631.5,"s=0.811"
"PronTokAlign",631.5,631.56,"k=0.548"
"PronTokAlign",631.56,631.63,"e=0.452"
"PronTokAlign",631.63,631.84,"l-i-b-R=0.716"
"PronTokAlign",631.84,632.09,"A/-k-s-E=0.505"
"PronTokAlign",632.09,632.47,"a~-f-E-t=0.669"
"PronTokAlign",632.47,632.85,"O~=0.571"
"PronTokAlign",632.85,633.175,"#=0.0"
"PronTokAlign",633.175,633.255,"j=0.511"
"PronTokAlign",633.255,633.285,"A/"
"PronTokAlign",633.285,633.535,"b-O/-k-u=0.808"
"PronTokAlign",633.535,633.8149999999999,"b-O/-k-u=0.883"
"PronTokAlign",633.8149999999999,633.8449999999999,"d=0.414"
"PronTokAlign",633.8449999999999,634.0749999999999,"S-O/-z"
"PronTokAlign",634.0749999999999,634.1049999999999,"k=0.733"
"PronTokAlign",634.1049999999999,634.4649999999999,"s-O~=0.724"
"PronTokAlign",634.4649999999999,634.515,"a~"
"PronTokAlign",634.515,634.7049999999999,"O/-p-9-n=0.631"
"PronTokAlign",634.7049999999999,635.295,"s-u-R-s-@=0.564"
"PronTokAlign",635.295,635.375,"E=0.593"
"PronTokAlign",635.375,635.555,"s-e"
"PronTokAlign",635.555,635.6949999999999,"l=0.429"
"PronTokAlign",635.6949999999999,635.895,"t-E-R-m=0.65"
"PronTokAlign",635.895,635.9849999999999,"U~/=0.513"
"PronTokAlign",635.9849999999999,636.165,"p-t-i=0.294"
"PronTokAlign",636.165,636.275,"p-2"
"PronTokAlign",636.275,636.745,"Z-A/-R-g-O~"
"PronTokAlign",636.745,636.95,"k-w-A/"
"PronTokAlign",636.95,637.24,"#=0.0"
"PronTokAlign",637.24,637.37,"E=0.552"
"PronTokAlign",637.37,637.44,"p-i=0.689"
"PronTokAlign",637.44,637.49,"a~"
"PronTokAlign",637.49,637.71,"a~-g-l-E-z=0.387"
"PronTokAlign",637.71,724.29,"#=0.0"
"PronTokAlign",724.29,725.160938,"laugh=0.0"
"PronTokAlign",725.160938,741.845,"#=0.0"
"PronTokAlign",741.845,742.238438,"w-E"
"PronTokAlign",742.238438,743.53,"#=0.0"
"PronTokAlign",743.53,743.63,"O~=0.795"
"PronTokAlign",743.63,743.6999999999999,"E=0.629"
"PronTokAlign",743.6999999999999,744.0799999999999,"d-A/-k-O/-R"
"PronTokAlign",744.0799999999999,744.43,"p-R-O/-f-i-t=0.712"
"PronTokAlign",744.43,744.61,"d-@=0.721"
"PronTokAlign",744.61,744.6899999999999,"l-A/"
"PronTokAlign",744.6899999999999,744.8399999999999,"v-i"
"PronTokAlign",744.8399999999999,745.2099999999999,"p-l-y-t-O/=0.814"
"PronTokAlign",745.2099999999999,745.24,"d=0.578"
"PronTokAlign",745.24,745.3199999999999,"l-A/"
"PronTokAlign",745.3199999999999,745.78,"p-A/-R-t-A/-Z-e=0.829"
"PronTokAlign",745.78,746.0,"s-y-R"
"PronTokAlign",746.0,746.26,"a~-f-U~/"
"PronTokAlign",746.26,746.515,"b-O/=0.376"
"PronTokAlign",746.515,746.78,"#=0.0"
"PronTokAlign",746.78,746.93,"s-e"
"PronTokAlign",746.93,747.17,"t-u-t=0.878"
"PronTokAlign",747.17,747.53,"U~/-n=0.774"
"PronTokAlign",747.53,747.760901,"#=0.0"
"PronTokAlign",747.760901,748.483973,"laugh=0.0"
"PronTokAlign",748.483973,756.825,"#=0.0"
"PronTokAlign",756.825,757.28,"m=0.0"
"PronTokAlign",757.28,759.985,"#=0.0"
"PronTokAlign",759.985,760.365,"w-E"
"PronTokAlign",760.365,760.4350000000001,"w-E"
"PronTokAlign",760.4350000000001,761.73,"laugh"
"PronTokAlign",761.73,782.06,"#=0.0"
"PronTokAlign",782.06,782.735,"m=0.0"
"PronTokAlign",782.735,811.73,"#=0.0"
"PronTokAlign",811.73,811.898438,"fp=0.0"
"PronTokAlign",811.898438,814.35,"#=0.0"
"PronTokAlign",814.35,814.8000000000001,"m-E-z=0.703"
"PronTokAlign",814.8000000000001,815.19,"A/-p-R-E=0.425"
"PronTokAlign",815.19,815.38,"s-A/=0.625"
"PronTokAlign",815.38,815.51,"v-A/"
"PronTokAlign",815.51,816.405,"d-E-p-a~-d-R=0.981"
"PronTokAlign",816.405,816.9,"#=0.0"
"PronTokAlign",816.9,817.0699999999999,"s-A/=0.804"
"PronTokAlign",817.0699999999999,817.42,"v-A/"
"PronTokAlign",817.42,817.74,"d-E-p-a~-d-R=0.844"
"PronTokAlign",817.74,817.77,"d=0.826"
"PronTokAlign",817.77,817.89,"t-i-p=0.947"
"PronTokAlign",817.89,817.9399999999999,"d=0.618"
"PronTokAlign",817.9399999999999,818.16,"U~/-f-O/"
"PronTokAlign",818.16,818.27,"O/-s-i"
"PronTokAlign",818.27,818.41,"s-e"
"PronTokAlign",818.41,818.54,"v-R-E=0.581"
"PronTokAlign",818.54,818.5699999999999,"k"
"PronTokAlign",818.5699999999999,818.64,"O~=0.906"
"PronTokAlign",818.64,818.67,"n"
"PronTokAlign",818.67,818.74,"A/"
"PronTokAlign",818.74,818.8299999999999,"p-A/=0.916"
"PronTokAlign",818.8299999999999,819.03,"p-A/-R-l-e"
"PronTokAlign",819.03,819.06,"d=0.587"
"PronTokAlign",819.06,819.865,"j-u-t-y-b-@=0.996"
"PronTokAlign",819.865,825.84,"#=0.0"
"PronTokAlign",825.84,826.0600000000001,"w-i=0.629"
"PronTokAlign",826.0600000000001,826.57,"j-u-t-y-b-@=0.934"
"PronTokAlign",826.57,826.635,"u-i=0.848"
"PronTokAlign",826.635,831.21,"#=0.0"
"PronTokAlign",831.21,831.591563,"m=0.0"
"PronTokAlign",831.591563,840.66,"#=0.0"
"PronTokAlign",840.66,841.11,"m=0.0"
"PronTokAlign",841.11,862.55,"#=0.0"
"PronTokAlign",862.55,862.62,"E=0.805"
"PronTokAlign",862.62,863.114063,"u-i=0.917"
"PronTokAlign",863.114063,900.91,"#=0.0"
"PronTokAlign",900.91,901.03,"O~=0.778"
"PronTokAlign",901.03,901.06,"n"
"PronTokAlign",901.06,901.14,"A/"
"PronTokAlign",901.14,901.27,"p-A/=0.688"
"PronTokAlign",901.27,901.69,"p-A/-R-l-e"
"PronTokAlign",901.69,901.81,"u-i=0.825"
"PronTokAlign",901.81,903.645,"#=0.0"
"PronTokAlign",903.645,903.917812,"w-E"
"PronTokAlign",903.917812,904.96,"#=0.0"
"PronTokAlign",904.96,905.453437,"l-U~/-k-@-d-i-n=0.351"
"PronTokAlign",905.453437,913.68,"#=0.0"
"PronTokAlign",913.68,913.82,"A/"
"PronTokAlign",913.82,913.91,"u-i=0.753"
"PronTokAlign",913.91,914.06,"s-e"
"PronTokAlign",914.06,914.430938,"v-R-e=0.614"
"PronTokAlign",914.430938,951.319687,"#=0.0"
"PronTokAlign",951.319687,951.488438,"m=0.0"
"PronTokAlign",951.488438,952.905,"#=0.0"
"PronTokAlign",952.905,952.995,"E=0.665"
"PronTokAlign",952.995,953.125,"p-i=0.85"
"PronTokAlign",953.125,953.185,"a~"
"PronTokAlign",953.185,953.345,"p-l-y=0.461"
"PronTokAlign",953.345,953.525,"s-e"
"PronTokAlign",953.525,953.705,"k-O/-m=0.702"
"PronTokAlign",953.705,953.785,"y-n=0.836"
"PronTokAlign",953.785,954.075,"s-O/-R-t=0.54"
"PronTokAlign",954.075,954.105,"d=0.464"
"PronTokAlign",954.105,954.795,"s-e-v-e"
"PronTokAlign",954.795,954.95,"#=0.0"
"PronTokAlign",954.95,955.352813,"v-w-A/-l-A/=0.927"
"PronTokAlign",955.352813,966.055,"#=0.0"
"PronTokAlign",966.055,966.505,"s-e"
"PronTokAlign",966.505,966.905,"s-e"
"PronTokAlign",966.905,966.935,"#"
"PronTokAlign",966.935,967.905,"s-e"
"PronTokAlign",967.905,968.205,"l-i-m-i-t=0.863"
"PronTokAlign",968.205,968.355,"y-n=0.554"
"PronTokAlign",968.355,968.845,"R-@-S-E-R-S-@=0.615"
"PronTokAlign",968.845,968.875,"d=0.465"
"PronTokAlign",968.875,969.155,"t-R-A/-v-A/-j"
"PronTokAlign",969.155,969.515,"p-A/-s-i-v=0.701"
"PronTokAlign",969.515,969.855,"a~-f-E=0.376"
"PronTokAlign",969.855,970.135,"p-H-i-s-k-@=0.785"
"PronTokAlign",970.135,970.215,"t=0.436"
"PronTokAlign",970.215,970.285,"A/=0.513"
"PronTokAlign",970.285,970.515,"t-O~=0.68"
"PronTokAlign",970.515,970.835,"s-e-v-e"
"PronTokAlign",970.835,970.955,"a~"
"PronTokAlign",970.955,971.215,"l-i-n-j-@=0.682"
"PronTokAlign",971.215,971.465,"t-u-l=0.473"
"PronTokAlign",971.465,971.785,"t-a~=0.899"
"PronTokAlign",971.785,971.875,"E=0.592"
"PronTokAlign",971.875,972.005,"k-j=0.491"
"PronTokAlign",972.005,972.075,"e=0.489"
"PronTokAlign",972.075,972.705,"k-O~-s-y-l-t-A/-b-l=0.558"
"PronTokAlign",972.705,973.225,"m-w-A/"
"PronTokAlign",973.225,973.425,"d=0.314"
"PronTokAlign",973.425,973.625,"f-w-A/=0.939"
"PronTokAlign",973.625,973.655,"O~=0.798"
"PronTokAlign",973.655,973.785,"m-@=0.66"
"PronTokAlign",973.785,974.255,"k-O~-t-A/-k-t=0.73"
"PronTokAlign",974.255,974.555,"a~-f-E-t=0.394"
"PronTokAlign",974.555,974.715,"p-u-R"
"PronTokAlign",974.715,974.785,"d-y=0.628"
"PronTokAlign",974.785,975.113438,"b-u-l-O/-t=0.562"
"PronTokAlign",975.113438,976.125937,"#=0.0"
"PronTokAlign",976.125937,976.835937,"E-g-z-A/-k-t-2-m-a~-t=0.9"
"PronTokAlign",976.835937,976.965937,"w-E"
"PronTokAlign",976.965937,977.172187,"w-E"
"PronTokAlign",977.172187,1004.54,"#=0.0"
"PronTokAlign",1004.54,1004.796563,"w-E"
"PronTokAlign",1004.796563,1036.575,"#=0.0"
"PronTokAlign",1036.575,1037.669063,"laugh=0.0"
"PronTokAlign",1037.669063,1055.67,"#=0.0"
"PronTokAlign",1055.67,1055.79,"d-2=0.774"
"PronTokAlign",1055.79,1056.197813,"m-i-n-y-t=0.662"
"PronTokAlign",1056.197813,1063.995,"#=0.0"
"PronTokAlign",1063.995,1064.155,"s-e"
"PronTokAlign",1064.155,1064.475,"m-A/-R-a~=0.786"
"PronTokAlign",1064.475,1064.745,"s-A/=0.803"
"PronTokAlign",1064.745,1064.955,"U~/"
"PronTokAlign",1064.955,1066.745,"#=0.0"
"PronTokAlign",1066.745,1066.925,"s-e"
"PronTokAlign",1066.925,1067.755,"d-R-O/-l-@=0.819"
"PronTokAlign",1067.755,1067.875,"s=0.741"
"PronTokAlign",1067.875,1068.025,"k-O/-m=0.886"
"PronTokAlign",1068.025,1068.0549999999998,"O~=0.726"
"PronTokAlign",1068.0549999999998,1068.0849999999998,"A/"
"PronTokAlign",1068.0849999999998,1069.125,"S-a~-Z-e"
"PronTokAlign",1069.125,1069.515,"d-y=0.945"
"PronTokAlign",1069.515,1069.875,"E-s-E-m-E-s=0.952"
"PronTokAlign",1069.875,1070.395,"k-l-A/-s-i-k=0.863"
"PronTokAlign",1070.395,1070.495,"u"
"PronTokAlign",1070.495,1070.5549999999998,"l-@=0.35"
"PronTokAlign",1070.5549999999998,1070.725,"Z-a~=0.806"
"PronTokAlign",1070.725,1070.965,"y-t-i-l-i-z=0.99"
"PronTokAlign",1070.965,1071.215,"m-U~/-n-a~=0.616"
"PronTokAlign",1071.215,1071.465,"p-l-y-s=0.716"
"PronTokAlign",1071.465,1071.915,"w-A/-s-A/-p=0.746"
"PronTokAlign",1071.915,1071.995,"u"
"PronTokAlign",1071.995,1072.625,"m-E-s-@-n-Z-@-R=0.51"
"PronTokAlign",1072.625,1072.745,"k=0.56"
"PronTokAlign",1072.745,1072.895,"l-A/"
"PronTokAlign",1072.895,1073.405,"f-O~-k-s-j-O~"
"PronTokAlign",1073.405,1073.6049999999998,"d-@=0.872"
"PronTokAlign",1073.6049999999998,1073.995,"m-E-s-A/-Z=0.773"
"PronTokAlign",1073.995,1074.0549999999998,"t=0.511"
"PronTokAlign",1074.0549999999998,1074.255,"l-9-R"
"PronTokAlign",1074.255,1074.705,"t-e-l-e-f-O/-n=0.482"
"PronTokAlign",1074.705,1074.965,"m-w-A/"
"PronTokAlign",1074.965,1075.3549999999998,"n-O/=0.487"
"PronTokAlign",1075.3549999999998,1076.125,"p-E-R-s-O/-n-E-l-m-a~=0.558"
"PronTokAlign",1076.125,1076.155,"U~/"
"PronTokAlign",1076.155,1076.4,"m-E=0.482"
"PronTokAlign",1076.4,1077.05,"#=0.0"
"PronTokAlign",1077.05,1077.527812,"Z-@"
"PronTokAlign",1077.527812,1080.2,"#=0.0"
"PronTokAlign",1080.2,1080.49,"u-i=0.589"
"PronTokAlign",1080.49,1080.62,"u-i=0.633"
"PronTokAlign",1080.62,1080.97,"u-i=0.61"
"PronTokAlign",1080.97,1081.2,"A/"
"PronTokAlign",1081.2,1081.274062,"u-i=0.663"
"PronTokAlign",1081.274062,1087.605,"#=0.0"
"PronTokAlign",1087.605,1087.990313,"w-i=0.659"
"PronTokAlign",1087.990313,1102.355,"#=0.0"
"PronTokAlign",1102.355,1102.525,"E=0.731"
"PronTokAlign",1102.525,1102.789687,"u-i=0.791"
"PronTokAlign",1102.789687,1106.77,"#=0.0"
"PronTokAlign",1106.77,1106.89,"u-i=0.518"
"PronTokAlign",1106.89,1107.02,"d-O~=0.62"
"PronTokAlign",1107.02,1107.39,"f-O/-R-s-E-m-a~=0.489"
"PronTokAlign",1107.39,1107.5,"s-e"
"PronTokAlign",1107.5,1107.64,"p-l-y=0.741"
"PronTokAlign",1107.64,1107.98,"f-A/-s-i-l=0.517"
"PronTokAlign",1107.98,1108.32,"p-H-i-s-k=0.572"
"PronTokAlign",1108.32,1108.46,"t"
"PronTokAlign",1108.46,1108.5,"A/=0.742"
"PronTokAlign",1108.5,1108.58,"l-E=0.39"
"PronTokAlign",1108.58,1108.71,"Z-a~=0.961"
"PronTokAlign",1108.71,1108.87,"A/-v-E-k"
"PronTokAlign",1108.87,1108.93,"k-i=0.463"
"PronTokAlign",1108.93,1109.03,"t-y=0.614"
"PronTokAlign",1109.03,1109.24,"p-A/-R-l=0.888"
"PronTokAlign",1109.24,1109.42,"s-y-R"
"PronTokAlign",1109.42,1109.9,"m-E-s-@-n-Z-@-R=0.489"
"PronTokAlign",1109.9,1110.43,"O/-s-i"
"PronTokAlign",1110.43,1110.59,"w-i=0.606"
"PronTokAlign",1110.59,1110.74,"s-e"
"PronTokAlign",1110.74,1111.125938,"v-R-E=0.648"
"PronTokAlign",1111.125938,1113.756515,"#=0.0"
"PronTokAlign",1113.756515,1114.716245,"laugh=0.0"
"PronTokAlign",1114.716245,1127.26089,"#=0.0"
"PronTokAlign",1127.26089,1128.410756,"laugh=0.0"
"PronTokAlign",1128.410756,1130.64,"#=0.0"
"PronTokAlign",1130.64,1130.85,"s-e"
"PronTokAlign",1130.85,1131.0800000000002,"v-R-E=0.791"
"PronTokAlign",1131.0800000000002,1131.18,"m-E=0.362"
"PronTokAlign",1131.18,1131.3200000000002,"s-A/=0.757"
"PronTokAlign",1131.3200000000002,1131.43,"t=0.811"
"PronTokAlign",1131.43,1131.64,"l-E-s=0.772"
"PronTokAlign",1131.64,1132.0700000000002,"O/-s-i"
"PronTokAlign",1132.0700000000002,1132.4,"l-i-b-R-@=0.794"
"PronTokAlign",1132.4,1132.5,"t=0.762"
"PronTokAlign",1132.5,1133.34,"R-e-p-O~-d-R-@=0.643"
"PronTokAlign",1133.34,1133.5500000000002,"O/"
"PronTokAlign",1133.5500000000002,1133.9,"m-E-s-A/-Z=0.853"
"PronTokAlign",1133.9,1134.0600000000002,"k-a~=0.621"
"PronTokAlign",1134.0600000000002,1134.16,"t=0.455"
"PronTokAlign",1134.16,1134.2,"A/=0.9"
"PronTokAlign",1134.2,1134.5300000000002,"a~-v-i"
"PronTokAlign",1134.5300000000002,1134.73,"s-y-R"
"PronTokAlign",1134.73,1134.76,"l=0.513"
"PronTokAlign",1134.76,1135.51,"E-s-E-m-E-s=0.992"
"PronTokAlign",1135.51,1136.193544,"laugh"
"PronTokAlign",1136.193544,1140.150938,"#=0.0"
"PronTokAlign",1140.150938,1140.530938,"u-i=0.68"
"PronTokAlign",1140.530938,1140.790938,"O/-s-i"
"PronTokAlign",1140.790938,1140.850938,"u-i=0.747"
"PronTokAlign",1140.850938,1140.910938,"u-i=0.679"
"PronTokAlign",1140.910938,1141.040938,"n-O~=0.307"
"PronTokAlign",1141.040938,1141.190938,"n-O~-n=0.403"
"PronTokAlign",1141.190938,1141.420938,"s-e"
"PronTokAlign",1141.420938,1141.590938,"v-R-E=0.582"
"PronTokAlign",1141.590938,1141.810938,"k-@=0.533"
"PronTokAlign",1141.810938,1141.940938,"s-e"
"PronTokAlign",1141.940938,1142.190938,"d-R-O/-l=0.706"
"PronTokAlign",1142.190938,1142.420938,"s-A/=0.592"
"PronTokAlign",1142.420938,1142.6,"U~/"
"PronTokAlign",1142.6,1162.225,"#=0.0"
"PronTokAlign",1162.225,1162.465,"u-i=0.623"
"PronTokAlign",1162.465,1162.5749999999998,"s=0.932"
"PronTokAlign",1162.5749999999998,1162.625,"O~=0.951"
"PronTokAlign",1162.625,1162.935,"p-9-t=0.575"
"PronTokAlign",1162.935,1163.385,"d-E-z-A/-k-t-i-v-e=0.872"
"PronTokAlign",1163.385,1163.455,"l-A/"
"PronTokAlign",1163.455,1163.775,"f-O~-k-s-j-O~"
"PronTokAlign",1163.775,1164.135,"p-A/-R-k-O~-t-R=0.472"
"PronTokAlign",1164.135,1164.44,"O/-s-i"
"PronTokAlign",1164.44,1170.235,"#=0.0"
"PronTokAlign",1170.235,1170.3349999999998,"s-y-R"
"PronTokAlign",1170.3349999999998,1170.785,"m-E-s-@-n-Z-@-R=0.503"
"PronTokAlign",1170.785,1170.8549999999998,"S=0.678"
"PronTokAlign",1170.8549999999998,1171.0449999999998,"p-a~-s=0.786"
"PronTokAlign",1171.0449999999998,1171.165,"p-A/=0.881"
"PronTokAlign",1171.165,1171.235,"k=0.72"
"PronTokAlign",1171.235,1171.3549999999998,"t-y=0.549"
"PronTokAlign",1171.3549999999998,1171.685,"p-H-i-s=0.862"
"PronTokAlign",1171.685,1171.935,"n-a~-p-A/-R=0.482"
"PronTokAlign",1171.935,1172.0949999999998,"k-O~-t=0.734"
"PronTokAlign",1172.0949999999998,1172.475,"s-y-R"
"PronTokAlign",1172.475,1172.685,"s-y-R"
"PronTokAlign",1172.685,1172.895,"l-@=0.58"
"PronTokAlign",1172.895,1173.135,"l-@=0.56"
"PronTokAlign",1173.135,1173.8249999999998,"l-@=0.583"
"PronTokAlign",1173.8249999999998,1174.145,"l-@=0.644"
"PronTokAlign",1174.145,1174.245,"l-A/"
"PronTokAlign",1174.245,1174.535,"f-O~-k-s-j-O~"
"PronTokAlign",1174.535,1174.945,"E-s-E-m-E-s=0.992"
"PronTokAlign",1174.945,1175.365,"d-@=0.946"
"PronTokAlign",1175.365,1175.8449999999998,"t=0.798"
"PronTokAlign",1175.8449999999998,1175.965,"l"
"PronTokAlign",1175.965,1176.205,"i-f-O/-n=0.812"
"PronTokAlign",1176.205,1176.385,"u-i=0.604"
"PronTokAlign",1176.385,1176.475,"t=0.429"
"PronTokAlign",1176.475,1176.655,"p-@=0.872"
"PronTokAlign",1176.655,1177.285,"d-E-z-A/-k-t-i-v-e=0.737"
"PronTokAlign",1177.285,1178.05,"l-@=0.964"
"PronTokAlign",1178.05,1178.355,"#=0.0"
"PronTokAlign",1178.355,1178.485,"k-a~=0.819"
"PronTokAlign",1178.485,1178.595,"l-A/"
"PronTokAlign",1178.595,1178.895,"p-E-R-s-O/-n=0.736"
"PronTokAlign",1178.895,1178.965,"A/"
"PronTokAlign",1178.965,1179.095,"v-y"
"PronTokAlign",1179.095,1179.135,"u"
"PronTokAlign",1179.135,1179.42,"p-A/-z=0.849"
"PronTokAlign",1179.42,1180.29,"#=0.0"
"PronTokAlign",1180.29,1180.36,"E=0.566"
"PronTokAlign",1180.36,1180.61,"k-a~=0.541"
"PronTokAlign",1180.61,1180.78,"k-a~=0.709"
"PronTokAlign",1180.78,1180.86,"Z=0.609"
"PronTokAlign",1180.86,1180.93,"e=0.546"
"PronTokAlign",1180.93,1181.02,"v-y"
"PronTokAlign",1181.02,1181.1,"l=0.454"
"PronTokAlign",1181.1,1181.43,"m-E-s-A/-Z=0.845"
"PronTokAlign",1181.43,1181.46,"u"
"PronTokAlign",1181.46,1181.63,"p-A/-z=0.571"
"PronTokAlign",1181.63,1182.557813,"#=0.0"
"PronTokAlign",1182.557813,1182.597813,"m=0.964"
"PronTokAlign",1182.597813,1182.757813,"s-e"
"PronTokAlign",1182.757813,1182.817813,"u-i=0.716"
"PronTokAlign",1182.817813,1182.8778129999998,"S=0.439"
"PronTokAlign",1182.8778129999998,1183.1778129999998,"t-R-u-v-@=0.753"
"PronTokAlign",1183.1778129999998,1183.347813,"s=0.536"
"PronTokAlign",1183.347813,1183.807813,"t-R-E=0.505"
"PronTokAlign",1183.807813,1184.4278129999998,"U~/-t-E-R-E-s-a~=0.459"
"PronTokAlign",1184.4278129999998,1184.8678129999998,"d-@=0.952"
"PronTokAlign",1184.8678129999998,1185.037813,"d-@=0.561"
"PronTokAlign",1185.037813,1185.337813,"v-w-A/-R"
"PronTokAlign",1185.337813,1185.557813,"k-O/-m-a~=0.818"
"PronTokAlign",1185.557813,1185.687813,"s=0.664"
"PronTokAlign",1185.687813,1185.797813,"A/"
"PronTokAlign",1185.797813,1186.257813,"S-a~-Z-e"
"PronTokAlign",1186.257813,1186.547813,"a~-f-E=0.375"
"PronTokAlign",1186.547813,1186.797813,"s-y-R"
"PronTokAlign",1186.797813,1186.857813,"l-E=0.448"
"PronTokAlign",1186.857813,1187.087813,"R-E-z-O/=0.529"
"PronTokAlign",1187.087813,1187.8978129999998,"s-O/-s-j-O/=0.568"
"PronTokAlign",1187.8978129999998,1188.027813,"u"
"PronTokAlign",1188.027813,1188.197813,"l-e=0.304"
"PronTokAlign",1188.197813,1188.8778129999998,"A/-p-l-i-k-A/-s-j-O~=0.708"
"PronTokAlign",1188.8778129999998,1189.227813,"p-l-y-t-O/=0.755"
"PronTokAlign",1189.227813,1189.337813,"k-@=0.607"
"PronTokAlign",1189.337813,1189.437813,"d-@=0.48"
"PronTokAlign",1189.437813,1189.537813,"l-A/"
"PronTokAlign",1189.537813,1189.9078129999998,"f-O~-k-s-j-O~"
"PronTokAlign",1189.9078129999998,1190.4178129999998,"b-A/-z-i-k=0.549"
"PronTokAlign",1190.4178129999998,1190.857813,"d-@=0.898"
"PronTokAlign",1190.857813,1191.24,"d-y=0.999"
"PronTokAlign",1191.24,1192.055,"#=0.0"
"PronTokAlign",1192.055,1192.335,"d-y=0.866"
"PronTokAlign",1192.335,1192.4350000000002,"d-y=0.697"
"PronTokAlign",1192.4350000000002,1192.825,"E-s-E-m-E-s=0.918"
"PronTokAlign",1192.825,1192.969688,"k-w-A/"
"PronTokAlign",1192.969688,1200.8,"#=0.0"
"PronTokAlign",1200.8,1201.069688,"u-j-y=0.555"
"PronTokAlign",1201.069688,1206.225,"#=0.0"
"PronTokAlign",1206.225,1206.3149999999998,"b-U~/=0.445"
"PronTokAlign",1206.3149999999998,1206.475,"s-e"
"PronTokAlign",1206.475,1206.615,"s"
"PronTokAlign",1206.615,1206.8449999999998,"i-z=0.625"
"PronTokAlign",1206.8449999999998,1206.885,"O~=0.871"
"PronTokAlign",1206.885,1207.0549999999998,"E-t-E=0.461"
"PronTokAlign",1207.0549999999998,1207.3049999999998,"A/-S-2-t-e=0.964"
"PronTokAlign",1207.3049999999998,1207.455,"a~"
"PronTokAlign",1207.455,1207.915,"p-l-y-s=0.946"
"PronTokAlign",1207.915,1208.058921,"w-i=0.589"
"PronTokAlign",1208.058921,1209.82,"#=0.0"
"PronTokAlign",1209.82,1210.45,"w-A/-s-A/-p=0.424"
"PronTokAlign",1210.45,1210.6699999999998,"s-e"
"PronTokAlign",1210.6699999999998,1211.22,"f-E-i-s-b-u-k"
"PronTokAlign",1211.22,1211.31,"S=0.62"
"PronTokAlign",1211.31,1211.66,"k-R-w-A/-z=0.568"
"PronTokAlign",1211.66,1211.855,"w-E"
"PronTokAlign",1211.855,1213.25,"#=0.0"
"PronTokAlign",1213.25,1213.371562,"m=0.0"
"PronTokAlign",1213.371562,1215.98,"#=0.0"
"PronTokAlign",1215.98,1216.07,"w-E"
"PronTokAlign",1216.07,1216.274062,"w-E"
"PronTokAlign",1216.274062,1222.675,"#=0.0"
"PronTokAlign",1222.675,1222.915,"E=0.651"
"PronTokAlign",1222.915,1223.024062,"w-E"
"PronTokAlign",1223.024062,1223.675,"#=0.0"
"PronTokAlign",1223.675,1223.952188,"w-E"
"PronTokAlign",1223.952188,1239.145,"#=0.0"
"PronTokAlign",1239.145,1239.445,"E=0.926"
"PronTokAlign",1239.445,1239.578438,"u-i=0.738"
"PronTokAlign",1239.578438,1243.59,"#=0.0"
"PronTokAlign",1243.59,1243.6699999999998,"w-E"
"PronTokAlign",1243.6699999999998,1243.9,"w-E"
"PronTokAlign",1243.9,1246.395,"#=0.0"
"PronTokAlign",1246.395,1246.625,"s-y-R"
"PronTokAlign",1246.625,1247.075,"l-E-O/-t-R=0.394"
"PronTokAlign",1247.075,1247.375,"E=0.991"
"PronTokAlign",1247.375,1247.442188,"u-i=0.827"
"PronTokAlign",1247.442188,1249.25,"#=0.0"
"PronTokAlign",1249.25,1249.4,"w-E"
"PronTokAlign",1249.4,1249.545,"#=0.0"
"PronTokAlign",1249.545,1249.6950000000002,"d-@=0.949"
"PronTokAlign",1249.6950000000002,1250.165,"t-u-t-@=0.878"
"PronTokAlign",1250.165,1250.335,"f-A/-s-O~"
"PronTokAlign",1250.335,1250.375,"i=0.393"
"PronTokAlign",1250.375,1250.555,"n-u-z=0.823"
"PronTokAlign",1250.555,1250.6750000000002,"O~=0.819"
"PronTokAlign",1250.6750000000002,1250.785,"d-@=0.753"
"PronTokAlign",1250.785,1251.165,"p-A/-R-t-u=0.527"
"PronTokAlign",1251.165,1251.295,"k-w-A/"
"PronTokAlign",1251.295,1251.785,"a~-t-R-@=0.888"
"PronTokAlign",1251.785,1252.225,"m-E-m-@=0.867"
"PronTokAlign",1252.225,1252.525,"l-e=0.48"
"PronTokAlign",1252.525,1252.985,"f-O~-k-s-j-O~=0.698"
"PronTokAlign",1252.985,1253.345,"s-i-R-i=0.665"
"PronTokAlign",1253.345,1253.375,"k=0.41"
"PronTokAlign",1253.375,1253.625,"s-O~=0.909"
"PronTokAlign",1253.625,1253.975,"A/-k-t-i-v-e=0.66"
"PronTokAlign",1253.975,1254.045,"u"
"PronTokAlign",1254.045,1254.475,"p-A/=0.819"
"PronTokAlign",1254.475,1254.635,"u"
"PronTokAlign",1254.635,1254.905,"k-a~-t=0.789"
"PronTokAlign",1254.905,1255.355,"O~=0.624"
"PronTokAlign",1255.355,1255.465,"t=0.77"
"PronTokAlign",1255.465,1255.6750000000002,"s-E=0.347"
"PronTokAlign",1255.6750000000002,1255.785,"k-a~=0.683"
"PronTokAlign",1255.785,1255.9450000000002,"t-y=0.484"
"PronTokAlign",1255.9450000000002,1256.1850000000002,"d-i-z=0.969"
"PronTokAlign",1256.1850000000002,1256.295,"k-a~=0.552"
"PronTokAlign",1256.295,1256.4250000000002,"t-y=0.466"
"PronTokAlign",1256.4250000000002,1256.7050000000002,"d-i-s-k-y-t=0.808"
"PronTokAlign",1256.7050000000002,1256.835,"d-@=0.497"
"PronTokAlign",1256.835,1257.275,"k-E-l-k-@-S-O/-z=0.495"
"PronTokAlign",1257.275,1257.4550000000002,"A/-v-E-k"
"PronTokAlign",1257.4550000000002,1257.915,"k-E-l-k-U~/"
"PronTokAlign",1257.915,1258.035,"l-@=0.476"
"PronTokAlign",1258.035,1258.665,"l-a~-d-@-m-U~/=0.629"
"PronTokAlign",1258.665,1258.9350000000002,"S-e=0.604"
"PronTokAlign",1258.9350000000002,1259.1950000000002,"t-w-A/"
"PronTokAlign",1259.1950000000002,1259.305,"t-y=0.426"
"PronTokAlign",1259.305,1259.355,"l"
"PronTokAlign",1259.355,1259.395,"A/=0.822"
"PronTokAlign",1259.395,1259.485,"A/"
"PronTokAlign",1259.485,1259.605,"l-A/"
"PronTokAlign",1259.605,1259.765,"p-y-b=0.956"
"PronTokAlign",1259.765,1259.985,"s-y-R"
"PronTokAlign",1259.985,1260.075,"t-O~=0.886"
"PronTokAlign",1260.075,1260.775,"O/-R-d-i-n-A/-t-9-R"
"PronTokAlign",1260.775,1260.875,"u"
"PronTokAlign",1260.875,1260.965,"d-E=0.314"
"PronTokAlign",1260.965,1261.115,"t-R-y-k=0.746"
"PronTokAlign",1261.115,1261.245,"d-@=0.728"
"PronTokAlign",1261.245,1261.495,"d-U~/-g=0.66"
"PronTokAlign",1261.495,1261.615,"k-O/-m=0.548"
"PronTokAlign",1261.615,1261.875,"s-A/=0.989"
"PronTokAlign",1261.875,1262.115,"k-w-A/"
"PronTokAlign",1262.115,1262.62,"#=0.0"
"PronTokAlign",1262.62,1263.32,"s-e"
"PronTokAlign",1263.32,1263.4,"w-E"
"PronTokAlign",1263.4,1263.4599999999998,"w-E"
"PronTokAlign",1263.4599999999998,1263.7099999999998,"w-E"
"PronTokAlign",1263.7099999999998,1263.8,"b-j-U~/=0.808"
"PronTokAlign",1263.8,1264.01,"s-y-R"
"PronTokAlign",1264.01,1264.08,"m-E=0.348"
"PronTokAlign",1264.08,1264.1999999999998,"s-e"
"PronTokAlign",1264.1999999999998,1264.62,"U~/-p-R-E-s-j-O/-n-a~=0.952"
"PronTokAlign",1264.62,1264.82,"p-A/-s-@=0.354"
"PronTokAlign",1264.82,1264.88,"t"
"PronTokAlign",1264.88,1264.9399999999998,"A/=0.865"
"PronTokAlign",1264.9399999999998,1265.09,"b-O/"
"PronTokAlign",1265.09,1265.65,"d-E-z-A/-k-t-i-v-e=0.69"
"PronTokAlign",1265.65,1265.77,"u"
"PronTokAlign",1265.77,1266.05,"n-@-p-A/=0.619"
"PronTokAlign",1266.05,1266.4,"A/-k-t-i-v-e=0.746"
"PronTokAlign",1266.4,1266.5,"s-y-R"
"PronTokAlign",1266.5,1266.84,"s-E-R-t-U~/=0.627"
"PronTokAlign",1266.84,1267.07,"t-R-y-k=0.728"
"PronTokAlign",1267.07,1267.16,"u"
"PronTokAlign",1267.16,1267.4599999999998,"n-@-p-A/=0.622"
"PronTokAlign",1267.4599999999998,1268.01,"A/-k-s-E-p-t-e=0.564"
"PronTokAlign",1268.01,1268.26,"t"
"PronTokAlign",1268.26,1268.29,"a~"
"PronTokAlign",1268.29,1268.4299999999998,"A/=0.673"
"PronTokAlign",1268.4299999999998,1268.83,"t-u-Z-u-R=0.547"
"PronTokAlign",1268.83,1269.0,"U~/=0.505"
"PronTokAlign",1269.0,1269.33,"k-E-l-k-@=0.73"
"PronTokAlign",1269.33,1269.59,"p-A/-R"
"PronTokAlign",1269.59,1269.7399999999998,"k-i=0.488"
"PronTokAlign",1269.7399999999998,1269.9699999999998,"v-A/"
"PronTokAlign",1269.9699999999998,1270.34,"A/-R-i-v-e=0.773"
"PronTokAlign",1270.34,1270.4599999999998,"A/"
"PronTokAlign",1270.4599999999998,1270.9,"t-@=0.985"
"PronTokAlign",1270.9,1272.36,"#=0.0"
"PronTokAlign",1272.36,1272.85,"s-e"
"PronTokAlign",1272.85,1273.01,"u-f"
"PronTokAlign",1273.01,1273.176563,"U~/"
"PronTokAlign",1273.176563,1282.33,"#=0.0"
"PronTokAlign",1282.33,1282.655,"w-E"
"PronTokAlign",1282.655,1283.4,"#=0.0"
"PronTokAlign",1283.4,1283.51,"w-E"
"PronTokAlign",1283.51,1283.655938,"w-E"
"PronTokAlign",1283.655938,1286.604767,"#=0.0"
"PronTokAlign",1286.604767,1286.806091,"w-E"
"PronTokAlign",1286.806091,1290.81,"#=0.0"
"PronTokAlign",1290.81,1291.09,"w-E"
"PronTokAlign",1291.09,1296.835626,"#=0.0"
"PronTokAlign",1296.835626,1297.527188,"laugh=0.0"
"PronTokAlign",1297.527188,1297.617188,"E=0.71"
"PronTokAlign",1297.617188,1297.707188,"w-E"
"PronTokAlign",1297.707188,1298.100938,"w-E"
"PronTokAlign",1298.100938,1301.465,"#=0.0"
"PronTokAlign",1301.465,1301.897813,"noise=0.0"
"PronTokAlign",1301.897813,1308.18,"#=0.0"
"PronTokAlign",1308.18,1308.36,"n-O/=0.454"
"PronTokAlign",1308.36,1308.52,"p-i=0.468"
"PronTokAlign",1308.52,1308.69,"t-j=0.482"
"PronTokAlign",1308.69,1308.72,"t=0.919"
"PronTokAlign",1308.72,1308.86,"R-a~=0.629"
"PronTokAlign",1308.86,1309.17,"k-O~-t=0.593"
"PronTokAlign",1309.17,1309.272188,"k-@=0.697"
"PronTokAlign",1309.272188,1311.385,"#=0.0"
"PronTokAlign",1311.385,1311.555,"u-i=0.626"
"PronTokAlign",1311.555,1311.615,"s-e"
"PronTokAlign",1311.615,1311.835,"s-e"
"PronTokAlign",1311.835,1312.145,"v-R-E=0.721"
"PronTokAlign",1312.145,1312.275,"m-e=0.28"
"PronTokAlign",1312.275,1312.515,"s-e"
"PronTokAlign",1312.515,1313.285,"E-s-@-k=0.779"
"PronTokAlign",1313.285,1313.385,"O~=0.536"
"PronTokAlign",1313.385,1313.605,"p-A/-s=0.908"
"PronTokAlign",1313.605,1314.205,"O/-t-O/-m-A/-t-i-k-m-a~=0.802"
"PronTokAlign",1314.205,1314.265,"A/"
"PronTokAlign",1314.265,1314.475,"l-A/"
"PronTokAlign",1314.475,1314.755,"d-2=0.798"
"PronTokAlign",1314.755,1314.905,"u"
"PronTokAlign",1314.905,1315.175,"s-k-@=0.377"
"PronTokAlign",1315.175,1315.615,"O/-s-e-A/-n"
"PronTokAlign",1315.615,1315.735,"d-w-A/=0.804"
"PronTokAlign",1315.735,1316.38,"U~/-t-E-R-v-2-n-i-R"
