"PhonAlign",0.0,1.165,"#"
"PhonAlign",1.165,1.205,"s"
"PhonAlign",1.205,1.265,"y"
"PhonAlign",1.265,1.295,"p"
"PhonAlign",1.295,1.385,"E"
"PhonAlign",1.385,1.594688,"R"
"PhonAlign",1.594688,2.556563,"#"
"PhonAlign",2.556563,2.616563,"d"
"PhonAlign",2.616563,2.646563,"y"
"PhonAlign",2.646563,2.7365630000000003,"k"
"PhonAlign",2.7365630000000003,2.796563,"u"
"PhonAlign",2.796563,2.846563,"l"
"PhonAlign",2.846563,3.136563,"A/"
"PhonAlign",3.136563,3.226563,"O~"
"PhonAlign",3.226563,3.256563,"v"
"PhonAlign",3.256563,3.396563,"A/"
"PhonAlign",3.396563,3.426563,"v"
"PhonAlign",3.426563,3.506563,"R"
"PhonAlign",3.506563,3.556563,"E"
"PhonAlign",3.556563,3.616563,"m"
"PhonAlign",3.616563,3.766563,"a~"
"PhonAlign",3.766563,3.796563,"R"
"PhonAlign",3.796563,3.886563,"a~"
"PhonAlign",3.886563,3.926563,"t"
"PhonAlign",3.926563,4.006563,"R"
"PhonAlign",4.006563,4.056563000000001,"e"
"PhonAlign",4.056563000000001,4.106563,"d"
"PhonAlign",4.106563,4.206563,"a~"
"PhonAlign",4.206563,4.256563,"l"
"PhonAlign",4.256563,4.286563,"v"
"PhonAlign",4.286563,4.556563000000001,"i"
"PhonAlign",4.556563000000001,4.586563,"f"
"PhonAlign",4.586563,4.616563,"d"
"PhonAlign",4.616563,4.7265630000000005,"s"
"PhonAlign",4.7265630000000005,4.786563,"y"
"PhonAlign",4.786563,4.886563000000001,"Z"
"PhonAlign",4.886563000000001,5.006563,"E"
"PhonAlign",5.006563,5.106563,"O~"
"PhonAlign",5.106563,5.136563000000001,"v"
"PhonAlign",5.136563000000001,5.186563,"A/"
"PhonAlign",5.186563,5.336563,"e"
"PhonAlign",5.336563,5.396563,"s"
"PhonAlign",5.396563,5.426563,"e"
"PhonAlign",5.426563,5.456563,"j"
"PhonAlign",5.456563,5.496563,"e"
"PhonAlign",5.496563,5.546563000000001,"d"
"PhonAlign",5.546563000000001,5.576563,"O/"
"PhonAlign",5.576563,5.636563000000001,"R"
"PhonAlign",5.636563000000001,5.706563,"g"
"PhonAlign",5.706563,5.736563,"A/"
"PhonAlign",5.736563,5.866563,"n"
"PhonAlign",5.866563,5.946563,"i"
"PhonAlign",5.946563,5.996563,"z"
"PhonAlign",5.996563,6.116563,"e"
"PhonAlign",6.116563,6.236563,"s"
"PhonAlign",6.236563,6.276563,"@"
"PhonAlign",6.276563,6.316563,"f"
"PhonAlign",6.316563,6.386563000000001,"A/"
"PhonAlign",6.386563000000001,6.426563,"m"
"PhonAlign",6.426563,6.466563000000001,"@"
"PhonAlign",6.466563000000001,6.606563,"e"
"PhonAlign",6.606563,6.636563000000001,"v"
"PhonAlign",6.636563000000001,6.846563,"E"
"PhonAlign",6.846563,6.876563000000001,"n"
"PhonAlign",6.876563000000001,6.926563,"m"
"PhonAlign",6.926563,7.206563000000001,"a~"
"PhonAlign",7.206563000000001,7.236563,"d"
"PhonAlign",7.236563,7.396563,"s"
"PhonAlign",7.396563,7.436563,"i"
"PhonAlign",7.436563,7.476563,"n"
"PhonAlign",7.476563,7.566563,"e"
"PhonAlign",7.566563,7.606562999999999,"m"
"PhonAlign",7.606562999999999,7.804688,"A/"
"PhonAlign",7.804688,8.7,"#"
"PhonAlign",8.7,8.739999999999998,"d"
"PhonAlign",8.739999999999998,8.899999999999999,"O~"
"PhonAlign",8.899999999999999,8.959999999999999,"p"
"PhonAlign",8.959999999999999,9.0,"u"
"PhonAlign",9.0,9.04,"R"
"PhonAlign",9.04,9.13,"k"
"PhonAlign",9.13,9.2,"O/"
"PhonAlign",9.2,9.23,"m"
"PhonAlign",9.23,9.34,"a~"
"PhonAlign",9.34,9.45,"s"
"PhonAlign",9.45,9.56,"e"
"PhonAlign",9.56,9.63,"S"
"PhonAlign",9.63,9.66,"k"
"PhonAlign",9.66,9.71,"R"
"PhonAlign",9.71,9.739999999999998,"w"
"PhonAlign",9.739999999999998,9.84,"A/"
"PhonAlign",9.84,9.92,"k"
"PhonAlign",9.92,9.96,"@"
"PhonAlign",9.96,9.989999999999998,"d"
"PhonAlign",9.989999999999998,10.02,"a~"
"PhonAlign",10.02,10.05,"n"
"PhonAlign",10.05,10.079999999999998,"O/"
"PhonAlign",10.079999999999998,10.14,"k"
"PhonAlign",10.14,10.28,"A/"
"PhonAlign",10.28,10.31,"t"
"PhonAlign",10.31,10.34,"R"
"PhonAlign",10.34,10.4,"t"
"PhonAlign",10.4,10.48,"E"
"PhonAlign",10.48,10.63,"m"
"PhonAlign",10.63,10.7,"k"
"PhonAlign",10.7,10.77,"O~"
"PhonAlign",10.77,10.87,"A/"
"PhonAlign",10.87,10.9,"v"
"PhonAlign",10.9,10.97,"e"
"PhonAlign",10.97,11.11,"S"
"PhonAlign",11.11,11.14,"w"
"PhonAlign",11.14,11.21,"A/"
"PhonAlign",11.21,11.28,"z"
"PhonAlign",11.28,11.42,"i"
"PhonAlign",11.42,11.45,"f"
"PhonAlign",11.45,11.5,"O/"
"PhonAlign",11.5,11.59,"t"
"PhonAlign",11.59,11.62,"k"
"PhonAlign",11.62,11.66,"O~"
"PhonAlign",11.66,11.72,"a~"
"PhonAlign",11.72,11.85,"s"
"PhonAlign",11.85,11.88,"E"
"PhonAlign",11.88,11.91,"l"
"PhonAlign",11.91,11.94,"E"
"PhonAlign",11.94,11.97,"k"
"PhonAlign",11.97,12.07,"s"
"PhonAlign",12.07,12.1,"j"
"PhonAlign",12.1,12.13,"O/"
"PhonAlign",12.13,12.17,"n"
"PhonAlign",12.17,12.35,"k"
"PhonAlign",12.35,12.43,"@"
"PhonAlign",12.43,12.489999999999998,"d"
"PhonAlign",12.489999999999998,12.698438,"2"
"PhonAlign",12.698438,13.455,"#"
"PhonAlign",13.455,13.565,"d"
"PhonAlign",13.565,13.595,"O~"
"PhonAlign",13.595,13.745,"s"
"PhonAlign",13.745,14.015,"k"
"PhonAlign",14.015,14.045,"v"
"PhonAlign",14.045,14.075,"u"
"PhonAlign",14.075,14.105,"A/"
"PhonAlign",14.105,14.135,"v"
"PhonAlign",14.135,14.245,"e"
"PhonAlign",14.245,14.305,"y"
"PhonAlign",14.305,14.365,"n"
"PhonAlign",14.365,14.465,"i"
"PhonAlign",14.465,14.535,"d"
"PhonAlign",14.535,14.725,"e"
"PhonAlign",14.725,14.785,"d"
"PhonAlign",14.785,15.33,"@"
"PhonAlign",15.33,15.57,"#"
"PhonAlign",15.57,15.61,"p"
"PhonAlign",15.61,15.64,"A/"
"PhonAlign",15.64,15.68,"R"
"PhonAlign",15.68,15.72,"m"
"PhonAlign",15.72,15.93,"i"
"PhonAlign",15.93,15.98,"l"
"PhonAlign",15.98,16.11,"E"
"PhonAlign",16.11,16.29,"k"
"PhonAlign",16.29,16.32,"A/"
"PhonAlign",16.32,16.35,"t"
"PhonAlign",16.35,16.38,"l"
"PhonAlign",16.38,16.45,"e"
"PhonAlign",16.45,16.5,"k"
"PhonAlign",16.5,16.56,"E"
"PhonAlign",16.56,16.59,"l"
"PhonAlign",16.59,16.64,"O~"
"PhonAlign",16.64,16.69,"v"
"PhonAlign",16.69,16.740000000000002,"A/"
"PhonAlign",16.740000000000002,16.77,"p"
"PhonAlign",16.77,16.9,"R"
"PhonAlign",16.9,16.94,"a~"
"PhonAlign",16.94,16.97,"d"
"PhonAlign",16.97,17.07,"R"
"PhonAlign",17.07,20.745,"#"
"PhonAlign",20.745,20.785,"u"
"PhonAlign",20.785,20.815,"l"
"PhonAlign",20.815,20.899687,"A/"
"PhonAlign",20.899687,21.74,"#"
"PhonAlign",21.74,21.78,"E"
"PhonAlign",21.78,21.87,"s"
"PhonAlign",21.87,21.99,"k"
"PhonAlign",21.99,22.08,"j"
"PhonAlign",22.08,22.16,"A/"
"PhonAlign",22.16,22.23,"k"
"PhonAlign",22.23,22.29,"E"
"PhonAlign",22.29,22.34,"l"
"PhonAlign",22.34,22.41,"k"
"PhonAlign",22.41,22.53,"U~/"
"PhonAlign",22.53,22.63,"k"
"PhonAlign",22.63,22.7,"i"
"PhonAlign",22.7,22.73,"s"
"PhonAlign",22.73,22.77,"d"
"PhonAlign",22.77,22.87,"i"
"PhonAlign",22.87,22.9,"d"
"PhonAlign",22.9,23.0,"e"
"PhonAlign",23.0,23.05,"Z"
"PhonAlign",23.05,23.29,"A/"
"PhonAlign",23.29,23.48,"m"
"PhonAlign",23.48,23.51,"O~"
"PhonAlign",23.51,23.59,"t"
"PhonAlign",23.59,23.73,"E"
"PhonAlign",23.73,23.76,"m"
"PhonAlign",23.76,23.88,"s"
"PhonAlign",23.88,23.96,"s"
"PhonAlign",23.96,24.02,"E"
"PhonAlign",24.02,24.05,"R"
"PhonAlign",24.05,24.17,"A/"
"PhonAlign",24.17,24.3,"R"
"PhonAlign",24.3,24.34,"j"
"PhonAlign",24.34,24.66,"U~/"
"PhonAlign",24.66,24.69,"i"
"PhonAlign",24.69,24.72,"n"
"PhonAlign",24.72,24.75,"j"
"PhonAlign",24.75,24.8,"O/"
"PhonAlign",24.8,25.04,"R"
"PhonAlign",25.04,25.07,"A/"
"PhonAlign",25.07,25.1,"p"
"PhonAlign",25.1,25.17,"A/"
"PhonAlign",25.17,25.2,"z"
"PhonAlign",25.2,25.3,"A/"
"PhonAlign",25.3,25.39,"s"
"PhonAlign",25.39,25.46,"e"
"PhonAlign",25.46,25.5,"d"
"PhonAlign",25.5,25.53,"p"
"PhonAlign",25.53,25.56,"E"
"PhonAlign",25.56,25.59,"R"
"PhonAlign",25.59,25.64,"s"
"PhonAlign",25.64,25.71,"O/"
"PhonAlign",25.71,25.74,"n"
"PhonAlign",25.74,25.79,"k"
"PhonAlign",25.79,25.86,"j"
"PhonAlign",25.86,25.89,"v"
"PhonAlign",25.89,25.92,"A/"
"PhonAlign",25.92,25.95,"v"
"PhonAlign",25.95,25.98,"n"
"PhonAlign",25.98,26.21,"i"
"PhonAlign",26.21,26.249063,"R"
"PhonAlign",26.249063,27.04,"#"
"PhonAlign",27.04,27.464063,"u"
"PhonAlign",27.464063,30.18,"#"
"PhonAlign",30.18,30.41,"noise"
"PhonAlign",30.41,30.59,"#"
"PhonAlign",30.59,30.990938,"noise"
"PhonAlign",30.990938,39.28,"#"
"PhonAlign",39.28,39.41,"m"
"PhonAlign",39.41,68.1,"#"
"PhonAlign",68.1,68.21,"e"
"PhonAlign",68.21,68.25,"d"
"PhonAlign",68.25,68.35,"y"
"PhonAlign",68.35,68.39,"k"
"PhonAlign",68.39,68.42999999999999,"u"
"PhonAlign",68.42999999999999,68.5,"l"
"PhonAlign",68.5,68.61,"@"
"PhonAlign",68.61,68.66,"d"
"PhonAlign",68.66,68.75,"2"
"PhonAlign",68.75,68.83999999999999,"z"
"PhonAlign",68.83999999999999,68.86999999999999,"j"
"PhonAlign",68.86999999999999,68.91,"E"
"PhonAlign",68.91,68.94,"m"
"PhonAlign",68.94,68.97,"t"
"PhonAlign",68.97,69.0,"E"
"PhonAlign",69.0,69.03,"m"
"PhonAlign",69.03,69.08,"s"
"PhonAlign",69.08,69.11,"k"
"PhonAlign",69.11,69.14,"j"
"PhonAlign",69.14,69.6,"A/"
"PhonAlign",69.6,69.77,"k"
"PhonAlign",69.77,69.85,"E"
"PhonAlign",69.85,69.96,"l"
"PhonAlign",69.96,70.02,"k"
"PhonAlign",70.02,70.08,"@"
"PhonAlign",70.08,70.32,"S"
"PhonAlign",70.32,70.83,"O/"
"PhonAlign",70.83,70.86,"z"
"PhonAlign",70.86,70.94999999999999,"@"
"PhonAlign",70.94999999999999,70.97999999999999,"k"
"PhonAlign",70.97999999999999,71.00999999999999,"v"
"PhonAlign",71.00999999999999,71.06,"u"
"PhonAlign",71.06,71.335,"#"
"PhonAlign",71.335,71.41499999999999,"s"
"PhonAlign",71.41499999999999,71.49499999999999,"a~"
"PhonAlign",71.49499999999999,71.52499999999999,"b"
"PhonAlign",71.52499999999999,71.55499999999999,"l"
"PhonAlign",71.55499999999999,71.585,"a~"
"PhonAlign",71.585,71.625,"A/"
"PhonAlign",71.625,71.66499999999999,"d"
"PhonAlign",71.66499999999999,71.725,"E"
"PhonAlign",71.725,71.765,"k"
"PhonAlign",71.765,71.79499999999999,"w"
"PhonAlign",71.79499999999999,71.845,"A/"
"PhonAlign",71.845,71.955,"s"
"PhonAlign",71.955,71.985,"j"
"PhonAlign",71.985,72.04,"O~"
"PhonAlign",72.04,72.170107,"#"
"PhonAlign",72.170107,72.697095,"noise"
"PhonAlign",72.697095,85.79,"#"
"PhonAlign",85.79,85.83000000000001,"d"
"PhonAlign",85.83000000000001,85.86,"O~"
"PhonAlign",85.86,85.91000000000001,"k"
"PhonAlign",85.91000000000001,86.02000000000001,"O~"
"PhonAlign",86.02000000000001,86.08000000000001,"p"
"PhonAlign",86.08000000000001,86.11,"A/"
"PhonAlign",86.11,86.24000000000001,"R"
"PhonAlign",86.24000000000001,86.39,"s"
"PhonAlign",86.39,86.44000000000001,"y"
"PhonAlign",86.44000000000001,86.57000000000001,"R"
"PhonAlign",86.57000000000001,86.68,"k"
"PhonAlign",86.68,86.71000000000001,"O/"
"PhonAlign",86.71000000000001,86.78,"m"
"PhonAlign",86.78,86.9,"e"
"PhonAlign",86.9,86.96000000000001,"d"
"PhonAlign",86.96000000000001,87.04,"i"
"PhonAlign",87.04,87.16000000000001,"e"
"PhonAlign",87.16000000000001,87.27000000000001,"s"
"PhonAlign",87.27000000000001,87.32000000000001,"y"
"PhonAlign",87.32000000000001,87.35000000000001,"p"
"PhonAlign",87.35000000000001,87.43,"E"
"PhonAlign",87.43,87.48,"R"
"PhonAlign",87.48,87.51,"j"
"PhonAlign",87.51,87.60000000000001,"E"
"PhonAlign",87.60000000000001,87.65,"R"
"PhonAlign",87.65,87.792187,"O/"
"PhonAlign",87.792187,89.67,"#"
"PhonAlign",89.67,89.71000000000001,"d"
"PhonAlign",89.71000000000001,89.75,"O~"
"PhonAlign",89.75,89.79,"k"
"PhonAlign",89.79,89.86,"m"
"PhonAlign",89.86,89.9,"U~/"
"PhonAlign",89.9,90.01,"n"
"PhonAlign",90.01,90.04,"a~"
"PhonAlign",90.04,90.1,"i"
"PhonAlign",90.1,90.16,"f"
"PhonAlign",90.16,90.27,"O/"
"PhonAlign",90.27,90.3,"k"
"PhonAlign",90.3,90.4,"O~"
"PhonAlign",90.4,90.49,"S"
"PhonAlign",90.49,90.52,"w"
"PhonAlign",90.52,90.6,"A/"
"PhonAlign",90.6,90.64,"z"
"PhonAlign",90.64,90.74,"i"
"PhonAlign",90.74,90.78,"s"
"PhonAlign",90.78,90.9,"U~/"
"PhonAlign",90.9,91.03,"s"
"PhonAlign",91.03,91.08,"i"
"PhonAlign",91.08,91.13,"n"
"PhonAlign",91.13,91.25,"e"
"PhonAlign",91.25,91.3,"m"
"PhonAlign",91.3,91.53,"A/"
"PhonAlign",91.53,91.56,"d"
"PhonAlign",91.56,91.62,"O~"
"PhonAlign",91.62,91.66,"O~"
"PhonAlign",91.66,91.73,"A/"
"PhonAlign",91.73,91.85,"p"
"PhonAlign",91.85,92.0,"l"
"PhonAlign",92.0,92.12,"y"
"PhonAlign",92.12,92.23,"z"
"PhonAlign",92.23,92.26,"j"
"PhonAlign",92.26,92.29,"9"
"PhonAlign",92.29,92.32,"R"
"PhonAlign",92.32,92.35,"A/"
"PhonAlign",92.35,92.38,"l"
"PhonAlign",92.38,92.41,"t"
"PhonAlign",92.41,92.48,"E"
"PhonAlign",92.48,92.58,"R"
"PhonAlign",92.58,92.65,"n"
"PhonAlign",92.65,92.74,"A/"
"PhonAlign",92.74,92.83,"t"
"PhonAlign",92.83,92.9,"i"
"PhonAlign",92.9,92.96,"v"
"PhonAlign",92.96,93.05,"O~"
"PhonAlign",93.05,93.21,"n"
"PhonAlign",93.21,93.24,"a~"
"PhonAlign",93.24,93.31,"A/"
"PhonAlign",93.31,93.41,"t"
"PhonAlign",93.41,93.47,"R"
"PhonAlign",93.47,93.54,"w"
"PhonAlign",93.54,93.735,"A/"
"PhonAlign",93.735,93.975,"#"
"PhonAlign",93.975,94.095,"s"
"PhonAlign",94.095,94.135,"w"
"PhonAlign",94.135,94.175,"A/"
"PhonAlign",94.175,94.315,"U~/"
"PhonAlign",94.315,94.435,"s"
"PhonAlign",94.435,94.475,"i"
"PhonAlign",94.475,94.545,"n"
"PhonAlign",94.545,94.625,"e"
"PhonAlign",94.625,94.665,"m"
"PhonAlign",94.665,94.795,"A/"
"PhonAlign",94.795,94.835,"d"
"PhonAlign",94.835,95.055,"R"
"PhonAlign",95.055,95.085,"A/"
"PhonAlign",95.085,95.155,"j"
"PhonAlign",95.155,95.185,"v"
"PhonAlign",95.185,95.267813,"@"
"PhonAlign",95.267813,95.93,"#"
"PhonAlign",95.93,95.97,"d"
"PhonAlign",95.97,96.03,"O~"
"PhonAlign",96.03,96.18,"s"
"PhonAlign",96.18,96.33,"e"
"PhonAlign",96.33,96.36,"v"
"PhonAlign",96.36,96.41,"u"
"PhonAlign",96.41,96.52,"z"
"PhonAlign",96.52,96.55,"s"
"PhonAlign",96.55,96.58,"A/"
"PhonAlign",96.58,96.61,"v"
"PhonAlign",96.61,96.69,"e"
"PhonAlign",96.69,96.72,"l"
"PhonAlign",96.72,96.76,"e"
"PhonAlign",96.76,96.83,"z"
"PhonAlign",96.83,96.91,"s"
"PhonAlign",96.91,96.98,"i"
"PhonAlign",96.98,97.01,"n"
"PhonAlign",97.01,97.04,"E"
"PhonAlign",97.04,97.08,"m"
"PhonAlign",97.08,97.23,"A/"
"PhonAlign",97.23,97.26,"u"
"PhonAlign",97.26,97.43,"O~"
"PhonAlign",97.43,97.47,"p"
"PhonAlign",97.47,97.67,"2"
"PhonAlign",97.67,97.7,"t"
"PhonAlign",97.7,97.83,"fp"
"PhonAlign",97.83,97.89,"v"
"PhonAlign",97.89,97.95,"n"
"PhonAlign",97.95,98.0,"i"
"PhonAlign",98.0,98.06,"R"
"PhonAlign",98.06,98.15,"a~"
"PhonAlign",98.15,98.18,"v"
"PhonAlign",98.18,98.22,"w"
"PhonAlign",98.22,98.29,"A/"
"PhonAlign",98.29,98.42,"t"
"PhonAlign",98.42,98.49,"y"
"PhonAlign",98.49,98.609062,"R"
"PhonAlign",98.609062,100.28,"#"
"PhonAlign",100.28,100.42,"fp"
"PhonAlign",100.42,100.52,"l"
"PhonAlign",100.52,100.6,"n"
"PhonAlign",100.6,100.63,"O~"
"PhonAlign",100.63,100.66,"b"
"PhonAlign",100.66,100.69,"R"
"PhonAlign",100.69,100.72,"@"
"PhonAlign",100.72,100.75,"d"
"PhonAlign",100.75,100.78,"p"
"PhonAlign",100.78,100.88,"l"
"PhonAlign",100.88,100.95,"A/"
"PhonAlign",100.95,101.05,"s"
"PhonAlign",101.05,101.1,"n"
"PhonAlign",101.1,101.21,"e"
"PhonAlign",101.21,101.26,"p"
"PhonAlign",101.26,101.3,"A/"
"PhonAlign",101.3,101.34,"l"
"PhonAlign",101.34,101.41,"i"
"PhonAlign",101.41,101.46,"m"
"PhonAlign",101.46,101.58,"i"
"PhonAlign",101.58,101.62,"t"
"PhonAlign",101.62,101.7,"e"
"PhonAlign",101.7,101.74,"d"
"PhonAlign",101.74,101.82,"O~"
"PhonAlign",101.82,101.9,"s"
"PhonAlign",101.9,101.99,"k"
"PhonAlign",101.99,102.11,"e"
"PhonAlign",102.11,102.14,"b"
"PhonAlign",102.14,102.18,"j"
"PhonAlign",102.18,102.33,"U~/"
"PhonAlign",102.33,102.48,"s"
"PhonAlign",102.48,102.62,"e"
"PhonAlign",102.62,102.75,"k"
"PhonAlign",102.75,103.52,"@"
"PhonAlign",103.52,103.59,"fp"
"PhonAlign",103.59,103.62,"#"
"PhonAlign",103.62,103.76,"i"
"PhonAlign",103.76,103.81,"p"
"PhonAlign",103.81,103.85,"u"
"PhonAlign",103.85,103.88,"R"
"PhonAlign",103.88,104.01,"A/"
"PhonAlign",104.01,104.04,"j"
"PhonAlign",104.04,104.08,"A/"
"PhonAlign",104.08,104.11,"v"
"PhonAlign",104.11,104.14,"w"
"PhonAlign",104.14,104.17,"A/"
"PhonAlign",104.17,104.31,"R"
"PhonAlign",104.31,104.34,"b"
"PhonAlign",104.34,104.39,"O/"
"PhonAlign",104.39,104.44,"k"
"PhonAlign",104.44,104.49,"u"
"PhonAlign",104.49,104.52,"d"
"PhonAlign",104.52,104.62,"m"
"PhonAlign",104.62,104.66,"O~"
"PhonAlign",104.66,104.69,"d"
"PhonAlign",104.69,104.78,"@"
"PhonAlign",104.78,104.87,"p"
"PhonAlign",104.87,104.93,"A/"
"PhonAlign",104.93,105.05,"R"
"PhonAlign",105.05,105.11,"k"
"PhonAlign",105.11,105.16,"O~"
"PhonAlign",105.16,105.19,"t"
"PhonAlign",105.19,105.31,"R"
"PhonAlign",105.31,105.39,"O~"
"PhonAlign",105.39,105.43,"p"
"PhonAlign",105.43,105.49,"u"
"PhonAlign",105.49,105.58,"R"
"PhonAlign",105.58,105.61,"A/"
"PhonAlign",105.61,105.64,"p"
"PhonAlign",105.64,105.76,"A/"
"PhonAlign",105.76,105.79,"v"
"PhonAlign",105.79,105.82,"R"
"PhonAlign",105.82,105.85,"E"
"PhonAlign",105.85,105.9,"m"
"PhonAlign",105.9,105.95,"a~"
"PhonAlign",105.95,106.11,"U~/"
"PhonAlign",106.11,106.14,"t"
"PhonAlign",106.14,106.19,"E"
"PhonAlign",106.19,106.22,"R"
"PhonAlign",106.22,106.34,"A/"
"PhonAlign",106.34,106.43,"Z"
"PhonAlign",106.43,106.47,"i"
"PhonAlign",106.47,106.5,"R"
"PhonAlign",106.5,106.57,"A/"
"PhonAlign",106.57,106.6,"v"
"PhonAlign",106.6,106.67,"E"
"PhonAlign",106.67,106.7,"k"
"PhonAlign",106.7,106.73,"l"
"PhonAlign",106.73,106.85,"e"
"PhonAlign",106.85,106.89,"p"
"PhonAlign",106.89,106.97,"y"
"PhonAlign",106.97,107.03,"b"
"PhonAlign",107.03,107.1,"l"
"PhonAlign",107.1,107.16,"i"
"PhonAlign",107.16,107.31,"k"
"PhonAlign",107.31,108.34,"#"
"PhonAlign",108.34,108.46,"s"
"PhonAlign",108.46,108.49,"w"
"PhonAlign",108.49,108.54,"A/"
"PhonAlign",108.54,108.63,"i"
"PhonAlign",108.63,108.66,"A/"
"PhonAlign",108.66,108.79,"U~/"
"PhonAlign",108.79,108.95,"s"
"PhonAlign",108.95,109.04,"i"
"PhonAlign",109.04,109.07,"n"
"PhonAlign",109.07,109.1,"E"
"PhonAlign",109.1,109.13,"m"
"PhonAlign",109.13,109.2,"A/"
"PhonAlign",109.2,109.23,"A/"
"PhonAlign",109.23,109.43,"R"
"PhonAlign",109.43,109.51,"d"
"PhonAlign",109.51,109.64,"e"
"PhonAlign",109.64,109.73,"k"
"PhonAlign",109.73,109.97,"O/"
"PhonAlign",109.97,111.44,"#"
"PhonAlign",111.44,111.48,"d"
"PhonAlign",111.48,111.55,"O~"
"PhonAlign",111.55,111.66,"s"
"PhonAlign",111.66,111.71,"e"
"PhonAlign",111.71,111.86,"U~/"
"PhonAlign",111.86,111.9,"n"
"PhonAlign",111.9,111.98,"a~"
"PhonAlign",111.98,112.02,"v"
"PhonAlign",112.02,112.05,"i"
"PhonAlign",112.05,112.15,"R"
"PhonAlign",112.15,112.18,"O/"
"PhonAlign",112.18,112.21,"n"
"PhonAlign",112.21,112.24,"m"
"PhonAlign",112.24,112.27,"a~"
"PhonAlign",112.27,112.3,"A/"
"PhonAlign",112.3,112.33,"s"
"PhonAlign",112.33,112.36,"e"
"PhonAlign",112.36,112.49,"z"
"PhonAlign",112.49,112.64,"A/"
"PhonAlign",112.64,112.67,"g"
"PhonAlign",112.67,112.72,"R"
"PhonAlign",112.72,112.95,"e"
"PhonAlign",112.95,113.06,"A/"
"PhonAlign",113.06,113.1,"b"
"PhonAlign",113.1,113.34,"l"
"PhonAlign",113.34,113.48,"#"
"PhonAlign",113.48,113.51,"m"
"PhonAlign",113.51,113.61,"e"
"PhonAlign",113.61,113.66,"p"
"PhonAlign",113.66,113.69,"A/"
"PhonAlign",113.69,113.75,"R"
"PhonAlign",113.75,113.8,"k"
"PhonAlign",113.8,113.91,"O~"
"PhonAlign",113.91,113.96,"t"
"PhonAlign",113.96,114.05,"O~"
"PhonAlign",114.05,114.09,"p"
"PhonAlign",114.09,114.12,"@"
"PhonAlign",114.12,114.18,"A/"
"PhonAlign",114.18,114.21,"v"
"PhonAlign",114.21,114.24,"w"
"PhonAlign",114.24,114.27,"A/"
"PhonAlign",114.27,114.39,"R"
"PhonAlign",114.39,114.43,"k"
"PhonAlign",114.43,114.48,"@"
"PhonAlign",114.48,114.58,"m"
"PhonAlign",114.58,114.66,"A/"
"PhonAlign",114.66,114.72,"k"
"PhonAlign",114.72,114.77,"s"
"PhonAlign",114.77,114.81,"i"
"PhonAlign",114.81,114.87,"m"
"PhonAlign",114.87,114.91,"O/"
"PhonAlign",114.91,114.95,"m"
"PhonAlign",114.95,115.03,"s"
"PhonAlign",115.03,115.06,"w"
"PhonAlign",115.06,115.09,"A/"
"PhonAlign",115.09,115.16,"s"
"PhonAlign",115.16,115.21,"a~"
"PhonAlign",115.21,115.24,"t"
"PhonAlign",115.24,115.27,"2"
"PhonAlign",115.27,115.31,"d"
"PhonAlign",115.31,115.37,"i"
"PhonAlign",115.37,115.41,"p"
"PhonAlign",115.41,115.47,"E"
"PhonAlign",115.47,115.5,"R"
"PhonAlign",115.5,115.63,"s"
"PhonAlign",115.63,115.69,"O/"
"PhonAlign",115.69,115.86,"n"
"PhonAlign",115.86,117.415,"#"
"PhonAlign",117.415,117.505,"u"
"PhonAlign",117.505,117.565,"s"
"PhonAlign",117.565,117.605,"w"
"PhonAlign",117.605,117.705,"A/"
"PhonAlign",117.705,117.735,"j"
"PhonAlign",117.735,117.835,"A/"
"PhonAlign",117.835,117.895,"U~/"
"PhonAlign",117.895,117.945,"s"
"PhonAlign",117.945,118.015,"i"
"PhonAlign",118.015,118.045,"n"
"PhonAlign",118.045,118.315,"e"
"PhonAlign",118.315,118.345,"m"
"PhonAlign",118.345,118.375,"A/"
"PhonAlign",118.375,118.585,"k"
"PhonAlign",118.585,118.645,"l"
"PhonAlign",118.645,118.945,"A/"
"PhonAlign",118.945,119.075,"s"
"PhonAlign",119.075,119.245,"i"
"PhonAlign",119.245,119.415,"k"
"PhonAlign",119.415,119.91,"#"
"PhonAlign",119.91,120.15,"e"
"PhonAlign",120.15,120.39,"fp"
"PhonAlign",120.39,120.42,"s"
"PhonAlign",120.42,120.45,"e"
"PhonAlign",120.45,120.53,"s"
"PhonAlign",120.53,120.56,"e"
"PhonAlign",120.56,120.6,"p"
"PhonAlign",120.6,120.67,"A/"
"PhonAlign",120.67,120.7,"t"
"PhonAlign",120.7,120.76,"R"
"PhonAlign",120.76,120.8,"E"
"PhonAlign",120.8,120.88,"z"
"PhonAlign",120.88,120.91,"O/"
"PhonAlign",120.91,120.94,"R"
"PhonAlign",120.94,121.03,"i"
"PhonAlign",121.03,121.1,"Z"
"PhonAlign",121.1,121.14,"i"
"PhonAlign",121.14,121.2,"n"
"PhonAlign",121.2,121.35,"A/"
"PhonAlign",121.35,121.38,"l"
"PhonAlign",121.38,121.41,"m"
"PhonAlign",121.41,121.44,"e"
"PhonAlign",121.44,121.47,"l"
"PhonAlign",121.47,121.53,"A/"
"PhonAlign",121.53,121.56,"O~"
"PhonAlign",121.56,121.59,"p"
"PhonAlign",121.59,121.62,"@"
"PhonAlign",121.62,121.65,"A/"
"PhonAlign",121.65,121.68,"v"
"PhonAlign",121.68,121.71,"w"
"PhonAlign",121.71,121.76,"A/"
"PhonAlign",121.76,121.8,"R"
"PhonAlign",121.8,121.92,"s"
"PhonAlign",121.92,121.97,"a~"
"PhonAlign",121.97,122.01,"s"
"PhonAlign",122.01,122.15,"U~/"
"PhonAlign",122.15,122.18,"k"
"PhonAlign",122.18,122.3,"a~"
"PhonAlign",122.3,122.33,"t"
"PhonAlign",122.33,122.36,"p"
"PhonAlign",122.36,122.39,"E"
"PhonAlign",122.39,122.42,"R"
"PhonAlign",122.42,122.55,"s"
"PhonAlign",122.55,122.6,"O/"
"PhonAlign",122.6,122.75,"n"
"PhonAlign",122.75,123.355,"#"
"PhonAlign",123.355,123.395,"d"
"PhonAlign",123.395,123.435,"y"
"PhonAlign",123.435,123.475,"k"
"PhonAlign",123.475,123.525,"u"
"PhonAlign",123.525,123.625,"s"
"PhonAlign",123.625,123.695,"e"
"PhonAlign",123.695,123.825,"s"
"PhonAlign",123.825,123.855,"w"
"PhonAlign",123.855,123.985,"A/"
"PhonAlign",123.985,124.015,"O~"
"PhonAlign",124.015,124.125,"A/"
"PhonAlign",124.125,124.155,"b"
"PhonAlign",124.155,124.265,"O/"
"PhonAlign",124.265,124.295,"k"
"PhonAlign",124.295,124.325,"u"
"PhonAlign",124.325,124.385,"d"
"PhonAlign",124.385,124.445,"m"
"PhonAlign",124.445,124.475,"O~"
"PhonAlign",124.475,124.505,"d"
"PhonAlign",124.505,124.72,"@"
"PhonAlign",124.72,125.565,"#"
"PhonAlign",125.565,126.355,"fp"
"PhonAlign",126.355,126.79,"#"
"PhonAlign",126.79,126.85,"O/"
"PhonAlign",126.85,126.94,"s"
"PhonAlign",126.94,127.07,"i"
"PhonAlign",127.07,127.1,"n"
"PhonAlign",127.1,127.13,"E"
"PhonAlign",127.13,127.16,"m"
"PhonAlign",127.16,127.25,"A/"
"PhonAlign",127.25,127.28,"A/"
"PhonAlign",127.28,127.31,"v"
"PhonAlign",127.31,127.4,"E"
"PhonAlign",127.4,127.43,"k"
"PhonAlign",127.43,127.46,"l"
"PhonAlign",127.46,127.49,"@"
"PhonAlign",127.49,127.52,"v"
"PhonAlign",127.52,127.55,"w"
"PhonAlign",127.55,127.63,"A/"
"PhonAlign",127.63,127.74,"t"
"PhonAlign",127.74,127.89,"y"
"PhonAlign",127.89,128.065,"R"
"PhonAlign",128.065,128.38,"#"
"PhonAlign",128.38,128.49,"s"
"PhonAlign",128.49,128.51999999999998,"w"
"PhonAlign",128.51999999999998,128.76999999999998,"A/"
"PhonAlign",128.76999999999998,128.79999999999998,"O~"
"PhonAlign",128.79999999999998,128.85,"n"
"PhonAlign",128.85,128.94,"A/"
"PhonAlign",128.94,129.01999999999998,"p"
"PhonAlign",129.01999999999998,129.14,"A/"
"PhonAlign",129.14,129.17,"b"
"PhonAlign",129.17,129.29999999999998,"O/"
"PhonAlign",129.29999999999998,129.34,"k"
"PhonAlign",129.34,129.43,"u"
"PhonAlign",129.43,129.51,"O/"
"PhonAlign",129.51,129.63,"s"
"PhonAlign",129.63,129.71,"i"
"PhonAlign",129.71,129.74,"n"
"PhonAlign",129.74,129.76999999999998,"E"
"PhonAlign",129.76999999999998,129.79999999999998,"m"
"PhonAlign",129.79999999999998,129.84,"A/"
"PhonAlign",129.84,129.87,"A/"
"PhonAlign",129.87,130.06,"R"
"PhonAlign",130.06,130.1,"d"
"PhonAlign",130.1,130.22,"e"
"PhonAlign",130.22,130.26999999999998,"k"
"PhonAlign",130.26999999999998,130.42,"O/"
"PhonAlign",130.42,130.48,"m"
"PhonAlign",130.48,130.54,"E"
"PhonAlign",130.54,130.57,"A/"
"PhonAlign",130.57,130.6,"p"
"PhonAlign",130.6,130.67,"R"
"PhonAlign",130.67,130.75,"e"
"PhonAlign",130.75,130.86,"z"
"PhonAlign",130.86,130.89,"s"
"PhonAlign",130.89,130.92,"e"
"PhonAlign",130.92,131.26,"U~/"
"PhonAlign",131.26,131.39,"s"
"PhonAlign",131.39,131.42,"e"
"PhonAlign",131.42,131.47,"U~/"
"PhonAlign",131.47,131.57,"Z"
"PhonAlign",131.57,131.6,"O/"
"PhonAlign",131.6,131.63,"l"
"PhonAlign",131.63,131.71,"i"
"PhonAlign",131.71,131.76,"y"
"PhonAlign",131.76,131.79,"n"
"PhonAlign",131.79,131.94,"i"
"PhonAlign",131.94,131.97,"v"
"PhonAlign",131.97,132.07999999999998,"E"
"PhonAlign",132.07999999999998,132.175,"R"
"PhonAlign",132.175,132.355,"#"
"PhonAlign",132.355,132.405,"u"
"PhonAlign",132.405,132.475,"s"
"PhonAlign",132.475,132.515,"w"
"PhonAlign",132.515,132.55499999999998,"A/"
"PhonAlign",132.55499999999998,132.595,"U~/"
"PhonAlign",132.595,132.70499999999998,"s"
"PhonAlign",132.70499999999998,132.815,"i"
"PhonAlign",132.815,132.875,"n"
"PhonAlign",132.875,132.92499999999998,"E"
"PhonAlign",132.92499999999998,132.95499999999998,"m"
"PhonAlign",132.95499999999998,132.985,"A/"
"PhonAlign",132.985,133.065,"k"
"PhonAlign",133.065,133.095,"l"
"PhonAlign",133.095,133.155,"A/"
"PhonAlign",133.155,133.295,"s"
"PhonAlign",133.295,133.49499999999998,"i"
"PhonAlign",133.49499999999998,133.595,"k"
"PhonAlign",133.595,133.64499999999998,"u"
"PhonAlign",133.64499999999998,133.725,"j"
"PhonAlign",133.725,134.035,"A/"
"PhonAlign",134.035,134.14,"fp"
"PhonAlign",134.14,134.475,"#"
"PhonAlign",134.475,134.61499999999998,"i"
"PhonAlign",134.61499999999998,134.67499999999998,"e"
"PhonAlign",134.67499999999998,134.725,"p"
"PhonAlign",134.725,134.825,"A/"
"PhonAlign",134.825,134.92499999999998,"f"
"PhonAlign",134.92499999999998,134.95499999999998,"u"
"PhonAlign",134.95499999999998,134.995,"l"
"PhonAlign",134.995,135.11499999999998,"s"
"PhonAlign",135.11499999999998,135.165,"i"
"PhonAlign",135.165,135.195,"n"
"PhonAlign",135.195,135.265,"e"
"PhonAlign",135.265,135.315,"m"
"PhonAlign",135.315,135.465,"A/"
"PhonAlign",135.465,135.505,"m"
"PhonAlign",135.505,135.575,"O~"
"PhonAlign",135.575,135.625,"p"
"PhonAlign",135.625,135.67499999999998,"@"
"PhonAlign",135.67499999999998,135.755,"k"
"PhonAlign",135.755,135.785,"a~"
"PhonAlign",135.785,135.815,"m"
"PhonAlign",135.815,135.845,"E"
"PhonAlign",135.845,135.89499999999998,"m"
"PhonAlign",135.89499999999998,135.975,"A/"
"PhonAlign",135.975,136.005,"v"
"PhonAlign",136.005,136.035,"w"
"PhonAlign",136.035,136.075,"A/"
"PhonAlign",136.075,136.135,"R"
"PhonAlign",136.135,136.225,"s"
"PhonAlign",136.225,136.255,"a~"
"PhonAlign",136.255,136.345,"s"
"PhonAlign",136.345,136.385,"U~/"
"PhonAlign",136.385,136.45499999999998,"k"
"PhonAlign",136.45499999999998,136.515,"a~"
"PhonAlign",136.515,136.545,"t"
"PhonAlign",136.545,136.585,"p"
"PhonAlign",136.585,136.655,"E"
"PhonAlign",136.655,136.685,"R"
"PhonAlign",136.685,136.775,"s"
"PhonAlign",136.775,136.825,"O/"
"PhonAlign",136.825,136.86,"n"
"PhonAlign",136.86,138.605,"#"
"PhonAlign",138.605,138.64499999999998,"v"
"PhonAlign",138.64499999999998,138.67499999999998,"u"
"PhonAlign",138.67499999999998,138.70499999999998,"A/"
"PhonAlign",138.70499999999998,138.735,"v"
"PhonAlign",138.735,138.765,"e"
"PhonAlign",138.765,138.795,"y"
"PhonAlign",138.795,138.825,"n"
"PhonAlign",138.825,138.89499999999998,"p"
"PhonAlign",138.89499999999998,138.965,"R"
"PhonAlign",138.965,139.015,"e"
"PhonAlign",139.015,139.065,"f"
"PhonAlign",139.065,139.135,"p"
"PhonAlign",139.135,139.215,"A/"
"PhonAlign",139.215,139.345,"R"
"PhonAlign",139.345,139.385,"A/"
"PhonAlign",139.385,139.415,"p"
"PhonAlign",139.415,139.515,"O/"
"PhonAlign",139.515,139.545,"R"
"PhonAlign",139.545,139.58499999999998,"O/"
"PhonAlign",139.58499999999998,139.61499999999998,"t"
"PhonAlign",139.61499999999998,139.70499999999998,"E"
"PhonAlign",139.70499999999998,139.785,"m"
"PhonAlign",139.785,139.825,"O/"
"PhonAlign",139.825,139.945,"s"
"PhonAlign",139.945,139.985,"i"
"PhonAlign",139.985,140.035,"i"
"PhonAlign",140.035,140.075,"f"
"PhonAlign",140.075,140.155,"e"
"PhonAlign",140.155,140.265,"s"
"PhonAlign",140.265,140.30499999999998,"e"
"PhonAlign",140.30499999999998,140.33499999999998,"j"
"PhonAlign",140.33499999999998,140.36499999999998,"e"
"PhonAlign",140.36499999999998,140.405,"d"
"PhonAlign",140.405,140.445,"v"
"PhonAlign",140.445,140.505,"w"
"PhonAlign",140.505,140.92499999999998,"A/"
"PhonAlign",140.92499999999998,140.985,"R"
"PhonAlign",140.985,141.015,"fp"
"PhonAlign",141.015,141.165,"#"
"PhonAlign",141.165,141.195,"s"
"PhonAlign",141.195,141.225,"k"
"PhonAlign",141.225,141.33499999999998,"e"
"PhonAlign",141.33499999999998,141.385,"l"
"PhonAlign",141.385,141.42499999999998,"p"
"PhonAlign",141.42499999999998,141.45499999999998,"l"
"PhonAlign",141.45499999999998,141.485,"y"
"PhonAlign",141.485,141.515,"A/"
"PhonAlign",141.515,141.545,"d"
"PhonAlign",141.545,141.605,"E"
"PhonAlign",141.605,141.64499999999998,"k"
"PhonAlign",141.64499999999998,141.67499999999998,"w"
"PhonAlign",141.67499999999998,141.815,"A/"
"PhonAlign",141.815,141.9,"t"
"PhonAlign",141.9,144.185,"#"
"PhonAlign",144.185,144.69,"noise"
"PhonAlign",144.69,145.075,"#"
"PhonAlign",145.075,145.55,"noise"
"PhonAlign",145.55,146.075,"#"
"PhonAlign",146.075,146.34,"laugh"
"PhonAlign",146.34,146.465,"#"
"PhonAlign",146.465,147.23,"laugh"
"PhonAlign",147.23,147.3,"#"
"PhonAlign",147.3,147.55,"laugh"
"PhonAlign",147.55,159.69,"#"
"PhonAlign",159.69,159.73,"b"
"PhonAlign",159.73,159.81,"A/"
"PhonAlign",159.81,159.94,"s"
"PhonAlign",159.94,159.98,"i"
"PhonAlign",159.98,160.01,"n"
"PhonAlign",160.01,160.06,"e"
"PhonAlign",160.06,160.11,"m"
"PhonAlign",160.11,160.21,"A/"
"PhonAlign",160.21,160.27,"k"
"PhonAlign",160.27,160.3,"l"
"PhonAlign",160.3,160.36,"A/"
"PhonAlign",160.36,160.45,"s"
"PhonAlign",160.45,160.51,"i"
"PhonAlign",160.51,160.54,"k"
"PhonAlign",160.54,160.69,"s"
"PhonAlign",160.69,160.72,"i"
"PhonAlign",160.72,160.76,"n"
"PhonAlign",160.76,160.92,"O~"
"PhonAlign",160.92,168.515,"#"
"PhonAlign",168.515,168.58499999999998,"O~"
"PhonAlign",168.58499999999998,168.625,"p"
"PhonAlign",168.625,168.725,"A/"
"PhonAlign",168.725,168.77499999999998,"R"
"PhonAlign",168.77499999999998,168.815,"s"
"PhonAlign",168.815,168.89499999999998,"y"
"PhonAlign",168.89499999999998,169.015,"R"
"PhonAlign",169.015,169.045,"s"
"PhonAlign",169.045,169.08499999999998,"i"
"PhonAlign",169.08499999999998,169.11499999999998,"n"
"PhonAlign",169.11499999999998,169.255,"E"
"PhonAlign",169.255,169.285,"m"
"PhonAlign",169.285,169.36499999999998,"A/"
"PhonAlign",169.36499999999998,169.46499999999995,"k"
"PhonAlign",169.46499999999995,169.535,"l"
"PhonAlign",169.535,169.565,"A/"
"PhonAlign",169.565,169.695,"s"
"PhonAlign",169.695,169.725,"i"
"PhonAlign",169.725,169.821563,"k"
"PhonAlign",169.821563,171.685,"#"
"PhonAlign",171.685,171.875,"O/"
"PhonAlign",171.875,171.915,"p"
"PhonAlign",171.915,172.125,"l"
"PhonAlign",172.125,172.167188,"A/"
"PhonAlign",172.167188,173.43,"#"
"PhonAlign",173.43,173.47,"d"
"PhonAlign",173.47,173.52,"O~"
"PhonAlign",173.52,173.59,"m"
"PhonAlign",173.59,173.66,"U~/"
"PhonAlign",173.66,173.74,"n"
"PhonAlign",173.74,173.77,"a~"
"PhonAlign",173.77,173.8,"i"
"PhonAlign",173.8,173.84,"l"
"PhonAlign",173.84,173.88,"f"
"PhonAlign",173.88,173.99,"O/"
"PhonAlign",173.99,174.02,"k"
"PhonAlign",174.02,174.08,"O~"
"PhonAlign",174.08,174.11,"E"
"PhonAlign",174.11,174.14,"k"
"PhonAlign",174.14,174.17000000000002,"s"
"PhonAlign",174.17000000000002,174.20000000000002,"p"
"PhonAlign",174.20000000000002,174.23000000000002,"l"
"PhonAlign",174.23000000000002,174.44,"i"
"PhonAlign",174.44,174.55,"k"
"PhonAlign",174.55,174.58,"n"
"PhonAlign",174.58,174.61,"O/"
"PhonAlign",174.61,174.70000000000002,"t"
"PhonAlign",174.70000000000002,174.78,"S"
"PhonAlign",174.78,174.85,"w"
"PhonAlign",174.85,175.105,"A/"
"PhonAlign",175.105,175.587207,"#"
"PhonAlign",175.587207,175.627207,"d"
"PhonAlign",175.627207,175.737207,"y"
"PhonAlign",175.737207,175.787207,"k"
"PhonAlign",175.787207,175.817207,"u"
"PhonAlign",175.817207,175.85720700000002,"k"
"PhonAlign",175.85720700000002,175.897207,"O/"
"PhonAlign",175.897207,175.927207,"m"
"PhonAlign",175.927207,175.957207,"s"
"PhonAlign",175.957207,176.007207,"O~"
"PhonAlign",176.007207,176.087207,"p"
"PhonAlign",176.087207,176.147207,"@"
"PhonAlign",176.147207,176.38720700000002,"k"
"PhonAlign",176.38720700000002,176.467207,"a~"
"PhonAlign",176.467207,176.567207,"m"
"PhonAlign",176.567207,176.677207,"E"
"PhonAlign",176.677207,176.717207,"m"
"PhonAlign",176.717207,176.797207,"A/"
"PhonAlign",176.797207,176.94720700000002,"k"
"PhonAlign",176.94720700000002,176.977207,"2"
"PhonAlign",176.977207,177.007207,"j"
"PhonAlign",177.007207,177.037207,"i"
"PhonAlign",177.037207,177.157207,"R"
"PhonAlign",177.157207,177.187207,"U~/"
"PhonAlign",177.187207,177.217207,"g"
"PhonAlign",177.217207,177.267207,"R"
"PhonAlign",177.267207,177.38720700000002,"a~"
"PhonAlign",177.38720700000002,177.427207,"n"
"PhonAlign",177.427207,177.467207,"O~"
"PhonAlign",177.467207,177.497207,"b"
"PhonAlign",177.497207,177.527207,"R"
"PhonAlign",177.527207,177.57720700000002,"d"
"PhonAlign",177.57720700000002,177.627207,"@"
"PhonAlign",177.627207,177.657207,"p"
"PhonAlign",177.657207,177.737207,"E"
"PhonAlign",177.737207,177.777207,"R"
"PhonAlign",177.777207,177.897207,"s"
"PhonAlign",177.897207,177.957207,"O/"
"PhonAlign",177.957207,178.12,"n"
"PhonAlign",178.12,178.505,"#"
"PhonAlign",178.505,178.545,"b"
"PhonAlign",178.545,178.585,"O/"
"PhonAlign",178.585,178.64499999999998,"k"
"PhonAlign",178.64499999999998,178.685,"u"
"PhonAlign",178.685,178.715,"p"
"PhonAlign",178.715,178.745,"l"
"PhonAlign",178.745,178.775,"y"
"PhonAlign",178.775,178.805,"k"
"PhonAlign",178.805,178.835,"@"
"PhonAlign",178.835,178.875,"d"
"PhonAlign",178.875,178.905,"a~"
"PhonAlign",178.905,178.935,"l"
"PhonAlign",178.935,178.965,"A/"
"PhonAlign",178.965,179.075,"R"
"PhonAlign",179.075,179.105,"d"
"PhonAlign",179.105,179.195,"e"
"PhonAlign",179.195,179.235,"k"
"PhonAlign",179.235,179.44,"O/"
"PhonAlign",179.44,179.59,"#"
"PhonAlign",179.59,179.71,"s"
"PhonAlign",179.71,179.76,"e"
"PhonAlign",179.76,179.79,"s"
"PhonAlign",179.79,179.905,"A/"
"PhonAlign",179.905,182.41,"#"
"PhonAlign",182.41,182.46,"k"
"PhonAlign",182.46,182.54,"s"
"PhonAlign",182.54,182.6,"k"
"PhonAlign",182.6,182.64,"j"
"PhonAlign",182.64,182.76,"A/"
"PhonAlign",182.76,182.82,"d"
"PhonAlign",182.82,182.93,"O/"
"PhonAlign",182.93,183.07,"t"
"PhonAlign",183.07,183.14,"R"
"PhonAlign",183.14,183.17,"@"
"PhonAlign",183.17,183.25,"s"
"PhonAlign",183.25,183.28,"i"
"PhonAlign",183.28,183.33,"n"
"PhonAlign",183.33,183.473437,"O~"
"PhonAlign",183.473437,186.55,"#"
"PhonAlign",186.55,186.62,"m"
"PhonAlign",186.62,186.65,"w"
"PhonAlign",186.65,186.74,"A/"
"PhonAlign",186.74,186.8,"Z"
"PhonAlign",186.8,186.87,"s"
"PhonAlign",186.87,186.92,"R"
"PhonAlign",186.92,186.96,"E"
"PhonAlign",186.96,186.99,"p"
"PhonAlign",186.99,187.05,"l"
"PhonAlign",187.05,187.11,"y"
"PhonAlign",187.11,187.17,"z"
"PhonAlign",187.17,187.22,"p"
"PhonAlign",187.22,187.31,"A/"
"PhonAlign",187.31,187.34,"R"
"PhonAlign",187.34,187.44,"t"
"PhonAlign",187.44,187.47,"i"
"PhonAlign",187.47,187.58,"s"
"PhonAlign",187.58,187.61,"y"
"PhonAlign",187.61,187.71,"R"
"PhonAlign",187.71,187.74,"d"
"PhonAlign",187.74,187.8,"R"
"PhonAlign",187.8,187.95,"A/"
"PhonAlign",187.95,188.04,"j"
"PhonAlign",188.04,188.080312,"v"
"PhonAlign",188.080312,188.705,"#"
"PhonAlign",188.705,188.78500000000005,"w"
"PhonAlign",188.78500000000005,188.995,"E"
"PhonAlign",188.995,189.795,"#"
"PhonAlign",189.795,189.875,"a~"
"PhonAlign",189.875,189.925,"p"
"PhonAlign",189.925,189.955,"l"
"PhonAlign",189.955,189.985,"y"
"PhonAlign",189.985,190.105,"z"
"PhonAlign",190.105,190.135,"v"
"PhonAlign",190.135,190.185,"y"
"PhonAlign",190.185,190.215,"l"
"PhonAlign",190.215,190.365,"e"
"PhonAlign",190.365,190.395,"t"
"PhonAlign",190.395,190.455,"E"
"PhonAlign",190.455,190.525,"m"
"PhonAlign",190.525,190.555,"k"
"PhonAlign",190.555,190.625,"O~"
"PhonAlign",190.625,190.705,"n"
"PhonAlign",190.705,190.795,"A/"
"PhonAlign",190.795,190.905,"S"
"PhonAlign",190.905,190.945,"w"
"PhonAlign",190.945,191.025,"A/"
"PhonAlign",191.025,191.135,"z"
"PhonAlign",191.135,191.365,"i"
"PhonAlign",191.365,191.894062,"fp"
"PhonAlign",191.894062,197.7,"#"
"PhonAlign",197.7,197.74,"d"
"PhonAlign",197.74,197.88,"O~"
"PhonAlign",197.88,198.2,"fp"
"PhonAlign",198.2,198.605,"#"
"PhonAlign",198.605,198.785,"E"
"PhonAlign",198.785,198.885,"k"
"PhonAlign",198.885,198.935,"s"
"PhonAlign",198.935,198.965,"p"
"PhonAlign",198.965,198.995,"l"
"PhonAlign",198.995,199.115,"i"
"PhonAlign",199.115,199.155,"k"
"PhonAlign",199.155,199.215,"e"
"PhonAlign",199.215,199.245,"v"
"PhonAlign",199.245,199.315,"O/"
"PhonAlign",199.315,199.345,"t"
"PhonAlign",199.345,199.535,"S"
"PhonAlign",199.535,199.595,"w"
"PhonAlign",199.595,199.915,"A/"
"PhonAlign",199.915,199.945,"d"
"PhonAlign",199.945,200.025,"O~"
"PhonAlign",200.025,200.155,"k"
"PhonAlign",200.155,200.185,"A/"
"PhonAlign",200.185,200.235,"k"
"PhonAlign",200.235,200.275,"2"
"PhonAlign",200.275,200.305,"j"
"PhonAlign",200.305,200.385,"i"
"PhonAlign",200.385,200.495,"R"
"PhonAlign",200.495,200.535,"U~/"
"PhonAlign",200.535,200.565,"g"
"PhonAlign",200.565,200.665,"R"
"PhonAlign",200.665,200.725,"a~"
"PhonAlign",200.725,200.775,"n"
"PhonAlign",200.775,200.805,"O~"
"PhonAlign",200.805,200.865,"b"
"PhonAlign",200.865,201.025,"R"
"PhonAlign",201.025,201.135,"t"
"PhonAlign",201.135,201.235,"p"
"PhonAlign",201.235,201.265,"E"
"PhonAlign",201.265,201.315,"R"
"PhonAlign",201.315,201.355,"s"
"PhonAlign",201.355,201.385,"O/"
"PhonAlign",201.385,201.495,"n"
"PhonAlign",201.495,201.664688,"z"
"PhonAlign",201.664688,205.27,"#"
"PhonAlign",205.27,205.33,"a~"
"PhonAlign",205.33,205.36,"p"
"PhonAlign",205.36,205.43,"l"
"PhonAlign",205.43,205.47,"y"
"PhonAlign",205.47,205.6,"s"
"PhonAlign",205.6,205.65,"e"
"PhonAlign",205.65,205.72,"O/"
"PhonAlign",205.72,205.76,"R"
"PhonAlign",205.76,205.88,"i"
"PhonAlign",205.88,205.93,"Z"
"PhonAlign",205.93,206.0,"i"
"PhonAlign",206.0,206.05,"n"
"PhonAlign",206.05,206.21,"A/"
"PhonAlign",206.21,206.24,"l"
"PhonAlign",206.24,206.27,"O~"
"PhonAlign",206.27,206.42,"A/"
"PhonAlign",206.42,206.45,"d"
"PhonAlign",206.45,206.609062,"i"
"PhonAlign",206.609062,208.975,"#"
"PhonAlign",208.975,209.165,"fp"
"PhonAlign",209.165,209.245,"O/"
"PhonAlign",209.245,209.345,"R"
"PhonAlign",209.345,209.405,"i"
"PhonAlign",209.405,209.495,"Z"
"PhonAlign",209.495,209.685,"i"
"PhonAlign",209.685,209.715,"n"
"PhonAlign",209.715,209.935,"A/"
"PhonAlign",209.935,210.045,"l"
"PhonAlign",210.045,210.125,"#"
"PhonAlign",210.125,210.165,"p"
"PhonAlign",210.165,210.195,"A/"
"PhonAlign",210.195,210.275,"R"
"PhonAlign",210.275,210.335,"k"
"PhonAlign",210.335,210.365,"O~"
"PhonAlign",210.365,210.405,"t"
"PhonAlign",210.405,210.445,"R"
"PhonAlign",210.445,210.485,"s"
"PhonAlign",210.485,210.535,"e"
"PhonAlign",210.535,210.565,"v"
"PhonAlign",210.565,210.605,"R"
"PhonAlign",210.605,210.645,"e"
"PhonAlign",210.645,210.695,"k"
"PhonAlign",210.695,210.795,"s"
"PhonAlign",210.795,210.835,"k"
"PhonAlign",210.835,210.865,"t"
"PhonAlign",210.865,210.895,"U~/"
"PhonAlign",210.895,210.925,"p"
"PhonAlign",210.925,210.985,"2"
"PhonAlign",210.985,211.105,"a~"
"PhonAlign",211.105,211.135,"b"
"PhonAlign",211.135,211.215,"E"
"PhonAlign",211.215,211.345,"t"
"PhonAlign",211.345,211.375,"a~"
"PhonAlign",211.375,211.445,"s"
"PhonAlign",211.445,211.515,"e"
"PhonAlign",211.515,211.595,"k"
"PhonAlign",211.595,211.625,"i"
"PhonAlign",211.625,211.655,"n"
"PhonAlign",211.655,211.685,"j"
"PhonAlign",211.685,211.715,"A/"
"PhonAlign",211.715,211.745,"p"
"PhonAlign",211.745,211.775,"A/"
"PhonAlign",211.775,211.805,"v"
"PhonAlign",211.805,211.835,"R"
"PhonAlign",211.835,211.865,"E"
"PhonAlign",211.865,211.905,"m"
"PhonAlign",211.905,211.985,"a~"
"PhonAlign",211.985,212.015,"d"
"PhonAlign",212.015,212.125,"U~/"
"PhonAlign",212.125,212.165,"t"
"PhonAlign",212.165,212.235,"E"
"PhonAlign",212.235,212.285,"R"
"PhonAlign",212.285,212.335,"A/"
"PhonAlign",212.335,212.365,"k"
"PhonAlign",212.365,212.515,"s"
"PhonAlign",212.515,212.545,"j"
"PhonAlign",212.545,212.645,"O~"
"PhonAlign",212.645,212.695,"m"
"PhonAlign",212.695,212.805,"e"
"PhonAlign",212.805,212.835,"b"
"PhonAlign",212.835,212.987812,"O/"
"PhonAlign",212.987812,213.955,"#"
"PhonAlign",213.955,214.025,"O/"
"PhonAlign",214.025,214.075,"p"
"PhonAlign",214.075,214.105,"i"
"PhonAlign",214.105,214.135,"R"
"PhonAlign",214.135,214.165,"@"
"PhonAlign",214.165,214.195,"O~"
"PhonAlign",214.195,214.225,"n"
"PhonAlign",214.225,214.265,"p"
"PhonAlign",214.265,214.295,"@"
"PhonAlign",214.295,214.325,"p"
"PhonAlign",214.325,214.355,"A/"
"PhonAlign",214.355,214.475,"t"
"PhonAlign",214.475,214.505,"u"
"PhonAlign",214.505,214.53500000000005,"A/"
"PhonAlign",214.53500000000005,214.56500000000003,"v"
"PhonAlign",214.56500000000003,214.595,"w"
"PhonAlign",214.595,214.675,"A/"
"PhonAlign",214.675,214.78500000000005,"R"
"PhonAlign",214.78500000000005,214.860938,"U~/"
"PhonAlign",214.860938,216.695,"#"
"PhonAlign",216.695,216.735,"O/"
"PhonAlign",216.735,216.765,"p"
"PhonAlign",216.765,217.005,"l"
"PhonAlign",217.005,217.165,"A/"
"PhonAlign",217.165,217.355,"#"
"PhonAlign",217.355,217.555,"l"
"PhonAlign",217.555,217.615,"O/"
"PhonAlign",217.615,217.895,"R"
"PhonAlign",217.895,217.925,"l"
"PhonAlign",217.925,217.96,"A/"
"PhonAlign",217.96,218.09,"#"
"PhonAlign",218.09,218.28,"S"
"PhonAlign",218.28,218.33,"w"
"PhonAlign",218.33,218.58,"A/"
"PhonAlign",218.58,218.61,"d"
"PhonAlign",218.61,218.68,"f"
"PhonAlign",218.68,218.74,"i"
"PhonAlign",218.74,218.77,"l"
"PhonAlign",218.77,218.85,"m"
"PhonAlign",218.85,218.92,"d"
"PhonAlign",218.92,219.06,"i"
"PhonAlign",219.06,219.09,"f"
"PhonAlign",219.09,219.2,"y"
"PhonAlign",219.2,219.24,"z"
"PhonAlign",219.24,219.395,"e"
"PhonAlign",219.395,219.485,"#"
"PhonAlign",219.485,219.715,"A/"
"PhonAlign",219.715,219.755,"l"
"PhonAlign",219.755,220.455,"R"
"PhonAlign",220.455,220.515,"l"
"PhonAlign",220.515,220.545,"A/"
"PhonAlign",220.545,220.685,"#"
"PhonAlign",220.685,220.735,"i"
"PhonAlign",220.735,220.795,"l"
"PhonAlign",220.795,220.835,"f"
"PhonAlign",220.835,220.915,"O/"
"PhonAlign",220.915,220.965,"d"
"PhonAlign",220.965,221.03500000000005,"R"
"PhonAlign",221.03500000000005,221.135,"E"
"PhonAlign",221.135,221.165,"k"
"PhonAlign",221.165,221.195,"O~"
"PhonAlign",221.195,221.335,"a~"
"PhonAlign",221.335,221.385,"t"
"PhonAlign",221.385,221.455,"R"
"PhonAlign",221.455,221.515,"u"
"PhonAlign",221.515,221.545,"v"
"PhonAlign",221.545,221.605,"d"
"PhonAlign",221.605,221.765,"i"
"PhonAlign",221.765,221.835,"s"
"PhonAlign",221.835,221.865,"m"
"PhonAlign",221.865,221.925,"e"
"PhonAlign",221.925,221.975,"b"
"PhonAlign",221.975,222.083438,"O~"
"PhonAlign",222.083438,222.825938,"#"
"PhonAlign",222.825938,222.955938,"O~"
"PhonAlign",222.955938,222.995938,"v"
"PhonAlign",222.995938,223.045938,"A/"
"PhonAlign",223.045938,223.075938,"v"
"PhonAlign",223.075938,223.105938,"w"
"PhonAlign",223.105938,223.175938,"A/"
"PhonAlign",223.175938,223.298438,"R"
"PhonAlign",223.298438,224.8,"#"
"PhonAlign",224.8,224.88,"w"
"PhonAlign",224.88,224.918438,"E"
"PhonAlign",224.918438,226.155,"#"
"PhonAlign",226.155,226.195,"m"
"PhonAlign",226.195,226.225,"w"
"PhonAlign",226.225,226.275,"A/"
"PhonAlign",226.275,226.325,"S"
"PhonAlign",226.325,226.385,"p"
"PhonAlign",226.385,226.465,"a~"
"PhonAlign",226.465,226.525,"s"
"PhonAlign",226.525,226.595,"k"
"PhonAlign",226.595,226.645,"@"
"PhonAlign",226.645,226.675,"s"
"PhonAlign",226.675,226.705,"s"
"PhonAlign",226.705,226.755,"R"
"PhonAlign",226.755,226.825,"E"
"PhonAlign",226.825,226.855,"b"
"PhonAlign",226.855,226.885,"j"
"PhonAlign",226.885,227.005,"U~/"
"PhonAlign",227.005,227.045,"k"
"PhonAlign",227.045,227.095,"O~"
"PhonAlign",227.095,227.165,"n"
"PhonAlign",227.165,227.235,"e"
"PhonAlign",227.235,227.305,"s"
"PhonAlign",227.305,227.395,"E"
"PhonAlign",227.395,227.435,"j"
"PhonAlign",227.435,227.465,"d"
"PhonAlign",227.465,227.565,"a~"
"PhonAlign",227.565,227.605,"t"
"PhonAlign",227.605,227.705,"R"
"PhonAlign",227.705,227.825,"u"
"PhonAlign",227.825,227.855,"v"
"PhonAlign",227.855,228.035,"e"
"PhonAlign",228.035,228.295,"R"
"PhonAlign",228.295,228.395,"s"
"PhonAlign",228.395,228.715,"U~/"
"PhonAlign",228.715,228.775,"k"
"PhonAlign",228.775,228.815,"O/"
"PhonAlign",228.815,228.875,"m"
"PhonAlign",228.875,229.015,"e"
"PhonAlign",229.015,229.055,"d"
"PhonAlign",229.055,229.185,"i"
"PhonAlign",229.185,229.285,"e"
"PhonAlign",229.285,229.425,"s"
"PhonAlign",229.425,229.585,"U~/"
"PhonAlign",229.585,229.675,"k"
"PhonAlign",229.675,230.245,"fp"
"PhonAlign",230.245,230.805,"#"
"PhonAlign",230.805,230.865,"a~"
"PhonAlign",230.865,230.895,"f"
"PhonAlign",230.895,230.975,"U~/"
"PhonAlign",230.975,231.027188,"O~"
"PhonAlign",231.027188,232.967813,"#"
"PhonAlign",232.967813,233.097813,"O~"
"PhonAlign",233.097813,233.157813,"n"
"PhonAlign",233.157813,233.187813,"k"
"PhonAlign",233.187813,233.217813,"O/"
"PhonAlign",233.217813,233.297813,"m"
"PhonAlign",233.297813,233.337813,"a~"
"PhonAlign",233.337813,233.387813,"s"
"PhonAlign",233.387813,233.437813,"p"
"PhonAlign",233.437813,233.477813,"A/"
"PhonAlign",233.477813,233.527813,"R"
"PhonAlign",233.527813,233.567813,"k"
"PhonAlign",233.567813,233.597813,"O/"
"PhonAlign",233.597813,233.657813,"m"
"PhonAlign",233.657813,233.757813,"e"
"PhonAlign",233.757813,233.797813,"d"
"PhonAlign",233.797813,233.965,"i"
"PhonAlign",233.965,234.14,"#"
"PhonAlign",234.14,234.18,"v"
"PhonAlign",234.18,234.22,"u"
"PhonAlign",234.22,234.25,"v"
"PhonAlign",234.25,234.29,"u"
"PhonAlign",234.29,234.36,"l"
"PhonAlign",234.36,234.469687,"e"
"PhonAlign",234.469687,243.11,"#"
"PhonAlign",243.11,243.17,"O~"
"PhonAlign",243.17,243.2,"m"
"PhonAlign",243.2,243.26,"e"
"PhonAlign",243.26,243.3,"l"
"PhonAlign",243.3,243.37,"A/"
"PhonAlign",243.37,243.42,"l"
"PhonAlign",243.42,243.5,"A/"
"PhonAlign",243.5,243.55,"l"
"PhonAlign",243.55,243.68,"a~"
"PhonAlign",243.68,243.71,"d"
"PhonAlign",243.71,244.05,"#"
"PhonAlign",244.05,244.1,"p"
"PhonAlign",244.1,244.16000000000005,"u"
"PhonAlign",244.16000000000005,244.19000000000003,"R"
"PhonAlign",244.19000000000003,244.22000000000003,"k"
"PhonAlign",244.22000000000003,244.27,"O/"
"PhonAlign",244.27,244.3,"m"
"PhonAlign",244.3,244.38,"a~"
"PhonAlign",244.38,244.46,"s"
"PhonAlign",244.46,244.58,"e"
"PhonAlign",244.58,244.662187,"R"
"PhonAlign",244.662187,245.383385,"laugh"
"PhonAlign",245.383385,247.755,"#"
"PhonAlign",247.755,247.795,"s"
"PhonAlign",247.795,247.825,"e"
"PhonAlign",247.825,247.875,"v"
"PhonAlign",247.875,248.045,"R"
"PhonAlign",248.045,248.121563,"E"
"PhonAlign",248.121563,259.240014,"#"
"PhonAlign",259.240014,259.867063,"laugh"
"PhonAlign",259.867063,278.075,"#"
"PhonAlign",278.075,278.235,"noise"
"PhonAlign",278.235,279.94,"#"
"PhonAlign",279.94,280.01,"u"
"PhonAlign",280.01,280.31,"i"
"PhonAlign",280.31,294.75,"#"
"PhonAlign",294.75,294.9,"A/"
"PhonAlign",294.9,294.93,"l"
"PhonAlign",294.93,294.96,"e"
"PhonAlign",294.96,294.99,"O~"
"PhonAlign",294.99,295.02,"p"
"PhonAlign",295.02,295.09,"A/"
"PhonAlign",295.09,295.15,"R"
"PhonAlign",295.15,295.2,"s"
"PhonAlign",295.2,295.23,"y"
"PhonAlign",295.23,295.31,"R"
"PhonAlign",295.31,295.34,"b"
"PhonAlign",295.34,295.37,"b"
"PhonAlign",295.37,295.47,"i"
"PhonAlign",295.47,295.54,"s"
"PhonAlign",295.54,295.63,"i"
"PhonAlign",295.63,295.69,"t"
"PhonAlign",295.69,295.72,"t"
"PhonAlign",295.72,295.84,"i"
"PhonAlign",295.84,295.9,"n"
"PhonAlign",295.9,296.03,"g"
"PhonAlign",296.03,296.21,"#"
"PhonAlign",296.21,296.282813,"laugh"
"PhonAlign",296.282813,299.53,"#"
"PhonAlign",299.53,299.57,"A/"
"PhonAlign",299.57,299.6,"p"
"PhonAlign",299.6,299.78,"R"
"PhonAlign",299.78,299.80999999999995,"E"
"PhonAlign",299.80999999999995,299.85,"O~"
"PhonAlign",299.85,299.88,"p"
"PhonAlign",299.88,299.92,"@"
"PhonAlign",299.92,299.95,"m"
"PhonAlign",299.95,300.04,"E"
"PhonAlign",300.04,300.07,"t"
"PhonAlign",300.07,300.11999999999995,"R"
"PhonAlign",300.11999999999995,300.17,"O/"
"PhonAlign",300.17,300.28,"s"
"PhonAlign",300.28,300.33,"i"
"PhonAlign",300.33,300.36999999999995,"d"
"PhonAlign",300.36999999999995,300.41,"e"
"PhonAlign",300.41,300.44,"v"
"PhonAlign",300.44,300.55999999999995,"j"
"PhonAlign",300.55999999999995,300.59,"@"
"PhonAlign",300.59,300.61999999999995,"f"
"PhonAlign",300.61999999999995,300.79999999999995,"i"
"PhonAlign",300.79999999999995,300.85,"l"
"PhonAlign",300.85,300.88,"m"
"PhonAlign",300.88,300.97,"a~"
"PhonAlign",300.97,301.01,"k"
"PhonAlign",301.01,301.05999999999995,"O/"
"PhonAlign",301.05999999999995,301.11,"m"
"PhonAlign",301.11,301.15,"e"
"PhonAlign",301.15,301.17999999999995,"d"
"PhonAlign",301.17999999999995,301.29,"i"
"PhonAlign",301.29,301.48,"U~/"
"PhonAlign",301.48,301.53,"O/"
"PhonAlign",301.53,301.55999999999995,"m"
"PhonAlign",301.55999999999995,301.69,"w"
"PhonAlign",301.69,301.79999999999995,"U~/"
"PhonAlign",301.79999999999995,301.9,"s"
"PhonAlign",301.9,302.17,"A/"
"PhonAlign",302.17,302.2,"t"
"PhonAlign",302.2,302.23,"u"
"PhonAlign",302.23,302.36,"S"
"PhonAlign",302.36,302.39,"p"
"PhonAlign",302.39,302.42,"l"
"PhonAlign",302.42,302.5,"y"
"PhonAlign",302.5,302.54999999999995,"d"
"PhonAlign",302.54999999999995,302.61,"@"
"PhonAlign",302.61,302.64,"p"
"PhonAlign",302.64,302.72,"E"
"PhonAlign",302.72,302.78,"R"
"PhonAlign",302.78,302.86,"s"
"PhonAlign",302.86,302.97,"O/"
"PhonAlign",302.97,303.03,"n"
"PhonAlign",303.03,303.184688,"U~/"
"PhonAlign",303.184688,304.55,"#"
"PhonAlign",304.55,304.59000000000003,"m"
"PhonAlign",304.59000000000003,304.66,"E"
"PhonAlign",304.66,304.69,"m"
"PhonAlign",304.69,304.81,"l"
"PhonAlign",304.81,304.93,"e"
"PhonAlign",304.93,304.96000000000004,"b"
"PhonAlign",304.96000000000004,305.12,"R"
"PhonAlign",305.12,305.15000000000003,"O~"
"PhonAlign",305.15000000000003,305.18,"z"
"PhonAlign",305.18,305.22,"e"
"PhonAlign",305.22,305.25,"t"
"PhonAlign",305.25,305.29,"u"
"PhonAlign",305.29,305.40000000000003,"s"
"PhonAlign",305.40000000000003,305.47,"A/"
"PhonAlign",305.47,305.57,"O~"
"PhonAlign",305.57,305.65000000000003,"p"
"PhonAlign",305.65000000000003,305.68,"@"
"PhonAlign",305.68,306.019688,"U~/"
"PhonAlign",306.019688,307.195,"#"
"PhonAlign",307.195,307.386563,"noise"
"PhonAlign",307.386563,309.005,"#"
"PhonAlign",309.005,309.045,"p"
"PhonAlign",309.045,309.075,"2"
"PhonAlign",309.075,309.105,"t"
"PhonAlign",309.105,309.135,"E"
"PhonAlign",309.135,309.195,"t"
"PhonAlign",309.195,309.245,"R"
"PhonAlign",309.245,309.275,"p"
"PhonAlign",309.275,309.305,"A/"
"PhonAlign",309.305,309.395,"t"
"PhonAlign",309.395,309.495,"u"
"PhonAlign",309.495,309.665,"z"
"PhonAlign",309.665,309.705,"m"
"PhonAlign",309.705,309.745,"O~"
"PhonAlign",309.745,309.775,"p"
"PhonAlign",309.775,309.865,"@"
"PhonAlign",309.865,309.895,"m"
"PhonAlign",309.895,309.985,"E"
"PhonAlign",309.985,310.015,"t"
"PhonAlign",310.015,310.205,"R"
"PhonAlign",310.205,310.265,"U~/"
"PhonAlign",310.265,310.305,"d"
"PhonAlign",310.305,310.345,"a~"
"PhonAlign",310.345,310.395,"t"
"PhonAlign",310.395,310.495,"u"
"PhonAlign",310.495,310.605,"l"
"PhonAlign",310.605,310.725,"e"
"PhonAlign",310.725,310.785,"k"
"PhonAlign",310.785,310.885,"A/"
"PhonAlign",310.885,310.96,"z"
"PhonAlign",310.96,311.235,"#"
"PhonAlign",311.235,311.355,"d"
"PhonAlign",311.355,311.45500000000004,"i"
"PhonAlign",311.45500000000004,311.605,"s"
"PhonAlign",311.605,311.65500000000003,"u"
"PhonAlign",311.65500000000003,311.790938,"i"
"PhonAlign",311.790938,321.17172,"#"
"PhonAlign",321.17172,321.311805,"noise"
"PhonAlign",321.311805,332.44,"#"
"PhonAlign",332.44,332.5,"O~"
"PhonAlign",332.5,332.53,"p"
"PhonAlign",332.53,332.56,"@"
"PhonAlign",332.56,332.59,"p"
"PhonAlign",332.59,332.64,"A/"
"PhonAlign",332.64,332.71,"R"
"PhonAlign",332.71,332.74,"t"
"PhonAlign",332.74,332.77,"i"
"PhonAlign",332.77,332.8,"R"
"PhonAlign",332.8,332.89,"s"
"PhonAlign",332.89,332.92,"y"
"PhonAlign",332.92,332.96,"R"
"PhonAlign",332.96,333.03,"l"
"PhonAlign",333.03,333.08,"@"
"PhonAlign",333.08,333.11,"b"
"PhonAlign",333.11,333.14,"R"
"PhonAlign",333.14,333.24,"O~"
"PhonAlign",333.24,333.28,"z"
"PhonAlign",333.28,333.37,"e"
"PhonAlign",333.37,333.4,"f"
"PhonAlign",333.4,333.46,"O~"
"PhonAlign",333.46,333.51,"d"
"PhonAlign",333.51,333.57,"y"
"PhonAlign",333.57,333.7,"s"
"PhonAlign",333.7,333.74,"k"
"PhonAlign",333.74,333.829688,"i"
"PhonAlign",333.829688,335.845,"#"
"PhonAlign",335.845,335.88500000000005,"s"
"PhonAlign",335.88500000000005,335.935,"v"
"PhonAlign",335.935,335.985,"u"
"PhonAlign",335.985,336.045,"z"
"PhonAlign",336.045,336.07500000000005,"v"
"PhonAlign",336.07500000000005,336.310313,"A/"
"PhonAlign",336.310313,337.505,"#"
"PhonAlign",337.505,337.665,"O/"
"PhonAlign",337.665,337.705,"p"
"PhonAlign",337.705,337.765,"l"
"PhonAlign",337.765,337.829063,"A/"
"PhonAlign",337.829063,341.42,"#"
"PhonAlign",341.42,341.58000000000004,"fp"
"PhonAlign",341.58000000000004,341.61,"a~"
"PhonAlign",341.61,341.64000000000004,"t"
"PhonAlign",341.64000000000004,341.94,"R"
"PhonAlign",341.94,341.97,"w"
"PhonAlign",341.97,342.05,"A/"
"PhonAlign",342.05,342.1,"z"
"PhonAlign",342.1,342.13,"j"
"PhonAlign",342.13,342.18,"E"
"PhonAlign",342.18,342.24,"m"
"PhonAlign",342.24,342.27000000000004,"f"
"PhonAlign",342.27000000000004,342.63,"i"
"PhonAlign",342.63,342.66,"l"
"PhonAlign",342.66,342.74,"m"
"PhonAlign",342.74,342.908438,"@"
"PhonAlign",342.908438,346.535,"#"
"PhonAlign",346.535,346.815,"A/"
"PhonAlign",346.815,346.855,"u"
"PhonAlign",346.855,347.015,"i"
"PhonAlign",347.015,349.27,"#"
"PhonAlign",349.27,349.34,"b"
"PhonAlign",349.34,349.4,"O/"
"PhonAlign",349.4,349.51,"n"
"PhonAlign",349.51,349.54,"i"
"PhonAlign",349.54,349.65,"d"
"PhonAlign",349.65,349.692188,"e"
"PhonAlign",349.692188,356.98,"#"
"PhonAlign",356.98,357.02000000000004,"v"
"PhonAlign",357.02000000000004,357.07,"u"
"PhonAlign",357.07,357.17,"A/"
"PhonAlign",357.17,357.20000000000005,"v"
"PhonAlign",357.20000000000005,357.23,"e"
"PhonAlign",357.23,357.26,"y"
"PhonAlign",357.26,357.35,"n"
"PhonAlign",357.35,357.40000000000003,"@"
"PhonAlign",357.40000000000003,357.43,"O/"
"PhonAlign",357.43,357.61,"t"
"PhonAlign",357.61,357.74,"R"
"PhonAlign",357.74,357.94,"@"
"PhonAlign",357.94,357.97,"i"
"PhonAlign",357.97,358.0,"d"
"PhonAlign",358.0,358.062188,"e"
"PhonAlign",358.062188,362.145,"#"
"PhonAlign",362.145,362.185,"l"
"PhonAlign",362.185,362.245,"A/"
"PhonAlign",362.245,362.305,"Z"
"PhonAlign",362.305,362.355,"a~"
"PhonAlign",362.355,362.485,"e"
"PhonAlign",362.485,362.575,"t"
"PhonAlign",362.575,362.635,"R"
"PhonAlign",362.635,362.685,"w"
"PhonAlign",362.685,362.715,"A/"
"PhonAlign",362.715,362.745,"p"
"PhonAlign",362.745,362.955,"R"
"PhonAlign",362.955,363.075,"s"
"PhonAlign",363.075,363.105,"k"
"PhonAlign",363.105,363.145,"d"
"PhonAlign",363.145,363.225,"y"
"PhonAlign",363.225,363.265,"k"
"PhonAlign",363.265,363.295,"u"
"PhonAlign",363.295,363.325,"b"
"PhonAlign",363.325,363.375,"b"
"PhonAlign",363.375,363.535,"i"
"PhonAlign",363.535,363.595,"s"
"PhonAlign",363.595,363.695,"i"
"PhonAlign",363.695,363.725,"t"
"PhonAlign",363.725,363.765,"t"
"PhonAlign",363.765,363.795,"i"
"PhonAlign",363.795,363.825,"n"
"PhonAlign",363.825,363.855,"g"
"PhonAlign",363.855,363.905,"Z"
"PhonAlign",363.905,363.975,"a~"
"PhonAlign",363.975,364.055,"e"
"PhonAlign",364.055,364.135,"m"
"PhonAlign",364.135,364.205,"i"
"PhonAlign",364.205,364.235,"fp"
"PhonAlign",364.235,364.275,"Z"
"PhonAlign",364.275,364.305,"E"
"PhonAlign",364.305,364.335,"p"
"PhonAlign",364.335,364.575,"A/"
"PhonAlign",364.575,364.735,"z"
"PhonAlign",364.735,364.815,"m"
"PhonAlign",364.815,364.945,"i"
"PhonAlign",364.945,364.985,"l"
"PhonAlign",364.985,365.025,"e"
"PhonAlign",365.025,365.065,"d"
"PhonAlign",365.065,365.275,"2"
"PhonAlign",365.275,365.315,"a~"
"PhonAlign",365.315,365.475,"f"
"PhonAlign",365.475,365.655,"U~/"
"PhonAlign",365.655,367.260885,"#"
"PhonAlign",367.260885,367.647787,"noise"
"PhonAlign",367.647787,396.025,"#"
"PhonAlign",396.025,396.095,"A/"
"PhonAlign",396.095,396.125,"p"
"PhonAlign",396.125,396.195,"R"
"PhonAlign",396.195,396.225,"E"
"PhonAlign",396.225,396.255,"O~"
"PhonAlign",396.255,396.325,"p"
"PhonAlign",396.325,396.395,"@"
"PhonAlign",396.395,396.445,"m"
"PhonAlign",396.445,396.515,"E"
"PhonAlign",396.515,396.545,"t"
"PhonAlign",396.545,396.725,"R"
"PhonAlign",396.725,396.765,"p"
"PhonAlign",396.765,396.815,"A/"
"PhonAlign",396.815,396.975,"R"
"PhonAlign",396.975,397.005,"E"
"PhonAlign",397.005,397.115,"g"
"PhonAlign",397.115,397.245,"s"
"PhonAlign",397.245,397.275,"a~"
"PhonAlign",397.275,397.305,"p"
"PhonAlign",397.305,397.335,"l"
"PhonAlign",397.335,397.365,"k"
"PhonAlign",397.365,397.395,"s"
"PhonAlign",397.395,397.425,"k"
"PhonAlign",397.425,397.455,"O~"
"PhonAlign",397.455,397.485,"A/"
"PhonAlign",397.485,397.525,"f"
"PhonAlign",397.525,397.555,"e"
"PhonAlign",397.555,397.675,"O/"
"PhonAlign",397.675,397.725,"b"
"PhonAlign",397.725,397.755,"O/"
"PhonAlign",397.755,397.905,"n"
"PhonAlign",397.905,397.935,"d"
"PhonAlign",397.935,397.995,"j"
"PhonAlign",397.995,398.135,"@"
"PhonAlign",398.135,398.175,"l"
"PhonAlign",398.175,398.245,"e"
"PhonAlign",398.245,398.315,"S"
"PhonAlign",398.315,398.345,"O/"
"PhonAlign",398.345,398.385,"z"
"PhonAlign",398.385,398.435,"U~/"
"PhonAlign",398.435,398.465,"p"
"PhonAlign",398.465,398.505,"@"
"PhonAlign",398.505,398.585,"t"
"PhonAlign",398.585,398.685,"i"
"PhonAlign",398.685,398.735,"p"
"PhonAlign",398.735,399.095,"2"
"PhonAlign",399.095,399.175,"p"
"PhonAlign",399.175,399.255,"A/"
"PhonAlign",399.255,399.335,"t"
"PhonAlign",399.335,399.375,"R"
"PhonAlign",399.375,399.525,"O/"
"PhonAlign",399.525,399.555,"v"
"PhonAlign",399.555,399.685,"j"
"PhonAlign",399.685,399.865,"E"
"PhonAlign",399.865,399.935,"j"
"PhonAlign",399.935,399.965,"m"
"PhonAlign",399.965,399.995,"k"
"PhonAlign",399.995,400.355,"i"
"PhonAlign",400.355,400.455,"f"
"PhonAlign",400.455,400.535,"O~"
"PhonAlign",400.535,400.595,"k"
"PhonAlign",400.595,400.625,"a~"
"PhonAlign",400.625,400.655,"m"
"PhonAlign",400.655,400.685,"E"
"PhonAlign",400.685,400.805,"m"
"PhonAlign",400.805,400.875,"@"
"PhonAlign",400.875,400.985,"p"
"PhonAlign",400.985,401.045,"A/"
"PhonAlign",401.045,401.135,"s"
"PhonAlign",401.135,401.165,"e"
"PhonAlign",401.165,401.195,"R"
"PhonAlign",401.195,401.235,"U~/"
"PhonAlign",401.235,401.265,"p"
"PhonAlign",401.265,401.325,"2"
"PhonAlign",401.325,401.415,"t"
"PhonAlign",401.415,401.475,"t"
"PhonAlign",401.475,401.635,"a~"
"PhonAlign",401.635,401.715,"z"
"PhonAlign",401.715,401.965,"#"
"PhonAlign",401.965,402.005,"d"
"PhonAlign",402.005,402.055,"a~"
"PhonAlign",402.055,402.095,"t"
"PhonAlign",402.095,402.135,"u"
"PhonAlign",402.135,402.165,"l"
"PhonAlign",402.165,402.215,"e"
"PhonAlign",402.215,402.255,"k"
"PhonAlign",402.255,402.335,"A/"
"PhonAlign",402.335,402.385,"O~"
"PhonAlign",402.385,402.415,"p"
"PhonAlign",402.415,402.465,"@"
"PhonAlign",402.465,402.495,"p"
"PhonAlign",402.495,402.585,"A/"
"PhonAlign",402.585,402.615,"m"
"PhonAlign",402.615,402.655,"E"
"PhonAlign",402.655,402.685,"t"
"PhonAlign",402.685,402.765,"R"
"PhonAlign",402.765,402.815,"U~/"
"PhonAlign",402.815,402.855,"f"
"PhonAlign",402.855,402.885,"i"
"PhonAlign",402.885,402.915,"l"
"PhonAlign",402.915,402.945,"m"
"PhonAlign",402.945,402.975,"t"
"PhonAlign",402.975,403.005,"R"
"PhonAlign",403.005,403.075,"O/"
"PhonAlign",403.075,403.125,"R"
"PhonAlign",403.125,403.185,"E"
"PhonAlign",403.185,403.285,"s"
"PhonAlign",403.285,403.505,"a~"
"PhonAlign",403.505,403.540313,"t"
"PhonAlign",403.540313,410.225,"#"
"PhonAlign",410.225,410.265,"O~"
"PhonAlign",410.265,410.3250000000001,"n"
"PhonAlign",410.3250000000001,410.355,"p"
"PhonAlign",410.355,410.3850000000001,"A/"
"PhonAlign",410.3850000000001,410.795,"R"
"PhonAlign",410.795,410.835,"s"
"PhonAlign",410.835,410.9450000000001,"y"
"PhonAlign",410.9450000000001,410.975,"R"
"PhonAlign",410.975,411.015938,"fp"
"PhonAlign",411.015938,415.48,"#"
"PhonAlign",415.48,415.56,"O~"
"PhonAlign",415.56,415.59,"p"
"PhonAlign",415.59,415.64,"A/"
"PhonAlign",415.64,415.68,"R"
"PhonAlign",415.68,415.8,"s"
"PhonAlign",415.8,415.83,"y"
"PhonAlign",415.83,415.86,"R"
"PhonAlign",415.86,415.93,"k"
"PhonAlign",415.93,416.02,"s"
"PhonAlign",416.02,416.1,"k"
"PhonAlign",416.1,416.13,"O~"
"PhonAlign",416.13,416.16,"A/"
"PhonAlign",416.16,416.19,"f"
"PhonAlign",416.19,416.22,"E"
"PhonAlign",416.22,416.33,"O/"
"PhonAlign",416.33,416.36,"b"
"PhonAlign",416.36,416.39,"O~"
"PhonAlign",416.39,416.42,"d"
"PhonAlign",416.42,416.53,"j"
"PhonAlign",416.53,416.635313,"@"
"PhonAlign",416.635313,421.04,"#"
"PhonAlign",421.04,421.08,"s"
"PhonAlign",421.08,421.16,"y"
"PhonAlign",421.16,421.2000000000001,"p"
"PhonAlign",421.2000000000001,421.37,"E"
"PhonAlign",421.37,421.4500000000001,"R"
"PhonAlign",421.4500000000001,421.49,"d"
"PhonAlign",421.49,421.52,"y"
"PhonAlign",421.52,421.6,"k"
"PhonAlign",421.6,421.67,"u"
"PhonAlign",421.67,421.72,"m"
"PhonAlign",421.72,421.81,"U~/"
"PhonAlign",421.81,421.87,"n"
"PhonAlign",421.87,422.02,"a~"
"PhonAlign",422.02,422.08,"O~"
"PhonAlign",422.08,422.11,"v"
"PhonAlign",422.11,422.25,"A/"
"PhonAlign",422.25,422.28,"p"
"PhonAlign",422.28,422.38,"A/"
"PhonAlign",422.38,422.53,"s"
"PhonAlign",422.53,422.65,"e"
"PhonAlign",422.65,422.71,"R"
"PhonAlign",422.71,422.93,"O/"
"PhonAlign",422.93,423.1,"s"
"PhonAlign",423.1,423.28,"U~/"
"PhonAlign",423.28,423.4,"k"
"PhonAlign",423.4,423.52,"p"
"PhonAlign",423.52,423.65,"u"
"PhonAlign",423.65,423.73,"R"
"PhonAlign",423.73,423.79,"l"
"PhonAlign",423.79,424.02,"e"
"PhonAlign",424.02,424.13,"s"
"PhonAlign",424.13,424.16,"y"
"PhonAlign",424.16,424.2000000000001,"p"
"PhonAlign",424.2000000000001,424.39,"E"
"PhonAlign",424.39,424.43,"R"
"PhonAlign",424.43,424.46,"e"
"PhonAlign",424.46,424.54,"R"
"PhonAlign",424.54,424.634063,"O/"
"PhonAlign",424.634063,428.02,"#"
"PhonAlign",428.02,428.65,"fp"
"PhonAlign",428.65,429.008518,"#"
"PhonAlign",429.008518,429.241993,"noise"
"PhonAlign",429.241993,431.015,"#"
"PhonAlign",431.015,431.215,"@"
"PhonAlign",431.215,431.282812,"m"
"PhonAlign",431.282812,472.655,"#"
"PhonAlign",472.655,472.755,"u"
"PhonAlign",472.755,472.875,"i"
"PhonAlign",472.875,479.72,"#"
"PhonAlign",479.72,479.86,"O~"
"PhonAlign",479.86,479.96,"n"
"PhonAlign",479.96,479.99,"p"
"PhonAlign",479.99,480.1,"@"
"PhonAlign",480.1,480.287812,"U~/"
"PhonAlign",480.287812,481.11,"#"
"PhonAlign",481.11,481.15,"k"
"PhonAlign",481.15,481.18,"O/"
"PhonAlign",481.18,481.21,"m"
"PhonAlign",481.21,481.26,"v"
"PhonAlign",481.26,481.3,"u"
"PhonAlign",481.3,481.33,"v"
"PhonAlign",481.33,481.36,"u"
"PhonAlign",481.36,481.55,"l"
"PhonAlign",481.55,481.587188,"e"
"PhonAlign",481.587188,483.44,"#"
"PhonAlign",483.44,483.48,"s"
"PhonAlign",483.48,483.52,"A/"
"PhonAlign",483.52,483.55,"v"
"PhonAlign",483.55,483.58,"u"
"PhonAlign",483.58,483.61,"d"
"PhonAlign",483.61,483.9,"i"
"PhonAlign",483.9,484.05,"fp"
"PhonAlign",484.05,484.15,"s"
"PhonAlign",484.15,484.18,"y"
"PhonAlign",484.18,484.21,"i"
"PhonAlign",484.21,484.26,"s"
"PhonAlign",484.26,484.37,"i"
"PhonAlign",484.37,484.4,"d"
"PhonAlign",484.4,484.44,"s"
"PhonAlign",484.44,484.48,"k"
"PhonAlign",484.48,484.59,"A/"
"PhonAlign",484.59,484.72,"u"
"PhonAlign",484.72,484.77,"p"
"PhonAlign",484.77,484.99,"A/"
"PhonAlign",484.99,485.07,"u"
"PhonAlign",485.07,485.23,"O~"
"PhonAlign",485.23,485.37,"n"
"PhonAlign",485.37,485.51,"l"
"PhonAlign",485.51,485.7,"@"
"PhonAlign",485.7,485.81,"p"
"PhonAlign",485.81,486.19,"R"
"PhonAlign",486.19,486.22,"a~"
"PhonAlign",486.22,486.34,"t"
"PhonAlign",486.34,486.39,"p"
"PhonAlign",486.39,486.514687,"A/"
"PhonAlign",486.514687,502.512187,"#"
"PhonAlign",502.512187,502.552187,"A/"
"PhonAlign",502.552187,502.582187,"p"
"PhonAlign",502.582187,502.632187,"R"
"PhonAlign",502.632187,502.662187,"E"
"PhonAlign",502.662187,502.742187,"O~"
"PhonAlign",502.742187,502.772187,"p"
"PhonAlign",502.772187,502.812187,"@"
"PhonAlign",502.812187,502.842187,"p"
"PhonAlign",502.842187,502.932187,"A/"
"PhonAlign",502.932187,503.012187,"R"
"PhonAlign",503.012187,503.042187,"t"
"PhonAlign",503.042187,503.072187,"i"
"PhonAlign",503.072187,503.102187,"R"
"PhonAlign",503.102187,503.242187,"s"
"PhonAlign",503.242187,503.272187,"y"
"PhonAlign",503.272187,503.302187,"R"
"PhonAlign",503.302187,503.342187,"k"
"PhonAlign",503.342187,503.412187,"A/"
"PhonAlign",503.412187,503.442187,"p"
"PhonAlign",503.442187,503.482187,"t"
"PhonAlign",503.482187,503.522187,"E"
"PhonAlign",503.522187,503.552187,"n"
"PhonAlign",503.552187,503.622187,"A/"
"PhonAlign",503.622187,503.662187,"m"
"PhonAlign",503.662187,503.692187,"e"
"PhonAlign",503.692187,503.782187,"R"
"PhonAlign",503.782187,503.882187,"i"
"PhonAlign",503.882187,503.922187,"k"
"PhonAlign",503.922187,504.082187,"A/"
"PhonAlign",504.082187,504.112187,"O/"
"PhonAlign",504.112187,504.262187,"s"
"PhonAlign",504.262187,504.392187,"i"
"PhonAlign",504.392187,504.422187,"i"
"PhonAlign",504.422187,504.562187,"e"
"PhonAlign",504.562187,504.632187,"t"
"PhonAlign",504.632187,504.672187,"R"
"PhonAlign",504.672187,504.752187,"e"
"PhonAlign",504.752187,504.812187,"k"
"PhonAlign",504.812187,504.852187,"O/"
"PhonAlign",504.852187,504.962187,"n"
"PhonAlign",504.962187,505.12,"y"
"PhonAlign",505.12,505.946396,"#"
"PhonAlign",505.946396,505.986396,"s"
"PhonAlign",505.986396,506.146396,"A/"
"PhonAlign",506.146396,506.176396,"f"
"PhonAlign",506.176396,506.246396,"R"
"PhonAlign",506.246396,506.276396,"A/"
"PhonAlign",506.276396,506.306396,"y"
"PhonAlign",506.306396,506.336396,"n"
"PhonAlign",506.336396,506.366396,"t"
"PhonAlign",506.366396,506.436396,"E"
"PhonAlign",506.436396,506.466396,"t"
"PhonAlign",506.466396,506.496396,"d"
"PhonAlign",506.496396,506.526396,"A/"
"PhonAlign",506.526396,506.586396,"f"
"PhonAlign",506.586396,506.626396,"i"
"PhonAlign",506.626396,506.83,"S"
"PhonAlign",506.83,513.05,"#"
"PhonAlign",513.05,513.0899999999999,"m"
"PhonAlign",513.0899999999999,513.3399999999999,"U~/"
"PhonAlign",513.3399999999999,513.37,"n"
"PhonAlign",513.37,513.4,"a~"
"PhonAlign",513.4,513.43,"O~"
"PhonAlign",513.43,513.51,"n"
"PhonAlign",513.51,513.56,"A/"
"PhonAlign",513.56,513.68,"R"
"PhonAlign",513.68,513.8299999999999,"i"
"PhonAlign",513.8299999999999,513.8599999999999,"v"
"PhonAlign",513.8599999999999,514.51,"O/"
"PhonAlign",514.51,514.77,"#"
"PhonAlign",514.77,514.85,"O/"
"PhonAlign",514.85,514.88,"d"
"PhonAlign",514.88,514.9399999999999,"E"
"PhonAlign",514.9399999999999,515.04,"R"
"PhonAlign",515.04,515.13,"n"
"PhonAlign",515.13,515.21,"j"
"PhonAlign",515.21,515.286563,"e"
"PhonAlign",515.286563,516.215,"#"
"PhonAlign",516.215,516.2950000000001,"*"
"PhonAlign",516.2950000000001,516.345,"*"
"PhonAlign",516.345,516.385,"*"
"PhonAlign",516.385,516.4350000000001,"*"
"PhonAlign",516.4350000000001,516.525,"*"
"PhonAlign",516.525,516.5550000000001,"*"
"PhonAlign",516.5550000000001,516.585,"t"
"PhonAlign",516.585,516.615,"A/"
"PhonAlign",516.615,516.6550000000001,"t"
"PhonAlign",516.6550000000001,516.755,"j"
"PhonAlign",516.755,516.845,"A/"
"PhonAlign",516.845,517.115,"E"
"PhonAlign",517.115,517.205,"s"
"PhonAlign",517.205,517.265,"y"
"PhonAlign",517.265,517.365,"n"
"PhonAlign",517.365,517.4150000000001,"i"
"PhonAlign",517.4150000000001,517.565,"d"
"PhonAlign",517.565,517.665938,"e"
"PhonAlign",517.665938,519.302813,"#"
"PhonAlign",519.302813,519.623438,"noise"
"PhonAlign",519.623438,553.815,"#"
"PhonAlign",553.815,553.9250000000001,"k"
"PhonAlign",553.9250000000001,553.985,"d"
"PhonAlign",553.985,554.0350000000001,"y"
"PhonAlign",554.0350000000001,554.065,"k"
"PhonAlign",554.065,554.1750000000001,"u"
"PhonAlign",554.1750000000001,554.235,"d"
"PhonAlign",554.235,554.315,"E"
"PhonAlign",554.315,554.375,"z"
"PhonAlign",554.375,554.4050000000001,"O/"
"PhonAlign",554.4050000000001,554.455,"l"
"PhonAlign",554.455,554.5350000000001,"e"
"PhonAlign",554.5350000000001,554.6450000000001,"Z"
"PhonAlign",554.6450000000001,554.6750000000001,"e"
"PhonAlign",554.6750000000001,554.7650000000001,"s"
"PhonAlign",554.7650000000001,555.0150000000001,"A/"
"PhonAlign",555.0150000000001,555.105,"A/"
"PhonAlign",555.105,555.1650000000001,"b"
"PhonAlign",555.1650000000001,555.225,"y"
"PhonAlign",555.225,555.3050000000001,"g"
"PhonAlign",555.3050000000001,555.432188,"e"
"PhonAlign",555.432188,559.35,"#"
"PhonAlign",559.35,559.39,"s"
"PhonAlign",559.39,559.4300000000001,"s"
"PhonAlign",559.4300000000001,559.47,"e"
"PhonAlign",559.47,559.5,"e"
"PhonAlign",559.5,559.53,"k"
"PhonAlign",559.53,559.5600000000001,"R"
"PhonAlign",559.5600000000001,559.59,"i"
"PhonAlign",559.59,559.64,"k"
"PhonAlign",559.64,559.6800000000001,"O/"
"PhonAlign",559.6800000000001,559.76,"m"
"PhonAlign",559.76,559.89,"a~"
"PhonAlign",559.89,559.95,"t"
"PhonAlign",559.95,559.98,"Z"
"PhonAlign",559.98,560.01,"e"
"PhonAlign",560.01,560.07,"p"
"PhonAlign",560.07,560.1,"A/"
"PhonAlign",560.1,560.13,"d"
"PhonAlign",560.13,560.22,"y"
"PhonAlign",560.22,560.28,"t"
"PhonAlign",560.28,560.3100000000001,"u"
"PhonAlign",560.3100000000001,560.5,"l"
"PhonAlign",560.5,560.63,"A/"
"PhonAlign",560.63,560.66,"R"
"PhonAlign",560.66,560.7,"E"
"PhonAlign",560.7,560.73,"f"
"PhonAlign",560.73,560.7900000000001,"E"
"PhonAlign",560.7900000000001,560.85,"R"
"PhonAlign",560.85,560.95,"a~"
"PhonAlign",560.95,561.17,"s"
"PhonAlign",561.17,566.195,"#"
"PhonAlign",566.195,566.2750000000001,"O/"
"PhonAlign",566.2750000000001,566.375,"k"
"PhonAlign",566.375,566.5,"e"
"PhonAlign",566.5,566.975,"#"
"PhonAlign",566.975,567.015,"s"
"PhonAlign",567.015,567.0450000000001,"e"
"PhonAlign",567.0450000000001,567.135,"s"
"PhonAlign",567.135,567.1650000000001,"y"
"PhonAlign",567.1650000000001,567.265,"R"
"PhonAlign",567.265,567.3050000000001,"k"
"PhonAlign",567.3050000000001,567.365,"w"
"PhonAlign",567.365,567.514688,"A/"
"PhonAlign",567.514688,569.99,"#"
"PhonAlign",569.99,570.03,"s"
"PhonAlign",570.03,570.11,"e"
"PhonAlign",570.11,570.14,"k"
"PhonAlign",570.14,570.17,"w"
"PhonAlign",570.17,570.25,"A/"
"PhonAlign",570.25,570.28,"l"
"PhonAlign",570.28,570.33,"i"
"PhonAlign",570.33,570.39,"s"
"PhonAlign",570.39,570.44,"t"
"PhonAlign",570.44,570.47,"w"
"PhonAlign",570.47,570.53,"A/"
"PhonAlign",570.53,570.5600000000001,"R"
"PhonAlign",570.5600000000001,570.59,"d"
"PhonAlign",570.59,570.65,"@"
"PhonAlign",570.65,570.84,"a~"
"PhonAlign",570.84,571.07,"k"
"PhonAlign",571.07,571.15,"O/"
"PhonAlign",571.15,571.3100000000001,"s"
"PhonAlign",571.3100000000001,571.345313,"k"
"PhonAlign",571.345313,589.17,"#"
"PhonAlign",589.17,589.25,"O/"
"PhonAlign",589.25,589.3299999999999,"k"
"PhonAlign",589.3299999999999,589.595,"e"
"PhonAlign",589.595,589.755,"#"
"PhonAlign",589.755,589.8149999999999,"S"
"PhonAlign",589.8149999999999,589.915,"k"
"PhonAlign",589.915,589.945,"O/"
"PhonAlign",589.945,589.975,"n"
"PhonAlign",589.975,590.015,"E"
"PhonAlign",590.015,590.045,"s"
"PhonAlign",590.045,590.075,"E"
"PhonAlign",590.075,590.105,"p"
"PhonAlign",590.105,590.135,"A/"
"PhonAlign",590.135,590.205,"d"
"PhonAlign",590.205,590.235,"t"
"PhonAlign",590.235,590.346563,"u"
"PhonAlign",590.346563,591.18,"#"
"PhonAlign",591.18,591.2199999999999,"s"
"PhonAlign",591.2199999999999,591.28,"m"
"PhonAlign",591.28,591.31,"O/"
"PhonAlign",591.31,591.3399999999999,"R"
"PhonAlign",591.3399999999999,591.4,"A/"
"PhonAlign",591.4,591.4899999999999,"s"
"PhonAlign",591.4899999999999,591.54,"E"
"PhonAlign",591.54,591.5699999999999,"R"
"PhonAlign",591.5699999999999,591.5999999999999,"v"
"PhonAlign",591.5999999999999,591.63,"i"
"PhonAlign",591.63,591.66,"A/"
"PhonAlign",591.66,591.7199999999999,"k"
"PhonAlign",591.7199999999999,591.79,"k"
"PhonAlign",591.79,591.8499999999999,"S"
"PhonAlign",591.8499999999999,591.9499999999999,"O/"
"PhonAlign",591.9499999999999,591.99,"z"
"PhonAlign",591.99,592.085,"#"
"PhonAlign",592.085,592.355,"noise"
"PhonAlign",592.355,592.685,"#"
"PhonAlign",592.685,592.7249999999999,"w"
"PhonAlign",592.7249999999999,592.810313,"E"
"PhonAlign",592.810313,594.24,"#"
"PhonAlign",594.24,594.3,"w"
"PhonAlign",594.3,594.545,"E"
"PhonAlign",594.545,594.635,"#"
"PhonAlign",594.635,594.6949999999999,"b"
"PhonAlign",594.6949999999999,594.845,"A/"
"PhonAlign",594.845,594.895,"u"
"PhonAlign",594.895,594.953438,"i"
"PhonAlign",594.953438,596.79,"#"
"PhonAlign",596.79,596.8299999999999,"b"
"PhonAlign",596.8299999999999,597.01,"A/"
"PhonAlign",597.01,597.11,"s"
"PhonAlign",597.11,597.17,"e"
"PhonAlign",597.17,597.1999999999999,"b"
"PhonAlign",597.1999999999999,597.26,"j"
"PhonAlign",597.26,597.62,"U~/"
"PhonAlign",597.62,597.67,"l"
"PhonAlign",597.67,597.75,"A/"
"PhonAlign",597.75,597.8,"O~"
"PhonAlign",597.8,597.86,"n"
"PhonAlign",597.86,597.9399999999999,"A/"
"PhonAlign",597.9399999999999,598.22,"n"
"PhonAlign",598.22,598.58,"#"
"PhonAlign",598.58,598.76,"n"
"PhonAlign",598.76,599.0200000000001,"O/"
"PhonAlign",599.0200000000001,599.1,"n"
"PhonAlign",599.1,599.1600000000001,"O/"
"PhonAlign",599.1600000000001,599.22,"d"
"PhonAlign",599.22,599.32,"i"
"PhonAlign",599.32,599.44,"s"
"PhonAlign",599.44,599.47,"f"
"PhonAlign",599.47,599.5600000000001,"i"
"PhonAlign",599.5600000000001,599.6700000000001,"l"
"PhonAlign",599.6700000000001,599.712188,"m"
"PhonAlign",599.712188,600.755,"#"
"PhonAlign",600.755,600.845,"e"
"PhonAlign",600.845,600.915,"O~"
"PhonAlign",600.915,600.995,"n"
"PhonAlign",600.995,601.085,"A/"
"PhonAlign",601.085,601.115,"p"
"PhonAlign",601.115,601.215,"R"
"PhonAlign",601.215,601.355,"i"
"PhonAlign",601.355,601.385,"d"
"PhonAlign",601.385,601.645,"E"
"PhonAlign",601.645,601.675,"f"
"PhonAlign",601.675,601.765,"i"
"PhonAlign",601.765,601.825,"l"
"PhonAlign",601.825,601.875,"m"
"PhonAlign",601.875,601.955,"A/"
"PhonAlign",601.955,602.0649999999999,"s"
"PhonAlign",602.0649999999999,602.095,"e"
"PhonAlign",602.095,602.175,"a~"
"PhonAlign",602.175,602.275,"s"
"PhonAlign",602.275,602.305,"j"
"PhonAlign",602.305,602.375,"U~/"
"PhonAlign",602.375,602.465,"E"
"PhonAlign",602.465,602.495,"d"
"PhonAlign",602.495,602.525,"f"
"PhonAlign",602.525,602.595,"i"
"PhonAlign",602.595,602.635,"l"
"PhonAlign",602.635,602.665,"m"
"PhonAlign",602.665,602.695,"A/"
"PhonAlign",602.695,602.805,"s"
"PhonAlign",602.805,602.995,"e"
"PhonAlign",602.995,603.165,"z"
"PhonAlign",603.165,603.625,"R"
"PhonAlign",603.625,603.665,"E"
"PhonAlign",603.665,603.695,"s"
"PhonAlign",603.695,603.835,"a~"
"PhonAlign",603.835,603.935,"O~"
"PhonAlign",603.935,604.035,"n"
"PhonAlign",604.035,604.115,"A/"
"PhonAlign",604.115,604.365,"p"
"PhonAlign",604.365,604.505,"R"
"PhonAlign",604.505,604.595,"i"
"PhonAlign",604.595,604.655,"p"
"PhonAlign",604.655,604.695,"l"
"PhonAlign",604.695,604.725,"y"
"PhonAlign",604.725,604.755,"z"
"PhonAlign",604.755,604.805,"j"
"PhonAlign",604.805,604.835,"9"
"PhonAlign",604.835,604.945,"R"
"PhonAlign",604.945,604.995,"t"
"PhonAlign",604.995,605.115,"E"
"PhonAlign",605.115,605.165,"m"
"PhonAlign",605.165,605.195,"d"
"PhonAlign",605.195,605.295,"i"
"PhonAlign",605.295,605.375,"f"
"PhonAlign",605.375,605.445,"E"
"PhonAlign",605.445,605.525,"R"
"PhonAlign",605.525,605.715,"a~"
"PhonAlign",605.715,605.745,"d"
"PhonAlign",605.745,605.845,"O~"
"PhonAlign",605.845,605.935,"k"
"PhonAlign",605.935,605.965,"Z"
"PhonAlign",605.965,606.035,"@"
"PhonAlign",606.035,606.0649999999999,"p"
"PhonAlign",606.0649999999999,606.095,"a~"
"PhonAlign",606.095,606.165,"s"
"PhonAlign",606.165,606.285,"k"
"PhonAlign",606.285,606.355,"s"
"PhonAlign",606.355,606.455,"A/"
"PhonAlign",606.455,606.485,"p"
"PhonAlign",606.485,606.545,"u"
"PhonAlign",606.545,606.625,"R"
"PhonAlign",606.625,606.885,"A/"
"PhonAlign",606.885,606.915,"t"
"PhonAlign",606.915,606.945,"u"
"PhonAlign",606.945,607.105,"S"
"PhonAlign",607.105,607.195,"e"
"PhonAlign",607.195,607.225,"b"
"PhonAlign",607.225,607.275,"O/"
"PhonAlign",607.275,607.355,"k"
"PhonAlign",607.355,607.385,"u"
"PhonAlign",607.385,607.415,"d"
"PhonAlign",607.415,607.475,"m"
"PhonAlign",607.475,607.705,"O~"
"PhonAlign",607.705,607.744688,"d"
"PhonAlign",607.744688,608.885,"#"
"PhonAlign",608.885,608.935,"e"
"PhonAlign",608.935,608.985,"s"
"PhonAlign",608.985,609.055,"k"
"PhonAlign",609.055,609.085,"E"
"PhonAlign",609.085,609.115,"b"
"PhonAlign",609.115,609.145,"j"
"PhonAlign",609.145,609.205,"U~/"
"PhonAlign",609.205,609.295,"s"
"PhonAlign",609.295,609.335,"e"
"PhonAlign",609.335,609.465,"k"
"PhonAlign",609.465,609.495,"l"
"PhonAlign",609.495,609.525,"@"
"PhonAlign",609.525,609.615,"Z"
"PhonAlign",609.615,609.655,"a~"
"PhonAlign",609.655,609.745,"i"
"PhonAlign",609.745,609.775,"l"
"PhonAlign",609.775,609.825,"p"
"PhonAlign",609.825,609.915,"u"
"PhonAlign",609.915,609.9449999999999,"R"
"PhonAlign",609.9449999999999,609.995,"O~"
"PhonAlign",609.995,610.025,"v"
"PhonAlign",610.025,610.095,"@"
"PhonAlign",610.095,610.125,"n"
"PhonAlign",610.125,610.215,"i"
"PhonAlign",610.215,610.355,"R"
"PhonAlign",610.355,610.635,"a~"
"PhonAlign",610.635,610.665,"f"
"PhonAlign",610.665,610.745,"A/"
"PhonAlign",610.745,610.785,"m"
"PhonAlign",610.785,610.965,"i"
"PhonAlign",610.965,610.995,"j"
"PhonAlign",610.995,611.045,"@"
"PhonAlign",611.045,611.275,"#"
"PhonAlign",611.275,611.365,"d"
"PhonAlign",611.365,611.425,"a~"
"PhonAlign",611.425,611.455,"l"
"PhonAlign",611.455,611.535,"9"
"PhonAlign",611.535,611.5649999999999,"R"
"PhonAlign",611.5649999999999,611.595,"v"
"PhonAlign",611.595,611.625,"w"
"PhonAlign",611.625,611.735,"A/"
"PhonAlign",611.735,611.805,"t"
"PhonAlign",611.805,611.835,"y"
"PhonAlign",611.835,611.865,"R"
"PhonAlign",611.865,611.895,"a~"
"PhonAlign",611.895,611.925,"p"
"PhonAlign",611.925,612.075,"l"
"PhonAlign",612.075,612.145,"y"
"PhonAlign",612.145,612.35,"s"
"PhonAlign",612.35,616.01,"#"
"PhonAlign",616.01,616.05,"b"
"PhonAlign",616.05,616.29,"A/"
"PhonAlign",616.29,616.4399999999999,"O~"
"PhonAlign",616.4399999999999,616.47,"l"
"PhonAlign",616.47,616.53,"9"
"PhonAlign",616.53,616.56,"R"
"PhonAlign",616.56,616.6,"m"
"PhonAlign",616.6,616.68,"E"
"PhonAlign",616.68,616.71,"t"
"PhonAlign",616.71,616.78,"R"
"PhonAlign",616.78,616.81,"A/"
"PhonAlign",616.81,616.89,"U~/"
"PhonAlign",616.89,616.93,"a~"
"PhonAlign",616.93,616.97,"d"
"PhonAlign",616.97,617.0,"R"
"PhonAlign",617.0,617.03,"w"
"PhonAlign",617.03,617.06,"A/"
"PhonAlign",617.06,617.09,"A/"
"PhonAlign",617.09,617.12,"p"
"PhonAlign",617.12,617.15,"j"
"PhonAlign",617.15,617.18,"e"
"PhonAlign",617.18,617.21,"O~"
"PhonAlign",617.21,617.35,"s"
"PhonAlign",617.35,617.38,"d"
"PhonAlign",617.38,617.49,"E"
"PhonAlign",617.49,617.52,"b"
"PhonAlign",617.52,617.64,"R"
"PhonAlign",617.64,617.67,"u"
"PhonAlign",617.67,617.76,"j"
"PhonAlign",617.76,617.86,"2"
"PhonAlign",617.86,618.11,"R"
"PhonAlign",618.11,618.145,"A/"
"PhonAlign",618.145,618.735,"#"
"PhonAlign",618.735,618.845,"U~/"
"PhonAlign",618.845,618.9250000000001,"t"
"PhonAlign",618.9250000000001,618.995,"R"
"PhonAlign",618.995,619.075,"y"
"PhonAlign",619.075,619.135,"k"
"PhonAlign",619.135,619.1850000000001,"t"
"PhonAlign",619.1850000000001,619.235,"p"
"PhonAlign",619.235,619.295,"i"
"PhonAlign",619.295,619.335,"k"
"PhonAlign",619.335,619.375,"2"
"PhonAlign",619.375,619.415,"n"
"PhonAlign",619.415,619.475,"i"
"PhonAlign",619.475,619.515,"k"
"PhonAlign",619.515,619.57,"2"
"PhonAlign",619.57,622.32,"#"
"PhonAlign",622.32,622.4200000000001,"b"
"PhonAlign",622.4200000000001,622.6800000000001,"O/"
"PhonAlign",622.6800000000001,622.88,"s"
"PhonAlign",622.88,622.95,"y"
"PhonAlign",622.95,623.1,"p"
"PhonAlign",623.1,623.13,"e"
"PhonAlign",623.13,623.1600000000001,"E"
"PhonAlign",623.1600000000001,623.19,"#"
"PhonAlign",623.19,623.3000000000001,"k"
"PhonAlign",623.3000000000001,623.33,"s"
"PhonAlign",623.33,623.36,"k"
"PhonAlign",623.36,623.3900000000001,"S"
"PhonAlign",623.3900000000001,623.4200000000001,"p"
"PhonAlign",623.4200000000001,623.45,"u"
"PhonAlign",623.45,623.7800000000001,"R"
"PhonAlign",623.7800000000001,625.24,"e"
"PhonAlign",625.24,625.2800000000001,"p"
"PhonAlign",625.2800000000001,625.3100000000001,"O/"
"PhonAlign",625.3100000000001,625.34,"z"
"PhonAlign",625.34,625.5,"e"
"PhonAlign",625.5,625.88,"R"
"PhonAlign",625.88,626.0600000000001,"k"
"PhonAlign",626.0600000000001,626.1,"O/"
"PhonAlign",626.1,626.1500000000001,"m"
"PhonAlign",626.1500000000001,626.34,"k"
"PhonAlign",626.34,626.61,"E"
"PhonAlign",626.61,626.71,"s"
"PhonAlign",626.71,626.98,"t"
"PhonAlign",626.98,627.0100000000001,"j"
"PhonAlign",627.0100000000001,627.045,"O~"
"PhonAlign",627.045,627.8,"#"
"PhonAlign",627.8,627.87,"v"
"PhonAlign",627.87,627.9,"u"
"PhonAlign",627.9,627.93,"A/"
"PhonAlign",627.93,627.9599999999999,"v"
"PhonAlign",627.9599999999999,628.05,"e"
"PhonAlign",628.05,628.0999999999999,"k"
"PhonAlign",628.0999999999999,628.14,"E"
"PhonAlign",628.14,628.17,"l"
"PhonAlign",628.17,628.4,"k"
"PhonAlign",628.4,628.49,"@"
"PhonAlign",628.49,628.5899999999999,"S"
"PhonAlign",628.5899999999999,628.62,"O/"
"PhonAlign",628.62,628.66,"z"
"PhonAlign",628.66,628.6899999999999,"A/"
"PhonAlign",628.6899999999999,628.7299999999999,"d"
"PhonAlign",628.7299999999999,628.76,"i"
"PhonAlign",628.76,629.02,"R"
"PhonAlign",629.02,629.05,"p"
"PhonAlign",629.05,629.1099999999999,"A/"
"PhonAlign",629.1099999999999,629.4399999999999,"R"
"PhonAlign",629.4399999999999,629.56,"A/"
"PhonAlign",629.56,629.63,"p"
"PhonAlign",629.63,629.66,"O/"
"PhonAlign",629.66,629.81,"R"
"PhonAlign",629.81,629.850938,"A/"
"PhonAlign",629.850938,631.275,"#"
"PhonAlign",631.275,631.3249999999999,"A/"
"PhonAlign",631.3249999999999,631.425,"s"
"PhonAlign",631.425,631.485,"k"
"PhonAlign",631.485,631.5849999999999,"O~"
"PhonAlign",631.5849999999999,631.615,"p"
"PhonAlign",631.615,631.685,"u"
"PhonAlign",631.685,631.755,"R"
"PhonAlign",631.755,631.805,"E"
"PhonAlign",631.805,631.895,"f"
"PhonAlign",631.895,631.9449999999999,"E"
"PhonAlign",631.9449999999999,631.975,"R"
"PhonAlign",631.975,632.0649999999999,"O/"
"PhonAlign",632.0649999999999,632.175,"s"
"PhonAlign",632.175,632.215,"i"
"PhonAlign",632.215,632.3149999999999,"A/"
"PhonAlign",632.3149999999999,632.345,"k"
"PhonAlign",632.345,632.375,"O/"
"PhonAlign",632.375,632.4549999999999,"t"
"PhonAlign",632.4549999999999,632.645,"e"
"PhonAlign",632.645,632.8349999999999,"u"
"PhonAlign",632.8349999999999,632.975,"S"
"PhonAlign",632.975,633.045,"s"
"PhonAlign",633.045,633.105,"e"
"PhonAlign",633.105,633.145,"p"
"PhonAlign",633.145,633.276563,"A/"
"PhonAlign",633.276563,634.3,"#"
"PhonAlign",634.3,634.862813,"noise"
"PhonAlign",634.862813,647.855,"#"
"PhonAlign",647.855,648.075,"n"
"PhonAlign",648.075,648.275,"O/"
"PhonAlign",648.275,648.325,"l"
"PhonAlign",648.325,648.515,"A/"
"PhonAlign",648.515,648.605,"Z"
"PhonAlign",648.605,648.725,"e"
"PhonAlign",648.725,648.905,"p"
"PhonAlign",648.905,649.415,"A/"
"PhonAlign",649.415,649.611563,"z"
"PhonAlign",649.611563,651.18,"#"
"PhonAlign",651.18,651.2399999999999,"A/"
"PhonAlign",651.2399999999999,651.3499999999999,"s"
"PhonAlign",651.3499999999999,651.4,"l"
"PhonAlign",651.4,651.4799999999999,"A/"
"PhonAlign",651.4799999999999,651.53,"Z"
"PhonAlign",651.53,651.7199999999999,"e"
"PhonAlign",651.7199999999999,651.75,"d"
"PhonAlign",651.75,651.79,"k"
"PhonAlign",651.79,651.8499999999999,"E"
"PhonAlign",651.8499999999999,651.9,"s"
"PhonAlign",651.9,651.93,"j"
"PhonAlign",651.93,651.9699999999999,"O~"
"PhonAlign",651.9699999999999,652.0699999999999,"d"
"PhonAlign",652.0699999999999,652.18,"R"
"PhonAlign",652.18,652.2099999999999,"2"
"PhonAlign",652.2099999999999,652.2399999999999,"l"
"PhonAlign",652.2399999999999,652.43,"a~"
"PhonAlign",652.43,652.73,"s"
"PhonAlign",652.73,653.13,"#"
"PhonAlign",653.13,653.17,"s"
"PhonAlign",653.17,653.22,"e"
"PhonAlign",653.22,653.25,"b"
"PhonAlign",653.25,653.324063,"O/"
"PhonAlign",653.324063,654.48,"#"
"PhonAlign",654.48,654.58,"A/"
"PhonAlign",654.58,654.65,"l"
"PhonAlign",654.65,654.95,"R"
"PhonAlign",654.95,655.872187,"fp"
"PhonAlign",655.872187,657.105,"#"
"PhonAlign",657.105,657.1750000000001,"E"
"PhonAlign",657.1750000000001,657.265,"s"
"PhonAlign",657.265,657.325,"k"
"PhonAlign",657.325,657.375,"O~"
"PhonAlign",657.375,657.405,"p"
"PhonAlign",657.405,657.4350000000001,"u"
"PhonAlign",657.4350000000001,657.635,"R"
"PhonAlign",657.635,658.125,"e"
"PhonAlign",658.125,658.655,"#"
"PhonAlign",658.655,658.755,"m"
"PhonAlign",658.755,658.855,"E"
"PhonAlign",658.855,658.905,"t"
"PhonAlign",658.905,658.9649999999999,"R"
"PhonAlign",658.9649999999999,659.0649999999999,"a~"
"PhonAlign",659.0649999999999,659.095,"p"
"PhonAlign",659.095,659.165,"l"
"PhonAlign",659.165,659.265,"A/"
"PhonAlign",659.265,659.405,"s"
"PhonAlign",659.405,659.685,"U~/"
"PhonAlign",659.685,659.8249999999999,"t"
"PhonAlign",659.8249999999999,659.855,"E"
"PhonAlign",659.855,659.885,"m"
"PhonAlign",659.885,659.9549999999999,"@"
"PhonAlign",659.9549999999999,659.995,"p"
"PhonAlign",659.995,660.0649999999999,"A/"
"PhonAlign",660.0649999999999,660.095,"R"
"PhonAlign",660.095,660.135,"E"
"PhonAlign",660.135,660.185,"g"
"PhonAlign",660.185,660.2149999999999,"s"
"PhonAlign",660.2149999999999,660.245,"a~"
"PhonAlign",660.245,660.275,"p"
"PhonAlign",660.275,660.305,"l"
"PhonAlign",660.305,660.345,"A/"
"PhonAlign",660.345,660.395,"n"
"PhonAlign",660.395,660.4549999999999,"O/"
"PhonAlign",660.4549999999999,660.505,"t"
"PhonAlign",660.505,660.535,"f"
"PhonAlign",660.535,660.595,"E"
"PhonAlign",660.595,660.665,"s"
"PhonAlign",660.665,660.775,"t"
"PhonAlign",660.775,660.8249999999999,"i"
"PhonAlign",660.8249999999999,660.855,"v"
"PhonAlign",660.855,661.0849999999999,"A/"
"PhonAlign",661.0849999999999,661.2049999999999,"l"
"PhonAlign",661.2049999999999,661.285,"#"
"PhonAlign",661.285,661.365,"y"
"PhonAlign",661.365,661.395,"n"
"PhonAlign",661.395,661.475,"i"
"PhonAlign",661.475,661.525,"d"
"PhonAlign",661.525,661.665,"e"
"PhonAlign",661.665,661.7149999999999,"d"
"PhonAlign",661.7149999999999,662.55,"@"
"PhonAlign",662.55,663.305,"#"
"PhonAlign",663.305,663.4549999999999,"U~/"
"PhonAlign",663.4549999999999,663.495,"t"
"PhonAlign",663.495,663.5749999999999,"E"
"PhonAlign",663.5749999999999,663.625,"m"
"PhonAlign",663.625,663.685,"k"
"PhonAlign",663.685,663.745,"i"
"PhonAlign",663.745,663.775,"p"
"PhonAlign",663.775,663.8349999999999,"u"
"PhonAlign",663.8349999999999,663.925,"R"
"PhonAlign",663.925,663.9549999999999,"E"
"PhonAlign",663.9549999999999,664.005,"a~"
"PhonAlign",664.005,664.035,"g"
"PhonAlign",664.035,664.0649999999999,"l"
"PhonAlign",664.0649999999999,664.0949999999999,"O/"
"PhonAlign",664.0949999999999,664.135,"b"
"PhonAlign",664.135,664.3649999999999,"e"
"PhonAlign",664.3649999999999,664.395,"l"
"PhonAlign",664.395,664.425,"e"
"PhonAlign",664.425,664.4649999999999,"d"
"PhonAlign",664.4649999999999,664.555,"2"
"PhonAlign",664.555,664.645,"Z"
"PhonAlign",664.645,664.7049999999999,"a~"
"PhonAlign",664.7049999999999,665.001563,"R"
"PhonAlign",665.001563,666.24,"#"
"PhonAlign",666.24,666.28,"v"
"PhonAlign",666.28,666.3100000000001,"l"
"PhonAlign",666.3100000000001,666.49,"A/"
"PhonAlign",666.49,666.52,"A/"
"PhonAlign",666.52,666.5600000000001,"p"
"PhonAlign",666.5600000000001,666.59,"R"
"PhonAlign",666.59,666.62,"E"
"PhonAlign",666.62,666.65,"O~"
"PhonAlign",666.65,666.71,"A/"
"PhonAlign",666.71,666.76,"d"
"PhonAlign",666.76,666.79,"Z"
"PhonAlign",666.79,666.82,"A/"
"PhonAlign",666.82,666.9,"S"
"PhonAlign",666.9,666.9300000000001,"w"
"PhonAlign",666.9300000000001,666.96,"A/"
"PhonAlign",666.96,667.03,"z"
"PhonAlign",667.03,667.08,"i"
"PhonAlign",667.08,667.11,"l"
"PhonAlign",667.11,667.1800000000001,"e"
"PhonAlign",667.1800000000001,667.21,"f"
"PhonAlign",667.21,667.27,"i"
"PhonAlign",667.27,667.3,"l"
"PhonAlign",667.3,667.33,"m"
"PhonAlign",667.33,667.37,"s"
"PhonAlign",667.37,667.4,"e"
"PhonAlign",667.4,667.47,"p"
"PhonAlign",667.47,667.54,"2"
"PhonAlign",667.54,667.63,"t"
"PhonAlign",667.63,667.66,"E"
"PhonAlign",667.66,667.69,"t"
"PhonAlign",667.69,667.76,"R"
"PhonAlign",667.76,667.8,"U~/"
"PhonAlign",667.8,667.89,"p"
"PhonAlign",667.89,667.92,"2"
"PhonAlign",667.92,667.95,"t"
"PhonAlign",667.95,667.99,"R"
"PhonAlign",667.99,668.02,"O/"
"PhonAlign",668.02,668.05,"t"
"PhonAlign",668.05,668.08,"A/"
"PhonAlign",668.08,668.123438,"R"
"PhonAlign",668.123438,689.28,"#"
"PhonAlign",689.28,689.3199999999999,"n"
"PhonAlign",689.3199999999999,689.47,"O/"
"PhonAlign",689.47,689.53,"s"
"PhonAlign",689.53,689.61,"A/"
"PhonAlign",689.61,689.6999999999999,"p"
"PhonAlign",689.6999999999999,689.76,"@"
"PhonAlign",689.76,689.88,"E"
"PhonAlign",689.88,689.9499999999999,"t"
"PhonAlign",689.9499999999999,690.02,"R"
"PhonAlign",690.02,690.15,"@"
"PhonAlign",690.15,690.18,"l"
"PhonAlign",690.18,690.4,"e"
"PhonAlign",690.4,690.4399999999999,"t"
"PhonAlign",690.4399999999999,690.5,"e"
"PhonAlign",690.5,690.65,"a~"
"PhonAlign",690.65,690.73,"f"
"PhonAlign",690.73,690.85,"A/"
"PhonAlign",690.85,690.92,"m"
"PhonAlign",690.92,691.14,"i"
"PhonAlign",691.14,691.17,"j"
"PhonAlign",691.17,691.25,"u"
"PhonAlign",691.25,691.35,"i"
"PhonAlign",691.35,691.43,"U~/"
"PhonAlign",691.43,691.4599999999999,"t"
"PhonAlign",691.4599999999999,691.5899999999999,"R"
"PhonAlign",691.5899999999999,691.6899999999999,"y"
"PhonAlign",691.6899999999999,691.76,"k"
"PhonAlign",691.76,692.372813,"fp"
"PhonAlign",692.372813,703.94,"#"
"PhonAlign",703.94,703.98,"m"
"PhonAlign",703.98,704.0100000000001,"p"
"PhonAlign",704.0100000000001,704.0500000000001,"A/"
"PhonAlign",704.0500000000001,704.1500000000001,"m"
"PhonAlign",704.1500000000001,704.4300000000001,"A/"
"PhonAlign",704.4300000000001,704.556563,"l"
"PhonAlign",704.556563,705.6,"#"
"PhonAlign",705.6,705.64,"d"
"PhonAlign",705.64,705.6800000000001,"y"
"PhonAlign",705.6800000000001,705.72,"k"
"PhonAlign",705.72,705.75,"u"
"PhonAlign",705.75,705.78,"n"
"PhonAlign",705.78,705.8100000000001,"O/"
"PhonAlign",705.8100000000001,705.86,"t"
"PhonAlign",705.86,705.89,"R"
"PhonAlign",705.89,705.95,"@"
"PhonAlign",705.95,705.98,"p"
"PhonAlign",705.98,706.03,"y"
"PhonAlign",706.03,706.0600000000001,"b"
"PhonAlign",706.0600000000001,706.11,"l"
"PhonAlign",706.11,706.25,"i"
"PhonAlign",706.25,706.35,"k"
"PhonAlign",706.35,706.4,"b"
"PhonAlign",706.4,706.46,"E"
"PhonAlign",706.46,706.52,"s"
"PhonAlign",706.52,706.5500000000001,"s"
"PhonAlign",706.5500000000001,706.59,"R"
"PhonAlign",706.59,706.6800000000001,"E"
"PhonAlign",706.6800000000001,706.82,"t"
"PhonAlign",706.82,706.9,"u"
"PhonAlign",706.9,707.02,"l"
"PhonAlign",707.02,707.0600000000001,"m"
"PhonAlign",707.0600000000001,707.09,"O~"
"PhonAlign",707.09,707.12,"d"
"PhonAlign",707.12,707.72,"@"
"PhonAlign",707.72,707.8100000000001,"d"
"PhonAlign",707.8100000000001,707.97,"a~"
"PhonAlign",707.97,708.02,"k"
"PhonAlign",708.02,708.09,"E"
"PhonAlign",708.09,708.12,"l"
"PhonAlign",708.12,708.16,"O/"
"PhonAlign",708.16,708.2900000000001,"R"
"PhonAlign",708.2900000000001,708.32,"d"
"PhonAlign",708.32,708.37,"R"
"PhonAlign",708.37,708.4200000000001,"d"
"PhonAlign",708.4200000000001,708.47,"2"
"PhonAlign",708.47,708.5,"v"
"PhonAlign",708.5,708.53,"R"
"PhonAlign",708.53,708.58,"i"
"PhonAlign",708.58,708.61,"O~"
"PhonAlign",708.61,708.66,"n"
"PhonAlign",708.66,708.69,"u"
"PhonAlign",708.69,708.72,"p"
"PhonAlign",708.72,708.77,"R"
"PhonAlign",708.77,708.8000000000001,"E"
"PhonAlign",708.8000000000001,708.84,"z"
"PhonAlign",708.84,708.94,"a~"
"PhonAlign",708.94,709.01,"t"
"PhonAlign",709.01,709.11,"e"
"PhonAlign",709.11,709.14,"l"
"PhonAlign",709.14,709.21,"e"
"PhonAlign",709.21,709.26,"z"
"PhonAlign",709.26,709.33,"f"
"PhonAlign",709.33,709.4200000000001,"i"
"PhonAlign",709.4200000000001,709.45,"l"
"PhonAlign",709.45,709.535,"m"
"PhonAlign",709.535,710.21,"#"
"PhonAlign",710.21,710.25,"v"
"PhonAlign",710.25,710.2800000000001,"u"
"PhonAlign",710.2800000000001,710.3100000000001,"v"
"PhonAlign",710.3100000000001,710.35,"u"
"PhonAlign",710.35,710.4000000000001,"l"
"PhonAlign",710.4000000000001,710.49,"e"
"PhonAlign",710.49,710.52,"k"
"PhonAlign",710.52,710.57,"O~"
"PhonAlign",710.57,710.6500000000001,"n"
"PhonAlign",710.6500000000001,710.71,"e"
"PhonAlign",710.71,710.77,"s"
"PhonAlign",710.77,710.87,"E"
"PhonAlign",710.87,710.9000000000001,"j"
"PhonAlign",710.9000000000001,710.95,"d"
"PhonAlign",710.95,711.07,"R"
"PhonAlign",711.07,711.1,"2"
"PhonAlign",711.1,711.13,"v"
"PhonAlign",711.13,711.21,"w"
"PhonAlign",711.21,711.4200000000001,"A/"
"PhonAlign",711.4200000000001,711.45,"R"
"PhonAlign",711.45,711.48,"l"
"PhonAlign",711.48,711.51,"O/"
"PhonAlign",711.51,711.63,"R"
"PhonAlign",711.63,711.6800000000001,"d"
"PhonAlign",711.6800000000001,711.71,"R"
"PhonAlign",711.71,711.77,"d"
"PhonAlign",711.77,711.99,"e"
"PhonAlign",711.99,712.02,"f"
"PhonAlign",712.02,712.0500000000001,"i"
"PhonAlign",712.0500000000001,712.08,"l"
"PhonAlign",712.08,712.1600000000001,"m"
"PhonAlign",712.1600000000001,712.55,"z"
"PhonAlign",712.55,712.96,"#"
"PhonAlign",712.96,713.230313,"laugh"
"PhonAlign",713.230313,714.355,"#"
"PhonAlign",714.355,714.782813,"noise"
"PhonAlign",714.782813,744.595,"#"
"PhonAlign",744.595,744.705,"n"
"PhonAlign",744.705,744.837188,"O/"
"PhonAlign",744.837188,748.44,"#"
"PhonAlign",748.44,748.5500000000001,"w"
"PhonAlign",748.5500000000001,748.58,"E"
"PhonAlign",748.58,748.61,"p"
"PhonAlign",748.61,748.7,"2"
"PhonAlign",748.7,748.85,"t"
"PhonAlign",748.85,748.98,"E"
"PhonAlign",748.98,749.0100000000001,"t"
"PhonAlign",749.0100000000001,749.072813,"R"
"PhonAlign",749.072813,752.5,"#"
"PhonAlign",752.5,752.54,"fp"
"PhonAlign",752.54,752.57,"d"
"PhonAlign",752.57,752.6,"O~"
"PhonAlign",752.6,752.63,"l"
"PhonAlign",752.63,752.77,"A/"
"PhonAlign",752.77,752.8,"p"
"PhonAlign",752.8,752.94,"u"
"PhonAlign",752.94,753.16,"R"
"PhonAlign",753.16,753.2,"l"
"PhonAlign",753.2,753.29,"U~/"
"PhonAlign",753.29,753.35,"s"
"PhonAlign",753.35,753.38,"t"
"PhonAlign",753.38,753.49,"a~"
"PhonAlign",753.49,753.58,"k"
"PhonAlign",753.58,753.69,"s"
"PhonAlign",753.69,753.74,"k"
"PhonAlign",753.74,753.84,"Z"
"PhonAlign",753.84,753.87,"f"
"PhonAlign",753.87,753.99,"e"
"PhonAlign",753.99,754.1,"Z"
"PhonAlign",754.1,754.14,"l"
"PhonAlign",754.14,754.26,"E"
"PhonAlign",754.26,754.43,"s"
"PhonAlign",754.43,754.73,"@"
"PhonAlign",754.73,754.79,"fp"
"PhonAlign",754.79,754.82,"l"
"PhonAlign",754.82,754.97,"E"
"PhonAlign",754.97,755.06,"z"
"PhonAlign",755.06,755.1,"s"
"PhonAlign",755.1,755.43,"U~/"
"PhonAlign",755.43,755.48,"k"
"PhonAlign",755.48,755.53,"O/"
"PhonAlign",755.53,755.58,"m"
"PhonAlign",755.58,755.62,"e"
"PhonAlign",755.62,755.65,"d"
"PhonAlign",755.65,755.78,"i"
"PhonAlign",755.78,755.81,"p"
"PhonAlign",755.81,755.95,"i"
"PhonAlign",755.95,755.98,"l"
"PhonAlign",755.98,756.2,"e"
"PhonAlign",756.2,756.29,"z"
"PhonAlign",756.29,756.34,"s"
"PhonAlign",756.34,756.5,"U~/"
"PhonAlign",756.5,756.53,"s"
"PhonAlign",756.53,756.56,"y"
"PhonAlign",756.56,756.59,"p"
"PhonAlign",756.59,756.63,"e"
"PhonAlign",756.63,756.66,"e"
"PhonAlign",756.66,756.69,"R"
"PhonAlign",756.69,756.72,"O/"
"PhonAlign",756.72,756.75,"u"
"PhonAlign",756.75,756.78,"S"
"PhonAlign",756.78,756.88,"E"
"PhonAlign",756.88,757.02,"s"
"PhonAlign",757.02,757.05,"E"
"PhonAlign",757.05,757.12,"j"
"PhonAlign",757.12,757.17,"p"
"PhonAlign",757.17,757.2,"2"
"PhonAlign",757.2,757.23,"t"
"PhonAlign",757.23,757.29,"E"
"PhonAlign",757.29,757.32,"t"
"PhonAlign",757.32,758.18,"R"
"PhonAlign",758.18,758.21,"d"
"PhonAlign",758.21,758.286563,"@"
"PhonAlign",758.286563,758.741505,"noise"
"PhonAlign",758.741505,759.271111,"#"
"PhonAlign",759.271111,759.524598,"noise"
"PhonAlign",759.524598,765.28,"#"
"PhonAlign",765.28,765.39,"O/"
"PhonAlign",765.39,765.49,"k"
"PhonAlign",765.49,765.635,"e"
"PhonAlign",765.635,767.27,"#"
"PhonAlign",767.27,767.36,"e"
"PhonAlign",767.36,767.4499999999999,"E"
"PhonAlign",767.4499999999999,767.54,"s"
"PhonAlign",767.54,767.59,"k"
"PhonAlign",767.59,767.71,"j"
"PhonAlign",767.71,767.78,"O/"
"PhonAlign",767.78,767.86,"R"
"PhonAlign",767.86,767.9,"E"
"PhonAlign",767.9,768.18,"U~/"
"PhonAlign",768.18,768.21,"f"
"PhonAlign",768.21,768.26,"i"
"PhonAlign",768.26,768.29,"l"
"PhonAlign",768.29,768.38,"m"
"PhonAlign",768.38,768.4399999999999,"p"
"PhonAlign",768.4399999999999,768.56,"A/"
"PhonAlign",768.56,768.64,"R"
"PhonAlign",768.64,768.67,"m"
"PhonAlign",768.67,768.6999999999999,"i"
"PhonAlign",768.6999999999999,768.74,"t"
"PhonAlign",768.74,768.8,"u"
"PhonAlign",768.8,768.87,"z"
"PhonAlign",768.87,768.9,"k"
"PhonAlign",768.9,768.9499999999999,"i"
"PhonAlign",768.9499999999999,768.99,"s"
"PhonAlign",768.99,769.0699999999999,"R"
"PhonAlign",769.0699999999999,769.12,"E"
"PhonAlign",769.12,769.15,"l"
"PhonAlign",769.15,769.25,"A/"
"PhonAlign",769.25,769.3299999999999,"t"
"PhonAlign",769.3299999999999,769.4,"E"
"PhonAlign",769.4,769.43,"t"
"PhonAlign",769.43,769.46,"@"
"PhonAlign",769.46,769.53,"d"
"PhonAlign",769.53,769.63,"A/"
"PhonAlign",769.63,769.76,"f"
"PhonAlign",769.76,769.93,"i"
"PhonAlign",769.93,770.0,"S"
"PhonAlign",770.0,770.3299999999999,"@"
"PhonAlign",770.3299999999999,770.36,"d"
"PhonAlign",770.36,770.43,"e"
"PhonAlign",770.43,770.51,"z"
"PhonAlign",770.51,770.55,"f"
"PhonAlign",770.55,770.66,"i"
"PhonAlign",770.66,770.6899999999999,"l"
"PhonAlign",770.6899999999999,770.73,"m"
"PhonAlign",770.73,770.76,"p"
"PhonAlign",770.76,770.86,"2"
"PhonAlign",770.86,770.9399999999999,"t"
"PhonAlign",770.9399999999999,770.99,"E"
"PhonAlign",770.99,771.04,"t"
"PhonAlign",771.04,771.275,"R"
"PhonAlign",771.275,772.2,"#"
"PhonAlign",772.2,772.2700000000001,"k"
"PhonAlign",772.2700000000001,772.49,"i"
"PhonAlign",772.49,772.5200000000001,"v"
"PhonAlign",772.5200000000001,772.61,"R"
"PhonAlign",772.61,772.6600000000001,"e"
"PhonAlign",772.6600000000001,772.69,"m"
"PhonAlign",772.69,772.72,"a~"
"PhonAlign",772.72,772.75,"i"
"PhonAlign",772.75,772.7800000000001,"n"
"PhonAlign",772.7800000000001,772.8100000000001,"j"
"PhonAlign",772.8100000000001,772.84,"a~"
"PhonAlign",772.84,772.9300000000001,"A/"
"PhonAlign",772.9300000000001,772.96,"p"
"PhonAlign",772.96,772.99,"A/"
"PhonAlign",772.99,773.0200000000001,"b"
"PhonAlign",773.0200000000001,773.4300000000001,"O/"
"PhonAlign",773.4300000000001,773.46,"k"
"PhonAlign",773.46,773.575313,"u"
"PhonAlign",773.575313,797.085,"#"
"PhonAlign",797.085,797.195,"b"
"PhonAlign",797.195,797.245,"O/"
"PhonAlign",797.245,797.375,"s"
"PhonAlign",797.375,797.4250000000001,"y"
"PhonAlign",797.4250000000001,797.465,"p"
"PhonAlign",797.465,797.515,"E"
"PhonAlign",797.515,797.695,"R"
"PhonAlign",797.695,797.725,"u"
"PhonAlign",797.725,797.755,"i"
"PhonAlign",797.755,797.8050000000001,"d"
"PhonAlign",797.8050000000001,797.945,"E"
"PhonAlign",797.945,797.985,"p"
"PhonAlign",797.985,798.0250000000001,"u"
"PhonAlign",798.0250000000001,798.1,"l"
"PhonAlign",798.1,798.425,"#"
"PhonAlign",798.425,798.495,"s"
"PhonAlign",798.495,798.535,"p"
"PhonAlign",798.535,798.5849999999999,"u"
"PhonAlign",798.5849999999999,798.6949999999999,"R"
"PhonAlign",798.6949999999999,798.7249999999999,"E"
"PhonAlign",798.7249999999999,798.755,"E"
"PhonAlign",798.755,798.785,"t"
"PhonAlign",798.785,798.8249999999999,"R"
"PhonAlign",798.8249999999999,798.865,"@"
"PhonAlign",798.865,798.895,"l"
"PhonAlign",798.895,798.925,"A/"
"PhonAlign",798.925,798.9849999999999,"t"
"PhonAlign",798.9849999999999,799.025,"E"
"PhonAlign",799.025,799.055,"t"
"PhonAlign",799.055,799.115,"d"
"PhonAlign",799.115,799.2249999999999,"A/"
"PhonAlign",799.2249999999999,799.275,"f"
"PhonAlign",799.275,799.385,"i"
"PhonAlign",799.385,799.62,"S"
"PhonAlign",799.62,803.635,"#"
"PhonAlign",803.635,803.735,"e"
"PhonAlign",803.735,803.765,"d"
"PhonAlign",803.765,803.905,"y"
"PhonAlign",803.905,803.9449999999999,"k"
"PhonAlign",803.9449999999999,803.975,"u"
"PhonAlign",803.975,804.005,"O~"
"PhonAlign",804.005,804.135,"l"
"PhonAlign",804.135,804.235,"@"
"PhonAlign",804.235,804.305,"f"
"PhonAlign",804.305,804.395,"R"
"PhonAlign",804.395,804.595,"E"
"PhonAlign",804.595,804.625,"fp"
"PhonAlign",804.625,804.795,"p"
"PhonAlign",804.795,805.115,"A/"
"PhonAlign",805.115,805.285,"R"
"PhonAlign",805.285,805.325,"E"
"PhonAlign",805.325,805.355,"g"
"PhonAlign",805.355,805.405,"z"
"PhonAlign",805.405,805.4449999999999,"a~"
"PhonAlign",805.4449999999999,805.475,"p"
"PhonAlign",805.475,805.505,"l"
"PhonAlign",805.505,805.645,"O/"
"PhonAlign",805.645,805.6949999999999,"t"
"PhonAlign",805.6949999999999,805.745,"u"
"PhonAlign",805.745,805.795,"d"
"PhonAlign",805.795,805.925,"e"
"PhonAlign",805.925,805.955,"b"
"PhonAlign",805.955,806.075,"y"
"PhonAlign",806.075,806.175,"u"
"PhonAlign",806.175,806.285,"A/"
"PhonAlign",806.285,806.3149999999999,"l"
"PhonAlign",806.3149999999999,806.405,"A/"
"PhonAlign",806.405,806.495,"f"
"PhonAlign",806.495,806.555,"U~/"
"PhonAlign",806.555,806.585,"p"
"PhonAlign",806.585,806.615,"u"
"PhonAlign",806.615,806.745,"R"
"PhonAlign",806.745,806.855,"k"
"PhonAlign",806.855,806.915,"l"
"PhonAlign",806.915,806.9449999999999,"O/"
"PhonAlign",806.9449999999999,807.085,"t"
"PhonAlign",807.085,807.145,"y"
"PhonAlign",807.145,807.175,"R"
"PhonAlign",807.175,807.245,"e"
"PhonAlign",807.245,807.315,"R"
"PhonAlign",807.315,807.575,"#"
"PhonAlign",807.575,807.6450000000001,"O~"
"PhonAlign",807.6450000000001,807.6750000000001,"m"
"PhonAlign",807.6750000000001,807.745,"E"
"PhonAlign",807.745,807.8050000000001,"t"
"PhonAlign",807.8050000000001,807.9050000000001,"R"
"PhonAlign",807.9050000000001,807.9350000000001,"E"
"PhonAlign",807.9350000000001,808.0250000000001,"u"
"PhonAlign",808.0250000000001,808.075,"d"
"PhonAlign",808.075,808.1850000000001,"E"
"PhonAlign",808.1850000000001,808.3050000000001,"p"
"PhonAlign",808.3050000000001,808.355,"u"
"PhonAlign",808.355,808.455938,"l"
"PhonAlign",808.455938,811.26,"#"
"PhonAlign",811.26,811.3,"p"
"PhonAlign",811.3,811.33,"u"
"PhonAlign",811.33,811.36,"R"
"PhonAlign",811.36,811.39,"k"
"PhonAlign",811.39,811.43,"l"
"PhonAlign",811.43,811.47,"O/"
"PhonAlign",811.47,811.54,"t"
"PhonAlign",811.54,811.58,"y"
"PhonAlign",811.58,811.61,"R"
"PhonAlign",811.61,811.68,"e"
"PhonAlign",811.68,811.77,"A/"
"PhonAlign",811.77,811.83,"l"
"PhonAlign",811.83,811.86,"A/"
"PhonAlign",811.86,811.9399999999999,"f"
"PhonAlign",811.9399999999999,812.084063,"U~/"
"PhonAlign",812.084063,816.25,"#"
"PhonAlign",816.25,816.33,"A/"
"PhonAlign",816.33,816.44,"l"
"PhonAlign",816.44,816.52,"e"
"PhonAlign",816.52,820.04,"#"
"PhonAlign",820.04,820.14,"l"
"PhonAlign",820.14,820.1899999999999,"O/"
"PhonAlign",820.1899999999999,820.2199999999999,"R"
"PhonAlign",820.2199999999999,820.27,"Z"
"PhonAlign",820.27,820.3,"v"
"PhonAlign",820.3,820.36,"e"
"PhonAlign",820.36,820.39,"m"
"PhonAlign",820.39,820.52,"E"
"PhonAlign",820.52,820.5699999999999,"t"
"PhonAlign",820.5699999999999,820.68,"R"
"PhonAlign",820.68,820.77,"d"
"PhonAlign",820.77,820.87,"E"
"PhonAlign",820.87,821.01,"p"
"PhonAlign",821.01,821.06,"u"
"PhonAlign",821.06,821.11,"l"
"PhonAlign",821.11,821.16,"A/"
"PhonAlign",821.16,821.25,"l"
"PhonAlign",821.25,821.3199999999999,"A/"
"PhonAlign",821.3199999999999,821.51,"f"
"PhonAlign",821.51,821.753438,"U~/"
"PhonAlign",821.753438,822.333042,"#"
"PhonAlign",822.333042,822.593042,"O/"
"PhonAlign",822.593042,822.653042,"p"
"PhonAlign",822.653042,822.683042,"l"
"PhonAlign",822.683042,822.765938,"A/"
"PhonAlign",822.765938,826.165,"#"
"PhonAlign",826.165,826.2049999999999,"d"
"PhonAlign",826.2049999999999,826.305,"k"
"PhonAlign",826.305,826.4449999999999,"u"
"PhonAlign",826.4449999999999,826.4749999999999,"l"
"PhonAlign",826.4749999999999,826.675,"A/"
"PhonAlign",826.675,826.7149999999999,"p"
"PhonAlign",826.7149999999999,826.745,"u"
"PhonAlign",826.745,826.8449999999999,"R"
"PhonAlign",826.8449999999999,826.875,"l"
"PhonAlign",826.875,826.905,"U~/"
"PhonAlign",826.905,826.935,"s"
"PhonAlign",826.935,826.9649999999999,"t"
"PhonAlign",826.9649999999999,826.995,"a~"
"PhonAlign",826.995,827.0749999999999,"l"
"PhonAlign",827.0749999999999,827.105,"@"
"PhonAlign",827.105,827.145,"p"
"PhonAlign",827.145,827.265,"R"
"PhonAlign",827.265,827.295,"2"
"PhonAlign",827.295,827.3249999999999,"m"
"PhonAlign",827.3249999999999,827.355,"j"
"PhonAlign",827.355,827.425,"e"
"PhonAlign",827.425,827.4549999999999,"f"
"PhonAlign",827.4549999999999,827.525,"i"
"PhonAlign",827.525,827.5649999999999,"l"
"PhonAlign",827.5649999999999,827.605,"m"
"PhonAlign",827.605,827.645,"p"
"PhonAlign",827.645,827.685,"u"
"PhonAlign",827.685,827.7249999999999,"R"
"PhonAlign",827.7249999999999,827.785,"k"
"PhonAlign",827.785,827.8149999999999,"O/"
"PhonAlign",827.8149999999999,827.8449999999999,"m"
"PhonAlign",827.8449999999999,827.9549999999999,"a~"
"PhonAlign",827.9549999999999,828.025,"s"
"PhonAlign",828.025,828.115,"e"
"PhonAlign",828.115,828.1949999999999,"s"
"PhonAlign",828.1949999999999,828.4649999999999,"e"
"PhonAlign",828.4649999999999,828.495,"b"
"PhonAlign",828.495,828.525,"b"
"PhonAlign",828.525,828.5949999999999,"i"
"PhonAlign",828.5949999999999,828.745,"i"
"PhonAlign",828.745,828.8149999999999,"t"
"PhonAlign",828.8149999999999,828.9449999999999,"U~/"
"PhonAlign",828.9449999999999,828.9749999999999,"Z"
"PhonAlign",828.9749999999999,829.06,"e"
"PhonAlign",829.06,829.215,"#"
"PhonAlign",829.215,829.3050000000001,"E"
"PhonAlign",829.3050000000001,829.355,"s"
"PhonAlign",829.355,829.4350000000001,"k"
"PhonAlign",829.4350000000001,829.485,"@"
"PhonAlign",829.485,829.575,"Z"
"PhonAlign",829.575,829.605,"l"
"PhonAlign",829.605,829.6750000000001,"E"
"PhonAlign",829.6750000000001,829.7850000000001,"s"
"PhonAlign",829.7850000000001,829.815,"@"
"PhonAlign",829.815,829.845,"b"
"PhonAlign",829.845,829.875,"b"
"PhonAlign",829.875,830.005,"i"
"PhonAlign",830.005,830.1550000000001,"i"
"PhonAlign",830.1550000000001,830.235,"t"
"PhonAlign",830.235,830.345,"U~/"
"PhonAlign",830.345,830.375,"Z"
"PhonAlign",830.375,830.495,"u"
"PhonAlign",830.495,830.5550000000001,"Z"
"PhonAlign",830.5550000000001,830.585,"S"
"PhonAlign",830.585,830.615,"a~"
"PhonAlign",830.615,830.735,"Z"
"PhonAlign",830.735,830.765,"p"
"PhonAlign",830.765,830.825,"A/"
"PhonAlign",830.825,831.015,"R"
"PhonAlign",831.015,831.0450000000001,"y"
"PhonAlign",831.0450000000001,831.105,"n"
"PhonAlign",831.105,831.1650000000001,"@"
"PhonAlign",831.1650000000001,831.195,"O/"
"PhonAlign",831.195,831.225,"t"
"PhonAlign",831.225,831.255,"R"
"PhonAlign",831.255,831.3050000000001,"k"
"PhonAlign",831.3050000000001,831.335,"O/"
"PhonAlign",831.335,831.375,"m"
"PhonAlign",831.375,831.495,"e"
"PhonAlign",831.495,831.5350000000001,"d"
"PhonAlign",831.5350000000001,831.659063,"i"
"PhonAlign",831.659063,833.01,"#"
"PhonAlign",833.01,833.05,"p"
"PhonAlign",833.05,833.12,"A/"
"PhonAlign",833.12,833.16,"R"
"PhonAlign",833.16,833.1899999999999,"l"
"PhonAlign",833.1899999999999,833.26,"@"
"PhonAlign",833.26,833.29,"b"
"PhonAlign",833.29,833.39,"R"
"PhonAlign",833.39,833.43,"O~"
"PhonAlign",833.43,833.48,"z"
"PhonAlign",833.48,833.58,"e"
"PhonAlign",833.58,833.64,"f"
"PhonAlign",833.64,833.74,"O~"
"PhonAlign",833.74,833.8,"d"
"PhonAlign",833.8,833.97,"s"
"PhonAlign",833.97,834.0,"k"
"PhonAlign",834.0,834.14,"i"
"PhonAlign",834.14,834.17,"l"
"PhonAlign",834.17,834.3199999999999,"e"
"PhonAlign",834.3199999999999,834.35,"p"
"PhonAlign",834.35,834.68,"R"
"PhonAlign",834.68,834.71,"O/"
"PhonAlign",834.71,834.76,"f"
"PhonAlign",834.76,834.85,"l"
"PhonAlign",834.85,834.88,"p"
"PhonAlign",834.88,834.9399999999999,"E"
"PhonAlign",834.9399999999999,834.97,"R"
"PhonAlign",834.97,835.02,"n"
"PhonAlign",835.02,835.05,"O/"
"PhonAlign",835.05,835.12,"E"
"PhonAlign",835.12,835.16,"l"
"PhonAlign",835.16,835.2,"t"
"PhonAlign",835.2,835.23,"y"
"PhonAlign",835.23,835.29,"n"
"PhonAlign",835.29,835.3199999999999,"O/"
"PhonAlign",835.3199999999999,835.54,"R"
"PhonAlign",835.54,835.5699999999999,"d"
"PhonAlign",835.5699999999999,835.6,"y"
"PhonAlign",835.6,835.72,"R"
"PhonAlign",835.72,835.79,"u"
"PhonAlign",835.79,835.84,"k"
"PhonAlign",835.84,835.88,"E"
"PhonAlign",835.88,835.9399999999999,"s"
"PhonAlign",835.9399999999999,836.01,"k"
"PhonAlign",836.01,836.04,"O~"
"PhonAlign",836.04,836.15,"A/"
"PhonAlign",836.15,836.18,"f"
"PhonAlign",836.18,836.21,"E"
"PhonAlign",836.21,836.3,"O/"
"PhonAlign",836.3,836.39,"b"
"PhonAlign",836.39,836.47,"O~"
"PhonAlign",836.47,836.54,"d"
"PhonAlign",836.54,836.61,"j"
"PhonAlign",836.61,836.73,"@"
"PhonAlign",836.73,837.29,"#"
"PhonAlign",837.29,837.36,"u"
"PhonAlign",837.36,837.41,"Z"
"PhonAlign",837.41,837.6,"l"
"PhonAlign",837.6,837.73,"E"
"PhonAlign",837.73,837.76,"s"
"PhonAlign",837.76,837.79,"b"
"PhonAlign",837.79,837.8199999999999,"b"
"PhonAlign",837.8199999999999,837.9399999999999,"i"
"PhonAlign",837.9399999999999,838.36,"i"
"PhonAlign",838.36,838.42,"t"
"PhonAlign",838.42,838.61,"U~/"
"PhonAlign",838.61,838.645,"Z"
"PhonAlign",838.645,840.405,"#"
"PhonAlign",840.405,840.57,"noise"
"PhonAlign",840.57,840.68,"#"
"PhonAlign",840.68,841.005,"noise"
"PhonAlign",841.005,841.515,"#"
"PhonAlign",841.515,841.834688,"noise"
"PhonAlign",841.834688,850.53,"#"
"PhonAlign",850.53,850.7099999999999,"O/"
"PhonAlign",850.7099999999999,850.8,"k"
"PhonAlign",850.8,851.03,"e"
"PhonAlign",851.03,852.51,"#"
"PhonAlign",852.51,852.55,"b"
"PhonAlign",852.55,852.86,"O/"
"PhonAlign",852.86,852.9,"d"
"PhonAlign",852.9,852.96,"y"
"PhonAlign",852.96,853.48,"k"
"PhonAlign",853.48,853.52,"u"
"PhonAlign",853.52,853.58,"l"
"PhonAlign",853.58,853.61,"A/"
"PhonAlign",853.61,853.64,"O~"
"PhonAlign",853.64,853.68,"A/"
"PhonAlign",853.68,853.77,"O~"
"PhonAlign",853.77,853.83,"n"
"PhonAlign",853.83,854.09,"A/"
"PhonAlign",854.09,854.12,"O~"
"PhonAlign",854.12,854.17,"A/"
"PhonAlign",854.17,854.2,"l"
"PhonAlign",854.2,854.49,"e"
"PhonAlign",854.49,854.52,"d"
"PhonAlign",854.52,854.81,"i"
"PhonAlign",854.81,854.86,"s"
"PhonAlign",854.86,855.775,"#"
"PhonAlign",855.775,855.8149999999999,"O~"
"PhonAlign",855.8149999999999,855.875,"A/"
"PhonAlign",855.875,855.905,"l"
"PhonAlign",855.905,856.015,"e"
"PhonAlign",856.015,856.165,"t"
"PhonAlign",856.165,856.3349999999999,"E"
"PhonAlign",856.3349999999999,856.4449999999999,"m"
"PhonAlign",856.4449999999999,856.566563,"@"
"PhonAlign",856.566563,858.76,"#"
"PhonAlign",858.76,858.85,"n"
"PhonAlign",858.85,858.9,"O/"
"PhonAlign",858.9,858.96,"Z"
"PhonAlign",858.96,859.08,"p"
"PhonAlign",859.08,859.11,"a~"
"PhonAlign",859.11,859.14,"s"
"PhonAlign",859.14,859.22,"k"
"PhonAlign",859.22,859.25,"O~"
"PhonAlign",859.25,859.37,"e"
"PhonAlign",859.37,859.4,"b"
"PhonAlign",859.4,859.65,"O/"
"PhonAlign",859.65,859.688438,"n"
"PhonAlign",859.688438,861.305,"#"
"PhonAlign",861.305,863.155,"@"
"PhonAlign",863.155,863.198438,"m"
"PhonAlign",863.198438,865.435,"#"
"PhonAlign",865.435,865.555,"d"
"PhonAlign",865.555,865.6949999999999,"y"
"PhonAlign",865.6949999999999,865.8149999999999,"k"
"PhonAlign",865.8149999999999,865.9649999999999,"u"
"PhonAlign",865.9649999999999,865.9949999999999,"w"
"PhonAlign",865.9949999999999,866.0949999999999,"E"
"PhonAlign",866.0949999999999,866.125,"O~"
"PhonAlign",866.125,866.425,"A/"
"PhonAlign",866.425,866.4549999999999,"m"
"PhonAlign",866.4549999999999,866.555,"i"
"PhonAlign",866.555,866.5949999999999,"d"
"PhonAlign",866.5949999999999,866.7249999999999,"k"
"PhonAlign",866.7249999999999,866.765,"O/"
"PhonAlign",866.765,866.885,"t"
"PhonAlign",866.885,867.055,"e"
"PhonAlign",867.055,867.0849999999999,"d"
"PhonAlign",867.0849999999999,867.3149999999999,"O/"
"PhonAlign",867.3149999999999,867.555,"k"
"PhonAlign",867.555,867.5849999999999,"y"
"PhonAlign",867.5849999999999,867.6149999999999,"m"
"PhonAlign",867.6149999999999,867.785,"a~"
"PhonAlign",867.785,867.8449999999999,"t"
"PhonAlign",867.8449999999999,867.905,"E"
"PhonAlign",867.905,868.0849999999999,"R"
"PhonAlign",868.0849999999999,868.581563,"e"
"PhonAlign",868.581563,870.065,"#"
"PhonAlign",870.065,870.105,"s"
"PhonAlign",870.105,870.1350000000001,"e"
"PhonAlign",870.1350000000001,870.1750000000001,"k"
"PhonAlign",870.1750000000001,870.205,"w"
"PhonAlign",870.205,870.235,"A/"
"PhonAlign",870.235,870.2750000000001,"l"
"PhonAlign",870.2750000000001,870.335,"d"
"PhonAlign",870.335,870.365,"2"
"PhonAlign",870.365,870.4150000000001,"z"
"PhonAlign",870.4150000000001,870.445,"j"
"PhonAlign",870.445,870.475,"E"
"PhonAlign",870.475,870.5050000000001,"m"
"PhonAlign",870.5050000000001,870.585,"t"
"PhonAlign",870.585,870.6550000000001,"E"
"PhonAlign",870.6550000000001,870.690938,"m"
"PhonAlign",870.690938,871.74,"#"
"PhonAlign",871.74,871.78,"d"
"PhonAlign",871.78,871.8100000000001,"O/"
"PhonAlign",871.8100000000001,871.84,"k"
"PhonAlign",871.84,871.87,"y"
"PhonAlign",871.87,871.9,"m"
"PhonAlign",871.9,871.99,"a~"
"PhonAlign",871.99,872.03,"t"
"PhonAlign",872.03,872.49,"E"
"PhonAlign",872.49,872.83,"R"
"PhonAlign",872.83,872.87,"E"
"PhonAlign",872.87,873.19,"#"
"PhonAlign",873.19,873.711563,"noise"
"PhonAlign",873.711563,876.835,"#"
"PhonAlign",876.835,876.9250000000001,"O/"
"PhonAlign",876.9250000000001,876.955,"p"
"PhonAlign",876.955,877.115,"l"
"PhonAlign",877.115,877.289063,"A/"
"PhonAlign",877.289063,879.77,"#"
"PhonAlign",879.77,879.81,"b"
"PhonAlign",879.81,879.915,"O/"
"PhonAlign",879.915,880.18,"#"
"PhonAlign",880.18,880.2199999999999,"S"
"PhonAlign",880.2199999999999,880.25,"e"
"PhonAlign",880.25,880.31,"s"
"PhonAlign",880.31,880.3499999999999,"p"
"PhonAlign",880.3499999999999,880.38,"E"
"PhonAlign",880.38,880.42,"R"
"PhonAlign",880.42,880.4499999999999,"p"
"PhonAlign",880.4499999999999,880.53,"A/"
"PhonAlign",880.53,880.56,"k"
"PhonAlign",880.56,880.5899999999999,"t"
"PhonAlign",880.5899999999999,880.62,"u"
"PhonAlign",880.62,880.66,"z"
"PhonAlign",880.66,880.6899999999999,"l"
"PhonAlign",880.6899999999999,880.7299999999999,"E"
"PhonAlign",880.7299999999999,880.76,"f"
"PhonAlign",880.76,880.87,"i"
"PhonAlign",880.87,880.9,"l"
"PhonAlign",880.9,880.93,"m"
"PhonAlign",880.93,880.9699999999999,"m"
"PhonAlign",880.9699999999999,881.04,"A/"
"PhonAlign",881.04,881.14,"R"
"PhonAlign",881.14,881.1999999999999,"S"
"PhonAlign",881.1999999999999,881.2299999999999,"2"
"PhonAlign",881.2299999999999,881.3499999999999,"R"
"PhonAlign",881.3499999999999,881.42,"O~"
"PhonAlign",881.42,881.4899999999999,"k"
"PhonAlign",881.4899999999999,881.54,"m"
"PhonAlign",881.54,881.67,"E"
"PhonAlign",881.67,881.6999999999999,"m"
"PhonAlign",881.6999999999999,881.7299999999999,"l"
"PhonAlign",881.7299999999999,881.91,"e"
"PhonAlign",881.91,882.0,"z"
"PhonAlign",882.0,882.06,"a~"
"PhonAlign",882.06,882.2199999999999,"s"
"PhonAlign",882.2199999999999,882.25,"j"
"PhonAlign",882.25,882.31,"U~/"
"PhonAlign",882.31,882.43,"f"
"PhonAlign",882.43,882.56,"i"
"PhonAlign",882.56,882.67,"l"
"PhonAlign",882.67,882.76,"m"
"PhonAlign",882.76,883.105,"fp"
"PhonAlign",883.105,883.68,"#"
"PhonAlign",883.68,883.76,"A/"
"PhonAlign",883.76,883.79,"p"
"PhonAlign",883.79,883.8399999999999,"R"
"PhonAlign",883.8399999999999,883.91,"E"
"PhonAlign",883.91,883.9499999999999,"f"
"PhonAlign",883.9499999999999,883.9899999999999,"v"
"PhonAlign",883.9899999999999,884.03,"w"
"PhonAlign",884.03,884.0699999999999,"A/"
"PhonAlign",884.0699999999999,884.14,"R"
"PhonAlign",884.14,884.17,"p"
"PhonAlign",884.17,884.38,"A/"
"PhonAlign",884.38,884.51,"s"
"PhonAlign",884.51,884.56,"@"
"PhonAlign",884.56,884.62,"s"
"PhonAlign",884.62,884.68,"k"
"PhonAlign",884.68,884.77,"O~"
"PhonAlign",884.77,884.8,"p"
"PhonAlign",884.8,884.89,"@"
"PhonAlign",884.89,884.9799999999999,"f"
"PhonAlign",884.9799999999999,885.0799999999999,"E"
"PhonAlign",885.0799999999999,885.27,"R"
"PhonAlign",885.27,885.3399999999999,"s"
"PhonAlign",885.3399999999999,885.43,"e"
"PhonAlign",885.43,885.4799999999999,"k"
"PhonAlign",885.4799999999999,885.52,"@"
"PhonAlign",885.52,885.63,"s"
"PhonAlign",885.63,885.68,"i"
"PhonAlign",885.68,885.7099999999999,"s"
"PhonAlign",885.7099999999999,885.77,"e"
"PhonAlign",885.77,885.8599999999999,"s"
"PhonAlign",885.8599999999999,885.89,"y"
"PhonAlign",885.89,886.03,"R"
"PhonAlign",886.03,886.0699999999999,"p"
"PhonAlign",886.0699999999999,886.0999999999999,"l"
"PhonAlign",886.0999999999999,886.13,"y"
"PhonAlign",886.13,886.16,"z"
"PhonAlign",886.16,886.2099999999999,"j"
"PhonAlign",886.2099999999999,886.26,"9"
"PhonAlign",886.26,886.3399999999999,"R"
"PhonAlign",886.3399999999999,886.43,"Z"
"PhonAlign",886.43,886.4799999999999,"u"
"PhonAlign",886.4799999999999,886.76,"R"
"PhonAlign",886.76,887.1099999999999,"#"
"PhonAlign",887.1099999999999,887.18,"d"
"PhonAlign",887.18,887.25,"e"
"PhonAlign",887.25,887.37,"s"
"PhonAlign",887.37,887.4599999999999,"e"
"PhonAlign",887.4599999999999,887.4899999999999,"j"
"PhonAlign",887.4899999999999,887.5999999999999,"e"
"PhonAlign",887.5999999999999,887.63,"d"
"PhonAlign",887.63,887.7399999999999,"@"
"PhonAlign",887.7399999999999,887.81,"k"
"PhonAlign",887.81,887.8399999999999,"u"
"PhonAlign",887.8399999999999,887.87,"p"
"PhonAlign",887.87,887.9699999999999,"l"
"PhonAlign",887.9699999999999,888.0999999999999,"e"
"PhonAlign",888.0999999999999,888.13,"d"
"PhonAlign",888.13,888.2099999999999,"O~"
"PhonAlign",888.2099999999999,888.26,"p"
"PhonAlign",888.26,888.29,"A/"
"PhonAlign",888.29,888.3199999999999,"R"
"PhonAlign",888.3199999999999,888.39,"E"
"PhonAlign",888.39,888.42,"g"
"PhonAlign",888.42,888.4599999999999,"z"
"PhonAlign",888.4599999999999,888.64,"a~"
"PhonAlign",888.64,888.7099999999999,"p"
"PhonAlign",888.7099999999999,888.76,"l"
"PhonAlign",888.76,888.9799999999999,"@"
"PhonAlign",888.9799999999999,889.025,"l"
"PhonAlign",889.025,889.555,"#"
"PhonAlign",889.555,889.6049999999999,"m"
"PhonAlign",889.6049999999999,889.745,"E"
"PhonAlign",889.745,889.795,"t"
"PhonAlign",889.795,889.935,"R"
"PhonAlign",889.935,889.9649999999999,"fp"
"PhonAlign",889.9649999999999,889.995,"l"
"PhonAlign",889.995,890.025,"E"
"PhonAlign",890.025,890.0749999999999,"A/"
"PhonAlign",890.0749999999999,890.1049999999999,"v"
"PhonAlign",890.1049999999999,890.255,"E"
"PhonAlign",890.255,890.285,"k"
"PhonAlign",890.285,890.3149999999999,"l"
"PhonAlign",890.3149999999999,890.3449999999999,"p"
"PhonAlign",890.3449999999999,890.395,"E"
"PhonAlign",890.395,890.755,"R"
"PhonAlign",890.755,890.8449999999999,"@"
"PhonAlign",890.8449999999999,890.885,"n"
"PhonAlign",890.885,890.915,"O/"
"PhonAlign",890.915,891.025,"E"
"PhonAlign",891.025,891.175,"l"
"PhonAlign",891.175,891.3149999999999,"@"
"PhonAlign",891.3149999999999,891.415,"E"
"PhonAlign",891.415,891.4649999999999,"t"
"PhonAlign",891.4649999999999,891.495,"y"
"PhonAlign",891.495,891.525,"n"
"PhonAlign",891.525,891.5849999999999,"O/"
"PhonAlign",891.5849999999999,891.8549999999999,"R"
"PhonAlign",891.8549999999999,891.885,"d"
"PhonAlign",891.885,891.935,"y"
"PhonAlign",891.935,892.055,"R"
"PhonAlign",892.055,892.1149999999999,"@"
"PhonAlign",892.1149999999999,892.175,"Z"
"PhonAlign",892.175,892.2249999999999,"y"
"PhonAlign",892.2249999999999,892.3549999999999,"s"
"PhonAlign",892.3549999999999,892.385,"d"
"PhonAlign",892.385,892.415,"a~"
"PhonAlign",892.415,892.4549999999999,"U~/"
"PhonAlign",892.4549999999999,892.4849999999999,"p"
"PhonAlign",892.4849999999999,892.655,"R"
"PhonAlign",892.655,892.7249999999999,"e"
"PhonAlign",892.7249999999999,892.795,"l"
"PhonAlign",892.795,892.8349999999999,"O/"
"PhonAlign",892.8349999999999,892.9449999999999,"k"
"PhonAlign",892.9449999999999,892.9749999999999,"O/"
"PhonAlign",892.9749999999999,893.015,"m"
"PhonAlign",893.015,893.1049999999999,"s"
"PhonAlign",893.1049999999999,893.305,"A/"
"PhonAlign",893.305,893.3649999999999,"j"
"PhonAlign",893.3649999999999,893.405,"O/"
"PhonAlign",893.405,893.4549999999999,"R"
"PhonAlign",893.4549999999999,893.555,"A/"
"PhonAlign",893.555,893.5849999999999,"d"
"PhonAlign",893.5849999999999,893.655,"e"
"PhonAlign",893.655,893.7149999999999,"Z"
"PhonAlign",893.7149999999999,893.755,"a~"
"PhonAlign",893.755,893.785,"p"
"PhonAlign",893.785,893.8249999999999,"2"
"PhonAlign",893.8249999999999,893.8549999999999,"t"
"PhonAlign",893.8549999999999,893.885,"E"
"PhonAlign",893.885,893.915,"t"
"PhonAlign",893.915,893.9449999999999,"R"
"PhonAlign",893.9449999999999,893.995,"k"
"PhonAlign",893.995,894.035,"j"
"PhonAlign",894.035,894.0649999999999,"v"
"PhonAlign",894.0649999999999,894.1049999999999,"O~"
"PhonAlign",894.1049999999999,894.145,"R"
"PhonAlign",894.145,894.185,"E"
"PhonAlign",894.185,894.2349999999999,"s"
"PhonAlign",894.2349999999999,894.275,"t"
"PhonAlign",894.275,894.3449999999999,"e"
"PhonAlign",894.3449999999999,894.395,"p"
"PhonAlign",894.395,894.425,"u"
"PhonAlign",894.425,894.4549999999999,"R"
"PhonAlign",894.4549999999999,894.4849999999999,"l"
"PhonAlign",894.4849999999999,894.545,"e"
"PhonAlign",894.545,894.5849999999999,"d"
"PhonAlign",894.5849999999999,894.645,"2"
"PhonAlign",894.645,894.7049999999999,"z"
"PhonAlign",894.7049999999999,894.745,"f"
"PhonAlign",894.745,894.875,"i"
"PhonAlign",894.875,894.905,"l"
"PhonAlign",894.905,894.974063,"m"
"PhonAlign",894.974063,895.655,"#"
"PhonAlign",895.655,895.6949999999999,"p"
"PhonAlign",895.6949999999999,895.745,"s"
"PhonAlign",895.745,895.775,"k"
"PhonAlign",895.775,895.805,"S"
"PhonAlign",895.805,895.8349999999999,"p"
"PhonAlign",895.8349999999999,895.865,"a~"
"PhonAlign",895.865,895.905,"s"
"PhonAlign",895.905,895.9649999999999,"p"
"PhonAlign",895.9649999999999,896.015,"A/"
"PhonAlign",896.015,896.105,"k"
"PhonAlign",896.105,896.135,"j"
"PhonAlign",896.135,896.165,"A/"
"PhonAlign",896.165,896.1949999999999,"v"
"PhonAlign",896.1949999999999,896.225,"R"
"PhonAlign",896.225,896.305,"E"
"PhonAlign",896.305,896.3349999999999,"m"
"PhonAlign",896.3349999999999,896.4449999999999,"a~"
"PhonAlign",896.4449999999999,896.475,"d"
"PhonAlign",896.475,896.555,"e"
"PhonAlign",896.555,896.625,"z"
"PhonAlign",896.625,896.655,"Z"
"PhonAlign",896.655,896.6949999999999,"a~"
"PhonAlign",896.6949999999999,896.725,"k"
"PhonAlign",896.725,896.755,"v"
"PhonAlign",896.755,896.785,"j"
"PhonAlign",896.785,896.8149999999999,"E"
"PhonAlign",896.8149999999999,896.895,"n"
"PhonAlign",896.895,896.925,"A/"
"PhonAlign",896.925,896.9549999999999,"v"
"PhonAlign",896.9549999999999,897.015,"E"
"PhonAlign",897.015,897.045,"k"
"PhonAlign",897.045,897.0749999999999,"l"
"PhonAlign",897.0749999999999,897.105,"9"
"PhonAlign",897.105,897.135,"R"
"PhonAlign",897.135,897.1949999999999,"z"
"PhonAlign",897.1949999999999,897.275,"a~"
"PhonAlign",897.275,897.305,"f"
"PhonAlign",897.305,897.425,"a~"
"PhonAlign",897.425,897.505,"Z"
"PhonAlign",897.505,897.5649999999999,"y"
"PhonAlign",897.5649999999999,897.615,"s"
"PhonAlign",897.615,897.685,"p"
"PhonAlign",897.685,897.8149999999999,"u"
"PhonAlign",897.8149999999999,897.865,"R"
"PhonAlign",897.865,897.895,"v"
"PhonAlign",897.895,897.925,"w"
"PhonAlign",897.925,897.985,"A/"
"PhonAlign",897.985,898.095,"R"
"PhonAlign",898.095,898.125,"U~/"
"PhonAlign",898.125,898.4449999999999,"f"
"PhonAlign",898.4449999999999,898.475,"i"
"PhonAlign",898.475,898.645,"l"
"PhonAlign",898.645,898.7149999999999,"m"
"PhonAlign",898.7149999999999,898.755,"a~"
"PhonAlign",898.755,898.865,"s"
"PhonAlign",898.865,898.895,"j"
"PhonAlign",898.895,898.990313,"U~/"
"PhonAlign",898.990313,900.11,"#"
"PhonAlign",900.11,900.33,"noise"
"PhonAlign",900.33,900.63,"#"
"PhonAlign",900.63,900.846563,"noise"
"PhonAlign",900.846563,907.995,"#"
"PhonAlign",907.995,908.395,"m"
"PhonAlign",908.395,908.555,"E"
"PhonAlign",908.555,908.645,"s"
"PhonAlign",908.645,908.715,"k"
"PhonAlign",908.715,908.785,"O~"
"PhonAlign",908.785,908.845,"n"
"PhonAlign",908.845,909.005,"A/"
"PhonAlign",909.005,909.035,"O/"
"PhonAlign",909.035,909.185,"s"
"PhonAlign",909.185,909.275,"i"
"PhonAlign",909.275,909.375,"d"
"PhonAlign",909.375,909.405,"O/"
"PhonAlign",909.405,909.445,"t"
"PhonAlign",909.445,909.655,"R"
"PhonAlign",909.655,909.685,"@"
"PhonAlign",909.685,909.865,"A/"
"PhonAlign",909.865,910.045,"R"
"PhonAlign",910.045,910.135,"g"
"PhonAlign",910.135,910.165,"y"
"PhonAlign",910.165,910.215,"m"
"PhonAlign",910.215,910.265,"a~"
"PhonAlign",910.265,910.295,"p"
"PhonAlign",910.295,910.345,"u"
"PhonAlign",910.345,910.475,"R"
"PhonAlign",910.475,910.505,"E"
"PhonAlign",910.505,910.535,"k"
"PhonAlign",910.535,910.565,"s"
"PhonAlign",910.565,910.595,"p"
"PhonAlign",910.595,910.625,"l"
"PhonAlign",910.625,910.695,"i"
"PhonAlign",910.695,910.725,"k"
"PhonAlign",910.725,910.805,"e"
"PhonAlign",910.805,910.835,"p"
"PhonAlign",910.835,910.885,"u"
"PhonAlign",910.885,910.915,"R"
"PhonAlign",910.915,910.945,"k"
"PhonAlign",910.945,910.975,"w"
"PhonAlign",910.975,911.015,"A/"
"PhonAlign",911.015,911.045,"O~"
"PhonAlign",911.045,911.145,"A/"
"PhonAlign",911.145,911.185,"p"
"PhonAlign",911.185,911.225,"R"
"PhonAlign",911.225,911.265,"i"
"PhonAlign",911.265,911.325,"U~/"
"PhonAlign",911.325,911.455,"s"
"PhonAlign",911.455,911.605,"i"
"PhonAlign",911.605,911.635,"n"
"PhonAlign",911.635,911.735,"E"
"PhonAlign",911.735,911.765,"m"
"PhonAlign",911.765,911.795,"A/"
"PhonAlign",911.795,911.825,"d"
"PhonAlign",911.825,912.045,"R"
"PhonAlign",912.045,912.075,"A/"
"PhonAlign",912.075,912.155,"j"
"PhonAlign",912.155,912.203437,"v"
"PhonAlign",912.203437,912.827813,"#"
"PhonAlign",912.827813,912.877813,"p"
"PhonAlign",912.877813,912.987813,"R"
"PhonAlign",912.987813,913.017813,"s"
"PhonAlign",913.017813,913.047813,"k"
"PhonAlign",913.047813,913.077813,"l"
"PhonAlign",913.077813,913.107813,"A/"
"PhonAlign",913.107813,913.137813,"d"
"PhonAlign",913.137813,913.247813,"y"
"PhonAlign",913.247813,913.317813,"k"
"PhonAlign",913.317813,913.347813,"u"
"PhonAlign",913.347813,913.407813,"Z"
"PhonAlign",913.407813,913.477813,"e"
"PhonAlign",913.477813,913.557813,"Z"
"PhonAlign",913.557813,913.587813,"y"
"PhonAlign",913.587813,913.707813,"s"
"PhonAlign",913.707813,913.737813,"m"
"PhonAlign",913.737813,913.847813,"i"
"PhonAlign",913.847813,913.937813,"A/"
"PhonAlign",913.937813,914.037813,"k"
"PhonAlign",914.037813,914.107813,"2"
"PhonAlign",914.107813,914.137813,"j"
"PhonAlign",914.137813,914.167813,"i"
"PhonAlign",914.167813,914.197813,"R"
"PhonAlign",914.197813,914.227813,"U~/"
"PhonAlign",914.227813,914.257813,"g"
"PhonAlign",914.257813,914.437813,"R"
"PhonAlign",914.437813,914.537813,"a~"
"PhonAlign",914.537813,914.567813,"n"
"PhonAlign",914.567813,914.597813,"O~"
"PhonAlign",914.597813,914.627813,"b"
"PhonAlign",914.627813,914.657813,"R"
"PhonAlign",914.657813,914.697813,"@"
"PhonAlign",914.697813,914.737813,"d"
"PhonAlign",914.737813,914.797813,"@"
"PhonAlign",914.797813,914.827813,"p"
"PhonAlign",914.827813,914.947813,"E"
"PhonAlign",914.947813,914.987813,"R"
"PhonAlign",914.987813,915.107813,"s"
"PhonAlign",915.107813,915.277813,"O/"
"PhonAlign",915.277813,915.44,"n"
"PhonAlign",915.44,916.005,"#"
"PhonAlign",916.005,916.075,"e"
"PhonAlign",916.075,916.105,"k"
"PhonAlign",916.105,916.215,"s"
"PhonAlign",916.215,916.285,"t"
"PhonAlign",916.285,916.325,"E"
"PhonAlign",916.325,916.435,"U~/"
"PhonAlign",916.435,916.475,"k"
"PhonAlign",916.475,916.535,"A/"
"PhonAlign",916.535,916.565,"d"
"PhonAlign",916.565,916.595,"R"
"PhonAlign",916.595,916.645,"O/"
"PhonAlign",916.645,916.815,"R"
"PhonAlign",916.815,916.865,"i"
"PhonAlign",916.865,916.905,"Z"
"PhonAlign",916.905,916.935,"i"
"PhonAlign",916.935,916.975,"n"
"PhonAlign",916.975,917.245,"A/"
"PhonAlign",917.245,917.282812,"l"
"PhonAlign",917.282812,918.45,"#"
"PhonAlign",918.45,918.53,"m"
"PhonAlign",918.53,918.57,"A/"
"PhonAlign",918.57,918.63,"p"
"PhonAlign",918.63,918.73,"R"
"PhonAlign",918.73,919.37,"E"
"PhonAlign",919.37,919.43,"z"
"PhonAlign",919.43,920.27,"fp"
"PhonAlign",920.27,920.865,"#"
"PhonAlign",920.865,921.165,"noise"
"PhonAlign",921.165,922.425,"#"
"PhonAlign",922.425,922.465,"s"
"PhonAlign",922.465,922.545,"e"
"PhonAlign",922.545,922.575,"v"
"PhonAlign",922.575,922.645,"R"
"PhonAlign",922.645,922.685,"E"
"PhonAlign",922.685,922.985,"#"
"PhonAlign",922.985,923.045,"b"
"PhonAlign",923.045,923.135,"O/"
"PhonAlign",923.135,923.165,"b"
"PhonAlign",923.165,923.355,"O/"
"PhonAlign",923.355,923.385,"n"
"PhonAlign",923.385,923.495,"@"
"PhonAlign",923.495,923.615,"S"
"PhonAlign",923.615,923.725,"O/"
"PhonAlign",923.725,923.845,"z"
"PhonAlign",923.845,931.76,"#"
"PhonAlign",931.76,931.89,"a~"
"PhonAlign",931.89,931.92,"p"
"PhonAlign",931.92,931.95,"l"
"PhonAlign",931.95,931.98,"y"
"PhonAlign",931.98,932.08,"s"
"PhonAlign",932.08,932.21,"A/"
"PhonAlign",932.21,932.24,"k"
"PhonAlign",932.24,932.3,"u"
"PhonAlign",932.3,932.35,"t"
"PhonAlign",932.35,932.38,"2"
"PhonAlign",932.38,932.42,"R"
"PhonAlign",932.42,932.47,"E"
"PhonAlign",932.47,932.57,"m"
"PhonAlign",932.57,932.61,"w"
"PhonAlign",932.61,932.67,"U~/"
"PhonAlign",932.67,932.77,"S"
"PhonAlign",932.77,932.82,"E"
"PhonAlign",932.82,932.92,"R"
"PhonAlign",932.92,932.99,"O/"
"PhonAlign",932.99,933.12,"s"
"PhonAlign",933.12,933.19,"i"
"PhonAlign",933.19,933.28,"S"
"PhonAlign",933.28,933.34,"p"
"PhonAlign",933.34,933.44,"a~"
"PhonAlign",933.44,933.55,"s"
"PhonAlign",933.55,933.63,"U~/"
"PhonAlign",933.63,933.75,"s"
"PhonAlign",933.75,933.78,"O~"
"PhonAlign",933.78,933.81,"A/"
"PhonAlign",933.81,933.84,"Z"
"PhonAlign",933.84,933.87,"u"
"PhonAlign",933.87,933.9,"t"
"PhonAlign",933.9,933.94,"E"
"PhonAlign",933.94,934.07,"t"
"PhonAlign",934.07,934.18,"U~/"
"PhonAlign",934.18,934.27,"E"
"PhonAlign",934.27,934.3,"k"
"PhonAlign",934.3,934.4,"R"
"PhonAlign",934.4,934.49,"a~"
"PhonAlign",934.49,934.52,"p"
"PhonAlign",934.52,934.55,"l"
"PhonAlign",934.55,934.58,"y"
"PhonAlign",934.58,934.65,"t"
"PhonAlign",934.65,934.71,"O/"
"PhonAlign",934.71,934.74,"k"
"PhonAlign",934.74,934.8,"R"
"PhonAlign",934.8,934.84,"E"
"PhonAlign",934.84,934.89,"z"
"PhonAlign",934.89,934.93,"E"
"PhonAlign",934.93,934.97,"R"
"PhonAlign",934.97,935.0,"v"
"PhonAlign",935.0,935.06,"e"
"PhonAlign",935.06,935.09,"y"
"PhonAlign",935.09,935.14,"n"
"PhonAlign",935.14,935.23,"s"
"PhonAlign",935.23,935.37,"A/"
"PhonAlign",935.37,935.440313,"l"
"PhonAlign",935.440313,965.435,"#"
"PhonAlign",965.435,965.475,"w"
"PhonAlign",965.475,965.71,"E"
"PhonAlign",965.71,968.75,"#"
"PhonAlign",968.75,969.17,"fp"
"PhonAlign",969.17,969.41,"s"
"PhonAlign",969.41,969.51,"y"
"PhonAlign",969.51,969.58,"p"
"PhonAlign",969.58,969.98,"E"
"PhonAlign",969.98,970.2,"R"
"PhonAlign",970.2,970.28,"@"
"PhonAlign",970.28,970.31,"m"
"PhonAlign",970.31,970.39,"a~"
"PhonAlign",970.39,970.42,"p"
"PhonAlign",970.42,970.84,"l"
"PhonAlign",970.84,970.87,"y"
"PhonAlign",970.87,970.96,"s"
"PhonAlign",970.96,971.04,"A/"
"PhonAlign",971.04,971.11,"s"
"PhonAlign",971.11,971.18,"R"
"PhonAlign",971.18,971.24,"E"
"PhonAlign",971.24,971.29,"m"
"PhonAlign",971.29,971.36,"E"
"PhonAlign",971.36,971.41,"m"
"PhonAlign",971.41,971.52,"@"
"PhonAlign",971.52,971.63,"#"
"PhonAlign",971.63,971.75,"O/"
"PhonAlign",971.75,971.78,"f"
"PhonAlign",971.78,971.84,"i"
"PhonAlign",971.84,971.88,"n"
"PhonAlign",971.88,971.93,"A/"
"PhonAlign",971.93,971.96,"l"
"PhonAlign",971.96,972.03,"Z"
"PhonAlign",972.03,972.08,"y"
"PhonAlign",972.08,972.16,"s"
"PhonAlign",972.16,972.21,"p"
"PhonAlign",972.21,972.36,"u"
"PhonAlign",972.36,972.39,"R"
"PhonAlign",972.39,972.42,"R"
"PhonAlign",972.42,972.45,"2"
"PhonAlign",972.45,972.48,"v"
"PhonAlign",972.48,972.55,"n"
"PhonAlign",972.55,972.61,"i"
"PhonAlign",972.61,972.67,"R"
"PhonAlign",972.67,972.79,"s"
"PhonAlign",972.79,972.82,"y"
"PhonAlign",972.82,972.85,"R"
"PhonAlign",972.85,972.88,"l"
"PhonAlign",972.88,972.99,"@"
"PhonAlign",972.99,973.03,"m"
"PhonAlign",973.03,973.06,"w"
"PhonAlign",973.06,973.13,"U~/"
"PhonAlign",973.13,973.25,"S"
"PhonAlign",973.25,973.42,"E"
"PhonAlign",973.42,973.57,"R"
"PhonAlign",973.57,973.77,"#"
"PhonAlign",973.77,973.83,"s"
"PhonAlign",973.83,973.91,"A/"
"PhonAlign",973.91,973.97,"s"
"PhonAlign",973.97,974.03,"R"
"PhonAlign",974.03,974.07,"E"
"PhonAlign",974.07,974.13,"m"
"PhonAlign",974.13,974.17,"w"
"PhonAlign",974.17,974.23,"U~/"
"PhonAlign",974.23,974.29,"z"
"PhonAlign",974.29,974.32,"S"
"PhonAlign",974.32,974.49,"E"
"PhonAlign",974.49,974.52,"R"
"PhonAlign",974.52,974.55,"p"
"PhonAlign",974.55,974.59,"u"
"PhonAlign",974.59,974.67,"R"
"PhonAlign",974.67,974.76,"n"
"PhonAlign",974.76,975.0,"u"
"PhonAlign",975.0,975.31,"#"
"PhonAlign",975.31,975.39,"e"
"PhonAlign",975.39,975.45,"s"
"PhonAlign",975.45,975.54,"A/"
"PhonAlign",975.54,975.62,"s"
"PhonAlign",975.62,975.7,"R"
"PhonAlign",975.7,975.73,"E"
"PhonAlign",975.73,975.76,"O/"
"PhonAlign",975.76,975.9,"s"
"PhonAlign",975.9,975.95,"i"
"PhonAlign",975.95,975.98,"m"
"PhonAlign",975.98,976.01,"w"
"PhonAlign",976.01,976.08,"U~/"
"PhonAlign",976.08,976.11,"S"
"PhonAlign",976.11,976.14,"E"
"PhonAlign",976.14,976.29,"R"
"PhonAlign",976.29,976.38,"p"
"PhonAlign",976.38,976.41,"u"
"PhonAlign",976.41,976.71,"R"
"PhonAlign",976.71,976.97,"fp"
"PhonAlign",976.97,977.01,"l"
"PhonAlign",977.01,977.1,"e"
"PhonAlign",977.1,977.13,"p"
"PhonAlign",977.13,977.21,"y"
"PhonAlign",977.21,977.24,"b"
"PhonAlign",977.24,977.29,"l"
"PhonAlign",977.29,977.44,"i"
"PhonAlign",977.44,977.725,"k"
"PhonAlign",977.725,977.97,"#"
"PhonAlign",977.97,978.35,"fp"
"PhonAlign",978.35,978.41,"d"
"PhonAlign",978.41,978.46,"y"
"PhonAlign",978.46,978.55,"k"
"PhonAlign",978.55,978.73,"u"
"PhonAlign",978.73,979.035,"#"
"PhonAlign",979.035,979.2,"noise"
"PhonAlign",979.2,979.64,"#"
"PhonAlign",979.64,979.7,"s"
"PhonAlign",979.7,979.75,"s"
"PhonAlign",979.75,979.82,"R"
"PhonAlign",979.82,979.87,"E"
"PhonAlign",979.87,979.9,"b"
"PhonAlign",979.9,979.93,"j"
"PhonAlign",979.93,979.99,"U~/"
"PhonAlign",979.99,980.02,"j"
"PhonAlign",980.02,980.05,"O/"
"PhonAlign",980.05,980.08,"R"
"PhonAlign",980.08,980.13,"A/"
"PhonAlign",980.13,980.19,"p"
"PhonAlign",980.19,980.24,"@"
"PhonAlign",980.24,980.27,"E"
"PhonAlign",980.27,980.3,"t"
"PhonAlign",980.3,980.33,"p"
"PhonAlign",980.33,980.36,"l"
"PhonAlign",980.36,980.41,"y"
"PhonAlign",980.41,980.54,"t"
"PhonAlign",980.54,980.58,"m"
"PhonAlign",980.58,980.63,"O~"
"PhonAlign",980.63,980.69,"d"
"PhonAlign",980.69,980.87,"O/"
"PhonAlign",980.87,980.91,"s"
"PhonAlign",980.91,981.05,"i"
"PhonAlign",981.05,981.14,"k"
"PhonAlign",981.14,981.17,"v"
"PhonAlign",981.17,981.2,"j"
"PhonAlign",981.2,981.23,"U~/"
"PhonAlign",981.23,981.272812,"A/"
"PhonAlign",981.272812,990.925,"#"
"PhonAlign",990.925,990.985,"A/"
"PhonAlign",990.985,991.015,"u"
"PhonAlign",991.015,991.045,"i"
"PhonAlign",991.045,991.125,"S"
"PhonAlign",991.125,991.185,"s"
"PhonAlign",991.185,991.225,"A/"
"PhonAlign",991.225,991.265,"v"
"PhonAlign",991.265,991.315,"e"
"PhonAlign",991.315,991.415,"p"
"PhonAlign",991.415,991.475,"A/"
"PhonAlign",991.475,991.535,"d"
"PhonAlign",991.535,991.665,"y"
"PhonAlign",991.665,991.715,"t"
"PhonAlign",991.715,991.836563,"u"
"PhonAlign",991.836563,993.865,"#"
"PhonAlign",993.865,993.995,"s"
"PhonAlign",993.995,994.035,"t"
"PhonAlign",994.035,994.105,"e"
"PhonAlign",994.105,994.135,"v"
"PhonAlign",994.135,994.205,"E"
"PhonAlign",994.205,994.365,"R"
"PhonAlign",994.365,994.485937,"u"
"PhonAlign",994.485937,999.645,"#"
"PhonAlign",999.645,999.935,"A/"
"PhonAlign",999.935,1000.135,"u"
"PhonAlign",1000.135,1000.274063,"i"
"PhonAlign",1000.274063,1045.44,"#"
"PhonAlign",1045.44,1045.52,"w"
"PhonAlign",1045.52,1045.752188,"E"
"PhonAlign",1045.752188,1050.075,"#"
"PhonAlign",1050.075,1050.185,"u"
"PhonAlign",1050.185,1050.274688,"i"
"PhonAlign",1050.274688,1059.815,"#"
"PhonAlign",1059.815,1059.865,"n"
"PhonAlign",1059.865,1059.895,"O/"
"PhonAlign",1059.895,1059.995,"l"
"PhonAlign",1059.995,1060.1950000000002,"A/"
"PhonAlign",1060.1950000000002,1060.225,"Z"
"PhonAlign",1060.225,1060.255,"E"
"PhonAlign",1060.255,1060.285,"p"
"PhonAlign",1060.285,1060.375,"A/"
"PhonAlign",1060.375,1060.535,"z"
"PhonAlign",1060.535,1060.655,"d"
"PhonAlign",1060.655,1060.815,"O/"
"PhonAlign",1060.815,1060.845,"t"
"PhonAlign",1060.845,1061.115,"R"
"PhonAlign",1061.115,1061.555,"2"
"PhonAlign",1061.555,1061.585,"z"
"PhonAlign",1061.585,1061.665,"k"
"PhonAlign",1061.665,1061.7050000000002,"E"
"PhonAlign",1061.7050000000002,1061.855,"s"
"PhonAlign",1061.855,1061.885,"j"
"PhonAlign",1061.885,1061.9550000000002,"O~"
"PhonAlign",1061.9550000000002,1062.025,"e"
"PhonAlign",1062.025,1062.075,"d"
"PhonAlign",1062.075,1062.105,"O/"
"PhonAlign",1062.105,1062.165,"t"
"PhonAlign",1062.165,1062.1950000000002,"R"
"PhonAlign",1062.1950000000002,1062.225,"@"
"PhonAlign",1062.225,1062.375,"i"
"PhonAlign",1062.375,1062.405,"d"
"PhonAlign",1062.405,1062.559688,"e"
"PhonAlign",1062.559688,1064.16,"#"
"PhonAlign",1064.16,1064.85,"@"
"PhonAlign",1064.85,1064.88,"m"
"PhonAlign",1064.88,1064.91,"O/"
"PhonAlign",1064.91,1065.37,"R"
"PhonAlign",1065.37,1065.4,"i"
"PhonAlign",1065.4,1065.7900000000002,"Z"
"PhonAlign",1065.7900000000002,1065.8200000000002,"i"
"PhonAlign",1065.8200000000002,1065.9,"n"
"PhonAlign",1065.9,1066.02,"A/"
"PhonAlign",1066.02,1066.06,"l"
"PhonAlign",1066.06,1066.12,"#"
"PhonAlign",1066.12,1066.16,"p"
"PhonAlign",1066.16,1066.26,"A/"
"PhonAlign",1066.26,1066.38,"s"
"PhonAlign",1066.38,1066.4199999999998,"y"
"PhonAlign",1066.4199999999998,1066.53,"R"
"PhonAlign",1066.53,1066.56,"l"
"PhonAlign",1066.56,1066.61,"m"
"PhonAlign",1066.61,1066.64,"E"
"PhonAlign",1066.64,1066.6699999999998,"m"
"PhonAlign",1066.6699999999998,1066.89,"t"
"PhonAlign",1066.89,1067.34,"E"
"PhonAlign",1067.34,1067.537813,"m"
"PhonAlign",1067.537813,1070.91,"#"
"PhonAlign",1070.91,1070.96,"b"
"PhonAlign",1070.96,1071.22,"E"
"PhonAlign",1071.22,1071.38,"d"
"PhonAlign",1071.38,1071.5,"a~"
"PhonAlign",1071.5,1071.5800000000002,"t"
"PhonAlign",1071.5800000000002,1071.62,"u"
"PhonAlign",1071.62,1071.65,"l"
"PhonAlign",1071.65,1071.75,"e"
"PhonAlign",1071.75,1071.7900000000002,"k"
"PhonAlign",1071.7900000000002,1071.9,"A/"
"PhonAlign",1071.9,1071.93,"l"
"PhonAlign",1071.93,1071.97,"e"
"PhonAlign",1071.97,1072.0800000000002,"s"
"PhonAlign",1072.0800000000002,1072.11,"i"
"PhonAlign",1072.11,1072.15,"n"
"PhonAlign",1072.15,1072.2,"E"
"PhonAlign",1072.2,1072.24,"m"
"PhonAlign",1072.24,1072.35,"A/"
"PhonAlign",1072.35,1072.45,"A/"
"PhonAlign",1072.45,1072.48,"R"
"PhonAlign",1072.48,1072.51,"d"
"PhonAlign",1072.51,1072.62,"e"
"PhonAlign",1072.62,1072.66,"k"
"PhonAlign",1072.66,1072.71,"O/"
"PhonAlign",1072.71,1072.75,"i"
"PhonAlign",1072.75,1072.78,"n"
"PhonAlign",1072.78,1072.8100000000002,"j"
"PhonAlign",1072.8100000000002,1072.84,"A/"
"PhonAlign",1072.84,1072.87,"v"
"PhonAlign",1072.87,1072.98,"e"
"PhonAlign",1072.98,1073.02,"p"
"PhonAlign",1073.02,1073.0500000000002,"A/"
"PhonAlign",1073.0500000000002,1073.0800000000002,"z"
"PhonAlign",1073.0800000000002,1073.11,"A/"
"PhonAlign",1073.11,1073.2,"s"
"PhonAlign",1073.2,1073.2900000000002,"e"
"PhonAlign",1073.2900000000002,1073.3200000000002,"d"
"PhonAlign",1073.3200000000002,1073.37,"p"
"PhonAlign",1073.37,1073.48,"E"
"PhonAlign",1073.48,1073.62,"R"
"PhonAlign",1073.62,1073.74,"s"
"PhonAlign",1073.74,1073.88,"O/"
"PhonAlign",1073.88,1073.94,"n"
"PhonAlign",1073.94,1073.97,"E"
"PhonAlign",1073.97,1074.09,"s"
"PhonAlign",1074.09,1074.14,"A/"
"PhonAlign",1074.14,1074.26,"s"
"PhonAlign",1074.26,1074.2900000000002,"m"
"PhonAlign",1074.2900000000002,1074.4,"i"
"PhonAlign",1074.4,1074.51,"t"
"PhonAlign",1074.51,1074.5500000000002,"i"
"PhonAlign",1074.5500000000002,1074.5800000000002,"m"
"PhonAlign",1074.5800000000002,1074.61,"e"
"PhonAlign",1074.61,1074.64,"l"
"PhonAlign",1074.64,1074.78,"e"
"PhonAlign",1074.78,1074.8200000000002,"p"
"PhonAlign",1074.8200000000002,1075.44,"A/"
"PhonAlign",1075.44,1075.5600000000002,"z"
"PhonAlign",1075.5600000000002,1075.62,"e"
"PhonAlign",1075.62,1075.65,"l"
"PhonAlign",1075.65,1075.73,"s"
"PhonAlign",1075.73,1075.84,"i"
"PhonAlign",1075.84,1075.88,"n"
"PhonAlign",1075.88,1075.94,"E"
"PhonAlign",1075.94,1075.97,"m"
"PhonAlign",1075.97,1076.02,"A/"
"PhonAlign",1076.02,1076.0500000000002,"k"
"PhonAlign",1076.0500000000002,1076.0800000000002,"l"
"PhonAlign",1076.0800000000002,1076.12,"A/"
"PhonAlign",1076.12,1076.2,"s"
"PhonAlign",1076.2,1076.26,"i"
"PhonAlign",1076.26,1076.2900000000002,"k"
"PhonAlign",1076.2900000000002,1076.37,"s"
"PhonAlign",1076.37,1076.4,"e"
"PhonAlign",1076.4,1076.49,"U~/"
"PhonAlign",1076.49,1076.52,"p"
"PhonAlign",1076.52,1076.61,"2"
"PhonAlign",1076.61,1076.68,"t"
"PhonAlign",1076.68,1076.71,"R"
"PhonAlign",1076.71,1076.77,"i"
"PhonAlign",1076.77,1077.03,"s"
"PhonAlign",1077.03,1077.2900000000002,"t"
"PhonAlign",1077.2900000000002,1077.42,"s"
"PhonAlign",1077.42,1077.46,"e"
"PhonAlign",1077.46,1077.51,"k"
"PhonAlign",1077.51,1077.5600000000002,"O/"
"PhonAlign",1077.5600000000002,1077.59,"m"
"PhonAlign",1077.59,1077.68,"s"
"PhonAlign",1077.68,1077.7900000000002,"a~"
"PhonAlign",1077.7900000000002,1077.8200000000002,"p"
"PhonAlign",1077.8200000000002,1077.85,"l"
"PhonAlign",1077.85,1077.9,"y"
"PhonAlign",1077.9,1078.0,"s"
"PhonAlign",1078.0,1078.15,"l"
"PhonAlign",1078.15,1078.39,"@"
"PhonAlign",1078.39,1078.49,"a~"
"PhonAlign",1078.49,1078.52,"f"
"PhonAlign",1078.52,1078.64,"a~"
"PhonAlign",1078.64,1078.74,"i"
"PhonAlign",1078.74,1078.7900000000002,"z"
"PhonAlign",1078.7900000000002,1078.8200000000002,"s"
"PhonAlign",1078.8200000000002,1078.85,"R"
"PhonAlign",1078.85,1078.9,"E"
"PhonAlign",1078.9,1079.02,"m"
"PhonAlign",1079.02,1079.0800000000002,"O/"
"PhonAlign",1079.0800000000002,1079.14,"t"
"PhonAlign",1079.14,1079.24,"i"
"PhonAlign",1079.24,1079.27,"v"
"PhonAlign",1079.27,1079.34,"e"
"PhonAlign",1079.34,1079.4,"A/"
"PhonAlign",1079.4,1079.45,"A/"
"PhonAlign",1079.45,1079.48,"l"
"PhonAlign",1079.48,1079.53,"e"
"PhonAlign",1079.53,1079.5600000000002,"d"
"PhonAlign",1079.5600000000002,1079.63,"a~"
"PhonAlign",1079.63,1079.77,"U~/"
"PhonAlign",1079.77,1079.87,"s"
"PhonAlign",1079.87,1080.01,"i"
"PhonAlign",1080.01,1080.0400000000002,"n"
"PhonAlign",1080.0400000000002,1080.0700000000002,"E"
"PhonAlign",1080.0700000000002,1080.1,"m"
"PhonAlign",1080.1,1080.15,"A/"
"PhonAlign",1080.15,1080.25,"a~"
"PhonAlign",1080.25,1080.28,"v"
"PhonAlign",1080.28,1080.3100000000002,"w"
"PhonAlign",1080.3100000000002,1080.39,"A/"
"PhonAlign",1080.39,1080.51,"t"
"PhonAlign",1080.51,1080.6,"y"
"PhonAlign",1080.6,1080.68,"R"
"PhonAlign",1080.68,1080.8,"#"
"PhonAlign",1080.8,1080.84,"s"
"PhonAlign",1080.84,1080.87,"l"
"PhonAlign",1080.87,1080.91,"9"
"PhonAlign",1080.91,1080.98,"R"
"PhonAlign",1080.98,1081.09,"S"
"PhonAlign",1081.09,1081.28,"a~"
"PhonAlign",1081.28,1081.409063,"Z"
"PhonAlign",1081.409063,1082.075,"#"
"PhonAlign",1082.075,1082.135,"v"
"PhonAlign",1082.135,1082.165,"y"
"PhonAlign",1082.165,1082.195,"k"
"PhonAlign",1082.195,1082.235,"@"
"PhonAlign",1082.235,1082.265,"v"
"PhonAlign",1082.265,1082.375,"R"
"PhonAlign",1082.375,1082.405,"e"
"PhonAlign",1082.405,1082.435,"m"
"PhonAlign",1082.435,1082.505,"a~"
"PhonAlign",1082.505,1082.655,"t"
"PhonAlign",1082.655,1082.715,"s"
"PhonAlign",1082.715,1082.765,"e"
"PhonAlign",1082.765,1082.805,"t"
"PhonAlign",1082.805,1082.835,"u"
"PhonAlign",1082.835,1082.905,"t"
"PhonAlign",1082.905,1082.935,"2"
"PhonAlign",1082.935,1082.965,"l"
"PhonAlign",1082.965,1082.995,"A/"
"PhonAlign",1082.995,1083.025,"f"
"PhonAlign",1083.025,1083.065,"A/"
"PhonAlign",1083.065,1083.125,"m"
"PhonAlign",1083.125,1083.235,"i"
"PhonAlign",1083.235,1083.315,"j"
"PhonAlign",1083.315,1083.375,"@"
"PhonAlign",1083.375,1089.475,"#"
"PhonAlign",1089.475,1089.5749999999998,"b"
"PhonAlign",1089.5749999999998,1089.865,"O/"
"PhonAlign",1089.865,1089.895,"d"
"PhonAlign",1089.895,1089.965,"y"
"PhonAlign",1089.965,1090.035,"k"
"PhonAlign",1090.035,1090.0749999999998,"u"
"PhonAlign",1090.0749999999998,1090.225,"l"
"PhonAlign",1090.225,1090.255,"A/"
"PhonAlign",1090.255,1090.3049999999998,"i"
"PhonAlign",1090.3049999999998,1090.435,"e"
"PhonAlign",1090.435,1090.475,"k"
"PhonAlign",1090.475,1090.625,"A/"
"PhonAlign",1090.625,1090.775,"R"
"PhonAlign",1090.775,1090.8249999999998,"a~"
"PhonAlign",1090.8249999999998,1090.855,"t"
"PhonAlign",1090.855,1090.905,"d"
"PhonAlign",1090.905,1090.995,"O~"
"PhonAlign",1090.995,1091.0749999999998,"S"
"PhonAlign",1091.0749999999998,1091.135,"p"
"PhonAlign",1091.135,1091.205,"a~"
"PhonAlign",1091.205,1091.395,"s"
"PhonAlign",1091.395,1091.475,"k"
"PhonAlign",1091.475,1092.0649999999998,"@"
"PhonAlign",1092.0649999999998,1092.0949999999998,"O/"
"PhonAlign",1092.0949999999998,1092.235,"s"
"PhonAlign",1092.235,1092.285,"e"
"PhonAlign",1092.285,1092.3449999999998,"A/"
"PhonAlign",1092.3449999999998,1092.375,"n"
"PhonAlign",1092.375,1092.475,"E"
"PhonAlign",1092.475,1092.505,"v"
"PhonAlign",1092.505,1092.5749999999998,"A/"
"PhonAlign",1092.5749999999998,1092.635,"b"
"PhonAlign",1092.635,1092.665,"j"
"PhonAlign",1092.665,1092.765,"U~/"
"PhonAlign",1092.765,1092.855,"t"
"PhonAlign",1092.855,1092.935,"O/"
"PhonAlign",1092.935,1093.125,"R"
"PhonAlign",1093.125,1093.165,"2"
"PhonAlign",1093.165,1093.195,"v"
"PhonAlign",1093.195,1093.245,"n"
"PhonAlign",1093.245,1093.285,"i"
"PhonAlign",1093.285,1093.355,"R"
"PhonAlign",1093.355,1093.415,"A/"
"PhonAlign",1093.415,1093.505,"k"
"PhonAlign",1093.505,1093.5749999999998,"A/"
"PhonAlign",1093.5749999999998,1093.615,"R"
"PhonAlign",1093.615,1093.645,"a~"
"PhonAlign",1093.645,1093.735,"t"
"PhonAlign",1093.735,1093.765,"E"
"PhonAlign",1093.765,1093.8,"U~/"
"PhonAlign",1093.8,1094.415,"#"
"PhonAlign",1094.415,1094.455,"e"
"PhonAlign",1094.455,1094.485,"O~"
"PhonAlign",1094.485,1094.535,"A/"
"PhonAlign",1094.535,1094.585,"t"
"PhonAlign",1094.585,1094.625,"u"
"PhonAlign",1094.625,1094.705,"t"
"PhonAlign",1094.705,1094.745,"b"
"PhonAlign",1094.745,1094.785,"j"
"PhonAlign",1094.785,1094.855,"U~/"
"PhonAlign",1094.855,1094.895,"k"
"PhonAlign",1094.895,1094.935,"O~"
"PhonAlign",1094.935,1094.965,"p"
"PhonAlign",1094.965,1095.025,"l"
"PhonAlign",1095.025,1095.075,"E"
"PhonAlign",1095.075,1095.125,"t"
"PhonAlign",1095.125,1095.235,"e"
"TokensAlign",0.0,1.165,"#"
"TokensAlign",1.165,1.594688,"super"
"TokensAlign",1.594688,2.556563,"#"
"TokensAlign",2.556563,2.796563,"du_coup"
"TokensAlign",2.796563,3.136563,"là"
"TokensAlign",3.136563,3.226563,"on"
"TokensAlign",3.226563,3.396563,"va"
"TokensAlign",3.396563,3.766563,"vraiment"
"TokensAlign",3.766563,4.056563000000001,"rentrer"
"TokensAlign",4.056563000000001,4.206563,"dans"
"TokensAlign",4.206563,4.256563,"le"
"TokensAlign",4.256563,4.586563,"vif"
"TokensAlign",4.586563,4.616563,"du"
"TokensAlign",4.616563,5.006563,"sujet"
"TokensAlign",5.006563,5.106563,"on"
"TokensAlign",5.106563,5.186563,"va"
"TokensAlign",5.186563,5.496563,"essayer"
"TokensAlign",5.496563,5.546563000000001,"d'"
"TokensAlign",5.546563000000001,6.116563,"organiser"
"TokensAlign",6.116563,6.276563,"ce"
"TokensAlign",6.276563,6.466563000000001,"fameux"
"TokensAlign",6.466563000000001,7.206563000000001,"événement"
"TokensAlign",7.206563000000001,7.236563,"de"
"TokensAlign",7.236563,7.804688,"cinéma"
"TokensAlign",7.804688,8.7,"#"
"TokensAlign",8.7,8.899999999999999,"donc"
"TokensAlign",8.899999999999999,9.04,"pour"
"TokensAlign",9.04,9.56,"commencer"
"TokensAlign",9.56,9.63,"je"
"TokensAlign",9.63,9.84,"crois"
"TokensAlign",9.84,9.96,"que"
"TokensAlign",9.96,10.02,"dans"
"TokensAlign",10.02,10.079999999999998,"nos"
"TokensAlign",10.079999999999998,10.34,"quatre"
"TokensAlign",10.34,10.63,"thèmes"
"TokensAlign",10.63,10.7,"qu'"
"TokensAlign",10.7,10.77,"on"
"TokensAlign",10.77,10.97,"avait"
"TokensAlign",10.97,11.42,"choisi"
"TokensAlign",11.42,11.59,"faut"
"TokensAlign",11.59,11.62,"qu'"
"TokensAlign",11.62,11.66,"on"
"TokensAlign",11.66,11.72,"en"
"TokensAlign",11.72,12.17,"sélectionne"
"TokensAlign",12.17,12.43,"que"
"TokensAlign",12.43,12.698438,"deux"
"TokensAlign",12.698438,13.455,"#"
"TokensAlign",13.455,13.595,"donc"
"TokensAlign",13.595,14.015,"est-ce_que"
"TokensAlign",14.015,14.075,"vous"
"TokensAlign",14.075,14.245,"avez"
"TokensAlign",14.245,14.365,"une"
"TokensAlign",14.365,14.725,"idée"
"TokensAlign",14.725,15.33,"de"
"TokensAlign",15.33,15.57,"#"
"TokensAlign",15.57,15.93,"parmi"
"TokensAlign",15.93,16.11,"les"
"TokensAlign",16.11,16.35,"quatre"
"TokensAlign",16.35,16.59,"lesquels"
"TokensAlign",16.59,16.64,"on"
"TokensAlign",16.64,16.740000000000002,"va"
"TokensAlign",16.740000000000002,17.07,"prendre"
"TokensAlign",17.07,20.745,"#"
"TokensAlign",20.745,20.785,"ouh"
"TokensAlign",20.785,20.899687,"là"
"TokensAlign",20.899687,21.74,"#"
"TokensAlign",21.74,21.99,"est-ce_qu'"
"TokensAlign",21.99,22.08,"il_y"
"TokensAlign",22.08,22.16,"a"
"TokensAlign",22.16,22.53,"quelqu'un"
"TokensAlign",22.53,22.7,"qui"
"TokensAlign",22.7,22.73,"se"
"TokensAlign",22.73,22.87,"dit"
"TokensAlign",22.87,23.29,"déjà"
"TokensAlign",23.29,23.51,"mon"
"TokensAlign",23.51,23.76,"thème"
"TokensAlign",23.76,23.88,"ça"
"TokensAlign",23.88,24.05,"sert"
"TokensAlign",24.05,24.17,"à"
"TokensAlign",24.17,24.66,"rien"
"TokensAlign",24.66,24.69,"il"
"TokensAlign",24.69,24.72,"n'"
"TokensAlign",24.72,24.75,"y"
"TokensAlign",24.75,25.07,"aura"
"TokensAlign",25.07,25.46,"pas_assez"
"TokensAlign",25.46,25.5,"de"
"TokensAlign",25.5,25.74,"personnes"
"TokensAlign",25.74,25.86,"qui"
"TokensAlign",25.86,25.92,"va"
"TokensAlign",25.92,26.249063,"venir"
"TokensAlign",26.249063,27.04,"#"
"TokensAlign",27.04,27.464063,"ou"
"TokensAlign",27.464063,30.18,"#"
"TokensAlign",30.18,30.41,"*"
"TokensAlign",30.41,30.59,"#"
"TokensAlign",30.59,30.990938,"*"
"TokensAlign",30.990938,39.28,"#"
"TokensAlign",39.28,39.41,"mh"
"TokensAlign",39.41,68.1,"#"
"TokensAlign",68.1,68.21,"et"
"TokensAlign",68.21,68.42999999999999,"du_coup"
"TokensAlign",68.42999999999999,68.61,"le"
"TokensAlign",68.61,68.94,"deuxième"
"TokensAlign",68.94,69.03,"thème"
"TokensAlign",69.03,69.11,"est-ce_qu'"
"TokensAlign",69.11,69.14,"il_y"
"TokensAlign",69.14,69.6,"a"
"TokensAlign",69.6,70.94999999999999,"quelque_chose"
"TokensAlign",70.94999999999999,70.97999999999999,"qui"
"TokensAlign",70.97999999999999,71.06,"vous"
"TokensAlign",71.06,71.335,"#"
"TokensAlign",71.335,71.55499999999999,"semble"
"TokensAlign",71.55499999999999,71.585,"en"
"TokensAlign",71.585,72.04,"adéquation"
"TokensAlign",72.04,72.170107,"#"
"TokensAlign",72.170107,72.697095,"*"
"TokensAlign",72.697095,85.79,"#"
"TokensAlign",85.79,85.91000000000001,"donc"
"TokensAlign",85.91000000000001,86.02000000000001,"on"
"TokensAlign",86.02000000000001,86.24000000000001,"part"
"TokensAlign",86.24000000000001,86.57000000000001,"sur"
"TokensAlign",86.57000000000001,87.04,"comédie"
"TokensAlign",87.04,87.16000000000001,"et"
"TokensAlign",87.16000000000001,87.48,"super"
"TokensAlign",87.48,87.792187,"héros"
"TokensAlign",87.792187,89.67,"#"
"TokensAlign",89.67,89.79,"donc"
"TokensAlign",89.79,90.04,"maintenant"
"TokensAlign",90.04,90.1,"il"
"TokensAlign",90.1,90.27,"faut"
"TokensAlign",90.27,90.3,"qu'"
"TokensAlign",90.3,90.4,"on"
"TokensAlign",90.4,90.78,"choisisse"
"TokensAlign",90.78,90.9,"un"
"TokensAlign",90.9,91.53,"cinéma"
"TokensAlign",91.53,91.62,"donc"
"TokensAlign",91.62,91.66,"on"
"TokensAlign",91.66,91.73,"a"
"TokensAlign",91.73,92.32,"plusieurs"
"TokensAlign",92.32,92.96,"alternatives"
"TokensAlign",92.96,93.21,"on"
"TokensAlign",93.21,93.24,"en"
"TokensAlign",93.24,93.31,"a"
"TokensAlign",93.31,93.735,"trois"
"TokensAlign",93.735,93.975,"#"
"TokensAlign",93.975,94.175,"soit"
"TokensAlign",94.175,94.315,"un"
"TokensAlign",94.315,94.795,"cinéma"
"TokensAlign",94.795,95.267813,"drive"
"TokensAlign",95.267813,95.93,"#"
"TokensAlign",95.93,96.03,"donc"
"TokensAlign",96.03,96.33,"c'est"
"TokensAlign",96.33,96.52,"vous"
"TokensAlign",96.52,96.69,"savez"
"TokensAlign",96.69,96.83,"les"
"TokensAlign",96.83,97.23,"cinémas"
"TokensAlign",97.23,97.26,"où"
"TokensAlign",97.26,97.43,"on"
"TokensAlign",97.43,97.7,"peut"
"TokensAlign",97.7,97.83,"euh"
"TokensAlign",97.83,98.06,"venir"
"TokensAlign",98.06,98.15,"en"
"TokensAlign",98.15,98.609062,"voiture"
"TokensAlign",98.609062,100.28,"#"
"TokensAlign",100.28,100.42,"euh"
"TokensAlign",100.42,100.52,"le"
"TokensAlign",100.52,100.72,"nombre"
"TokensAlign",100.72,100.75,"de"
"TokensAlign",100.75,101.05,"places"
"TokensAlign",101.05,101.1,"n'"
"TokensAlign",101.1,101.21,"est"
"TokensAlign",101.21,101.3,"pas"
"TokensAlign",101.3,101.7,"limité"
"TokensAlign",101.7,101.82,"donc"
"TokensAlign",101.82,101.9,"ce"
"TokensAlign",101.9,101.99,"qui"
"TokensAlign",101.99,102.11,"est"
"TokensAlign",102.11,102.33,"bien"
"TokensAlign",102.33,102.62,"c'est"
"TokensAlign",102.62,103.52,"que"
"TokensAlign",103.52,103.59,"euh"
"TokensAlign",103.59,103.62,"+"
"TokensAlign",103.62,103.76,"il"
"TokensAlign",103.76,104.01,"pourra"
"TokensAlign",104.01,104.04,"y"
"TokensAlign",104.04,104.31,"avoir"
"TokensAlign",104.31,104.49,"beaucoup"
"TokensAlign",104.49,104.52,"de"
"TokensAlign",104.52,104.78,"monde"
"TokensAlign",104.78,105.05,"par"
"TokensAlign",105.05,105.31,"contre"
"TokensAlign",105.31,105.39,"on"
"TokensAlign",105.39,105.61,"pourra"
"TokensAlign",105.61,105.76,"pas"
"TokensAlign",105.76,105.95,"vraiment"
"TokensAlign",105.95,106.5,"interagir"
"TokensAlign",106.5,106.7,"avec"
"TokensAlign",106.7,106.85,"le"
"TokensAlign",106.85,107.31,"public"
"TokensAlign",107.31,108.34,"#"
"TokensAlign",108.34,108.54,"soit"
"TokensAlign",108.54,108.63,"il_y"
"TokensAlign",108.63,108.66,"a"
"TokensAlign",108.66,108.79,"un"
"TokensAlign",108.79,109.2,"cinéma"
"TokensAlign",109.2,109.43,"art"
"TokensAlign",109.43,109.97,"déco"
"TokensAlign",109.97,111.44,"#"
"TokensAlign",111.44,111.55,"donc"
"TokensAlign",111.55,111.71,"c'est"
"TokensAlign",111.71,111.9,"un"
"TokensAlign",111.9,112.27,"environnement"
"TokensAlign",112.27,112.49,"assez"
"TokensAlign",112.49,113.34,"agréable"
"TokensAlign",113.34,113.48,"+"
"TokensAlign",113.48,113.61,"mais"
"TokensAlign",113.61,113.96,"par_contre"
"TokensAlign",113.96,114.05,"on"
"TokensAlign",114.05,114.12,"peut"
"TokensAlign",114.12,114.39,"avoir"
"TokensAlign",114.39,114.48,"que"
"TokensAlign",114.48,114.95,"maximum"
"TokensAlign",114.95,115.37,"soixante-dix"
"TokensAlign",115.37,115.86,"personnes"
"TokensAlign",115.86,117.415,"#"
"TokensAlign",117.415,117.505,"ou"
"TokensAlign",117.505,117.705,"soit"
"TokensAlign",117.705,117.735,"il_y"
"TokensAlign",117.735,117.835,"a"
"TokensAlign",117.835,117.895,"un"
"TokensAlign",117.895,118.375,"cinéma"
"TokensAlign",118.375,119.415,"classique"
"TokensAlign",119.415,119.91,"#"
"TokensAlign",119.91,120.15,"et"
"TokensAlign",120.15,120.39,"euh"
"TokensAlign",120.39,120.45,"c'est"
"TokensAlign",120.45,120.56,"c'est"
"TokensAlign",120.56,120.67,"pas"
"TokensAlign",120.67,120.88,"très"
"TokensAlign",120.88,121.38,"original"
"TokensAlign",121.38,121.44,"mais"
"TokensAlign",121.44,121.53,"là"
"TokensAlign",121.53,121.56,"on"
"TokensAlign",121.56,121.62,"peut"
"TokensAlign",121.62,121.8,"avoir"
"TokensAlign",121.8,122.33,"cent_cinquante"
"TokensAlign",122.33,122.75,"personnes"
"TokensAlign",122.75,123.355,"#"
"TokensAlign",123.355,123.435,"du"
"TokensAlign",123.435,123.525,"coup"
"TokensAlign",123.525,123.695,"c'est"
"TokensAlign",123.695,123.985,"soit"
"TokensAlign",123.985,124.015,"on"
"TokensAlign",124.015,124.125,"a"
"TokensAlign",124.125,124.325,"beaucoup"
"TokensAlign",124.325,124.385,"de"
"TokensAlign",124.385,124.72,"monde"
"TokensAlign",124.72,125.565,"#"
"TokensAlign",125.565,126.355,"euh"
"TokensAlign",126.355,126.79,"#"
"TokensAlign",126.79,126.85,"au"
"TokensAlign",126.85,127.25,"cinéma"
"TokensAlign",127.25,127.43,"avec"
"TokensAlign",127.43,127.49,"les"
"TokensAlign",127.49,128.065,"voitures"
"TokensAlign",128.065,128.38,"#"
"TokensAlign",128.38,128.76999999999998,"soit"
"TokensAlign",128.76999999999998,128.79999999999998,"on"
"TokensAlign",128.79999999999998,128.85,"n'"
"TokensAlign",128.85,128.94,"a"
"TokensAlign",128.94,129.14,"pas"
"TokensAlign",129.14,129.43,"beaucoup"
"TokensAlign",129.43,129.51,"au"
"TokensAlign",129.51,129.84,"cinéma"
"TokensAlign",129.84,130.06,"art"
"TokensAlign",130.06,130.42,"déco"
"TokensAlign",130.42,130.54,"mais"
"TokensAlign",130.54,130.86,"après"
"TokensAlign",130.86,130.92,"c'est"
"TokensAlign",130.92,131.26,"un"
"TokensAlign",131.26,131.42,"c'est"
"TokensAlign",131.42,131.47,"un"
"TokensAlign",131.47,131.71,"joli"
"TokensAlign",131.71,132.175,"univers"
"TokensAlign",132.175,132.355,"#"
"TokensAlign",132.355,132.405,"ou"
"TokensAlign",132.405,132.55499999999998,"soit"
"TokensAlign",132.55499999999998,132.595,"un"
"TokensAlign",132.595,132.985,"cinéma"
"TokensAlign",132.985,133.595,"classique"
"TokensAlign",133.595,133.64499999999998,"où"
"TokensAlign",133.64499999999998,133.725,"il_y"
"TokensAlign",133.725,134.035,"a"
"TokensAlign",134.035,134.14,"euh"
"TokensAlign",134.14,134.475,"#"
"TokensAlign",134.475,134.61499999999998,"il"
"TokensAlign",134.61499999999998,134.67499999999998,"est"
"TokensAlign",134.67499999999998,134.825,"pas"
"TokensAlign",134.825,134.995,"full"
"TokensAlign",134.995,135.465,"cinéma"
"TokensAlign",135.465,135.505,"mais"
"TokensAlign",135.505,135.575,"on"
"TokensAlign",135.575,135.67499999999998,"peut"
"TokensAlign",135.67499999999998,135.785,"quand"
"TokensAlign",135.785,135.89499999999998,"même"
"TokensAlign",135.89499999999998,136.135,"avoir"
"TokensAlign",136.135,136.545,"cent_cinquante"
"TokensAlign",136.545,136.86,"personnes"
"TokensAlign",136.86,138.605,"#"
"TokensAlign",138.605,138.67499999999998,"vous"
"TokensAlign",138.67499999999998,138.765,"avez"
"TokensAlign",138.765,138.825,"une"
"TokensAlign",138.825,139.065,"pref-"
"TokensAlign",139.065,139.58499999999998,"par_rapport_au"
"TokensAlign",139.58499999999998,139.785,"thème"
"TokensAlign",139.785,139.985,"aussi"
"TokensAlign",139.985,140.035,"il"
"TokensAlign",140.035,140.075,"faut"
"TokensAlign",140.075,140.36499999999998,"essayer"
"TokensAlign",140.36499999999998,140.405,"de"
"TokensAlign",140.405,140.985,"voir"
"TokensAlign",140.985,141.015,"euh"
"TokensAlign",141.015,141.165,"+"
"TokensAlign",141.165,141.195,"ce"
"TokensAlign",141.195,141.225,"qui"
"TokensAlign",141.225,141.33499999999998,"est"
"TokensAlign",141.33499999999998,141.385,"le"
"TokensAlign",141.385,141.485,"plus"
"TokensAlign",141.485,141.9,"adéquate"
"TokensAlign",141.9,144.185,"#"
"TokensAlign",144.185,144.69,"*"
"TokensAlign",144.69,145.075,"#"
"TokensAlign",145.075,145.55,"*"
"TokensAlign",145.55,146.075,"#"
"TokensAlign",146.075,146.34,"@"
"TokensAlign",146.34,146.465,"#"
"TokensAlign",146.465,147.23,"@"
"TokensAlign",147.23,147.3,"#"
"TokensAlign",147.3,147.55,"@"
"TokensAlign",147.55,159.69,"#"
"TokensAlign",159.69,159.81,"bah"
"TokensAlign",159.81,160.21,"cinéma"
"TokensAlign",160.21,160.54,"classique"
"TokensAlign",160.54,160.92,"sinon"
"TokensAlign",160.92,168.515,"#"
"TokensAlign",168.515,168.58499999999998,"on"
"TokensAlign",168.58499999999998,168.77499999999998,"part"
"TokensAlign",168.77499999999998,169.36499999999998,"surcinéma"
"TokensAlign",169.36499999999998,169.821563,"classique"
"TokensAlign",169.821563,171.685,"#"
"TokensAlign",171.685,171.915,"hop"
"TokensAlign",171.915,172.167188,"là"
"TokensAlign",172.167188,173.43,"#"
"TokensAlign",173.43,173.52,"donc"
"TokensAlign",173.52,173.77,"maintenant"
"TokensAlign",173.77,173.84,"il"
"TokensAlign",173.84,173.99,"faut"
"TokensAlign",173.99,174.02,"qu'"
"TokensAlign",174.02,174.08,"on"
"TokensAlign",174.08,174.55,"explique"
"TokensAlign",174.55,174.70000000000002,"notre"
"TokensAlign",174.70000000000002,175.105,"choix"
"TokensAlign",175.105,175.587207,"#"
"TokensAlign",175.587207,175.817207,"du_coup"
"TokensAlign",175.817207,175.927207,"comme"
"TokensAlign",175.927207,175.957207,"ça"
"TokensAlign",175.957207,176.007207,"on"
"TokensAlign",176.007207,176.147207,"peut"
"TokensAlign",176.147207,176.467207,"quand"
"TokensAlign",176.467207,176.717207,"même"
"TokensAlign",176.717207,177.157207,"accueillir"
"TokensAlign",177.157207,177.187207,"un"
"TokensAlign",177.187207,177.38720700000002,"grand"
"TokensAlign",177.38720700000002,177.527207,"nombre"
"TokensAlign",177.527207,177.627207,"de"
"TokensAlign",177.627207,178.12,"personnes"
"TokensAlign",178.12,178.505,"#"
"TokensAlign",178.505,178.685,"beaucoup"
"TokensAlign",178.685,178.775,"plus"
"TokensAlign",178.775,178.835,"que"
"TokensAlign",178.835,178.905,"dans"
"TokensAlign",178.905,178.935,"l'"
"TokensAlign",178.935,179.075,"art"
"TokensAlign",179.075,179.44,"déco"
"TokensAlign",179.44,179.59,"#"
"TokensAlign",179.59,179.76,"c'est"
"TokensAlign",179.76,179.905,"ça"
"TokensAlign",179.905,182.41,"#"
"TokensAlign",182.41,182.46,"qu'"
"TokensAlign",182.46,182.6,"est-ce_qu'"
"TokensAlign",182.6,182.64,"il_y"
"TokensAlign",182.64,182.76,"a"
"TokensAlign",182.76,183.17,"d'autres"
"TokensAlign",183.17,183.473437,"sinon"
"TokensAlign",183.473437,186.55,"#"
"TokensAlign",186.55,186.74,"moi"
"TokensAlign",186.74,186.8,"je"
"TokensAlign",186.8,186.96,"serais"
"TokensAlign",186.96,187.17,"plus"
"TokensAlign",187.17,187.47,"partie"
"TokensAlign",187.47,187.71,"sur"
"TokensAlign",187.71,188.080312,"drive"
"TokensAlign",188.080312,188.705,"#"
"TokensAlign",188.705,188.995,"ouais"
"TokensAlign",188.995,189.795,"+"
"TokensAlign",189.795,189.875,"en"
"TokensAlign",189.875,190.105,"plus"
"TokensAlign",190.105,190.185,"vu"
"TokensAlign",190.185,190.365,"les"
"TokensAlign",190.365,190.525,"thèmes"
"TokensAlign",190.525,190.555,"qu'"
"TokensAlign",190.555,190.705,"on"
"TokensAlign",190.705,190.795,"a"
"TokensAlign",190.795,191.365,"choisis"
"TokensAlign",191.365,191.894062,"euh"
"TokensAlign",191.894062,197.7,"#"
"TokensAlign",197.7,197.88,"donc"
"TokensAlign",197.88,198.2,"euh"
"TokensAlign",198.2,198.605,"#"
"TokensAlign",198.605,199.215,"expliquez"
"TokensAlign",199.215,199.345,"votre"
"TokensAlign",199.345,199.915,"choix"
"TokensAlign",199.915,200.155,"donc"
"TokensAlign",200.155,200.495,"accueillir"
"TokensAlign",200.495,200.535,"un"
"TokensAlign",200.535,200.725,"grand"
"TokensAlign",200.725,201.025,"nombre"
"TokensAlign",201.025,201.135,"de"
"TokensAlign",201.135,201.664688,"personnes"
"TokensAlign",201.664688,205.27,"#"
"TokensAlign",205.27,205.33,"en"
"TokensAlign",205.33,205.47,"plus"
"TokensAlign",205.47,205.65,"c'est"
"TokensAlign",205.65,206.24,"original"
"TokensAlign",206.24,206.27,"on"
"TokensAlign",206.27,206.42,"a"
"TokensAlign",206.42,206.609062,"dit"
"TokensAlign",206.609062,208.975,"#"
"TokensAlign",208.975,209.165,"euh"
"TokensAlign",209.165,210.045,"original"
"TokensAlign",210.045,210.125,"#"
"TokensAlign",210.125,210.275,"par"
"TokensAlign",210.275,210.445,"contre"
"TokensAlign",210.445,210.535,"c'est"
"TokensAlign",210.535,210.645,"vrai"
"TokensAlign",210.645,210.695,"que"
"TokensAlign",210.695,210.795,"ce"
"TokensAlign",210.795,210.835,"qui"
"TokensAlign",210.835,210.865,"est"
"TokensAlign",210.865,210.895,"un"
"TokensAlign",210.895,210.985,"peu"
"TokensAlign",210.985,211.375,"embêtant"
"TokensAlign",211.375,211.515,"c'est"
"TokensAlign",211.515,211.595,"qu'"
"TokensAlign",211.595,211.625,"il"
"TokensAlign",211.625,211.655,"n'"
"TokensAlign",211.655,211.685,"y"
"TokensAlign",211.685,211.715,"a"
"TokensAlign",211.715,211.775,"pas"
"TokensAlign",211.775,211.985,"vraiment"
"TokensAlign",211.985,212.015,"d'"
"TokensAlign",212.015,212.645,"interaction"
"TokensAlign",212.645,212.805,"mais"
"TokensAlign",212.805,212.987812,"bon"
"TokensAlign",212.987812,213.955,"#"
"TokensAlign",213.955,214.025,"au"
"TokensAlign",214.025,214.165,"pire"
"TokensAlign",214.165,214.195,"on"
"TokensAlign",214.195,214.225,"ne"
"TokensAlign",214.225,214.295,"peut"
"TokensAlign",214.295,214.355,"pas"
"TokensAlign",214.355,214.505,"tout"
"TokensAlign",214.505,214.78500000000005,"avoir"
"TokensAlign",214.78500000000005,214.860938,"hein"
"TokensAlign",214.860938,216.695,"#"
"TokensAlign",216.695,216.765,"hop"
"TokensAlign",216.765,217.165,"là"
"TokensAlign",217.165,217.355,"+"
"TokensAlign",217.355,217.895,"alors"
"TokensAlign",217.895,217.96,"là"
"TokensAlign",217.96,218.09,"#"
"TokensAlign",218.09,218.58,"choix"
"TokensAlign",218.58,218.61,"des"
"TokensAlign",218.61,218.85,"films"
"TokensAlign",218.85,219.395,"diffusés"
"TokensAlign",219.395,219.485,"#"
"TokensAlign",219.485,220.455,"alors"
"TokensAlign",220.455,220.545,"là"
"TokensAlign",220.545,220.685,"+"
"TokensAlign",220.685,220.795,"il"
"TokensAlign",220.795,221.135,"faudrait"
"TokensAlign",221.135,221.165,"qu'"
"TokensAlign",221.165,221.195,"on"
"TokensAlign",221.195,221.335,"en"
"TokensAlign",221.335,221.545,"trouve"
"TokensAlign",221.545,221.835,"dix"
"TokensAlign",221.835,221.925,"mais"
"TokensAlign",221.925,222.083438,"bon"
"TokensAlign",222.083438,222.825938,"#"
"TokensAlign",222.825938,222.955938,"on"
"TokensAlign",222.955938,223.045938,"va"
"TokensAlign",223.045938,223.298438,"voir"
"TokensAlign",223.298438,224.8,"#"
"TokensAlign",224.8,224.918438,"ouais"
"TokensAlign",224.918438,226.155,"#"
"TokensAlign",226.155,226.275,"moi"
"TokensAlign",226.275,226.325,"je"
"TokensAlign",226.325,226.525,"pense"
"TokensAlign",226.525,226.645,"que"
"TokensAlign",226.645,226.675,"ce"
"TokensAlign",226.675,226.825,"serait"
"TokensAlign",226.825,227.045,"bien_qu'"
"TokensAlign",227.045,227.165,"on"
"TokensAlign",227.165,227.435,"essaye"
"TokensAlign",227.435,227.465,"d'"
"TokensAlign",227.465,227.565,"en"
"TokensAlign",227.565,228.295,"trouver"
"TokensAlign",228.295,228.715,"cinq"
"TokensAlign",228.715,229.185,"comédies"
"TokensAlign",229.185,229.285,"et"
"TokensAlign",229.285,229.675,"cinq"
"TokensAlign",229.675,230.245,"euh"
"TokensAlign",230.245,230.805,"#"
"TokensAlign",230.805,230.975,"enfin"
"TokensAlign",230.975,231.027188,"on"
"TokensAlign",231.027188,232.967813,"#"
"TokensAlign",232.967813,233.157813,"on"
"TokensAlign",233.157813,233.387813,"commence"
"TokensAlign",233.387813,233.527813,"par"
"TokensAlign",233.527813,233.965,"comédie"
"TokensAlign",233.965,234.14,"#"
"TokensAlign",234.14,234.22,"vous"
"TokensAlign",234.22,234.469687,"voulez"
"TokensAlign",234.469687,243.11,"#"
"TokensAlign",243.11,243.17,"on"
"TokensAlign",243.17,243.26,"met"
"TokensAlign",243.26,243.37,"la"
"TokensAlign",243.37,243.5,"la"
"TokensAlign",243.5,243.71,"land"
"TokensAlign",243.71,244.05,"+"
"TokensAlign",244.05,244.19000000000003,"pour"
"TokensAlign",244.19000000000003,244.662187,"commencer"
"TokensAlign",244.662187,245.383385,"@"
"TokensAlign",245.383385,247.755,"#"
"TokensAlign",247.755,247.825,"c'est"
"TokensAlign",247.825,248.121563,"vrai"
"TokensAlign",248.121563,259.240014,"#"
"TokensAlign",259.240014,259.867063,"@"
"TokensAlign",259.867063,278.075,"#"
"TokensAlign",278.075,278.235,"*"
"TokensAlign",278.235,279.94,"#"
"TokensAlign",279.94,280.31,"oui"
"TokensAlign",280.31,294.75,"#"
"TokensAlign",294.75,294.96,"allez"
"TokensAlign",294.96,294.99,"on"
"TokensAlign",294.99,295.15,"part"
"TokensAlign",295.15,295.31,"sur"
"TokensAlign",295.31,295.47,"baby"
"TokensAlign",295.47,296.03,"sitting"
"TokensAlign",296.03,296.21,"#"
"TokensAlign",296.21,296.282813,"@"
"TokensAlign",296.282813,299.53,"#"
"TokensAlign",299.53,299.80999999999995,"après"
"TokensAlign",299.80999999999995,299.85,"on"
"TokensAlign",299.85,299.92,"peut"
"TokensAlign",299.92,300.11999999999995,"mettre"
"TokensAlign",300.11999999999995,300.33,"aussi"
"TokensAlign",300.33,300.41,"des"
"TokensAlign",300.41,300.59,"vieux"
"TokensAlign",300.59,300.88,"films"
"TokensAlign",300.88,300.97,"en"
"TokensAlign",300.97,301.29,"comédie"
"TokensAlign",301.29,301.48,"hein"
"TokensAlign",301.48,301.53,"au"
"TokensAlign",301.53,301.79999999999995,"moins"
"TokensAlign",301.79999999999995,302.17,"ça"
"TokensAlign",302.17,302.36,"touche"
"TokensAlign",302.36,302.5,"plus"
"TokensAlign",302.5,302.61,"de"
"TokensAlign",302.61,303.03,"personnes"
"TokensAlign",303.03,303.184688,"hein"
"TokensAlign",303.184688,304.55,"#"
"TokensAlign",304.55,304.69,"même"
"TokensAlign",304.69,304.93,"les"
"TokensAlign",304.93,305.22,"bronzés"
"TokensAlign",305.22,305.29,"tout"
"TokensAlign",305.29,305.47,"ça"
"TokensAlign",305.47,305.57,"on"
"TokensAlign",305.57,305.68,"peut"
"TokensAlign",305.68,306.019688,"hein"
"TokensAlign",306.019688,307.195,"#"
"TokensAlign",307.195,307.386563,"*"
"TokensAlign",307.386563,309.005,"#"
"TokensAlign",309.005,309.245,"peut-être"
"TokensAlign",309.245,309.305,"pas"
"TokensAlign",309.305,309.665,"tous"
"TokensAlign",309.665,309.705,"mais"
"TokensAlign",309.705,309.745,"on"
"TokensAlign",309.745,309.865,"peut"
"TokensAlign",309.865,310.205,"mettre"
"TokensAlign",310.205,310.265,"un"
"TokensAlign",310.265,310.345,"dans"
"TokensAlign",310.345,310.725,"tous_les"
"TokensAlign",310.725,310.96,"cas"
"TokensAlign",310.96,311.235,"#"
"TokensAlign",311.235,311.605,"dix"
"TokensAlign",311.605,311.790938,"oui"
"TokensAlign",311.790938,321.17172,"#"
"TokensAlign",321.17172,321.311805,"*"
"TokensAlign",321.311805,332.44,"#"
"TokensAlign",332.44,332.5,"on"
"TokensAlign",332.5,332.56,"peut"
"TokensAlign",332.56,332.8,"partir"
"TokensAlign",332.8,332.96,"sur"
"TokensAlign",332.96,333.08,"les"
"TokensAlign",333.08,333.37,"bronzés"
"TokensAlign",333.37,333.46,"font"
"TokensAlign",333.46,333.57,"du"
"TokensAlign",333.57,333.829688,"ski"
"TokensAlign",333.829688,335.845,"#"
"TokensAlign",335.845,335.88500000000005,"ça"
"TokensAlign",335.88500000000005,336.045,"vous"
"TokensAlign",336.045,336.310313,"va"
"TokensAlign",336.310313,337.505,"#"
"TokensAlign",337.505,337.705,"hop"
"TokensAlign",337.705,337.829063,"là"
"TokensAlign",337.829063,341.42,"#"
"TokensAlign",341.42,341.58000000000004,"euh"
"TokensAlign",341.58000000000004,341.61,"en"
"TokensAlign",341.61,342.24,"troisième"
"TokensAlign",342.24,342.908438,"film"
"TokensAlign",342.908438,346.535,"#"
"TokensAlign",346.535,346.815,"ah"
"TokensAlign",346.815,347.015,"oui"
"TokensAlign",347.015,349.27,"#"
"TokensAlign",349.27,349.51,"bonne"
"TokensAlign",349.51,349.692188,"idée"
"TokensAlign",349.692188,356.98,"#"
"TokensAlign",356.98,357.07,"vous"
"TokensAlign",357.07,357.23,"avez"
"TokensAlign",357.23,357.40000000000003,"une"
"TokensAlign",357.40000000000003,357.94,"autre"
"TokensAlign",357.94,358.062188,"idée"
"TokensAlign",358.062188,362.145,"#"
"TokensAlign",362.145,362.245,"là"
"TokensAlign",362.245,362.305,"j'"
"TokensAlign",362.305,362.355,"en"
"TokensAlign",362.355,362.485,"ai"
"TokensAlign",362.485,362.715,"trois"
"TokensAlign",362.715,363.075,"parce"
"TokensAlign",363.075,363.105,"que"
"TokensAlign",363.105,363.295,"du_coup"
"TokensAlign",363.295,363.535,"baby"
"TokensAlign",363.535,363.855,"sitting"
"TokensAlign",363.855,363.905,"j'"
"TokensAlign",363.905,363.975,"en"
"TokensAlign",363.975,364.055,"ai"
"TokensAlign",364.055,364.205,"mis"
"TokensAlign",364.205,364.235,"euh"
"TokensAlign",364.235,364.275,"j'"
"TokensAlign",364.275,364.305,"ai"
"TokensAlign",364.305,364.735,"pas"
"TokensAlign",364.735,364.945,"mis"
"TokensAlign",364.945,365.025,"les"
"TokensAlign",365.025,365.275,"deux"
"TokensAlign",365.275,365.655,"enfin"
"TokensAlign",365.655,367.260885,"#"
"TokensAlign",367.260885,367.647787,"*"
"TokensAlign",367.647787,396.025,"#"
"TokensAlign",396.025,396.225,"après"
"TokensAlign",396.225,396.255,"on"
"TokensAlign",396.255,396.395,"peut"
"TokensAlign",396.395,396.725,"mettre"
"TokensAlign",396.725,397.335,"par_exemple"
"TokensAlign",397.335,397.365,"qu'"
"TokensAlign",397.365,397.425,"est-ce_qu'"
"TokensAlign",397.425,397.455,"on"
"TokensAlign",397.455,397.485,"a"
"TokensAlign",397.485,397.555,"fait"
"TokensAlign",397.555,397.675,"au"
"TokensAlign",397.675,397.905,"bon"
"TokensAlign",397.905,398.135,"dieu"
"TokensAlign",398.135,398.245,"les"
"TokensAlign",398.245,398.385,"choses"
"TokensAlign",398.385,398.435,"un"
"TokensAlign",398.435,398.685,"petit"
"TokensAlign",398.685,399.095,"peu"
"TokensAlign",399.095,399.255,"pas"
"TokensAlign",399.255,399.525,"trop"
"TokensAlign",399.525,399.935,"vieilles"
"TokensAlign",399.935,399.965,"mais"
"TokensAlign",399.965,400.355,"qui"
"TokensAlign",400.355,400.535,"font"
"TokensAlign",400.535,400.625,"quand"
"TokensAlign",400.625,400.875,"même"
"TokensAlign",400.875,401.195,"passer"
"TokensAlign",401.195,401.235,"un"
"TokensAlign",401.235,401.325,"peu"
"TokensAlign",401.325,401.415,"de"
"TokensAlign",401.415,401.715,"temps"
"TokensAlign",401.715,401.965,"+"
"TokensAlign",401.965,402.055,"dans"
"TokensAlign",402.055,402.215,"tous_les"
"TokensAlign",402.215,402.335,"cas"
"TokensAlign",402.335,402.385,"on"
"TokensAlign",402.385,402.465,"peut"
"TokensAlign",402.465,402.585,"pas"
"TokensAlign",402.585,402.765,"mettre"
"TokensAlign",402.765,402.815,"un"
"TokensAlign",402.815,402.945,"film"
"TokensAlign",402.945,403.075,"trop"
"TokensAlign",403.075,403.540313,"récent"
"TokensAlign",403.540313,410.225,"#"
"TokensAlign",410.225,410.3250000000001,"on"
"TokensAlign",410.3250000000001,410.795,"part"
"TokensAlign",410.795,410.975,"sur"
"TokensAlign",410.975,411.015938,"euh"
"TokensAlign",411.015938,415.48,"#"
"TokensAlign",415.48,415.56,"on"
"TokensAlign",415.56,415.68,"part"
"TokensAlign",415.68,415.86,"sur"
"TokensAlign",415.86,415.93,"qu"
"TokensAlign",415.93,416.1,"est-ce_qu'"
"TokensAlign",416.1,416.13,"on"
"TokensAlign",416.13,416.16,"a"
"TokensAlign",416.16,416.22,"fait"
"TokensAlign",416.22,416.33,"au"
"TokensAlign",416.33,416.39,"bon"
"TokensAlign",416.39,416.635313,"dieu"
"TokensAlign",416.635313,421.04,"#"
"TokensAlign",421.04,421.4500000000001,"super"
"TokensAlign",421.4500000000001,421.67,"du_coup"
"TokensAlign",421.67,422.02,"maintenant"
"TokensAlign",422.02,422.08,"on"
"TokensAlign",422.08,422.25,"va"
"TokensAlign",422.25,422.71,"passer"
"TokensAlign",422.71,422.93,"aux"
"TokensAlign",422.93,423.4,"cinq"
"TokensAlign",423.4,423.73,"pour"
"TokensAlign",423.73,424.02,"les"
"TokensAlign",424.02,424.43,"super"
"TokensAlign",424.43,424.634063,"héros"
"TokensAlign",424.634063,428.02,"#"
"TokensAlign",428.02,428.65,"euh"
"TokensAlign",428.65,429.008518,"#"
"TokensAlign",429.008518,429.241993,"*"
"TokensAlign",429.241993,431.015,"#"
"TokensAlign",431.015,431.282812,"hum"
"TokensAlign",431.282812,472.655,"#"
"TokensAlign",472.655,472.875,"oui"
"TokensAlign",472.875,479.72,"#"
"TokensAlign",479.72,479.96,"on"
"TokensAlign",479.96,480.1,"peut"
"TokensAlign",480.1,480.287812,"hein"
"TokensAlign",480.287812,481.11,"#"
"TokensAlign",481.11,481.21,"comme"
"TokensAlign",481.21,481.3,"vous"
"TokensAlign",481.3,481.587188,"voulez"
"TokensAlign",481.587188,483.44,"#"
"TokensAlign",483.44,483.52,"ça"
"TokensAlign",483.52,483.58,"vous"
"TokensAlign",483.58,483.9,"dit"
"TokensAlign",483.9,484.05,"euh"
"TokensAlign",484.05,484.4,"suicide"
"TokensAlign",484.4,484.59,"squad"
"TokensAlign",484.59,484.72,"ou"
"TokensAlign",484.72,484.99,"pas"
"TokensAlign",484.99,485.07,"ou"
"TokensAlign",485.07,485.37,"on"
"TokensAlign",485.37,485.7,"le"
"TokensAlign",485.7,486.34,"prend"
"TokensAlign",486.34,486.514687,"pas"
"TokensAlign",486.514687,502.512187,"#"
"TokensAlign",502.512187,502.662187,"après"
"TokensAlign",502.662187,502.742187,"on"
"TokensAlign",502.742187,502.812187,"peut"
"TokensAlign",502.812187,503.102187,"partir"
"TokensAlign",503.102187,503.302187,"sur"
"TokensAlign",503.302187,503.552187,"captain"
"TokensAlign",503.552187,504.082187,"america"
"TokensAlign",504.082187,504.392187,"aussi"
"TokensAlign",504.392187,504.422187,"il"
"TokensAlign",504.422187,504.562187,"est"
"TokensAlign",504.562187,504.752187,"très"
"TokensAlign",504.752187,505.12,"connu"
"TokensAlign",505.12,505.946396,"#"
"TokensAlign",505.946396,506.146396,"ça"
"TokensAlign",506.146396,506.276396,"fera"
"TokensAlign",506.276396,506.336396,"une"
"TokensAlign",506.336396,506.466396,"tête"
"TokensAlign",506.466396,506.496396,"d'"
"TokensAlign",506.496396,506.83,"affiche"
"TokensAlign",506.83,513.05,"#"
"TokensAlign",513.05,513.4,"maintenant"
"TokensAlign",513.4,513.51,"on"
"TokensAlign",513.51,513.8599999999999,"arrive"
"TokensAlign",513.8599999999999,514.51,"au"
"TokensAlign",514.51,514.77,"#"
"TokensAlign",514.77,514.85,"au"
"TokensAlign",514.85,515.286563,"dernier"
"TokensAlign",515.286563,516.215,"#"
"TokensAlign",516.215,516.5550000000001,"SPEAKER_3"
"TokensAlign",516.5550000000001,516.585,"t'"
"TokensAlign",516.585,516.615,"as"
"TokensAlign",516.615,516.755,"tu"
"TokensAlign",516.755,517.205,"as"
"TokensAlign",517.205,517.365,"une"
"TokensAlign",517.365,517.665938,"idée"
"TokensAlign",517.665938,519.302813,"#"
"TokensAlign",519.302813,519.623438,"*"
"TokensAlign",519.623438,553.815,"#"
"TokensAlign",553.815,553.9250000000001,"qui"
"TokensAlign",553.9250000000001,554.1750000000001,"du_coup"
"TokensAlign",554.1750000000001,554.5350000000001,"désolé"
"TokensAlign",554.5350000000001,554.6450000000001,"j'"
"TokensAlign",554.6450000000001,554.6750000000001,"ai"
"TokensAlign",554.6750000000001,555.0150000000001,"ça"
"TokensAlign",555.0150000000001,555.105,"a"
"TokensAlign",555.105,555.432188,"bugué"
"TokensAlign",555.432188,559.35,"#"
"TokensAlign",559.35,559.39,"ça"
"TokensAlign",559.39,559.47,"c'est"
"TokensAlign",559.47,559.59,"écrit"
"TokensAlign",559.59,559.95,"comment"
"TokensAlign",559.95,559.98,"j"
"TokensAlign",559.98,560.01,"ai"
"TokensAlign",560.01,560.1,"pas"
"TokensAlign",560.1,560.22,"du"
"TokensAlign",560.22,560.3100000000001,"tout"
"TokensAlign",560.3100000000001,560.63,"la"
"TokensAlign",560.63,561.17,"référence"
"TokensAlign",561.17,566.195,"#"
"TokensAlign",566.195,566.5,"ok"
"TokensAlign",566.5,566.975,"#"
"TokensAlign",566.975,567.0450000000001,"c'est"
"TokensAlign",567.0450000000001,567.265,"sur"
"TokensAlign",567.265,567.514688,"quoi"
"TokensAlign",567.514688,569.99,"#"
"TokensAlign",569.99,570.11,"c'est"
"TokensAlign",570.11,570.25,"quoi"
"TokensAlign",570.25,570.28,"l'"
"TokensAlign",570.28,570.5600000000001,"histoire"
"TokensAlign",570.5600000000001,570.65,"de"
"TokensAlign",570.65,571.345313,"hancock"
"TokensAlign",571.345313,589.17,"#"
"TokensAlign",589.17,589.595,"ok"
"TokensAlign",589.595,589.755,"#"
"TokensAlign",589.755,589.8149999999999,"je"
"TokensAlign",589.8149999999999,590.075,"connaissais"
"TokensAlign",590.075,590.135,"pas"
"TokensAlign",590.135,590.205,"du"
"TokensAlign",590.205,590.346563,"tout"
"TokensAlign",590.346563,591.18,"#"
"TokensAlign",591.18,591.2199999999999,"ça"
"TokensAlign",591.2199999999999,591.28,"m'"
"TokensAlign",591.28,591.4,"aura"
"TokensAlign",591.4,591.63,"servi"
"TokensAlign",591.63,591.66,"à"
"TokensAlign",591.66,591.99,"quelque_chose"
"TokensAlign",591.99,592.085,"#"
"TokensAlign",592.085,592.355,"*"
"TokensAlign",592.355,592.685,"#"
"TokensAlign",592.685,592.810313,"ouais"
"TokensAlign",592.810313,594.24,"#"
"TokensAlign",594.24,594.545,"ouais"
"TokensAlign",594.545,594.635,"#"
"TokensAlign",594.635,594.845,"bah"
"TokensAlign",594.845,594.953438,"oui"
"TokensAlign",594.953438,596.79,"#"
"TokensAlign",596.79,597.01,"bah"
"TokensAlign",597.01,597.17,"c'est"
"TokensAlign",597.17,597.62,"bien"
"TokensAlign",597.62,597.75,"là"
"TokensAlign",597.75,597.86,"on"
"TokensAlign",597.86,597.9399999999999,"a"
"TokensAlign",597.9399999999999,598.22,"n-"
"TokensAlign",598.22,598.58,"#"
"TokensAlign",598.58,599.0200000000001,"nos"
"TokensAlign",599.0200000000001,599.1600000000001,"nos"
"TokensAlign",599.1600000000001,599.44,"dix"
"TokensAlign",599.44,599.712188,"films"
"TokensAlign",599.712188,600.755,"#"
"TokensAlign",600.755,600.845,"et"
"TokensAlign",600.845,600.995,"on"
"TokensAlign",600.995,601.085,"a"
"TokensAlign",601.085,601.355,"pris"
"TokensAlign",601.355,601.645,"des"
"TokensAlign",601.645,601.875,"films"
"TokensAlign",601.875,602.095,"assez"
"TokensAlign",602.095,602.375,"anciens"
"TokensAlign",602.375,602.465,"et"
"TokensAlign",602.465,602.495,"des"
"TokensAlign",602.495,602.665,"films"
"TokensAlign",602.665,603.165,"assez"
"TokensAlign",603.165,603.835,"récents"
"TokensAlign",603.835,604.035,"on"
"TokensAlign",604.035,604.115,"a"
"TokensAlign",604.115,604.595,"pris"
"TokensAlign",604.595,604.945,"plusieurs"
"TokensAlign",604.945,605.165,"thèmes"
"TokensAlign",605.165,605.715,"différents"
"TokensAlign",605.715,605.935,"donc"
"TokensAlign",605.935,606.035,"je"
"TokensAlign",606.035,606.165,"pense"
"TokensAlign",606.165,606.285,"que"
"TokensAlign",606.285,606.455,"ça"
"TokensAlign",606.455,606.885,"pourra"
"TokensAlign",606.885,607.195,"toucher"
"TokensAlign",607.195,607.385,"beaucoup"
"TokensAlign",607.385,607.415,"de"
"TokensAlign",607.415,607.744688,"monde"
"TokensAlign",607.744688,608.885,"#"
"TokensAlign",608.885,608.935,"et"
"TokensAlign",608.935,608.985,"ce"
"TokensAlign",608.985,609.055,"qui"
"TokensAlign",609.055,609.085,"est"
"TokensAlign",609.085,609.205,"bien"
"TokensAlign",609.205,609.335,"c'est"
"TokensAlign",609.335,609.465,"que"
"TokensAlign",609.465,609.525,"les"
"TokensAlign",609.525,609.655,"gens"
"TokensAlign",609.655,609.775,"ils"
"TokensAlign",609.775,609.995,"pourront"
"TokensAlign",609.995,610.355,"venir"
"TokensAlign",610.355,610.635,"en"
"TokensAlign",610.635,611.045,"famille"
"TokensAlign",611.045,611.275,"+"
"TokensAlign",611.275,611.425,"dans"
"TokensAlign",611.425,611.5649999999999,"leur"
"TokensAlign",611.5649999999999,611.865,"voiture"
"TokensAlign",611.865,611.895,"en"
"TokensAlign",611.895,612.35,"plus"
"TokensAlign",612.35,616.01,"#"
"TokensAlign",616.01,616.29,"bah"
"TokensAlign",616.29,616.4399999999999,"on"
"TokensAlign",616.4399999999999,616.56,"leur"
"TokensAlign",616.56,616.81,"mettra"
"TokensAlign",616.81,616.89,"un"
"TokensAlign",616.89,617.06,"endroit"
"TokensAlign",617.06,617.09,"à"
"TokensAlign",617.09,617.18,"pied"
"TokensAlign",617.18,617.21,"on"
"TokensAlign",617.21,617.35,"se"
"TokensAlign",617.35,618.145,"débrouillera"
"TokensAlign",618.145,618.735,"#"
"TokensAlign",618.735,618.845,"un"
"TokensAlign",618.845,619.135,"truc"
"TokensAlign",619.135,619.1850000000001,"de"
"TokensAlign",619.1850000000001,619.57,"pique-nique"
"TokensAlign",619.57,622.32,"#"
"TokensAlign",622.32,622.6800000000001,"bon"
"TokensAlign",622.6800000000001,623.13,"super"
"TokensAlign",623.13,623.1600000000001,"et"
"TokensAlign",623.1600000000001,623.19,"+"
"TokensAlign",623.19,623.3000000000001,"qu"
"TokensAlign",623.3000000000001,623.36,"est-ce_que"
"TokensAlign",623.36,623.3900000000001,"je"
"TokensAlign",623.3900000000001,625.24,"pourrais"
"TokensAlign",625.24,625.88,"poser"
"TokensAlign",625.88,626.1500000000001,"comme"
"TokensAlign",626.1500000000001,627.045,"question"
"TokensAlign",627.045,627.8,"#"
"TokensAlign",627.8,627.9,"vous"
"TokensAlign",627.9,628.05,"avez"
"TokensAlign",628.05,628.66,"quelque_chose"
"TokensAlign",628.66,628.6899999999999,"à"
"TokensAlign",628.6899999999999,629.02,"dire"
"TokensAlign",629.02,629.850938,"par_rapport_à"
"TokensAlign",629.850938,631.275,"#"
"TokensAlign",631.275,631.3249999999999,"à"
"TokensAlign",631.3249999999999,631.425,"ce"
"TokensAlign",631.425,631.485,"qu'"
"TokensAlign",631.485,631.5849999999999,"on"
"TokensAlign",631.5849999999999,631.805,"pourrait"
"TokensAlign",631.805,631.975,"faire"
"TokensAlign",631.975,632.215,"aussi"
"TokensAlign",632.215,632.3149999999999,"à"
"TokensAlign",632.3149999999999,632.645,"côté"
"TokensAlign",632.645,632.8349999999999,"ou"
"TokensAlign",632.8349999999999,632.975,"je"
"TokensAlign",632.975,633.105,"sais"
"TokensAlign",633.105,633.276563,"pas"
"TokensAlign",633.276563,634.3,"#"
"TokensAlign",634.3,634.862813,"*"
"TokensAlign",634.862813,647.855,"#"
"TokensAlign",647.855,648.275,"non"
"TokensAlign",648.275,648.515,"là"
"TokensAlign",648.515,648.605,"j'"
"TokensAlign",648.605,648.725,"ai"
"TokensAlign",648.725,649.611563,"pas"
"TokensAlign",649.611563,651.18,"#"
"TokensAlign",651.18,651.2399999999999,"ah"
"TokensAlign",651.2399999999999,651.3499999999999,"si"
"TokensAlign",651.3499999999999,651.4799999999999,"là"
"TokensAlign",651.4799999999999,651.53,"j'"
"TokensAlign",651.53,651.7199999999999,"ai"
"TokensAlign",651.7199999999999,651.75,"des"
"TokensAlign",651.75,651.9699999999999,"questions"
"TokensAlign",651.9699999999999,652.0699999999999,"de"
"TokensAlign",652.0699999999999,652.73,"relance"
"TokensAlign",652.73,653.13,"#"
"TokensAlign",653.13,653.22,"c'est"
"TokensAlign",653.22,653.324063,"bon"
"TokensAlign",653.324063,654.48,"#"
"TokensAlign",654.48,654.95,"alors"
"TokensAlign",654.95,655.872187,"euh"
"TokensAlign",655.872187,657.105,"#"
"TokensAlign",657.105,657.265,"est-ce"
"TokensAlign",657.265,657.325,"qu'"
"TokensAlign",657.325,657.375,"on"
"TokensAlign",657.375,658.125,"pourrait"
"TokensAlign",658.125,658.655,"#"
"TokensAlign",658.655,658.9649999999999,"mettre"
"TokensAlign",658.9649999999999,659.0649999999999,"en"
"TokensAlign",659.0649999999999,659.405,"place"
"TokensAlign",659.405,659.685,"un"
"TokensAlign",659.685,659.9549999999999,"thème"
"TokensAlign",659.9549999999999,660.305,"par_exemple"
"TokensAlign",660.305,660.345,"à"
"TokensAlign",660.345,660.505,"notre"
"TokensAlign",660.505,661.2049999999999,"festival"
"TokensAlign",661.2049999999999,661.285,"+"
"TokensAlign",661.285,661.395,"une"
"TokensAlign",661.395,661.665,"idée"
"TokensAlign",661.665,662.55,"de"
"TokensAlign",662.55,663.305,"#"
"TokensAlign",663.305,663.4549999999999,"un"
"TokensAlign",663.4549999999999,663.625,"thème"
"TokensAlign",663.625,663.745,"qui"
"TokensAlign",663.745,663.9549999999999,"pourrait"
"TokensAlign",663.9549999999999,664.3649999999999,"englober"
"TokensAlign",664.3649999999999,664.425,"les"
"TokensAlign",664.425,664.555,"deux"
"TokensAlign",664.555,665.001563,"genres"
"TokensAlign",665.001563,666.24,"#"
"TokensAlign",666.24,666.49,"voilà"
"TokensAlign",666.49,666.62,"après"
"TokensAlign",666.62,666.65,"on"
"TokensAlign",666.65,666.71,"a"
"TokensAlign",666.71,666.82,"déjà"
"TokensAlign",666.82,667.08,"choisi"
"TokensAlign",667.08,667.1800000000001,"les"
"TokensAlign",667.1800000000001,667.33,"films"
"TokensAlign",667.33,667.4,"c'est"
"TokensAlign",667.4,667.76,"peut-être"
"TokensAlign",667.76,667.8,"un"
"TokensAlign",667.8,667.92,"peu"
"TokensAlign",667.92,668.02,"trop"
"TokensAlign",668.02,668.123438,"tard"
"TokensAlign",668.123438,689.28,"#"
"TokensAlign",689.28,689.47,"non"
"TokensAlign",689.47,689.61,"ça"
"TokensAlign",689.61,689.76,"peut"
"TokensAlign",689.76,690.15,"être"
"TokensAlign",690.15,690.18,"l'"
"TokensAlign",690.18,690.5,"été"
"TokensAlign",690.5,690.65,"en"
"TokensAlign",690.65,691.17,"famille"
"TokensAlign",691.17,691.35,"oui"
"TokensAlign",691.35,691.43,"un"
"TokensAlign",691.43,691.76,"truc"
"TokensAlign",691.76,692.372813,"euh"
"TokensAlign",692.372813,703.94,"#"
"TokensAlign",703.94,703.98,"mh"
"TokensAlign",703.98,704.0500000000001,"pas"
"TokensAlign",704.0500000000001,704.556563,"mal"
"TokensAlign",704.556563,705.6,"#"
"TokensAlign",705.6,705.6800000000001,"du"
"TokensAlign",705.6800000000001,705.75,"coup"
"TokensAlign",705.75,705.95,"notre"
"TokensAlign",705.95,706.35,"public"
"TokensAlign",706.35,706.46,"ben"
"TokensAlign",706.46,706.52,"ça"
"TokensAlign",706.52,706.6800000000001,"serait"
"TokensAlign",706.6800000000001,707.02,"tout_le"
"TokensAlign",707.02,707.72,"monde"
"TokensAlign",707.72,707.97,"dans"
"TokensAlign",707.97,708.12,"quel"
"TokensAlign",708.12,708.37,"ordre"
"TokensAlign",708.37,708.61,"devrions"
"TokensAlign",708.61,708.69,"-nous"
"TokensAlign",708.69,709.11,"présenter"
"TokensAlign",709.11,709.26,"les"
"TokensAlign",709.26,709.535,"films"
"TokensAlign",709.535,710.21,"#"
"TokensAlign",710.21,710.2800000000001,"vous"
"TokensAlign",710.2800000000001,710.49,"voulez"
"TokensAlign",710.49,710.52,"qu'"
"TokensAlign",710.52,710.6500000000001,"on"
"TokensAlign",710.6500000000001,710.9000000000001,"essaye"
"TokensAlign",710.9000000000001,710.95,"de"
"TokensAlign",710.95,711.45,"revoir"
"TokensAlign",711.45,711.48,"l'"
"TokensAlign",711.48,711.71,"ordre"
"TokensAlign",711.71,711.99,"des"
"TokensAlign",711.99,712.55,"films"
"TokensAlign",712.55,712.96,"#"
"TokensAlign",712.96,713.230313,"@"
"TokensAlign",713.230313,714.355,"#"
"TokensAlign",714.355,714.782813,"*"
"TokensAlign",714.782813,744.595,"#"
"TokensAlign",744.595,744.837188,"non"
"TokensAlign",744.837188,748.44,"#"
"TokensAlign",748.44,748.58,"ouais"
"TokensAlign",748.58,749.072813,"peut-être"
"TokensAlign",749.072813,752.5,"#"
"TokensAlign",752.5,752.54,"euh"
"TokensAlign",752.54,752.6,"donc"
"TokensAlign",752.6,752.77,"là"
"TokensAlign",752.77,753.16,"pour"
"TokensAlign",753.16,753.2,"l'"
"TokensAlign",753.2,753.49,"instant"
"TokensAlign",753.49,753.58,"qu'"
"TokensAlign",753.58,753.74,"est-ce_que"
"TokensAlign",753.74,753.84,"je"
"TokensAlign",753.84,753.99,"fais"
"TokensAlign",753.99,754.1,"je"
"TokensAlign",754.1,754.73,"laisse"
"TokensAlign",754.73,754.79,"euh"
"TokensAlign",754.79,755.06,"les"
"TokensAlign",755.06,755.43,"cinq"
"TokensAlign",755.43,755.78,"comédies"
"TokensAlign",755.78,755.95,"puis"
"TokensAlign",755.95,756.29,"les"
"TokensAlign",756.29,756.5,"cinq"
"TokensAlign",756.5,756.63,"super"
"TokensAlign",756.63,756.72,"héros"
"TokensAlign",756.72,756.75,"ou"
"TokensAlign",756.75,756.78,"j'"
"TokensAlign",756.78,757.12,"essaye"
"TokensAlign",757.12,758.18,"peut-être"
"TokensAlign",758.18,758.286563,"de"
"TokensAlign",758.286563,758.741505,"*"
"TokensAlign",758.741505,759.271111,"#"
"TokensAlign",759.271111,759.524598,"*"
"TokensAlign",759.524598,765.28,"#"
"TokensAlign",765.28,765.635,"ok"
"TokensAlign",765.635,767.27,"#"
"TokensAlign",767.27,767.36,"et"
"TokensAlign",767.36,767.59,"est-ce_qu'"
"TokensAlign",767.59,767.71,"il_y"
"TokensAlign",767.71,767.9,"aurait"
"TokensAlign",767.9,768.18,"un"
"TokensAlign",768.18,768.38,"film"
"TokensAlign",768.38,768.6999999999999,"parmi"
"TokensAlign",768.6999999999999,768.87,"tous"
"TokensAlign",768.87,768.9499999999999,"qui"
"TokensAlign",768.9499999999999,769.12,"serait"
"TokensAlign",769.12,769.25,"la"
"TokensAlign",769.25,769.46,"tête"
"TokensAlign",769.46,769.53,"d'"
"TokensAlign",769.53,770.3299999999999,"affiche"
"TokensAlign",770.3299999999999,770.51,"des"
"TokensAlign",770.51,770.73,"films"
"TokensAlign",770.73,771.275,"peut-être"
"TokensAlign",771.275,772.2,"#"
"TokensAlign",772.2,772.49,"qui"
"TokensAlign",772.49,772.72,"vraiment"
"TokensAlign",772.72,772.75,"il"
"TokensAlign",772.75,772.7800000000001,"n'"
"TokensAlign",772.7800000000001,772.8100000000001,"y"
"TokensAlign",772.8100000000001,772.84,"en"
"TokensAlign",772.84,772.9300000000001,"a"
"TokensAlign",772.9300000000001,772.99,"pas"
"TokensAlign",772.99,773.575313,"beaucoup"
"TokensAlign",773.575313,797.085,"#"
"TokensAlign",797.085,797.245,"bon"
"TokensAlign",797.245,797.695,"super"
"TokensAlign",797.695,797.755,"oui"
"TokensAlign",797.755,798.1,"deadpool"
"TokensAlign",798.1,798.425,"#"
"TokensAlign",798.425,798.495,"ça"
"TokensAlign",798.495,798.7249999999999,"pourrait"
"TokensAlign",798.7249999999999,798.865,"être"
"TokensAlign",798.865,798.925,"la"
"TokensAlign",798.925,799.055,"tête"
"TokensAlign",799.055,799.115,"d'"
"TokensAlign",799.115,799.62,"affiche"
"TokensAlign",799.62,803.635,"#"
"TokensAlign",803.635,803.735,"et"
"TokensAlign",803.735,803.975,"du_coup"
"TokensAlign",803.975,804.005,"on"
"TokensAlign",804.005,804.235,"le"
"TokensAlign",804.235,804.595,"ferait"
"TokensAlign",804.595,804.625,"euh"
"TokensAlign",804.625,805.505,"par_exemple"
"TokensAlign",805.505,805.645,"au"
"TokensAlign",805.645,805.745,"tout"
"TokensAlign",805.745,806.075,"début"
"TokensAlign",806.075,806.175,"ou"
"TokensAlign",806.175,806.285,"à"
"TokensAlign",806.285,806.405,"la"
"TokensAlign",806.405,806.555,"fin"
"TokensAlign",806.555,806.745,"pour"
"TokensAlign",806.745,807.315,"clôturer"
"TokensAlign",807.315,807.575,"#"
"TokensAlign",807.575,807.6450000000001,"on"
"TokensAlign",807.6450000000001,807.9350000000001,"mettrait"
"TokensAlign",807.9350000000001,808.0250000000001,"où"
"TokensAlign",808.0250000000001,808.455938,"deadpool"
"TokensAlign",808.455938,811.26,"#"
"TokensAlign",811.26,811.36,"pour"
"TokensAlign",811.36,811.68,"clôturer"
"TokensAlign",811.68,811.77,"à"
"TokensAlign",811.77,811.86,"la"
"TokensAlign",811.86,812.084063,"fin"
"TokensAlign",812.084063,816.25,"#"
"TokensAlign",816.25,816.52,"allez"
"TokensAlign",816.52,820.04,"#"
"TokensAlign",820.04,820.2199999999999,"alors"
"TokensAlign",820.2199999999999,820.27,"je"
"TokensAlign",820.27,820.36,"vais"
"TokensAlign",820.36,820.68,"mettre"
"TokensAlign",820.68,821.11,"deadpool"
"TokensAlign",821.11,821.16,"à"
"TokensAlign",821.16,821.3199999999999,"la"
"TokensAlign",821.3199999999999,821.753438,"fin"
"TokensAlign",821.753438,822.333042,"#"
"TokensAlign",822.333042,822.653042,"hop"
"TokensAlign",822.653042,822.765938,"là"
"TokensAlign",822.765938,826.165,"#"
"TokensAlign",826.165,826.2049999999999,"du"
"TokensAlign",826.2049999999999,826.4449999999999,"coup"
"TokensAlign",826.4449999999999,826.675,"là"
"TokensAlign",826.675,826.8449999999999,"pour"
"TokensAlign",826.8449999999999,826.875,"l'"
"TokensAlign",826.875,826.995,"instant"
"TokensAlign",826.995,827.105,"le"
"TokensAlign",827.105,827.425,"premier"
"TokensAlign",827.425,827.605,"film"
"TokensAlign",827.605,827.7249999999999,"pour"
"TokensAlign",827.7249999999999,828.115,"commencer"
"TokensAlign",828.115,828.4649999999999,"c'est"
"TokensAlign",828.4649999999999,829.06,"babysitting"
"TokensAlign",829.06,829.215,"#"
"TokensAlign",829.215,829.355,"est-ce"
"TokensAlign",829.355,829.485,"que"
"TokensAlign",829.485,829.575,"je"
"TokensAlign",829.575,829.815,"laisse"
"TokensAlign",829.815,830.375,"babysitting"
"TokensAlign",830.375,830.495,"ou"
"TokensAlign",830.495,830.5550000000001,"je"
"TokensAlign",830.5550000000001,830.735,"change"
"TokensAlign",830.735,831.015,"par"
"TokensAlign",831.015,831.1650000000001,"une"
"TokensAlign",831.1650000000001,831.255,"autre"
"TokensAlign",831.255,831.659063,"comédie"
"TokensAlign",831.659063,833.01,"#"
"TokensAlign",833.01,833.16,"par"
"TokensAlign",833.16,833.26,"les"
"TokensAlign",833.26,833.58,"bronzés"
"TokensAlign",833.58,833.74,"font"
"TokensAlign",833.74,833.8,"du"
"TokensAlign",833.8,834.14,"ski"
"TokensAlign",834.14,834.3199999999999,"les"
"TokensAlign",834.3199999999999,834.76,"profs"
"TokensAlign",834.76,834.85,"le"
"TokensAlign",834.85,834.97,"père"
"TokensAlign",834.97,835.16,"noël"
"TokensAlign",835.16,835.2,"est"
"TokensAlign",835.2,835.29,"une"
"TokensAlign",835.29,835.72,"ordure"
"TokensAlign",835.72,835.79,"ou"
"TokensAlign",835.79,835.84,"qu'"
"TokensAlign",835.84,836.01,"est-ce_qu'"
"TokensAlign",836.01,836.04,"on"
"TokensAlign",836.04,836.15,"a"
"TokensAlign",836.15,836.21,"fait"
"TokensAlign",836.21,836.3,"au"
"TokensAlign",836.3,836.47,"bon"
"TokensAlign",836.47,836.73,"dieu"
"TokensAlign",836.73,837.29,"+"
"TokensAlign",837.29,837.36,"ou"
"TokensAlign",837.36,837.41,"je"
"TokensAlign",837.41,837.76,"laisse"
"TokensAlign",837.76,838.645,"babysitting"
"TokensAlign",838.645,840.405,"#"
"TokensAlign",840.405,840.57,"*"
"TokensAlign",840.57,840.68,"#"
"TokensAlign",840.68,841.005,"*"
"TokensAlign",841.005,841.515,"#"
"TokensAlign",841.515,841.834688,"*"
"TokensAlign",841.834688,850.53,"#"
"TokensAlign",850.53,851.03,"ok"
"TokensAlign",851.03,852.51,"#"
"TokensAlign",852.51,852.86,"bon"
"TokensAlign",852.86,853.52,"du_coup"
"TokensAlign",853.52,853.61,"là"
"TokensAlign",853.61,853.64,"on"
"TokensAlign",853.64,853.68,"a"
"TokensAlign",853.68,853.83,"on"
"TokensAlign",853.83,854.09,"a"
"TokensAlign",854.09,854.12,"on"
"TokensAlign",854.12,854.17,"a"
"TokensAlign",854.17,854.49,"les"
"TokensAlign",854.49,854.86,"dix"
"TokensAlign",854.86,855.775,"#"
"TokensAlign",855.775,855.8149999999999,"on"
"TokensAlign",855.8149999999999,855.875,"a"
"TokensAlign",855.875,856.015,"le"
"TokensAlign",856.015,856.566563,"thème"
"TokensAlign",856.566563,858.76,"#"
"TokensAlign",858.76,858.9,"non"
"TokensAlign",858.9,858.96,"je"
"TokensAlign",858.96,859.14,"pense"
"TokensAlign",859.14,859.22,"qu'"
"TokensAlign",859.22,859.25,"on"
"TokensAlign",859.25,859.37,"est"
"TokensAlign",859.37,859.688438,"bon"
"TokensAlign",859.688438,861.305,"#"
"TokensAlign",861.305,863.198438,"hum"
"TokensAlign",863.198438,865.435,"#"
"TokensAlign",865.435,865.9649999999999,"du_coup"
"TokensAlign",865.9649999999999,866.0949999999999,"ouais"
"TokensAlign",866.0949999999999,866.125,"on"
"TokensAlign",866.125,866.425,"a"
"TokensAlign",866.425,866.555,"mis"
"TokensAlign",866.555,866.5949999999999,"de"
"TokensAlign",866.5949999999999,867.055,"côté"
"TokensAlign",867.055,868.0849999999999,"documentaire"
"TokensAlign",868.0849999999999,868.581563,"et"
"TokensAlign",868.581563,870.065,"#"
"TokensAlign",870.065,870.1350000000001,"c'est"
"TokensAlign",870.1350000000001,870.235,"quoi"
"TokensAlign",870.235,870.2750000000001,"le"
"TokensAlign",870.2750000000001,870.5050000000001,"deuxième"
"TokensAlign",870.5050000000001,870.690938,"thème"
"TokensAlign",870.690938,871.74,"#"
"TokensAlign",871.74,872.83,"documentaire"
"TokensAlign",872.83,872.87,"et"
"TokensAlign",872.87,873.19,"#"
"TokensAlign",873.19,873.711563,"*"
"TokensAlign",873.711563,876.835,"#"
"TokensAlign",876.835,876.955,"hop"
"TokensAlign",876.955,877.289063,"là"
"TokensAlign",877.289063,879.77,"#"
"TokensAlign",879.77,879.915,"bon"
"TokensAlign",879.915,880.18,"#"
"TokensAlign",880.18,880.2199999999999,"j'"
"TokensAlign",880.2199999999999,880.42,"espère"
"TokensAlign",880.42,880.53,"pas"
"TokensAlign",880.53,880.56,"que"
"TokensAlign",880.56,880.7299999999999,"tous_les"
"TokensAlign",880.7299999999999,880.93,"films"
"TokensAlign",880.93,881.42,"marcheront"
"TokensAlign",881.42,881.4899999999999,"que"
"TokensAlign",881.4899999999999,881.6999999999999,"même"
"TokensAlign",881.6999999999999,882.0,"les"
"TokensAlign",882.0,882.31,"anciens"
"TokensAlign",882.31,882.76,"films"
"TokensAlign",882.76,883.105,"euh"
"TokensAlign",883.105,883.68,"#"
"TokensAlign",883.68,883.91,"après"
"TokensAlign",883.91,883.9499999999999,"faut"
"TokensAlign",883.9499999999999,884.14,"voir"
"TokensAlign",884.14,884.56,"parce_que"
"TokensAlign",884.56,884.62,"ce"
"TokensAlign",884.62,884.68,"qu'"
"TokensAlign",884.68,884.77,"on"
"TokensAlign",884.77,884.89,"peut"
"TokensAlign",884.89,885.27,"faire"
"TokensAlign",885.27,885.43,"c'est"
"TokensAlign",885.43,885.52,"que"
"TokensAlign",885.52,885.68,"si"
"TokensAlign",885.68,885.77,"c'est"
"TokensAlign",885.77,886.03,"sur"
"TokensAlign",886.03,886.3399999999999,"plusieurs"
"TokensAlign",886.3399999999999,886.76,"jours"
"TokensAlign",886.76,887.1099999999999,"+"
"TokensAlign",887.1099999999999,887.18,"d"
"TokensAlign",887.18,887.5999999999999,"essayer"
"TokensAlign",887.5999999999999,887.7399999999999,"de"
"TokensAlign",887.7399999999999,888.0999999999999,"coupler"
"TokensAlign",888.0999999999999,888.2099999999999,"donc"
"TokensAlign",888.2099999999999,888.9799999999999,"par_exemple"
"TokensAlign",888.9799999999999,889.025,"le"
"TokensAlign",889.025,889.555,"#"
"TokensAlign",889.555,889.935,"mettre"
"TokensAlign",889.935,889.9649999999999,"euh"
"TokensAlign",889.9649999999999,890.025,"les"
"TokensAlign",890.025,890.285,"avec"
"TokensAlign",890.285,890.3149999999999,"le"
"TokensAlign",890.3149999999999,890.8449999999999,"père"
"TokensAlign",890.8449999999999,891.3149999999999,"noël"
"TokensAlign",891.3149999999999,891.4649999999999,"est"
"TokensAlign",891.4649999999999,891.525,"une"
"TokensAlign",891.525,892.1149999999999,"ordure"
"TokensAlign",892.1149999999999,892.3549999999999,"juste"
"TokensAlign",892.3549999999999,892.415,"dans"
"TokensAlign",892.415,892.4549999999999,"un"
"TokensAlign",892.4549999999999,892.8349999999999,"prelot"
"TokensAlign",892.8349999999999,893.015,"comme"
"TokensAlign",893.015,893.305,"ça"
"TokensAlign",893.305,893.3649999999999,"il_y"
"TokensAlign",893.3649999999999,893.555,"aura"
"TokensAlign",893.555,893.655,"des"
"TokensAlign",893.655,893.755,"gens"
"TokensAlign",893.755,893.9449999999999,"peut-être"
"TokensAlign",893.9449999999999,894.035,"qui"
"TokensAlign",894.035,894.1049999999999,"vont"
"TokensAlign",894.1049999999999,894.3449999999999,"rester"
"TokensAlign",894.3449999999999,894.4549999999999,"pour"
"TokensAlign",894.4549999999999,894.545,"les"
"TokensAlign",894.545,894.7049999999999,"deux"
"TokensAlign",894.7049999999999,894.974063,"films"
"TokensAlign",894.974063,895.655,"#"
"TokensAlign",895.655,895.775,"parce_que"
"TokensAlign",895.775,895.805,"je"
"TokensAlign",895.805,895.905,"pense"
"TokensAlign",895.905,896.015,"pas"
"TokensAlign",896.015,896.105,"qu'"
"TokensAlign",896.105,896.135,"il_y"
"TokensAlign",896.135,896.165,"a"
"TokensAlign",896.165,896.4449999999999,"vraiment"
"TokensAlign",896.4449999999999,896.625,"des"
"TokensAlign",896.625,896.6949999999999,"gens"
"TokensAlign",896.6949999999999,896.725,"qui"
"TokensAlign",896.725,896.895,"viennent"
"TokensAlign",896.895,897.045,"avec"
"TokensAlign",897.045,897.1949999999999,"leurs"
"TokensAlign",897.1949999999999,897.425,"enfants"
"TokensAlign",897.425,897.615,"juste"
"TokensAlign",897.615,897.865,"pour"
"TokensAlign",897.865,898.095,"voir"
"TokensAlign",898.095,898.125,"un"
"TokensAlign",898.125,898.7149999999999,"film"
"TokensAlign",898.7149999999999,898.990313,"ancien"
"TokensAlign",898.990313,900.11,"#"
"TokensAlign",900.11,900.33,"*"
"TokensAlign",900.33,900.63,"#"
"TokensAlign",900.63,900.846563,"*"
"TokensAlign",900.846563,907.995,"#"
"TokensAlign",907.995,908.395,"mh"
"TokensAlign",908.395,908.645,"est-ce"
"TokensAlign",908.645,908.715,"qu'"
"TokensAlign",908.715,908.845,"on"
"TokensAlign",908.845,909.005,"a"
"TokensAlign",909.005,909.275,"aussi"
"TokensAlign",909.275,909.685,"d'autres"
"TokensAlign",909.685,910.265,"arguments"
"TokensAlign",910.265,910.475,"pour"
"TokensAlign",910.475,910.805,"expliquer"
"TokensAlign",910.805,911.015,"pourquoi"
"TokensAlign",911.015,911.045,"on"
"TokensAlign",911.045,911.145,"a"
"TokensAlign",911.145,911.265,"pris"
"TokensAlign",911.265,911.325,"un"
"TokensAlign",911.325,911.795,"cinéma"
"TokensAlign",911.795,912.203437,"drive"
"TokensAlign",912.203437,912.827813,"#"
"TokensAlign",912.827813,913.017813,"parce"
"TokensAlign",913.017813,913.047813,"que"
"TokensAlign",913.047813,913.107813,"là"
"TokensAlign",913.107813,913.347813,"du_coup"
"TokensAlign",913.347813,913.407813,"j'"
"TokensAlign",913.407813,913.477813,"ai"
"TokensAlign",913.477813,913.707813,"juste"
"TokensAlign",913.707813,913.847813,"mis"
"TokensAlign",913.847813,914.197813,"accueillir"
"TokensAlign",914.197813,914.227813,"un"
"TokensAlign",914.227813,914.537813,"grand"
"TokensAlign",914.537813,914.697813,"nombre"
"TokensAlign",914.697813,914.797813,"de"
"TokensAlign",914.797813,915.44,"personnes"
"TokensAlign",915.44,916.005,"#"
"TokensAlign",916.005,916.075,"et"
"TokensAlign",916.075,916.105,"que"
"TokensAlign",916.105,916.325,"c'était"
"TokensAlign",916.325,916.435,"un"
"TokensAlign",916.435,916.595,"cadre"
"TokensAlign",916.595,917.282812,"original"
"TokensAlign",917.282812,918.45,"#"
"TokensAlign",918.45,918.53,"mais"
"TokensAlign",918.53,919.43,"après"
"TokensAlign",919.43,920.27,"euh"
"TokensAlign",920.27,920.865,"#"
"TokensAlign",920.865,921.165,"*"
"TokensAlign",921.165,922.425,"#"
"TokensAlign",922.425,922.545,"c'est"
"TokensAlign",922.545,922.685,"vrai"
"TokensAlign",922.685,922.985,"+"
"TokensAlign",922.985,923.135,"bon"
"TokensAlign",923.135,923.495,"bonne"
"TokensAlign",923.495,923.845,"chose"
"TokensAlign",923.845,931.76,"#"
"TokensAlign",931.76,931.89,"en"
"TokensAlign",931.89,931.98,"plus"
"TokensAlign",931.98,932.21,"ça"
"TokensAlign",932.21,932.47,"coûterait"
"TokensAlign",932.47,932.67,"moins"
"TokensAlign",932.67,932.92,"cher"
"TokensAlign",932.92,933.19,"aussi"
"TokensAlign",933.19,933.28,"je"
"TokensAlign",933.28,933.55,"pense"
"TokensAlign",933.55,933.63,"hein"
"TokensAlign",933.63,933.75,"si"
"TokensAlign",933.75,933.78,"on"
"TokensAlign",933.78,934.07,"ajoutait"
"TokensAlign",934.07,934.18,"un"
"TokensAlign",934.18,934.49,"écran"
"TokensAlign",934.49,934.71,"plutôt"
"TokensAlign",934.71,934.74,"que"
"TokensAlign",934.74,935.06,"réserver"
"TokensAlign",935.06,935.14,"une"
"TokensAlign",935.14,935.440313,"salle"
"TokensAlign",935.440313,965.435,"#"
"TokensAlign",965.435,965.71,"ouais"
"TokensAlign",965.71,968.75,"#"
"TokensAlign",968.75,969.17,"euh"
"TokensAlign",969.17,970.2,"super"
"TokensAlign",970.2,970.31,"hum"
"TokensAlign",970.31,970.39,"en"
"TokensAlign",970.39,970.87,"plus"
"TokensAlign",970.87,971.04,"ça"
"TokensAlign",971.04,971.24,"serait"
"TokensAlign",971.24,971.52,"même"
"TokensAlign",971.52,971.63,"+"
"TokensAlign",971.63,971.75,"au"
"TokensAlign",971.75,971.96,"final"
"TokensAlign",971.96,972.16,"juste"
"TokensAlign",972.16,972.39,"pour"
"TokensAlign",972.39,972.67,"revenir"
"TokensAlign",972.67,972.85,"sur"
"TokensAlign",972.85,972.99,"le"
"TokensAlign",972.99,973.13,"moins"
"TokensAlign",973.13,973.57,"cher"
"TokensAlign",973.57,973.77,"+"
"TokensAlign",973.77,973.91,"ça"
"TokensAlign",973.91,974.07,"serait"
"TokensAlign",974.07,974.29,"moins"
"TokensAlign",974.29,974.52,"cher"
"TokensAlign",974.52,974.67,"pour"
"TokensAlign",974.67,975.0,"nous"
"TokensAlign",975.0,975.31,"+"
"TokensAlign",975.31,975.39,"et"
"TokensAlign",975.39,975.54,"ça"
"TokensAlign",975.54,975.73,"serait"
"TokensAlign",975.73,975.95,"aussi"
"TokensAlign",975.95,976.08,"moins"
"TokensAlign",976.08,976.29,"cher"
"TokensAlign",976.29,976.71,"pour"
"TokensAlign",976.71,976.97,"euh"
"TokensAlign",976.97,977.1,"le"
"TokensAlign",977.1,977.725,"public"
"TokensAlign",977.725,977.97,"#"
"TokensAlign",977.97,978.35,"euh"
"TokensAlign",978.35,978.46,"du"
"TokensAlign",978.46,978.73,"coup"
"TokensAlign",978.73,979.035,"#"
"TokensAlign",979.035,979.2,"*"
"TokensAlign",979.2,979.64,"#"
"TokensAlign",979.64,979.7,"ça"
"TokensAlign",979.7,979.87,"serait"
"TokensAlign",979.87,979.99,"bien"
"TokensAlign",979.99,980.02,"y'"
"TokensAlign",980.02,980.24,"aurapeut"
"TokensAlign",980.24,980.3,"être"
"TokensAlign",980.3,980.41,"plus"
"TokensAlign",980.41,980.54,"de"
"TokensAlign",980.54,980.69,"monde"
"TokensAlign",980.69,981.05,"aussi"
"TokensAlign",981.05,981.14,"qui"
"TokensAlign",981.14,981.23,"vient"
"TokensAlign",981.23,981.272812,"ah"
"TokensAlign",981.272812,990.925,"#"
"TokensAlign",990.925,990.985,"ah"
"TokensAlign",990.985,991.045,"oui"
"TokensAlign",991.045,991.125,"je"
"TokensAlign",991.125,991.315,"savais"
"TokensAlign",991.315,991.475,"pas"
"TokensAlign",991.475,991.665,"du"
"TokensAlign",991.665,991.836563,"tout"
"TokensAlign",991.836563,993.865,"#"
"TokensAlign",993.865,994.105,"c'était"
"TokensAlign",994.105,994.365,"vers"
"TokensAlign",994.365,994.485937,"où"
"TokensAlign",994.485937,999.645,"#"
"TokensAlign",999.645,999.935,"ah"
"TokensAlign",999.935,1000.274063,"oui"
"TokensAlign",1000.274063,1045.44,"#"
"TokensAlign",1045.44,1045.752188,"ouais"
"TokensAlign",1045.752188,1050.075,"#"
"TokensAlign",1050.075,1050.274688,"oui"
"TokensAlign",1050.274688,1059.815,"#"
"TokensAlign",1059.815,1059.895,"non"
"TokensAlign",1059.895,1060.1950000000002,"là"
"TokensAlign",1060.1950000000002,1060.225,"j'"
"TokensAlign",1060.225,1060.255,"ai"
"TokensAlign",1060.255,1060.535,"pas"
"TokensAlign",1060.535,1061.585,"d'autres"
"TokensAlign",1061.585,1061.9550000000002,"questions"
"TokensAlign",1061.9550000000002,1062.025,"et"
"TokensAlign",1062.025,1062.225,"d'autres"
"TokensAlign",1062.225,1062.559688,"idées"
"TokensAlign",1062.559688,1064.16,"#"
"TokensAlign",1064.16,1064.88,"hum"
"TokensAlign",1064.88,1066.06,"original"
"TokensAlign",1066.06,1066.12,"#"
"TokensAlign",1066.12,1066.26,"pas"
"TokensAlign",1066.26,1066.53,"sur"
"TokensAlign",1066.53,1066.56,"le"
"TokensAlign",1066.56,1066.6699999999998,"même"
"TokensAlign",1066.6699999999998,1067.537813,"thème"
"TokensAlign",1067.537813,1070.91,"#"
"TokensAlign",1070.91,1071.22,"ben"
"TokensAlign",1071.22,1071.5,"dans"
"TokensAlign",1071.5,1071.75,"tous_les"
"TokensAlign",1071.75,1071.9,"cas"
"TokensAlign",1071.9,1071.97,"le"
"TokensAlign",1071.97,1072.35,"cinéma"
"TokensAlign",1072.35,1072.48,"art"
"TokensAlign",1072.48,1072.71,"déco"
"TokensAlign",1072.71,1072.75,"il"
"TokensAlign",1072.75,1072.78,"n'"
"TokensAlign",1072.78,1072.8100000000002,"y"
"TokensAlign",1072.8100000000002,1072.98,"avait"
"TokensAlign",1072.98,1073.2900000000002,"pas_assez"
"TokensAlign",1073.2900000000002,1073.3200000000002,"de"
"TokensAlign",1073.3200000000002,1073.94,"personnes"
"TokensAlign",1073.94,1073.97,"et"
"TokensAlign",1073.97,1074.14,"ça"
"TokensAlign",1074.14,1074.26,"se"
"TokensAlign",1074.26,1074.61,"mitimait"
"TokensAlign",1074.61,1074.78,"les"
"TokensAlign",1074.78,1075.5600000000002,"pas"
"TokensAlign",1075.5600000000002,1075.62,"et"
"TokensAlign",1075.62,1075.65,"le"
"TokensAlign",1075.65,1076.02,"cinéma"
"TokensAlign",1076.02,1076.2900000000002,"classique"
"TokensAlign",1076.2900000000002,1076.4,"c'est"
"TokensAlign",1076.4,1076.49,"un"
"TokensAlign",1076.49,1076.61,"peu"
"TokensAlign",1076.61,1077.2900000000002,"triste"
"TokensAlign",1077.2900000000002,1077.46,"c'est"
"TokensAlign",1077.46,1077.59,"comme"
"TokensAlign",1077.59,1077.68,"ça"
"TokensAlign",1077.68,1077.7900000000002,"en"
"TokensAlign",1077.7900000000002,1078.0,"plus"
"TokensAlign",1078.0,1078.39,"les"
"TokensAlign",1078.39,1078.64,"enfants"
"TokensAlign",1078.64,1078.7900000000002,"ils"
"TokensAlign",1078.7900000000002,1078.9,"seraient"
"TokensAlign",1078.9,1079.34,"motivés"
"TokensAlign",1079.34,1079.4,"à"
"TokensAlign",1079.4,1079.53,"aller"
"TokensAlign",1079.53,1079.63,"dans"
"TokensAlign",1079.63,1079.77,"un"
"TokensAlign",1079.77,1080.15,"cinéma"
"TokensAlign",1080.15,1080.25,"en"
"TokensAlign",1080.25,1080.68,"voiture"
"TokensAlign",1080.68,1080.8,"#"
"TokensAlign",1080.8,1080.84,"ça"
"TokensAlign",1080.84,1080.98,"leur"
"TokensAlign",1080.98,1081.409063,"change"
"TokensAlign",1081.409063,1082.075,"#"
"TokensAlign",1082.075,1082.165,"vu"
"TokensAlign",1082.165,1082.235,"que"
"TokensAlign",1082.235,1082.655,"vraiment"
"TokensAlign",1082.655,1082.765,"c'est"
"TokensAlign",1082.765,1082.995,"toute_la"
"TokensAlign",1082.995,1083.375,"famille"
"TokensAlign",1083.375,1089.475,"#"
"TokensAlign",1089.475,1089.865,"bon"
"TokensAlign",1089.865,1090.0749999999998,"du_coup"
"TokensAlign",1090.0749999999998,1090.255,"là"
"TokensAlign",1090.255,1090.3049999999998,"il"
"TokensAlign",1090.3049999999998,1090.435,"est"
"TokensAlign",1090.435,1090.855,"quarante"
"TokensAlign",1090.855,1090.995,"donc"
"TokensAlign",1090.995,1091.0749999999998,"je"
"TokensAlign",1091.0749999999998,1091.395,"pense"
"TokensAlign",1091.395,1092.0649999999998,"que"
"TokensAlign",1092.0649999999998,1092.375,"océane"
"TokensAlign",1092.375,1092.475,"elle"
"TokensAlign",1092.475,1092.5749999999998,"va"
"TokensAlign",1092.5749999999998,1092.935,"bientôt"
"TokensAlign",1092.935,1093.355,"revenir"
"TokensAlign",1093.355,1093.415,"à"
"TokensAlign",1093.415,1093.8,"quarante-et-un"
"TokensAlign",1093.8,1094.415,"#"
"TokensAlign",1094.415,1094.455,"et"
"TokensAlign",1094.455,1094.485,"on"
"TokensAlign",1094.485,1094.535,"a"
"TokensAlign",1094.535,1094.705,"tout"
"TokensAlign",1094.705,1094.855,"bien"
"TokensAlign",1094.855,1095.235,"complété"
"PronTokAlign",0.0,1.165,"#=0.0"
"PronTokAlign",1.165,1.594688,"s-y-p-E-R=0.507"
"PronTokAlign",1.594688,2.556563,"#=0.0"
"PronTokAlign",2.556563,2.796563,"d-y-k-u"
"PronTokAlign",2.796563,3.136563,"l-A/"
"PronTokAlign",3.136563,3.226563,"O~=0.798"
"PronTokAlign",3.226563,3.396563,"v-A/"
"PronTokAlign",3.396563,3.766563,"v-R-E-m-a~=0.629"
"PronTokAlign",3.766563,4.056563000000001,"R-a~-t-R-e=0.717"
"PronTokAlign",4.056563000000001,4.206563,"d-a~=0.764"
"PronTokAlign",4.206563,4.256563,"l=0.465"
"PronTokAlign",4.256563,4.586563,"v-i-f"
"PronTokAlign",4.586563,4.616563,"d=0.634"
"PronTokAlign",4.616563,5.006563,"s-y-Z-E=0.439"
"PronTokAlign",5.006563,5.106563,"O~=0.674"
"PronTokAlign",5.106563,5.186563,"v-A/"
"PronTokAlign",5.186563,5.496563,"e-s-e-j-e=0.424"
"PronTokAlign",5.496563,5.546563000000001,"d=0.589"
"PronTokAlign",5.546563000000001,6.116563,"O/-R-g-A/-n-i-z-e=0.807"
"PronTokAlign",6.116563,6.276563,"s-@=0.795"
"PronTokAlign",6.276563,6.466563000000001,"f-A/-m-@=0.856"
"PronTokAlign",6.466563000000001,7.206563000000001,"e-v-E-n-m-a~=0.753"
"PronTokAlign",7.206563000000001,7.236563,"d=0.654"
"PronTokAlign",7.236563,7.804688,"s-i-n-e-m-A/=0.693"
"PronTokAlign",7.804688,8.7,"#=0.0"
"PronTokAlign",8.7,8.899999999999999,"d-O~=0.609"
"PronTokAlign",8.899999999999999,9.04,"p-u-R"
"PronTokAlign",9.04,9.56,"k-O/-m-a~-s-e=0.561"
"PronTokAlign",9.56,9.63,"S=0.433"
"PronTokAlign",9.63,9.84,"k-R-w-A/=0.797"
"PronTokAlign",9.84,9.96,"k-@=0.573"
"PronTokAlign",9.96,10.02,"d-a~=0.858"
"PronTokAlign",10.02,10.079999999999998,"n-O/=0.689"
"PronTokAlign",10.079999999999998,10.34,"k-A/-t-R=0.521"
"PronTokAlign",10.34,10.63,"t-E-m=0.796"
"PronTokAlign",10.63,10.7,"k"
"PronTokAlign",10.7,10.77,"O~=0.519"
"PronTokAlign",10.77,10.97,"A/-v-e=0.55"
"PronTokAlign",10.97,11.42,"S-w-A/-z-i"
"PronTokAlign",11.42,11.59,"f-O/-t=0.432"
"PronTokAlign",11.59,11.62,"k"
"PronTokAlign",11.62,11.66,"O~=0.539"
"PronTokAlign",11.66,11.72,"a~"
"PronTokAlign",11.72,12.17,"s-E-l-E-k-s-j-O/-n=0.613"
"PronTokAlign",12.17,12.43,"k-@=0.751"
"PronTokAlign",12.43,12.698438,"d-2=0.876"
"PronTokAlign",12.698438,13.455,"#=0.0"
"PronTokAlign",13.455,13.595,"d-O~=0.676"
"PronTokAlign",13.595,14.015,"s-k=0.616"
"PronTokAlign",14.015,14.075,"v-u=0.538"
"PronTokAlign",14.075,14.245,"A/-v-e=0.917"
"PronTokAlign",14.245,14.365,"y-n=0.632"
"PronTokAlign",14.365,14.725,"i-d-e"
"PronTokAlign",14.725,15.33,"d-@"
"PronTokAlign",15.33,15.57,"#=0.0"
"PronTokAlign",15.57,15.93,"p-A/-R-m-i"
"PronTokAlign",15.93,16.11,"l-E=0.71"
"PronTokAlign",16.11,16.35,"k-A/-t=0.645"
"PronTokAlign",16.35,16.59,"l-e-k-E-l=0.676"
"PronTokAlign",16.59,16.64,"O~=0.644"
"PronTokAlign",16.64,16.740000000000002,"v-A/"
"PronTokAlign",16.740000000000002,17.07,"p-R-a~-d-R=0.627"
"PronTokAlign",17.07,20.745,"#=0.0"
"PronTokAlign",20.745,20.785,"u"
"PronTokAlign",20.785,20.899687,"l-A/"
"PronTokAlign",20.899687,21.74,"#=0.0"
"PronTokAlign",21.74,21.99,"E-s-k=0.453"
"PronTokAlign",21.99,22.08,"j=0.481"
"PronTokAlign",22.08,22.16,"A/"
"PronTokAlign",22.16,22.53,"k-E-l-k-U~/"
"PronTokAlign",22.53,22.7,"k-i=0.721"
"PronTokAlign",22.7,22.73,"s=0.865"
"PronTokAlign",22.73,22.87,"d-i=0.924"
"PronTokAlign",22.87,23.29,"d-e-Z-A/=0.795"
"PronTokAlign",23.29,23.51,"m-O~=0.513"
"PronTokAlign",23.51,23.76,"t-E-m=0.728"
"PronTokAlign",23.76,23.88,"s=0.944"
"PronTokAlign",23.88,24.05,"s-E-R"
"PronTokAlign",24.05,24.17,"A/"
"PronTokAlign",24.17,24.66,"R-j-U~/=0.754"
"PronTokAlign",24.66,24.69,"i=0.673"
"PronTokAlign",24.69,24.72,"n"
"PronTokAlign",24.72,24.75,"j=0.518"
"PronTokAlign",24.75,25.07,"O/-R-A/"
"PronTokAlign",25.07,25.46,"p-A/-z-A/-s-e"
"PronTokAlign",25.46,25.5,"d=0.773"
"PronTokAlign",25.5,25.74,"p-E-R-s-O/-n=0.831"
"PronTokAlign",25.74,25.86,"k-j=0.752"
"PronTokAlign",25.86,25.92,"v-A/"
"PronTokAlign",25.92,26.249063,"v-n-i-R=0.821"
"PronTokAlign",26.249063,27.04,"#=0.0"
"PronTokAlign",27.04,27.464063,"u=0.0"
"PronTokAlign",27.464063,30.18,"#=0.0"
"PronTokAlign",30.18,30.41,"noise=0.0"
"PronTokAlign",30.41,30.59,"#=0.0"
"PronTokAlign",30.59,30.990938,"noise=0.0"
"PronTokAlign",30.990938,39.28,"#=0.0"
"PronTokAlign",39.28,39.41,"m=0.0"
"PronTokAlign",39.41,68.1,"#=0.0"
"PronTokAlign",68.1,68.21,"e=0.706"
"PronTokAlign",68.21,68.42999999999999,"d-y-k-u"
"PronTokAlign",68.42999999999999,68.61,"l-@=0.386"
"PronTokAlign",68.61,68.94,"d-2-z-j-E-m=0.907"
"PronTokAlign",68.94,69.03,"t-E-m=0.804"
"PronTokAlign",69.03,69.11,"s-k=0.589"
"PronTokAlign",69.11,69.14,"j=0.574"
"PronTokAlign",69.14,69.6,"A/"
"PronTokAlign",69.6,70.94999999999999,"k-E-l-k-@-S-O/-z-@=0.345"
"PronTokAlign",70.94999999999999,70.97999999999999,"k=0.615"
"PronTokAlign",70.97999999999999,71.06,"v-u=0.621"
"PronTokAlign",71.06,71.335,"#=0.0"
"PronTokAlign",71.335,71.55499999999999,"s-a~-b-l=0.854"
"PronTokAlign",71.55499999999999,71.585,"a~"
"PronTokAlign",71.585,72.04,"A/-d-E-k-w-A/-s-j-O~"
"PronTokAlign",72.04,72.170107,"#=0.0"
"PronTokAlign",72.170107,72.697095,"noise=0.0"
"PronTokAlign",72.697095,85.79,"#=0.0"
"PronTokAlign",85.79,85.91000000000001,"d-O~-k=0.667"
"PronTokAlign",85.91000000000001,86.02000000000001,"O~=0.675"
"PronTokAlign",86.02000000000001,86.24000000000001,"p-A/-R"
"PronTokAlign",86.24000000000001,86.57000000000001,"s-y-R"
"PronTokAlign",86.57000000000001,87.04,"k-O/-m-e-d-i=0.852"
"PronTokAlign",87.04,87.16000000000001,"e=0.824"
"PronTokAlign",87.16000000000001,87.48,"s-y-p-E-R=0.671"
"PronTokAlign",87.48,87.792187,"j-E-R-O/=0.727"
"PronTokAlign",87.792187,89.67,"#=0.0"
"PronTokAlign",89.67,89.79,"d-O~-k=0.515"
"PronTokAlign",89.79,90.04,"m-U~/-n-a~=0.462"
"PronTokAlign",90.04,90.1,"i=0.66"
"PronTokAlign",90.1,90.27,"f-O/=0.652"
"PronTokAlign",90.27,90.3,"k"
"PronTokAlign",90.3,90.4,"O~=0.517"
"PronTokAlign",90.4,90.78,"S-w-A/-z-i-s=0.581"
"PronTokAlign",90.78,90.9,"U~/=0.571"
"PronTokAlign",90.9,91.53,"s-i-n-e-m-A/=0.741"
"PronTokAlign",91.53,91.62,"d-O~=0.66"
"PronTokAlign",91.62,91.66,"O~=0.745"
"PronTokAlign",91.66,91.73,"A/"
"PronTokAlign",91.73,92.32,"p-l-y-z-j-9-R=0.853"
"PronTokAlign",92.32,92.96,"A/-l-t-E-R-n-A/-t-i-v=0.782"
"PronTokAlign",92.96,93.21,"O~-n=0.814"
"PronTokAlign",93.21,93.24,"a~"
"PronTokAlign",93.24,93.31,"A/"
"PronTokAlign",93.31,93.735,"t-R-w-A/=0.942"
"PronTokAlign",93.735,93.975,"#=0.0"
"PronTokAlign",93.975,94.175,"s-w-A/=0.695"
"PronTokAlign",94.175,94.315,"U~/=0.729"
"PronTokAlign",94.315,94.795,"s-i-n-e-m-A/=0.688"
"PronTokAlign",94.795,95.267813,"d-R-A/-j-v-@=0.694"
"PronTokAlign",95.267813,95.93,"#=0.0"
"PronTokAlign",95.93,96.03,"d-O~=0.525"
"PronTokAlign",96.03,96.33,"s-e"
"PronTokAlign",96.33,96.52,"v-u-z=0.784"
"PronTokAlign",96.52,96.69,"s-A/-v-e=0.797"
"PronTokAlign",96.69,96.83,"l-e-z=0.322"
"PronTokAlign",96.83,97.23,"s-i-n-E-m-A/=0.783"
"PronTokAlign",97.23,97.26,"u"
"PronTokAlign",97.26,97.43,"O~=0.798"
"PronTokAlign",97.43,97.7,"p-2-t=0.442"
"PronTokAlign",97.7,97.83,"fp"
"PronTokAlign",97.83,98.06,"v-n-i-R=0.551"
"PronTokAlign",98.06,98.15,"a~"
"PronTokAlign",98.15,98.609062,"v-w-A/-t-y-R=0.903"
"PronTokAlign",98.609062,100.28,"#=0.0"
"PronTokAlign",100.28,100.42,"fp"
"PronTokAlign",100.42,100.52,"l=0.444"
"PronTokAlign",100.52,100.72,"n-O~-b-R-@=0.551"
"PronTokAlign",100.72,100.75,"d=0.461"
"PronTokAlign",100.75,101.05,"p-l-A/-s=0.767"
"PronTokAlign",101.05,101.1,"n"
"PronTokAlign",101.1,101.21,"e=0.409"
"PronTokAlign",101.21,101.3,"p-A/=0.754"
"PronTokAlign",101.3,101.7,"l-i-m-i-t-e"
"PronTokAlign",101.7,101.82,"d-O~=0.811"
"PronTokAlign",101.82,101.9,"s=0.808"
"PronTokAlign",101.9,101.99,"k=0.379"
"PronTokAlign",101.99,102.11,"e=0.487"
"PronTokAlign",102.11,102.33,"b-j-U~/=0.861"
"PronTokAlign",102.33,102.62,"s-e"
"PronTokAlign",102.62,103.52,"k-@=0.924"
"PronTokAlign",103.52,103.59,"fp"
"PronTokAlign",103.59,103.62,"#"
"PronTokAlign",103.62,103.76,"i=0.65"
"PronTokAlign",103.76,104.01,"p-u-R-A/"
"PronTokAlign",104.01,104.04,"j=0.509"
"PronTokAlign",104.04,104.31,"A/-v-w-A/-R"
"PronTokAlign",104.31,104.49,"b-O/-k-u=0.929"
"PronTokAlign",104.49,104.52,"d=0.45"
"PronTokAlign",104.52,104.78,"m-O~-d-@=0.607"
"PronTokAlign",104.78,105.05,"p-A/-R"
"PronTokAlign",105.05,105.31,"k-O~-t-R=0.609"
"PronTokAlign",105.31,105.39,"O~=0.826"
"PronTokAlign",105.39,105.61,"p-u-R-A/"
"PronTokAlign",105.61,105.76,"p-A/=0.874"
"PronTokAlign",105.76,105.95,"v-R-E-m-a~=0.526"
"PronTokAlign",105.95,106.5,"U~/-t-E-R-A/-Z-i-R"
"PronTokAlign",106.5,106.7,"A/-v-E-k"
"PronTokAlign",106.7,106.85,"l-e=0.793"
"PronTokAlign",106.85,107.31,"p-y-b-l-i-k"
"PronTokAlign",107.31,108.34,"#=0.0"
"PronTokAlign",108.34,108.54,"s-w-A/=0.531"
"PronTokAlign",108.54,108.63,"i=0.425"
"PronTokAlign",108.63,108.66,"A/"
"PronTokAlign",108.66,108.79,"U~/=0.793"
"PronTokAlign",108.79,109.2,"s-i-n-E-m-A/=0.537"
"PronTokAlign",109.2,109.43,"A/-R=0.691"
"PronTokAlign",109.43,109.97,"d-e-k-O/"
"PronTokAlign",109.97,111.44,"#=0.0"
"PronTokAlign",111.44,111.55,"d-O~=0.777"
"PronTokAlign",111.55,111.71,"s-e"
"PronTokAlign",111.71,111.9,"U~/-n=0.53"
"PronTokAlign",111.9,112.27,"a~-v-i-R-O/-n-m-a~=0.54"
"PronTokAlign",112.27,112.49,"A/-s-e-z=0.605"
"PronTokAlign",112.49,113.34,"A/-g-R-e-A/-b-l=0.708"
"PronTokAlign",113.34,113.48,"#"
"PronTokAlign",113.48,113.61,"m-e=0.778"
"PronTokAlign",113.61,113.96,"p-A/-R-k-O~-t=0.539"
"PronTokAlign",113.96,114.05,"O~=0.776"
"PronTokAlign",114.05,114.12,"p-@=0.667"
"PronTokAlign",114.12,114.39,"A/-v-w-A/-R"
"PronTokAlign",114.39,114.48,"k-@=0.57"
"PronTokAlign",114.48,114.95,"m-A/-k-s-i-m-O/-m"
"PronTokAlign",114.95,115.37,"s-w-A/-s-a~-t-2-d-i=0.813"
"PronTokAlign",115.37,115.86,"p-E-R-s-O/-n=0.825"
"PronTokAlign",115.86,117.415,"#=0.0"
"PronTokAlign",117.415,117.505,"u"
"PronTokAlign",117.505,117.705,"s-w-A/=0.826"
"PronTokAlign",117.705,117.735,"j=0.498"
"PronTokAlign",117.735,117.835,"A/"
"PronTokAlign",117.835,117.895,"U~/=0.804"
"PronTokAlign",117.895,118.375,"s-i-n-e-m-A/=0.731"
"PronTokAlign",118.375,119.415,"k-l-A/-s-i-k=0.946"
"PronTokAlign",119.415,119.91,"#=0.0"
"PronTokAlign",119.91,120.15,"e=0.988"
"PronTokAlign",120.15,120.39,"fp"
"PronTokAlign",120.39,120.45,"s-e"
"PronTokAlign",120.45,120.56,"s-e"
"PronTokAlign",120.56,120.67,"p-A/=0.773"
"PronTokAlign",120.67,120.88,"t-R-E-z=0.503"
"PronTokAlign",120.88,121.38,"O/-R-i-Z-i-n-A/-l"
"PronTokAlign",121.38,121.44,"m-e=0.354"
"PronTokAlign",121.44,121.53,"l-A/"
"PronTokAlign",121.53,121.56,"O~=0.844"
"PronTokAlign",121.56,121.62,"p-@=0.706"
"PronTokAlign",121.62,121.8,"A/-v-w-A/-R"
"PronTokAlign",121.8,122.33,"s-a~-s-U~/-k-a~-t=0.717"
"PronTokAlign",122.33,122.75,"p-E-R-s-O/-n=0.804"
"PronTokAlign",122.75,123.355,"#=0.0"
"PronTokAlign",123.355,123.435,"d-y=0.619"
"PronTokAlign",123.435,123.525,"k-u"
"PronTokAlign",123.525,123.695,"s-e"
"PronTokAlign",123.695,123.985,"s-w-A/=0.831"
"PronTokAlign",123.985,124.015,"O~=0.655"
"PronTokAlign",124.015,124.125,"A/"
"PronTokAlign",124.125,124.325,"b-O/-k-u=0.787"
"PronTokAlign",124.325,124.385,"d=0.523"
"PronTokAlign",124.385,124.72,"m-O~-d-@=0.528"
"PronTokAlign",124.72,125.565,"#=0.0"
"PronTokAlign",125.565,126.355,"fp=0.0"
"PronTokAlign",126.355,126.79,"#=0.0"
"PronTokAlign",126.79,126.85,"O/"
"PronTokAlign",126.85,127.25,"s-i-n-E-m-A/=0.589"
"PronTokAlign",127.25,127.43,"A/-v-E-k"
"PronTokAlign",127.43,127.49,"l-@=0.347"
"PronTokAlign",127.49,128.065,"v-w-A/-t-y-R=0.811"
"PronTokAlign",128.065,128.38,"#=0.0"
"PronTokAlign",128.38,128.76999999999998,"s-w-A/=0.854"
"PronTokAlign",128.76999999999998,128.79999999999998,"O~=0.725"
"PronTokAlign",128.79999999999998,128.85,"n"
"PronTokAlign",128.85,128.94,"A/"
"PronTokAlign",128.94,129.14,"p-A/=0.749"
"PronTokAlign",129.14,129.43,"b-O/-k-u=0.932"
"PronTokAlign",129.43,129.51,"O/"
"PronTokAlign",129.51,129.84,"s-i-n-E-m-A/=0.526"
"PronTokAlign",129.84,130.06,"A/-R=0.675"
"PronTokAlign",130.06,130.42,"d-e-k-O/"
"PronTokAlign",130.42,130.54,"m-E=0.404"
"PronTokAlign",130.54,130.86,"A/-p-R-e-z=0.426"
"PronTokAlign",130.86,130.92,"s-e"
"PronTokAlign",130.92,131.26,"U~/=0.878"
"PronTokAlign",131.26,131.42,"s-e"
"PronTokAlign",131.42,131.47,"U~/=0.666"
"PronTokAlign",131.47,131.71,"Z-O/-l-i"
"PronTokAlign",131.71,132.175,"y-n-i-v-E-R=0.934"
"PronTokAlign",132.175,132.355,"#=0.0"
"PronTokAlign",132.355,132.405,"u"
"PronTokAlign",132.405,132.55499999999998,"s-w-A/=0.856"
"PronTokAlign",132.55499999999998,132.595,"U~/=0.938"
"PronTokAlign",132.595,132.985,"s-i-n-E-m-A/=0.719"
"PronTokAlign",132.985,133.595,"k-l-A/-s-i-k=0.523"
"PronTokAlign",133.595,133.64499999999998,"u"
"PronTokAlign",133.64499999999998,133.725,"j=0.59"
"PronTokAlign",133.725,134.035,"A/"
"PronTokAlign",134.035,134.14,"fp"
"PronTokAlign",134.14,134.475,"#=0.0"
"PronTokAlign",134.475,134.61499999999998,"i=0.58"
"PronTokAlign",134.61499999999998,134.67499999999998,"e=0.239"
"PronTokAlign",134.67499999999998,134.825,"p-A/=0.713"
"PronTokAlign",134.825,134.995,"f-u-l"
"PronTokAlign",134.995,135.465,"s-i-n-e-m-A/=0.695"
"PronTokAlign",135.465,135.505,"m=0.467"
"PronTokAlign",135.505,135.575,"O~=0.588"
"PronTokAlign",135.575,135.67499999999998,"p-@=0.918"
"PronTokAlign",135.67499999999998,135.785,"k-a~=0.753"
"PronTokAlign",135.785,135.89499999999998,"m-E-m=0.707"
"PronTokAlign",135.89499999999998,136.135,"A/-v-w-A/-R"
"PronTokAlign",136.135,136.545,"s-a~-s-U~/-k-a~-t=0.589"
"PronTokAlign",136.545,136.86,"p-E-R-s-O/-n=0.996"
"PronTokAlign",136.86,138.605,"#=0.0"
"PronTokAlign",138.605,138.67499999999998,"v-u=0.957"
"PronTokAlign",138.67499999999998,138.765,"A/-v-e=0.858"
"PronTokAlign",138.765,138.825,"y-n=0.977"
"PronTokAlign",138.825,139.065,"p-R-e-f=0.994"
"PronTokAlign",139.065,139.58499999999998,"p-A/-R-A/-p-O/-R-O/"
"PronTokAlign",139.58499999999998,139.785,"t-E-m=0.57"
"PronTokAlign",139.785,139.985,"O/-s-i"
"PronTokAlign",139.985,140.035,"i=0.746"
"PronTokAlign",140.035,140.075,"f=0.847"
"PronTokAlign",140.075,140.36499999999998,"e-s-e-j-e=0.602"
"PronTokAlign",140.36499999999998,140.405,"d=0.549"
"PronTokAlign",140.405,140.985,"v-w-A/-R"
"PronTokAlign",140.985,141.015,"fp"
"PronTokAlign",141.015,141.165,"#"
"PronTokAlign",141.165,141.195,"s=0.888"
"PronTokAlign",141.195,141.225,"k=0.397"
"PronTokAlign",141.225,141.33499999999998,"e=0.449"
"PronTokAlign",141.33499999999998,141.385,"l=0.702"
"PronTokAlign",141.385,141.485,"p-l-y=0.616"
"PronTokAlign",141.485,141.9,"A/-d-E-k-w-A/-t=0.936"
"PronTokAlign",141.9,144.185,"#=0.0"
"PronTokAlign",144.185,144.69,"noise=0.0"
"PronTokAlign",144.69,145.075,"#=0.0"
"PronTokAlign",145.075,145.55,"noise=0.0"
"PronTokAlign",145.55,146.075,"#=0.0"
"PronTokAlign",146.075,146.34,"laugh=0.0"
"PronTokAlign",146.34,146.465,"#=0.0"
"PronTokAlign",146.465,147.23,"laugh=0.0"
"PronTokAlign",147.23,147.3,"#=0.0"
"PronTokAlign",147.3,147.55,"laugh=0.0"
"PronTokAlign",147.55,159.69,"#=0.0"
"PronTokAlign",159.69,159.81,"b-A/"
"PronTokAlign",159.81,160.21,"s-i-n-e-m-A/=0.677"
"PronTokAlign",160.21,160.54,"k-l-A/-s-i-k=0.547"
"PronTokAlign",160.54,160.92,"s-i-n-O~"
"PronTokAlign",160.92,168.515,"#=0.0"
"PronTokAlign",168.515,168.58499999999998,"O~=0.611"
"PronTokAlign",168.58499999999998,168.77499999999998,"p-A/-R"
"PronTokAlign",168.77499999999998,169.36499999999998,"s-y-R-s-i-n-E-m-A/=0.658"
"PronTokAlign",169.36499999999998,169.821563,"k-l-A/-s-i-k=0.997"
"PronTokAlign",169.821563,171.685,"#=0.0"
"PronTokAlign",171.685,171.915,"O/-p"
"PronTokAlign",171.915,172.167188,"l-A/"
"PronTokAlign",172.167188,173.43,"#=0.0"
"PronTokAlign",173.43,173.52,"d-O~=0.903"
"PronTokAlign",173.52,173.77,"m-U~/-n-a~=0.479"
"PronTokAlign",173.77,173.84,"i-l=0.53"
"PronTokAlign",173.84,173.99,"f-O/=0.45"
"PronTokAlign",173.99,174.02,"k"
"PronTokAlign",174.02,174.08,"O~=0.668"
"PronTokAlign",174.08,174.55,"E-k-s-p-l-i-k=0.662"
"PronTokAlign",174.55,174.70000000000002,"n-O/-t=0.475"
"PronTokAlign",174.70000000000002,175.105,"S-w-A/=0.931"
"PronTokAlign",175.105,175.587207,"#=0.0"
"PronTokAlign",175.587207,175.817207,"d-y-k-u"
"PronTokAlign",175.817207,175.927207,"k-O/-m=0.727"
"PronTokAlign",175.927207,175.957207,"s=0.754"
"PronTokAlign",175.957207,176.007207,"O~=0.953"
"PronTokAlign",176.007207,176.147207,"p-@=0.81"
"PronTokAlign",176.147207,176.467207,"k-a~=0.805"
"PronTokAlign",176.467207,176.717207,"m-E-m=0.849"
"PronTokAlign",176.717207,177.157207,"A/-k-2-j-i-R=0.752"
"PronTokAlign",177.157207,177.187207,"U~/=0.75"
"PronTokAlign",177.187207,177.38720700000002,"g-R-a~=0.649"
"PronTokAlign",177.38720700000002,177.527207,"n-O~-b-R=0.736"
"PronTokAlign",177.527207,177.627207,"d-@=0.504"
"PronTokAlign",177.627207,178.12,"p-E-R-s-O/-n=0.666"
"PronTokAlign",178.12,178.505,"#=0.0"
"PronTokAlign",178.505,178.685,"b-O/-k-u=0.994"
"PronTokAlign",178.685,178.775,"p-l-y=0.96"
"PronTokAlign",178.775,178.835,"k-@=0.628"
"PronTokAlign",178.835,178.905,"d-a~=0.933"
"PronTokAlign",178.905,178.935,"l"
"PronTokAlign",178.935,179.075,"A/-R=0.764"
"PronTokAlign",179.075,179.44,"d-e-k-O/"
"PronTokAlign",179.44,179.59,"#=0.0"
"PronTokAlign",179.59,179.76,"s-e"
"PronTokAlign",179.76,179.905,"s-A/=0.988"
"PronTokAlign",179.905,182.41,"#=0.0"
"PronTokAlign",182.41,182.46,"k"
"PronTokAlign",182.46,182.6,"s-k=0.622"
"PronTokAlign",182.6,182.64,"j=0.692"
"PronTokAlign",182.64,182.76,"A/"
"PronTokAlign",182.76,183.17,"d-O/-t-R-@=0.667"
"PronTokAlign",183.17,183.473437,"s-i-n-O~"
"PronTokAlign",183.473437,186.55,"#=0.0"
"PronTokAlign",186.55,186.74,"m-w-A/"
"PronTokAlign",186.74,186.8,"Z=0.42"
"PronTokAlign",186.8,186.96,"s-R-E=0.748"
"PronTokAlign",186.96,187.17,"p-l-y-z=0.548"
"PronTokAlign",187.17,187.47,"p-A/-R-t-i"
"PronTokAlign",187.47,187.71,"s-y-R"
"PronTokAlign",187.71,188.080312,"d-R-A/-j-v=0.801"
"PronTokAlign",188.080312,188.705,"#=0.0"
"PronTokAlign",188.705,188.995,"w-E"
"PronTokAlign",188.995,189.795,"#"
"PronTokAlign",189.795,189.875,"a~"
"PronTokAlign",189.875,190.105,"p-l-y-z=0.714"
"PronTokAlign",190.105,190.185,"v-y"
"PronTokAlign",190.185,190.365,"l-e=0.874"
"PronTokAlign",190.365,190.525,"t-E-m=0.775"
"PronTokAlign",190.525,190.555,"k"
"PronTokAlign",190.555,190.705,"O~-n=0.594"
"PronTokAlign",190.705,190.795,"A/"
"PronTokAlign",190.795,191.365,"S-w-A/-z-i=0.629"
"PronTokAlign",191.365,191.894062,"fp"
"PronTokAlign",191.894062,197.7,"#=0.0"
"PronTokAlign",197.7,197.88,"d-O~=0.6"
"PronTokAlign",197.88,198.2,"fp"
"PronTokAlign",198.2,198.605,"#=0.0"
"PronTokAlign",198.605,199.215,"E-k-s-p-l-i-k-e=0.798"
"PronTokAlign",199.215,199.345,"v-O/-t=0.369"
"PronTokAlign",199.345,199.915,"S-w-A/=0.861"
"PronTokAlign",199.915,200.155,"d-O~-k=0.867"
"PronTokAlign",200.155,200.495,"A/-k-2-j-i-R=0.5"
"PronTokAlign",200.495,200.535,"U~/=0.793"
"PronTokAlign",200.535,200.725,"g-R-a~=0.61"
"PronTokAlign",200.725,201.025,"n-O~-b-R=0.755"
"PronTokAlign",201.025,201.135,"t=0.743"
"PronTokAlign",201.135,201.664688,"p-E-R-s-O/-n-z=0.687"
"PronTokAlign",201.664688,205.27,"#=0.0"
"PronTokAlign",205.27,205.33,"a~"
"PronTokAlign",205.33,205.47,"p-l-y=0.536"
"PronTokAlign",205.47,205.65,"s-e"
"PronTokAlign",205.65,206.24,"O/-R-i-Z-i-n-A/-l"
"PronTokAlign",206.24,206.27,"O~=0.744"
"PronTokAlign",206.27,206.42,"A/"
"PronTokAlign",206.42,206.609062,"d-i=0.849"
"PronTokAlign",206.609062,208.975,"#=0.0"
"PronTokAlign",208.975,209.165,"fp"
"PronTokAlign",209.165,210.045,"O/-R-i-Z-i-n-A/-l"
"PronTokAlign",210.045,210.125,"#=0.0"
"PronTokAlign",210.125,210.275,"p-A/-R"
"PronTokAlign",210.275,210.445,"k-O~-t-R=0.643"
"PronTokAlign",210.445,210.535,"s-e"
"PronTokAlign",210.535,210.645,"v-R-e=0.619"
"PronTokAlign",210.645,210.695,"k=0.902"
"PronTokAlign",210.695,210.795,"s=0.968"
"PronTokAlign",210.795,210.835,"k=0.805"
"PronTokAlign",210.835,210.865,"t=0.598"
"PronTokAlign",210.865,210.895,"U~/=0.748"
"PronTokAlign",210.895,210.985,"p-2"
"PronTokAlign",210.985,211.375,"a~-b-E-t-a~=0.765"
"PronTokAlign",211.375,211.515,"s-e"
"PronTokAlign",211.515,211.595,"k"
"PronTokAlign",211.595,211.625,"i=0.75"
"PronTokAlign",211.625,211.655,"n"
"PronTokAlign",211.655,211.685,"j=0.685"
"PronTokAlign",211.685,211.715,"A/"
"PronTokAlign",211.715,211.775,"p-A/=0.968"
"PronTokAlign",211.775,211.985,"v-R-E-m-a~=0.49"
"PronTokAlign",211.985,212.015,"d=0.74"
"PronTokAlign",212.015,212.645,"U~/-t-E-R-A/-k-s-j-O~"
"PronTokAlign",212.645,212.805,"m-e=0.599"
"PronTokAlign",212.805,212.987812,"b-O/=0.382"
"PronTokAlign",212.987812,213.955,"#=0.0"
"PronTokAlign",213.955,214.025,"O/"
"PronTokAlign",214.025,214.165,"p-i-R-@=0.541"
"PronTokAlign",214.165,214.195,"O~=0.808"
"PronTokAlign",214.195,214.225,"n=0.809"
"PronTokAlign",214.225,214.295,"p-@=0.381"
"PronTokAlign",214.295,214.355,"p-A/=0.594"
"PronTokAlign",214.355,214.505,"t-u=0.812"
"PronTokAlign",214.505,214.78500000000005,"A/-v-w-A/-R"
"PronTokAlign",214.78500000000005,214.860938,"U~/"
"PronTokAlign",214.860938,216.695,"#=0.0"
"PronTokAlign",216.695,216.765,"O/-p"
"PronTokAlign",216.765,217.165,"l-A/"
"PronTokAlign",217.165,217.355,"#"
"PronTokAlign",217.355,217.895,"l-O/-R=0.576"
"PronTokAlign",217.895,217.96,"l-A/"
"PronTokAlign",217.96,218.09,"#=0.0"
"PronTokAlign",218.09,218.58,"S-w-A/=0.775"
"PronTokAlign",218.58,218.61,"d=0.349"
"PronTokAlign",218.61,218.85,"f-i-l-m=0.725"
"PronTokAlign",218.85,219.395,"d-i-f-y-z-e=0.882"
"PronTokAlign",219.395,219.485,"#=0.0"
"PronTokAlign",219.485,220.455,"A/-l-R=0.431"
"PronTokAlign",220.455,220.545,"l-A/"
"PronTokAlign",220.545,220.685,"#"
"PronTokAlign",220.685,220.795,"i-l=0.632"
"PronTokAlign",220.795,221.135,"f-O/-d-R-E=0.655"
"PronTokAlign",221.135,221.165,"k"
"PronTokAlign",221.165,221.195,"O~=0.788"
"PronTokAlign",221.195,221.335,"a~"
"PronTokAlign",221.335,221.545,"t-R-u-v=0.79"
"PronTokAlign",221.545,221.835,"d-i-s=0.506"
"PronTokAlign",221.835,221.925,"m-e=0.427"
"PronTokAlign",221.925,222.083438,"b-O~=0.518"
"PronTokAlign",222.083438,222.825938,"#=0.0"
"PronTokAlign",222.825938,222.955938,"O~=0.6"
"PronTokAlign",222.955938,223.045938,"v-A/"
"PronTokAlign",223.045938,223.298438,"v-w-A/-R"
"PronTokAlign",223.298438,224.8,"#=0.0"
"PronTokAlign",224.8,224.918438,"w-E"
"PronTokAlign",224.918438,226.155,"#=0.0"
"PronTokAlign",226.155,226.275,"m-w-A/"
"PronTokAlign",226.275,226.325,"S=0.492"
"PronTokAlign",226.325,226.525,"p-a~-s=0.871"
"PronTokAlign",226.525,226.645,"k-@=0.551"
"PronTokAlign",226.645,226.675,"s=0.632"
"PronTokAlign",226.675,226.825,"s-R-E=0.556"
"PronTokAlign",226.825,227.045,"b-j-U~/-k"
"PronTokAlign",227.045,227.165,"O~-n=0.618"
"PronTokAlign",227.165,227.435,"e-s-E-j=0.475"
"PronTokAlign",227.435,227.465,"d=0.716"
"PronTokAlign",227.465,227.565,"a~"
"PronTokAlign",227.565,228.295,"t-R-u-v-e-R=0.998"
"PronTokAlign",228.295,228.715,"s-U~/=0.652"
"PronTokAlign",228.715,229.185,"k-O/-m-e-d-i=0.659"
"PronTokAlign",229.185,229.285,"e=0.841"
"PronTokAlign",229.285,229.675,"s-U~/-k=0.853"
"PronTokAlign",229.675,230.245,"fp"
"PronTokAlign",230.245,230.805,"#=0.0"
"PronTokAlign",230.805,230.975,"a~-f-U~/"
"PronTokAlign",230.975,231.027188,"O~=0.782"
"PronTokAlign",231.027188,232.967813,"#=0.0"
"PronTokAlign",232.967813,233.157813,"O~-n=0.534"
"PronTokAlign",233.157813,233.387813,"k-O/-m-a~-s=0.893"
"PronTokAlign",233.387813,233.527813,"p-A/-R"
"PronTokAlign",233.527813,233.965,"k-O/-m-e-d-i=0.825"
"PronTokAlign",233.965,234.14,"#=0.0"
"PronTokAlign",234.14,234.22,"v-u=0.699"
"PronTokAlign",234.22,234.469687,"v-u-l-e=0.801"
"PronTokAlign",234.469687,243.11,"#=0.0"
"PronTokAlign",243.11,243.17,"O~=0.788"
"PronTokAlign",243.17,243.26,"m-e=0.35"
"PronTokAlign",243.26,243.37,"l-A/"
"PronTokAlign",243.37,243.5,"l-A/"
"PronTokAlign",243.5,243.71,"l-a~-d"
"PronTokAlign",243.71,244.05,"#"
"PronTokAlign",244.05,244.19000000000003,"p-u-R"
"PronTokAlign",244.19000000000003,244.662187,"k-O/-m-a~-s-e-R=0.845"
"PronTokAlign",244.662187,245.383385,"laugh=0.0"
"PronTokAlign",245.383385,247.755,"#=0.0"
"PronTokAlign",247.755,247.825,"s-e"
"PronTokAlign",247.825,248.121563,"v-R-E=0.525"
"PronTokAlign",248.121563,259.240014,"#=0.0"
"PronTokAlign",259.240014,259.867063,"laugh=0.0"
"PronTokAlign",259.867063,278.075,"#=0.0"
"PronTokAlign",278.075,278.235,"noise=0.0"
"PronTokAlign",278.235,279.94,"#=0.0"
"PronTokAlign",279.94,280.31,"u-i=0.534"
"PronTokAlign",280.31,294.75,"#=0.0"
"PronTokAlign",294.75,294.96,"A/-l-e=0.947"
"PronTokAlign",294.96,294.99,"O~=0.781"
"PronTokAlign",294.99,295.15,"p-A/-R"
"PronTokAlign",295.15,295.31,"s-y-R"
"PronTokAlign",295.31,295.47,"b-b-i=0.374"
"PronTokAlign",295.47,296.03,"s-i-t-t-i-n-g=0.696"
"PronTokAlign",296.03,296.21,"#=0.0"
"PronTokAlign",296.21,296.282813,"laugh=0.0"
"PronTokAlign",296.282813,299.53,"#=0.0"
"PronTokAlign",299.53,299.80999999999995,"A/-p-R-E=0.564"
"PronTokAlign",299.80999999999995,299.85,"O~=0.863"
"PronTokAlign",299.85,299.92,"p-@=0.704"
"PronTokAlign",299.92,300.11999999999995,"m-E-t-R=0.682"
"PronTokAlign",300.11999999999995,300.33,"O/-s-i"
"PronTokAlign",300.33,300.41,"d-e=0.381"
"PronTokAlign",300.41,300.59,"v-j-@=0.521"
"PronTokAlign",300.59,300.88,"f-i-l-m=0.877"
"PronTokAlign",300.88,300.97,"a~"
"PronTokAlign",300.97,301.29,"k-O/-m-e-d-i=0.583"
"PronTokAlign",301.29,301.48,"U~/"
"PronTokAlign",301.48,301.53,"O/"
"PronTokAlign",301.53,301.79999999999995,"m-w-U~/=0.534"
"PronTokAlign",301.79999999999995,302.17,"s-A/=0.973"
"PronTokAlign",302.17,302.36,"t-u-S=0.889"
"PronTokAlign",302.36,302.5,"p-l-y=0.713"
"PronTokAlign",302.5,302.61,"d-@=0.827"
"PronTokAlign",302.61,303.03,"p-E-R-s-O/-n=0.81"
"PronTokAlign",303.03,303.184688,"U~/"
"PronTokAlign",303.184688,304.55,"#=0.0"
"PronTokAlign",304.55,304.69,"m-E-m=0.685"
"PronTokAlign",304.69,304.93,"l-e=0.354"
"PronTokAlign",304.93,305.22,"b-R-O~-z-e=0.943"
"PronTokAlign",305.22,305.29,"t-u=0.715"
"PronTokAlign",305.29,305.47,"s-A/=0.57"
"PronTokAlign",305.47,305.57,"O~=0.506"
"PronTokAlign",305.57,305.68,"p-@=0.661"
"PronTokAlign",305.68,306.019688,"U~/"
"PronTokAlign",306.019688,307.195,"#=0.0"
"PronTokAlign",307.195,307.386563,"noise=0.0"
"PronTokAlign",307.386563,309.005,"#=0.0"
"PronTokAlign",309.005,309.245,"p-2-t-E-t-R=0.952"
"PronTokAlign",309.245,309.305,"p-A/=0.829"
"PronTokAlign",309.305,309.665,"t-u-z=0.728"
"PronTokAlign",309.665,309.705,"m=0.419"
"PronTokAlign",309.705,309.745,"O~=0.731"
"PronTokAlign",309.745,309.865,"p-@=0.687"
"PronTokAlign",309.865,310.205,"m-E-t-R=0.675"
"PronTokAlign",310.205,310.265,"U~/=0.713"
"PronTokAlign",310.265,310.345,"d-a~=0.685"
"PronTokAlign",310.345,310.725,"t-u-l-e=0.359"
"PronTokAlign",310.725,310.96,"k-A/-z=0.709"
"PronTokAlign",310.96,311.235,"#=0.0"
"PronTokAlign",311.235,311.605,"d-i-s=0.888"
"PronTokAlign",311.605,311.790938,"u-i=0.678"
"PronTokAlign",311.790938,321.17172,"#=0.0"
"PronTokAlign",321.17172,321.311805,"noise=0.0"
"PronTokAlign",321.311805,332.44,"#=0.0"
"PronTokAlign",332.44,332.5,"O~=0.834"
"PronTokAlign",332.5,332.56,"p-@=0.754"
"PronTokAlign",332.56,332.8,"p-A/-R-t-i-R"
"PronTokAlign",332.8,332.96,"s-y-R"
"PronTokAlign",332.96,333.08,"l-@=0.324"
"PronTokAlign",333.08,333.37,"b-R-O~-z-e=0.688"
"PronTokAlign",333.37,333.46,"f-O~=0.64"
"PronTokAlign",333.46,333.57,"d-y=0.752"
"PronTokAlign",333.57,333.829688,"s-k-i"
"PronTokAlign",333.829688,335.845,"#=0.0"
"PronTokAlign",335.845,335.88500000000005,"s=0.751"
"PronTokAlign",335.88500000000005,336.045,"v-u-z=0.549"
"PronTokAlign",336.045,336.310313,"v-A/"
"PronTokAlign",336.310313,337.505,"#=0.0"
"PronTokAlign",337.505,337.705,"O/-p"
"PronTokAlign",337.705,337.829063,"l-A/"
"PronTokAlign",337.829063,341.42,"#=0.0"
"PronTokAlign",341.42,341.58000000000004,"fp"
"PronTokAlign",341.58000000000004,341.61,"a~"
"PronTokAlign",341.61,342.24,"t-R-w-A/-z-j-E-m=0.615"
"PronTokAlign",342.24,342.908438,"f-i-l-m-@=0.643"
"PronTokAlign",342.908438,346.535,"#=0.0"
"PronTokAlign",346.535,346.815,"A/"
"PronTokAlign",346.815,347.015,"u-i=0.693"
"PronTokAlign",347.015,349.27,"#=0.0"
"PronTokAlign",349.27,349.51,"b-O/-n=0.599"
"PronTokAlign",349.51,349.692188,"i-d-e"
"PronTokAlign",349.692188,356.98,"#=0.0"
"PronTokAlign",356.98,357.07,"v-u=0.973"
"PronTokAlign",357.07,357.23,"A/-v-e=0.874"
"PronTokAlign",357.23,357.40000000000003,"y-n-@=0.526"
"PronTokAlign",357.40000000000003,357.94,"O/-t-R-@=0.486"
"PronTokAlign",357.94,358.062188,"i-d-e"
"PronTokAlign",358.062188,362.145,"#=0.0"
"PronTokAlign",362.145,362.245,"l-A/"
"PronTokAlign",362.245,362.305,"Z=0.645"
"PronTokAlign",362.305,362.355,"a~"
"PronTokAlign",362.355,362.485,"e=0.702"
"PronTokAlign",362.485,362.715,"t-R-w-A/=0.911"
"PronTokAlign",362.715,363.075,"p-R-s=0.662"
"PronTokAlign",363.075,363.105,"k=0.557"
"PronTokAlign",363.105,363.295,"d-y-k-u"
"PronTokAlign",363.295,363.535,"b-b-i=0.376"
"PronTokAlign",363.535,363.855,"s-i-t-t-i-n-g=0.521"
"PronTokAlign",363.855,363.905,"Z=0.531"
"PronTokAlign",363.905,363.975,"a~"
"PronTokAlign",363.975,364.055,"e=0.505"
"PronTokAlign",364.055,364.205,"m-i=0.771"
"PronTokAlign",364.205,364.235,"fp"
"PronTokAlign",364.235,364.275,"Z=0.584"
"PronTokAlign",364.275,364.305,"E=0.554"
"PronTokAlign",364.305,364.735,"p-A/-z=0.92"
"PronTokAlign",364.735,364.945,"m-i=0.794"
"PronTokAlign",364.945,365.025,"l-e=0.467"
"PronTokAlign",365.025,365.275,"d-2=0.699"
"PronTokAlign",365.275,365.655,"a~-f-U~/"
"PronTokAlign",365.655,367.260885,"#=0.0"
"PronTokAlign",367.260885,367.647787,"noise=0.0"
"PronTokAlign",367.647787,396.025,"#=0.0"
"PronTokAlign",396.025,396.225,"A/-p-R-E=0.49"
"PronTokAlign",396.225,396.255,"O~=0.721"
"PronTokAlign",396.255,396.395,"p-@=0.814"
"PronTokAlign",396.395,396.725,"m-E-t-R=0.789"
"PronTokAlign",396.725,397.335,"p-A/-R-E-g-s-a~-p-l=0.558"
"PronTokAlign",397.335,397.365,"k"
"PronTokAlign",397.365,397.425,"s-k=0.741"
"PronTokAlign",397.425,397.455,"O~=0.838"
"PronTokAlign",397.455,397.485,"A/"
"PronTokAlign",397.485,397.555,"f-e=0.363"
"PronTokAlign",397.555,397.675,"O/"
"PronTokAlign",397.675,397.905,"b-O/-n=0.515"
"PronTokAlign",397.905,398.135,"d-j-@"
"PronTokAlign",398.135,398.245,"l-e=0.55"
"PronTokAlign",398.245,398.385,"S-O/-z"
"PronTokAlign",398.385,398.435,"U~/=0.852"
"PronTokAlign",398.435,398.685,"p-@-t-i=0.499"
"PronTokAlign",398.685,399.095,"p-2"
"PronTokAlign",399.095,399.255,"p-A/=0.651"
"PronTokAlign",399.255,399.525,"t-R-O/=0.932"
"PronTokAlign",399.525,399.935,"v-j-E-j=0.467"
"PronTokAlign",399.935,399.965,"m=0.582"
"PronTokAlign",399.965,400.355,"k-i=0.883"
"PronTokAlign",400.355,400.535,"f-O~=0.893"
"PronTokAlign",400.535,400.625,"k-a~=0.775"
"PronTokAlign",400.625,400.875,"m-E-m-@=0.614"
"PronTokAlign",400.875,401.195,"p-A/-s-e-R=0.545"
"PronTokAlign",401.195,401.235,"U~/=0.68"
"PronTokAlign",401.235,401.325,"p-2"
"PronTokAlign",401.325,401.415,"t=0.578"
"PronTokAlign",401.415,401.715,"t-a~-z=0.592"
"PronTokAlign",401.715,401.965,"#"
"PronTokAlign",401.965,402.055,"d-a~=0.79"
"PronTokAlign",402.055,402.215,"t-u-l-e=0.638"
"PronTokAlign",402.215,402.335,"k-A/=0.934"
"PronTokAlign",402.335,402.385,"O~=0.893"
"PronTokAlign",402.385,402.465,"p-@=0.864"
"PronTokAlign",402.465,402.585,"p-A/=0.938"
"PronTokAlign",402.585,402.765,"m-E-t-R=0.79"
"PronTokAlign",402.765,402.815,"U~/=0.853"
"PronTokAlign",402.815,402.945,"f-i-l-m=0.928"
"PronTokAlign",402.945,403.075,"t-R-O/=0.973"
"PronTokAlign",403.075,403.540313,"R-E-s-a~-t=0.4"
"PronTokAlign",403.540313,410.225,"#=0.0"
"PronTokAlign",410.225,410.3250000000001,"O~-n=0.59"
"PronTokAlign",410.3250000000001,410.795,"p-A/-R"
"PronTokAlign",410.795,410.975,"s-y-R"
"PronTokAlign",410.975,411.015938,"fp"
"PronTokAlign",411.015938,415.48,"#=0.0"
"PronTokAlign",415.48,415.56,"O~=0.771"
"PronTokAlign",415.56,415.68,"p-A/-R"
"PronTokAlign",415.68,415.86,"s-y-R"
"PronTokAlign",415.86,415.93,"k=0.746"
"PronTokAlign",415.93,416.1,"s-k=0.453"
"PronTokAlign",416.1,416.13,"O~=0.875"
"PronTokAlign",416.13,416.16,"A/"
"PronTokAlign",416.16,416.22,"f-E=0.344"
"PronTokAlign",416.22,416.33,"O/"
"PronTokAlign",416.33,416.39,"b-O~=0.319"
"PronTokAlign",416.39,416.635313,"d-j-@"
"PronTokAlign",416.635313,421.04,"#=0.0"
"PronTokAlign",421.04,421.4500000000001,"s-y-p-E-R=0.976"
"PronTokAlign",421.4500000000001,421.67,"d-y-k-u"
"PronTokAlign",421.67,422.02,"m-U~/-n-a~=0.475"
"PronTokAlign",422.02,422.08,"O~=0.746"
"PronTokAlign",422.08,422.25,"v-A/"
"PronTokAlign",422.25,422.71,"p-A/-s-e-R=0.635"
"PronTokAlign",422.71,422.93,"O/=0.76"
"PronTokAlign",422.93,423.4,"s-U~/-k=0.983"
"PronTokAlign",423.4,423.73,"p-u-R"
"PronTokAlign",423.73,424.02,"l-e=0.806"
"PronTokAlign",424.02,424.43,"s-y-p-E-R=0.717"
"PronTokAlign",424.43,424.634063,"e-R-O/=0.583"
"PronTokAlign",424.634063,428.02,"#=0.0"
"PronTokAlign",428.02,428.65,"fp=0.0"
"PronTokAlign",428.65,429.008518,"#=0.0"
"PronTokAlign",429.008518,429.241993,"noise=0.0"
"PronTokAlign",429.241993,431.015,"#=0.0"
"PronTokAlign",431.015,431.282812,"@-m"
"PronTokAlign",431.282812,472.655,"#=0.0"
"PronTokAlign",472.655,472.875,"u-i=0.653"
"PronTokAlign",472.875,479.72,"#=0.0"
"PronTokAlign",479.72,479.96,"O~-n=0.616"
"PronTokAlign",479.96,480.1,"p-@=0.362"
"PronTokAlign",480.1,480.287812,"U~/"
"PronTokAlign",480.287812,481.11,"#=0.0"
"PronTokAlign",481.11,481.21,"k-O/-m=0.716"
"PronTokAlign",481.21,481.3,"v-u=0.601"
"PronTokAlign",481.3,481.587188,"v-u-l-e=0.878"
"PronTokAlign",481.587188,483.44,"#=0.0"
"PronTokAlign",483.44,483.52,"s-A/=0.659"
"PronTokAlign",483.52,483.58,"v-u=0.8"
"PronTokAlign",483.58,483.9,"d-i=0.586"
"PronTokAlign",483.9,484.05,"fp"
"PronTokAlign",484.05,484.4,"s-y-i-s-i-d=0.93"
"PronTokAlign",484.4,484.59,"s-k-A/=0.438"
"PronTokAlign",484.59,484.72,"u"
"PronTokAlign",484.72,484.99,"p-A/=0.727"
"PronTokAlign",484.99,485.07,"u"
"PronTokAlign",485.07,485.37,"O~-n=0.788"
"PronTokAlign",485.37,485.7,"l-@=0.665"
"PronTokAlign",485.7,486.34,"p-R-a~-t=0.682"
"PronTokAlign",486.34,486.514687,"p-A/=0.95"
"PronTokAlign",486.514687,502.512187,"#=0.0"
"PronTokAlign",502.512187,502.662187,"A/-p-R-E=0.592"
"PronTokAlign",502.662187,502.742187,"O~=0.588"
"PronTokAlign",502.742187,502.812187,"p-@=0.744"
"PronTokAlign",502.812187,503.102187,"p-A/-R-t-i-R"
"PronTokAlign",503.102187,503.302187,"s-y-R"
"PronTokAlign",503.302187,503.552187,"k-A/-p-t-E-n"
"PronTokAlign",503.552187,504.082187,"A/-m-e-R-i-k-A/"
"PronTokAlign",504.082187,504.392187,"O/-s-i"
"PronTokAlign",504.392187,504.422187,"i=0.517"
"PronTokAlign",504.422187,504.562187,"e=0.497"
"PronTokAlign",504.562187,504.752187,"t-R-e=0.649"
"PronTokAlign",504.752187,505.12,"k-O/-n-y"
"PronTokAlign",505.12,505.946396,"#=0.0"
"PronTokAlign",505.946396,506.146396,"s-A/=0.746"
"PronTokAlign",506.146396,506.276396,"f-R-A/=0.661"
"PronTokAlign",506.276396,506.336396,"y-n=0.773"
"PronTokAlign",506.336396,506.466396,"t-E-t=0.822"
"PronTokAlign",506.466396,506.496396,"d=0.742"
"PronTokAlign",506.496396,506.83,"A/-f-i-S=0.897"
"PronTokAlign",506.83,513.05,"#=0.0"
"PronTokAlign",513.05,513.4,"m-U~/-n-a~=0.612"
"PronTokAlign",513.4,513.51,"O~-n=0.529"
"PronTokAlign",513.51,513.8599999999999,"A/-R-i-v=0.86"
"PronTokAlign",513.8599999999999,514.51,"O/"
"PronTokAlign",514.51,514.77,"#=0.0"
"PronTokAlign",514.77,514.85,"O/"
"PronTokAlign",514.85,515.286563,"d-E-R-n-j-e=0.286"
"PronTokAlign",515.286563,516.215,"#=0.0"
"PronTokAlign",516.215,516.5550000000001,"anon"
"PronTokAlign",516.5550000000001,516.585,"t"
"PronTokAlign",516.585,516.615,"A/=0.614"
"PronTokAlign",516.615,516.755,"t-j=0.559"
"PronTokAlign",516.755,517.205,"A/-E-s=0.843"
"PronTokAlign",517.205,517.365,"y-n=0.516"
"PronTokAlign",517.365,517.665938,"i-d-e"
"PronTokAlign",517.665938,519.302813,"#=0.0"
"PronTokAlign",519.302813,519.623438,"noise=0.0"
"PronTokAlign",519.623438,553.815,"#=0.0"
"PronTokAlign",553.815,553.9250000000001,"k=0.372"
"PronTokAlign",553.9250000000001,554.1750000000001,"d-y-k-u"
"PronTokAlign",554.1750000000001,554.5350000000001,"d-E-z-O/-l-e=0.654"
"PronTokAlign",554.5350000000001,554.6450000000001,"Z=0.654"
"PronTokAlign",554.6450000000001,554.6750000000001,"e=0.567"
"PronTokAlign",554.6750000000001,555.0150000000001,"s-A/=0.741"
"PronTokAlign",555.0150000000001,555.105,"A/"
"PronTokAlign",555.105,555.432188,"b-y-g-e=0.646"
"PronTokAlign",555.432188,559.35,"#=0.0"
"PronTokAlign",559.35,559.39,"s=0.937"
"PronTokAlign",559.39,559.47,"s-e"
"PronTokAlign",559.47,559.59,"e-k-R-i=0.723"
"PronTokAlign",559.59,559.95,"k-O/-m-a~-t=0.92"
"PronTokAlign",559.95,559.98,"Z=0.772"
"PronTokAlign",559.98,560.01,"e=0.501"
"PronTokAlign",560.01,560.1,"p-A/=0.663"
"PronTokAlign",560.1,560.22,"d-y=0.627"
"PronTokAlign",560.22,560.3100000000001,"t-u=0.501"
"PronTokAlign",560.3100000000001,560.63,"l-A/"
"PronTokAlign",560.63,561.17,"R-E-f-E-R-a~-s=0.976"
"PronTokAlign",561.17,566.195,"#=0.0"
"PronTokAlign",566.195,566.5,"O/-k-e=0.622"
"PronTokAlign",566.5,566.975,"#=0.0"
"PronTokAlign",566.975,567.0450000000001,"s-e"
"PronTokAlign",567.0450000000001,567.265,"s-y-R"
"PronTokAlign",567.265,567.514688,"k-w-A/"
"PronTokAlign",567.514688,569.99,"#=0.0"
"PronTokAlign",569.99,570.11,"s-e"
"PronTokAlign",570.11,570.25,"k-w-A/"
"PronTokAlign",570.25,570.28,"l"
"PronTokAlign",570.28,570.5600000000001,"i-s-t-w-A/-R=0.605"
"PronTokAlign",570.5600000000001,570.65,"d-@=0.376"
"PronTokAlign",570.65,571.345313,"a~-k-O/-s-k=0.466"
"PronTokAlign",571.345313,589.17,"#=0.0"
"PronTokAlign",589.17,589.595,"O/-k-e=0.572"
"PronTokAlign",589.595,589.755,"#=0.0"
"PronTokAlign",589.755,589.8149999999999,"S=0.38"
"PronTokAlign",589.8149999999999,590.075,"k-O/-n-E-s-E=0.448"
"PronTokAlign",590.075,590.135,"p-A/=0.61"
"PronTokAlign",590.135,590.205,"d=0.727"
"PronTokAlign",590.205,590.346563,"t-u=0.877"
"PronTokAlign",590.346563,591.18,"#=0.0"
"PronTokAlign",591.18,591.2199999999999,"s=0.862"
"PronTokAlign",591.2199999999999,591.28,"m=0.872"
"PronTokAlign",591.28,591.4,"O/-R-A/"
"PronTokAlign",591.4,591.63,"s-E-R-v-i"
"PronTokAlign",591.63,591.66,"A/"
"PronTokAlign",591.66,591.99,"k-k-S-O/-z=0.548"
"PronTokAlign",591.99,592.085,"#=0.0"
"PronTokAlign",592.085,592.355,"noise=0.0"
"PronTokAlign",592.355,592.685,"#=0.0"
"PronTokAlign",592.685,592.810313,"w-E"
"PronTokAlign",592.810313,594.24,"#=0.0"
"PronTokAlign",594.24,594.545,"w-E"
"PronTokAlign",594.545,594.635,"#=0.0"
"PronTokAlign",594.635,594.845,"b-A/"
"PronTokAlign",594.845,594.953438,"u-i=0.737"
"PronTokAlign",594.953438,596.79,"#=0.0"
"PronTokAlign",596.79,597.01,"b-A/"
"PronTokAlign",597.01,597.17,"s-e"
"PronTokAlign",597.17,597.62,"b-j-U~/=0.633"
"PronTokAlign",597.62,597.75,"l-A/"
"PronTokAlign",597.75,597.86,"O~-n=0.803"
"PronTokAlign",597.86,597.9399999999999,"A/"
"PronTokAlign",597.9399999999999,598.22,"n"
"PronTokAlign",598.22,598.58,"#=0.0"
"PronTokAlign",598.58,599.0200000000001,"n-O/=0.709"
"PronTokAlign",599.0200000000001,599.1600000000001,"n-O/=0.806"
"PronTokAlign",599.1600000000001,599.44,"d-i-s=0.919"
"PronTokAlign",599.44,599.712188,"f-i-l-m=0.961"
"PronTokAlign",599.712188,600.755,"#=0.0"
"PronTokAlign",600.755,600.845,"e=0.784"
"PronTokAlign",600.845,600.995,"O~-n=0.839"
"PronTokAlign",600.995,601.085,"A/"
"PronTokAlign",601.085,601.355,"p-R-i=0.899"
"PronTokAlign",601.355,601.645,"d-E=0.843"
"PronTokAlign",601.645,601.875,"f-i-l-m=0.879"
"PronTokAlign",601.875,602.095,"A/-s-e=0.759"
"PronTokAlign",602.095,602.375,"a~-s-j-U~/=0.731"
"PronTokAlign",602.375,602.465,"E=0.664"
"PronTokAlign",602.465,602.495,"d=0.468"
"PronTokAlign",602.495,602.665,"f-i-l-m=0.872"
"PronTokAlign",602.665,603.165,"A/-s-e-z=0.996"
"PronTokAlign",603.165,603.835,"R-E-s-a~=0.554"
"PronTokAlign",603.835,604.035,"O~-n=0.882"
"PronTokAlign",604.035,604.115,"A/"
"PronTokAlign",604.115,604.595,"p-R-i=0.721"
"PronTokAlign",604.595,604.945,"p-l-y-z-j-9-R=0.878"
"PronTokAlign",604.945,605.165,"t-E-m=0.9"
"PronTokAlign",605.165,605.715,"d-i-f-E-R-a~=0.435"
"PronTokAlign",605.715,605.935,"d-O~-k=0.539"
"PronTokAlign",605.935,606.035,"Z-@=0.84"
"PronTokAlign",606.035,606.165,"p-a~-s=0.879"
"PronTokAlign",606.165,606.285,"k=0.518"
"PronTokAlign",606.285,606.455,"s-A/=0.68"
"PronTokAlign",606.455,606.885,"p-u-R-A/"
"PronTokAlign",606.885,607.195,"t-u-S-e=0.869"
"PronTokAlign",607.195,607.385,"b-O/-k-u=0.936"
"PronTokAlign",607.385,607.415,"d=0.545"
"PronTokAlign",607.415,607.744688,"m-O~-d=0.571"
"PronTokAlign",607.744688,608.885,"#=0.0"
"PronTokAlign",608.885,608.935,"e=0.738"
"PronTokAlign",608.935,608.985,"s=0.954"
"PronTokAlign",608.985,609.055,"k=0.807"
"PronTokAlign",609.055,609.085,"E=0.368"
"PronTokAlign",609.085,609.205,"b-j-U~/=0.748"
"PronTokAlign",609.205,609.335,"s-e"
"PronTokAlign",609.335,609.465,"k=0.642"
"PronTokAlign",609.465,609.525,"l-@=0.307"
"PronTokAlign",609.525,609.655,"Z-a~=0.821"
"PronTokAlign",609.655,609.775,"i-l=0.36"
"PronTokAlign",609.775,609.995,"p-u-R-O~=0.911"
"PronTokAlign",609.995,610.355,"v-@-n-i-R=0.721"
"PronTokAlign",610.355,610.635,"a~"
"PronTokAlign",610.635,611.045,"f-A/-m-i-j-@=0.689"
"PronTokAlign",611.045,611.275,"#"
"PronTokAlign",611.275,611.425,"d-a~=0.939"
"PronTokAlign",611.425,611.5649999999999,"l-9-R"
"PronTokAlign",611.5649999999999,611.865,"v-w-A/-t-y-R=0.778"
"PronTokAlign",611.865,611.895,"a~"
"PronTokAlign",611.895,612.35,"p-l-y-s=0.984"
"PronTokAlign",612.35,616.01,"#=0.0"
"PronTokAlign",616.01,616.29,"b-A/"
"PronTokAlign",616.29,616.4399999999999,"O~=0.68"
"PronTokAlign",616.4399999999999,616.56,"l-9-R"
"PronTokAlign",616.56,616.81,"m-E-t-R-A/=0.619"
"PronTokAlign",616.81,616.89,"U~/=0.762"
"PronTokAlign",616.89,617.06,"a~-d-R-w-A/"
"PronTokAlign",617.06,617.09,"A/"
"PronTokAlign",617.09,617.18,"p-j-e"
"PronTokAlign",617.18,617.21,"O~=0.92"
"PronTokAlign",617.21,617.35,"s=0.653"
"PronTokAlign",617.35,618.145,"d-E-b-R-u-j-2-R-A/"
"PronTokAlign",618.145,618.735,"#=0.0"
"PronTokAlign",618.735,618.845,"U~/=0.915"
"PronTokAlign",618.845,619.135,"t-R-y-k"
"PronTokAlign",619.135,619.1850000000001,"t=0.562"
"PronTokAlign",619.1850000000001,619.57,"p-i-k-2-n-i-k-2=0.574"
"PronTokAlign",619.57,622.32,"#=0.0"
"PronTokAlign",622.32,622.6800000000001,"b-O/=0.883"
"PronTokAlign",622.6800000000001,623.13,"s-y-p-e=0.468"
"PronTokAlign",623.13,623.1600000000001,"E=0.664"
"PronTokAlign",623.1600000000001,623.19,"#"
"PronTokAlign",623.19,623.3000000000001,"k=0.908"
"PronTokAlign",623.3000000000001,623.36,"s-k=0.765"
"PronTokAlign",623.36,623.3900000000001,"S=0.498"
"PronTokAlign",623.3900000000001,625.24,"p-u-R-e=0.849"
"PronTokAlign",625.24,625.88,"p-O/-z-e-R=0.927"
"PronTokAlign",625.88,626.1500000000001,"k-O/-m=0.57"
"PronTokAlign",626.1500000000001,627.045,"k-E-s-t-j-O~"
"PronTokAlign",627.045,627.8,"#=0.0"
"PronTokAlign",627.8,627.9,"v-u=0.679"
"PronTokAlign",627.9,628.05,"A/-v-e=0.782"
"PronTokAlign",628.05,628.66,"k-E-l-k-@-S-O/-z=0.397"
"PronTokAlign",628.66,628.6899999999999,"A/"
"PronTokAlign",628.6899999999999,629.02,"d-i-R=0.652"
"PronTokAlign",629.02,629.850938,"p-A/-R-A/-p-O/-R-A/"
"PronTokAlign",629.850938,631.275,"#=0.0"
"PronTokAlign",631.275,631.3249999999999,"A/"
"PronTokAlign",631.3249999999999,631.425,"s=0.948"
"PronTokAlign",631.425,631.485,"k"
"PronTokAlign",631.485,631.5849999999999,"O~=0.666"
"PronTokAlign",631.5849999999999,631.805,"p-u-R-E=0.452"
"PronTokAlign",631.805,631.975,"f-E-R=0.59"
"PronTokAlign",631.975,632.215,"O/-s-i"
"PronTokAlign",632.215,632.3149999999999,"A/"
"PronTokAlign",632.3149999999999,632.645,"k-O/-t-e"
"PronTokAlign",632.645,632.8349999999999,"u"
"PronTokAlign",632.8349999999999,632.975,"S=0.626"
"PronTokAlign",632.975,633.105,"s-e=0.631"
"PronTokAlign",633.105,633.276563,"p-A/=0.959"
"PronTokAlign",633.276563,634.3,"#=0.0"
"PronTokAlign",634.3,634.862813,"noise=0.0"
"PronTokAlign",634.862813,647.855,"#=0.0"
"PronTokAlign",647.855,648.275,"n-O/=0.642"
"PronTokAlign",648.275,648.515,"l-A/"
"PronTokAlign",648.515,648.605,"Z=0.723"
"PronTokAlign",648.605,648.725,"e=0.81"
"PronTokAlign",648.725,649.611563,"p-A/-z=0.534"
"PronTokAlign",649.611563,651.18,"#=0.0"
"PronTokAlign",651.18,651.2399999999999,"A/"
"PronTokAlign",651.2399999999999,651.3499999999999,"s=0.612"
"PronTokAlign",651.3499999999999,651.4799999999999,"l-A/"
"PronTokAlign",651.4799999999999,651.53,"Z=0.607"
"PronTokAlign",651.53,651.7199999999999,"e=0.757"
"PronTokAlign",651.7199999999999,651.75,"d=0.546"
"PronTokAlign",651.75,651.9699999999999,"k-E-s-j-O~=0.592"
"PronTokAlign",651.9699999999999,652.0699999999999,"d=0.475"
"PronTokAlign",652.0699999999999,652.73,"R-2-l-a~-s=0.992"
"PronTokAlign",652.73,653.13,"#=0.0"
"PronTokAlign",653.13,653.22,"s-e"
"PronTokAlign",653.22,653.324063,"b-O/=0.338"
"PronTokAlign",653.324063,654.48,"#=0.0"
"PronTokAlign",654.48,654.95,"A/-l-R=0.38"
"PronTokAlign",654.95,655.872187,"fp"
"PronTokAlign",655.872187,657.105,"#=0.0"
"PronTokAlign",657.105,657.265,"E-s=0.978"
"PronTokAlign",657.265,657.325,"k"
"PronTokAlign",657.325,657.375,"O~=0.919"
"PronTokAlign",657.375,658.125,"p-u-R-e=0.325"
"PronTokAlign",658.125,658.655,"#=0.0"
"PronTokAlign",658.655,658.9649999999999,"m-E-t-R=0.91"
"PronTokAlign",658.9649999999999,659.0649999999999,"a~"
"PronTokAlign",659.0649999999999,659.405,"p-l-A/-s=0.873"
"PronTokAlign",659.405,659.685,"U~/=0.861"
"PronTokAlign",659.685,659.9549999999999,"t-E-m-@=0.591"
"PronTokAlign",659.9549999999999,660.305,"p-A/-R-E-g-s-a~-p-l=0.377"
"PronTokAlign",660.305,660.345,"A/"
"PronTokAlign",660.345,660.505,"n-O/-t=0.534"
"PronTokAlign",660.505,661.2049999999999,"f-E-s-t-i-v-A/-l"
"PronTokAlign",661.2049999999999,661.285,"#"
"PronTokAlign",661.285,661.395,"y-n=0.827"
"PronTokAlign",661.395,661.665,"i-d-e"
"PronTokAlign",661.665,662.55,"d-@=0.999"
"PronTokAlign",662.55,663.305,"#=0.0"
"PronTokAlign",663.305,663.4549999999999,"U~/=0.725"
"PronTokAlign",663.4549999999999,663.625,"t-E-m=0.777"
"PronTokAlign",663.625,663.745,"k-i=0.697"
"PronTokAlign",663.745,663.9549999999999,"p-u-R-E=0.524"
"PronTokAlign",663.9549999999999,664.3649999999999,"a~-g-l-O/-b-e=0.699"
"PronTokAlign",664.3649999999999,664.425,"l-e=0.411"
"PronTokAlign",664.425,664.555,"d-2=0.677"
"PronTokAlign",664.555,665.001563,"Z-a~-R=0.924"
"PronTokAlign",665.001563,666.24,"#=0.0"
"PronTokAlign",666.24,666.49,"v-l-A/=0.961"
"PronTokAlign",666.49,666.62,"A/-p-R-E=0.597"
"PronTokAlign",666.62,666.65,"O~=0.625"
"PronTokAlign",666.65,666.71,"A/"
"PronTokAlign",666.71,666.82,"d-Z-A/=0.501"
"PronTokAlign",666.82,667.08,"S-w-A/-z-i"
"PronTokAlign",667.08,667.1800000000001,"l-e=0.385"
"PronTokAlign",667.1800000000001,667.33,"f-i-l-m=0.649"
"PronTokAlign",667.33,667.4,"s-e"
"PronTokAlign",667.4,667.76,"p-2-t-E-t-R=0.949"
"PronTokAlign",667.76,667.8,"U~/=0.828"
"PronTokAlign",667.8,667.92,"p-2"
"PronTokAlign",667.92,668.02,"t-R-O/=0.976"
"PronTokAlign",668.02,668.123438,"t-A/-R"
"PronTokAlign",668.123438,689.28,"#=0.0"
"PronTokAlign",689.28,689.47,"n-O/=0.982"
"PronTokAlign",689.47,689.61,"s-A/=0.817"
"PronTokAlign",689.61,689.76,"p-@=0.453"
"PronTokAlign",689.76,690.15,"E-t-R-@=0.776"
"PronTokAlign",690.15,690.18,"l"
"PronTokAlign",690.18,690.5,"e-t-e=0.374"
"PronTokAlign",690.5,690.65,"a~"
"PronTokAlign",690.65,691.17,"f-A/-m-i-j=0.536"
"PronTokAlign",691.17,691.35,"u-i=0.631"
"PronTokAlign",691.35,691.43,"U~/=0.683"
"PronTokAlign",691.43,691.76,"t-R-y-k"
"PronTokAlign",691.76,692.372813,"fp"
"PronTokAlign",692.372813,703.94,"#=0.0"
"PronTokAlign",703.94,703.98,"m"
"PronTokAlign",703.98,704.0500000000001,"p-A/=0.725"
"PronTokAlign",704.0500000000001,704.556563,"m-A/-l"
"PronTokAlign",704.556563,705.6,"#=0.0"
"PronTokAlign",705.6,705.6800000000001,"d-y=0.539"
"PronTokAlign",705.6800000000001,705.75,"k-u"
"PronTokAlign",705.75,705.95,"n-O/-t-R-@=0.41"
"PronTokAlign",705.95,706.35,"p-y-b-l-i-k"
"PronTokAlign",706.35,706.46,"b-E=0.45"
"PronTokAlign",706.46,706.52,"s=0.783"
"PronTokAlign",706.52,706.6800000000001,"s-R-E=0.531"
"PronTokAlign",706.6800000000001,707.02,"t-u-l=0.591"
"PronTokAlign",707.02,707.72,"m-O~-d-@=0.727"
"PronTokAlign",707.72,707.97,"d-a~=0.784"
"PronTokAlign",707.97,708.12,"k-E-l"
"PronTokAlign",708.12,708.37,"O/-R-d-R=0.722"
"PronTokAlign",708.37,708.61,"d-2-v-R-i-O~=0.455"
"PronTokAlign",708.61,708.69,"n-u=0.829"
"PronTokAlign",708.69,709.11,"p-R-E-z-a~-t-e=0.472"
"PronTokAlign",709.11,709.26,"l-e-z=0.404"
"PronTokAlign",709.26,709.535,"f-i-l-m=0.653"
"PronTokAlign",709.535,710.21,"#=0.0"
"PronTokAlign",710.21,710.2800000000001,"v-u=0.946"
"PronTokAlign",710.2800000000001,710.49,"v-u-l-e=0.864"
"PronTokAlign",710.49,710.52,"k"
"PronTokAlign",710.52,710.6500000000001,"O~-n=0.743"
"PronTokAlign",710.6500000000001,710.9000000000001,"e-s-E-j=0.619"
"PronTokAlign",710.9000000000001,710.95,"d=0.453"
"PronTokAlign",710.95,711.45,"R-2-v-w-A/-R"
"PronTokAlign",711.45,711.48,"l"
"PronTokAlign",711.48,711.71,"O/-R-d-R=0.68"
"PronTokAlign",711.71,711.99,"d-e=0.553"
"PronTokAlign",711.99,712.55,"f-i-l-m-z=0.997"
"PronTokAlign",712.55,712.96,"#=0.0"
"PronTokAlign",712.96,713.230313,"laugh=0.0"
"PronTokAlign",713.230313,714.355,"#=0.0"
"PronTokAlign",714.355,714.782813,"noise=0.0"
"PronTokAlign",714.782813,744.595,"#=0.0"
"PronTokAlign",744.595,744.837188,"n-O/=0.559"
"PronTokAlign",744.837188,748.44,"#=0.0"
"PronTokAlign",748.44,748.58,"w-E"
"PronTokAlign",748.58,749.072813,"p-2-t-E-t-R=0.973"
"PronTokAlign",749.072813,752.5,"#=0.0"
"PronTokAlign",752.5,752.54,"fp"
"PronTokAlign",752.54,752.6,"d-O~=0.887"
"PronTokAlign",752.6,752.77,"l-A/"
"PronTokAlign",752.77,753.16,"p-u-R"
"PronTokAlign",753.16,753.2,"l"
"PronTokAlign",753.2,753.49,"U~/-s-t-a~=0.701"
"PronTokAlign",753.49,753.58,"k"
"PronTokAlign",753.58,753.74,"s-k=0.315"
"PronTokAlign",753.74,753.84,"Z=0.698"
"PronTokAlign",753.84,753.99,"f-e=0.455"
"PronTokAlign",753.99,754.1,"Z=0.535"
"PronTokAlign",754.1,754.73,"l-E-s-@=0.523"
"PronTokAlign",754.73,754.79,"fp"
"PronTokAlign",754.79,755.06,"l-E-z=0.416"
"PronTokAlign",755.06,755.43,"s-U~/=0.639"
"PronTokAlign",755.43,755.78,"k-O/-m-e-d-i=0.507"
"PronTokAlign",755.78,755.95,"p-i=0.671"
"PronTokAlign",755.95,756.29,"l-e-z=0.593"
"PronTokAlign",756.29,756.5,"s-U~/=0.709"
"PronTokAlign",756.5,756.63,"s-y-p-e=0.704"
"PronTokAlign",756.63,756.72,"e-R-O/=0.731"
"PronTokAlign",756.72,756.75,"u"
"PronTokAlign",756.75,756.78,"S=0.528"
"PronTokAlign",756.78,757.12,"E-s-E-j=0.566"
"PronTokAlign",757.12,758.18,"p-2-t-E-t-R=0.715"
"PronTokAlign",758.18,758.286563,"d-@=0.486"
"PronTokAlign",758.286563,758.741505,"noise=0.0"
"PronTokAlign",758.741505,759.271111,"#=0.0"
"PronTokAlign",759.271111,759.524598,"noise=0.0"
"PronTokAlign",759.524598,765.28,"#=0.0"
"PronTokAlign",765.28,765.635,"O/-k-e=0.706"
"PronTokAlign",765.635,767.27,"#=0.0"
"PronTokAlign",767.27,767.36,"e=0.722"
"PronTokAlign",767.36,767.59,"E-s-k=0.362"
"PronTokAlign",767.59,767.71,"j=0.549"
"PronTokAlign",767.71,767.9,"O/-R-E=0.364"
"PronTokAlign",767.9,768.18,"U~/=0.889"
"PronTokAlign",768.18,768.38,"f-i-l-m=0.947"
"PronTokAlign",768.38,768.6999999999999,"p-A/-R-m-i"
"PronTokAlign",768.6999999999999,768.87,"t-u-z=0.634"
"PronTokAlign",768.87,768.9499999999999,"k-i=0.609"
"PronTokAlign",768.9499999999999,769.12,"s-R-E=0.625"
"PronTokAlign",769.12,769.25,"l-A/"
"PronTokAlign",769.25,769.46,"t-E-t-@=0.521"
"PronTokAlign",769.46,769.53,"d=0.7"
"PronTokAlign",769.53,770.3299999999999,"A/-f-i-S-@=0.996"
"PronTokAlign",770.3299999999999,770.51,"d-e-z=0.456"
"PronTokAlign",770.51,770.73,"f-i-l-m=0.862"
"PronTokAlign",770.73,771.275,"p-2-t-E-t-R=0.888"
"PronTokAlign",771.275,772.2,"#=0.0"
"PronTokAlign",772.2,772.49,"k-i=0.96"
"PronTokAlign",772.49,772.72,"v-R-e-m-a~=0.601"
"PronTokAlign",772.72,772.75,"i=0.716"
"PronTokAlign",772.75,772.7800000000001,"n"
"PronTokAlign",772.7800000000001,772.8100000000001,"j=0.494"
"PronTokAlign",772.8100000000001,772.84,"a~"
"PronTokAlign",772.84,772.9300000000001,"A/"
"PronTokAlign",772.9300000000001,772.99,"p-A/=0.964"
"PronTokAlign",772.99,773.575313,"b-O/-k-u=0.878"
"PronTokAlign",773.575313,797.085,"#=0.0"
"PronTokAlign",797.085,797.245,"b-O/=0.422"
"PronTokAlign",797.245,797.695,"s-y-p-E-R=0.734"
"PronTokAlign",797.695,797.755,"u-i=0.611"
"PronTokAlign",797.755,798.1,"d-E-p-u-l=0.692"
"PronTokAlign",798.1,798.425,"#=0.0"
"PronTokAlign",798.425,798.495,"s=0.61"
"PronTokAlign",798.495,798.7249999999999,"p-u-R-E=0.577"
"PronTokAlign",798.7249999999999,798.865,"E-t-R-@=0.485"
"PronTokAlign",798.865,798.925,"l-A/"
"PronTokAlign",798.925,799.055,"t-E-t=0.583"
"PronTokAlign",799.055,799.115,"d=0.762"
"PronTokAlign",799.115,799.62,"A/-f-i-S=0.977"
"PronTokAlign",799.62,803.635,"#=0.0"
"PronTokAlign",803.635,803.735,"e=0.844"
"PronTokAlign",803.735,803.975,"d-y-k-u"
"PronTokAlign",803.975,804.005,"O~=0.639"
"PronTokAlign",804.005,804.235,"l-@=0.718"
"PronTokAlign",804.235,804.595,"f-R-E=0.511"
"PronTokAlign",804.595,804.625,"fp"
"PronTokAlign",804.625,805.505,"p-A/-R-E-g-z-a~-p-l=0.285"
"PronTokAlign",805.505,805.645,"O/"
"PronTokAlign",805.645,805.745,"t-u=0.776"
"PronTokAlign",805.745,806.075,"d-e-b-y=0.793"
"PronTokAlign",806.075,806.175,"u"
"PronTokAlign",806.175,806.285,"A/"
"PronTokAlign",806.285,806.405,"l-A/"
"PronTokAlign",806.405,806.555,"f-U~/=0.698"
"PronTokAlign",806.555,806.745,"p-u-R"
"PronTokAlign",806.745,807.315,"k-l-O/-t-y-R-e-R=0.826"
"PronTokAlign",807.315,807.575,"#=0.0"
"PronTokAlign",807.575,807.6450000000001,"O~=0.65"
"PronTokAlign",807.6450000000001,807.9350000000001,"m-E-t-R-E=0.813"
"PronTokAlign",807.9350000000001,808.0250000000001,"u"
"PronTokAlign",808.0250000000001,808.455938,"d-E-p-u-l=0.656"
"PronTokAlign",808.455938,811.26,"#=0.0"
"PronTokAlign",811.26,811.36,"p-u-R"
"PronTokAlign",811.36,811.68,"k-l-O/-t-y-R-e=0.637"
"PronTokAlign",811.68,811.77,"A/"
"PronTokAlign",811.77,811.86,"l-A/"
"PronTokAlign",811.86,812.084063,"f-U~/=0.975"
"PronTokAlign",812.084063,816.25,"#=0.0"
"PronTokAlign",816.25,816.52,"A/-l-e=0.744"
"PronTokAlign",816.52,820.04,"#=0.0"
"PronTokAlign",820.04,820.2199999999999,"l-O/-R=0.519"
"PronTokAlign",820.2199999999999,820.27,"Z=0.434"
"PronTokAlign",820.27,820.36,"v-e=0.497"
"PronTokAlign",820.36,820.68,"m-E-t-R=0.523"
"PronTokAlign",820.68,821.11,"d-E-p-u-l=0.507"
"PronTokAlign",821.11,821.16,"A/"
"PronTokAlign",821.16,821.3199999999999,"l-A/"
"PronTokAlign",821.3199999999999,821.753438,"f-U~/=0.692"
"PronTokAlign",821.753438,822.333042,"#=0.0"
"PronTokAlign",822.333042,822.653042,"O/-p"
"PronTokAlign",822.653042,822.765938,"l-A/"
"PronTokAlign",822.765938,826.165,"#=0.0"
"PronTokAlign",826.165,826.2049999999999,"d=0.638"
"PronTokAlign",826.2049999999999,826.4449999999999,"k-u"
"PronTokAlign",826.4449999999999,826.675,"l-A/"
"PronTokAlign",826.675,826.8449999999999,"p-u-R"
"PronTokAlign",826.8449999999999,826.875,"l"
"PronTokAlign",826.875,826.995,"U~/-s-t-a~=0.701"
"PronTokAlign",826.995,827.105,"l-@=0.476"
"PronTokAlign",827.105,827.425,"p-R-2-m-j-e=0.327"
"PronTokAlign",827.425,827.605,"f-i-l-m=0.79"
"PronTokAlign",827.605,827.7249999999999,"p-u-R"
"PronTokAlign",827.7249999999999,828.115,"k-O/-m-a~-s-e=0.604"
"PronTokAlign",828.115,828.4649999999999,"s-e"
"PronTokAlign",828.4649999999999,829.06,"b-b-i-i-t-U~/-Z-e=0.42"
"PronTokAlign",829.06,829.215,"#=0.0"
"PronTokAlign",829.215,829.355,"E-s=0.983"
"PronTokAlign",829.355,829.485,"k-@=0.63"
"PronTokAlign",829.485,829.575,"Z=0.631"
"PronTokAlign",829.575,829.815,"l-E-s-@=0.608"
"PronTokAlign",829.815,830.375,"b-b-i-i-t-U~/-Z=0.365"
"PronTokAlign",830.375,830.495,"u"
"PronTokAlign",830.495,830.5550000000001,"Z=0.581"
"PronTokAlign",830.5550000000001,830.735,"S-a~-Z=0.821"
"PronTokAlign",830.735,831.015,"p-A/-R"
"PronTokAlign",831.015,831.1650000000001,"y-n-@=0.549"
"PronTokAlign",831.1650000000001,831.255,"O/-t-R=0.395"
"PronTokAlign",831.255,831.659063,"k-O/-m-e-d-i=0.724"
"PronTokAlign",831.659063,833.01,"#=0.0"
"PronTokAlign",833.01,833.16,"p-A/-R"
"PronTokAlign",833.16,833.26,"l-@=0.314"
"PronTokAlign",833.26,833.58,"b-R-O~-z-e=0.597"
"PronTokAlign",833.58,833.74,"f-O~=0.605"
"PronTokAlign",833.74,833.8,"d=0.506"
"PronTokAlign",833.8,834.14,"s-k-i"
"PronTokAlign",834.14,834.3199999999999,"l-e=0.591"
"PronTokAlign",834.3199999999999,834.76,"p-R-O/-f=0.893"
"PronTokAlign",834.76,834.85,"l=0.502"
"PronTokAlign",834.85,834.97,"p-E-R=0.712"
"PronTokAlign",834.97,835.16,"n-O/-E-l=0.708"
"PronTokAlign",835.16,835.2,"t=0.305"
"PronTokAlign",835.2,835.29,"y-n=0.598"
"PronTokAlign",835.29,835.72,"O/-R-d-y-R=0.63"
"PronTokAlign",835.72,835.79,"u"
"PronTokAlign",835.79,835.84,"k"
"PronTokAlign",835.84,836.01,"E-s-k=0.316"
"PronTokAlign",836.01,836.04,"O~=0.883"
"PronTokAlign",836.04,836.15,"A/"
"PronTokAlign",836.15,836.21,"f-E=0.509"
"PronTokAlign",836.21,836.3,"O/"
"PronTokAlign",836.3,836.47,"b-O~=0.318"
"PronTokAlign",836.47,836.73,"d-j-@"
"PronTokAlign",836.73,837.29,"#"
"PronTokAlign",837.29,837.36,"u"
"PronTokAlign",837.36,837.41,"Z=0.417"
"PronTokAlign",837.41,837.76,"l-E-s=0.56"
"PronTokAlign",837.76,838.645,"b-b-i-i-t-U~/-Z=0.431"
"PronTokAlign",838.645,840.405,"#=0.0"
"PronTokAlign",840.405,840.57,"noise=0.0"
"PronTokAlign",840.57,840.68,"#=0.0"
"PronTokAlign",840.68,841.005,"noise=0.0"
"PronTokAlign",841.005,841.515,"#=0.0"
"PronTokAlign",841.515,841.834688,"noise=0.0"
"PronTokAlign",841.834688,850.53,"#=0.0"
"PronTokAlign",850.53,851.03,"O/-k-e=0.776"
"PronTokAlign",851.03,852.51,"#=0.0"
"PronTokAlign",852.51,852.86,"b-O/=0.711"
"PronTokAlign",852.86,853.52,"d-y-k-u"
"PronTokAlign",853.52,853.61,"l-A/"
"PronTokAlign",853.61,853.64,"O~=0.715"
"PronTokAlign",853.64,853.68,"A/"
"PronTokAlign",853.68,853.83,"O~-n=0.658"
"PronTokAlign",853.83,854.09,"A/"
"PronTokAlign",854.09,854.12,"O~=0.571"
"PronTokAlign",854.12,854.17,"A/"
"PronTokAlign",854.17,854.49,"l-e=0.8"
"PronTokAlign",854.49,854.86,"d-i-s=0.524"
"PronTokAlign",854.86,855.775,"#=0.0"
"PronTokAlign",855.775,855.8149999999999,"O~=0.939"
"PronTokAlign",855.8149999999999,855.875,"A/"
"PronTokAlign",855.875,856.015,"l-e=0.38"
"PronTokAlign",856.015,856.566563,"t-E-m-@=0.533"
"PronTokAlign",856.566563,858.76,"#=0.0"
"PronTokAlign",858.76,858.9,"n-O/=0.304"
"PronTokAlign",858.9,858.96,"Z=0.476"
"PronTokAlign",858.96,859.14,"p-a~-s=0.792"
"PronTokAlign",859.14,859.22,"k"
"PronTokAlign",859.22,859.25,"O~=0.597"
"PronTokAlign",859.25,859.37,"e=0.766"
"PronTokAlign",859.37,859.688438,"b-O/-n=0.371"
"PronTokAlign",859.688438,861.305,"#=0.0"
"PronTokAlign",861.305,863.198438,"@-m"
"PronTokAlign",863.198438,865.435,"#=0.0"
"PronTokAlign",865.435,865.9649999999999,"d-y-k-u"
"PronTokAlign",865.9649999999999,866.0949999999999,"w-E"
"PronTokAlign",866.0949999999999,866.125,"O~=0.808"
"PronTokAlign",866.125,866.425,"A/"
"PronTokAlign",866.425,866.555,"m-i=0.717"
"PronTokAlign",866.555,866.5949999999999,"d=0.521"
"PronTokAlign",866.5949999999999,867.055,"k-O/-t-e"
"PronTokAlign",867.055,868.0849999999999,"d-O/-k-y-m-a~-t-E-R=0.507"
"PronTokAlign",868.0849999999999,868.581563,"e=0.999"
"PronTokAlign",868.581563,870.065,"#=0.0"
"PronTokAlign",870.065,870.1350000000001,"s-e"
"PronTokAlign",870.1350000000001,870.235,"k-w-A/"
"PronTokAlign",870.235,870.2750000000001,"l=0.445"
"PronTokAlign",870.2750000000001,870.5050000000001,"d-2-z-j-E-m=0.987"
"PronTokAlign",870.5050000000001,870.690938,"t-E-m=0.803"
"PronTokAlign",870.690938,871.74,"#=0.0"
"PronTokAlign",871.74,872.83,"d-O/-k-y-m-a~-t-E-R=0.637"
"PronTokAlign",872.83,872.87,"E=0.77"
"PronTokAlign",872.87,873.19,"#=0.0"
"PronTokAlign",873.19,873.711563,"noise=0.0"
"PronTokAlign",873.711563,876.835,"#=0.0"
"PronTokAlign",876.835,876.955,"O/-p"
"PronTokAlign",876.955,877.289063,"l-A/"
"PronTokAlign",877.289063,879.77,"#=0.0"
"PronTokAlign",879.77,879.915,"b-O/=0.347"
"PronTokAlign",879.915,880.18,"#=0.0"
"PronTokAlign",880.18,880.2199999999999,"S=0.517"
"PronTokAlign",880.2199999999999,880.42,"e-s-p-E-R=0.541"
"PronTokAlign",880.42,880.53,"p-A/=0.952"
"PronTokAlign",880.53,880.56,"k=0.856"
"PronTokAlign",880.56,880.7299999999999,"t-u-z-l-E=0.211"
"PronTokAlign",880.7299999999999,880.93,"f-i-l-m=0.932"
"PronTokAlign",880.93,881.42,"m-A/-R-S-2-R-O~=0.848"
"PronTokAlign",881.42,881.4899999999999,"k=0.53"
"PronTokAlign",881.4899999999999,881.6999999999999,"m-E-m=0.608"
"PronTokAlign",881.6999999999999,882.0,"l-e-z=0.887"
"PronTokAlign",882.0,882.31,"a~-s-j-U~/=0.557"
"PronTokAlign",882.31,882.76,"f-i-l-m=0.774"
"PronTokAlign",882.76,883.105,"fp"
"PronTokAlign",883.105,883.68,"#=0.0"
"PronTokAlign",883.68,883.91,"A/-p-R-E=0.411"
"PronTokAlign",883.91,883.9499999999999,"f=0.683"
"PronTokAlign",883.9499999999999,884.14,"v-w-A/-R"
"PronTokAlign",884.14,884.56,"p-A/-s-@=0.443"
"PronTokAlign",884.56,884.62,"s=0.899"
"PronTokAlign",884.62,884.68,"k"
"PronTokAlign",884.68,884.77,"O~=0.793"
"PronTokAlign",884.77,884.89,"p-@=0.603"
"PronTokAlign",884.89,885.27,"f-E-R=0.92"
"PronTokAlign",885.27,885.43,"s-e"
"PronTokAlign",885.43,885.52,"k-@=0.609"
"PronTokAlign",885.52,885.68,"s-i=0.84"
"PronTokAlign",885.68,885.77,"s-e"
"PronTokAlign",885.77,886.03,"s-y-R"
"PronTokAlign",886.03,886.3399999999999,"p-l-y-z-j-9-R=0.69"
"PronTokAlign",886.3399999999999,886.76,"Z-u-R=0.722"
"PronTokAlign",886.76,887.1099999999999,"#"
"PronTokAlign",887.1099999999999,887.18,"d=0.577"
"PronTokAlign",887.18,887.5999999999999,"e-s-e-j-e=0.584"
"PronTokAlign",887.5999999999999,887.7399999999999,"d-@=0.572"
"PronTokAlign",887.7399999999999,888.0999999999999,"k-u-p-l-e=0.562"
"PronTokAlign",888.0999999999999,888.2099999999999,"d-O~=0.685"
"PronTokAlign",888.2099999999999,888.9799999999999,"p-A/-R-E-g-z-a~-p-l-@=0.537"
"PronTokAlign",888.9799999999999,889.025,"l=0.487"
"PronTokAlign",889.025,889.555,"#=0.0"
"PronTokAlign",889.555,889.935,"m-E-t-R=0.644"
"PronTokAlign",889.935,889.9649999999999,"fp"
"PronTokAlign",889.9649999999999,890.025,"l-E=0.371"
"PronTokAlign",890.025,890.285,"A/-v-E-k"
"PronTokAlign",890.285,890.3149999999999,"l=0.492"
"PronTokAlign",890.3149999999999,890.8449999999999,"p-E-R-@=0.629"
"PronTokAlign",890.8449999999999,891.3149999999999,"n-O/-E-l-@=0.658"
"PronTokAlign",891.3149999999999,891.4649999999999,"E-t=0.31"
"PronTokAlign",891.4649999999999,891.525,"y-n=0.667"
"PronTokAlign",891.525,892.1149999999999,"O/-R-d-y-R-@=0.524"
"PronTokAlign",892.1149999999999,892.3549999999999,"Z-y-s=0.8"
"PronTokAlign",892.3549999999999,892.415,"d-a~=0.935"
"PronTokAlign",892.415,892.4549999999999,"U~/=0.922"
"PronTokAlign",892.4549999999999,892.8349999999999,"p-R-e-l-O/=0.664"
"PronTokAlign",892.8349999999999,893.015,"k-O/-m=0.591"
"PronTokAlign",893.015,893.305,"s-A/=0.913"
"PronTokAlign",893.305,893.3649999999999,"j=0.743"
"PronTokAlign",893.3649999999999,893.555,"O/-R-A/"
"PronTokAlign",893.555,893.655,"d-e=0.563"
"PronTokAlign",893.655,893.755,"Z-a~=0.911"
"PronTokAlign",893.755,893.9449999999999,"p-2-t-E-t-R=0.988"
"PronTokAlign",893.9449999999999,894.035,"k-j=0.403"
"PronTokAlign",894.035,894.1049999999999,"v-O~=0.872"
"PronTokAlign",894.1049999999999,894.3449999999999,"R-E-s-t-e=0.852"
"PronTokAlign",894.3449999999999,894.4549999999999,"p-u-R"
"PronTokAlign",894.4549999999999,894.545,"l-e=0.432"
"PronTokAlign",894.545,894.7049999999999,"d-2-z=0.717"
"PronTokAlign",894.7049999999999,894.974063,"f-i-l-m=0.922"
"PronTokAlign",894.974063,895.655,"#=0.0"
"PronTokAlign",895.655,895.775,"p-s-k=0.994"
"PronTokAlign",895.775,895.805,"S=0.613"
"PronTokAlign",895.805,895.905,"p-a~-s=0.851"
"PronTokAlign",895.905,896.015,"p-A/=0.915"
"PronTokAlign",896.015,896.105,"k"
"PronTokAlign",896.105,896.135,"j=0.737"
"PronTokAlign",896.135,896.165,"A/"
"PronTokAlign",896.165,896.4449999999999,"v-R-E-m-a~=0.419"
"PronTokAlign",896.4449999999999,896.625,"d-e-z=0.387"
"PronTokAlign",896.625,896.6949999999999,"Z-a~=0.85"
"PronTokAlign",896.6949999999999,896.725,"k=0.653"
"PronTokAlign",896.725,896.895,"v-j-E-n=0.974"
"PronTokAlign",896.895,897.045,"A/-v-E-k"
"PronTokAlign",897.045,897.1949999999999,"l-9-R-z=0.595"
"PronTokAlign",897.1949999999999,897.425,"a~-f-a~=0.725"
"PronTokAlign",897.425,897.615,"Z-y-s=0.505"
"PronTokAlign",897.615,897.865,"p-u-R"
"PronTokAlign",897.865,898.095,"v-w-A/-R"
"PronTokAlign",898.095,898.125,"U~/=0.716"
"PronTokAlign",898.125,898.7149999999999,"f-i-l-m=0.723"
"PronTokAlign",898.7149999999999,898.990313,"a~-s-j-U~/=0.629"
"PronTokAlign",898.990313,900.11,"#=0.0"
"PronTokAlign",900.11,900.33,"noise=0.0"
"PronTokAlign",900.33,900.63,"#=0.0"
"PronTokAlign",900.63,900.846563,"noise=0.0"
"PronTokAlign",900.846563,907.995,"#=0.0"
"PronTokAlign",907.995,908.395,"m"
"PronTokAlign",908.395,908.645,"E-s=0.653"
"PronTokAlign",908.645,908.715,"k"
"PronTokAlign",908.715,908.845,"O~-n=0.655"
"PronTokAlign",908.845,909.005,"A/"
"PronTokAlign",909.005,909.275,"O/-s-i"
"PronTokAlign",909.275,909.685,"d-O/-t-R-@=0.757"
"PronTokAlign",909.685,910.265,"A/-R-g-y-m-a~=0.753"
"PronTokAlign",910.265,910.475,"p-u-R"
"PronTokAlign",910.475,910.805,"E-k-s-p-l-i-k-e=0.836"
"PronTokAlign",910.805,911.015,"p-u-R-k-w-A/"
"PronTokAlign",911.015,911.045,"O~=0.797"
"PronTokAlign",911.045,911.145,"A/"
"PronTokAlign",911.145,911.265,"p-R-i=0.817"
"PronTokAlign",911.265,911.325,"U~/=0.719"
"PronTokAlign",911.325,911.795,"s-i-n-E-m-A/=0.862"
"PronTokAlign",911.795,912.203437,"d-R-A/-j-v=0.677"
"PronTokAlign",912.203437,912.827813,"#=0.0"
"PronTokAlign",912.827813,913.017813,"p-R-s=0.992"
"PronTokAlign",913.017813,913.047813,"k=0.816"
"PronTokAlign",913.047813,913.107813,"l-A/"
"PronTokAlign",913.107813,913.347813,"d-y-k-u"
"PronTokAlign",913.347813,913.407813,"Z=0.676"
"PronTokAlign",913.407813,913.477813,"e=0.789"
"PronTokAlign",913.477813,913.707813,"Z-y-s=0.562"
"PronTokAlign",913.707813,913.847813,"m-i=0.675"
"PronTokAlign",913.847813,914.197813,"A/-k-2-j-i-R=0.728"
"PronTokAlign",914.197813,914.227813,"U~/=0.807"
"PronTokAlign",914.227813,914.537813,"g-R-a~=0.601"
"PronTokAlign",914.537813,914.697813,"n-O~-b-R-@=0.564"
"PronTokAlign",914.697813,914.797813,"d-@=0.671"
"PronTokAlign",914.797813,915.44,"p-E-R-s-O/-n=0.838"
"PronTokAlign",915.44,916.005,"#=0.0"
"PronTokAlign",916.005,916.075,"e=0.768"
"PronTokAlign",916.075,916.105,"k=0.811"
"PronTokAlign",916.105,916.325,"s-t-E=0.364"
"PronTokAlign",916.325,916.435,"U~/=0.598"
"PronTokAlign",916.435,916.595,"k-A/-d-R=0.603"
"PronTokAlign",916.595,917.282812,"O/-R-i-Z-i-n-A/-l"
"PronTokAlign",917.282812,918.45,"#=0.0"
"PronTokAlign",918.45,918.53,"m=0.504"
"PronTokAlign",918.53,919.43,"A/-p-R-E-z=0.476"
"PronTokAlign",919.43,920.27,"fp"
"PronTokAlign",920.27,920.865,"#=0.0"
"PronTokAlign",920.865,921.165,"noise=0.0"
"PronTokAlign",921.165,922.425,"#=0.0"
"PronTokAlign",922.425,922.545,"s-e"
"PronTokAlign",922.545,922.685,"v-R-E=0.732"
"PronTokAlign",922.685,922.985,"#"
"PronTokAlign",922.985,923.135,"b-O/=0.761"
"PronTokAlign",923.135,923.495,"b-O/-n-@=0.567"
"PronTokAlign",923.495,923.845,"S-O/-z=0.959"
"PronTokAlign",923.845,931.76,"#=0.0"
"PronTokAlign",931.76,931.89,"a~"
"PronTokAlign",931.89,931.98,"p-l-y=0.508"
"PronTokAlign",931.98,932.21,"s-A/=0.846"
"PronTokAlign",932.21,932.47,"k-u-t-2-R-E=0.828"
"PronTokAlign",932.47,932.67,"m-w-U~/=0.754"
"PronTokAlign",932.67,932.92,"S-E-R"
"PronTokAlign",932.92,933.19,"O/-s-i"
"PronTokAlign",933.19,933.28,"S=0.526"
"PronTokAlign",933.28,933.55,"p-a~-s=0.56"
"PronTokAlign",933.55,933.63,"U~/"
"PronTokAlign",933.63,933.75,"s=0.822"
"PronTokAlign",933.75,933.78,"O~=0.653"
"PronTokAlign",933.78,934.07,"A/-Z-u-t-E-t=0.509"
"PronTokAlign",934.07,934.18,"U~/=0.552"
"PronTokAlign",934.18,934.49,"E-k-R-a~"
"PronTokAlign",934.49,934.71,"p-l-y-t-O/=0.776"
"PronTokAlign",934.71,934.74,"k=0.71"
"PronTokAlign",934.74,935.06,"R-E-z-E-R-v-e=0.799"
"PronTokAlign",935.06,935.14,"y-n=0.688"
"PronTokAlign",935.14,935.440313,"s-A/-l=0.533"
"PronTokAlign",935.440313,965.435,"#=0.0"
"PronTokAlign",965.435,965.71,"w-E"
"PronTokAlign",965.71,968.75,"#=0.0"
"PronTokAlign",968.75,969.17,"fp"
"PronTokAlign",969.17,970.2,"s-y-p-E-R=0.998"
"PronTokAlign",970.2,970.31,"@-m"
"PronTokAlign",970.31,970.39,"a~"
"PronTokAlign",970.39,970.87,"p-l-y=0.675"
"PronTokAlign",970.87,971.04,"s-A/=0.888"
"PronTokAlign",971.04,971.24,"s-R-E=0.435"
"PronTokAlign",971.24,971.52,"m-E-m-@=0.949"
"PronTokAlign",971.52,971.63,"#"
"PronTokAlign",971.63,971.75,"O/"
"PronTokAlign",971.75,971.96,"f-i-n-A/-l"
"PronTokAlign",971.96,972.16,"Z-y-s=0.624"
"PronTokAlign",972.16,972.39,"p-u-R"
"PronTokAlign",972.39,972.67,"R-2-v-n-i-R=0.58"
"PronTokAlign",972.67,972.85,"s-y-R"
"PronTokAlign",972.85,972.99,"l-@=0.552"
"PronTokAlign",972.99,973.13,"m-w-U~/=0.772"
"PronTokAlign",973.13,973.57,"S-E-R"
"PronTokAlign",973.57,973.77,"#"
"PronTokAlign",973.77,973.91,"s-A/=0.962"
"PronTokAlign",973.91,974.07,"s-R-E=0.537"
"PronTokAlign",974.07,974.29,"m-w-U~/-z=0.612"
"PronTokAlign",974.29,974.52,"S-E-R"
"PronTokAlign",974.52,974.67,"p-u-R"
"PronTokAlign",974.67,975.0,"n-u=0.609"
"PronTokAlign",975.0,975.31,"#"
"PronTokAlign",975.31,975.39,"e=0.962"
"PronTokAlign",975.39,975.54,"s-A/=0.904"
"PronTokAlign",975.54,975.73,"s-R-E=0.576"
"PronTokAlign",975.73,975.95,"O/-s-i"
"PronTokAlign",975.95,976.08,"m-w-U~/=0.817"
"PronTokAlign",976.08,976.29,"S-E-R"
"PronTokAlign",976.29,976.71,"p-u-R"
"PronTokAlign",976.71,976.97,"fp"
"PronTokAlign",976.97,977.1,"l-e=0.429"
"PronTokAlign",977.1,977.725,"p-y-b-l-i-k"
"PronTokAlign",977.725,977.97,"#=0.0"
"PronTokAlign",977.97,978.35,"fp"
"PronTokAlign",978.35,978.46,"d-y=0.631"
"PronTokAlign",978.46,978.73,"k-u"
"PronTokAlign",978.73,979.035,"#=0.0"
"PronTokAlign",979.035,979.2,"noise=0.0"
"PronTokAlign",979.2,979.64,"#=0.0"
"PronTokAlign",979.64,979.7,"s=0.745"
"PronTokAlign",979.7,979.87,"s-R-E=0.828"
"PronTokAlign",979.87,979.99,"b-j-U~/=0.803"
"PronTokAlign",979.99,980.02,"j"
"PronTokAlign",980.02,980.24,"O/-R-A/-p-@=0.695"
"PronTokAlign",980.24,980.3,"E-t=0.826"
"PronTokAlign",980.3,980.41,"p-l-y=0.863"
"PronTokAlign",980.41,980.54,"t=0.904"
"PronTokAlign",980.54,980.69,"m-O~-d=0.517"
"PronTokAlign",980.69,981.05,"O/-s-i"
"PronTokAlign",981.05,981.14,"k=0.56"
"PronTokAlign",981.14,981.23,"v-j-U~/=0.871"
"PronTokAlign",981.23,981.272812,"A/"
"PronTokAlign",981.272812,990.925,"#=0.0"
"PronTokAlign",990.925,990.985,"A/"
"PronTokAlign",990.985,991.045,"u-i=0.587"
"PronTokAlign",991.045,991.125,"S=0.551"
"PronTokAlign",991.125,991.315,"s-A/-v-e=0.77"
"PronTokAlign",991.315,991.475,"p-A/=0.815"
"PronTokAlign",991.475,991.665,"d-y=0.937"
"PronTokAlign",991.665,991.836563,"t-u=0.881"
"PronTokAlign",991.836563,993.865,"#=0.0"
"PronTokAlign",993.865,994.105,"s-t-e=0.382"
"PronTokAlign",994.105,994.365,"v-E-R=0.81"
"PronTokAlign",994.365,994.485937,"u"
"PronTokAlign",994.485937,999.645,"#=0.0"
"PronTokAlign",999.645,999.935,"A/"
"PronTokAlign",999.935,1000.274063,"u-i=0.975"
"PronTokAlign",1000.274063,1045.44,"#=0.0"
"PronTokAlign",1045.44,1045.752188,"w-E"
"PronTokAlign",1045.752188,1050.075,"#=0.0"
"PronTokAlign",1050.075,1050.274688,"u-i=0.831"
"PronTokAlign",1050.274688,1059.815,"#=0.0"
"PronTokAlign",1059.815,1059.895,"n-O/=0.316"
"PronTokAlign",1059.895,1060.1950000000002,"l-A/"
"PronTokAlign",1060.1950000000002,1060.225,"Z=0.548"
"PronTokAlign",1060.225,1060.255,"E=0.613"
"PronTokAlign",1060.255,1060.535,"p-A/-z=0.857"
"PronTokAlign",1060.535,1061.585,"d-O/-t-R-2-z=0.619"
"PronTokAlign",1061.585,1061.9550000000002,"k-E-s-j-O~=0.705"
"PronTokAlign",1061.9550000000002,1062.025,"e=0.651"
"PronTokAlign",1062.025,1062.225,"d-O/-t-R-@=0.905"
"PronTokAlign",1062.225,1062.559688,"i-d-e=0.957"
"PronTokAlign",1062.559688,1064.16,"#=0.0"
"PronTokAlign",1064.16,1064.88,"@-m"
"PronTokAlign",1064.88,1066.06,"O/-R-i-Z-i-n-A/-l"
"PronTokAlign",1066.06,1066.12,"#=0.0"
"PronTokAlign",1066.12,1066.26,"p-A/=0.895"
"PronTokAlign",1066.26,1066.53,"s-y-R"
"PronTokAlign",1066.53,1066.56,"l=0.613"
"PronTokAlign",1066.56,1066.6699999999998,"m-E-m=0.777"
"PronTokAlign",1066.6699999999998,1067.537813,"t-E-m=0.589"
"PronTokAlign",1067.537813,1070.91,"#=0.0"
"PronTokAlign",1070.91,1071.22,"b-E=0.368"
"PronTokAlign",1071.22,1071.5,"d-a~=0.526"
"PronTokAlign",1071.5,1071.75,"t-u-l-e=0.355"
"PronTokAlign",1071.75,1071.9,"k-A/=0.865"
"PronTokAlign",1071.9,1071.97,"l-e=0.405"
"PronTokAlign",1071.97,1072.35,"s-i-n-E-m-A/=0.591"
"PronTokAlign",1072.35,1072.48,"A/-R=0.918"
"PronTokAlign",1072.48,1072.71,"d-e-k-O/"
"PronTokAlign",1072.71,1072.75,"i=0.718"
"PronTokAlign",1072.75,1072.78,"n"
"PronTokAlign",1072.78,1072.8100000000002,"j=0.441"
"PronTokAlign",1072.8100000000002,1072.98,"A/-v-e=0.74"
"PronTokAlign",1072.98,1073.2900000000002,"p-A/-z-A/-s-e"
"PronTokAlign",1073.2900000000002,1073.3200000000002,"d=0.549"
"PronTokAlign",1073.3200000000002,1073.94,"p-E-R-s-O/-n=0.894"
"PronTokAlign",1073.94,1073.97,"E=0.531"
"PronTokAlign",1073.97,1074.14,"s-A/=0.502"
"PronTokAlign",1074.14,1074.26,"s=0.872"
"PronTokAlign",1074.26,1074.61,"m-i-t-i-m-e=0.473"
"PronTokAlign",1074.61,1074.78,"l-e=0.571"
"PronTokAlign",1074.78,1075.5600000000002,"p-A/-z=0.948"
"PronTokAlign",1075.5600000000002,1075.62,"e=0.882"
"PronTokAlign",1075.62,1075.65,"l=0.851"
"PronTokAlign",1075.65,1076.02,"s-i-n-E-m-A/=0.738"
"PronTokAlign",1076.02,1076.2900000000002,"k-l-A/-s-i-k=0.86"
"PronTokAlign",1076.2900000000002,1076.4,"s-e"
"PronTokAlign",1076.4,1076.49,"U~/=0.625"
"PronTokAlign",1076.49,1076.61,"p-2"
"PronTokAlign",1076.61,1077.2900000000002,"t-R-i-s-t=0.684"
"PronTokAlign",1077.2900000000002,1077.46,"s-e"
"PronTokAlign",1077.46,1077.59,"k-O/-m=0.732"
"PronTokAlign",1077.59,1077.68,"s=0.581"
"PronTokAlign",1077.68,1077.7900000000002,"a~"
"PronTokAlign",1077.7900000000002,1078.0,"p-l-y-s=0.439"
"PronTokAlign",1078.0,1078.39,"l-@=0.4"
"PronTokAlign",1078.39,1078.64,"a~-f-a~=0.858"
"PronTokAlign",1078.64,1078.7900000000002,"i-z=0.281"
"PronTokAlign",1078.7900000000002,1078.9,"s-R-E=0.473"
"PronTokAlign",1078.9,1079.34,"m-O/-t-i-v-e=0.899"
"PronTokAlign",1079.34,1079.4,"A/"
"PronTokAlign",1079.4,1079.53,"A/-l-e=0.587"
"PronTokAlign",1079.53,1079.63,"d-a~=0.683"
"PronTokAlign",1079.63,1079.77,"U~/=0.871"
"PronTokAlign",1079.77,1080.15,"s-i-n-E-m-A/=0.589"
"PronTokAlign",1080.15,1080.25,"a~"
"PronTokAlign",1080.25,1080.68,"v-w-A/-t-y-R=0.605"
"PronTokAlign",1080.68,1080.8,"#=0.0"
"PronTokAlign",1080.8,1080.84,"s=0.792"
"PronTokAlign",1080.84,1080.98,"l-9-R"
"PronTokAlign",1080.98,1081.409063,"S-a~-Z=0.964"
"PronTokAlign",1081.409063,1082.075,"#=0.0"
"PronTokAlign",1082.075,1082.165,"v-y"
"PronTokAlign",1082.165,1082.235,"k-@=0.746"
"PronTokAlign",1082.235,1082.655,"v-R-e-m-a~-t=0.445"
"PronTokAlign",1082.655,1082.765,"s-e"
"PronTokAlign",1082.765,1082.995,"t-u-t-2-l-A/"
"PronTokAlign",1082.995,1083.375,"f-A/-m-i-j-@=0.759"
"PronTokAlign",1083.375,1089.475,"#=0.0"
"PronTokAlign",1089.475,1089.865,"b-O/=0.681"
"PronTokAlign",1089.865,1090.0749999999998,"d-y-k-u"
"PronTokAlign",1090.0749999999998,1090.255,"l-A/"
"PronTokAlign",1090.255,1090.3049999999998,"i=0.562"
"PronTokAlign",1090.3049999999998,1090.435,"e=0.554"
"PronTokAlign",1090.435,1090.855,"k-A/-R-a~-t=0.614"
"PronTokAlign",1090.855,1090.995,"d-O~=0.86"
"PronTokAlign",1090.995,1091.0749999999998,"S=0.873"
"PronTokAlign",1091.0749999999998,1091.395,"p-a~-s=0.712"
"PronTokAlign",1091.395,1092.0649999999998,"k-@=0.79"
"PronTokAlign",1092.0649999999998,1092.375,"O/-s-e-A/-n"
"PronTokAlign",1092.375,1092.475,"E=0.521"
"PronTokAlign",1092.475,1092.5749999999998,"v-A/"
"PronTokAlign",1092.5749999999998,1092.935,"b-j-U~/-t-O/"
"PronTokAlign",1092.935,1093.355,"R-2-v-n-i-R=0.942"
"PronTokAlign",1093.355,1093.415,"A/"
"PronTokAlign",1093.415,1093.8,"k-A/-R-a~-t-E-U~/=0.473"
"PronTokAlign",1093.8,1094.415,"#=0.0"
"PronTokAlign",1094.415,1094.455,"e=0.652"
"PronTokAlign",1094.455,1094.485,"O~=0.621"
"PronTokAlign",1094.485,1094.535,"A/"
"PronTokAlign",1094.535,1094.705,"t-u-t=0.691"
"PronTokAlign",1094.705,1094.855,"b-j-U~/=0.729"
"PronTokAlign",1094.855,1095.235,"k-O~-p-l-E-t-e"
