"PhonAlign",0.0,29.46,"#"
"PhonAlign",29.46,29.53,"n"
"PhonAlign",29.53,29.73,"a~"
"PhonAlign",29.73,29.86,"S"
"PhonAlign",29.86,29.95,"s"
"PhonAlign",29.95,30.04,"e"
"PhonAlign",30.04,30.07,"p"
"PhonAlign",30.07,30.24,"A/"
"PhonAlign",30.24,30.28,"A/"
"PhonAlign",30.28,30.31,"p"
"PhonAlign",30.31,30.36,"R"
"PhonAlign",30.36,30.44,"E"
"PhonAlign",30.44,30.55,"S"
"PhonAlign",30.55,30.58,"p"
"PhonAlign",30.58,30.65,"a~"
"PhonAlign",30.65,30.72,"s"
"PhonAlign",30.72,30.78,"k"
"PhonAlign",30.78,30.83,"@"
"PhonAlign",30.83,30.880000000000003,"s"
"PhonAlign",30.880000000000003,31.02,"i"
"PhonAlign",31.02,31.14,"O~"
"PhonAlign",31.14,31.17,"v"
"PhonAlign",31.17,31.33,"@"
"PhonAlign",31.33,31.41,"t"
"PhonAlign",31.41,31.46,"u"
"PhonAlign",31.46,31.59,"S"
"PhonAlign",31.59,31.81,"e"
"PhonAlign",31.81,31.84,"l"
"PhonAlign",31.84,31.87,"p"
"PhonAlign",31.87,31.92,"l"
"PhonAlign",31.92,32.11,"y"
"PhonAlign",32.11,32.15,"d"
"PhonAlign",32.15,32.29,"@"
"PhonAlign",32.29,32.38,"m"
"PhonAlign",32.38,32.56,"O~"
"PhonAlign",32.56,32.59,"d"
"PhonAlign",32.59,32.620000000000005,"p"
"PhonAlign",32.620000000000005,32.81,"O/"
"PhonAlign",32.81,33.05,"s"
"PhonAlign",33.05,33.17,"i"
"PhonAlign",33.17,33.21,"b"
"PhonAlign",33.21,33.28,"l"
"PhonAlign",33.28,33.6,"@"
"PhonAlign",33.6,33.715,"fp"
"PhonAlign",33.715,34.122371,"#"
"PhonAlign",34.122371,34.272371,"i"
"PhonAlign",34.272371,34.302371,"f"
"PhonAlign",34.302371,34.402371,"O/"
"PhonAlign",34.402371,34.512371,"t"
"PhonAlign",34.512371,34.582371,"p"
"PhonAlign",34.582371,34.612371,"R"
"PhonAlign",34.612371,34.782371,"a~"
"PhonAlign",34.782371,34.812371,"d"
"PhonAlign",34.812371,34.852371,"R"
"PhonAlign",34.852371,34.982371,"U~/"
"PhonAlign",34.982371,35.142371000000004,"Z"
"PhonAlign",35.142371000000004,35.392371000000004,"a~"
"PhonAlign",35.392371000000004,35.472371,"R"
"PhonAlign",35.472371,35.542371,"@"
"PhonAlign",35.542371,35.652371,"k"
"PhonAlign",35.652371,35.8,"@"
"PhonAlign",35.8,36.22,"#"
"PhonAlign",36.22,36.46,"a~"
"PhonAlign",36.46,36.49,"g"
"PhonAlign",36.49,36.53,"R"
"PhonAlign",36.53,36.66,"O/"
"PhonAlign",36.66,36.79,"t"
"PhonAlign",36.79,36.85,"u"
"PhonAlign",36.85,36.88,"l"
"PhonAlign",36.88,37.02,"m"
"PhonAlign",37.02,37.13,"O~"
"PhonAlign",37.13,37.19,"d"
"PhonAlign",37.19,37.25,"p"
"PhonAlign",37.25,37.37,"@"
"PhonAlign",37.37,37.54,"E"
"PhonAlign",37.54,37.58,"m"
"PhonAlign",37.58,37.83,"e"
"PhonAlign",37.83,37.86,"u"
"PhonAlign",37.86,37.89,"R"
"PhonAlign",37.89,37.92,"2"
"PhonAlign",37.92,37.95,"g"
"PhonAlign",37.95,37.98,"A/"
"PhonAlign",37.98,38.03,"R"
"PhonAlign",38.03,38.08,"d"
"PhonAlign",38.08,38.11,"e"
"PhonAlign",38.11,38.331562,"R"
"PhonAlign",38.331562,47.38,"#"
"PhonAlign",47.38,47.45,"w"
"PhonAlign",47.45,47.605,"E"
"PhonAlign",47.605,48.339099,"#"
"PhonAlign",48.339099,48.675,"noise"
"PhonAlign",48.675,48.785,"S"
"PhonAlign",48.785,48.905,"s"
"PhonAlign",48.905,48.935,"y"
"PhonAlign",48.935,48.965,"i"
"PhonAlign",48.965,48.995,"A/"
"PhonAlign",48.995,49.115,"s"
"PhonAlign",49.115,49.145,"e"
"PhonAlign",49.145,49.175,"s"
"PhonAlign",49.175,49.205,"y"
"PhonAlign",49.205,49.235,"R"
"PhonAlign",49.235,49.265,"l"
"PhonAlign",49.265,49.315,"A/"
"PhonAlign",49.315,49.345,"k"
"PhonAlign",49.345,49.375,"O/"
"PhonAlign",49.375,49.445,"m"
"PhonAlign",49.445,49.505,"e"
"PhonAlign",49.505,49.535,"d"
"PhonAlign",49.535,49.615,"i"
"PhonAlign",49.615,49.645,"Z"
"PhonAlign",49.645,49.675,"s"
"PhonAlign",49.675,49.735,"y"
"PhonAlign",49.735,49.765,"i"
"PhonAlign",49.765,49.795,"A/"
"PhonAlign",49.795,49.885,"s"
"PhonAlign",49.885,49.915,"e"
"PhonAlign",49.915,49.965,"d"
"PhonAlign",49.965,50.035,"A/"
"PhonAlign",50.035,50.065,"k"
"PhonAlign",50.065,50.095,"O/"
"PhonAlign",50.095,50.363438,"R"
"PhonAlign",50.363438,53.605,"#"
"PhonAlign",53.605,53.655,"n"
"PhonAlign",53.655,53.815,"a~"
"PhonAlign",53.815,53.845,"l"
"PhonAlign",53.845,53.905,"E"
"PhonAlign",53.905,53.935,"k"
"PhonAlign",53.935,53.995,"O/"
"PhonAlign",53.995,54.085,"m"
"PhonAlign",54.085,54.165,"e"
"PhonAlign",54.165,54.195,"d"
"PhonAlign",54.195,54.275,"i"
"PhonAlign",54.275,54.345,"k"
"PhonAlign",54.345,54.425,"l"
"PhonAlign",54.425,54.465,"A/"
"PhonAlign",54.465,54.595,"s"
"PhonAlign",54.595,54.625,"i"
"PhonAlign",54.625,54.66,"k"
"PhonAlign",54.66,55.675,"#"
"PhonAlign",55.675,55.745,"w"
"PhonAlign",55.745,55.93,"E"
"PhonAlign",55.93,57.57,"#"
"PhonAlign",57.57,57.68,"O~"
"PhonAlign",57.68,57.78,"A/"
"PhonAlign",57.78,57.81,"b"
"PhonAlign",57.81,57.84,"j"
"PhonAlign",57.84,58.1,"U~/"
"PhonAlign",58.1,58.13,"k"
"PhonAlign",58.13,58.26,"O~"
"PhonAlign",58.26,58.3,"p"
"PhonAlign",58.3,58.33,"R"
"PhonAlign",58.33,58.42,"i"
"PhonAlign",58.42,58.45,"*"
"PhonAlign",58.45,58.54,"*"
"PhonAlign",58.54,58.57,"*"
"PhonAlign",58.57,58.63,"*"
"PhonAlign",58.63,58.73,"*"
"PhonAlign",58.73,58.76,"*"
"PhonAlign",58.76,58.79,"k"
"PhonAlign",58.79,58.84,"t"
"PhonAlign",58.84,58.93,"e"
"PhonAlign",58.93,59.09,"t"
"PhonAlign",59.09,59.18,"e"
"PhonAlign",59.18,59.23,"p"
"PhonAlign",59.23,59.29,"A/"
"PhonAlign",59.29,59.32,"t"
"PhonAlign",59.32,59.43,"R"
"PhonAlign",59.43,59.46,"e"
"PhonAlign",59.46,59.57,"k"
"PhonAlign",59.57,59.78,"O/"
"PhonAlign",59.78,59.83,"m"
"PhonAlign",59.83,59.88,"e"
"PhonAlign",59.88,59.91,"d"
"PhonAlign",59.91,59.99,"i"
"PhonAlign",59.99,60.05,"k"
"PhonAlign",60.05,60.1,"O/"
"PhonAlign",60.1,60.19,"m"
"PhonAlign",60.19,60.22,"E"
"PhonAlign",60.22,60.33,"d"
"PhonAlign",60.33,60.38,"i"
"PhonAlign",60.38,60.54,"R"
"PhonAlign",60.54,60.67,"O/"
"PhonAlign",60.67,60.7,"m"
"PhonAlign",60.7,60.74,"a~"
"PhonAlign",60.74,60.82,"t"
"PhonAlign",60.82,60.9,"i"
"PhonAlign",60.9,61.035,"k"
"PhonAlign",61.035,65.557547,"#"
"PhonAlign",65.557547,65.747547,"u"
"PhonAlign",65.747547,65.841962,"i"
"PhonAlign",65.841962,82.06,"#"
"PhonAlign",82.06,82.12,"w"
"PhonAlign",82.12,82.24000000000001,"E"
"PhonAlign",82.24000000000001,82.3,"l"
"PhonAlign",82.3,82.35000000000001,"e"
"PhonAlign",82.35000000000001,82.47,"z"
"PhonAlign",82.47,82.5,"s"
"PhonAlign",82.5,82.58,"y"
"PhonAlign",82.58,82.65,"p"
"PhonAlign",82.65,82.68,"e"
"PhonAlign",82.68,82.71000000000001,"e"
"PhonAlign",82.71000000000001,82.79,"R"
"PhonAlign",82.79,82.91,"O/"
"PhonAlign",82.91,82.96000000000001,"u"
"PhonAlign",82.96000000000001,83.075,"i"
"PhonAlign",83.075,88.404492,"#"
"PhonAlign",88.404492,89.015456,"noise"
"PhonAlign",89.015456,92.807391,"#"
"PhonAlign",92.807391,99.291459,"#"
"PhonAlign",99.291459,99.331459,"m"
"PhonAlign",99.331459,99.391459,"A/"
"PhonAlign",99.391459,99.461459,"S"
"PhonAlign",99.461459,99.678014,"@"
"PhonAlign",99.678014,143.64,"#"
"PhonAlign",143.64,143.67999999999998,"b"
"PhonAlign",143.67999999999998,143.94,"A/"
"PhonAlign",143.94,144.11,"S"
"PhonAlign",144.11,144.14999999999998,"p"
"PhonAlign",144.14999999999998,144.26999999999998,"a~"
"PhonAlign",144.26999999999998,144.33999999999995,"s"
"PhonAlign",144.33999999999995,144.39999999999998,"d"
"PhonAlign",144.39999999999998,144.45999999999998,"y"
"PhonAlign",144.45999999999998,144.48999999999998,"k"
"PhonAlign",144.48999999999998,144.66,"u"
"PhonAlign",144.66,144.73,"p"
"PhonAlign",144.73,144.76999999999998,"A/"
"PhonAlign",144.76999999999998,144.79999999999998,"A/"
"PhonAlign",144.79999999999998,145.01999999999998,"R"
"PhonAlign",145.01999999999998,145.05999999999997,"d"
"PhonAlign",145.05999999999997,145.14,"e"
"PhonAlign",145.14,145.19,"k"
"PhonAlign",145.19,145.48999999999998,"O/"
"PhonAlign",145.48999999999998,145.67,"s"
"PhonAlign",145.67,145.70999999999998,"i"
"PhonAlign",145.70999999999998,145.86999999999998,"O~"
"PhonAlign",145.86999999999998,145.97,"f"
"PhonAlign",145.97,146.11,"e"
"PhonAlign",146.11,146.14,"l"
"PhonAlign",146.14,146.23999999999998,"e"
"PhonAlign",146.23999999999998,146.27999999999997,"m"
"PhonAlign",146.27999999999997,146.33999999999995,"A/"
"PhonAlign",146.33999999999995,146.61999999999998,"R"
"PhonAlign",146.61999999999998,146.66,"v"
"PhonAlign",146.66,146.72,"e"
"PhonAlign",146.72,146.76999999999998,"l"
"PhonAlign",146.76999999999998,146.85,"e"
"PhonAlign",146.85,146.88,"l"
"PhonAlign",146.88,146.95999999999998,"e"
"PhonAlign",146.95999999999998,146.98999999999998,"k"
"PhonAlign",146.98999999999998,147.11999999999998,"O/"
"PhonAlign",147.11999999999998,147.14999999999998,"m"
"PhonAlign",147.14999999999998,147.27999999999997,"e"
"PhonAlign",147.27999999999997,147.39999999999998,"d"
"PhonAlign",147.39999999999998,147.61999999999998,"i"
"PhonAlign",147.61999999999998,148.03,"fp"
"PhonAlign",148.03,148.74,"#"
"PhonAlign",148.74,148.8,"A/"
"PhonAlign",148.8,149.01000000000002,"R"
"PhonAlign",149.01000000000002,149.06,"d"
"PhonAlign",149.06,149.10000000000002,"e"
"PhonAlign",149.10000000000002,149.13,"k"
"PhonAlign",149.13,149.23000000000002,"O/"
"PhonAlign",149.23000000000002,149.32000000000002,"Z"
"PhonAlign",149.32000000000002,149.35000000000002,"p"
"PhonAlign",149.35000000000002,149.41,"a~"
"PhonAlign",149.41,149.53,"s"
"PhonAlign",149.53,149.56,"k"
"PhonAlign",149.56,149.66,"s"
"PhonAlign",149.66,149.73000000000002,"e"
"PhonAlign",149.73000000000002,149.77,"p"
"PhonAlign",149.77,149.9,"A/"
"PhonAlign",149.9,149.93,"t"
"PhonAlign",149.93,149.96,"u"
"PhonAlign",149.96,150.0,"t"
"PhonAlign",150.0,150.10000000000002,"A/"
"PhonAlign",150.10000000000002,150.14,"f"
"PhonAlign",150.14,150.21,"e"
"PhonAlign",150.21,150.24,"l"
"PhonAlign",150.24,150.28,"m"
"PhonAlign",150.28,150.4,"E"
"PhonAlign",150.4,150.51000000000002,"m"
"PhonAlign",150.51000000000002,150.55,"t"
"PhonAlign",150.55,150.58,"i"
"PhonAlign",150.58,150.62,"p"
"PhonAlign",150.62,150.65,"d"
"PhonAlign",150.65,150.68,"p"
"PhonAlign",150.68,150.71,"y"
"PhonAlign",150.71,150.8,"b"
"PhonAlign",150.8,151.12,"l"
"PhonAlign",151.12,151.28,"i"
"PhonAlign",151.28,151.375,"k"
"PhonAlign",151.375,159.46,"#"
"PhonAlign",159.46,159.52,"u"
"PhonAlign",159.52,159.765,"i"
"PhonAlign",159.765,160.35,"#"
"PhonAlign",160.35,160.45,"A/"
"PhonAlign",160.45,160.48,"p"
"PhonAlign",160.48,160.54,"R"
"PhonAlign",160.54,160.57999999999998,"E"
"PhonAlign",160.57999999999998,160.68,"z"
"PhonAlign",160.68,160.71,"s"
"PhonAlign",160.71,160.84,"R"
"PhonAlign",160.84,160.91,"E"
"PhonAlign",160.91,160.94,"d"
"PhonAlign",160.94,160.97,"y"
"PhonAlign",160.97,161.06,"i"
"PhonAlign",161.06,161.15,"O/"
"PhonAlign",161.15,161.29,"s"
"PhonAlign",161.29,161.38,"i"
"PhonAlign",161.38,161.41,"l"
"PhonAlign",161.41,161.51,"@"
"PhonAlign",161.51,161.56,"n"
"PhonAlign",161.56,161.62,"O~"
"PhonAlign",161.62,161.65,"b"
"PhonAlign",161.65,161.71,"R"
"PhonAlign",161.71,161.75,"d"
"PhonAlign",161.75,161.81,"@"
"PhonAlign",161.81,161.89,"s"
"PhonAlign",161.89,161.92,"p"
"PhonAlign",161.92,162.01,"E"
"PhonAlign",162.01,162.04999999999998,"k"
"PhonAlign",162.04999999999998,162.07999999999998,"t"
"PhonAlign",162.07999999999998,162.23,"A/"
"PhonAlign",162.23,162.31,"t"
"PhonAlign",162.31,162.39,"9"
"PhonAlign",162.39,162.455,"R"
"PhonAlign",162.455,162.725,"#"
"PhonAlign",162.725,162.765,"f"
"PhonAlign",162.765,162.885,"v"
"PhonAlign",162.885,162.95499999999998,"w"
"PhonAlign",162.95499999999998,162.985,"A/"
"PhonAlign",162.985,163.125,"R"
"PhonAlign",163.125,187.025,"#"
"PhonAlign",187.025,187.065,"v"
"PhonAlign",187.065,187.135,"R"
"PhonAlign",187.135,187.165,"E"
"PhonAlign",187.165,187.195,"m"
"PhonAlign",187.195,187.345,"a~"
"PhonAlign",187.345,187.425,"S"
"PhonAlign",187.425,187.455,"t"
"PhonAlign",187.455,187.495,"R"
"PhonAlign",187.495,187.525,"u"
"PhonAlign",187.525,187.555,"v"
"PhonAlign",187.555,187.645,"s"
"PhonAlign",187.645,187.735,"A/"
"PhonAlign",187.735,187.815,"O/"
"PhonAlign",187.815,187.915,"R"
"PhonAlign",187.915,187.945,"i"
"PhonAlign",187.945,188.025,"Z"
"PhonAlign",188.025,188.145,"i"
"PhonAlign",188.145,188.195,"n"
"PhonAlign",188.195,188.305,"A/"
"PhonAlign",188.305,188.365,"l"
"PhonAlign",188.365,188.395,"d"
"PhonAlign",188.395,188.495,"y"
"PhonAlign",188.495,188.545,"k"
"PhonAlign",188.545,188.772188,"u"
"PhonAlign",188.772188,207.005322,"#"
"PhonAlign",207.005322,207.225322,"w"
"PhonAlign",207.225322,207.555308,"E"
"PhonAlign",207.555308,223.09,"#"
"PhonAlign",223.09,223.23,"f"
"PhonAlign",223.23,223.27,"O/"
"PhonAlign",223.27,223.39,"E"
"PhonAlign",223.39,223.43,"t"
"PhonAlign",223.43,223.46,"d"
"PhonAlign",223.46,223.54,"i"
"PhonAlign",223.54,223.65,"z"
"PhonAlign",223.65,223.68,"f"
"PhonAlign",223.68,223.8,"i"
"PhonAlign",223.8,223.83,"l"
"PhonAlign",223.83,223.86,"m"
"PhonAlign",223.86,224.28,"A/"
"PhonAlign",224.28,224.31,"u"
"PhonAlign",224.31,224.35,"i"
"PhonAlign",224.35,224.43,"#"
"PhonAlign",224.43,224.739136,"laugh"
"PhonAlign",224.739136,231.357304,"#"
"PhonAlign",231.357304,231.467304,"w"
"PhonAlign",231.467304,231.888958,"E"
"PhonAlign",231.888958,236.36,"#"
"PhonAlign",236.36,236.45,"k"
"PhonAlign",236.45,236.49,"O/"
"PhonAlign",236.49,236.58,"m"
"PhonAlign",236.58,236.68,"a~"
"PhonAlign",236.68,236.83,"s"
"PhonAlign",236.83,236.86,"O~"
"PhonAlign",236.86,236.93,"z"
"PhonAlign",236.93,236.99,"p"
"PhonAlign",236.99,237.02,"A/"
"PhonAlign",237.02,237.12,"R"
"PhonAlign",237.12,237.18,"k"
"PhonAlign",237.18,237.23,"O/"
"PhonAlign",237.23,237.29,"m"
"PhonAlign",237.29,237.48,"e"
"PhonAlign",237.48,237.51,"d"
"PhonAlign",237.51,237.85,"i"
"PhonAlign",237.85,241.515,"#"
"PhonAlign",241.515,243.160313,"fp"
"PhonAlign",243.160313,245.655,"#"
"PhonAlign",245.655,245.695,"b"
"PhonAlign",245.695,245.875,"A/"
"PhonAlign",245.875,246.065,"s"
"PhonAlign",246.065,246.115,"e"
"PhonAlign",246.115,246.145,"p"
"PhonAlign",246.145,246.175,"l"
"PhonAlign",246.175,246.265,"y"
"PhonAlign",246.265,246.295,"t"
"PhonAlign",246.295,246.375,"O/"
"PhonAlign",246.375,246.405,"k"
"PhonAlign",246.405,246.505,"O/"
"PhonAlign",246.505,246.585,"m"
"PhonAlign",246.585,246.695,"e"
"PhonAlign",246.695,246.725,"d"
"PhonAlign",246.725,246.795,"i"
"PhonAlign",246.795,246.825,"R"
"PhonAlign",246.825,246.945,"O/"
"PhonAlign",246.945,246.975,"m"
"PhonAlign",246.975,247.155,"a~"
"PhonAlign",247.155,247.185,"t"
"PhonAlign",247.185,247.435,"i"
"PhonAlign",247.435,247.495,"k"
"PhonAlign",247.495,247.535,"S"
"PhonAlign",247.535,247.575,"s"
"PhonAlign",247.575,247.625,"y"
"PhonAlign",247.625,247.665,"i"
"PhonAlign",247.665,247.705,"p"
"PhonAlign",247.705,247.815,"A/"
"PhonAlign",247.815,247.885,"s"
"PhonAlign",247.885,247.955,"E"
"PhonAlign",247.955,248.075,"R"
"PhonAlign",248.075,248.145,"t"
"PhonAlign",248.145,248.255,"E"
"PhonAlign",248.255,248.385,"n"
"PhonAlign",248.385,248.455,"k"
"PhonAlign",248.455,248.765,"@"
"PhonAlign",248.765,248.935,"a~"
"PhonAlign",248.935,248.965,"p"
"PhonAlign",248.965,249.015,"l"
"PhonAlign",249.015,249.045,"y"
"PhonAlign",249.045,249.145,"z"
"PhonAlign",249.145,249.185,"s"
"PhonAlign",249.185,249.225,"e"
"PhonAlign",249.225,249.485,"U~/"
"PhonAlign",249.485,249.515,"p"
"PhonAlign",249.515,249.975,"2"
"PhonAlign",249.975,250.055,"fp"
"PhonAlign",250.055,250.135,"S"
"PhonAlign",250.135,250.165,"s"
"PhonAlign",250.165,250.205,"p"
"PhonAlign",250.205,250.255,"A/"
"PhonAlign",250.255,250.415,"s"
"PhonAlign",250.415,250.445,"v"
"PhonAlign",250.445,250.475,"u"
"PhonAlign",250.475,250.555,"l"
"PhonAlign",250.555,250.585,"A/"
"PhonAlign",250.585,250.615,"v"
"PhonAlign",250.615,250.705,"e"
"PhonAlign",250.705,250.735,"v"
"PhonAlign",250.735,250.845,"y"
"PhonAlign",250.845,251.075,"U~/"
"PhonAlign",251.075,251.145,"#"
"PhonAlign",251.145,251.285,"S"
"PhonAlign",251.285,251.325,"t"
"PhonAlign",251.325,251.355,"R"
"PhonAlign",251.355,251.395,"u"
"PhonAlign",251.395,251.445,"v"
"PhonAlign",251.445,251.495,"E"
"PhonAlign",251.495,251.645,"z"
"PhonAlign",251.645,251.735,"s"
"PhonAlign",251.735,251.995,"A/"
"PhonAlign",251.995,252.055,"U~/"
"PhonAlign",252.055,252.085,"p"
"PhonAlign",252.085,252.115,"2"
"PhonAlign",252.115,252.155,"d"
"PhonAlign",252.155,252.235,"E"
"PhonAlign",252.235,252.325,"Z"
"PhonAlign",252.325,252.525,"a~"
"PhonAlign",252.525,252.565,"t"
"PhonAlign",252.565,252.785,"e"
"PhonAlign",252.785,252.815,"d"
"PhonAlign",252.815,252.91,"O~"
"PhonAlign",252.91,252.97,"#"
"PhonAlign",252.97,253.635,"fp"
"PhonAlign",253.635,253.735,"#"
"PhonAlign",253.735,253.78500000000005,"k"
"PhonAlign",253.78500000000005,253.835,"O/"
"PhonAlign",253.835,253.865,"m"
"PhonAlign",253.865,253.985,"E"
"PhonAlign",253.985,254.015,"d"
"PhonAlign",254.015,254.075,"i"
"PhonAlign",254.075,254.115,"R"
"PhonAlign",254.115,254.235,"O/"
"PhonAlign",254.235,254.265,"m"
"PhonAlign",254.265,254.445,"a~"
"PhonAlign",254.445,254.515,"t"
"PhonAlign",254.515,254.725,"i"
"PhonAlign",254.725,254.755,"k"
"PhonAlign",254.755,254.805,"e"
"PhonAlign",254.805,254.835,"d"
"PhonAlign",254.835,254.925,"E"
"PhonAlign",254.925,254.995,"Z"
"PhonAlign",254.995,255.145,"a~"
"PhonAlign",255.145,255.205,"t"
"PhonAlign",255.205,255.245,"e"
"PhonAlign",255.245,255.365,"a~"
"PhonAlign",255.365,255.395,"m"
"PhonAlign",255.395,255.485,"E"
"PhonAlign",255.485,255.59500000000003,"m"
"PhonAlign",255.59500000000003,255.695,"t"
"PhonAlign",255.695,256.065,"a~"
"PhonAlign",256.065,256.305,"fp"
"PhonAlign",256.305,256.425,"S"
"PhonAlign",256.425,256.475,"p"
"PhonAlign",256.475,256.505,"a~"
"PhonAlign",256.505,256.575,"s"
"PhonAlign",256.575,256.665,"k"
"PhonAlign",256.665,256.755,"s"
"PhonAlign",256.755,256.875,"e"
"PhonAlign",256.875,257.115,"#"
"PhonAlign",257.115,257.21500000000003,"E"
"PhonAlign",257.21500000000003,257.395,"a~"
"PhonAlign",257.395,257.425,"p"
"PhonAlign",257.425,257.475,"l"
"PhonAlign",257.475,257.505,"y"
"PhonAlign",257.505,257.635,"z"
"PhonAlign",257.635,257.665,"m"
"PhonAlign",257.665,257.735,"y"
"PhonAlign",257.735,257.895,"z"
"PhonAlign",257.895,257.955,"i"
"PhonAlign",257.955,258.015,"k"
"PhonAlign",258.015,258.285,"A/"
"PhonAlign",258.285,258.33,"l"
"PhonAlign",258.33,258.989687,"#"
"PhonAlign",258.989687,259.33804,"noise"
"PhonAlign",259.33804,260.025,"#"
"PhonAlign",260.025,260.065,"Z"
"PhonAlign",260.065,260.095,"p"
"PhonAlign",260.095,260.125,"a~"
"PhonAlign",260.125,260.155,"s"
"PhonAlign",260.155,260.265,"k"
"PhonAlign",260.265,260.36499999999995,"s"
"PhonAlign",260.36499999999995,260.495,"e"
"PhonAlign",260.495,260.535,"v"
"PhonAlign",260.535,260.695,"R"
"PhonAlign",260.695,260.775,"e"
"PhonAlign",260.775,260.825,"m"
"PhonAlign",260.825,261.025,"a~"
"PhonAlign",261.025,261.065,"t"
"PhonAlign",261.065,261.095,"p"
"PhonAlign",261.095,261.145,"A/"
"PhonAlign",261.145,261.17499999999995,"t"
"PhonAlign",261.17499999999995,261.30499999999995,"R"
"PhonAlign",261.30499999999995,261.36499999999995,"O/"
"PhonAlign",261.36499999999995,261.435,"A/"
"PhonAlign",261.435,261.475,"k"
"PhonAlign",261.475,261.585,"s"
"PhonAlign",261.585,261.665,"E"
"PhonAlign",261.665,261.695,"s"
"PhonAlign",261.695,261.86499999999995,"i"
"PhonAlign",261.86499999999995,261.915,"b"
"PhonAlign",261.915,261.945,"l"
"PhonAlign",261.945,262.045,"A/"
"PhonAlign",262.045,262.105,"t"
"PhonAlign",262.105,262.135,"u"
"PhonAlign",262.135,262.165,"l"
"PhonAlign",262.165,262.215,"m"
"PhonAlign",262.215,262.345,"O~"
"PhonAlign",262.345,262.375,"d"
"PhonAlign",262.375,262.405,"d"
"PhonAlign",262.405,262.445,"e"
"PhonAlign",262.445,262.525,"Z"
"PhonAlign",262.525,262.61499999999995,"A/"
"PhonAlign",262.61499999999995,262.695,"m"
"PhonAlign",262.695,262.735,"w"
"PhonAlign",262.735,262.825,"A/"
"PhonAlign",262.825,263.025,"k"
"PhonAlign",263.025,263.05499999999995,"A/"
"PhonAlign",263.05499999999995,263.095,"d"
"PhonAlign",263.095,263.255,"O/"
"PhonAlign",263.255,263.36499999999995,"R"
"PhonAlign",263.36499999999995,263.435,"@"
"PhonAlign",263.435,263.585,"s"
"PhonAlign",263.585,263.625,"@"
"PhonAlign",263.625,263.665,"Z"
"PhonAlign",263.665,263.785,"a~"
"PhonAlign",263.785,263.825,"R"
"PhonAlign",263.825,263.885,"@"
"PhonAlign",263.885,263.945,"d"
"PhonAlign",263.945,263.975,"f"
"PhonAlign",263.975,264.075,"i"
"PhonAlign",264.075,264.105,"l"
"PhonAlign",264.105,264.17499999999995,"m"
"PhonAlign",264.17499999999995,264.315,"Z"
"PhonAlign",264.315,264.395,"e"
"PhonAlign",264.395,264.585,"p"
"PhonAlign",264.585,264.87,"A/"
"PhonAlign",264.87,265.21,"#"
"PhonAlign",265.21,265.27,"Z"
"PhonAlign",265.27,265.39,"E"
"PhonAlign",265.39,265.44,"A/"
"PhonAlign",265.44,265.47,"k"
"PhonAlign",265.47,265.5,"R"
"PhonAlign",265.5,265.58,"O/"
"PhonAlign",265.58,265.66,"S"
"PhonAlign",265.66,265.71,"e"
"PhonAlign",265.71,265.77,"s"
"PhonAlign",265.77,265.89,"a~"
"PhonAlign",265.89,265.92,"p"
"PhonAlign",265.92,265.95,"l"
"PhonAlign",265.95,266.03,"y"
"PhonAlign",266.03,266.345,"#"
"PhonAlign",266.345,266.47,"noise"
"PhonAlign",266.47,267.03,"#"
"PhonAlign",267.03,267.38,"fp"
"PhonAlign",267.38,267.41,"n"
"PhonAlign",267.41,267.44,"a~"
"PhonAlign",267.44,267.47,"p"
"PhonAlign",267.47,267.5,"l"
"PhonAlign",267.5,267.58,"y"
"PhonAlign",267.58,267.61999999999995,"t"
"PhonAlign",267.61999999999995,267.72,"O/"
"PhonAlign",267.72,267.78,"k"
"PhonAlign",267.78,267.85,"O/"
"PhonAlign",267.85,267.98,"m"
"PhonAlign",267.98,268.13,"e"
"PhonAlign",268.13,268.21,"d"
"PhonAlign",268.21,268.47,"i"
"PhonAlign",268.47,268.692188,"fp"
"PhonAlign",268.692188,273.515,"#"
"PhonAlign",273.515,273.665,"A/"
"PhonAlign",273.665,273.695,"u"
"PhonAlign",273.695,273.895,"i"
"PhonAlign",273.895,274.085,"#"
"PhonAlign",274.085,274.165,"w"
"PhonAlign",274.165,274.36,"E"
"PhonAlign",274.36,275.865,"#"
"PhonAlign",275.865,275.915,"w"
"PhonAlign",275.915,276.02500000000003,"E"
"PhonAlign",276.02500000000003,276.115,"s"
"PhonAlign",276.115,276.15500000000003,"e"
"PhonAlign",276.15500000000003,276.185,"p"
"PhonAlign",276.185,276.285,"A/"
"PhonAlign",276.285,276.345,"m"
"PhonAlign",276.345,276.425,"A/"
"PhonAlign",276.425,276.455,"l"
"PhonAlign",276.455,276.555,"s"
"PhonAlign",276.555,276.635,"A/"
"PhonAlign",276.635,276.995,"#"
"PhonAlign",276.995,277.035,"s"
"PhonAlign",277.035,277.065,"e"
"PhonAlign",277.065,277.095,"y"
"PhonAlign",277.095,277.125,"n"
"PhonAlign",277.125,277.195,"@"
"PhonAlign",277.195,277.225,"b"
"PhonAlign",277.225,277.255,"O/"
"PhonAlign",277.255,277.285,"n"
"PhonAlign",277.285,277.315,"i"
"PhonAlign",277.315,277.375,"d"
"PhonAlign",277.375,277.475,"e"
"PhonAlign",277.475,278.33,"#"
"PhonAlign",278.33,278.46,"s"
"PhonAlign",278.46,278.49,"e"
"PhonAlign",278.49,278.6,"U~/"
"PhonAlign",278.6,278.67,"n"
"PhonAlign",278.67,278.7,"p"
"PhonAlign",278.7,279.01,"2"
"PhonAlign",279.01,281.47259,"#"
"PhonAlign",281.47259,281.69259000000005,"w"
"PhonAlign",281.69259000000005,281.949245,"E"
"PhonAlign",281.949245,282.935,"#"
"PhonAlign",282.935,283.055,"u"
"PhonAlign",283.055,283.145,"i"
"PhonAlign",283.145,283.235,"s"
"PhonAlign",283.235,283.265,"e"
"PhonAlign",283.265,283.295,"v"
"PhonAlign",283.295,283.335,"R"
"PhonAlign",283.335,283.435,"e"
"PhonAlign",283.435,283.465,"k"
"PhonAlign",283.465,283.505,"i"
"PhonAlign",283.505,283.575,"z"
"PhonAlign",283.575,283.675,"O~"
"PhonAlign",283.675,283.715,"f"
"PhonAlign",283.715,283.805,"e"
"PhonAlign",283.805,283.865,"z"
"PhonAlign",283.865,283.915,"s"
"PhonAlign",283.915,284.095,"A/"
"PhonAlign",284.095,284.185,"s"
"PhonAlign",284.185,284.215,"e"
"PhonAlign",284.215,284.375,"U~/"
"PhonAlign",284.375,284.40500000000003,"p"
"PhonAlign",284.40500000000003,284.535,"2"
"PhonAlign",284.535,284.565,"k"
"PhonAlign",284.565,284.665,"O/"
"PhonAlign",284.665,284.755,"m"
"PhonAlign",284.755,284.785,"l"
"PhonAlign",284.785,285.125,"E"
"PhonAlign",285.125,285.205,"b"
"PhonAlign",285.205,285.235,"R"
"PhonAlign",285.235,285.425,"O~"
"PhonAlign",285.425,285.515,"z"
"PhonAlign",285.515,285.645,"e"
"PhonAlign",285.645,285.705,"z"
"PhonAlign",285.705,285.735,"d"
"PhonAlign",285.735,285.765,"l"
"PhonAlign",285.765,285.895,"e"
"PhonAlign",285.895,285.945,"p"
"PhonAlign",285.945,286.375,"O/"
"PhonAlign",286.375,286.415,"k"
"PhonAlign",286.415,286.715,"u"
"PhonAlign",286.715,286.855,"k"
"PhonAlign",286.855,286.945,"s"
"PhonAlign",286.945,287.045,"k"
"PhonAlign",287.045,287.075,"O~"
"PhonAlign",287.075,287.195,"A/"
"PhonAlign",287.195,287.245,"f"
"PhonAlign",287.245,287.275,"E"
"PhonAlign",287.275,287.365,"O/"
"PhonAlign",287.365,287.395,"b"
"PhonAlign",287.395,287.505,"O/"
"PhonAlign",287.505,287.535,"d"
"PhonAlign",287.535,287.595,"j"
"PhonAlign",287.595,287.625,"@"
"PhonAlign",287.625,287.755,"s"
"PhonAlign",287.755,287.815,"e"
"PhonAlign",287.815,287.895,"d"
"PhonAlign",287.895,287.945,"e"
"PhonAlign",287.945,288.025,"z"
"PhonAlign",288.025,288.175,"k"
"PhonAlign",288.175,288.215,"O/"
"PhonAlign",288.215,288.265,"m"
"PhonAlign",288.265,288.40500000000003,"e"
"PhonAlign",288.40500000000003,288.525,"d"
"PhonAlign",288.525,288.775,"i"
"PhonAlign",288.775,288.935,"u"
"PhonAlign",288.935,289.015,"e"
"PhonAlign",289.015,289.045,"f"
"PhonAlign",289.045,289.115,"E"
"PhonAlign",289.115,289.165,"k"
"PhonAlign",289.165,289.285,"t"
"PhonAlign",289.285,289.315,"i"
"PhonAlign",289.315,289.345,"v"
"PhonAlign",289.345,289.375,"m"
"PhonAlign",289.375,289.625,"a~"
"PhonAlign",289.625,289.745,"s"
"PhonAlign",289.745,289.825,"e"
"PhonAlign",289.825,289.865,"d"
"PhonAlign",289.865,289.955,"R"
"PhonAlign",289.955,290.205,"O/"
"PhonAlign",290.205,290.265,"l"
"PhonAlign",290.265,290.385,"s"
"PhonAlign",290.385,290.495,"e"
"PhonAlign",290.495,290.615,"Z"
"PhonAlign",290.615,290.915,"9"
"PhonAlign",290.915,291.055,"n"
"PhonAlign",291.055,291.305,"@"
"PhonAlign",291.305,291.36,"fp"
"PhonAlign",291.36,291.87,"#"
"PhonAlign",291.87,291.91,"p"
"PhonAlign",291.91,291.95,"a~"
"PhonAlign",291.95,292.03000000000003,"s"
"PhonAlign",292.03000000000003,292.09000000000003,"k"
"PhonAlign",292.09000000000003,292.18,"s"
"PhonAlign",292.18,292.25,"A/"
"PhonAlign",292.25,292.28000000000003,"s"
"PhonAlign",292.28000000000003,292.37,"A/"
"PhonAlign",292.37,292.43,"p"
"PhonAlign",292.43,292.49,"@"
"PhonAlign",292.49,292.53000000000003,"m"
"PhonAlign",292.53000000000003,292.62,"A/"
"PhonAlign",292.62,292.65,"R"
"PhonAlign",292.65,292.79,"S"
"PhonAlign",292.79,292.86,"e"
"PhonAlign",292.86,292.9,"w"
"PhonAlign",292.9,292.955,"E"
"PhonAlign",292.955,308.78,"#"
"PhonAlign",308.78,308.83,"w"
"PhonAlign",308.83,308.94,"i"
"PhonAlign",308.94,308.98999999999995,"u"
"PhonAlign",308.98999999999995,309.22,"i"
"PhonAlign",309.22,309.54,"#"
"PhonAlign",309.54,309.58000000000004,"k"
"PhonAlign",309.58000000000004,309.61,"O~"
"PhonAlign",309.61,309.65000000000003,"b"
"PhonAlign",309.65000000000003,309.68,"j"
"PhonAlign",309.68,309.71000000000004,"U~/"
"PhonAlign",309.71000000000004,309.76000000000005,"i"
"PhonAlign",309.76000000000005,309.79,"l"
"PhonAlign",309.79,309.88,"a~"
"PhonAlign",309.88,309.93,"f"
"PhonAlign",309.93,310.1,"O/"
"PhonAlign",310.1,310.13,"d"
"PhonAlign",310.13,310.23,"i"
"PhonAlign",310.23,310.44,"z"
"PhonAlign",310.44,315.705,"#"
"PhonAlign",315.705,315.745,"p"
"PhonAlign",315.745,315.805,"u"
"PhonAlign",315.805,315.835,"R"
"PhonAlign",315.835,315.865,"m"
"PhonAlign",315.865,315.895,"w"
"PhonAlign",315.895,316.165,"A/"
"PhonAlign",316.165,316.195,"l"
"PhonAlign",316.195,316.225,"l"
"PhonAlign",316.225,316.295,"@"
"PhonAlign",316.295,316.395,"d"
"PhonAlign",316.395,316.485,"a~"
"PhonAlign",316.485,316.565,"l"
"PhonAlign",316.565,316.595,"e"
"PhonAlign",316.595,316.625,"b"
"PhonAlign",316.625,316.655,"R"
"PhonAlign",316.655,316.855,"O~"
"PhonAlign",316.855,317.015,"z"
"PhonAlign",317.015,317.055,"e"
"PhonAlign",317.055,317.085,"l"
"PhonAlign",317.085,317.175,"@"
"PhonAlign",317.175,317.205,"p"
"PhonAlign",317.205,317.265,"l"
"PhonAlign",317.265,317.335,"y"
"PhonAlign",317.335,317.385,"d"
"PhonAlign",317.385,317.425,"R"
"PhonAlign",317.425,317.585,"O/"
"PhonAlign",317.585,317.615,"l"
"PhonAlign",317.615,317.805,"s"
"PhonAlign",317.805,317.835,"e"
"PhonAlign",317.835,317.865,"l"
"PhonAlign",317.865,317.995,"@"
"PhonAlign",317.995,318.105,"d"
"PhonAlign",318.105,318.235,"2"
"PhonAlign",318.235,318.305,"z"
"PhonAlign",318.305,318.525,"#"
"PhonAlign",318.525,318.565,"s"
"PhonAlign",318.565,318.595,"H"
"PhonAlign",318.595,318.625,"i"
"PhonAlign",318.625,318.695,"O/"
"PhonAlign",318.695,318.86499999999995,"s"
"PhonAlign",318.86499999999995,318.935,"k"
"PhonAlign",318.935,319.115,"i"
"PhonAlign",319.115,320.34,"#"
"PhonAlign",320.34,320.41,"A/"
"PhonAlign",320.41,320.44,"p"
"PhonAlign",320.44,320.47,"R"
"PhonAlign",320.47,320.51,"E"
"PhonAlign",320.51,320.54999999999995,"Z"
"PhonAlign",320.54999999999995,320.61,"s"
"PhonAlign",320.61,320.64,"p"
"PhonAlign",320.64,320.72,"A/"
"PhonAlign",320.72,320.83,"s"
"PhonAlign",320.83,320.86999999999995,"i"
"PhonAlign",320.86999999999995,320.9,"v"
"PhonAlign",320.9,320.92999999999995,"u"
"PhonAlign",320.92999999999995,321.01,"z"
"PhonAlign",321.01,321.04,"A/"
"PhonAlign",321.04,321.07,"v"
"PhonAlign",321.07,321.13,"e"
"PhonAlign",321.13,321.19,"v"
"PhonAlign",321.19,321.23,"y"
"PhonAlign",321.23,321.29,"l"
"PhonAlign",321.29,321.35,"e"
"PhonAlign",321.35,321.41,"b"
"PhonAlign",321.41,321.45,"R"
"PhonAlign",321.45,321.54999999999995,"O~"
"PhonAlign",321.54999999999995,321.64,"z"
"PhonAlign",321.64,321.71,"e"
"PhonAlign",321.71,321.78,"l"
"PhonAlign",321.78,321.86999999999995,"@"
"PhonAlign",321.86999999999995,321.9,"t"
"PhonAlign",321.9,321.98999999999995,"R"
"PhonAlign",321.98999999999995,322.06,"w"
"PhonAlign",322.06,322.2,"A/"
"PhonAlign",322.2,322.53,"i"
"PhonAlign",322.53,322.58,"e"
"PhonAlign",322.58,322.63,"p"
"PhonAlign",322.63,322.67,"u"
"PhonAlign",322.67,322.89,"R"
"PhonAlign",322.89,322.92,"m"
"PhonAlign",322.92,322.95,"w"
"PhonAlign",322.95,322.98,"A/"
"PhonAlign",322.98,323.01,"i"
"PhonAlign",323.01,323.05,"e"
"PhonAlign",323.05,323.34,"#"
"PhonAlign",323.34,323.38,"p"
"PhonAlign",323.38,323.41,"u"
"PhonAlign",323.41,323.56,"R"
"PhonAlign",323.56,323.605,"i"
"PhonAlign",323.605,324.225,"#"
"PhonAlign",324.225,324.485,"l"
"PhonAlign",324.485,324.685,"U~/"
"PhonAlign",324.685,324.735,"t"
"PhonAlign",324.735,324.82500000000005,"e"
"PhonAlign",324.82500000000005,324.865,"d"
"PhonAlign",324.865,324.935,"R"
"PhonAlign",324.935,325.08500000000004,"O/"
"PhonAlign",325.08500000000004,325.15500000000003,"l"
"PhonAlign",325.15500000000003,325.21500000000003,"m"
"PhonAlign",325.21500000000003,325.365,"S"
"PhonAlign",325.365,325.40500000000003,"p"
"PhonAlign",325.40500000000003,325.485,"a~"
"PhonAlign",325.485,325.545,"s"
"PhonAlign",325.545,325.625,"k"
"PhonAlign",325.625,325.755,"s"
"PhonAlign",325.755,325.88500000000005,"t"
"PhonAlign",325.88500000000005,325.96500000000003,"e"
"PhonAlign",325.96500000000003,326.14500000000004,"l"
"PhonAlign",326.14500000000004,326.175,"p"
"PhonAlign",326.175,326.995,"R"
"PhonAlign",326.995,327.44500000000005,"2"
"PhonAlign",327.44500000000005,327.475,"m"
"PhonAlign",327.475,327.505,"j"
"PhonAlign",327.505,327.535,"E"
"PhonAlign",327.535,327.565,"d"
"PhonAlign",327.565,327.595,"O~"
"PhonAlign",327.595,327.63,"fp"
"PhonAlign",327.63,328.255,"#"
"PhonAlign",328.255,328.315,"S"
"PhonAlign",328.315,328.345,"t"
"PhonAlign",328.345,328.385,"R"
"PhonAlign",328.385,328.455,"u"
"PhonAlign",328.455,328.485,"v"
"PhonAlign",328.485,328.525,"k"
"PhonAlign",328.525,328.655,"l"
"PhonAlign",328.655,328.695,"d"
"PhonAlign",328.695,328.765,"2"
"PhonAlign",328.765,328.845,"z"
"PhonAlign",328.845,328.895,"j"
"PhonAlign",328.895,328.975,"E"
"PhonAlign",328.975,329.005,"m"
"PhonAlign",329.005,329.105,"s"
"PhonAlign",329.105,329.185,"t"
"PhonAlign",329.185,329.285,"e"
"PhonAlign",329.285,329.335,"p"
"PhonAlign",329.335,329.385,"l"
"PhonAlign",329.385,329.435,"y"
"PhonAlign",329.435,329.485,"d"
"PhonAlign",329.485,329.535,"R"
"PhonAlign",329.535,329.625,"O/"
"PhonAlign",329.625,329.655,"l"
"PhonAlign",329.655,329.765,"A/"
"PhonAlign",329.765,329.795,"p"
"PhonAlign",329.795,329.835,"R"
"PhonAlign",329.835,329.895,"E"
"PhonAlign",329.895,329.945,"S"
"PhonAlign",329.945,330.005,"s"
"PhonAlign",330.005,330.065,"e"
"PhonAlign",330.065,330.095,"p"
"PhonAlign",330.095,330.205,"A/"
"PhonAlign",330.205,330.405,"s"
"PhonAlign",330.405,330.515,"i"
"PhonAlign",330.515,330.645,"s"
"PhonAlign",330.645,330.725,"k"
"PhonAlign",330.725,330.755,"v"
"PhonAlign",330.755,330.815,"u"
"PhonAlign",330.815,330.855,"z"
"PhonAlign",330.855,331.045,"a~"
"PhonAlign",331.045,331.075,"p"
"PhonAlign",331.075,331.175,"a~"
"PhonAlign",331.175,331.315,"s"
"PhonAlign",331.315,331.435,"e"
"PhonAlign",331.435,331.575,"m"
"PhonAlign",331.575,331.725,"E"
"PhonAlign",331.725,331.775,"z"
"PhonAlign",331.775,334.834397,"#"
"PhonAlign",334.834397,334.99439700000005,"w"
"PhonAlign",334.99439700000005,335.292719,"E"
"PhonAlign",335.292719,349.275,"#"
"PhonAlign",349.275,349.375,"w"
"PhonAlign",349.375,349.475,"E"
"PhonAlign",349.475,349.585,"s"
"PhonAlign",349.585,349.625,"t"
"PhonAlign",349.625,349.735,"e"
"PhonAlign",349.735,349.795,"p"
"PhonAlign",349.795,349.905,"A/"
"PhonAlign",349.905,349.935,"m"
"PhonAlign",349.935,349.965,"A/"
"PhonAlign",349.965,350.065,"l"
"PhonAlign",350.065,350.155,"s"
"PhonAlign",350.155,350.282813,"A/"
"PhonAlign",350.282813,360.44,"#"
"PhonAlign",360.44,360.51,"O~"
"PhonAlign",360.51,360.55,"n"
"PhonAlign",360.55,360.62,"t"
"PhonAlign",360.62,360.66,"A/"
"PhonAlign",360.66,360.69,"k"
"PhonAlign",360.69,360.76,"O~"
"PhonAlign",360.76,360.81,"b"
"PhonAlign",360.81,360.86,"j"
"PhonAlign",360.86,360.91,"U~/"
"PhonAlign",360.91,360.94,"l"
"PhonAlign",360.94,360.97,"A/"
"PhonAlign",360.97,361.23,"k"
"PhonAlign",361.23,361.26,"A/"
"PhonAlign",361.26,361.32,"t"
"PhonAlign",361.32,361.35,"d"
"PhonAlign",361.35,361.49,"y"
"PhonAlign",361.49,361.52,"k"
"PhonAlign",361.52,361.656563,"u"
"PhonAlign",361.656563,363.45,"#"
"PhonAlign",363.45,363.49,"s"
"PhonAlign",363.49,363.54,"U~/"
"PhonAlign",363.54,363.681562,"k"
"PhonAlign",363.681562,365.91,"#"
"PhonAlign",365.91,366.03,"w"
"PhonAlign",366.03,366.5,"E"
"PhonAlign",366.5,366.53,"w"
"PhonAlign",366.53,366.62,"E"
"PhonAlign",366.62,366.65,"b"
"PhonAlign",366.65,366.68,"b"
"PhonAlign",366.68,366.71,"i"
"PhonAlign",366.71,366.74,"i"
"PhonAlign",366.74,366.81,"t"
"PhonAlign",366.81,367.0100000000001,"t"
"PhonAlign",367.0100000000001,367.04,"U~/"
"PhonAlign",367.04,367.0700000000001,"Z"
"PhonAlign",367.0700000000001,367.19,"l"
"PhonAlign",367.19,367.24,"e"
"PhonAlign",367.24,367.27,"b"
"PhonAlign",367.27,367.3,"R"
"PhonAlign",367.3,367.5,"O~"
"PhonAlign",367.5,367.66,"z"
"PhonAlign",367.66,367.91,"e"
"PhonAlign",367.91,368.11,"#"
"PhonAlign",368.11,368.18,"w"
"PhonAlign",368.18,368.31,"E"
"PhonAlign",368.31,368.72,"#"
"PhonAlign",368.72,369.385313,"fp"
"PhonAlign",369.385313,373.965,"#"
"PhonAlign",373.965,374.055,"w"
"PhonAlign",374.055,374.185,"E"
"PhonAlign",374.185,374.215,"v"
"PhonAlign",374.215,374.245,"w"
"PhonAlign",374.245,374.415,"A/"
"PhonAlign",374.415,374.445,"l"
"PhonAlign",374.445,374.485,"A/"
"PhonAlign",374.485,374.525,"p"
"PhonAlign",374.525,374.585,"s"
"PhonAlign",374.585,374.665,"k"
"PhonAlign",374.665,374.715,"j"
"PhonAlign",374.715,374.745,"A/"
"PhonAlign",374.745,374.805,"O/"
"PhonAlign",374.805,375.015,"s"
"PhonAlign",375.015,375.085,"i"
"PhonAlign",375.085,375.125,"s"
"PhonAlign",375.125,375.225,"A/"
"PhonAlign",375.225,375.325,"s"
"PhonAlign",375.325,375.395,"e"
"PhonAlign",375.395,375.425,"v"
"PhonAlign",375.425,375.505,"j"
"PhonAlign",375.505,375.535,"E"
"PhonAlign",375.535,375.675,"j"
"PhonAlign",375.675,375.715,"k"
"PhonAlign",375.715,375.775,"O/"
"PhonAlign",375.775,375.845,"m"
"PhonAlign",375.845,376.055,"e"
"PhonAlign",376.055,376.115,"d"
"PhonAlign",376.115,376.175,"i"
"PhonAlign",376.175,376.365,"A/"
"PhonAlign",376.365,376.395,"p"
"PhonAlign",376.395,376.575,"R"
"PhonAlign",376.575,376.665,"e"
"PhonAlign",376.665,376.695,"j"
"PhonAlign",376.695,376.765,"A/"
"PhonAlign",376.765,376.805,"m"
"PhonAlign",376.805,376.955,"E"
"PhonAlign",376.955,376.985,"m"
"PhonAlign",376.985,377.015,"p"
"PhonAlign",377.015,377.165,"l"
"PhonAlign",377.165,377.385,"y"
"PhonAlign",377.385,377.415,"v"
"PhonAlign",377.415,377.485,"j"
"PhonAlign",377.485,377.705,"@"
"PhonAlign",377.705,377.745,"m"
"PhonAlign",377.745,377.955,"e"
"PhonAlign",377.955,377.985,"l"
"PhonAlign",377.985,378.085,"A/"
"PhonAlign",378.085,378.215,"s"
"PhonAlign",378.215,378.255,"u"
"PhonAlign",378.255,378.285,"p"
"PhonAlign",378.285,378.435,"O/"
"PhonAlign",378.435,378.585,"S"
"PhonAlign",378.585,378.685,"u"
"PhonAlign",378.685,378.715,"d"
"PhonAlign",378.715,378.785,"e"
"PhonAlign",378.785,378.845,"z"
"PhonAlign",378.845,378.875,"t"
"PhonAlign",378.875,378.905,"R"
"PhonAlign",378.905,378.935,"y"
"PhonAlign",378.935,378.965,"k"
"PhonAlign",378.965,378.995,"k"
"PhonAlign",378.995,379.055,"O/"
"PhonAlign",379.055,379.085,"m"
"PhonAlign",379.085,379.155,"s"
"PhonAlign",379.155,379.255,"A/"
"PhonAlign",379.255,379.375,"S"
"PhonAlign",379.375,379.415,"p"
"PhonAlign",379.415,379.455,"a~"
"PhonAlign",379.455,379.525,"s"
"PhonAlign",379.525,379.595,"k"
"PhonAlign",379.595,379.625,"j"
"PhonAlign",379.625,379.705,"A/"
"PhonAlign",379.705,379.735,"b"
"PhonAlign",379.735,379.885,"O/"
"PhonAlign",379.885,379.935,"k"
"PhonAlign",379.935,379.985,"u"
"PhonAlign",379.985,380.055,"d"
"PhonAlign",380.055,380.095,"Z"
"PhonAlign",380.095,380.245,"a~"
"PhonAlign",380.245,380.275,"O/"
"PhonAlign",380.275,380.425,"s"
"PhonAlign",380.425,380.555,"i"
"PhonAlign",380.555,380.675,"k"
"PhonAlign",380.675,381.045,"i"
"PhonAlign",381.045,381.305,"k"
"PhonAlign",381.305,381.475,"O~"
"PhonAlign",381.475,381.555,"v"
"PhonAlign",381.555,381.625,"y"
"PhonAlign",381.625,381.785,"s"
"PhonAlign",381.785,381.885,"A/"
"PhonAlign",381.885,381.915,"m"
"PhonAlign",381.915,381.945,"s"
"PhonAlign",381.945,381.975,"e"
"PhonAlign",381.975,382.055,"U~/"
"PhonAlign",382.055,382.565,"p"
"PhonAlign",382.565,382.825,"2"
"PhonAlign",382.825,382.855,"d"
"PhonAlign",382.855,382.945,"e"
"PhonAlign",382.945,382.975,"p"
"PhonAlign",382.975,383.105,"A/"
"PhonAlign",383.105,383.255,"s"
"PhonAlign",383.255,383.365,"e"
"PhonAlign",383.365,383.395,"m"
"PhonAlign",383.395,383.455,"e"
"PhonAlign",383.455,383.725,"z"
"PhonAlign",383.725,383.755,"u"
"PhonAlign",383.755,383.825,"i"
"PhonAlign",383.825,384.085,"l"
"PhonAlign",384.085,384.155,"e"
"PhonAlign",384.155,384.185,"p"
"PhonAlign",384.185,384.235,"E"
"PhonAlign",384.235,384.295,"R"
"PhonAlign",384.295,384.325,"n"
"PhonAlign",384.325,384.355,"O/"
"PhonAlign",384.355,384.385,"E"
"PhonAlign",384.385,384.415,"l"
"PhonAlign",384.415,384.455,"E"
"PhonAlign",384.455,384.485,"y"
"PhonAlign",384.485,384.515,"n"
"PhonAlign",384.515,384.545,"O/"
"PhonAlign",384.545,384.645,"R"
"PhonAlign",384.645,384.675,"d"
"PhonAlign",384.675,384.705,"y"
"PhonAlign",384.705,384.895,"R"
"PhonAlign",384.895,384.995,"s"
"PhonAlign",384.995,385.035,"e"
"PhonAlign",385.035,385.065,"y"
"PhonAlign",385.065,385.095,"n"
"PhonAlign",385.095,385.135,"b"
"PhonAlign",385.135,385.205,"O/"
"PhonAlign",385.205,385.295,"n"
"PhonAlign",385.295,385.325,"i"
"PhonAlign",385.325,385.385,"d"
"PhonAlign",385.385,385.545,"e"
"PhonAlign",385.545,386.185,"#"
"PhonAlign",386.185,386.285,"E"
"PhonAlign",386.285,386.315,"A/"
"PhonAlign",386.315,386.345,"p"
"PhonAlign",386.345,386.425,"R"
"PhonAlign",386.425,386.475,"e"
"PhonAlign",386.475,386.505,"i"
"PhonAlign",386.505,386.535,"l"
"PhonAlign",386.535,386.655,"a~"
"PhonAlign",386.655,386.685,"f"
"PhonAlign",386.685,386.755,"O/"
"PhonAlign",386.755,386.785,"d"
"PhonAlign",386.785,386.845,"R"
"PhonAlign",386.845,386.945,"e"
"PhonAlign",386.945,386.995,"y"
"PhonAlign",386.995,387.025,"n"
"PhonAlign",387.025,387.065,"p"
"PhonAlign",387.065,387.175,"l"
"PhonAlign",387.175,387.265,"y"
"PhonAlign",387.265,387.325,"R"
"PhonAlign",387.325,387.455,"E"
"PhonAlign",387.455,387.575,"s"
"PhonAlign",387.575,387.765,"a~"
"PhonAlign",387.765,387.795,"t"
"PhonAlign",387.795,387.825,"l"
"PhonAlign",387.825,387.885,"A/"
"PhonAlign",387.885,388.055,"S"
"PhonAlign",388.055,388.085,"s"
"PhonAlign",388.085,388.115,"p"
"PhonAlign",388.115,388.215,"A/"
"PhonAlign",388.215,388.295,"s"
"PhonAlign",388.295,388.385,"k"
"PhonAlign",388.385,388.435,"e"
"PhonAlign",388.435,388.545,"s"
"PhonAlign",388.545,388.635,"O/"
"PhonAlign",388.635,388.725,"R"
"PhonAlign",388.725,388.805,"t"
"PhonAlign",388.805,388.855,"i"
"PhonAlign",388.855,388.885,"R"
"PhonAlign",388.885,388.965,"E"
"PhonAlign",388.965,389.095,"s"
"PhonAlign",389.095,389.265,"A/"
"PhonAlign",389.265,389.305,"m"
"PhonAlign",389.305,389.555,"a~"
"PhonAlign",389.555,389.585,"fp"
"PhonAlign",389.585,389.615,"b"
"PhonAlign",389.615,390.055,"U~/"
"PhonAlign",390.055,390.185,"A/"
"PhonAlign",390.185,390.215,"v"
"PhonAlign",390.215,390.295,"E"
"PhonAlign",390.295,390.335,"k"
"PhonAlign",390.335,390.375,"l"
"PhonAlign",390.375,390.485,"@"
"PhonAlign",390.485,390.535,"k"
"PhonAlign",390.535,390.635,"O/"
"PhonAlign",390.635,390.665,"v"
"PhonAlign",390.665,390.775,"i"
"PhonAlign",390.775,390.825,"d"
"PhonAlign",390.825,390.885,"a~"
"PhonAlign",390.885,390.915,"m"
"PhonAlign",390.915,390.975,"E"
"PhonAlign",390.975,391.005,"m"
"PhonAlign",391.005,391.045,"@"
"PhonAlign",391.045,391.135,"t"
"PhonAlign",391.135,391.375,"a~"
"PhonAlign",391.375,391.425,"S"
"PhonAlign",391.425,391.455,"s"
"PhonAlign",391.455,391.485,"y"
"PhonAlign",391.485,391.515,"i"
"PhonAlign",391.515,391.565,"p"
"PhonAlign",391.565,391.605,"A/"
"PhonAlign",391.605,391.635,"A/"
"PhonAlign",391.635,391.665,"l"
"PhonAlign",391.665,391.735,"e"
"PhonAlign",391.735,391.765,"t"
"PhonAlign",391.765,391.865,"R"
"PhonAlign",391.865,391.905,"O/"
"PhonAlign",391.905,391.965,"O/"
"PhonAlign",391.965,392.135,"s"
"PhonAlign",392.135,392.455,"i"
"PhonAlign",392.455,392.495,"n"
"PhonAlign",392.495,392.535,"e"
"PhonAlign",392.535,392.69,"m"
"PhonAlign",392.69,393.682658,"#"
"PhonAlign",393.682658,394.080281,"laugh"
"PhonAlign",394.080281,395.45,"#"
"PhonAlign",395.45,396.33,"@"
"PhonAlign",396.33,396.41,"m"
"PhonAlign",396.41,401.430901,"#"
"PhonAlign",401.430901,401.820901,"w"
"PhonAlign",401.820901,402.292546,"E"
"PhonAlign",402.292546,404.78,"#"
"PhonAlign",404.78,404.82,"b"
"PhonAlign",404.82,404.88,"O/"
"PhonAlign",404.88,405.0,"s"
"PhonAlign",405.0,405.08,"t"
"PhonAlign",405.08,405.18,"E"
"PhonAlign",405.18,405.28,"k"
"PhonAlign",405.28,405.38,"t"
"PhonAlign",405.38,405.45,"e"
"PhonAlign",405.45,405.48,"d"
"PhonAlign",405.48,405.51,"R"
"PhonAlign",405.51,405.68,"O/"
"PhonAlign",405.68,405.72,"l"
"PhonAlign",405.72,405.85,"a~"
"PhonAlign",405.85,405.91,"p"
"PhonAlign",405.91,405.96,"l"
"PhonAlign",405.96,406.01,"y"
"PhonAlign",406.01,406.13,"s"
"PhonAlign",406.13,406.445,"U~/"
"PhonAlign",406.445,406.61,"#"
"PhonAlign",406.61,406.76,"l"
"PhonAlign",406.76,406.89,"d"
"PhonAlign",406.89,407.08,"2"
"PhonAlign",407.08,407.17,"Z"
"PhonAlign",407.17,407.2,"l"
"PhonAlign",407.2,407.27,"e"
"PhonAlign",407.27,407.3,"p"
"PhonAlign",407.3,407.52,"A/"
"PhonAlign",407.52,407.55,"v"
"PhonAlign",407.55,407.73,"y"
"PhonAlign",407.73,407.79,"m"
"PhonAlign",407.79,408.12,"e"
"PhonAlign",408.12,408.2,"z"
"PhonAlign",408.2,408.77,"#"
"PhonAlign",408.77,408.84,"a~"
"PhonAlign",408.84,408.91,"t"
"PhonAlign",408.91,408.96,"u"
"PhonAlign",408.96,408.99,"k"
"PhonAlign",408.99,409.1,"A/"
"PhonAlign",409.1,409.15,"l"
"PhonAlign",409.15,409.24,"U~/"
"PhonAlign",409.24,409.28,"t"
"PhonAlign",409.28,409.32,"e"
"PhonAlign",409.32,409.36,"d"
"PhonAlign",409.36,409.39,"R"
"PhonAlign",409.39,409.67,"O/"
"PhonAlign",409.67,409.73,"l"
"PhonAlign",409.73,410.06,"#"
"PhonAlign",410.06,410.19,"a~"
"PhonAlign",410.19,410.28,"Z"
"PhonAlign",410.28,410.31,"E"
"PhonAlign",410.31,410.34,"n"
"PhonAlign",410.34,410.37,"E"
"PhonAlign",410.37,410.53,"R"
"PhonAlign",410.53,410.6,"A/"
"PhonAlign",410.6,410.66,"l"
"PhonAlign",410.66,410.69,"Z"
"PhonAlign",410.69,410.78,"E"
"PhonAlign",410.78,410.81,"m"
"PhonAlign",410.81,410.84,"p"
"PhonAlign",410.84,410.89,"A/"
"PhonAlign",410.89,410.92,"k"
"PhonAlign",410.92,410.97,"a~"
"PhonAlign",410.97,411.02,"t"
"PhonAlign",411.02,411.13,"i"
"PhonAlign",411.13,411.17,"l"
"PhonAlign",411.17,411.3,"i"
"PhonAlign",411.3,411.33,"A/"
"PhonAlign",411.33,411.42,"S"
"PhonAlign",411.42,411.51,"E"
"PhonAlign",411.51,411.59,"m"
"PhonAlign",411.59,411.68,"p"
"PhonAlign",411.68,411.74,"A/"
"PhonAlign",411.74,411.79,"t"
"PhonAlign",411.79,411.85,"R"
"PhonAlign",411.85,411.89,"O/"
"PhonAlign",411.89,411.92,"k"
"PhonAlign",411.92,411.95,"a~"
"PhonAlign",411.95,411.98,"i"
"PhonAlign",411.98,412.11,"A/"
"PhonAlign",412.11,412.15,"d"
"PhonAlign",412.15,412.35,"e"
"PhonAlign",412.35,412.4,"n"
"PhonAlign",412.4,412.44,"y"
"PhonAlign",412.44,412.47,"m"
"PhonAlign",412.47,412.55,"e"
"PhonAlign",412.55,412.62,"R"
"PhonAlign",412.62,412.65,"O/"
"PhonAlign",412.65,412.68,"d"
"PhonAlign",412.68,412.86,"2"
"PhonAlign",412.86,412.94,"d"
"PhonAlign",412.94,412.97,"t"
"PhonAlign",412.97,413.02,"u"
"PhonAlign",413.02,413.1,"t"
"PhonAlign",413.1,413.14,"f"
"PhonAlign",413.14,413.22,"A/"
"PhonAlign",413.22,413.27,"s"
"PhonAlign",413.27,413.305,"O~"
"PhonAlign",413.305,416.812183,"#"
"PhonAlign",416.812183,416.902183,"A/"
"PhonAlign",416.902183,417.122183,"l"
"PhonAlign",417.122183,417.288838,"e"
"PhonAlign",417.288838,424.74,"#"
"PhonAlign",424.74,424.9,"n"
"PhonAlign",424.9,425.140313,"O/"
"PhonAlign",425.140313,427.535,"#"
"PhonAlign",427.535,427.5750000000001,"b"
"PhonAlign",427.5750000000001,427.675,"U~/"
"PhonAlign",427.675,427.75500000000005,"S"
"PhonAlign",427.75500000000005,427.795,"p"
"PhonAlign",427.795,427.855,"a~"
"PhonAlign",427.855,427.925,"s"
"PhonAlign",427.925,427.985,"k"
"PhonAlign",427.985,428.025,"@"
"PhonAlign",428.025,428.095,"l"
"PhonAlign",428.095,428.185,"U~/"
"PhonAlign",428.185,428.25500000000005,"k"
"PhonAlign",428.25500000000005,428.335,"O~"
"PhonAlign",428.335,428.435,"t"
"PhonAlign",428.435,428.515,"u"
"PhonAlign",428.515,428.545,"R"
"PhonAlign",428.545,428.5750000000001,"n"
"PhonAlign",428.5750000000001,428.665,"A/"
"PhonAlign",428.665,428.6950000000001,"b"
"PhonAlign",428.6950000000001,428.725,"l"
"PhonAlign",428.725,428.785,"s"
"PhonAlign",428.785,428.835,"e"
"PhonAlign",428.835,428.865,"k"
"PhonAlign",428.865,428.895,"a~"
"PhonAlign",428.895,428.925,"m"
"PhonAlign",428.925,429.035,"E"
"PhonAlign",429.035,429.085,"m"
"PhonAlign",429.085,429.155,"@"
"PhonAlign",429.155,429.225,"i"
"PhonAlign",429.225,429.3850000000001,"R"
"PhonAlign",429.3850000000001,429.415,"O~"
"PhonAlign",429.415,429.465,"m"
"PhonAlign",429.465,429.515,"a~"
"PhonAlign",429.515,429.565,"p"
"PhonAlign",429.565,429.725,"u"
"PhonAlign",429.725,429.764063,"R"
"PhonAlign",429.764063,431.015,"#"
"PhonAlign",431.015,431.055,"p"
"PhonAlign",431.055,431.105,"u"
"PhonAlign",431.105,431.145,"R"
"PhonAlign",431.145,431.185,"l"
"PhonAlign",431.185,431.335,"k"
"PhonAlign",431.335,431.468438,"u"
"PhonAlign",431.468438,434.43,"#"
"PhonAlign",434.43,434.49,"s"
"PhonAlign",434.49,434.56,"e"
"PhonAlign",434.56,434.59,"v"
"PhonAlign",434.59,434.65,"R"
"PhonAlign",434.65,434.87,"E"
"PhonAlign",434.87,435.195,"#"
"PhonAlign",435.195,435.365,"A/"
"PhonAlign",435.365,435.405,"b"
"PhonAlign",435.405,435.525,"U~/"
"PhonAlign",435.525,435.575,"d"
"PhonAlign",435.575,435.665,"e"
"PhonAlign",435.665,435.705,"m"
"PhonAlign",435.705,435.755,"A/"
"PhonAlign",435.755,435.945,"R"
"PhonAlign",435.945,435.975,"v"
"PhonAlign",435.975,436.095,"E"
"PhonAlign",436.095,436.125,"l"
"PhonAlign",436.125,436.165,"A/"
"PhonAlign",436.165,436.225,"m"
"PhonAlign",436.225,436.265,"w"
"PhonAlign",436.265,436.305,"A/"
"PhonAlign",436.305,436.395,"Z"
"PhonAlign",436.395,436.445,"l"
"PhonAlign",436.445,436.535,"e"
"PhonAlign",436.535,436.585,"f"
"PhonAlign",436.585,436.745,"e"
"PhonAlign",436.745,436.785,"d"
"PhonAlign",436.785,436.895,"a~"
"PhonAlign",436.895,436.925,"l"
"PhonAlign",436.925,436.955,"O/"
"PhonAlign",436.955,436.985,"b"
"PhonAlign",436.985,437.045,"U~/"
"PhonAlign",437.045,437.075,"l"
"PhonAlign",437.075,437.105,"O/"
"PhonAlign",437.105,437.355,"R"
"PhonAlign",437.355,437.385,"m"
"PhonAlign",437.385,437.415,"w"
"PhonAlign",437.415,437.465,"A/"
"PhonAlign",437.465,437.545,"Z"
"PhonAlign",437.545,437.625,"l"
"PhonAlign",437.625,437.735,"e"
"PhonAlign",437.735,437.795,"z"
"PhonAlign",437.795,437.825,"f"
"PhonAlign",437.825,437.895,"e"
"PhonAlign",437.895,437.925,"d"
"PhonAlign",437.925,438.035,"a~"
"PhonAlign",438.035,438.115,"l"
"PhonAlign",438.115,438.215,"O/"
"PhonAlign",438.215,438.245,"R"
"PhonAlign",438.245,438.275,"d"
"PhonAlign",438.275,438.325,"p"
"PhonAlign",438.325,438.405,"A/"
"PhonAlign",438.405,438.505,"s"
"PhonAlign",438.505,438.585,"k"
"PhonAlign",438.585,438.875,"@"
"PhonAlign",438.875,439.6,"#"
"PhonAlign",439.6,439.68,"m"
"PhonAlign",439.68,439.86,"O~"
"PhonAlign",439.86,439.9,"m"
"PhonAlign",439.9,439.93,"A/"
"PhonAlign",439.93,440.22,"R"
"PhonAlign",440.22,440.35,"i"
"PhonAlign",440.35,440.39,"t"
"PhonAlign",440.39,440.42,"f"
"PhonAlign",440.42,440.5100000000001,"A/"
"PhonAlign",440.5100000000001,440.5700000000001,"n"
"PhonAlign",440.5700000000001,440.62,"d"
"PhonAlign",440.62,440.7000000000001,"@"
"PhonAlign",440.7000000000001,440.73,"m"
"PhonAlign",440.73,440.79,"A/"
"PhonAlign",440.79,441.02,"R"
"PhonAlign",441.02,441.11,"v"
"PhonAlign",441.11,441.19,"e"
"PhonAlign",441.19,441.22,"l"
"PhonAlign",441.22,441.27,"d"
"PhonAlign",441.27,441.38,"O~"
"PhonAlign",441.38,441.49,"k"
"PhonAlign",441.49,441.829687,"fp"
"PhonAlign",441.829687,442.46,"#"
"PhonAlign",442.46,442.55,"i"
"PhonAlign",442.55,442.58,"m"
"PhonAlign",442.58,442.76,"f"
"PhonAlign",442.76,442.94,"e"
"PhonAlign",442.94,443.11,"U~/"
"PhonAlign",443.11,443.16,"g"
"PhonAlign",443.16,443.23,"y"
"PhonAlign",443.23,443.29,"R"
"PhonAlign",443.29,443.41,"Z"
"PhonAlign",443.41,443.51,"i"
"PhonAlign",443.51,443.54,"t"
"PhonAlign",443.54,443.68,"e"
"PhonAlign",443.68,443.75,"t"
"PhonAlign",443.75,443.81,"u"
"PhonAlign",443.81,443.84,"l"
"PhonAlign",443.84,443.92,"e"
"PhonAlign",443.92,443.96,"m"
"PhonAlign",443.96,444.0,"A/"
"PhonAlign",444.0,444.21,"R"
"PhonAlign",444.21,444.24,"v"
"PhonAlign",444.24,444.33,"e"
"PhonAlign",444.33,444.36,"l"
"PhonAlign",444.36,444.39,"l"
"PhonAlign",444.39,444.49,"e"
"PhonAlign",444.49,444.62,"U~/"
"PhonAlign",444.62,444.65,"d"
"PhonAlign",444.65,444.69,"E"
"PhonAlign",444.69,444.89,"R"
"PhonAlign",444.89,444.92,"j"
"PhonAlign",444.92,444.95,"E"
"PhonAlign",444.95,444.98,"R"
"PhonAlign",444.98,445.01,"l"
"PhonAlign",445.01,445.04,"E"
"PhonAlign",445.04,445.19,"O/"
"PhonAlign",445.19,445.23,"t"
"PhonAlign",445.23,445.32,"R"
"PhonAlign",445.32,445.937453,"#"
"PhonAlign",445.937453,445.977453,"fp"
"PhonAlign",445.977453,446.007453,"p"
"PhonAlign",446.007453,446.307453,"A/"
"PhonAlign",446.307453,446.447453,"s"
"PhonAlign",446.447453,446.497453,"@"
"PhonAlign",446.497453,446.557453,"Z"
"PhonAlign",446.557453,446.627453,"A/"
"PhonAlign",446.627453,446.657453,"v"
"PhonAlign",446.657453,446.727453,"E"
"PhonAlign",446.727453,446.777453,"Z"
"PhonAlign",446.777453,446.857453,"A/"
"PhonAlign",446.857453,446.977453,"m"
"PhonAlign",446.977453,447.017453,"E"
"PhonAlign",447.017453,447.047453,"v"
"PhonAlign",447.047453,447.137453,"y"
"PhonAlign",447.137453,447.167453,"U~/"
"PhonAlign",447.167453,447.247453,"m"
"PhonAlign",447.247453,447.417453,"A/"
"PhonAlign",447.417453,447.647453,"R"
"PhonAlign",447.647453,447.677453,"v"
"PhonAlign",447.677453,447.707453,"@"
"PhonAlign",447.707453,447.737453,"l"
"PhonAlign",447.737453,447.817453,"d"
"PhonAlign",447.817453,447.857453,"@"
"PhonAlign",447.857453,447.907453,"m"
"PhonAlign",447.907453,448.027453,"A/"
"PhonAlign",448.027453,448.067453,"v"
"PhonAlign",448.067453,448.177453,"i"
"PhonAlign",448.177453,448.397453,"s"
"PhonAlign",448.397453,448.427453,"v"
"PhonAlign",448.427453,448.647453,"i"
"PhonAlign",448.647453,448.717453,"t"
"PhonAlign",448.717453,448.767453,"f"
"PhonAlign",448.767453,448.897453,"e"
"PhonAlign",448.897453,448.947453,"k"
"PhonAlign",448.947453,448.977453,"O/"
"PhonAlign",448.977453,449.037453,"m"
"PhonAlign",449.037453,449.117453,"s"
"PhonAlign",449.117453,449.297453,"A/"
"PhonAlign",449.297453,449.327453,"O/"
"PhonAlign",449.327453,449.357453,"p"
"PhonAlign",449.357453,449.457453,"A/"
"PhonAlign",449.457453,449.547453,"s"
"PhonAlign",449.547453,449.707453,"A/"
"PhonAlign",449.707453,449.757453,"Z"
"PhonAlign",449.757453,449.857453,"@"
"PhonAlign",449.857453,449.887453,"d"
"PhonAlign",449.887453,450.007453,"O~"
"PhonAlign",450.007453,450.097453,"k"
"PhonAlign",450.097453,450.317453,"fp"
"PhonAlign",450.317453,450.347453,"d"
"PhonAlign",450.347453,450.397453,"y"
"PhonAlign",450.397453,450.517453,"k"
"PhonAlign",450.517453,450.547453,"u"
"PhonAlign",450.547453,450.697453,"O~"
"PhonAlign",450.697453,450.767453,"l"
"PhonAlign",450.767453,450.807453,"e"
"PhonAlign",450.807453,450.907453,"f"
"PhonAlign",450.907453,451.017453,"e"
"PhonAlign",451.017453,451.087453,"t"
"PhonAlign",451.087453,451.167453,"u"
"PhonAlign",451.167453,451.357453,"s"
"PhonAlign",451.357453,451.807453,"e"
"PhonAlign",451.807453,451.837453,"O~"
"PhonAlign",451.837453,452.137453,"l"
"PhonAlign",452.137453,452.207453,"e"
"PhonAlign",452.207453,452.267453,"f"
"PhonAlign",452.267453,452.327453,"e"
"PhonAlign",452.327453,452.367453,"d"
"PhonAlign",452.367453,452.497453,"a~"
"PhonAlign",452.497453,452.537453,"l"
"PhonAlign",452.537453,452.737453,"O/"
"PhonAlign",452.737453,452.767453,"R"
"PhonAlign",452.767453,452.797453,"d"
"PhonAlign",452.797453,452.947453,"R"
"PhonAlign",452.947453,452.977453,"l"
"PhonAlign",452.977453,453.02,"A/"
"PhonAlign",453.02,453.41,"#"
"PhonAlign",453.41,453.4500000000001,"d"
"PhonAlign",453.4500000000001,453.6,"O~"
"PhonAlign",453.6,453.68,"k"
"PhonAlign",453.68,454.085,"fp"
"PhonAlign",454.085,455.385,"#"
"PhonAlign",455.385,455.485,"d"
"PhonAlign",455.485,455.645,"O~"
"PhonAlign",455.645,455.675,"p"
"PhonAlign",455.675,455.835,"u"
"PhonAlign",455.835,455.965,"R"
"PhonAlign",455.965,455.995,"m"
"PhonAlign",455.995,456.035,"w"
"PhonAlign",456.035,456.065,"A/"
"PhonAlign",456.065,456.095,"p"
"PhonAlign",456.095,456.145,"u"
"PhonAlign",456.145,456.315,"R"
"PhonAlign",456.315,456.515,"t"
"PhonAlign",456.515,456.545,"u"
"PhonAlign",456.545,456.685,"s"
"PhonAlign",456.685,456.765,"2"
"PhonAlign",456.765,456.795,"k"
"PhonAlign",456.795,456.905,"S"
"PhonAlign",456.905,457.035,"e"
"PhonAlign",457.035,457.065,"v"
"PhonAlign",457.065,457.225,"y"
"PhonAlign",457.225,457.255,"p"
"PhonAlign",457.255,457.305,"u"
"PhonAlign",457.305,457.385,"R"
"PhonAlign",457.385,457.415,"l"
"PhonAlign",457.415,457.485,"U~/"
"PhonAlign",457.485,457.545,"s"
"PhonAlign",457.545,457.655,"t"
"PhonAlign",457.655,457.795,"a~"
"PhonAlign",457.795,457.875,"Z"
"PhonAlign",457.875,457.925,"e"
"PhonAlign",457.925,457.985,"t"
"PhonAlign",457.985,458.015,"R"
"PhonAlign",458.015,458.045,"u"
"PhonAlign",458.045,458.075,"v"
"PhonAlign",458.075,458.185,"e"
"PhonAlign",458.185,458.305,"k"
"PhonAlign",458.305,458.335,"i"
"PhonAlign",458.335,458.465,"R"
"PhonAlign",458.465,458.495,"O~"
"PhonAlign",458.495,458.525,"m"
"PhonAlign",458.525,458.615,"A/"
"PhonAlign",458.615,458.645,"n"
"PhonAlign",458.645,458.715,"s"
"PhonAlign",458.715,458.755,"t"
"PhonAlign",458.755,458.785,"e"
"PhonAlign",458.785,458.875,"l"
"PhonAlign",458.875,459.075,"e"
"PhonAlign",459.075,459.155,"m"
"PhonAlign",459.155,459.185,"j"
"PhonAlign",459.185,459.365,"@"
"PhonAlign",459.365,459.455,"m"
"PhonAlign",459.455,459.649688,"e"
"PhonAlign",459.649688,465.897598,"#"
"PhonAlign",465.897598,466.177598,"w"
"PhonAlign",466.177598,466.575915,"E"
"PhonAlign",466.575915,472.930313,"#"
"PhonAlign",472.930313,473.110313,"w"
"PhonAlign",473.110313,473.295,"E"
"PhonAlign",473.295,473.685,"#"
"PhonAlign",473.685,473.775,"e"
"PhonAlign",473.775,473.805,"g"
"PhonAlign",473.805,473.895,"z"
"PhonAlign",473.895,473.925,"A/"
"PhonAlign",473.925,474.015,"k"
"PhonAlign",474.015,474.065,"t"
"PhonAlign",474.065,474.115,"2"
"PhonAlign",474.115,474.155,"m"
"PhonAlign",474.155,474.215,"a~"
"PhonAlign",474.215,474.255,"w"
"PhonAlign",474.255,474.364688,"E"
"PhonAlign",474.364688,485.605,"#"
"PhonAlign",485.605,485.685,"Z"
"PhonAlign",485.685,485.875,"@"
"PhonAlign",485.875,485.945,"m"
"PhonAlign",485.945,485.975,"w"
"PhonAlign",485.975,486.115,"A/"
"PhonAlign",486.115,486.145,"Z"
"PhonAlign",486.145,486.185,"l"
"PhonAlign",486.185,486.235,"e"
"PhonAlign",486.235,486.285,"z"
"PhonAlign",486.285,486.385,"e"
"PhonAlign",486.385,486.415,"p"
"PhonAlign",486.415,486.615,"A/"
"PhonAlign",486.615,486.645,"v"
"PhonAlign",486.645,486.705,"y"
"PhonAlign",486.705,486.855,"Z"
"PhonAlign",486.855,487.235,"@"
"PhonAlign",487.235,487.345,"S"
"PhonAlign",487.345,487.375,"s"
"PhonAlign",487.375,487.405,"p"
"PhonAlign",487.405,487.493438,"A/"
"PhonAlign",487.493438,490.625,"#"
"PhonAlign",490.625,490.675,"w"
"PhonAlign",490.675,491.01,"E"
"PhonAlign",491.01,492.245,"#"
"PhonAlign",492.245,492.285,"b"
"PhonAlign",492.285,492.415,"U~/"
"PhonAlign",492.415,492.445,"d"
"PhonAlign",492.445,492.615,"E"
"PhonAlign",492.615,492.645,"p"
"PhonAlign",492.645,492.765,"u"
"PhonAlign",492.765,492.795,"l"
"PhonAlign",492.795,492.875,"Z"
"PhonAlign",492.875,492.915,"@"
"PhonAlign",492.915,493.005,"s"
"PhonAlign",493.005,493.095,"e"
"PhonAlign",493.095,493.125,"k"
"PhonAlign",493.125,493.245,"s"
"PhonAlign",493.245,493.465,"e"
"PhonAlign",493.465,493.525,"s"
"PhonAlign",493.525,493.655,"A/"
"PhonAlign",493.655,493.685,"v"
"PhonAlign",493.685,493.785,"E"
"PhonAlign",493.785,493.825,"b"
"PhonAlign",493.825,493.885,"j"
"PhonAlign",493.885,493.945,"U~/"
"PhonAlign",493.945,493.975,"m"
"PhonAlign",493.975,494.055,"A/"
"PhonAlign",494.055,494.335,"R"
"PhonAlign",494.335,494.365,"S"
"PhonAlign",494.365,494.495,"e"
"PhonAlign",494.495,495.378253,"#"
"PhonAlign",495.378253,495.418253,"E"
"PhonAlign",495.418253,495.478253,"k"
"PhonAlign",495.478253,495.548253,"t"
"PhonAlign",495.548253,495.968253,"u"
"PhonAlign",495.968253,496.328253,"l"
"PhonAlign",496.328253,496.418253,"m"
"PhonAlign",496.418253,496.528253,"O~"
"PhonAlign",496.528253,496.558253,"d"
"PhonAlign",496.558253,496.618253,"m"
"PhonAlign",496.618253,496.808253,"A/"
"PhonAlign",496.808253,496.838253,"k"
"PhonAlign",496.838253,496.898253,"O~"
"PhonAlign",496.898253,496.988253,"s"
"PhonAlign",496.988253,497.028253,"E"
"PhonAlign",497.028253,497.058253,"j"
"PhonAlign",497.058253,497.128253,"e"
"PhonAlign",497.128253,497.158253,"d"
"PhonAlign",497.158253,497.218253,"l"
"PhonAlign",497.218253,497.318253,"R"
"PhonAlign",497.318253,497.348253,"2"
"PhonAlign",497.348253,497.378253,"g"
"PhonAlign",497.378253,497.438253,"A/"
"PhonAlign",497.438253,497.628253,"R"
"PhonAlign",497.628253,497.658253,"d"
"PhonAlign",497.658253,497.788253,"e"
"PhonAlign",497.788253,497.888253,"A/"
"PhonAlign",497.888253,497.918253,"p"
"PhonAlign",497.918253,498.008253,"R"
"PhonAlign",498.008253,498.258253,"E"
"PhonAlign",498.258253,498.288253,"fp"
"PhonAlign",498.288253,498.338253,"w"
"PhonAlign",498.338253,498.438253,"E"
"PhonAlign",498.438253,498.768253,"s"
"PhonAlign",498.768253,498.798253,"e"
"PhonAlign",498.798253,498.858253,"k"
"PhonAlign",498.858253,498.888253,"w"
"PhonAlign",498.888253,499.008253,"A/"
"PhonAlign",499.008253,499.038253,"d"
"PhonAlign",499.038253,499.258253,"@"
"PhonAlign",499.258253,499.338253,"S"
"PhonAlign",499.338253,499.368253,"k"
"PhonAlign",499.368253,499.418253,"R"
"PhonAlign",499.418253,499.458253,"w"
"PhonAlign",499.458253,499.498253,"A/"
"PhonAlign",499.498253,499.528253,"k"
"PhonAlign",499.528253,499.568253,"m"
"PhonAlign",499.568253,499.668253,"O~"
"PhonAlign",499.668253,499.758253,"f"
"PhonAlign",499.758253,499.838253,"i"
"PhonAlign",499.838253,499.988253,"s"
"PhonAlign",499.988253,500.018253,"l"
"PhonAlign",500.018253,500.098253,"A/"
"PhonAlign",500.098253,500.128253,"v"
"PhonAlign",500.128253,500.288253,"y"
"PhonAlign",500.288253,500.338253,"m"
"PhonAlign",500.338253,500.548253,"e"
"PhonAlign",500.548253,500.698253,"Z"
"PhonAlign",500.698253,500.808253,"s"
"PhonAlign",500.808253,500.858253,"p"
"PhonAlign",500.858253,500.943393,"A/"
"PhonAlign",500.943393,505.6,"#"
"PhonAlign",505.6,505.68,"w"
"PhonAlign",505.68,505.8,"E"
"PhonAlign",505.8,505.92,"l"
"PhonAlign",505.92,506.04,"y"
"PhonAlign",506.04,506.1,"i"
"PhonAlign",506.1,506.16,"i"
"PhonAlign",506.16,506.19,"k"
"PhonAlign",506.19,506.24,"O/"
"PhonAlign",506.24,506.27,"n"
"PhonAlign",506.27,506.3,"E"
"PhonAlign",506.3,506.33,"s"
"PhonAlign",506.33,506.36,"e"
"PhonAlign",506.36,506.39,"s"
"PhonAlign",506.39,506.42,"y"
"PhonAlign",506.42,506.494688,"R"
"PhonAlign",506.494688,521.695,"#"
"PhonAlign",521.695,521.7650000000001,"p"
"PhonAlign",521.7650000000001,521.945,"A/"
"PhonAlign",521.945,521.985,"t"
"PhonAlign",521.985,522.0250000000001,"a~"
"PhonAlign",522.0250000000001,522.095,"d"
"PhonAlign",522.095,522.1450000000001,"@"
"PhonAlign",522.1450000000001,522.235,"s"
"PhonAlign",522.235,522.4150000000001,"y"
"PhonAlign",522.4150000000001,522.445,"p"
"PhonAlign",522.445,522.505,"E"
"PhonAlign",522.505,522.5550000000001,"R"
"PhonAlign",522.5550000000001,522.585,"j"
"PhonAlign",522.585,522.6850000000001,"E"
"PhonAlign",522.6850000000001,522.715,"R"
"PhonAlign",522.715,523.015313,"O/"
"PhonAlign",523.015313,524.48,"#"
"PhonAlign",524.48,524.53,"b"
"PhonAlign",524.53,524.5600000000001,"U~/"
"PhonAlign",524.5600000000001,524.59,"l"
"PhonAlign",524.59,524.62,"A/"
"PhonAlign",524.62,524.65,"A/"
"PhonAlign",524.65,524.7,"p"
"PhonAlign",524.7,524.88,"R"
"PhonAlign",524.88,524.91,"E"
"PhonAlign",524.91,524.94,"O~"
"PhonAlign",524.94,525.01,"A/"
"PhonAlign",525.01,525.07,"m"
"PhonAlign",525.07,525.15,"i"
"PhonAlign",525.15,525.23,"k"
"PhonAlign",525.23,525.3100000000001,"@"
"PhonAlign",525.3100000000001,525.36,"d"
"PhonAlign",525.36,525.45,"e"
"PhonAlign",525.45,525.48,"m"
"PhonAlign",525.48,525.52,"A/"
"PhonAlign",525.52,525.74,"R"
"PhonAlign",525.74,525.82,"v"
"PhonAlign",525.82,525.85,"@"
"PhonAlign",525.85,525.9300000000001,"l"
"PhonAlign",525.9300000000001,526.08,"O~"
"PhonAlign",526.08,526.11,"p"
"PhonAlign",526.11,526.14,"@"
"PhonAlign",526.14,526.1700000000001,"p"
"PhonAlign",526.1700000000001,526.27,"2"
"PhonAlign",526.27,526.38,"t"
"PhonAlign",526.38,526.46,"E"
"PhonAlign",526.46,526.49,"t"
"PhonAlign",526.49,526.66,"R"
"PhonAlign",526.66,526.69,"m"
"PhonAlign",526.69,526.73,"E"
"PhonAlign",526.73,526.82,"t"
"PhonAlign",526.82,526.9200000000001,"R"
"PhonAlign",526.9200000000001,526.95,"U~/"
"PhonAlign",526.95,527.09,"O/"
"PhonAlign",527.09,527.14,"t"
"PhonAlign",527.14,527.22,"s"
"PhonAlign",527.22,527.3100000000001,"y"
"PhonAlign",527.3100000000001,527.35,"p"
"PhonAlign",527.35,527.4,"e"
"PhonAlign",527.4,527.44,"j"
"PhonAlign",527.44,527.5,"E"
"PhonAlign",527.5,527.62,"R"
"PhonAlign",527.62,528.0600000000001,"O/"
"PhonAlign",528.0600000000001,528.449063,"fp"
"PhonAlign",528.449063,531.825,"#"
"PhonAlign",531.825,531.9250000000001,"w"
"PhonAlign",531.9250000000001,532.0250000000001,"E"
"PhonAlign",532.0250000000001,532.065,"p"
"PhonAlign",532.065,532.095,"A/"
"PhonAlign",532.095,532.1850000000001,"R"
"PhonAlign",532.1850000000001,532.2750000000001,"E"
"PhonAlign",532.2750000000001,532.3050000000001,"g"
"PhonAlign",532.3050000000001,532.385,"z"
"PhonAlign",532.385,532.485,"a~"
"PhonAlign",532.485,532.5150000000001,"p"
"PhonAlign",532.5150000000001,532.595,"l"
"PhonAlign",532.595,532.705,"p"
"PhonAlign",532.705,532.735,"A/"
"PhonAlign",532.735,532.7950000000001,"R"
"PhonAlign",532.7950000000001,532.825,"E"
"PhonAlign",532.825,532.855,"g"
"PhonAlign",532.855,532.885,"z"
"PhonAlign",532.885,532.9150000000001,"a~"
"PhonAlign",532.9150000000001,532.955,"p"
"PhonAlign",532.955,533.065,"l"
"PhonAlign",533.065,533.095,"a~"
"PhonAlign",533.095,533.1450000000001,"f"
"PhonAlign",533.1450000000001,533.1750000000001,"U~/"
"PhonAlign",533.1750000000001,533.205,"s"
"PhonAlign",533.205,533.235,"e"
"PhonAlign",533.235,533.2650000000001,"p"
"PhonAlign",533.2650000000001,533.2950000000001,"A/"
"PhonAlign",533.2950000000001,533.325,"w"
"PhonAlign",533.325,533.49,"E"
"PhonAlign",533.49,533.825,"#"
"PhonAlign",533.825,533.875,"S"
"PhonAlign",533.875,533.9250000000001,"s"
"PhonAlign",533.9250000000001,533.985,"e"
"PhonAlign",533.985,534.0150000000001,"p"
"PhonAlign",534.0150000000001,534.075,"A/"
"PhonAlign",534.075,534.245,"U~/"
"PhonAlign",534.245,534.3050000000001,"n"
"PhonAlign",534.3050000000001,534.345,"t"
"PhonAlign",534.345,534.3950000000001,"R"
"PhonAlign",534.3950000000001,534.475,"y"
"PhonAlign",534.475,534.5450000000001,"k"
"PhonAlign",534.5450000000001,534.605,"k"
"PhonAlign",534.605,534.6750000000001,"s"
"PhonAlign",534.6750000000001,534.9050000000001,"O/"
"PhonAlign",534.9050000000001,534.945,"R"
"PhonAlign",534.945,535.075,"t"
"PhonAlign",535.075,535.355,"U~/"
"PhonAlign",535.355,535.3950000000001,"p"
"PhonAlign",535.3950000000001,535.505,"2"
"PhonAlign",535.505,535.5350000000001,"d"
"PhonAlign",535.5350000000001,535.615,"y"
"PhonAlign",535.615,535.6450000000001,"m"
"PhonAlign",535.6450000000001,535.715,"A/"
"PhonAlign",535.715,535.9050000000001,"R"
"PhonAlign",535.9050000000001,535.9350000000001,"v"
"PhonAlign",535.9350000000001,536.0150000000001,"e"
"PhonAlign",536.0150000000001,536.0450000000001,"l"
"PhonAlign",536.0450000000001,536.075,"p"
"PhonAlign",536.075,536.105,"u"
"PhonAlign",536.105,536.1450000000001,"R"
"PhonAlign",536.1450000000001,536.18,"s"
"PhonAlign",536.18,536.415,"#"
"PhonAlign",536.415,536.4549999999999,"t"
"PhonAlign",536.4549999999999,536.485,"v"
"PhonAlign",536.485,536.515,"w"
"PhonAlign",536.515,536.605,"A/"
"PhonAlign",536.605,536.655,"l"
"PhonAlign",536.655,536.7049999999999,"A/"
"PhonAlign",536.7049999999999,536.735,"O~"
"PhonAlign",536.735,536.775,"A/"
"PhonAlign",536.775,536.805,"m"
"PhonAlign",536.805,537.165,"i"
"PhonAlign",537.165,537.2149999999999,"d"
"PhonAlign",537.2149999999999,537.245,"y"
"PhonAlign",537.245,537.285,"k"
"PhonAlign",537.285,537.3449999999999,"u"
"PhonAlign",537.3449999999999,537.415,"l"
"PhonAlign",537.415,537.4749999999999,"e"
"PhonAlign",537.4749999999999,537.505,"m"
"PhonAlign",537.505,537.625,"A/"
"PhonAlign",537.625,537.855,"R"
"PhonAlign",537.855,537.885,"v"
"PhonAlign",537.885,537.9449999999999,"E"
"PhonAlign",537.9449999999999,537.9749999999999,"l"
"PhonAlign",537.9749999999999,538.005,"O~"
"PhonAlign",538.005,538.035,"A/"
"PhonAlign",538.035,538.0849999999999,"m"
"PhonAlign",538.0849999999999,538.3349999999999,"i"
"PhonAlign",538.3349999999999,538.365,"l"
"PhonAlign",538.365,538.4749999999999,"y"
"PhonAlign",538.4749999999999,538.5849999999999,"m"
"PhonAlign",538.5849999999999,538.685,"u"
"PhonAlign",538.685,538.8349999999999,"R"
"PhonAlign",538.8349999999999,538.865,"n"
"PhonAlign",538.865,538.925,"w"
"PhonAlign",538.925,538.9549999999999,"A/"
"PhonAlign",538.9549999999999,539.385,"R"
"PhonAlign",539.385,539.415,"k"
"PhonAlign",539.415,539.4449999999999,"E"
"PhonAlign",539.4449999999999,539.495,"U~/"
"PhonAlign",539.495,539.525,"p"
"PhonAlign",539.525,539.5949999999999,"2"
"PhonAlign",539.5949999999999,539.735,"R"
"PhonAlign",539.735,539.8249999999999,"2"
"PhonAlign",539.8249999999999,539.895,"l"
"PhonAlign",539.895,539.9549999999999,"j"
"PhonAlign",539.9549999999999,539.985,"e"
"PhonAlign",539.985,540.015,"O/"
"PhonAlign",540.015,540.185,"s"
"PhonAlign",540.185,540.405,"i"
"PhonAlign",540.405,540.84,"#"
"PhonAlign",540.84,540.98,"e"
"PhonAlign",540.98,541.12,"a~"
"PhonAlign",541.12,541.1600000000001,"t"
"PhonAlign",541.1600000000001,541.24,"R"
"PhonAlign",541.24,541.3100000000001,"u"
"PhonAlign",541.3100000000001,541.34,"v"
"PhonAlign",541.34,541.46,"e"
"PhonAlign",541.46,541.6700000000001,"R"
"PhonAlign",541.6700000000001,541.7900000000001,"U~/"
"PhonAlign",541.7900000000001,541.82,"fp"
"PhonAlign",541.82,541.86,"w"
"PhonAlign",541.86,541.94,"E"
"PhonAlign",541.94,542.2,"U~/"
"PhonAlign",542.2,542.24,"p"
"PhonAlign",542.24,542.809687,"2"
"PhonAlign",542.809687,544.91,"#"
"PhonAlign",544.91,544.9499999999999,"k"
"PhonAlign",544.9499999999999,545.03,"s"
"PhonAlign",545.03,545.16,"O/"
"PhonAlign",545.16,545.1899999999999,"R"
"PhonAlign",545.1899999999999,545.29,"U~/"
"PhonAlign",545.29,545.35,"p"
"PhonAlign",545.35,545.41,"2"
"PhonAlign",545.41,545.4599999999999,"d"
"PhonAlign",545.4599999999999,545.56,"s"
"PhonAlign",545.56,545.745938,"A/"
"PhonAlign",545.745938,551.175,"#"
"PhonAlign",551.175,551.285,"w"
"PhonAlign",551.285,551.3549999999999,"E"
"PhonAlign",551.3549999999999,551.4549999999999,"s"
"PhonAlign",551.4549999999999,551.4849999999999,"e"
"PhonAlign",551.4849999999999,551.515,"U~/"
"PhonAlign",551.515,551.635,"s"
"PhonAlign",551.635,551.6949999999999,"y"
"PhonAlign",551.6949999999999,551.775,"p"
"PhonAlign",551.775,551.805,"e"
"PhonAlign",551.805,551.8349999999999,"e"
"PhonAlign",551.8349999999999,551.885,"R"
"PhonAlign",551.885,552.074063,"O/"
"PhonAlign",552.074063,575.114049,"#"
"PhonAlign",575.114049,575.572371,"m"
"PhonAlign",575.572371,608.426175,"#"
"PhonAlign",608.426175,608.6061749999999,"w"
"PhonAlign",608.6061749999999,608.921163,"E"
"PhonAlign",608.921163,612.697735,"#"
"PhonAlign",612.697735,612.897735,"u"
"PhonAlign",612.897735,613.119391,"i"
"PhonAlign",613.119391,633.375,"#"
"PhonAlign",633.375,633.705,"d"
"PhonAlign",633.705,633.885,"a~"
"PhonAlign",633.885,633.945,"t"
"PhonAlign",633.945,634.055,"u"
"PhonAlign",634.055,634.085,"l"
"PhonAlign",634.085,634.465,"@"
"PhonAlign",634.465,634.875,"d"
"PhonAlign",634.875,634.955,"a~"
"PhonAlign",634.955,634.985,"l"
"PhonAlign",634.985,635.075,"@"
"PhonAlign",635.075,635.125,"d"
"PhonAlign",635.125,635.215,"E"
"PhonAlign",635.215,635.245,"s"
"PhonAlign",635.245,635.285,"k"
"PhonAlign",635.285,635.315,"R"
"PhonAlign",635.315,635.545,"i"
"PhonAlign",635.545,635.575,"p"
"PhonAlign",635.575,635.705,"t"
"PhonAlign",635.705,635.895,"i"
"PhonAlign",635.895,635.955,"f"
"PhonAlign",635.955,636.805,"fp"
"PhonAlign",636.805,638.625,"#"
"PhonAlign",638.625,638.665,"d"
"PhonAlign",638.665,638.715,"a~"
"PhonAlign",638.715,638.745,"l"
"PhonAlign",638.745,638.785,"@"
"PhonAlign",638.785,638.815,"d"
"PhonAlign",638.815,638.865,"E"
"PhonAlign",638.865,638.925,"s"
"PhonAlign",638.925,638.965,"k"
"PhonAlign",638.965,638.995,"R"
"PhonAlign",638.995,639.075,"i"
"PhonAlign",639.075,639.105,"p"
"PhonAlign",639.105,639.145,"t"
"PhonAlign",639.145,639.235,"i"
"PhonAlign",639.235,639.265,"f"
"PhonAlign",639.265,639.315,"t"
"PhonAlign",639.315,639.405,"A/"
"PhonAlign",639.405,639.445,"p"
"PhonAlign",639.445,639.565,"A/"
"PhonAlign",639.565,639.605,"d"
"PhonAlign",639.605,639.635,"O/"
"PhonAlign",639.635,639.665,"t"
"PhonAlign",639.665,639.765,"R"
"PhonAlign",639.765,639.805,"@"
"PhonAlign",639.805,639.875,"k"
"PhonAlign",639.875,639.935,"E"
"PhonAlign",639.935,640.025,"s"
"PhonAlign",640.025,640.145,"j"
"PhonAlign",640.145,640.255,"O~"
"PhonAlign",640.255,640.285,"k"
"PhonAlign",640.285,640.445,"i"
"PhonAlign",640.445,640.475,"p"
"PhonAlign",640.475,640.625,"9"
"PhonAlign",640.625,640.655,"v"
"PhonAlign",640.655,640.825,"@"
"PhonAlign",640.825,640.855,"t"
"PhonAlign",640.855,641.185,"n"
"PhonAlign",641.185,641.215,"u"
"PhonAlign",641.215,641.315,"z"
"PhonAlign",641.315,641.575,"a~"
"PhonAlign",641.575,641.625,"a~"
"PhonAlign",641.625,641.685,"f"
"PhonAlign",641.685,642.445,"U~/"
"PhonAlign",642.445,642.645,"#"
"PhonAlign",642.645,642.685,"d"
"PhonAlign",642.685,642.785,"O/"
"PhonAlign",642.785,642.855,"n"
"PhonAlign",642.855,643.0649999999999,"e"
"PhonAlign",643.0649999999999,643.095,"d"
"PhonAlign",643.095,643.1949999999999,"e"
"PhonAlign",643.1949999999999,643.355,"z"
"PhonAlign",643.355,643.4449999999999,"i"
"PhonAlign",643.4449999999999,643.495,"d"
"PhonAlign",643.495,643.645,"e"
"PhonAlign",643.645,643.785,"a~"
"PhonAlign",643.785,643.8149999999999,"t"
"PhonAlign",643.8149999999999,643.925,"a~"
"PhonAlign",643.925,643.975,"k"
"PhonAlign",643.975,644.005,"m"
"PhonAlign",644.005,644.0749999999999,"O/"
"PhonAlign",644.0749999999999,644.155,"d"
"PhonAlign",644.155,644.2049999999999,"E"
"PhonAlign",644.2049999999999,644.385,"R"
"PhonAlign",644.385,644.435,"A/"
"PhonAlign",644.435,644.495,"t"
"PhonAlign",644.495,644.5749999999999,"9"
"PhonAlign",644.5749999999999,644.855,"R"
"PhonAlign",644.855,644.905,"t"
"PhonAlign",644.905,644.935,"A/"
"PhonAlign",644.935,644.965,"p"
"PhonAlign",644.965,645.005,"A/"
"PhonAlign",645.005,645.085,"l"
"PhonAlign",645.085,645.235,"@"
"PhonAlign",645.235,645.265,"t"
"PhonAlign",645.265,645.345,"A/"
"PhonAlign",645.345,645.375,"p"
"PhonAlign",645.375,645.405,"A/"
"PhonAlign",645.405,645.615,"l"
"PhonAlign",645.615,645.6949999999999,"e"
"PhonAlign",645.6949999999999,646.045,"l"
"PhonAlign",646.045,646.2049999999999,"@"
"PhonAlign",646.2049999999999,646.285,"d"
"PhonAlign",646.285,646.3149999999999,"E"
"PhonAlign",646.3149999999999,646.355,"s"
"PhonAlign",646.355,646.395,"k"
"PhonAlign",646.395,646.4449999999999,"R"
"PhonAlign",646.4449999999999,646.5649999999999,"i"
"PhonAlign",646.5649999999999,646.605,"p"
"PhonAlign",646.605,646.675,"t"
"PhonAlign",646.675,646.785,"i"
"PhonAlign",646.785,646.82,"f"
"PhonAlign",646.82,670.105,"#"
"PhonAlign",670.105,670.215,"b"
"PhonAlign",670.215,670.395,"U~/"
"PhonAlign",670.395,670.4350000000001,"U~/"
"PhonAlign",670.4350000000001,670.515,"n"
"PhonAlign",670.515,670.575,"t"
"PhonAlign",670.575,670.695,"E"
"PhonAlign",670.695,670.755,"m"
"PhonAlign",670.755,671.065,"@"
"PhonAlign",671.065,671.27,"fp"
"PhonAlign",671.27,671.69,"#"
"PhonAlign",671.69,671.98,"a~"
"PhonAlign",671.98,672.09,"f"
"PhonAlign",672.09,672.1700000000001,"U~/"
"PhonAlign",672.1700000000001,672.2,"w"
"PhonAlign",672.2,672.3800000000001,"E"
"PhonAlign",672.3800000000001,672.47,"s"
"PhonAlign",672.47,672.5,"p"
"PhonAlign",672.5,672.5400000000001,"@"
"PhonAlign",672.5400000000001,672.59,"E"
"PhonAlign",672.59,672.62,"t"
"PhonAlign",672.62,672.7,"s"
"PhonAlign",672.7,672.75,"A/"
"PhonAlign",672.75,672.7800000000001,"p"
"PhonAlign",672.7800000000001,672.8100000000001,"@"
"PhonAlign",672.8100000000001,672.9200000000001,"E"
"PhonAlign",672.9200000000001,672.96,"t"
"PhonAlign",672.96,673.0200000000001,"f"
"PhonAlign",673.0200000000001,673.11,"A/"
"PhonAlign",673.11,673.1500000000001,"m"
"PhonAlign",673.1500000000001,673.34,"i"
"PhonAlign",673.34,673.37,"l"
"PhonAlign",673.37,673.4300000000001,"A/"
"PhonAlign",673.4300000000001,673.46,"l"
"PhonAlign",673.46,673.49,"p"
"PhonAlign",673.49,673.57,"A/"
"PhonAlign",673.57,673.72,"s"
"PhonAlign",673.72,673.7800000000001,"k"
"PhonAlign",673.7800000000001,674.385,"@"
"PhonAlign",674.385,674.52,"#"
"PhonAlign",674.52,674.56,"d"
"PhonAlign",674.56,674.59,"y"
"PhonAlign",674.59,674.62,"k"
"PhonAlign",674.62,674.65,"u"
"PhonAlign",674.65,674.71,"O/"
"PhonAlign",674.71,674.89,"s"
"PhonAlign",674.89,674.96,"i"
"PhonAlign",674.96,675.0,"b"
"PhonAlign",675.0,675.09,"j"
"PhonAlign",675.09,675.43,"U~/"
"PhonAlign",675.43,675.55,"l"
"PhonAlign",675.55,675.78,"e"
"PhonAlign",675.78,675.88,"z"
"PhonAlign",675.88,675.92,"s"
"PhonAlign",675.92,675.98,"y"
"PhonAlign",675.98,676.04,"p"
"PhonAlign",676.04,676.1,"e"
"PhonAlign",676.1,676.13,"j"
"PhonAlign",676.13,676.3199999999999,"E"
"PhonAlign",676.3199999999999,676.39,"R"
"PhonAlign",676.39,676.54,"O/"
"PhonAlign",676.54,676.61,"k"
"PhonAlign",676.61,676.73,"l"
"PhonAlign",676.73,676.8299999999999,"e"
"PhonAlign",676.8299999999999,676.89,"k"
"PhonAlign",676.89,677.05,"O/"
"PhonAlign",677.05,677.11,"m"
"PhonAlign",677.11,677.25,"E"
"PhonAlign",677.25,677.34,"d"
"PhonAlign",677.34,677.48,"i"
"PhonAlign",677.48,677.5799999999999,"z"
"PhonAlign",677.5799999999999,677.65,"s"
"PhonAlign",677.65,677.71,"e"
"PhonAlign",677.71,677.74,"v"
"PhonAlign",677.74,678.14,"i"
"PhonAlign",678.14,678.3299999999999,"z"
"PhonAlign",678.3299999999999,678.36,"i"
"PhonAlign",678.36,678.41,"b"
"PhonAlign",678.41,678.4399999999999,"l"
"PhonAlign",678.4399999999999,678.56,"@"
"PhonAlign",678.56,678.6,"p"
"PhonAlign",678.6,678.66,"A/"
"PhonAlign",678.66,678.91,"R"
"PhonAlign",678.91,678.96,"t"
"PhonAlign",678.96,679.0799999999999,"u"
"PhonAlign",679.0799999999999,679.1899999999999,"s"
"PhonAlign",679.1899999999999,679.43,"A/"
"PhonAlign",679.43,679.46,"t"
"PhonAlign",679.46,679.49,"u"
"PhonAlign",679.49,679.61,"t"
"PhonAlign",679.61,679.88,"A/"
"PhonAlign",679.88,680.03,"Z"
"PhonAlign",680.03,680.47,"@"
"PhonAlign",680.47,681.315,"#"
"PhonAlign",681.315,681.4250000000001,"d"
"PhonAlign",681.4250000000001,681.5250000000001,"@"
"PhonAlign",681.5250000000001,681.585,"l"
"PhonAlign",681.585,681.725,"a~"
"PhonAlign",681.725,681.9050000000001,"f"
"PhonAlign",681.9050000000001,681.945,"a~"
"PhonAlign",681.945,682.195,"O/"
"PhonAlign",682.195,682.225,"g"
"PhonAlign",682.225,682.2850000000001,"R"
"PhonAlign",682.2850000000001,682.3950000000001,"a~"
"PhonAlign",682.3950000000001,682.445,"p"
"PhonAlign",682.445,682.485,"A/"
"PhonAlign",682.485,682.6750000000001,"R"
"PhonAlign",682.6750000000001,682.7650000000001,"a~"
"PhonAlign",682.7650000000001,682.7950000000001,"d"
"PhonAlign",682.7950000000001,682.965,"O~"
"PhonAlign",682.965,683.045,"k"
"PhonAlign",683.045,683.145,"#"
"PhonAlign",683.145,683.496563,"fp"
"PhonAlign",683.496563,684.275,"#"
"PhonAlign",684.275,684.3149999999999,"s"
"PhonAlign",684.3149999999999,684.345,"A/"
"PhonAlign",684.345,684.385,"p"
"PhonAlign",684.385,684.485,"@"
"PhonAlign",684.485,684.515,"p"
"PhonAlign",684.515,684.545,"2"
"PhonAlign",684.545,684.595,"t"
"PhonAlign",684.595,684.685,"E"
"PhonAlign",684.685,684.715,"t"
"PhonAlign",684.715,684.745,"R"
"PhonAlign",684.745,684.8349999999999,"E"
"PhonAlign",684.8349999999999,684.965,"t"
"PhonAlign",684.965,685.235,"R"
"PhonAlign",685.235,685.265,"U~/"
"PhonAlign",685.265,685.295,"t"
"PhonAlign",685.295,685.3349999999999,"E"
"PhonAlign",685.3349999999999,685.415,"m"
"PhonAlign",685.415,685.795,"@"
"PhonAlign",685.795,686.105,"U~/"
"PhonAlign",686.105,686.135,"p"
"PhonAlign",686.135,686.185,"2"
"PhonAlign",686.185,686.295,"l"
"PhonAlign",686.295,686.375,"E"
"PhonAlign",686.375,686.535,"Z"
"PhonAlign",686.535,686.645,"e"
"PhonAlign",686.645,686.745,"S"
"PhonAlign",686.745,686.775,"s"
"PhonAlign",686.775,686.8249999999999,"p"
"PhonAlign",686.8249999999999,687.055,"A/"
"PhonAlign",687.055,687.225,"k"
"PhonAlign",687.225,687.355,"O/"
"PhonAlign",687.355,687.415,"m"
"PhonAlign",687.415,687.515,"a~"
"PhonAlign",687.515,687.545,"O~"
"PhonAlign",687.545,687.5849999999999,"p"
"PhonAlign",687.5849999999999,687.655,"u"
"PhonAlign",687.655,687.6949999999999,"R"
"PhonAlign",687.6949999999999,687.775,"E"
"PhonAlign",687.775,687.805,"l"
"PhonAlign",687.805,687.9549999999999,"A/"
"PhonAlign",687.9549999999999,687.985,"p"
"PhonAlign",687.985,688.015,"l"
"PhonAlign",688.015,688.305,"e"
"PhonAlign",688.305,688.345,"m"
"PhonAlign",688.345,688.4549999999999,"E"
"PhonAlign",688.4549999999999,688.645,"z"
"PhonAlign",688.645,688.694063,"fp"
"PhonAlign",688.694063,692.205,"#"
"PhonAlign",692.205,692.265,"w"
"PhonAlign",692.265,692.325,"E"
"PhonAlign",692.325,692.735,"fp"
"PhonAlign",692.735,692.845,"w"
"PhonAlign",692.845,693.0350000000001,"E"
"PhonAlign",693.0350000000001,693.1650000000001,"Z"
"PhonAlign",693.1650000000001,693.495,"@"
"PhonAlign",693.495,694.03,"#"
"PhonAlign",694.03,694.0699999999999,"U~/"
"PhonAlign",694.0699999999999,694.1,"t"
"PhonAlign",694.1,694.13,"R"
"PhonAlign",694.13,694.16,"y"
"PhonAlign",694.16,694.24,"k"
"PhonAlign",694.24,694.27,"d"
"PhonAlign",694.27,694.3,"a~"
"PhonAlign",694.3,694.3299999999999,"l"
"PhonAlign",694.3299999999999,694.4499999999999,"Z"
"PhonAlign",694.4499999999999,694.51,"a~"
"PhonAlign",694.51,694.56,"R"
"PhonAlign",694.56,694.6,"w"
"PhonAlign",694.6,694.765,"E"
"PhonAlign",694.765,694.995,"#"
"PhonAlign",694.995,695.045,"k"
"PhonAlign",695.045,695.105,"O/"
"PhonAlign",695.105,695.215,"m"
"PhonAlign",695.215,695.255,"m"
"PhonAlign",695.255,695.335,"w"
"PhonAlign",695.335,695.375,"A/"
"PhonAlign",695.375,695.555,"S"
"PhonAlign",695.555,695.605,"f"
"PhonAlign",695.605,695.795,"e"
"PhonAlign",695.795,695.915,"fp"
"PhonAlign",695.915,696.035,"l"
"PhonAlign",696.035,696.105,"e"
"PhonAlign",696.105,696.245,"z"
"PhonAlign",696.245,696.275,"s"
"PhonAlign",696.275,696.315,"i"
"PhonAlign",696.315,696.345,"n"
"PhonAlign",696.345,696.425,"E"
"PhonAlign",696.425,696.475,"m"
"PhonAlign",696.475,696.505,"A/"
"PhonAlign",696.505,696.695,"a~"
"PhonAlign",696.695,696.745,"p"
"PhonAlign",696.745,696.785,"l"
"PhonAlign",696.785,696.855,"E"
"PhonAlign",696.855,696.9350000000001,"n"
"PhonAlign",696.9350000000001,696.965,"E"
"PhonAlign",696.965,697.095,"R"
"PhonAlign",697.095,697.135,"l"
"PhonAlign",697.135,697.215,"A/"
"PhonAlign",697.215,697.375,"S"
"PhonAlign",697.375,697.425,"s"
"PhonAlign",697.425,697.455,"p"
"PhonAlign",697.455,697.485,"l"
"PhonAlign",697.485,697.515,"y"
"PhonAlign",697.515,697.565,"k"
"PhonAlign",697.565,697.615,"O/"
"PhonAlign",697.615,697.655,"m"
"PhonAlign",697.655,697.6850000000001,"a~"
"PhonAlign",697.6850000000001,697.715,"i"
"PhonAlign",697.715,697.755,"s"
"PhonAlign",697.755,697.845,"A/"
"PhonAlign",697.845,697.875,"p"
"PhonAlign",697.875,697.905,"E"
"PhonAlign",697.905,697.995,"l"
"PhonAlign",697.995,717.27,"#"
"PhonAlign",717.27,717.3299999999999,"w"
"PhonAlign",717.3299999999999,717.52,"E"
"PhonAlign",717.52,717.72,"Z"
"PhonAlign",717.72,717.76,"p"
"PhonAlign",717.76,717.86,"a~"
"PhonAlign",717.86,717.96,"s"
"PhonAlign",717.96,718.01,"O/"
"PhonAlign",718.01,718.1999999999999,"s"
"PhonAlign",718.1999999999999,718.25,"i"
"PhonAlign",718.25,718.3,"w"
"PhonAlign",718.3,718.46,"E"
"PhonAlign",718.46,719.06,"#"
"PhonAlign",719.06,719.1999999999999,"A/"
"PhonAlign",719.1999999999999,719.26,"l"
"PhonAlign",719.26,719.3199999999999,"t"
"PhonAlign",719.3199999999999,719.39,"E"
"PhonAlign",719.39,719.5,"R"
"PhonAlign",719.5,719.5699999999999,"n"
"PhonAlign",719.5699999999999,719.7099999999999,"e"
"PhonAlign",719.7099999999999,719.7399999999999,"p"
"PhonAlign",719.7399999999999,719.8199999999999,"u"
"PhonAlign",719.8199999999999,719.89,"R"
"PhonAlign",719.89,719.92,"p"
"PhonAlign",719.92,720.0799999999999,"A/"
"PhonAlign",720.0799999999999,720.1199999999999,"k"
"PhonAlign",720.1199999999999,720.15,"l"
"PhonAlign",720.15,720.27,"e"
"PhonAlign",720.27,720.3399999999999,"Z"
"PhonAlign",720.3399999999999,720.4799999999999,"a~"
"PhonAlign",720.4799999999999,720.6199999999999,"s"
"PhonAlign",720.6199999999999,720.6899999999999,"w"
"PhonAlign",720.6899999999999,720.75,"A/"
"PhonAlign",720.75,720.9699999999999,"s"
"PhonAlign",720.9699999999999,721.0899999999999,"u"
"PhonAlign",721.0899999999999,721.16,"l"
"PhonAlign",721.16,721.3499999999999,"e"
"PhonAlign",721.3499999999999,721.38,"d"
"PhonAlign",721.38,721.41,"d"
"PhonAlign",721.41,721.93,"@"
"PhonAlign",721.93,721.9599999999999,"y"
"PhonAlign",721.9599999999999,722.25,"n"
"PhonAlign",722.25,722.31,"k"
"PhonAlign",722.31,722.38,"O/"
"PhonAlign",722.38,722.41,"m"
"PhonAlign",722.41,722.53,"e"
"PhonAlign",722.53,722.56,"d"
"PhonAlign",722.56,722.5999999999999,"i"
"PhonAlign",722.5999999999999,722.63,"p"
"PhonAlign",722.63,722.7199999999999,"s"
"PhonAlign",722.7199999999999,722.78,"k"
"PhonAlign",722.78,722.81,"y"
"PhonAlign",722.81,722.8399999999999,"n"
"PhonAlign",722.8399999999999,722.9499999999999,"k"
"PhonAlign",722.9499999999999,722.9799999999999,"O/"
"PhonAlign",722.9799999999999,723.01,"m"
"PhonAlign",723.01,723.1199999999999,"E"
"PhonAlign",723.1199999999999,723.15,"d"
"PhonAlign",723.15,723.2199999999999,"i"
"PhonAlign",723.2199999999999,723.3199999999999,"s"
"PhonAlign",723.3199999999999,723.3699999999999,"e"
"PhonAlign",723.3699999999999,723.4499999999999,"Z"
"PhonAlign",723.4499999999999,723.5899999999999,"a~"
"PhonAlign",723.5899999999999,723.7199999999999,"t"
"PhonAlign",723.7199999999999,723.75,"i"
"PhonAlign",723.75,723.8199999999999,"A/"
"PhonAlign",723.8199999999999,723.8699999999999,"R"
"PhonAlign",723.8699999999999,723.9,"2"
"PhonAlign",723.9,723.9499999999999,"g"
"PhonAlign",723.9499999999999,724.03,"A/"
"PhonAlign",724.03,724.18,"R"
"PhonAlign",724.18,724.2099999999999,"d"
"PhonAlign",724.2099999999999,724.31,"e"
"PhonAlign",724.31,724.3399999999999,"m"
"PhonAlign",724.3399999999999,724.63,"e"
"PhonAlign",724.63,724.77,"t"
"PhonAlign",724.77,724.8199999999999,"R"
"PhonAlign",724.8199999999999,724.9699999999999,"O/"
"PhonAlign",724.9699999999999,725.0,"d"
"PhonAlign",725.0,725.0699999999999,"k"
"PhonAlign",725.0699999999999,725.13,"O/"
"PhonAlign",725.13,725.16,"m"
"PhonAlign",725.16,725.3199999999999,"e"
"PhonAlign",725.3199999999999,725.41,"d"
"PhonAlign",725.41,725.53,"i"
"PhonAlign",725.53,725.65,"t"
"PhonAlign",725.65,725.7299999999999,"y"
"PhonAlign",725.7299999999999,725.77,"l"
"PhonAlign",725.77,725.8599999999999,"A/"
"PhonAlign",725.8599999999999,725.92,"k"
"PhonAlign",725.92,725.9699999999999,"O/"
"PhonAlign",725.9699999999999,726.0,"m"
"PhonAlign",726.0,726.15,"e"
"PhonAlign",726.15,726.1999999999999,"d"
"PhonAlign",726.1999999999999,726.385,"i"
"PhonAlign",726.385,726.48,"#"
"PhonAlign",726.48,726.93,"noise"
"PhonAlign",726.93,727.195,"#"
"PhonAlign",727.195,727.535,"e"
"PhonAlign",727.535,729.03,"#"
"PhonAlign",729.03,729.13,"w"
"PhonAlign",729.13,729.22,"E"
"PhonAlign",729.22,729.3,"s"
"PhonAlign",729.3,729.38,"e"
"PhonAlign",729.38,729.4399999999999,"k"
"PhonAlign",729.4399999999999,729.49,"l"
"PhonAlign",729.49,729.54,"E"
"PhonAlign",729.54,729.775,"R"
"PhonAlign",729.775,729.89,"#"
"PhonAlign",729.89,730.175,"noise"
"PhonAlign",730.175,730.435,"#"
"PhonAlign",730.435,731.0849999999999,"e"
"PhonAlign",731.0849999999999,731.2449999999999,"A/"
"PhonAlign",731.2449999999999,731.275,"p"
"PhonAlign",731.275,731.3249999999999,"R"
"PhonAlign",731.3249999999999,731.415,"E"
"PhonAlign",731.415,731.4549999999999,"f"
"PhonAlign",731.4549999999999,731.515,"O/"
"PhonAlign",731.515,731.545,"s"
"PhonAlign",731.545,731.625,"@"
"PhonAlign",731.625,731.655,"d"
"PhonAlign",731.655,731.7149999999999,"i"
"PhonAlign",731.7149999999999,731.8149999999999,"R"
"PhonAlign",731.8149999999999,731.8449999999999,"k"
"PhonAlign",731.8449999999999,731.9649999999999,"O~"
"PhonAlign",731.9649999999999,731.9949999999999,"l"
"PhonAlign",731.9949999999999,732.025,"f"
"PhonAlign",732.025,732.0849999999999,"e"
"PhonAlign",732.0849999999999,732.165,"s"
"PhonAlign",732.165,732.1949999999999,"y"
"PhonAlign",732.1949999999999,732.2349999999999,"R"
"PhonAlign",732.2349999999999,732.275,"p"
"PhonAlign",732.275,732.3449999999999,"l"
"PhonAlign",732.3449999999999,732.435,"y"
"PhonAlign",732.435,732.4649999999999,"z"
"PhonAlign",732.4649999999999,732.4949999999999,"j"
"PhonAlign",732.4949999999999,732.6049999999999,"9"
"PhonAlign",732.6049999999999,732.635,"R"
"PhonAlign",732.635,732.7049999999999,"Z"
"PhonAlign",732.7049999999999,732.8149999999999,"u"
"PhonAlign",732.8149999999999,732.8449999999999,"R"
"PhonAlign",732.8449999999999,732.875,"p"
"PhonAlign",732.875,732.905,"2"
"PhonAlign",732.905,732.935,"t"
"PhonAlign",732.935,733.005,"E"
"PhonAlign",733.005,733.035,"t"
"PhonAlign",733.035,733.07,"R"
"PhonAlign",733.07,733.235,"#"
"PhonAlign",733.235,733.275,"w"
"PhonAlign",733.275,733.375,"E"
"PhonAlign",733.375,733.405,"i"
"PhonAlign",733.405,733.525,"s"
"PhonAlign",733.525,733.565,"t"
"PhonAlign",733.565,733.605,"w"
"PhonAlign",733.605,733.635,"A/"
"PhonAlign",733.635,733.735,"R"
"PhonAlign",733.735,733.815,"k"
"PhonAlign",733.815,734.025,"@"
"PhonAlign",734.025,734.085,"Z"
"PhonAlign",734.085,734.115,"s"
"PhonAlign",734.115,734.155,"p"
"PhonAlign",734.155,734.565,"A/"
"PhonAlign",734.565,734.98,"#"
"PhonAlign",734.98,735.205,"noise"
"PhonAlign",735.205,735.44,"#"
"PhonAlign",735.44,735.48,"k"
"PhonAlign",735.48,735.7900000000001,"@"
"PhonAlign",735.7900000000001,735.9300000000001,"s"
"PhonAlign",735.9300000000001,735.96,"@"
"PhonAlign",735.96,736.0400000000001,"s"
"PhonAlign",736.0400000000001,736.1300000000001,"w"
"PhonAlign",736.1300000000001,736.1800000000001,"A/"
"PhonAlign",736.1800000000001,736.22,"U~/"
"PhonAlign",736.22,736.25,"p"
"PhonAlign",736.25,736.405,"2"
"PhonAlign",736.405,736.565,"#"
"PhonAlign",736.565,736.872188,"noise"
"PhonAlign",736.872188,740.435,"#"
"PhonAlign",740.435,740.535,"w"
"PhonAlign",740.535,740.655,"E"
"PhonAlign",740.655,740.755,"s"
"PhonAlign",740.755,740.8149999999999,"e"
"PhonAlign",740.8149999999999,740.8649999999999,"p"
"PhonAlign",740.8649999999999,740.915,"R"
"PhonAlign",740.915,740.9849999999999,"e"
"PhonAlign",740.9849999999999,741.1149999999999,"s"
"PhonAlign",741.1149999999999,741.175,"i"
"PhonAlign",741.175,741.2449999999999,"z"
"PhonAlign",741.2449999999999,741.3449999999999,"e"
"PhonAlign",741.3449999999999,741.425,"s"
"PhonAlign",741.425,741.525,"A/"
"PhonAlign",741.525,741.655,"s"
"PhonAlign",741.655,741.765,"i"
"PhonAlign",741.765,741.795,"s"
"PhonAlign",741.795,741.8649999999999,"e"
"PhonAlign",741.8649999999999,741.9749999999999,"s"
"PhonAlign",741.9749999999999,742.005,"y"
"PhonAlign",742.005,742.0949999999999,"R"
"PhonAlign",742.0949999999999,742.125,"p"
"PhonAlign",742.125,742.155,"l"
"PhonAlign",742.155,742.185,"y"
"PhonAlign",742.185,742.2149999999999,"z"
"PhonAlign",742.2149999999999,742.275,"j"
"PhonAlign",742.275,742.385,"9"
"PhonAlign",742.385,742.4549999999999,"R"
"PhonAlign",742.4549999999999,742.4849999999999,"Z"
"PhonAlign",742.4849999999999,742.535,"u"
"PhonAlign",742.535,742.5649999999999,"R"
"PhonAlign",742.5649999999999,742.7249999999999,"u"
"PhonAlign",742.7249999999999,742.785,"p"
"PhonAlign",742.785,743.03,"A/"
"PhonAlign",743.03,757.345,"#"
"PhonAlign",757.345,757.395,"u"
"PhonAlign",757.395,757.605,"i"
"PhonAlign",757.605,757.635,"l"
"PhonAlign",757.635,757.705,"E"
"PhonAlign",757.705,757.735,"s"
"PhonAlign",757.735,757.765,"k"
"PhonAlign",757.765,757.7950000000001,"O/"
"PhonAlign",757.7950000000001,757.825,"m"
"PhonAlign",757.825,757.9350000000001,"@"
"PhonAlign",757.9350000000001,758.015,"s"
"PhonAlign",758.015,758.215,"A/"
"PhonAlign",758.215,758.245,"O~"
"PhonAlign",758.245,758.2850000000001,"v"
"PhonAlign",758.2850000000001,758.385,"E"
"PhonAlign",758.385,758.505,"R"
"PhonAlign",758.505,758.5350000000001,"A/"
"PhonAlign",758.5350000000001,758.615,"O/"
"PhonAlign",758.615,758.645,"p"
"PhonAlign",758.645,758.735,"i"
"PhonAlign",758.735,758.835,"R"
"PhonAlign",758.835,758.905,"s"
"PhonAlign",758.905,758.975,"i"
"PhonAlign",758.975,759.075,"f"
"PhonAlign",759.075,759.125,"O/"
"PhonAlign",759.125,759.195,"m"
"PhonAlign",759.195,759.255,"O/"
"PhonAlign",759.255,759.395,"d"
"PhonAlign",759.395,759.485,"i"
"PhonAlign",759.485,759.515,"f"
"PhonAlign",759.515,759.5550000000001,"j"
"PhonAlign",759.5550000000001,759.585,"e"
"PhonAlign",759.585,759.655,"R"
"PhonAlign",759.655,759.6850000000001,"A/"
"PhonAlign",759.6850000000001,759.715,"p"
"PhonAlign",759.715,759.815,"R"
"PhonAlign",759.815,759.865,"E"
"PhonAlign",759.865,759.895,"t"
"PhonAlign",759.895,759.9250000000001,"t"
"PhonAlign",759.9250000000001,759.955,"u"
"PhonAlign",759.955,760.005,"t"
"PhonAlign",760.005,760.0350000000001,"f"
"PhonAlign",760.0350000000001,760.065,"A/"
"PhonAlign",760.065,760.155,"s"
"PhonAlign",760.155,760.1850000000001,"O~"
"PhonAlign",760.1850000000001,760.3050000000001,"i"
"PhonAlign",760.3050000000001,760.385,"O/"
"PhonAlign",760.385,760.455,"R"
"PhonAlign",760.455,760.485,"A/"
"PhonAlign",760.485,760.515,"y"
"PhonAlign",760.515,760.585,"n"
"PhonAlign",760.585,760.775,"O/"
"PhonAlign",760.775,760.825,"t"
"PhonAlign",760.825,760.905,"R"
"PhonAlign",760.905,760.9350000000001,"p"
"PhonAlign",760.9350000000001,760.965,"A/"
"PhonAlign",760.965,761.085,"R"
"PhonAlign",761.085,761.135,"t"
"PhonAlign",761.135,761.2850000000001,"i"
"PhonAlign",761.2850000000001,761.4350000000001,"A/"
"PhonAlign",761.4350000000001,761.465,"p"
"PhonAlign",761.465,761.525,"R"
"PhonAlign",761.525,761.765,"E"
"PhonAlign",761.765,761.855,"d"
"PhonAlign",761.855,761.885,"O~"
"PhonAlign",761.885,761.9250000000001,"k"
"PhonAlign",761.9250000000001,762.205,"fp"
"PhonAlign",762.205,783.66,"#"
"PhonAlign",783.66,783.75,"w"
"PhonAlign",783.75,784.02,"E"
"PhonAlign",784.02,784.0799999999999,"Z"
"PhonAlign",784.0799999999999,784.2199999999999,"a~"
"PhonAlign",784.2199999999999,784.25,"R"
"PhonAlign",784.25,784.28,"l"
"PhonAlign",784.28,784.3299999999999,"@"
"PhonAlign",784.3299999999999,784.38,"d"
"PhonAlign",784.38,784.64,"E"
"PhonAlign",784.64,784.68,"p"
"PhonAlign",784.68,784.8199999999999,"u"
"PhonAlign",784.8199999999999,784.85,"l"
"PhonAlign",784.85,784.98,"s"
"PhonAlign",784.98,785.1,"e"
"PhonAlign",785.1,785.14,"p"
"PhonAlign",785.14,785.29,"A/"
"PhonAlign",785.29,785.3399999999999,"U~/"
"PhonAlign",785.3399999999999,785.37,"p"
"PhonAlign",785.37,785.51,"2"
"PhonAlign",785.51,785.85,"s"
"PhonAlign",785.85,785.92,"@"
"PhonAlign",785.92,786.05,"s"
"PhonAlign",786.05,786.14,"t"
"PhonAlign",786.14,786.25,"i"
"PhonAlign",786.25,786.28,"l"
"PhonAlign",786.28,786.3299999999999,"l"
"PhonAlign",786.3299999999999,786.51,"A/"
"PhonAlign",786.51,788.34,"#"
"PhonAlign",788.34,788.4100000000001,"w"
"PhonAlign",788.4100000000001,788.545,"E"
"PhonAlign",788.545,788.815,"#"
"PhonAlign",788.815,788.855,"p"
"PhonAlign",788.855,788.8850000000001,"s"
"PhonAlign",788.8850000000001,788.965,"k"
"PhonAlign",788.965,789.115,"s"
"PhonAlign",789.115,789.2950000000001,"e"
"PhonAlign",789.2950000000001,789.4350000000001,"A/"
"PhonAlign",789.4350000000001,789.5550000000001,"s"
"PhonAlign",789.5550000000001,789.6350000000001,"e"
"PhonAlign",789.6350000000001,789.705,"d"
"PhonAlign",789.705,789.7850000000001,"R"
"PhonAlign",789.7850000000001,789.985,"O/"
"PhonAlign",789.985,790.085,"l"
"PhonAlign",790.085,790.115,"s"
"PhonAlign",790.115,790.1450000000001,"e"
"PhonAlign",790.1450000000001,790.1750000000001,"U~/"
"PhonAlign",790.1750000000001,790.205,"p"
"PhonAlign",790.205,790.485,"2"
"PhonAlign",790.485,790.615,"s"
"PhonAlign",790.615,790.9150000000001,"A/"
"PhonAlign",790.9150000000001,791.085,"t"
"PhonAlign",791.085,791.115,"i"
"PhonAlign",791.115,791.2750000000001,"R"
"PhonAlign",791.2750000000001,791.605,"i"
"PhonAlign",791.605,791.6650000000001,"k"
"PhonAlign",791.6650000000001,791.715,"s"
"PhonAlign",791.715,791.7550000000001,"e"
"PhonAlign",791.7550000000001,791.9050000000001,"U~/"
"PhonAlign",791.9050000000001,791.965,"p"
"PhonAlign",791.965,792.0150000000001,"2"
"PhonAlign",792.0150000000001,792.1650000000001,"y"
"PhonAlign",792.1650000000001,792.245,"m"
"PhonAlign",792.245,792.3050000000001,"u"
"PhonAlign",792.3050000000001,792.4050000000001,"R"
"PhonAlign",792.4050000000001,792.4350000000001,"n"
"PhonAlign",792.4350000000001,792.565,"w"
"PhonAlign",792.565,792.595,"A/"
"PhonAlign",792.595,792.7750000000001,"R"
"PhonAlign",792.7750000000001,792.815,"E"
"PhonAlign",792.815,792.9050000000001,"a~"
"PhonAlign",792.9050000000001,792.9350000000001,"m"
"PhonAlign",792.9350000000001,793.075,"E"
"PhonAlign",793.075,793.105,"m"
"PhonAlign",793.105,793.1750000000001,"t"
"PhonAlign",793.1750000000001,793.2650000000001,"a~"
"PhonAlign",793.2650000000001,793.355,"z"
"PhonAlign",793.355,793.4350000000001,"s"
"PhonAlign",793.4350000000001,793.5250000000001,"e"
"PhonAlign",793.5250000000001,793.615,"s"
"PhonAlign",793.615,793.715,"a~"
"PhonAlign",793.715,793.845,"s"
"PhonAlign",793.845,794.095,"e"
"PhonAlign",794.095,794.125,"p"
"PhonAlign",794.125,794.205,"A/"
"PhonAlign",794.205,794.2950000000001,"R"
"PhonAlign",794.2950000000001,794.325,"l"
"PhonAlign",794.325,794.375,"e"
"PhonAlign",794.375,794.4050000000001,"d"
"PhonAlign",794.4050000000001,794.475,"e"
"PhonAlign",794.475,794.575,"s"
"PhonAlign",794.575,794.605,"y"
"PhonAlign",794.605,794.6550000000001,"p"
"PhonAlign",794.6550000000001,794.695,"e"
"PhonAlign",794.695,794.725,"j"
"PhonAlign",794.725,794.8950000000001,"E"
"PhonAlign",794.8950000000001,794.9250000000001,"R"
"PhonAlign",794.9250000000001,795.125,"O/"
"PhonAlign",795.125,801.135,"#"
"PhonAlign",801.135,801.175,"Z"
"PhonAlign",801.175,801.275,"@"
"PhonAlign",801.275,801.3149999999999,"p"
"PhonAlign",801.3149999999999,801.4449999999999,"a~"
"PhonAlign",801.4449999999999,801.615,"s"
"PhonAlign",801.615,801.655,"w"
"PhonAlign",801.655,801.735,"E"
"PhonAlign",801.735,816.264382,"#"
"PhonAlign",816.264382,816.494382,"w"
"PhonAlign",816.494382,816.906033,"E"
"PhonAlign",816.906033,840.965,"#"
"PhonAlign",840.965,841.195,"w"
"PhonAlign",841.195,841.365,"E"
"PhonAlign",841.365,841.4250000000001,"t"
"PhonAlign",841.4250000000001,841.485,"y"
"PhonAlign",841.485,841.515,"p"
"PhonAlign",841.515,841.585,"@"
"PhonAlign",841.585,841.6750000000001,"l"
"PhonAlign",841.6750000000001,841.735,"e"
"PhonAlign",841.735,841.855,"s"
"PhonAlign",841.855,841.995,"e"
"PhonAlign",841.995,842.095,"s"
"PhonAlign",842.095,842.135,"e"
"PhonAlign",842.135,842.215,"A/"
"PhonAlign",842.215,842.275,"k"
"PhonAlign",842.275,842.355,"s"
"PhonAlign",842.355,842.395,"E"
"PhonAlign",842.395,842.5350000000001,"s"
"PhonAlign",842.5350000000001,842.635,"i"
"PhonAlign",842.635,842.6850000000001,"b"
"PhonAlign",842.6850000000001,842.715,"l"
"PhonAlign",842.715,842.845,"@"
"PhonAlign",842.845,842.875,"k"
"PhonAlign",842.875,842.945,"O/"
"PhonAlign",842.945,843.005,"m"
"PhonAlign",843.005,843.095,"s"
"PhonAlign",843.095,843.275,"A/"
"PhonAlign",843.275,843.315,"p"
"PhonAlign",843.315,843.345,"u"
"PhonAlign",843.345,843.445,"R"
"PhonAlign",843.445,843.505,"t"
"PhonAlign",843.505,843.615,"u"
"PhonAlign",843.615,843.705,"z"
"PhonAlign",843.705,843.765,"e"
"PhonAlign",843.765,843.845,"s"
"PhonAlign",843.845,844.025,"A/"
"PhonAlign",844.025,844.0550000000001,"m"
"PhonAlign",844.0550000000001,844.1650000000001,"e"
"PhonAlign",844.1650000000001,844.475,"U~/"
"PhonAlign",844.475,844.525,"p"
"PhonAlign",844.525,844.695,"2"
"PhonAlign",844.695,845.22,"a~"
"PhonAlign",845.22,846.06,"#"
"PhonAlign",846.06,846.15,"s"
"PhonAlign",846.15,846.18,"m"
"PhonAlign",846.18,846.26,"e"
"PhonAlign",846.26,846.31,"d"
"PhonAlign",846.31,846.4,"a~"
"PhonAlign",846.4,846.4499999999999,"l"
"PhonAlign",846.4499999999999,846.55,"b"
"PhonAlign",846.55,846.7199999999999,"U~/"
"PhonAlign",846.7199999999999,846.78,"k"
"PhonAlign",846.78,846.8299999999999,"w"
"PhonAlign",846.8299999999999,846.914063,"A/"
"PhonAlign",846.914063,872.616125,"#"
"PhonAlign",872.616125,872.656125,"O/"
"PhonAlign",872.656125,872.956125,"R"
"PhonAlign",872.956125,873.066125,"9"
"PhonAlign",873.066125,873.331107,"R"
"PhonAlign",873.331107,899.55,"#"
"PhonAlign",899.55,899.63,"w"
"PhonAlign",899.63,899.88,"i"
"PhonAlign",899.88,899.9599999999999,"s"
"PhonAlign",899.9599999999999,900.01,"e"
"PhonAlign",900.01,900.13,"s"
"PhonAlign",900.13,900.2199999999999,"y"
"PhonAlign",900.2199999999999,900.29,"R"
"PhonAlign",900.29,924.17,"#"
"PhonAlign",924.17,924.21,"t"
"PhonAlign",924.21,924.24,"e"
"PhonAlign",924.24,924.27,"d"
"PhonAlign",924.27,924.39,"a~"
"PhonAlign",924.39,924.42,"t"
"PhonAlign",924.42,924.52,"A/"
"PhonAlign",924.52,924.55,"v"
"PhonAlign",924.55,924.58,"w"
"PhonAlign",924.58,924.64,"A/"
"PhonAlign",924.64,924.86,"t"
"PhonAlign",924.86,925.01,"y"
"PhonAlign",925.01,925.045,"R"
"PhonAlign",925.045,925.515,"#"
"PhonAlign",925.515,926.375,"@"
"PhonAlign",926.375,926.45,"m"
"PhonAlign",926.45,929.605,"#"
"PhonAlign",929.605,929.815,"O/"
"PhonAlign",929.815,929.875,"R"
"PhonAlign",929.875,929.965,"i"
"PhonAlign",929.965,930.105,"Z"
"PhonAlign",930.105,930.215,"i"
"PhonAlign",930.215,930.375,"n"
"PhonAlign",930.375,931.135,"A/"
"PhonAlign",931.135,931.17,"l"
"PhonAlign",931.17,937.02,"#"
"PhonAlign",937.02,937.1,"u"
"PhonAlign",937.1,937.17,"i"
"PhonAlign",937.17,937.2,"s"
"PhonAlign",937.2,937.28,"A/"
"PhonAlign",937.28,937.39,"s"
"PhonAlign",937.39,937.42,"e"
"PhonAlign",937.42,937.46,"s"
"PhonAlign",937.46,937.55,"E"
"PhonAlign",937.55,937.67,"R"
"PhonAlign",937.67,937.7,"t"
"PhonAlign",937.7,937.89,"U~/"
"PhonAlign",937.89,937.92,"k"
"PhonAlign",937.92,937.96,"@"
"PhonAlign",937.96,937.99,"s"
"PhonAlign",937.99,938.02,"k"
"PhonAlign",938.02,938.05,"u"
"PhonAlign",938.05,938.08,"t"
"PhonAlign",938.08,938.21,"m"
"PhonAlign",938.21,938.32,"w"
"PhonAlign",938.32,938.37,"U~/"
"PhonAlign",938.37,938.5,"S"
"PhonAlign",938.5,938.73,"E"
"PhonAlign",938.73,939.03,"R"
"PhonAlign",939.03,939.07,"#"
"PhonAlign",939.07,939.2,"e"
"PhonAlign",939.2,939.24,"p"
"PhonAlign",939.24,939.27,"i"
"PhonAlign",939.27,939.38,"S"
"PhonAlign",939.38,939.42,"p"
"PhonAlign",939.42,939.54,"a~"
"PhonAlign",939.54,939.59,"s"
"PhonAlign",939.59,939.66,"k"
"PhonAlign",939.66,939.82,"@"
"PhonAlign",939.82,939.85,"t"
"PhonAlign",939.85,939.9,"e"
"PhonAlign",939.9,940.15,"U~/"
"PhonAlign",940.15,940.18,"p"
"PhonAlign",940.18,940.43,"2"
"PhonAlign",940.43,940.46,"#"
"PhonAlign",940.46,940.66,"p"
"PhonAlign",940.66,940.71,"l"
"PhonAlign",940.71,940.88,"y"
"PhonAlign",940.88,941.13,"z"
"PhonAlign",941.13,941.684062,"fp"
"PhonAlign",941.684062,942.345,"#"
"PhonAlign",942.345,942.465,"l"
"PhonAlign",942.465,942.615,"i"
"PhonAlign",942.615,942.645,"b"
"PhonAlign",942.645,942.675,"R"
"PhonAlign",942.675,942.905,"O/"
"PhonAlign",942.905,943.075,"s"
"PhonAlign",943.075,943.215,"i"
"PhonAlign",943.215,943.245,"d"
"PhonAlign",943.245,943.355,"E"
"PhonAlign",943.355,943.535,"S"
"PhonAlign",943.535,943.745,"a~"
"PhonAlign",943.745,944.115,"Z"
"PhonAlign",944.115,944.215,"e"
"PhonAlign",944.215,944.665,"R"
"PhonAlign",944.665,944.705,"fp"
"PhonAlign",944.705,944.905,"#"
"PhonAlign",944.905,944.945,"v"
"PhonAlign",944.945,944.975,"w"
"PhonAlign",944.975,945.255,"A/"
"PhonAlign",945.255,945.315,"p"
"PhonAlign",945.315,945.365,"s"
"PhonAlign",945.365,945.415,"k"
"PhonAlign",945.415,945.475,"O/"
"PhonAlign",945.475,945.605,"s"
"PhonAlign",945.605,945.655,"i"
"PhonAlign",945.655,945.685,"n"
"PhonAlign",945.685,945.735,"e"
"PhonAlign",945.735,945.765,"m"
"PhonAlign",945.765,945.945,"A/"
"PhonAlign",945.945,946.015,"t"
"PhonAlign",946.015,946.145,"y"
"PhonAlign",946.145,946.175,"p"
"PhonAlign",946.175,946.315,"@"
"PhonAlign",946.315,946.465,"t"
"PhonAlign",946.465,946.665,"y"
"PhonAlign",946.665,946.745,"t"
"PhonAlign",946.745,946.795,"E"
"PhonAlign",946.795,946.875,"s"
"PhonAlign",946.875,946.965,"E"
"PhonAlign",946.965,947.025,"j"
"PhonAlign",947.025,947.075,"@"
"PhonAlign",947.075,947.105,"d"
"PhonAlign",947.105,947.135,"p"
"PhonAlign",947.135,947.245,"A/"
"PhonAlign",947.245,947.275,"p"
"PhonAlign",947.275,947.475,"A/"
"PhonAlign",947.475,947.505,"R"
"PhonAlign",947.505,947.535,"l"
"PhonAlign",947.535,947.595,"e"
"PhonAlign",947.595,947.625,"p"
"PhonAlign",947.625,947.695,"u"
"PhonAlign",947.695,947.725,"R"
"PhonAlign",947.725,947.755,"p"
"PhonAlign",947.755,947.875,"A/"
"PhonAlign",947.875,947.905,"d"
"PhonAlign",947.905,947.975,"E"
"PhonAlign",947.975,948.005,"R"
"PhonAlign",948.005,948.105,"a~"
"PhonAlign",948.105,948.175,"Z"
"PhonAlign",948.175,948.285,"e"
"PhonAlign",948.285,948.315,"t"
"PhonAlign",948.315,948.445,"O~"
"PhonAlign",948.445,948.475,"v"
"PhonAlign",948.475,948.535,"w"
"PhonAlign",948.535,948.615,"A/"
"PhonAlign",948.615,948.645,"z"
"PhonAlign",948.645,948.935,"U~/"
"PhonAlign",948.935,949.035,"#"
"PhonAlign",949.035,949.27,"noise"
"PhonAlign",949.27,949.52,"#"
"PhonAlign",949.52,949.56,"l"
"PhonAlign",949.56,949.66,"A/"
"PhonAlign",949.66,949.8,"s"
"PhonAlign",949.8,949.83,"i"
"PhonAlign",949.83,949.86,"t"
"PhonAlign",949.86,949.97,"e"
"PhonAlign",949.97,950.0,"d"
"PhonAlign",950.0,950.09,"a~"
"PhonAlign",950.09,950.12,"l"
"PhonAlign",950.12,950.25,"A/"
"PhonAlign",950.25,950.28,"v"
"PhonAlign",950.28,950.34,"w"
"PhonAlign",950.34,950.39,"A/"
"PhonAlign",950.39,950.42,"t"
"PhonAlign",950.42,950.45,"y"
"PhonAlign",950.45,950.51,"R"
"PhonAlign",950.51,950.54,"fp"
"PhonAlign",950.54,950.58,"t"
"PhonAlign",950.58,950.7,"y"
"PhonAlign",950.7,950.73,"v"
"PhonAlign",950.73,950.85,"w"
"PhonAlign",950.85,951.22,"A/"
"PhonAlign",951.22,951.61,"t"
"PhonAlign",951.61,951.68,"j"
"PhonAlign",951.68,951.74,"p"
"PhonAlign",951.74,952.16,"@"
"PhonAlign",952.16,952.19,"p"
"PhonAlign",952.19,952.25,"A/"
"PhonAlign",952.25,952.52,"R"
"PhonAlign",952.52,952.57,"l"
"PhonAlign",952.57,952.6,"e"
"PhonAlign",952.6,952.64,"A/"
"PhonAlign",952.64,952.67,"v"
"PhonAlign",952.67,952.73,"E"
"PhonAlign",952.73,952.76,"k"
"PhonAlign",952.76,952.93,"Z"
"PhonAlign",952.93,953.14,"@"
"PhonAlign",953.14,953.17,"s"
"PhonAlign",953.17,953.21,"e"
"PhonAlign",953.21,953.25,"p"
"PhonAlign",953.25,953.49,"A/"
"PhonAlign",953.49,953.55,"t"
"PhonAlign",953.55,953.61,"O~"
"PhonAlign",953.61,953.64,"f"
"PhonAlign",953.64,953.84,"i"
"PhonAlign",953.84,953.87,"l"
"PhonAlign",953.87,954.03,"z"
"PhonAlign",954.03,954.06,"t"
"PhonAlign",954.06,954.12,"O~"
"PhonAlign",954.12,954.21,"n"
"PhonAlign",954.21,954.25,"p"
"PhonAlign",954.25,954.52,"E"
"PhonAlign",954.52,954.87,"R"
"PhonAlign",954.87,954.93,"@"
"PhonAlign",954.93,954.99,"t"
"PhonAlign",954.99,955.45,"A/"
"PhonAlign",955.45,955.48,"m"
"PhonAlign",955.48,955.51,"E"
"PhonAlign",955.51,955.61,"R"
"PhonAlign",955.61,955.97,"#"
"PhonAlign",955.97,956.34,"U~/"
"PhonAlign",956.34,956.37,"t"
"PhonAlign",956.37,956.47,"R"
"PhonAlign",956.47,956.53,"y"
"PhonAlign",956.53,956.56,"k"
"PhonAlign",956.56,956.61,"k"
"PhonAlign",956.61,956.71,"i"
"PhonAlign",956.71,956.74,"t"
"PhonAlign",956.74,956.95,"A/"
"PhonAlign",956.95,957.02,"p"
"PhonAlign",957.02,957.06,"l"
"PhonAlign",957.06,957.32,"y"
"PhonAlign",957.32,957.35,"k"
"PhonAlign",957.35,957.45,"i"
"PhonAlign",957.45,957.48,"t"
"PhonAlign",957.48,957.59,"A/"
"PhonAlign",957.59,957.67,"f"
"PhonAlign",957.67,957.8,"e"
"PhonAlign",957.8,957.83,"R"
"PhonAlign",957.83,958.34,"i"
"PhonAlign",958.34,958.38,"R"
"PhonAlign",958.38,958.92,"u"
"PhonAlign",958.92,958.99,"S"
"PhonAlign",958.99,959.05,"p"
"PhonAlign",959.05,959.09,"a~"
"PhonAlign",959.09,959.15,"s"
"PhonAlign",959.15,959.23,"k"
"PhonAlign",959.23,959.32,"s"
"PhonAlign",959.32,959.36,"e"
"PhonAlign",959.36,959.39,"p"
"PhonAlign",959.39,959.42,"2"
"PhonAlign",959.42,959.45,"t"
"PhonAlign",959.45,959.5,"E"
"PhonAlign",959.5,959.53,"t"
"PhonAlign",959.53,959.56,"R"
"PhonAlign",959.56,959.59,"p"
"PhonAlign",959.59,959.63,"l"
"PhonAlign",959.63,959.71,"y"
"PhonAlign",959.71,959.74,"f"
"PhonAlign",959.74,959.85,"A/"
"PhonAlign",959.85,959.96,"s"
"PhonAlign",959.96,960.06,"i"
"PhonAlign",960.06,960.09,"l"
"PhonAlign",960.09,960.12,"d"
"PhonAlign",960.12,960.16,"E"
"PhonAlign",960.16,960.34,"S"
"PhonAlign",960.34,960.49,"a~"
"PhonAlign",960.49,960.58,"Z"
"PhonAlign",960.58,960.64,"e"
"PhonAlign",960.64,960.78,"O/"
"PhonAlign",960.78,960.86,"m"
"PhonAlign",960.86,960.96,"O/"
"PhonAlign",960.96,961.0,"m"
"PhonAlign",961.0,961.19,"a~"
"PhonAlign",961.19,961.22,"m"
"PhonAlign",961.22,961.34,"E"
"PhonAlign",961.34,961.54,"m"
"PhonAlign",961.54,961.63,"d"
"PhonAlign",961.63,961.69,"f"
"PhonAlign",961.69,961.87,"i"
"PhonAlign",961.87,962.09,"l"
"PhonAlign",962.09,962.12,"m"
"PhonAlign",962.12,962.61,"@"
"PhonAlign",962.61,962.75,"k"
"PhonAlign",962.75,962.87,"s"
"PhonAlign",962.87,962.9,"k"
"PhonAlign",962.9,962.93,"O~"
"PhonAlign",962.93,962.97,"p"
"PhonAlign",962.97,963.09,"@"
"PhonAlign",963.09,963.12,"f"
"PhonAlign",963.12,963.19,"E"
"PhonAlign",963.19,963.44,"R"
"PhonAlign",963.44,963.47,"d"
"PhonAlign",963.47,963.5,"a~"
"PhonAlign",963.5,963.71,"z"
"PhonAlign",963.71,963.74,"U~/"
"PhonAlign",963.74,963.79,"d"
"PhonAlign",963.79,963.89,"a~"
"PhonAlign",963.89,964.1,"U~/"
"PhonAlign",964.1,964.14,"s"
"PhonAlign",964.14,964.22,"i"
"PhonAlign",964.22,964.26,"n"
"PhonAlign",964.26,964.32,"E"
"PhonAlign",964.32,964.35,"m"
"PhonAlign",964.35,964.38,"A/"
"PhonAlign",964.38,964.45,"k"
"PhonAlign",964.45,964.48,"l"
"PhonAlign",964.48,964.51,"A/"
"PhonAlign",964.51,964.57,"s"
"PhonAlign",964.57,964.6,"i"
"PhonAlign",964.6,964.67,"k"
"PhonAlign",964.67,979.92,"#"
"PhonAlign",979.92,979.96,"b"
"PhonAlign",979.96,980.27,"U~/"
"PhonAlign",980.27,980.31,"u"
"PhonAlign",980.31,980.37,"i"
"PhonAlign",980.37,980.4,"u"
"PhonAlign",980.4,980.479687,"i"
"PhonAlign",980.479687,981.735,"#"
"PhonAlign",981.735,981.775,"b"
"PhonAlign",981.775,981.845,"E"
"PhonAlign",981.845,981.915,"s"
"PhonAlign",981.915,982.065,"A/"
"PhonAlign",982.065,982.095,"k"
"PhonAlign",982.095,982.125,"u"
"PhonAlign",982.125,982.155,"t"
"PhonAlign",982.155,982.205,"p"
"PhonAlign",982.205,982.285,"A/"
"PhonAlign",982.285,982.315,"t"
"PhonAlign",982.315,982.395,"R"
"PhonAlign",982.395,982.515,"E"
"PhonAlign",982.515,982.545,"t"
"PhonAlign",982.545,982.575,"R"
"PhonAlign",982.575,982.665,"e"
"PhonAlign",982.665,982.855,"S"
"PhonAlign",982.855,982.895,"E"
"PhonAlign",982.895,982.965,"R"
"PhonAlign",982.965,983.035,"U~/"
"PhonAlign",983.035,983.425,"a~"
"PhonAlign",983.425,983.455,"f"
"PhonAlign",983.455,983.820938,"U~/"
"PhonAlign",983.820938,985.272187,"#"
"PhonAlign",985.272187,985.522187,"A/"
"PhonAlign",985.522187,985.582187,"U~/"
"PhonAlign",985.582187,985.682187,"s"
"PhonAlign",985.682187,985.762187,"t"
"PhonAlign",985.762187,985.952187,"A/"
"PhonAlign",985.952187,985.982187,"l"
"PhonAlign",985.982187,986.192187,"e"
"PhonAlign",986.192187,986.542187,"fp"
"PhonAlign",986.542187,986.712187,"s"
"PhonAlign",986.712187,987.305,"e"
"PhonAlign",987.305,987.51,"#"
"PhonAlign",987.51,987.59,"j"
"PhonAlign",987.59,987.73,"a~"
"PhonAlign",987.73,987.79,"A/"
"PhonAlign",987.79,987.91,"A/"
"PhonAlign",987.91,987.94,"E"
"PhonAlign",987.94,988.22,"k"
"PhonAlign",988.22,988.28,"s"
"PhonAlign",988.28,988.394063,"U~/"
"PhonAlign",988.394063,999.48,"#"
"PhonAlign",999.48,999.62,"j"
"PhonAlign",999.62,999.67,"a~"
"PhonAlign",999.67,999.78,"A/"
"PhonAlign",999.78,1000.12,"A/"
"PhonAlign",1000.12,1000.15,"l"
"PhonAlign",1000.15,1000.28,"O/"
"PhonAlign",1000.28,1000.55,"R"
"PhonAlign",1000.55,1000.58,"b"
"PhonAlign",1000.58,1000.61,"O/"
"PhonAlign",1000.61,1000.64,"A/"
"PhonAlign",1000.64,1000.83,"p"
"PhonAlign",1000.83,1000.88,"R"
"PhonAlign",1000.88,1000.91,"E"
"PhonAlign",1000.91,1001.0,"z"
"PhonAlign",1001.0,1001.17,"t"
"PhonAlign",1001.17,1001.21,"A/"
"PhonAlign",1001.21,1001.27,"E"
"PhonAlign",1001.27,1001.32,"s"
"PhonAlign",1001.32,1001.35,"l"
"PhonAlign",1001.35,1001.43,"s"
"PhonAlign",1001.43,1001.49,"i"
"PhonAlign",1001.49,1001.52,"n"
"PhonAlign",1001.52,1001.63,"e"
"PhonAlign",1001.63,1001.67,"m"
"PhonAlign",1001.67,1001.72,"A/"
"PhonAlign",1001.72,1001.89,"a~"
"PhonAlign",1001.89,1001.92,"p"
"PhonAlign",1001.92,1001.98,"l"
"PhonAlign",1001.98,1002.07,"E"
"PhonAlign",1002.07,1002.2,"E"
"PhonAlign",1002.2,1002.23,"R"
"PhonAlign",1002.23,1002.32,"E"
"PhonAlign",1002.32,1002.47,"s"
"PhonAlign",1002.47,1002.71,"i"
"PhonAlign",1002.71,1002.75,"n"
"PhonAlign",1002.75,1002.82,"E"
"PhonAlign",1002.82,1002.87,"m"
"PhonAlign",1002.87,1002.95,"A/"
"PhonAlign",1002.95,1002.98,"d"
"PhonAlign",1002.98,1003.16,"R"
"PhonAlign",1003.16,1003.2,"A/"
"PhonAlign",1003.2,1003.23,"j"
"PhonAlign",1003.23,1003.26,"v"
"PhonAlign",1003.26,1003.61,"d"
"PhonAlign",1003.61,1003.82,"R"
"PhonAlign",1003.82,1003.85,"A/"
"PhonAlign",1003.85,1003.88,"j"
"PhonAlign",1003.88,1003.91,"v"
"PhonAlign",1003.91,1003.98,"A/"
"PhonAlign",1003.98,1004.01,"E"
"PhonAlign",1004.01,1004.28,"k"
"PhonAlign",1004.28,1004.38,"s"
"PhonAlign",1004.38,1004.55,"S"
"PhonAlign",1004.55,1004.59,"s"
"PhonAlign",1004.59,1004.69,"e"
"PhonAlign",1004.69,1004.72,"p"
"PhonAlign",1004.72,1004.78,"l"
"PhonAlign",1004.78,1004.86,"y"
"PhonAlign",1004.86,1004.95,"u"
"PhonAlign",1004.95,1005.21,"i"
"PhonAlign",1005.21,1005.24,"e"
"PhonAlign",1005.24,1005.28,"Z"
"PhonAlign",1005.28,1005.31,"s"
"PhonAlign",1005.31,1005.34,"e"
"PhonAlign",1005.34,1005.48,"z"
"PhonAlign",1005.48,1005.52,"k"
"PhonAlign",1005.52,1005.62,"j"
"PhonAlign",1005.62,1005.66,"a~"
"PhonAlign",1005.66,1005.72,"A/"
"PhonAlign",1005.72,1005.83,"A/"
"PhonAlign",1005.83,1005.86,"m"
"PhonAlign",1005.86,1005.95,"A/"
"PhonAlign",1005.95,1006.14,"R"
"PhonAlign",1006.14,1006.17,"s"
"PhonAlign",1006.17,1006.2,"E"
"PhonAlign",1006.2,1006.23,"j"
"PhonAlign",1006.23,1006.29,"O/"
"PhonAlign",1006.29,1006.45,"s"
"PhonAlign",1006.45,1006.55,"i"
"PhonAlign",1006.55,1006.64,"A/"
"PhonAlign",1006.64,1006.67,"p"
"PhonAlign",1006.67,1006.76,"R"
"PhonAlign",1006.76,1006.8,"E"
"PhonAlign",1006.8,1006.93,"s"
"PhonAlign",1006.93,1007.08,"i"
"PhonAlign",1007.08,1007.11,"n"
"PhonAlign",1007.11,1007.15,"E"
"PhonAlign",1007.15,1007.18,"m"
"PhonAlign",1007.18,1007.28,"A/"
"PhonAlign",1007.28,1007.39,"a~"
"PhonAlign",1007.39,1007.42,"p"
"PhonAlign",1007.42,1007.47,"l"
"PhonAlign",1007.47,1007.52,"E"
"PhonAlign",1007.52,1007.59,"n"
"PhonAlign",1007.59,1007.63,"E"
"PhonAlign",1007.63,1007.69,"R"
"PhonAlign",1007.69,1007.72,"t"
"PhonAlign",1007.72,1007.82,"a~"
"PhonAlign",1007.82,1007.94,"A/"
"PhonAlign",1007.94,1007.97,"U~/"
"PhonAlign",1007.97,1008.0,"p"
"PhonAlign",1008.0,1008.07,"2"
"PhonAlign",1008.07,1008.1,"p"
"PhonAlign",1008.1,1008.19,"A/"
"PhonAlign",1008.19,1008.3,"R"
"PhonAlign",1008.3,1008.34,"t"
"PhonAlign",1008.34,1008.42,"u"
"PhonAlign",1008.42,1008.45,"t"
"PhonAlign",1008.45,1008.53,"a~"
"PhonAlign",1008.53,1008.63,"A/"
"PhonAlign",1008.63,1008.66,"O/"
"PhonAlign",1008.66,1008.69,"p"
"PhonAlign",1008.69,1008.82,"A/"
"PhonAlign",1008.82,1008.85,"v"
"PhonAlign",1008.85,1008.88,"i"
"PhonAlign",1008.88,1008.91,"l"
"PhonAlign",1008.91,1008.97,"j"
"PhonAlign",1008.97,1009.0,"O/"
"PhonAlign",1009.0,1009.05,"n"
"PhonAlign",1009.05,1009.09,"v"
"PhonAlign",1009.09,1009.29,"a~"
"PhonAlign",1009.29,1009.33,"d"
"PhonAlign",1009.33,1009.69,"O/"
"PhonAlign",1009.69,1009.955,"m"
"PhonAlign",1009.955,1010.38,"#"
"PhonAlign",1010.38,1010.42,"m"
"PhonAlign",1010.42,1010.47,"w"
"PhonAlign",1010.47,1010.54,"A/"
"PhonAlign",1010.54,1010.57,"n"
"PhonAlign",1010.57,1011.15,"u"
"PhonAlign",1011.15,1011.22,"O~"
"PhonAlign",1011.22,1011.32,"v"
"PhonAlign",1011.32,1011.35,"A/"
"PhonAlign",1011.35,1011.38,"A/"
"PhonAlign",1011.38,1011.53,"g"
"PhonAlign",1011.53,1011.57,"A/"
"PhonAlign",1011.57,1011.64,"z"
"PhonAlign",1011.64,1011.81,"s"
"PhonAlign",1011.81,1012.07,"j"
"PhonAlign",1012.07,1012.16,"e"
"PhonAlign",1012.16,1012.37,"fp"
"PhonAlign",1012.37,1012.54,"A/"
"PhonAlign",1012.54,1012.66,"S"
"PhonAlign",1012.66,1012.69,"A/"
"PhonAlign",1012.69,1012.79,"t"
"PhonAlign",1012.79,1012.82,"O/"
"PhonAlign",1012.82,1012.88,"n"
"PhonAlign",1012.88,1012.93,"9"
"PhonAlign",1012.93,1012.96,"v"
"PhonAlign",1012.96,1013.03,"l"
"PhonAlign",1013.03,1013.1,"R"
"PhonAlign",1013.1,1013.53,"u"
"PhonAlign",1013.53,1013.68,"Z"
"PhonAlign",1013.68,1013.71,"a~"
"PhonAlign",1013.71,1013.74,"f"
"PhonAlign",1013.74,1013.94,"U~/"
"PhonAlign",1013.94,1013.97,"v"
"PhonAlign",1013.97,1014.0,"l"
"PhonAlign",1014.0,1014.03,"A/"
"PhonAlign",1014.03,1014.1,"t"
"PhonAlign",1014.1,1014.14,"a~"
"PhonAlign",1014.14,1014.34,"A/"
"PhonAlign",1014.34,1014.46,"#"
"PhonAlign",1014.46,1014.53,"U~/"
"PhonAlign",1014.53,1014.62,"p"
"PhonAlign",1014.62,1014.65,"2"
"PhonAlign",1014.65,1014.68,"p"
"PhonAlign",1014.68,1014.71,"A/"
"PhonAlign",1014.71,1014.85,"R"
"PhonAlign",1014.85,1014.88,"t"
"PhonAlign",1014.88,1014.92,"u"
"PhonAlign",1014.92,1015.03,"t"
"PhonAlign",1015.03,1015.06,"A/"
"PhonAlign",1015.06,1015.09,"d"
"PhonAlign",1015.09,1015.17,"e"
"PhonAlign",1015.17,1015.25,"Z"
"PhonAlign",1015.25,1015.4,"a~"
"PhonAlign",1015.4,1015.48,"k"
"PhonAlign",1015.48,1015.56,"f"
"PhonAlign",1015.56,1015.63,"O~"
"PhonAlign",1015.63,1015.67,"d"
"PhonAlign",1015.67,1015.82,"e"
"PhonAlign",1015.82,1016.11,"e"
"PhonAlign",1016.11,1016.14,"v"
"PhonAlign",1016.14,1016.17,"E"
"PhonAlign",1016.17,1016.2,"n"
"PhonAlign",1016.2,1016.23,"m"
"PhonAlign",1016.23,1016.67,"a~"
"PhonAlign",1016.67,1016.845,"fp"
"PhonAlign",1016.845,1017.365,"#"
"PhonAlign",1017.365,1017.465,"u"
"PhonAlign",1017.465,1017.615,"t"
"PhonAlign",1017.615,1017.655,"v"
"PhonAlign",1017.655,1017.695,"w"
"PhonAlign",1017.695,1017.795,"A/"
"PhonAlign",1017.795,1017.825,"d"
"PhonAlign",1017.825,1017.905,"e"
"PhonAlign",1017.905,1017.985,"f"
"PhonAlign",1017.985,1018.045,"i"
"PhonAlign",1018.045,1018.075,"l"
"PhonAlign",1018.075,1018.105,"m"
"PhonAlign",1018.105,1018.135,"l"
"PhonAlign",1018.135,1018.165,"O/"
"PhonAlign",1018.165,1018.195,"R"
"PhonAlign",1018.195,1018.235,"A/"
"PhonAlign",1018.235,1018.265,"p"
"PhonAlign",1018.265,1018.465,"R"
"PhonAlign",1018.465,1018.535,"E"
"PhonAlign",1018.535,1018.565,"k"
"PhonAlign",1018.565,1018.705,"a~"
"PhonAlign",1018.705,1018.785,"s"
"PhonAlign",1018.785,1018.815,"e"
"PhonAlign",1018.815,1018.915,"U~/"
"PhonAlign",1018.915,1018.975,"e"
"PhonAlign",1018.975,1019.005,"v"
"PhonAlign",1019.005,1019.145,"E"
"PhonAlign",1019.145,1019.175,"n"
"PhonAlign",1019.175,1019.205,"m"
"PhonAlign",1019.205,1019.375,"a~"
"PhonAlign",1019.375,1019.405,"p"
"PhonAlign",1019.405,1019.545,"y"
"PhonAlign",1019.545,1019.645,"b"
"PhonAlign",1019.645,1019.685,"l"
"PhonAlign",1019.685,1019.925,"i"
"PhonAlign",1019.925,1020.01,"k"
"PhonAlign",1020.01,1020.185777,"#"
"PhonAlign",1020.185777,1020.225777,"d"
"PhonAlign",1020.225777,1020.275777,"y"
"PhonAlign",1020.275777,1020.395777,"k"
"PhonAlign",1020.395777,1020.6,"u"
"PhonAlign",1020.6,1021.105,"#"
"PhonAlign",1021.105,1021.185,"s"
"PhonAlign",1021.185,1021.245,"e"
"PhonAlign",1021.245,1021.315,"m"
"PhonAlign",1021.315,1021.375,"w"
"PhonAlign",1021.375,1021.425,"U~/"
"PhonAlign",1021.425,1021.565,"S"
"PhonAlign",1021.565,1021.775,"E"
"PhonAlign",1021.775,1022.145,"R"
"PhonAlign",1022.145,1022.215,"A/"
"PhonAlign",1022.215,1022.245,"p"
"PhonAlign",1022.245,1022.315,"R"
"PhonAlign",1022.315,1022.375,"E"
"PhonAlign",1022.375,1022.405,"k"
"PhonAlign",1022.405,1022.515,"a~"
"PhonAlign",1022.515,1022.605,"s"
"PhonAlign",1022.605,1022.645,"e"
"PhonAlign",1022.645,1022.695,"d"
"PhonAlign",1022.695,1022.775,"e"
"PhonAlign",1022.775,1022.825,"z"
"PhonAlign",1022.825,1022.875,"e"
"PhonAlign",1022.875,1022.905,"v"
"PhonAlign",1022.905,1023.025,"E"
"PhonAlign",1023.025,1023.055,"n"
"PhonAlign",1023.055,1023.095,"m"
"PhonAlign",1023.095,1023.235,"a~"
"PhonAlign",1023.235,1023.265,"p"
"PhonAlign",1023.265,1023.385,"R"
"PhonAlign",1023.385,1023.535,"i"
"PhonAlign",1023.535,1023.565,"v"
"PhonAlign",1023.565,1023.765,"e"
"PhonAlign",1023.765,1023.795,"l"
"PhonAlign",1023.795,1023.905,"A/"
"PhonAlign",1023.905,1024.075,"n"
"PhonAlign",1024.075,1024.175,"u"
"PhonAlign",1024.175,1024.215,"O~"
"PhonAlign",1024.215,1024.325,"e"
"PhonAlign",1024.325,1024.385,"A/"
"PhonAlign",1024.385,1024.415,"l"
"PhonAlign",1024.415,1024.475,"e"
"PhonAlign",1024.475,1024.505,"v"
"PhonAlign",1024.505,1024.535,"w"
"PhonAlign",1024.535,1024.565,"A/"
"PhonAlign",1024.565,1024.735,"R"
"PhonAlign",1024.735,1024.765,"l"
"PhonAlign",1024.765,1024.795,"A/"
"PhonAlign",1024.795,1024.855,"l"
"PhonAlign",1024.855,1024.965,"A/"
"PhonAlign",1024.965,1025.025,"l"
"PhonAlign",1025.025,1025.155,"a~"
"PhonAlign",1025.155,1025.185,"d"
"PhonAlign",1025.185,1025.335,"a~"
"PhonAlign",1025.335,1025.365,"p"
"PhonAlign",1025.365,1025.465,"l"
"PhonAlign",1025.465,1025.725,"U~/"
"PhonAlign",1025.725,1025.755,"E"
"PhonAlign",1025.755,1025.795,"R"
"PhonAlign",1025.795,1025.865,"e"
"PhonAlign",1025.865,1026.015,"s"
"PhonAlign",1026.015,1026.215,"t"
"PhonAlign",1026.215,1026.405,"e"
"PhonAlign",1026.405,1026.599063,"fp"
"PhonAlign",1026.599063,1027.34,"#"
"PhonAlign",1027.34,1027.41,"s"
"PhonAlign",1027.41,1027.4599999999998,"e"
"PhonAlign",1027.4599999999998,1027.6,"U~/"
"PhonAlign",1027.6,1027.63,"e"
"PhonAlign",1027.63,1027.66,"v"
"PhonAlign",1027.66,1027.73,"E"
"PhonAlign",1027.73,1027.78,"n"
"PhonAlign",1027.78,1027.81,"m"
"PhonAlign",1027.81,1027.88,"a~"
"PhonAlign",1027.88,1027.97,"a~"
"PhonAlign",1027.97,1028.0,"t"
"PhonAlign",1028.0,1028.07,"R"
"PhonAlign",1028.07,1028.1699999999998,"g"
"PhonAlign",1028.1699999999998,1028.26,"i"
"PhonAlign",1028.26,1028.32,"j"
"PhonAlign",1028.32,1028.35,"2"
"PhonAlign",1028.35,1028.38,"m"
"PhonAlign",1028.38,1028.4299999999998,"E"
"PhonAlign",1028.4299999999998,1028.4599999999998,"p"
"PhonAlign",1028.4599999999998,1028.49,"R"
"PhonAlign",1028.49,1028.6999999999998,"i"
"PhonAlign",1028.6999999999998,1028.73,"v"
"PhonAlign",1028.73,1028.79,"e"
"PhonAlign",1028.79,1028.82,"m"
"PhonAlign",1028.82,1028.86,"e"
"PhonAlign",1028.86,1029.0,"z"
"PhonAlign",1029.0,1029.08,"fp"
"PhonAlign",1029.08,1029.11,"#"
"PhonAlign",1029.11,1029.14,"s"
"PhonAlign",1029.14,1029.54,"A/"
"PhonAlign",1029.54,1030.04,"t"
"PhonAlign",1030.04,1030.07,"@"
"PhonAlign",1030.07,1030.1899999999998,"k"
"PhonAlign",1030.1899999999998,1030.33,"u"
"PhonAlign",1030.33,1030.365,"t"
"PhonAlign",1030.365,1030.44,"#"
"PhonAlign",1030.44,1030.6,"l"
"PhonAlign",1030.6,1030.7,"@"
"PhonAlign",1030.7,1030.73,"p"
"PhonAlign",1030.73,1030.78,"R"
"PhonAlign",1030.78,1030.9,"i"
"PhonAlign",1030.9,1030.93,"d"
"PhonAlign",1030.93,1030.99,"y"
"PhonAlign",1030.99,1031.05,"n"
"PhonAlign",1031.05,1031.0800000000002,"p"
"PhonAlign",1031.0800000000002,1031.22,"l"
"PhonAlign",1031.22,1031.25,"A/"
"PhonAlign",1031.25,1031.29,"s"
"PhonAlign",1031.29,1031.35,"d"
"PhonAlign",1031.35,1031.4,"@"
"PhonAlign",1031.4,1031.56,"s"
"PhonAlign",1031.56,1031.62,"i"
"PhonAlign",1031.62,1031.65,"n"
"PhonAlign",1031.65,1031.78,"e"
"PhonAlign",1031.78,1031.8200000000002,"m"
"PhonAlign",1031.8200000000002,1032.01,"A/"
"PhonAlign",1032.01,1032.04,"m"
"PhonAlign",1032.04,1032.0700000000002,"t"
"PhonAlign",1032.0700000000002,1032.1,"A/"
"PhonAlign",1032.1,1032.13,"d"
"PhonAlign",1032.13,1032.16,"f"
"PhonAlign",1032.16,1032.21,"O/"
"PhonAlign",1032.21,1032.3200000000002,"O/"
"PhonAlign",1032.3200000000002,1032.35,"d"
"PhonAlign",1032.35,1032.4,"e"
"PhonAlign",1032.4,1032.49,"t"
"PhonAlign",1032.49,1032.55,"R"
"PhonAlign",1032.55,1032.5800000000002,"y"
"PhonAlign",1032.5800000000002,1032.8,"k"
"PhonAlign",1032.8,1032.8300000000002,"t"
"PhonAlign",1032.8300000000002,1033.39,"E"
"PhonAlign",1033.39,1033.46,"z"
"PhonAlign",1033.46,1033.65,"d"
"PhonAlign",1033.65,1033.69,"2"
"PhonAlign",1033.69,1034.3200000000002,"O/"
"PhonAlign",1034.3200000000002,1034.45,"R"
"PhonAlign",1034.45,1034.49,"t"
"PhonAlign",1034.49,1034.53,"e"
"PhonAlign",1034.53,1034.56,"O/"
"PhonAlign",1034.56,1034.63,"b"
"PhonAlign",1034.63,1034.73,"O/"
"PhonAlign",1034.73,1034.76,"R"
"PhonAlign",1034.76,1034.79,"d"
"PhonAlign",1034.79,1034.8200000000002,"l"
"PhonAlign",1034.8200000000002,1034.86,"A/"
"PhonAlign",1034.86,1034.95,"s"
"PhonAlign",1034.95,1035.02,"U~/"
"PhonAlign",1035.02,1035.05,"t"
"PhonAlign",1035.05,1035.0800000000002,"v"
"PhonAlign",1035.0800000000002,1035.19,"i"
"PhonAlign",1035.19,1035.22,"k"
"PhonAlign",1035.22,1035.26,"t"
"PhonAlign",1035.26,1035.3200000000002,"w"
"PhonAlign",1035.3200000000002,1035.36,"A/"
"PhonAlign",1035.36,1035.46,"R"
"PhonAlign",1035.46,1035.62,"a~"
"PhonAlign",1035.62,1035.65,"f"
"PhonAlign",1035.65,1035.81,"U~/"
"PhonAlign",1035.81,1035.84,"v"
"PhonAlign",1035.84,1035.87,"l"
"PhonAlign",1035.87,1035.9,"A/"
"PhonAlign",1035.9,1036.01,"s"
"PhonAlign",1036.01,1036.21,"e"
"PhonAlign",1036.21,1036.64,"#"
"PhonAlign",1036.64,1036.72,"s"
"PhonAlign",1036.72,1036.7700000000002,"e"
"PhonAlign",1036.7700000000002,1036.8000000000002,"O/"
"PhonAlign",1036.8000000000002,1036.8300000000002,"t"
"PhonAlign",1036.8300000000002,1036.86,"R"
"PhonAlign",1036.86,1036.94,"S"
"PhonAlign",1036.94,1037.0200000000002,"O/"
"PhonAlign",1037.0200000000002,1037.0500000000002,"z"
"PhonAlign",1037.0500000000002,1037.09,"d"
"PhonAlign",1037.09,1037.22,"O~"
"PhonAlign",1037.22,1037.38,"a~"
"PhonAlign",1037.38,1037.41,"d"
"PhonAlign",1037.41,1037.59,"R"
"PhonAlign",1037.59,1037.62,"A/"
"PhonAlign",1037.62,1037.65,"j"
"PhonAlign",1037.65,1037.7,"v"
"PhonAlign",1037.7,1037.76,"@"
"PhonAlign",1037.76,1037.87,"Z"
"PhonAlign",1037.87,1037.91,"p"
"PhonAlign",1037.91,1037.97,"a~"
"PhonAlign",1037.97,1038.0300000000002,"s"
"PhonAlign",1038.0300000000002,1038.11,"k"
"PhonAlign",1038.11,1038.19,"s"
"PhonAlign",1038.19,1038.3100000000002,"A/"
"PhonAlign",1038.3100000000002,1038.34,"p"
"PhonAlign",1038.34,1038.42,"@"
"PhonAlign",1038.42,1038.45,"p"
"PhonAlign",1038.45,1038.5800000000002,"l"
"PhonAlign",1038.5800000000002,1038.69,"E"
"PhonAlign",1038.69,1038.72,"R"
"PhonAlign",1038.72,1038.76,"O/"
"PhonAlign",1038.76,1038.8200000000002,"Z"
"PhonAlign",1038.8200000000002,1038.95,"a~"
"PhonAlign",1038.95,1038.99,"w"
"PhonAlign",1038.99,1039.125,"E"
"PhonAlign",1039.125,1039.805,"#"
"PhonAlign",1039.805,1039.865,"s"
"PhonAlign",1039.865,1039.895,"y"
"PhonAlign",1039.895,1039.975,"R"
"PhonAlign",1039.975,1040.005,"t"
"PhonAlign",1040.005,1040.055,"u"
"PhonAlign",1040.055,1040.1950000000002,"a~"
"PhonAlign",1040.1950000000002,1040.225,"p"
"PhonAlign",1040.225,1040.255,"l"
"PhonAlign",1040.255,1040.285,"y"
"PhonAlign",1040.285,1040.385,"k"
"PhonAlign",1040.385,1040.475,"@"
"PhonAlign",1040.475,1040.615,"s"
"PhonAlign",1040.615,1040.755,"i"
"PhonAlign",1040.755,1040.785,"f"
"PhonAlign",1040.785,1040.905,"e"
"PhonAlign",1040.905,1040.965,"p"
"PhonAlign",1040.965,1041.045,"A/"
"PhonAlign",1041.045,1041.075,"t"
"PhonAlign",1041.075,1041.135,"R"
"PhonAlign",1041.135,1041.375,"E"
"PhonAlign",1041.375,1041.405,"b"
"PhonAlign",1041.405,1041.4350000000002,"O/"
"PhonAlign",1041.4350000000002,1041.715,"u"
"PhonAlign",1041.715,1041.785,"k"
"PhonAlign",1041.785,1041.835,"i"
"PhonAlign",1041.835,1041.885,"f"
"PhonAlign",1041.885,1041.925,"E"
"PhonAlign",1041.925,1042.045,"U~/"
"PhonAlign",1042.045,1042.085,"p"
"PhonAlign",1042.085,1042.1850000000002,"2"
"PhonAlign",1042.1850000000002,1042.235,"f"
"PhonAlign",1042.235,1042.365,"R"
"PhonAlign",1042.365,1042.585,"w"
"PhonAlign",1042.585,1042.665,"A/"
"PhonAlign",1042.665,1042.91,"#"
"PhonAlign",1042.91,1042.95,"t"
"PhonAlign",1042.95,1043.0700000000002,"e"
"PhonAlign",1043.0700000000002,1043.12,"O/"
"PhonAlign",1043.12,1043.23,"s"
"PhonAlign",1043.23,1043.3000000000002,"i"
"PhonAlign",1043.3000000000002,1043.34,"A/"
"PhonAlign",1043.34,1043.37,"l"
"PhonAlign",1043.37,1043.4,"A/"
"PhonAlign",1043.4,1043.43,"b"
"PhonAlign",1043.43,1043.7,"R"
"PhonAlign",1043.7,1043.77,"i"
"PhonAlign",1043.77,1043.8100000000002,"d"
"PhonAlign",1043.8100000000002,1043.92,"a~"
"PhonAlign",1043.92,1043.95,"t"
"PhonAlign",1043.95,1044.0,"A/"
"PhonAlign",1044.0,1044.03,"v"
"PhonAlign",1044.03,1044.0600000000002,"w"
"PhonAlign",1044.0600000000002,1044.09,"A/"
"PhonAlign",1044.09,1044.12,"t"
"PhonAlign",1044.12,1044.15,"y"
"PhonAlign",1044.15,1044.185,"R"
"PhonAlign",1044.185,1056.895,"#"
"PhonAlign",1056.895,1056.935,"t"
"PhonAlign",1056.935,1057.005,"E"
"PhonAlign",1057.005,1057.055,"A/"
"PhonAlign",1057.055,1057.085,"d"
"PhonAlign",1057.085,1057.135,"O/"
"PhonAlign",1057.135,1057.165,"t"
"PhonAlign",1057.165,1057.195,"R"
"PhonAlign",1057.195,1057.235,"@"
"PhonAlign",1057.235,1057.295,"k"
"PhonAlign",1057.295,1057.455,"E"
"PhonAlign",1057.455,1057.505,"s"
"PhonAlign",1057.505,1057.835,"j"
"PhonAlign",1057.835,1057.895,"O~"
"PhonAlign",1057.895,1057.925,"d"
"PhonAlign",1057.925,1058.145,"O/"
"PhonAlign",1058.145,1058.175,"t"
"PhonAlign",1058.175,1058.205,"R"
"PhonAlign",1058.205,1058.315,"@"
"PhonAlign",1058.315,1058.345,"t"
"PhonAlign",1058.345,1058.505,"R"
"PhonAlign",1058.505,1058.595,"y"
"PhonAlign",1058.595,1058.705,"k"
"PhonAlign",1058.705,1058.745,"k"
"PhonAlign",1058.745,1058.775,"O/"
"PhonAlign",1058.775,1058.805,"m"
"PhonAlign",1058.805,1058.895,"s"
"PhonAlign",1058.895,1059.185,"A/"
"PhonAlign",1059.185,1081.71749,"#"
"PhonAlign",1081.71749,1081.82749,"w"
"PhonAlign",1081.82749,1082.212477,"E"
"PhonAlign",1082.212477,1096.345,"#"
"PhonAlign",1096.345,1096.445,"s"
"PhonAlign",1096.445,1096.495,"y"
"PhonAlign",1096.495,1096.575,"p"
"PhonAlign",1096.575,1096.685,"E"
"PhonAlign",1096.685,1096.8,"R"
"TokensAlign",0.0,29.46,"#"
"TokensAlign",29.46,29.73,"non"
"TokensAlign",29.73,29.86,"je"
"TokensAlign",29.86,30.04,"sais"
"TokensAlign",30.04,30.24,"pas"
"TokensAlign",30.24,30.44,"après"
"TokensAlign",30.44,30.55,"je"
"TokensAlign",30.55,30.72,"pense"
"TokensAlign",30.72,30.83,"que"
"TokensAlign",30.83,31.02,"si"
"TokensAlign",31.02,31.14,"on"
"TokensAlign",31.14,31.33,"veut"
"TokensAlign",31.33,31.81,"toucher"
"TokensAlign",31.81,31.84,"le"
"TokensAlign",31.84,32.11,"plus"
"TokensAlign",32.11,32.29,"de"
"TokensAlign",32.29,32.59,"monde"
"TokensAlign",32.59,33.6,"possible"
"TokensAlign",33.6,33.715,"euh"
"TokensAlign",33.715,34.122371,"#"
"TokensAlign",34.122371,34.272371,"il"
"TokensAlign",34.272371,34.512371,"faut"
"TokensAlign",34.512371,34.852371,"prendre"
"TokensAlign",34.852371,34.982371,"un"
"TokensAlign",34.982371,35.542371,"genre"
"TokensAlign",35.542371,35.8,"que"
"TokensAlign",35.8,36.22,"#"
"TokensAlign",36.22,36.46,"en"
"TokensAlign",36.46,36.66,"gros"
"TokensAlign",36.66,36.88,"tout_le"
"TokensAlign",36.88,37.19,"monde"
"TokensAlign",37.19,37.37,"peut"
"TokensAlign",37.37,37.83,"aimer"
"TokensAlign",37.83,37.86,"ou"
"TokensAlign",37.86,38.331562,"regarder"
"TokensAlign",38.331562,47.38,"#"
"TokensAlign",47.38,47.605,"ouais"
"TokensAlign",47.605,48.339099,"#"
"TokensAlign",48.339099,48.675,"*"
"TokensAlign",48.675,48.785,"je"
"TokensAlign",48.785,48.965,"suis"
"TokensAlign",48.965,49.145,"assez"
"TokensAlign",49.145,49.235,"sur"
"TokensAlign",49.235,49.315,"la"
"TokensAlign",49.315,49.615,"comédie"
"TokensAlign",49.615,49.645,"je"
"TokensAlign",49.645,49.765,"suis"
"TokensAlign",49.765,49.915,"assez"
"TokensAlign",49.915,50.363438,"d'accord"
"TokensAlign",50.363438,53.605,"#"
"TokensAlign",53.605,53.815,"non"
"TokensAlign",53.815,53.905,"les"
"TokensAlign",53.905,54.275,"comédies"
"TokensAlign",54.275,54.66,"classiques"
"TokensAlign",54.66,55.675,"#"
"TokensAlign",55.675,55.93,"ouais"
"TokensAlign",55.93,57.57,"#"
"TokensAlign",57.57,57.68,"on"
"TokensAlign",57.68,57.78,"a"
"TokensAlign",57.78,58.1,"bien"
"TokensAlign",58.1,58.42,"compris"
"TokensAlign",58.42,58.76,"SPEAKER_2"
"TokensAlign",58.76,58.79,"que"
"TokensAlign",58.79,58.84,"t'"
"TokensAlign",58.84,59.18,"étais"
"TokensAlign",59.18,59.29,"pas"
"TokensAlign",59.29,59.46,"très"
"TokensAlign",59.46,59.99,"comédies"
"TokensAlign",59.99,60.38,"comédies"
"TokensAlign",60.38,61.035,"romantiques"
"TokensAlign",61.035,65.557547,"#"
"TokensAlign",65.557547,65.841962,"oui"
"TokensAlign",65.841962,82.06,"#"
"TokensAlign",82.06,82.24000000000001,"ouais"
"TokensAlign",82.24000000000001,82.47,"les"
"TokensAlign",82.47,82.68,"super"
"TokensAlign",82.68,82.91,"héros"
"TokensAlign",82.91,83.075,"oui"
"TokensAlign",83.075,88.404492,"#"
"TokensAlign",88.404492,89.015456,"*"
"TokensAlign",89.015456,92.807391,"#"
"TokensAlign",92.807391,99.291459,"#"
"TokensAlign",99.291459,99.678014,"mhh"
"TokensAlign",99.678014,143.64,"#"
"TokensAlign",143.64,143.94,"bah"
"TokensAlign",143.94,144.11,"je"
"TokensAlign",144.11,144.33999999999995,"pense"
"TokensAlign",144.33999999999995,144.66,"du_coup"
"TokensAlign",144.66,144.76999999999998,"pas"
"TokensAlign",144.76999999999998,145.01999999999998,"art"
"TokensAlign",145.01999999999998,145.48999999999998,"déco"
"TokensAlign",145.48999999999998,145.70999999999998,"si"
"TokensAlign",145.70999999999998,145.86999999999998,"on"
"TokensAlign",145.86999999999998,146.11,"fait"
"TokensAlign",146.11,146.23999999999998,"les"
"TokensAlign",146.23999999999998,146.76999999999998,"marvel"
"TokensAlign",146.76999999999998,146.85,"et"
"TokensAlign",146.85,146.95999999999998,"les"
"TokensAlign",146.95999999999998,147.61999999999998,"comédies"
"TokensAlign",147.61999999999998,148.03,"euh"
"TokensAlign",148.03,148.74,"#"
"TokensAlign",148.74,149.01000000000002,"art"
"TokensAlign",149.01000000000002,149.23000000000002,"déco"
"TokensAlign",149.23000000000002,149.32000000000002,"je"
"TokensAlign",149.32000000000002,149.53,"pense"
"TokensAlign",149.53,149.56,"que"
"TokensAlign",149.56,149.73000000000002,"c'est"
"TokensAlign",149.73000000000002,149.9,"pas"
"TokensAlign",149.9,150.21,"tout_à_fait"
"TokensAlign",150.21,150.24,"le"
"TokensAlign",150.24,150.51000000000002,"même"
"TokensAlign",150.51000000000002,150.62,"type"
"TokensAlign",150.62,150.65,"de"
"TokensAlign",150.65,151.375,"public"
"TokensAlign",151.375,159.46,"#"
"TokensAlign",159.46,159.765,"oui"
"TokensAlign",159.765,160.35,"#"
"TokensAlign",160.35,160.68,"après"
"TokensAlign",160.68,160.71,"ça"
"TokensAlign",160.71,161.06,"réduit"
"TokensAlign",161.06,161.38,"aussi"
"TokensAlign",161.38,161.51,"le"
"TokensAlign",161.51,161.71,"nombre"
"TokensAlign",161.71,161.81,"de"
"TokensAlign",161.81,162.455,"spectateurs"
"TokensAlign",162.455,162.725,"#"
"TokensAlign",162.725,162.765,"faut"
"TokensAlign",162.765,163.125,"voir"
"TokensAlign",163.125,187.025,"#"
"TokensAlign",187.025,187.345,"vraiment"
"TokensAlign",187.345,187.425,"je"
"TokensAlign",187.425,187.555,"trouve"
"TokensAlign",187.555,187.735,"ça"
"TokensAlign",187.735,188.365,"original"
"TokensAlign",188.365,188.772188,"du_coup"
"TokensAlign",188.772188,207.005322,"#"
"TokensAlign",207.005322,207.555308,"ouais"
"TokensAlign",207.555308,223.09,"#"
"TokensAlign",223.09,223.27,"faut"
"TokensAlign",223.27,223.43,"être"
"TokensAlign",223.43,223.65,"dix"
"TokensAlign",223.65,223.86,"film"
"TokensAlign",223.86,224.28,"ah"
"TokensAlign",224.28,224.35,"oui"
"TokensAlign",224.35,224.43,"#"
"TokensAlign",224.43,224.739136,"@"
"TokensAlign",224.739136,231.357304,"#"
"TokensAlign",231.357304,231.888958,"ouais"
"TokensAlign",231.888958,236.36,"#"
"TokensAlign",236.36,236.93,"commençons"
"TokensAlign",236.93,237.12,"par"
"TokensAlign",237.12,237.85,"comédie"
"TokensAlign",237.85,241.515,"#"
"TokensAlign",241.515,243.160313,"euh"
"TokensAlign",243.160313,245.655,"#"
"TokensAlign",245.655,245.875,"bah"
"TokensAlign",245.875,246.115,"c'est"
"TokensAlign",246.115,246.375,"plutôt"
"TokensAlign",246.375,246.795,"comédie"
"TokensAlign",246.795,247.495,"romantique"
"TokensAlign",247.495,247.535,"je"
"TokensAlign",247.535,247.665,"suis"
"TokensAlign",247.665,247.815,"pas"
"TokensAlign",247.815,248.385,"certaine"
"TokensAlign",248.385,248.765,"que"
"TokensAlign",248.765,248.935,"en"
"TokensAlign",248.935,249.145,"plus"
"TokensAlign",249.145,249.225,"c'est"
"TokensAlign",249.225,249.485,"un"
"TokensAlign",249.485,249.975,"peu"
"TokensAlign",249.975,250.055,"euh"
"TokensAlign",250.055,250.135,"je"
"TokensAlign",250.135,250.165,"sais"
"TokensAlign",250.165,250.255,"pas"
"TokensAlign",250.255,250.415,"si"
"TokensAlign",250.415,250.475,"vous"
"TokensAlign",250.475,250.555,"l'"
"TokensAlign",250.555,250.705,"avez"
"TokensAlign",250.705,250.845,"vu"
"TokensAlign",250.845,251.075,"hein"
"TokensAlign",251.075,251.145,"#"
"TokensAlign",251.145,251.285,"je"
"TokensAlign",251.285,251.645,"trouvais"
"TokensAlign",251.645,251.995,"ça"
"TokensAlign",251.995,252.055,"un"
"TokensAlign",252.055,252.115,"peu"
"TokensAlign",252.115,252.785,"déjanté"
"TokensAlign",252.785,252.91,"donc"
"TokensAlign",252.91,252.97,"#"
"TokensAlign",252.97,253.635,"euh"
"TokensAlign",253.635,253.735,"#"
"TokensAlign",253.735,254.075,"comédie"
"TokensAlign",254.075,254.755,"romantique"
"TokensAlign",254.755,254.805,"et"
"TokensAlign",254.805,255.245,"déjanté"
"TokensAlign",255.245,255.365,"en"
"TokensAlign",255.365,255.59500000000003,"même"
"TokensAlign",255.59500000000003,256.065,"temps"
"TokensAlign",256.065,256.305,"euh"
"TokensAlign",256.305,256.425,"je"
"TokensAlign",256.425,256.575,"pense"
"TokensAlign",256.575,256.665,"que"
"TokensAlign",256.665,256.875,"c'est"
"TokensAlign",256.875,257.115,"#"
"TokensAlign",257.115,257.21500000000003,"et"
"TokensAlign",257.21500000000003,257.395,"en"
"TokensAlign",257.395,257.635,"plus"
"TokensAlign",257.635,258.33,"musical"
"TokensAlign",258.33,258.989687,"#"
"TokensAlign",258.989687,259.33804,"*"
"TokensAlign",259.33804,260.025,"#"
"TokensAlign",260.025,260.065,"je"
"TokensAlign",260.065,260.155,"pense"
"TokensAlign",260.155,260.265,"que"
"TokensAlign",260.265,260.495,"c'est"
"TokensAlign",260.495,261.065,"vraiment"
"TokensAlign",261.065,261.145,"pas"
"TokensAlign",261.145,261.36499999999995,"trop"
"TokensAlign",261.36499999999995,261.945,"accessible"
"TokensAlign",261.945,262.045,"à"
"TokensAlign",262.045,262.165,"tout_le"
"TokensAlign",262.165,262.375,"monde"
"TokensAlign",262.375,262.61499999999995,"déjà"
"TokensAlign",262.61499999999995,262.825,"moi"
"TokensAlign",262.825,263.025,"qui"
"TokensAlign",263.025,263.435,"adore"
"TokensAlign",263.435,263.625,"ce"
"TokensAlign",263.625,263.885,"genre"
"TokensAlign",263.885,263.945,"de"
"TokensAlign",263.945,264.17499999999995,"film"
"TokensAlign",264.17499999999995,264.315,"j'"
"TokensAlign",264.315,264.395,"ai"
"TokensAlign",264.395,264.87,"pas"
"TokensAlign",264.87,265.21,"#"
"TokensAlign",265.21,265.27,"j"
"TokensAlign",265.27,265.39,"ai"
"TokensAlign",265.39,265.71,"accroché"
"TokensAlign",265.71,265.89,"sans"
"TokensAlign",265.89,266.03,"plus"
"TokensAlign",266.03,266.345,"#"
"TokensAlign",266.345,266.47,"*"
"TokensAlign",266.47,267.03,"#"
"TokensAlign",267.03,267.38,"euh"
"TokensAlign",267.38,267.44,"non"
"TokensAlign",267.44,267.72,"plutôt"
"TokensAlign",267.72,268.47,"comédie"
"TokensAlign",268.47,268.692188,"euh"
"TokensAlign",268.692188,273.515,"#"
"TokensAlign",273.515,273.665,"ah"
"TokensAlign",273.665,273.895,"oui"
"TokensAlign",273.895,274.085,"#"
"TokensAlign",274.085,274.36,"ouais"
"TokensAlign",274.36,275.865,"#"
"TokensAlign",275.865,276.02500000000003,"ouais"
"TokensAlign",276.02500000000003,276.15500000000003,"c'est"
"TokensAlign",276.15500000000003,276.285,"pas"
"TokensAlign",276.285,276.455,"mal"
"TokensAlign",276.455,276.635,"ça"
"TokensAlign",276.635,276.995,"#"
"TokensAlign",276.995,277.065,"c'est"
"TokensAlign",277.065,277.195,"une"
"TokensAlign",277.195,277.285,"bonne"
"TokensAlign",277.285,277.475,"idée"
"TokensAlign",277.475,278.33,"#"
"TokensAlign",278.33,278.49,"c'est"
"TokensAlign",278.49,278.67,"un"
"TokensAlign",278.67,279.01,"peu"
"TokensAlign",279.01,281.47259,"#"
"TokensAlign",281.47259,281.949245,"ouais"
"TokensAlign",281.949245,282.935,"#"
"TokensAlign",282.935,283.145,"oui"
"TokensAlign",283.145,283.265,"c'est"
"TokensAlign",283.265,283.435,"vrai"
"TokensAlign",283.435,283.465,"qu'"
"TokensAlign",283.465,283.575,"ils"
"TokensAlign",283.575,283.675,"ont"
"TokensAlign",283.675,283.865,"fait"
"TokensAlign",283.865,284.095,"ça"
"TokensAlign",284.095,284.215,"c'est"
"TokensAlign",284.215,284.375,"un"
"TokensAlign",284.375,284.535,"peu"
"TokensAlign",284.535,284.755,"comme"
"TokensAlign",284.755,285.125,"les"
"TokensAlign",285.125,285.705,"bronzés"
"TokensAlign",285.705,285.735,"de"
"TokensAlign",285.735,285.765,"l'"
"TokensAlign",285.765,286.415,"époque"
"TokensAlign",286.415,286.715,"où"
"TokensAlign",286.715,286.855,"qu'"
"TokensAlign",286.855,287.045,"est-ce_qu'"
"TokensAlign",287.045,287.075,"on"
"TokensAlign",287.075,287.195,"a"
"TokensAlign",287.195,287.365,"faitau"
"TokensAlign",287.365,287.505,"bon"
"TokensAlign",287.505,287.625,"dieu"
"TokensAlign",287.625,287.815,"c'est"
"TokensAlign",287.815,288.025,"des"
"TokensAlign",288.025,288.775,"comédies"
"TokensAlign",288.775,288.935,"où"
"TokensAlign",288.935,289.625,"effectivement"
"TokensAlign",289.625,289.825,"c'est"
"TokensAlign",289.825,290.265,"drôle"
"TokensAlign",290.265,290.495,"c'est"
"TokensAlign",290.495,291.305,"jeune"
"TokensAlign",291.305,291.36,"euh"
"TokensAlign",291.36,291.87,"#"
"TokensAlign",291.87,292.03000000000003,"pense"
"TokensAlign",292.03000000000003,292.09000000000003,"que"
"TokensAlign",292.09000000000003,292.25,"ça"
"TokensAlign",292.25,292.37,"ça"
"TokensAlign",292.37,292.49,"peut"
"TokensAlign",292.49,292.86,"marcher"
"TokensAlign",292.86,292.955,"ouais"
"TokensAlign",292.955,308.78,"#"
"TokensAlign",308.78,308.94,"oui"
"TokensAlign",308.94,309.22,"oui"
"TokensAlign",309.22,309.54,"#"
"TokensAlign",309.54,309.71000000000004,"combien"
"TokensAlign",309.71000000000004,309.79,"il"
"TokensAlign",309.79,309.88,"en"
"TokensAlign",309.88,310.1,"faut"
"TokensAlign",310.1,310.44,"dix"
"TokensAlign",310.44,315.705,"#"
"TokensAlign",315.705,315.835,"pour"
"TokensAlign",315.835,316.165,"moi"
"TokensAlign",316.165,316.195,"le"
"TokensAlign",316.195,316.295,"le"
"TokensAlign",316.295,316.485,"dans"
"TokensAlign",316.485,316.595,"les"
"TokensAlign",316.595,317.055,"bronzés"
"TokensAlign",317.055,317.175,"le"
"TokensAlign",317.175,317.335,"plus"
"TokensAlign",317.335,317.615,"drôle"
"TokensAlign",317.615,317.835,"c'est"
"TokensAlign",317.835,317.995,"le"
"TokensAlign",317.995,318.305,"deux"
"TokensAlign",318.305,318.525,"#"
"TokensAlign",318.525,318.625,"celui"
"TokensAlign",318.625,318.695,"au"
"TokensAlign",318.695,319.115,"ski"
"TokensAlign",319.115,320.34,"#"
"TokensAlign",320.34,320.51,"après"
"TokensAlign",320.51,320.54999999999995,"je"
"TokensAlign",320.54999999999995,320.61,"sais"
"TokensAlign",320.61,320.72,"pas"
"TokensAlign",320.72,320.86999999999995,"si"
"TokensAlign",320.86999999999995,321.01,"vous"
"TokensAlign",321.01,321.13,"avez"
"TokensAlign",321.13,321.23,"vu"
"TokensAlign",321.23,321.35,"les"
"TokensAlign",321.35,321.71,"bronzés"
"TokensAlign",321.71,321.86999999999995,"le"
"TokensAlign",321.86999999999995,322.2,"trois"
"TokensAlign",322.2,322.53,"il"
"TokensAlign",322.53,322.58,"est"
"TokensAlign",322.58,322.89,"pour"
"TokensAlign",322.89,322.98,"moi"
"TokensAlign",322.98,323.01,"il"
"TokensAlign",323.01,323.05,"est"
"TokensAlign",323.05,323.34,"#"
"TokensAlign",323.34,323.605,"pourri"
"TokensAlign",323.605,324.225,"#"
"TokensAlign",324.225,324.485,"le"
"TokensAlign",324.485,324.685,"un"
"TokensAlign",324.685,324.82500000000005,"était"
"TokensAlign",324.82500000000005,325.15500000000003,"drôle"
"TokensAlign",325.15500000000003,325.21500000000003,"mais"
"TokensAlign",325.21500000000003,325.365,"je"
"TokensAlign",325.365,325.545,"pense"
"TokensAlign",325.545,325.625,"que"
"TokensAlign",325.625,325.96500000000003,"c'était"
"TokensAlign",325.96500000000003,326.14500000000004,"le"
"TokensAlign",326.14500000000004,327.535,"premier"
"TokensAlign",327.535,327.595,"donc"
"TokensAlign",327.595,327.63,"euh"
"TokensAlign",327.63,328.255,"#"
"TokensAlign",328.255,328.315,"je"
"TokensAlign",328.315,328.485,"trouve"
"TokensAlign",328.485,328.525,"que"
"TokensAlign",328.525,328.655,"le"
"TokensAlign",328.655,329.005,"deuxième"
"TokensAlign",329.005,329.285,"c'était"
"TokensAlign",329.285,329.435,"plus"
"TokensAlign",329.435,329.655,"drôle"
"TokensAlign",329.655,329.895,"après"
"TokensAlign",329.895,329.945,"je"
"TokensAlign",329.945,330.065,"sais"
"TokensAlign",330.065,330.205,"pas"
"TokensAlign",330.205,330.515,"si"
"TokensAlign",330.515,330.645,"ce"
"TokensAlign",330.645,330.725,"que"
"TokensAlign",330.725,330.855,"vous"
"TokensAlign",330.855,331.045,"en"
"TokensAlign",331.045,331.435,"pensez"
"TokensAlign",331.435,331.775,"mais"
"TokensAlign",331.775,334.834397,"#"
"TokensAlign",334.834397,335.292719,"ouais"
"TokensAlign",335.292719,349.275,"#"
"TokensAlign",349.275,349.475,"ouais"
"TokensAlign",349.475,349.735,"c'était"
"TokensAlign",349.735,349.905,"pas"
"TokensAlign",349.905,350.065,"mal"
"TokensAlign",350.065,350.282813,"ça"
"TokensAlign",350.282813,360.44,"#"
"TokensAlign",360.44,360.55,"on"
"TokensAlign",360.55,360.62,"est"
"TokensAlign",360.62,360.66,"à"
"TokensAlign",360.66,360.91,"combien"
"TokensAlign",360.91,360.97,"la"
"TokensAlign",360.97,361.32,"quatre"
"TokensAlign",361.32,361.656563,"du_coup"
"TokensAlign",361.656563,363.45,"#"
"TokensAlign",363.45,363.681562,"cinq"
"TokensAlign",363.681562,365.91,"#"
"TokensAlign",365.91,366.5,"ouais"
"TokensAlign",366.5,366.62,"ouais"
"TokensAlign",366.62,367.0700000000001,"babysitting"
"TokensAlign",367.0700000000001,367.24,"les"
"TokensAlign",367.24,367.91,"bronzé"
"TokensAlign",367.91,368.11,"#"
"TokensAlign",368.11,368.31,"ouais"
"TokensAlign",368.31,368.72,"#"
"TokensAlign",368.72,369.385313,"euh"
"TokensAlign",369.385313,373.965,"#"
"TokensAlign",373.965,374.185,"ouais"
"TokensAlign",374.185,374.485,"voilà"
"TokensAlign",374.485,374.665,"parce_qu'"
"TokensAlign",374.665,374.715,"il_y"
"TokensAlign",374.715,374.745,"a"
"TokensAlign",374.745,375.085,"aussi"
"TokensAlign",375.085,375.225,"ça"
"TokensAlign",375.225,375.395,"ces"
"TokensAlign",375.395,375.675,"vieilles"
"TokensAlign",375.675,376.175,"comédies"
"TokensAlign",376.175,376.665,"après"
"TokensAlign",376.665,376.695,"il_y"
"TokensAlign",376.695,376.765,"a"
"TokensAlign",376.765,376.985,"même"
"TokensAlign",376.985,377.385,"plus"
"TokensAlign",377.385,377.705,"vieux"
"TokensAlign",377.705,377.955,"mais"
"TokensAlign",377.955,378.085,"la"
"TokensAlign",378.085,378.285,"soupe"
"TokensAlign",378.285,378.435,"au"
"TokensAlign",378.435,378.685,"chou"
"TokensAlign",378.685,378.845,"des"
"TokensAlign",378.845,378.965,"trucs"
"TokensAlign",378.965,379.085,"comme"
"TokensAlign",379.085,379.255,"ça"
"TokensAlign",379.255,379.375,"je"
"TokensAlign",379.375,379.525,"pense"
"TokensAlign",379.525,379.595,"qu'"
"TokensAlign",379.595,379.625,"il_y"
"TokensAlign",379.625,379.705,"a"
"TokensAlign",379.705,379.985,"beaucoup"
"TokensAlign",379.985,380.055,"de"
"TokensAlign",380.055,380.245,"gens"
"TokensAlign",380.245,380.555,"aussi"
"TokensAlign",380.555,381.045,"qui"
"TokensAlign",381.045,381.305,"qui"
"TokensAlign",381.305,381.475,"ont"
"TokensAlign",381.475,381.625,"vu"
"TokensAlign",381.625,381.885,"ça"
"TokensAlign",381.885,381.915,"mais"
"TokensAlign",381.915,381.975,"c'est"
"TokensAlign",381.975,382.055,"un"
"TokensAlign",382.055,382.825,"peu"
"TokensAlign",382.825,383.365,"dépassé"
"TokensAlign",383.365,383.725,"mais"
"TokensAlign",383.725,383.825,"oui"
"TokensAlign",383.825,384.155,"le"
"TokensAlign",384.155,384.295,"père"
"TokensAlign",384.295,384.415,"noël"
"TokensAlign",384.415,384.455,"est"
"TokensAlign",384.455,384.515,"une"
"TokensAlign",384.515,384.895,"ordure"
"TokensAlign",384.895,385.035,"c'est"
"TokensAlign",385.035,385.095,"une"
"TokensAlign",385.095,385.295,"bonne"
"TokensAlign",385.295,385.545,"idée"
"TokensAlign",385.545,386.185,"#"
"TokensAlign",386.185,386.285,"et"
"TokensAlign",386.285,386.475,"après"
"TokensAlign",386.475,386.535,"il"
"TokensAlign",386.535,386.655,"en"
"TokensAlign",386.655,386.945,"faudrait"
"TokensAlign",386.945,387.025,"une"
"TokensAlign",387.025,387.265,"plus"
"TokensAlign",387.265,387.795,"récente"
"TokensAlign",387.795,387.885,"là"
"TokensAlign",387.885,388.055,"je"
"TokensAlign",388.055,388.085,"sais"
"TokensAlign",388.085,388.215,"pas"
"TokensAlign",388.215,388.295,"ce"
"TokensAlign",388.295,388.385,"qui"
"TokensAlign",388.385,388.435,"est"
"TokensAlign",388.435,388.855,"sorti"
"TokensAlign",388.855,389.555,"récemment"
"TokensAlign",389.555,389.585,"euh"
"TokensAlign",389.585,390.055,"ben"
"TokensAlign",390.055,390.335,"avec"
"TokensAlign",390.335,390.485,"le"
"TokensAlign",390.485,390.825,"covid"
"TokensAlign",390.825,390.885,"en"
"TokensAlign",390.885,391.045,"même"
"TokensAlign",391.045,391.375,"temps"
"TokensAlign",391.375,391.425,"je"
"TokensAlign",391.425,391.515,"suis"
"TokensAlign",391.515,391.605,"pas"
"TokensAlign",391.605,391.735,"allée"
"TokensAlign",391.735,391.905,"trop"
"TokensAlign",391.905,391.965,"au"
"TokensAlign",391.965,392.535,"ciné"
"TokensAlign",392.535,392.69,"mais"
"TokensAlign",392.69,393.682658,"#"
"TokensAlign",393.682658,394.080281,"@"
"TokensAlign",394.080281,395.45,"#"
"TokensAlign",395.45,396.41,"hum"
"TokensAlign",396.41,401.430901,"#"
"TokensAlign",401.430901,402.292546,"ouais"
"TokensAlign",402.292546,404.78,"#"
"TokensAlign",404.78,404.88,"bon"
"TokensAlign",404.88,405.18,"c'était"
"TokensAlign",405.18,405.45,"c'était"
"TokensAlign",405.45,405.72,"drôle"
"TokensAlign",405.72,405.85,"en"
"TokensAlign",405.85,406.13,"plus"
"TokensAlign",406.13,406.445,"hein"
"TokensAlign",406.445,406.61,"#"
"TokensAlign",406.61,406.76,"le"
"TokensAlign",406.76,407.08,"deux"
"TokensAlign",407.08,407.17,"je"
"TokensAlign",407.17,407.2,"l'"
"TokensAlign",407.2,407.27,"ai"
"TokensAlign",407.27,407.52,"pas"
"TokensAlign",407.52,407.73,"vu"
"TokensAlign",407.73,408.2,"mais"
"TokensAlign",408.2,408.77,"#"
"TokensAlign",408.77,409.1,"en_tout_cas"
"TokensAlign",409.1,409.15,"le"
"TokensAlign",409.15,409.24,"un"
"TokensAlign",409.24,409.32,"était"
"TokensAlign",409.32,409.73,"drôle"
"TokensAlign",409.73,410.06,"+"
"TokensAlign",410.06,410.19,"en"
"TokensAlign",410.19,410.66,"général"
"TokensAlign",410.66,410.69,"j'"
"TokensAlign",410.69,410.81,"aime"
"TokensAlign",410.81,410.89,"pas"
"TokensAlign",410.89,411.02,"quand"
"TokensAlign",411.02,411.3,"il_y"
"TokensAlign",411.3,411.33,"a"
"TokensAlign",411.33,411.42,"j'"
"TokensAlign",411.42,411.59,"aime"
"TokensAlign",411.59,411.74,"pas"
"TokensAlign",411.74,411.89,"trop"
"TokensAlign",411.89,411.95,"quand"
"TokensAlign",411.95,411.98,"il_y"
"TokensAlign",411.98,412.11,"a"
"TokensAlign",412.11,412.35,"des"
"TokensAlign",412.35,412.65,"numéros"
"TokensAlign",412.65,412.86,"deux"
"TokensAlign",412.86,412.94,"de"
"TokensAlign",412.94,413.1,"toute"
"TokensAlign",413.1,413.305,"façon"
"TokensAlign",413.305,416.812183,"#"
"TokensAlign",416.812183,417.288838,"allez"
"TokensAlign",417.288838,424.74,"#"
"TokensAlign",424.74,425.140313,"non"
"TokensAlign",425.140313,427.535,"#"
"TokensAlign",427.535,427.675,"ben"
"TokensAlign",427.675,427.75500000000005,"je"
"TokensAlign",427.75500000000005,427.925,"pense"
"TokensAlign",427.925,428.025,"que"
"TokensAlign",428.025,428.095,"l'"
"TokensAlign",428.095,428.725,"incontournable"
"TokensAlign",428.725,428.835,"c'est"
"TokensAlign",428.835,428.895,"quand"
"TokensAlign",428.895,429.155,"même"
"TokensAlign",429.155,429.415,"iron"
"TokensAlign",429.415,429.515,"man"
"TokensAlign",429.515,429.764063,"pour"
"TokensAlign",429.764063,431.015,"#"
"TokensAlign",431.015,431.145,"pour"
"TokensAlign",431.145,431.185,"le"
"TokensAlign",431.185,431.468438,"coup"
"TokensAlign",431.468438,434.43,"#"
"TokensAlign",434.43,434.56,"c'est"
"TokensAlign",434.56,434.87,"vrai"
"TokensAlign",434.87,435.195,"#"
"TokensAlign",435.195,435.365,"ah"
"TokensAlign",435.365,435.525,"ben"
"TokensAlign",435.525,435.665,"des"
"TokensAlign",435.665,436.125,"marvel"
"TokensAlign",436.125,436.165,"ah"
"TokensAlign",436.165,436.305,"moi"
"TokensAlign",436.305,436.395,"je"
"TokensAlign",436.395,436.535,"les"
"TokensAlign",436.535,436.745,"fait"
"TokensAlign",436.745,436.895,"dans"
"TokensAlign",436.895,436.955,"l'o-"
"TokensAlign",436.955,437.045,"ben"
"TokensAlign",437.045,437.355,"alors"
"TokensAlign",437.355,437.465,"moi"
"TokensAlign",437.465,437.545,"je"
"TokensAlign",437.545,437.795,"les"
"TokensAlign",437.795,437.895,"fait"
"TokensAlign",437.895,438.035,"dans"
"TokensAlign",438.035,438.115,"l'"
"TokensAlign",438.115,438.275,"orde"
"TokensAlign",438.275,438.875,"parce_que"
"TokensAlign",438.875,439.6,"#"
"TokensAlign",439.6,439.86,"mon"
"TokensAlign",439.86,440.35,"mari"
"TokensAlign",440.35,440.39,"est"
"TokensAlign",440.39,440.5700000000001,"fan"
"TokensAlign",440.5700000000001,440.7000000000001,"de"
"TokensAlign",440.7000000000001,441.22,"marvel"
"TokensAlign",441.22,441.49,"donc"
"TokensAlign",441.49,441.829687,"euh"
"TokensAlign",441.829687,442.46,"#"
"TokensAlign",442.46,442.55,"il"
"TokensAlign",442.55,442.58,"me"
"TokensAlign",442.58,442.94,"fait"
"TokensAlign",442.94,443.68,"ingurgiter"
"TokensAlign",443.68,443.92,"tous_les"
"TokensAlign",443.92,444.36,"marvel"
"TokensAlign",444.36,444.49,"les"
"TokensAlign",444.49,444.62,"uns"
"TokensAlign",444.62,444.98,"derrière"
"TokensAlign",444.98,445.32,"les_autres"
"TokensAlign",445.32,445.937453,"#"
"TokensAlign",445.937453,445.977453,"euh"
"TokensAlign",445.977453,446.497453,"parce_que"
"TokensAlign",446.497453,446.557453,"j'"
"TokensAlign",446.557453,446.727453,"avais"
"TokensAlign",446.727453,447.017453,"jamais"
"TokensAlign",447.017453,447.137453,"vu"
"TokensAlign",447.137453,447.167453,"un"
"TokensAlign",447.167453,447.737453,"marvel"
"TokensAlign",447.737453,447.857453,"de"
"TokensAlign",447.857453,448.027453,"ma"
"TokensAlign",448.027453,448.177453,"vie"
"TokensAlign",448.177453,448.397453,"si"
"TokensAlign",448.397453,448.717453,"vite"
"TokensAlign",448.717453,448.897453,"fait"
"TokensAlign",448.897453,449.037453,"comme"
"TokensAlign",449.037453,449.297453,"ça"
"TokensAlign",449.297453,449.327453,"au"
"TokensAlign",449.327453,449.857453,"passage"
"TokensAlign",449.857453,450.097453,"donc"
"TokensAlign",450.097453,450.317453,"euh"
"TokensAlign",450.317453,450.547453,"du_coup"
"TokensAlign",450.547453,450.697453,"on"
"TokensAlign",450.697453,450.807453,"les"
"TokensAlign",450.807453,451.017453,"fait"
"TokensAlign",451.017453,451.357453,"tous"
"TokensAlign",451.357453,451.807453,"et"
"TokensAlign",451.807453,451.837453,"on"
"TokensAlign",451.837453,452.207453,"les"
"TokensAlign",452.207453,452.327453,"fait"
"TokensAlign",452.327453,452.497453,"dans"
"TokensAlign",452.497453,452.537453,"l'"
"TokensAlign",452.537453,452.947453,"ordre"
"TokensAlign",452.947453,453.02,"là"
"TokensAlign",453.02,453.41,"#"
"TokensAlign",453.41,453.68,"donc"
"TokensAlign",453.68,454.085,"euh"
"TokensAlign",454.085,455.385,"#"
"TokensAlign",455.385,455.645,"donc"
"TokensAlign",455.645,455.965,"pour"
"TokensAlign",455.965,456.065,"moi"
"TokensAlign",456.065,456.315,"pour"
"TokensAlign",456.315,456.545,"tous"
"TokensAlign",456.545,456.765,"ceux"
"TokensAlign",456.765,456.795,"que"
"TokensAlign",456.795,456.905,"j'"
"TokensAlign",456.905,457.035,"ai"
"TokensAlign",457.035,457.225,"vus"
"TokensAlign",457.225,457.385,"pour"
"TokensAlign",457.385,457.415,"l'"
"TokensAlign",457.415,457.795,"instant"
"TokensAlign",457.795,457.875,"j'"
"TokensAlign",457.875,457.925,"ai"
"TokensAlign",457.925,458.185,"trouvé"
"TokensAlign",458.185,458.305,"qu'"
"TokensAlign",458.305,458.495,"iron"
"TokensAlign",458.495,458.645,"man"
"TokensAlign",458.645,458.785,"c'était"
"TokensAlign",458.785,459.075,"le"
"TokensAlign",459.075,459.365,"mieux"
"TokensAlign",459.365,459.649688,"mais"
"TokensAlign",459.649688,465.897598,"#"
"TokensAlign",465.897598,466.575915,"ouais"
"TokensAlign",466.575915,472.930313,"#"
"TokensAlign",472.930313,473.295,"ouais"
"TokensAlign",473.295,473.685,"#"
"TokensAlign",473.685,474.215,"exactement"
"TokensAlign",474.215,474.364688,"ouais"
"TokensAlign",474.364688,485.605,"#"
"TokensAlign",485.605,485.875,"je"
"TokensAlign",485.875,486.115,"moi"
"TokensAlign",486.115,486.145,"je"
"TokensAlign",486.145,486.285,"les"
"TokensAlign",486.285,486.385,"ai"
"TokensAlign",486.385,486.615,"pas"
"TokensAlign",486.615,486.705,"vus"
"TokensAlign",486.705,487.235,"je"
"TokensAlign",487.235,487.345,"je"
"TokensAlign",487.345,487.375,"sais"
"TokensAlign",487.375,487.493438,"pas"
"TokensAlign",487.493438,490.625,"#"
"TokensAlign",490.625,491.01,"ouais"
"TokensAlign",491.01,492.245,"#"
"TokensAlign",492.245,492.415,"ben"
"TokensAlign",492.415,492.795,"deadpool"
"TokensAlign",492.795,492.915,"je"
"TokensAlign",492.915,493.095,"sais"
"TokensAlign",493.095,493.125,"que"
"TokensAlign",493.125,493.465,"c'est"
"TokensAlign",493.465,493.525,"ça"
"TokensAlign",493.525,493.785,"avait"
"TokensAlign",493.785,493.945,"bien"
"TokensAlign",493.945,494.495,"marché"
"TokensAlign",494.495,495.378253,"#"
"TokensAlign",495.378253,495.418253,"et"
"TokensAlign",495.418253,495.478253,"que"
"TokensAlign",495.478253,496.328253,"tout_le"
"TokensAlign",496.328253,496.558253,"monde"
"TokensAlign",496.558253,496.618253,"m'"
"TokensAlign",496.618253,496.808253,"a"
"TokensAlign",496.808253,497.128253,"conseillé"
"TokensAlign",497.128253,497.158253,"de"
"TokensAlign",497.158253,497.218253,"le"
"TokensAlign",497.218253,497.788253,"regarder"
"TokensAlign",497.788253,498.258253,"après"
"TokensAlign",498.258253,498.288253,"euh"
"TokensAlign",498.288253,498.438253,"ouais"
"TokensAlign",498.438253,498.798253,"c'est"
"TokensAlign",498.798253,499.008253,"quoi"
"TokensAlign",499.008253,499.258253,"de"
"TokensAlign",499.258253,499.338253,"je"
"TokensAlign",499.338253,499.498253,"crois"
"TokensAlign",499.498253,499.528253,"que"
"TokensAlign",499.528253,499.668253,"mon"
"TokensAlign",499.668253,499.988253,"fils"
"TokensAlign",499.988253,500.018253,"l'"
"TokensAlign",500.018253,500.098253,"a"
"TokensAlign",500.098253,500.288253,"vu"
"TokensAlign",500.288253,500.548253,"mais"
"TokensAlign",500.548253,500.698253,"je"
"TokensAlign",500.698253,500.808253,"sais"
"TokensAlign",500.808253,500.943393,"pas"
"TokensAlign",500.943393,505.6,"#"
"TokensAlign",505.6,505.8,"ouais"
"TokensAlign",505.8,506.1,"lui"
"TokensAlign",506.1,506.16,"il"
"TokensAlign",506.16,506.3,"connait"
"TokensAlign",506.3,506.36,"c'est"
"TokensAlign",506.36,506.494688,"sûr"
"TokensAlign",506.494688,521.695,"#"
"TokensAlign",521.695,521.945,"pas"
"TokensAlign",521.945,522.0250000000001,"tant"
"TokensAlign",522.0250000000001,522.1450000000001,"de"
"TokensAlign",522.1450000000001,522.5550000000001,"super"
"TokensAlign",522.5550000000001,523.015313,"héros"
"TokensAlign",523.015313,524.48,"#"
"TokensAlign",524.48,524.5600000000001,"ben"
"TokensAlign",524.5600000000001,524.62,"là"
"TokensAlign",524.62,524.91,"après"
"TokensAlign",524.91,524.94,"on"
"TokensAlign",524.94,525.01,"a"
"TokensAlign",525.01,525.15,"mis"
"TokensAlign",525.15,525.3100000000001,"que"
"TokensAlign",525.3100000000001,525.45,"des"
"TokensAlign",525.45,525.9300000000001,"marvel"
"TokensAlign",525.9300000000001,526.08,"on"
"TokensAlign",526.08,526.14,"peut"
"TokensAlign",526.14,526.66,"peut-être"
"TokensAlign",526.66,526.9200000000001,"mettre"
"TokensAlign",526.9200000000001,526.95,"un"
"TokensAlign",526.95,527.14,"autre"
"TokensAlign",527.14,527.4,"super"
"TokensAlign",527.4,528.0600000000001,"héros"
"TokensAlign",528.0600000000001,528.449063,"euh"
"TokensAlign",528.449063,531.825,"#"
"TokensAlign",531.825,532.0250000000001,"ouais"
"TokensAlign",532.0250000000001,532.595,"par_exemple"
"TokensAlign",532.595,533.065,"par_exemple"
"TokensAlign",533.065,533.1750000000001,"enfin"
"TokensAlign",533.1750000000001,533.235,"c'est"
"TokensAlign",533.235,533.2950000000001,"pas"
"TokensAlign",533.2950000000001,533.49,"ouais"
"TokensAlign",533.49,533.825,"#"
"TokensAlign",533.825,533.875,"je"
"TokensAlign",533.875,533.985,"sais"
"TokensAlign",533.985,534.075,"pas"
"TokensAlign",534.075,534.3050000000001,"un"
"TokensAlign",534.3050000000001,534.5450000000001,"truc"
"TokensAlign",534.5450000000001,534.605,"qui"
"TokensAlign",534.605,535.075,"sorte"
"TokensAlign",535.075,535.355,"un"
"TokensAlign",535.355,535.505,"peu"
"TokensAlign",535.505,535.615,"du"
"TokensAlign",535.615,536.0450000000001,"marvel"
"TokensAlign",536.0450000000001,536.1450000000001,"pour"
"TokensAlign",536.1450000000001,536.18,"ce"
"TokensAlign",536.18,536.415,"#"
"TokensAlign",536.415,536.4549999999999,"tu"
"TokensAlign",536.4549999999999,536.605,"vois"
"TokensAlign",536.605,536.7049999999999,"là"
"TokensAlign",536.7049999999999,536.735,"on"
"TokensAlign",536.735,536.775,"a"
"TokensAlign",536.775,537.165,"mis"
"TokensAlign",537.165,537.3449999999999,"du_coup"
"TokensAlign",537.3449999999999,537.4749999999999,"les"
"TokensAlign",537.4749999999999,537.9749999999999,"marvel"
"TokensAlign",537.9749999999999,538.005,"on"
"TokensAlign",538.005,538.035,"a"
"TokensAlign",538.035,538.3349999999999,"mis"
"TokensAlign",538.3349999999999,538.365,"l'"
"TokensAlign",538.365,538.8349999999999,"humour"
"TokensAlign",538.8349999999999,539.385,"noir"
"TokensAlign",539.385,539.415,"qui"
"TokensAlign",539.415,539.4449999999999,"est"
"TokensAlign",539.4449999999999,539.495,"un"
"TokensAlign",539.495,539.5949999999999,"peu"
"TokensAlign",539.5949999999999,539.985,"relié"
"TokensAlign",539.985,540.405,"aussi"
"TokensAlign",540.405,540.84,"#"
"TokensAlign",540.84,540.98,"et"
"TokensAlign",540.98,541.12,"en"
"TokensAlign",541.12,541.6700000000001,"trouver"
"TokensAlign",541.6700000000001,541.7900000000001,"un"
"TokensAlign",541.7900000000001,541.82,"euh"
"TokensAlign",541.82,541.94,"ouais"
"TokensAlign",541.94,542.2,"un"
"TokensAlign",542.2,542.809687,"peu"
"TokensAlign",542.809687,544.91,"#"
"TokensAlign",544.91,544.9499999999999,"qui"
"TokensAlign",544.9499999999999,545.29,"sortun"
"TokensAlign",545.29,545.41,"peu"
"TokensAlign",545.41,545.4599999999999,"de"
"TokensAlign",545.4599999999999,545.745938,"ça"
"TokensAlign",545.745938,551.175,"#"
"TokensAlign",551.175,551.3549999999999,"ouais"
"TokensAlign",551.3549999999999,551.4849999999999,"c'est"
"TokensAlign",551.4849999999999,551.515,"un"
"TokensAlign",551.515,551.805,"super"
"TokensAlign",551.805,552.074063,"héros"
"TokensAlign",552.074063,575.114049,"#"
"TokensAlign",575.114049,575.572371,"mh"
"TokensAlign",575.572371,608.426175,"#"
"TokensAlign",608.426175,608.921163,"ouais"
"TokensAlign",608.921163,612.697735,"#"
"TokensAlign",612.697735,613.119391,"oui"
"TokensAlign",613.119391,633.375,"#"
"TokensAlign",633.375,633.885,"dans"
"TokensAlign",633.885,634.465,"tout_le"
"TokensAlign",634.465,634.955,"dans"
"TokensAlign",634.955,635.075,"le"
"TokensAlign",635.075,635.955,"descriptif"
"TokensAlign",635.955,636.805,"euh"
"TokensAlign",636.805,638.625,"#"
"TokensAlign",638.625,638.715,"dans"
"TokensAlign",638.715,638.785,"le"
"TokensAlign",638.785,639.265,"descriptif"
"TokensAlign",639.265,639.315,"t'"
"TokensAlign",639.315,639.405,"as"
"TokensAlign",639.405,639.565,"pas"
"TokensAlign",639.565,639.805,"d'autres"
"TokensAlign",639.805,640.255,"questions"
"TokensAlign",640.255,640.445,"qui"
"TokensAlign",640.445,640.855,"peuvent"
"TokensAlign",640.855,641.315,"nous"
"TokensAlign",641.315,641.575,"en"
"TokensAlign",641.575,642.445,"enfin"
"TokensAlign",642.445,642.645,"#"
"TokensAlign",642.645,643.0649999999999,"donner"
"TokensAlign",643.0649999999999,643.355,"des"
"TokensAlign",643.355,643.645,"idées"
"TokensAlign",643.645,643.975,"en_tant_que"
"TokensAlign",643.975,644.855,"modérateur"
"TokensAlign",644.855,644.905,"t'"
"TokensAlign",644.905,644.935,"as"
"TokensAlign",644.935,645.005,"pas"
"TokensAlign",645.005,645.235,"le"
"TokensAlign",645.235,645.265,"t'"
"TokensAlign",645.265,645.345,"as"
"TokensAlign",645.345,645.405,"pas"
"TokensAlign",645.405,645.6949999999999,"le"
"TokensAlign",645.6949999999999,646.2049999999999,"le"
"TokensAlign",646.2049999999999,646.82,"descriptif"
"TokensAlign",646.82,670.105,"#"
"TokensAlign",670.105,670.395,"ben"
"TokensAlign",670.395,670.515,"un"
"TokensAlign",670.515,671.065,"thème"
"TokensAlign",671.065,671.27,"euh"
"TokensAlign",671.27,671.69,"#"
"TokensAlign",671.69,672.1700000000001,"enfin"
"TokensAlign",672.1700000000001,672.3800000000001,"ouais"
"TokensAlign",672.3800000000001,672.47,"ça"
"TokensAlign",672.47,672.5400000000001,"peut"
"TokensAlign",672.5400000000001,672.62,"être"
"TokensAlign",672.62,672.75,"ça"
"TokensAlign",672.75,672.8100000000001,"peut"
"TokensAlign",672.8100000000001,672.96,"être"
"TokensAlign",672.96,673.46,"familial"
"TokensAlign",673.46,674.385,"parce_que"
"TokensAlign",674.385,674.52,"#"
"TokensAlign",674.52,674.65,"du_coup"
"TokensAlign",674.65,674.96,"aussi"
"TokensAlign",674.96,675.43,"bien"
"TokensAlign",675.43,675.88,"les"
"TokensAlign",675.88,676.1,"super"
"TokensAlign",676.1,676.54,"héros"
"TokensAlign",676.54,676.61,"que"
"TokensAlign",676.61,676.8299999999999,"les"
"TokensAlign",676.8299999999999,677.5799999999999,"comédies"
"TokensAlign",677.5799999999999,677.71,"c'est"
"TokensAlign",677.71,678.56,"visible"
"TokensAlign",678.56,678.91,"par"
"TokensAlign",678.91,679.1899999999999,"tous"
"TokensAlign",679.1899999999999,679.43,"à"
"TokensAlign",679.43,679.61,"tout"
"TokensAlign",679.61,680.47,"âge"
"TokensAlign",680.47,681.315,"#"
"TokensAlign",681.315,681.5250000000001,"de"
"TokensAlign",681.5250000000001,681.585,"l'"
"TokensAlign",681.585,681.945,"enfant"
"TokensAlign",681.945,682.195,"aux"
"TokensAlign",682.195,682.7650000000001,"grands-parents"
"TokensAlign",682.7650000000001,683.045,"donc"
"TokensAlign",683.045,683.145,"#"
"TokensAlign",683.145,683.496563,"euh"
"TokensAlign",683.496563,684.275,"#"
"TokensAlign",684.275,684.345,"ça"
"TokensAlign",684.345,684.485,"peut"
"TokensAlign",684.485,684.745,"peut-être"
"TokensAlign",684.745,685.235,"être"
"TokensAlign",685.235,685.265,"un"
"TokensAlign",685.265,685.795,"thème"
"TokensAlign",685.795,686.105,"un"
"TokensAlign",686.105,686.185,"peu"
"TokensAlign",686.185,686.645,"léger"
"TokensAlign",686.645,686.745,"je"
"TokensAlign",686.745,686.775,"sais"
"TokensAlign",686.775,687.055,"pas"
"TokensAlign",687.055,687.515,"comment"
"TokensAlign",687.515,687.545,"on"
"TokensAlign",687.545,687.775,"pourrait"
"TokensAlign",687.775,687.805,"l'"
"TokensAlign",687.805,688.305,"appeler"
"TokensAlign",688.305,688.645,"mais"
"TokensAlign",688.645,688.694063,"euh"
"TokensAlign",688.694063,692.205,"#"
"TokensAlign",692.205,692.325,"ouais"
"TokensAlign",692.325,692.735,"euh"
"TokensAlign",692.735,693.0350000000001,"ouais"
"TokensAlign",693.0350000000001,693.495,"je"
"TokensAlign",693.495,694.03,"#"
"TokensAlign",694.03,694.0699999999999,"un"
"TokensAlign",694.0699999999999,694.24,"truc"
"TokensAlign",694.24,694.3,"dans"
"TokensAlign",694.3,694.3299999999999,"le"
"TokensAlign",694.3299999999999,694.56,"genre"
"TokensAlign",694.56,694.765,"ouais"
"TokensAlign",694.765,694.995,"#"
"TokensAlign",694.995,695.215,"comme"
"TokensAlign",695.215,695.375,"moi"
"TokensAlign",695.375,695.555,"je"
"TokensAlign",695.555,695.795,"fais"
"TokensAlign",695.795,695.915,"euh"
"TokensAlign",695.915,696.245,"les"
"TokensAlign",696.245,696.505,"cinémas"
"TokensAlign",696.505,696.695,"en"
"TokensAlign",696.695,696.9350000000001,"plein"
"TokensAlign",696.9350000000001,697.095,"air"
"TokensAlign",697.095,697.215,"là"
"TokensAlign",697.215,697.375,"je"
"TokensAlign",697.375,697.425,"sais"
"TokensAlign",697.425,697.515,"plus"
"TokensAlign",697.515,697.6850000000001,"comment"
"TokensAlign",697.6850000000001,697.715,"ils"
"TokensAlign",697.715,697.755,"s'"
"TokensAlign",697.755,697.995,"appellent"
"TokensAlign",697.995,717.27,"#"
"TokensAlign",717.27,717.52,"ouais"
"TokensAlign",717.52,717.72,"je"
"TokensAlign",717.72,717.96,"pense"
"TokensAlign",717.96,718.25,"aussi"
"TokensAlign",718.25,718.46,"ouais"
"TokensAlign",718.46,719.06,"#"
"TokensAlign",719.06,719.7099999999999,"alterné"
"TokensAlign",719.7099999999999,719.89,"pour"
"TokensAlign",719.89,720.0799999999999,"pas"
"TokensAlign",720.0799999999999,720.1199999999999,"que"
"TokensAlign",720.1199999999999,720.27,"les"
"TokensAlign",720.27,720.4799999999999,"gens"
"TokensAlign",720.4799999999999,720.75,"soient"
"TokensAlign",720.75,721.3499999999999,"saoulés"
"TokensAlign",721.3499999999999,721.38,"de"
"TokensAlign",721.38,721.93,"d'"
"TokensAlign",721.93,722.25,"une"
"TokensAlign",722.25,722.5999999999999,"comédie"
"TokensAlign",722.5999999999999,722.78,"parce_qu'"
"TokensAlign",722.78,722.8399999999999,"une"
"TokensAlign",722.8399999999999,723.2199999999999,"comédie"
"TokensAlign",723.2199999999999,723.3699999999999,"c'est"
"TokensAlign",723.3699999999999,723.75,"gentil"
"TokensAlign",723.75,723.8199999999999,"à"
"TokensAlign",723.8199999999999,724.31,"regarder"
"TokensAlign",724.31,724.63,"mais"
"TokensAlign",724.63,724.9699999999999,"trop"
"TokensAlign",724.9699999999999,725.0,"de"
"TokensAlign",725.0,725.53,"comédie"
"TokensAlign",725.53,725.7299999999999,"tue"
"TokensAlign",725.7299999999999,725.8599999999999,"la"
"TokensAlign",725.8599999999999,726.385,"comédie"
"TokensAlign",726.385,726.48,"#"
"TokensAlign",726.48,726.93,"*"
"TokensAlign",726.93,727.195,"#"
"TokensAlign",727.195,727.535,"et"
"TokensAlign",727.535,729.03,"#"
"TokensAlign",729.03,729.22,"ouais"
"TokensAlign",729.22,729.38,"c'est"
"TokensAlign",729.38,729.775,"clair"
"TokensAlign",729.775,729.89,"#"
"TokensAlign",729.89,730.175,"*"
"TokensAlign",730.175,730.435,"#"
"TokensAlign",730.435,731.0849999999999,"et"
"TokensAlign",731.0849999999999,731.415,"après"
"TokensAlign",731.415,731.515,"faut"
"TokensAlign",731.515,731.625,"se"
"TokensAlign",731.625,731.8149999999999,"dire"
"TokensAlign",731.8149999999999,731.8449999999999,"qu'"
"TokensAlign",731.8449999999999,731.9649999999999,"on"
"TokensAlign",731.9649999999999,731.9949999999999,"le"
"TokensAlign",731.9949999999999,732.0849999999999,"fait"
"TokensAlign",732.0849999999999,732.2349999999999,"sur"
"TokensAlign",732.2349999999999,732.635,"plusieurs"
"TokensAlign",732.635,732.8449999999999,"jours"
"TokensAlign",732.8449999999999,733.07,"peut-être"
"TokensAlign",733.07,733.235,"#"
"TokensAlign",733.235,733.375,"ouais"
"TokensAlign",733.375,733.735,"histoire"
"TokensAlign",733.735,734.025,"que"
"TokensAlign",734.025,734.085,"je"
"TokensAlign",734.085,734.115,"sais"
"TokensAlign",734.115,734.565,"pas"
"TokensAlign",734.565,734.98,"#"
"TokensAlign",734.98,735.205,"*"
"TokensAlign",735.205,735.44,"#"
"TokensAlign",735.44,735.7900000000001,"que"
"TokensAlign",735.7900000000001,735.96,"ce"
"TokensAlign",735.96,736.1800000000001,"soit"
"TokensAlign",736.1800000000001,736.22,"un"
"TokensAlign",736.22,736.405,"peu"
"TokensAlign",736.405,736.565,"#"
"TokensAlign",736.565,736.872188,"*"
"TokensAlign",736.872188,740.435,"#"
"TokensAlign",740.435,740.655,"ouais"
"TokensAlign",740.655,740.8149999999999,"c'est"
"TokensAlign",740.8149999999999,741.3449999999999,"précisé"
"TokensAlign",741.3449999999999,741.525,"ça"
"TokensAlign",741.525,741.765,"si"
"TokensAlign",741.765,741.8649999999999,"c'est"
"TokensAlign",741.8649999999999,742.0949999999999,"sur"
"TokensAlign",742.0949999999999,742.4549999999999,"plusieurs"
"TokensAlign",742.4549999999999,742.5649999999999,"jours"
"TokensAlign",742.5649999999999,742.7249999999999,"ou"
"TokensAlign",742.7249999999999,743.03,"pas"
"TokensAlign",743.03,757.345,"#"
"TokensAlign",757.345,757.605,"oui"
"TokensAlign",757.605,757.735,"laisse"
"TokensAlign",757.735,757.9350000000001,"comme"
"TokensAlign",757.9350000000001,758.215,"ça"
"TokensAlign",758.215,758.245,"on"
"TokensAlign",758.245,758.5350000000001,"verra"
"TokensAlign",758.5350000000001,758.615,"au"
"TokensAlign",758.615,758.835,"pire"
"TokensAlign",758.835,758.975,"s'il"
"TokensAlign",758.975,759.125,"faut"
"TokensAlign",759.125,759.655,"modifier"
"TokensAlign",759.655,759.865,"après"
"TokensAlign",759.865,759.895,"de"
"TokensAlign",759.895,760.005,"toute"
"TokensAlign",760.005,760.1850000000001,"façon"
"TokensAlign",760.1850000000001,760.3050000000001,"il_y"
"TokensAlign",760.3050000000001,760.485,"aura"
"TokensAlign",760.485,760.585,"une"
"TokensAlign",760.585,760.905,"autre"
"TokensAlign",760.905,761.2850000000001,"partie"
"TokensAlign",761.2850000000001,761.765,"après"
"TokensAlign",761.765,761.9250000000001,"donc"
"TokensAlign",761.9250000000001,762.205,"euh"
"TokensAlign",762.205,783.66,"#"
"TokensAlign",783.66,784.02,"ouais"
"TokensAlign",784.02,784.25,"genre"
"TokensAlign",784.25,784.3299999999999,"le"
"TokensAlign",784.3299999999999,784.85,"deadpool"
"TokensAlign",784.85,785.1,"c'est"
"TokensAlign",785.1,785.29,"pas"
"TokensAlign",785.29,785.3399999999999,"un"
"TokensAlign",785.3399999999999,785.51,"peu"
"TokensAlign",785.51,785.92,"ce"
"TokensAlign",785.92,786.28,"style"
"TokensAlign",786.28,786.51,"là"
"TokensAlign",786.51,788.34,"#"
"TokensAlign",788.34,788.545,"ouais"
"TokensAlign",788.545,788.815,"#"
"TokensAlign",788.815,788.965,"parce_que"
"TokensAlign",788.965,789.2950000000001,"c'est"
"TokensAlign",789.2950000000001,789.6350000000001,"assez"
"TokensAlign",789.6350000000001,790.085,"drôle"
"TokensAlign",790.085,790.1450000000001,"c'est"
"TokensAlign",790.1450000000001,790.1750000000001,"un"
"TokensAlign",790.1750000000001,790.485,"peu"
"TokensAlign",790.485,791.6650000000001,"satirique"
"TokensAlign",791.6650000000001,791.7550000000001,"c'est"
"TokensAlign",791.7550000000001,791.9050000000001,"un"
"TokensAlign",791.9050000000001,792.0150000000001,"peu"
"TokensAlign",792.0150000000001,792.4050000000001,"humour"
"TokensAlign",792.4050000000001,792.7750000000001,"noir"
"TokensAlign",792.7750000000001,792.815,"et"
"TokensAlign",792.815,792.9050000000001,"en"
"TokensAlign",792.9050000000001,793.105,"même"
"TokensAlign",793.105,793.355,"temps"
"TokensAlign",793.355,793.5250000000001,"c'est"
"TokensAlign",793.5250000000001,794.095,"censé"
"TokensAlign",794.095,794.375,"parler"
"TokensAlign",794.375,794.475,"des"
"TokensAlign",794.475,794.695,"super"
"TokensAlign",794.695,795.125,"héros"
"TokensAlign",795.125,801.135,"#"
"TokensAlign",801.135,801.275,"je"
"TokensAlign",801.275,801.615,"pense"
"TokensAlign",801.615,801.735,"ouais"
"TokensAlign",801.735,816.264382,"#"
"TokensAlign",816.264382,816.906033,"ouais"
"TokensAlign",816.906033,840.965,"#"
"TokensAlign",840.965,841.365,"ouais"
"TokensAlign",841.365,841.485,"tu"
"TokensAlign",841.485,841.585,"peux"
"TokensAlign",841.585,841.995,"laisser"
"TokensAlign",841.995,842.135,"c'est"
"TokensAlign",842.135,842.845,"accessible"
"TokensAlign",842.845,843.005,"comme"
"TokensAlign",843.005,843.275,"ça"
"TokensAlign",843.275,843.445,"pour"
"TokensAlign",843.445,843.705,"tous"
"TokensAlign",843.705,843.765,"et"
"TokensAlign",843.765,844.025,"ça"
"TokensAlign",844.025,844.1650000000001,"met"
"TokensAlign",844.1650000000001,844.475,"un"
"TokensAlign",844.475,844.695,"peu"
"TokensAlign",844.695,845.22,"en"
"TokensAlign",845.22,846.06,"#"
"TokensAlign",846.06,846.15,"ça"
"TokensAlign",846.15,846.26,"met"
"TokensAlign",846.26,846.4,"dans"
"TokensAlign",846.4,846.4499999999999,"le"
"TokensAlign",846.4499999999999,846.7199999999999,"bain"
"TokensAlign",846.7199999999999,846.914063,"quoi"
"TokensAlign",846.914063,872.616125,"#"
"TokensAlign",872.616125,873.331107,"horreur"
"TokensAlign",873.331107,899.55,"#"
"TokensAlign",899.55,899.88,"oui"
"TokensAlign",899.88,900.01,"c'est"
"TokensAlign",900.01,900.29,"sûr"
"TokensAlign",900.29,924.17,"#"
"TokensAlign",924.17,924.21,"tu"
"TokensAlign",924.21,924.24,"es"
"TokensAlign",924.24,924.39,"dans"
"TokensAlign",924.39,924.52,"ta"
"TokensAlign",924.52,925.045,"voiture"
"TokensAlign",925.045,925.515,"#"
"TokensAlign",925.515,926.45,"hum"
"TokensAlign",926.45,929.605,"#"
"TokensAlign",929.605,931.17,"original"
"TokensAlign",931.17,937.02,"#"
"TokensAlign",937.02,937.17,"oui"
"TokensAlign",937.17,937.28,"ça"
"TokensAlign",937.28,937.42,"c'est"
"TokensAlign",937.42,937.89,"certain"
"TokensAlign",937.89,937.96,"que"
"TokensAlign",937.96,937.99,"ça"
"TokensAlign",937.99,938.08,"coûte"
"TokensAlign",938.08,938.37,"moins"
"TokensAlign",938.37,939.03,"cher"
"TokensAlign",939.03,939.07,"+"
"TokensAlign",939.07,939.2,"et"
"TokensAlign",939.2,939.27,"puis"
"TokensAlign",939.27,939.38,"je"
"TokensAlign",939.38,939.59,"pense"
"TokensAlign",939.59,939.82,"que"
"TokensAlign",939.82,939.85,"t'"
"TokensAlign",939.85,939.9,"es"
"TokensAlign",939.9,940.15,"un"
"TokensAlign",940.15,940.43,"peu"
"TokensAlign",940.43,940.46,"+"
"TokensAlign",940.46,941.13,"plus"
"TokensAlign",941.13,941.684062,"euh"
"TokensAlign",941.684062,942.345,"#"
"TokensAlign",942.345,942.675,"libre"
"TokensAlign",942.675,943.215,"aussi"
"TokensAlign",943.215,943.245,"d'"
"TokensAlign",943.245,944.665,"échanger"
"TokensAlign",944.665,944.705,"euh"
"TokensAlign",944.705,944.905,"#"
"TokensAlign",944.905,945.255,"vois"
"TokensAlign",945.255,945.415,"parce_qu'"
"TokensAlign",945.415,945.475,"au"
"TokensAlign",945.475,945.945,"cinéma"
"TokensAlign",945.945,946.145,"tu"
"TokensAlign",946.145,946.315,"peux"
"TokensAlign",946.315,946.665,"tu"
"TokensAlign",946.665,946.745,"t'"
"TokensAlign",946.745,947.075,"essayes"
"TokensAlign",947.075,947.105,"de"
"TokensAlign",947.105,947.245,"pas"
"TokensAlign",947.245,947.595,"parler"
"TokensAlign",947.595,947.725,"pour"
"TokensAlign",947.725,947.875,"pas"
"TokensAlign",947.875,948.285,"déranger"
"TokensAlign",948.285,948.445,"ton"
"TokensAlign",948.445,948.935,"voisin"
"TokensAlign",948.935,949.035,"#"
"TokensAlign",949.035,949.27,"*"
"TokensAlign",949.27,949.52,"#"
"TokensAlign",949.52,949.66,"là"
"TokensAlign",949.66,949.83,"si"
"TokensAlign",949.83,949.86,"t'"
"TokensAlign",949.86,949.97,"es"
"TokensAlign",949.97,950.09,"dans"
"TokensAlign",950.09,950.25,"la"
"TokensAlign",950.25,950.51,"voiture"
"TokensAlign",950.51,950.54,"euh"
"TokensAlign",950.54,950.7,"tu"
"TokensAlign",950.7,951.22,"vois"
"TokensAlign",951.22,951.68,"tu"
"TokensAlign",951.68,952.16,"peux"
"TokensAlign",952.16,952.6,"parler"
"TokensAlign",952.6,952.76,"avec"
"TokensAlign",952.76,953.14,"je"
"TokensAlign",953.14,953.21,"sais"
"TokensAlign",953.21,953.49,"pas"
"TokensAlign",953.49,953.61,"ton"
"TokensAlign",953.61,954.03,"fils"
"TokensAlign",954.03,954.21,"ton"
"TokensAlign",954.21,954.93,"père"
"TokensAlign",954.93,955.45,"ta"
"TokensAlign",955.45,955.61,"mère"
"TokensAlign",955.61,955.97,"+"
"TokensAlign",955.97,956.34,"un"
"TokensAlign",956.34,956.56,"truc"
"TokensAlign",956.56,956.71,"qui"
"TokensAlign",956.71,956.74,"t'"
"TokensAlign",956.74,956.95,"a"
"TokensAlign",956.95,957.32,"plu"
"TokensAlign",957.32,957.45,"qui"
"TokensAlign",957.45,957.48,"t'"
"TokensAlign",957.48,957.59,"a"
"TokensAlign",957.59,957.8,"fait"
"TokensAlign",957.8,958.38,"rire"
"TokensAlign",958.38,958.92,"ou"
"TokensAlign",958.92,958.99,"je"
"TokensAlign",958.99,959.15,"pense"
"TokensAlign",959.15,959.23,"que"
"TokensAlign",959.23,959.36,"c'est"
"TokensAlign",959.36,959.56,"peut-être"
"TokensAlign",959.56,959.71,"plus"
"TokensAlign",959.71,960.09,"facile"
"TokensAlign",960.09,960.12,"d'"
"TokensAlign",960.12,960.64,"échanger"
"TokensAlign",960.64,960.78,"au"
"TokensAlign",960.78,961.19,"moment"
"TokensAlign",961.19,961.54,"même"
"TokensAlign",961.54,961.63,"du"
"TokensAlign",961.63,962.61,"film"
"TokensAlign",962.61,962.75,"que"
"TokensAlign",962.75,962.87,"ce"
"TokensAlign",962.87,962.9,"qu'"
"TokensAlign",962.9,962.93,"on"
"TokensAlign",962.93,963.09,"peut"
"TokensAlign",963.09,963.44,"faire"
"TokensAlign",963.44,963.71,"dans"
"TokensAlign",963.71,963.74,"un"
"TokensAlign",963.74,963.89,"dans"
"TokensAlign",963.89,964.1,"un"
"TokensAlign",964.1,964.38,"cinéma"
"TokensAlign",964.38,964.67,"classique"
"TokensAlign",964.67,979.92,"#"
"TokensAlign",979.92,980.27,"ben"
"TokensAlign",980.27,980.37,"oui"
"TokensAlign",980.37,980.479687,"oui"
"TokensAlign",980.479687,981.735,"#"
"TokensAlign",981.735,981.845,"ben"
"TokensAlign",981.845,982.065,"ça"
"TokensAlign",982.065,982.155,"coûte"
"TokensAlign",982.155,982.285,"pas"
"TokensAlign",982.285,982.515,"très"
"TokensAlign",982.515,982.665,"très"
"TokensAlign",982.665,982.965,"cher"
"TokensAlign",982.965,983.035,"hein"
"TokensAlign",983.035,983.820938,"enfin"
"TokensAlign",983.820938,985.272187,"#"
"TokensAlign",985.272187,985.522187,"à"
"TokensAlign",985.522187,986.192187,"installer"
"TokensAlign",986.192187,986.542187,"euh"
"TokensAlign",986.542187,987.305,"c'est"
"TokensAlign",987.305,987.51,"#"
"TokensAlign",987.51,987.59,"y"
"TokensAlign",987.59,987.73,"en"
"TokensAlign",987.73,987.79,"a"
"TokensAlign",987.79,987.91,"à"
"TokensAlign",987.91,988.28,"aix"
"TokensAlign",988.28,988.394063,"hein"
"TokensAlign",988.394063,999.48,"#"
"TokensAlign",999.48,999.62,"y"
"TokensAlign",999.62,999.67,"en"
"TokensAlign",999.67,999.78,"a"
"TokensAlign",999.78,1000.55,"alors"
"TokensAlign",1000.55,1000.61,"bon"
"TokensAlign",1000.61,1001.0,"après"
"TokensAlign",1001.0,1001.17,"t'"
"TokensAlign",1001.17,1001.32,"as"
"TokensAlign",1001.32,1001.35,"le"
"TokensAlign",1001.35,1001.72,"cinéma"
"TokensAlign",1001.72,1001.89,"en"
"TokensAlign",1001.89,1002.07,"plein"
"TokensAlign",1002.07,1002.23,"air"
"TokensAlign",1002.23,1002.32,"et"
"TokensAlign",1002.32,1002.95,"cinéma"
"TokensAlign",1002.95,1003.26,"drive"
"TokensAlign",1003.26,1003.91,"drive"
"TokensAlign",1003.91,1003.98,"à"
"TokensAlign",1003.98,1004.38,"aix"
"TokensAlign",1004.38,1004.55,"je"
"TokensAlign",1004.55,1004.69,"sais"
"TokensAlign",1004.69,1004.86,"plus"
"TokensAlign",1004.86,1004.95,"où"
"TokensAlign",1004.95,1005.21,"il"
"TokensAlign",1005.21,1005.24,"est"
"TokensAlign",1005.24,1005.28,"je"
"TokensAlign",1005.28,1005.48,"sais"
"TokensAlign",1005.48,1005.52,"qu'"
"TokensAlign",1005.52,1005.62,"il_y"
"TokensAlign",1005.62,1005.66,"en"
"TokensAlign",1005.66,1005.72,"a"
"TokensAlign",1005.72,1005.83,"à"
"TokensAlign",1005.83,1006.23,"marseille"
"TokensAlign",1006.23,1006.55,"aussi"
"TokensAlign",1006.55,1006.8,"après"
"TokensAlign",1006.8,1007.28,"cinéma"
"TokensAlign",1007.28,1007.39,"en"
"TokensAlign",1007.39,1007.59,"plein"
"TokensAlign",1007.59,1007.69,"air"
"TokensAlign",1007.69,1007.72,"t'"
"TokensAlign",1007.72,1007.82,"en"
"TokensAlign",1007.82,1007.94,"as"
"TokensAlign",1007.94,1007.97,"un"
"TokensAlign",1007.97,1008.07,"peu"
"TokensAlign",1008.07,1008.42,"partout"
"TokensAlign",1008.42,1008.45,"t'"
"TokensAlign",1008.45,1008.53,"en"
"TokensAlign",1008.53,1008.63,"as"
"TokensAlign",1008.63,1008.66,"au"
"TokensAlign",1008.66,1009.05,"pavilion"
"TokensAlign",1009.05,1009.955,"vendôme"
"TokensAlign",1009.955,1010.38,"#"
"TokensAlign",1010.38,1010.54,"moi"
"TokensAlign",1010.54,1011.15,"nous"
"TokensAlign",1011.15,1011.22,"on"
"TokensAlign",1011.22,1011.35,"va"
"TokensAlign",1011.35,1011.38,"à"
"TokensAlign",1011.38,1012.16,"gassier"
"TokensAlign",1012.16,1012.37,"euh"
"TokensAlign",1012.37,1012.54,"à"
"TokensAlign",1012.54,1012.96,"châteauneuf"
"TokensAlign",1012.96,1013.03,"-le"
"TokensAlign",1013.03,1013.68,"rouge"
"TokensAlign",1013.68,1013.94,"enfin"
"TokensAlign",1013.94,1014.03,"voilà"
"TokensAlign",1014.03,1014.1,"t'"
"TokensAlign",1014.1,1014.14,"en"
"TokensAlign",1014.14,1014.34,"as"
"TokensAlign",1014.34,1014.46,"#"
"TokensAlign",1014.46,1014.53,"un"
"TokensAlign",1014.53,1014.65,"peu"
"TokensAlign",1014.65,1014.92,"partout"
"TokensAlign",1014.92,1015.03,"t'"
"TokensAlign",1015.03,1015.06,"as"
"TokensAlign",1015.06,1015.17,"des"
"TokensAlign",1015.17,1015.4,"gens"
"TokensAlign",1015.4,1015.48,"qui"
"TokensAlign",1015.48,1015.63,"font"
"TokensAlign",1015.63,1015.82,"des"
"TokensAlign",1015.82,1016.67,"événements"
"TokensAlign",1016.67,1016.845,"euh"
"TokensAlign",1016.845,1017.365,"#"
"TokensAlign",1017.365,1017.465,"où"
"TokensAlign",1017.465,1017.615,"tu"
"TokensAlign",1017.615,1017.795,"vois"
"TokensAlign",1017.795,1017.905,"des"
"TokensAlign",1017.905,1018.105,"films"
"TokensAlign",1018.105,1018.195,"alors"
"TokensAlign",1018.195,1018.535,"après"
"TokensAlign",1018.535,1018.705,"quand"
"TokensAlign",1018.705,1018.815,"c'est"
"TokensAlign",1018.815,1018.915,"un"
"TokensAlign",1018.915,1019.375,"événement"
"TokensAlign",1019.375,1020.01,"public"
"TokensAlign",1020.01,1020.185777,"#"
"TokensAlign",1020.185777,1020.6,"ducoup"
"TokensAlign",1020.6,1021.105,"#"
"TokensAlign",1021.105,1021.245,"c'est"
"TokensAlign",1021.245,1021.425,"moins"
"TokensAlign",1021.425,1022.145,"cher"
"TokensAlign",1022.145,1022.375,"après"
"TokensAlign",1022.375,1022.515,"quand"
"TokensAlign",1022.515,1022.645,"c'est"
"TokensAlign",1022.645,1022.825,"des"
"TokensAlign",1022.825,1023.235,"événements"
"TokensAlign",1023.235,1023.765,"privés"
"TokensAlign",1023.765,1023.905,"là"
"TokensAlign",1023.905,1024.175,"nous"
"TokensAlign",1024.175,1024.215,"on"
"TokensAlign",1024.215,1024.325,"est"
"TokensAlign",1024.325,1024.475,"allés"
"TokensAlign",1024.475,1024.735,"voir"
"TokensAlign",1024.735,1024.795,"la"
"TokensAlign",1024.795,1024.965,"la"
"TokensAlign",1024.965,1025.185,"land"
"TokensAlign",1025.185,1025.335,"en"
"TokensAlign",1025.335,1025.725,"plein"
"TokensAlign",1025.725,1025.795,"air"
"TokensAlign",1025.795,1025.865,"et"
"TokensAlign",1025.865,1026.405,"c'était"
"TokensAlign",1026.405,1026.599063,"euh"
"TokensAlign",1026.599063,1027.34,"#"
"TokensAlign",1027.34,1027.4599999999998,"c'est"
"TokensAlign",1027.4599999999998,1027.6,"un"
"TokensAlign",1027.6,1027.88,"événement"
"TokensAlign",1027.88,1028.07,"entre"
"TokensAlign",1028.07,1028.4299999999998,"guillemets"
"TokensAlign",1028.4299999999998,1028.79,"privé"
"TokensAlign",1028.79,1029.0,"mais"
"TokensAlign",1029.0,1029.08,"euh"
"TokensAlign",1029.08,1029.11,"+"
"TokensAlign",1029.11,1029.54,"ça"
"TokensAlign",1029.54,1030.07,"te"
"TokensAlign",1030.07,1030.365,"coûte"
"TokensAlign",1030.365,1030.44,"#"
"TokensAlign",1030.44,1030.7,"le"
"TokensAlign",1030.7,1030.9,"prix"
"TokensAlign",1030.9,1030.93,"d'"
"TokensAlign",1030.93,1031.05,"une"
"TokensAlign",1031.05,1031.29,"place"
"TokensAlign",1031.29,1031.4,"de"
"TokensAlign",1031.4,1032.01,"cinéma"
"TokensAlign",1032.01,1032.04,"mais"
"TokensAlign",1032.04,1032.0700000000002,"t'"
"TokensAlign",1032.0700000000002,1032.1,"as"
"TokensAlign",1032.1,1032.13,"des"
"TokensAlign",1032.13,1032.4,"food"
"TokensAlign",1032.4,1032.8,"trucks"
"TokensAlign",1032.8,1032.8300000000002,"t'"
"TokensAlign",1032.8300000000002,1033.46,"es"
"TokensAlign",1033.46,1034.45,"dehors"
"TokensAlign",1034.45,1034.49,"t'"
"TokensAlign",1034.49,1034.53,"es"
"TokensAlign",1034.53,1034.56,"au"
"TokensAlign",1034.56,1034.76,"bord"
"TokensAlign",1034.76,1034.79,"de"
"TokensAlign",1034.79,1034.86,"la"
"TokensAlign",1034.86,1035.46,"sainte-victoire"
"TokensAlign",1035.46,1035.81,"enfin"
"TokensAlign",1035.81,1035.9,"voilà"
"TokensAlign",1035.9,1036.21,"c'est"
"TokensAlign",1036.21,1036.64,"#"
"TokensAlign",1036.64,1036.7700000000002,"c'est"
"TokensAlign",1036.7700000000002,1037.0500000000002,"autre_chose"
"TokensAlign",1037.0500000000002,1037.22,"donc"
"TokensAlign",1037.22,1037.38,"en"
"TokensAlign",1037.38,1037.76,"drive"
"TokensAlign",1037.76,1037.87,"je"
"TokensAlign",1037.87,1038.0300000000002,"pense"
"TokensAlign",1038.0300000000002,1038.11,"que"
"TokensAlign",1038.11,1038.3100000000002,"ça"
"TokensAlign",1038.3100000000002,1038.42,"peut"
"TokensAlign",1038.42,1038.72,"plaire"
"TokensAlign",1038.72,1038.76,"aux"
"TokensAlign",1038.76,1038.95,"gens"
"TokensAlign",1038.95,1039.125,"ouais"
"TokensAlign",1039.125,1039.805,"#"
"TokensAlign",1039.805,1040.055,"surtout"
"TokensAlign",1040.055,1040.1950000000002,"en"
"TokensAlign",1040.1950000000002,1040.285,"plus"
"TokensAlign",1040.285,1040.475,"que"
"TokensAlign",1040.475,1040.755,"s'il"
"TokensAlign",1040.755,1040.905,"fait"
"TokensAlign",1040.905,1041.045,"pas"
"TokensAlign",1041.045,1041.375,"très"
"TokensAlign",1041.375,1041.4350000000002,"beau"
"TokensAlign",1041.4350000000002,1041.715,"ou"
"TokensAlign",1041.715,1041.785,"qu'"
"TokensAlign",1041.785,1041.835,"il"
"TokensAlign",1041.835,1041.925,"fait"
"TokensAlign",1041.925,1042.045,"un"
"TokensAlign",1042.045,1042.1850000000002,"peu"
"TokensAlign",1042.1850000000002,1042.665,"froid"
"TokensAlign",1042.665,1042.91,"#"
"TokensAlign",1042.91,1042.95,"tu"
"TokensAlign",1042.95,1043.0700000000002,"es"
"TokensAlign",1043.0700000000002,1043.3000000000002,"aussi"
"TokensAlign",1043.3000000000002,1043.34,"à"
"TokensAlign",1043.34,1043.37,"l'"
"TokensAlign",1043.37,1043.77,"abri"
"TokensAlign",1043.77,1043.92,"dans"
"TokensAlign",1043.92,1044.0,"ta"
"TokensAlign",1044.0,1044.185,"voiture"
"TokensAlign",1044.185,1056.895,"#"
"TokensAlign",1056.895,1057.005,"t"
"TokensAlign",1057.005,1057.055,"as"
"TokensAlign",1057.055,1057.235,"d'autres"
"TokensAlign",1057.235,1057.895,"questions"
"TokensAlign",1057.895,1058.315,"d'autres"
"TokensAlign",1058.315,1058.705,"trucs"
"TokensAlign",1058.705,1058.805,"comme"
"TokensAlign",1058.805,1059.185,"ça"
"TokensAlign",1059.185,1081.71749,"#"
"TokensAlign",1081.71749,1082.212477,"ouais"
"TokensAlign",1082.212477,1096.345,"#"
"TokensAlign",1096.345,1096.8,"super"
"PronTokAlign",0.0,29.46,"#=0.0"
"PronTokAlign",29.46,29.73,"n-a~=0.868"
"PronTokAlign",29.73,29.86,"S=0.653"
"PronTokAlign",29.86,30.04,"s-e=0.504"
"PronTokAlign",30.04,30.24,"p-A/=0.927"
"PronTokAlign",30.24,30.44,"A/-p-R-E=0.739"
"PronTokAlign",30.44,30.55,"S=0.853"
"PronTokAlign",30.55,30.72,"p-a~-s=0.856"
"PronTokAlign",30.72,30.83,"k-@=0.814"
"PronTokAlign",30.83,31.02,"s-i=0.623"
"PronTokAlign",31.02,31.14,"O~=0.783"
"PronTokAlign",31.14,31.33,"v-@=0.607"
"PronTokAlign",31.33,31.81,"t-u-S-e=0.754"
"PronTokAlign",31.81,31.84,"l=0.5"
"PronTokAlign",31.84,32.11,"p-l-y=0.517"
"PronTokAlign",32.11,32.29,"d-@=0.988"
"PronTokAlign",32.29,32.59,"m-O~-d=0.757"
"PronTokAlign",32.59,33.6,"p-O/-s-i-b-l-@=0.938"
"PronTokAlign",33.6,33.715,"fp"
"PronTokAlign",33.715,34.122371,"#=0.0"
"PronTokAlign",34.122371,34.272371,"i=0.617"
"PronTokAlign",34.272371,34.512371,"f-O/-t=0.72"
"PronTokAlign",34.512371,34.852371,"p-R-a~-d-R=0.806"
"PronTokAlign",34.852371,34.982371,"U~/=0.688"
"PronTokAlign",34.982371,35.542371,"Z-a~-R-@=0.615"
"PronTokAlign",35.542371,35.8,"k-@=0.778"
"PronTokAlign",35.8,36.22,"#=0.0"
"PronTokAlign",36.22,36.46,"a~"
"PronTokAlign",36.46,36.66,"g-R-O/=0.656"
"PronTokAlign",36.66,36.88,"t-u-l=0.435"
"PronTokAlign",36.88,37.19,"m-O~-d=0.759"
"PronTokAlign",37.19,37.37,"p-@=0.844"
"PronTokAlign",37.37,37.83,"E-m-e=0.685"
"PronTokAlign",37.83,37.86,"u"
"PronTokAlign",37.86,38.331562,"R-2-g-A/-R-d-e-R=0.958"
"PronTokAlign",38.331562,47.38,"#=0.0"
"PronTokAlign",47.38,47.605,"w-E"
"PronTokAlign",47.605,48.339099,"#=0.0"
"PronTokAlign",48.339099,48.675,"noise=0.0"
"PronTokAlign",48.675,48.785,"S=0.439"
"PronTokAlign",48.785,48.965,"s-y-i=0.914"
"PronTokAlign",48.965,49.145,"A/-s-e=0.73"
"PronTokAlign",49.145,49.235,"s-y-R"
"PronTokAlign",49.235,49.315,"l-A/"
"PronTokAlign",49.315,49.615,"k-O/-m-e-d-i=0.515"
"PronTokAlign",49.615,49.645,"Z=0.515"
"PronTokAlign",49.645,49.765,"s-y-i=0.855"
"PronTokAlign",49.765,49.915,"A/-s-e=0.657"
"PronTokAlign",49.915,50.363438,"d-A/-k-O/-R"
"PronTokAlign",50.363438,53.605,"#=0.0"
"PronTokAlign",53.605,53.815,"n-a~=0.832"
"PronTokAlign",53.815,53.905,"l-E=0.305"
"PronTokAlign",53.905,54.275,"k-O/-m-e-d-i=0.571"
"PronTokAlign",54.275,54.66,"k-l-A/-s-i-k=0.794"
"PronTokAlign",54.66,55.675,"#=0.0"
"PronTokAlign",55.675,55.93,"w-E"
"PronTokAlign",55.93,57.57,"#=0.0"
"PronTokAlign",57.57,57.68,"O~=0.902"
"PronTokAlign",57.68,57.78,"A/"
"PronTokAlign",57.78,58.1,"b-j-U~/=0.778"
"PronTokAlign",58.1,58.42,"k-O~-p-R-i=0.828"
"PronTokAlign",58.42,58.76,"anon"
"PronTokAlign",58.76,58.79,"k=0.538"
"PronTokAlign",58.79,58.84,"t"
"PronTokAlign",58.84,59.18,"e-t-e=0.57"
"PronTokAlign",59.18,59.29,"p-A/=0.592"
"PronTokAlign",59.29,59.46,"t-R-e=0.296"
"PronTokAlign",59.46,59.99,"k-O/-m-e-d-i=0.515"
"PronTokAlign",59.99,60.38,"k-O/-m-E-d-i=0.485"
"PronTokAlign",60.38,61.035,"R-O/-m-a~-t-i-k=0.855"
"PronTokAlign",61.035,65.557547,"#=0.0"
"PronTokAlign",65.557547,65.841962,"u-i=0.804"
"PronTokAlign",65.841962,82.06,"#=0.0"
"PronTokAlign",82.06,82.24000000000001,"w-E"
"PronTokAlign",82.24000000000001,82.47,"l-e-z=0.442"
"PronTokAlign",82.47,82.68,"s-y-p-e=0.436"
"PronTokAlign",82.68,82.91,"e-R-O/=0.577"
"PronTokAlign",82.91,83.075,"u-i=0.607"
"PronTokAlign",83.075,88.404492,"#=0.0"
"PronTokAlign",88.404492,89.015456,"noise=0.0"
"PronTokAlign",89.015456,92.807391,"#=0.0"
"PronTokAlign",92.807391,99.291459,"#=0.0"
"PronTokAlign",99.291459,99.678014,"m-A/-S-@=0.962"
"PronTokAlign",99.678014,143.64,"#=0.0"
"PronTokAlign",143.64,143.94,"b-A/"
"PronTokAlign",143.94,144.11,"S=0.902"
"PronTokAlign",144.11,144.33999999999995,"p-a~-s=0.613"
"PronTokAlign",144.33999999999995,144.66,"d-y-k-u"
"PronTokAlign",144.66,144.76999999999998,"p-A/=0.709"
"PronTokAlign",144.76999999999998,145.01999999999998,"A/-R=0.814"
"PronTokAlign",145.01999999999998,145.48999999999998,"d-e-k-O/"
"PronTokAlign",145.48999999999998,145.70999999999998,"s-i=0.627"
"PronTokAlign",145.70999999999998,145.86999999999998,"O~=0.838"
"PronTokAlign",145.86999999999998,146.11,"f-e=0.522"
"PronTokAlign",146.11,146.23999999999998,"l-e=0.714"
"PronTokAlign",146.23999999999998,146.76999999999998,"m-A/-R-v-e-l=0.354"
"PronTokAlign",146.76999999999998,146.85,"e=0.738"
"PronTokAlign",146.85,146.95999999999998,"l-e=0.735"
"PronTokAlign",146.95999999999998,147.61999999999998,"k-O/-m-e-d-i=0.761"
"PronTokAlign",147.61999999999998,148.03,"fp"
"PronTokAlign",148.03,148.74,"#=0.0"
"PronTokAlign",148.74,149.01000000000002,"A/-R=0.739"
"PronTokAlign",149.01000000000002,149.23000000000002,"d-e-k-O/"
"PronTokAlign",149.23000000000002,149.32000000000002,"Z=0.498"
"PronTokAlign",149.32000000000002,149.53,"p-a~-s=0.868"
"PronTokAlign",149.53,149.56,"k=0.764"
"PronTokAlign",149.56,149.73000000000002,"s-e"
"PronTokAlign",149.73000000000002,149.9,"p-A/=0.89"
"PronTokAlign",149.9,150.21,"t-u-t-A/-f-e=0.466"
"PronTokAlign",150.21,150.24,"l=0.425"
"PronTokAlign",150.24,150.51000000000002,"m-E-m=0.602"
"PronTokAlign",150.51000000000002,150.62,"t-i-p=0.701"
"PronTokAlign",150.62,150.65,"d=0.48"
"PronTokAlign",150.65,151.375,"p-y-b-l-i-k"
"PronTokAlign",151.375,159.46,"#=0.0"
"PronTokAlign",159.46,159.765,"u-i=0.593"
"PronTokAlign",159.765,160.35,"#=0.0"
"PronTokAlign",160.35,160.68,"A/-p-R-E-z=0.418"
"PronTokAlign",160.68,160.71,"s=0.803"
"PronTokAlign",160.71,161.06,"R-E-d-y-i=0.718"
"PronTokAlign",161.06,161.38,"O/-s-i"
"PronTokAlign",161.38,161.51,"l-@=0.749"
"PronTokAlign",161.51,161.71,"n-O~-b-R=0.611"
"PronTokAlign",161.71,161.81,"d-@=0.553"
"PronTokAlign",161.81,162.455,"s-p-E-k-t-A/-t-9-R=0.966"
"PronTokAlign",162.455,162.725,"#=0.0"
"PronTokAlign",162.725,162.765,"f=0.61"
"PronTokAlign",162.765,163.125,"v-w-A/-R"
"PronTokAlign",163.125,187.025,"#=0.0"
"PronTokAlign",187.025,187.345,"v-R-E-m-a~=0.473"
"PronTokAlign",187.345,187.425,"S=0.431"
"PronTokAlign",187.425,187.555,"t-R-u-v=0.731"
"PronTokAlign",187.555,187.735,"s-A/=0.856"
"PronTokAlign",187.735,188.365,"O/-R-i-Z-i-n-A/-l"
"PronTokAlign",188.365,188.772188,"d-y-k-u"
"PronTokAlign",188.772188,207.005322,"#=0.0"
"PronTokAlign",207.005322,207.555308,"w-E"
"PronTokAlign",207.555308,223.09,"#=0.0"
"PronTokAlign",223.09,223.27,"f-O/=0.514"
"PronTokAlign",223.27,223.43,"E-t=0.475"
"PronTokAlign",223.43,223.65,"d-i-z=0.766"
"PronTokAlign",223.65,223.86,"f-i-l-m=0.609"
"PronTokAlign",223.86,224.28,"A/"
"PronTokAlign",224.28,224.35,"u-i=0.893"
"PronTokAlign",224.35,224.43,"#=0.0"
"PronTokAlign",224.43,224.739136,"laugh=0.0"
"PronTokAlign",224.739136,231.357304,"#=0.0"
"PronTokAlign",231.357304,231.888958,"w-E"
"PronTokAlign",231.888958,236.36,"#=0.0"
"PronTokAlign",236.36,236.93,"k-O/-m-a~-s-O~-z=0.734"
"PronTokAlign",236.93,237.12,"p-A/-R"
"PronTokAlign",237.12,237.85,"k-O/-m-e-d-i=0.963"
"PronTokAlign",237.85,241.515,"#=0.0"
"PronTokAlign",241.515,243.160313,"fp=0.0"
"PronTokAlign",243.160313,245.655,"#=0.0"
"PronTokAlign",245.655,245.875,"b-A/"
"PronTokAlign",245.875,246.115,"s-e"
"PronTokAlign",246.115,246.375,"p-l-y-t-O/=0.924"
"PronTokAlign",246.375,246.795,"k-O/-m-e-d-i=0.831"
"PronTokAlign",246.795,247.495,"R-O/-m-a~-t-i-k=0.766"
"PronTokAlign",247.495,247.535,"S=0.685"
"PronTokAlign",247.535,247.665,"s-y-i=0.948"
"PronTokAlign",247.665,247.815,"p-A/=0.661"
"PronTokAlign",247.815,248.385,"s-E-R-t-E-n=0.628"
"PronTokAlign",248.385,248.765,"k-@=0.945"
"PronTokAlign",248.765,248.935,"a~"
"PronTokAlign",248.935,249.145,"p-l-y-z=0.45"
"PronTokAlign",249.145,249.225,"s-e"
"PronTokAlign",249.225,249.485,"U~/=0.749"
"PronTokAlign",249.485,249.975,"p-2"
"PronTokAlign",249.975,250.055,"fp"
"PronTokAlign",250.055,250.135,"S=0.664"
"PronTokAlign",250.135,250.165,"s=0.975"
"PronTokAlign",250.165,250.255,"p-A/=0.681"
"PronTokAlign",250.255,250.415,"s=0.94"
"PronTokAlign",250.415,250.475,"v-u=0.905"
"PronTokAlign",250.475,250.555,"l"
"PronTokAlign",250.555,250.705,"A/-v-e=0.903"
"PronTokAlign",250.705,250.845,"v-y"
"PronTokAlign",250.845,251.075,"U~/"
"PronTokAlign",251.075,251.145,"#=0.0"
"PronTokAlign",251.145,251.285,"S=0.941"
"PronTokAlign",251.285,251.645,"t-R-u-v-E-z=0.814"
"PronTokAlign",251.645,251.995,"s-A/=0.875"
"PronTokAlign",251.995,252.055,"U~/=0.729"
"PronTokAlign",252.055,252.115,"p-2"
"PronTokAlign",252.115,252.785,"d-E-Z-a~-t-e"
"PronTokAlign",252.785,252.91,"d-O~=0.633"
"PronTokAlign",252.91,252.97,"#=0.0"
"PronTokAlign",252.97,253.635,"fp=0.0"
"PronTokAlign",253.635,253.735,"#=0.0"
"PronTokAlign",253.735,254.075,"k-O/-m-E-d-i=0.668"
"PronTokAlign",254.075,254.755,"R-O/-m-a~-t-i-k=0.791"
"PronTokAlign",254.755,254.805,"e=0.713"
"PronTokAlign",254.805,255.245,"d-E-Z-a~-t-e"
"PronTokAlign",255.245,255.365,"a~"
"PronTokAlign",255.365,255.59500000000003,"m-E-m=0.506"
"PronTokAlign",255.59500000000003,256.065,"t-a~=0.936"
"PronTokAlign",256.065,256.305,"fp"
"PronTokAlign",256.305,256.425,"S=0.946"
"PronTokAlign",256.425,256.575,"p-a~-s=0.981"
"PronTokAlign",256.575,256.665,"k=0.955"
"PronTokAlign",256.665,256.875,"s-e"
"PronTokAlign",256.875,257.115,"#=0.0"
"PronTokAlign",257.115,257.21500000000003,"E=0.535"
"PronTokAlign",257.21500000000003,257.395,"a~"
"PronTokAlign",257.395,257.635,"p-l-y-z=0.893"
"PronTokAlign",257.635,258.33,"m-y-z-i-k-A/-l"
"PronTokAlign",258.33,258.989687,"#=0.0"
"PronTokAlign",258.989687,259.33804,"noise=0.0"
"PronTokAlign",259.33804,260.025,"#=0.0"
"PronTokAlign",260.025,260.065,"Z=0.576"
"PronTokAlign",260.065,260.155,"p-a~-s=0.933"
"PronTokAlign",260.155,260.265,"k=0.651"
"PronTokAlign",260.265,260.495,"s-e"
"PronTokAlign",260.495,261.065,"v-R-e-m-a~-t=0.335"
"PronTokAlign",261.065,261.145,"p-A/=0.686"
"PronTokAlign",261.145,261.36499999999995,"t-R-O/=0.905"
"PronTokAlign",261.36499999999995,261.945,"A/-k-s-E-s-i-b-l=0.828"
"PronTokAlign",261.945,262.045,"A/"
"PronTokAlign",262.045,262.165,"t-u-l=0.708"
"PronTokAlign",262.165,262.375,"m-O~-d=0.835"
"PronTokAlign",262.375,262.61499999999995,"d-e-Z-A/=0.407"
"PronTokAlign",262.61499999999995,262.825,"m-w-A/"
"PronTokAlign",262.825,263.025,"k=0.576"
"PronTokAlign",263.025,263.435,"A/-d-O/-R-@=0.724"
"PronTokAlign",263.435,263.625,"s-@=0.55"
"PronTokAlign",263.625,263.885,"Z-a~-R-@=0.55"
"PronTokAlign",263.885,263.945,"d=0.586"
"PronTokAlign",263.945,264.17499999999995,"f-i-l-m=0.762"
"PronTokAlign",264.17499999999995,264.315,"Z=0.952"
"PronTokAlign",264.315,264.395,"e=0.905"
"PronTokAlign",264.395,264.87,"p-A/=0.978"
"PronTokAlign",264.87,265.21,"#=0.0"
"PronTokAlign",265.21,265.27,"Z=0.781"
"PronTokAlign",265.27,265.39,"E=0.688"
"PronTokAlign",265.39,265.71,"A/-k-R-O/-S-e"
"PronTokAlign",265.71,265.89,"s-a~=0.653"
"PronTokAlign",265.89,266.03,"p-l-y=0.505"
"PronTokAlign",266.03,266.345,"#=0.0"
"PronTokAlign",266.345,266.47,"noise=0.0"
"PronTokAlign",266.47,267.03,"#=0.0"
"PronTokAlign",267.03,267.38,"fp"
"PronTokAlign",267.38,267.44,"n-a~=0.373"
"PronTokAlign",267.44,267.72,"p-l-y-t-O/=0.692"
"PronTokAlign",267.72,268.47,"k-O/-m-e-d-i=0.775"
"PronTokAlign",268.47,268.692188,"fp"
"PronTokAlign",268.692188,273.515,"#=0.0"
"PronTokAlign",273.515,273.665,"A/"
"PronTokAlign",273.665,273.895,"u-i=0.669"
"PronTokAlign",273.895,274.085,"#=0.0"
"PronTokAlign",274.085,274.36,"w-E"
"PronTokAlign",274.36,275.865,"#=0.0"
"PronTokAlign",275.865,276.02500000000003,"w-E"
"PronTokAlign",276.02500000000003,276.15500000000003,"s-e"
"PronTokAlign",276.15500000000003,276.285,"p-A/=0.797"
"PronTokAlign",276.285,276.455,"m-A/-l"
"PronTokAlign",276.455,276.635,"s-A/=0.579"
"PronTokAlign",276.635,276.995,"#=0.0"
"PronTokAlign",276.995,277.065,"s-e"
"PronTokAlign",277.065,277.195,"y-n-@=0.605"
"PronTokAlign",277.195,277.285,"b-O/-n=0.674"
"PronTokAlign",277.285,277.475,"i-d-e"
"PronTokAlign",277.475,278.33,"#=0.0"
"PronTokAlign",278.33,278.49,"s-e"
"PronTokAlign",278.49,278.67,"U~/-n=0.722"
"PronTokAlign",278.67,279.01,"p-2"
"PronTokAlign",279.01,281.47259,"#=0.0"
"PronTokAlign",281.47259,281.949245,"w-E"
"PronTokAlign",281.949245,282.935,"#=0.0"
"PronTokAlign",282.935,283.145,"u-i=0.919"
"PronTokAlign",283.145,283.265,"s-e"
"PronTokAlign",283.265,283.435,"v-R-e=0.635"
"PronTokAlign",283.435,283.465,"k"
"PronTokAlign",283.465,283.575,"i-z=0.453"
"PronTokAlign",283.575,283.675,"O~=0.72"
"PronTokAlign",283.675,283.865,"f-e-z=0.487"
"PronTokAlign",283.865,284.095,"s-A/=0.972"
"PronTokAlign",284.095,284.215,"s-e"
"PronTokAlign",284.215,284.375,"U~/=0.654"
"PronTokAlign",284.375,284.535,"p-2"
"PronTokAlign",284.535,284.755,"k-O/-m=0.673"
"PronTokAlign",284.755,285.125,"l-E=0.442"
"PronTokAlign",285.125,285.705,"b-R-O~-z-e-z=0.612"
"PronTokAlign",285.705,285.735,"d=0.673"
"PronTokAlign",285.735,285.765,"l"
"PronTokAlign",285.765,286.415,"e-p-O/-k=0.969"
"PronTokAlign",286.415,286.715,"u"
"PronTokAlign",286.715,286.855,"k"
"PronTokAlign",286.855,287.045,"s-k=0.483"
"PronTokAlign",287.045,287.075,"O~=0.936"
"PronTokAlign",287.075,287.195,"A/"
"PronTokAlign",287.195,287.365,"f-E-O/=0.583"
"PronTokAlign",287.365,287.505,"b-O/=0.341"
"PronTokAlign",287.505,287.625,"d-j-@"
"PronTokAlign",287.625,287.815,"s-e"
"PronTokAlign",287.815,288.025,"d-e-z=0.485"
"PronTokAlign",288.025,288.775,"k-O/-m-e-d-i=0.859"
"PronTokAlign",288.775,288.935,"u"
"PronTokAlign",288.935,289.625,"e-f-E-k-t-i-v-m-a~=0.893"
"PronTokAlign",289.625,289.825,"s-e"
"PronTokAlign",289.825,290.265,"d-R-O/-l=0.829"
"PronTokAlign",290.265,290.495,"s-e"
"PronTokAlign",290.495,291.305,"Z-9-n-@=0.913"
"PronTokAlign",291.305,291.36,"fp"
"PronTokAlign",291.36,291.87,"#=0.0"
"PronTokAlign",291.87,292.03000000000003,"p-a~-s=0.862"
"PronTokAlign",292.03000000000003,292.09000000000003,"k=0.752"
"PronTokAlign",292.09000000000003,292.25,"s-A/=0.918"
"PronTokAlign",292.25,292.37,"s-A/=0.894"
"PronTokAlign",292.37,292.49,"p-@=0.815"
"PronTokAlign",292.49,292.86,"m-A/-R-S-e=0.809"
"PronTokAlign",292.86,292.955,"w-E"
"PronTokAlign",292.955,308.78,"#=0.0"
"PronTokAlign",308.78,308.94,"w-i=0.553"
"PronTokAlign",308.94,309.22,"u-i=0.749"
"PronTokAlign",309.22,309.54,"#=0.0"
"PronTokAlign",309.54,309.71000000000004,"k-O~-b-j-U~/"
"PronTokAlign",309.71000000000004,309.79,"i-l=0.564"
"PronTokAlign",309.79,309.88,"a~"
"PronTokAlign",309.88,310.1,"f-O/=0.754"
"PronTokAlign",310.1,310.44,"d-i-z=0.759"
"PronTokAlign",310.44,315.705,"#=0.0"
"PronTokAlign",315.705,315.835,"p-u-R"
"PronTokAlign",315.835,316.165,"m-w-A/"
"PronTokAlign",316.165,316.195,"l=0.549"
"PronTokAlign",316.195,316.295,"l-@=0.459"
"PronTokAlign",316.295,316.485,"d-a~=0.907"
"PronTokAlign",316.485,316.595,"l-e=0.319"
"PronTokAlign",316.595,317.055,"b-R-O~-z-e=0.63"
"PronTokAlign",317.055,317.175,"l-@=0.464"
"PronTokAlign",317.175,317.335,"p-l-y=0.915"
"PronTokAlign",317.335,317.615,"d-R-O/-l=0.891"
"PronTokAlign",317.615,317.835,"s-e"
"PronTokAlign",317.835,317.995,"l-@=0.589"
"PronTokAlign",317.995,318.305,"d-2-z=0.751"
"PronTokAlign",318.305,318.525,"#=0.0"
"PronTokAlign",318.525,318.625,"s-H-i"
"PronTokAlign",318.625,318.695,"O/"
"PronTokAlign",318.695,319.115,"s-k-i"
"PronTokAlign",319.115,320.34,"#=0.0"
"PronTokAlign",320.34,320.51,"A/-p-R-E=0.704"
"PronTokAlign",320.51,320.54999999999995,"Z=0.507"
"PronTokAlign",320.54999999999995,320.61,"s=0.774"
"PronTokAlign",320.61,320.72,"p-A/=0.656"
"PronTokAlign",320.72,320.86999999999995,"s-i=0.642"
"PronTokAlign",320.86999999999995,321.01,"v-u-z=0.83"
"PronTokAlign",321.01,321.13,"A/-v-e=0.717"
"PronTokAlign",321.13,321.23,"v-y"
"PronTokAlign",321.23,321.35,"l-e=0.321"
"PronTokAlign",321.35,321.71,"b-R-O~-z-e=0.774"
"PronTokAlign",321.71,321.86999999999995,"l-@=0.535"
"PronTokAlign",321.86999999999995,322.2,"t-R-w-A/=0.642"
"PronTokAlign",322.2,322.53,"i=0.681"
"PronTokAlign",322.53,322.58,"e=0.429"
"PronTokAlign",322.58,322.89,"p-u-R"
"PronTokAlign",322.89,322.98,"m-w-A/"
"PronTokAlign",322.98,323.01,"i=0.893"
"PronTokAlign",323.01,323.05,"e=0.449"
"PronTokAlign",323.05,323.34,"#=0.0"
"PronTokAlign",323.34,323.605,"p-u-R-i"
"PronTokAlign",323.605,324.225,"#=0.0"
"PronTokAlign",324.225,324.485,"l=0.597"
"PronTokAlign",324.485,324.685,"U~/=0.799"
"PronTokAlign",324.685,324.82500000000005,"t-e=0.483"
"PronTokAlign",324.82500000000005,325.15500000000003,"d-R-O/-l=0.557"
"PronTokAlign",325.15500000000003,325.21500000000003,"m=0.315"
"PronTokAlign",325.21500000000003,325.365,"S=0.679"
"PronTokAlign",325.365,325.545,"p-a~-s=0.912"
"PronTokAlign",325.545,325.625,"k=0.578"
"PronTokAlign",325.625,325.96500000000003,"s-t-e=0.707"
"PronTokAlign",325.96500000000003,326.14500000000004,"l=0.541"
"PronTokAlign",326.14500000000004,327.535,"p-R-2-m-j-E=0.63"
"PronTokAlign",327.535,327.595,"d-O~=0.783"
"PronTokAlign",327.595,327.63,"fp"
"PronTokAlign",327.63,328.255,"#=0.0"
"PronTokAlign",328.255,328.315,"S=0.786"
"PronTokAlign",328.315,328.485,"t-R-u-v=0.807"
"PronTokAlign",328.485,328.525,"k=0.557"
"PronTokAlign",328.525,328.655,"l=0.467"
"PronTokAlign",328.655,329.005,"d-2-z-j-E-m=0.721"
"PronTokAlign",329.005,329.285,"s-t-e=0.624"
"PronTokAlign",329.285,329.435,"p-l-y=0.869"
"PronTokAlign",329.435,329.655,"d-R-O/-l=0.887"
"PronTokAlign",329.655,329.895,"A/-p-R-E=0.682"
"PronTokAlign",329.895,329.945,"S=0.509"
"PronTokAlign",329.945,330.065,"s-e=0.695"
"PronTokAlign",330.065,330.205,"p-A/=0.63"
"PronTokAlign",330.205,330.515,"s-i=0.973"
"PronTokAlign",330.515,330.645,"s=0.929"
"PronTokAlign",330.645,330.725,"k=0.532"
"PronTokAlign",330.725,330.855,"v-u-z=0.534"
"PronTokAlign",330.855,331.045,"a~"
"PronTokAlign",331.045,331.435,"p-a~-s-e=0.786"
"PronTokAlign",331.435,331.775,"m-E-z=0.448"
"PronTokAlign",331.775,334.834397,"#=0.0"
"PronTokAlign",334.834397,335.292719,"w-E"
"PronTokAlign",335.292719,349.275,"#=0.0"
"PronTokAlign",349.275,349.475,"w-E"
"PronTokAlign",349.475,349.735,"s-t-e=0.617"
"PronTokAlign",349.735,349.905,"p-A/=0.927"
"PronTokAlign",349.905,350.065,"m-A/-l"
"PronTokAlign",350.065,350.282813,"s-A/=0.789"
"PronTokAlign",350.282813,360.44,"#=0.0"
"PronTokAlign",360.44,360.55,"O~-n=0.533"
"PronTokAlign",360.55,360.62,"t=0.328"
"PronTokAlign",360.62,360.66,"A/"
"PronTokAlign",360.66,360.91,"k-O~-b-j-U~/"
"PronTokAlign",360.91,360.97,"l-A/"
"PronTokAlign",360.97,361.32,"k-A/-t=0.451"
"PronTokAlign",361.32,361.656563,"d-y-k-u"
"PronTokAlign",361.656563,363.45,"#=0.0"
"PronTokAlign",363.45,363.681562,"s-U~/-k=0.809"
"PronTokAlign",363.681562,365.91,"#=0.0"
"PronTokAlign",365.91,366.5,"w-E"
"PronTokAlign",366.5,366.62,"w-E"
"PronTokAlign",366.62,367.0700000000001,"b-b-i-i-t-t-U~/-Z=0.502"
"PronTokAlign",367.0700000000001,367.24,"l-e=0.379"
"PronTokAlign",367.24,367.91,"b-R-O~-z-e"
"PronTokAlign",367.91,368.11,"#=0.0"
"PronTokAlign",368.11,368.31,"w-E"
"PronTokAlign",368.31,368.72,"#=0.0"
"PronTokAlign",368.72,369.385313,"fp=0.0"
"PronTokAlign",369.385313,373.965,"#=0.0"
"PronTokAlign",373.965,374.185,"w-E"
"PronTokAlign",374.185,374.485,"v-w-A/-l-A/=0.593"
"PronTokAlign",374.485,374.665,"p-s-k=0.789"
"PronTokAlign",374.665,374.715,"j=0.782"
"PronTokAlign",374.715,374.745,"A/"
"PronTokAlign",374.745,375.085,"O/-s-i"
"PronTokAlign",375.085,375.225,"s-A/=0.898"
"PronTokAlign",375.225,375.395,"s-e=0.632"
"PronTokAlign",375.395,375.675,"v-j-E-j=0.614"
"PronTokAlign",375.675,376.175,"k-O/-m-e-d-i=0.494"
"PronTokAlign",376.175,376.665,"A/-p-R-e=0.542"
"PronTokAlign",376.665,376.695,"j=0.616"
"PronTokAlign",376.695,376.765,"A/"
"PronTokAlign",376.765,376.985,"m-E-m=0.746"
"PronTokAlign",376.985,377.385,"p-l-y=0.784"
"PronTokAlign",377.385,377.705,"v-j-@=0.835"
"PronTokAlign",377.705,377.955,"m-e=0.944"
"PronTokAlign",377.955,378.085,"l-A/"
"PronTokAlign",378.085,378.285,"s-u-p=0.738"
"PronTokAlign",378.285,378.435,"O/"
"PronTokAlign",378.435,378.685,"S-u"
"PronTokAlign",378.685,378.845,"d-e-z=0.711"
"PronTokAlign",378.845,378.965,"t-R-y-k=0.938"
"PronTokAlign",378.965,379.085,"k-O/-m=0.691"
"PronTokAlign",379.085,379.255,"s-A/=0.969"
"PronTokAlign",379.255,379.375,"S=0.854"
"PronTokAlign",379.375,379.525,"p-a~-s=0.972"
"PronTokAlign",379.525,379.595,"k"
"PronTokAlign",379.595,379.625,"j=0.72"
"PronTokAlign",379.625,379.705,"A/"
"PronTokAlign",379.705,379.985,"b-O/-k-u=0.914"
"PronTokAlign",379.985,380.055,"d=0.885"
"PronTokAlign",380.055,380.245,"Z-a~=0.798"
"PronTokAlign",380.245,380.555,"O/-s-i"
"PronTokAlign",380.555,381.045,"k-i=0.992"
"PronTokAlign",381.045,381.305,"k=0.851"
"PronTokAlign",381.305,381.475,"O~=0.887"
"PronTokAlign",381.475,381.625,"v-y"
"PronTokAlign",381.625,381.885,"s-A/=0.997"
"PronTokAlign",381.885,381.915,"m=0.356"
"PronTokAlign",381.915,381.975,"s-e"
"PronTokAlign",381.975,382.055,"U~/=0.903"
"PronTokAlign",382.055,382.825,"p-2"
"PronTokAlign",382.825,383.365,"d-e-p-A/-s-e=0.812"
"PronTokAlign",383.365,383.725,"m-e-z=0.797"
"PronTokAlign",383.725,383.825,"u-i=0.722"
"PronTokAlign",383.825,384.155,"l-e=0.556"
"PronTokAlign",384.155,384.295,"p-E-R=0.793"
"PronTokAlign",384.295,384.415,"n-O/-E-l=0.806"
"PronTokAlign",384.415,384.455,"E=0.414"
"PronTokAlign",384.455,384.515,"y-n=0.832"
"PronTokAlign",384.515,384.895,"O/-R-d-y-R=0.791"
"PronTokAlign",384.895,385.035,"s-e"
"PronTokAlign",385.035,385.095,"y-n=0.709"
"PronTokAlign",385.095,385.295,"b-O/-n=0.618"
"PronTokAlign",385.295,385.545,"i-d-e"
"PronTokAlign",385.545,386.185,"#=0.0"
"PronTokAlign",386.185,386.285,"E=0.823"
"PronTokAlign",386.285,386.475,"A/-p-R-e=0.56"
"PronTokAlign",386.475,386.535,"i-l=0.546"
"PronTokAlign",386.535,386.655,"a~"
"PronTokAlign",386.655,386.945,"f-O/-d-R-e=0.512"
"PronTokAlign",386.945,387.025,"y-n=0.695"
"PronTokAlign",387.025,387.265,"p-l-y=0.881"
"PronTokAlign",387.265,387.795,"R-E-s-a~-t=0.496"
"PronTokAlign",387.795,387.885,"l-A/"
"PronTokAlign",387.885,388.055,"S=0.719"
"PronTokAlign",388.055,388.085,"s=0.477"
"PronTokAlign",388.085,388.215,"p-A/=0.789"
"PronTokAlign",388.215,388.295,"s=0.831"
"PronTokAlign",388.295,388.385,"k=0.583"
"PronTokAlign",388.385,388.435,"e=0.476"
"PronTokAlign",388.435,388.855,"s-O/-R-t-i"
"PronTokAlign",388.855,389.555,"R-E-s-A/-m-a~=0.49"
"PronTokAlign",389.555,389.585,"fp"
"PronTokAlign",389.585,390.055,"b-U~/=0.991"
"PronTokAlign",390.055,390.335,"A/-v-E-k"
"PronTokAlign",390.335,390.485,"l-@=0.498"
"PronTokAlign",390.485,390.825,"k-O/-v-i-d=0.674"
"PronTokAlign",390.825,390.885,"a~"
"PronTokAlign",390.885,391.045,"m-E-m-@=0.513"
"PronTokAlign",391.045,391.375,"t-a~=0.866"
"PronTokAlign",391.375,391.425,"S=0.513"
"PronTokAlign",391.425,391.515,"s-y-i=0.987"
"PronTokAlign",391.515,391.605,"p-A/=0.983"
"PronTokAlign",391.605,391.735,"A/-l-e"
"PronTokAlign",391.735,391.905,"t-R-O/=0.803"
"PronTokAlign",391.905,391.965,"O/"
"PronTokAlign",391.965,392.535,"s-i-n-e"
"PronTokAlign",392.535,392.69,"m=0.537"
"PronTokAlign",392.69,393.682658,"#=0.0"
"PronTokAlign",393.682658,394.080281,"laugh=0.0"
"PronTokAlign",394.080281,395.45,"#=0.0"
"PronTokAlign",395.45,396.41,"@-m"
"PronTokAlign",396.41,401.430901,"#=0.0"
"PronTokAlign",401.430901,402.292546,"w-E"
"PronTokAlign",402.292546,404.78,"#=0.0"
"PronTokAlign",404.78,404.88,"b-O/=0.721"
"PronTokAlign",404.88,405.18,"s-t-E=0.459"
"PronTokAlign",405.18,405.45,"k-t-e=0.33"
"PronTokAlign",405.45,405.72,"d-R-O/-l=0.711"
"PronTokAlign",405.72,405.85,"a~"
"PronTokAlign",405.85,406.13,"p-l-y-s=0.957"
"PronTokAlign",406.13,406.445,"U~/"
"PronTokAlign",406.445,406.61,"#=0.0"
"PronTokAlign",406.61,406.76,"l=0.448"
"PronTokAlign",406.76,407.08,"d-2=0.727"
"PronTokAlign",407.08,407.17,"Z=0.495"
"PronTokAlign",407.17,407.2,"l"
"PronTokAlign",407.2,407.27,"e=0.724"
"PronTokAlign",407.27,407.52,"p-A/=0.813"
"PronTokAlign",407.52,407.73,"v-y"
"PronTokAlign",407.73,408.2,"m-e-z=0.624"
"PronTokAlign",408.2,408.77,"#=0.0"
"PronTokAlign",408.77,409.1,"a~-t-u-k-A/"
"PronTokAlign",409.1,409.15,"l=0.464"
"PronTokAlign",409.15,409.24,"U~/=0.676"
"PronTokAlign",409.24,409.32,"t-e=0.491"
"PronTokAlign",409.32,409.73,"d-R-O/-l=0.866"
"PronTokAlign",409.73,410.06,"#"
"PronTokAlign",410.06,410.19,"a~"
"PronTokAlign",410.19,410.66,"Z-E-n-E-R-A/-l=0.589"
"PronTokAlign",410.66,410.69,"Z=0.598"
"PronTokAlign",410.69,410.81,"E-m=0.619"
"PronTokAlign",410.81,410.89,"p-A/=0.862"
"PronTokAlign",410.89,411.02,"k-a~-t=0.643"
"PronTokAlign",411.02,411.3,"i-l-i=0.569"
"PronTokAlign",411.3,411.33,"A/"
"PronTokAlign",411.33,411.42,"S=0.55"
"PronTokAlign",411.42,411.59,"E-m=0.611"
"PronTokAlign",411.59,411.74,"p-A/=0.85"
"PronTokAlign",411.74,411.89,"t-R-O/=0.872"
"PronTokAlign",411.89,411.95,"k-a~=0.838"
"PronTokAlign",411.95,411.98,"i=0.498"
"PronTokAlign",411.98,412.11,"A/"
"PronTokAlign",412.11,412.35,"d-e=0.559"
"PronTokAlign",412.35,412.65,"n-y-m-e-R-O/=0.585"
"PronTokAlign",412.65,412.86,"d-2=0.694"
"PronTokAlign",412.86,412.94,"d=0.573"
"PronTokAlign",412.94,413.1,"t-u-t=0.943"
"PronTokAlign",413.1,413.305,"f-A/-s-O~"
"PronTokAlign",413.305,416.812183,"#=0.0"
"PronTokAlign",416.812183,417.288838,"A/-l-e=0.694"
"PronTokAlign",417.288838,424.74,"#=0.0"
"PronTokAlign",424.74,425.140313,"n-O/=0.708"
"PronTokAlign",425.140313,427.535,"#=0.0"
"PronTokAlign",427.535,427.675,"b-U~/=0.56"
"PronTokAlign",427.675,427.75500000000005,"S=0.701"
"PronTokAlign",427.75500000000005,427.925,"p-a~-s=0.891"
"PronTokAlign",427.925,428.025,"k-@=0.507"
"PronTokAlign",428.025,428.095,"l"
"PronTokAlign",428.095,428.725,"U~/-k-O~-t-u-R-n-A/-b-l=0.743"
"PronTokAlign",428.725,428.835,"s-e"
"PronTokAlign",428.835,428.895,"k-a~=0.861"
"PronTokAlign",428.895,429.155,"m-E-m-@=0.577"
"PronTokAlign",429.155,429.415,"i-R-O~=0.402"
"PronTokAlign",429.415,429.515,"m-a~=0.544"
"PronTokAlign",429.515,429.764063,"p-u-R"
"PronTokAlign",429.764063,431.015,"#=0.0"
"PronTokAlign",431.015,431.145,"p-u-R"
"PronTokAlign",431.145,431.185,"l=0.345"
"PronTokAlign",431.185,431.468438,"k-u"
"PronTokAlign",431.468438,434.43,"#=0.0"
"PronTokAlign",434.43,434.56,"s-e"
"PronTokAlign",434.56,434.87,"v-R-E=0.648"
"PronTokAlign",434.87,435.195,"#=0.0"
"PronTokAlign",435.195,435.365,"A/"
"PronTokAlign",435.365,435.525,"b-U~/=0.499"
"PronTokAlign",435.525,435.665,"d-e=0.528"
"PronTokAlign",435.665,436.125,"m-A/-R-v-E-l=0.571"
"PronTokAlign",436.125,436.165,"A/"
"PronTokAlign",436.165,436.305,"m-w-A/"
"PronTokAlign",436.305,436.395,"Z=0.567"
"PronTokAlign",436.395,436.535,"l-e=0.489"
"PronTokAlign",436.535,436.745,"f-e=0.638"
"PronTokAlign",436.745,436.895,"d-a~=0.837"
"PronTokAlign",436.895,436.955,"l-O/=0.628"
"PronTokAlign",436.955,437.045,"b-U~/=0.882"
"PronTokAlign",437.045,437.355,"l-O/-R=0.518"
"PronTokAlign",437.355,437.465,"m-w-A/"
"PronTokAlign",437.465,437.545,"Z=0.613"
"PronTokAlign",437.545,437.795,"l-e-z=0.683"
"PronTokAlign",437.795,437.895,"f-e=0.797"
"PronTokAlign",437.895,438.035,"d-a~=0.895"
"PronTokAlign",438.035,438.115,"l"
"PronTokAlign",438.115,438.275,"O/-R-d=0.504"
"PronTokAlign",438.275,438.875,"p-A/-s-k-@=0.522"
"PronTokAlign",438.875,439.6,"#=0.0"
"PronTokAlign",439.6,439.86,"m-O~=0.605"
"PronTokAlign",439.86,440.35,"m-A/-R-i"
"PronTokAlign",440.35,440.39,"t=0.416"
"PronTokAlign",440.39,440.5700000000001,"f-A/-n"
"PronTokAlign",440.5700000000001,440.7000000000001,"d-@=0.687"
"PronTokAlign",440.7000000000001,441.22,"m-A/-R-v-e-l=0.414"
"PronTokAlign",441.22,441.49,"d-O~-k=0.672"
"PronTokAlign",441.49,441.829687,"fp"
"PronTokAlign",441.829687,442.46,"#=0.0"
"PronTokAlign",442.46,442.55,"i=0.662"
"PronTokAlign",442.55,442.58,"m=0.761"
"PronTokAlign",442.58,442.94,"f-e=0.686"
"PronTokAlign",442.94,443.68,"U~/-g-y-R-Z-i-t-e=0.748"
"PronTokAlign",443.68,443.92,"t-u-l-e=0.678"
"PronTokAlign",443.92,444.36,"m-A/-R-v-e-l=0.437"
"PronTokAlign",444.36,444.49,"l-e=0.678"
"PronTokAlign",444.49,444.62,"U~/=0.96"
"PronTokAlign",444.62,444.98,"d-E-R-j-E-R=0.786"
"PronTokAlign",444.98,445.32,"l-E-O/-t-R=0.621"
"PronTokAlign",445.32,445.937453,"#=0.0"
"PronTokAlign",445.937453,445.977453,"fp"
"PronTokAlign",445.977453,446.497453,"p-A/-s-@=0.454"
"PronTokAlign",446.497453,446.557453,"Z=0.557"
"PronTokAlign",446.557453,446.727453,"A/-v-E=0.458"
"PronTokAlign",446.727453,447.017453,"Z-A/-m-E=0.515"
"PronTokAlign",447.017453,447.137453,"v-y"
"PronTokAlign",447.137453,447.167453,"U~/=0.673"
"PronTokAlign",447.167453,447.737453,"m-A/-R-v-@-l=0.469"
"PronTokAlign",447.737453,447.857453,"d-@=0.547"
"PronTokAlign",447.857453,448.027453,"m-A/"
"PronTokAlign",448.027453,448.177453,"v-i"
"PronTokAlign",448.177453,448.397453,"s=0.677"
"PronTokAlign",448.397453,448.717453,"v-i-t=0.934"
"PronTokAlign",448.717453,448.897453,"f-e=0.649"
"PronTokAlign",448.897453,449.037453,"k-O/-m=0.591"
"PronTokAlign",449.037453,449.297453,"s-A/=0.906"
"PronTokAlign",449.297453,449.327453,"O/"
"PronTokAlign",449.327453,449.857453,"p-A/-s-A/-Z-@=0.809"
"PronTokAlign",449.857453,450.097453,"d-O~-k=0.739"
"PronTokAlign",450.097453,450.317453,"fp"
"PronTokAlign",450.317453,450.547453,"d-y-k-u"
"PronTokAlign",450.547453,450.697453,"O~=0.94"
"PronTokAlign",450.697453,450.807453,"l-e=0.342"
"PronTokAlign",450.807453,451.017453,"f-e=0.511"
"PronTokAlign",451.017453,451.357453,"t-u-s=0.642"
"PronTokAlign",451.357453,451.807453,"e=0.999"
"PronTokAlign",451.807453,451.837453,"O~=0.692"
"PronTokAlign",451.837453,452.207453,"l-e=0.447"
"PronTokAlign",452.207453,452.327453,"f-e=0.384"
"PronTokAlign",452.327453,452.497453,"d-a~=0.899"
"PronTokAlign",452.497453,452.537453,"l"
"PronTokAlign",452.537453,452.947453,"O/-R-d-R=0.88"
"PronTokAlign",452.947453,453.02,"l-A/"
"PronTokAlign",453.02,453.41,"#=0.0"
"PronTokAlign",453.41,453.68,"d-O~-k=0.772"
"PronTokAlign",453.68,454.085,"fp"
"PronTokAlign",454.085,455.385,"#=0.0"
"PronTokAlign",455.385,455.645,"d-O~=0.757"
"PronTokAlign",455.645,455.965,"p-u-R"
"PronTokAlign",455.965,456.065,"m-w-A/"
"PronTokAlign",456.065,456.315,"p-u-R"
"PronTokAlign",456.315,456.545,"t-u=0.459"
"PronTokAlign",456.545,456.765,"s-2=0.559"
"PronTokAlign",456.765,456.795,"k=0.704"
"PronTokAlign",456.795,456.905,"S=0.59"
"PronTokAlign",456.905,457.035,"e=0.929"
"PronTokAlign",457.035,457.225,"v-y=0.915"
"PronTokAlign",457.225,457.385,"p-u-R"
"PronTokAlign",457.385,457.415,"l"
"PronTokAlign",457.415,457.795,"U~/-s-t-a~=0.844"
"PronTokAlign",457.795,457.875,"Z=0.669"
"PronTokAlign",457.875,457.925,"e=0.585"
"PronTokAlign",457.925,458.185,"t-R-u-v-e"
"PronTokAlign",458.185,458.305,"k"
"PronTokAlign",458.305,458.495,"i-R-O~=0.619"
"PronTokAlign",458.495,458.645,"m-A/-n=0.834"
"PronTokAlign",458.645,458.785,"s-t-e=0.439"
"PronTokAlign",458.785,459.075,"l-e=0.465"
"PronTokAlign",459.075,459.365,"m-j-@=0.91"
"PronTokAlign",459.365,459.649688,"m-e=0.901"
"PronTokAlign",459.649688,465.897598,"#=0.0"
"PronTokAlign",465.897598,466.575915,"w-E"
"PronTokAlign",466.575915,472.930313,"#=0.0"
"PronTokAlign",472.930313,473.295,"w-E"
"PronTokAlign",473.295,473.685,"#=0.0"
"PronTokAlign",473.685,474.215,"e-g-z-A/-k-t-2-m-a~=0.754"
"PronTokAlign",474.215,474.364688,"w-E"
"PronTokAlign",474.364688,485.605,"#=0.0"
"PronTokAlign",485.605,485.875,"Z-@=0.968"
"PronTokAlign",485.875,486.115,"m-w-A/"
"PronTokAlign",486.115,486.145,"Z=0.544"
"PronTokAlign",486.145,486.285,"l-e-z=0.365"
"PronTokAlign",486.285,486.385,"e=0.84"
"PronTokAlign",486.385,486.615,"p-A/=0.794"
"PronTokAlign",486.615,486.705,"v-y=0.833"
"PronTokAlign",486.705,487.235,"Z-@=0.58"
"PronTokAlign",487.235,487.345,"S=0.837"
"PronTokAlign",487.345,487.375,"s=0.981"
"PronTokAlign",487.375,487.493438,"p-A/=0.992"
"PronTokAlign",487.493438,490.625,"#=0.0"
"PronTokAlign",490.625,491.01,"w-E"
"PronTokAlign",491.01,492.245,"#=0.0"
"PronTokAlign",492.245,492.415,"b-U~/=0.676"
"PronTokAlign",492.415,492.795,"d-E-p-u-l=0.895"
"PronTokAlign",492.795,492.915,"Z-@=0.538"
"PronTokAlign",492.915,493.095,"s-e=0.399"
"PronTokAlign",493.095,493.125,"k=0.782"
"PronTokAlign",493.125,493.465,"s-e"
"PronTokAlign",493.465,493.525,"s=0.683"
"PronTokAlign",493.525,493.785,"A/-v-E=0.663"
"PronTokAlign",493.785,493.945,"b-j-U~/=0.851"
"PronTokAlign",493.945,494.495,"m-A/-R-S-e"
"PronTokAlign",494.495,495.378253,"#=0.0"
"PronTokAlign",495.378253,495.418253,"E=0.522"
"PronTokAlign",495.418253,495.478253,"k=0.887"
"PronTokAlign",495.478253,496.328253,"t-u-l=0.387"
"PronTokAlign",496.328253,496.558253,"m-O~-d=0.685"
"PronTokAlign",496.558253,496.618253,"m=0.878"
"PronTokAlign",496.618253,496.808253,"A/"
"PronTokAlign",496.808253,497.128253,"k-O~-s-E-j-e"
"PronTokAlign",497.128253,497.158253,"d=0.538"
"PronTokAlign",497.158253,497.218253,"l=0.775"
"PronTokAlign",497.218253,497.788253,"R-2-g-A/-R-d-e=0.765"
"PronTokAlign",497.788253,498.258253,"A/-p-R-E=0.926"
"PronTokAlign",498.258253,498.288253,"fp"
"PronTokAlign",498.288253,498.438253,"w-E"
"PronTokAlign",498.438253,498.798253,"s-e"
"PronTokAlign",498.798253,499.008253,"k-w-A/"
"PronTokAlign",499.008253,499.258253,"d-@"
"PronTokAlign",499.258253,499.338253,"S=0.469"
"PronTokAlign",499.338253,499.498253,"k-R-w-A/=0.965"
"PronTokAlign",499.498253,499.528253,"k=0.908"
"PronTokAlign",499.528253,499.668253,"m-O~=0.632"
"PronTokAlign",499.668253,499.988253,"f-i-s=0.794"
"PronTokAlign",499.988253,500.018253,"l"
"PronTokAlign",500.018253,500.098253,"A/"
"PronTokAlign",500.098253,500.288253,"v-y"
"PronTokAlign",500.288253,500.548253,"m-e=0.571"
"PronTokAlign",500.548253,500.698253,"Z=0.798"
"PronTokAlign",500.698253,500.808253,"s=0.997"
"PronTokAlign",500.808253,500.943393,"p-A/=0.922"
"PronTokAlign",500.943393,505.6,"#=0.0"
"PronTokAlign",505.6,505.8,"w-E"
"PronTokAlign",505.8,506.1,"l-y-i=0.503"
"PronTokAlign",506.1,506.16,"i=0.68"
"PronTokAlign",506.16,506.3,"k-O/-n-E=0.89"
"PronTokAlign",506.3,506.36,"s-e"
"PronTokAlign",506.36,506.494688,"s-y-R"
"PronTokAlign",506.494688,521.695,"#=0.0"
"PronTokAlign",521.695,521.945,"p-A/=0.72"
"PronTokAlign",521.945,522.0250000000001,"t-a~=0.618"
"PronTokAlign",522.0250000000001,522.1450000000001,"d-@=0.39"
"PronTokAlign",522.1450000000001,522.5550000000001,"s-y-p-E-R=0.392"
"PronTokAlign",522.5550000000001,523.015313,"j-E-R-O/=0.649"
"PronTokAlign",523.015313,524.48,"#=0.0"
"PronTokAlign",524.48,524.5600000000001,"b-U~/=0.477"
"PronTokAlign",524.5600000000001,524.62,"l-A/"
"PronTokAlign",524.62,524.91,"A/-p-R-E=0.55"
"PronTokAlign",524.91,524.94,"O~=0.759"
"PronTokAlign",524.94,525.01,"A/"
"PronTokAlign",525.01,525.15,"m-i=0.699"
"PronTokAlign",525.15,525.3100000000001,"k-@=0.679"
"PronTokAlign",525.3100000000001,525.45,"d-e=0.546"
"PronTokAlign",525.45,525.9300000000001,"m-A/-R-v-@-l=0.318"
"PronTokAlign",525.9300000000001,526.08,"O~=0.651"
"PronTokAlign",526.08,526.14,"p-@=0.902"
"PronTokAlign",526.14,526.66,"p-2-t-E-t-R=0.821"
"PronTokAlign",526.66,526.9200000000001,"m-E-t-R=0.627"
"PronTokAlign",526.9200000000001,526.95,"U~/=0.738"
"PronTokAlign",526.95,527.14,"O/-t=0.647"
"PronTokAlign",527.14,527.4,"s-y-p-e=0.674"
"PronTokAlign",527.4,528.0600000000001,"j-E-R-O/=0.58"
"PronTokAlign",528.0600000000001,528.449063,"fp"
"PronTokAlign",528.449063,531.825,"#=0.0"
"PronTokAlign",531.825,532.0250000000001,"w-E"
"PronTokAlign",532.0250000000001,532.595,"p-A/-R-E-g-z-a~-p-l=0.482"
"PronTokAlign",532.595,533.065,"p-A/-R-E-g-z-a~-p-l=0.444"
"PronTokAlign",533.065,533.1750000000001,"a~-f-U~/"
"PronTokAlign",533.1750000000001,533.235,"s-e"
"PronTokAlign",533.235,533.2950000000001,"p-A/=0.903"
"PronTokAlign",533.2950000000001,533.49,"w-E"
"PronTokAlign",533.49,533.825,"#=0.0"
"PronTokAlign",533.825,533.875,"S=0.712"
"PronTokAlign",533.875,533.985,"s-e=0.581"
"PronTokAlign",533.985,534.075,"p-A/=0.808"
"PronTokAlign",534.075,534.3050000000001,"U~/-n=0.665"
"PronTokAlign",534.3050000000001,534.5450000000001,"t-R-y-k"
"PronTokAlign",534.5450000000001,534.605,"k=0.533"
"PronTokAlign",534.605,535.075,"s-O/-R-t=0.825"
"PronTokAlign",535.075,535.355,"U~/=0.629"
"PronTokAlign",535.355,535.505,"p-2"
"PronTokAlign",535.505,535.615,"d-y=0.863"
"PronTokAlign",535.615,536.0450000000001,"m-A/-R-v-e-l=0.355"
"PronTokAlign",536.0450000000001,536.1450000000001,"p-u-R"
"PronTokAlign",536.1450000000001,536.18,"s=0.878"
"PronTokAlign",536.18,536.415,"#=0.0"
"PronTokAlign",536.415,536.4549999999999,"t=0.899"
"PronTokAlign",536.4549999999999,536.605,"v-w-A/=0.961"
"PronTokAlign",536.605,536.7049999999999,"l-A/"
"PronTokAlign",536.7049999999999,536.735,"O~=0.819"
"PronTokAlign",536.735,536.775,"A/"
"PronTokAlign",536.775,537.165,"m-i=0.616"
"PronTokAlign",537.165,537.3449999999999,"d-y-k-u"
"PronTokAlign",537.3449999999999,537.4749999999999,"l-e=0.646"
"PronTokAlign",537.4749999999999,537.9749999999999,"m-A/-R-v-E-l=0.425"
"PronTokAlign",537.9749999999999,538.005,"O~=0.818"
"PronTokAlign",538.005,538.035,"A/"
"PronTokAlign",538.035,538.3349999999999,"m-i=0.885"
"PronTokAlign",538.3349999999999,538.365,"l"
"PronTokAlign",538.365,538.8349999999999,"y-m-u-R"
"PronTokAlign",538.8349999999999,539.385,"n-w-A/-R"
"PronTokAlign",539.385,539.415,"k=0.679"
"PronTokAlign",539.415,539.4449999999999,"E=0.292"
"PronTokAlign",539.4449999999999,539.495,"U~/=0.785"
"PronTokAlign",539.495,539.5949999999999,"p-2"
"PronTokAlign",539.5949999999999,539.985,"R-2-l-j-e"
"PronTokAlign",539.985,540.405,"O/-s-i"
"PronTokAlign",540.405,540.84,"#=0.0"
"PronTokAlign",540.84,540.98,"e=0.996"
"PronTokAlign",540.98,541.12,"a~"
"PronTokAlign",541.12,541.6700000000001,"t-R-u-v-e-R=0.543"
"PronTokAlign",541.6700000000001,541.7900000000001,"U~/=0.783"
"PronTokAlign",541.7900000000001,541.82,"fp"
"PronTokAlign",541.82,541.94,"w-E"
"PronTokAlign",541.94,542.2,"U~/=0.734"
"PronTokAlign",542.2,542.809687,"p-2"
"PronTokAlign",542.809687,544.91,"#=0.0"
"PronTokAlign",544.91,544.9499999999999,"k=0.777"
"PronTokAlign",544.9499999999999,545.29,"s-O/-R-U~/=0.465"
"PronTokAlign",545.29,545.41,"p-2"
"PronTokAlign",545.41,545.4599999999999,"d=0.766"
"PronTokAlign",545.4599999999999,545.745938,"s-A/"
"PronTokAlign",545.745938,551.175,"#=0.0"
"PronTokAlign",551.175,551.3549999999999,"w-E"
"PronTokAlign",551.3549999999999,551.4849999999999,"s-e"
"PronTokAlign",551.4849999999999,551.515,"U~/=0.964"
"PronTokAlign",551.515,551.805,"s-y-p-e=0.47"
"PronTokAlign",551.805,552.074063,"e-R-O/=0.764"
"PronTokAlign",552.074063,575.114049,"#=0.0"
"PronTokAlign",575.114049,575.572371,"m=0.0"
"PronTokAlign",575.572371,608.426175,"#=0.0"
"PronTokAlign",608.426175,608.921163,"w-E"
"PronTokAlign",608.921163,612.697735,"#=0.0"
"PronTokAlign",612.697735,613.119391,"u-i=0.78"
"PronTokAlign",613.119391,633.375,"#=0.0"
"PronTokAlign",633.375,633.885,"d-a~=0.71"
"PronTokAlign",633.885,634.465,"t-u-l-@=0.984"
"PronTokAlign",634.465,634.955,"d-a~=0.901"
"PronTokAlign",634.955,635.075,"l-@=0.506"
"PronTokAlign",635.075,635.955,"d-E-s-k-R-i-p-t-i-f"
"PronTokAlign",635.955,636.805,"fp"
"PronTokAlign",636.805,638.625,"#=0.0"
"PronTokAlign",638.625,638.715,"d-a~=0.95"
"PronTokAlign",638.715,638.785,"l-@=0.433"
"PronTokAlign",638.785,639.265,"d-E-s-k-R-i-p-t-i-f"
"PronTokAlign",639.265,639.315,"t"
"PronTokAlign",639.315,639.405,"A/=0.683"
"PronTokAlign",639.405,639.565,"p-A/=0.84"
"PronTokAlign",639.565,639.805,"d-O/-t-R-@=0.852"
"PronTokAlign",639.805,640.255,"k-E-s-j-O~=0.616"
"PronTokAlign",640.255,640.445,"k-i=0.815"
"PronTokAlign",640.445,640.855,"p-9-v-@-t=0.935"
"PronTokAlign",640.855,641.315,"n-u-z=0.938"
"PronTokAlign",641.315,641.575,"a~"
"PronTokAlign",641.575,642.445,"a~-f-U~/"
"PronTokAlign",642.445,642.645,"#=0.0"
"PronTokAlign",642.645,643.0649999999999,"d-O/-n-e=0.787"
"PronTokAlign",643.0649999999999,643.355,"d-e-z=0.913"
"PronTokAlign",643.355,643.645,"i-d-e=0.86"
"PronTokAlign",643.645,643.975,"a~-t-a~-k=0.696"
"PronTokAlign",643.975,644.855,"m-O/-d-E-R-A/-t-9-R"
"PronTokAlign",644.855,644.905,"t"
"PronTokAlign",644.905,644.935,"A/=0.738"
"PronTokAlign",644.935,645.005,"p-A/=0.834"
"PronTokAlign",645.005,645.235,"l-@=0.839"
"PronTokAlign",645.235,645.265,"t"
"PronTokAlign",645.265,645.345,"A/=0.804"
"PronTokAlign",645.345,645.405,"p-A/=0.775"
"PronTokAlign",645.405,645.6949999999999,"l-e=0.566"
"PronTokAlign",645.6949999999999,646.2049999999999,"l-@=0.811"
"PronTokAlign",646.2049999999999,646.82,"d-E-s-k-R-i-p-t-i-f"
"PronTokAlign",646.82,670.105,"#=0.0"
"PronTokAlign",670.105,670.395,"b-U~/=0.624"
"PronTokAlign",670.395,670.515,"U~/-n=0.504"
"PronTokAlign",670.515,671.065,"t-E-m-@=0.93"
"PronTokAlign",671.065,671.27,"fp"
"PronTokAlign",671.27,671.69,"#=0.0"
"PronTokAlign",671.69,672.1700000000001,"a~-f-U~/"
"PronTokAlign",672.1700000000001,672.3800000000001,"w-E"
"PronTokAlign",672.3800000000001,672.47,"s=0.735"
"PronTokAlign",672.47,672.5400000000001,"p-@=0.683"
"PronTokAlign",672.5400000000001,672.62,"E-t=0.464"
"PronTokAlign",672.62,672.75,"s-A/=0.702"
"PronTokAlign",672.75,672.8100000000001,"p-@=0.358"
"PronTokAlign",672.8100000000001,672.96,"E-t=0.657"
"PronTokAlign",672.96,673.46,"f-A/-m-i-l-A/-l"
"PronTokAlign",673.46,674.385,"p-A/-s-k-@=0.602"
"PronTokAlign",674.385,674.52,"#=0.0"
"PronTokAlign",674.52,674.65,"d-y-k-u"
"PronTokAlign",674.65,674.96,"O/-s-i"
"PronTokAlign",674.96,675.43,"b-j-U~/=0.715"
"PronTokAlign",675.43,675.88,"l-e-z=0.688"
"PronTokAlign",675.88,676.1,"s-y-p-e=0.657"
"PronTokAlign",676.1,676.54,"j-E-R-O/=0.663"
"PronTokAlign",676.54,676.61,"k=0.536"
"PronTokAlign",676.61,676.8299999999999,"l-e=0.766"
"PronTokAlign",676.8299999999999,677.5799999999999,"k-O/-m-E-d-i-z=0.443"
"PronTokAlign",677.5799999999999,677.71,"s-e"
"PronTokAlign",677.71,678.56,"v-i-z-i-b-l-@=0.554"
"PronTokAlign",678.56,678.91,"p-A/-R"
"PronTokAlign",678.91,679.1899999999999,"t-u-s=0.522"
"PronTokAlign",679.1899999999999,679.43,"A/"
"PronTokAlign",679.43,679.61,"t-u-t=0.746"
"PronTokAlign",679.61,680.47,"A/-Z-@"
"PronTokAlign",680.47,681.315,"#=0.0"
"PronTokAlign",681.315,681.5250000000001,"d-@=0.483"
"PronTokAlign",681.5250000000001,681.585,"l"
"PronTokAlign",681.585,681.945,"a~-f-a~"
"PronTokAlign",681.945,682.195,"O/=0.669"
"PronTokAlign",682.195,682.7650000000001,"g-R-a~-p-A/-R-a~=0.704"
"PronTokAlign",682.7650000000001,683.045,"d-O~-k=0.972"
"PronTokAlign",683.045,683.145,"#=0.0"
"PronTokAlign",683.145,683.496563,"fp=0.0"
"PronTokAlign",683.496563,684.275,"#=0.0"
"PronTokAlign",684.275,684.345,"s-A/=0.675"
"PronTokAlign",684.345,684.485,"p-@=0.701"
"PronTokAlign",684.485,684.745,"p-2-t-E-t-R=0.797"
"PronTokAlign",684.745,685.235,"E-t-R=0.591"
"PronTokAlign",685.235,685.265,"U~/=0.835"
"PronTokAlign",685.265,685.795,"t-E-m-@=0.945"
"PronTokAlign",685.795,686.105,"U~/=0.857"
"PronTokAlign",686.105,686.185,"p-2"
"PronTokAlign",686.185,686.645,"l-E-Z-e=0.818"
"PronTokAlign",686.645,686.745,"S=0.565"
"PronTokAlign",686.745,686.775,"s=0.817"
"PronTokAlign",686.775,687.055,"p-A/=0.944"
"PronTokAlign",687.055,687.515,"k-O/-m-a~=0.869"
"PronTokAlign",687.515,687.545,"O~=0.796"
"PronTokAlign",687.545,687.775,"p-u-R-E=0.628"
"PronTokAlign",687.775,687.805,"l"
"PronTokAlign",687.805,688.305,"A/-p-l-e=0.646"
"PronTokAlign",688.305,688.645,"m-E-z=0.379"
"PronTokAlign",688.645,688.694063,"fp"
"PronTokAlign",688.694063,692.205,"#=0.0"
"PronTokAlign",692.205,692.325,"w-E"
"PronTokAlign",692.325,692.735,"fp"
"PronTokAlign",692.735,693.0350000000001,"w-E"
"PronTokAlign",693.0350000000001,693.495,"Z-@=0.977"
"PronTokAlign",693.495,694.03,"#=0.0"
"PronTokAlign",694.03,694.0699999999999,"U~/=0.709"
"PronTokAlign",694.0699999999999,694.24,"t-R-y-k"
"PronTokAlign",694.24,694.3,"d-a~=0.812"
"PronTokAlign",694.3,694.3299999999999,"l=0.609"
"PronTokAlign",694.3299999999999,694.56,"Z-a~-R=0.676"
"PronTokAlign",694.56,694.765,"w-E"
"PronTokAlign",694.765,694.995,"#=0.0"
"PronTokAlign",694.995,695.215,"k-O/-m=0.695"
"PronTokAlign",695.215,695.375,"m-w-A/"
"PronTokAlign",695.375,695.555,"S=0.747"
"PronTokAlign",695.555,695.795,"f-e=0.778"
"PronTokAlign",695.795,695.915,"fp"
"PronTokAlign",695.915,696.245,"l-e-z=0.508"
"PronTokAlign",696.245,696.505,"s-i-n-E-m-A/=0.991"
"PronTokAlign",696.505,696.695,"a~"
"PronTokAlign",696.695,696.9350000000001,"p-l-E-n=0.862"
"PronTokAlign",696.9350000000001,697.095,"E-R"
"PronTokAlign",697.095,697.215,"l-A/"
"PronTokAlign",697.215,697.375,"S=0.95"
"PronTokAlign",697.375,697.425,"s=0.957"
"PronTokAlign",697.425,697.515,"p-l-y=0.861"
"PronTokAlign",697.515,697.6850000000001,"k-O/-m-a~=0.784"
"PronTokAlign",697.6850000000001,697.715,"i=0.559"
"PronTokAlign",697.715,697.755,"s"
"PronTokAlign",697.755,697.995,"A/-p-E-l=0.983"
"PronTokAlign",697.995,717.27,"#=0.0"
"PronTokAlign",717.27,717.52,"w-E"
"PronTokAlign",717.52,717.72,"Z=0.445"
"PronTokAlign",717.72,717.96,"p-a~-s=0.63"
"PronTokAlign",717.96,718.25,"O/-s-i"
"PronTokAlign",718.25,718.46,"w-E"
"PronTokAlign",718.46,719.06,"#=0.0"
"PronTokAlign",719.06,719.7099999999999,"A/-l-t-E-R-n-e"
"PronTokAlign",719.7099999999999,719.89,"p-u-R"
"PronTokAlign",719.89,720.0799999999999,"p-A/=0.835"
"PronTokAlign",720.0799999999999,720.1199999999999,"k=0.848"
"PronTokAlign",720.1199999999999,720.27,"l-e=0.602"
"PronTokAlign",720.27,720.4799999999999,"Z-a~=0.524"
"PronTokAlign",720.4799999999999,720.75,"s-w-A/=0.797"
"PronTokAlign",720.75,721.3499999999999,"s-u-l-e=0.836"
"PronTokAlign",721.3499999999999,721.38,"d=0.49"
"PronTokAlign",721.38,721.93,"d-@=0.525"
"PronTokAlign",721.93,722.25,"y-n=0.77"
"PronTokAlign",722.25,722.5999999999999,"k-O/-m-e-d-i=0.735"
"PronTokAlign",722.5999999999999,722.78,"p-s-k=0.996"
"PronTokAlign",722.78,722.8399999999999,"y-n=0.777"
"PronTokAlign",722.8399999999999,723.2199999999999,"k-O/-m-E-d-i=0.526"
"PronTokAlign",723.2199999999999,723.3699999999999,"s-e"
"PronTokAlign",723.3699999999999,723.75,"Z-a~-t-i=0.95"
"PronTokAlign",723.75,723.8199999999999,"A/"
"PronTokAlign",723.8199999999999,724.31,"R-2-g-A/-R-d-e=0.81"
"PronTokAlign",724.31,724.63,"m-e=0.461"
"PronTokAlign",724.63,724.9699999999999,"t-R-O/=0.921"
"PronTokAlign",724.9699999999999,725.0,"d=0.413"
"PronTokAlign",725.0,725.53,"k-O/-m-e-d-i=0.881"
"PronTokAlign",725.53,725.7299999999999,"t-y"
"PronTokAlign",725.7299999999999,725.8599999999999,"l-A/"
"PronTokAlign",725.8599999999999,726.385,"k-O/-m-e-d-i=0.858"
"PronTokAlign",726.385,726.48,"#=0.0"
"PronTokAlign",726.48,726.93,"noise=0.0"
"PronTokAlign",726.93,727.195,"#=0.0"
"PronTokAlign",727.195,727.535,"e=0.0"
"PronTokAlign",727.535,729.03,"#=0.0"
"PronTokAlign",729.03,729.22,"w-E"
"PronTokAlign",729.22,729.38,"s-e"
"PronTokAlign",729.38,729.775,"k-l-E-R"
"PronTokAlign",729.775,729.89,"#=0.0"
"PronTokAlign",729.89,730.175,"noise=0.0"
"PronTokAlign",730.175,730.435,"#=0.0"
"PronTokAlign",730.435,731.0849999999999,"e"
"PronTokAlign",731.0849999999999,731.415,"A/-p-R-E=0.79"
"PronTokAlign",731.415,731.515,"f-O/=0.635"
"PronTokAlign",731.515,731.625,"s-@=0.679"
"PronTokAlign",731.625,731.8149999999999,"d-i-R=0.745"
"PronTokAlign",731.8149999999999,731.8449999999999,"k"
"PronTokAlign",731.8449999999999,731.9649999999999,"O~=0.757"
"PronTokAlign",731.9649999999999,731.9949999999999,"l=0.785"
"PronTokAlign",731.9949999999999,732.0849999999999,"f-e=0.408"
"PronTokAlign",732.0849999999999,732.2349999999999,"s-y-R"
"PronTokAlign",732.2349999999999,732.635,"p-l-y-z-j-9-R=0.865"
"PronTokAlign",732.635,732.8449999999999,"Z-u-R=0.867"
"PronTokAlign",732.8449999999999,733.07,"p-2-t-E-t-R=0.932"
"PronTokAlign",733.07,733.235,"#=0.0"
"PronTokAlign",733.235,733.375,"w-E"
"PronTokAlign",733.375,733.735,"i-s-t-w-A/-R=0.817"
"PronTokAlign",733.735,734.025,"k-@=0.743"
"PronTokAlign",734.025,734.085,"Z=0.722"
"PronTokAlign",734.085,734.115,"s=0.91"
"PronTokAlign",734.115,734.565,"p-A/=0.613"
"PronTokAlign",734.565,734.98,"#=0.0"
"PronTokAlign",734.98,735.205,"noise=0.0"
"PronTokAlign",735.205,735.44,"#=0.0"
"PronTokAlign",735.44,735.7900000000001,"k-@=0.995"
"PronTokAlign",735.7900000000001,735.96,"s-@=0.564"
"PronTokAlign",735.96,736.1800000000001,"s-w-A/=0.917"
"PronTokAlign",736.1800000000001,736.22,"U~/=0.837"
"PronTokAlign",736.22,736.405,"p-2"
"PronTokAlign",736.405,736.565,"#=0.0"
"PronTokAlign",736.565,736.872188,"noise=0.0"
"PronTokAlign",736.872188,740.435,"#=0.0"
"PronTokAlign",740.435,740.655,"w-E"
"PronTokAlign",740.655,740.8149999999999,"s-e"
"PronTokAlign",740.8149999999999,741.3449999999999,"p-R-e-s-i-z-e=0.66"
"PronTokAlign",741.3449999999999,741.525,"s-A/=0.994"
"PronTokAlign",741.525,741.765,"s-i=0.854"
"PronTokAlign",741.765,741.8649999999999,"s-e"
"PronTokAlign",741.8649999999999,742.0949999999999,"s-y-R"
"PronTokAlign",742.0949999999999,742.4549999999999,"p-l-y-z-j-9-R=0.961"
"PronTokAlign",742.4549999999999,742.5649999999999,"Z-u-R=0.799"
"PronTokAlign",742.5649999999999,742.7249999999999,"u"
"PronTokAlign",742.7249999999999,743.03,"p-A/=0.968"
"PronTokAlign",743.03,757.345,"#=0.0"
"PronTokAlign",757.345,757.605,"u-i=0.741"
"PronTokAlign",757.605,757.735,"l-E-s=0.743"
"PronTokAlign",757.735,757.9350000000001,"k-O/-m-@=0.618"
"PronTokAlign",757.9350000000001,758.215,"s-A/=0.663"
"PronTokAlign",758.215,758.245,"O~=0.71"
"PronTokAlign",758.245,758.5350000000001,"v-E-R-A/=0.597"
"PronTokAlign",758.5350000000001,758.615,"O/"
"PronTokAlign",758.615,758.835,"p-i-R=0.621"
"PronTokAlign",758.835,758.975,"s-i=0.586"
"PronTokAlign",758.975,759.125,"f-O/=0.728"
"PronTokAlign",759.125,759.655,"m-O/-d-i-f-j-e-R=0.536"
"PronTokAlign",759.655,759.865,"A/-p-R-E=0.434"
"PronTokAlign",759.865,759.895,"t=0.618"
"PronTokAlign",759.895,760.005,"t-u-t=0.83"
"PronTokAlign",760.005,760.1850000000001,"f-A/-s-O~"
"PronTokAlign",760.1850000000001,760.3050000000001,"i=0.553"
"PronTokAlign",760.3050000000001,760.485,"O/-R-A/"
"PronTokAlign",760.485,760.585,"y-n=0.776"
"PronTokAlign",760.585,760.905,"O/-t-R=0.586"
"PronTokAlign",760.905,761.2850000000001,"p-A/-R-t-i"
"PronTokAlign",761.2850000000001,761.765,"A/-p-R-E=0.526"
"PronTokAlign",761.765,761.9250000000001,"d-O~-k=0.571"
"PronTokAlign",761.9250000000001,762.205,"fp"
"PronTokAlign",762.205,783.66,"#=0.0"
"PronTokAlign",783.66,784.02,"w-E"
"PronTokAlign",784.02,784.25,"Z-a~-R=0.702"
"PronTokAlign",784.25,784.3299999999999,"l-@=0.437"
"PronTokAlign",784.3299999999999,784.85,"d-E-p-u-l=0.547"
"PronTokAlign",784.85,785.1,"s-e"
"PronTokAlign",785.1,785.29,"p-A/=0.908"
"PronTokAlign",785.29,785.3399999999999,"U~/=0.842"
"PronTokAlign",785.3399999999999,785.51,"p-2"
"PronTokAlign",785.51,785.92,"s-@=0.742"
"PronTokAlign",785.92,786.28,"s-t-i-l=0.674"
"PronTokAlign",786.28,786.51,"l-A/"
"PronTokAlign",786.51,788.34,"#=0.0"
"PronTokAlign",788.34,788.545,"w-E"
"PronTokAlign",788.545,788.815,"#=0.0"
"PronTokAlign",788.815,788.965,"p-s-k=0.998"
"PronTokAlign",788.965,789.2950000000001,"s-e"
"PronTokAlign",789.2950000000001,789.6350000000001,"A/-s-e=0.763"
"PronTokAlign",789.6350000000001,790.085,"d-R-O/-l=0.698"
"PronTokAlign",790.085,790.1450000000001,"s-e"
"PronTokAlign",790.1450000000001,790.1750000000001,"U~/=0.842"
"PronTokAlign",790.1750000000001,790.485,"p-2"
"PronTokAlign",790.485,791.6650000000001,"s-A/-t-i-R-i-k=0.959"
"PronTokAlign",791.6650000000001,791.7550000000001,"s-e"
"PronTokAlign",791.7550000000001,791.9050000000001,"U~/=0.733"
"PronTokAlign",791.9050000000001,792.0150000000001,"p-2"
"PronTokAlign",792.0150000000001,792.4050000000001,"y-m-u-R"
"PronTokAlign",792.4050000000001,792.7750000000001,"n-w-A/-R"
"PronTokAlign",792.7750000000001,792.815,"E=0.61"
"PronTokAlign",792.815,792.9050000000001,"a~"
"PronTokAlign",792.9050000000001,793.105,"m-E-m=0.653"
"PronTokAlign",793.105,793.355,"t-a~-z=0.561"
"PronTokAlign",793.355,793.5250000000001,"s-e"
"PronTokAlign",793.5250000000001,794.095,"s-a~-s-e"
"PronTokAlign",794.095,794.375,"p-A/-R-l-e=0.794"
"PronTokAlign",794.375,794.475,"d-e=0.58"
"PronTokAlign",794.475,794.695,"s-y-p-e=0.414"
"PronTokAlign",794.695,795.125,"j-E-R-O/=0.535"
"PronTokAlign",795.125,801.135,"#=0.0"
"PronTokAlign",801.135,801.275,"Z-@=0.78"
"PronTokAlign",801.275,801.615,"p-a~-s=0.965"
"PronTokAlign",801.615,801.735,"w-E"
"PronTokAlign",801.735,816.264382,"#=0.0"
"PronTokAlign",816.264382,816.906033,"w-E"
"PronTokAlign",816.906033,840.965,"#=0.0"
"PronTokAlign",840.965,841.365,"w-E"
"PronTokAlign",841.365,841.485,"t-y=0.625"
"PronTokAlign",841.485,841.585,"p-@=0.92"
"PronTokAlign",841.585,841.995,"l-e-s-e=0.578"
"PronTokAlign",841.995,842.135,"s-e"
"PronTokAlign",842.135,842.845,"A/-k-s-E-s-i-b-l-@=0.742"
"PronTokAlign",842.845,843.005,"k-O/-m=0.66"
"PronTokAlign",843.005,843.275,"s-A/=0.935"
"PronTokAlign",843.275,843.445,"p-u-R"
"PronTokAlign",843.445,843.705,"t-u-z=0.845"
"PronTokAlign",843.705,843.765,"e=0.671"
"PronTokAlign",843.765,844.025,"s-A/=0.997"
"PronTokAlign",844.025,844.1650000000001,"m-e=0.754"
"PronTokAlign",844.1650000000001,844.475,"U~/=0.76"
"PronTokAlign",844.475,844.695,"p-2"
"PronTokAlign",844.695,845.22,"a~"
"PronTokAlign",845.22,846.06,"#=0.0"
"PronTokAlign",846.06,846.15,"s=0.787"
"PronTokAlign",846.15,846.26,"m-e=0.726"
"PronTokAlign",846.26,846.4,"d-a~=0.827"
"PronTokAlign",846.4,846.4499999999999,"l=0.538"
"PronTokAlign",846.4499999999999,846.7199999999999,"b-U~/"
"PronTokAlign",846.7199999999999,846.914063,"k-w-A/"
"PronTokAlign",846.914063,872.616125,"#=0.0"
"PronTokAlign",872.616125,873.331107,"O/-R-9-R"
"PronTokAlign",873.331107,899.55,"#=0.0"
"PronTokAlign",899.55,899.88,"w-i=0.777"
"PronTokAlign",899.88,900.01,"s-e"
"PronTokAlign",900.01,900.29,"s-y-R"
"PronTokAlign",900.29,924.17,"#=0.0"
"PronTokAlign",924.17,924.21,"t"
"PronTokAlign",924.21,924.24,"e=0.598"
"PronTokAlign",924.24,924.39,"d-a~=0.803"
"PronTokAlign",924.39,924.52,"t-A/"
"PronTokAlign",924.52,925.045,"v-w-A/-t-y-R=0.603"
"PronTokAlign",925.045,925.515,"#=0.0"
"PronTokAlign",925.515,926.45,"@-m"
"PronTokAlign",926.45,929.605,"#=0.0"
"PronTokAlign",929.605,931.17,"O/-R-i-Z-i-n-A/-l"
"PronTokAlign",931.17,937.02,"#=0.0"
"PronTokAlign",937.02,937.17,"u-i=0.665"
"PronTokAlign",937.17,937.28,"s-A/=0.755"
"PronTokAlign",937.28,937.42,"s-e"
"PronTokAlign",937.42,937.89,"s-E-R-t-U~/=0.552"
"PronTokAlign",937.89,937.96,"k-@=0.693"
"PronTokAlign",937.96,937.99,"s=0.551"
"PronTokAlign",937.99,938.08,"k-u-t=0.65"
"PronTokAlign",938.08,938.37,"m-w-U~/=0.914"
"PronTokAlign",938.37,939.03,"S-E-R"
"PronTokAlign",939.03,939.07,"#"
"PronTokAlign",939.07,939.2,"e=0.814"
"PronTokAlign",939.2,939.27,"p-i=0.695"
"PronTokAlign",939.27,939.38,"S=0.556"
"PronTokAlign",939.38,939.59,"p-a~-s=0.764"
"PronTokAlign",939.59,939.82,"k-@=0.894"
"PronTokAlign",939.82,939.85,"t"
"PronTokAlign",939.85,939.9,"e=0.794"
"PronTokAlign",939.9,940.15,"U~/=0.737"
"PronTokAlign",940.15,940.43,"p-2"
"PronTokAlign",940.43,940.46,"#"
"PronTokAlign",940.46,941.13,"p-l-y-z=0.999"
"PronTokAlign",941.13,941.684062,"fp"
"PronTokAlign",941.684062,942.345,"#=0.0"
"PronTokAlign",942.345,942.675,"l-i-b-R=0.665"
"PronTokAlign",942.675,943.215,"O/-s-i"
"PronTokAlign",943.215,943.245,"d=0.57"
"PronTokAlign",943.245,944.665,"E-S-a~-Z-e-R=0.567"
"PronTokAlign",944.665,944.705,"fp"
"PronTokAlign",944.705,944.905,"#=0.0"
"PronTokAlign",944.905,945.255,"v-w-A/=0.713"
"PronTokAlign",945.255,945.415,"p-s-k=0.608"
"PronTokAlign",945.415,945.475,"O/"
"PronTokAlign",945.475,945.945,"s-i-n-e-m-A/=0.762"
"PronTokAlign",945.945,946.145,"t-y=0.754"
"PronTokAlign",946.145,946.315,"p-@=0.554"
"PronTokAlign",946.315,946.665,"t-y=0.933"
"PronTokAlign",946.665,946.745,"t"
"PronTokAlign",946.745,947.075,"E-s-E-j-@=0.514"
"PronTokAlign",947.075,947.105,"d=0.453"
"PronTokAlign",947.105,947.245,"p-A/=0.887"
"PronTokAlign",947.245,947.595,"p-A/-R-l-e=0.602"
"PronTokAlign",947.595,947.725,"p-u-R"
"PronTokAlign",947.725,947.875,"p-A/=0.82"
"PronTokAlign",947.875,948.285,"d-E-R-a~-Z-e=0.752"
"PronTokAlign",948.285,948.445,"t-O~=0.849"
"PronTokAlign",948.445,948.935,"v-w-A/-z-U~/"
"PronTokAlign",948.935,949.035,"#=0.0"
"PronTokAlign",949.035,949.27,"noise=0.0"
"PronTokAlign",949.27,949.52,"#=0.0"
"PronTokAlign",949.52,949.66,"l-A/"
"PronTokAlign",949.66,949.83,"s-i=0.581"
"PronTokAlign",949.83,949.86,"t"
"PronTokAlign",949.86,949.97,"e=0.858"
"PronTokAlign",949.97,950.09,"d-a~=0.944"
"PronTokAlign",950.09,950.25,"l-A/"
"PronTokAlign",950.25,950.51,"v-w-A/-t-y-R=0.872"
"PronTokAlign",950.51,950.54,"fp"
"PronTokAlign",950.54,950.7,"t-y=0.625"
"PronTokAlign",950.7,951.22,"v-w-A/=0.612"
"PronTokAlign",951.22,951.68,"t-j=0.39"
"PronTokAlign",951.68,952.16,"p-@=0.968"
"PronTokAlign",952.16,952.6,"p-A/-R-l-e=0.612"
"PronTokAlign",952.6,952.76,"A/-v-E-k"
"PronTokAlign",952.76,953.14,"Z-@=0.989"
"PronTokAlign",953.14,953.21,"s-e=0.446"
"PronTokAlign",953.21,953.49,"p-A/=0.967"
"PronTokAlign",953.49,953.61,"t-O~=0.797"
"PronTokAlign",953.61,954.03,"f-i-l-z=0.892"
"PronTokAlign",954.03,954.21,"t-O~-n=0.796"
"PronTokAlign",954.21,954.93,"p-E-R-@=0.505"
"PronTokAlign",954.93,955.45,"t-A/"
"PronTokAlign",955.45,955.61,"m-E-R=0.879"
"PronTokAlign",955.61,955.97,"#"
"PronTokAlign",955.97,956.34,"U~/=0.562"
"PronTokAlign",956.34,956.56,"t-R-y-k"
"PronTokAlign",956.56,956.71,"k-i=0.827"
"PronTokAlign",956.71,956.74,"t"
"PronTokAlign",956.74,956.95,"A/"
"PronTokAlign",956.95,957.32,"p-l-y"
"PronTokAlign",957.32,957.45,"k-i=0.796"
"PronTokAlign",957.45,957.48,"t"
"PronTokAlign",957.48,957.59,"A/"
"PronTokAlign",957.59,957.8,"f-e=0.398"
"PronTokAlign",957.8,958.38,"R-i-R=0.655"
"PronTokAlign",958.38,958.92,"u"
"PronTokAlign",958.92,958.99,"S=0.749"
"PronTokAlign",958.99,959.15,"p-a~-s=0.753"
"PronTokAlign",959.15,959.23,"k=0.969"
"PronTokAlign",959.23,959.36,"s-e"
"PronTokAlign",959.36,959.56,"p-2-t-E-t-R=0.825"
"PronTokAlign",959.56,959.71,"p-l-y=0.544"
"PronTokAlign",959.71,960.09,"f-A/-s-i-l=0.766"
"PronTokAlign",960.09,960.12,"d=0.635"
"PronTokAlign",960.12,960.64,"E-S-a~-Z-e=0.629"
"PronTokAlign",960.64,960.78,"O/"
"PronTokAlign",960.78,961.19,"m-O/-m-a~"
"PronTokAlign",961.19,961.54,"m-E-m=0.854"
"PronTokAlign",961.54,961.63,"d=0.64"
"PronTokAlign",961.63,962.61,"f-i-l-m-@"
"PronTokAlign",962.61,962.75,"k=0.625"
"PronTokAlign",962.75,962.87,"s=0.859"
"PronTokAlign",962.87,962.9,"k"
"PronTokAlign",962.9,962.93,"O~=0.821"
"PronTokAlign",962.93,963.09,"p-@=0.888"
"PronTokAlign",963.09,963.44,"f-E-R=0.866"
"PronTokAlign",963.44,963.71,"d-a~-z"
"PronTokAlign",963.71,963.74,"U~/=0.769"
"PronTokAlign",963.74,963.89,"d-a~=0.765"
"PronTokAlign",963.89,964.1,"U~/=0.909"
"PronTokAlign",964.1,964.38,"s-i-n-E-m-A/=0.557"
"PronTokAlign",964.38,964.67,"k-l-A/-s-i-k=0.982"
"PronTokAlign",964.67,979.92,"#=0.0"
"PronTokAlign",979.92,980.27,"b-U~/"
"PronTokAlign",980.27,980.37,"u-i=0.687"
"PronTokAlign",980.37,980.479687,"u-i=0.873"
"PronTokAlign",980.479687,981.735,"#=0.0"
"PronTokAlign",981.735,981.845,"b-E=0.553"
"PronTokAlign",981.845,982.065,"s-A/=0.799"
"PronTokAlign",982.065,982.155,"k-u-t=0.611"
"PronTokAlign",982.155,982.285,"p-A/=0.705"
"PronTokAlign",982.285,982.515,"t-R-E=0.41"
"PronTokAlign",982.515,982.665,"t-R-e=0.565"
"PronTokAlign",982.665,982.965,"S-E-R"
"PronTokAlign",982.965,983.035,"U~/"
"PronTokAlign",983.035,983.820938,"a~-f-U~/"
"PronTokAlign",983.820938,985.272187,"#=0.0"
"PronTokAlign",985.272187,985.522187,"A/"
"PronTokAlign",985.522187,986.192187,"U~/-s-t-A/-l-e=0.685"
"PronTokAlign",986.192187,986.542187,"fp"
"PronTokAlign",986.542187,987.305,"s-e"
"PronTokAlign",987.305,987.51,"#=0.0"
"PronTokAlign",987.51,987.59,"j=0.779"
"PronTokAlign",987.59,987.73,"a~"
"PronTokAlign",987.73,987.79,"A/"
"PronTokAlign",987.79,987.91,"A/"
"PronTokAlign",987.91,988.28,"E-k-s"
"PronTokAlign",988.28,988.394063,"U~/"
"PronTokAlign",988.394063,999.48,"#=0.0"
"PronTokAlign",999.48,999.62,"j=0.582"
"PronTokAlign",999.62,999.67,"a~"
"PronTokAlign",999.67,999.78,"A/"
"PronTokAlign",999.78,1000.55,"A/-l-O/-R=0.463"
"PronTokAlign",1000.55,1000.61,"b-O/=0.47"
"PronTokAlign",1000.61,1001.0,"A/-p-R-E-z=0.32"
"PronTokAlign",1001.0,1001.17,"t"
"PronTokAlign",1001.17,1001.32,"A/-E-s=0.392"
"PronTokAlign",1001.32,1001.35,"l=0.701"
"PronTokAlign",1001.35,1001.72,"s-i-n-e-m-A/=0.984"
"PronTokAlign",1001.72,1001.89,"a~"
"PronTokAlign",1001.89,1002.07,"p-l-E=0.493"
"PronTokAlign",1002.07,1002.23,"E-R"
"PronTokAlign",1002.23,1002.32,"E=0.692"
"PronTokAlign",1002.32,1002.95,"s-i-n-E-m-A/=0.513"
"PronTokAlign",1002.95,1003.26,"d-R-A/-j-v=0.564"
"PronTokAlign",1003.26,1003.91,"d-R-A/-j-v=0.869"
"PronTokAlign",1003.91,1003.98,"A/"
"PronTokAlign",1003.98,1004.38,"E-k-s"
"PronTokAlign",1004.38,1004.55,"S=0.933"
"PronTokAlign",1004.55,1004.69,"s-e=0.596"
"PronTokAlign",1004.69,1004.86,"p-l-y=0.736"
"PronTokAlign",1004.86,1004.95,"u"
"PronTokAlign",1004.95,1005.21,"i=0.723"
"PronTokAlign",1005.21,1005.24,"e=0.486"
"PronTokAlign",1005.24,1005.28,"Z=0.588"
"PronTokAlign",1005.28,1005.48,"s-e-z=0.384"
"PronTokAlign",1005.48,1005.52,"k"
"PronTokAlign",1005.52,1005.62,"j=0.838"
"PronTokAlign",1005.62,1005.66,"a~"
"PronTokAlign",1005.66,1005.72,"A/"
"PronTokAlign",1005.72,1005.83,"A/"
"PronTokAlign",1005.83,1006.23,"m-A/-R-s-E-j=0.511"
"PronTokAlign",1006.23,1006.55,"O/-s-i"
"PronTokAlign",1006.55,1006.8,"A/-p-R-E=0.446"
"PronTokAlign",1006.8,1007.28,"s-i-n-E-m-A/=0.608"
"PronTokAlign",1007.28,1007.39,"a~"
"PronTokAlign",1007.39,1007.59,"p-l-E-n=0.422"
"PronTokAlign",1007.59,1007.69,"E-R"
"PronTokAlign",1007.69,1007.72,"t"
"PronTokAlign",1007.72,1007.82,"a~"
"PronTokAlign",1007.82,1007.94,"A/=0.963"
"PronTokAlign",1007.94,1007.97,"U~/=0.89"
"PronTokAlign",1007.97,1008.07,"p-2"
"PronTokAlign",1008.07,1008.42,"p-A/-R-t-u=0.941"
"PronTokAlign",1008.42,1008.45,"t"
"PronTokAlign",1008.45,1008.53,"a~"
"PronTokAlign",1008.53,1008.63,"A/=0.898"
"PronTokAlign",1008.63,1008.66,"O/"
"PronTokAlign",1008.66,1009.05,"p-A/-v-i-l-j-O/-n=0.393"
"PronTokAlign",1009.05,1009.955,"v-a~-d-O/-m"
"PronTokAlign",1009.955,1010.38,"#=0.0"
"PronTokAlign",1010.38,1010.54,"m-w-A/"
"PronTokAlign",1010.54,1011.15,"n-u=0.776"
"PronTokAlign",1011.15,1011.22,"O~=0.648"
"PronTokAlign",1011.22,1011.35,"v-A/"
"PronTokAlign",1011.35,1011.38,"A/"
"PronTokAlign",1011.38,1012.16,"g-A/-z-s-j-e"
"PronTokAlign",1012.16,1012.37,"fp"
"PronTokAlign",1012.37,1012.54,"A/"
"PronTokAlign",1012.54,1012.96,"S-A/-t-O/-n-9-v=0.622"
"PronTokAlign",1012.96,1013.03,"l=0.562"
"PronTokAlign",1013.03,1013.68,"R-u-Z=0.633"
"PronTokAlign",1013.68,1013.94,"a~-f-U~/"
"PronTokAlign",1013.94,1014.03,"v-l-A/=0.941"
"PronTokAlign",1014.03,1014.1,"t"
"PronTokAlign",1014.1,1014.14,"a~"
"PronTokAlign",1014.14,1014.34,"A/=0.676"
"PronTokAlign",1014.34,1014.46,"#=0.0"
"PronTokAlign",1014.46,1014.53,"U~/=0.812"
"PronTokAlign",1014.53,1014.65,"p-2"
"PronTokAlign",1014.65,1014.92,"p-A/-R-t-u=0.703"
"PronTokAlign",1014.92,1015.03,"t"
"PronTokAlign",1015.03,1015.06,"A/=0.456"
"PronTokAlign",1015.06,1015.17,"d-e=0.633"
"PronTokAlign",1015.17,1015.4,"Z-a~=0.785"
"PronTokAlign",1015.4,1015.48,"k=0.835"
"PronTokAlign",1015.48,1015.63,"f-O~=0.777"
"PronTokAlign",1015.63,1015.82,"d-e=0.528"
"PronTokAlign",1015.82,1016.67,"e-v-E-n-m-a~=0.579"
"PronTokAlign",1016.67,1016.845,"fp"
"PronTokAlign",1016.845,1017.365,"#=0.0"
"PronTokAlign",1017.365,1017.465,"u"
"PronTokAlign",1017.465,1017.615,"t=0.623"
"PronTokAlign",1017.615,1017.795,"v-w-A/=0.855"
"PronTokAlign",1017.795,1017.905,"d-e=0.308"
"PronTokAlign",1017.905,1018.105,"f-i-l-m=0.903"
"PronTokAlign",1018.105,1018.195,"l-O/-R=0.414"
"PronTokAlign",1018.195,1018.535,"A/-p-R-E=0.665"
"PronTokAlign",1018.535,1018.705,"k-a~=0.853"
"PronTokAlign",1018.705,1018.815,"s-e"
"PronTokAlign",1018.815,1018.915,"U~/=0.631"
"PronTokAlign",1018.915,1019.375,"e-v-E-n-m-a~=0.462"
"PronTokAlign",1019.375,1020.01,"p-y-b-l-i-k"
"PronTokAlign",1020.01,1020.185777,"#=0.0"
"PronTokAlign",1020.185777,1020.6,"d-y-k-u=0.404"
"PronTokAlign",1020.6,1021.105,"#=0.0"
"PronTokAlign",1021.105,1021.245,"s-e"
"PronTokAlign",1021.245,1021.425,"m-w-U~/=0.748"
"PronTokAlign",1021.425,1022.145,"S-E-R"
"PronTokAlign",1022.145,1022.375,"A/-p-R-E=0.436"
"PronTokAlign",1022.375,1022.515,"k-a~=0.766"
"PronTokAlign",1022.515,1022.645,"s-e"
"PronTokAlign",1022.645,1022.825,"d-e-z=0.535"
"PronTokAlign",1022.825,1023.235,"e-v-E-n-m-a~=0.65"
"PronTokAlign",1023.235,1023.765,"p-R-i-v-e=0.896"
"PronTokAlign",1023.765,1023.905,"l-A/"
"PronTokAlign",1023.905,1024.175,"n-u=0.878"
"PronTokAlign",1024.175,1024.215,"O~=0.792"
"PronTokAlign",1024.215,1024.325,"e=0.335"
"PronTokAlign",1024.325,1024.475,"A/-l-e=0.889"
"PronTokAlign",1024.475,1024.735,"v-w-A/-R"
"PronTokAlign",1024.735,1024.795,"l-A/"
"PronTokAlign",1024.795,1024.965,"l-A/"
"PronTokAlign",1024.965,1025.185,"l-a~-d"
"PronTokAlign",1025.185,1025.335,"a~"
"PronTokAlign",1025.335,1025.725,"p-l-U~/=0.633"
"PronTokAlign",1025.725,1025.795,"E-R"
"PronTokAlign",1025.795,1025.865,"e=0.535"
"PronTokAlign",1025.865,1026.405,"s-t-e=0.304"
"PronTokAlign",1026.405,1026.599063,"fp"
"PronTokAlign",1026.599063,1027.34,"#=0.0"
"PronTokAlign",1027.34,1027.4599999999998,"s-e"
"PronTokAlign",1027.4599999999998,1027.6,"U~/=0.566"
"PronTokAlign",1027.6,1027.88,"e-v-E-n-m-a~=0.647"
"PronTokAlign",1027.88,1028.07,"a~-t-R=0.649"
"PronTokAlign",1028.07,1028.4299999999998,"g-i-j-2-m-E=0.893"
"PronTokAlign",1028.4299999999998,1028.79,"p-R-i-v-e"
"PronTokAlign",1028.79,1029.0,"m-e-z=0.389"
"PronTokAlign",1029.0,1029.08,"fp"
"PronTokAlign",1029.08,1029.11,"#"
"PronTokAlign",1029.11,1029.54,"s-A/=0.996"
"PronTokAlign",1029.54,1030.07,"t-@=0.54"
"PronTokAlign",1030.07,1030.365,"k-u-t=0.673"
"PronTokAlign",1030.365,1030.44,"#=0.0"
"PronTokAlign",1030.44,1030.7,"l-@=0.614"
"PronTokAlign",1030.7,1030.9,"p-R-i=0.802"
"PronTokAlign",1030.9,1030.93,"d=0.853"
"PronTokAlign",1030.93,1031.05,"y-n=0.794"
"PronTokAlign",1031.05,1031.29,"p-l-A/-s=0.571"
"PronTokAlign",1031.29,1031.4,"d-@=0.581"
"PronTokAlign",1031.4,1032.01,"s-i-n-e-m-A/=0.575"
"PronTokAlign",1032.01,1032.04,"m=0.851"
"PronTokAlign",1032.04,1032.0700000000002,"t"
"PronTokAlign",1032.0700000000002,1032.1,"A/=0.799"
"PronTokAlign",1032.1,1032.13,"d=0.638"
"PronTokAlign",1032.13,1032.4,"f-O/-O/-d-e=0.44"
"PronTokAlign",1032.4,1032.8,"t-R-y-k=0.884"
"PronTokAlign",1032.8,1032.8300000000002,"t"
"PronTokAlign",1032.8300000000002,1033.46,"E-z=0.944"
"PronTokAlign",1033.46,1034.45,"d-2-O/-R=0.884"
"PronTokAlign",1034.45,1034.49,"t"
"PronTokAlign",1034.49,1034.53,"e=0.632"
"PronTokAlign",1034.53,1034.56,"O/"
"PronTokAlign",1034.56,1034.76,"b-O/-R"
"PronTokAlign",1034.76,1034.79,"d=0.59"
"PronTokAlign",1034.79,1034.86,"l-A/"
"PronTokAlign",1034.86,1035.46,"s-U~/-t-v-i-k-t-w-A/-R=0.628"
"PronTokAlign",1035.46,1035.81,"a~-f-U~/"
"PronTokAlign",1035.81,1035.9,"v-l-A/=0.971"
"PronTokAlign",1035.9,1036.21,"s-e"
"PronTokAlign",1036.21,1036.64,"#=0.0"
"PronTokAlign",1036.64,1036.7700000000002,"s-e"
"PronTokAlign",1036.7700000000002,1037.0500000000002,"O/-t-R-S-O/-z"
"PronTokAlign",1037.0500000000002,1037.22,"d-O~=0.65"
"PronTokAlign",1037.22,1037.38,"a~"
"PronTokAlign",1037.38,1037.76,"d-R-A/-j-v-@=0.702"
"PronTokAlign",1037.76,1037.87,"Z=0.562"
"PronTokAlign",1037.87,1038.0300000000002,"p-a~-s=0.723"
"PronTokAlign",1038.0300000000002,1038.11,"k=0.587"
"PronTokAlign",1038.11,1038.3100000000002,"s-A/=0.578"
"PronTokAlign",1038.3100000000002,1038.42,"p-@=0.655"
"PronTokAlign",1038.42,1038.72,"p-l-E-R=0.582"
"PronTokAlign",1038.72,1038.76,"O/=0.818"
"PronTokAlign",1038.76,1038.95,"Z-a~=0.943"
"PronTokAlign",1038.95,1039.125,"w-E"
"PronTokAlign",1039.125,1039.805,"#=0.0"
"PronTokAlign",1039.805,1040.055,"s-y-R-t-u=0.821"
"PronTokAlign",1040.055,1040.1950000000002,"a~"
"PronTokAlign",1040.1950000000002,1040.285,"p-l-y=0.791"
"PronTokAlign",1040.285,1040.475,"k-@=0.579"
"PronTokAlign",1040.475,1040.755,"s-i=0.407"
"PronTokAlign",1040.755,1040.905,"f-e=0.38"
"PronTokAlign",1040.905,1041.045,"p-A/=0.881"
"PronTokAlign",1041.045,1041.375,"t-R-E=0.614"
"PronTokAlign",1041.375,1041.4350000000002,"b-O/"
"PronTokAlign",1041.4350000000002,1041.715,"u"
"PronTokAlign",1041.715,1041.785,"k"
"PronTokAlign",1041.785,1041.835,"i=0.708"
"PronTokAlign",1041.835,1041.925,"f-E=0.623"
"PronTokAlign",1041.925,1042.045,"U~/=0.696"
"PronTokAlign",1042.045,1042.1850000000002,"p-2"
"PronTokAlign",1042.1850000000002,1042.665,"f-R-w-A/=0.919"
"PronTokAlign",1042.665,1042.91,"#=0.0"
"PronTokAlign",1042.91,1042.95,"t=0.36"
"PronTokAlign",1042.95,1043.0700000000002,"e=0.671"
"PronTokAlign",1043.0700000000002,1043.3000000000002,"O/-s-i"
"PronTokAlign",1043.3000000000002,1043.34,"A/"
"PronTokAlign",1043.34,1043.37,"l"
"PronTokAlign",1043.37,1043.77,"A/-b-R-i"
"PronTokAlign",1043.77,1043.92,"d-a~=0.952"
"PronTokAlign",1043.92,1044.0,"t-A/"
"PronTokAlign",1044.0,1044.185,"v-w-A/-t-y-R=0.999"
"PronTokAlign",1044.185,1056.895,"#=0.0"
"PronTokAlign",1056.895,1057.005,"t-E=0.485"
"PronTokAlign",1057.005,1057.055,"A/=0.703"
"PronTokAlign",1057.055,1057.235,"d-O/-t-R-@=0.895"
"PronTokAlign",1057.235,1057.895,"k-E-s-j-O~=0.75"
"PronTokAlign",1057.895,1058.315,"d-O/-t-R-@=0.73"
"PronTokAlign",1058.315,1058.705,"t-R-y-k=0.825"
"PronTokAlign",1058.705,1058.805,"k-O/-m=0.716"
"PronTokAlign",1058.805,1059.185,"s-A/=0.55"
"PronTokAlign",1059.185,1081.71749,"#=0.0"
"PronTokAlign",1081.71749,1082.212477,"w-E"
"PronTokAlign",1082.212477,1096.345,"#=0.0"
"PronTokAlign",1096.345,1096.8,"s-y-p-E-R=0.969"
