"PhonAlign",0.0,0.04,"b"
"PhonAlign",0.04,0.07,"O~"
"PhonAlign",0.07,0.15,"Z"
"PhonAlign",0.15,0.25,"u"
"PhonAlign",0.25,0.39,"R"
"PhonAlign",0.39,0.43,"l"
"PhonAlign",0.43,0.57,"m"
"PhonAlign",0.57,0.8,"O~"
"PhonAlign",0.8,0.97,"d"
"PhonAlign",0.97,1.094514,"@"
"PhonAlign",1.094514,2.46,"#"
"PhonAlign",2.46,2.88,"fp"
"PhonAlign",2.88,2.98,"m"
"PhonAlign",2.98,3.21,"e"
"PhonAlign",3.21,3.35,"k"
"PhonAlign",3.35,3.73,"O/"
"PhonAlign",3.73,3.8,"O/"
"PhonAlign",3.8,4.19,"R"
"PhonAlign",4.19,4.26,"g"
"PhonAlign",4.26,4.41,"A/"
"PhonAlign",4.41,4.5,"n"
"PhonAlign",4.5,4.59,"i"
"PhonAlign",4.59,4.66,"z"
"PhonAlign",4.66,4.74,"A/"
"PhonAlign",4.74,4.93,"t"
"PhonAlign",4.93,4.96,"R"
"PhonAlign",4.96,5.0600000000000005,"i"
"PhonAlign",5.0600000000000005,5.79,"s"
"PhonAlign",5.79,5.92,"e"
"PhonAlign",5.92,5.96,"d"
"PhonAlign",5.96,6.02,"i"
"PhonAlign",6.02,6.05,"R"
"PhonAlign",6.05,6.140000000000001,"E"
"PhonAlign",6.140000000000001,6.19,"k"
"PhonAlign",6.19,6.35,"t"
"PhonAlign",6.35,6.38,"R"
"PhonAlign",6.38,6.47,"i"
"PhonAlign",6.47,6.64,"s"
"PhonAlign",6.64,6.68,"d"
"PhonAlign",6.68,6.975,"@"
"PhonAlign",6.975,7.385,"#"
"PhonAlign",7.385,7.555,"l"
"PhonAlign",7.555,7.935,"A/"
"PhonAlign",7.935,8.055,"s"
"PhonAlign",8.055,8.084999999999999,"O/"
"PhonAlign",8.084999999999999,8.215,"s"
"PhonAlign",8.215,8.325,"A/"
"PhonAlign",8.325,8.485,"s"
"PhonAlign",8.485,8.525,"j"
"PhonAlign",8.525,8.705,"O~"
"PhonAlign",8.705,8.865,"p"
"PhonAlign",8.865,8.955,"R"
"PhonAlign",8.955,9.015,"O/"
"PhonAlign",9.015,9.045,"t"
"PhonAlign",9.045,9.115,"E"
"PhonAlign",9.115,9.175,"k"
"PhonAlign",9.175,9.265,"s"
"PhonAlign",9.265,9.295,"j"
"PhonAlign",9.295,9.335,"O~"
"PhonAlign",9.335,9.415,"d"
"PhonAlign",9.415,9.445,"l"
"PhonAlign",9.445,9.515,"a~"
"PhonAlign",9.515,9.565,"v"
"PhonAlign",9.565,9.645,"i"
"PhonAlign",9.645,9.685,"R"
"PhonAlign",9.685,9.785,"O/"
"PhonAlign",9.785,9.855,"n"
"PhonAlign",9.855,9.905,"m"
"PhonAlign",9.905,10.05,"a~"
"PhonAlign",10.05,10.755,"#"
"PhonAlign",10.755,10.945,"l"
"PhonAlign",10.945,11.085,"O/"
"PhonAlign",11.085,11.115,"R"
"PhonAlign",11.115,11.735,"fp"
"PhonAlign",11.735,11.96,"#"
"PhonAlign",11.96,12.010000000000002,"p"
"PhonAlign",12.010000000000002,12.15,"a~"
"PhonAlign",12.15,12.260000000000002,"d"
"PhonAlign",12.260000000000002,12.53,"a~"
"PhonAlign",12.53,12.58,"l"
"PhonAlign",12.58,12.81,"E"
"PhonAlign",12.81,12.85,"R"
"PhonAlign",12.85,12.89,"E"
"PhonAlign",12.89,12.920000000000002,"y"
"PhonAlign",12.920000000000002,13.07,"n"
"PhonAlign",13.07,13.11,"j"
"PhonAlign",13.11,13.23,"O~"
"PhonAlign",13.23,13.330000000000002,"p"
"PhonAlign",13.330000000000002,13.44,"A/"
"PhonAlign",13.44,13.57,"s"
"PhonAlign",13.57,13.7,"e"
"PhonAlign",13.7,13.77,"n"
"PhonAlign",13.77,13.8,"u"
"PhonAlign",13.8,13.86,"z"
"PhonAlign",13.86,13.96,"A/"
"PhonAlign",13.96,14.0,"v"
"PhonAlign",14.0,14.14,"O~"
"PhonAlign",14.14,14.32,"S"
"PhonAlign",14.32,14.36,"w"
"PhonAlign",14.36,14.5,"A/"
"PhonAlign",14.5,14.62,"z"
"PhonAlign",14.62,14.85,"i"
"PhonAlign",14.85,15.47,"#"
"PhonAlign",15.47,15.56,"U~/"
"PhonAlign",15.56,15.67,"n"
"PhonAlign",15.67,15.77,"t"
"PhonAlign",15.77,15.93,"E"
"PhonAlign",15.93,16.080000000000002,"m"
"PhonAlign",16.080000000000002,16.19,"@"
"PhonAlign",16.19,16.330000000000002,"p"
"PhonAlign",16.330000000000002,16.37,"R"
"PhonAlign",16.37,16.44,"e"
"PhonAlign",16.44,16.64,"s"
"PhonAlign",16.64,16.8,"i"
"PhonAlign",16.8,16.990000000000002,"k"
"PhonAlign",16.990000000000002,17.150000000000002,"i"
"PhonAlign",17.150000000000002,17.36,"e"
"PhonAlign",17.36,17.39,"l"
"PhonAlign",17.39,17.47,"A/"
"PhonAlign",17.47,17.55,"p"
"PhonAlign",17.55,17.66,"R"
"PhonAlign",17.66,17.72,"O/"
"PhonAlign",17.72,17.77,"t"
"PhonAlign",17.77,17.85,"E"
"PhonAlign",17.85,17.92,"k"
"PhonAlign",17.92,18.05,"s"
"PhonAlign",18.05,18.08,"j"
"PhonAlign",18.08,18.19,"O~"
"PhonAlign",18.19,18.24,"d"
"PhonAlign",18.24,18.32,"@"
"PhonAlign",18.32,18.35,"l"
"PhonAlign",18.35,18.47,"A/"
"PhonAlign",18.47,18.61,"f"
"PhonAlign",18.61,18.73,"O/"
"PhonAlign",18.73,18.79,"n"
"PhonAlign",18.79,18.87,"A/"
"PhonAlign",18.87,19.01,"k"
"PhonAlign",19.01,19.04,"w"
"PhonAlign",19.04,19.11,"A/"
"PhonAlign",19.11,19.25,"t"
"PhonAlign",19.25,19.3,"i"
"PhonAlign",19.3,19.33548,"k"
"PhonAlign",19.33548,19.795,"#"
"PhonAlign",19.795,19.955,"A/"
"PhonAlign",19.955,20.025,"m"
"PhonAlign",20.025,20.115,"A/"
"PhonAlign",20.115,20.195,"R"
"PhonAlign",20.195,20.315,"s"
"PhonAlign",20.315,20.475,"E"
"PhonAlign",20.475,20.505000000000003,"j"
"PhonAlign",20.505000000000003,20.735000000000003,"e"
"PhonAlign",20.735000000000003,20.925,"s"
"PhonAlign",20.925,21.015,"e"
"PhonAlign",21.015,21.075000000000003,"z"
"PhonAlign",21.075000000000003,21.175,"A/"
"PhonAlign",21.175,21.205,"l"
"PhonAlign",21.205,21.355,"a~"
"PhonAlign",21.355,21.505000000000003,"t"
"PhonAlign",21.505000000000003,21.625,"u"
"PhonAlign",21.625,21.66,"R"
"PhonAlign",21.66,22.935,"#"
"PhonAlign",22.935,23.235,"fp"
"PhonAlign",23.235,23.325,"d"
"PhonAlign",23.325,23.545,"O~"
"PhonAlign",23.545,23.890661,"k"
"PhonAlign",23.890661,24.1,"#"
"PhonAlign",24.1,24.32,"fp"
"PhonAlign",24.32,24.42,"n"
"PhonAlign",24.42,24.450000000000003,"u"
"PhonAlign",24.450000000000003,24.520000000000003,"z"
"PhonAlign",24.520000000000003,24.64,"A/"
"PhonAlign",24.64,24.700000000000003,"v"
"PhonAlign",24.700000000000003,24.880000000000003,"O~"
"PhonAlign",24.880000000000003,24.96,"d"
"PhonAlign",24.96,25.020000000000003,"e"
"PhonAlign",25.020000000000003,25.19,"s"
"PhonAlign",25.19,25.28,"i"
"PhonAlign",25.28,25.35,"d"
"PhonAlign",25.35,25.65,"e"
"PhonAlign",25.65,26.295,"fp"
"PhonAlign",26.295,27.355,"#"
"PhonAlign",27.355,27.575,"d"
"PhonAlign",27.575,27.865,"@"
"PhonAlign",27.865,28.685,"#"
"PhonAlign",28.685,28.725,"k"
"PhonAlign",28.725,28.805,"O/"
"PhonAlign",28.805,28.855,"m"
"PhonAlign",28.855,29.005,"a~"
"PhonAlign",29.005,29.145,"s"
"PhonAlign",29.145,29.345,"e"
"PhonAlign",29.345,29.405,"l"
"PhonAlign",29.405,29.535,"e"
"PhonAlign",29.535,29.635,"m"
"PhonAlign",29.635,29.695,"w"
"PhonAlign",29.695,29.735,"A/"
"PhonAlign",29.735,29.805,"t"
"PhonAlign",29.805,29.855,"n"
"PhonAlign",29.855,29.955,"O/"
"PhonAlign",29.955,30.045,"v"
"PhonAlign",30.045,30.195,"a~"
"PhonAlign",30.195,30.245,"b"
"PhonAlign",30.245,30.400312,"R"
"PhonAlign",30.400312,31.765,"#"
"PhonAlign",31.765,32.005,"fp"
"PhonAlign",32.005,32.045,"l"
"PhonAlign",32.045,32.185,"A/"
"PhonAlign",32.185,32.255,"d"
"PhonAlign",32.255,32.385,"A/"
"PhonAlign",32.385,32.515,"t"
"PhonAlign",32.515,32.635,"p"
"PhonAlign",32.635,32.665,"R"
"PhonAlign",32.665,32.755,"e"
"PhonAlign",32.755,32.915,"s"
"PhonAlign",32.915,33.005,"i"
"PhonAlign",33.005,33.035000000000004,"z"
"PhonAlign",33.035000000000004,33.205,"k"
"PhonAlign",33.205,33.285000000000004,"@"
"PhonAlign",33.285000000000004,33.415,"n"
"PhonAlign",33.415,33.445,"u"
"PhonAlign",33.445,33.515,"z"
"PhonAlign",33.515,33.625,"A/"
"PhonAlign",33.625,33.685,"v"
"PhonAlign",33.685,33.835,"O~"
"PhonAlign",33.835,33.995,"S"
"PhonAlign",33.995,34.085,"w"
"PhonAlign",34.085,34.165,"A/"
"PhonAlign",34.165,34.295,"z"
"PhonAlign",34.295,34.665,"i"
"PhonAlign",34.665,35.155,"e"
"PhonAlign",35.155,35.64,"#"
"PhonAlign",35.64,36.64,"fp"
"PhonAlign",36.64,36.677813,"l"
"PhonAlign",36.677813,39.585,"#"
"PhonAlign",39.585,39.685,"d"
"PhonAlign",39.685,39.885,"O~"
"PhonAlign",39.885,40.255,"k"
"PhonAlign",40.255,40.295,"O/"
"PhonAlign",40.295,40.395,"Z"
"PhonAlign",40.395,40.485,"u"
"PhonAlign",40.485,40.525,"R"
"PhonAlign",40.525,40.585,"d"
"PhonAlign",40.585,40.675,"y"
"PhonAlign",40.675,40.705,"i"
"PhonAlign",40.705,40.835,"O~"
"PhonAlign",40.835,40.945,"n"
"PhonAlign",40.945,41.145,"v"
"PhonAlign",41.145,41.245,"A/"
"PhonAlign",41.245,41.375,"S"
"PhonAlign",41.375,41.445,"w"
"PhonAlign",41.445,41.545,"A/"
"PhonAlign",41.545,41.625,"z"
"PhonAlign",41.625,41.725,"i"
"PhonAlign",41.725,42.015,"R"
"PhonAlign",42.015,42.045,"l"
"PhonAlign",42.045,42.145,"A/"
"PhonAlign",42.145,42.215,"d"
"PhonAlign",42.215,42.335,"A/"
"PhonAlign",42.335,42.465,"t"
"PhonAlign",42.465,42.545,"p"
"PhonAlign",42.545,42.655,"R"
"PhonAlign",42.655,42.725,"e"
"PhonAlign",42.725,42.875,"s"
"PhonAlign",42.875,43.035,"i"
"PhonAlign",43.035,43.14,"z"
"PhonAlign",43.14,43.955,"#"
"PhonAlign",43.955,44.015,"l"
"PhonAlign",44.015,44.135,"e"
"PhonAlign",44.135,44.215,"d"
"PhonAlign",44.215,44.335,"A/"
"PhonAlign",44.335,44.465,"t"
"PhonAlign",44.465,44.565,"#"
"PhonAlign",44.565,44.605,"p"
"PhonAlign",44.605,44.855,"u"
"PhonAlign",44.855,45.245,"R"
"PhonAlign",45.245,45.325,"p"
"PhonAlign",45.325,45.355,"l"
"PhonAlign",45.355,45.435,"y"
"PhonAlign",45.435,45.505,"z"
"PhonAlign",45.505,45.575,"j"
"PhonAlign",45.575,45.665,"9"
"PhonAlign",45.665,45.715,"R"
"PhonAlign",45.715,45.805,"t"
"PhonAlign",45.805,45.985,"A/"
"PhonAlign",45.985,46.245,"S"
"PhonAlign",46.245,47.075,"#"
"PhonAlign",47.075,47.115,"p"
"PhonAlign",47.115,47.185,"A/"
"PhonAlign",47.185,47.265,"s"
"PhonAlign",47.265,47.365,"k"
"PhonAlign",47.365,47.515,"@"
"PhonAlign",47.515,47.735,"n"
"PhonAlign",47.735,47.765,"u"
"PhonAlign",47.765,47.855,"z"
"PhonAlign",47.855,48.005,"A/"
"PhonAlign",48.005,48.095000000000006,"v"
"PhonAlign",48.095000000000006,48.45,"O~"
"PhonAlign",48.45,48.535,"#"
"PhonAlign",48.535,48.69499999999999,"d"
"PhonAlign",48.69499999999999,48.825,"i"
"PhonAlign",48.825,48.955,"t"
"PhonAlign",48.955,49.145,"A/"
"PhonAlign",49.145,49.345,"S"
"PhonAlign",49.345,49.425,"z"
"PhonAlign",49.425,49.725,"A/"
"PhonAlign",49.725,50.75,"#"
"PhonAlign",50.75,50.86,"A/"
"PhonAlign",50.86,50.97,"b"
"PhonAlign",50.97,51.07,"j"
"PhonAlign",51.07,51.18,"U~/"
"PhonAlign",51.18,51.25,"n"
"PhonAlign",51.25,51.31,"d"
"PhonAlign",51.31,51.35,"e"
"PhonAlign",51.35,51.49,"f"
"PhonAlign",51.49,51.58,"i"
"PhonAlign",51.58,51.66,"n"
"PhonAlign",51.66,51.78,"i"
"PhonAlign",51.78,51.86,"R"
"PhonAlign",51.86,52.345,"#"
"PhonAlign",52.345,52.745,"fp"
"PhonAlign",52.745,52.855,"d"
"PhonAlign",52.855,53.065,"O~"
"PhonAlign",53.065,53.23566,"k"
"PhonAlign",53.23566,53.67,"#"
"PhonAlign",53.67,53.71,"k"
"PhonAlign",53.71,53.77,"i"
"PhonAlign",53.77,53.85,"v"
"PhonAlign",53.85,53.93,"@"
"PhonAlign",53.93,54.07,"k"
"PhonAlign",54.07,54.14,"O/"
"PhonAlign",54.14,54.2,"m"
"PhonAlign",54.2,54.34,"a~"
"PhonAlign",54.34,54.52,"s"
"PhonAlign",54.52,54.71,"e"
"PhonAlign",54.71,57.695,"#"
"PhonAlign",57.695,57.805,"Z"
"PhonAlign",57.805,58.005,"i"
"PhonAlign",58.005,58.125,"n"
"PhonAlign",58.125,58.21,"g"
"PhonAlign",58.21,59.016315,"#"
"PhonAlign",59.016315,61.479499,"laugh"
"PhonAlign",61.479499,62.91,"#"
"PhonAlign",62.91,63.06,"A/"
"PhonAlign",63.06,63.12,"A/"
"PhonAlign",63.12,63.43,"A/"
"PhonAlign",63.43,63.46,"l"
"PhonAlign",63.46,63.53,"O/"
"PhonAlign",63.53,63.63999999999999,"R"
"PhonAlign",63.63999999999999,63.87,"fp"
"PhonAlign",63.87,63.94,"Z"
"PhonAlign",63.94,64.08,"t"
"PhonAlign",64.08,64.11,"l"
"PhonAlign",64.11,64.24,"E"
"PhonAlign",64.24,64.32,"s"
"PhonAlign",64.32,64.42999999999999,"@"
"PhonAlign",64.42999999999999,64.46,"R"
"PhonAlign",64.46,64.49,"e"
"PhonAlign",64.49,64.58,"f"
"PhonAlign",64.58,64.61,"l"
"PhonAlign",64.61,64.64999999999999,"e"
"PhonAlign",64.64999999999999,64.82,"S"
"PhonAlign",64.82,64.92999999999999,"i"
"PhonAlign",64.92999999999999,64.995,"R"
"PhonAlign",64.995,65.595,"#"
"PhonAlign",65.595,65.695,"d"
"PhonAlign",65.695,65.855,"O~"
"PhonAlign",65.855,66.045,"k"
"PhonAlign",66.045,66.195,"*"
"PhonAlign",66.195,66.275,"*"
"PhonAlign",66.275,66.325,"*"
"PhonAlign",66.325,66.485,"*"
"PhonAlign",66.485,66.625,"*"
"PhonAlign",66.625,72.31,"#"
"PhonAlign",72.31,72.39,"w"
"PhonAlign",72.39,72.60000000000001,"E"
"PhonAlign",72.60000000000001,72.73,"O~"
"PhonAlign",72.73,72.79,"n"
"PhonAlign",72.79,72.84,"A/"
"PhonAlign",72.84,72.95,"l"
"PhonAlign",72.95,73.09,"A/"
"PhonAlign",73.09,73.22,"k"
"PhonAlign",73.22,73.48,"O/"
"PhonAlign",73.48,73.51,"R"
"PhonAlign",73.51,73.57000000000001,"d"
"PhonAlign",73.57000000000001,73.67,"y"
"PhonAlign",73.67,73.72,"n"
"PhonAlign",73.72,73.84,"e"
"PhonAlign",73.84,73.97,"k"
"PhonAlign",73.97,74.14,"O/"
"PhonAlign",74.14,74.37,"l"
"PhonAlign",74.37,74.71000000000001,"@"
"PhonAlign",74.71000000000001,75.11,"A/"
"PhonAlign",75.11,75.29,"#"
"PhonAlign",75.29,75.35000000000001,"A/"
"PhonAlign",75.35000000000001,75.44000000000001,"m"
"PhonAlign",75.44000000000001,75.5,"E"
"PhonAlign",75.5,75.66000000000001,"R"
"PhonAlign",75.66000000000001,75.69000000000001,"A/"
"PhonAlign",75.69000000000001,75.76,"m"
"PhonAlign",75.76,75.83000000000001,"A/"
"PhonAlign",75.83000000000001,75.92,"R"
"PhonAlign",75.92,75.99000000000001,"s"
"PhonAlign",75.99000000000001,76.09,"E"
"PhonAlign",76.09,76.12,"j"
"PhonAlign",76.12,76.21000000000001,"s"
"PhonAlign",76.21000000000001,76.31,"a~"
"PhonAlign",76.31,76.36,"t"
"PhonAlign",76.36,76.44000000000001,"R"
"PhonAlign",76.44000000000001,76.52000000000001,"@"
"PhonAlign",76.52000000000001,76.58000000000001,"v"
"PhonAlign",76.58000000000001,76.69000000000001,"i"
"PhonAlign",76.69000000000001,76.77,"l"
"PhonAlign",76.77,77.155,"#"
"PhonAlign",77.155,77.19500000000001,"O/"
"PhonAlign",77.19500000000001,77.225,"v"
"PhonAlign",77.225,77.33500000000001,"j"
"PhonAlign",77.33500000000001,77.375,"@"
"PhonAlign",77.375,77.525,"p"
"PhonAlign",77.525,77.645,"O/"
"PhonAlign",77.645,77.68,"R"
"PhonAlign",77.68,80.675,"#"
"PhonAlign",80.675,80.715,"Z"
"PhonAlign",80.715,80.865,"s"
"PhonAlign",80.865,80.91499999999999,"e"
"PhonAlign",80.91499999999999,81.005,"p"
"PhonAlign",81.005,81.105,"A/"
"PhonAlign",81.105,81.13499999999999,"l"
"PhonAlign",81.13499999999999,81.205,"y"
"PhonAlign",81.205,81.325,"k"
"PhonAlign",81.325,81.41499999999999,"A/"
"PhonAlign",81.41499999999999,81.52499999999999,"s"
"PhonAlign",81.52499999999999,81.565,"e"
"PhonAlign",81.565,81.645,"s"
"PhonAlign",81.645,81.725,"A/"
"PhonAlign",81.725,81.845,"t"
"PhonAlign",81.845,82.045,"k"
"PhonAlign",82.045,82.075,"O/"
"PhonAlign",82.075,82.195,"m"
"PhonAlign",82.195,82.24499999999999,"a~"
"PhonAlign",82.24499999999999,82.27499999999999,"s"
"PhonAlign",82.27499999999999,82.345,"e"
"PhonAlign",82.345,92.53858,"#"
"PhonAlign",92.53858,92.992898,"laugh"
"PhonAlign",92.992898,161.78,"#"
"PhonAlign",161.78,161.86,"d"
"PhonAlign",161.86,162.01,"O~"
"PhonAlign",162.01,162.06,"k"
"PhonAlign",162.06,162.23,"s"
"PhonAlign",162.23,162.41,"e"
"PhonAlign",162.41,163.385,"#"
"PhonAlign",163.385,163.665,"d"
"PhonAlign",163.665,163.83499999999998,"O~"
"PhonAlign",163.83499999999998,163.905,"k"
"PhonAlign",163.905,164.045,"s"
"PhonAlign",164.045,164.245,"e"
"PhonAlign",164.245,165.105,"fp"
"PhonAlign",165.105,165.58,"#"
"PhonAlign",165.58,165.63000000000002,"k"
"PhonAlign",165.63000000000002,165.74,"E"
"PhonAlign",165.74,165.77,"l"
"PhonAlign",165.77,165.87,"d"
"PhonAlign",165.87,166.0,"A/"
"PhonAlign",166.0,166.16000000000005,"t"
"PhonAlign",166.16000000000005,166.19000000000003,"l"
"PhonAlign",166.19000000000003,166.26000000000002,"A/"
"PhonAlign",166.26000000000002,166.33,"p"
"PhonAlign",166.33,166.42000000000002,"R"
"PhonAlign",166.42000000000002,166.45000000000002,"2"
"PhonAlign",166.45000000000002,166.53,"m"
"PhonAlign",166.53,166.56,"j"
"PhonAlign",166.56,166.64,"E"
"PhonAlign",166.64,166.69000000000003,"R"
"PhonAlign",166.69000000000003,166.78,"t"
"PhonAlign",166.78,166.89,"A/"
"PhonAlign",166.89,167.06,"S"
"PhonAlign",167.06,167.495,"#"
"PhonAlign",167.495,167.655,"fp"
"PhonAlign",167.655,167.735,"l"
"PhonAlign",167.735,167.845,"A/"
"PhonAlign",167.845,167.875,"R"
"PhonAlign",167.875,167.925,"E"
"PhonAlign",167.925,168.015,"s"
"PhonAlign",168.015,168.055,"p"
"PhonAlign",168.055,168.155,"O~"
"PhonAlign",168.155,168.245,"s"
"PhonAlign",168.245,168.35500000000002,"A/"
"PhonAlign",168.35500000000002,168.425,"b"
"PhonAlign",168.425,168.455,"l"
"PhonAlign",168.455,168.525,"@"
"PhonAlign",168.525,168.57500000000002,"d"
"PhonAlign",168.57500000000002,168.705,"O~"
"PhonAlign",168.705,168.785,"k"
"PhonAlign",168.785,168.85500000000002,"s"
"PhonAlign",168.85500000000002,168.935,"e"
"PhonAlign",168.935,169.01,"#"
"PhonAlign",169.01,169.06,"*"
"PhonAlign",169.06,169.13,"*"
"PhonAlign",169.13,169.17999999999998,"*"
"PhonAlign",169.17999999999998,169.34,"*"
"PhonAlign",169.34,169.38,"*"
"PhonAlign",169.38,169.465,"*"
"PhonAlign",169.465,169.56,"#"
"PhonAlign",169.56,169.63,"d"
"PhonAlign",169.63,169.71,"O~"
"PhonAlign",169.71,169.85,"k"
"PhonAlign",169.85,169.92000000000002,"E"
"PhonAlign",169.92000000000002,169.96,"l"
"PhonAlign",169.96,170.07,"A/"
"PhonAlign",170.07,170.27,"b"
"PhonAlign",170.27,170.4,"j"
"PhonAlign",170.4,170.64,"U~/"
"PhonAlign",170.64,170.67000000000002,"y"
"PhonAlign",170.67000000000002,170.8,"n"
"PhonAlign",170.8,170.94,"i"
"PhonAlign",170.94,171.04,"d"
"PhonAlign",171.04,171.1,"e"
"PhonAlign",171.1,171.21,"E"
"PhonAlign",171.21,171.465,"A/"
"PhonAlign",171.465,171.635,"#"
"PhonAlign",171.635,171.67499999999998,"p"
"PhonAlign",171.67499999999998,171.765,"R"
"PhonAlign",171.765,171.825,"E"
"PhonAlign",171.825,171.95499999999998,"p"
"PhonAlign",171.95499999999998,172.08499999999998,"A/"
"PhonAlign",172.08499999999998,172.14499999999998,"R"
"PhonAlign",172.14499999999998,172.315,"e"
"PhonAlign",172.315,172.765,"#"
"PhonAlign",172.765,172.80499999999998,"l"
"PhonAlign",172.80499999999998,172.99499999999998,"e"
"PhonAlign",172.99499999999998,173.02499999999998,"l"
"PhonAlign",173.02499999999998,173.21499999999995,"i"
"PhonAlign",173.21499999999995,173.33499999999998,"v"
"PhonAlign",173.33499999999998,173.475,"R"
"PhonAlign",173.475,174.0,"fp"
"PhonAlign",174.0,174.725,"#"
"PhonAlign",174.725,175.015,"E"
"PhonAlign",175.015,175.065,"l"
"PhonAlign",175.065,175.165,"E"
"PhonAlign",175.165,175.235,"z"
"PhonAlign",175.235,175.285,"E"
"PhonAlign",175.285,175.355,"g"
"PhonAlign",175.355,175.435,"z"
"PhonAlign",175.435,175.525,"E"
"PhonAlign",175.525,175.605,"R"
"PhonAlign",175.605,175.745,"s"
"PhonAlign",175.745,175.855,"i"
"PhonAlign",175.855,176.185,"s"
"PhonAlign",176.185,176.235,"l"
"PhonAlign",176.235,176.505,"i"
"PhonAlign",176.505,176.72,"e"
"PhonAlign",176.72,177.8,"#"
"PhonAlign",177.8,178.46,"fp"
"PhonAlign",178.46,178.63000000000002,"A/"
"PhonAlign",178.63000000000002,178.68,"l"
"PhonAlign",178.68,178.77,"A/"
"PhonAlign",178.77,178.92000000000002,"f"
"PhonAlign",178.92000000000002,179.10000000000002,"O/"
"PhonAlign",179.10000000000002,179.20000000000002,"n"
"PhonAlign",179.20000000000002,179.33,"s"
"PhonAlign",179.33,179.36,"@"
"PhonAlign",179.36,179.46,"k"
"PhonAlign",179.46,179.52,"i"
"PhonAlign",179.52,179.57000000000002,"v"
"PhonAlign",179.57000000000002,179.67000000000002,"A/"
"PhonAlign",179.67000000000002,179.78,"A/"
"PhonAlign",179.78,179.94,"t"
"PhonAlign",179.94,180.0,"i"
"PhonAlign",180.0,180.06,"R"
"PhonAlign",180.06,180.35,"e"
"PhonAlign",180.35,180.4,"l"
"PhonAlign",180.4,180.75,"e"
"PhonAlign",180.75,180.81,"z"
"PhonAlign",180.81,180.91000000000005,"a~"
"PhonAlign",180.91000000000005,181.06,"f"
"PhonAlign",181.06,181.26,"a~"
"PhonAlign",181.26,181.34,"Z"
"PhonAlign",181.34,181.43,"A/"
"PhonAlign",181.43,181.51,"d"
"PhonAlign",181.51,181.56,"m"
"PhonAlign",181.56,181.7,"E"
"PhonAlign",181.7,182.89,"#"
"PhonAlign",182.89,182.93,"d"
"PhonAlign",182.93,183.04,"O~"
"PhonAlign",183.04,183.17,"k"
"PhonAlign",183.17,183.2,"l"
"PhonAlign",183.2,183.31,"A/"
"PhonAlign",183.31,183.38,"d"
"PhonAlign",183.38,183.5,"A/"
"PhonAlign",183.5,183.6,"t"
"PhonAlign",183.6,183.78,"s"
"PhonAlign",183.78,183.88,"@"
"PhonAlign",183.88,183.94,"R"
"PhonAlign",183.94,184.245,"A/"
"PhonAlign",184.245,219.155,"#"
"PhonAlign",219.155,219.215,"l"
"PhonAlign",219.215,219.66,"@"
"PhonAlign",219.66,300.225,"#"
"PhonAlign",300.225,300.495,"A/"
"PhonAlign",300.495,300.625,"l"
"PhonAlign",300.625,300.745,"O/"
"PhonAlign",300.745,300.845,"R"
"PhonAlign",300.845,301.595,"fp"
"PhonAlign",301.595,301.72,"#"
"PhonAlign",301.72,301.89000000000004,"fp"
"PhonAlign",301.89000000000004,301.99,"g"
"PhonAlign",301.99,302.03000000000003,"R"
"PhonAlign",302.03000000000003,302.12,"A/"
"PhonAlign",302.12,302.22,"s"
"PhonAlign",302.22,302.29,"A/"
"PhonAlign",302.29,302.42,"*"
"PhonAlign",302.42,302.49,"*"
"PhonAlign",302.49,302.53000000000003,"*"
"PhonAlign",302.53000000000003,302.72,"*"
"PhonAlign",302.72,302.99,"*"
"PhonAlign",302.99,303.19000000000005,"*"
"PhonAlign",303.19000000000005,303.54,"n"
"PhonAlign",303.54,303.57000000000005,"u"
"PhonAlign",303.57000000000005,303.72,"s"
"PhonAlign",303.72,304.43,"A/"
"PhonAlign",304.43,304.46000000000004,"v"
"PhonAlign",304.46000000000004,304.49,"O~"
"PhonAlign",304.49,304.535,"z"
"PhonAlign",304.535,304.855,"#"
"PhonAlign",304.855,304.95500000000004,"O~"
"PhonAlign",304.95500000000004,305.01500000000004,"v"
"PhonAlign",305.01500000000004,305.105,"A/"
"PhonAlign",305.105,305.21500000000003,"f"
"PhonAlign",305.21500000000003,305.27500000000003,"E"
"PhonAlign",305.27500000000003,305.305,"R"
"PhonAlign",305.305,305.33500000000004,"l"
"PhonAlign",305.33500000000004,305.445,"A/"
"PhonAlign",305.445,305.505,"p"
"PhonAlign",305.505,305.595,"R"
"PhonAlign",305.595,305.635,"2"
"PhonAlign",305.635,305.665,"m"
"PhonAlign",305.665,305.735,"j"
"PhonAlign",305.735,305.77500000000003,"E"
"PhonAlign",305.77500000000003,305.83500000000004,"R"
"PhonAlign",305.83500000000004,305.915,"t"
"PhonAlign",305.915,306.055,"A/"
"PhonAlign",306.055,306.185,"S"
"PhonAlign",306.185,306.655,"#"
"PhonAlign",306.655,306.695,"i"
"PhonAlign",306.695,306.765,"l"
"PhonAlign",306.765,306.80499999999995,"R"
"PhonAlign",306.80499999999995,306.875,"E"
"PhonAlign",306.875,306.92499999999995,"s"
"PhonAlign",306.92499999999995,306.985,"t"
"PhonAlign",306.985,307.105,"a~"
"PhonAlign",307.105,307.17499999999995,"k"
"PhonAlign",307.17499999999995,307.24499999999995,"O/"
"PhonAlign",307.24499999999995,307.30499999999995,"R"
"PhonAlign",307.30499999999995,307.375,"n"
"PhonAlign",307.375,307.455,"9"
"PhonAlign",307.455,307.775,"f"
"PhonAlign",307.775,307.825,"d"
"PhonAlign",307.825,308.005,"O~"
"PhonAlign",308.005,308.330903,"k"
"PhonAlign",308.330903,308.885,"#"
"PhonAlign",308.885,308.965,"t"
"PhonAlign",308.965,309.085,"A/"
"PhonAlign",309.085,309.115,"y"
"PhonAlign",309.115,309.305,"n"
"PhonAlign",309.305,309.375,"i"
"PhonAlign",309.375,309.445,"d"
"PhonAlign",309.445,309.695,"e"
"PhonAlign",309.695,309.855,"s"
"PhonAlign",309.855,309.955,"y"
"PhonAlign",309.955,310.135,"R"
"PhonAlign",310.135,310.175,"l"
"PhonAlign",310.175,310.395,"A/"
"PhonAlign",310.395,310.495,"d"
"PhonAlign",310.495,310.535,"2"
"PhonAlign",310.535,310.635,"z"
"PhonAlign",310.635,310.695,"j"
"PhonAlign",310.695,310.805,"E"
"PhonAlign",310.805,310.835,"m"
"PhonAlign",310.835,310.9,"2"
"PhonAlign",310.9,314.98,"#"
"PhonAlign",314.98,315.12,"O/"
"PhonAlign",315.12,315.36,"k"
"PhonAlign",315.36,315.62,"e"
"PhonAlign",315.62,323.7,"#"
"PhonAlign",323.7,323.89,"Z"
"PhonAlign",323.89,324.0,"@"
"PhonAlign",324.0,324.1,"p"
"PhonAlign",324.1,324.2,"@"
"PhonAlign",324.2,324.31,"f"
"PhonAlign",324.31,324.47,"E"
"PhonAlign",324.47,325.23,"R"
"PhonAlign",325.23,325.5,"m"
"PhonAlign",325.5,325.53,"w"
"PhonAlign",325.53,325.65,"A/"
"PhonAlign",325.65,325.94,"*"
"PhonAlign",325.94,326.41,"*"
"PhonAlign",326.41,326.44,"*"
"PhonAlign",326.44,326.475,"l"
"PhonAlign",326.475,326.86,"#"
"PhonAlign",326.86,326.91,"l"
"PhonAlign",326.91,327.04,"U~/"
"PhonAlign",327.04,327.1,"t"
"PhonAlign",327.1,327.18,"R"
"PhonAlign",327.18,327.25,"O/"
"PhonAlign",327.25,327.28000000000003,"d"
"PhonAlign",327.28000000000003,327.36,"y"
"PhonAlign",327.36,327.46000000000004,"k"
"PhonAlign",327.46000000000004,327.6,"s"
"PhonAlign",327.6,327.65000000000003,"j"
"PhonAlign",327.65000000000003,327.785,"O~"
"PhonAlign",327.785,328.79,"#"
"PhonAlign",328.79,328.85,"d"
"PhonAlign",328.85,329.08000000000004,"O~"
"PhonAlign",329.08000000000004,329.59,"k"
"PhonAlign",329.59,330.15,"#"
"PhonAlign",330.15,330.19,"y"
"PhonAlign",330.19,330.22,"n"
"PhonAlign",330.22,330.6,"@"
"PhonAlign",330.6,330.96,"U~/"
"PhonAlign",330.96,331.14,"t"
"PhonAlign",331.14,331.33,"R"
"PhonAlign",331.33,331.67999999999995,"O/"
"PhonAlign",331.67999999999995,331.92999999999995,"d"
"PhonAlign",331.92999999999995,332.06,"y"
"PhonAlign",332.06,332.17999999999995,"k"
"PhonAlign",332.17999999999995,332.42999999999995,"s"
"PhonAlign",332.42999999999995,332.48,"j"
"PhonAlign",332.48,332.905,"O~"
"PhonAlign",332.905,333.665,"#"
"PhonAlign",333.665,333.70500000000004,"d"
"PhonAlign",333.70500000000004,333.76500000000004,"E"
"PhonAlign",333.76500000000004,333.83500000000004,"z"
"PhonAlign",333.83500000000004,333.925,"A/"
"PhonAlign",333.925,333.995,"k"
"PhonAlign",333.995,334.14500000000004,"t"
"PhonAlign",334.14500000000004,334.185,"i"
"PhonAlign",334.185,334.245,"v"
"PhonAlign",334.245,334.365,"i"
"PhonAlign",334.365,334.495,"t"
"PhonAlign",334.495,334.88500000000005,"e"
"PhonAlign",334.88500000000005,334.994063,"z"
"PhonAlign",334.994063,336.955,"#"
"PhonAlign",336.955,336.995,"d"
"PhonAlign",336.995,337.335,"@"
"PhonAlign",337.335,337.505,"n"
"PhonAlign",337.505,337.645,"O/"
"PhonAlign",337.645,337.755,"t"
"PhonAlign",337.755,337.965,"R"
"PhonAlign",337.965,338.845,"#"
"PhonAlign",338.845,338.975,"A/"
"PhonAlign",338.975,339.115,"s"
"PhonAlign",339.115,339.185,"O/"
"PhonAlign",339.185,339.355,"s"
"PhonAlign",339.355,339.475,"A/"
"PhonAlign",339.475,339.665,"s"
"PhonAlign",339.665,339.71500000000003,"j"
"PhonAlign",339.71500000000003,339.89,"O~"
"PhonAlign",339.89,340.63,"#"
"PhonAlign",340.63,340.8,"d"
"PhonAlign",340.8,340.89,"O~"
"PhonAlign",340.89,341.01,"s"
"PhonAlign",341.01,341.07,"A/"
"PhonAlign",341.07,341.13,"v"
"PhonAlign",341.13,341.23,"A/"
"PhonAlign",341.23,341.34,"E"
"PhonAlign",341.34,341.44,"t"
"PhonAlign",341.44,341.58,"R"
"PhonAlign",341.58,342.02,"@"
"PhonAlign",342.02,342.315,"#"
"PhonAlign",342.315,342.365,"p"
"PhonAlign",342.365,342.395,"l"
"PhonAlign",342.395,342.445,"y"
"PhonAlign",342.445,342.495,"t"
"PhonAlign",342.495,342.575,"O/"
"PhonAlign",342.575,342.605,"y"
"PhonAlign",342.605,342.635,"n"
"PhonAlign",342.635,342.695,"p"
"PhonAlign",342.695,342.795,"R"
"PhonAlign",342.795,342.835,"e"
"PhonAlign",342.835,343.075,"#"
"PhonAlign",343.075,343.135,"p"
"PhonAlign",343.135,343.215,"R"
"PhonAlign",343.215,343.285,"E"
"PhonAlign",343.285,343.345,"z"
"PhonAlign",343.345,343.475,"a~"
"PhonAlign",343.475,343.535,"t"
"PhonAlign",343.535,343.595,"A/"
"PhonAlign",343.595,343.725,"s"
"PhonAlign",343.725,343.765,"j"
"PhonAlign",343.765,343.865,"O~"
"PhonAlign",343.865,345.02,"#"
"PhonAlign",345.02,345.33,"e"
"PhonAlign",345.33,345.36,"O~"
"PhonAlign",345.36,345.93,"v"
"PhonAlign",345.93,346.25,"A/"
"PhonAlign",346.25,346.34,"l"
"PhonAlign",346.34,346.46,"9"
"PhonAlign",346.46,347.045,"R"
"PhonAlign",347.045,348.18,"#"
"PhonAlign",348.18,348.29,"n"
"PhonAlign",348.29,348.32,"u"
"PhonAlign",348.32,348.705,"z"
"PhonAlign",348.705,348.925,"#"
"PhonAlign",348.925,349.045,"n"
"PhonAlign",349.045,349.125,"u"
"PhonAlign",349.125,349.21500000000003,"p"
"PhonAlign",349.21500000000003,349.305,"R"
"PhonAlign",349.305,349.355,"E"
"PhonAlign",349.355,349.415,"z"
"PhonAlign",349.415,349.565,"a~"
"PhonAlign",349.565,349.685,"t"
"PhonAlign",349.685,349.96500000000003,"e"
"PhonAlign",349.96500000000003,350.035,"R"
"PhonAlign",350.035,350.23,"E"
"PhonAlign",350.23,350.395,"#"
"PhonAlign",350.395,350.435,"p"
"PhonAlign",350.435,350.475,"R"
"PhonAlign",350.475,350.515,"E"
"PhonAlign",350.515,350.565,"z"
"PhonAlign",350.565,350.67499999999995,"a~"
"PhonAlign",350.67499999999995,350.725,"t"
"PhonAlign",350.725,350.765,"e"
"PhonAlign",350.765,350.845,"s"
"PhonAlign",350.845,350.915,"k"
"PhonAlign",350.915,351.055,"O~"
"PhonAlign",351.055,351.085,"v"
"PhonAlign",351.085,351.185,"A/"
"PhonAlign",351.185,351.305,"f"
"PhonAlign",351.305,351.415,"E"
"PhonAlign",351.415,351.45,"R"
"PhonAlign",351.45,352.87,"#"
"PhonAlign",352.87,352.93,"p"
"PhonAlign",352.93,353.12,"i"
"PhonAlign",353.12,353.21,"l"
"PhonAlign",353.21,353.34000000000003,"A/"
"PhonAlign",353.34000000000003,353.43,"d"
"PhonAlign",353.43,353.5,"2"
"PhonAlign",353.5,353.58,"z"
"PhonAlign",353.58,353.62,"j"
"PhonAlign",353.62,353.75,"E"
"PhonAlign",353.75,353.81,"m"
"PhonAlign",353.81,353.91,"t"
"PhonAlign",353.91,354.02,"A/"
"PhonAlign",354.02,354.07,"S"
"PhonAlign",354.07,354.11,"@"
"PhonAlign",354.11,354.16,"y"
"PhonAlign",354.16,354.19,"n"
"PhonAlign",354.19,354.29,"p"
"PhonAlign",354.29,354.36,"R"
"PhonAlign",354.36,354.43,"i"
"PhonAlign",354.43,354.48,"z"
"PhonAlign",354.48,354.55,"d"
"PhonAlign",354.55,354.62,"@"
"PhonAlign",354.62,354.7,"k"
"PhonAlign",354.7,354.84000000000003,"O~"
"PhonAlign",354.84000000000003,354.92,"t"
"PhonAlign",354.92,355.01,"A/"
"PhonAlign",355.01,355.09000000000003,"k"
"PhonAlign",355.09000000000003,355.21,"t"
"PhonAlign",355.21,355.315,"@"
"PhonAlign",355.315,355.71,"#"
"PhonAlign",355.71,355.75,"y"
"PhonAlign",355.75,355.86,"n"
"PhonAlign",355.86,356.0,"p"
"PhonAlign",356.0,356.03,"R"
"PhonAlign",356.03,356.13,"i"
"PhonAlign",356.13,356.16,"z"
"PhonAlign",356.16,356.22,"d"
"PhonAlign",356.22,356.27,"@"
"PhonAlign",356.27,356.37,"k"
"PhonAlign",356.37,356.46,"O~"
"PhonAlign",356.46,356.54999999999995,"t"
"PhonAlign",356.54999999999995,356.62,"A/"
"PhonAlign",356.62,356.73,"k"
"PhonAlign",356.73,356.77,"t"
"PhonAlign",356.77,356.86,"A/"
"PhonAlign",356.86,356.91,"v"
"PhonAlign",356.91,356.97,"E"
"PhonAlign",356.97,357.08,"k"
"PhonAlign",357.08,357.11,"l"
"PhonAlign",357.11,357.14,"e"
"PhonAlign",357.14,357.23,"z"
"PhonAlign",357.23,357.29999999999995,"E"
"PhonAlign",357.29999999999995,357.33,"l"
"PhonAlign",357.33,357.36,"E"
"PhonAlign",357.36,357.4,"v"
"PhonAlign",357.4,359.59,"#"
"PhonAlign",359.59,359.67,"s"
"PhonAlign",359.67,359.77,"A/"
"PhonAlign",359.77,359.86,"v"
"PhonAlign",359.86,359.94,"w"
"PhonAlign",359.94,360.11,"A/"
"PhonAlign",360.11,360.14,"R"
"PhonAlign",360.14,360.17,"l"
"PhonAlign",360.17,360.35,"9"
"PhonAlign",360.35,360.41,"R"
"PhonAlign",360.41,360.48,"p"
"PhonAlign",360.48,360.55,"O/"
"PhonAlign",360.55,360.6,"z"
"PhonAlign",360.6,360.68,"i"
"PhonAlign",360.68,360.72,"s"
"PhonAlign",360.72,360.75,"j"
"PhonAlign",360.75,360.78,"O~"
"PhonAlign",360.78,360.95,"s"
"PhonAlign",360.95,361.01,"A/"
"PhonAlign",361.01,361.1,"v"
"PhonAlign",361.1,361.25,"w"
"PhonAlign",361.25,361.65,"A/"
"PhonAlign",361.65,361.68,"R"
"PhonAlign",361.68,361.85,"u"
"PhonAlign",361.85,361.97,"i"
"PhonAlign",361.97,362.13,"s"
"PhonAlign",362.13,362.28,"@"
"PhonAlign",362.28,362.46,"p"
"PhonAlign",362.46,362.54,"O/"
"PhonAlign",362.54,362.58,"z"
"PhonAlign",362.58,362.64,"i"
"PhonAlign",362.64,362.8,"s"
"PhonAlign",362.8,362.83,"j"
"PhonAlign",362.83,362.97,"O/"
"PhonAlign",362.97,363.04,"n"
"PhonAlign",363.04,363.38,"a~"
"PhonAlign",363.38,363.61,"v"
"PhonAlign",363.61,363.68,"E"
"PhonAlign",363.68,363.73,"R"
"PhonAlign",363.73,363.84,"t"
"PhonAlign",363.84,363.87,"u"
"PhonAlign",363.87,364.01,"s"
"PhonAlign",364.01,364.15,"A/"
"PhonAlign",364.15,364.19,"E"
"PhonAlign",364.19,364.29,"s"
"PhonAlign",364.29,364.42,"k"
"PhonAlign",364.42,364.57,"@"
"PhonAlign",364.57,364.85,"E"
"PhonAlign",364.85,365.02,"s"
"PhonAlign",365.02,365.08,"k"
"PhonAlign",365.08,365.11,"i"
"PhonAlign",365.11,365.22,"s"
"PhonAlign",365.22,365.38,"O~"
"PhonAlign",365.38,365.58,"p"
"PhonAlign",365.58,365.88,"u"
"PhonAlign",365.88,365.93,"R"
"PhonAlign",365.93,365.96,"e"
"PhonAlign",365.96,366.13,"s"
"PhonAlign",366.13,366.35,"@"
"PhonAlign",366.35,366.49,"k"
"PhonAlign",366.49,366.53,"E"
"PhonAlign",366.53,366.78,"s"
"PhonAlign",366.78,366.81,"@"
"PhonAlign",366.81,366.97,"k"
"PhonAlign",366.97,367.03,"i"
"PhonAlign",367.03,367.1,"z"
"PhonAlign",367.1,367.25,"O~"
"PhonAlign",367.25,367.32,"d"
"PhonAlign",367.32,367.39,"e"
"PhonAlign",367.39,367.47,"z"
"PhonAlign",367.47,367.59,"i"
"PhonAlign",367.59,367.65,"d"
"PhonAlign",367.65,367.845,"e"
"PhonAlign",367.845,368.955,"#"
"PhonAlign",368.955,369.295,"fp"
"PhonAlign",369.295,369.455,"d"
"PhonAlign",369.455,369.515,"@"
"PhonAlign",369.515,369.665,"s"
"PhonAlign",369.665,369.798973,"A/"
"PhonAlign",369.798973,370.38,"#"
"PhonAlign",370.38,370.42,"w"
"PhonAlign",370.42,370.69,"E"
"PhonAlign",370.69,377.480197,"#"
"PhonAlign",377.480197,377.920186,"m"
"PhonAlign",377.920186,384.315,"#"
"PhonAlign",384.315,384.57,"m"
"PhonAlign",384.57,403.22,"#"
"PhonAlign",403.22,403.2600000000001,"d"
"PhonAlign",403.2600000000001,403.37,"O~"
"PhonAlign",403.37,403.52,"s"
"PhonAlign",403.52,403.64,"A/"
"PhonAlign",403.64,403.7600000000001,"s"
"PhonAlign",403.7600000000001,403.79,"A/"
"PhonAlign",403.79,403.85,"s"
"PhonAlign",403.85,403.94000000000005,"R"
"PhonAlign",403.94000000000005,404.03,"A/"
"PhonAlign",404.03,404.06,"l"
"PhonAlign",404.06,404.13000000000005,"A/"
"PhonAlign",404.13000000000005,404.2000000000001,"p"
"PhonAlign",404.2000000000001,404.28,"R"
"PhonAlign",404.28,404.33,"2"
"PhonAlign",404.33,404.36,"m"
"PhonAlign",404.36,404.4500000000001,"j"
"PhonAlign",404.4500000000001,404.52,"E"
"PhonAlign",404.52,404.5700000000001,"R"
"PhonAlign",404.5700000000001,404.66,"t"
"PhonAlign",404.66,404.75,"A/"
"PhonAlign",404.75,404.83,"S"
"PhonAlign",404.83,405.1,"#"
"PhonAlign",405.1,405.14,"l"
"PhonAlign",405.14,405.2600000000001,"A/"
"PhonAlign",405.2600000000001,405.3200000000001,"d"
"PhonAlign",405.3200000000001,405.36,"2"
"PhonAlign",405.36,405.4500000000001,"z"
"PhonAlign",405.4500000000001,405.54,"j"
"PhonAlign",405.54,405.6,"E"
"PhonAlign",405.6,405.68,"m"
"PhonAlign",405.68,405.7600000000001,"t"
"PhonAlign",405.7600000000001,405.88,"A/"
"PhonAlign",405.88,405.93,"S"
"PhonAlign",405.93,406.08,"s"
"PhonAlign",406.08,406.22,"e"
"PhonAlign",406.22,406.28,"d"
"PhonAlign",406.28,406.62,"O~"
"PhonAlign",406.62,406.74,"*"
"PhonAlign",406.74,406.8,"*"
"PhonAlign",406.8,406.86,"*"
"PhonAlign",406.86,406.9500000000001,"*"
"PhonAlign",406.9500000000001,406.98,"*"
"PhonAlign",406.98,407.05,"A/"
"PhonAlign",407.05,407.14,"p"
"PhonAlign",407.14,407.22,"A/"
"PhonAlign",407.22,407.3,"R"
"PhonAlign",407.3,407.33,"l"
"PhonAlign",407.33,407.4500000000001,"e"
"PhonAlign",407.4500000000001,407.5100000000001,"d"
"PhonAlign",407.5100000000001,407.65,"O~"
"PhonAlign",407.65,407.725,"k"
"PhonAlign",407.725,408.315,"#"
"PhonAlign",408.315,408.355,"d"
"PhonAlign",408.355,408.425,"A/"
"PhonAlign",408.425,408.545,"k"
"PhonAlign",408.545,408.675,"O/"
"PhonAlign",408.675,408.715,"R"
"PhonAlign",408.715,408.775,"d"
"PhonAlign",408.775,408.815,"l"
"PhonAlign",408.815,408.885,"A/"
"PhonAlign",408.885,408.955,"t"
"PhonAlign",408.955,409.035,"R"
"PhonAlign",409.035,409.075,"w"
"PhonAlign",409.075,409.125,"A/"
"PhonAlign",409.125,409.165,"z"
"PhonAlign",409.165,409.195,"j"
"PhonAlign",409.195,409.275,"E"
"PhonAlign",409.275,409.335,"m"
"PhonAlign",409.335,409.395,"t"
"PhonAlign",409.395,409.495,"A/"
"PhonAlign",409.495,409.59,"S"
"PhonAlign",409.59,410.77,"#"
"PhonAlign",410.77,410.86,"A/"
"PhonAlign",410.86,410.93,"p"
"PhonAlign",410.93,411.01,"R"
"PhonAlign",411.01,411.13,"E"
"PhonAlign",411.13,411.17,"l"
"PhonAlign",411.17,411.29,"e"
"PhonAlign",411.29,411.32,"l"
"PhonAlign",411.32,411.46,"i"
"PhonAlign",411.46,411.52,"v"
"PhonAlign",411.52,411.74,"R"
"PhonAlign",411.74,411.79,"d"
"PhonAlign",411.79,411.96,"O~"
"PhonAlign",411.96,412.22,"t"
"PhonAlign",412.22,412.41,"S"
"PhonAlign",412.41,412.45,"w"
"PhonAlign",412.45,412.51,"A/"
"PhonAlign",412.51,412.62,"z"
"PhonAlign",412.62,412.66,"i"
"PhonAlign",412.66,412.79,"k"
"PhonAlign",412.79,412.85,"w"
"PhonAlign",412.85,412.915,"A/"
"PhonAlign",412.915,491.75,"#"
"PhonAlign",491.75,491.86,"O/"
"PhonAlign",491.86,492.04,"k"
"PhonAlign",492.04,492.265,"e"
"PhonAlign",492.265,492.82,"#"
"PhonAlign",492.82,493.35,"fp"
"PhonAlign",493.35,493.38,"Z"
"PhonAlign",493.38,493.63,"i"
"PhonAlign",493.63,493.74,"n"
"PhonAlign",493.74,493.82,"g"
"PhonAlign",493.82,494.06,"k"
"PhonAlign",494.06,494.12,"A/"
"PhonAlign",494.12,494.18,"t"
"PhonAlign",494.18,494.28,"R"
"PhonAlign",494.28,494.32,"i"
"PhonAlign",494.32,494.44,"E"
"PhonAlign",494.44,494.53,"m"
"PhonAlign",494.53,494.6,"t"
"PhonAlign",494.6,494.72,"A/"
"PhonAlign",494.72,494.81,"S"
"PhonAlign",494.81,495.4,"#"
"PhonAlign",495.4,495.61,"fp"
"PhonAlign",495.61,495.74,"t"
"PhonAlign",495.74,495.81,"p"
"PhonAlign",495.81,495.93,"a~"
"PhonAlign",495.93,496.09,"s"
"PhonAlign",496.09,496.64,"fp"
"PhonAlign",496.64,496.79,"k"
"PhonAlign",496.79,496.84,"E"
"PhonAlign",496.84,496.93,"s"
"PhonAlign",496.93,497.04,"k"
"PhonAlign",497.04,497.29,"O~"
"PhonAlign",497.29,497.37,"n"
"PhonAlign",497.37,497.47,"p"
"PhonAlign",497.47,497.51,"@"
"PhonAlign",497.51,498.255,"fp"
"PhonAlign",498.255,498.77,"#"
"PhonAlign",498.77,498.85,"O/"
"PhonAlign",498.85,498.95,"f"
"PhonAlign",498.95,499.06,"R"
"PhonAlign",499.06,499.21,"i"
"PhonAlign",499.21,499.28,"R"
"PhonAlign",499.28,499.4,"O/"
"PhonAlign",499.4,499.49,"z"
"PhonAlign",499.49,499.58,"a~"
"PhonAlign",499.58,499.73,"f"
"PhonAlign",499.73,499.87,"a~"
"PhonAlign",499.87,499.9,"u"
"PhonAlign",499.9,499.98,"b"
"PhonAlign",499.98,500.09,"j"
"PhonAlign",500.09,500.38,"U~/"
"PhonAlign",500.38,500.595,"#"
"PhonAlign",500.595,500.645,"k"
"PhonAlign",500.645,500.685,"E"
"PhonAlign",500.685,500.775,"s"
"PhonAlign",500.775,500.855,"k"
"PhonAlign",500.855,501.00500000000005,"O~"
"PhonAlign",501.00500000000005,501.155,"p"
"PhonAlign",501.155,501.295,"2"
"PhonAlign",501.295,501.3250000000001,"t"
"PhonAlign",501.3250000000001,501.355,"l"
"PhonAlign",501.355,501.4450000000001,"9"
"PhonAlign",501.4450000000001,501.515,"R"
"PhonAlign",501.515,501.615,"d"
"PhonAlign",501.615,501.715,"@"
"PhonAlign",501.715,501.785,"m"
"PhonAlign",501.785,501.955,"a~"
"PhonAlign",501.955,502.085,"d"
"PhonAlign",502.085,502.315,"e"
"PhonAlign",502.315,503.16,"#"
"PhonAlign",503.16,503.38000000000005,"fp"
"PhonAlign",503.38000000000005,503.5700000000001,"p"
"PhonAlign",503.5700000000001,503.8200000000001,"u"
"PhonAlign",503.8200000000001,503.97,"R"
"PhonAlign",503.97,504.04,"l"
"PhonAlign",504.04,504.11,"e"
"PhonAlign",504.11,504.24,"s"
"PhonAlign",504.24,504.3200000000001,"a~"
"PhonAlign",504.3200000000001,504.4500000000001,"s"
"PhonAlign",504.4500000000001,504.49,"i"
"PhonAlign",504.49,504.54,"b"
"PhonAlign",504.54,504.6,"i"
"PhonAlign",504.6,504.63000000000005,"l"
"PhonAlign",504.63000000000005,504.74,"i"
"PhonAlign",504.74,504.85,"z"
"PhonAlign",504.85,504.99,"e"
"PhonAlign",504.99,505.15,"A/"
"PhonAlign",505.15,505.21,"l"
"PhonAlign",505.21,505.47,"A/"
"PhonAlign",505.47,505.5,"#"
"PhonAlign",505.5,505.73,"p"
"PhonAlign",505.73,505.7600000000001,"R"
"PhonAlign",505.7600000000001,505.79,"O/"
"PhonAlign",505.79,505.86,"t"
"PhonAlign",505.86,505.92,"E"
"PhonAlign",505.92,506.0100000000001,"k"
"PhonAlign",506.0100000000001,506.16,"s"
"PhonAlign",506.16,506.19,"j"
"PhonAlign",506.19,506.3200000000001,"O~"
"PhonAlign",506.3200000000001,506.4,"d"
"PhonAlign",506.4,506.44,"@"
"PhonAlign",506.44,506.48,"l"
"PhonAlign",506.48,506.58,"A/"
"PhonAlign",506.58,506.71,"f"
"PhonAlign",506.71,506.81,"O/"
"PhonAlign",506.81,506.87,"n"
"PhonAlign",506.87,506.96,"A/"
"PhonAlign",506.96,507.11,"k"
"PhonAlign",507.11,507.14,"w"
"PhonAlign",507.14,507.19,"A/"
"PhonAlign",507.19,507.36,"t"
"PhonAlign",507.36,507.42,"i"
"PhonAlign",507.42,507.748029,"k"
"PhonAlign",507.748029,509.185,"#"
"PhonAlign",509.185,509.255,"A/"
"PhonAlign",509.255,509.375,"k"
"PhonAlign",509.375,509.435,"w"
"PhonAlign",509.435,509.495,"A/"
"PhonAlign",509.495,509.655,"t"
"PhonAlign",509.655,509.755,"i"
"PhonAlign",509.755,509.845,"g"
"PhonAlign",509.845,509.875,"R"
"PhonAlign",509.875,509.995,"@"
"PhonAlign",509.995,513.33,"#"
"PhonAlign",513.33,513.4200000000001,"d"
"PhonAlign",513.4200000000001,513.46,"e"
"PhonAlign",513.46,513.5400000000001,"z"
"PhonAlign",513.5400000000001,513.61,"A/"
"PhonAlign",513.61,513.6500000000001,"k"
"PhonAlign",513.6500000000001,513.7800000000001,"t"
"PhonAlign",513.7800000000001,513.83,"i"
"PhonAlign",513.83,513.86,"v"
"PhonAlign",513.86,513.96,"i"
"PhonAlign",513.96,514.0500000000001,"t"
"PhonAlign",514.0500000000001,514.1500000000001,"e"
"PhonAlign",514.1500000000001,514.25,"p"
"PhonAlign",514.25,514.32,"2"
"PhonAlign",514.32,514.38,"t"
"PhonAlign",514.38,514.46,"E"
"PhonAlign",514.46,514.5300000000001,"t"
"PhonAlign",514.5300000000001,514.63,"R"
"PhonAlign",514.63,514.74,"k"
"PhonAlign",514.74,514.8100000000001,"@"
"PhonAlign",514.8100000000001,514.89,"t"
"PhonAlign",514.89,514.99,"y"
"PhonAlign",514.99,515.12,"p"
"PhonAlign",515.12,515.25,"@"
"PhonAlign",515.25,515.2800000000001,"l"
"PhonAlign",515.2800000000001,515.37,"9"
"PhonAlign",515.37,515.44,"R"
"PhonAlign",515.44,515.51,"p"
"PhonAlign",515.51,515.6,"R"
"PhonAlign",515.6,515.64,"O/"
"PhonAlign",515.64,515.74,"p"
"PhonAlign",515.74,515.85,"O/"
"PhonAlign",515.85,515.9100000000001,"z"
"PhonAlign",515.9100000000001,516.01,"e"
"PhonAlign",516.01,516.07,"d"
"PhonAlign",516.07,516.13,"@"
"PhonAlign",516.13,516.2700000000001,"f"
"PhonAlign",516.2700000000001,516.4100000000001,"E"
"PhonAlign",516.4100000000001,516.49,"R"
"PhonAlign",516.49,516.6600000000001,"@"
"PhonAlign",516.6600000000001,516.74,"k"
"PhonAlign",516.74,516.7800000000001,"E"
"PhonAlign",516.7800000000001,516.8100000000001,"l"
"PhonAlign",516.8100000000001,516.9300000000001,"k"
"PhonAlign",516.9300000000001,516.97,"@"
"PhonAlign",516.97,517.1,"S"
"PhonAlign",517.1,517.21,"O/"
"PhonAlign",517.21,517.25,"z"
"PhonAlign",517.25,522.39,"#"
"PhonAlign",522.39,522.55,"k"
"PhonAlign",522.55,522.63,"A/"
"PhonAlign",522.63,522.6899999999999,"t"
"PhonAlign",522.6899999999999,522.75,"R"
"PhonAlign",522.75,522.83,"i"
"PhonAlign",522.83,522.91,"E"
"PhonAlign",522.91,522.96,"m"
"PhonAlign",522.96,523.04,"t"
"PhonAlign",523.04,523.17,"A/"
"PhonAlign",523.17,523.31,"S"
"PhonAlign",523.31,523.41,"O~"
"PhonAlign",523.41,523.4399999999999,"n"
"PhonAlign",523.4399999999999,523.55,"E"
"PhonAlign",523.55,523.64,"t"
"PhonAlign",523.64,523.6899999999999,"k"
"PhonAlign",523.6899999999999,523.72,"A/"
"PhonAlign",523.72,523.8,"t"
"PhonAlign",523.8,523.85,"R"
"PhonAlign",523.85,523.9,"i"
"PhonAlign",523.9,523.93,"E"
"PhonAlign",523.93,523.98,"m"
"PhonAlign",523.98,524.03,"@"
"PhonAlign",524.03,525.635,"#"
"PhonAlign",525.635,525.675,"k"
"PhonAlign",525.675,525.755,"O~"
"PhonAlign",525.755,525.8149999999999,"p"
"PhonAlign",525.8149999999999,525.885,"R"
"PhonAlign",525.885,525.965,"E"
"PhonAlign",525.965,526.045,"a~"
"PhonAlign",526.045,526.175,"s"
"PhonAlign",526.175,526.205,"j"
"PhonAlign",526.205,526.305,"O~"
"PhonAlign",526.305,526.365,"d"
"PhonAlign",526.365,526.435,"e"
"PhonAlign",526.435,526.525,"t"
"PhonAlign",526.525,526.625,"E"
"PhonAlign",526.625,526.685,"k"
"PhonAlign",526.685,526.885,"s"
"PhonAlign",526.885,526.999705,"t"
"PhonAlign",526.999705,529.425,"#"
"PhonAlign",529.425,529.635,"@"
"PhonAlign",529.635,529.665,"m"
"PhonAlign",529.665,529.795,"@"
"PhonAlign",529.795,529.832813,"m"
"PhonAlign",529.832813,532.325,"#"
"PhonAlign",532.325,532.4150000000001,"n"
"PhonAlign",532.4150000000001,532.585,"O/"
"PhonAlign",532.585,532.6450000000001,"n"
"PhonAlign",532.6450000000001,532.895,"O/"
"PhonAlign",532.895,572.899734,"#"
"PhonAlign",572.899734,572.9597339999999,"E"
"PhonAlign",572.9597339999999,573.139734,"d"
"PhonAlign",573.139734,573.88971,"y"
"PhonAlign",573.88971,584.54,"#"
"PhonAlign",584.54,584.91,"O~"
"PhonAlign",584.91,585.0799999999999,"f"
"PhonAlign",585.0799999999999,585.27,"E"
"PhonAlign",585.27,585.3199999999999,"t"
"PhonAlign",585.3199999999999,585.43,"O~"
"PhonAlign",585.43,585.54,"n"
"PhonAlign",585.54,585.7199999999999,"d"
"PhonAlign",585.7199999999999,585.86,"O~"
"PhonAlign",585.86,586.01,"k"
"PhonAlign",586.01,586.06,"O~"
"PhonAlign",586.06,586.14,"n"
"PhonAlign",586.14,586.1899999999999,"v"
"PhonAlign",586.1899999999999,586.3199999999999,"A/"
"PhonAlign",586.3199999999999,586.3499999999999,"l"
"PhonAlign",586.3499999999999,586.43,"e"
"PhonAlign",586.43,586.51,"z"
"PhonAlign",586.51,586.5799999999999,"e"
"PhonAlign",586.5799999999999,586.61,"d"
"PhonAlign",586.61,586.67,"e"
"PhonAlign",586.67,586.77,"A/"
"PhonAlign",586.77,586.86,"k"
"PhonAlign",586.86,586.9499999999999,"O~"
"PhonAlign",586.9499999999999,587.01,"p"
"PhonAlign",587.01,587.12,"R"
"PhonAlign",587.12,587.27,"a~"
"PhonAlign",587.27,587.3299999999999,"d"
"PhonAlign",587.3299999999999,587.52,"a~"
"PhonAlign",587.52,587.66,"f"
"PhonAlign",587.66,587.75,"2"
"PhonAlign",587.75,587.86,"z"
"PhonAlign",587.86,588.01,"a~"
"PhonAlign",588.01,588.2099999999999,"k"
"PhonAlign",588.2099999999999,588.24,"w"
"PhonAlign",588.24,588.321563,"A/"
"PhonAlign",588.321563,594.86,"#"
"PhonAlign",594.86,595.02,"y"
"PhonAlign",595.02,595.2,"t"
"PhonAlign",595.2,595.23,"i"
"PhonAlign",595.23,595.26,"l"
"PhonAlign",595.26,595.41,"@"
"PhonAlign",595.41,610.265,"#"
"PhonAlign",610.265,610.305,"d"
"PhonAlign",610.305,610.365,"E"
"PhonAlign",610.365,610.435,"z"
"PhonAlign",610.435,610.515,"A/"
"PhonAlign",610.515,610.5749999999999,"k"
"PhonAlign",610.5749999999999,610.675,"t"
"PhonAlign",610.675,610.715,"i"
"PhonAlign",610.715,610.845,"v"
"PhonAlign",610.845,610.875,"i"
"PhonAlign",610.875,611.005,"t"
"PhonAlign",611.005,611.215,"e"
"PhonAlign",611.215,611.285,"u"
"PhonAlign",611.285,611.48,"i"
"PhonAlign",611.48,611.985,"#"
"PhonAlign",611.985,612.71,"fp"
"PhonAlign",612.71,613.025,"#"
"PhonAlign",613.025,613.0749999999999,"k"
"PhonAlign",613.0749999999999,613.2049999999999,"O/"
"PhonAlign",613.2049999999999,613.245,"m"
"PhonAlign",613.245,613.365,"@"
"PhonAlign",613.365,618.3,"#"
"PhonAlign",618.3,618.6999999999999,"laugh"
"PhonAlign",618.6999999999999,618.99,"u"
"PhonAlign",618.99,619.175,"i"
"PhonAlign",619.175,619.605,"#"
"PhonAlign",619.605,620.485,"laugh"
"PhonAlign",620.485,620.625,"#"
"PhonAlign",620.625,620.79,"A/"
"PhonAlign",620.79,621.795,"#"
"PhonAlign",621.795,621.865,"A/"
"PhonAlign",621.865,621.9549999999999,"p"
"PhonAlign",621.9549999999999,622.015,"R"
"PhonAlign",622.015,622.1049999999999,"E"
"PhonAlign",622.1049999999999,622.175,"d"
"PhonAlign",622.175,622.265,"E"
"PhonAlign",622.265,622.3249999999999,"z"
"PhonAlign",622.3249999999999,622.435,"A/"
"PhonAlign",622.435,622.485,"k"
"PhonAlign",622.485,622.615,"t"
"PhonAlign",622.615,622.6949999999999,"i"
"PhonAlign",622.6949999999999,622.745,"v"
"PhonAlign",622.745,622.885,"i"
"PhonAlign",622.885,622.995,"t"
"PhonAlign",622.995,623.345,"e"
"PhonAlign",623.345,623.605,"#"
"PhonAlign",623.605,623.905,"fp"
"PhonAlign",623.905,624.095,"p"
"PhonAlign",624.095,624.135,"u"
"PhonAlign",624.135,624.205,"R"
"PhonAlign",624.205,624.285,"s"
"PhonAlign",624.285,624.395,"a~"
"PhonAlign",624.395,624.515,"s"
"PhonAlign",624.515,624.5550000000001,"i"
"PhonAlign",624.5550000000001,624.625,"b"
"PhonAlign",624.625,624.785,"i"
"PhonAlign",624.785,624.815,"l"
"PhonAlign",624.815,624.875,"i"
"PhonAlign",624.875,624.9350000000001,"z"
"PhonAlign",624.9350000000001,625.095,"e"
"PhonAlign",625.095,625.275,"s"
"PhonAlign",625.275,625.325,"y"
"PhonAlign",625.325,625.445,"R"
"PhonAlign",625.445,625.84,"#"
"PhonAlign",625.84,626.0,"l"
"PhonAlign",626.0,626.1,"A/"
"PhonAlign",626.1,626.23,"f"
"PhonAlign",626.23,626.35,"O/"
"PhonAlign",626.35,626.4,"n"
"PhonAlign",626.4,626.52,"A/"
"PhonAlign",626.52,626.65,"k"
"PhonAlign",626.65,626.73,"w"
"PhonAlign",626.73,626.8000000000001,"A/"
"PhonAlign",626.8000000000001,626.99,"t"
"PhonAlign",626.99,627.08,"i"
"PhonAlign",627.08,627.274138,"k"
"PhonAlign",627.274138,628.455,"#"
"PhonAlign",628.455,628.985,"fp"
"PhonAlign",628.985,629.055,"#"
"PhonAlign",629.055,629.145,"O~"
"PhonAlign",629.145,629.185,"n"
"PhonAlign",629.185,629.3449999999999,"p"
"PhonAlign",629.3449999999999,629.385,"@"
"PhonAlign",629.385,629.95,"fp"
"PhonAlign",629.95,631.23,"#"
"PhonAlign",631.23,631.35,"l"
"PhonAlign",631.35,631.5,"9"
"PhonAlign",631.5,631.5600000000001,"R"
"PhonAlign",631.5600000000001,631.94,"p"
"PhonAlign",631.94,632.03,"R"
"PhonAlign",632.03,632.07,"O/"
"PhonAlign",632.07,632.15,"p"
"PhonAlign",632.15,632.29,"O/"
"PhonAlign",632.29,632.34,"z"
"PhonAlign",632.34,632.58,"e"
"PhonAlign",632.58,633.045,"fp"
"PhonAlign",633.045,633.765,"#"
"PhonAlign",633.765,633.925,"U~/"
"PhonAlign",633.925,633.985,"n"
"PhonAlign",633.985,634.105,"p"
"PhonAlign",634.105,634.175,"@"
"PhonAlign",634.175,634.365,"t"
"PhonAlign",634.365,634.555,"i"
"PhonAlign",634.555,634.755,"fp"
"PhonAlign",634.755,634.865,"d"
"PhonAlign",634.865,634.935,"O/"
"PhonAlign",634.935,635.055,"k"
"PhonAlign",635.055,635.105,"y"
"PhonAlign",635.105,635.1949999999999,"m"
"PhonAlign",635.1949999999999,635.365,"a~"
"PhonAlign",635.365,635.475,"t"
"PhonAlign",635.475,635.5649999999999,"E"
"PhonAlign",635.5649999999999,635.615,"R"
"PhonAlign",635.615,635.765,"A/"
"PhonAlign",635.765,635.795,"R"
"PhonAlign",635.795,635.835,"2"
"PhonAlign",635.835,635.905,"g"
"PhonAlign",635.905,636.035,"A/"
"PhonAlign",636.035,636.105,"R"
"PhonAlign",636.105,636.175,"d"
"PhonAlign",636.175,636.35,"e"
"PhonAlign",636.35,637.795,"#"
"PhonAlign",637.795,637.8349999999999,"s"
"PhonAlign",637.8349999999999,637.895,"y"
"PhonAlign",637.895,638.045,"R"
"PhonAlign",638.045,638.725,"fp"
"PhonAlign",638.725,639.135,"#"
"PhonAlign",639.135,639.175,"s"
"PhonAlign",639.175,639.275,"v"
"PhonAlign",639.275,639.745,"A/"
"PhonAlign",639.745,640.025,"fp"
"PhonAlign",640.025,640.165,"#"
"PhonAlign",640.165,640.215,"l"
"PhonAlign",640.215,640.325,"e"
"PhonAlign",640.325,640.435,"t"
"PhonAlign",640.435,640.485,"u"
"PhonAlign",640.485,640.635,"S"
"PhonAlign",640.635,640.885,"e"
"PhonAlign",640.885,640.975,"k"
"PhonAlign",640.975,641.095,"a~"
"PhonAlign",641.095,641.225,"t"
"PhonAlign",641.225,641.325,"i"
"PhonAlign",641.325,641.395,"l"
"PhonAlign",641.395,641.505,"v"
"PhonAlign",641.505,641.575,"w"
"PhonAlign",641.575,641.73,"A/"
"PhonAlign",641.73,641.815,"#"
"PhonAlign",641.815,641.855,"k"
"PhonAlign",641.855,642.065,"i"
"PhonAlign",642.065,642.39,"A/"
"PhonAlign",642.39,642.925,"#"
"PhonAlign",642.925,642.9849999999999,"U~/"
"PhonAlign",642.9849999999999,643.035,"n"
"PhonAlign",643.035,643.0749999999999,"g"
"PhonAlign",643.0749999999999,643.155,"R"
"PhonAlign",643.155,643.275,"a~"
"PhonAlign",643.275,643.3249999999999,"d"
"PhonAlign",643.3249999999999,643.405,"E"
"PhonAlign",643.405,643.495,"s"
"PhonAlign",643.495,643.5949999999999,"p"
"PhonAlign",643.5949999999999,643.685,"A/"
"PhonAlign",643.685,643.805,"s"
"PhonAlign",643.805,643.865,"m"
"PhonAlign",643.865,643.9549999999999,"A/"
"PhonAlign",643.9549999999999,643.9849999999999,"R"
"PhonAlign",643.9849999999999,644.0649999999999,"i"
"PhonAlign",644.0649999999999,644.255,"t"
"PhonAlign",644.255,644.365,"i"
"PhonAlign",644.365,644.4749999999999,"m"
"PhonAlign",644.4749999999999,644.535,"j"
"PhonAlign",644.535,644.635,"A/"
"PhonAlign",644.635,644.6949999999999,"v"
"PhonAlign",644.6949999999999,644.9449999999999,"e"
"PhonAlign",644.9449999999999,645.035,"b"
"PhonAlign",645.035,645.0749999999999,"O/"
"PhonAlign",645.0749999999999,645.2249999999999,"k"
"PhonAlign",645.2249999999999,645.3449999999999,"u"
"PhonAlign",645.3449999999999,645.435,"p"
"PhonAlign",645.435,645.5749999999999,"#"
"PhonAlign",645.5749999999999,645.615,"t"
"PhonAlign",645.615,645.775,"p"
"PhonAlign",645.775,645.8149999999999,"w"
"PhonAlign",645.8149999999999,645.885,"A/"
"PhonAlign",645.885,645.9749999999999,"s"
"PhonAlign",645.9749999999999,646.155,"O~"
"PhonAlign",646.155,646.305,"k"
"PhonAlign",646.305,646.4749999999999,"i"
"PhonAlign",646.4749999999999,646.5749999999999,"fp"
"PhonAlign",646.5749999999999,646.685,"p"
"PhonAlign",646.685,646.765,"A/"
"PhonAlign",646.765,646.885,"s"
"PhonAlign",646.885,647.055,"E"
"PhonAlign",647.055,647.0849999999999,"l"
"PhonAlign",647.0849999999999,647.305,"A/"
"PhonAlign",647.305,647.395,"e"
"PhonAlign",647.395,647.425,"l"
"PhonAlign",647.425,647.615,"A/"
"PhonAlign",647.615,648.19,"#"
"PhonAlign",648.19,648.35,"e"
"PhonAlign",648.35,648.45,"A/"
"PhonAlign",648.45,648.5400000000001,"p"
"PhonAlign",648.5400000000001,648.6500000000001,"R"
"PhonAlign",648.6500000000001,648.82,"e"
"PhonAlign",648.82,648.87,"j"
"PhonAlign",648.87,649.12,"A/"
"PhonAlign",649.12,649.1700000000001,"R"
"PhonAlign",649.1700000000001,649.2700000000001,"j"
"PhonAlign",649.2700000000001,649.49,"U~/"
"PhonAlign",649.49,649.5400000000001,"n"
"PhonAlign",649.5400000000001,649.62,"d"
"PhonAlign",649.62,649.6800000000001,"y"
"PhonAlign",649.6800000000001,649.82,"t"
"PhonAlign",649.82,649.96,"u"
"PhonAlign",649.96,650.19,"t"
"PhonAlign",650.19,650.2600000000001,"d"
"PhonAlign",650.2600000000001,650.3000000000001,"a~"
"PhonAlign",650.3000000000001,650.395,"z"
"PhonAlign",650.395,650.92,"#"
"PhonAlign",650.92,650.9599999999999,"s"
"PhonAlign",650.9599999999999,651.02,"A/"
"PhonAlign",651.02,651.0699999999999,"v"
"PhonAlign",651.0699999999999,651.2099999999999,"A/"
"PhonAlign",651.2099999999999,651.25,"E"
"PhonAlign",651.25,651.65,"t"
"PhonAlign",651.65,651.835,"fp"
"PhonAlign",651.835,652.405,"#"
"PhonAlign",652.405,652.4449999999999,"U~/"
"PhonAlign",652.4449999999999,652.475,"p"
"PhonAlign",652.475,652.625,"2"
"PhonAlign",652.625,652.865,"fp"
"PhonAlign",652.865,652.985,"S"
"PhonAlign",652.985,653.045,"O/"
"PhonAlign",653.045,653.185,"k"
"PhonAlign",653.185,653.355,"a~"
"PhonAlign",653.355,653.405,"t"
"PhonAlign",653.405,656.765,"#"
"PhonAlign",656.765,657.025,"A/"
"PhonAlign",657.025,657.055,"d"
"PhonAlign",657.055,657.385,"A/"
"PhonAlign",657.385,657.605,"k"
"PhonAlign",657.605,657.665,"O/"
"PhonAlign",657.665,657.6949999999999,"R"
"PhonAlign",657.6949999999999,657.755,"s"
"PhonAlign",657.755,657.785,"t"
"PhonAlign",657.785,657.885,"e"
"PhonAlign",657.885,657.9449999999999,"l"
"PhonAlign",657.9449999999999,658.145,"@"
"PhonAlign",658.145,658.275,"Z"
"PhonAlign",658.275,658.305,"a~"
"PhonAlign",658.305,658.965,"R"
"PhonAlign",658.965,659.56201,"#"
"PhonAlign",659.56201,660.729482,"laugh"
"PhonAlign",660.729482,664.595,"#"
"PhonAlign",664.595,664.9350000000001,"A/"
"PhonAlign",664.9350000000001,665.015,"w"
"PhonAlign",665.015,665.1650000000001,"E"
"PhonAlign",665.1650000000001,665.515,"d"
"PhonAlign",665.515,665.655,"O/"
"PhonAlign",665.655,665.735,"k"
"PhonAlign",665.735,665.7950000000001,"y"
"PhonAlign",665.7950000000001,665.835,"m"
"PhonAlign",665.835,666.065,"a~"
"PhonAlign",666.065,667.445,"#"
"PhonAlign",667.445,667.485,"A/"
"PhonAlign",667.485,667.5150000000001,"A/"
"PhonAlign",667.5150000000001,667.5550000000001,"A/"
"PhonAlign",667.5550000000001,667.6750000000001,"d"
"PhonAlign",667.6750000000001,667.705,"A/"
"PhonAlign",667.705,667.845,"p"
"PhonAlign",667.845,667.875,"t"
"PhonAlign",667.875,668.235,"e"
"PhonAlign",668.235,668.6350000000001,"R"
"PhonAlign",668.6350000000001,669.105,"O/"
"PhonAlign",669.105,669.1850000000001,"n"
"PhonAlign",669.1850000000001,669.2750000000001,"i"
"PhonAlign",669.2750000000001,669.375,"v"
"PhonAlign",669.375,669.4250000000001,"O/"
"PhonAlign",669.4250000000001,669.505,"d"
"PhonAlign",669.505,669.6450000000001,"A/"
"PhonAlign",669.6450000000001,669.75,"Z"
"PhonAlign",669.75,670.095,"#"
"PhonAlign",670.095,670.235,"m"
"PhonAlign",670.235,670.575,"d"
"PhonAlign",670.575,670.7,"@"
"PhonAlign",670.7,672.975,"#"
"PhonAlign",672.975,673.135,"O/"
"PhonAlign",673.135,673.265,"k"
"PhonAlign",673.265,673.506563,"E"
"PhonAlign",673.506563,680.1909,"#"
"PhonAlign",680.1909,680.896331,"laugh"
"PhonAlign",680.896331,725.009063,"#"
"PhonAlign",725.009063,725.149063,"O/"
"PhonAlign",725.149063,725.369063,"k"
"PhonAlign",725.369063,725.489063,"e"
"PhonAlign",725.489063,725.589063,"d"
"PhonAlign",725.589063,725.769063,"O~"
"PhonAlign",725.769063,726.159063,"k"
"PhonAlign",726.159063,726.279063,"A/"
"PhonAlign",726.279063,726.359063,"d"
"PhonAlign",726.359063,726.4390629999999,"A/"
"PhonAlign",726.4390629999999,726.519063,"p"
"PhonAlign",726.519063,726.6690629999999,"t"
"PhonAlign",726.6690629999999,726.949688,"e"
"PhonAlign",726.949688,739.255,"#"
"PhonAlign",739.255,739.325,"s"
"PhonAlign",739.325,739.365,"e"
"PhonAlign",739.365,739.445,"U~/"
"PhonAlign",739.445,739.595,"s"
"PhonAlign",739.595,739.625,"l"
"PhonAlign",739.625,739.725,"O/"
"PhonAlign",739.725,739.755,"g"
"PhonAlign",739.755,739.875,"a~"
"PhonAlign",739.875,740.145,"s"
"PhonAlign",740.145,740.225,"e"
"PhonAlign",740.225,740.3149999999999,"t"
"PhonAlign",740.3149999999999,740.445,"E"
"PhonAlign",740.445,740.475,"R"
"PhonAlign",740.475,740.505,"i"
"PhonAlign",740.505,740.645,"f"
"PhonAlign",740.645,740.715,"j"
"PhonAlign",740.715,740.8149999999999,"a~"
"PhonAlign",740.8149999999999,740.922188,"t"
"PhonAlign",740.922188,744.09,"#"
"PhonAlign",744.09,744.19,"i"
"PhonAlign",744.19,744.26,"v"
"PhonAlign",744.26,744.38,"A/"
"PhonAlign",744.38,744.4100000000001,"R"
"PhonAlign",744.4100000000001,744.46,"2"
"PhonAlign",744.46,744.5300000000001,"v"
"PhonAlign",744.5300000000001,744.61,"n"
"PhonAlign",744.61,744.6600000000001,"i"
"PhonAlign",744.6600000000001,744.69,"R"
"PhonAlign",744.69,744.8100000000001,"A/"
"PhonAlign",744.8100000000001,744.84,"l"
"PhonAlign",744.84,744.9300000000001,"A/"
"PhonAlign",744.9300000000001,745.11,"m"
"PhonAlign",745.11,745.14,"e"
"PhonAlign",745.14,745.21,"z"
"PhonAlign",745.21,745.32,"O~"
"PhonAlign",745.32,745.35,"E"
"PhonAlign",745.35,745.48,"d"
"PhonAlign",745.48,745.58,"i"
"PhonAlign",745.58,745.64,"R"
"PhonAlign",745.64,746.0300000000001,"fp"
"PhonAlign",746.0300000000001,746.21,"l"
"PhonAlign",746.21,746.33,"A/"
"PhonAlign",746.33,746.4100000000001,"m"
"PhonAlign",746.4100000000001,746.45,"E"
"PhonAlign",746.45,746.98,"R"
"PhonAlign",746.98,747.2800000000001,"t"
"PhonAlign",747.2800000000001,747.32,"m"
"PhonAlign",747.32,747.37,"O/"
"PhonAlign",747.37,747.4,"R"
"PhonAlign",747.4,747.8100000000001,"t"
"PhonAlign",747.8100000000001,747.9100000000001,"@"
"PhonAlign",747.9100000000001,748.71,"laugh"
"PhonAlign",748.71,748.74,"j"
"PhonAlign",748.74,748.7800000000001,"A/"
"PhonAlign",748.7800000000001,749.14,"R"
"PhonAlign",749.14,749.1700000000001,"j"
"PhonAlign",749.1700000000001,749.23,"U~/"
"PhonAlign",749.23,767.065,"#"
"PhonAlign",767.065,767.3050000000001,"u"
"PhonAlign",767.3050000000001,767.625,"i"
"PhonAlign",767.625,770.23,"#"
"PhonAlign",770.23,770.29,"m"
"PhonAlign",770.29,770.33,"E"
"PhonAlign",770.33,770.36,"R"
"PhonAlign",770.36,770.48,"s"
"PhonAlign",770.48,770.54,"i"
"PhonAlign",770.54,770.63,"p"
"PhonAlign",770.63,770.8000000000001,"u"
"PhonAlign",770.8000000000001,770.83,"R"
"PhonAlign",770.83,770.99,"A/"
"PhonAlign",770.99,771.08,"v"
"PhonAlign",771.08,771.13,"w"
"PhonAlign",771.13,771.1800000000001,"A/"
"PhonAlign",771.1800000000001,771.25,"R"
"PhonAlign",771.25,771.36,"s"
"PhonAlign",771.36,771.41,"i"
"PhonAlign",771.41,771.45,"n"
"PhonAlign",771.45,771.5,"j"
"PhonAlign",771.5,771.5600000000001,"A/"
"PhonAlign",771.5600000000001,771.59,"l"
"PhonAlign",771.59,771.71,"e"
"PhonAlign",771.71,771.74,"l"
"PhonAlign",771.74,771.78,"@"
"PhonAlign",771.78,771.94,"p"
"PhonAlign",771.94,771.98,"w"
"PhonAlign",771.98,772.07,"U~/"
"PhonAlign",772.07,772.16,"d"
"PhonAlign",772.16,772.24,"@"
"PhonAlign",772.24,772.27,"l"
"PhonAlign",772.27,772.37,"A/"
"PhonAlign",772.37,772.44,"d"
"PhonAlign",772.44,772.5,"A/"
"PhonAlign",772.5,772.57,"p"
"PhonAlign",772.57,772.6800000000001,"t"
"PhonAlign",772.6800000000001,772.75,"A/"
"PhonAlign",772.75,772.9200000000001,"s"
"PhonAlign",772.9200000000001,772.97,"j"
"PhonAlign",772.97,773.0500000000001,"O~"
"PhonAlign",773.0500000000001,773.27,"d"
"PhonAlign",773.27,773.41,"@"
"PhonAlign",773.41,774.2,"laugh"
"PhonAlign",774.2,774.48,"#"
"PhonAlign",774.48,774.6,"d"
"PhonAlign",774.6,775.14,"O/"
"PhonAlign",775.14,775.4200000000001,"k"
"PhonAlign",775.4200000000001,775.45,"y"
"PhonAlign",775.45,775.57,"m"
"PhonAlign",775.57,775.63,"a~"
"PhonAlign",775.63,776.035,"laugh"
"PhonAlign",776.035,791.86,"#"
"PhonAlign",791.86,792.12,"w"
"PhonAlign",792.12,792.38,"E"
"PhonAlign",792.38,792.48,"i"
"PhonAlign",792.48,792.59,"z"
"PhonAlign",792.59,792.72,"v"
"PhonAlign",792.72,792.85,"O~"
"PhonAlign",792.85,792.92,"d"
"PhonAlign",792.92,793.0,"i"
"PhonAlign",793.0,793.035,"R"
"PhonAlign",793.035,845.2,"#"
"PhonAlign",845.2,845.36,"u"
"PhonAlign",845.36,845.5,"i"
"PhonAlign",845.5,845.84,"fp"
"PhonAlign",845.84,845.96,"*"
"PhonAlign",845.96,846.07,"*"
"PhonAlign",846.07,846.11,"*"
"PhonAlign",846.11,846.33,"*"
"PhonAlign",846.33,846.36,"*"
"PhonAlign",846.36,846.47,"*"
"PhonAlign",846.47,846.88,"fp"
"PhonAlign",846.88,846.95,"#"
"PhonAlign",846.95,847.0,"E"
"PhonAlign",847.0,847.09,"k"
"PhonAlign",847.09,847.21,"s"
"PhonAlign",847.21,847.2900000000001,"E"
"PhonAlign",847.2900000000001,847.33,"l"
"PhonAlign",847.33,847.57,"a~"
"PhonAlign",847.57,847.6800000000001,"t"
"PhonAlign",847.6800000000001,847.75,"p"
"PhonAlign",847.75,847.7900000000001,"w"
"PhonAlign",847.7900000000001,847.96,"U~/"
"PhonAlign",847.96,848.89,"#"
"PhonAlign",848.89,849.1899999999999,"E"
"PhonAlign",849.1899999999999,849.3199999999999,"fp"
"PhonAlign",849.3199999999999,849.51,"s"
"PhonAlign",849.51,849.62,"i"
"PhonAlign",849.62,849.75,"t"
"PhonAlign",849.75,849.85,"y"
"PhonAlign",849.85,849.99,"p"
"PhonAlign",849.99,850.25,"2"
"PhonAlign",850.25,850.28,"z"
"PhonAlign",850.28,850.4,"n"
"PhonAlign",850.4,850.48,"u"
"PhonAlign",850.48,850.59,"d"
"PhonAlign",850.59,850.71,"i"
"PhonAlign",850.71,850.79,"R"
"PhonAlign",850.79,850.93,"A/"
"PhonAlign",850.93,850.97,"v"
"PhonAlign",850.97,851.0699999999999,"E"
"PhonAlign",851.0699999999999,851.29,"k"
"PhonAlign",851.29,851.74,"fp"
"PhonAlign",851.74,852.56,"#"
"PhonAlign",852.56,852.7299999999999,"*"
"PhonAlign",852.7299999999999,852.8299999999999,"*"
"PhonAlign",852.8299999999999,852.88,"*"
"PhonAlign",852.88,853.01,"*"
"PhonAlign",853.01,853.1999999999999,"*"
"PhonAlign",853.1999999999999,853.7099999999999,"fp"
"PhonAlign",853.7099999999999,854.03,"k"
"PhonAlign",854.03,854.0999999999999,"E"
"PhonAlign",854.0999999999999,854.31,"l"
"PhonAlign",854.31,854.405,"#"
"PhonAlign",854.405,854.485,"k"
"PhonAlign",854.485,854.605,"E"
"PhonAlign",854.605,854.655,"l"
"PhonAlign",854.655,854.725,"E"
"PhonAlign",854.725,854.755,"l"
"PhonAlign",854.755,854.875,"A/"
"PhonAlign",854.875,854.985,"s"
"PhonAlign",854.985,855.105,"U~/"
"PhonAlign",855.105,855.2149999999999,"k"
"PhonAlign",855.2149999999999,855.245,"j"
"PhonAlign",855.245,855.3149999999999,"E"
"PhonAlign",855.3149999999999,855.365,"m"
"PhonAlign",855.365,855.405,"@"
"PhonAlign",855.405,855.475,"t"
"PhonAlign",855.475,855.595,"A/"
"PhonAlign",855.595,855.71,"S"
"PhonAlign",855.71,855.969007,"#"
"PhonAlign",855.969007,856.089007,"k"
"PhonAlign",856.089007,856.199007,"t"
"PhonAlign",856.199007,856.269007,"p"
"PhonAlign",856.269007,856.339007,"R"
"PhonAlign",856.339007,856.4190070000001,"O/"
"PhonAlign",856.4190070000001,856.529007,"p"
"PhonAlign",856.529007,856.639007,"O/"
"PhonAlign",856.639007,856.729007,"z"
"PhonAlign",856.729007,856.759007,"@"
"PhonAlign",856.759007,856.819007,"m"
"PhonAlign",856.819007,856.879007,"U~/"
"PhonAlign",856.879007,856.989007,"t"
"PhonAlign",856.989007,857.019007,"n"
"PhonAlign",857.019007,857.125,"a~"
"PhonAlign",857.125,871.31,"#"
"PhonAlign",871.31,871.8299999999999,"A/"
"PhonAlign",871.8299999999999,871.9699999999999,"l"
"PhonAlign",871.9699999999999,872.2399999999999,"A/"
"PhonAlign",872.2399999999999,872.4,"s"
"PhonAlign",872.4,872.7399999999999,"A/"
"PhonAlign",872.7399999999999,872.8599999999999,"s"
"PhonAlign",872.8599999999999,872.9699999999999,"R"
"PhonAlign",872.9699999999999,873.04,"A/"
"PhonAlign",873.04,873.0799999999999,"l"
"PhonAlign",873.0799999999999,873.16,"e"
"PhonAlign",873.16,873.27,"t"
"PhonAlign",873.27,873.3299999999999,"u"
"PhonAlign",873.3299999999999,873.4,"R"
"PhonAlign",873.4,873.4499999999999,"d"
"PhonAlign",873.4499999999999,873.55,"e"
"PhonAlign",873.55,873.64,"b"
"PhonAlign",873.64,873.7099999999999,"E"
"PhonAlign",873.7099999999999,873.78,"n"
"PhonAlign",873.78,873.8599999999999,"E"
"PhonAlign",873.8599999999999,873.9499999999999,"v"
"PhonAlign",873.9499999999999,874.0699999999999,"O/"
"PhonAlign",874.0699999999999,874.15,"l"
"PhonAlign",874.15,874.305,"#"
"PhonAlign",874.305,874.515,"O~"
"PhonAlign",874.515,874.6149999999999,"v"
"PhonAlign",874.6149999999999,874.675,"A/"
"PhonAlign",874.675,874.8249999999999,"p"
"PhonAlign",874.8249999999999,874.935,"A/"
"PhonAlign",874.935,874.9649999999999,"l"
"PhonAlign",874.9649999999999,875.1049999999999,"f"
"PhonAlign",875.1049999999999,875.175,"E"
"PhonAlign",875.175,875.21,"R"
"PhonAlign",875.21,898.89,"#"
"PhonAlign",898.89,899.27,"s"
"PhonAlign",899.27,899.34,"i"
"PhonAlign",899.34,899.4499999999999,"z"
"PhonAlign",899.4499999999999,899.54,"j"
"PhonAlign",899.54,899.66,"E"
"PhonAlign",899.66,899.72,"m"
"PhonAlign",899.72,899.75,"@"
"PhonAlign",899.75,899.84,"t"
"PhonAlign",899.84,900.04,"A/"
"PhonAlign",900.04,900.1999999999999,"S"
"PhonAlign",900.1999999999999,900.29,"d"
"PhonAlign",900.29,900.53,"O~"
"PhonAlign",900.53,901.04,"k"
"PhonAlign",901.04,901.16,"O~"
"PhonAlign",901.16,901.23,"n"
"PhonAlign",901.23,901.39,"e"
"PhonAlign",901.39,901.42,"fp"
"PhonAlign",901.42,901.45,"O~"
"PhonAlign",901.45,902.12,"A/"
"PhonAlign",902.12,902.19,"d"
"PhonAlign",902.19,902.25,"E"
"PhonAlign",902.25,902.33,"p"
"PhonAlign",902.33,902.4,"A/"
"PhonAlign",902.4,902.5,"s"
"PhonAlign",902.5,902.53,"e"
"PhonAlign",902.53,902.63,"s"
"PhonAlign",902.63,902.75,"U~/"
"PhonAlign",902.75,902.88,"t"
"PhonAlign",902.88,903.0,"A/"
"PhonAlign",903.0,903.07,"S"
"PhonAlign",903.07,903.14,"d"
"PhonAlign",903.14,903.23,"E"
"PhonAlign",903.23,903.32,"Z"
"PhonAlign",903.32,903.36,"A/"
"PhonAlign",903.36,903.57,"O~"
"PhonAlign",903.57,903.66,"A/"
"PhonAlign",903.66,903.71,"E"
"PhonAlign",903.71,903.82,"p"
"PhonAlign",903.82,903.91,"H"
"PhonAlign",903.91,903.95,"i"
"PhonAlign",903.95,904.03,"z"
"PhonAlign",904.03,904.08,"e"
"PhonAlign",904.08,904.23,"U~/"
"PhonAlign",904.23,904.34,"p"
"PhonAlign",904.34,904.43,"2"
"PhonAlign",904.43,904.46,"l"
"PhonAlign",904.46,904.52,"e"
"PhonAlign",904.52,904.6,"b"
"PhonAlign",904.6,904.68,"y"
"PhonAlign",904.68,904.75,"d"
"PhonAlign",904.75,904.8,"Z"
"PhonAlign",904.8,904.925,"e"
"PhonAlign",904.925,905.615,"#"
"PhonAlign",905.615,905.705,"d"
"PhonAlign",905.705,905.895,"O~"
"PhonAlign",905.895,906.67,"k"
"PhonAlign",906.67,908.295,"#"
"PhonAlign",908.295,908.795,"fp"
"PhonAlign",908.795,1028.68,"#"
"PhonAlign",1028.68,1028.72,"p"
"PhonAlign",1028.72,1028.8100000000002,"2"
"PhonAlign",1028.8100000000002,1028.84,"t"
"PhonAlign",1028.84,1028.9,"E"
"PhonAlign",1028.9,1028.97,"t"
"PhonAlign",1028.97,1029.0700000000002,"R"
"PhonAlign",1029.0700000000002,1029.19,"2"
"PhonAlign",1029.19,1029.25,"O~"
"PhonAlign",1029.25,1029.3100000000002,"n"
"PhonAlign",1029.3100000000002,1029.36,"O~"
"PhonAlign",1029.36,1029.41,"n"
"PhonAlign",1029.41,1029.47,"v"
"PhonAlign",1029.47,1029.5800000000002,"A/"
"PhonAlign",1029.5800000000002,1029.68,"d"
"PhonAlign",1029.68,1029.79,"O/"
"PhonAlign",1029.79,1029.86,"n"
"PhonAlign",1029.86,1029.89,"e"
"PhonAlign",1029.89,1030.05,"U~/"
"PhonAlign",1030.05,1030.11,"n"
"PhonAlign",1030.11,1030.16,"E"
"PhonAlign",1030.16,1030.22,"g"
"PhonAlign",1030.22,1030.3100000000002,"z"
"PhonAlign",1030.3100000000002,1030.44,"a~"
"PhonAlign",1030.44,1030.52,"p"
"PhonAlign",1030.52,1030.55,"l"
"PhonAlign",1030.55,1030.61,"E"
"PhonAlign",1030.61,1030.67,"R"
"PhonAlign",1030.67,1030.78,"a~"
"PhonAlign",1030.78,1030.86,"t"
"PhonAlign",1030.86,1030.95,"R"
"PhonAlign",1030.95,1031.03,"@"
"PhonAlign",1031.03,1031.12,"d"
"PhonAlign",1031.12,1031.3100000000002,"2"
"PhonAlign",1031.3100000000002,1031.35,"u"
"PhonAlign",1031.35,1031.41,"b"
"PhonAlign",1031.41,1031.44,"j"
"PhonAlign",1031.44,1031.64,"U~/"
"PhonAlign",1031.64,1031.81,"n"
"PhonAlign",1031.81,1033.105,"#"
"PhonAlign",1033.105,1033.215,"O~"
"PhonAlign",1033.215,1033.275,"d"
"PhonAlign",1033.275,1033.435,"O/"
"PhonAlign",1033.435,1033.495,"n"
"PhonAlign",1033.495,1033.535,"@"
"PhonAlign",1033.535,1033.84,"#"
"PhonAlign",1033.84,1033.89,"l"
"PhonAlign",1033.89,1033.9299999999998,"E"
"PhonAlign",1033.9299999999998,1034.0,"g"
"PhonAlign",1034.0,1034.07,"z"
"PhonAlign",1034.07,1034.1999999999998,"a~"
"PhonAlign",1034.1999999999998,1034.28,"p"
"PhonAlign",1034.28,1034.32,"l"
"PhonAlign",1034.32,1034.4199999999998,"E"
"PhonAlign",1034.4199999999998,1034.54,"R"
"PhonAlign",1034.54,1034.7099999999998,"A/"
"PhonAlign",1034.7099999999998,1034.83,"s"
"PhonAlign",1034.83,1034.9299999999998,"e"
"PhonAlign",1034.9299999999998,1035.13,"u"
"PhonAlign",1035.13,1035.22,"b"
"PhonAlign",1035.22,1035.27,"j"
"PhonAlign",1035.27,1035.38,"U~/"
"PhonAlign",1035.38,1035.4599999999998,"s"
"PhonAlign",1035.4599999999998,1035.52,"e"
"PhonAlign",1035.52,1035.6,"p"
"PhonAlign",1035.6,1035.63,"u"
"PhonAlign",1035.63,1035.67,"R"
"PhonAlign",1035.67,1035.8,"#"
"PhonAlign",1035.8,1035.84,"p"
"PhonAlign",1035.84,1035.87,"l"
"PhonAlign",1035.87,1035.9,"y"
"PhonAlign",1035.9,1035.97,"z"
"PhonAlign",1035.97,1036.03,"j"
"PhonAlign",1036.03,1036.08,"9"
"PhonAlign",1036.08,1036.12,"R"
"PhonAlign",1036.12,1036.285,"#"
"PhonAlign",1036.285,1036.355,"k"
"PhonAlign",1036.355,1036.395,"l"
"PhonAlign",1036.395,1036.615,"A/"
"PhonAlign",1036.615,1036.87409,"s"
"PhonAlign",1036.87409,1081.354265,"#"
"PhonAlign",1081.354265,1081.534265,"O/"
"PhonAlign",1081.534265,1081.664265,"k"
"PhonAlign",1081.664265,1081.91,"e"
"PhonAlign",1081.91,1082.05,"#"
"PhonAlign",1082.05,1082.68,"fp"
"PhonAlign",1082.68,1083.615,"#"
"PhonAlign",1083.615,1083.765,"u"
"PhonAlign",1083.765,1083.835,"i"
"PhonAlign",1083.835,1083.87,"m"
"PhonAlign",1083.87,1085.045,"#"
"PhonAlign",1085.045,1085.125,"d"
"PhonAlign",1085.125,1085.265,"O~"
"PhonAlign",1085.265,1085.405,"p"
"PhonAlign",1085.405,1085.495,"u"
"PhonAlign",1085.495,1085.525,"R"
"PhonAlign",1085.525,1085.565,"l"
"PhonAlign",1085.565,1085.6850000000002,"A/"
"PhonAlign",1085.6850000000002,1085.785,"s"
"PhonAlign",1085.785,1085.845,"E"
"PhonAlign",1085.845,1085.9450000000002,"t"
"PhonAlign",1085.9450000000002,1085.985,"j"
"PhonAlign",1085.985,1086.075,"E"
"PhonAlign",1086.075,1086.135,"m"
"PhonAlign",1086.135,1086.1950000000002,"t"
"PhonAlign",1086.1950000000002,1086.345,"A/"
"PhonAlign",1086.345,1086.375,"S"
"PhonAlign",1086.375,1086.405,"Z"
"PhonAlign",1086.405,1086.4350000000002,"Z"
"PhonAlign",1086.4350000000002,1086.515,"@"
"PhonAlign",1086.515,1086.585,"v"
"PhonAlign",1086.585,1086.645,"E"
"PhonAlign",1086.645,1086.715,"p"
"PhonAlign",1086.715,1086.815,"R"
"PhonAlign",1086.815,1086.865,"O/"
"PhonAlign",1086.865,1086.975,"p"
"PhonAlign",1086.975,1087.105,"O/"
"PhonAlign",1087.105,1087.1850000000002,"z"
"PhonAlign",1087.1850000000002,1087.305,"e"
"PhonAlign",1087.305,1087.4250000000002,"m"
"PhonAlign",1087.4250000000002,1087.505,"w"
"PhonAlign",1087.505,1087.71,"A/"
"PhonAlign",1087.71,1088.425,"#"
"PhonAlign",1088.425,1089.08,"fp"
"PhonAlign",1089.08,1089.265,"#"
"PhonAlign",1089.265,1089.305,"m"
"PhonAlign",1089.305,1089.795,"k"
"PhonAlign",1089.795,1089.9050000000002,"O~"
"PhonAlign",1089.9050000000002,1090.045,"n"
"PhonAlign",1090.045,1090.275,"k"
"PhonAlign",1090.275,1090.4250000000002,"O~"
"PhonAlign",1090.4250000000002,1090.515,"n"
"PhonAlign",1090.515,1090.6650000000002,"f"
"PhonAlign",1090.6650000000002,1090.9550000000002,"e"
"PhonAlign",1090.9550000000002,1091.485,"fp"
"PhonAlign",1091.485,1092.035,"#"
"PhonAlign",1092.035,1092.345,"U~/"
"PhonAlign",1092.345,1092.415,"n"
"PhonAlign",1092.415,1092.64,"#"
"PhonAlign",1092.64,1092.7,"p"
"PhonAlign",1092.7,1092.7900000000002,"@"
"PhonAlign",1092.7900000000002,1092.95,"t"
"PhonAlign",1092.95,1093.0600000000002,"i"
"PhonAlign",1093.0600000000002,1093.2800000000002,"t"
"PhonAlign",1093.2800000000002,1093.3200000000002,"@"
"PhonAlign",1093.3200000000002,1093.885,"fp"
"PhonAlign",1093.885,1094.405,"#"
"PhonAlign",1094.405,1094.565,"s"
"PhonAlign",1094.565,1094.755,"E"
"PhonAlign",1094.755,1094.905,"n"
"PhonAlign",1094.905,1095.125,"@"
"PhonAlign",1095.125,1095.205,"d"
"PhonAlign",1095.205,1095.275,"@"
"PhonAlign",1095.275,1095.425,"t"
"PhonAlign",1095.425,1095.565,"e"
"PhonAlign",1095.565,1095.695,"A/"
"PhonAlign",1095.695,1095.795,"t"
"PhonAlign",1095.795,1096.205,"R"
"PhonAlign",1096.205,1096.745,"#"
"PhonAlign",1096.745,1096.8049999999998,"A/"
"PhonAlign",1096.8049999999998,1096.8549999999998,"v"
"PhonAlign",1096.8549999999998,1096.945,"E"
"PhonAlign",1096.945,1097.0749999999998,"k"
"PhonAlign",1097.0749999999998,1097.1149999999998,"d"
"PhonAlign",1097.1149999999998,1097.3249999999998,"e"
"PhonAlign",1097.3249999999998,1097.49,"fp"
"PhonAlign",1097.49,1098.2,"#"
"PhonAlign",1098.2,1098.27,"d"
"PhonAlign",1098.27,1098.38,"e"
"PhonAlign",1098.38,1098.48,"k"
"PhonAlign",1098.48,1098.56,"O/"
"PhonAlign",1098.56,1098.68,"s"
"PhonAlign",1098.68,1098.81,"t"
"PhonAlign",1098.81,1099.0,"y"
"PhonAlign",1099.0,1099.26,"m"
"PhonAlign",1099.26,1099.35,"u"
"PhonAlign",1099.35,1099.48,"S"
"PhonAlign",1099.48,1099.64,"s"
"PhonAlign",1099.64,1099.68,"E"
"PhonAlign",1099.68,1099.79,"p"
"PhonAlign",1099.79,1099.965,"A/"
"PhonAlign",1099.965,1100.495,"#"
"PhonAlign",1100.495,1100.935,"u"
"PhonAlign",1100.935,1101.3349999999998,"i"
"PhonAlign",1101.3349999999998,1101.5849999999998,"u"
"PhonAlign",1101.5849999999998,1101.8349999999998,"i"
"PhonAlign",1101.8349999999998,1101.905,"d"
"PhonAlign",1101.905,1102.0449999999998,"E"
"PhonAlign",1102.0449999999998,1102.185,"p"
"PhonAlign",1102.185,1102.255,"w"
"PhonAlign",1102.255,1102.3149999999998,"A/"
"PhonAlign",1102.3149999999998,1102.475,"s"
"PhonAlign",1102.475,1102.785,"O~"
"PhonAlign",1102.785,1102.8649999999998,"k"
"PhonAlign",1102.8649999999998,1102.945,"O/"
"PhonAlign",1102.945,1102.975,"m"
"PhonAlign",1102.975,1103.1049999999998,"s"
"PhonAlign",1103.1049999999998,1103.425,"A/"
"PhonAlign",1103.425,1103.475,"d"
"PhonAlign",1103.475,1103.5749999999998,"e"
"PhonAlign",1103.5749999999998,1103.625,"d"
"PhonAlign",1103.625,1103.715,"O/"
"PhonAlign",1103.715,1103.875,"f"
"PhonAlign",1103.875,1104.195,"U~/"
"PhonAlign",1104.195,1104.235,"z"
"PhonAlign",1104.235,1105.53,"#"
"PhonAlign",1105.53,1105.58,"p"
"PhonAlign",1105.58,1105.62,"@"
"PhonAlign",1105.62,1105.72,"t"
"PhonAlign",1105.72,1105.75,"i"
"PhonAlign",1105.75,1105.88,"p"
"PhonAlign",1105.88,1105.92,"w"
"PhonAlign",1105.92,1105.97,"A/"
"PhonAlign",1105.97,1106.09,"s"
"PhonAlign",1106.09,1106.31,"O~"
"PhonAlign",1106.31,1106.42,"k"
"PhonAlign",1106.42,1106.49,"O/"
"PhonAlign",1106.49,1106.53,"l"
"PhonAlign",1106.53,1106.63,"O/"
"PhonAlign",1106.63,1106.7,"R"
"PhonAlign",1106.7,1106.82,"e"
"PhonAlign",1106.82,1106.91,"k"
"PhonAlign",1106.91,1106.98,"O/"
"PhonAlign",1106.98,1107.01,"m"
"PhonAlign",1107.01,1107.12,"s"
"PhonAlign",1107.12,1107.38,"A/"
"PhonAlign",1107.38,1107.69,"#"
"PhonAlign",1107.69,1108.185,"e"
"PhonAlign",1108.185,1108.37,"#"
"PhonAlign",1108.37,1108.51,"u"
"PhonAlign",1108.51,1108.6699999999998,"i"
"PhonAlign",1108.6699999999998,1109.03,"laugh"
"PhonAlign",1109.03,1109.605,"#"
"PhonAlign",1109.605,1109.705,"d"
"PhonAlign",1109.705,1109.885,"O~"
"PhonAlign",1109.885,1110.005,"k"
"PhonAlign",1110.005,1110.275,"O~"
"PhonAlign",1110.275,1110.345,"n"
"PhonAlign",1110.345,1110.435,"p"
"PhonAlign",1110.435,1110.545,"@"
"PhonAlign",1110.545,1110.685,"U~/"
"PhonAlign",1110.685,1110.795,"k"
"PhonAlign",1110.795,1110.825,"l"
"PhonAlign",1110.825,1110.925,"y"
"PhonAlign",1110.925,1110.995,"R"
"PhonAlign",1110.995,1111.025,"l"
"PhonAlign",1111.025,1111.125,"e"
"PhonAlign",1111.125,1111.205,"z"
"PhonAlign",1111.205,1111.325,"a~"
"PhonAlign",1111.325,1111.495,"f"
"PhonAlign",1111.495,1111.865,"a~"
"PhonAlign",1111.865,1112.365,"fp"
"PhonAlign",1112.365,1112.465,"O~"
"PhonAlign",1112.465,1112.515,"n"
"PhonAlign",1112.515,1112.565,"v"
"PhonAlign",1112.565,1112.605,"A/"
"PhonAlign",1112.605,1112.725,"f"
"PhonAlign",1112.725,1112.825,"E"
"PhonAlign",1112.825,1112.915,"R"
"PhonAlign",1112.915,1113.195,"@"
"PhonAlign",1113.195,1113.225,"y"
"PhonAlign",1113.225,1113.265,"n"
"PhonAlign",1113.265,1113.305,"g"
"PhonAlign",1113.305,1113.385,"R"
"PhonAlign",1113.385,1113.495,"a~"
"PhonAlign",1113.495,1113.695,"d"
"PhonAlign",1113.695,1114.015,"@"
"PhonAlign",1114.015,1114.155,"s"
"PhonAlign",1114.155,1114.265,"E"
"PhonAlign",1114.265,1114.345,"n"
"PhonAlign",1114.345,1114.425,"t"
"PhonAlign",1114.425,1114.515,"E"
"PhonAlign",1114.515,1114.575,"A/"
"PhonAlign",1114.575,1114.645,"t"
"PhonAlign",1114.645,1114.735,"R"
"PhonAlign",1114.735,1114.845,"A/"
"PhonAlign",1114.845,1114.91,"l"
"PhonAlign",1114.91,1115.26,"#"
"PhonAlign",1115.26,1115.3,"p"
"PhonAlign",1115.3,1115.34,"u"
"PhonAlign",1115.34,1115.41,"R"
"PhonAlign",1115.41,1115.49,"s"
"PhonAlign",1115.49,1115.63,"A/"
"PhonAlign",1115.63,1115.69,"Z"
"PhonAlign",1115.69,1115.75,"@"
"PhonAlign",1115.75,1115.83,"p"
"PhonAlign",1115.83,1115.97,"a~"
"PhonAlign",1115.97,1116.02,"s"
"PhonAlign",1116.02,1116.06,"s"
"PhonAlign",1116.06,1116.14,"A/"
"PhonAlign",1116.14,1116.17,"v"
"PhonAlign",1116.17,1116.23,"A/"
"PhonAlign",1116.23,1116.32,"E"
"PhonAlign",1116.32,1116.38,"t"
"PhonAlign",1116.38,1116.45,"R"
"PhonAlign",1116.45,1116.51,"@"
"PhonAlign",1116.51,1116.59,"d"
"PhonAlign",1116.59,1116.67,"2"
"PhonAlign",1116.67,1116.77,"t"
"PhonAlign",1116.77,1116.87,"A/"
"PhonAlign",1116.87,1116.97,"S"
"PhonAlign",1116.97,1117.14,"p"
"PhonAlign",1117.14,1117.18,"A/"
"PhonAlign",1117.18,1117.21,"R"
"PhonAlign",1117.21,1117.3,"s"
"PhonAlign",1117.3,1117.36,"k"
"PhonAlign",1117.36,1117.43,"O~"
"PhonAlign",1117.43,1117.48,"n"
"PhonAlign",1117.48,1117.65,"p"
"PhonAlign",1117.65,1117.7,"@"
"PhonAlign",1117.7,1117.8,"p"
"PhonAlign",1117.8,1117.9,"A/"
"PhonAlign",1117.9,1118.02,"f"
"PhonAlign",1118.02,1118.09,"E"
"PhonAlign",1118.09,1118.16,"R"
"PhonAlign",1118.16,1118.26,"s"
"PhonAlign",1118.26,1118.35,"A/"
"PhonAlign",1118.35,1118.5,"a~"
"PhonAlign",1118.5,1118.71,"y"
"PhonAlign",1118.71,1119.02,"n"
"PhonAlign",1119.02,1119.13,"s"
"PhonAlign",1119.13,1119.22,"9"
"PhonAlign",1119.22,1119.26,"l"
"PhonAlign",1119.26,1119.37,"Z"
"PhonAlign",1119.37,1119.42,"u"
"PhonAlign",1119.42,1119.5,"R"
"PhonAlign",1119.5,1119.57,"n"
"PhonAlign",1119.57,1119.74,"e"
"PhonAlign",1119.74,1120.28,"#"
"PhonAlign",1120.28,1120.48,"fp"
"PhonAlign",1120.48,1120.6,"p"
"PhonAlign",1120.6,1120.67,"R"
"PhonAlign",1120.67,1120.7,"2"
"PhonAlign",1120.7,1120.73,"m"
"PhonAlign",1120.73,1120.79,"j"
"PhonAlign",1120.79,1120.82,"E"
"PhonAlign",1120.82,1120.9,"R"
"PhonAlign",1120.9,1121.04,"f"
"PhonAlign",1121.04,1121.1,"w"
"PhonAlign",1121.1,1121.3,"A/"
"PhonAlign",1121.3,1121.43,"p"
"PhonAlign",1121.43,1121.48,"2"
"PhonAlign",1121.48,1121.55,"t"
"PhonAlign",1121.55,1121.58,"E"
"PhonAlign",1121.58,1121.62,"t"
"PhonAlign",1121.62,1121.69,"R"
"PhonAlign",1121.69,1121.73,"i"
"PhonAlign",1121.73,1121.78,"v"
"PhonAlign",1121.78,1121.87,"O~"
"PhonAlign",1121.87,1122.0,"S"
"PhonAlign",1122.0,1122.07,"w"
"PhonAlign",1122.07,1122.13,"A/"
"PhonAlign",1122.13,1122.25,"z"
"PhonAlign",1122.25,1122.39,"i"
"PhonAlign",1122.39,1122.52,"R"
"PhonAlign",1122.52,1122.83,"fp"
"PhonAlign",1122.83,1122.87,"l"
"PhonAlign",1122.87,1122.94,"e"
"PhonAlign",1122.94,1123.02,"#"
"PhonAlign",1123.02,1123.08,"p"
"PhonAlign",1123.08,1123.15,"E"
"PhonAlign",1123.15,1123.23,"R"
"PhonAlign",1123.23,1123.32,"s"
"PhonAlign",1123.32,1123.4,"O/"
"PhonAlign",1123.4,1123.46,"n"
"PhonAlign",1123.46,1123.73,"A/"
"PhonAlign",1123.73,1123.88,"Z"
"PhonAlign",1123.88,1124.34,"e"
"PhonAlign",1124.34,1124.51,"e"
"PhonAlign",1124.51,1124.61,"n"
"PhonAlign",1124.61,1124.76,"u"
"PhonAlign",1124.76,1124.87,"O~"
"PhonAlign",1124.87,1124.98,"v"
"PhonAlign",1124.98,1125.13,"A/"
"PhonAlign",1125.13,1125.17,"l"
"PhonAlign",1125.17,1125.25,"e"
"PhonAlign",1125.25,1125.32,"z"
"PhonAlign",1125.32,1125.41,"e"
"PhonAlign",1125.41,1125.47,"d"
"PhonAlign",1125.47,1125.655,"e"
"PhonAlign",1125.655,1126.265,"#"
"PhonAlign",1126.265,1126.3950000000002,"l"
"PhonAlign",1126.3950000000002,1126.545,"9"
"PhonAlign",1126.545,1126.615,"R"
"PhonAlign",1126.615,1126.765,"p"
"PhonAlign",1126.765,1126.845,"R"
"PhonAlign",1126.845,1126.8950000000002,"E"
"PhonAlign",1126.8950000000002,1126.985,"p"
"PhonAlign",1126.985,1127.125,"A/"
"PhonAlign",1127.125,1127.2050000000002,"R"
"PhonAlign",1127.2050000000002,1127.475,"e"
"PhonAlign",1127.475,1127.545,"d"
"PhonAlign",1127.545,1127.7050000000002,"e"
"PhonAlign",1127.7050000000002,1127.845,"p"
"PhonAlign",1127.845,1128.025,"t"
"PhonAlign",1128.025,1128.465,"i"
"PhonAlign",1128.465,1128.6650000000002,"d"
"PhonAlign",1128.6650000000002,1128.815,"A/"
"PhonAlign",1128.815,1128.855,"l"
"PhonAlign",1128.855,1129.045,"O/"
"PhonAlign",1129.045,1129.075,"g"
"PhonAlign",1129.075,1129.125,"Z"
"PhonAlign",1129.125,1129.335,"a~"
"PhonAlign",1129.335,1129.39,"R"
"PhonAlign",1129.39,1129.485,"#"
"PhonAlign",1129.485,1129.5549999999998,"d"
"PhonAlign",1129.5549999999998,1129.5849999999998,"2"
"PhonAlign",1129.5849999999998,1129.695,"t"
"PhonAlign",1129.695,1129.7949999999998,"R"
"PhonAlign",1129.7949999999998,1129.8549999999998,"w"
"PhonAlign",1129.8549999999998,1129.885,"A/"
"PhonAlign",1129.885,1129.975,"f"
"PhonAlign",1129.975,1130.1049999999998,"R"
"PhonAlign",1130.1049999999998,1130.3449999999998,"A/"
"PhonAlign",1130.3449999999998,1130.45,"z"
"PhonAlign",1130.45,1131.4,"#"
"PhonAlign",1131.4,1131.47,"S"
"PhonAlign",1131.47,1131.5700000000002,"A/"
"PhonAlign",1131.5700000000002,1131.69,"k"
"PhonAlign",1131.69,1131.94,"U~/"
"PhonAlign",1131.94,1132.82,"#"
"PhonAlign",1132.82,1133.11,"fp"
"PhonAlign",1133.11,1133.23,"p"
"PhonAlign",1133.23,1133.32,"s"
"PhonAlign",1133.32,1133.38,"k"
"PhonAlign",1133.38,1133.41,"i"
"PhonAlign",1133.41,1133.52,"s"
"PhonAlign",1133.52,1133.77,"O~"
"PhonAlign",1133.77,1133.9199999999998,"t"
"PhonAlign",1133.9199999999998,1133.96,"U~/"
"PhonAlign",1133.96,1134.07,"p"
"PhonAlign",1134.07,1134.14,"2"
"PhonAlign",1134.14,1134.1799999999998,"n"
"PhonAlign",1134.1799999999998,1134.28,"O~"
"PhonAlign",1134.28,1134.34,"b"
"PhonAlign",1134.34,1134.4,"R"
"PhonAlign",1134.4,1134.53,"@"
"PhonAlign",1134.53,1134.64,"k"
"PhonAlign",1134.64,1134.7,"a~"
"PhonAlign",1134.7,1134.76,"m"
"PhonAlign",1134.76,1134.86,"E"
"PhonAlign",1134.86,1134.89,"m"
"PhonAlign",1134.89,1134.970313,"@"
"PhonAlign",1134.970313,1136.81,"#"
"PhonAlign",1136.81,1137.12,"d"
"PhonAlign",1137.12,1137.25,"O~"
"PhonAlign",1137.25,1137.31,"k"
"PhonAlign",1137.31,1137.38,"s"
"PhonAlign",1137.38,1137.46,"A/"
"PhonAlign",1137.46,1137.49,"v"
"PhonAlign",1137.49,1137.59,"A/"
"PhonAlign",1137.59,1137.7,"s"
"PhonAlign",1137.7,1137.73,"d"
"PhonAlign",1137.73,1137.83,"i"
"PhonAlign",1137.83,1137.86,"v"
"PhonAlign",1137.86,1137.91,"i"
"PhonAlign",1137.91,1137.99,"z"
"PhonAlign",1137.99,1138.1,"e"
"PhonAlign",1138.1,1138.25,"s"
"PhonAlign",1138.25,1138.3,"y"
"PhonAlign",1138.3,1138.4199999999998,"R"
"PhonAlign",1138.4199999999998,1138.47,"l"
"PhonAlign",1138.47,1138.6,"A/"
"PhonAlign",1138.6,1138.7,"s"
"PhonAlign",1138.7,1138.75,"E"
"PhonAlign",1138.75,1138.83,"t"
"PhonAlign",1138.83,1138.86,"j"
"PhonAlign",1138.86,1138.9299999999998,"E"
"PhonAlign",1138.9299999999998,1138.97,"m"
"PhonAlign",1138.97,1139.03,"y"
"PhonAlign",1139.03,1139.09,"i"
"PhonAlign",1139.09,1139.2,"t"
"PhonAlign",1139.2,1139.23,"j"
"PhonAlign",1139.23,1139.28,"E"
"PhonAlign",1139.28,1139.34,"m"
"PhonAlign",1139.34,1139.4299999999998,"t"
"PhonAlign",1139.4299999999998,1139.56,"A/"
"PhonAlign",1139.56,1139.73,"S"
"PhonAlign",1139.73,1140.735,"#"
"PhonAlign",1140.735,1140.775,"i"
"PhonAlign",1140.775,1140.8449999999998,"n"
"PhonAlign",1140.8449999999998,1140.915,"u"
"PhonAlign",1140.915,1140.945,"R"
"PhonAlign",1140.945,1141.0649999999998,"E"
"PhonAlign",1141.0649999999998,1141.175,"s"
"PhonAlign",1141.175,1141.495,"t"
"PhonAlign",1141.495,1141.525,"l"
"PhonAlign",1141.525,1141.645,"A/"
"PhonAlign",1141.645,1141.765,"n"
"PhonAlign",1141.765,1141.875,"2"
"PhonAlign",1141.875,1141.925,"v"
"PhonAlign",1141.925,1141.995,"j"
"PhonAlign",1141.995,1142.0749999999998,"E"
"PhonAlign",1142.0749999999998,1142.175,"m"
"PhonAlign",1142.175,1142.255,"t"
"PhonAlign",1142.255,1142.395,"A/"
"PhonAlign",1142.395,1142.65,"S"
"PhonAlign",1142.65,1150.06,"#"
"PhonAlign",1150.06,1150.12,"p"
"PhonAlign",1150.12,1150.19,"2"
"PhonAlign",1150.19,1150.25,"t"
"PhonAlign",1150.25,1150.32,"E"
"PhonAlign",1150.32,1150.38,"t"
"PhonAlign",1150.38,1150.49,"R"
"PhonAlign",1150.49,1150.58,"l"
"PhonAlign",1150.58,1150.79,"A/"
"PhonAlign",1150.79,1150.88,"O~"
"PhonAlign",1150.88,1151.02,"v"
"PhonAlign",1151.02,1151.1799999999998,"A/"
"PhonAlign",1151.1799999999998,1151.28,"U~/"
"PhonAlign",1151.28,1151.38,"v"
"PhonAlign",1151.38,1151.48,"i"
"PhonAlign",1151.48,1151.59,"t"
"PhonAlign",1151.59,1151.73,"e"
"PhonAlign",1151.73,1151.79,"l"
"PhonAlign",1151.79,1152.1799999999998,"e"
"PhonAlign",1152.1799999999998,1152.265,"z"
"PhonAlign",1152.265,1152.51,"#"
"PhonAlign",1152.51,1152.55,"Z"
"PhonAlign",1152.55,1152.71,"m"
"PhonAlign",1152.71,1152.78,"@"
"PhonAlign",1152.78,1152.86,"s"
"PhonAlign",1152.86,1152.89,"y"
"PhonAlign",1152.89,1152.95,"i"
"PhonAlign",1152.95,1153.06,"d"
"PhonAlign",1153.06,1153.3,"i"
"PhonAlign",1153.3,1153.43,"p"
"PhonAlign",1153.43,1153.48,"2"
"PhonAlign",1153.48,1153.53,"t"
"PhonAlign",1153.53,1153.56,"E"
"PhonAlign",1153.56,1153.62,"t"
"PhonAlign",1153.62,1153.73,"R"
"PhonAlign",1153.73,1153.76,"l"
"PhonAlign",1153.76,1153.82,"e"
"PhonAlign",1153.82,1153.93,"p"
"PhonAlign",1153.93,1154.04,"A/"
"PhonAlign",1154.04,1154.14,"R"
"PhonAlign",1154.14,1154.43,"a~"
"PhonAlign",1154.43,1154.51,"z"
"PhonAlign",1154.51,1154.59,"A/"
"PhonAlign",1154.59,1154.7,"s"
"PhonAlign",1154.7,1154.76,"@"
"PhonAlign",1154.76,1154.91,"p"
"PhonAlign",1154.91,1154.98,"w"
"PhonAlign",1154.98,1155.08,"U~/"
"PhonAlign",1155.08,1155.13,"l"
"PhonAlign",1155.13,1155.22,"A/"
"PhonAlign",1155.22,1155.25,"A/"
"PhonAlign",1155.25,1155.47,"p"
"PhonAlign",1155.47,1155.55,"R"
"PhonAlign",1155.55,1155.58,"E"
"PhonAlign",1155.58,1155.67,"p"
"PhonAlign",1155.67,1155.7,"l"
"PhonAlign",1155.7,1155.77,"y"
"PhonAlign",1155.77,1155.83,"z"
"PhonAlign",1155.83,1155.91,"j"
"PhonAlign",1155.91,1155.98,"9"
"PhonAlign",1155.98,1156.04,"R"
"PhonAlign",1156.04,1156.13,"t"
"PhonAlign",1156.13,1156.23,"A/"
"PhonAlign",1156.23,1156.29,"S"
"PhonAlign",1156.29,1157.785,"#"
"PhonAlign",1157.785,1157.975,"u"
"PhonAlign",1157.975,1158.19,"i"
"PhonAlign",1158.19,1158.52,"#"
"PhonAlign",1158.52,1158.66,"n"
"PhonAlign",1158.66,1158.95,"O~"
"PhonAlign",1158.95,1159.1,"n"
"PhonAlign",1159.1,1159.25,"m"
"PhonAlign",1159.25,1159.31,"U~/"
"PhonAlign",1159.31,1159.4,"t"
"PhonAlign",1159.4,1159.44,"n"
"PhonAlign",1159.44,1159.49,"a~"
"PhonAlign",1159.49,1159.53,"O~"
"PhonAlign",1159.53,1159.62,"n"
"PhonAlign",1159.62,1159.69,"v"
"PhonAlign",1159.69,1159.91,"A/"
"PhonAlign",1159.91,1160.0,"s"
"PhonAlign",1160.0,1160.11,"A/"
"PhonAlign",1160.11,1160.14,"d"
"PhonAlign",1160.14,1160.21,"R"
"PhonAlign",1160.21,1160.33,"E"
"PhonAlign",1160.33,1160.49,"s"
"PhonAlign",1160.49,1160.7,"e"
"PhonAlign",1160.7,1160.805,"R"
"PhonAlign",1160.805,1160.87,"#"
"PhonAlign",1160.87,1161.69,"O/"
"PhonAlign",1161.69,1162.065,"#"
"PhonAlign",1162.065,1162.145,"O/"
"PhonAlign",1162.145,1162.185,"z"
"PhonAlign",1162.185,1162.335,"A/"
"PhonAlign",1162.335,1162.405,"d"
"PhonAlign",1162.405,1162.545,"y"
"PhonAlign",1162.545,1162.575,"l"
"PhonAlign",1162.575,1162.970488,"t"
"PhonAlign",1162.970488,1163.64,"#"
"PhonAlign",1163.64,1163.68,"m"
"PhonAlign",1163.68,1164.12,"m"
"TokensAlign",0.0,0.39,"bonjour"
"TokensAlign",0.39,0.43,"le"
"TokensAlign",0.43,1.094514,"monde"
"TokensAlign",1.094514,2.46,"#"
"TokensAlign",2.46,2.88,"euh"
"TokensAlign",2.88,3.21,"mes"
"TokensAlign",3.21,3.73,"co"
"TokensAlign",3.73,5.79,"organisatrices"
"TokensAlign",5.79,5.92,"et"
"TokensAlign",5.92,6.64,"directrices"
"TokensAlign",6.64,6.975,"de"
"TokensAlign",6.975,7.385,"#"
"TokensAlign",7.385,7.555,"l'"
"TokensAlign",7.555,8.705,"association"
"TokensAlign",8.705,9.335,"protection"
"TokensAlign",9.335,9.415,"de"
"TokensAlign",9.415,9.445,"l'"
"TokensAlign",9.445,10.05,"environnement"
"TokensAlign",10.05,10.755,"#"
"TokensAlign",10.755,11.115,"alors"
"TokensAlign",11.115,11.735,"euh"
"TokensAlign",11.735,11.96,"#"
"TokensAlign",11.96,12.53,"pendant"
"TokensAlign",12.53,12.81,"les"
"TokensAlign",12.81,13.23,"réunions"
"TokensAlign",13.23,13.7,"passées"
"TokensAlign",13.7,13.86,"nous"
"TokensAlign",13.86,14.14,"avons"
"TokensAlign",14.14,14.85,"choisi"
"TokensAlign",14.85,15.47,"#"
"TokensAlign",15.47,15.67,"un"
"TokensAlign",15.67,16.19,"thème"
"TokensAlign",16.19,16.8,"précis"
"TokensAlign",16.8,17.150000000000002,"qui"
"TokensAlign",17.150000000000002,17.36,"est"
"TokensAlign",17.36,17.47,"la"
"TokensAlign",17.47,18.19,"protection"
"TokensAlign",18.19,18.32,"de"
"TokensAlign",18.32,18.47,"la"
"TokensAlign",18.47,18.79,"faune"
"TokensAlign",18.79,19.33548,"aquatique"
"TokensAlign",19.33548,19.795,"#"
"TokensAlign",19.795,19.955,"à"
"TokensAlign",19.955,20.505000000000003,"marseille"
"TokensAlign",20.505000000000003,20.735000000000003,"et"
"TokensAlign",20.735000000000003,21.075000000000003,"ses"
"TokensAlign",21.075000000000003,21.66,"alentours"
"TokensAlign",21.66,22.935,"#"
"TokensAlign",22.935,23.235,"euh"
"TokensAlign",23.235,23.890661,"donc"
"TokensAlign",23.890661,24.1,"#"
"TokensAlign",24.1,24.32,"euh"
"TokensAlign",24.32,24.520000000000003,"nous"
"TokensAlign",24.520000000000003,24.880000000000003,"avons"
"TokensAlign",24.880000000000003,25.65,"décidé"
"TokensAlign",25.65,26.295,"euh"
"TokensAlign",26.295,27.355,"#"
"TokensAlign",27.355,27.865,"de"
"TokensAlign",27.865,28.685,"#"
"TokensAlign",28.685,29.345,"commencer"
"TokensAlign",29.345,29.535,"le"
"TokensAlign",29.535,29.735,"mois"
"TokensAlign",29.735,29.805,"de"
"TokensAlign",29.805,30.400312,"novembre"
"TokensAlign",30.400312,31.765,"#"
"TokensAlign",31.765,32.005,"euh"
"TokensAlign",32.005,32.185,"la"
"TokensAlign",32.185,32.515,"date"
"TokensAlign",32.515,33.035000000000004,"précise"
"TokensAlign",33.035000000000004,33.285000000000004,"que"
"TokensAlign",33.285000000000004,33.515,"nous"
"TokensAlign",33.515,33.835,"avons"
"TokensAlign",33.835,34.665,"choisi"
"TokensAlign",34.665,35.155,"est"
"TokensAlign",35.155,35.64,"#"
"TokensAlign",35.64,36.64,"euh"
"TokensAlign",36.64,36.677813,"le"
"TokensAlign",36.677813,39.585,"#"
"TokensAlign",39.585,40.255,"donc"
"TokensAlign",40.255,40.705,"aujourd'hui"
"TokensAlign",40.705,40.945,"on"
"TokensAlign",40.945,41.245,"va"
"TokensAlign",41.245,42.015,"choisir"
"TokensAlign",42.015,42.145,"la"
"TokensAlign",42.145,42.465,"date"
"TokensAlign",42.465,43.14,"précise"
"TokensAlign",43.14,43.955,"#"
"TokensAlign",43.955,44.135,"les"
"TokensAlign",44.135,44.465,"dates"
"TokensAlign",44.465,44.565,"#"
"TokensAlign",44.565,45.245,"pour"
"TokensAlign",45.245,45.715,"plusieurs"
"TokensAlign",45.715,46.245,"tâches"
"TokensAlign",46.245,47.075,"#"
"TokensAlign",47.075,47.515,"parce_que"
"TokensAlign",47.515,47.855,"nous"
"TokensAlign",47.855,48.45,"avons"
"TokensAlign",48.45,48.535,"#"
"TokensAlign",48.535,48.825,"dix"
"TokensAlign",48.825,49.425,"tâches"
"TokensAlign",49.425,49.725,"à"
"TokensAlign",49.725,50.75,"#"
"TokensAlign",50.75,50.86,"à"
"TokensAlign",50.86,51.25,"bien"
"TokensAlign",51.25,51.86,"définir"
"TokensAlign",51.86,52.345,"#"
"TokensAlign",52.345,52.745,"euh"
"TokensAlign",52.745,53.23566,"donc"
"TokensAlign",53.23566,53.67,"#"
"TokensAlign",53.67,53.77,"qui"
"TokensAlign",53.77,53.93,"veut"
"TokensAlign",53.93,54.71,"commencer"
"TokensAlign",54.71,57.695,"#"
"TokensAlign",57.695,58.21,"jing"
"TokensAlign",58.21,59.016315,"#"
"TokensAlign",59.016315,61.479499,"@"
"TokensAlign",61.479499,62.91,"#"
"TokensAlign",62.91,63.06,"ah"
"TokensAlign",63.06,63.12,"ah"
"TokensAlign",63.12,63.63999999999999,"alors"
"TokensAlign",63.63999999999999,63.87,"euh"
"TokensAlign",63.87,63.94,"je"
"TokensAlign",63.94,64.08,"te"
"TokensAlign",64.08,64.42999999999999,"laisse"
"TokensAlign",64.42999999999999,64.995,"réfléchir"
"TokensAlign",64.995,65.595,"#"
"TokensAlign",65.595,66.045,"donc"
"TokensAlign",66.045,66.625,"SPEAKER_2"
"TokensAlign",66.625,72.31,"#"
"TokensAlign",72.31,72.60000000000001,"ouais"
"TokensAlign",72.60000000000001,72.79,"on"
"TokensAlign",72.79,72.84,"a"
"TokensAlign",72.84,72.95,"l'"
"TokensAlign",72.95,73.51,"accord"
"TokensAlign",73.51,73.57000000000001,"d'"
"TokensAlign",73.57000000000001,73.72,"une"
"TokensAlign",73.72,74.71000000000001,"école"
"TokensAlign",74.71000000000001,75.11,"à"
"TokensAlign",75.11,75.29,"#"
"TokensAlign",75.29,75.35000000000001,"à"
"TokensAlign",75.35000000000001,75.66000000000001,"mer"
"TokensAlign",75.66000000000001,75.69000000000001,"à"
"TokensAlign",75.69000000000001,76.12,"marseille"
"TokensAlign",76.12,76.77,"centreville"
"TokensAlign",76.77,77.155,"#"
"TokensAlign",77.155,77.19500000000001,"au"
"TokensAlign",77.19500000000001,77.375,"vieux"
"TokensAlign",77.375,77.68,"port"
"TokensAlign",77.68,80.675,"#"
"TokensAlign",80.675,80.715,"je"
"TokensAlign",80.715,80.91499999999999,"sais"
"TokensAlign",80.91499999999999,81.105,"pas"
"TokensAlign",81.105,81.41499999999999,"lucas"
"TokensAlign",81.41499999999999,81.565,"c'est"
"TokensAlign",81.565,81.725,"ça"
"TokensAlign",81.725,81.845,"de"
"TokensAlign",81.845,82.345,"commencer"
"TokensAlign",82.345,92.53858,"#"
"TokensAlign",92.53858,92.992898,"@"
"TokensAlign",92.992898,161.78,"#"
"TokensAlign",161.78,162.06,"donc"
"TokensAlign",162.06,162.41,"c'est"
"TokensAlign",162.41,163.385,"#"
"TokensAlign",163.385,163.905,"donc"
"TokensAlign",163.905,164.245,"c'est"
"TokensAlign",164.245,165.105,"euh"
"TokensAlign",165.105,165.58,"#"
"TokensAlign",165.58,165.77,"quelle"
"TokensAlign",165.77,166.16000000000005,"date"
"TokensAlign",166.16000000000005,166.26000000000002,"la"
"TokensAlign",166.26000000000002,166.69000000000003,"première"
"TokensAlign",166.69000000000003,167.06,"tâche"
"TokensAlign",167.06,167.495,"#"
"TokensAlign",167.495,167.655,"euh"
"TokensAlign",167.655,167.845,"la"
"TokensAlign",167.845,168.525,"responsable"
"TokensAlign",168.525,168.785,"donc"
"TokensAlign",168.785,168.935,"c'est"
"TokensAlign",168.935,169.01,"#"
"TokensAlign",169.01,169.465,"SPEAKER_2"
"TokensAlign",169.465,169.56,"#"
"TokensAlign",169.56,169.85,"donc"
"TokensAlign",169.85,169.96,"elle"
"TokensAlign",169.96,170.07,"a"
"TokensAlign",170.07,170.64,"bien"
"TokensAlign",170.64,170.8,"une"
"TokensAlign",170.8,171.1,"idée"
"TokensAlign",171.1,171.21,"elle"
"TokensAlign",171.21,171.465,"a"
"TokensAlign",171.465,171.635,"#"
"TokensAlign",171.635,172.315,"préparé"
"TokensAlign",172.315,172.765,"#"
"TokensAlign",172.765,172.99499999999998,"les"
"TokensAlign",172.99499999999998,173.475,"livres"
"TokensAlign",173.475,174.0,"euh"
"TokensAlign",174.0,174.725,"#"
"TokensAlign",174.725,175.015,"et"
"TokensAlign",175.015,175.235,"les"
"TokensAlign",175.235,176.185,"exercices"
"TokensAlign",176.185,176.72,"liés"
"TokensAlign",176.72,177.8,"#"
"TokensAlign",177.8,178.46,"euh"
"TokensAlign",178.46,178.63000000000002,"à"
"TokensAlign",178.63000000000002,178.77,"la"
"TokensAlign",178.77,179.20000000000002,"faune"
"TokensAlign",179.20000000000002,179.36,"ce"
"TokensAlign",179.36,179.52,"qui"
"TokensAlign",179.52,179.67000000000002,"va"
"TokensAlign",179.67000000000002,180.35,"attirer"
"TokensAlign",180.35,180.81,"les"
"TokensAlign",180.81,181.26,"enfants"
"TokensAlign",181.26,181.34,"j'"
"TokensAlign",181.34,181.7,"admets"
"TokensAlign",181.7,182.89,"#"
"TokensAlign",182.89,183.17,"donc"
"TokensAlign",183.17,183.31,"la"
"TokensAlign",183.31,183.6,"date"
"TokensAlign",183.6,184.245,"sera"
"TokensAlign",184.245,219.155,"#"
"TokensAlign",219.155,219.66,"le"
"TokensAlign",219.66,300.225,"#"
"TokensAlign",300.225,300.845,"alors"
"TokensAlign",300.845,301.595,"euh"
"TokensAlign",301.595,301.72,"#"
"TokensAlign",301.72,301.89000000000004,"euh"
"TokensAlign",301.89000000000004,302.29,"grâce_à"
"TokensAlign",302.29,303.19000000000005,"SPEAKER_2"
"TokensAlign",303.19000000000005,303.57000000000005,"nous"
"TokensAlign",303.57000000000005,304.535,"savons"
"TokensAlign",304.535,304.855,"#"
"TokensAlign",304.855,304.95500000000004,"on"
"TokensAlign",304.95500000000004,305.105,"va"
"TokensAlign",305.105,305.305,"faire"
"TokensAlign",305.305,305.445,"la"
"TokensAlign",305.445,305.83500000000004,"première"
"TokensAlign",305.83500000000004,306.185,"tâche"
"TokensAlign",306.185,306.655,"#"
"TokensAlign",306.655,306.765,"il"
"TokensAlign",306.765,306.985,"reste"
"TokensAlign",306.985,307.30499999999995,"encore"
"TokensAlign",307.30499999999995,307.775,"neuf"
"TokensAlign",307.775,308.330903,"donc"
"TokensAlign",308.330903,308.885,"#"
"TokensAlign",308.885,308.965,"tu"
"TokensAlign",308.965,309.085,"as"
"TokensAlign",309.085,309.305,"une"
"TokensAlign",309.305,309.695,"idée"
"TokensAlign",309.695,310.135,"sur"
"TokensAlign",310.135,310.395,"la"
"TokensAlign",310.395,310.9,"deuxième"
"TokensAlign",310.9,314.98,"#"
"TokensAlign",314.98,315.62,"ok"
"TokensAlign",315.62,323.7,"#"
"TokensAlign",323.7,324.0,"je"
"TokensAlign",324.0,324.2,"peux"
"TokensAlign",324.2,325.23,"faire"
"TokensAlign",325.23,325.65,"moi"
"TokensAlign",325.65,326.44,"SPEAKER_0"
"TokensAlign",326.44,326.475,"le"
"TokensAlign",326.475,326.86,"#"
"TokensAlign",326.86,326.91,"l'"
"TokensAlign",326.91,327.785,"introduction"
"TokensAlign",327.785,328.79,"#"
"TokensAlign",328.79,329.59,"donc"
"TokensAlign",329.59,330.15,"#"
"TokensAlign",330.15,330.6,"une"
"TokensAlign",330.6,332.905,"introduction"
"TokensAlign",332.905,333.665,"#"
"TokensAlign",333.665,333.83500000000004,"des"
"TokensAlign",333.83500000000004,334.994063,"activités"
"TokensAlign",334.994063,336.955,"#"
"TokensAlign",336.955,337.335,"de"
"TokensAlign",337.335,337.965,"notre"
"TokensAlign",337.965,338.845,"#"
"TokensAlign",338.845,339.89,"association"
"TokensAlign",339.89,340.63,"#"
"TokensAlign",340.63,340.89,"donc"
"TokensAlign",340.89,341.07,"ça"
"TokensAlign",341.07,341.23,"va"
"TokensAlign",341.23,342.02,"être"
"TokensAlign",342.02,342.315,"#"
"TokensAlign",342.315,342.575,"plutôt"
"TokensAlign",342.575,342.635,"une"
"TokensAlign",342.635,342.835,"pré"
"TokensAlign",342.835,343.075,"+"
"TokensAlign",343.075,343.865,"présentation"
"TokensAlign",343.865,345.02,"#"
"TokensAlign",345.02,345.33,"et"
"TokensAlign",345.33,345.36,"on"
"TokensAlign",345.36,346.25,"va"
"TokensAlign",346.25,347.045,"leur"
"TokensAlign",347.045,348.18,"#"
"TokensAlign",348.18,348.705,"nous"
"TokensAlign",348.705,348.925,"#"
"TokensAlign",348.925,349.125,"nous"
"TokensAlign",349.125,350.035,"présenter"
"TokensAlign",350.035,350.23,"et"
"TokensAlign",350.23,350.395,"#"
"TokensAlign",350.395,350.765,"présenter"
"TokensAlign",350.765,350.845,"ce"
"TokensAlign",350.845,350.915,"qu'"
"TokensAlign",350.915,351.055,"on"
"TokensAlign",351.055,351.185,"va"
"TokensAlign",351.185,351.45,"faire"
"TokensAlign",351.45,352.87,"#"
"TokensAlign",352.87,353.12,"puis"
"TokensAlign",353.12,353.34000000000003,"la"
"TokensAlign",353.34000000000003,353.81,"deuxième"
"TokensAlign",353.81,354.11,"tâche"
"TokensAlign",354.11,354.19,"une"
"TokensAlign",354.19,354.48,"prise"
"TokensAlign",354.48,354.62,"de"
"TokensAlign",354.62,355.315,"contact"
"TokensAlign",355.315,355.71,"#"
"TokensAlign",355.71,355.86,"une"
"TokensAlign",355.86,356.16,"prise"
"TokensAlign",356.16,356.27,"de"
"TokensAlign",356.27,356.77,"contact"
"TokensAlign",356.77,357.08,"avec"
"TokensAlign",357.08,357.23,"les"
"TokensAlign",357.23,357.4,"élèves"
"TokensAlign",357.4,359.59,"#"
"TokensAlign",359.59,360.14,"savoir"
"TokensAlign",360.14,360.41,"leur"
"TokensAlign",360.41,360.78,"position"
"TokensAlign",360.78,361.68,"savoir"
"TokensAlign",361.68,361.85,"où"
"TokensAlign",361.85,361.97,"ils"
"TokensAlign",361.97,362.28,"se"
"TokensAlign",362.28,363.04,"positionnent"
"TokensAlign",363.04,363.73,"envers"
"TokensAlign",363.73,363.87,"tout"
"TokensAlign",363.87,364.15,"ça"
"TokensAlign",364.15,364.29,"est-ce"
"TokensAlign",364.29,364.57,"que"
"TokensAlign",364.57,365.08,"est-ce_qu'"
"TokensAlign",365.08,365.11,"ils"
"TokensAlign",365.11,365.38,"sont"
"TokensAlign",365.38,365.93,"pour"
"TokensAlign",365.93,366.35,"est-ce"
"TokensAlign",366.35,366.49,"que"
"TokensAlign",366.49,366.97,"est-ce_qu'"
"TokensAlign",366.97,367.1,"ils"
"TokensAlign",367.1,367.25,"ont"
"TokensAlign",367.25,367.47,"des"
"TokensAlign",367.47,367.845,"idées"
"TokensAlign",367.845,368.955,"#"
"TokensAlign",368.955,369.295,"euh"
"TokensAlign",369.295,369.515,"de"
"TokensAlign",369.515,369.798973,"ça"
"TokensAlign",369.798973,370.38,"#"
"TokensAlign",370.38,370.69,"ouais"
"TokensAlign",370.69,377.480197,"#"
"TokensAlign",377.480197,377.920186,"mh"
"TokensAlign",377.920186,384.315,"#"
"TokensAlign",384.315,384.57,"mh"
"TokensAlign",384.57,403.22,"#"
"TokensAlign",403.22,403.37,"donc"
"TokensAlign",403.37,403.64,"ça"
"TokensAlign",403.64,403.79,"ça"
"TokensAlign",403.79,404.03,"sera"
"TokensAlign",404.03,404.13000000000005,"la"
"TokensAlign",404.13000000000005,404.5700000000001,"première"
"TokensAlign",404.5700000000001,404.83,"tâche"
"TokensAlign",404.83,405.1,"#"
"TokensAlign",405.1,405.2600000000001,"la"
"TokensAlign",405.2600000000001,405.68,"deuxième"
"TokensAlign",405.68,405.93,"tâche"
"TokensAlign",405.93,406.22,"c'est"
"TokensAlign",406.22,406.62,"dont"
"TokensAlign",406.62,406.98,"SPEAKER_2"
"TokensAlign",406.98,407.05,"a"
"TokensAlign",407.05,407.4500000000001,"parlé"
"TokensAlign",407.4500000000001,407.725,"donc"
"TokensAlign",407.725,408.315,"#"
"TokensAlign",408.315,408.715,"d'accord"
"TokensAlign",408.715,408.775,"de"
"TokensAlign",408.775,408.885,"la"
"TokensAlign",408.885,409.335,"troisième"
"TokensAlign",409.335,409.59,"tâche"
"TokensAlign",409.59,410.77,"#"
"TokensAlign",410.77,411.13,"après"
"TokensAlign",411.13,411.29,"les"
"TokensAlign",411.29,411.74,"livres"
"TokensAlign",411.74,411.96,"donc"
"TokensAlign",411.96,412.22,"tu"
"TokensAlign",412.22,412.66,"choisis"
"TokensAlign",412.66,412.915,"quoi"
"TokensAlign",412.915,491.75,"#"
"TokensAlign",491.75,492.265,"ok"
"TokensAlign",492.265,492.82,"#"
"TokensAlign",492.82,493.35,"euh"
"TokensAlign",493.35,493.82,"jing"
"TokensAlign",493.82,494.53,"quatrième"
"TokensAlign",494.53,494.81,"tâche"
"TokensAlign",494.81,495.4,"#"
"TokensAlign",495.4,495.61,"euh"
"TokensAlign",495.61,495.74,"tu"
"TokensAlign",495.74,496.09,"penses"
"TokensAlign",496.09,496.64,"euh"
"TokensAlign",496.64,496.79,"qu'"
"TokensAlign",496.79,497.04,"est-ce_qu'"
"TokensAlign",497.04,497.37,"on"
"TokensAlign",497.37,497.51,"peut"
"TokensAlign",497.51,498.255,"euh"
"TokensAlign",498.255,498.77,"#"
"TokensAlign",498.77,499.28,"offrir"
"TokensAlign",499.28,499.49,"aux"
"TokensAlign",499.49,499.87,"enfants"
"TokensAlign",499.87,499.9,"ou"
"TokensAlign",499.9,500.38,"bien"
"TokensAlign",500.38,500.595,"#"
"TokensAlign",500.595,500.645,"qu'"
"TokensAlign",500.645,500.855,"est-ce_qu'"
"TokensAlign",500.855,501.00500000000005,"on"
"TokensAlign",501.00500000000005,501.3250000000001,"peut"
"TokensAlign",501.3250000000001,501.515,"leur"
"TokensAlign",501.515,502.315,"demander"
"TokensAlign",502.315,503.16,"#"
"TokensAlign",503.16,503.38000000000005,"euh"
"TokensAlign",503.38000000000005,503.97,"pour"
"TokensAlign",503.97,504.11,"les"
"TokensAlign",504.11,504.99,"sensibiliser"
"TokensAlign",504.99,505.15,"à"
"TokensAlign",505.15,505.47,"la"
"TokensAlign",505.47,505.5,"+"
"TokensAlign",505.5,506.3200000000001,"protection"
"TokensAlign",506.3200000000001,506.44,"de"
"TokensAlign",506.44,506.58,"la"
"TokensAlign",506.58,506.87,"faune"
"TokensAlign",506.87,507.748029,"aquatique"
"TokensAlign",507.748029,509.185,"#"
"TokensAlign",509.185,509.995,"aquatigre"
"TokensAlign",509.995,513.33,"#"
"TokensAlign",513.33,513.5400000000001,"des"
"TokensAlign",513.5400000000001,514.1500000000001,"activités"
"TokensAlign",514.1500000000001,514.63,"peut-être"
"TokensAlign",514.63,514.8100000000001,"que"
"TokensAlign",514.8100000000001,514.99,"tu"
"TokensAlign",514.99,515.25,"peux"
"TokensAlign",515.25,515.44,"leur"
"TokensAlign",515.44,516.01,"proposer"
"TokensAlign",516.01,516.13,"de"
"TokensAlign",516.13,516.6600000000001,"faire"
"TokensAlign",516.6600000000001,517.25,"quelque_chose"
"TokensAlign",517.25,522.39,"#"
"TokensAlign",522.39,522.96,"quatrième"
"TokensAlign",522.96,523.31,"tâche"
"TokensAlign",523.31,523.4399999999999,"on"
"TokensAlign",523.4399999999999,523.64,"est"
"TokensAlign",523.64,524.03,"quatrième"
"TokensAlign",524.03,525.635,"#"
"TokensAlign",525.635,526.305,"compréhension"
"TokensAlign",526.305,526.435,"des"
"TokensAlign",526.435,526.999705,"textes"
"TokensAlign",526.999705,529.425,"#"
"TokensAlign",529.425,529.665,"hum"
"TokensAlign",529.665,529.832813,"hum"
"TokensAlign",529.832813,532.325,"#"
"TokensAlign",532.325,532.585,"non"
"TokensAlign",532.585,532.895,"non"
"TokensAlign",532.895,572.899734,"#"
"TokensAlign",572.899734,572.9597339999999,"et"
"TokensAlign",572.9597339999999,573.88971,"du"
"TokensAlign",573.88971,584.54,"#"
"TokensAlign",584.54,584.91,"on"
"TokensAlign",584.91,585.3199999999999,"fait"
"TokensAlign",585.3199999999999,585.54,"on"
"TokensAlign",585.54,586.01,"donc"
"TokensAlign",586.01,586.14,"on"
"TokensAlign",586.14,586.3199999999999,"va"
"TokensAlign",586.3199999999999,586.51,"les"
"TokensAlign",586.51,586.67,"aider"
"TokensAlign",586.67,586.77,"à"
"TokensAlign",586.77,587.3299999999999,"comprendre"
"TokensAlign",587.3299999999999,587.52,"en"
"TokensAlign",587.52,588.01,"faisant"
"TokensAlign",588.01,588.321563,"quoi"
"TokensAlign",588.321563,594.86,"#"
"TokensAlign",594.86,595.41,"utile"
"TokensAlign",595.41,610.265,"#"
"TokensAlign",610.265,610.435,"des"
"TokensAlign",610.435,611.215,"activités"
"TokensAlign",611.215,611.48,"oui"
"TokensAlign",611.48,611.985,"#"
"TokensAlign",611.985,612.71,"euh"
"TokensAlign",612.71,613.025,"#"
"TokensAlign",613.025,613.365,"comme"
"TokensAlign",613.365,618.3,"#"
"TokensAlign",618.3,618.6999999999999,"@"
"TokensAlign",618.6999999999999,619.175,"oui"
"TokensAlign",619.175,619.605,"#"
"TokensAlign",619.605,620.485,"@"
"TokensAlign",620.485,620.625,"#"
"TokensAlign",620.625,620.79,"ah"
"TokensAlign",620.79,621.795,"#"
"TokensAlign",621.795,622.1049999999999,"après"
"TokensAlign",622.1049999999999,622.3249999999999,"des"
"TokensAlign",622.3249999999999,623.345,"activités"
"TokensAlign",623.345,623.605,"#"
"TokensAlign",623.605,623.905,"euh"
"TokensAlign",623.905,624.205,"pour"
"TokensAlign",624.205,625.095,"sensibiliser"
"TokensAlign",625.095,625.445,"sur"
"TokensAlign",625.445,625.84,"#"
"TokensAlign",625.84,626.1,"la"
"TokensAlign",626.1,626.4,"faune"
"TokensAlign",626.4,627.274138,"aquatique"
"TokensAlign",627.274138,628.455,"#"
"TokensAlign",628.455,628.985,"euh"
"TokensAlign",628.985,629.055,"#"
"TokensAlign",629.055,629.185,"on"
"TokensAlign",629.185,629.385,"peut"
"TokensAlign",629.385,629.95,"euh"
"TokensAlign",629.95,631.23,"#"
"TokensAlign",631.23,631.5600000000001,"leur"
"TokensAlign",631.5600000000001,632.58,"proposer"
"TokensAlign",632.58,633.045,"euh"
"TokensAlign",633.045,633.765,"#"
"TokensAlign",633.765,633.985,"un"
"TokensAlign",633.985,634.555,"petit"
"TokensAlign",634.555,634.755,"euh"
"TokensAlign",634.755,635.615,"documentaire"
"TokensAlign",635.615,635.765,"à"
"TokensAlign",635.765,636.35,"regarder"
"TokensAlign",636.35,637.795,"#"
"TokensAlign",637.795,638.045,"sur"
"TokensAlign",638.045,638.725,"euh"
"TokensAlign",638.725,639.135,"#"
"TokensAlign",639.135,639.175,"ça"
"TokensAlign",639.175,639.745,"va"
"TokensAlign",639.745,640.025,"euh"
"TokensAlign",640.025,640.165,"+"
"TokensAlign",640.165,640.325,"les"
"TokensAlign",640.325,640.885,"toucher"
"TokensAlign",640.885,641.225,"quand"
"TokensAlign",641.225,641.395,"ils"
"TokensAlign",641.395,641.73,"voient"
"TokensAlign",641.73,641.815,"#"
"TokensAlign",641.815,641.855,"qu'"
"TokensAlign",641.855,642.065,"il_y"
"TokensAlign",642.065,642.39,"a"
"TokensAlign",642.39,642.925,"#"
"TokensAlign",642.925,643.035,"un"
"TokensAlign",643.035,643.3249999999999,"grand"
"TokensAlign",643.3249999999999,643.805,"espace"
"TokensAlign",643.805,644.4749999999999,"maritime"
"TokensAlign",644.4749999999999,644.535,"il_y"
"TokensAlign",644.535,644.9449999999999,"avait"
"TokensAlign",644.9449999999999,645.435,"beaucoup"
"TokensAlign",645.435,645.5749999999999,"+"
"TokensAlign",645.5749999999999,645.615,"de"
"TokensAlign",645.615,646.155,"poissons"
"TokensAlign",646.155,646.4749999999999,"qui"
"TokensAlign",646.4749999999999,646.5749999999999,"euh"
"TokensAlign",646.5749999999999,647.055,"passaient"
"TokensAlign",647.055,647.305,"là"
"TokensAlign",647.305,647.395,"et"
"TokensAlign",647.395,647.615,"là"
"TokensAlign",647.615,648.19,"#"
"TokensAlign",648.19,648.35,"et"
"TokensAlign",648.35,648.82,"après"
"TokensAlign",648.82,648.87,"il_y"
"TokensAlign",648.87,649.12,"a"
"TokensAlign",649.12,649.5400000000001,"rien"
"TokensAlign",649.5400000000001,649.6800000000001,"du"
"TokensAlign",649.6800000000001,650.19,"tout"
"TokensAlign",650.19,650.395,"dans"
"TokensAlign",650.395,650.92,"#"
"TokensAlign",650.92,651.02,"ça"
"TokensAlign",651.02,651.2099999999999,"va"
"TokensAlign",651.2099999999999,651.65,"être"
"TokensAlign",651.65,651.835,"euh"
"TokensAlign",651.835,652.405,"#"
"TokensAlign",652.405,652.4449999999999,"un"
"TokensAlign",652.4449999999999,652.625,"peu"
"TokensAlign",652.625,652.865,"euh"
"TokensAlign",652.865,653.405,"choquant"
"TokensAlign",653.405,656.765,"#"
"TokensAlign",656.765,657.025,"ah"
"TokensAlign",657.025,657.6949999999999,"d'accord"
"TokensAlign",657.6949999999999,657.885,"c'était"
"TokensAlign",657.885,658.145,"le"
"TokensAlign",658.145,658.965,"genre"
"TokensAlign",658.965,659.56201,"#"
"TokensAlign",659.56201,660.729482,"@"
"TokensAlign",660.729482,664.595,"#"
"TokensAlign",664.595,664.9350000000001,"ah"
"TokensAlign",664.9350000000001,665.1650000000001,"ouais"
"TokensAlign",665.1650000000001,666.065,"document"
"TokensAlign",666.065,667.445,"#"
"TokensAlign",667.445,667.5150000000001,"ada"
"TokensAlign",667.5150000000001,668.6350000000001,"adapter"
"TokensAlign",668.6350000000001,669.105,"au"
"TokensAlign",669.105,669.4250000000001,"niveau"
"TokensAlign",669.4250000000001,669.505,"d'"
"TokensAlign",669.505,669.75,"âge"
"TokensAlign",669.75,670.095,"#"
"TokensAlign",670.095,670.235,"mh"
"TokensAlign",670.235,670.7,"de"
"TokensAlign",670.7,672.975,"#"
"TokensAlign",672.975,673.506563,"ok"
"TokensAlign",673.506563,680.1909,"#"
"TokensAlign",680.1909,680.896331,"@"
"TokensAlign",680.896331,725.009063,"#"
"TokensAlign",725.009063,725.489063,"ok"
"TokensAlign",725.489063,726.159063,"donc"
"TokensAlign",726.159063,726.949688,"adapteé"
"TokensAlign",726.949688,739.255,"#"
"TokensAlign",739.255,739.365,"c'est"
"TokensAlign",739.365,739.445,"un"
"TokensAlign",739.445,739.875,"slogan"
"TokensAlign",739.875,740.225,"c'est"
"TokensAlign",740.225,740.922188,"terrifiant"
"TokensAlign",740.922188,744.09,"#"
"TokensAlign",744.09,744.19,"il"
"TokensAlign",744.19,744.38,"va"
"TokensAlign",744.38,744.69,"revenir"
"TokensAlign",744.69,744.8100000000001,"à"
"TokensAlign",744.8100000000001,744.9300000000001,"la"
"TokensAlign",744.9300000000001,745.32,"maison"
"TokensAlign",745.32,745.35,"et"
"TokensAlign",745.35,745.64,"dire"
"TokensAlign",745.64,746.0300000000001,"euh"
"TokensAlign",746.0300000000001,746.33,"la"
"TokensAlign",746.33,746.98,"mère"
"TokensAlign",746.98,747.2800000000001,"est"
"TokensAlign",747.2800000000001,747.9100000000001,"morte"
"TokensAlign",747.9100000000001,748.71,"@"
"TokensAlign",748.71,748.74,"il_y"
"TokensAlign",748.74,748.7800000000001,"a"
"TokensAlign",748.7800000000001,749.23,"rien"
"TokensAlign",749.23,767.065,"#"
"TokensAlign",767.065,767.625,"oui"
"TokensAlign",767.625,770.23,"#"
"TokensAlign",770.23,770.54,"merci"
"TokensAlign",770.54,770.83,"pour"
"TokensAlign",770.83,771.25,"avoir"
"TokensAlign",771.25,771.71,"signalé"
"TokensAlign",771.71,771.78,"le"
"TokensAlign",771.78,772.07,"point"
"TokensAlign",772.07,772.24,"de"
"TokensAlign",772.24,772.27,"l'"
"TokensAlign",772.27,773.0500000000001,"adaptation"
"TokensAlign",773.0500000000001,773.41,"de"
"TokensAlign",773.41,774.2,"@"
"TokensAlign",774.2,774.48,"+"
"TokensAlign",774.48,775.63,"document"
"TokensAlign",775.63,776.035,"@"
"TokensAlign",776.035,791.86,"#"
"TokensAlign",791.86,792.38,"ouais"
"TokensAlign",792.38,792.59,"ils"
"TokensAlign",792.59,792.85,"vont"
"TokensAlign",792.85,793.035,"dire"
"TokensAlign",793.035,845.2,"#"
"TokensAlign",845.2,845.5,"oui"
"TokensAlign",845.5,845.84,"euh"
"TokensAlign",845.84,846.47,"SPEAKER_2"
"TokensAlign",846.47,846.88,"euh"
"TokensAlign",846.88,846.95,"#"
"TokensAlign",846.95,847.6800000000001,"excellent"
"TokensAlign",847.6800000000001,847.96,"point"
"TokensAlign",847.96,848.89,"#"
"TokensAlign",848.89,849.1899999999999,"et"
"TokensAlign",849.1899999999999,849.3199999999999,"euh"
"TokensAlign",849.3199999999999,849.62,"si"
"TokensAlign",849.62,849.85,"tu"
"TokensAlign",849.85,850.28,"peux"
"TokensAlign",850.28,850.48,"nous"
"TokensAlign",850.48,850.79,"dire"
"TokensAlign",850.79,851.29,"avec"
"TokensAlign",851.29,851.74,"euh"
"TokensAlign",851.74,852.56,"#"
"TokensAlign",852.56,853.1999999999999,"SPEAKER_1"
"TokensAlign",853.1999999999999,853.7099999999999,"euh"
"TokensAlign",853.7099999999999,854.31,"quelle"
"TokensAlign",854.31,854.405,"#"
"TokensAlign",854.405,854.655,"quelle"
"TokensAlign",854.655,854.725,"est"
"TokensAlign",854.725,854.875,"la"
"TokensAlign",854.875,855.405,"cinquième"
"TokensAlign",855.405,855.71,"tâche"
"TokensAlign",855.71,855.969007,"#"
"TokensAlign",855.969007,856.089007,"que"
"TokensAlign",856.089007,856.199007,"tu"
"TokensAlign",856.199007,856.759007,"proposes"
"TokensAlign",856.759007,857.125,"maintenant"
"TokensAlign",857.125,871.31,"#"
"TokensAlign",871.31,871.8299999999999,"ah"
"TokensAlign",871.8299999999999,872.2399999999999,"là"
"TokensAlign",872.2399999999999,872.7399999999999,"ça"
"TokensAlign",872.7399999999999,873.04,"sera"
"TokensAlign",873.04,873.16,"le"
"TokensAlign",873.16,873.4,"tour"
"TokensAlign",873.4,873.55,"des"
"TokensAlign",873.55,874.15,"bénévoles"
"TokensAlign",874.15,874.305,"#"
"TokensAlign",874.305,874.515,"on"
"TokensAlign",874.515,874.675,"va"
"TokensAlign",874.675,874.935,"pas"
"TokensAlign",874.935,874.9649999999999,"le"
"TokensAlign",874.9649999999999,875.21,"faire"
"TokensAlign",875.21,898.89,"#"
"TokensAlign",898.89,899.75,"sixième"
"TokensAlign",899.75,900.1999999999999,"tâche"
"TokensAlign",900.1999999999999,901.04,"donc"
"TokensAlign",901.04,901.23,"on"
"TokensAlign",901.23,901.39,"est"
"TokensAlign",901.39,901.42,"euh"
"TokensAlign",901.42,901.45,"on"
"TokensAlign",901.45,902.12,"a"
"TokensAlign",902.12,902.53,"dépassé"
"TokensAlign",902.53,902.75,"cinq"
"TokensAlign",902.75,903.07,"tâches"
"TokensAlign",903.07,903.36,"déjà"
"TokensAlign",903.36,903.57,"on"
"TokensAlign",903.57,903.66,"a"
"TokensAlign",903.66,904.08,"épuisé"
"TokensAlign",904.08,904.23,"un"
"TokensAlign",904.23,904.43,"peu"
"TokensAlign",904.43,904.52,"le"
"TokensAlign",904.52,904.925,"budget"
"TokensAlign",904.925,905.615,"#"
"TokensAlign",905.615,906.67,"donc"
"TokensAlign",906.67,908.295,"#"
"TokensAlign",908.295,908.795,"euh"
"TokensAlign",908.795,1028.68,"#"
"TokensAlign",1028.68,1029.19,"peut-être"
"TokensAlign",1029.19,1029.3100000000002,"on"
"TokensAlign",1029.3100000000002,1029.41,"on"
"TokensAlign",1029.41,1029.5800000000002,"va"
"TokensAlign",1029.5800000000002,1029.89,"donner"
"TokensAlign",1029.89,1030.11,"un"
"TokensAlign",1030.11,1030.67,"exemplaire"
"TokensAlign",1030.67,1031.03,"entre"
"TokensAlign",1031.03,1031.3100000000002,"deux"
"TokensAlign",1031.3100000000002,1031.35,"ou"
"TokensAlign",1031.35,1031.81,"bien"
"TokensAlign",1031.81,1033.105,"#"
"TokensAlign",1033.105,1033.215,"on"
"TokensAlign",1033.215,1033.535,"donne"
"TokensAlign",1033.535,1033.84,"#"
"TokensAlign",1033.84,1033.89,"l'"
"TokensAlign",1033.89,1034.54,"exemplaire"
"TokensAlign",1034.54,1034.7099999999998,"a"
"TokensAlign",1034.7099999999998,1034.9299999999998,"c'est"
"TokensAlign",1034.9299999999998,1035.13,"ou"
"TokensAlign",1035.13,1035.38,"bien"
"TokensAlign",1035.38,1035.52,"c'est"
"TokensAlign",1035.52,1035.67,"pour"
"TokensAlign",1035.67,1035.8,"#"
"TokensAlign",1035.8,1036.12,"plusieurs"
"TokensAlign",1036.12,1036.285,"#"
"TokensAlign",1036.285,1036.87409,"classes"
"TokensAlign",1036.87409,1081.354265,"#"
"TokensAlign",1081.354265,1081.91,"ok"
"TokensAlign",1081.91,1082.05,"#"
"TokensAlign",1082.05,1082.68,"euh"
"TokensAlign",1082.68,1083.615,"#"
"TokensAlign",1083.615,1083.87,"ouimh"
"TokensAlign",1083.87,1085.045,"#"
"TokensAlign",1085.045,1085.265,"donc"
"TokensAlign",1085.265,1085.525,"pour"
"TokensAlign",1085.525,1085.6850000000002,"la"
"TokensAlign",1085.6850000000002,1086.135,"septième"
"TokensAlign",1086.135,1086.375,"tâche"
"TokensAlign",1086.375,1086.405,"je"
"TokensAlign",1086.405,1086.515,"je"
"TokensAlign",1086.515,1086.645,"vais"
"TokensAlign",1086.645,1087.305,"proposer"
"TokensAlign",1087.305,1087.71,"moi"
"TokensAlign",1087.71,1088.425,"#"
"TokensAlign",1088.425,1089.08,"euh"
"TokensAlign",1089.08,1089.265,"#"
"TokensAlign",1089.265,1089.305,"mh"
"TokensAlign",1089.305,1089.795,"qu'"
"TokensAlign",1089.795,1090.045,"on"
"TokensAlign",1090.045,1090.275,"qu'"
"TokensAlign",1090.275,1090.515,"on"
"TokensAlign",1090.515,1090.9550000000002,"fait"
"TokensAlign",1090.9550000000002,1091.485,"euh"
"TokensAlign",1091.485,1092.035,"#"
"TokensAlign",1092.035,1092.415,"un"
"TokensAlign",1092.415,1092.64,"#"
"TokensAlign",1092.64,1093.3200000000002,"petite"
"TokensAlign",1093.3200000000002,1093.885,"euh"
"TokensAlign",1093.885,1094.405,"#"
"TokensAlign",1094.405,1095.125,"scène"
"TokensAlign",1095.125,1095.275,"de"
"TokensAlign",1095.275,1096.205,"théâtre"
"TokensAlign",1096.205,1096.745,"#"
"TokensAlign",1096.745,1097.0749999999998,"avec"
"TokensAlign",1097.0749999999998,1097.3249999999998,"des"
"TokensAlign",1097.3249999999998,1097.49,"euh"
"TokensAlign",1097.49,1098.2,"#"
"TokensAlign",1098.2,1098.38,"des"
"TokensAlign",1098.38,1099.26,"costumes"
"TokensAlign",1099.26,1099.35,"ou"
"TokensAlign",1099.35,1099.48,"je"
"TokensAlign",1099.48,1099.68,"sais"
"TokensAlign",1099.68,1099.965,"pas"
"TokensAlign",1099.965,1100.495,"#"
"TokensAlign",1100.495,1101.3349999999998,"oui"
"TokensAlign",1101.3349999999998,1101.8349999999998,"oui"
"TokensAlign",1101.8349999999998,1102.0449999999998,"des"
"TokensAlign",1102.0449999999998,1102.785,"poissons"
"TokensAlign",1102.785,1102.975,"comme"
"TokensAlign",1102.975,1103.425,"ça"
"TokensAlign",1103.425,1103.5749999999998,"des"
"TokensAlign",1103.5749999999998,1104.235,"dauphins"
"TokensAlign",1104.235,1105.53,"#"
"TokensAlign",1105.53,1105.75,"petit"
"TokensAlign",1105.75,1106.31,"poisson"
"TokensAlign",1106.31,1106.82,"coloré"
"TokensAlign",1106.82,1107.01,"comme"
"TokensAlign",1107.01,1107.38,"ça"
"TokensAlign",1107.38,1107.69,"+"
"TokensAlign",1107.69,1108.185,"et"
"TokensAlign",1108.185,1108.37,"#"
"TokensAlign",1108.37,1108.6699999999998,"oui"
"TokensAlign",1108.6699999999998,1109.03,"@"
"TokensAlign",1109.03,1109.605,"#"
"TokensAlign",1109.605,1110.005,"donc"
"TokensAlign",1110.005,1110.345,"on"
"TokensAlign",1110.345,1110.545,"peut"
"TokensAlign",1110.545,1110.995,"inclure"
"TokensAlign",1110.995,1111.205,"les"
"TokensAlign",1111.205,1111.865,"enfants"
"TokensAlign",1111.865,1112.365,"euh"
"TokensAlign",1112.365,1112.515,"on"
"TokensAlign",1112.515,1112.605,"va"
"TokensAlign",1112.605,1113.195,"faire"
"TokensAlign",1113.195,1113.265,"une"
"TokensAlign",1113.265,1114.015,"grande"
"TokensAlign",1114.015,1114.345,"scène"
"TokensAlign",1114.345,1114.91,"théâtrale"
"TokensAlign",1114.91,1115.26,"#"
"TokensAlign",1115.26,1115.41,"pour"
"TokensAlign",1115.41,1115.63,"ça"
"TokensAlign",1115.63,1115.75,"je"
"TokensAlign",1115.75,1116.02,"pense"
"TokensAlign",1116.02,1116.14,"ça"
"TokensAlign",1116.14,1116.23,"va"
"TokensAlign",1116.23,1116.51,"être"
"TokensAlign",1116.51,1116.67,"deux"
"TokensAlign",1116.67,1116.97,"tâches"
"TokensAlign",1116.97,1117.36,"parce_qu'"
"TokensAlign",1117.36,1117.48,"on"
"TokensAlign",1117.48,1117.7,"peut"
"TokensAlign",1117.7,1117.9,"pas"
"TokensAlign",1117.9,1118.16,"faire"
"TokensAlign",1118.16,1118.35,"ça"
"TokensAlign",1118.35,1118.5,"en"
"TokensAlign",1118.5,1119.02,"une"
"TokensAlign",1119.02,1119.26,"seule"
"TokensAlign",1119.26,1119.74,"journée"
"TokensAlign",1119.74,1120.28,"+"
"TokensAlign",1120.28,1120.48,"euh"
"TokensAlign",1120.48,1120.9,"première"
"TokensAlign",1120.9,1121.3,"fois"
"TokensAlign",1121.3,1121.69,"peut-être"
"TokensAlign",1121.69,1121.73,"ils"
"TokensAlign",1121.73,1121.87,"vont"
"TokensAlign",1121.87,1122.52,"choisir"
"TokensAlign",1122.52,1122.83,"euh"
"TokensAlign",1122.83,1122.94,"les"
"TokensAlign",1122.94,1123.02,"+"
"TokensAlign",1123.02,1123.88,"personnages"
"TokensAlign",1123.88,1124.34,"et"
"TokensAlign",1124.34,1124.51,"et"
"TokensAlign",1124.51,1124.76,"nous"
"TokensAlign",1124.76,1124.87,"on"
"TokensAlign",1124.87,1125.13,"va"
"TokensAlign",1125.13,1125.32,"les"
"TokensAlign",1125.32,1125.655,"aider"
"TokensAlign",1125.655,1126.265,"#"
"TokensAlign",1126.265,1126.615,"leur"
"TokensAlign",1126.615,1127.475,"préparer"
"TokensAlign",1127.475,1127.7050000000002,"des"
"TokensAlign",1127.7050000000002,1128.465,"petits"
"TokensAlign",1128.465,1129.075,"dialogues"
"TokensAlign",1129.075,1129.39,"genre"
"TokensAlign",1129.39,1129.485,"#"
"TokensAlign",1129.485,1129.5849999999998,"deux"
"TokensAlign",1129.5849999999998,1129.885,"trois"
"TokensAlign",1129.885,1130.45,"phrases"
"TokensAlign",1130.45,1131.4,"#"
"TokensAlign",1131.4,1131.94,"chacun"
"TokensAlign",1131.94,1132.82,"#"
"TokensAlign",1132.82,1133.11,"euh"
"TokensAlign",1133.11,1133.38,"parce_qu'"
"TokensAlign",1133.38,1133.41,"ils"
"TokensAlign",1133.41,1133.9199999999998,"sont"
"TokensAlign",1133.9199999999998,1133.96,"un"
"TokensAlign",1133.96,1134.14,"peu"
"TokensAlign",1134.14,1134.53,"nombreux"
"TokensAlign",1134.53,1134.7,"quand"
"TokensAlign",1134.7,1134.970313,"même"
"TokensAlign",1134.970313,1136.81,"#"
"TokensAlign",1136.81,1137.31,"donc"
"TokensAlign",1137.31,1137.46,"ça"
"TokensAlign",1137.46,1137.59,"va"
"TokensAlign",1137.59,1137.7,"se"
"TokensAlign",1137.7,1138.1,"diviser"
"TokensAlign",1138.1,1138.4199999999998,"sur"
"TokensAlign",1138.4199999999998,1138.6,"la"
"TokensAlign",1138.6,1138.97,"septième"
"TokensAlign",1138.97,1139.34,"huitième"
"TokensAlign",1139.34,1139.73,"tâche"
"TokensAlign",1139.73,1140.735,"#"
"TokensAlign",1140.735,1140.775,"il"
"TokensAlign",1140.775,1140.915,"nous"
"TokensAlign",1140.915,1141.495,"reste"
"TokensAlign",1141.495,1141.645,"la"
"TokensAlign",1141.645,1142.175,"neuvième"
"TokensAlign",1142.175,1142.65,"tâche"
"TokensAlign",1142.65,1150.06,"#"
"TokensAlign",1150.06,1150.49,"peut-être"
"TokensAlign",1150.49,1150.79,"là"
"TokensAlign",1150.79,1150.88,"on"
"TokensAlign",1150.88,1151.1799999999998,"va"
"TokensAlign",1151.1799999999998,1151.73,"inviter"
"TokensAlign",1151.73,1152.265,"les"
"TokensAlign",1152.265,1152.51,"#"
"TokensAlign",1152.51,1152.55,"je"
"TokensAlign",1152.55,1152.78,"me"
"TokensAlign",1152.78,1152.95,"suis"
"TokensAlign",1152.95,1153.3,"dit"
"TokensAlign",1153.3,1153.73,"peut-être"
"TokensAlign",1153.73,1153.82,"les"
"TokensAlign",1153.82,1154.51,"parents"
"TokensAlign",1154.51,1154.59,"à"
"TokensAlign",1154.59,1154.76,"ce"
"TokensAlign",1154.76,1155.08,"point"
"TokensAlign",1155.08,1155.22,"-là"
"TokensAlign",1155.22,1155.58,"après"
"TokensAlign",1155.58,1156.04,"plusieurs"
"TokensAlign",1156.04,1156.29,"tâches"
"TokensAlign",1156.29,1157.785,"#"
"TokensAlign",1157.785,1158.19,"oui"
"TokensAlign",1158.19,1158.52,"#"
"TokensAlign",1158.52,1159.1,"non"
"TokensAlign",1159.1,1159.49,"maintenant"
"TokensAlign",1159.49,1159.62,"on"
"TokensAlign",1159.62,1159.91,"va"
"TokensAlign",1159.91,1160.0,"s'"
"TokensAlign",1160.0,1160.805,"adresser"
"TokensAlign",1160.805,1160.87,"#"
"TokensAlign",1160.87,1161.69,"au"
"TokensAlign",1161.69,1162.065,"#"
"TokensAlign",1162.065,1162.185,"aux"
"TokensAlign",1162.185,1162.970488,"adultes"
"TokensAlign",1162.970488,1163.64,"#"
"TokensAlign",1163.64,1163.68,"mh"
"TokensAlign",1163.68,1164.12,"mh"
"PronTokAlign",0.0,0.39,"b-O~-Z-u-R"
"PronTokAlign",0.39,0.43,"l=0.393"
"PronTokAlign",0.43,1.094514,"m-O~-d-@=0.506"
"PronTokAlign",1.094514,2.46,"#=0.0"
"PronTokAlign",2.46,2.88,"fp"
"PronTokAlign",2.88,3.21,"m-e=0.763"
"PronTokAlign",3.21,3.73,"k-O/"
"PronTokAlign",3.73,5.79,"O/-R-g-A/-n-i-z-A/-t-R-i-s=0.718"
"PronTokAlign",5.79,5.92,"e=0.783"
"PronTokAlign",5.92,6.64,"d-i-R-E-k-t-R-i-s=0.878"
"PronTokAlign",6.64,6.975,"d-@"
"PronTokAlign",6.975,7.385,"#=0.0"
"PronTokAlign",7.385,7.555,"l"
"PronTokAlign",7.555,8.705,"A/-s-O/-s-A/-s-j-O~"
"PronTokAlign",8.705,9.335,"p-R-O/-t-E-k-s-j-O~"
"PronTokAlign",9.335,9.415,"d=0.56"
"PronTokAlign",9.415,9.445,"l"
"PronTokAlign",9.445,10.05,"a~-v-i-R-O/-n-m-a~=0.514"
"PronTokAlign",10.05,10.755,"#=0.0"
"PronTokAlign",10.755,11.115,"l-O/-R=0.404"
"PronTokAlign",11.115,11.735,"fp"
"PronTokAlign",11.735,11.96,"#=0.0"
"PronTokAlign",11.96,12.53,"p-a~-d-a~=0.778"
"PronTokAlign",12.53,12.81,"l-E=0.56"
"PronTokAlign",12.81,13.23,"R-E-y-n-j-O~=0.714"
"PronTokAlign",13.23,13.7,"p-A/-s-e=0.83"
"PronTokAlign",13.7,13.86,"n-u-z=0.938"
"PronTokAlign",13.86,14.14,"A/-v-O~=0.713"
"PronTokAlign",14.14,14.85,"S-w-A/-z-i"
"PronTokAlign",14.85,15.47,"#=0.0"
"PronTokAlign",15.47,15.67,"U~/-n=0.931"
"PronTokAlign",15.67,16.19,"t-E-m-@=0.942"
"PronTokAlign",16.19,16.8,"p-R-e-s-i=0.633"
"PronTokAlign",16.8,17.150000000000002,"k-i=0.734"
"PronTokAlign",17.150000000000002,17.36,"e=0.586"
"PronTokAlign",17.36,17.47,"l-A/"
"PronTokAlign",17.47,18.19,"p-R-O/-t-E-k-s-j-O~"
"PronTokAlign",18.19,18.32,"d-@=0.702"
"PronTokAlign",18.32,18.47,"l-A/"
"PronTokAlign",18.47,18.79,"f-O/-n=0.877"
"PronTokAlign",18.79,19.33548,"A/-k-w-A/-t-i-k=0.912"
"PronTokAlign",19.33548,19.795,"#=0.0"
"PronTokAlign",19.795,19.955,"A/"
"PronTokAlign",19.955,20.505000000000003,"m-A/-R-s-E-j=0.76"
"PronTokAlign",20.505000000000003,20.735000000000003,"e=0.968"
"PronTokAlign",20.735000000000003,21.075000000000003,"s-e-z=0.49"
"PronTokAlign",21.075000000000003,21.66,"A/-l-a~-t-u-R=0.94"
"PronTokAlign",21.66,22.935,"#=0.0"
"PronTokAlign",22.935,23.235,"fp"
"PronTokAlign",23.235,23.890661,"d-O~-k"
"PronTokAlign",23.890661,24.1,"#=0.0"
"PronTokAlign",24.1,24.32,"fp"
"PronTokAlign",24.32,24.520000000000003,"n-u-z=0.976"
"PronTokAlign",24.520000000000003,24.880000000000003,"A/-v-O~=0.766"
"PronTokAlign",24.880000000000003,25.65,"d-e-s-i-d-e=0.698"
"PronTokAlign",25.65,26.295,"fp"
"PronTokAlign",26.295,27.355,"#=0.0"
"PronTokAlign",27.355,27.865,"d-@"
"PronTokAlign",27.865,28.685,"#=0.0"
"PronTokAlign",28.685,29.345,"k-O/-m-a~-s-e=0.653"
"PronTokAlign",29.345,29.535,"l-e=0.721"
"PronTokAlign",29.535,29.735,"m-w-A/=0.859"
"PronTokAlign",29.735,29.805,"t=0.62"
"PronTokAlign",29.805,30.400312,"n-O/-v-a~-b-R=0.938"
"PronTokAlign",30.400312,31.765,"#=0.0"
"PronTokAlign",31.765,32.005,"fp"
"PronTokAlign",32.005,32.185,"l-A/"
"PronTokAlign",32.185,32.515,"d-A/-t=0.844"
"PronTokAlign",32.515,33.035000000000004,"p-R-e-s-i-z=0.715"
"PronTokAlign",33.035000000000004,33.285000000000004,"k-@=0.755"
"PronTokAlign",33.285000000000004,33.515,"n-u-z=0.971"
"PronTokAlign",33.515,33.835,"A/-v-O~=0.87"
"PronTokAlign",33.835,34.665,"S-w-A/-z-i"
"PronTokAlign",34.665,35.155,"e=0.479"
"PronTokAlign",35.155,35.64,"#=0.0"
"PronTokAlign",35.64,36.64,"fp"
"PronTokAlign",36.64,36.677813,"l=0.632"
"PronTokAlign",36.677813,39.585,"#=0.0"
"PronTokAlign",39.585,40.255,"d-O~-k"
"PronTokAlign",40.255,40.705,"O/-Z-u-R-d-y-i"
"PronTokAlign",40.705,40.945,"O~-n=0.973"
"PronTokAlign",40.945,41.245,"v-A/"
"PronTokAlign",41.245,42.015,"S-w-A/-z-i-R"
"PronTokAlign",42.015,42.145,"l-A/"
"PronTokAlign",42.145,42.465,"d-A/-t=0.877"
"PronTokAlign",42.465,43.14,"p-R-e-s-i-z=0.707"
"PronTokAlign",43.14,43.955,"#=0.0"
"PronTokAlign",43.955,44.135,"l-e=0.448"
"PronTokAlign",44.135,44.465,"d-A/-t=0.892"
"PronTokAlign",44.465,44.565,"#=0.0"
"PronTokAlign",44.565,45.245,"p-u-R"
"PronTokAlign",45.245,45.715,"p-l-y-z-j-9-R=0.791"
"PronTokAlign",45.715,46.245,"t-A/-S=0.805"
"PronTokAlign",46.245,47.075,"#=0.0"
"PronTokAlign",47.075,47.515,"p-A/-s-k-@=0.643"
"PronTokAlign",47.515,47.855,"n-u-z=0.999"
"PronTokAlign",47.855,48.45,"A/-v-O~=0.625"
"PronTokAlign",48.45,48.535,"#=0.0"
"PronTokAlign",48.535,48.825,"d-i=0.546"
"PronTokAlign",48.825,49.425,"t-A/-S-z=0.39"
"PronTokAlign",49.425,49.725,"A/"
"PronTokAlign",49.725,50.75,"#=0.0"
"PronTokAlign",50.75,50.86,"A/"
"PronTokAlign",50.86,51.25,"b-j-U~/-n=0.6"
"PronTokAlign",51.25,51.86,"d-e-f-i-n-i-R=0.686"
"PronTokAlign",51.86,52.345,"#=0.0"
"PronTokAlign",52.345,52.745,"fp"
"PronTokAlign",52.745,53.23566,"d-O~-k"
"PronTokAlign",53.23566,53.67,"#=0.0"
"PronTokAlign",53.67,53.77,"k-i=0.565"
"PronTokAlign",53.77,53.93,"v-@=0.606"
"PronTokAlign",53.93,54.71,"k-O/-m-a~-s-e=0.728"
"PronTokAlign",54.71,57.695,"#=0.0"
"PronTokAlign",57.695,58.21,"Z-i-n-g"
"PronTokAlign",58.21,59.016315,"#=0.0"
"PronTokAlign",59.016315,61.479499,"laugh=0.0"
"PronTokAlign",61.479499,62.91,"#=0.0"
"PronTokAlign",62.91,63.06,"A/"
"PronTokAlign",63.06,63.12,"A/"
"PronTokAlign",63.12,63.63999999999999,"A/-l-O/-R=0.444"
"PronTokAlign",63.63999999999999,63.87,"fp"
"PronTokAlign",63.87,63.94,"Z=0.663"
"PronTokAlign",63.94,64.08,"t=0.751"
"PronTokAlign",64.08,64.42999999999999,"l-E-s-@=0.63"
"PronTokAlign",64.42999999999999,64.995,"R-e-f-l-e-S-i-R=0.719"
"PronTokAlign",64.995,65.595,"#=0.0"
"PronTokAlign",65.595,66.045,"d-O~-k=0.996"
"PronTokAlign",66.045,66.625,"anon"
"PronTokAlign",66.625,72.31,"#=0.0"
"PronTokAlign",72.31,72.60000000000001,"w-E"
"PronTokAlign",72.60000000000001,72.79,"O~-n=0.571"
"PronTokAlign",72.79,72.84,"A/"
"PronTokAlign",72.84,72.95,"l"
"PronTokAlign",72.95,73.51,"A/-k-O/-R"
"PronTokAlign",73.51,73.57000000000001,"d=0.837"
"PronTokAlign",73.57000000000001,73.72,"y-n=0.807"
"PronTokAlign",73.72,74.71000000000001,"e-k-O/-l-@=0.787"
"PronTokAlign",74.71000000000001,75.11,"A/"
"PronTokAlign",75.11,75.29,"#=0.0"
"PronTokAlign",75.29,75.35000000000001,"A/"
"PronTokAlign",75.35000000000001,75.66000000000001,"m-E-R"
"PronTokAlign",75.66000000000001,75.69000000000001,"A/"
"PronTokAlign",75.69000000000001,76.12,"m-A/-R-s-E-j=0.759"
"PronTokAlign",76.12,76.77,"s-a~-t-R-@-v-i-l=0.473"
"PronTokAlign",76.77,77.155,"#=0.0"
"PronTokAlign",77.155,77.19500000000001,"O/"
"PronTokAlign",77.19500000000001,77.375,"v-j-@=0.89"
"PronTokAlign",77.375,77.68,"p-O/-R"
"PronTokAlign",77.68,80.675,"#=0.0"
"PronTokAlign",80.675,80.715,"Z=0.471"
"PronTokAlign",80.715,80.91499999999999,"s-e=0.392"
"PronTokAlign",80.91499999999999,81.105,"p-A/=0.83"
"PronTokAlign",81.105,81.41499999999999,"l-y-k-A/=0.739"
"PronTokAlign",81.41499999999999,81.565,"s-e"
"PronTokAlign",81.565,81.725,"s-A/=0.738"
"PronTokAlign",81.725,81.845,"t=0.933"
"PronTokAlign",81.845,82.345,"k-O/-m-a~-s-e=0.762"
"PronTokAlign",82.345,92.53858,"#=0.0"
"PronTokAlign",92.53858,92.992898,"laugh=0.0"
"PronTokAlign",92.992898,161.78,"#=0.0"
"PronTokAlign",161.78,162.06,"d-O~-k=0.815"
"PronTokAlign",162.06,162.41,"s-e"
"PronTokAlign",162.41,163.385,"#=0.0"
"PronTokAlign",163.385,163.905,"d-O~-k=0.747"
"PronTokAlign",163.905,164.245,"s-e"
"PronTokAlign",164.245,165.105,"fp"
"PronTokAlign",165.105,165.58,"#=0.0"
"PronTokAlign",165.58,165.77,"k-E-l=0.538"
"PronTokAlign",165.77,166.16000000000005,"d-A/-t=0.76"
"PronTokAlign",166.16000000000005,166.26000000000002,"l-A/"
"PronTokAlign",166.26000000000002,166.69000000000003,"p-R-2-m-j-E-R=0.906"
"PronTokAlign",166.69000000000003,167.06,"t-A/-S=0.953"
"PronTokAlign",167.06,167.495,"#=0.0"
"PronTokAlign",167.495,167.655,"fp"
"PronTokAlign",167.655,167.845,"l-A/"
"PronTokAlign",167.845,168.525,"R-E-s-p-O~-s-A/-b-l-@=0.465"
"PronTokAlign",168.525,168.785,"d-O~-k=0.811"
"PronTokAlign",168.785,168.935,"s-e"
"PronTokAlign",168.935,169.01,"#=0.0"
"PronTokAlign",169.01,169.465,"anon"
"PronTokAlign",169.465,169.56,"#=0.0"
"PronTokAlign",169.56,169.85,"d-O~-k"
"PronTokAlign",169.85,169.96,"E-l=0.479"
"PronTokAlign",169.96,170.07,"A/"
"PronTokAlign",170.07,170.64,"b-j-U~/=0.627"
"PronTokAlign",170.64,170.8,"y-n=0.744"
"PronTokAlign",170.8,171.1,"i-d-e"
"PronTokAlign",171.1,171.21,"E=0.583"
"PronTokAlign",171.21,171.465,"A/"
"PronTokAlign",171.465,171.635,"#=0.0"
"PronTokAlign",171.635,172.315,"p-R-E-p-A/-R-e=0.598"
"PronTokAlign",172.315,172.765,"#=0.0"
"PronTokAlign",172.765,172.99499999999998,"l-e=0.492"
"PronTokAlign",172.99499999999998,173.475,"l-i-v-R=0.494"
"PronTokAlign",173.475,174.0,"fp"
"PronTokAlign",174.0,174.725,"#=0.0"
"PronTokAlign",174.725,175.015,"E=0.975"
"PronTokAlign",175.015,175.235,"l-E-z=0.317"
"PronTokAlign",175.235,176.185,"E-g-z-E-R-s-i-s=0.774"
"PronTokAlign",176.185,176.72,"l-i-e=0.728"
"PronTokAlign",176.72,177.8,"#=0.0"
"PronTokAlign",177.8,178.46,"fp"
"PronTokAlign",178.46,178.63000000000002,"A/"
"PronTokAlign",178.63000000000002,178.77,"l-A/"
"PronTokAlign",178.77,179.20000000000002,"f-O/-n=0.617"
"PronTokAlign",179.20000000000002,179.36,"s-@=0.538"
"PronTokAlign",179.36,179.52,"k-i=0.621"
"PronTokAlign",179.52,179.67000000000002,"v-A/"
"PronTokAlign",179.67000000000002,180.35,"A/-t-i-R-e=0.845"
"PronTokAlign",180.35,180.81,"l-e-z=0.858"
"PronTokAlign",180.81,181.26,"a~-f-a~=0.6"
"PronTokAlign",181.26,181.34,"Z=0.754"
"PronTokAlign",181.34,181.7,"A/-d-m-E=0.806"
"PronTokAlign",181.7,182.89,"#=0.0"
"PronTokAlign",182.89,183.17,"d-O~-k=0.924"
"PronTokAlign",183.17,183.31,"l-A/"
"PronTokAlign",183.31,183.6,"d-A/-t=0.946"
"PronTokAlign",183.6,184.245,"s-@-R-A/=0.884"
"PronTokAlign",184.245,219.155,"#=0.0"
"PronTokAlign",219.155,219.66,"l-@=0.987"
"PronTokAlign",219.66,300.225,"#=0.0"
"PronTokAlign",300.225,300.845,"A/-l-O/-R=0.385"
"PronTokAlign",300.845,301.595,"fp"
"PronTokAlign",301.595,301.72,"#=0.0"
"PronTokAlign",301.72,301.89000000000004,"fp"
"PronTokAlign",301.89000000000004,302.29,"g-R-A/-s-A/=0.853"
"PronTokAlign",302.29,303.19000000000005,"anon"
"PronTokAlign",303.19000000000005,303.57000000000005,"n-u=0.667"
"PronTokAlign",303.57000000000005,304.535,"s-A/-v-O~-z=0.792"
"PronTokAlign",304.535,304.855,"#=0.0"
"PronTokAlign",304.855,304.95500000000004,"O~=0.521"
"PronTokAlign",304.95500000000004,305.105,"v-A/"
"PronTokAlign",305.105,305.305,"f-E-R=0.802"
"PronTokAlign",305.305,305.445,"l-A/"
"PronTokAlign",305.445,305.83500000000004,"p-R-2-m-j-E-R=0.861"
"PronTokAlign",305.83500000000004,306.185,"t-A/-S=0.977"
"PronTokAlign",306.185,306.655,"#=0.0"
"PronTokAlign",306.655,306.765,"i-l=0.541"
"PronTokAlign",306.765,306.985,"R-E-s-t=0.89"
"PronTokAlign",306.985,307.30499999999995,"a~-k-O/-R=0.718"
"PronTokAlign",307.30499999999995,307.775,"n-9-f=0.988"
"PronTokAlign",307.775,308.330903,"d-O~-k"
"PronTokAlign",308.330903,308.885,"#=0.0"
"PronTokAlign",308.885,308.965,"t=0.577"
"PronTokAlign",308.965,309.085,"A/=0.705"
"PronTokAlign",309.085,309.305,"y-n=0.719"
"PronTokAlign",309.305,309.695,"i-d-e"
"PronTokAlign",309.695,310.135,"s-y-R"
"PronTokAlign",310.135,310.395,"l-A/"
"PronTokAlign",310.395,310.9,"d-2-z-j-E-m-2=0.621"
"PronTokAlign",310.9,314.98,"#=0.0"
"PronTokAlign",314.98,315.62,"O/-k-e=0.865"
"PronTokAlign",315.62,323.7,"#=0.0"
"PronTokAlign",323.7,324.0,"Z-@=0.976"
"PronTokAlign",324.0,324.2,"p-@=0.722"
"PronTokAlign",324.2,325.23,"f-E-R=0.662"
"PronTokAlign",325.23,325.65,"m-w-A/"
"PronTokAlign",325.65,326.44,"anon"
"PronTokAlign",326.44,326.475,"l=0.616"
"PronTokAlign",326.475,326.86,"#=0.0"
"PronTokAlign",326.86,326.91,"l"
"PronTokAlign",326.91,327.785,"U~/-t-R-O/-d-y-k-s-j-O~"
"PronTokAlign",327.785,328.79,"#=0.0"
"PronTokAlign",328.79,329.59,"d-O~-k"
"PronTokAlign",329.59,330.15,"#=0.0"
"PronTokAlign",330.15,330.6,"y-n-@=0.827"
"PronTokAlign",330.6,332.905,"U~/-t-R-O/-d-y-k-s-j-O~"
"PronTokAlign",332.905,333.665,"#=0.0"
"PronTokAlign",333.665,333.83500000000004,"d-E-z=0.529"
"PronTokAlign",333.83500000000004,334.994063,"A/-k-t-i-v-i-t-e-z=0.924"
"PronTokAlign",334.994063,336.955,"#=0.0"
"PronTokAlign",336.955,337.335,"d-@=0.966"
"PronTokAlign",337.335,337.965,"n-O/-t-R=0.843"
"PronTokAlign",337.965,338.845,"#=0.0"
"PronTokAlign",338.845,339.89,"A/-s-O/-s-A/-s-j-O~"
"PronTokAlign",339.89,340.63,"#=0.0"
"PronTokAlign",340.63,340.89,"d-O~=0.521"
"PronTokAlign",340.89,341.07,"s-A/=0.836"
"PronTokAlign",341.07,341.23,"v-A/"
"PronTokAlign",341.23,342.02,"E-t-R-@"
"PronTokAlign",342.02,342.315,"#=0.0"
"PronTokAlign",342.315,342.575,"p-l-y-t-O/=0.944"
"PronTokAlign",342.575,342.635,"y-n=0.885"
"PronTokAlign",342.635,342.835,"p-R-e"
"PronTokAlign",342.835,343.075,"#"
"PronTokAlign",343.075,343.865,"p-R-E-z-a~-t-A/-s-j-O~=0.666"
"PronTokAlign",343.865,345.02,"#=0.0"
"PronTokAlign",345.02,345.33,"e=0.655"
"PronTokAlign",345.33,345.36,"O~=0.671"
"PronTokAlign",345.36,346.25,"v-A/"
"PronTokAlign",346.25,347.045,"l-9-R"
"PronTokAlign",347.045,348.18,"#=0.0"
"PronTokAlign",348.18,348.705,"n-u-z=0.84"
"PronTokAlign",348.705,348.925,"#=0.0"
"PronTokAlign",348.925,349.125,"n-u=0.809"
"PronTokAlign",349.125,350.035,"p-R-E-z-a~-t-e-R=0.486"
"PronTokAlign",350.035,350.23,"E=0.531"
"PronTokAlign",350.23,350.395,"#=0.0"
"PronTokAlign",350.395,350.765,"p-R-E-z-a~-t-e=0.54"
"PronTokAlign",350.765,350.845,"s=0.909"
"PronTokAlign",350.845,350.915,"k"
"PronTokAlign",350.915,351.055,"O~=0.521"
"PronTokAlign",351.055,351.185,"v-A/"
"PronTokAlign",351.185,351.45,"f-E-R=0.801"
"PronTokAlign",351.45,352.87,"#=0.0"
"PronTokAlign",352.87,353.12,"p-i=0.417"
"PronTokAlign",353.12,353.34000000000003,"l-A/"
"PronTokAlign",353.34000000000003,353.81,"d-2-z-j-E-m=0.809"
"PronTokAlign",353.81,354.11,"t-A/-S-@=0.516"
"PronTokAlign",354.11,354.19,"y-n=0.815"
"PronTokAlign",354.19,354.48,"p-R-i-z=0.764"
"PronTokAlign",354.48,354.62,"d-@=0.714"
"PronTokAlign",354.62,355.315,"k-O~-t-A/-k-t-@=0.646"
"PronTokAlign",355.315,355.71,"#=0.0"
"PronTokAlign",355.71,355.86,"y-n=0.664"
"PronTokAlign",355.86,356.16,"p-R-i-z=0.76"
"PronTokAlign",356.16,356.27,"d-@=0.472"
"PronTokAlign",356.27,356.77,"k-O~-t-A/-k-t=0.899"
"PronTokAlign",356.77,357.08,"A/-v-E-k"
"PronTokAlign",357.08,357.23,"l-e-z=0.449"
"PronTokAlign",357.23,357.4,"E-l-E-v=0.296"
"PronTokAlign",357.4,359.59,"#=0.0"
"PronTokAlign",359.59,360.14,"s-A/-v-w-A/-R"
"PronTokAlign",360.14,360.41,"l-9-R"
"PronTokAlign",360.41,360.78,"p-O/-z-i-s-j-O~"
"PronTokAlign",360.78,361.68,"s-A/-v-w-A/-R=0.996"
"PronTokAlign",361.68,361.85,"u"
"PronTokAlign",361.85,361.97,"i=0.526"
"PronTokAlign",361.97,362.28,"s-@=0.999"
"PronTokAlign",362.28,363.04,"p-O/-z-i-s-j-O/-n=0.954"
"PronTokAlign",363.04,363.73,"a~-v-E-R=0.902"
"PronTokAlign",363.73,363.87,"t-u=0.792"
"PronTokAlign",363.87,364.15,"s-A/=0.994"
"PronTokAlign",364.15,364.29,"E-s=0.572"
"PronTokAlign",364.29,364.57,"k-@=0.799"
"PronTokAlign",364.57,365.08,"E-s-k=0.664"
"PronTokAlign",365.08,365.11,"i=0.606"
"PronTokAlign",365.11,365.38,"s-O~=0.66"
"PronTokAlign",365.38,365.93,"p-u-R"
"PronTokAlign",365.93,366.35,"e-s-@=0.951"
"PronTokAlign",366.35,366.49,"k=0.925"
"PronTokAlign",366.49,366.97,"E-s-@-k=0.42"
"PronTokAlign",366.97,367.1,"i-z=0.404"
"PronTokAlign",367.1,367.25,"O~=0.932"
"PronTokAlign",367.25,367.47,"d-e-z=0.645"
"PronTokAlign",367.47,367.845,"i-d-e=0.857"
"PronTokAlign",367.845,368.955,"#=0.0"
"PronTokAlign",368.955,369.295,"fp"
"PronTokAlign",369.295,369.515,"d-@=0.695"
"PronTokAlign",369.515,369.798973,"s-A/=0.847"
"PronTokAlign",369.798973,370.38,"#=0.0"
"PronTokAlign",370.38,370.69,"w-E"
"PronTokAlign",370.69,377.480197,"#=0.0"
"PronTokAlign",377.480197,377.920186,"m=0.0"
"PronTokAlign",377.920186,384.315,"#=0.0"
"PronTokAlign",384.315,384.57,"m=0.0"
"PronTokAlign",384.57,403.22,"#=0.0"
"PronTokAlign",403.22,403.37,"d-O~=0.535"
"PronTokAlign",403.37,403.64,"s-A/=0.964"
"PronTokAlign",403.64,403.79,"s-A/=0.795"
"PronTokAlign",403.79,404.03,"s-R-A/=0.802"
"PronTokAlign",404.03,404.13000000000005,"l-A/"
"PronTokAlign",404.13000000000005,404.5700000000001,"p-R-2-m-j-E-R=0.739"
"PronTokAlign",404.5700000000001,404.83,"t-A/-S=0.941"
"PronTokAlign",404.83,405.1,"#=0.0"
"PronTokAlign",405.1,405.2600000000001,"l-A/"
"PronTokAlign",405.2600000000001,405.68,"d-2-z-j-E-m=0.672"
"PronTokAlign",405.68,405.93,"t-A/-S=0.911"
"PronTokAlign",405.93,406.22,"s-e"
"PronTokAlign",406.22,406.62,"d-O~=0.59"
"PronTokAlign",406.62,406.98,"anon"
"PronTokAlign",406.98,407.05,"A/"
"PronTokAlign",407.05,407.4500000000001,"p-A/-R-l-e"
"PronTokAlign",407.4500000000001,407.725,"d-O~-k=0.997"
"PronTokAlign",407.725,408.315,"#=0.0"
"PronTokAlign",408.315,408.715,"d-A/-k-O/-R"
"PronTokAlign",408.715,408.775,"d=0.488"
"PronTokAlign",408.775,408.885,"l-A/"
"PronTokAlign",408.885,409.335,"t-R-w-A/-z-j-E-m=0.747"
"PronTokAlign",409.335,409.59,"t-A/-S=0.993"
"PronTokAlign",409.59,410.77,"#=0.0"
"PronTokAlign",410.77,411.13,"A/-p-R-E=0.714"
"PronTokAlign",411.13,411.29,"l-e=0.397"
"PronTokAlign",411.29,411.74,"l-i-v-R=0.46"
"PronTokAlign",411.74,411.96,"d-O~=0.732"
"PronTokAlign",411.96,412.22,"t=0.744"
"PronTokAlign",412.22,412.66,"S-w-A/-z-i=0.798"
"PronTokAlign",412.66,412.915,"k-w-A/"
"PronTokAlign",412.915,491.75,"#=0.0"
"PronTokAlign",491.75,492.265,"O/-k-e=0.767"
"PronTokAlign",492.265,492.82,"#=0.0"
"PronTokAlign",492.82,493.35,"fp"
"PronTokAlign",493.35,493.82,"Z-i-n-g"
"PronTokAlign",493.82,494.53,"k-A/-t-R-i-E-m=0.445"
"PronTokAlign",494.53,494.81,"t-A/-S=0.99"
"PronTokAlign",494.81,495.4,"#=0.0"
"PronTokAlign",495.4,495.61,"fp"
"PronTokAlign",495.61,495.74,"t=0.729"
"PronTokAlign",495.74,496.09,"p-a~-s=0.653"
"PronTokAlign",496.09,496.64,"fp"
"PronTokAlign",496.64,496.79,"k"
"PronTokAlign",496.79,497.04,"E-s-k=0.7"
"PronTokAlign",497.04,497.37,"O~-n=0.665"
"PronTokAlign",497.37,497.51,"p-@=0.752"
"PronTokAlign",497.51,498.255,"fp"
"PronTokAlign",498.255,498.77,"#=0.0"
"PronTokAlign",498.77,499.28,"O/-f-R-i-R"
"PronTokAlign",499.28,499.49,"O/-z=0.986"
"PronTokAlign",499.49,499.87,"a~-f-a~=0.866"
"PronTokAlign",499.87,499.9,"u"
"PronTokAlign",499.9,500.38,"b-j-U~/=0.606"
"PronTokAlign",500.38,500.595,"#=0.0"
"PronTokAlign",500.595,500.645,"k"
"PronTokAlign",500.645,500.855,"E-s-k=0.622"
"PronTokAlign",500.855,501.00500000000005,"O~=0.577"
"PronTokAlign",501.00500000000005,501.3250000000001,"p-2-t=0.513"
"PronTokAlign",501.3250000000001,501.515,"l-9-R"
"PronTokAlign",501.515,502.315,"d-@-m-a~-d-e=0.695"
"PronTokAlign",502.315,503.16,"#=0.0"
"PronTokAlign",503.16,503.38000000000005,"fp"
"PronTokAlign",503.38000000000005,503.97,"p-u-R"
"PronTokAlign",503.97,504.11,"l-e=0.599"
"PronTokAlign",504.11,504.99,"s-a~-s-i-b-i-l-i-z-e=0.663"
"PronTokAlign",504.99,505.15,"A/"
"PronTokAlign",505.15,505.47,"l-A/"
"PronTokAlign",505.47,505.5,"#"
"PronTokAlign",505.5,506.3200000000001,"p-R-O/-t-E-k-s-j-O~"
"PronTokAlign",506.3200000000001,506.44,"d-@=0.573"
"PronTokAlign",506.44,506.58,"l-A/"
"PronTokAlign",506.58,506.87,"f-O/-n=0.845"
"PronTokAlign",506.87,507.748029,"A/-k-w-A/-t-i-k=0.879"
"PronTokAlign",507.748029,509.185,"#=0.0"
"PronTokAlign",509.185,509.995,"A/-k-w-A/-t-i-g-R-@=0.587"
"PronTokAlign",509.995,513.33,"#=0.0"
"PronTokAlign",513.33,513.5400000000001,"d-e-z=0.586"
"PronTokAlign",513.5400000000001,514.1500000000001,"A/-k-t-i-v-i-t-e=0.854"
"PronTokAlign",514.1500000000001,514.63,"p-2-t-E-t-R=0.703"
"PronTokAlign",514.63,514.8100000000001,"k-@=0.805"
"PronTokAlign",514.8100000000001,514.99,"t-y=0.623"
"PronTokAlign",514.99,515.25,"p-@=0.562"
"PronTokAlign",515.25,515.44,"l-9-R"
"PronTokAlign",515.44,516.01,"p-R-O/-p-O/-z-e=0.832"
"PronTokAlign",516.01,516.13,"d-@=0.806"
"PronTokAlign",516.13,516.6600000000001,"f-E-R-@=0.905"
"PronTokAlign",516.6600000000001,517.25,"k-E-l-k-@-S-O/-z=0.472"
"PronTokAlign",517.25,522.39,"#=0.0"
"PronTokAlign",522.39,522.96,"k-A/-t-R-i-E-m=0.447"
"PronTokAlign",522.96,523.31,"t-A/-S=0.765"
"PronTokAlign",523.31,523.4399999999999,"O~-n=0.569"
"PronTokAlign",523.4399999999999,523.64,"E-t=0.288"
"PronTokAlign",523.64,524.03,"k-A/-t-R-i-E-m-@=0.587"
"PronTokAlign",524.03,525.635,"#=0.0"
"PronTokAlign",525.635,526.305,"k-O~-p-R-E-a~-s-j-O~=0.719"
"PronTokAlign",526.305,526.435,"d-e=0.547"
"PronTokAlign",526.435,526.999705,"t-E-k-s-t=0.515"
"PronTokAlign",526.999705,529.425,"#=0.0"
"PronTokAlign",529.425,529.665,"@-m"
"PronTokAlign",529.665,529.832813,"@-m"
"PronTokAlign",529.832813,532.325,"#=0.0"
"PronTokAlign",532.325,532.585,"n-O/=0.314"
"PronTokAlign",532.585,532.895,"n-O/=0.879"
"PronTokAlign",532.895,572.899734,"#=0.0"
"PronTokAlign",572.899734,572.9597339999999,"E=0.581"
"PronTokAlign",572.9597339999999,573.88971,"d-y=0.978"
"PronTokAlign",573.88971,584.54,"#=0.0"
"PronTokAlign",584.54,584.91,"O~=0.535"
"PronTokAlign",584.91,585.3199999999999,"f-E-t=0.593"
"PronTokAlign",585.3199999999999,585.54,"O~-n=0.661"
"PronTokAlign",585.54,586.01,"d-O~-k=0.999"
"PronTokAlign",586.01,586.14,"O~-n=0.721"
"PronTokAlign",586.14,586.3199999999999,"v-A/"
"PronTokAlign",586.3199999999999,586.51,"l-e-z=0.863"
"PronTokAlign",586.51,586.67,"e-d-e=0.515"
"PronTokAlign",586.67,586.77,"A/"
"PronTokAlign",586.77,587.3299999999999,"k-O~-p-R-a~-d=0.742"
"PronTokAlign",587.3299999999999,587.52,"a~"
"PronTokAlign",587.52,588.01,"f-2-z-a~=0.646"
"PronTokAlign",588.01,588.321563,"k-w-A/"
"PronTokAlign",588.321563,594.86,"#=0.0"
"PronTokAlign",594.86,595.41,"y-t-i-l-@=0.796"
"PronTokAlign",595.41,610.265,"#=0.0"
"PronTokAlign",610.265,610.435,"d-E-z=0.635"
"PronTokAlign",610.435,611.215,"A/-k-t-i-v-i-t-e=0.536"
"PronTokAlign",611.215,611.48,"u-i=0.705"
"PronTokAlign",611.48,611.985,"#=0.0"
"PronTokAlign",611.985,612.71,"fp=0.0"
"PronTokAlign",612.71,613.025,"#=0.0"
"PronTokAlign",613.025,613.365,"k-O/-m-@=0.905"
"PronTokAlign",613.365,618.3,"#=0.0"
"PronTokAlign",618.3,618.6999999999999,"laugh"
"PronTokAlign",618.6999999999999,619.175,"u-i=0.983"
"PronTokAlign",619.175,619.605,"#=0.0"
"PronTokAlign",619.605,620.485,"laugh=0.0"
"PronTokAlign",620.485,620.625,"#=0.0"
"PronTokAlign",620.625,620.79,"A/=0.0"
"PronTokAlign",620.79,621.795,"#=0.0"
"PronTokAlign",621.795,622.1049999999999,"A/-p-R-E=0.607"
"PronTokAlign",622.1049999999999,622.3249999999999,"d-E-z=0.597"
"PronTokAlign",622.3249999999999,623.345,"A/-k-t-i-v-i-t-e=0.944"
"PronTokAlign",623.345,623.605,"#=0.0"
"PronTokAlign",623.605,623.905,"fp"
"PronTokAlign",623.905,624.205,"p-u-R"
"PronTokAlign",624.205,625.095,"s-a~-s-i-b-i-l-i-z-e=0.909"
"PronTokAlign",625.095,625.445,"s-y-R"
"PronTokAlign",625.445,625.84,"#=0.0"
"PronTokAlign",625.84,626.1,"l-A/"
"PronTokAlign",626.1,626.4,"f-O/-n=0.597"
"PronTokAlign",626.4,627.274138,"A/-k-w-A/-t-i-k=0.597"
"PronTokAlign",627.274138,628.455,"#=0.0"
"PronTokAlign",628.455,628.985,"fp=0.0"
"PronTokAlign",628.985,629.055,"#=0.0"
"PronTokAlign",629.055,629.185,"O~-n=0.584"
"PronTokAlign",629.185,629.385,"p-@=0.499"
"PronTokAlign",629.385,629.95,"fp"
"PronTokAlign",629.95,631.23,"#=0.0"
"PronTokAlign",631.23,631.5600000000001,"l-9-R"
"PronTokAlign",631.5600000000001,632.58,"p-R-O/-p-O/-z-e=0.704"
"PronTokAlign",632.58,633.045,"fp"
"PronTokAlign",633.045,633.765,"#=0.0"
"PronTokAlign",633.765,633.985,"U~/-n=0.747"
"PronTokAlign",633.985,634.555,"p-@-t-i=0.513"
"PronTokAlign",634.555,634.755,"fp"
"PronTokAlign",634.755,635.615,"d-O/-k-y-m-a~-t-E-R=0.732"
"PronTokAlign",635.615,635.765,"A/"
"PronTokAlign",635.765,636.35,"R-2-g-A/-R-d-e=0.773"
"PronTokAlign",636.35,637.795,"#=0.0"
"PronTokAlign",637.795,638.045,"s-y-R"
"PronTokAlign",638.045,638.725,"fp"
"PronTokAlign",638.725,639.135,"#=0.0"
"PronTokAlign",639.135,639.175,"s=0.549"
"PronTokAlign",639.175,639.745,"v-A/"
"PronTokAlign",639.745,640.025,"fp"
"PronTokAlign",640.025,640.165,"#"
"PronTokAlign",640.165,640.325,"l-e=0.684"
"PronTokAlign",640.325,640.885,"t-u-S-e=0.804"
"PronTokAlign",640.885,641.225,"k-a~-t"
"PronTokAlign",641.225,641.395,"i-l=0.353"
"PronTokAlign",641.395,641.73,"v-w-A/=0.811"
"PronTokAlign",641.73,641.815,"#=0.0"
"PronTokAlign",641.815,641.855,"k"
"PronTokAlign",641.855,642.065,"i=0.571"
"PronTokAlign",642.065,642.39,"A/"
"PronTokAlign",642.39,642.925,"#=0.0"
"PronTokAlign",642.925,643.035,"U~/-n=0.658"
"PronTokAlign",643.035,643.3249999999999,"g-R-a~-d=0.622"
"PronTokAlign",643.3249999999999,643.805,"E-s-p-A/-s=0.895"
"PronTokAlign",643.805,644.4749999999999,"m-A/-R-i-t-i-m=0.697"
"PronTokAlign",644.4749999999999,644.535,"j=0.582"
"PronTokAlign",644.535,644.9449999999999,"A/-v-e=0.863"
"PronTokAlign",644.9449999999999,645.435,"b-O/-k-u-p=0.811"
"PronTokAlign",645.435,645.5749999999999,"#"
"PronTokAlign",645.5749999999999,645.615,"t=0.746"
"PronTokAlign",645.615,646.155,"p-w-A/-s-O~=0.796"
"PronTokAlign",646.155,646.4749999999999,"k-i=0.628"
"PronTokAlign",646.4749999999999,646.5749999999999,"fp"
"PronTokAlign",646.5749999999999,647.055,"p-A/-s-E=0.413"
"PronTokAlign",647.055,647.305,"l-A/"
"PronTokAlign",647.305,647.395,"e=0.508"
"PronTokAlign",647.395,647.615,"l-A/"
"PronTokAlign",647.615,648.19,"#=0.0"
"PronTokAlign",648.19,648.35,"e=0.691"
"PronTokAlign",648.35,648.82,"A/-p-R-e=0.574"
"PronTokAlign",648.82,648.87,"j=0.674"
"PronTokAlign",648.87,649.12,"A/"
"PronTokAlign",649.12,649.5400000000001,"R-j-U~/-n=0.516"
"PronTokAlign",649.5400000000001,649.6800000000001,"d-y=0.791"
"PronTokAlign",649.6800000000001,650.19,"t-u-t=0.999"
"PronTokAlign",650.19,650.395,"d-a~-z=0.959"
"PronTokAlign",650.395,650.92,"#=0.0"
"PronTokAlign",650.92,651.02,"s-A/=0.765"
"PronTokAlign",651.02,651.2099999999999,"v-A/"
"PronTokAlign",651.2099999999999,651.65,"E-t=0.446"
"PronTokAlign",651.65,651.835,"fp"
"PronTokAlign",651.835,652.405,"#=0.0"
"PronTokAlign",652.405,652.4449999999999,"U~/=0.923"
"PronTokAlign",652.4449999999999,652.625,"p-2"
"PronTokAlign",652.625,652.865,"fp"
"PronTokAlign",652.865,653.405,"S-O/-k-a~-t=0.595"
"PronTokAlign",653.405,656.765,"#=0.0"
"PronTokAlign",656.765,657.025,"A/"
"PronTokAlign",657.025,657.6949999999999,"d-A/-k-O/-R"
"PronTokAlign",657.6949999999999,657.885,"s-t-e=0.417"
"PronTokAlign",657.885,658.145,"l-@=0.763"
"PronTokAlign",658.145,658.965,"Z-a~-R=0.757"
"PronTokAlign",658.965,659.56201,"#=0.0"
"PronTokAlign",659.56201,660.729482,"laugh=0.0"
"PronTokAlign",660.729482,664.595,"#=0.0"
"PronTokAlign",664.595,664.9350000000001,"A/"
"PronTokAlign",664.9350000000001,665.1650000000001,"w-E"
"PronTokAlign",665.1650000000001,666.065,"d-O/-k-y-m-a~"
"PronTokAlign",666.065,667.445,"#=0.0"
"PronTokAlign",667.445,667.5150000000001,"A/-A/=0.94"
"PronTokAlign",667.5150000000001,668.6350000000001,"A/-d-A/-p-t-e-R=0.939"
"PronTokAlign",668.6350000000001,669.105,"O/"
"PronTokAlign",669.105,669.4250000000001,"n-i-v-O/"
"PronTokAlign",669.4250000000001,669.505,"d=0.773"
"PronTokAlign",669.505,669.75,"A/-Z=0.967"
"PronTokAlign",669.75,670.095,"#=0.0"
"PronTokAlign",670.095,670.235,"m"
"PronTokAlign",670.235,670.7,"d-@=0.628"
"PronTokAlign",670.7,672.975,"#=0.0"
"PronTokAlign",672.975,673.506563,"O/-k-E=0.847"
"PronTokAlign",673.506563,680.1909,"#=0.0"
"PronTokAlign",680.1909,680.896331,"laugh=0.0"
"PronTokAlign",680.896331,725.009063,"#=0.0"
"PronTokAlign",725.009063,725.489063,"O/-k-e=0.557"
"PronTokAlign",725.489063,726.159063,"d-O~-k"
"PronTokAlign",726.159063,726.949688,"A/-d-A/-p-t-e=0.778"
"PronTokAlign",726.949688,739.255,"#=0.0"
"PronTokAlign",739.255,739.365,"s-e"
"PronTokAlign",739.365,739.445,"U~/=0.631"
"PronTokAlign",739.445,739.875,"s-l-O/-g-a~"
"PronTokAlign",739.875,740.225,"s-e"
"PronTokAlign",740.225,740.922188,"t-E-R-i-f-j-a~-t=0.994"
"PronTokAlign",740.922188,744.09,"#=0.0"
"PronTokAlign",744.09,744.19,"i=0.575"
"PronTokAlign",744.19,744.38,"v-A/"
"PronTokAlign",744.38,744.69,"R-2-v-n-i-R=0.846"
"PronTokAlign",744.69,744.8100000000001,"A/"
"PronTokAlign",744.8100000000001,744.9300000000001,"l-A/"
"PronTokAlign",744.9300000000001,745.32,"m-e-z-O~=0.51"
"PronTokAlign",745.32,745.35,"E=0.56"
"PronTokAlign",745.35,745.64,"d-i-R=0.547"
"PronTokAlign",745.64,746.0300000000001,"fp"
"PronTokAlign",746.0300000000001,746.33,"l-A/"
"PronTokAlign",746.33,746.98,"m-E-R=0.721"
"PronTokAlign",746.98,747.2800000000001,"t=0.51"
"PronTokAlign",747.2800000000001,747.9100000000001,"m-O/-R-t-@=0.526"
"PronTokAlign",747.9100000000001,748.71,"laugh"
"PronTokAlign",748.71,748.74,"j=0.567"
"PronTokAlign",748.74,748.7800000000001,"A/"
"PronTokAlign",748.7800000000001,749.23,"R-j-U~/=0.758"
"PronTokAlign",749.23,767.065,"#=0.0"
"PronTokAlign",767.065,767.625,"u-i=0.977"
"PronTokAlign",767.625,770.23,"#=0.0"
"PronTokAlign",770.23,770.54,"m-E-R-s-i"
"PronTokAlign",770.54,770.83,"p-u-R"
"PronTokAlign",770.83,771.25,"A/-v-w-A/-R"
"PronTokAlign",771.25,771.71,"s-i-n-j-A/-l-e"
"PronTokAlign",771.71,771.78,"l-@=0.469"
"PronTokAlign",771.78,772.07,"p-w-U~/=0.914"
"PronTokAlign",772.07,772.24,"d-@=0.794"
"PronTokAlign",772.24,772.27,"l"
"PronTokAlign",772.27,773.0500000000001,"A/-d-A/-p-t-A/-s-j-O~"
"PronTokAlign",773.0500000000001,773.41,"d-@=0.809"
"PronTokAlign",773.41,774.2,"laugh"
"PronTokAlign",774.2,774.48,"#"
"PronTokAlign",774.48,775.63,"d-O/-k-y-m-a~"
"PronTokAlign",775.63,776.035,"laugh"
"PronTokAlign",776.035,791.86,"#=0.0"
"PronTokAlign",791.86,792.38,"w-E"
"PronTokAlign",792.38,792.59,"i-z=0.331"
"PronTokAlign",792.59,792.85,"v-O~=0.833"
"PronTokAlign",792.85,793.035,"d-i-R=0.841"
"PronTokAlign",793.035,845.2,"#=0.0"
"PronTokAlign",845.2,845.5,"u-i=0.936"
"PronTokAlign",845.5,845.84,"fp"
"PronTokAlign",845.84,846.47,"anon"
"PronTokAlign",846.47,846.88,"fp"
"PronTokAlign",846.88,846.95,"#=0.0"
"PronTokAlign",846.95,847.6800000000001,"E-k-s-E-l-a~-t=0.711"
"PronTokAlign",847.6800000000001,847.96,"p-w-U~/=0.752"
"PronTokAlign",847.96,848.89,"#=0.0"
"PronTokAlign",848.89,849.1899999999999,"E=0.974"
"PronTokAlign",849.1899999999999,849.3199999999999,"fp"
"PronTokAlign",849.3199999999999,849.62,"s-i=0.978"
"PronTokAlign",849.62,849.85,"t-y=0.841"
"PronTokAlign",849.85,850.28,"p-2-z=0.936"
"PronTokAlign",850.28,850.48,"n-u=0.768"
"PronTokAlign",850.48,850.79,"d-i-R=0.518"
"PronTokAlign",850.79,851.29,"A/-v-E-k"
"PronTokAlign",851.29,851.74,"fp"
"PronTokAlign",851.74,852.56,"#=0.0"
"PronTokAlign",852.56,853.1999999999999,"anon"
"PronTokAlign",853.1999999999999,853.7099999999999,"fp"
"PronTokAlign",853.7099999999999,854.31,"k-E-l=0.451"
"PronTokAlign",854.31,854.405,"#=0.0"
"PronTokAlign",854.405,854.655,"k-E-l=0.504"
"PronTokAlign",854.655,854.725,"E=0.487"
"PronTokAlign",854.725,854.875,"l-A/"
"PronTokAlign",854.875,855.405,"s-U~/-k-j-E-m-@=0.587"
"PronTokAlign",855.405,855.71,"t-A/-S=0.911"
"PronTokAlign",855.71,855.969007,"#=0.0"
"PronTokAlign",855.969007,856.089007,"k=0.759"
"PronTokAlign",856.089007,856.199007,"t=0.658"
"PronTokAlign",856.199007,856.759007,"p-R-O/-p-O/-z-@=0.578"
"PronTokAlign",856.759007,857.125,"m-U~/-t-n-a~=0.93"
"PronTokAlign",857.125,871.31,"#=0.0"
"PronTokAlign",871.31,871.8299999999999,"A/"
"PronTokAlign",871.8299999999999,872.2399999999999,"l-A/"
"PronTokAlign",872.2399999999999,872.7399999999999,"s-A/"
"PronTokAlign",872.7399999999999,873.04,"s-R-A/=0.852"
"PronTokAlign",873.04,873.16,"l-e=0.615"
"PronTokAlign",873.16,873.4,"t-u-R"
"PronTokAlign",873.4,873.55,"d-e=0.717"
"PronTokAlign",873.55,874.15,"b-E-n-E-v-O/-l=0.756"
"PronTokAlign",874.15,874.305,"#=0.0"
"PronTokAlign",874.305,874.515,"O~=0.699"
"PronTokAlign",874.515,874.675,"v-A/"
"PronTokAlign",874.675,874.935,"p-A/=0.922"
"PronTokAlign",874.935,874.9649999999999,"l=0.764"
"PronTokAlign",874.9649999999999,875.21,"f-E-R=0.84"
"PronTokAlign",875.21,898.89,"#=0.0"
"PronTokAlign",898.89,899.75,"s-i-z-j-E-m-@=0.511"
"PronTokAlign",899.75,900.1999999999999,"t-A/-S=0.751"
"PronTokAlign",900.1999999999999,901.04,"d-O~-k"
"PronTokAlign",901.04,901.23,"O~-n=0.81"
"PronTokAlign",901.23,901.39,"e=0.534"
"PronTokAlign",901.39,901.42,"fp"
"PronTokAlign",901.42,901.45,"O~=0.747"
"PronTokAlign",901.45,902.12,"A/"
"PronTokAlign",902.12,902.53,"d-E-p-A/-s-e=0.573"
"PronTokAlign",902.53,902.75,"s-U~/=0.528"
"PronTokAlign",902.75,903.07,"t-A/-S=0.529"
"PronTokAlign",903.07,903.36,"d-E-Z-A/=0.522"
"PronTokAlign",903.36,903.57,"O~=0.518"
"PronTokAlign",903.57,903.66,"A/"
"PronTokAlign",903.66,904.08,"E-p-H-i-z-e=0.517"
"PronTokAlign",904.08,904.23,"U~/=0.56"
"PronTokAlign",904.23,904.43,"p-2"
"PronTokAlign",904.43,904.52,"l-e=0.477"
"PronTokAlign",904.52,904.925,"b-y-d-Z-e=0.61"
"PronTokAlign",904.925,905.615,"#=0.0"
"PronTokAlign",905.615,906.67,"d-O~-k"
"PronTokAlign",906.67,908.295,"#=0.0"
"PronTokAlign",908.295,908.795,"fp=0.0"
"PronTokAlign",908.795,1028.68,"#=0.0"
"PronTokAlign",1028.68,1029.19,"p-2-t-E-t-R-2=0.851"
"PronTokAlign",1029.19,1029.3100000000002,"O~-n=0.61"
"PronTokAlign",1029.3100000000002,1029.41,"O~-n=0.511"
"PronTokAlign",1029.41,1029.5800000000002,"v-A/"
"PronTokAlign",1029.5800000000002,1029.89,"d-O/-n-e=0.764"
"PronTokAlign",1029.89,1030.11,"U~/-n=0.726"
"PronTokAlign",1030.11,1030.67,"E-g-z-a~-p-l-E-R=0.868"
"PronTokAlign",1030.67,1031.03,"a~-t-R-@=0.785"
"PronTokAlign",1031.03,1031.3100000000002,"d-2=0.74"
"PronTokAlign",1031.3100000000002,1031.35,"u"
"PronTokAlign",1031.35,1031.81,"b-j-U~/-n=0.848"
"PronTokAlign",1031.81,1033.105,"#=0.0"
"PronTokAlign",1033.105,1033.215,"O~=0.618"
"PronTokAlign",1033.215,1033.535,"d-O/-n-@=0.501"
"PronTokAlign",1033.535,1033.84,"#=0.0"
"PronTokAlign",1033.84,1033.89,"l"
"PronTokAlign",1033.89,1034.54,"E-g-z-a~-p-l-E-R=0.61"
"PronTokAlign",1034.54,1034.7099999999998,"A/"
"PronTokAlign",1034.7099999999998,1034.9299999999998,"s-e"
"PronTokAlign",1034.9299999999998,1035.13,"u"
"PronTokAlign",1035.13,1035.38,"b-j-U~/=0.602"
"PronTokAlign",1035.38,1035.52,"s-e"
"PronTokAlign",1035.52,1035.67,"p-u-R"
"PronTokAlign",1035.67,1035.8,"#=0.0"
"PronTokAlign",1035.8,1036.12,"p-l-y-z-j-9-R=0.983"
"PronTokAlign",1036.12,1036.285,"#=0.0"
"PronTokAlign",1036.285,1036.87409,"k-l-A/-s=0.381"
"PronTokAlign",1036.87409,1081.354265,"#=0.0"
"PronTokAlign",1081.354265,1081.91,"O/-k-e=0.603"
"PronTokAlign",1081.91,1082.05,"#=0.0"
"PronTokAlign",1082.05,1082.68,"fp=0.0"
"PronTokAlign",1082.68,1083.615,"#=0.0"
"PronTokAlign",1083.615,1083.87,"u-i-m=0.839"
"PronTokAlign",1083.87,1085.045,"#=0.0"
"PronTokAlign",1085.045,1085.265,"d-O~=0.651"
"PronTokAlign",1085.265,1085.525,"p-u-R"
"PronTokAlign",1085.525,1085.6850000000002,"l-A/"
"PronTokAlign",1085.6850000000002,1086.135,"s-E-t-j-E-m=0.779"
"PronTokAlign",1086.135,1086.375,"t-A/-S=0.607"
"PronTokAlign",1086.375,1086.405,"Z=0.458"
"PronTokAlign",1086.405,1086.515,"Z-@=0.507"
"PronTokAlign",1086.515,1086.645,"v-E=0.557"
"PronTokAlign",1086.645,1087.305,"p-R-O/-p-O/-z-e=0.624"
"PronTokAlign",1087.305,1087.71,"m-w-A/"
"PronTokAlign",1087.71,1088.425,"#=0.0"
"PronTokAlign",1088.425,1089.08,"fp=0.0"
"PronTokAlign",1089.08,1089.265,"#=0.0"
"PronTokAlign",1089.265,1089.305,"m"
"PronTokAlign",1089.305,1089.795,"k"
"PronTokAlign",1089.795,1090.045,"O~-n=0.884"
"PronTokAlign",1090.045,1090.275,"k"
"PronTokAlign",1090.275,1090.515,"O~-n=0.751"
"PronTokAlign",1090.515,1090.9550000000002,"f-e=0.569"
"PronTokAlign",1090.9550000000002,1091.485,"fp"
"PronTokAlign",1091.485,1092.035,"#=0.0"
"PronTokAlign",1092.035,1092.415,"U~/-n=0.642"
"PronTokAlign",1092.415,1092.64,"#=0.0"
"PronTokAlign",1092.64,1093.3200000000002,"p-@-t-i-t-@=0.48"
"PronTokAlign",1093.3200000000002,1093.885,"fp"
"PronTokAlign",1093.885,1094.405,"#=0.0"
"PronTokAlign",1094.405,1095.125,"s-E-n-@=0.992"
"PronTokAlign",1095.125,1095.275,"d-@=0.801"
"PronTokAlign",1095.275,1096.205,"t-e-A/-t-R=0.496"
"PronTokAlign",1096.205,1096.745,"#=0.0"
"PronTokAlign",1096.745,1097.0749999999998,"A/-v-E-k"
"PronTokAlign",1097.0749999999998,1097.3249999999998,"d-e=0.555"
"PronTokAlign",1097.3249999999998,1097.49,"fp"
"PronTokAlign",1097.49,1098.2,"#=0.0"
"PronTokAlign",1098.2,1098.38,"d-e=0.478"
"PronTokAlign",1098.38,1099.26,"k-O/-s-t-y-m=0.411"
"PronTokAlign",1099.26,1099.35,"u"
"PronTokAlign",1099.35,1099.48,"S=0.614"
"PronTokAlign",1099.48,1099.68,"s-E=0.44"
"PronTokAlign",1099.68,1099.965,"p-A/=0.585"
"PronTokAlign",1099.965,1100.495,"#=0.0"
"PronTokAlign",1100.495,1101.3349999999998,"u-i=0.999"
"PronTokAlign",1101.3349999999998,1101.8349999999998,"u-i=0.991"
"PronTokAlign",1101.8349999999998,1102.0449999999998,"d-E=0.736"
"PronTokAlign",1102.0449999999998,1102.785,"p-w-A/-s-O~=0.518"
"PronTokAlign",1102.785,1102.975,"k-O/-m=0.825"
"PronTokAlign",1102.975,1103.425,"s-A/"
"PronTokAlign",1103.425,1103.5749999999998,"d-e=0.434"
"PronTokAlign",1103.5749999999998,1104.235,"d-O/-f-U~/-z=0.528"
"PronTokAlign",1104.235,1105.53,"#=0.0"
"PronTokAlign",1105.53,1105.75,"p-@-t-i=0.344"
"PronTokAlign",1105.75,1106.31,"p-w-A/-s-O~"
"PronTokAlign",1106.31,1106.82,"k-O/-l-O/-R-e"
"PronTokAlign",1106.82,1107.01,"k-O/-m=0.934"
"PronTokAlign",1107.01,1107.38,"s-A/"
"PronTokAlign",1107.38,1107.69,"#"
"PronTokAlign",1107.69,1108.185,"e=0.992"
"PronTokAlign",1108.185,1108.37,"#=0.0"
"PronTokAlign",1108.37,1108.6699999999998,"u-i=0.715"
"PronTokAlign",1108.6699999999998,1109.03,"laugh"
"PronTokAlign",1109.03,1109.605,"#=0.0"
"PronTokAlign",1109.605,1110.005,"d-O~-k=0.998"
"PronTokAlign",1110.005,1110.345,"O~-n=0.664"
"PronTokAlign",1110.345,1110.545,"p-@=0.606"
"PronTokAlign",1110.545,1110.995,"U~/-k-l-y-R=0.645"
"PronTokAlign",1110.995,1111.205,"l-e-z=0.683"
"PronTokAlign",1111.205,1111.865,"a~-f-a~=0.783"
"PronTokAlign",1111.865,1112.365,"fp"
"PronTokAlign",1112.365,1112.515,"O~-n=0.536"
"PronTokAlign",1112.515,1112.605,"v-A/"
"PronTokAlign",1112.605,1113.195,"f-E-R-@=0.913"
"PronTokAlign",1113.195,1113.265,"y-n=0.695"
"PronTokAlign",1113.265,1114.015,"g-R-a~-d-@"
"PronTokAlign",1114.015,1114.345,"s-E-n=0.714"
"PronTokAlign",1114.345,1114.91,"t-E-A/-t-R-A/-l=0.679"
"PronTokAlign",1114.91,1115.26,"#=0.0"
"PronTokAlign",1115.26,1115.41,"p-u-R"
"PronTokAlign",1115.41,1115.63,"s-A/=0.997"
"PronTokAlign",1115.63,1115.75,"Z-@=0.794"
"PronTokAlign",1115.75,1116.02,"p-a~-s=0.942"
"PronTokAlign",1116.02,1116.14,"s-A/=0.96"
"PronTokAlign",1116.14,1116.23,"v-A/"
"PronTokAlign",1116.23,1116.51,"E-t-R-@=0.655"
"PronTokAlign",1116.51,1116.67,"d-2=0.744"
"PronTokAlign",1116.67,1116.97,"t-A/-S=0.805"
"PronTokAlign",1116.97,1117.36,"p-A/-R-s-k=0.952"
"PronTokAlign",1117.36,1117.48,"O~-n=0.625"
"PronTokAlign",1117.48,1117.7,"p-@=0.737"
"PronTokAlign",1117.7,1117.9,"p-A/=0.879"
"PronTokAlign",1117.9,1118.16,"f-E-R=0.881"
"PronTokAlign",1118.16,1118.35,"s-A/=0.638"
"PronTokAlign",1118.35,1118.5,"a~"
"PronTokAlign",1118.5,1119.02,"y-n=0.787"
"PronTokAlign",1119.02,1119.26,"s-9-l=0.723"
"PronTokAlign",1119.26,1119.74,"Z-u-R-n-e=0.786"
"PronTokAlign",1119.74,1120.28,"#"
"PronTokAlign",1120.28,1120.48,"fp"
"PronTokAlign",1120.48,1120.9,"p-R-2-m-j-E-R=0.878"
"PronTokAlign",1120.9,1121.3,"f-w-A/=0.888"
"PronTokAlign",1121.3,1121.69,"p-2-t-E-t-R=0.957"
"PronTokAlign",1121.69,1121.73,"i=0.696"
"PronTokAlign",1121.73,1121.87,"v-O~=0.793"
"PronTokAlign",1121.87,1122.52,"S-w-A/-z-i-R"
"PronTokAlign",1122.52,1122.83,"fp"
"PronTokAlign",1122.83,1122.94,"l-e=0.339"
"PronTokAlign",1122.94,1123.02,"#"
"PronTokAlign",1123.02,1123.88,"p-E-R-s-O/-n-A/-Z=0.702"
"PronTokAlign",1123.88,1124.34,"e=0.985"
"PronTokAlign",1124.34,1124.51,"e=0.873"
"PronTokAlign",1124.51,1124.76,"n-u=0.797"
"PronTokAlign",1124.76,1124.87,"O~=0.589"
"PronTokAlign",1124.87,1125.13,"v-A/"
"PronTokAlign",1125.13,1125.32,"l-e-z=0.751"
"PronTokAlign",1125.32,1125.655,"e-d-e=0.776"
"PronTokAlign",1125.655,1126.265,"#=0.0"
"PronTokAlign",1126.265,1126.615,"l-9-R"
"PronTokAlign",1126.615,1127.475,"p-R-E-p-A/-R-e=0.552"
"PronTokAlign",1127.475,1127.7050000000002,"d-e=0.588"
"PronTokAlign",1127.7050000000002,1128.465,"p-t-i=0.467"
"PronTokAlign",1128.465,1129.075,"d-A/-l-O/-g=0.53"
"PronTokAlign",1129.075,1129.39,"Z-a~-R=0.654"
"PronTokAlign",1129.39,1129.485,"#=0.0"
"PronTokAlign",1129.485,1129.5849999999998,"d-2=0.515"
"PronTokAlign",1129.5849999999998,1129.885,"t-R-w-A/=0.872"
"PronTokAlign",1129.885,1130.45,"f-R-A/-z=0.701"
"PronTokAlign",1130.45,1131.4,"#=0.0"
"PronTokAlign",1131.4,1131.94,"S-A/-k-U~/=0.686"
"PronTokAlign",1131.94,1132.82,"#=0.0"
"PronTokAlign",1132.82,1133.11,"fp"
"PronTokAlign",1133.11,1133.38,"p-s-k=0.867"
"PronTokAlign",1133.38,1133.41,"i=0.853"
"PronTokAlign",1133.41,1133.9199999999998,"s-O~-t=0.939"
"PronTokAlign",1133.9199999999998,1133.96,"U~/=0.717"
"PronTokAlign",1133.96,1134.14,"p-2"
"PronTokAlign",1134.14,1134.53,"n-O~-b-R-@=0.71"
"PronTokAlign",1134.53,1134.7,"k-a~=0.856"
"PronTokAlign",1134.7,1134.970313,"m-E-m-@=0.716"
"PronTokAlign",1134.970313,1136.81,"#=0.0"
"PronTokAlign",1136.81,1137.31,"d-O~-k=0.644"
"PronTokAlign",1137.31,1137.46,"s-A/=0.988"
"PronTokAlign",1137.46,1137.59,"v-A/"
"PronTokAlign",1137.59,1137.7,"s=0.668"
"PronTokAlign",1137.7,1138.1,"d-i-v-i-z-e=0.833"
"PronTokAlign",1138.1,1138.4199999999998,"s-y-R"
"PronTokAlign",1138.4199999999998,1138.6,"l-A/"
"PronTokAlign",1138.6,1138.97,"s-E-t-j-E-m=0.65"
"PronTokAlign",1138.97,1139.34,"y-i-t-j-E-m=0.74"
"PronTokAlign",1139.34,1139.73,"t-A/-S=0.97"
"PronTokAlign",1139.73,1140.735,"#=0.0"
"PronTokAlign",1140.735,1140.775,"i=0.878"
"PronTokAlign",1140.775,1140.915,"n-u=0.94"
"PronTokAlign",1140.915,1141.495,"R-E-s-t=0.778"
"PronTokAlign",1141.495,1141.645,"l-A/"
"PronTokAlign",1141.645,1142.175,"n-2-v-j-E-m=0.534"
"PronTokAlign",1142.175,1142.65,"t-A/-S=0.939"
"PronTokAlign",1142.65,1150.06,"#=0.0"
"PronTokAlign",1150.06,1150.49,"p-2-t-E-t-R=0.612"
"PronTokAlign",1150.49,1150.79,"l-A/"
"PronTokAlign",1150.79,1150.88,"O~=0.609"
"PronTokAlign",1150.88,1151.1799999999998,"v-A/"
"PronTokAlign",1151.1799999999998,1151.73,"U~/-v-i-t-e=0.675"
"PronTokAlign",1151.73,1152.265,"l-e-z=0.286"
"PronTokAlign",1152.265,1152.51,"#=0.0"
"PronTokAlign",1152.51,1152.55,"Z=0.388"
"PronTokAlign",1152.55,1152.78,"m-@=0.748"
"PronTokAlign",1152.78,1152.95,"s-y-i=0.595"
"PronTokAlign",1152.95,1153.3,"d-i=0.789"
"PronTokAlign",1153.3,1153.73,"p-2-t-E-t-R=0.918"
"PronTokAlign",1153.73,1153.82,"l-e=0.478"
"PronTokAlign",1153.82,1154.51,"p-A/-R-a~-z=0.748"
"PronTokAlign",1154.51,1154.59,"A/"
"PronTokAlign",1154.59,1154.76,"s-@=0.741"
"PronTokAlign",1154.76,1155.08,"p-w-U~/=0.755"
"PronTokAlign",1155.08,1155.22,"l-A/"
"PronTokAlign",1155.22,1155.58,"A/-p-R-E=0.509"
"PronTokAlign",1155.58,1156.04,"p-l-y-z-j-9-R=0.903"
"PronTokAlign",1156.04,1156.29,"t-A/-S=0.964"
"PronTokAlign",1156.29,1157.785,"#=0.0"
"PronTokAlign",1157.785,1158.19,"u-i=0.971"
"PronTokAlign",1158.19,1158.52,"#=0.0"
"PronTokAlign",1158.52,1159.1,"n-O~-n=0.845"
"PronTokAlign",1159.1,1159.49,"m-U~/-t-n-a~=0.738"
"PronTokAlign",1159.49,1159.62,"O~-n=0.737"
"PronTokAlign",1159.62,1159.91,"v-A/"
"PronTokAlign",1159.91,1160.0,"s"
"PronTokAlign",1160.0,1160.805,"A/-d-R-E-s-e-R=0.774"
"PronTokAlign",1160.805,1160.87,"#=0.0"
"PronTokAlign",1160.87,1161.69,"O/=0.0"
"PronTokAlign",1161.69,1162.065,"#=0.0"
"PronTokAlign",1162.065,1162.185,"O/-z=0.628"
"PronTokAlign",1162.185,1162.970488,"A/-d-y-l-t=0.75"
"PronTokAlign",1162.970488,1163.64,"#=0.0"
"PronTokAlign",1163.64,1163.68,"m"
"PronTokAlign",1163.68,1164.12,"m"
