"PhonAlign",0.0,4.02,"#"
"PhonAlign",4.02,4.079999999999999,"b"
"PhonAlign",4.079999999999999,4.199999999999999,"O~"
"PhonAlign",4.199999999999999,4.369999999999999,"Z"
"PhonAlign",4.369999999999999,4.569999999999999,"u"
"PhonAlign",4.569999999999999,4.69,"R"
"PhonAlign",4.69,40.63,"#"
"PhonAlign",40.63,40.7,"m"
"PhonAlign",40.7,40.760000000000005,"w"
"PhonAlign",40.760000000000005,40.81,"A/"
"PhonAlign",40.81,40.86,"Z"
"PhonAlign",40.86,40.91,"E"
"PhonAlign",40.91,40.98,"p"
"PhonAlign",40.98,41.07,"a~"
"PhonAlign",41.07,41.2,"s"
"PhonAlign",41.2,41.25,"e"
"PhonAlign",41.25,41.45,"A/"
"PhonAlign",41.45,41.580000000000005,"d"
"PhonAlign",41.580000000000005,41.620000000000005,"2"
"PhonAlign",41.620000000000005,42.47,"fp"
"PhonAlign",42.47,43.0,"#"
"PhonAlign",43.0,43.07,"d"
"PhonAlign",43.07,43.1,"2"
"PhonAlign",43.1,43.13,"t"
"PhonAlign",43.13,43.2,"y"
"PhonAlign",43.2,43.28,"p"
"PhonAlign",43.28,43.34,"t"
"PhonAlign",43.34,43.37,"f"
"PhonAlign",43.37,43.43,"i"
"PhonAlign",43.43,43.46,"l"
"PhonAlign",43.46,43.53,"m"
"PhonAlign",43.53,43.56,"k"
"PhonAlign",43.56,43.66,"i"
"PhonAlign",43.66,43.8,"s"
"PhonAlign",43.8,43.89,"2"
"PhonAlign",43.89,43.92,"R"
"PhonAlign",43.92,43.98,"E"
"PhonAlign",43.98,44.22,"t"
"PhonAlign",44.22,44.33,"U~/"
"PhonAlign",44.33,44.4,"t"
"PhonAlign",44.4,44.47,"E"
"PhonAlign",44.47,44.5,"R"
"PhonAlign",44.5,44.59,"E"
"PhonAlign",44.59,44.71,"s"
"PhonAlign",44.71,44.8,"a~"
"PhonAlign",44.8,44.87,"d"
"PhonAlign",44.87,44.96,"@"
"PhonAlign",44.96,45.08,"s"
"PhonAlign",45.08,45.14,"u"
"PhonAlign",45.14,45.2,"m"
"PhonAlign",45.2,45.26,"E"
"PhonAlign",45.26,45.32,"t"
"PhonAlign",45.32,45.39,"R"
"PhonAlign",45.39,45.61,"O/"
"PhonAlign",45.61,45.72,"t"
"PhonAlign",45.72,45.75,"E"
"PhonAlign",45.75,45.78,"l"
"PhonAlign",45.78,45.81,"E"
"PhonAlign",45.81,45.88,"s"
"PhonAlign",45.88,45.94,"p"
"PhonAlign",45.94,45.98,"E"
"PhonAlign",45.98,46.04,"k"
"PhonAlign",46.04,46.09,"t"
"PhonAlign",46.09,46.16,"A/"
"PhonAlign",46.16,46.24,"t"
"PhonAlign",46.24,46.39,"9"
"PhonAlign",46.39,46.47,"R"
"PhonAlign",46.47,47.22,"#"
"PhonAlign",47.22,47.74,"fp"
"PhonAlign",47.74,47.77,"l"
"PhonAlign",47.77,47.84,"@"
"PhonAlign",47.84,47.93,"p"
"PhonAlign",47.93,47.99,"R"
"PhonAlign",47.99,48.02,"2"
"PhonAlign",48.02,48.07,"m"
"PhonAlign",48.07,48.1,"j"
"PhonAlign",48.1,48.2,"e"
"PhonAlign",48.2,48.38,"s"
"PhonAlign",48.38,48.51,"e"
"PhonAlign",48.51,48.9,"fp"
"PhonAlign",48.9,49.22,"#"
"PhonAlign",49.22,49.39,"s"
"PhonAlign",49.39,49.43,"e"
"PhonAlign",49.43,49.53,"p"
"PhonAlign",49.53,49.58,"A/"
"PhonAlign",49.58,49.61,"R"
"PhonAlign",49.61,49.68,"A/"
"PhonAlign",49.68,49.78,"p"
"PhonAlign",49.78,50.02,"O/"
"PhonAlign",50.02,50.05,"R"
"PhonAlign",50.05,50.08,"O/"
"PhonAlign",50.08,50.11,"z"
"PhonAlign",50.11,50.24,"s"
"PhonAlign",50.24,50.3,"y"
"PhonAlign",50.3,50.35,"p"
"PhonAlign",50.35,50.45,"E"
"PhonAlign",50.45,50.48,"R"
"PhonAlign",50.48,50.51,"j"
"PhonAlign",50.51,50.6,"E"
"PhonAlign",50.6,50.63,"R"
"PhonAlign",50.63,50.93,"O/"
"PhonAlign",50.93,51.26,"#"
"PhonAlign",51.26,51.32,"A/"
"PhonAlign",51.32,51.68,"l"
"PhonAlign",51.68,51.78,"y"
"PhonAlign",51.78,51.84,"n"
"PhonAlign",51.84,51.88,"i"
"PhonAlign",51.88,51.91,"v"
"PhonAlign",51.91,51.98,"E"
"PhonAlign",51.98,52.01,"R"
"PhonAlign",52.01,52.04,"d"
"PhonAlign",52.04,52.07,"E"
"PhonAlign",52.07,52.16,"s"
"PhonAlign",52.16,52.19,"y"
"PhonAlign",52.19,52.24,"p"
"PhonAlign",52.24,52.3,"E"
"PhonAlign",52.3,52.34,"R"
"PhonAlign",52.34,52.37,"j"
"PhonAlign",52.37,52.45,"E"
"PhonAlign",52.45,52.48,"R"
"PhonAlign",52.48,52.61,"O/"
"PhonAlign",52.61,52.66,"E"
"PhonAlign",52.66,52.69,"l"
"PhonAlign",52.69,52.77,"e"
"PhonAlign",52.77,52.84,"d"
"PhonAlign",52.84,52.92,"2"
"PhonAlign",52.92,53.01,"z"
"PhonAlign",53.01,53.05,"j"
"PhonAlign",53.05,53.1,"E"
"PhonAlign",53.1,53.18,"m"
"PhonAlign",53.18,53.33,"s"
"PhonAlign",53.33,53.5,"e"
"PhonAlign",53.5,53.67,"fp"
"PhonAlign",53.67,53.77,"p"
"PhonAlign",53.77,53.8,"A/"
"PhonAlign",53.8,53.83,"R"
"PhonAlign",53.83,53.86,"R"
"PhonAlign",53.86,53.89,"A/"
"PhonAlign",53.89,53.98,"p"
"PhonAlign",53.98,54.14,"O/"
"PhonAlign",54.14,54.17,"R"
"PhonAlign",54.17,54.55,"fp"
"PhonAlign",54.55,54.62,"A/"
"PhonAlign",54.62,54.67,"d"
"PhonAlign",54.67,54.73,"e"
"PhonAlign",54.73,54.8,"d"
"PhonAlign",54.8,54.83,"O/"
"PhonAlign",54.83,54.92,"k"
"PhonAlign",54.92,54.96,"y"
"PhonAlign",54.96,55.01,"m"
"PhonAlign",55.01,55.1,"a~"
"PhonAlign",55.1,55.21,"t"
"PhonAlign",55.21,55.29,"E"
"PhonAlign",55.29,55.358438,"R"
"PhonAlign",55.358438,56.76,"#"
"PhonAlign",56.76,56.86,"d"
"PhonAlign",56.86,56.98,"O~"
"PhonAlign",56.98,57.36,"k"
"PhonAlign",57.36,57.82,"fp"
"PhonAlign",57.82,62.580938,"#"
"PhonAlign",62.580938,62.830938,"w"
"PhonAlign",62.830938,63.104063,"E"
"PhonAlign",63.104063,65.348438,"#"
"PhonAlign",65.348438,65.828438,"fp"
"PhonAlign",65.828438,65.88843800000001,"Z"
"PhonAlign",65.88843800000001,65.988438,"p"
"PhonAlign",65.988438,66.058438,"a~"
"PhonAlign",66.058438,66.098438,"s"
"PhonAlign",66.098438,66.148438,"k"
"PhonAlign",66.148438,66.198438,"@"
"PhonAlign",66.198438,66.268438,"s"
"PhonAlign",66.268438,66.298438,"e"
"PhonAlign",66.298438,66.458438,"U~/"
"PhonAlign",66.458438,66.538438,"p"
"PhonAlign",66.538438,66.578438,"O/"
"PhonAlign",66.578438,66.628438,"R"
"PhonAlign",66.628438,66.698438,"t"
"PhonAlign",66.698438,66.798438,"a~"
"PhonAlign",66.798438,66.828438,"d"
"PhonAlign",66.828438,66.928438,"a~"
"PhonAlign",66.928438,66.958438,"n"
"PhonAlign",66.958438,67.048438,"O/"
"PhonAlign",67.048438,67.108438,"t"
"PhonAlign",67.108438,67.208438,"R"
"PhonAlign",67.208438,67.318438,"@"
"PhonAlign",67.318438,67.428438,"m"
"PhonAlign",67.428438,67.548438,"O~"
"PhonAlign",67.548438,67.598438,"d"
"PhonAlign",67.598438,67.668438,"@"
"PhonAlign",67.668438,67.698438,"d"
"PhonAlign",67.698438,67.758438,"p"
"PhonAlign",67.758438,67.798438,"A/"
"PhonAlign",67.798438,67.858438,"R"
"PhonAlign",67.858438,67.88843800000001,"l"
"PhonAlign",67.88843800000001,68.048438,"e"
"PhonAlign",68.048438,68.338438,"fp"
"PhonAlign",68.338438,68.428438,"d"
"PhonAlign",68.428438,68.488438,"e"
"PhonAlign",68.488438,68.63843800000001,"s"
"PhonAlign",68.63843800000001,68.678438,"y"
"PhonAlign",68.678438,68.74843800000001,"p"
"PhonAlign",68.74843800000001,68.828438,"E"
"PhonAlign",68.828438,68.858438,"R"
"PhonAlign",68.858438,68.88843800000001,"j"
"PhonAlign",68.88843800000001,68.958438,"E"
"PhonAlign",68.958438,68.988438,"R"
"PhonAlign",68.988438,69.168438,"O/"
"PhonAlign",69.168438,69.24843800000001,"p"
"PhonAlign",69.24843800000001,69.328438,"A/"
"PhonAlign",69.328438,69.448438,"s"
"PhonAlign",69.448438,69.558438,"k"
"PhonAlign",69.558438,69.598438,"@"
"PhonAlign",69.598438,70.515,"fp"
"PhonAlign",70.515,70.82,"#"
"PhonAlign",70.82,71.03999999999999,"s"
"PhonAlign",71.03999999999999,71.13,"@"
"PhonAlign",71.13,71.30999999999999,"t"
"PhonAlign",71.30999999999999,71.36999999999999,"i"
"PhonAlign",71.36999999999999,71.49,"p"
"PhonAlign",71.49,71.67999999999999,"fp"
"PhonAlign",71.67999999999999,71.75999999999999,"d"
"PhonAlign",71.75999999999999,71.83,"@"
"PhonAlign",71.83,71.94999999999999,"f"
"PhonAlign",71.94999999999999,71.97999999999999,"i"
"PhonAlign",71.97999999999999,72.00999999999999,"l"
"PhonAlign",72.00999999999999,72.03999999999999,"m"
"PhonAlign",72.03999999999999,72.07,"fp"
"PhonAlign",72.07,72.33999999999999,"A/"
"PhonAlign",72.33999999999999,72.41,"m"
"PhonAlign",72.41,72.47,"E"
"PhonAlign",72.47,72.58,"n"
"PhonAlign",72.58,72.61,"d"
"PhonAlign",72.61,72.71,"@"
"PhonAlign",72.71,72.74,"l"
"PhonAlign",72.74,72.82,"E"
"PhonAlign",72.82,72.88999999999999,"s"
"PhonAlign",72.88999999999999,73.02,"p"
"PhonAlign",73.02,73.11,"w"
"PhonAlign",73.11,73.22999999999999,"A/"
"PhonAlign",73.22999999999999,73.27,"R"
"PhonAlign",73.27,73.44,"fp"
"PhonAlign",73.44,73.55999999999999,"s"
"PhonAlign",73.55999999999999,73.58999999999999,"y"
"PhonAlign",73.58999999999999,73.61999999999999,"R"
"PhonAlign",73.61999999999999,73.71,"t"
"PhonAlign",73.71,73.75999999999999,"u"
"PhonAlign",73.75999999999999,73.82,"d"
"PhonAlign",73.82,73.89999999999999,"a~"
"PhonAlign",73.89999999999999,73.94,"n"
"PhonAlign",73.94,74.02999999999999,"O/"
"PhonAlign",74.02999999999999,74.08999999999999,"t"
"PhonAlign",74.08999999999999,74.21,"R"
"PhonAlign",74.21,74.41,"@"
"PhonAlign",74.41,74.50999999999999,"s"
"PhonAlign",74.50999999999999,74.53999999999999,"O/"
"PhonAlign",74.53999999999999,74.61999999999999,"s"
"PhonAlign",74.61999999999999,74.64999999999999,"j"
"PhonAlign",74.64999999999999,74.71,"e"
"PhonAlign",74.71,74.78999999999999,"t"
"PhonAlign",74.78999999999999,74.88,"e"
"PhonAlign",74.88,74.91999999999999,"u"
"PhonAlign",74.91999999999999,75.36,"fp"
"PhonAlign",75.36,75.88,"#"
"PhonAlign",75.88,75.96,"l"
"PhonAlign",75.96,76.11,"A/"
"PhonAlign",76.11,76.22,"k"
"PhonAlign",76.22,76.28999999999999,"R"
"PhonAlign",76.28999999999999,76.38,"i"
"PhonAlign",76.38,76.44999999999999,"z"
"PhonAlign",76.44999999999999,76.94,"fp"
"PhonAlign",76.94,77.05,"s"
"PhonAlign",77.05,77.1,"A/"
"PhonAlign",77.1,77.19,"n"
"PhonAlign",77.19,77.22,"i"
"PhonAlign",77.22,77.3,"t"
"PhonAlign",77.3,77.52,"E"
"PhonAlign",77.52,77.61,"R"
"PhonAlign",77.61,77.8,"e"
"PhonAlign",77.8,78.08,"fp"
"PhonAlign",78.08,78.19,"U~/"
"PhonAlign",78.19,78.31,"s"
"PhonAlign",78.31,78.36,"i"
"PhonAlign",78.36,78.49,"k"
"PhonAlign",78.49,78.52,"@"
"PhonAlign",78.52,78.55,"l"
"PhonAlign",78.55,78.67,"e"
"PhonAlign",78.67,78.79,"z"
"PhonAlign",78.79,79.675,"#"
"PhonAlign",79.675,79.88499999999999,"fp"
"PhonAlign",79.88499999999999,79.91499999999999,"l"
"PhonAlign",79.91499999999999,79.985,"A/"
"PhonAlign",79.985,80.085,"p"
"PhonAlign",80.085,80.125,"O/"
"PhonAlign",80.125,80.16499999999999,"l"
"PhonAlign",80.16499999999999,80.235,"y"
"PhonAlign",80.235,80.365,"s"
"PhonAlign",80.365,80.395,"j"
"PhonAlign",80.395,80.785,"O~"
"PhonAlign",80.785,80.875,"t"
"PhonAlign",80.875,80.905,"u"
"PhonAlign",80.905,81.005,"s"
"PhonAlign",81.005,81.115,"k"
"PhonAlign",81.115,81.145,"j"
"PhonAlign",81.145,81.175,"E"
"PhonAlign",81.175,81.265,"a~"
"PhonAlign",81.265,81.315,"v"
"PhonAlign",81.315,81.375,"i"
"PhonAlign",81.375,81.405,"R"
"PhonAlign",81.405,81.515,"O/"
"PhonAlign",81.515,81.55499999999999,"n"
"PhonAlign",81.55499999999999,81.585,"2"
"PhonAlign",81.585,81.615,"m"
"PhonAlign",81.615,81.695,"a~"
"PhonAlign",81.695,81.765,"t"
"PhonAlign",81.765,81.825,"O/"
"PhonAlign",81.825,81.865,"l"
"PhonAlign",81.865,81.91499999999999,"e"
"PhonAlign",81.91499999999999,81.99499999999999,"z"
"PhonAlign",81.99499999999999,82.075,"a~"
"PhonAlign",82.075,82.155,"Z"
"PhonAlign",82.155,82.355,"2"
"PhonAlign",82.355,82.38499999999999,"z"
"PhonAlign",82.38499999999999,82.515,"a~"
"PhonAlign",82.515,82.595,"v"
"PhonAlign",82.595,82.625,"i"
"PhonAlign",82.625,82.655,"R"
"PhonAlign",82.655,82.715,"O/"
"PhonAlign",82.715,82.785,"n"
"PhonAlign",82.785,82.825,"m"
"PhonAlign",82.825,82.895,"E"
"PhonAlign",82.895,82.955,"n"
"PhonAlign",82.955,83.725,"#"
"PhonAlign",83.725,83.85499999999999,"t"
"PhonAlign",83.85499999999999,83.995,"O/"
"PhonAlign",83.995,84.085,"z"
"PhonAlign",84.085,84.715779,"#"
"PhonAlign",84.715779,85.085779,"s"
"PhonAlign",85.085779,85.165779,"e"
"PhonAlign",85.165779,85.215779,"A/"
"PhonAlign",85.215779,85.31577899999999,"s"
"PhonAlign",85.31577899999999,85.345779,"e"
"PhonAlign",85.345779,85.435779,"U~/"
"PhonAlign",85.435779,85.505779,"p"
"PhonAlign",85.505779,85.545779,"O/"
"PhonAlign",85.545779,85.595779,"R"
"PhonAlign",85.595779,85.645779,"t"
"PhonAlign",85.645779,85.725779,"a~"
"PhonAlign",85.725779,85.755779,"d"
"PhonAlign",85.755779,85.78577899999999,"R"
"PhonAlign",85.78577899999999,86.06577899999999,"2"
"PhonAlign",86.06577899999999,86.095779,"d"
"PhonAlign",86.095779,86.215779,"O/"
"PhonAlign",86.215779,86.275779,"n"
"PhonAlign",86.275779,86.465779,"e"
"PhonAlign",86.465779,86.495779,"d"
"PhonAlign",86.495779,86.525779,"l"
"PhonAlign",86.525779,86.575779,"E"
"PhonAlign",86.575779,86.635779,"s"
"PhonAlign",86.635779,86.715779,"p"
"PhonAlign",86.715779,86.745779,"w"
"PhonAlign",86.745779,86.78577899999999,"A/"
"PhonAlign",86.78577899999999,86.81577899999999,"R"
"PhonAlign",86.81577899999999,86.875779,"a~"
"PhonAlign",86.875779,86.905779,"l"
"PhonAlign",86.905779,86.95577899999999,"y"
"PhonAlign",86.95577899999999,87.025779,"m"
"PhonAlign",87.025779,87.055779,"A/"
"PhonAlign",87.055779,87.295779,"n"
"PhonAlign",87.295779,87.415779,"i"
"PhonAlign",87.415779,87.795779,"t"
"PhonAlign",87.795779,87.835779,"e"
"PhonAlign",87.835779,87.865779,"l"
"PhonAlign",87.865779,87.915779,"y"
"PhonAlign",87.915779,87.985779,"m"
"PhonAlign",87.985779,88.045779,"A/"
"PhonAlign",88.045779,88.125779,"n"
"PhonAlign",88.125779,88.17577899999999,"i"
"PhonAlign",88.17577899999999,88.295779,"t"
"PhonAlign",88.295779,88.5,"e"
"PhonAlign",88.5,89.41,"#"
"PhonAlign",89.41,89.45,"d"
"PhonAlign",89.45,89.58,"O~"
"PhonAlign",89.58,89.67999999999999,"k"
"PhonAlign",89.67999999999999,89.88,"fp"
"PhonAlign",89.88,89.95,"p"
"PhonAlign",89.95,89.97999999999999,"A/"
"PhonAlign",89.97999999999999,90.06,"s"
"PhonAlign",90.06,90.13,"k"
"PhonAlign",90.13,90.18,"@"
"PhonAlign",90.18,90.34,"s"
"PhonAlign",90.34,90.42,"@"
"PhonAlign",90.42,90.58,"f"
"PhonAlign",90.58,90.68,"i"
"PhonAlign",90.68,90.71,"l"
"PhonAlign",90.71,90.74,"m"
"PhonAlign",90.74,91.16,"@"
"PhonAlign",91.16,91.32,"s"
"PhonAlign",91.32,91.56,"e"
"PhonAlign",91.56,91.72,"s"
"PhonAlign",91.72,91.75,"@"
"PhonAlign",91.75,91.92,"t"
"PhonAlign",91.92,91.96,"i"
"PhonAlign",91.96,91.99,"p"
"PhonAlign",91.99,92.1,"d"
"PhonAlign",92.1,92.500313,"@"
"PhonAlign",92.500313,93.72,"#"
"PhonAlign",93.72,93.89,"t"
"PhonAlign",93.89,94.14,"f"
"PhonAlign",94.14,94.26,"i"
"PhonAlign",94.26,94.29,"l"
"PhonAlign",94.29,94.43,"m"
"PhonAlign",94.43,94.51,"@"
"PhonAlign",94.51,94.62,"#"
"PhonAlign",94.62,94.77,"s"
"PhonAlign",94.77,94.89,"e"
"PhonAlign",94.89,94.92,"2"
"PhonAlign",94.92,94.95,"Z"
"PhonAlign",94.95,95.08,"a~"
"PhonAlign",95.08,95.195,"R"
"PhonAlign",95.195,95.435,"#"
"PhonAlign",95.435,95.945,"fp"
"PhonAlign",95.945,96.335,"A/"
"PhonAlign",96.335,96.415,"p"
"PhonAlign",96.415,96.445,"l"
"PhonAlign",96.445,96.485,"y"
"PhonAlign",96.485,96.515,"z"
"PhonAlign",96.515,96.545,"j"
"PhonAlign",96.545,96.595,"9"
"PhonAlign",96.595,96.625,"R"
"PhonAlign",96.625,96.705,"k"
"PhonAlign",96.705,96.785,"A/"
"PhonAlign",96.785,96.815,"R"
"PhonAlign",96.815,96.855,"A/"
"PhonAlign",96.855,96.915,"k"
"PhonAlign",96.915,96.965,"t"
"PhonAlign",96.965,97.105,"e"
"PhonAlign",97.105,97.135,"R"
"PhonAlign",97.135,97.165,"i"
"PhonAlign",97.165,97.215,"s"
"PhonAlign",97.215,97.315,"t"
"PhonAlign",97.315,97.415,"i"
"PhonAlign",97.415,97.465,"k"
"PhonAlign",97.465,97.545,"t"
"PhonAlign",97.545,97.575,"u"
"PhonAlign",97.575,97.615,"d"
"PhonAlign",97.615,97.705,"A/"
"PhonAlign",97.705,97.745,"b"
"PhonAlign",97.745,97.775,"O/"
"PhonAlign",97.775,97.805,"R"
"PhonAlign",97.805,97.835,"d"
"PhonAlign",97.835,97.895,"A/"
"PhonAlign",97.895,97.925,"b"
"PhonAlign",97.925,97.965,"O/"
"PhonAlign",97.965,97.995,"R"
"PhonAlign",97.995,98.365,"fp"
"PhonAlign",98.365,98.99,"#"
"PhonAlign",98.99,99.1,"b"
"PhonAlign",99.1,99.2,"U~/"
"PhonAlign",99.2,99.27,"k"
"PhonAlign",99.27,99.3,"O/"
"PhonAlign",99.3,99.34,"m"
"PhonAlign",99.34,99.42,"Z"
"PhonAlign",99.42,99.45,"l"
"PhonAlign",99.45,99.54,"e"
"PhonAlign",99.54,99.57,"d"
"PhonAlign",99.57,99.74,"i"
"PhonAlign",99.74,99.78,"i"
"PhonAlign",99.78,99.88,"A/"
"PhonAlign",99.88,99.95,"m"
"PhonAlign",99.95,100.03,"E"
"PhonAlign",100.03,100.12,"n"
"PhonAlign",100.12,100.15,"d"
"PhonAlign",100.15,100.26,"@"
"PhonAlign",100.26,100.29,"l"
"PhonAlign",100.29,100.36,"E"
"PhonAlign",100.36,100.44,"s"
"PhonAlign",100.44,100.55,"p"
"PhonAlign",100.55,100.63,"w"
"PhonAlign",100.63,100.72,"A/"
"PhonAlign",100.72,100.75,"R"
"PhonAlign",100.75,100.85,"a~"
"PhonAlign",100.85,100.94,"s"
"PhonAlign",100.94,101.0,"H"
"PhonAlign",101.0,101.06,"i"
"PhonAlign",101.06,101.12,"t"
"PhonAlign",101.12,101.2,"i"
"PhonAlign",101.2,101.34,"f"
"PhonAlign",101.34,101.48,"e"
"PhonAlign",101.48,101.78,"fp"
"PhonAlign",101.78,101.92,"A/"
"PhonAlign",101.92,102.1,"s"
"PhonAlign",102.1,102.26,"e"
"PhonAlign",102.26,102.58,"fp"
"PhonAlign",102.58,102.9,"s"
"PhonAlign",102.9,103.08,"e"
"PhonAlign",103.08,103.36,"s"
"PhonAlign",103.36,103.4,"e"
"PhonAlign",103.4,103.55,"U~/"
"PhonAlign",103.55,103.66,"p"
"PhonAlign",103.66,103.96,"2"
"PhonAlign",103.96,104.04,"d"
"PhonAlign",104.04,104.14,"@"
"PhonAlign",104.14,104.17,"l"
"PhonAlign",104.17,104.2,"y"
"PhonAlign",104.2,104.34,"t"
"PhonAlign",104.34,104.41,"O/"
"PhonAlign",104.41,104.73,"p"
"PhonAlign",104.73,104.76,"i"
"PhonAlign",104.76,104.92,"a~"
"PhonAlign",104.92,105.31,"f"
"PhonAlign",105.31,105.35,"U~/"
"PhonAlign",105.35,105.62,"#"
"PhonAlign",105.62,105.76,"s"
"PhonAlign",105.76,105.82,"A/"
"PhonAlign",105.82,105.85,"R"
"PhonAlign",105.85,105.95,"a~"
"PhonAlign",105.95,106.0,"v"
"PhonAlign",106.0,106.05,"w"
"PhonAlign",106.05,106.08,"A/"
"PhonAlign",106.08,106.14,"A/"
"PhonAlign",106.14,106.17,"l"
"PhonAlign",106.17,106.24,"y"
"PhonAlign",106.24,106.33,"t"
"PhonAlign",106.33,106.38,"O/"
"PhonAlign",106.38,106.51,"p"
"PhonAlign",106.51,106.81,"i"
"PhonAlign",106.81,106.885,"#"
"PhonAlign",106.885,106.925,"m"
"PhonAlign",106.925,106.955,"e"
"PhonAlign",106.955,107.345,"z"
"PhonAlign",107.345,107.965,"fp"
"PhonAlign",107.965,108.095,"s"
"PhonAlign",108.095,108.125,"@"
"PhonAlign",108.125,108.205,"p"
"PhonAlign",108.205,108.305,"a~"
"PhonAlign",108.305,108.335,"d"
"PhonAlign",108.335,108.435,"a~"
"PhonAlign",108.435,108.475,"l"
"PhonAlign",108.475,108.575,"e"
"PhonAlign",108.575,108.685,"s"
"PhonAlign",108.685,108.725,"y"
"PhonAlign",108.725,108.785,"p"
"PhonAlign",108.785,108.955,"E"
"PhonAlign",108.955,109.015,"R"
"PhonAlign",109.015,109.045,"e"
"PhonAlign",109.045,109.075,"R"
"PhonAlign",109.075,109.415,"O/"
"PhonAlign",109.415,109.495,"d"
"PhonAlign",109.495,109.705,"@"
"PhonAlign",109.705,109.855,"n"
"PhonAlign",109.855,109.885,"O/"
"PhonAlign",109.885,109.995,"z"
"PhonAlign",109.995,110.315,"Z"
"PhonAlign",110.315,110.475,"u"
"PhonAlign",110.475,110.705,"R"
"PhonAlign",110.705,110.845,"s"
"PhonAlign",110.845,110.905,"O~"
"PhonAlign",110.905,110.935,"R"
"PhonAlign",110.935,110.965,"2"
"PhonAlign",110.965,111.025,"p"
"PhonAlign",111.025,111.075,"R"
"PhonAlign",111.075,111.105,"E"
"PhonAlign",111.105,111.135,"z"
"PhonAlign",111.135,111.215,"a~"
"PhonAlign",111.215,111.265,"t"
"PhonAlign",111.265,111.315,"e"
"PhonAlign",111.315,111.385,"p"
"PhonAlign",111.385,111.435,"A/"
"PhonAlign",111.435,111.465,"R"
"PhonAlign",111.465,111.495,"d"
"PhonAlign",111.495,111.555,"e"
"PhonAlign",111.555,111.625,"z"
"PhonAlign",111.625,111.675,"E"
"PhonAlign",111.675,111.755,"t"
"PhonAlign",111.755,111.845,"R"
"PhonAlign",111.845,111.875,"y"
"PhonAlign",111.875,111.935,"m"
"PhonAlign",111.935,112.105,"U~/"
"PhonAlign",112.105,112.165,"z"
"PhonAlign",112.165,112.52,"#"
"PhonAlign",112.52,112.56,"a~"
"PhonAlign",112.56,112.63,"f"
"PhonAlign",112.63,112.94,"U~/"
"PhonAlign",112.94,113.06,"s"
"PhonAlign",113.06,113.14,"O/"
"PhonAlign",113.14,113.19,"f"
"PhonAlign",113.19,113.22,"l"
"PhonAlign",113.22,113.3,"e"
"PhonAlign",113.3,113.33,"d"
"PhonAlign",113.33,113.4,"e"
"PhonAlign",113.4,113.47,"s"
"PhonAlign",113.47,113.57,"U~/"
"PhonAlign",113.57,113.6,"A/"
"PhonAlign",113.6,113.63,"n"
"PhonAlign",113.63,113.66,"i"
"PhonAlign",113.66,113.71,"m"
"PhonAlign",113.71,113.81,"e"
"PhonAlign",113.81,113.92,"m"
"PhonAlign",113.92,114.07,"e"
"PhonAlign",114.07,114.23,"fp"
"PhonAlign",114.23,114.56,"#"
"PhonAlign",114.56,114.65,"p"
"PhonAlign",114.65,114.71,"A/"
"PhonAlign",114.71,114.74,"R"
"PhonAlign",114.74,114.78,"e"
"PhonAlign",114.78,114.81,"g"
"PhonAlign",114.81,114.86,"z"
"PhonAlign",114.86,114.95,"a~"
"PhonAlign",114.95,115.03,"p"
"PhonAlign",115.03,115.06,"l"
"PhonAlign",115.06,115.16,"@"
"PhonAlign",115.16,115.24,"t"
"PhonAlign",115.24,115.28,"u"
"PhonAlign",115.28,115.37,"s"
"PhonAlign",115.37,115.45,"k"
"PhonAlign",115.45,115.64,"e"
"PhonAlign",115.64,115.77,"t"
"PhonAlign",115.77,115.81,"i"
"PhonAlign",115.81,115.84,"p"
"PhonAlign",115.84,115.91,"d"
"PhonAlign",115.91,115.97,"@"
"PhonAlign",115.97,116.03,"m"
"PhonAlign",116.03,116.11,"A/"
"PhonAlign",116.11,116.2,"R"
"PhonAlign",116.2,116.26,"v"
"PhonAlign",116.26,116.77,"E"
"PhonAlign",116.77,116.82,"l"
"PhonAlign",116.82,117.22,"#"
"PhonAlign",117.22,117.34,"s"
"PhonAlign",117.34,117.37,"p"
"PhonAlign",117.37,117.47,"i"
"PhonAlign",117.47,117.55,"d"
"PhonAlign",117.55,117.73,"m"
"PhonAlign",117.73,117.94,"A/"
"PhonAlign",117.94,118.485,"n"
"PhonAlign",118.485,119.055,"#"
"PhonAlign",119.055,119.665,"fp"
"PhonAlign",119.665,119.805,"S"
"PhonAlign",119.805,119.835,"d"
"PhonAlign",119.835,119.865,"i"
"PhonAlign",119.865,119.895,"R"
"PhonAlign",119.895,119.925,"E"
"PhonAlign",119.925,120.580313,"fp"
"PhonAlign",120.580313,122.045,"#"
"PhonAlign",122.045,122.115,"b"
"PhonAlign",122.115,122.155,"O/"
"PhonAlign",122.155,122.325,"v"
"PhonAlign",122.325,122.385,"w"
"PhonAlign",122.385,122.655,"A/"
"PhonAlign",122.655,122.905,"l"
"PhonAlign",122.905,122.965,"A/"
"PhonAlign",122.965,123.075,"a~"
"PhonAlign",123.075,123.235,"s"
"PhonAlign",123.235,123.265,"H"
"PhonAlign",123.265,123.325,"i"
"PhonAlign",123.325,123.435,"t"
"PhonAlign",123.435,123.887812,"fp"
"PhonAlign",123.887812,125.555,"#"
"PhonAlign",125.555,125.895,"e"
"PhonAlign",125.895,126.515,"fp"
"PhonAlign",126.515,126.845,"#"
"PhonAlign",126.845,127.435,"fp"
"PhonAlign",127.435,127.515,"d"
"PhonAlign",127.515,127.585,"O~"
"PhonAlign",127.585,127.705,"s"
"PhonAlign",127.705,127.745,"A/"
"PhonAlign",127.745,127.815,"p"
"PhonAlign",127.815,127.885,"u"
"PhonAlign",127.885,127.915,"R"
"PhonAlign",127.915,127.955,"E"
"PhonAlign",127.955,128.065,"p"
"PhonAlign",128.065,128.125,"2"
"PhonAlign",128.125,128.235,"t"
"PhonAlign",128.235,128.275,"E"
"PhonAlign",128.275,128.305,"t"
"PhonAlign",128.305,128.335,"R"
"PhonAlign",128.335,128.535,"fp"
"PhonAlign",128.535,128.66500000000002,"f"
"PhonAlign",128.66500000000002,128.705,"E"
"PhonAlign",128.705,128.785,"R"
"PhonAlign",128.785,128.815,"R"
"PhonAlign",128.815,128.845,"2"
"PhonAlign",128.845,128.955,"s"
"PhonAlign",128.955,128.985,"O/"
"PhonAlign",128.985,129.025,"R"
"PhonAlign",129.025,129.125,"t"
"PhonAlign",129.125,129.155,"i"
"PhonAlign",129.155,129.195,"R"
"PhonAlign",129.195,129.255,"l"
"PhonAlign",129.255,129.315,"@"
"PhonAlign",129.315,129.38500000000002,"m"
"PhonAlign",129.38500000000002,129.485,"E"
"PhonAlign",129.485,129.515,"j"
"PhonAlign",129.515,129.60500000000002,"9"
"PhonAlign",129.60500000000002,129.645,"R"
"PhonAlign",129.645,129.705,"d"
"PhonAlign",129.705,130.035,"@"
"PhonAlign",130.035,130.145,"n"
"PhonAlign",130.145,130.225,"u"
"PhonAlign",130.225,130.35500000000002,"a~"
"PhonAlign",130.35500000000002,130.475,"S"
"PhonAlign",130.475,130.535,"A/"
"PhonAlign",130.535,130.655,"k"
"PhonAlign",130.655,130.86,"U~/"
"PhonAlign",130.86,132.015,"#"
"PhonAlign",132.015,132.05499999999998,"m"
"PhonAlign",132.05499999999998,132.125,"E"
"PhonAlign",132.125,132.15499999999997,"m"
"PhonAlign",132.15499999999997,132.36499999999998,"s"
"PhonAlign",132.36499999999998,132.515,"i"
"PhonAlign",132.515,133.050938,"fp"
"PhonAlign",133.050938,134.455,"#"
"PhonAlign",134.455,134.53500000000005,"m"
"PhonAlign",134.53500000000005,134.585,"E"
"PhonAlign",134.585,134.625,"m"
"PhonAlign",134.625,134.775,"s"
"PhonAlign",134.775,134.805,"i"
"PhonAlign",134.805,134.905,"s"
"PhonAlign",134.905,134.94500000000002,"e"
"PhonAlign",134.94500000000002,135.055,"A/"
"PhonAlign",135.055,135.235,"s"
"PhonAlign",135.235,135.335,"e"
"PhonAlign",135.335,135.525,"fp"
"PhonAlign",135.525,135.615,"k"
"PhonAlign",135.615,135.685,"O/"
"PhonAlign",135.685,135.715,"m"
"PhonAlign",135.715,135.765,"a~"
"PhonAlign",135.765,135.81500000000003,"d"
"PhonAlign",135.81500000000003,135.875,"i"
"PhonAlign",135.875,136.055,"R"
"PhonAlign",136.055,136.155,"s"
"PhonAlign",136.155,136.185,"e"
"PhonAlign",136.185,136.305,"U~/"
"PhonAlign",136.305,136.345,"m"
"PhonAlign",136.345,136.405,"E"
"PhonAlign",136.405,136.485,"s"
"PhonAlign",136.485,136.555,"A/"
"PhonAlign",136.555,136.595,"Z"
"PhonAlign",136.595,136.705,"k"
"PhonAlign",136.705,137.0,"i"
"PhonAlign",137.0,137.155,"#"
"PhonAlign",137.155,137.295,"k"
"PhonAlign",137.295,137.395,"e"
"PhonAlign",137.395,137.505,"A/"
"PhonAlign",137.505,137.605,"f"
"PhonAlign",137.605,137.645,"E"
"PhonAlign",137.645,137.695,"R"
"PhonAlign",137.695,137.795,"p"
"PhonAlign",137.795,137.875,"A/"
"PhonAlign",137.875,138.015,"s"
"PhonAlign",138.015,138.135,"e"
"PhonAlign",138.135,138.255,"m"
"PhonAlign",138.255,138.385,"e"
"PhonAlign",138.385,138.635,"fp"
"PhonAlign",138.635,138.745,"p"
"PhonAlign",138.745,138.815,"A/"
"PhonAlign",138.815,138.925,"f"
"PhonAlign",138.925,138.985,"O/"
"PhonAlign",138.985,139.045,"R"
"PhonAlign",139.045,139.155,"s"
"PhonAlign",139.155,139.205,"e"
"PhonAlign",139.205,139.285,"m"
"PhonAlign",139.285,139.515,"a~"
"PhonAlign",139.515,139.845,"fp"
"PhonAlign",139.845,140.67,"#"
"PhonAlign",140.67,140.76,"k"
"PhonAlign",140.76,140.85,"s"
"PhonAlign",140.85,140.89999999999998,"R"
"PhonAlign",140.89999999999998,140.94,"A/"
"PhonAlign",140.94,141.0,"p"
"PhonAlign",141.0,141.05999999999997,"A/"
"PhonAlign",141.05999999999997,141.13,"f"
"PhonAlign",141.13,141.16,"O/"
"PhonAlign",141.16,141.19,"R"
"PhonAlign",141.19,141.26999999999998,"s"
"PhonAlign",141.26999999999998,141.30999999999997,"E"
"PhonAlign",141.30999999999997,141.36999999999998,"m"
"PhonAlign",141.36999999999998,141.63,"a~"
"PhonAlign",141.63,141.82999999999998,"t"
"PhonAlign",141.82999999999998,141.86,"l"
"PhonAlign",141.86,141.92999999999998,"e"
"PhonAlign",141.92999999999998,141.98,"b"
"PhonAlign",141.98,142.03,"y"
"PhonAlign",142.03,142.13,"s"
"PhonAlign",142.13,142.16,"R"
"PhonAlign",142.16,142.2,"A/"
"PhonAlign",142.2,142.26,"p"
"PhonAlign",142.26,142.30999999999997,"A/"
"PhonAlign",142.30999999999997,142.38,"f"
"PhonAlign",142.38,142.42,"O/"
"PhonAlign",142.42,142.45,"R"
"PhonAlign",142.45,142.53,"s"
"PhonAlign",142.53,142.57999999999998,"E"
"PhonAlign",142.57999999999998,142.63,"m"
"PhonAlign",142.63,142.75,"a~"
"PhonAlign",142.75,142.86,"A/"
"PhonAlign",142.86,142.95999999999998,"t"
"PhonAlign",142.95999999999998,143.1,"U~/"
"PhonAlign",143.1,143.17,"m"
"PhonAlign",143.17,143.32,"e"
"PhonAlign",143.32,143.35,"i"
"PhonAlign",143.35,143.45,"f"
"PhonAlign",143.45,143.48999999999998,"O/"
"PhonAlign",143.48999999999998,143.55999999999997,"k"
"PhonAlign",143.55999999999997,143.6,"a~"
"PhonAlign",143.6,143.63,"m"
"PhonAlign",143.63,143.66,"E"
"PhonAlign",143.66,143.69,"m"
"PhonAlign",143.69,143.79,"t"
"PhonAlign",143.79,143.88,"a~"
"PhonAlign",143.88,143.95999999999998,"t"
"PhonAlign",143.95999999999998,144.14999999999998,"e"
"PhonAlign",144.14999999999998,144.17999999999998,"v"
"PhonAlign",144.17999999999998,144.22,"y"
"PhonAlign",144.22,144.32999999999998,"k"
"PhonAlign",144.32999999999998,144.6,"@"
"PhonAlign",144.6,144.985651,"#"
"PhonAlign",144.985651,145.035651,"n"
"PhonAlign",145.035651,145.105651,"u"
"PhonAlign",145.105651,145.195651,"s"
"PhonAlign",145.195651,145.235651,"O/"
"PhonAlign",145.235651,145.265651,"m"
"PhonAlign",145.265651,145.295651,"@"
"PhonAlign",145.295651,145.325651,"d"
"PhonAlign",145.325651,145.415651,"a~"
"PhonAlign",145.415651,145.445651,"d"
"PhonAlign",145.445651,145.545651,"s"
"PhonAlign",145.545651,145.575651,"i"
"PhonAlign",145.575651,145.605651,"t"
"PhonAlign",145.605651,145.635651,"j"
"PhonAlign",145.635651,145.675651,"A/"
"PhonAlign",145.675651,145.77565099999998,"s"
"PhonAlign",145.77565099999998,145.80565099999998,"j"
"PhonAlign",145.80565099999998,145.83565099999998,"O~"
"PhonAlign",145.83565099999998,145.87565099999998,"A/"
"PhonAlign",145.87565099999998,145.955651,"s"
"PhonAlign",145.955651,145.99565099999998,"e"
"PhonAlign",145.99565099999998,146.095651,"k"
"PhonAlign",146.095651,146.12565099999998,"R"
"PhonAlign",146.12565099999998,146.165651,"i"
"PhonAlign",146.165651,146.295651,"t"
"PhonAlign",146.295651,146.33565099999998,"i"
"PhonAlign",146.33565099999998,146.605651,"k"
"PhonAlign",146.605651,146.735651,"@"
"PhonAlign",146.735651,146.845651,"A/"
"PhonAlign",146.845651,147.315651,"p"
"PhonAlign",147.315651,147.515651,"R"
"PhonAlign",147.515651,147.615651,"E"
"PhonAlign",147.615651,147.665651,"z"
"PhonAlign",147.665651,147.83565099999998,"a~"
"PhonAlign",147.83565099999998,147.926961,"t"
"PhonAlign",147.926961,148.912157,"#"
"PhonAlign",148.912157,149.132157,"d"
"PhonAlign",149.132157,149.162157,"O~"
"PhonAlign",149.162157,149.302157,"v"
"PhonAlign",149.302157,149.352157,"w"
"PhonAlign",149.352157,149.632157,"A/"
"PhonAlign",149.632157,149.672157,"l"
"PhonAlign",149.672157,149.71,"A/"
"PhonAlign",149.71,150.97,"#"
"PhonAlign",150.97,151.02,"@"
"PhonAlign",151.02,151.05,"m"
"PhonAlign",151.05,151.11,"#"
"PhonAlign",151.11,151.15,"E"
"PhonAlign",151.15,152.53,"fp"
"PhonAlign",152.53,152.71,"t"
"PhonAlign",152.71,152.74,"u"
"PhonAlign",152.74,152.77,"l"
"PhonAlign",152.77,152.97,"e"
"PhonAlign",152.97,153.0,"m"
"PhonAlign",153.0,153.03,"O~"
"PhonAlign",153.03,153.13,"d"
"PhonAlign",153.13,153.38,"@"
"PhonAlign",153.38,153.47,"k"
"PhonAlign",153.47,153.5,"O/"
"PhonAlign",153.5,153.56,"n"
"PhonAlign",153.56,153.64,"E"
"PhonAlign",153.64,153.69,"d"
"PhonAlign",153.69,153.77,"e"
"PhonAlign",153.77,153.88,"f"
"PhonAlign",153.88,153.91,"i"
"PhonAlign",153.91,153.94,"l"
"PhonAlign",153.94,153.97,"m"
"PhonAlign",153.97,154.0,"d"
"PhonAlign",154.0,154.04,"@"
"PhonAlign",154.04,154.13,"s"
"PhonAlign",154.13,154.16,"y"
"PhonAlign",154.16,154.26,"p"
"PhonAlign",154.26,154.47,"E"
"PhonAlign",154.47,154.52,"R"
"PhonAlign",154.52,154.55,"e"
"PhonAlign",154.55,154.58,"R"
"PhonAlign",154.58,154.83,"O/"
"PhonAlign",154.83,155.75,"#"
"PhonAlign",155.75,155.85,"fp"
"PhonAlign",155.85,155.97,"p"
"PhonAlign",155.97,156.1,"A/"
"PhonAlign",156.1,156.18,"R"
"PhonAlign",156.18,156.28,"s"
"PhonAlign",156.28,156.36,"k"
"PhonAlign",156.36,156.4,"i"
"PhonAlign",156.4,156.45,"n"
"PhonAlign",156.45,156.61,"u"
"PhonAlign",156.61,156.68,"b"
"PhonAlign",156.68,156.77,"E"
"PhonAlign",156.77,156.82,"R"
"PhonAlign",156.82,156.91,"s"
"PhonAlign",156.91,156.99,"d"
"PhonAlign",156.99,157.03,"2"
"PhonAlign",157.03,157.1,"p"
"PhonAlign",157.1,157.13,"y"
"PhonAlign",157.13,157.18,"i"
"PhonAlign",157.18,157.21,"l"
"PhonAlign",157.21,157.27,"t"
"PhonAlign",157.27,157.33,"a~"
"PhonAlign",157.33,157.36,"t"
"PhonAlign",157.36,157.39,"l"
"PhonAlign",157.39,157.53,"a~"
"PhonAlign",157.53,157.66,"f"
"PhonAlign",157.66,157.8,"a~"
"PhonAlign",157.8,157.96,"s"
"PhonAlign",157.96,158.09,"@"
"PhonAlign",158.09,158.16,"b"
"PhonAlign",158.16,158.28,"A/"
"PhonAlign",158.28,158.33,"k"
"PhonAlign",158.33,158.42,"s"
"PhonAlign",158.42,158.5,"s"
"PhonAlign",158.5,158.53,"w"
"PhonAlign",158.53,158.56,"A/"
"PhonAlign",158.56,158.59,"d"
"PhonAlign",158.59,158.64,"a~"
"PhonAlign",158.64,158.67,"l"
"PhonAlign",158.67,158.74,"E"
"PhonAlign",158.74,158.79,"d"
"PhonAlign",158.79,158.84,"e"
"PhonAlign",158.84,158.95,"s"
"PhonAlign",158.95,158.98,"U~/"
"PhonAlign",158.98,159.01,"A/"
"PhonAlign",159.01,159.09,"n"
"PhonAlign",159.09,159.12,"i"
"PhonAlign",159.12,159.2,"m"
"PhonAlign",159.2,159.359062,"e"
"PhonAlign",159.359062,161.19,"#"
"PhonAlign",161.19,162.63,"fp"
"PhonAlign",162.63,175.95,"#"
"PhonAlign",175.95,176.01999999999998,"b"
"PhonAlign",176.01999999999998,176.13,"U~/"
"PhonAlign",176.13,176.19,"m"
"PhonAlign",176.19,176.23,"w"
"PhonAlign",176.23,176.28,"A/"
"PhonAlign",176.28,176.48,"s"
"PhonAlign",176.48,176.51999999999998,"e"
"PhonAlign",176.51999999999998,177.07999999999998,"2"
"PhonAlign",177.07999999999998,177.11,"k"
"PhonAlign",177.11,177.14,"m"
"PhonAlign",177.14,177.23,"s"
"PhonAlign",177.23,177.26,"k"
"PhonAlign",177.26,177.29,"m"
"PhonAlign",177.29,177.36,"f"
"PhonAlign",177.36,177.39,"i"
"PhonAlign",177.39,177.42,"l"
"PhonAlign",177.42,177.47,"m"
"PhonAlign",177.47,177.56,"f"
"PhonAlign",177.56,177.63,"R"
"PhonAlign",177.63,177.70999999999998,"A/"
"PhonAlign",177.70999999999998,177.89,"p"
"PhonAlign",177.89,177.92,"l"
"PhonAlign",177.92,178.26,"e"
"PhonAlign",178.26,178.35,"p"
"PhonAlign",178.35,178.38,"l"
"PhonAlign",178.38,178.45999999999998,"y"
"PhonAlign",178.45999999999998,178.57999999999998,"s"
"PhonAlign",178.57999999999998,178.61999999999998,"e"
"PhonAlign",178.61999999999998,178.7,"s"
"PhonAlign",178.7,178.73999999999998,"y"
"PhonAlign",178.73999999999998,178.76999999999998,"R"
"PhonAlign",178.76999999999998,178.89,"t"
"PhonAlign",178.89,179.03,"u"
"PhonAlign",179.03,179.06,"l"
"PhonAlign",179.06,179.23,"E"
"PhonAlign",179.23,179.29,"m"
"PhonAlign",179.29,179.35,"A/"
"PhonAlign",179.35,179.41,"R"
"PhonAlign",179.41,179.44,"v"
"PhonAlign",179.44,179.53,"E"
"PhonAlign",179.53,179.56,"l"
"PhonAlign",179.56,179.61999999999998,"p"
"PhonAlign",179.61999999999998,179.67,"u"
"PhonAlign",179.67,179.7,"R"
"PhonAlign",179.7,179.73,"l"
"PhonAlign",179.73,179.81,"e"
"PhonAlign",179.81,179.86999999999998,"z"
"PhonAlign",179.86999999999998,179.94,"A/"
"PhonAlign",179.94,179.98,"d"
"PhonAlign",179.98,180.04,"y"
"PhonAlign",180.04,180.07,"l"
"PhonAlign",180.07,180.11,"t"
"PhonAlign",180.11,180.15,"p"
"PhonAlign",180.15,180.18,"A/"
"PhonAlign",180.18,180.29,"s"
"PhonAlign",180.29,180.32,"@"
"PhonAlign",180.32,180.38,"s"
"PhonAlign",180.38,180.41,"y"
"PhonAlign",180.41,180.46,"p"
"PhonAlign",180.46,180.49,"e"
"PhonAlign",180.49,180.52,"e"
"PhonAlign",180.52,180.55,"R"
"PhonAlign",180.55,180.69,"O/"
"PhonAlign",180.69,180.79,"s"
"PhonAlign",180.79,181.145,"A/"
"PhonAlign",181.145,181.745,"#"
"PhonAlign",181.745,181.825,"k"
"PhonAlign",181.825,181.855,"O/"
"PhonAlign",181.855,181.885,"m"
"PhonAlign",181.885,181.915,"a~"
"PhonAlign",181.915,181.965,"t"
"PhonAlign",181.965,182.005,"d"
"PhonAlign",182.005,182.075,"i"
"PhonAlign",182.075,182.555,"R"
"PhonAlign",182.555,182.595,"l"
"PhonAlign",182.595,182.725,"e"
"PhonAlign",182.725,182.765,"z"
"PhonAlign",182.765,182.855,"a~"
"PhonAlign",182.855,182.935,"f"
"PhonAlign",182.935,183.025,"a~"
"PhonAlign",183.025,183.095,"k"
"PhonAlign",183.095,183.135,"O/"
"PhonAlign",183.135,183.165,"m"
"PhonAlign",183.165,183.195,"@"
"PhonAlign",183.195,183.225,"l"
"PhonAlign",183.225,183.295,"e"
"PhonAlign",183.295,183.355,"z"
"PhonAlign",183.355,183.445,"A/"
"PhonAlign",183.445,183.495,"d"
"PhonAlign",183.495,183.575,"y"
"PhonAlign",183.575,183.625,"l"
"PhonAlign",183.625,183.665,"t"
"PhonAlign",183.665,183.745,"R"
"PhonAlign",183.745,183.795,"2"
"PhonAlign",183.795,183.915,"g"
"PhonAlign",183.915,184.015,"A/"
"PhonAlign",184.015,184.065,"R"
"PhonAlign",184.065,184.125,"d"
"PhonAlign",184.125,184.375,"2"
"PhonAlign",184.375,184.455,"t"
"PhonAlign",184.455,184.505,"t"
"PhonAlign",184.505,184.535,"u"
"PhonAlign",184.535,184.625,"s"
"PhonAlign",184.625,184.695,"k"
"PhonAlign",184.695,184.835,"e"
"PhonAlign",184.835,184.955,"f"
"PhonAlign",184.955,184.985,"i"
"PhonAlign",184.985,185.015,"l"
"PhonAlign",185.015,185.045,"m"
"PhonAlign",185.045,185.085,"d"
"PhonAlign",185.085,185.125,"@"
"PhonAlign",185.125,185.225,"s"
"PhonAlign",185.225,185.255,"y"
"PhonAlign",185.255,185.345,"p"
"PhonAlign",185.345,185.375,"E"
"PhonAlign",185.375,185.465,"R"
"PhonAlign",185.465,185.515,"e"
"PhonAlign",185.515,185.545,"R"
"PhonAlign",185.545,185.785,"O/"
"PhonAlign",185.785,186.145,"e"
"PhonAlign",186.145,186.805,"#"
"PhonAlign",186.805,186.935,"i"
"PhonAlign",186.935,186.995,"A/"
"PhonAlign",186.995,187.075,"b"
"PhonAlign",187.075,187.105,"O/"
"PhonAlign",187.105,187.205,"k"
"PhonAlign",187.205,187.235,"u"
"PhonAlign",187.235,187.285,"d"
"PhonAlign",187.285,187.365,"A/"
"PhonAlign",187.365,187.425,"d"
"PhonAlign",187.425,187.495,"y"
"PhonAlign",187.495,187.525,"l"
"PhonAlign",187.525,187.555,"t"
"PhonAlign",187.555,187.615,"k"
"PhonAlign",187.615,187.655,"j"
"PhonAlign",187.655,187.695,"R"
"PhonAlign",187.695,187.725,"2"
"PhonAlign",187.725,187.795,"g"
"PhonAlign",187.795,187.845,"A/"
"PhonAlign",187.845,187.875,"R"
"PhonAlign",187.875,187.905,"d"
"PhonAlign",187.905,187.935,"d"
"PhonAlign",187.935,187.995,"E"
"PhonAlign",187.995,188.065,"m"
"PhonAlign",188.065,188.125,"A/"
"PhonAlign",188.125,188.205,"R"
"PhonAlign",188.205,188.255,"v"
"PhonAlign",188.255,188.345,"E"
"PhonAlign",188.345,188.375,"l"
"PhonAlign",188.375,188.465,"p"
"PhonAlign",188.465,188.525,"A/"
"PhonAlign",188.525,188.555,"R"
"PhonAlign",188.555,188.585,"E"
"PhonAlign",188.585,188.615,"g"
"PhonAlign",188.615,188.675,"z"
"PhonAlign",188.675,188.755,"a~"
"PhonAlign",188.755,188.815,"p"
"PhonAlign",188.815,188.845,"l"
"PhonAlign",188.845,188.875,"l"
"PhonAlign",188.875,188.975,"@"
"PhonAlign",188.975,189.005,"n"
"PhonAlign",189.005,189.035,"u"
"PhonAlign",189.035,189.085,"v"
"PhonAlign",189.085,189.155,"O/"
"PhonAlign",189.155,189.245,"k"
"PhonAlign",189.245,189.325,"e"
"PhonAlign",189.325,189.435,"s"
"PhonAlign",189.435,189.465,"O/"
"PhonAlign",189.465,189.515,"R"
"PhonAlign",189.515,189.665,"t"
"PhonAlign",189.665,189.755,"i"
"PhonAlign",189.755,190.045,"E"
"PhonAlign",190.045,190.195,"s"
"PhonAlign",190.195,190.305,"a~"
"PhonAlign",190.305,190.355,"Z"
"PhonAlign",190.355,190.485,"S"
"PhonAlign",190.485,190.625,"i"
"PhonAlign",190.625,190.655,"l"
"PhonAlign",190.655,190.885,"@"
"PhonAlign",190.885,191.045,"f"
"PhonAlign",191.045,191.075,"i"
"PhonAlign",191.075,191.105,"l"
"PhonAlign",191.105,191.135,"m"
"PhonAlign",191.135,191.295,"@"
"PhonAlign",191.295,191.475,"S"
"PhonAlign",191.475,191.515,"i"
"PhonAlign",191.515,191.545,"n"
"PhonAlign",191.545,191.645,"w"
"PhonAlign",191.645,191.695,"A/"
"PhonAlign",191.695,191.77,"z"
"PhonAlign",191.77,193.27,"#"
"PhonAlign",193.27,193.31,"u"
"PhonAlign",193.31,194.625,"fp"
"PhonAlign",194.625,293.565938,"#"
"PhonAlign",293.565938,293.695,"k"
"PhonAlign",293.695,294.13,"#"
"PhonAlign",294.13,294.24,"A/"
"PhonAlign",294.24,294.29,"p"
"PhonAlign",294.29,294.34,"R"
"PhonAlign",294.34,294.38,"E"
"PhonAlign",294.38,294.45,"Z"
"PhonAlign",294.45,294.49,"@"
"PhonAlign",294.49,294.58,"s"
"PhonAlign",294.58,294.64,"e"
"PhonAlign",294.64,294.72,"p"
"PhonAlign",294.72,294.78,"A/"
"PhonAlign",294.78,294.91,"s"
"PhonAlign",294.91,294.98,"O~"
"PhonAlign",294.98,295.06,"p"
"PhonAlign",295.06,295.1,"@"
"PhonAlign",295.1,295.16,"d"
"PhonAlign",295.16,295.22,"i"
"PhonAlign",295.22,295.32,"R"
"PhonAlign",295.32,295.38,"k"
"PhonAlign",295.38,295.57,"@"
"PhonAlign",295.57,295.64,"p"
"PhonAlign",295.64,295.67,"A/"
"PhonAlign",295.67,295.7,"R"
"PhonAlign",295.7,295.73,"E"
"PhonAlign",295.73,295.76,"g"
"PhonAlign",295.76,295.79,"z"
"PhonAlign",295.79,295.82,"a~"
"PhonAlign",295.82,295.85,"p"
"PhonAlign",295.85,295.88,"l"
"PhonAlign",295.88,295.97,"t"
"PhonAlign",295.97,296.02,"O/"
"PhonAlign",296.02,296.05,"m"
"PhonAlign",296.05,296.23,"s"
"PhonAlign",296.23,296.26,"A/"
"PhonAlign",296.26,296.29,"v"
"PhonAlign",296.29,296.37,"i"
"PhonAlign",296.37,296.4,"E"
"PhonAlign",296.4,296.43,"R"
"PhonAlign",296.43,296.46,"i"
"PhonAlign",296.46,296.9,"A/"
"PhonAlign",296.9,297.16,"y"
"PhonAlign",297.16,297.24,"n"
"PhonAlign",297.24,297.3,"A/"
"PhonAlign",297.3,297.36,"m"
"PhonAlign",297.36,297.52,"u"
"PhonAlign",297.52,297.85,"R"
"PhonAlign",297.85,297.92,"2"
"PhonAlign",297.92,298.03,"z"
"PhonAlign",298.03,298.14,"2"
"PhonAlign",298.14,298.22,"m"
"PhonAlign",298.22,298.28,"E"
"PhonAlign",298.28,298.33,"z"
"PhonAlign",298.33,300.02,"#"
"PhonAlign",300.02,300.33,"fp"
"PhonAlign",300.33,300.59,"m"
"PhonAlign",300.59,300.99,"fp"
"PhonAlign",300.99,301.15,"b"
"PhonAlign",301.15,301.193438,"O/"
"PhonAlign",301.193438,365.892187,"#"
"PhonAlign",365.892187,365.992187,"fp"
"PhonAlign",365.992187,366.052187,"b"
"PhonAlign",366.052187,366.332187,"U~/"
"PhonAlign",366.332187,366.362187,"l"
"PhonAlign",366.362187,366.432187,"A/"
"PhonAlign",366.432187,366.532187,"k"
"PhonAlign",366.532187,366.572187,"t"
"PhonAlign",366.572187,366.642187,"9"
"PhonAlign",366.642187,366.672187,"R"
"PhonAlign",366.672187,366.702187,"d"
"PhonAlign",366.702187,366.752187,"a~"
"PhonAlign",366.752187,366.782187,"t"
"PhonAlign",366.782187,366.812187,"i"
"PhonAlign",366.812187,367.002187,"t"
"PhonAlign",367.002187,367.062187,"A/"
"PhonAlign",367.062187,367.162187,"n"
"PhonAlign",367.162187,367.262187,"i"
"PhonAlign",367.262187,367.382187,"k"
"PhonAlign",367.382187,367.84,"fp"
"PhonAlign",367.84,368.32,"#"
"PhonAlign",368.32,368.46,"A/"
"PhonAlign",368.46,368.55,"Z"
"PhonAlign",368.55,368.875299,"@"
"PhonAlign",368.875299,369.846941,"#"
"PhonAlign",369.846941,369.976941,"u"
"PhonAlign",369.976941,370.126941,"i"
"PhonAlign",370.126941,370.156941,"v"
"PhonAlign",370.156941,370.226941,"w"
"PhonAlign",370.226941,370.426941,"A/"
"PhonAlign",370.426941,370.906941,"l"
"PhonAlign",370.906941,371.076941,"A/"
"PhonAlign",371.076941,372.574937,"laugh"
"PhonAlign",372.574937,463.615709,"#"
"PhonAlign",463.615709,463.885709,"m"
"PhonAlign",463.885709,464.165695,"m"
"PhonAlign",464.165695,551.652188,"#"
"PhonAlign",551.652188,552.349462,"m"
"PhonAlign",552.349462,553.761094,"#"
"PhonAlign",553.761094,554.1810939999999,"m"
"PhonAlign",554.1810939999999,554.2910939999999,"u"
"PhonAlign",554.2910939999999,554.494409,"e"
"PhonAlign",554.494409,596.38,"#"
"PhonAlign",596.38,596.75,"m"
"PhonAlign",596.75,634.508438,"#"
"PhonAlign",634.508438,634.858438,"u"
"PhonAlign",634.858438,635.435029,"i"
"PhonAlign",635.435029,635.585,"#"
"PhonAlign",635.585,635.7850000000001,"s"
"PhonAlign",635.7850000000001,635.9350000000001,"e"
"PhonAlign",635.9350000000001,636.1750000000001,"fp"
"PhonAlign",636.1750000000001,636.255,"d"
"PhonAlign",636.255,636.315,"y"
"PhonAlign",636.315,636.455,"k"
"PhonAlign",636.455,636.505,"u"
"PhonAlign",636.505,636.605,"fp"
"PhonAlign",636.605,636.715,"d"
"PhonAlign",636.715,636.755,"O/"
"PhonAlign",636.755,636.845,"k"
"PhonAlign",636.845,636.875,"y"
"PhonAlign",636.875,636.955,"m"
"PhonAlign",636.955,637.0550000000001,"a~"
"PhonAlign",637.0550000000001,637.135,"t"
"PhonAlign",637.135,637.245,"E"
"PhonAlign",637.245,637.39,"R"
"PhonAlign",637.39,638.125,"#"
"PhonAlign",638.125,638.215,"d"
"PhonAlign",638.215,638.295,"O~"
"PhonAlign",638.295,638.385,"k"
"PhonAlign",638.385,638.475,"U~/"
"PhonAlign",638.475,638.565,"p"
"PhonAlign",638.565,638.615,"2"
"PhonAlign",638.615,638.665,"d"
"PhonAlign",638.665,638.795,"a~"
"PhonAlign",638.795,638.825,"l"
"PhonAlign",638.825,638.905,"e"
"PhonAlign",638.905,638.985,"m"
"PhonAlign",638.985,639.065,"E"
"PhonAlign",639.065,639.195,"m"
"PhonAlign",639.195,639.74,"fp"
"PhonAlign",639.74,640.3,"#"
"PhonAlign",640.3,640.62,"noise"
"PhonAlign",640.62,640.72,"#"
"PhonAlign",640.72,641.0500000000001,"fp"
"PhonAlign",641.0500000000001,641.12,"l"
"PhonAlign",641.12,641.1800000000001,"e"
"PhonAlign",641.1800000000001,641.25,"m"
"PhonAlign",641.25,641.2900000000001,"E"
"PhonAlign",641.2900000000001,641.37,"m"
"PhonAlign",641.37,641.44,"R"
"PhonAlign",641.44,641.49,"2"
"PhonAlign",641.49,641.58,"Z"
"PhonAlign",641.58,641.63,"i"
"PhonAlign",641.63,641.69,"s"
"PhonAlign",641.69,641.75,"t"
"PhonAlign",641.75,641.78,"R"
"PhonAlign",641.78,641.8100000000001,"k"
"PhonAlign",641.8100000000001,641.9100000000001,"s"
"PhonAlign",641.9100000000001,641.96,"y"
"PhonAlign",641.96,642.03,"p"
"PhonAlign",642.03,642.12,"E"
"PhonAlign",642.12,642.15,"R"
"PhonAlign",642.15,642.1800000000001,"j"
"PhonAlign",642.1800000000001,642.24,"E"
"PhonAlign",642.24,642.27,"R"
"PhonAlign",642.27,642.49,"O/"
"PhonAlign",642.49,642.52,"l"
"PhonAlign",642.52,642.58,"@"
"PhonAlign",642.58,642.65,"d"
"PhonAlign",642.65,642.6800000000001,"O/"
"PhonAlign",642.6800000000001,642.77,"k"
"PhonAlign",642.77,642.8000000000001,"y"
"PhonAlign",642.8000000000001,642.85,"m"
"PhonAlign",642.85,642.9,"a~"
"PhonAlign",642.9,642.96,"t"
"PhonAlign",642.96,643.0,"E"
"PhonAlign",643.0,643.03,"R"
"PhonAlign",643.03,643.13,"s"
"PhonAlign",643.13,643.1600000000001,"e"
"PhonAlign",643.1600000000001,643.28,"U~/"
"PhonAlign",643.28,643.37,"p"
"PhonAlign",643.37,643.4100000000001,"O/"
"PhonAlign",643.4100000000001,643.45,"R"
"PhonAlign",643.45,643.57,"t"
"PhonAlign",643.57,643.76,"a~"
"PhonAlign",643.76,643.9100000000001,"t"
"PhonAlign",643.9100000000001,644.03,"p"
"PhonAlign",644.03,644.08,"A/"
"PhonAlign",644.08,644.11,"R"
"PhonAlign",644.11,644.14,"R"
"PhonAlign",644.14,644.19,"A/"
"PhonAlign",644.19,644.2900000000001,"p"
"PhonAlign",644.2900000000001,644.46,"O/"
"PhonAlign",644.46,644.755,"R"
"PhonAlign",644.755,645.325,"#"
"PhonAlign",645.325,645.595,"A/"
"PhonAlign",645.595,645.6850000000001,"n"
"PhonAlign",645.6850000000001,645.735,"O/"
"PhonAlign",645.735,646.005,"t"
"PhonAlign",646.005,646.0350000000001,"R"
"PhonAlign",646.0350000000001,646.1550000000001,"@"
"PhonAlign",646.1550000000001,646.225,"s"
"PhonAlign",646.225,646.255,"i"
"PhonAlign",646.255,646.325,"t"
"PhonAlign",646.325,646.865,"A/"
"PhonAlign",646.865,646.9250000000001,"s"
"PhonAlign",646.9250000000001,646.985,"j"
"PhonAlign",646.985,647.0150000000001,"O~"
"PhonAlign",647.0150000000001,647.135,"s"
"PhonAlign",647.135,647.1650000000001,"O/"
"PhonAlign",647.1650000000001,647.2650000000001,"s"
"PhonAlign",647.2650000000001,647.2950000000001,"j"
"PhonAlign",647.2950000000001,647.355,"e"
"PhonAlign",647.355,647.4250000000001,"t"
"PhonAlign",647.4250000000001,647.615,"A/"
"PhonAlign",647.615,647.6450000000001,"l"
"PhonAlign",647.6450000000001,647.71,"2"
"PhonAlign",647.71,648.42,"#"
"PhonAlign",648.42,648.87,"fp"
"PhonAlign",648.87,649.05,"p"
"PhonAlign",649.05,649.2299999999999,"u"
"PhonAlign",649.2299999999999,649.26,"R"
"PhonAlign",649.26,649.3499999999999,"k"
"PhonAlign",649.3499999999999,649.38,"l"
"PhonAlign",649.38,649.54,"e"
"PhonAlign",649.54,649.9,"p"
"PhonAlign",649.9,649.9399999999999,"E"
"PhonAlign",649.9399999999999,649.99,"R"
"PhonAlign",649.99,650.06,"s"
"PhonAlign",650.06,650.0899999999999,"O/"
"PhonAlign",650.0899999999999,650.13,"n"
"PhonAlign",650.13,650.2299999999999,"p"
"PhonAlign",650.2299999999999,650.26,"H"
"PhonAlign",650.26,650.29,"i"
"PhonAlign",650.29,650.3499999999999,"s"
"PhonAlign",650.3499999999999,650.41,"E"
"PhonAlign",650.41,650.4799999999999,"t"
"PhonAlign",650.4799999999999,650.5699999999999,"R"
"PhonAlign",650.5699999999999,650.64,"U~/"
"PhonAlign",650.64,650.79,"f"
"PhonAlign",650.79,650.9399999999999,"O/"
"PhonAlign",650.9399999999999,650.9699999999999,"R"
"PhonAlign",650.9699999999999,651.02,"m"
"PhonAlign",651.02,651.3299999999999,"e"
"PhonAlign",651.3299999999999,651.43,"z"
"PhonAlign",651.43,651.5799999999999,"p"
"PhonAlign",651.5799999999999,651.63,"A/"
"PhonAlign",651.63,651.75,"s"
"PhonAlign",651.75,651.87,"k"
"PhonAlign",651.87,652.1999999999999,"@"
"PhonAlign",652.1999999999999,652.24,"l"
"PhonAlign",652.24,652.3299999999999,"e"
"PhonAlign",652.3299999999999,652.39,"m"
"PhonAlign",652.39,652.4699999999999,"E"
"PhonAlign",652.4699999999999,652.56,"d"
"PhonAlign",652.56,652.66,"j"
"PhonAlign",652.66,652.9,"A/"
"PhonAlign",652.9,653.01,"Z"
"PhonAlign",653.01,653.342284,"E"
"PhonAlign",653.342284,653.88,"#"
"PhonAlign",653.88,654.02,"i"
"PhonAlign",654.02,654.12,"d"
"PhonAlign",654.12,654.16,"O/"
"PhonAlign",654.16,654.22,"n"
"PhonAlign",654.22,654.25,"d"
"PhonAlign",654.25,654.29,"E"
"PhonAlign",654.29,654.35,"z"
"PhonAlign",654.35,654.4399999999999,"U~/"
"PhonAlign",654.4399999999999,654.5,"f"
"PhonAlign",654.5,654.57,"O/"
"PhonAlign",654.57,654.6,"R"
"PhonAlign",654.6,654.64,"m"
"PhonAlign",654.64,654.73,"A/"
"PhonAlign",654.73,654.85,"s"
"PhonAlign",654.85,654.88,"j"
"PhonAlign",654.88,654.93,"O~"
"PhonAlign",654.93,655.09,"m"
"PhonAlign",655.09,655.24,"e"
"PhonAlign",655.24,655.67,"fp"
"PhonAlign",655.67,656.435,"#"
"PhonAlign",656.435,656.5849999999999,"m"
"PhonAlign",656.5849999999999,656.7349999999999,"E"
"PhonAlign",656.7349999999999,656.8449999999999,"S"
"PhonAlign",656.8449999999999,656.875,"t"
"PhonAlign",656.875,656.935,"R"
"PhonAlign",656.935,656.9749999999999,"u"
"PhonAlign",656.9749999999999,657.005,"v"
"PhonAlign",657.005,657.0649999999999,"k"
"PhonAlign",657.0649999999999,657.0949999999999,"s"
"PhonAlign",657.0949999999999,657.185,"e"
"PhonAlign",657.185,657.2149999999999,"d"
"PhonAlign",657.2149999999999,657.3149999999999,"U~/"
"PhonAlign",657.3149999999999,657.3649999999999,"f"
"PhonAlign",657.3649999999999,657.395,"O/"
"PhonAlign",657.395,657.425,"R"
"PhonAlign",657.425,657.4649999999999,"m"
"PhonAlign",657.4649999999999,657.525,"A/"
"PhonAlign",657.525,657.6049999999999,"s"
"PhonAlign",657.6049999999999,657.635,"j"
"PhonAlign",657.635,657.675,"O~"
"PhonAlign",657.675,657.755,"A/"
"PhonAlign",657.755,657.875,"s"
"PhonAlign",657.875,657.915,"e"
"PhonAlign",657.915,658.035,"A/"
"PhonAlign",658.035,658.185,"S"
"PhonAlign",658.185,658.3249999999999,"O/"
"PhonAlign",658.3249999999999,658.665,"t"
"PhonAlign",658.665,658.8349999999999,"s"
"PhonAlign",658.8349999999999,658.8649999999999,"e"
"PhonAlign",658.8649999999999,658.9449999999999,"d"
"PhonAlign",658.9449999999999,659.1949999999999,"e"
"PhonAlign",659.1949999999999,659.555,"z"
"PhonAlign",659.555,659.665,"n"
"PhonAlign",659.665,659.7349999999999,"j"
"PhonAlign",659.7349999999999,659.8249999999999,"u"
"PhonAlign",659.8249999999999,659.933567,"z"
"PhonAlign",659.933567,660.177514,"#"
"PhonAlign",660.177514,660.2175139999999,"e"
"PhonAlign",660.2175139999999,660.297514,"d"
"PhonAlign",660.297514,660.387514,"y"
"PhonAlign",660.387514,660.5875139999999,"k"
"PhonAlign",660.5875139999999,660.7375139999999,"u"
"PhonAlign",660.7375139999999,660.767514,"l"
"PhonAlign",660.767514,660.867514,"E"
"PhonAlign",660.867514,660.937514,"d"
"PhonAlign",660.937514,660.9675139999999,"O/"
"PhonAlign",660.9675139999999,661.017514,"k"
"PhonAlign",661.017514,661.047514,"y"
"PhonAlign",661.047514,661.0875139999999,"m"
"PhonAlign",661.0875139999999,661.167514,"a~"
"PhonAlign",661.167514,661.2175139999999,"t"
"PhonAlign",661.2175139999999,661.257514,"E"
"PhonAlign",661.257514,661.297514,"R"
"PhonAlign",661.297514,661.367514,"s"
"PhonAlign",661.367514,661.397514,"e"
"PhonAlign",661.397514,661.437514,"b"
"PhonAlign",661.437514,661.4775139999999,"O/"
"PhonAlign",661.4775139999999,661.527514,"k"
"PhonAlign",661.527514,661.5875139999999,"u"
"PhonAlign",661.5875139999999,661.627514,"p"
"PhonAlign",661.627514,661.657514,"l"
"PhonAlign",661.657514,661.687514,"y"
"PhonAlign",661.687514,661.787514,"p"
"PhonAlign",661.787514,661.8375139999999,"u"
"PhonAlign",661.8375139999999,661.9675139999999,"s"
"PhonAlign",661.9675139999999,662.047514,"e"
"PhonAlign",662.047514,662.127514,"p"
"PhonAlign",662.127514,662.157514,"l"
"PhonAlign",662.157514,662.187514,"y"
"PhonAlign",662.187514,662.2375139999999,"R"
"PhonAlign",662.2375139999999,662.267514,"2"
"PhonAlign",662.267514,662.3575139999999,"S"
"PhonAlign",662.3575139999999,662.387514,"E"
"PhonAlign",662.387514,662.457514,"R"
"PhonAlign",662.457514,662.567514,"S"
"PhonAlign",662.567514,662.704845,"e"
"PhonAlign",662.704845,663.715,"#"
"PhonAlign",663.715,663.8050000000001,"d"
"PhonAlign",663.8050000000001,663.955,"O~"
"PhonAlign",663.955,664.0550000000001,"k"
"PhonAlign",664.0550000000001,664.085,"Z"
"PhonAlign",664.085,664.6850000000001,"@"
"PhonAlign",664.6850000000001,664.835,"t"
"PhonAlign",664.835,664.875,"R"
"PhonAlign",664.875,664.9150000000001,"u"
"PhonAlign",664.9150000000001,664.945,"v"
"PhonAlign",664.945,665.025,"s"
"PhonAlign",665.025,665.075,"A/"
"PhonAlign",665.075,665.1850000000001,"U~/"
"PhonAlign",665.1850000000001,665.245,"t"
"PhonAlign",665.245,665.315,"E"
"PhonAlign",665.315,665.345,"R"
"PhonAlign",665.345,665.4050000000001,"E"
"PhonAlign",665.4050000000001,665.495,"s"
"PhonAlign",665.495,665.585,"a~"
"PhonAlign",665.585,665.625,"d"
"PhonAlign",665.625,665.725,"@"
"PhonAlign",665.725,665.845,"f"
"PhonAlign",665.845,665.875,"E"
"PhonAlign",665.875,665.9150000000001,"R"
"PhonAlign",665.9150000000001,666.025,"p"
"PhonAlign",666.025,666.065,"A/"
"PhonAlign",666.065,666.135,"R"
"PhonAlign",666.135,666.215,"t"
"PhonAlign",666.215,666.2850000000001,"A/"
"PhonAlign",666.2850000000001,666.4050000000001,"Z"
"PhonAlign",666.4050000000001,666.5550000000001,"e"
"PhonAlign",666.5550000000001,666.84,"fp"
"PhonAlign",666.84,667.695,"#"
"PhonAlign",667.695,667.735,"d"
"PhonAlign",667.735,668.51,"fp"
"PhonAlign",668.51,669.67,"#"
"PhonAlign",669.67,670.535,"fp"
"PhonAlign",670.535,670.72,"#"
"PhonAlign",670.72,670.86,"s"
"PhonAlign",670.86,670.89,"E"
"PhonAlign",670.89,670.9200000000001,"R"
"PhonAlign",670.9200000000001,670.98,"t"
"PhonAlign",670.98,671.0600000000001,"U~/"
"PhonAlign",671.0600000000001,671.1,"d"
"PhonAlign",671.1,671.13,"O/"
"PhonAlign",671.13,671.23,"k"
"PhonAlign",671.23,671.27,"y"
"PhonAlign",671.27,671.32,"m"
"PhonAlign",671.32,671.4100000000001,"a~"
"PhonAlign",671.4100000000001,671.49,"t"
"PhonAlign",671.49,671.59,"E"
"PhonAlign",671.59,671.63,"R"
"PhonAlign",671.63,671.73,"A/"
"PhonAlign",671.73,671.76,"d"
"PhonAlign",671.76,672.01,"e"
"PhonAlign",672.01,672.18,"z"
"PhonAlign",672.18,672.975,"#"
"PhonAlign",672.975,673.49,"fp"
"PhonAlign",673.49,673.835,"#"
"PhonAlign",673.835,673.945,"O/"
"PhonAlign",673.945,674.0350000000001,"s"
"PhonAlign",674.0350000000001,674.115,"p"
"PhonAlign",674.115,674.1550000000001,"E"
"PhonAlign",674.1550000000001,674.215,"k"
"PhonAlign",674.215,674.2850000000001,"t"
"PhonAlign",674.2850000000001,674.365,"A/"
"PhonAlign",674.365,674.465,"t"
"PhonAlign",674.465,674.605,"9"
"PhonAlign",674.605,674.695,"R"
"PhonAlign",674.695,674.7750000000001,"k"
"PhonAlign",674.7750000000001,674.855,"O/"
"PhonAlign",674.855,674.885,"m"
"PhonAlign",674.885,674.965,"@"
"PhonAlign",674.965,675.015,"p"
"PhonAlign",675.015,675.105,"A/"
"PhonAlign",675.105,675.135,"R"
"PhonAlign",675.135,675.1750000000001,"e"
"PhonAlign",675.1750000000001,675.205,"g"
"PhonAlign",675.205,675.265,"z"
"PhonAlign",675.265,675.335,"a~"
"PhonAlign",675.335,675.4250000000001,"p"
"PhonAlign",675.4250000000001,675.475,"l"
"PhonAlign",675.475,675.6750000000001,"fp"
"PhonAlign",675.6750000000001,675.825,"S"
"PhonAlign",675.825,675.9350000000001,"s"
"PhonAlign",675.9350000000001,675.975,"e"
"PhonAlign",675.975,676.0350000000001,"p"
"PhonAlign",676.0350000000001,676.085,"A/"
"PhonAlign",676.085,676.205,"s"
"PhonAlign",676.205,676.235,"v"
"PhonAlign",676.235,676.265,"u"
"PhonAlign",676.265,676.345,"z"
"PhonAlign",676.345,676.4150000000001,"A/"
"PhonAlign",676.4150000000001,676.445,"v"
"PhonAlign",676.445,676.575,"e"
"PhonAlign",676.575,676.645,"v"
"PhonAlign",676.645,676.695,"y"
"PhonAlign",676.695,676.725,"l"
"PhonAlign",676.725,676.885,"e"
"PhonAlign",676.885,676.9150000000001,"f"
"PhonAlign",676.9150000000001,677.065,"i"
"PhonAlign",677.065,677.095,"l"
"PhonAlign",677.095,677.125,"m"
"PhonAlign",677.125,677.315,"fp"
"PhonAlign",677.315,677.4350000000001,"s"
"PhonAlign",677.4350000000001,677.465,"n"
"PhonAlign",677.465,677.5250000000001,"A/"
"PhonAlign",677.5250000000001,677.5550000000001,"O/"
"PhonAlign",677.5550000000001,677.615,"d"
"PhonAlign",677.615,677.735,"E"
"PhonAlign",677.735,677.98,"n"
"PhonAlign",677.98,679.246616,"#"
"PhonAlign",679.246616,679.386616,"n"
"PhonAlign",679.386616,679.556616,"O~"
"PhonAlign",679.556616,679.615313,"n"
"PhonAlign",679.615313,681.59,"#"
"PhonAlign",681.59,681.6600000000001,"u"
"PhonAlign",681.6600000000001,681.74,"i"
"PhonAlign",681.74,681.85,"S"
"PhonAlign",681.85,681.88,"l"
"PhonAlign",681.88,681.95,"e"
"PhonAlign",681.95,682.09,"v"
"PhonAlign",682.09,682.12,"y"
"PhonAlign",682.12,682.1700000000001,"d"
"PhonAlign",682.1700000000001,682.27,"y"
"PhonAlign",682.27,682.4300000000001,"k"
"PhonAlign",682.4300000000001,682.6,"u"
"PhonAlign",682.6,682.96,"p"
"PhonAlign",682.96,683.0500000000001,"A/"
"PhonAlign",683.0500000000001,683.19,"R"
"PhonAlign",683.19,683.37,"k"
"PhonAlign",683.37,683.45,"O~"
"PhonAlign",683.45,683.51,"t"
"PhonAlign",683.51,683.5400000000001,"l"
"PhonAlign",683.5400000000001,683.74,"e"
"PhonAlign",683.74,683.98,"fp"
"PhonAlign",683.98,684.01,"#"
"PhonAlign",684.01,684.0400000000001,"l"
"PhonAlign",684.0400000000001,684.07,"e"
"PhonAlign",684.07,684.14,"z"
"PhonAlign",684.14,684.2,"U~/"
"PhonAlign",684.2,684.25,"k"
"PhonAlign",684.25,684.3100000000001,"O~"
"PhonAlign",684.3100000000001,684.34,"v"
"PhonAlign",684.34,684.39,"E"
"PhonAlign",684.39,684.4200000000001,"n"
"PhonAlign",684.4200000000001,684.47,"j"
"PhonAlign",684.47,684.5300000000001,"a~"
"PhonAlign",684.5300000000001,684.57,"d"
"PhonAlign",684.57,684.61,"E"
"PhonAlign",684.61,684.6700000000001,"d"
"PhonAlign",684.6700000000001,684.7,"O/"
"PhonAlign",684.7,684.74,"k"
"PhonAlign",684.74,684.77,"y"
"PhonAlign",684.77,684.8000000000001,"m"
"PhonAlign",684.8000000000001,684.88,"a~"
"PhonAlign",684.88,684.94,"t"
"PhonAlign",684.94,684.97,"E"
"PhonAlign",684.97,685.0,"R"
"PhonAlign",685.0,685.07,"s"
"PhonAlign",685.07,685.12,"e"
"PhonAlign",685.12,685.1600000000001,"k"
"PhonAlign",685.1600000000001,685.23,"s"
"PhonAlign",685.23,685.26,"e"
"PhonAlign",685.26,685.34,"A/"
"PhonAlign",685.34,685.47,"s"
"PhonAlign",685.47,685.5500000000001,"e"
"PhonAlign",685.5500000000001,685.58,"l"
"PhonAlign",685.58,685.732167,"O~"
"PhonAlign",685.732167,686.06,"#"
"PhonAlign",686.06,686.27,"d"
"PhonAlign",686.27,686.3699999999999,"O~"
"PhonAlign",686.3699999999999,686.4399999999999,"S"
"PhonAlign",686.4399999999999,686.55,"p"
"PhonAlign",686.55,686.63,"a~"
"PhonAlign",686.63,686.7299999999999,"s"
"PhonAlign",686.7299999999999,686.8199999999999,"p"
"PhonAlign",686.8199999999999,686.93,"A/"
"PhonAlign",686.93,687.0999999999999,"k"
"PhonAlign",687.0999999999999,687.765,"fp"
"PhonAlign",687.765,688.08,"#"
"PhonAlign",688.08,688.13,"l"
"PhonAlign",688.13,688.355,"@"
"PhonAlign",688.355,688.6,"#"
"PhonAlign",688.6,688.66,"p"
"PhonAlign",688.66,688.72,"y"
"PhonAlign",688.72,688.78,"b"
"PhonAlign",688.78,688.8100000000001,"l"
"PhonAlign",688.8100000000001,688.9,"i"
"PhonAlign",688.9,688.99,"k"
"PhonAlign",688.99,689.3100000000001,"fp"
"PhonAlign",689.3100000000001,689.34,"a~"
"PhonAlign",689.34,689.8100000000001,"f"
"PhonAlign",689.8100000000001,690.09,"U~/"
"PhonAlign",690.09,690.12,"O/"
"PhonAlign",690.12,690.15,"R"
"PhonAlign",690.15,690.22,"A/"
"PhonAlign",690.22,690.3000000000001,"t"
"PhonAlign",690.3000000000001,690.34,"u"
"PhonAlign",690.34,690.37,"t"
"PhonAlign",690.37,690.4,"l"
"PhonAlign",690.4,690.47,"A/"
"PhonAlign",690.47,690.52,"t"
"PhonAlign",690.52,690.59,"a~"
"PhonAlign",690.59,690.6700000000001,"s"
"PhonAlign",690.6700000000001,690.7,"j"
"PhonAlign",690.7,690.75,"O~"
"PhonAlign",690.75,690.8000000000001,"s"
"PhonAlign",690.8000000000001,690.83,"y"
"PhonAlign",690.83,690.91,"R"
"PhonAlign",690.91,690.94,"l"
"PhonAlign",690.94,690.97,"d"
"PhonAlign",690.97,691.0,"O/"
"PhonAlign",691.0,691.0600000000001,"k"
"PhonAlign",691.0600000000001,691.09,"y"
"PhonAlign",691.09,691.12,"m"
"PhonAlign",691.12,691.16,"a~"
"PhonAlign",691.16,691.22,"t"
"PhonAlign",691.22,691.25,"E"
"PhonAlign",691.25,691.28,"R"
"PhonAlign",691.28,691.36,"p"
"PhonAlign",691.36,691.49,"a~"
"PhonAlign",691.49,691.52,"d"
"PhonAlign",691.52,691.5500000000001,"a~"
"PhonAlign",691.5500000000001,691.6,"d"
"PhonAlign",691.6,691.66,"2"
"PhonAlign",691.66,691.73,"z"
"PhonAlign",691.73,691.8100000000001,"9"
"PhonAlign",691.8100000000001,691.84,"R"
"PhonAlign",691.84,691.9,"t"
"PhonAlign",691.9,691.95,"R"
"PhonAlign",691.95,691.98,"w"
"PhonAlign",691.98,692.02,"A/"
"PhonAlign",692.02,692.09,"z"
"PhonAlign",692.09,692.21,"9"
"PhonAlign",692.21,692.35,"R"
"PhonAlign",692.35,692.51,"fp"
"PhonAlign",692.51,693.35,"#"
"PhonAlign",693.35,693.992813,"laugh"
"PhonAlign",693.992813,696.254063,"#"
"PhonAlign",696.254063,696.974063,"fp"
"PhonAlign",696.974063,697.004063,"w"
"PhonAlign",697.004063,697.064063,"E"
"PhonAlign",697.064063,700.67,"#"
"PhonAlign",700.67,700.860938,"m"
"PhonAlign",700.860938,702.425,"#"
"PhonAlign",702.425,702.4649999999999,"A/"
"PhonAlign",702.4649999999999,702.495,"p"
"PhonAlign",702.495,702.545,"R"
"PhonAlign",702.545,702.785,"E"
"PhonAlign",702.785,703.68,"fp"
"PhonAlign",703.68,704.225,"#"
"PhonAlign",704.225,704.265,"A/"
"PhonAlign",704.265,704.3050000000001,"p"
"PhonAlign",704.3050000000001,704.335,"R"
"PhonAlign",704.335,704.725,"e"
"PhonAlign",704.725,704.815,"z"
"PhonAlign",704.815,704.845,"j"
"PhonAlign",704.845,704.875,"A/"
"PhonAlign",704.875,704.905,"@"
"PhonAlign",704.905,704.9350000000001,"b"
"PhonAlign",704.9350000000001,704.965,"O/"
"PhonAlign",704.965,705.0450000000001,"k"
"PhonAlign",705.0450000000001,705.085,"u"
"PhonAlign",705.085,705.155,"d"
"PhonAlign",705.155,705.285,"@"
"PhonAlign",705.285,705.315,"d"
"PhonAlign",705.315,705.385,"O/"
"PhonAlign",705.385,705.5550000000001,"k"
"PhonAlign",705.5550000000001,705.585,"y"
"PhonAlign",705.585,705.615,"m"
"PhonAlign",705.615,705.6650000000001,"a~"
"PhonAlign",705.6650000000001,705.715,"t"
"PhonAlign",705.715,705.765,"E"
"PhonAlign",705.765,705.7950000000001,"R"
"PhonAlign",705.7950000000001,705.875,"k"
"PhonAlign",705.875,705.9350000000001,"s"
"PhonAlign",705.9350000000001,706.005,"O~"
"PhonAlign",706.005,706.105,"s"
"PhonAlign",706.105,706.145,"O/"
"PhonAlign",706.145,706.1750000000001,"R"
"PhonAlign",706.1750000000001,706.335,"t"
"PhonAlign",706.335,706.515,"i"
"PhonAlign",706.515,706.845,"fp"
"PhonAlign",706.845,706.945,"p"
"PhonAlign",706.945,706.995,"A/"
"PhonAlign",706.995,707.025,"R"
"PhonAlign",707.025,707.085,"A/"
"PhonAlign",707.085,707.1750000000001,"p"
"PhonAlign",707.1750000000001,707.245,"O/"
"PhonAlign",707.245,707.315,"R"
"PhonAlign",707.315,707.355,"A/"
"PhonAlign",707.355,707.405,"l"
"PhonAlign",707.405,707.485,"a~"
"PhonAlign",707.485,707.5550000000001,"v"
"PhonAlign",707.5550000000001,707.615,"i"
"PhonAlign",707.615,707.705,"R"
"PhonAlign",707.705,707.775,"O/"
"PhonAlign",707.775,707.855,"n"
"PhonAlign",707.855,707.9150000000001,"m"
"PhonAlign",707.9150000000001,708.145,"a~"
"PhonAlign",708.145,708.423426,"fp"
"PhonAlign",708.423426,709.22,"#"
"PhonAlign",709.22,710.1,"@"
"PhonAlign",710.1,710.4,"m"
"PhonAlign",710.4,710.61895,"#"
"PhonAlign",710.61895,710.7089500000001,"Z"
"PhonAlign",710.7089500000001,710.76895,"a~"
"PhonAlign",710.76895,710.85895,"p"
"PhonAlign",710.85895,710.92895,"a~"
"PhonAlign",710.92895,711.02895,"s"
"PhonAlign",711.02895,711.14895,"A/"
"PhonAlign",711.14895,711.3189500000001,"U~/"
"PhonAlign",711.3189500000001,711.39895,"m"
"PhonAlign",711.39895,711.4589500000001,"E"
"PhonAlign",711.4589500000001,711.5889500000001,"Z"
"PhonAlign",711.5889500000001,711.87895,"@"
"PhonAlign",711.87895,711.97895,"m"
"PhonAlign",711.97895,712.0689500000001,"s"
"PhonAlign",712.0689500000001,712.0989500000001,"u"
"PhonAlign",712.0989500000001,712.13895,"v"
"PhonAlign",712.13895,712.16895,"j"
"PhonAlign",712.16895,712.28895,"U~/"
"PhonAlign",712.28895,712.48895,"p"
"PhonAlign",712.48895,712.51895,"l"
"PhonAlign",712.51895,712.54895,"y"
"PhonAlign",712.54895,713.2189500000001,"fp"
"PhonAlign",713.2189500000001,713.25895,"l"
"PhonAlign",713.25895,713.3389500000001,"U~/"
"PhonAlign",713.3389500000001,713.7089500000001,"t"
"PhonAlign",713.7089500000001,713.9589500000001,"i"
"PhonAlign",713.9589500000001,714.54895,"t"
"PhonAlign",714.54895,714.5789500000001,"y"
"PhonAlign",714.5789500000001,714.60895,"l"
"PhonAlign",714.60895,714.645,"e"
"PhonAlign",714.645,715.065,"#"
"PhonAlign",715.065,715.98,"fp"
"PhonAlign",715.98,716.98,"#"
"PhonAlign",716.98,717.14,"S"
"PhonAlign",717.14,717.24,"s"
"PhonAlign",717.24,717.3100000000001,"e"
"PhonAlign",717.3100000000001,717.36,"p"
"PhonAlign",717.36,717.39,"l"
"PhonAlign",717.39,717.45,"y"
"PhonAlign",717.45,717.5600000000001,"u"
"PhonAlign",717.5600000000001,717.82,"O~"
"PhonAlign",717.82,717.9,"v"
"PhonAlign",717.9,718.0,"w"
"PhonAlign",718.0,718.1,"A/"
"PhonAlign",718.1,718.13,"l"
"PhonAlign",718.13,718.3100000000001,"e"
"PhonAlign",718.3100000000001,718.61,"fp"
"PhonAlign",718.61,718.64,"l"
"PhonAlign",718.64,718.8100000000001,"e"
"PhonAlign",718.8100000000001,718.94,"f"
"PhonAlign",718.94,719.0500000000001,"O/"
"PhonAlign",719.0500000000001,719.21,"k"
"PhonAlign",719.21,719.28,"z"
"PhonAlign",719.28,719.33,"a~"
"PhonAlign",719.33,719.7,"f"
"PhonAlign",719.7,719.84,"U~/"
"PhonAlign",719.84,719.95,"t"
"PhonAlign",719.95,720.0500000000001,"O~"
"PhonAlign",720.0500000000001,720.11,"b"
"PhonAlign",720.11,720.32,"e"
"PhonAlign",720.32,720.38,"R"
"PhonAlign",720.38,720.49,"p"
"PhonAlign",720.49,720.57,"s"
"PhonAlign",720.57,720.69,"k"
"PhonAlign",720.69,720.76,"i"
"PhonAlign",720.76,720.85,"O~"
"PhonAlign",720.85,720.91,"t"
"PhonAlign",720.91,720.95,"p"
"PhonAlign",720.95,720.98,"l"
"PhonAlign",720.98,721.03,"y"
"PhonAlign",721.03,721.11,"d"
"PhonAlign",721.11,721.14,"g"
"PhonAlign",721.14,721.1700000000001,"l"
"PhonAlign",721.1700000000001,721.3000000000001,"A/"
"PhonAlign",721.3000000000001,721.4300000000001,"s"
"PhonAlign",721.4300000000001,721.89,"@"
"PhonAlign",721.89,721.9200000000001,"d"
"PhonAlign",721.9200000000001,721.95,"l"
"PhonAlign",721.95,722.03,"A/"
"PhonAlign",722.03,722.15,"f"
"PhonAlign",722.15,722.23,"A/"
"PhonAlign",722.23,722.26,"l"
"PhonAlign",722.26,722.39,"E"
"PhonAlign",722.39,722.47,"z"
"PhonAlign",722.47,722.5,"E"
"PhonAlign",722.5,722.57,"t"
"PhonAlign",722.57,722.64,"s"
"PhonAlign",722.64,722.6700000000001,"E"
"PhonAlign",722.6700000000001,722.71,"t"
"PhonAlign",722.71,722.74,"E"
"PhonAlign",722.74,722.77,"R"
"PhonAlign",722.77,722.8000000000001,"A/"
"PhonAlign",722.8000000000001,722.9,"a~"
"PhonAlign",722.9,723.01,"f"
"PhonAlign",723.01,723.1,"U~/"
"PhonAlign",723.1,723.22,"v"
"PhonAlign",723.22,723.25,"l"
"PhonAlign",723.25,723.439688,"A/"
"PhonAlign",723.439688,724.715,"#"
"PhonAlign",724.715,724.8050000000001,"a~"
"PhonAlign",724.8050000000001,724.9150000000001,"s"
"PhonAlign",724.9150000000001,724.965,"H"
"PhonAlign",724.965,725.015,"i"
"PhonAlign",725.015,725.145,"t"
"PhonAlign",725.145,725.4250000000001,"fp"
"PhonAlign",725.4250000000001,725.475,"j"
"PhonAlign",725.475,725.5350000000001,"O/"
"PhonAlign",725.5350000000001,725.645,"s"
"PhonAlign",725.645,725.6750000000001,"i"
"PhonAlign",725.6750000000001,725.705,"d"
"PhonAlign",725.705,725.745,"e"
"PhonAlign",725.745,725.775,"d"
"PhonAlign",725.775,725.8050000000001,"O/"
"PhonAlign",725.8050000000001,725.835,"k"
"PhonAlign",725.835,725.865,"y"
"PhonAlign",725.865,725.895,"m"
"PhonAlign",725.895,725.985,"a~"
"PhonAlign",725.985,726.065,"t"
"PhonAlign",726.065,726.145,"E"
"PhonAlign",726.145,726.1750000000001,"R"
"PhonAlign",726.1750000000001,726.455,"fp"
"PhonAlign",726.455,726.695,"s"
"PhonAlign",726.695,726.745,"y"
"PhonAlign",726.745,726.845,"R"
"PhonAlign",726.845,727.245,"fp"
"PhonAlign",727.245,727.345,"l"
"PhonAlign",727.345,727.4150000000001,"A/"
"PhonAlign",727.4150000000001,727.5350000000001,"s"
"PhonAlign",727.5350000000001,727.575,"O/"
"PhonAlign",727.575,727.6750000000001,"s"
"PhonAlign",727.6750000000001,727.705,"j"
"PhonAlign",727.705,727.745,"e"
"PhonAlign",727.745,727.835,"t"
"PhonAlign",727.835,727.9350000000001,"e"
"PhonAlign",727.9350000000001,728.005,"k"
"PhonAlign",728.005,728.0550000000001,"O/"
"PhonAlign",728.0550000000001,728.115,"m"
"PhonAlign",728.115,728.3050000000001,"fp"
"PhonAlign",728.3050000000001,728.335,"S"
"PhonAlign",728.335,728.4050000000001,"A/"
"PhonAlign",728.4050000000001,728.465,"p"
"PhonAlign",728.465,728.495,"p"
"PhonAlign",728.495,728.565,"i"
"PhonAlign",728.565,728.605,"n"
"PhonAlign",728.605,728.745,"E"
"PhonAlign",728.745,728.9250000000001,"s"
"PhonAlign",728.9250000000001,729.075,"S"
"PhonAlign",729.075,729.125,"s"
"PhonAlign",729.125,729.1650000000001,"p"
"PhonAlign",729.1650000000001,729.215,"A/"
"PhonAlign",729.215,729.345,"s"
"PhonAlign",729.345,729.375,"i"
"PhonAlign",729.375,729.4150000000001,"v"
"PhonAlign",729.4150000000001,729.495,"u"
"PhonAlign",729.495,729.5350000000001,"l"
"PhonAlign",729.5350000000001,729.585,"A/"
"PhonAlign",729.585,729.6850000000001,"v"
"PhonAlign",729.6850000000001,729.765,"e"
"PhonAlign",729.765,729.875,"v"
"PhonAlign",729.875,730.015,"y"
"PhonAlign",730.015,732.005,"#"
"PhonAlign",732.005,732.175,"s"
"PhonAlign",732.175,732.295,"A/"
"PhonAlign",732.295,732.405,"p"
"PhonAlign",732.405,732.545,"A/"
"PhonAlign",732.545,732.575,"R"
"PhonAlign",732.575,732.605,"l"
"PhonAlign",732.605,732.875,"fp"
"PhonAlign",732.875,732.955,"d"
"PhonAlign",732.955,733.025,"y"
"PhonAlign",733.025,733.095,"b"
"PhonAlign",733.095,733.165,"O/"
"PhonAlign",733.165,733.235,"n"
"PhonAlign",733.235,733.335,"9"
"PhonAlign",733.335,733.377479,"R"
"PhonAlign",733.377479,733.53,"#"
"PhonAlign",733.53,733.5799999999999,"k"
"PhonAlign",733.5799999999999,733.62,"O/"
"PhonAlign",733.62,733.66,"m"
"PhonAlign",733.66,733.79,"a~"
"PhonAlign",733.79,733.88,"s"
"PhonAlign",733.88,734.01,"k"
"PhonAlign",734.01,734.37,"fp"
"PhonAlign",734.37,734.43,"l"
"PhonAlign",734.43,734.48,"@"
"PhonAlign",734.48,734.5799999999999,"b"
"PhonAlign",734.5799999999999,734.62,"O/"
"PhonAlign",734.62,734.68,"n"
"PhonAlign",734.68,734.75,"9"
"PhonAlign",734.75,734.78,"R"
"PhonAlign",734.78,734.92,"s"
"PhonAlign",734.92,735.425,"@"
"PhonAlign",735.425,736.085,"#"
"PhonAlign",736.085,736.195,"s"
"PhonAlign",736.195,736.255,"@"
"PhonAlign",736.255,736.335,"t"
"PhonAlign",736.335,736.4250000000001,"R"
"PhonAlign",736.4250000000001,736.515,"u"
"PhonAlign",736.515,736.5450000000001,"v"
"PhonAlign",736.5450000000001,736.625,"s"
"PhonAlign",736.625,736.6750000000001,"@"
"PhonAlign",736.6750000000001,736.755,"k"
"PhonAlign",736.755,736.835,"O~"
"PhonAlign",736.835,736.9150000000001,"s"
"PhonAlign",736.9150000000001,736.945,"t"
"PhonAlign",736.945,737.015,"R"
"PhonAlign",737.015,737.0550000000001,"y"
"PhonAlign",737.0550000000001,737.085,"i"
"PhonAlign",737.085,737.4150000000001,"e"
"PhonAlign",737.4150000000001,737.705,"fp"
"PhonAlign",737.705,737.7950000000001,"#"
"PhonAlign",737.7950000000001,737.975,"e"
"PhonAlign",737.975,738.0350000000001,"j"
"PhonAlign",738.0350000000001,738.075,"A/"
"PhonAlign",738.075,738.145,"p"
"PhonAlign",738.145,738.215,"A/"
"PhonAlign",738.215,738.245,"m"
"PhonAlign",738.245,738.325,"A/"
"PhonAlign",738.325,738.4250000000001,"l"
"PhonAlign",738.4250000000001,738.455,"d"
"PhonAlign",738.455,738.505,"S"
"PhonAlign",738.505,738.5350000000001,"O/"
"PhonAlign",738.5350000000001,738.575,"z"
"PhonAlign",738.575,738.6650000000001,"U~/"
"PhonAlign",738.6650000000001,738.725,"t"
"PhonAlign",738.725,738.7850000000001,"E"
"PhonAlign",738.7850000000001,738.815,"R"
"PhonAlign",738.815,738.895,"E"
"PhonAlign",738.895,738.995,"s"
"PhonAlign",738.995,739.095,"a~"
"PhonAlign",739.095,739.1750000000001,"t"
"PhonAlign",739.1750000000001,739.345,"a~"
"PhonAlign",739.345,739.455,"f"
"PhonAlign",739.455,739.5450000000001,"U~/"
"PhonAlign",739.5450000000001,739.605,"m"
"PhonAlign",739.605,739.635,"w"
"PhonAlign",739.635,739.6850000000001,"A/"
"PhonAlign",739.6850000000001,739.7750000000001,"s"
"PhonAlign",739.7750000000001,739.8050000000001,"m"
"PhonAlign",739.8050000000001,740.1550000000001,"A/"
"PhonAlign",740.1550000000001,740.2850000000001,"A/"
"PhonAlign",740.2850000000001,740.375,"s"
"PhonAlign",740.375,740.4250000000001,"e"
"PhonAlign",740.4250000000001,740.5450000000001,"s"
"PhonAlign",740.5450000000001,740.575,"y"
"PhonAlign",740.575,740.605,"R"
"PhonAlign",740.605,740.725,"p"
"PhonAlign",740.725,740.7950000000001,"R"
"PhonAlign",740.7950000000001,740.963168,"i"
"PhonAlign",740.963168,741.806061,"#"
"PhonAlign",741.806061,742.046061,"fp"
"PhonAlign",742.046061,742.266061,"k"
"PhonAlign",742.266061,742.556061,"@"
"PhonAlign",742.556061,743.125,"fp"
"PhonAlign",743.125,743.23,"#"
"PhonAlign",743.23,743.28,"t"
"PhonAlign",743.28,743.35,"R"
"PhonAlign",743.35,743.49,"a~"
"PhonAlign",743.49,743.65,"t"
"PhonAlign",743.65,743.6800000000001,"u"
"PhonAlign",743.6800000000001,743.73,"k"
"PhonAlign",743.73,743.78,"A/"
"PhonAlign",743.78,743.82,"R"
"PhonAlign",743.82,743.91,"a~"
"PhonAlign",743.91,743.96,"t"
"PhonAlign",743.96,744.03,"p"
"PhonAlign",744.03,744.07,"u"
"PhonAlign",744.07,744.12,"R"
"PhonAlign",744.12,744.19,"s"
"PhonAlign",744.19,744.26,"a~"
"PhonAlign",744.26,744.29,"d"
"PhonAlign",744.29,744.33,"n"
"PhonAlign",744.33,744.36,"O/"
"PhonAlign",744.36,744.39,"t"
"PhonAlign",744.39,744.49,"b"
"PhonAlign",744.49,744.54,"O/"
"PhonAlign",744.54,744.62,"n"
"PhonAlign",744.62,744.73,"9"
"PhonAlign",744.73,744.77,"R"
"PhonAlign",744.77,744.86,"e"
"PhonAlign",744.86,744.98,"t"
"PhonAlign",744.98,745.11,"e"
"PhonAlign",745.11,745.445,"fp"
"PhonAlign",745.445,745.832969,"#"
"PhonAlign",745.832969,745.872969,"a~"
"PhonAlign",745.872969,745.992969,"f"
"PhonAlign",745.992969,746.132969,"U~/"
"PhonAlign",746.132969,746.1829690000001,"e"
"PhonAlign",746.1829690000001,746.252969,"t"
"PhonAlign",746.252969,746.3229690000001,"e"
"PhonAlign",746.3229690000001,746.372969,"d"
"PhonAlign",746.372969,746.4429690000001,"e"
"PhonAlign",746.4429690000001,746.512969,"Z"
"PhonAlign",746.512969,746.5729690000001,"A/"
"PhonAlign",746.5729690000001,746.6529690000001,"e"
"PhonAlign",746.6529690000001,746.702969,"k"
"PhonAlign",746.702969,746.762969,"R"
"PhonAlign",746.762969,746.8029690000001,"i"
"PhonAlign",746.8029690000001,746.832969,"d"
"PhonAlign",746.832969,746.9029690000001,"a~"
"PhonAlign",746.9029690000001,746.9329690000001,"n"
"PhonAlign",746.9329690000001,747.002969,"O/"
"PhonAlign",747.002969,747.0529690000001,"t"
"PhonAlign",747.0529690000001,747.102969,"Z"
"PhonAlign",747.102969,747.1529690000001,"E"
"PhonAlign",747.1529690000001,747.1829690000001,"n"
"PhonAlign",747.1829690000001,747.2729690000001,"E"
"PhonAlign",747.2729690000001,747.4229690000001,"t"
"PhonAlign",747.4229690000001,747.462969,"i"
"PhonAlign",747.462969,747.5329690000001,"k"
"PhonAlign",747.5329690000001,747.602969,"a~"
"PhonAlign",747.602969,747.732969,"f"
"PhonAlign",747.732969,747.8129690000001,"E"
"PhonAlign",747.8129690000001,748.01,"t"
"PhonAlign",748.01,749.145,"#"
"PhonAlign",749.145,749.375,"A/"
"PhonAlign",749.375,749.465,"p"
"PhonAlign",749.465,749.7049999999999,"R"
"PhonAlign",749.7049999999999,750.135,"E"
"PhonAlign",750.135,750.2049999999999,"fp"
"PhonAlign",750.2049999999999,750.235,"l"
"PhonAlign",750.235,750.375,"A/"
"PhonAlign",750.375,750.425,"m"
"PhonAlign",750.425,750.495,"i"
"PhonAlign",750.495,750.665,"t"
"PhonAlign",750.665,750.6949999999999,"j"
"PhonAlign",750.6949999999999,750.935,"e"
"PhonAlign",750.935,750.965,"l"
"PhonAlign",750.965,751.025,"A/"
"PhonAlign",751.025,751.125,"f"
"PhonAlign",751.125,751.1949999999999,"A/"
"PhonAlign",751.1949999999999,751.295,"m"
"PhonAlign",751.295,751.485,"i"
"PhonAlign",751.485,751.515,"j"
"PhonAlign",751.515,751.5749999999999,"l"
"PhonAlign",751.5749999999999,751.665,"A/"
"PhonAlign",751.665,751.755,"m"
"PhonAlign",751.755,751.905,"u"
"PhonAlign",751.905,751.935,"R"
"PhonAlign",751.935,751.965,"E"
"PhonAlign",751.965,752.025,"t"
"PhonAlign",752.025,752.085,"s"
"PhonAlign",752.085,752.115,"E"
"PhonAlign",752.115,752.165,"t"
"PhonAlign",752.165,752.2049999999999,"E"
"PhonAlign",752.2049999999999,752.235,"R"
"PhonAlign",752.235,752.3249999999999,"A/"
"PhonAlign",752.3249999999999,752.425,"s"
"PhonAlign",752.425,752.4549999999999,"A/"
"PhonAlign",752.4549999999999,752.505,"R"
"PhonAlign",752.505,752.535,"2"
"PhonAlign",752.535,752.585,"p"
"PhonAlign",752.585,752.625,"R"
"PhonAlign",752.625,752.655,"E"
"PhonAlign",752.655,752.7049999999999,"z"
"PhonAlign",752.7049999999999,752.755,"a~"
"PhonAlign",752.755,752.795,"t"
"PhonAlign",752.795,752.865,"e"
"PhonAlign",752.865,752.9449999999999,"k"
"PhonAlign",752.9449999999999,752.985,"@"
"PhonAlign",752.985,753.0649999999999,"d"
"PhonAlign",753.0649999999999,753.125,"i"
"PhonAlign",753.125,753.1949999999999,"p"
"PhonAlign",753.1949999999999,753.245,"u"
"PhonAlign",753.245,753.3149999999999,"R"
"PhonAlign",753.3149999999999,753.405,"s"
"PhonAlign",753.405,753.528948,"a~"
"PhonAlign",753.528948,754.238212,"#"
"PhonAlign",754.238212,754.728212,"E"
"PhonAlign",754.728212,754.758212,"y"
"PhonAlign",754.758212,754.848212,"n"
"PhonAlign",754.848212,754.878212,"@"
"PhonAlign",754.878212,754.9082119999999,"g"
"PhonAlign",754.9082119999999,754.938212,"R"
"PhonAlign",754.938212,755.0382119999999,"O/"
"PhonAlign",755.0382119999999,755.088212,"s"
"PhonAlign",755.088212,755.148212,"p"
"PhonAlign",755.148212,755.188212,"A/"
"PhonAlign",755.188212,755.258212,"R"
"PhonAlign",755.258212,755.348212,"t"
"PhonAlign",755.348212,755.388212,"i"
"PhonAlign",755.388212,755.498212,"s"
"PhonAlign",755.498212,755.578212,"t"
"PhonAlign",755.578212,755.6582119999999,"e"
"PhonAlign",755.6582119999999,755.728212,"n"
"PhonAlign",755.728212,755.808212,"O/"
"PhonAlign",755.808212,755.968212,"S"
"PhonAlign",755.968212,756.108212,"w"
"PhonAlign",756.108212,756.148212,"A/"
"PhonAlign",756.148212,756.198212,"a~"
"PhonAlign",756.198212,756.2982119999999,"f"
"PhonAlign",756.2982119999999,756.368212,"U~/"
"PhonAlign",756.368212,756.458212,"Z"
"PhonAlign",756.458212,756.578212,"s"
"PhonAlign",756.578212,756.608212,"e"
"PhonAlign",756.608212,756.7982119999999,"p"
"PhonAlign",756.7982119999999,756.828212,"l"
"PhonAlign",756.828212,756.858212,"y"
"PhonAlign",756.858212,756.968212,"e"
"PhonAlign",756.968212,756.998212,"g"
"PhonAlign",756.998212,757.0482119999999,"z"
"PhonAlign",757.0482119999999,757.078212,"A/"
"PhonAlign",757.078212,757.148212,"k"
"PhonAlign",757.148212,757.198212,"t"
"PhonAlign",757.198212,757.238212,"2"
"PhonAlign",757.238212,757.268212,"m"
"PhonAlign",757.268212,757.338212,"a~"
"PhonAlign",757.338212,757.368212,"l"
"PhonAlign",757.368212,757.4082119999999,"e"
"PhonAlign",757.4082119999999,757.488212,"p"
"PhonAlign",757.488212,757.518212,"u"
"PhonAlign",757.518212,757.558212,"R"
"PhonAlign",757.558212,757.608212,"s"
"PhonAlign",757.608212,757.698212,"a~"
"PhonAlign",757.698212,757.738212,"t"
"PhonAlign",757.738212,757.848212,"A/"
"PhonAlign",757.848212,757.928212,"Z"
"PhonAlign",757.928212,757.978212,"m"
"PhonAlign",757.978212,758.136649,"E"
"PhonAlign",758.136649,759.065,"#"
"PhonAlign",759.065,759.105,"m"
"PhonAlign",759.105,759.1750000000001,"e"
"PhonAlign",759.1750000000001,759.345,"z"
"PhonAlign",759.345,759.475,"O~"
"PhonAlign",759.475,759.5150000000001,"n"
"PhonAlign",759.5150000000001,759.575,"A/"
"PhonAlign",759.575,759.625,"p"
"PhonAlign",759.625,759.6750000000001,"R"
"PhonAlign",759.6750000000001,759.7650000000001,"a~"
"PhonAlign",759.7650000000001,759.815,"p"
"PhonAlign",759.815,759.875,"A/"
"PhonAlign",759.875,759.9050000000001,"m"
"PhonAlign",759.9050000000001,759.985,"A/"
"PhonAlign",759.985,760.0150000000001,"l"
"PhonAlign",760.0150000000001,760.0450000000001,"d"
"PhonAlign",760.0450000000001,760.075,"S"
"PhonAlign",760.075,760.105,"O/"
"PhonAlign",760.105,760.225,"z"
"PhonAlign",760.225,760.2550000000001,"l"
"PhonAlign",760.2550000000001,760.315,"A/"
"PhonAlign",760.315,760.3950000000001,"d"
"PhonAlign",760.3950000000001,760.475,"2"
"PhonAlign",760.475,760.6550000000001,"s"
"PhonAlign",760.6550000000001,760.705,"y"
"PhonAlign",760.705,761.266336,"e"
"PhonAlign",761.266336,761.579967,"#"
"PhonAlign",761.579967,761.619967,"p"
"PhonAlign",761.619967,761.6499670000001,"A/"
"PhonAlign",761.6499670000001,761.679967,"R"
"PhonAlign",761.679967,761.709967,"E"
"PhonAlign",761.709967,761.739967,"g"
"PhonAlign",761.739967,761.849967,"s"
"PhonAlign",761.849967,761.879967,"a~"
"PhonAlign",761.879967,761.909967,"p"
"PhonAlign",761.909967,761.949967,"l"
"PhonAlign",761.949967,761.979967,"j"
"PhonAlign",761.979967,762.009967,"A/"
"PhonAlign",762.009967,762.039967,"d"
"PhonAlign",762.039967,762.119967,"S"
"PhonAlign",762.119967,762.169967,"E"
"PhonAlign",762.169967,762.229967,"R"
"PhonAlign",762.229967,762.339967,"S"
"PhonAlign",762.339967,762.439967,"9"
"PhonAlign",762.439967,762.469967,"R"
"PhonAlign",762.469967,762.499967,"j"
"PhonAlign",762.499967,762.549967,"A/"
"PhonAlign",762.549967,762.579967,"d"
"PhonAlign",762.579967,762.639967,"s"
"PhonAlign",762.639967,762.669967,"j"
"PhonAlign",762.669967,762.719967,"a~"
"PhonAlign",762.719967,762.789967,"t"
"PhonAlign",762.789967,762.819967,"i"
"PhonAlign",762.819967,762.929967,"f"
"PhonAlign",762.929967,762.979967,"i"
"PhonAlign",762.979967,763.049967,"k"
"PhonAlign",763.049967,763.109967,"k"
"PhonAlign",763.109967,763.259967,"f"
"PhonAlign",763.259967,763.299967,"O~"
"PhonAlign",763.299967,763.3999670000001,"s"
"PhonAlign",763.3999670000001,763.5199670000001,"A/"
"PhonAlign",763.5199670000001,763.579967,"d"
"PhonAlign",763.579967,763.699967,"O~"
"PhonAlign",763.699967,763.829967,"k"
"PhonAlign",763.829967,764.066622,"fp"
"PhonAlign",764.066622,764.68,"#"
"PhonAlign",764.68,764.7199999999999,"S"
"PhonAlign",764.7199999999999,764.9,"p"
"PhonAlign",764.9,764.9699999999999,"a~"
"PhonAlign",764.9699999999999,765.04,"s"
"PhonAlign",765.04,765.1099999999999,"k"
"PhonAlign",765.1099999999999,765.18,"s"
"PhonAlign",765.18,765.2399999999999,"e"
"PhonAlign",765.2399999999999,765.27,"d"
"PhonAlign",765.27,765.38,"e"
"PhonAlign",765.38,765.41,"d"
"PhonAlign",765.41,765.4399999999999,"O/"
"PhonAlign",765.4399999999999,765.5,"n"
"PhonAlign",765.5,765.5699999999999,"e"
"PhonAlign",765.5699999999999,765.63,"A/"
"PhonAlign",765.63,765.76,"s"
"PhonAlign",765.76,765.8,"e"
"PhonAlign",765.8,765.9499999999999,"f"
"PhonAlign",765.9499999999999,766.06,"A/"
"PhonAlign",766.06,766.16,"b"
"PhonAlign",766.16,766.4,"l"
"PhonAlign",766.4,766.5799999999999,"p"
"PhonAlign",766.5799999999999,766.6099999999999,"u"
"PhonAlign",766.6099999999999,766.65,"R"
"PhonAlign",766.65,766.75,"b"
"PhonAlign",766.75,766.81,"O/"
"PhonAlign",766.81,766.9399999999999,"k"
"PhonAlign",766.9399999999999,767.054753,"u"
"PhonAlign",767.054753,767.59723,"#"
"PhonAlign",767.59723,767.6472299999999,"m"
"PhonAlign",767.6472299999999,767.69723,"E"
"PhonAlign",767.69723,767.72723,"m"
"PhonAlign",767.72723,767.83723,"s"
"PhonAlign",767.83723,767.9072299999999,"O~"
"PhonAlign",767.9072299999999,768.0072299999999,"p"
"PhonAlign",768.0072299999999,768.04723,"@"
"PhonAlign",768.04723,768.1472299999999,"t"
"PhonAlign",768.1472299999999,768.22723,"u"
"PhonAlign",768.22723,768.2672299999999,"R"
"PhonAlign",768.2672299999999,768.29723,"2"
"PhonAlign",768.29723,768.32723,"m"
"PhonAlign",768.32723,768.3772299999999,"E"
"PhonAlign",768.3772299999999,768.42723,"t"
"PhonAlign",768.42723,768.47723,"R"
"PhonAlign",768.47723,768.57723,"a~"
"PhonAlign",768.57723,768.6572299999999,"k"
"PhonAlign",768.6572299999999,768.68723,"E"
"PhonAlign",768.68723,768.7572299999999,"s"
"PhonAlign",768.7572299999999,768.82723,"t"
"PhonAlign",768.82723,768.85723,"j"
"PhonAlign",768.85723,768.91723,"O~"
"PhonAlign",768.91723,769.03723,"m"
"PhonAlign",769.03723,769.20302,"E"
"PhonAlign",769.20302,769.617013,"#"
"PhonAlign",769.617013,769.657013,"d"
"PhonAlign",769.657013,769.7070130000001,"O~"
"PhonAlign",769.7070130000001,769.797013,"s"
"PhonAlign",769.797013,769.8370130000001,"A/"
"PhonAlign",769.8370130000001,769.997013,"p"
"PhonAlign",769.997013,770.047013,"u"
"PhonAlign",770.047013,770.0770130000001,"R"
"PhonAlign",770.0770130000001,770.127013,"E"
"PhonAlign",770.127013,770.247013,"p"
"PhonAlign",770.247013,770.277013,"E"
"PhonAlign",770.277013,770.3170130000001,"R"
"PhonAlign",770.3170130000001,770.387013,"m"
"PhonAlign",770.387013,770.4670130000001,"E"
"PhonAlign",770.4670130000001,770.507013,"t"
"PhonAlign",770.507013,770.537013,"R"
"PhonAlign",770.537013,770.5670130000001,"d"
"PhonAlign",770.5670130000001,770.637013,"f"
"PhonAlign",770.637013,770.6870130000001,"E"
"PhonAlign",770.6870130000001,770.7170130000001,"R"
"PhonAlign",770.7170130000001,770.747013,"R"
"PhonAlign",770.747013,770.8170130000001,"e"
"PhonAlign",770.8170130000001,770.907013,"f"
"PhonAlign",770.907013,770.9370130000001,"l"
"PhonAlign",770.9370130000001,770.9670130000001,"e"
"PhonAlign",770.9670130000001,771.137013,"S"
"PhonAlign",771.137013,771.177013,"i"
"PhonAlign",771.177013,771.449104,"R"
"PhonAlign",771.449104,772.475,"#"
"PhonAlign",772.475,772.515,"l"
"PhonAlign",772.515,772.575,"e"
"PhonAlign",772.575,772.635,"p"
"PhonAlign",772.635,772.695,"E"
"PhonAlign",772.695,772.765,"R"
"PhonAlign",772.765,772.855,"s"
"PhonAlign",772.855,772.885,"O/"
"PhonAlign",772.885,772.985,"n"
"PhonAlign",772.985,773.0450000000001,"S"
"PhonAlign",773.0450000000001,773.125,"p"
"PhonAlign",773.125,773.195,"a~"
"PhonAlign",773.195,773.255,"s"
"PhonAlign",773.255,773.2950000000001,"k"
"PhonAlign",773.2950000000001,773.325,"@"
"PhonAlign",773.325,773.4350000000001,"s"
"PhonAlign",773.4350000000001,773.475,"e"
"PhonAlign",773.475,773.5450000000001,"A/"
"PhonAlign",773.5450000000001,773.645,"s"
"PhonAlign",773.645,773.6750000000001,"e"
"PhonAlign",773.6750000000001,773.725,"U~/"
"PhonAlign",773.725,773.785,"t"
"PhonAlign",773.785,773.855,"E"
"PhonAlign",773.855,773.885,"R"
"PhonAlign",773.885,773.955,"E"
"PhonAlign",773.955,774.065,"s"
"PhonAlign",774.065,774.195,"a~"
"PhonAlign",774.195,774.250313,"t"
"PhonAlign",774.250313,783.22,"#"
"PhonAlign",783.22,783.47,"w"
"PhonAlign",783.47,783.734063,"E"
"PhonAlign",783.734063,789.50086,"#"
"PhonAlign",789.50086,789.58086,"b"
"PhonAlign",789.58086,789.77086,"E"
"PhonAlign",789.77086,789.8108599999999,"n"
"PhonAlign",789.8108599999999,789.90086,"Z"
"PhonAlign",789.90086,789.95086,"@"
"PhonAlign",789.95086,790.03086,"p"
"PhonAlign",790.03086,790.15086,"a~"
"PhonAlign",790.15086,790.30086,"s"
"PhonAlign",790.30086,790.41086,"k"
"PhonAlign",790.41086,790.57086,"@"
"PhonAlign",790.57086,790.66086,"n"
"PhonAlign",790.66086,790.80086,"a~"
"PhonAlign",790.80086,790.88086,"p"
"PhonAlign",790.88086,790.9308599999999,"s"
"PhonAlign",790.9308599999999,790.96086,"k"
"PhonAlign",790.96086,791.00086,"l"
"PhonAlign",791.00086,791.20086,"e"
"PhonAlign",791.20086,791.26086,"m"
"PhonAlign",791.26086,791.36086,"E"
"PhonAlign",791.36086,791.39086,"d"
"PhonAlign",791.39086,791.49086,"j"
"PhonAlign",791.49086,791.65086,"A/"
"PhonAlign",791.65086,791.73086,"Z"
"PhonAlign",791.73086,791.76086,"e"
"PhonAlign",791.76086,791.79086,"n"
"PhonAlign",791.79086,791.82086,"e"
"PhonAlign",791.82086,791.85086,"R"
"PhonAlign",791.85086,791.94086,"A/"
"PhonAlign",791.94086,791.97086,"l"
"PhonAlign",791.97086,792.00086,"m"
"PhonAlign",792.00086,792.11086,"a~"
"PhonAlign",792.11086,792.15086,"i"
"PhonAlign",792.15086,792.22086,"s"
"PhonAlign",792.22086,792.3108599999999,"k"
"PhonAlign",792.3108599999999,792.37086,"O~"
"PhonAlign",792.37086,792.46086,"s"
"PhonAlign",792.46086,792.55086,"a~"
"PhonAlign",792.55086,792.65086,"t"
"PhonAlign",792.65086,792.71086,"R"
"PhonAlign",792.71086,792.74086,"s"
"PhonAlign",792.74086,792.78086,"y"
"PhonAlign",792.78086,792.8108599999999,"R"
"PhonAlign",792.8108599999999,792.84086,"d"
"PhonAlign",792.84086,792.90086,"U~/"
"PhonAlign",792.90086,792.98086,"f"
"PhonAlign",792.98086,793.02086,"O/"
"PhonAlign",793.02086,793.05086,"R"
"PhonAlign",793.05086,793.08086,"m"
"PhonAlign",793.08086,793.15086,"A/"
"PhonAlign",793.15086,793.23086,"s"
"PhonAlign",793.23086,793.26086,"j"
"PhonAlign",793.26086,793.44086,"O~"
"PhonAlign",793.44086,793.58086,"k"
"PhonAlign",793.58086,793.61086,"i"
"PhonAlign",793.61086,793.71086,"s"
"PhonAlign",793.71086,793.8108599999999,"O~"
"PhonAlign",793.8108599999999,793.94086,"p"
"PhonAlign",793.94086,793.99086,"w"
"PhonAlign",793.99086,794.05086,"A/"
"PhonAlign",794.05086,794.11086,"n"
"PhonAlign",794.11086,794.16086,"j"
"PhonAlign",794.16086,794.22086,"a~"
"PhonAlign",794.22086,794.26086,"a~"
"PhonAlign",794.26086,794.38086,"f"
"PhonAlign",794.38086,794.47086,"U~/"
"PhonAlign",794.47086,794.59086,"k"
"PhonAlign",794.59086,794.67086,"i"
"PhonAlign",794.67086,794.78086,"k"
"PhonAlign",794.78086,794.83086,"A/"
"PhonAlign",794.83086,794.91086,"p"
"PhonAlign",794.91086,794.95086,"t"
"PhonAlign",794.95086,795.04086,"l"
"PhonAlign",795.04086,795.12086,"A/"
"PhonAlign",795.12086,795.19086,"t"
"PhonAlign",795.19086,795.26086,"a~"
"PhonAlign",795.26086,795.37086,"s"
"PhonAlign",795.37086,795.40086,"j"
"PhonAlign",795.40086,795.59086,"O~"
"PhonAlign",795.59086,795.79086,"fp"
"PhonAlign",795.79086,796.22086,"#"
"PhonAlign",796.22086,796.25086,"d"
"PhonAlign",796.25086,796.34086,"e"
"PhonAlign",796.34086,796.37086,"l"
"PhonAlign",796.37086,796.4308599999999,"E"
"PhonAlign",796.4308599999999,796.48086,"k"
"PhonAlign",796.48086,796.57086,"t"
"PhonAlign",796.57086,796.6808599999999,"9"
"PhonAlign",796.6808599999999,796.77086,"R"
"PhonAlign",796.77086,797.1808599999999,"#"
"PhonAlign",797.1808599999999,797.27086,"A/"
"PhonAlign",797.27086,797.30086,"l"
"PhonAlign",797.30086,797.33086,"O/"
"PhonAlign",797.33086,797.40086,"R"
"PhonAlign",797.40086,797.44086,"k"
"PhonAlign",797.44086,797.47086,"@"
"PhonAlign",797.47086,797.50086,"l"
"PhonAlign",797.50086,797.57086,"e"
"PhonAlign",797.57086,797.62086,"d"
"PhonAlign",797.62086,797.65086,"O/"
"PhonAlign",797.65086,797.71086,"k"
"PhonAlign",797.71086,797.74086,"y"
"PhonAlign",797.74086,797.80086,"m"
"PhonAlign",797.80086,797.89086,"a~"
"PhonAlign",797.89086,797.95086,"t"
"PhonAlign",797.95086,798.0608599999999,"E"
"PhonAlign",798.0608599999999,798.12086,"R"
"PhonAlign",798.12086,798.32086,"s"
"PhonAlign",798.32086,798.38086,"e"
"PhonAlign",798.38086,798.45086,"p"
"PhonAlign",798.45086,798.48086,"l"
"PhonAlign",798.48086,798.51086,"y"
"PhonAlign",798.51086,798.62086,"t"
"PhonAlign",798.62086,798.6808599999999,"O/"
"PhonAlign",798.6808599999999,798.74086,"l"
"PhonAlign",798.74086,798.86086,"e"
"PhonAlign",798.86086,798.92086,"p"
"PhonAlign",798.92086,799.00086,"E"
"PhonAlign",799.00086,799.04086,"R"
"PhonAlign",799.04086,799.10086,"s"
"PhonAlign",799.10086,799.13086,"O/"
"PhonAlign",799.13086,799.17086,"n"
"PhonAlign",799.17086,799.21086,"k"
"PhonAlign",799.21086,799.32086,"s"
"PhonAlign",799.32086,799.36086,"O~"
"PhonAlign",799.36086,799.4308599999999,"U~/"
"PhonAlign",799.4308599999999,799.48086,"t"
"PhonAlign",799.48086,799.53086,"E"
"PhonAlign",799.53086,799.5608599999999,"R"
"PhonAlign",799.5608599999999,799.61086,"E"
"PhonAlign",799.61086,799.66086,"s"
"PhonAlign",799.66086,799.72086,"e"
"PhonAlign",799.72086,799.79086,"p"
"PhonAlign",799.79086,799.82086,"A/"
"PhonAlign",799.82086,799.85086,"R"
"PhonAlign",799.85086,799.9308599999999,"s"
"PhonAlign",799.9308599999999,799.96086,"e"
"PhonAlign",799.96086,800.10086,"s"
"PhonAlign",800.10086,800.14086,"y"
"PhonAlign",800.14086,800.20086,"Z"
"PhonAlign",800.20086,800.30086,"e"
"PhonAlign",800.30086,800.41086,"k"
"PhonAlign",800.41086,800.44086,"j"
"PhonAlign",800.44086,800.47086,"v"
"PhonAlign",800.47086,800.60086,"O~"
"PhonAlign",800.60086,800.65086,"A/"
"PhonAlign",800.65086,800.6808599999999,"l"
"PhonAlign",800.6808599999999,800.95086,"e"
"PhonAlign",800.95086,801.5608599999999,"#"
"PhonAlign",801.5608599999999,801.6808599999999,"R"
"PhonAlign",801.6808599999999,801.71086,"2"
"PhonAlign",801.71086,801.78086,"g"
"PhonAlign",801.78086,801.85086,"A/"
"PhonAlign",801.85086,801.88086,"R"
"PhonAlign",801.88086,801.91086,"d"
"PhonAlign",801.91086,801.96086,"e"
"PhonAlign",801.96086,802.05086,"s"
"PhonAlign",802.05086,802.11086,"d"
"PhonAlign",802.11086,802.14086,"O/"
"PhonAlign",802.14086,802.21086,"k"
"PhonAlign",802.21086,802.26086,"y"
"PhonAlign",802.26086,802.29086,"m"
"PhonAlign",802.29086,802.38086,"a~"
"PhonAlign",802.38086,802.45086,"t"
"PhonAlign",802.45086,802.5608599999999,"E"
"PhonAlign",802.5608599999999,802.63,"R"
"PhonAlign",802.63,803.285,"#"
"PhonAlign",803.285,803.555,"e"
"PhonAlign",803.555,803.915,"fp"
"PhonAlign",803.915,804.055,"d"
"PhonAlign",804.055,804.165,"O~"
"PhonAlign",804.165,804.235,"k"
"PhonAlign",804.235,804.4549999999999,"s"
"PhonAlign",804.4549999999999,804.7049999999999,"e"
"PhonAlign",804.7049999999999,804.8249999999999,"p"
"PhonAlign",804.8249999999999,804.855,"l"
"PhonAlign",804.855,804.885,"y"
"PhonAlign",804.885,804.985,"t"
"PhonAlign",804.985,805.035,"O/"
"PhonAlign",805.035,805.0749999999999,"d"
"PhonAlign",805.0749999999999,805.105,"l"
"PhonAlign",805.105,805.2049999999999,"A/"
"PhonAlign",805.2049999999999,805.305,"R"
"PhonAlign",805.305,805.405,"S"
"PhonAlign",805.405,805.435,"E"
"PhonAlign",805.435,805.475,"R"
"PhonAlign",805.475,805.505,"S"
"PhonAlign",805.505,805.5849999999999,"p"
"PhonAlign",805.5849999999999,805.615,"E"
"PhonAlign",805.615,805.675,"R"
"PhonAlign",805.675,805.755,"s"
"PhonAlign",805.755,805.785,"O/"
"PhonAlign",805.785,805.8149999999999,"n"
"PhonAlign",805.8149999999999,805.855,"E"
"PhonAlign",805.855,805.885,"l"
"PhonAlign",805.885,805.935,"A/"
"PhonAlign",805.935,805.9649999999999,"l"
"PhonAlign",805.9649999999999,805.995,"O/"
"PhonAlign",805.995,806.025,"R"
"PhonAlign",806.025,806.055,"k"
"PhonAlign",806.055,806.0849999999999,"@"
"PhonAlign",806.0849999999999,806.115,"l"
"PhonAlign",806.115,806.175,"E"
"PhonAlign",806.175,806.2149999999999,"m"
"PhonAlign",806.2149999999999,806.3149999999999,"E"
"PhonAlign",806.3149999999999,806.355,"d"
"PhonAlign",806.355,806.405,"j"
"PhonAlign",806.405,806.555,"A/"
"PhonAlign",806.555,806.635,"i"
"PhonAlign",806.635,806.765,"n"
"PhonAlign",806.765,806.795,"u"
"PhonAlign",806.795,806.875,"z"
"PhonAlign",806.875,806.975,"a~"
"PhonAlign",806.975,807.1949999999999,"f"
"PhonAlign",807.1949999999999,807.245,"U~/"
"PhonAlign",807.245,807.275,"i"
"PhonAlign",807.275,807.3249999999999,"n"
"PhonAlign",807.3249999999999,807.355,"u"
"PhonAlign",807.355,807.4449999999999,"z"
"PhonAlign",807.4449999999999,807.535,"U~/"
"PhonAlign",807.535,807.625,"p"
"PhonAlign",807.625,807.675,"O/"
"PhonAlign",807.675,807.765,"z"
"PhonAlign",807.765,807.8349999999999,"p"
"PhonAlign",807.8349999999999,807.995,"A/"
"PhonAlign",807.995,808.0949999999999,"m"
"PhonAlign",808.0949999999999,808.3449999999999,"e"
"PhonAlign",808.3449999999999,808.495,"i"
"PhonAlign",808.495,808.635,"n"
"PhonAlign",808.635,808.7049999999999,"u"
"PhonAlign",808.7049999999999,808.8449999999999,"z"
"PhonAlign",808.8449999999999,808.875,"m"
"PhonAlign",808.875,808.9649999999999,"E"
"PhonAlign",808.9649999999999,809.0949999999999,"t"
"PhonAlign",809.0949999999999,809.235,"@"
"PhonAlign",809.235,809.3249999999999,"i"
"PhonAlign",809.3249999999999,809.385,"n"
"PhonAlign",809.385,809.415,"u"
"PhonAlign",809.415,809.4449999999999,"l"
"PhonAlign",809.4449999999999,809.535,"p"
"PhonAlign",809.535,809.605,"R"
"PhonAlign",809.605,809.645,"O/"
"PhonAlign",809.645,809.675,"Z"
"PhonAlign",809.675,809.765,"E"
"PhonAlign",809.765,809.8249999999999,"t"
"PhonAlign",809.8249999999999,809.865,"A/"
"PhonAlign",809.865,809.895,"l"
"PhonAlign",809.895,809.975,"A/"
"PhonAlign",809.975,810.055,"t"
"PhonAlign",810.055,810.245,"e"
"PhonAlign",810.245,810.305,"l"
"PhonAlign",810.305,810.3349999999999,"e"
"PhonAlign",810.3349999999999,810.525,"d"
"PhonAlign",810.525,810.657469,"O~"
"PhonAlign",810.657469,811.628928,"#"
"PhonAlign",811.628928,811.768928,"v"
"PhonAlign",811.768928,811.828928,"l"
"PhonAlign",811.828928,811.970737,"A/"
"PhonAlign",811.970737,812.93,"#"
"PhonAlign",812.93,813.01,"e"
"PhonAlign",813.01,813.1099999999999,"s"
"PhonAlign",813.1099999999999,813.16,"A/"
"PhonAlign",813.16,813.26,"p"
"PhonAlign",813.26,813.29,"E"
"PhonAlign",813.29,813.3299999999999,"R"
"PhonAlign",813.3299999999999,813.3599999999999,"m"
"PhonAlign",813.3599999999999,813.43,"E"
"PhonAlign",813.43,813.4899999999999,"t"
"PhonAlign",813.4899999999999,813.5799999999999,"R"
"PhonAlign",813.5799999999999,813.76,"E"
"PhonAlign",813.76,814.24,"fp"
"PhonAlign",814.24,814.78,"#"
"PhonAlign",814.78,814.8199999999999,"b"
"PhonAlign",814.8199999999999,814.87,"U~/"
"PhonAlign",814.87,814.9399999999999,"d"
"PhonAlign",814.9399999999999,815.01,"@"
"PhonAlign",815.01,815.13,"A/"
"PhonAlign",815.13,815.16,"v"
"PhonAlign",815.16,815.25,"w"
"PhonAlign",815.25,815.28,"A/"
"PhonAlign",815.28,815.31,"R"
"PhonAlign",815.31,815.3399999999999,"d"
"PhonAlign",815.3399999999999,815.48,"s"
"PhonAlign",815.48,815.51,"y"
"PhonAlign",815.51,815.5699999999999,"Z"
"PhonAlign",815.5699999999999,815.61,"e"
"PhonAlign",815.61,815.6899999999999,"p"
"PhonAlign",815.6899999999999,815.72,"l"
"PhonAlign",815.72,815.79,"y"
"PhonAlign",815.79,815.86,"v"
"PhonAlign",815.86,815.9499999999999,"A/"
"PhonAlign",815.9499999999999,815.98,"R"
"PhonAlign",815.98,816.01,"j"
"PhonAlign",816.01,816.17,"e"
"PhonAlign",816.17,816.1999999999999,"k"
"PhonAlign",816.1999999999999,816.27,"O/"
"PhonAlign",816.27,816.3,"m"
"PhonAlign",816.3,816.37,"p"
"PhonAlign",816.37,816.4499999999999,"A/"
"PhonAlign",816.4499999999999,816.48,"R"
"PhonAlign",816.48,816.51,"e"
"PhonAlign",816.51,816.54,"g"
"PhonAlign",816.54,816.5899999999999,"z"
"PhonAlign",816.5899999999999,816.67,"a~"
"PhonAlign",816.67,816.78,"p"
"PhonAlign",816.78,816.81,"l"
"PhonAlign",816.81,817.1899999999999,"fp"
"PhonAlign",817.1899999999999,817.22,"m"
"PhonAlign",817.22,817.25,"w"
"PhonAlign",817.25,817.28,"A/"
"PhonAlign",817.28,817.35,"Z"
"PhonAlign",817.35,817.38,"v"
"PhonAlign",817.38,817.41,"w"
"PhonAlign",817.41,817.4399999999999,"A/"
"PhonAlign",817.4399999999999,817.51,"b"
"PhonAlign",817.51,817.55,"j"
"PhonAlign",817.55,817.64,"U~/"
"PhonAlign",817.64,817.72,"k"
"PhonAlign",817.72,817.87,"@"
"PhonAlign",817.87,818.0,"s"
"PhonAlign",818.0,818.03,"y"
"PhonAlign",818.03,818.11,"R"
"PhonAlign",818.11,818.1899999999999,"b"
"PhonAlign",818.1899999999999,818.24,"e"
"PhonAlign",818.24,818.3,"E"
"PhonAlign",818.3,818.38,"f"
"PhonAlign",818.38,818.4399999999999,"E"
"PhonAlign",818.4399999999999,818.47,"m"
"PhonAlign",818.47,818.56,"t"
"PhonAlign",818.56,818.63,"e"
"PhonAlign",818.63,818.66,"v"
"PhonAlign",818.66,818.74,"e"
"PhonAlign",818.74,818.8199999999999,"a~"
"PhonAlign",818.8199999999999,818.9499999999999,"s"
"PhonAlign",818.9499999999999,818.98,"m"
"PhonAlign",818.98,819.01,"O/"
"PhonAlign",819.01,819.0699999999999,"m"
"PhonAlign",819.0699999999999,819.13,"a~"
"PhonAlign",819.13,819.2099999999999,"i"
"PhonAlign",819.2099999999999,819.31,"p"
"PhonAlign",819.31,819.3399999999999,"A/"
"PhonAlign",819.3399999999999,819.37,"R"
"PhonAlign",819.37,819.4,"l"
"PhonAlign",819.4,819.62,"2"
"PhonAlign",819.62,819.745,"t"
"PhonAlign",819.745,819.975,"#"
"PhonAlign",819.975,820.015,"a~"
"PhonAlign",820.015,820.115,"f"
"PhonAlign",820.115,820.315,"U~/"
"PhonAlign",820.315,820.515,"p"
"PhonAlign",820.515,820.595,"A/"
"PhonAlign",820.595,820.715,"k"
"PhonAlign",820.715,820.855,"@"
"PhonAlign",820.855,821.009397,"U~/"
"PhonAlign",821.009397,821.585076,"#"
"PhonAlign",821.585076,821.6350759999999,"m"
"PhonAlign",821.6350759999999,821.725076,"e"
"PhonAlign",821.725076,821.785076,"d"
"PhonAlign",821.785076,821.9850759999999,"@"
"PhonAlign",821.9850759999999,822.085076,"d"
"PhonAlign",822.085076,822.1250759999999,"@"
"PhonAlign",822.1250759999999,822.225076,"z"
"PhonAlign",822.225076,822.285076,"E"
"PhonAlign",822.285076,822.3550759999999,"m"
"PhonAlign",822.3550759999999,822.4950759999999,"u"
"PhonAlign",822.4950759999999,822.6250759999999,"R"
"PhonAlign",822.6250759999999,822.7550759999999,"#"
"PhonAlign",822.7550759999999,823.0050759999999,"e"
"PhonAlign",823.0050759999999,823.095076,"fp"
"PhonAlign",823.095076,823.195076,"i"
"PhonAlign",823.195076,823.2650759999999,"p"
"PhonAlign",823.2650759999999,823.325076,"A/"
"PhonAlign",823.325076,823.3550759999999,"R"
"PhonAlign",823.3550759999999,823.3850759999999,"l"
"PhonAlign",823.3850759999999,823.475076,"k"
"PhonAlign",823.475076,823.525076,"@"
"PhonAlign",823.525076,823.6050759999999,"t"
"PhonAlign",823.6050759999999,823.685076,"s"
"PhonAlign",823.685076,823.915076,"A/"
"PhonAlign",823.915076,824.025076,"e"
"PhonAlign",824.025076,824.075076,"d"
"PhonAlign",824.075076,824.1450759999999,"y"
"PhonAlign",824.1450759999999,824.295076,"k"
"PhonAlign",824.295076,824.435076,"u"
"PhonAlign",824.435076,824.728672,"fp"
"PhonAlign",824.728672,825.42,"#"
"PhonAlign",825.42,825.5899999999999,"O~"
"PhonAlign",825.5899999999999,825.63,"v"
"PhonAlign",825.63,825.6899999999999,"w"
"PhonAlign",825.6899999999999,825.7299999999999,"A/"
"PhonAlign",825.7299999999999,825.87,"p"
"PhonAlign",825.87,825.9,"l"
"PhonAlign",825.9,825.9399999999999,"y"
"PhonAlign",825.9399999999999,826.01,"k"
"PhonAlign",826.01,826.3,"@"
"PhonAlign",826.3,826.3399999999999,"d"
"PhonAlign",826.3399999999999,826.55,"a~"
"PhonAlign",826.55,826.62,"z"
"PhonAlign",826.62,826.65,"a~"
"PhonAlign",826.65,826.78,"f"
"PhonAlign",826.78,826.87,"U~/"
"PhonAlign",826.87,826.99,"j"
"PhonAlign",826.99,827.04,"A/"
"PhonAlign",827.04,827.11,"p"
"PhonAlign",827.11,827.1999999999999,"A/"
"PhonAlign",827.1999999999999,827.37,"k"
"PhonAlign",827.37,827.54,"@"
"PhonAlign",827.54,827.63,"z"
"PhonAlign",827.63,827.6899999999999,"E"
"PhonAlign",827.6899999999999,827.76,"m"
"PhonAlign",827.76,827.86,"u"
"PhonAlign",827.86,827.89,"R"
"PhonAlign",827.89,827.92,"d"
"PhonAlign",827.92,828.03,"a~"
"PhonAlign",828.03,828.06,"l"
"PhonAlign",828.06,828.445,"A/"
"PhonAlign",828.445,829.32,"#"
"PhonAlign",829.32,829.7,"a~"
"PhonAlign",829.7,830.31,"a~"
"PhonAlign",830.31,830.605,"#"
"PhonAlign",830.605,830.645,"a~"
"PhonAlign",830.645,830.6750000000001,"A/"
"PhonAlign",830.6750000000001,830.955,"k"
"PhonAlign",830.955,831.075,"t"
"PhonAlign",831.075,831.105,"y"
"PhonAlign",831.105,831.155,"A/"
"PhonAlign",831.155,831.1850000000001,"l"
"PhonAlign",831.1850000000001,831.265,"i"
"PhonAlign",831.265,831.345,"t"
"PhonAlign",831.345,831.525,"e"
"PhonAlign",831.525,831.5550000000001,"n"
"PhonAlign",831.5550000000001,831.585,"i"
"PhonAlign",831.585,832.23,"fp"
"PhonAlign",832.23,832.825,"#"
"PhonAlign",832.825,832.9050000000001,"v"
"PhonAlign",832.9050000000001,832.9350000000001,"l"
"PhonAlign",832.9350000000001,833.075,"A/"
"PhonAlign",833.075,833.365,"#"
"PhonAlign",833.365,833.455,"d"
"PhonAlign",833.455,833.495,"y"
"PhonAlign",833.495,833.575,"k"
"PhonAlign",833.575,833.615,"u"
"PhonAlign",833.615,833.6750000000001,"Z"
"PhonAlign",833.6750000000001,833.735,"t"
"PhonAlign",833.735,833.7650000000001,"R"
"PhonAlign",833.7650000000001,833.7950000000001,"u"
"PhonAlign",833.7950000000001,833.825,"v"
"PhonAlign",833.825,833.9150000000001,"s"
"PhonAlign",833.9150000000001,834.075,"A/"
"PhonAlign",834.075,834.215,"s"
"PhonAlign",834.215,834.245,"e"
"PhonAlign",834.245,834.325,"U~/"
"PhonAlign",834.325,834.385,"t"
"PhonAlign",834.385,834.445,"E"
"PhonAlign",834.445,834.475,"R"
"PhonAlign",834.475,834.5350000000001,"E"
"PhonAlign",834.5350000000001,834.625,"s"
"PhonAlign",834.625,834.735,"a~"
"PhonAlign",834.735,834.825,"m"
"PhonAlign",834.825,834.955,"A/"
"PhonAlign",834.955,835.005,"p"
"PhonAlign",835.005,835.075,"R"
"PhonAlign",835.075,835.135,"E"
"PhonAlign",835.135,835.1650000000001,"l"
"PhonAlign",835.1650000000001,835.245,"U~/"
"PhonAlign",835.245,835.335,"k"
"PhonAlign",835.335,835.3950000000001,"O~"
"PhonAlign",835.3950000000001,835.4250000000001,"v"
"PhonAlign",835.4250000000001,835.5150000000001,"e"
"PhonAlign",835.5150000000001,835.5550000000001,"n"
"PhonAlign",835.5550000000001,835.605,"j"
"PhonAlign",835.605,835.6850000000001,"a~"
"PhonAlign",835.6850000000001,835.8050000000001,"s"
"PhonAlign",835.8050000000001,835.875,"e"
"PhonAlign",835.875,835.965,"k"
"PhonAlign",835.965,836.085,"@"
"PhonAlign",836.085,836.205,"s"
"PhonAlign",836.205,836.2850000000001,"p"
"PhonAlign",836.2850000000001,836.335,"u"
"PhonAlign",836.335,836.365,"R"
"PhonAlign",836.365,836.4050000000001,"E"
"PhonAlign",836.4050000000001,836.485,"p"
"PhonAlign",836.485,836.5250000000001,"A/"
"PhonAlign",836.5250000000001,836.605,"U~/"
"PhonAlign",836.605,836.6550000000001,"t"
"PhonAlign",836.6550000000001,836.725,"E"
"PhonAlign",836.725,836.755,"R"
"PhonAlign",836.755,836.815,"E"
"PhonAlign",836.815,836.955,"s"
"PhonAlign",836.955,837.075,"e"
"PhonAlign",837.075,837.233341,"fp"
"PhonAlign",837.233341,837.911503,"#"
"PhonAlign",837.911503,837.951503,"b"
"PhonAlign",837.951503,838.081503,"U~/"
"PhonAlign",838.081503,838.181503,"Z"
"PhonAlign",838.181503,838.2515030000001,"@"
"PhonAlign",838.2515030000001,838.3915030000001,"s"
"PhonAlign",838.3915030000001,838.461503,"e"
"PhonAlign",838.461503,838.531503,"p"
"PhonAlign",838.531503,838.681503,"A/"
"PhonAlign",838.681503,838.7615030000001,"m"
"PhonAlign",838.7615030000001,838.901503,"E"
"PhonAlign",838.901503,839.051503,"fp"
"PhonAlign",839.051503,839.081503,"l"
"PhonAlign",839.081503,839.2415030000001,"e"
"PhonAlign",839.2415030000001,839.301503,"z"
"PhonAlign",839.301503,839.3815030000001,"a~"
"PhonAlign",839.3815030000001,839.521503,"f"
"PhonAlign",839.521503,839.661503,"a~"
"PhonAlign",839.661503,839.721503,"p"
"PhonAlign",839.721503,839.821503,"A/"
"PhonAlign",839.821503,839.8515030000001,"R"
"PhonAlign",839.8515030000001,839.8915030000001,"E"
"PhonAlign",839.8915030000001,839.921503,"g"
"PhonAlign",839.921503,839.9915030000001,"s"
"PhonAlign",839.9915030000001,840.071503,"a~"
"PhonAlign",840.071503,840.171503,"p"
"PhonAlign",840.171503,840.211503,"l"
"PhonAlign",840.211503,840.301503,"Z"
"PhonAlign",840.301503,840.3915030000001,"p"
"PhonAlign",840.3915030000001,840.441503,"a~"
"PhonAlign",840.441503,840.4915030000001,"s"
"PhonAlign",840.4915030000001,840.571503,"p"
"PhonAlign",840.571503,840.6215030000001,"A/"
"PhonAlign",840.6215030000001,840.7515030000001,"k"
"PhonAlign",840.7515030000001,840.8915030000001,"@"
"PhonAlign",840.8915030000001,840.961503,"i"
"PhonAlign",840.961503,841.211503,"s"
"PhonAlign",841.211503,841.281503,"w"
"PhonAlign",841.281503,841.311503,"A/"
"PhonAlign",841.311503,841.431503,"t"
"PhonAlign",841.431503,841.531503,"R"
"PhonAlign",841.531503,841.561503,"E"
"PhonAlign",841.561503,841.834688,"fp"
"PhonAlign",841.834688,843.56,"#"
"PhonAlign",843.56,843.6099999999999,"t"
"PhonAlign",843.6099999999999,843.66,"R"
"PhonAlign",843.66,843.7299999999999,"E"
"PhonAlign",843.7299999999999,843.8699999999999,"f"
"PhonAlign",843.8699999999999,843.9,"R"
"PhonAlign",843.9,843.9599999999999,"i"
"PhonAlign",843.9599999999999,844.01,"j"
"PhonAlign",844.01,844.14,"a~"
"PhonAlign",844.14,844.18,"d"
"PhonAlign",844.18,844.4,"@"
"PhonAlign",844.4,844.55,"s"
"PhonAlign",844.55,844.6199999999999,"d"
"PhonAlign",844.6199999999999,844.65,"O/"
"PhonAlign",844.65,844.79,"k"
"PhonAlign",844.79,844.8199999999999,"y"
"PhonAlign",844.8199999999999,844.8699999999999,"m"
"PhonAlign",844.8699999999999,844.9599999999999,"a~"
"PhonAlign",844.9599999999999,845.16,"t"
"PhonAlign",845.16,845.2399999999999,"E"
"PhonAlign",845.2399999999999,845.3299999999999,"R"
"PhonAlign",845.3299999999999,845.525,"@"
"PhonAlign",845.525,846.710561,"#"
"PhonAlign",846.710561,846.800561,"u"
"PhonAlign",846.800561,847.058803,"i"
"PhonAlign",847.058803,853.610823,"#"
"PhonAlign",853.610823,853.720823,"u"
"PhonAlign",853.720823,853.952733,"i"
"PhonAlign",853.952733,877.585,"#"
"PhonAlign",877.585,877.755,"n"
"PhonAlign",877.755,877.875,"O~"
"PhonAlign",877.875,878.131686,"n"
"PhonAlign",878.131686,879.8,"#"
"PhonAlign",879.8,880.31611,"m"
"PhonAlign",880.31611,930.566719,"#"
"PhonAlign",930.566719,931.416958,"m"
"PhonAlign",931.416958,946.78,"#"
"PhonAlign",946.78,946.82,"Z"
"PhonAlign",946.82,946.85,"i"
"PhonAlign",946.85,946.91,"m"
"PhonAlign",946.91,946.99,"A/"
"PhonAlign",946.99,947.07,"Z"
"PhonAlign",947.07,947.1,"i"
"PhonAlign",947.1,947.15,"n"
"PhonAlign",947.15,947.35,"@"
"PhonAlign",947.35,947.44,"#"
"PhonAlign",947.44,947.48,"u"
"PhonAlign",947.48,947.51,"i"
"PhonAlign",947.51,947.54,"Z"
"PhonAlign",947.54,947.57,"i"
"PhonAlign",947.57,947.6,"m"
"PhonAlign",947.6,947.63,"A/"
"PhonAlign",947.63,947.67,"Z"
"PhonAlign",947.67,947.71,"i"
"PhonAlign",947.71,947.9,"n"
"PhonAlign",947.9,947.944687,"@"
"PhonAlign",947.944687,997.877566,"#"
"PhonAlign",997.877566,997.957566,"w"
"PhonAlign",997.957566,998.354221,"E"
"PhonAlign",998.354221,1005.150938,"#"
"PhonAlign",1005.150938,1005.505312,"m"
"PhonAlign",1005.505312,1005.834034,"#"
"PhonAlign",1005.834034,1006.292356,"m"
"PhonAlign",1006.292356,1016.32,"#"
"PhonAlign",1016.32,1016.676563,"m"
"PhonAlign",1016.676563,1066.815,"#"
"PhonAlign",1066.815,1068.0,"m"
"PhonAlign",1068.0,1068.23,"#"
"PhonAlign",1068.23,1068.27,"m"
"PhonAlign",1068.27,1068.3,"w"
"PhonAlign",1068.3,1068.33,"A/"
"PhonAlign",1068.33,1068.41,"S"
"PhonAlign",1068.41,1068.59,"t"
"PhonAlign",1068.59,1068.62,"R"
"PhonAlign",1068.62,1068.67,"u"
"PhonAlign",1068.67,1068.79,"v"
"PhonAlign",1068.79,1069.21,"@"
"PhonAlign",1069.21,1069.343438,"k"
"PhonAlign",1069.343438,1083.75,"#"
"PhonAlign",1083.75,1083.81,"b"
"PhonAlign",1083.81,1083.85,"E"
"PhonAlign",1083.85,1083.96,"s"
"PhonAlign",1083.96,1084.09,"e"
"PhonAlign",1084.09,1084.12,"A/"
"PhonAlign",1084.12,1084.25,"s"
"PhonAlign",1084.25,1084.37,"e"
"PhonAlign",1084.37,1084.53,"z"
"PhonAlign",1084.53,1084.62,"l"
"PhonAlign",1084.62,1084.77,"A/"
"PhonAlign",1084.77,1084.81,"R"
"PhonAlign",1084.81,1084.88,"Z"
"PhonAlign",1084.88,1084.94,"O~"
"PhonAlign",1084.94,1085.13,"p"
"PhonAlign",1085.13,1085.17,"@"
"PhonAlign",1085.17,1085.25,"O/"
"PhonAlign",1085.25,1085.37,"s"
"PhonAlign",1085.37,1085.4,"i"
"PhonAlign",1085.4,1085.44,"l"
"PhonAlign",1085.44,1085.53,"R"
"PhonAlign",1085.53,1085.57,"2"
"PhonAlign",1085.57,1085.61,"g"
"PhonAlign",1085.61,1085.64,"R"
"PhonAlign",1085.64,1085.76,"u"
"PhonAlign",1085.76,1085.85,"p"
"PhonAlign",1085.85,1085.9,"e"
"PhonAlign",1085.9,1085.99,"A/"
"PhonAlign",1085.99,1086.02,"v"
"PhonAlign",1086.02,1086.12,"E"
"PhonAlign",1086.12,1086.19,"k"
"PhonAlign",1086.19,1086.24,"l"
"PhonAlign",1086.24,1086.46,"O/"
"PhonAlign",1086.46,1086.49,"R"
"PhonAlign",1086.49,1086.8,"9"
"PhonAlign",1086.8,1086.83,"R"
"PhonAlign",1086.83,1086.86,"d"
"PhonAlign",1086.86,1086.93,"A/"
"PhonAlign",1086.93,1086.96,"j"
"PhonAlign",1086.96,1087.11,"2"
"PhonAlign",1087.11,1087.14,"R"
"PhonAlign",1087.14,1087.17,"a~"
"PhonAlign",1087.17,1087.28,"f"
"PhonAlign",1087.28,1087.38,"U~/"
"PhonAlign",1087.38,1087.41,"i"
"PhonAlign",1087.41,1087.44,"A/"
"PhonAlign",1087.44,1087.47,"d"
"PhonAlign",1087.47,1087.55,"e"
"PhonAlign",1087.55,1087.66,"z"
"PhonAlign",1087.66,1087.73,"A/"
"PhonAlign",1087.73,1087.76,"v"
"PhonAlign",1087.76,1087.85,"a~"
"PhonAlign",1087.85,1087.95,"t"
"PhonAlign",1087.95,1087.98,"y"
"PhonAlign",1087.98,1088.17,"R"
"PhonAlign",1088.17,1088.37,"a~"
"PhonAlign",1088.37,1088.65,"f"
"PhonAlign",1088.65,1088.69,"U~/"
"PhonAlign",1088.69,1089.365,"#"
"PhonAlign",1089.365,1089.405,"l"
"PhonAlign",1089.405,1089.455,"e"
"PhonAlign",1089.455,1089.535,"s"
"PhonAlign",1089.535,1089.565,"y"
"PhonAlign",1089.565,1089.625,"p"
"PhonAlign",1089.625,1089.675,"E"
"PhonAlign",1089.675,1089.735,"R"
"PhonAlign",1089.735,1089.765,"j"
"PhonAlign",1089.765,1089.815,"E"
"PhonAlign",1089.815,1089.845,"R"
"PhonAlign",1089.845,1090.045,"O/"
"PhonAlign",1090.045,1090.075,"O/"
"PhonAlign",1090.075,1090.255,"s"
"PhonAlign",1090.255,1090.415,"i"
"PhonAlign",1090.415,1090.445,"v"
"PhonAlign",1090.445,1090.825,"O~"
"PhonAlign",1090.825,1090.985,"t"
"PhonAlign",1090.985,1091.015,"A/"
"PhonAlign",1091.015,1091.065,"l"
"PhonAlign",1091.065,1091.335,"A/"
"PhonAlign",1091.335,1091.525,"v"
"PhonAlign",1091.525,1091.585,"a~"
"PhonAlign",1091.585,1091.665,"t"
"PhonAlign",1091.665,1091.815,"y"
"PhonAlign",1091.815,1091.845,"R"
"PhonAlign",1091.845,1091.895,"@"
"PhonAlign",1091.895,1091.945,"laugh"
"PhonAlign",1091.945,1092.995,"#"
"PhonAlign",1092.995,1093.105,"s"
"PhonAlign",1093.105,1093.165,"e"
"PhonAlign",1093.165,1093.235,"t"
"PhonAlign",1093.235,1093.305,"R"
"PhonAlign",1093.305,1093.395,"E"
"PhonAlign",1093.395,1093.425,"l"
"PhonAlign",1093.425,1093.555,"A/"
"PhonAlign",1093.555,1093.615,"R"
"PhonAlign",1093.615,1093.715,"Z"
"PhonAlign",1093.715,1093.905,"@"
"PhonAlign",1093.905,1093.955,"u"
"PhonAlign",1093.955,1093.997813,"i"
"PhonAlign",1093.997813,1120.445,"#"
"PhonAlign",1120.445,1120.915,"A/"
"PhonAlign",1120.915,1120.945,"u"
"PhonAlign",1120.945,1121.149688,"i"
"PhonAlign",1121.149688,1197.619429,"#"
"PhonAlign",1197.619429,1198.022753,"m"
"PhonAlign",1198.022753,1203.944271,"#"
"PhonAlign",1203.944271,1204.347595,"m"
"PhonAlign",1204.347595,1206.317813,"#"
"PhonAlign",1206.317813,1206.597813,"u"
"PhonAlign",1206.597813,1207.026563,"i"
"PhonAlign",1207.026563,1236.017813,"#"
"PhonAlign",1236.017813,1236.287813,"m"
"PhonAlign",1236.287813,1236.497813,"b"
"PhonAlign",1236.497813,1236.647813,"U~/"
"PhonAlign",1236.647813,1236.687813,"R"
"PhonAlign",1236.687813,1236.767813,"E"
"PhonAlign",1236.767813,1237.167813,"s"
"PhonAlign",1237.167813,1237.3678129999998,"t"
"PhonAlign",1237.3678129999998,1237.547813,"@"
"PhonAlign",1237.547813,1237.59,"s"
"PhonAlign",1237.59,1237.68,"#"
"PhonAlign",1237.68,1237.77,"w"
"PhonAlign",1237.77,1238.05,"E"
"PhonAlign",1238.05,1249.105,"#"
"PhonAlign",1249.105,1249.255,"m"
"PhonAlign",1249.255,1249.285,"w"
"PhonAlign",1249.285,1249.325,"A/"
"PhonAlign",1249.325,1249.425,"s"
"PhonAlign",1249.425,1249.475,"A/"
"PhonAlign",1249.475,1249.575,"m"
"PhonAlign",1249.575,1249.825,"A/"
"PhonAlign",1249.825,1249.855,"l"
"PhonAlign",1249.855,1249.885,"e"
"PhonAlign",1249.885,1250.265,"z"
"PhonAlign",1250.265,1250.305,"H"
"PhonAlign",1250.305,1250.715,"i"
"PhonAlign",1250.715,1250.835,"g"
"PhonAlign",1250.835,1251.045,"R"
"PhonAlign",1251.045,1251.075,"E"
"PhonAlign",1251.075,1251.27,"k"
"PhonAlign",1251.27,1284.73,"#"
"PhonAlign",1284.73,1284.77,"s"
"PhonAlign",1284.77,1285.11,"@"
"PhonAlign",1285.11,1285.34,"t"
"PhonAlign",1285.34,1285.39,"i"
"PhonAlign",1285.39,1285.42,"p"
"PhonAlign",1285.42,1285.48,"d"
"PhonAlign",1285.48,1285.54,"@"
"PhonAlign",1285.54,1285.66,"f"
"PhonAlign",1285.66,1285.69,"i"
"PhonAlign",1285.69,1285.72,"l"
"PhonAlign",1285.72,1285.85,"m"
"PhonAlign",1285.85,1286.11,"@"
"PhonAlign",1286.11,1286.14,"a~"
"PhonAlign",1286.14,1286.34,"f"
"PhonAlign",1286.34,1286.66,"U~/"
"PhonAlign",1286.66,1286.76,"p"
"PhonAlign",1286.76,1286.82,"A/"
"PhonAlign",1286.82,1286.88,"R"
"PhonAlign",1286.88,1286.96,"f"
"PhonAlign",1286.96,1287.01,"w"
"PhonAlign",1287.01,1287.09,"A/"
"PhonAlign",1287.09,1287.16,"O/"
"PhonAlign",1287.16,1287.26,"s"
"PhonAlign",1287.26,1287.29,"i"
"PhonAlign",1287.29,1287.35,"b"
"PhonAlign",1287.35,1287.4,"O/"
"PhonAlign",1287.4,1287.48,"k"
"PhonAlign",1287.48,1287.51,"u"
"PhonAlign",1287.51,1287.59,"t"
"PhonAlign",1287.59,1287.64,"s"
"PhonAlign",1287.64,1287.67,"y"
"PhonAlign",1287.67,1287.71,"k"
"PhonAlign",1287.71,1287.79,"s"
"PhonAlign",1287.79,1287.89,"E"
"PhonAlign",1287.89,1287.97,"p"
"PhonAlign",1287.97,1288.03,"A/"
"PhonAlign",1288.03,1288.06,"R"
"PhonAlign",1288.06,1288.11,"E"
"PhonAlign",1288.11,1288.15,"g"
"PhonAlign",1288.15,1288.2,"s"
"PhonAlign",1288.2,1288.27,"a~"
"PhonAlign",1288.27,1288.33,"p"
"PhonAlign",1288.33,1288.36,"l"
"PhonAlign",1288.36,1288.39,"j"
"PhonAlign",1288.39,1288.44,"A/"
"PhonAlign",1288.44,1288.5,"v"
"PhonAlign",1288.5,1288.58,"e"
"PhonAlign",1288.58,1288.61,"l"
"PhonAlign",1288.61,1288.84,"e"
"PhonAlign",1288.84,1288.87,"l"
"PhonAlign",1288.87,1288.96,"e"
"PhonAlign",1288.96,1289.04,"d"
"PhonAlign",1289.04,1289.12,"2"
"PhonAlign",1289.12,1289.23,"p"
"PhonAlign",1289.23,1289.35,"A/"
"PhonAlign",1289.35,1289.575,"p"
"PhonAlign",1289.575,1289.64,"#"
"PhonAlign",1289.64,1289.7,"k"
"PhonAlign",1289.7,1289.8100000000002,"e"
"PhonAlign",1289.8100000000002,1289.91,"s"
"PhonAlign",1289.91,1289.95,"O/"
"PhonAlign",1289.95,1289.98,"R"
"PhonAlign",1289.98,1290.16,"t"
"PhonAlign",1290.16,1290.3200000000002,"i"
"PhonAlign",1290.3200000000002,1290.48,"E"
"PhonAlign",1290.48,1290.88,"k"
"PhonAlign",1290.88,1290.91,"A/"
"PhonAlign",1290.91,1291.0200000000002,"e"
"PhonAlign",1291.0200000000002,1291.12,"t"
"PhonAlign",1291.12,1291.2,"e"
"PhonAlign",1291.2,1291.3000000000002,"t"
"PhonAlign",1291.3000000000002,1291.4,"p"
"PhonAlign",1291.4,1291.44,"R"
"PhonAlign",1291.44,1291.49,"i"
"PhonAlign",1291.49,1291.5600000000002,"m"
"PhonAlign",1291.5600000000002,1291.61,"e"
"PhonAlign",1291.61,1291.64,"O/"
"PhonAlign",1291.64,1291.73,"z"
"PhonAlign",1291.73,1291.7800000000002,"O/"
"PhonAlign",1291.7800000000002,1291.89,"s"
"PhonAlign",1291.89,1291.95,"k"
"PhonAlign",1291.95,1292.0800000000002,"A/"
"PhonAlign",1292.0800000000002,1292.11,"R"
"PhonAlign",1292.11,1292.16,"d"
"PhonAlign",1292.16,1292.2900000000002,"O~"
"PhonAlign",1292.2900000000002,1292.43,"k"
"PhonAlign",1292.43,1292.780768,"fp"
"PhonAlign",1292.780768,1293.79,"#"
"PhonAlign",1293.79,1293.94,"w"
"PhonAlign",1293.94,1294.02,"E"
"PhonAlign",1294.02,1294.49,"#"
"PhonAlign",1294.49,1294.53,"d"
"PhonAlign",1294.53,1294.67,"O~"
"PhonAlign",1294.67,1294.8,"k"
"PhonAlign",1294.8,1295.01,"A/"
"PhonAlign",1295.01,1295.14,"p"
"PhonAlign",1295.14,1295.2,"R"
"PhonAlign",1295.2,1295.55,"E"
"PhonAlign",1295.55,1295.73,"z"
"PhonAlign",1295.73,1300.535,"#"
"PhonAlign",1300.535,1300.6850000000002,"b"
"PhonAlign",1300.6850000000002,1300.815,"E"
"PhonAlign",1300.815,1300.9250000000002,"Z"
"PhonAlign",1300.9250000000002,1301.055,"p"
"PhonAlign",1301.055,1301.135,"a~"
"PhonAlign",1301.135,1301.235,"s"
"PhonAlign",1301.235,1301.335,"p"
"PhonAlign",1301.335,1301.565,"A/"
"PhonAlign",1301.565,1301.847188,"z"
"PhonAlign",1301.847188,1304.699063,"#"
"PhonAlign",1304.699063,1305.15,"m"
"TokensAlign",0.0,4.02,"#"
"TokensAlign",4.02,4.69,"bonjour"
"TokensAlign",4.69,40.63,"#"
"TokensAlign",40.63,40.81,"moi"
"TokensAlign",40.81,40.86,"j'"
"TokensAlign",40.86,40.91,"ai"
"TokensAlign",40.91,41.25,"pensé"
"TokensAlign",41.25,41.45,"à"
"TokensAlign",41.45,41.620000000000005,"deux"
"TokensAlign",41.620000000000005,42.47,"euh"
"TokensAlign",42.47,43.0,"#"
"TokensAlign",43.0,43.1,"deux"
"TokensAlign",43.1,43.28,"types"
"TokensAlign",43.28,43.34,"de"
"TokensAlign",43.34,43.53,"films"
"TokensAlign",43.53,43.66,"qui"
"TokensAlign",43.66,44.22,"seraient"
"TokensAlign",44.22,44.8,"intéressants"
"TokensAlign",44.8,44.96,"de"
"TokensAlign",44.96,45.39,"soumettre"
"TokensAlign",45.39,45.61,"aux"
"TokensAlign",45.61,46.47,"téléspectateurs"
"TokensAlign",46.47,47.22,"+"
"TokensAlign",47.22,47.74,"euh"
"TokensAlign",47.74,47.84,"le"
"TokensAlign",47.84,48.2,"premier"
"TokensAlign",48.2,48.51,"c'est"
"TokensAlign",48.51,48.9,"euh"
"TokensAlign",48.9,49.22,"+"
"TokensAlign",49.22,49.43,"c'est"
"TokensAlign",49.43,50.11,"par_rapport_aux"
"TokensAlign",50.11,50.48,"super"
"TokensAlign",50.48,50.93,"héros"
"TokensAlign",50.93,51.26,"#"
"TokensAlign",51.26,51.32,"à"
"TokensAlign",51.32,51.68,"l'"
"TokensAlign",51.68,52.01,"univers"
"TokensAlign",52.01,52.07,"des"
"TokensAlign",52.07,52.34,"super"
"TokensAlign",52.34,52.61,"héros"
"TokensAlign",52.61,52.66,"et"
"TokensAlign",52.66,52.77,"le"
"TokensAlign",52.77,53.18,"deuxième"
"TokensAlign",53.18,53.5,"c'est"
"TokensAlign",53.5,53.67,"euh"
"TokensAlign",53.67,53.83,"par"
"TokensAlign",53.83,54.17,"rapport"
"TokensAlign",54.17,54.55,"euh"
"TokensAlign",54.55,54.62,"à"
"TokensAlign",54.62,54.73,"des"
"TokensAlign",54.73,55.358438,"documentaires"
"TokensAlign",55.358438,56.76,"#"
"TokensAlign",56.76,57.36,"donc"
"TokensAlign",57.36,57.82,"euh"
"TokensAlign",57.82,62.580938,"#"
"TokensAlign",62.580938,63.104063,"ouais"
"TokensAlign",63.104063,65.348438,"#"
"TokensAlign",65.348438,65.828438,"euh"
"TokensAlign",65.828438,65.88843800000001,"je"
"TokensAlign",65.88843800000001,66.098438,"pense"
"TokensAlign",66.098438,66.198438,"que"
"TokensAlign",66.198438,66.298438,"c'est"
"TokensAlign",66.298438,66.798438,"important"
"TokensAlign",66.798438,66.928438,"dans"
"TokensAlign",66.928438,67.318438,"notre"
"TokensAlign",67.318438,67.668438,"monde"
"TokensAlign",67.668438,67.698438,"de"
"TokensAlign",67.698438,68.048438,"parler"
"TokensAlign",68.048438,68.338438,"euh"
"TokensAlign",68.338438,68.488438,"des"
"TokensAlign",68.488438,68.858438,"super"
"TokensAlign",68.858438,69.168438,"héros"
"TokensAlign",69.168438,69.598438,"parce_que"
"TokensAlign",69.598438,70.515,"euh"
"TokensAlign",70.515,70.82,"#"
"TokensAlign",70.82,71.13,"ce"
"TokensAlign",71.13,71.49,"type"
"TokensAlign",71.49,71.67999999999999,"euh"
"TokensAlign",71.67999999999999,71.83,"de"
"TokensAlign",71.83,72.03999999999999,"film"
"TokensAlign",72.03999999999999,72.07,"euh"
"TokensAlign",72.07,72.58,"amène"
"TokensAlign",72.58,72.71,"de"
"TokensAlign",72.71,72.74,"l'"
"TokensAlign",72.74,73.27,"espoir"
"TokensAlign",73.27,73.44,"euh"
"TokensAlign",73.44,73.75999999999999,"surtout"
"TokensAlign",73.75999999999999,73.89999999999999,"dans"
"TokensAlign",73.89999999999999,74.41,"notre"
"TokensAlign",74.41,74.88,"société"
"TokensAlign",74.88,74.91999999999999,"où"
"TokensAlign",74.91999999999999,75.36,"euh"
"TokensAlign",75.36,75.88,"#"
"TokensAlign",75.88,76.11,"la"
"TokensAlign",76.11,76.44999999999999,"crise"
"TokensAlign",76.44999999999999,76.94,"euh"
"TokensAlign",76.94,77.61,"sanitaire"
"TokensAlign",77.61,77.8,"et"
"TokensAlign",77.8,78.08,"euh"
"TokensAlign",78.08,78.52,"ainsi_que"
"TokensAlign",78.52,78.79,"les"
"TokensAlign",78.79,79.675,"#"
"TokensAlign",79.675,79.88499999999999,"euh"
"TokensAlign",79.88499999999999,79.985,"la"
"TokensAlign",79.985,80.785,"pollution"
"TokensAlign",80.785,80.905,"tout"
"TokensAlign",80.905,81.005,"ce"
"TokensAlign",81.005,81.145,"qui"
"TokensAlign",81.145,81.175,"est"
"TokensAlign",81.175,81.825,"environnementaux"
"TokensAlign",81.825,81.99499999999999,"les"
"TokensAlign",81.99499999999999,82.38499999999999,"enjeux"
"TokensAlign",82.38499999999999,82.955,"environnemen-"
"TokensAlign",82.955,83.725,"+"
"TokensAlign",83.725,84.085,"taux"
"TokensAlign",84.085,84.715779,"#"
"TokensAlign",84.715779,85.165779,"c'est"
"TokensAlign",85.165779,85.345779,"assez"
"TokensAlign",85.345779,85.725779,"important"
"TokensAlign",85.725779,85.755779,"de"
"TokensAlign",85.755779,86.465779,"redonner"
"TokensAlign",86.465779,86.495779,"de"
"TokensAlign",86.495779,86.525779,"l'"
"TokensAlign",86.525779,86.81577899999999,"espoir"
"TokensAlign",86.81577899999999,86.875779,"en"
"TokensAlign",86.875779,86.905779,"l'"
"TokensAlign",86.905779,87.835779,"humanité"
"TokensAlign",87.835779,87.865779,"l'"
"TokensAlign",87.865779,88.5,"humanité"
"TokensAlign",88.5,89.41,"#"
"TokensAlign",89.41,89.67999999999999,"donc"
"TokensAlign",89.67999999999999,89.88,"euh"
"TokensAlign",89.88,90.18,"parce_que"
"TokensAlign",90.18,90.42,"ce"
"TokensAlign",90.42,91.16,"film"
"TokensAlign",91.16,91.56,"c'est"
"TokensAlign",91.56,91.75,"ce"
"TokensAlign",91.75,91.99,"type"
"TokensAlign",91.99,92.500313,"de"
"TokensAlign",92.500313,93.72,"#"
"TokensAlign",93.72,93.89,"de"
"TokensAlign",93.89,94.51,"film"
"TokensAlign",94.51,94.62,"#"
"TokensAlign",94.62,94.92,"ce"
"TokensAlign",94.92,95.195,"genre"
"TokensAlign",95.195,95.435,"#"
"TokensAlign",95.435,95.945,"euh"
"TokensAlign",95.945,96.335,"a"
"TokensAlign",96.335,96.625,"plusieurs"
"TokensAlign",96.625,97.465,"caractéristiques"
"TokensAlign",97.465,97.575,"tout"
"TokensAlign",97.575,97.805,"d'abord"
"TokensAlign",97.805,97.995,"d'abord"
"TokensAlign",97.995,98.365,"euh"
"TokensAlign",98.365,98.99,"#"
"TokensAlign",98.99,99.2,"ben"
"TokensAlign",99.2,99.34,"comme"
"TokensAlign",99.34,99.42,"je"
"TokensAlign",99.42,99.45,"l'"
"TokensAlign",99.45,99.54,"ai"
"TokensAlign",99.54,99.74,"dit"
"TokensAlign",99.74,99.78,"il"
"TokensAlign",99.78,100.12,"amène"
"TokensAlign",100.12,100.26,"de"
"TokensAlign",100.26,100.29,"l'"
"TokensAlign",100.29,100.75,"espoir"
"TokensAlign",100.75,101.12,"ensuite"
"TokensAlign",101.12,101.2,"il"
"TokensAlign",101.2,101.48,"fait"
"TokensAlign",101.48,101.78,"euh"
"TokensAlign",101.78,102.26,"assez"
"TokensAlign",102.26,102.58,"euh"
"TokensAlign",102.58,103.08,"c'est"
"TokensAlign",103.08,103.4,"c'est"
"TokensAlign",103.4,103.55,"un"
"TokensAlign",103.55,103.96,"peu"
"TokensAlign",103.96,104.14,"de"
"TokensAlign",104.14,104.17,"l'"
"TokensAlign",104.17,104.76,"utopie"
"TokensAlign",104.76,105.35,"enfin"
"TokensAlign",105.35,105.62,"#"
"TokensAlign",105.62,105.82,"ça"
"TokensAlign",105.82,106.08,"renvoie"
"TokensAlign",106.08,106.14,"à"
"TokensAlign",106.14,106.17,"l'"
"TokensAlign",106.17,106.81,"utopie"
"TokensAlign",106.81,106.885,"#"
"TokensAlign",106.885,107.345,"mais"
"TokensAlign",107.345,107.965,"euh"
"TokensAlign",107.965,108.435,"cependant"
"TokensAlign",108.435,108.575,"les"
"TokensAlign",108.575,109.015,"super"
"TokensAlign",109.015,109.415,"héros"
"TokensAlign",109.415,109.705,"de"
"TokensAlign",109.705,109.995,"nos"
"TokensAlign",109.995,110.705,"jours"
"TokensAlign",110.705,110.905,"sont"
"TokensAlign",110.905,111.315,"représentés"
"TokensAlign",111.315,111.465,"par"
"TokensAlign",111.465,111.625,"des"
"TokensAlign",111.625,111.845,"êtres"
"TokensAlign",111.845,112.165,"humains"
"TokensAlign",112.165,112.52,"#"
"TokensAlign",112.52,112.94,"enfin"
"TokensAlign",112.94,113.19,"sauf"
"TokensAlign",113.19,113.3,"les"
"TokensAlign",113.3,113.57,"dessins"
"TokensAlign",113.57,113.81,"animés"
"TokensAlign",113.81,114.07,"mais"
"TokensAlign",114.07,114.23,"euh"
"TokensAlign",114.23,114.56,"+"
"TokensAlign",114.56,115.16,"par_exemple"
"TokensAlign",115.16,115.28,"tout"
"TokensAlign",115.28,115.37,"ce"
"TokensAlign",115.37,115.45,"qui"
"TokensAlign",115.45,115.64,"est"
"TokensAlign",115.64,115.84,"type"
"TokensAlign",115.84,115.97,"de"
"TokensAlign",115.97,116.82,"marvel"
"TokensAlign",116.82,117.22,"#"
"TokensAlign",117.22,118.485,"spiderman"
"TokensAlign",118.485,119.055,"#"
"TokensAlign",119.055,119.665,"euh"
"TokensAlign",119.665,119.805,"je"
"TokensAlign",119.805,119.925,"dirais"
"TokensAlign",119.925,120.580313,"euh"
"TokensAlign",120.580313,122.045,"#"
"TokensAlign",122.045,122.155,"bon"
"TokensAlign",122.155,122.965,"voilà"
"TokensAlign",122.965,123.435,"ensuite"
"TokensAlign",123.435,123.887812,"euh"
"TokensAlign",123.887812,125.555,"#"
"TokensAlign",125.555,125.895,"et"
"TokensAlign",125.895,126.515,"euh"
"TokensAlign",126.515,126.845,"+"
"TokensAlign",126.845,127.435,"euh"
"TokensAlign",127.435,127.585,"donc"
"TokensAlign",127.585,127.745,"ça"
"TokensAlign",127.745,127.955,"pourrait"
"TokensAlign",127.955,128.335,"peut-être"
"TokensAlign",128.335,128.535,"euh"
"TokensAlign",128.535,128.785,"faire"
"TokensAlign",128.785,129.195,"ressortir"
"TokensAlign",129.195,129.315,"le"
"TokensAlign",129.315,129.645,"meilleur"
"TokensAlign",129.645,130.035,"de"
"TokensAlign",130.035,130.225,"nous"
"TokensAlign",130.225,130.35500000000002,"en"
"TokensAlign",130.35500000000002,130.86,"chacun"
"TokensAlign",130.86,132.015,"#"
"TokensAlign",132.015,132.15499999999997,"même"
"TokensAlign",132.15499999999997,132.515,"si"
"TokensAlign",132.515,133.050938,"euh"
"TokensAlign",133.050938,134.455,"#"
"TokensAlign",134.455,134.625,"même"
"TokensAlign",134.625,134.805,"si"
"TokensAlign",134.805,134.94500000000002,"c'est"
"TokensAlign",134.94500000000002,135.335,"assez"
"TokensAlign",135.335,135.525,"euh"
"TokensAlign",135.525,135.765,"comment"
"TokensAlign",135.765,136.055,"dire"
"TokensAlign",136.055,136.185,"c'est"
"TokensAlign",136.185,136.305,"un"
"TokensAlign",136.305,136.595,"message"
"TokensAlign",136.595,137.0,"qui"
"TokensAlign",137.0,137.155,"#"
"TokensAlign",137.155,137.295,"qui"
"TokensAlign",137.295,137.395,"est"
"TokensAlign",137.395,137.505,"à"
"TokensAlign",137.505,137.695,"faire"
"TokensAlign",137.695,138.135,"passer"
"TokensAlign",138.135,138.385,"mais"
"TokensAlign",138.385,138.635,"euh"
"TokensAlign",138.635,138.815,"pas"
"TokensAlign",138.815,139.515,"forcément"
"TokensAlign",139.515,139.845,"euh"
"TokensAlign",139.845,140.67,"#"
"TokensAlign",140.67,140.76,"qui"
"TokensAlign",140.76,140.94,"sera"
"TokensAlign",140.94,141.05999999999997,"pas"
"TokensAlign",141.05999999999997,141.82999999999998,"forcément"
"TokensAlign",141.82999999999998,141.92999999999998,"le"
"TokensAlign",141.92999999999998,142.03,"but"
"TokensAlign",142.03,142.2,"sera"
"TokensAlign",142.2,142.30999999999997,"pas"
"TokensAlign",142.30999999999997,142.75,"forcément"
"TokensAlign",142.75,143.1,"atteint"
"TokensAlign",143.1,143.32,"mais"
"TokensAlign",143.32,143.35,"il"
"TokensAlign",143.35,143.48999999999998,"faut"
"TokensAlign",143.48999999999998,143.6,"quand"
"TokensAlign",143.6,143.69,"même"
"TokensAlign",143.69,144.14999999999998,"tenter"
"TokensAlign",144.14999999999998,144.22,"vu"
"TokensAlign",144.22,144.6,"que"
"TokensAlign",144.6,144.985651,"#"
"TokensAlign",144.985651,145.105651,"nous"
"TokensAlign",145.105651,145.295651,"sommes"
"TokensAlign",145.295651,145.415651,"dans"
"TokensAlign",145.415651,145.445651,"des"
"TokensAlign",145.445651,145.83565099999998,"situations"
"TokensAlign",145.83565099999998,145.99565099999998,"assez"
"TokensAlign",145.99565099999998,146.735651,"critique"
"TokensAlign",146.735651,146.845651,"à"
"TokensAlign",146.845651,147.926961,"présent"
"TokensAlign",147.926961,148.912157,"#"
"TokensAlign",148.912157,149.162157,"donc"
"TokensAlign",149.162157,149.71,"voilà"
"TokensAlign",149.71,150.97,"#"
"TokensAlign",150.97,151.05,"hum"
"TokensAlign",151.05,151.11,"+"
"TokensAlign",151.11,151.15,"et"
"TokensAlign",151.15,152.53,"euh"
"TokensAlign",152.53,152.97,"tout_le"
"TokensAlign",152.97,153.38,"monde"
"TokensAlign",153.38,153.64,"connait"
"TokensAlign",153.64,153.77,"des"
"TokensAlign",153.77,153.97,"films"
"TokensAlign",153.97,154.04,"de"
"TokensAlign",154.04,154.52,"super"
"TokensAlign",154.52,154.83,"héros"
"TokensAlign",154.83,155.75,"+"
"TokensAlign",155.75,155.85,"euh"
"TokensAlign",155.85,156.36,"parce_qu'"
"TokensAlign",156.36,156.4,"ils"
"TokensAlign",156.4,156.61,"nous"
"TokensAlign",156.61,156.91,"bercent"
"TokensAlign",156.91,157.18,"depuis"
"TokensAlign",157.18,157.21,"le"
"TokensAlign",157.21,157.33,"temps"
"TokensAlign",157.33,157.36,"de"
"TokensAlign",157.36,157.39,"l'"
"TokensAlign",157.39,158.09,"enfance"
"TokensAlign",158.09,158.28,"bah"
"TokensAlign",158.28,158.33,"que"
"TokensAlign",158.33,158.42,"ce"
"TokensAlign",158.42,158.56,"soit"
"TokensAlign",158.56,158.64,"dans"
"TokensAlign",158.64,158.74,"les"
"TokensAlign",158.74,158.98,"dessins"
"TokensAlign",158.98,159.359062,"animés"
"TokensAlign",159.359062,161.19,"#"
"TokensAlign",161.19,162.63,"euh"
"TokensAlign",162.63,175.95,"#"
"TokensAlign",175.95,176.13,"ben"
"TokensAlign",176.13,176.28,"moi"
"TokensAlign",176.28,177.07999999999998,"ce"
"TokensAlign",177.07999999999998,177.11,"qui"
"TokensAlign",177.11,177.14,"me"
"TokensAlign",177.14,177.23,"ce"
"TokensAlign",177.23,177.26,"qui"
"TokensAlign",177.26,177.29,"me"
"TokensAlign",177.29,177.47,"films"
"TokensAlign",177.47,177.89,"frappe"
"TokensAlign",177.89,178.26,"le"
"TokensAlign",178.26,178.45999999999998,"plus"
"TokensAlign",178.45999999999998,178.61999999999998,"c'est"
"TokensAlign",178.61999999999998,179.03,"surtout"
"TokensAlign",179.03,179.23,"les"
"TokensAlign",179.23,179.56,"marvel"
"TokensAlign",179.56,179.7,"pour"
"TokensAlign",179.7,179.86999999999998,"les"
"TokensAlign",179.86999999999998,180.11,"adultes"
"TokensAlign",180.11,180.32,"parce_que"
"TokensAlign",180.32,180.49,"super"
"TokensAlign",180.49,180.69,"héros"
"TokensAlign",180.69,181.145,"ça"
"TokensAlign",181.145,181.745,"#"
"TokensAlign",181.745,181.965,"comment"
"TokensAlign",181.965,182.555,"dire"
"TokensAlign",182.555,182.765,"les"
"TokensAlign",182.765,183.025,"enfants"
"TokensAlign",183.025,183.195,"comme"
"TokensAlign",183.195,183.355,"les"
"TokensAlign",183.355,183.665,"adultes"
"TokensAlign",183.665,184.455,"regardent"
"TokensAlign",184.455,184.535,"tout"
"TokensAlign",184.535,184.625,"ce"
"TokensAlign",184.625,184.695,"qui"
"TokensAlign",184.695,184.835,"est"
"TokensAlign",184.835,185.045,"film"
"TokensAlign",185.045,185.125,"de"
"TokensAlign",185.125,185.465,"super"
"TokensAlign",185.465,185.785,"héros"
"TokensAlign",185.785,186.145,"et"
"TokensAlign",186.145,186.805,"#"
"TokensAlign",186.805,186.935,"il_y"
"TokensAlign",186.935,186.995,"a"
"TokensAlign",186.995,187.235,"beaucoup"
"TokensAlign",187.235,187.285,"d'"
"TokensAlign",187.285,187.555,"adultes"
"TokensAlign",187.555,187.655,"qui"
"TokensAlign",187.655,187.905,"regardent"
"TokensAlign",187.905,187.995,"des"
"TokensAlign",187.995,188.375,"marvel"
"TokensAlign",188.375,188.555,"par"
"TokensAlign",188.555,188.845,"exemple"
"TokensAlign",188.845,188.975,"le"
"TokensAlign",188.975,189.155,"nouveau"
"TokensAlign",189.155,189.245,"qui"
"TokensAlign",189.245,189.325,"est"
"TokensAlign",189.325,189.755,"sorti"
"TokensAlign",189.755,190.355,"shang"
"TokensAlign",190.355,190.625,"chi"
"TokensAlign",190.625,190.885,"le"
"TokensAlign",190.885,191.295,"film"
"TokensAlign",191.295,191.77,"chinois"
"TokensAlign",191.77,193.27,"#"
"TokensAlign",193.27,193.31,"ou"
"TokensAlign",193.31,194.625,"euh"
"TokensAlign",194.625,293.565938,"#"
"TokensAlign",293.565938,293.695,"c-"
"TokensAlign",293.695,294.13,"#"
"TokensAlign",294.13,294.38,"après"
"TokensAlign",294.38,294.49,"je"
"TokensAlign",294.49,294.64,"sais"
"TokensAlign",294.64,294.78,"pas"
"TokensAlign",294.78,294.91,"si"
"TokensAlign",294.91,294.98,"on"
"TokensAlign",294.98,295.1,"peut"
"TokensAlign",295.1,295.32,"dire"
"TokensAlign",295.32,295.57,"que"
"TokensAlign",295.57,295.88,"par_exemple"
"TokensAlign",295.88,296.05,"tom"
"TokensAlign",296.05,296.43,"sawyer"
"TokensAlign",296.43,296.46,"il"
"TokensAlign",296.46,296.9,"a"
"TokensAlign",296.9,297.24,"une"
"TokensAlign",297.24,298.14,"amoureuse"
"TokensAlign",298.14,298.33,"mais"
"TokensAlign",298.33,300.02,"+"
"TokensAlign",300.02,300.33,"euh"
"TokensAlign",300.33,300.59,"mais"
"TokensAlign",300.59,300.99,"euh"
"TokensAlign",300.99,301.193438,"bon"
"TokensAlign",301.193438,365.892187,"#"
"TokensAlign",365.892187,365.992187,"euh"
"TokensAlign",365.992187,366.332187,"ben"
"TokensAlign",366.332187,366.362187,"l'"
"TokensAlign",366.362187,366.672187,"acteur"
"TokensAlign",366.672187,366.752187,"dans"
"TokensAlign",366.752187,367.382187,"titanic"
"TokensAlign",367.382187,367.84,"euh"
"TokensAlign",367.84,368.32,"#"
"TokensAlign",368.32,368.46,"ah"
"TokensAlign",368.46,368.875299,"je"
"TokensAlign",368.875299,369.846941,"#"
"TokensAlign",369.846941,370.126941,"oui"
"TokensAlign",370.126941,371.076941,"voilà"
"TokensAlign",371.076941,372.574937,"@"
"TokensAlign",372.574937,463.615709,"#"
"TokensAlign",463.615709,463.885709,"mh"
"TokensAlign",463.885709,464.165695,"mh"
"TokensAlign",464.165695,551.652188,"#"
"TokensAlign",551.652188,552.349462,"mh"
"TokensAlign",552.349462,553.761094,"#"
"TokensAlign",553.761094,554.494409,"mouais"
"TokensAlign",554.494409,596.38,"#"
"TokensAlign",596.38,596.75,"mh"
"TokensAlign",596.75,634.508438,"#"
"TokensAlign",634.508438,635.435029,"oui"
"TokensAlign",635.435029,635.585,"#"
"TokensAlign",635.585,635.9350000000001,"c'est"
"TokensAlign",635.9350000000001,636.1750000000001,"euh"
"TokensAlign",636.1750000000001,636.505,"du_coup"
"TokensAlign",636.505,636.605,"euh"
"TokensAlign",636.605,637.39,"documentaire"
"TokensAlign",637.39,638.125,"#"
"TokensAlign",638.125,638.385,"donc"
"TokensAlign",638.385,638.475,"un"
"TokensAlign",638.475,638.615,"peu"
"TokensAlign",638.615,638.795,"dans"
"TokensAlign",638.795,638.905,"le"
"TokensAlign",638.905,639.195,"même"
"TokensAlign",639.195,639.74,"euh"
"TokensAlign",639.74,640.3,"#"
"TokensAlign",640.3,640.62,"*"
"TokensAlign",640.62,640.72,"#"
"TokensAlign",640.72,641.0500000000001,"euh"
"TokensAlign",641.0500000000001,641.1800000000001,"le"
"TokensAlign",641.1800000000001,641.37,"même"
"TokensAlign",641.37,641.78,"registre"
"TokensAlign",641.78,641.8100000000001,"que"
"TokensAlign",641.8100000000001,642.15,"super"
"TokensAlign",642.15,642.49,"héros"
"TokensAlign",642.49,642.58,"le"
"TokensAlign",642.58,643.03,"documentaire"
"TokensAlign",643.03,643.1600000000001,"c'est"
"TokensAlign",643.1600000000001,643.9100000000001,"important"
"TokensAlign",643.9100000000001,644.11,"par"
"TokensAlign",644.11,644.755,"rapport"
"TokensAlign",644.755,645.325,"#"
"TokensAlign",645.325,645.595,"à"
"TokensAlign",645.595,646.1550000000001,"notre"
"TokensAlign",646.1550000000001,647.0150000000001,"situation"
"TokensAlign",647.0150000000001,647.71,"sociétale"
"TokensAlign",647.71,648.42,"#"
"TokensAlign",648.42,648.87,"euh"
"TokensAlign",648.87,649.26,"pour"
"TokensAlign",649.26,649.3499999999999,"que"
"TokensAlign",649.3499999999999,649.54,"les"
"TokensAlign",649.54,650.13,"personnes"
"TokensAlign",650.13,650.3499999999999,"puissent"
"TokensAlign",650.3499999999999,650.5699999999999,"être"
"TokensAlign",650.5699999999999,651.43,"informées"
"TokensAlign",651.43,652.1999999999999,"parce_que"
"TokensAlign",652.1999999999999,652.3299999999999,"les"
"TokensAlign",652.3299999999999,652.9,"médias"
"TokensAlign",652.9,653.01,"j'"
"TokensAlign",653.01,653.342284,"ai"
"TokensAlign",653.342284,653.88,"#"
"TokensAlign",653.88,654.02,"ils"
"TokensAlign",654.02,654.22,"donnent"
"TokensAlign",654.22,654.35,"des"
"TokensAlign",654.35,654.93,"informations"
"TokensAlign",654.93,655.24,"mais"
"TokensAlign",655.24,655.67,"euh"
"TokensAlign",655.67,656.435,"#"
"TokensAlign",656.435,656.7349999999999,"mais"
"TokensAlign",656.7349999999999,656.8449999999999,"je"
"TokensAlign",656.8449999999999,657.005,"trouve"
"TokensAlign",657.005,657.0649999999999,"que"
"TokensAlign",657.0649999999999,657.185,"c'est"
"TokensAlign",657.185,657.2149999999999,"des"
"TokensAlign",657.2149999999999,657.675,"informations"
"TokensAlign",657.675,657.915,"assez"
"TokensAlign",657.915,658.035,"à"
"TokensAlign",658.035,658.665,"chaud"
"TokensAlign",658.665,658.8649999999999,"c'est"
"TokensAlign",658.8649999999999,659.555,"des"
"TokensAlign",659.555,659.933567,"news"
"TokensAlign",659.933567,660.177514,"#"
"TokensAlign",660.177514,660.2175139999999,"et"
"TokensAlign",660.2175139999999,660.7375139999999,"du_coup"
"TokensAlign",660.7375139999999,660.867514,"les"
"TokensAlign",660.867514,661.297514,"documentaires"
"TokensAlign",661.297514,661.397514,"c'est"
"TokensAlign",661.397514,661.5875139999999,"beaucoup"
"TokensAlign",661.5875139999999,661.687514,"plus"
"TokensAlign",661.687514,662.047514,"poussé"
"TokensAlign",662.047514,662.187514,"plus"
"TokensAlign",662.187514,662.704845,"recherché"
"TokensAlign",662.704845,663.715,"#"
"TokensAlign",663.715,664.0550000000001,"donc"
"TokensAlign",664.0550000000001,664.6850000000001,"je"
"TokensAlign",664.6850000000001,664.945,"trouve"
"TokensAlign",664.945,665.075,"ça"
"TokensAlign",665.075,665.585,"intéressant"
"TokensAlign",665.585,665.725,"de"
"TokensAlign",665.725,665.9150000000001,"faire"
"TokensAlign",665.9150000000001,666.5550000000001,"partager"
"TokensAlign",666.5550000000001,666.84,"euh"
"TokensAlign",666.84,667.695,"#"
"TokensAlign",667.695,667.735,"des"
"TokensAlign",667.735,668.51,"euh"
"TokensAlign",668.51,669.67,"#"
"TokensAlign",669.67,670.535,"euh"
"TokensAlign",670.535,670.72,"#"
"TokensAlign",670.72,671.0600000000001,"certains"
"TokensAlign",671.0600000000001,671.63,"documentaires"
"TokensAlign",671.63,671.73,"à"
"TokensAlign",671.73,672.18,"des"
"TokensAlign",672.18,672.975,"#"
"TokensAlign",672.975,673.49,"euh"
"TokensAlign",673.49,673.835,"#"
"TokensAlign",673.835,673.945,"aux"
"TokensAlign",673.945,674.695,"spectateurs"
"TokensAlign",674.695,674.965,"comme"
"TokensAlign",674.965,675.475,"par_exemple"
"TokensAlign",675.475,675.6750000000001,"euh"
"TokensAlign",675.6750000000001,675.825,"je"
"TokensAlign",675.825,675.975,"sais"
"TokensAlign",675.975,676.085,"pas"
"TokensAlign",676.085,676.205,"si"
"TokensAlign",676.205,676.345,"vous"
"TokensAlign",676.345,676.575,"avez"
"TokensAlign",676.575,676.695,"vu"
"TokensAlign",676.695,676.885,"le"
"TokensAlign",676.885,677.125,"film"
"TokensAlign",677.125,677.315,"euh"
"TokensAlign",677.315,677.98,"snowden"
"TokensAlign",677.98,679.246616,"#"
"TokensAlign",679.246616,679.615313,"non"
"TokensAlign",679.615313,681.59,"#"
"TokensAlign",681.59,681.74,"oui"
"TokensAlign",681.74,681.85,"je"
"TokensAlign",681.85,681.88,"l'"
"TokensAlign",681.88,681.95,"ai"
"TokensAlign",681.95,682.12,"vu"
"TokensAlign",682.12,682.6,"du_coup"
"TokensAlign",682.6,683.19,"par"
"TokensAlign",683.19,683.51,"contre"
"TokensAlign",683.51,683.74,"les"
"TokensAlign",683.74,683.98,"euh"
"TokensAlign",683.98,684.01,"+"
"TokensAlign",684.01,684.14,"les"
"TokensAlign",684.14,684.5300000000001,"inconvénients"
"TokensAlign",684.5300000000001,684.61,"des"
"TokensAlign",684.61,685.0,"documentaires"
"TokensAlign",685.0,685.12,"c'est"
"TokensAlign",685.12,685.1600000000001,"que"
"TokensAlign",685.1600000000001,685.26,"c'est"
"TokensAlign",685.26,685.5500000000001,"assez"
"TokensAlign",685.5500000000001,685.732167,"long"
"TokensAlign",685.732167,686.06,"#"
"TokensAlign",686.06,686.3699999999999,"donc"
"TokensAlign",686.3699999999999,686.4399999999999,"je"
"TokensAlign",686.4399999999999,686.7299999999999,"pense"
"TokensAlign",686.7299999999999,686.93,"pas"
"TokensAlign",686.93,687.0999999999999,"que"
"TokensAlign",687.0999999999999,687.765,"euh"
"TokensAlign",687.765,688.08,"#"
"TokensAlign",688.08,688.355,"le"
"TokensAlign",688.355,688.6,"#"
"TokensAlign",688.6,688.99,"public"
"TokensAlign",688.99,689.3100000000001,"euh"
"TokensAlign",689.3100000000001,690.09,"enfin"
"TokensAlign",690.09,690.22,"aura"
"TokensAlign",690.22,690.37,"toute"
"TokensAlign",690.37,690.4,"l'"
"TokensAlign",690.4,690.75,"attention"
"TokensAlign",690.75,690.91,"sur"
"TokensAlign",690.91,690.94,"le"
"TokensAlign",690.94,691.28,"documentaire"
"TokensAlign",691.28,691.5500000000001,"pendant"
"TokensAlign",691.5500000000001,691.73,"deux"
"TokensAlign",691.73,691.84,"heures"
"TokensAlign",691.84,692.09,"trois"
"TokensAlign",692.09,692.35,"heures"
"TokensAlign",692.35,692.51,"euh"
"TokensAlign",692.51,693.35,"+"
"TokensAlign",693.35,693.992813,"@"
"TokensAlign",693.992813,696.254063,"#"
"TokensAlign",696.254063,696.974063,"euh"
"TokensAlign",696.974063,697.064063,"ouais"
"TokensAlign",697.064063,700.67,"#"
"TokensAlign",700.67,700.860938,"mh"
"TokensAlign",700.860938,702.425,"#"
"TokensAlign",702.425,702.785,"après"
"TokensAlign",702.785,703.68,"euh"
"TokensAlign",703.68,704.225,"#"
"TokensAlign",704.225,704.815,"après"
"TokensAlign",704.815,704.845,"y"
"TokensAlign",704.845,704.875,"a"
"TokensAlign",704.875,704.905,"eu"
"TokensAlign",704.905,705.085,"beaucoup"
"TokensAlign",705.085,705.285,"de"
"TokensAlign",705.285,705.7950000000001,"documentaires"
"TokensAlign",705.7950000000001,705.875,"qui"
"TokensAlign",705.875,706.005,"sont"
"TokensAlign",706.005,706.515,"sortis"
"TokensAlign",706.515,706.845,"euh"
"TokensAlign",706.845,707.355,"par_rapport_à"
"TokensAlign",707.355,707.405,"l'"
"TokensAlign",707.405,708.145,"environnement"
"TokensAlign",708.145,708.423426,"euh"
"TokensAlign",708.423426,709.22,"#"
"TokensAlign",709.22,710.4,"hum"
"TokensAlign",710.4,710.61895,"#"
"TokensAlign",710.61895,710.7089500000001,"j'"
"TokensAlign",710.7089500000001,710.76895,"en"
"TokensAlign",710.76895,711.02895,"pense"
"TokensAlign",711.02895,711.14895,"à"
"TokensAlign",711.14895,711.3189500000001,"un"
"TokensAlign",711.3189500000001,711.4589500000001,"mais"
"TokensAlign",711.4589500000001,711.87895,"je"
"TokensAlign",711.87895,711.97895,"me"
"TokensAlign",711.97895,712.28895,"souviens"
"TokensAlign",712.28895,712.54895,"plus"
"TokensAlign",712.54895,713.2189500000001,"euh"
"TokensAlign",713.2189500000001,713.25895,"l'"
"TokensAlign",713.25895,714.645,"intituler"
"TokensAlign",714.645,715.065,"#"
"TokensAlign",715.065,715.98,"euh"
"TokensAlign",715.98,716.98,"#"
"TokensAlign",716.98,717.14,"je"
"TokensAlign",717.14,717.3100000000001,"sais"
"TokensAlign",717.3100000000001,717.45,"plus"
"TokensAlign",717.45,717.5600000000001,"où"
"TokensAlign",717.5600000000001,717.82,"on"
"TokensAlign",717.82,718.1,"voit"
"TokensAlign",718.1,718.3100000000001,"les"
"TokensAlign",718.3100000000001,718.61,"euh"
"TokensAlign",718.61,718.8100000000001,"les"
"TokensAlign",718.8100000000001,719.28,"phoques"
"TokensAlign",719.28,719.84,"enfin"
"TokensAlign",719.84,720.38,"tomber"
"TokensAlign",720.38,720.69,"parce_qu'"
"TokensAlign",720.69,720.76,"ils"
"TokensAlign",720.76,720.91,"ont"
"TokensAlign",720.91,721.03,"plus"
"TokensAlign",721.03,721.11,"de"
"TokensAlign",721.11,721.89,"glace"
"TokensAlign",721.89,721.9200000000001,"de"
"TokensAlign",721.9200000000001,722.03,"la"
"TokensAlign",722.03,722.47,"falaise"
"TokensAlign",722.47,722.8000000000001,"etcetera"
"TokensAlign",722.8000000000001,723.1,"enfin"
"TokensAlign",723.1,723.439688,"voilà"
"TokensAlign",723.439688,724.715,"#"
"TokensAlign",724.715,725.145,"ensuite"
"TokensAlign",725.145,725.4250000000001,"euh"
"TokensAlign",725.4250000000001,725.475,"il_y"
"TokensAlign",725.475,725.6750000000001,"aussi"
"TokensAlign",725.6750000000001,725.745,"des"
"TokensAlign",725.745,726.1750000000001,"documentaires"
"TokensAlign",726.1750000000001,726.455,"euh"
"TokensAlign",726.455,726.845,"sur"
"TokensAlign",726.845,727.245,"euh"
"TokensAlign",727.245,727.4150000000001,"la"
"TokensAlign",727.4150000000001,727.9350000000001,"société"
"TokensAlign",727.9350000000001,728.115,"comme"
"TokensAlign",728.115,728.3050000000001,"euh"
"TokensAlign",728.3050000000001,728.9250000000001,"happiness"
"TokensAlign",728.9250000000001,729.075,"je"
"TokensAlign",729.075,729.125,"sais"
"TokensAlign",729.125,729.215,"pas"
"TokensAlign",729.215,729.375,"si"
"TokensAlign",729.375,729.495,"vous"
"TokensAlign",729.495,729.5350000000001,"l'"
"TokensAlign",729.5350000000001,729.765,"avez"
"TokensAlign",729.765,730.015,"vu"
"TokensAlign",730.015,732.005,"#"
"TokensAlign",732.005,732.295,"ça"
"TokensAlign",732.295,732.605,"parle"
"TokensAlign",732.605,732.875,"euh"
"TokensAlign",732.875,733.025,"du"
"TokensAlign",733.025,733.377479,"bonheur"
"TokensAlign",733.377479,733.53,"#"
"TokensAlign",733.53,733.79,"comment"
"TokensAlign",733.79,734.01,"est-ce_que"
"TokensAlign",734.01,734.37,"euh"
"TokensAlign",734.37,734.48,"le"
"TokensAlign",734.48,734.78,"bonheur"
"TokensAlign",734.78,735.425,"se"
"TokensAlign",735.425,736.085,"#"
"TokensAlign",736.085,736.255,"se"
"TokensAlign",736.255,736.5450000000001,"trouve"
"TokensAlign",736.5450000000001,736.6750000000001,"se"
"TokensAlign",736.6750000000001,737.085,"construit"
"TokensAlign",737.085,737.4150000000001,"et"
"TokensAlign",737.4150000000001,737.705,"euh"
"TokensAlign",737.705,737.7950000000001,"+"
"TokensAlign",737.7950000000001,737.975,"et"
"TokensAlign",737.975,738.0350000000001,"il_y"
"TokensAlign",738.0350000000001,738.075,"a"
"TokensAlign",738.075,738.455,"pas_mal_de"
"TokensAlign",738.455,738.575,"choses"
"TokensAlign",738.575,739.1750000000001,"intéressantes"
"TokensAlign",739.1750000000001,739.5450000000001,"enfin"
"TokensAlign",739.5450000000001,739.6850000000001,"moi"
"TokensAlign",739.6850000000001,739.7750000000001,"ça"
"TokensAlign",739.7750000000001,739.8050000000001,"m'"
"TokensAlign",739.8050000000001,740.1550000000001,"a"
"TokensAlign",740.1550000000001,740.4250000000001,"assez"
"TokensAlign",740.4250000000001,740.963168,"surpris"
"TokensAlign",740.963168,741.806061,"#"
"TokensAlign",741.806061,742.046061,"euh"
"TokensAlign",742.046061,742.556061,"que"
"TokensAlign",742.556061,743.125,"euh"
"TokensAlign",743.125,743.23,"#"
"TokensAlign",743.23,743.65,"trente"
"TokensAlign",743.65,743.6800000000001,"ou"
"TokensAlign",743.6800000000001,743.96,"quarante"
"TokensAlign",743.96,744.26,"pourcents"
"TokensAlign",744.26,744.29,"de"
"TokensAlign",744.29,744.39,"notre"
"TokensAlign",744.39,744.77,"bonheur"
"TokensAlign",744.77,745.11,"était"
"TokensAlign",745.11,745.445,"euh"
"TokensAlign",745.445,745.832969,"#"
"TokensAlign",745.832969,746.132969,"enfin"
"TokensAlign",746.132969,746.3229690000001,"était"
"TokensAlign",746.3229690000001,746.5729690000001,"déjà"
"TokensAlign",746.5729690000001,746.8029690000001,"écrit"
"TokensAlign",746.8029690000001,746.9029690000001,"dans"
"TokensAlign",746.9029690000001,747.0529690000001,"notre"
"TokensAlign",747.0529690000001,747.5329690000001,"génétique"
"TokensAlign",747.5329690000001,748.01,"en_fait"
"TokensAlign",748.01,749.145,"#"
"TokensAlign",749.145,750.135,"après"
"TokensAlign",750.135,750.2049999999999,"euh"
"TokensAlign",750.2049999999999,750.235,"l'"
"TokensAlign",750.235,750.935,"amitié"
"TokensAlign",750.935,751.025,"la"
"TokensAlign",751.025,751.515,"famille"
"TokensAlign",751.515,751.5749999999999,"l'"
"TokensAlign",751.5749999999999,751.935,"amour"
"TokensAlign",751.935,752.3249999999999,"etcetera"
"TokensAlign",752.3249999999999,752.4549999999999,"ça"
"TokensAlign",752.4549999999999,752.865,"représentait"
"TokensAlign",752.865,752.985,"que"
"TokensAlign",752.985,753.125,"dix"
"TokensAlign",753.125,753.528948,"pourcents"
"TokensAlign",753.528948,754.238212,"#"
"TokensAlign",754.238212,754.728212,"et"
"TokensAlign",754.728212,754.878212,"une"
"TokensAlign",754.878212,755.088212,"grosse"
"TokensAlign",755.088212,755.388212,"partie"
"TokensAlign",755.388212,755.6582119999999,"c'était"
"TokensAlign",755.6582119999999,755.808212,"nos"
"TokensAlign",755.808212,756.148212,"choix"
"TokensAlign",756.148212,756.368212,"enfin"
"TokensAlign",756.368212,756.458212,"je"
"TokensAlign",756.458212,756.608212,"sais"
"TokensAlign",756.608212,756.858212,"plus"
"TokensAlign",756.858212,757.338212,"exactement"
"TokensAlign",757.338212,757.4082119999999,"les"
"TokensAlign",757.4082119999999,757.928212,"pourcentages"
"TokensAlign",757.928212,758.136649,"mais"
"TokensAlign",758.136649,759.065,"#"
"TokensAlign",759.065,759.345,"mais"
"TokensAlign",759.345,759.5150000000001,"on"
"TokensAlign",759.5150000000001,759.7650000000001,"apprend"
"TokensAlign",759.7650000000001,760.0450000000001,"pas_mal_de"
"TokensAlign",760.0450000000001,760.225,"choses"
"TokensAlign",760.225,760.705,"là-dessus"
"TokensAlign",760.705,761.266336,"et"
"TokensAlign",761.266336,761.579967,"#"
"TokensAlign",761.579967,761.949967,"par_exemple"
"TokensAlign",761.949967,761.979967,"il_y"
"TokensAlign",761.979967,762.009967,"a"
"TokensAlign",762.009967,762.039967,"des"
"TokensAlign",762.039967,762.469967,"chercheurs"
"TokensAlign",762.469967,762.499967,"il_y"
"TokensAlign",762.499967,762.549967,"a"
"TokensAlign",762.549967,762.579967,"des"
"TokensAlign",762.579967,763.049967,"scientifiques"
"TokensAlign",763.049967,763.109967,"qui"
"TokensAlign",763.109967,763.299967,"font"
"TokensAlign",763.299967,763.5199670000001,"ça"
"TokensAlign",763.5199670000001,763.829967,"donc"
"TokensAlign",763.829967,764.066622,"euh"
"TokensAlign",764.066622,764.68,"#"
"TokensAlign",764.68,764.7199999999999,"je"
"TokensAlign",764.7199999999999,765.04,"pense"
"TokensAlign",765.04,765.1099999999999,"que"
"TokensAlign",765.1099999999999,765.2399999999999,"c'est"
"TokensAlign",765.2399999999999,765.38,"des"
"TokensAlign",765.38,765.5699999999999,"données"
"TokensAlign",765.5699999999999,765.8,"assez"
"TokensAlign",765.8,766.4,"fiables"
"TokensAlign",766.4,766.65,"pour"
"TokensAlign",766.65,767.054753,"beaucoup"
"TokensAlign",767.054753,767.59723,"#"
"TokensAlign",767.59723,767.72723,"même"
"TokensAlign",767.72723,767.83723,"si"
"TokensAlign",767.83723,767.9072299999999,"on"
"TokensAlign",767.9072299999999,768.04723,"peut"
"TokensAlign",768.04723,768.22723,"tout"
"TokensAlign",768.22723,768.47723,"remettre"
"TokensAlign",768.47723,768.57723,"en"
"TokensAlign",768.57723,768.91723,"question"
"TokensAlign",768.91723,769.20302,"mais"
"TokensAlign",769.20302,769.617013,"#"
"TokensAlign",769.617013,769.7070130000001,"donc"
"TokensAlign",769.7070130000001,769.8370130000001,"ça"
"TokensAlign",769.8370130000001,770.127013,"pourrait"
"TokensAlign",770.127013,770.537013,"permettre"
"TokensAlign",770.537013,770.5670130000001,"de"
"TokensAlign",770.5670130000001,770.7170130000001,"faire"
"TokensAlign",770.7170130000001,771.449104,"réfléchir"
"TokensAlign",771.449104,772.475,"#"
"TokensAlign",772.475,772.575,"les"
"TokensAlign",772.575,772.985,"personnes"
"TokensAlign",772.985,773.0450000000001,"je"
"TokensAlign",773.0450000000001,773.255,"pense"
"TokensAlign",773.255,773.325,"que"
"TokensAlign",773.325,773.475,"c'est"
"TokensAlign",773.475,773.6750000000001,"assez"
"TokensAlign",773.6750000000001,774.250313,"intéressant"
"TokensAlign",774.250313,783.22,"#"
"TokensAlign",783.22,783.734063,"ouais"
"TokensAlign",783.734063,789.50086,"#"
"TokensAlign",789.50086,789.8108599999999,"ben"
"TokensAlign",789.8108599999999,789.95086,"je"
"TokensAlign",789.95086,790.30086,"pense"
"TokensAlign",790.30086,790.57086,"que"
"TokensAlign",790.57086,790.80086,"non"
"TokensAlign",790.80086,790.96086,"parce_que"
"TokensAlign",790.96086,791.20086,"les"
"TokensAlign",791.20086,791.65086,"médias"
"TokensAlign",791.65086,792.11086,"généralement"
"TokensAlign",792.11086,792.15086,"ils"
"TokensAlign",792.15086,792.22086,"se"
"TokensAlign",792.22086,792.71086,"concentrent"
"TokensAlign",792.71086,792.8108599999999,"sur"
"TokensAlign",792.8108599999999,792.84086,"des"
"TokensAlign",792.84086,793.44086,"informations"
"TokensAlign",793.44086,793.61086,"qui"
"TokensAlign",793.61086,793.8108599999999,"sont"
"TokensAlign",793.8108599999999,794.22086,"poignants"
"TokensAlign",794.22086,794.47086,"enfin"
"TokensAlign",794.47086,794.67086,"qui"
"TokensAlign",794.67086,794.95086,"captent"
"TokensAlign",794.95086,795.04086,"l'"
"TokensAlign",795.04086,795.59086,"attention"
"TokensAlign",795.59086,795.79086,"euh"
"TokensAlign",795.79086,796.22086,"+"
"TokensAlign",796.22086,796.34086,"des"
"TokensAlign",796.34086,796.77086,"lecteurs"
"TokensAlign",796.77086,797.1808599999999,"+"
"TokensAlign",797.1808599999999,797.47086,"alors_que"
"TokensAlign",797.47086,797.57086,"les"
"TokensAlign",797.57086,798.12086,"documentaires"
"TokensAlign",798.12086,798.38086,"c'est"
"TokensAlign",798.38086,798.6808599999999,"plutôt"
"TokensAlign",798.6808599999999,798.86086,"les"
"TokensAlign",798.86086,799.17086,"personnes"
"TokensAlign",799.17086,799.21086,"qui"
"TokensAlign",799.21086,799.36086,"sont"
"TokensAlign",799.36086,799.72086,"intéressées"
"TokensAlign",799.72086,799.85086,"par"
"TokensAlign",799.85086,799.96086,"ces"
"TokensAlign",799.96086,800.30086,"sujets"
"TokensAlign",800.30086,800.44086,"qui"
"TokensAlign",800.44086,800.60086,"vont"
"TokensAlign",800.60086,800.95086,"aller"
"TokensAlign",800.95086,801.5608599999999,"+"
"TokensAlign",801.5608599999999,801.96086,"regarder"
"TokensAlign",801.96086,802.05086,"ce"
"TokensAlign",802.05086,802.63,"documentaire"
"TokensAlign",802.63,803.285,"#"
"TokensAlign",803.285,803.555,"et"
"TokensAlign",803.555,803.915,"euh"
"TokensAlign",803.915,804.235,"donc"
"TokensAlign",804.235,804.7049999999999,"c'est"
"TokensAlign",804.7049999999999,805.035,"plutôt"
"TokensAlign",805.035,805.0749999999999,"de"
"TokensAlign",805.0749999999999,805.2049999999999,"la"
"TokensAlign",805.2049999999999,805.505,"recherche"
"TokensAlign",805.505,805.885,"personnelle"
"TokensAlign",805.885,806.0849999999999,"alors_que"
"TokensAlign",806.0849999999999,806.175,"les"
"TokensAlign",806.175,806.555,"médias"
"TokensAlign",806.555,806.635,"ils"
"TokensAlign",806.635,806.875,"nous"
"TokensAlign",806.875,807.245,"enfin"
"TokensAlign",807.245,807.275,"ils"
"TokensAlign",807.275,807.4449999999999,"nous"
"TokensAlign",807.4449999999999,807.765,"imposent"
"TokensAlign",807.765,807.995,"pas"
"TokensAlign",807.995,808.3449999999999,"mais"
"TokensAlign",808.3449999999999,808.495,"ils"
"TokensAlign",808.495,808.8449999999999,"nous"
"TokensAlign",808.8449999999999,809.235,"mette"
"TokensAlign",809.235,809.3249999999999,"il"
"TokensAlign",809.3249999999999,809.415,"nous"
"TokensAlign",809.415,809.4449999999999,"le"
"TokensAlign",809.4449999999999,809.8249999999999,"projette"
"TokensAlign",809.8249999999999,809.865,"à"
"TokensAlign",809.865,809.975,"la"
"TokensAlign",809.975,810.3349999999999,"télé"
"TokensAlign",810.3349999999999,810.657469,"donc"
"TokensAlign",810.657469,811.628928,"#"
"TokensAlign",811.628928,811.970737,"voilà"
"TokensAlign",811.970737,812.93,"#"
"TokensAlign",812.93,813.01,"et"
"TokensAlign",813.01,813.16,"ça"
"TokensAlign",813.16,813.76,"permettrait"
"TokensAlign",813.76,814.24,"euh"
"TokensAlign",814.24,814.78,"#"
"TokensAlign",814.78,814.87,"ben"
"TokensAlign",814.87,815.01,"d'"
"TokensAlign",815.01,815.31,"avoir"
"TokensAlign",815.31,815.3399999999999,"des"
"TokensAlign",815.3399999999999,815.61,"sujets"
"TokensAlign",815.61,815.79,"plus"
"TokensAlign",815.79,816.17,"variés"
"TokensAlign",816.17,816.3,"comme"
"TokensAlign",816.3,816.81,"par_exemple"
"TokensAlign",816.81,817.1899999999999,"euh"
"TokensAlign",817.1899999999999,817.28,"moi"
"TokensAlign",817.28,817.35,"je"
"TokensAlign",817.35,817.4399999999999,"vois"
"TokensAlign",817.4399999999999,817.87,"bien_que"
"TokensAlign",817.87,818.11,"sur"
"TokensAlign",818.11,818.47,"bfm"
"TokensAlign",818.47,818.74,"tv"
"TokensAlign",818.74,818.9499999999999,"en_ce"
"TokensAlign",818.9499999999999,819.13,"moment"
"TokensAlign",819.13,819.2099999999999,"ils"
"TokensAlign",819.2099999999999,819.745,"parlent"
"TokensAlign",819.745,819.975,"#"
"TokensAlign",819.975,820.315,"enfin"
"TokensAlign",820.315,820.595,"pas"
"TokensAlign",820.595,820.855,"que"
"TokensAlign",820.855,821.009397,"hein"
"TokensAlign",821.009397,821.585076,"#"
"TokensAlign",821.585076,821.725076,"mais"
"TokensAlign",821.725076,821.9850759999999,"de"
"TokensAlign",821.9850759999999,822.1250759999999,"de"
"TokensAlign",822.1250759999999,822.6250759999999,"zemmour"
"TokensAlign",822.6250759999999,822.7550759999999,"+"
"TokensAlign",822.7550759999999,823.0050759999999,"et"
"TokensAlign",823.0050759999999,823.095076,"euh"
"TokensAlign",823.095076,823.195076,"ils"
"TokensAlign",823.195076,823.3850759999999,"parlent"
"TokensAlign",823.3850759999999,823.525076,"que"
"TokensAlign",823.525076,823.6050759999999,"de"
"TokensAlign",823.6050759999999,823.915076,"ça"
"TokensAlign",823.915076,824.025076,"et"
"TokensAlign",824.025076,824.435076,"du_coup"
"TokensAlign",824.435076,824.728672,"euh"
"TokensAlign",824.728672,825.42,"#"
"TokensAlign",825.42,825.5899999999999,"on"
"TokensAlign",825.5899999999999,825.7299999999999,"voit"
"TokensAlign",825.7299999999999,825.9399999999999,"plus"
"TokensAlign",825.9399999999999,826.3,"que"
"TokensAlign",826.3,826.62,"dans"
"TokensAlign",826.62,826.87,"enfin"
"TokensAlign",826.87,826.99,"y"
"TokensAlign",826.99,827.04,"a"
"TokensAlign",827.04,827.1999999999999,"pas"
"TokensAlign",827.1999999999999,827.54,"que"
"TokensAlign",827.54,827.89,"zemmour"
"TokensAlign",827.89,828.03,"dans"
"TokensAlign",828.03,828.445,"la"
"TokensAlign",828.445,829.32,"#"
"TokensAlign",829.32,829.7,"en"
"TokensAlign",829.7,830.31,"en"
"TokensAlign",830.31,830.605,"#"
"TokensAlign",830.605,830.645,"en"
"TokensAlign",830.645,831.525,"actualité"
"TokensAlign",831.525,831.585,"ni"
"TokensAlign",831.585,832.23,"euh"
"TokensAlign",832.23,832.825,"#"
"TokensAlign",832.825,833.075,"voilà"
"TokensAlign",833.075,833.365,"+"
"TokensAlign",833.365,833.615,"du_coup"
"TokensAlign",833.615,833.6750000000001,"je"
"TokensAlign",833.6750000000001,833.825,"trouve"
"TokensAlign",833.825,833.9150000000001,"ça"
"TokensAlign",833.9150000000001,834.245,"assez"
"TokensAlign",834.245,834.735,"intéressant"
"TokensAlign",834.735,834.825,"mais"
"TokensAlign",834.825,835.135,"après"
"TokensAlign",835.135,835.1650000000001,"l'"
"TokensAlign",835.1650000000001,835.6850000000001,"inconvénient"
"TokensAlign",835.6850000000001,835.875,"c'est"
"TokensAlign",835.875,836.085,"que"
"TokensAlign",836.085,836.205,"ça"
"TokensAlign",836.205,836.4050000000001,"pourrait"
"TokensAlign",836.4050000000001,836.5250000000001,"pas"
"TokensAlign",836.5250000000001,837.075,"intéressé"
"TokensAlign",837.075,837.233341,"euh"
"TokensAlign",837.233341,837.911503,"#"
"TokensAlign",837.911503,838.081503,"ben"
"TokensAlign",838.081503,838.2515030000001,"je"
"TokensAlign",838.2515030000001,838.461503,"sais"
"TokensAlign",838.461503,838.681503,"pas"
"TokensAlign",838.681503,838.901503,"mais"
"TokensAlign",838.901503,839.051503,"euh"
"TokensAlign",839.051503,839.301503,"les"
"TokensAlign",839.301503,839.661503,"enfants"
"TokensAlign",839.661503,840.211503,"par_exemple"
"TokensAlign",840.211503,840.301503,"je"
"TokensAlign",840.301503,840.4915030000001,"pense"
"TokensAlign",840.4915030000001,840.6215030000001,"pas"
"TokensAlign",840.6215030000001,840.8915030000001,"que"
"TokensAlign",840.8915030000001,840.961503,"ils"
"TokensAlign",840.961503,841.311503,"soient"
"TokensAlign",841.311503,841.561503,"très"
"TokensAlign",841.561503,841.834688,"euh"
"TokensAlign",841.834688,843.56,"#"
"TokensAlign",843.56,843.7299999999999,"très"
"TokensAlign",843.7299999999999,844.14,"friands"
"TokensAlign",844.14,844.4,"de"
"TokensAlign",844.4,844.55,"ce"
"TokensAlign",844.55,845.525,"documentaire"
"TokensAlign",845.525,846.710561,"#"
"TokensAlign",846.710561,847.058803,"oui"
"TokensAlign",847.058803,853.610823,"#"
"TokensAlign",853.610823,853.952733,"oui"
"TokensAlign",853.952733,877.585,"#"
"TokensAlign",877.585,878.131686,"non"
"TokensAlign",878.131686,879.8,"#"
"TokensAlign",879.8,880.31611,"mh"
"TokensAlign",880.31611,930.566719,"#"
"TokensAlign",930.566719,931.416958,"mh"
"TokensAlign",931.416958,946.78,"#"
"TokensAlign",946.78,946.82,"j'"
"TokensAlign",946.82,947.35,"imagine"
"TokensAlign",947.35,947.44,"#"
"TokensAlign",947.44,947.51,"oui"
"TokensAlign",947.51,947.54,"j'"
"TokensAlign",947.54,947.944687,"imagine"
"TokensAlign",947.944687,997.877566,"#"
"TokensAlign",997.877566,998.354221,"ouais"
"TokensAlign",998.354221,1005.150938,"#"
"TokensAlign",1005.150938,1005.505312,"mh"
"TokensAlign",1005.505312,1005.834034,"#"
"TokensAlign",1005.834034,1006.292356,"mh"
"TokensAlign",1006.292356,1016.32,"#"
"TokensAlign",1016.32,1016.676563,"mh"
"TokensAlign",1016.676563,1066.815,"#"
"TokensAlign",1066.815,1068.0,"mh"
"TokensAlign",1068.0,1068.23,"#"
"TokensAlign",1068.23,1068.33,"moi"
"TokensAlign",1068.33,1068.41,"je"
"TokensAlign",1068.41,1069.21,"trouve"
"TokensAlign",1069.21,1069.343438,"que"
"TokensAlign",1069.343438,1083.75,"#"
"TokensAlign",1083.75,1083.85,"ben"
"TokensAlign",1083.85,1084.09,"c'est"
"TokensAlign",1084.09,1084.53,"assez"
"TokensAlign",1084.53,1084.88,"large"
"TokensAlign",1084.88,1084.94,"on"
"TokensAlign",1084.94,1085.17,"peut"
"TokensAlign",1085.17,1085.4,"aussi"
"TokensAlign",1085.4,1085.44,"le"
"TokensAlign",1085.44,1085.9,"regrouper"
"TokensAlign",1085.9,1086.19,"avec"
"TokensAlign",1086.19,1086.24,"l'"
"TokensAlign",1086.24,1086.83,"horreur"
"TokensAlign",1086.83,1087.14,"d'ailleurs"
"TokensAlign",1087.14,1087.38,"enfin"
"TokensAlign",1087.38,1087.41,"il_y"
"TokensAlign",1087.41,1087.44,"a"
"TokensAlign",1087.44,1087.66,"des"
"TokensAlign",1087.66,1088.17,"aventures"
"TokensAlign",1088.17,1088.69,"enfin"
"TokensAlign",1088.69,1089.365,"#"
"TokensAlign",1089.365,1089.455,"les"
"TokensAlign",1089.455,1089.735,"super"
"TokensAlign",1089.735,1090.045,"héros"
"TokensAlign",1090.045,1090.415,"aussi"
"TokensAlign",1090.415,1090.985,"vont"
"TokensAlign",1090.985,1091.015,"à"
"TokensAlign",1091.015,1091.065,"l'"
"TokensAlign",1091.065,1091.895,"aventure"
"TokensAlign",1091.895,1091.945,"@"
"TokensAlign",1091.945,1092.995,"+"
"TokensAlign",1092.995,1093.165,"c'est"
"TokensAlign",1093.165,1093.395,"très"
"TokensAlign",1093.395,1093.905,"large"
"TokensAlign",1093.905,1093.997813,"oui"
"TokensAlign",1093.997813,1120.445,"#"
"TokensAlign",1120.445,1120.915,"ah"
"TokensAlign",1120.915,1121.149688,"oui"
"TokensAlign",1121.149688,1197.619429,"#"
"TokensAlign",1197.619429,1198.022753,"mh"
"TokensAlign",1198.022753,1203.944271,"#"
"TokensAlign",1203.944271,1204.347595,"mh"
"TokensAlign",1204.347595,1206.317813,"#"
"TokensAlign",1206.317813,1207.026563,"oui"
"TokensAlign",1207.026563,1236.017813,"#"
"TokensAlign",1236.017813,1236.287813,"mh"
"TokensAlign",1236.287813,1236.647813,"ben"
"TokensAlign",1236.647813,1237.547813,"reste"
"TokensAlign",1237.547813,1237.59,"ça"
"TokensAlign",1237.59,1237.68,"#"
"TokensAlign",1237.68,1238.05,"ouais"
"TokensAlign",1238.05,1249.105,"#"
"TokensAlign",1249.105,1249.325,"moi"
"TokensAlign",1249.325,1249.475,"ça"
"TokensAlign",1249.475,1249.575,"me"
"TokensAlign",1249.575,1250.265,"allez"
"TokensAlign",1250.265,1251.27,"-y"
"TokensAlign",1251.27,1284.73,"#"
"TokensAlign",1284.73,1285.11,"ce"
"TokensAlign",1285.11,1285.42,"type"
"TokensAlign",1285.42,1285.54,"de"
"TokensAlign",1285.54,1286.11,"film"
"TokensAlign",1286.11,1286.66,"enfin"
"TokensAlign",1286.66,1287.09,"parfois"
"TokensAlign",1287.09,1287.29,"aussi"
"TokensAlign",1287.29,1287.51,"beaucoup"
"TokensAlign",1287.51,1287.59,"de"
"TokensAlign",1287.59,1287.89,"succès"
"TokensAlign",1287.89,1288.36,"par_exemple"
"TokensAlign",1288.36,1288.39,"il_y"
"TokensAlign",1288.39,1288.58,"avait"
"TokensAlign",1288.58,1288.84,"les"
"TokensAlign",1288.84,1288.96,"les"
"TokensAlign",1288.96,1289.12,"deux"
"TokensAlign",1289.12,1289.575,"papes"
"TokensAlign",1289.575,1289.64,"#"
"TokensAlign",1289.64,1289.7,"qui"
"TokensAlign",1289.7,1289.8100000000002,"est"
"TokensAlign",1289.8100000000002,1290.3200000000002,"sorti"
"TokensAlign",1290.3200000000002,1290.48,"et"
"TokensAlign",1290.48,1290.88,"qui"
"TokensAlign",1290.88,1290.91,"a"
"TokensAlign",1290.91,1291.3000000000002,"été"
"TokensAlign",1291.3000000000002,1291.61,"primé"
"TokensAlign",1291.61,1291.73,"aux"
"TokensAlign",1291.73,1292.11,"oscars"
"TokensAlign",1292.11,1292.43,"donc"
"TokensAlign",1292.43,1292.780768,"euh"
"TokensAlign",1292.780768,1293.79,"#"
"TokensAlign",1293.79,1294.02,"ouais"
"TokensAlign",1294.02,1294.49,"+"
"TokensAlign",1294.49,1294.8,"donc"
"TokensAlign",1294.8,1295.73,"après"
"TokensAlign",1295.73,1300.535,"#"
"TokensAlign",1300.535,1300.815,"ben"
"TokensAlign",1300.815,1300.9250000000002,"je"
"TokensAlign",1300.9250000000002,1301.235,"pense"
"TokensAlign",1301.235,1301.847188,"pas"
"TokensAlign",1301.847188,1304.699063,"#"
"TokensAlign",1304.699063,1305.15,"mh"
"PronTokAlign",0.0,4.02,"#=0.0"
"PronTokAlign",4.02,4.69,"b-O~-Z-u-R"
"PronTokAlign",4.69,40.63,"#=0.0"
"PronTokAlign",40.63,40.81,"m-w-A/"
"PronTokAlign",40.81,40.86,"Z=0.676"
"PronTokAlign",40.86,40.91,"E=0.51"
"PronTokAlign",40.91,41.25,"p-a~-s-e"
"PronTokAlign",41.25,41.45,"A/"
"PronTokAlign",41.45,41.620000000000005,"d-2=0.799"
"PronTokAlign",41.620000000000005,42.47,"fp"
"PronTokAlign",42.47,43.0,"#=0.0"
"PronTokAlign",43.0,43.1,"d-2=0.807"
"PronTokAlign",43.1,43.28,"t-y-p=0.56"
"PronTokAlign",43.28,43.34,"t=0.804"
"PronTokAlign",43.34,43.53,"f-i-l-m=0.698"
"PronTokAlign",43.53,43.66,"k-i=0.803"
"PronTokAlign",43.66,44.22,"s-2-R-E-t=0.431"
"PronTokAlign",44.22,44.8,"U~/-t-E-R-E-s-a~=0.585"
"PronTokAlign",44.8,44.96,"d-@=0.82"
"PronTokAlign",44.96,45.39,"s-u-m-E-t-R=0.864"
"PronTokAlign",45.39,45.61,"O/=0.57"
"PronTokAlign",45.61,46.47,"t-E-l-E-s-p-E-k-t-A/-t-9-R=0.73"
"PronTokAlign",46.47,47.22,"#"
"PronTokAlign",47.22,47.74,"fp"
"PronTokAlign",47.74,47.84,"l-@=0.467"
"PronTokAlign",47.84,48.2,"p-R-2-m-j-e=0.531"
"PronTokAlign",48.2,48.51,"s-e"
"PronTokAlign",48.51,48.9,"fp"
"PronTokAlign",48.9,49.22,"#"
"PronTokAlign",49.22,49.43,"s-e"
"PronTokAlign",49.43,50.11,"p-A/-R-A/-p-O/-R-O/-z"
"PronTokAlign",50.11,50.48,"s-y-p-E-R=0.894"
"PronTokAlign",50.48,50.93,"j-E-R-O/=0.743"
"PronTokAlign",50.93,51.26,"#=0.0"
"PronTokAlign",51.26,51.32,"A/"
"PronTokAlign",51.32,51.68,"l"
"PronTokAlign",51.68,52.01,"y-n-i-v-E-R=0.759"
"PronTokAlign",52.01,52.07,"d-E=0.304"
"PronTokAlign",52.07,52.34,"s-y-p-E-R=0.745"
"PronTokAlign",52.34,52.61,"j-E-R-O/=0.657"
"PronTokAlign",52.61,52.66,"E=0.622"
"PronTokAlign",52.66,52.77,"l-e=0.443"
"PronTokAlign",52.77,53.18,"d-2-z-j-E-m=0.596"
"PronTokAlign",53.18,53.5,"s-e"
"PronTokAlign",53.5,53.67,"fp"
"PronTokAlign",53.67,53.83,"p-A/-R"
"PronTokAlign",53.83,54.17,"R-A/-p-O/-R"
"PronTokAlign",54.17,54.55,"fp"
"PronTokAlign",54.55,54.62,"A/"
"PronTokAlign",54.62,54.73,"d-e=0.451"
"PronTokAlign",54.73,55.358438,"d-O/-k-y-m-a~-t-E-R=0.661"
"PronTokAlign",55.358438,56.76,"#=0.0"
"PronTokAlign",56.76,57.36,"d-O~-k=0.999"
"PronTokAlign",57.36,57.82,"fp"
"PronTokAlign",57.82,62.580938,"#=0.0"
"PronTokAlign",62.580938,63.104063,"w-E"
"PronTokAlign",63.104063,65.348438,"#=0.0"
"PronTokAlign",65.348438,65.828438,"fp"
"PronTokAlign",65.828438,65.88843800000001,"Z=0.525"
"PronTokAlign",65.88843800000001,66.098438,"p-a~-s=0.846"
"PronTokAlign",66.098438,66.198438,"k-@=0.743"
"PronTokAlign",66.198438,66.298438,"s-e"
"PronTokAlign",66.298438,66.798438,"U~/-p-O/-R-t-a~=0.86"
"PronTokAlign",66.798438,66.928438,"d-a~=0.725"
"PronTokAlign",66.928438,67.318438,"n-O/-t-R-@=0.681"
"PronTokAlign",67.318438,67.668438,"m-O~-d-@=0.832"
"PronTokAlign",67.668438,67.698438,"d=0.441"
"PronTokAlign",67.698438,68.048438,"p-A/-R-l-e=0.848"
"PronTokAlign",68.048438,68.338438,"fp"
"PronTokAlign",68.338438,68.488438,"d-e=0.542"
"PronTokAlign",68.488438,68.858438,"s-y-p-E-R=0.701"
"PronTokAlign",68.858438,69.168438,"j-E-R-O/=0.597"
"PronTokAlign",69.168438,69.598438,"p-A/-s-k-@=0.383"
"PronTokAlign",69.598438,70.515,"fp"
"PronTokAlign",70.515,70.82,"#=0.0"
"PronTokAlign",70.82,71.13,"s-@=0.623"
"PronTokAlign",71.13,71.49,"t-i-p=0.646"
"PronTokAlign",71.49,71.67999999999999,"fp"
"PronTokAlign",71.67999999999999,71.83,"d-@=0.816"
"PronTokAlign",71.83,72.03999999999999,"f-i-l-m=0.773"
"PronTokAlign",72.03999999999999,72.07,"fp"
"PronTokAlign",72.07,72.58,"A/-m-E-n=0.74"
"PronTokAlign",72.58,72.71,"d-@=0.63"
"PronTokAlign",72.71,72.74,"l"
"PronTokAlign",72.74,73.27,"E-s-p-w-A/-R"
"PronTokAlign",73.27,73.44,"fp"
"PronTokAlign",73.44,73.75999999999999,"s-y-R-t-u=0.845"
"PronTokAlign",73.75999999999999,73.89999999999999,"d-a~=0.787"
"PronTokAlign",73.89999999999999,74.41,"n-O/-t-R-@=0.963"
"PronTokAlign",74.41,74.88,"s-O/-s-j-e-t-e=0.704"
"PronTokAlign",74.88,74.91999999999999,"u"
"PronTokAlign",74.91999999999999,75.36,"fp"
"PronTokAlign",75.36,75.88,"#=0.0"
"PronTokAlign",75.88,76.11,"l-A/"
"PronTokAlign",76.11,76.44999999999999,"k-R-i-z=0.645"
"PronTokAlign",76.44999999999999,76.94,"fp"
"PronTokAlign",76.94,77.61,"s-A/-n-i-t-E-R=0.563"
"PronTokAlign",77.61,77.8,"e=0.593"
"PronTokAlign",77.8,78.08,"fp"
"PronTokAlign",78.08,78.52,"U~/-s-i-k-@"
"PronTokAlign",78.52,78.79,"l-e-z=0.864"
"PronTokAlign",78.79,79.675,"#=0.0"
"PronTokAlign",79.675,79.88499999999999,"fp"
"PronTokAlign",79.88499999999999,79.985,"l-A/"
"PronTokAlign",79.985,80.785,"p-O/-l-y-s-j-O~"
"PronTokAlign",80.785,80.905,"t-u=0.577"
"PronTokAlign",80.905,81.005,"s=0.827"
"PronTokAlign",81.005,81.145,"k-j=0.438"
"PronTokAlign",81.145,81.175,"E=0.299"
"PronTokAlign",81.175,81.825,"a~-v-i-R-O/-n-2-m-a~-t-O/=0.832"
"PronTokAlign",81.825,81.99499999999999,"l-e-z=0.609"
"PronTokAlign",81.99499999999999,82.38499999999999,"a~-Z-2-z=0.827"
"PronTokAlign",82.38499999999999,82.955,"a~-v-i-R-O/-n-m-E-n=0.564"
"PronTokAlign",82.955,83.725,"#"
"PronTokAlign",83.725,84.085,"t-O/-z=0.939"
"PronTokAlign",84.085,84.715779,"#=0.0"
"PronTokAlign",84.715779,85.165779,"s-e"
"PronTokAlign",85.165779,85.345779,"A/-s-e=0.872"
"PronTokAlign",85.345779,85.725779,"U~/-p-O/-R-t-a~=0.774"
"PronTokAlign",85.725779,85.755779,"d=0.499"
"PronTokAlign",85.755779,86.465779,"R-2-d-O/-n-e=0.596"
"PronTokAlign",86.465779,86.495779,"d=0.506"
"PronTokAlign",86.495779,86.525779,"l"
"PronTokAlign",86.525779,86.81577899999999,"E-s-p-w-A/-R"
"PronTokAlign",86.81577899999999,86.875779,"a~"
"PronTokAlign",86.875779,86.905779,"l"
"PronTokAlign",86.905779,87.835779,"y-m-A/-n-i-t-e"
"PronTokAlign",87.835779,87.865779,"l"
"PronTokAlign",87.865779,88.5,"y-m-A/-n-i-t-e"
"PronTokAlign",88.5,89.41,"#=0.0"
"PronTokAlign",89.41,89.67999999999999,"d-O~-k=0.824"
"PronTokAlign",89.67999999999999,89.88,"fp"
"PronTokAlign",89.88,90.18,"p-A/-s-k-@=0.509"
"PronTokAlign",90.18,90.42,"s-@=0.575"
"PronTokAlign",90.42,91.16,"f-i-l-m-@=0.991"
"PronTokAlign",91.16,91.56,"s-e"
"PronTokAlign",91.56,91.75,"s-@=0.589"
"PronTokAlign",91.75,91.99,"t-i-p=0.703"
"PronTokAlign",91.99,92.500313,"d-@=0.49"
"PronTokAlign",92.500313,93.72,"#=0.0"
"PronTokAlign",93.72,93.89,"t=0.656"
"PronTokAlign",93.89,94.51,"f-i-l-m-@=0.766"
"PronTokAlign",94.51,94.62,"#=0.0"
"PronTokAlign",94.62,94.92,"s-e-2=0.627"
"PronTokAlign",94.92,95.195,"Z-a~-R=0.775"
"PronTokAlign",95.195,95.435,"#=0.0"
"PronTokAlign",95.435,95.945,"fp"
"PronTokAlign",95.945,96.335,"A/"
"PronTokAlign",96.335,96.625,"p-l-y-z-j-9-R=0.728"
"PronTokAlign",96.625,97.465,"k-A/-R-A/-k-t-e-R-i-s-t-i-k=0.683"
"PronTokAlign",97.465,97.575,"t-u=0.847"
"PronTokAlign",97.575,97.805,"d-A/-b-O/-R"
"PronTokAlign",97.805,97.995,"d-A/-b-O/-R"
"PronTokAlign",97.995,98.365,"fp"
"PronTokAlign",98.365,98.99,"#=0.0"
"PronTokAlign",98.99,99.2,"b-U~/=0.727"
"PronTokAlign",99.2,99.34,"k-O/-m=0.807"
"PronTokAlign",99.34,99.42,"Z=0.51"
"PronTokAlign",99.42,99.45,"l"
"PronTokAlign",99.45,99.54,"e=0.722"
"PronTokAlign",99.54,99.74,"d-i=0.748"
"PronTokAlign",99.74,99.78,"i=0.598"
"PronTokAlign",99.78,100.12,"A/-m-E-n=0.691"
"PronTokAlign",100.12,100.26,"d-@=0.595"
"PronTokAlign",100.26,100.29,"l"
"PronTokAlign",100.29,100.75,"E-s-p-w-A/-R"
"PronTokAlign",100.75,101.12,"a~-s-H-i-t=0.886"
"PronTokAlign",101.12,101.2,"i=0.684"
"PronTokAlign",101.2,101.48,"f-e=0.482"
"PronTokAlign",101.48,101.78,"fp"
"PronTokAlign",101.78,102.26,"A/-s-e=0.821"
"PronTokAlign",102.26,102.58,"fp"
"PronTokAlign",102.58,103.08,"s-e"
"PronTokAlign",103.08,103.4,"s-e"
"PronTokAlign",103.4,103.55,"U~/=0.578"
"PronTokAlign",103.55,103.96,"p-2"
"PronTokAlign",103.96,104.14,"d-@=0.662"
"PronTokAlign",104.14,104.17,"l"
"PronTokAlign",104.17,104.76,"y-t-O/-p-i"
"PronTokAlign",104.76,105.35,"a~-f-U~/"
"PronTokAlign",105.35,105.62,"#=0.0"
"PronTokAlign",105.62,105.82,"s-A/=0.619"
"PronTokAlign",105.82,106.08,"R-a~-v-w-A/"
"PronTokAlign",106.08,106.14,"A/"
"PronTokAlign",106.14,106.17,"l"
"PronTokAlign",106.17,106.81,"y-t-O/-p-i"
"PronTokAlign",106.81,106.885,"#=0.0"
"PronTokAlign",106.885,107.345,"m-e-z=0.544"
"PronTokAlign",107.345,107.965,"fp"
"PronTokAlign",107.965,108.435,"s-@-p-a~-d-a~=0.515"
"PronTokAlign",108.435,108.575,"l-e=0.532"
"PronTokAlign",108.575,109.015,"s-y-p-E-R=0.85"
"PronTokAlign",109.015,109.415,"e-R-O/=0.744"
"PronTokAlign",109.415,109.705,"d-@=0.76"
"PronTokAlign",109.705,109.995,"n-O/-z=0.69"
"PronTokAlign",109.995,110.705,"Z-u-R=0.558"
"PronTokAlign",110.705,110.905,"s-O~=0.82"
"PronTokAlign",110.905,111.315,"R-2-p-R-E-z-a~-t-e=0.764"
"PronTokAlign",111.315,111.465,"p-A/-R"
"PronTokAlign",111.465,111.625,"d-e-z=0.529"
"PronTokAlign",111.625,111.845,"E-t-R=0.533"
"PronTokAlign",111.845,112.165,"y-m-U~/-z=0.804"
"PronTokAlign",112.165,112.52,"#=0.0"
"PronTokAlign",112.52,112.94,"a~-f-U~/"
"PronTokAlign",112.94,113.19,"s-O/-f"
"PronTokAlign",113.19,113.3,"l-e=0.44"
"PronTokAlign",113.3,113.57,"d-e-s-U~/=0.744"
"PronTokAlign",113.57,113.81,"A/-n-i-m-e=0.738"
"PronTokAlign",113.81,114.07,"m-e=0.344"
"PronTokAlign",114.07,114.23,"fp"
"PronTokAlign",114.23,114.56,"#"
"PronTokAlign",114.56,115.16,"p-A/-R-e-g-z-a~-p-l-@=0.461"
"PronTokAlign",115.16,115.28,"t-u=0.759"
"PronTokAlign",115.28,115.37,"s=0.813"
"PronTokAlign",115.37,115.45,"k=0.544"
"PronTokAlign",115.45,115.64,"e=0.539"
"PronTokAlign",115.64,115.84,"t-i-p=0.832"
"PronTokAlign",115.84,115.97,"d-@=0.583"
"PronTokAlign",115.97,116.82,"m-A/-R-v-E-l=0.951"
"PronTokAlign",116.82,117.22,"#=0.0"
"PronTokAlign",117.22,118.485,"s-p-i-d-m-A/-n=0.863"
"PronTokAlign",118.485,119.055,"#=0.0"
"PronTokAlign",119.055,119.665,"fp"
"PronTokAlign",119.665,119.805,"S=0.735"
"PronTokAlign",119.805,119.925,"d-i-R-E=0.463"
"PronTokAlign",119.925,120.580313,"fp"
"PronTokAlign",120.580313,122.045,"#=0.0"
"PronTokAlign",122.045,122.155,"b-O/=0.411"
"PronTokAlign",122.155,122.965,"v-w-A/-l-A/=0.998"
"PronTokAlign",122.965,123.435,"a~-s-H-i-t=0.647"
"PronTokAlign",123.435,123.887812,"fp"
"PronTokAlign",123.887812,125.555,"#=0.0"
"PronTokAlign",125.555,125.895,"e=0.999"
"PronTokAlign",125.895,126.515,"fp"
"PronTokAlign",126.515,126.845,"#"
"PronTokAlign",126.845,127.435,"fp"
"PronTokAlign",127.435,127.585,"d-O~=0.509"
"PronTokAlign",127.585,127.745,"s-A/=0.617"
"PronTokAlign",127.745,127.955,"p-u-R-E=0.574"
"PronTokAlign",127.955,128.335,"p-2-t-E-t-R=0.624"
"PronTokAlign",128.335,128.535,"fp"
"PronTokAlign",128.535,128.785,"f-E-R=0.715"
"PronTokAlign",128.785,129.195,"R-2-s-O/-R-t-i-R"
"PronTokAlign",129.195,129.315,"l-@=0.456"
"PronTokAlign",129.315,129.645,"m-E-j-9-R"
"PronTokAlign",129.645,130.035,"d-@=0.907"
"PronTokAlign",130.035,130.225,"n-u=0.674"
"PronTokAlign",130.225,130.35500000000002,"a~"
"PronTokAlign",130.35500000000002,130.86,"S-A/-k-U~/=0.67"
"PronTokAlign",130.86,132.015,"#=0.0"
"PronTokAlign",132.015,132.15499999999997,"m-E-m=0.662"
"PronTokAlign",132.15499999999997,132.515,"s-i=0.965"
"PronTokAlign",132.515,133.050938,"fp"
"PronTokAlign",133.050938,134.455,"#=0.0"
"PronTokAlign",134.455,134.625,"m-E-m=0.646"
"PronTokAlign",134.625,134.805,"s-i=0.602"
"PronTokAlign",134.805,134.94500000000002,"s-e"
"PronTokAlign",134.94500000000002,135.335,"A/-s-e=0.86"
"PronTokAlign",135.335,135.525,"fp"
"PronTokAlign",135.525,135.765,"k-O/-m-a~=0.591"
"PronTokAlign",135.765,136.055,"d-i-R=0.506"
"PronTokAlign",136.055,136.185,"s-e"
"PronTokAlign",136.185,136.305,"U~/=0.727"
"PronTokAlign",136.305,136.595,"m-E-s-A/-Z=0.818"
"PronTokAlign",136.595,137.0,"k-i=0.997"
"PronTokAlign",137.0,137.155,"#=0.0"
"PronTokAlign",137.155,137.295,"k=0.435"
"PronTokAlign",137.295,137.395,"e=0.378"
"PronTokAlign",137.395,137.505,"A/"
"PronTokAlign",137.505,137.695,"f-E-R=0.883"
"PronTokAlign",137.695,138.135,"p-A/-s-e=0.851"
"PronTokAlign",138.135,138.385,"m-e=0.357"
"PronTokAlign",138.385,138.635,"fp"
"PronTokAlign",138.635,138.815,"p-A/=0.806"
"PronTokAlign",138.815,139.515,"f-O/-R-s-e-m-a~=0.595"
"PronTokAlign",139.515,139.845,"fp"
"PronTokAlign",139.845,140.67,"#=0.0"
"PronTokAlign",140.67,140.76,"k=0.465"
"PronTokAlign",140.76,140.94,"s-R-A/=0.758"
"PronTokAlign",140.94,141.05999999999997,"p-A/=0.888"
"PronTokAlign",141.05999999999997,141.82999999999998,"f-O/-R-s-E-m-a~-t=0.556"
"PronTokAlign",141.82999999999998,141.92999999999998,"l-e=0.757"
"PronTokAlign",141.92999999999998,142.03,"b-y=0.82"
"PronTokAlign",142.03,142.2,"s-R-A/=0.828"
"PronTokAlign",142.2,142.30999999999997,"p-A/=0.807"
"PronTokAlign",142.30999999999997,142.75,"f-O/-R-s-E-m-a~=0.293"
"PronTokAlign",142.75,143.1,"A/-t-U~/=0.702"
"PronTokAlign",143.1,143.32,"m-e=0.596"
"PronTokAlign",143.32,143.35,"i=0.776"
"PronTokAlign",143.35,143.48999999999998,"f-O/=0.483"
"PronTokAlign",143.48999999999998,143.6,"k-a~=0.539"
"PronTokAlign",143.6,143.69,"m-E-m=0.524"
"PronTokAlign",143.69,144.14999999999998,"t-a~-t-e=0.912"
"PronTokAlign",144.14999999999998,144.22,"v-y"
"PronTokAlign",144.22,144.6,"k-@=0.993"
"PronTokAlign",144.6,144.985651,"#=0.0"
"PronTokAlign",144.985651,145.105651,"n-u=0.752"
"PronTokAlign",145.105651,145.295651,"s-O/-m-@=0.47"
"PronTokAlign",145.295651,145.415651,"d-a~=0.771"
"PronTokAlign",145.415651,145.445651,"d=0.359"
"PronTokAlign",145.445651,145.83565099999998,"s-i-t-j-A/-s-j-O~=0.671"
"PronTokAlign",145.83565099999998,145.99565099999998,"A/-s-e=0.808"
"PronTokAlign",145.99565099999998,146.735651,"k-R-i-t-i-k-@=0.73"
"PronTokAlign",146.735651,146.845651,"A/"
"PronTokAlign",146.845651,147.926961,"p-R-E-z-a~-t=0.908"
"PronTokAlign",147.926961,148.912157,"#=0.0"
"PronTokAlign",148.912157,149.162157,"d-O~=0.614"
"PronTokAlign",149.162157,149.71,"v-w-A/-l-A/=0.821"
"PronTokAlign",149.71,150.97,"#=0.0"
"PronTokAlign",150.97,151.05,"@-m"
"PronTokAlign",151.05,151.11,"#"
"PronTokAlign",151.11,151.15,"E=0.703"
"PronTokAlign",151.15,152.53,"fp"
"PronTokAlign",152.53,152.97,"t-u-l-e=0.971"
"PronTokAlign",152.97,153.38,"m-O~-d-@=0.951"
"PronTokAlign",153.38,153.64,"k-O/-n-E=0.851"
"PronTokAlign",153.64,153.77,"d-e=0.592"
"PronTokAlign",153.77,153.97,"f-i-l-m=0.888"
"PronTokAlign",153.97,154.04,"d-@=0.563"
"PronTokAlign",154.04,154.52,"s-y-p-E-R=0.874"
"PronTokAlign",154.52,154.83,"e-R-O/=0.552"
"PronTokAlign",154.83,155.75,"#"
"PronTokAlign",155.75,155.85,"fp"
"PronTokAlign",155.85,156.36,"p-A/-R-s-k=0.64"
"PronTokAlign",156.36,156.4,"i=0.465"
"PronTokAlign",156.4,156.61,"n-u=0.785"
"PronTokAlign",156.61,156.91,"b-E-R-s=0.826"
"PronTokAlign",156.91,157.18,"d-2-p-y-i=0.808"
"PronTokAlign",157.18,157.21,"l=0.795"
"PronTokAlign",157.21,157.33,"t-a~=0.866"
"PronTokAlign",157.33,157.36,"t=0.477"
"PronTokAlign",157.36,157.39,"l"
"PronTokAlign",157.39,158.09,"a~-f-a~-s-@=0.976"
"PronTokAlign",158.09,158.28,"b-A/"
"PronTokAlign",158.28,158.33,"k=0.898"
"PronTokAlign",158.33,158.42,"s=0.543"
"PronTokAlign",158.42,158.56,"s-w-A/=0.885"
"PronTokAlign",158.56,158.64,"d-a~=0.853"
"PronTokAlign",158.64,158.74,"l-E=0.335"
"PronTokAlign",158.74,158.98,"d-e-s-U~/=0.75"
"PronTokAlign",158.98,159.359062,"A/-n-i-m-e=0.681"
"PronTokAlign",159.359062,161.19,"#=0.0"
"PronTokAlign",161.19,162.63,"fp=0.0"
"PronTokAlign",162.63,175.95,"#=0.0"
"PronTokAlign",175.95,176.13,"b-U~/=0.928"
"PronTokAlign",176.13,176.28,"m-w-A/"
"PronTokAlign",176.28,177.07999999999998,"s-e-2"
"PronTokAlign",177.07999999999998,177.11,"k=0.741"
"PronTokAlign",177.11,177.14,"m=0.749"
"PronTokAlign",177.14,177.23,"s=0.937"
"PronTokAlign",177.23,177.26,"k=0.875"
"PronTokAlign",177.26,177.29,"m=0.913"
"PronTokAlign",177.29,177.47,"f-i-l-m=0.68"
"PronTokAlign",177.47,177.89,"f-R-A/-p=0.782"
"PronTokAlign",177.89,178.26,"l-e=0.982"
"PronTokAlign",178.26,178.45999999999998,"p-l-y=0.602"
"PronTokAlign",178.45999999999998,178.61999999999998,"s-e"
"PronTokAlign",178.61999999999998,179.03,"s-y-R-t-u=0.777"
"PronTokAlign",179.03,179.23,"l-E=0.594"
"PronTokAlign",179.23,179.56,"m-A/-R-v-E-l=0.706"
"PronTokAlign",179.56,179.7,"p-u-R"
"PronTokAlign",179.7,179.86999999999998,"l-e-z=0.557"
"PronTokAlign",179.86999999999998,180.11,"A/-d-y-l-t=0.908"
"PronTokAlign",180.11,180.32,"p-A/-s-@=0.627"
"PronTokAlign",180.32,180.49,"s-y-p-e=0.562"
"PronTokAlign",180.49,180.69,"e-R-O/=0.791"
"PronTokAlign",180.69,181.145,"s-A/"
"PronTokAlign",181.145,181.745,"#=0.0"
"PronTokAlign",181.745,181.965,"k-O/-m-a~-t=0.529"
"PronTokAlign",181.965,182.555,"d-i-R=0.694"
"PronTokAlign",182.555,182.765,"l-e-z=0.362"
"PronTokAlign",182.765,183.025,"a~-f-a~=0.802"
"PronTokAlign",183.025,183.195,"k-O/-m-@=0.538"
"PronTokAlign",183.195,183.355,"l-e-z=0.448"
"PronTokAlign",183.355,183.665,"A/-d-y-l-t=0.902"
"PronTokAlign",183.665,184.455,"R-2-g-A/-R-d-2-t"
"PronTokAlign",184.455,184.535,"t-u=0.69"
"PronTokAlign",184.535,184.625,"s=0.83"
"PronTokAlign",184.625,184.695,"k=0.43"
"PronTokAlign",184.695,184.835,"e=0.437"
"PronTokAlign",184.835,185.045,"f-i-l-m=0.693"
"PronTokAlign",185.045,185.125,"d-@=0.448"
"PronTokAlign",185.125,185.465,"s-y-p-E-R=0.566"
"PronTokAlign",185.465,185.785,"e-R-O/=0.512"
"PronTokAlign",185.785,186.145,"e=0.687"
"PronTokAlign",186.145,186.805,"#=0.0"
"PronTokAlign",186.805,186.935,"i=0.526"
"PronTokAlign",186.935,186.995,"A/"
"PronTokAlign",186.995,187.235,"b-O/-k-u=0.871"
"PronTokAlign",187.235,187.285,"d=0.757"
"PronTokAlign",187.285,187.555,"A/-d-y-l-t=0.777"
"PronTokAlign",187.555,187.655,"k-j=0.509"
"PronTokAlign",187.655,187.905,"R-2-g-A/-R-d=0.937"
"PronTokAlign",187.905,187.995,"d-E=0.334"
"PronTokAlign",187.995,188.375,"m-A/-R-v-E-l=0.69"
"PronTokAlign",188.375,188.555,"p-A/-R"
"PronTokAlign",188.555,188.845,"E-g-z-a~-p-l=0.584"
"PronTokAlign",188.845,188.975,"l-@=0.403"
"PronTokAlign",188.975,189.155,"n-u-v-O/"
"PronTokAlign",189.155,189.245,"k=0.476"
"PronTokAlign",189.245,189.325,"e=0.42"
"PronTokAlign",189.325,189.755,"s-O/-R-t-i"
"PronTokAlign",189.755,190.355,"E-s-a~-Z"
"PronTokAlign",190.355,190.625,"S-i"
"PronTokAlign",190.625,190.885,"l-@=0.885"
"PronTokAlign",190.885,191.295,"f-i-l-m-@=0.973"
"PronTokAlign",191.295,191.77,"S-i-n-w-A/-z=0.912"
"PronTokAlign",191.77,193.27,"#=0.0"
"PronTokAlign",193.27,193.31,"u"
"PronTokAlign",193.31,194.625,"fp"
"PronTokAlign",194.625,293.565938,"#=0.0"
"PronTokAlign",293.565938,293.695,"k=0.398"
"PronTokAlign",293.695,294.13,"#=0.0"
"PronTokAlign",294.13,294.38,"A/-p-R-E=0.613"
"PronTokAlign",294.38,294.49,"Z-@=0.606"
"PronTokAlign",294.49,294.64,"s-e=0.435"
"PronTokAlign",294.64,294.78,"p-A/=0.721"
"PronTokAlign",294.78,294.91,"s=0.852"
"PronTokAlign",294.91,294.98,"O~=0.664"
"PronTokAlign",294.98,295.1,"p-@=0.649"
"PronTokAlign",295.1,295.32,"d-i-R=0.738"
"PronTokAlign",295.32,295.57,"k-@=0.733"
"PronTokAlign",295.57,295.88,"p-A/-R-E-g-z-a~-p-l=0.355"
"PronTokAlign",295.88,296.05,"t-O/-m"
"PronTokAlign",296.05,296.43,"s-A/-v-i-E-R=0.475"
"PronTokAlign",296.43,296.46,"i=0.803"
"PronTokAlign",296.46,296.9,"A/"
"PronTokAlign",296.9,297.24,"y-n=0.57"
"PronTokAlign",297.24,298.14,"A/-m-u-R-2-z-2=0.655"
"PronTokAlign",298.14,298.33,"m-E-z=0.365"
"PronTokAlign",298.33,300.02,"#"
"PronTokAlign",300.02,300.33,"fp"
"PronTokAlign",300.33,300.59,"m=0.368"
"PronTokAlign",300.59,300.99,"fp"
"PronTokAlign",300.99,301.193438,"b-O/=0.303"
"PronTokAlign",301.193438,365.892187,"#=0.0"
"PronTokAlign",365.892187,365.992187,"fp"
"PronTokAlign",365.992187,366.332187,"b-U~/=0.574"
"PronTokAlign",366.332187,366.362187,"l"
"PronTokAlign",366.362187,366.672187,"A/-k-t-9-R"
"PronTokAlign",366.672187,366.752187,"d-a~=0.77"
"PronTokAlign",366.752187,367.382187,"t-i-t-A/-n-i-k"
"PronTokAlign",367.382187,367.84,"fp"
"PronTokAlign",367.84,368.32,"#=0.0"
"PronTokAlign",368.32,368.46,"A/"
"PronTokAlign",368.46,368.875299,"Z-@=0.851"
"PronTokAlign",368.875299,369.846941,"#=0.0"
"PronTokAlign",369.846941,370.126941,"u-i=0.637"
"PronTokAlign",370.126941,371.076941,"v-w-A/-l-A/=0.91"
"PronTokAlign",371.076941,372.574937,"laugh"
"PronTokAlign",372.574937,463.615709,"#=0.0"
"PronTokAlign",463.615709,463.885709,"m"
"PronTokAlign",463.885709,464.165695,"m"
"PronTokAlign",464.165695,551.652188,"#=0.0"
"PronTokAlign",551.652188,552.349462,"m=0.0"
"PronTokAlign",552.349462,553.761094,"#=0.0"
"PronTokAlign",553.761094,554.494409,"m-u-e"
"PronTokAlign",554.494409,596.38,"#=0.0"
"PronTokAlign",596.38,596.75,"m=0.0"
"PronTokAlign",596.75,634.508438,"#=0.0"
"PronTokAlign",634.508438,635.435029,"u-i=0.922"
"PronTokAlign",635.435029,635.585,"#=0.0"
"PronTokAlign",635.585,635.9350000000001,"s-e"
"PronTokAlign",635.9350000000001,636.1750000000001,"fp"
"PronTokAlign",636.1750000000001,636.505,"d-y-k-u"
"PronTokAlign",636.505,636.605,"fp"
"PronTokAlign",636.605,637.39,"d-O/-k-y-m-a~-t-E-R=0.785"
"PronTokAlign",637.39,638.125,"#=0.0"
"PronTokAlign",638.125,638.385,"d-O~-k=0.952"
"PronTokAlign",638.385,638.475,"U~/=0.682"
"PronTokAlign",638.475,638.615,"p-2"
"PronTokAlign",638.615,638.795,"d-a~=0.738"
"PronTokAlign",638.795,638.905,"l-e=0.463"
"PronTokAlign",638.905,639.195,"m-E-m=0.725"
"PronTokAlign",639.195,639.74,"fp"
"PronTokAlign",639.74,640.3,"#=0.0"
"PronTokAlign",640.3,640.62,"noise=0.0"
"PronTokAlign",640.62,640.72,"#=0.0"
"PronTokAlign",640.72,641.0500000000001,"fp"
"PronTokAlign",641.0500000000001,641.1800000000001,"l-e=0.518"
"PronTokAlign",641.1800000000001,641.37,"m-E-m=0.598"
"PronTokAlign",641.37,641.78,"R-2-Z-i-s-t-R=0.596"
"PronTokAlign",641.78,641.8100000000001,"k=0.542"
"PronTokAlign",641.8100000000001,642.15,"s-y-p-E-R=0.745"
"PronTokAlign",642.15,642.49,"j-E-R-O/=0.643"
"PronTokAlign",642.49,642.58,"l-@=0.389"
"PronTokAlign",642.58,643.03,"d-O/-k-y-m-a~-t-E-R=0.881"
"PronTokAlign",643.03,643.1600000000001,"s-e"
"PronTokAlign",643.1600000000001,643.9100000000001,"U~/-p-O/-R-t-a~-t=0.526"
"PronTokAlign",643.9100000000001,644.11,"p-A/-R"
"PronTokAlign",644.11,644.755,"R-A/-p-O/-R"
"PronTokAlign",644.755,645.325,"#=0.0"
"PronTokAlign",645.325,645.595,"A/"
"PronTokAlign",645.595,646.1550000000001,"n-O/-t-R-@=0.568"
"PronTokAlign",646.1550000000001,647.0150000000001,"s-i-t-A/-s-j-O~=0.506"
"PronTokAlign",647.0150000000001,647.71,"s-O/-s-j-e-t-A/-l-2=0.45"
"PronTokAlign",647.71,648.42,"#=0.0"
"PronTokAlign",648.42,648.87,"fp"
"PronTokAlign",648.87,649.26,"p-u-R"
"PronTokAlign",649.26,649.3499999999999,"k=0.618"
"PronTokAlign",649.3499999999999,649.54,"l-e=0.495"
"PronTokAlign",649.54,650.13,"p-E-R-s-O/-n=0.661"
"PronTokAlign",650.13,650.3499999999999,"p-H-i-s=0.989"
"PronTokAlign",650.3499999999999,650.5699999999999,"E-t-R=0.666"
"PronTokAlign",650.5699999999999,651.43,"U~/-f-O/-R-m-e-z=0.593"
"PronTokAlign",651.43,652.1999999999999,"p-A/-s-k-@=0.485"
"PronTokAlign",652.1999999999999,652.3299999999999,"l-e=0.541"
"PronTokAlign",652.3299999999999,652.9,"m-E-d-j-A/=0.624"
"PronTokAlign",652.9,653.01,"Z=0.714"
"PronTokAlign",653.01,653.342284,"E=0.947"
"PronTokAlign",653.342284,653.88,"#=0.0"
"PronTokAlign",653.88,654.02,"i=0.38"
"PronTokAlign",654.02,654.22,"d-O/-n=0.949"
"PronTokAlign",654.22,654.35,"d-E-z=0.404"
"PronTokAlign",654.35,654.93,"U~/-f-O/-R-m-A/-s-j-O~=0.801"
"PronTokAlign",654.93,655.24,"m-e=0.38"
"PronTokAlign",655.24,655.67,"fp"
"PronTokAlign",655.67,656.435,"#=0.0"
"PronTokAlign",656.435,656.7349999999999,"m-E=0.497"
"PronTokAlign",656.7349999999999,656.8449999999999,"S=0.717"
"PronTokAlign",656.8449999999999,657.005,"t-R-u-v=0.745"
"PronTokAlign",657.005,657.0649999999999,"k=0.725"
"PronTokAlign",657.0649999999999,657.185,"s-e"
"PronTokAlign",657.185,657.2149999999999,"d=0.521"
"PronTokAlign",657.2149999999999,657.675,"U~/-f-O/-R-m-A/-s-j-O~=0.961"
"PronTokAlign",657.675,657.915,"A/-s-e=0.933"
"PronTokAlign",657.915,658.035,"A/"
"PronTokAlign",658.035,658.665,"S-O/-t=0.652"
"PronTokAlign",658.665,658.8649999999999,"s-e"
"PronTokAlign",658.8649999999999,659.555,"d-e-z=0.922"
"PronTokAlign",659.555,659.933567,"n-j-u-z"
"PronTokAlign",659.933567,660.177514,"#=0.0"
"PronTokAlign",660.177514,660.2175139999999,"e=0.531"
"PronTokAlign",660.2175139999999,660.7375139999999,"d-y-k-u"
"PronTokAlign",660.7375139999999,660.867514,"l-E=0.367"
"PronTokAlign",660.867514,661.297514,"d-O/-k-y-m-a~-t-E-R=0.784"
"PronTokAlign",661.297514,661.397514,"s-e"
"PronTokAlign",661.397514,661.5875139999999,"b-O/-k-u=0.897"
"PronTokAlign",661.5875139999999,661.687514,"p-l-y=0.613"
"PronTokAlign",661.687514,662.047514,"p-u-s-e"
"PronTokAlign",662.047514,662.187514,"p-l-y=0.75"
"PronTokAlign",662.187514,662.704845,"R-2-S-E-R-S-e"
"PronTokAlign",662.704845,663.715,"#=0.0"
"PronTokAlign",663.715,664.0550000000001,"d-O~-k=0.828"
"PronTokAlign",664.0550000000001,664.6850000000001,"Z-@=0.993"
"PronTokAlign",664.6850000000001,664.945,"t-R-u-v=0.959"
"PronTokAlign",664.945,665.075,"s-A/=0.509"
"PronTokAlign",665.075,665.585,"U~/-t-E-R-E-s-a~=0.485"
"PronTokAlign",665.585,665.725,"d-@=0.935"
"PronTokAlign",665.725,665.9150000000001,"f-E-R=0.848"
"PronTokAlign",665.9150000000001,666.5550000000001,"p-A/-R-t-A/-Z-e=0.852"
"PronTokAlign",666.5550000000001,666.84,"fp"
"PronTokAlign",666.84,667.695,"#=0.0"
"PronTokAlign",667.695,667.735,"d=0.425"
"PronTokAlign",667.735,668.51,"fp"
"PronTokAlign",668.51,669.67,"#=0.0"
"PronTokAlign",669.67,670.535,"fp=0.0"
"PronTokAlign",670.535,670.72,"#=0.0"
"PronTokAlign",670.72,671.0600000000001,"s-E-R-t-U~/=0.785"
"PronTokAlign",671.0600000000001,671.63,"d-O/-k-y-m-a~-t-E-R=0.756"
"PronTokAlign",671.63,671.73,"A/"
"PronTokAlign",671.73,672.18,"d-e-z=0.706"
"PronTokAlign",672.18,672.975,"#=0.0"
"PronTokAlign",672.975,673.49,"fp=0.0"
"PronTokAlign",673.49,673.835,"#=0.0"
"PronTokAlign",673.835,673.945,"O/=0.645"
"PronTokAlign",673.945,674.695,"s-p-E-k-t-A/-t-9-R=0.665"
"PronTokAlign",674.695,674.965,"k-O/-m-@=0.514"
"PronTokAlign",674.965,675.475,"p-A/-R-e-g-z-a~-p-l=0.33"
"PronTokAlign",675.475,675.6750000000001,"fp"
"PronTokAlign",675.6750000000001,675.825,"S=0.706"
"PronTokAlign",675.825,675.975,"s-e=0.338"
"PronTokAlign",675.975,676.085,"p-A/=0.915"
"PronTokAlign",676.085,676.205,"s=0.728"
"PronTokAlign",676.205,676.345,"v-u-z=0.775"
"PronTokAlign",676.345,676.575,"A/-v-e=0.726"
"PronTokAlign",676.575,676.695,"v-y"
"PronTokAlign",676.695,676.885,"l-e=0.612"
"PronTokAlign",676.885,677.125,"f-i-l-m=0.58"
"PronTokAlign",677.125,677.315,"fp"
"PronTokAlign",677.315,677.98,"s-n-A/-O/-d-E-n=0.615"
"PronTokAlign",677.98,679.246616,"#=0.0"
"PronTokAlign",679.246616,679.615313,"n-O~-n=0.466"
"PronTokAlign",679.615313,681.59,"#=0.0"
"PronTokAlign",681.59,681.74,"u-i=0.637"
"PronTokAlign",681.74,681.85,"S=0.544"
"PronTokAlign",681.85,681.88,"l"
"PronTokAlign",681.88,681.95,"e=0.75"
"PronTokAlign",681.95,682.12,"v-y"
"PronTokAlign",682.12,682.6,"d-y-k-u"
"PronTokAlign",682.6,683.19,"p-A/-R"
"PronTokAlign",683.19,683.51,"k-O~-t=0.578"
"PronTokAlign",683.51,683.74,"l-e=0.685"
"PronTokAlign",683.74,683.98,"fp"
"PronTokAlign",683.98,684.01,"#"
"PronTokAlign",684.01,684.14,"l-e-z=0.576"
"PronTokAlign",684.14,684.5300000000001,"U~/-k-O~-v-E-n-j-a~=0.953"
"PronTokAlign",684.5300000000001,684.61,"d-E=0.424"
"PronTokAlign",684.61,685.0,"d-O/-k-y-m-a~-t-E-R=0.846"
"PronTokAlign",685.0,685.12,"s-e"
"PronTokAlign",685.12,685.1600000000001,"k=0.974"
"PronTokAlign",685.1600000000001,685.26,"s-e"
"PronTokAlign",685.26,685.5500000000001,"A/-s-e=0.866"
"PronTokAlign",685.5500000000001,685.732167,"l-O~=0.741"
"PronTokAlign",685.732167,686.06,"#=0.0"
"PronTokAlign",686.06,686.3699999999999,"d-O~=0.688"
"PronTokAlign",686.3699999999999,686.4399999999999,"S=0.54"
"PronTokAlign",686.4399999999999,686.7299999999999,"p-a~-s=0.796"
"PronTokAlign",686.7299999999999,686.93,"p-A/=0.901"
"PronTokAlign",686.93,687.0999999999999,"k=0.599"
"PronTokAlign",687.0999999999999,687.765,"fp"
"PronTokAlign",687.765,688.08,"#=0.0"
"PronTokAlign",688.08,688.355,"l-@=0.528"
"PronTokAlign",688.355,688.6,"#=0.0"
"PronTokAlign",688.6,688.99,"p-y-b-l-i-k"
"PronTokAlign",688.99,689.3100000000001,"fp"
"PronTokAlign",689.3100000000001,690.09,"a~-f-U~/"
"PronTokAlign",690.09,690.22,"O/-R-A/"
"PronTokAlign",690.22,690.37,"t-u-t=0.909"
"PronTokAlign",690.37,690.4,"l"
"PronTokAlign",690.4,690.75,"A/-t-a~-s-j-O~"
"PronTokAlign",690.75,690.91,"s-y-R"
"PronTokAlign",690.91,690.94,"l=0.648"
"PronTokAlign",690.94,691.28,"d-O/-k-y-m-a~-t-E-R=0.891"
"PronTokAlign",691.28,691.5500000000001,"p-a~-d-a~=0.69"
"PronTokAlign",691.5500000000001,691.73,"d-2-z=0.85"
"PronTokAlign",691.73,691.84,"9-R=0.833"
"PronTokAlign",691.84,692.09,"t-R-w-A/-z=0.931"
"PronTokAlign",692.09,692.35,"9-R=0.727"
"PronTokAlign",692.35,692.51,"fp"
"PronTokAlign",692.51,693.35,"#"
"PronTokAlign",693.35,693.992813,"laugh"
"PronTokAlign",693.992813,696.254063,"#=0.0"
"PronTokAlign",696.254063,696.974063,"fp"
"PronTokAlign",696.974063,697.064063,"w-E"
"PronTokAlign",697.064063,700.67,"#=0.0"
"PronTokAlign",700.67,700.860938,"m=0.0"
"PronTokAlign",700.860938,702.425,"#=0.0"
"PronTokAlign",702.425,702.785,"A/-p-R-E=0.715"
"PronTokAlign",702.785,703.68,"fp"
"PronTokAlign",703.68,704.225,"#=0.0"
"PronTokAlign",704.225,704.815,"A/-p-R-e-z=0.569"
"PronTokAlign",704.815,704.845,"j=0.592"
"PronTokAlign",704.845,704.875,"A/"
"PronTokAlign",704.875,704.905,"@"
"PronTokAlign",704.905,705.085,"b-O/-k-u=0.894"
"PronTokAlign",705.085,705.285,"d-@=0.967"
"PronTokAlign",705.285,705.7950000000001,"d-O/-k-y-m-a~-t-E-R=0.789"
"PronTokAlign",705.7950000000001,705.875,"k=0.713"
"PronTokAlign",705.875,706.005,"s-O~=0.751"
"PronTokAlign",706.005,706.515,"s-O/-R-t-i=0.723"
"PronTokAlign",706.515,706.845,"fp"
"PronTokAlign",706.845,707.355,"p-A/-R-A/-p-O/-R-A/"
"PronTokAlign",707.355,707.405,"l"
"PronTokAlign",707.405,708.145,"a~-v-i-R-O/-n-m-a~=0.452"
"PronTokAlign",708.145,708.423426,"fp"
"PronTokAlign",708.423426,709.22,"#=0.0"
"PronTokAlign",709.22,710.4,"@-m"
"PronTokAlign",710.4,710.61895,"#=0.0"
"PronTokAlign",710.61895,710.7089500000001,"Z=0.714"
"PronTokAlign",710.7089500000001,710.76895,"a~"
"PronTokAlign",710.76895,711.02895,"p-a~-s=0.704"
"PronTokAlign",711.02895,711.14895,"A/"
"PronTokAlign",711.14895,711.3189500000001,"U~/=0.596"
"PronTokAlign",711.3189500000001,711.4589500000001,"m-E=0.363"
"PronTokAlign",711.4589500000001,711.87895,"Z-@=0.667"
"PronTokAlign",711.87895,711.97895,"m=0.6"
"PronTokAlign",711.97895,712.28895,"s-u-v-j-U~/=0.652"
"PronTokAlign",712.28895,712.54895,"p-l-y=0.713"
"PronTokAlign",712.54895,713.2189500000001,"fp"
"PronTokAlign",713.2189500000001,713.25895,"l"
"PronTokAlign",713.25895,714.645,"U~/-t-i-t-y-l-e=0.808"
"PronTokAlign",714.645,715.065,"#=0.0"
"PronTokAlign",715.065,715.98,"fp=0.0"
"PronTokAlign",715.98,716.98,"#=0.0"
"PronTokAlign",716.98,717.14,"S=0.524"
"PronTokAlign",717.14,717.3100000000001,"s-e=0.448"
"PronTokAlign",717.3100000000001,717.45,"p-l-y=0.736"
"PronTokAlign",717.45,717.5600000000001,"u"
"PronTokAlign",717.5600000000001,717.82,"O~=0.672"
"PronTokAlign",717.82,718.1,"v-w-A/=0.843"
"PronTokAlign",718.1,718.3100000000001,"l-e=0.64"
"PronTokAlign",718.3100000000001,718.61,"fp"
"PronTokAlign",718.61,718.8100000000001,"l-e=0.71"
"PronTokAlign",718.8100000000001,719.28,"f-O/-k-z=0.65"
"PronTokAlign",719.28,719.84,"a~-f-U~/"
"PronTokAlign",719.84,720.38,"t-O~-b-e-R=0.523"
"PronTokAlign",720.38,720.69,"p-s-k=0.591"
"PronTokAlign",720.69,720.76,"i=0.409"
"PronTokAlign",720.76,720.91,"O~-t=0.513"
"PronTokAlign",720.91,721.03,"p-l-y=0.672"
"PronTokAlign",721.03,721.11,"d=0.5"
"PronTokAlign",721.11,721.89,"g-l-A/-s-@=0.999"
"PronTokAlign",721.89,721.9200000000001,"d=0.383"
"PronTokAlign",721.9200000000001,722.03,"l-A/"
"PronTokAlign",722.03,722.47,"f-A/-l-E-z=0.924"
"PronTokAlign",722.47,722.8000000000001,"E-t-s-E-t-E-R-A/"
"PronTokAlign",722.8000000000001,723.1,"a~-f-U~/"
"PronTokAlign",723.1,723.439688,"v-l-A/=0.654"
"PronTokAlign",723.439688,724.715,"#=0.0"
"PronTokAlign",724.715,725.145,"a~-s-H-i-t=0.642"
"PronTokAlign",725.145,725.4250000000001,"fp"
"PronTokAlign",725.4250000000001,725.475,"j=0.512"
"PronTokAlign",725.475,725.6750000000001,"O/-s-i"
"PronTokAlign",725.6750000000001,725.745,"d-e=0.454"
"PronTokAlign",725.745,726.1750000000001,"d-O/-k-y-m-a~-t-E-R=0.867"
"PronTokAlign",726.1750000000001,726.455,"fp"
"PronTokAlign",726.455,726.845,"s-y-R"
"PronTokAlign",726.845,727.245,"fp"
"PronTokAlign",727.245,727.4150000000001,"l-A/"
"PronTokAlign",727.4150000000001,727.9350000000001,"s-O/-s-j-e-t-e=0.67"
"PronTokAlign",727.9350000000001,728.115,"k-O/-m=0.678"
"PronTokAlign",728.115,728.3050000000001,"fp"
"PronTokAlign",728.3050000000001,728.9250000000001,"S-A/-p-p-i-n-E-s=0.538"
"PronTokAlign",728.9250000000001,729.075,"S=0.86"
"PronTokAlign",729.075,729.125,"s=0.757"
"PronTokAlign",729.125,729.215,"p-A/=0.791"
"PronTokAlign",729.215,729.375,"s-i=0.583"
"PronTokAlign",729.375,729.495,"v-u=0.677"
"PronTokAlign",729.495,729.5350000000001,"l"
"PronTokAlign",729.5350000000001,729.765,"A/-v-e=0.724"
"PronTokAlign",729.765,730.015,"v-y"
"PronTokAlign",730.015,732.005,"#=0.0"
"PronTokAlign",732.005,732.295,"s-A/=0.995"
"PronTokAlign",732.295,732.605,"p-A/-R-l=0.685"
"PronTokAlign",732.605,732.875,"fp"
"PronTokAlign",732.875,733.025,"d-y=0.902"
"PronTokAlign",733.025,733.377479,"b-O/-n-9-R"
"PronTokAlign",733.377479,733.53,"#=0.0"
"PronTokAlign",733.53,733.79,"k-O/-m-a~=0.731"
"PronTokAlign",733.79,734.01,"s-k=0.522"
"PronTokAlign",734.01,734.37,"fp"
"PronTokAlign",734.37,734.48,"l-@=0.375"
"PronTokAlign",734.48,734.78,"b-O/-n-9-R"
"PronTokAlign",734.78,735.425,"s-@"
"PronTokAlign",735.425,736.085,"#=0.0"
"PronTokAlign",736.085,736.255,"s-@=0.905"
"PronTokAlign",736.255,736.5450000000001,"t-R-u-v=0.853"
"PronTokAlign",736.5450000000001,736.6750000000001,"s-@=0.732"
"PronTokAlign",736.6750000000001,737.085,"k-O~-s-t-R-y-i=0.911"
"PronTokAlign",737.085,737.4150000000001,"e=0.832"
"PronTokAlign",737.4150000000001,737.705,"fp"
"PronTokAlign",737.705,737.7950000000001,"#"
"PronTokAlign",737.7950000000001,737.975,"e=0.977"
"PronTokAlign",737.975,738.0350000000001,"j=0.653"
"PronTokAlign",738.0350000000001,738.075,"A/"
"PronTokAlign",738.075,738.455,"p-A/-m-A/-l-d=0.656"
"PronTokAlign",738.455,738.575,"S-O/-z"
"PronTokAlign",738.575,739.1750000000001,"U~/-t-E-R-E-s-a~-t=0.667"
"PronTokAlign",739.1750000000001,739.5450000000001,"a~-f-U~/"
"PronTokAlign",739.5450000000001,739.6850000000001,"m-w-A/"
"PronTokAlign",739.6850000000001,739.7750000000001,"s=0.513"
"PronTokAlign",739.7750000000001,739.8050000000001,"m=0.599"
"PronTokAlign",739.8050000000001,740.1550000000001,"A/"
"PronTokAlign",740.1550000000001,740.4250000000001,"A/-s-e=0.624"
"PronTokAlign",740.4250000000001,740.963168,"s-y-R-p-R-i=0.872"
"PronTokAlign",740.963168,741.806061,"#=0.0"
"PronTokAlign",741.806061,742.046061,"fp"
"PronTokAlign",742.046061,742.556061,"k-@=0.995"
"PronTokAlign",742.556061,743.125,"fp"
"PronTokAlign",743.125,743.23,"#=0.0"
"PronTokAlign",743.23,743.65,"t-R-a~-t=0.827"
"PronTokAlign",743.65,743.6800000000001,"u"
"PronTokAlign",743.6800000000001,743.96,"k-A/-R-a~-t=0.856"
"PronTokAlign",743.96,744.26,"p-u-R-s-a~=0.836"
"PronTokAlign",744.26,744.29,"d=0.615"
"PronTokAlign",744.29,744.39,"n-O/-t=0.835"
"PronTokAlign",744.39,744.77,"b-O/-n-9-R"
"PronTokAlign",744.77,745.11,"e-t-e=0.573"
"PronTokAlign",745.11,745.445,"fp"
"PronTokAlign",745.445,745.832969,"#=0.0"
"PronTokAlign",745.832969,746.132969,"a~-f-U~/"
"PronTokAlign",746.132969,746.3229690000001,"e-t-e=0.351"
"PronTokAlign",746.3229690000001,746.5729690000001,"d-e-Z-A/=0.72"
"PronTokAlign",746.5729690000001,746.8029690000001,"e-k-R-i=0.498"
"PronTokAlign",746.8029690000001,746.9029690000001,"d-a~=0.786"
"PronTokAlign",746.9029690000001,747.0529690000001,"n-O/-t=0.767"
"PronTokAlign",747.0529690000001,747.5329690000001,"Z-E-n-E-t-i-k=0.922"
"PronTokAlign",747.5329690000001,748.01,"a~-f-E-t=0.528"
"PronTokAlign",748.01,749.145,"#=0.0"
"PronTokAlign",749.145,750.135,"A/-p-R-E=0.772"
"PronTokAlign",750.135,750.2049999999999,"fp"
"PronTokAlign",750.2049999999999,750.235,"l"
"PronTokAlign",750.235,750.935,"A/-m-i-t-j-e"
"PronTokAlign",750.935,751.025,"l-A/"
"PronTokAlign",751.025,751.515,"f-A/-m-i-j=0.57"
"PronTokAlign",751.515,751.5749999999999,"l"
"PronTokAlign",751.5749999999999,751.935,"A/-m-u-R"
"PronTokAlign",751.935,752.3249999999999,"E-t-s-E-t-E-R-A/"
"PronTokAlign",752.3249999999999,752.4549999999999,"s-A/=0.521"
"PronTokAlign",752.4549999999999,752.865,"R-2-p-R-E-z-a~-t-e=0.548"
"PronTokAlign",752.865,752.985,"k-@=0.616"
"PronTokAlign",752.985,753.125,"d-i=0.651"
"PronTokAlign",753.125,753.528948,"p-u-R-s-a~=0.864"
"PronTokAlign",753.528948,754.238212,"#=0.0"
"PronTokAlign",754.238212,754.728212,"E=0.952"
"PronTokAlign",754.728212,754.878212,"y-n-@=0.517"
"PronTokAlign",754.878212,755.088212,"g-R-O/-s=0.906"
"PronTokAlign",755.088212,755.388212,"p-A/-R-t-i"
"PronTokAlign",755.388212,755.6582119999999,"s-t-e=0.679"
"PronTokAlign",755.6582119999999,755.808212,"n-O/=0.834"
"PronTokAlign",755.808212,756.148212,"S-w-A/=0.954"
"PronTokAlign",756.148212,756.368212,"a~-f-U~/"
"PronTokAlign",756.368212,756.458212,"Z=0.433"
"PronTokAlign",756.458212,756.608212,"s-e=0.323"
"PronTokAlign",756.608212,756.858212,"p-l-y=0.702"
"PronTokAlign",756.858212,757.338212,"e-g-z-A/-k-t-2-m-a~=0.73"
"PronTokAlign",757.338212,757.4082119999999,"l-e=0.278"
"PronTokAlign",757.4082119999999,757.928212,"p-u-R-s-a~-t-A/-Z=0.726"
"PronTokAlign",757.928212,758.136649,"m-E=0.684"
"PronTokAlign",758.136649,759.065,"#=0.0"
"PronTokAlign",759.065,759.345,"m-e-z=0.713"
"PronTokAlign",759.345,759.5150000000001,"O~-n=0.574"
"PronTokAlign",759.5150000000001,759.7650000000001,"A/-p-R-a~=0.708"
"PronTokAlign",759.7650000000001,760.0450000000001,"p-A/-m-A/-l-d=0.613"
"PronTokAlign",760.0450000000001,760.225,"S-O/-z"
"PronTokAlign",760.225,760.705,"l-A/-d-2-s-y"
"PronTokAlign",760.705,761.266336,"e=0.624"
"PronTokAlign",761.266336,761.579967,"#=0.0"
"PronTokAlign",761.579967,761.949967,"p-A/-R-E-g-s-a~-p-l=0.719"
"PronTokAlign",761.949967,761.979967,"j=0.715"
"PronTokAlign",761.979967,762.009967,"A/"
"PronTokAlign",762.009967,762.039967,"d=0.89"
"PronTokAlign",762.039967,762.469967,"S-E-R-S-9-R=0.934"
"PronTokAlign",762.469967,762.499967,"j=0.579"
"PronTokAlign",762.499967,762.549967,"A/"
"PronTokAlign",762.549967,762.579967,"d=0.761"
"PronTokAlign",762.579967,763.049967,"s-j-a~-t-i-f-i-k=0.796"
"PronTokAlign",763.049967,763.109967,"k=0.444"
"PronTokAlign",763.109967,763.299967,"f-O~=0.708"
"PronTokAlign",763.299967,763.5199670000001,"s-A/=0.997"
"PronTokAlign",763.5199670000001,763.829967,"d-O~-k=0.763"
"PronTokAlign",763.829967,764.066622,"fp"
"PronTokAlign",764.066622,764.68,"#=0.0"
"PronTokAlign",764.68,764.7199999999999,"S=0.477"
"PronTokAlign",764.7199999999999,765.04,"p-a~-s=0.824"
"PronTokAlign",765.04,765.1099999999999,"k=0.549"
"PronTokAlign",765.1099999999999,765.2399999999999,"s-e"
"PronTokAlign",765.2399999999999,765.38,"d-e=0.435"
"PronTokAlign",765.38,765.5699999999999,"d-O/-n-e=0.655"
"PronTokAlign",765.5699999999999,765.8,"A/-s-e=0.835"
"PronTokAlign",765.8,766.4,"f-A/-b-l=0.535"
"PronTokAlign",766.4,766.65,"p-u-R"
"PronTokAlign",766.65,767.054753,"b-O/-k-u=0.871"
"PronTokAlign",767.054753,767.59723,"#=0.0"
"PronTokAlign",767.59723,767.72723,"m-E-m=0.905"
"PronTokAlign",767.72723,767.83723,"s=0.85"
"PronTokAlign",767.83723,767.9072299999999,"O~=0.53"
"PronTokAlign",767.9072299999999,768.04723,"p-@=0.585"
"PronTokAlign",768.04723,768.22723,"t-u=0.886"
"PronTokAlign",768.22723,768.47723,"R-2-m-E-t-R=0.903"
"PronTokAlign",768.47723,768.57723,"a~"
"PronTokAlign",768.57723,768.91723,"k-E-s-t-j-O~"
"PronTokAlign",768.91723,769.20302,"m-E=0.603"
"PronTokAlign",769.20302,769.617013,"#=0.0"
"PronTokAlign",769.617013,769.7070130000001,"d-O~=0.674"
"PronTokAlign",769.7070130000001,769.8370130000001,"s-A/=0.621"
"PronTokAlign",769.8370130000001,770.127013,"p-u-R-E=0.523"
"PronTokAlign",770.127013,770.537013,"p-E-R-m-E-t-R=0.644"
"PronTokAlign",770.537013,770.5670130000001,"d=0.478"
"PronTokAlign",770.5670130000001,770.7170130000001,"f-E-R=0.968"
"PronTokAlign",770.7170130000001,771.449104,"R-e-f-l-e-S-i-R=0.644"
"PronTokAlign",771.449104,772.475,"#=0.0"
"PronTokAlign",772.475,772.575,"l-e=0.421"
"PronTokAlign",772.575,772.985,"p-E-R-s-O/-n=0.696"
"PronTokAlign",772.985,773.0450000000001,"S=0.554"
"PronTokAlign",773.0450000000001,773.255,"p-a~-s=0.754"
"PronTokAlign",773.255,773.325,"k-@=0.601"
"PronTokAlign",773.325,773.475,"s-e"
"PronTokAlign",773.475,773.6750000000001,"A/-s-e=0.926"
"PronTokAlign",773.6750000000001,774.250313,"U~/-t-E-R-E-s-a~-t=0.707"
"PronTokAlign",774.250313,783.22,"#=0.0"
"PronTokAlign",783.22,783.734063,"w-E"
"PronTokAlign",783.734063,789.50086,"#=0.0"
"PronTokAlign",789.50086,789.8108599999999,"b-E-n=0.407"
"PronTokAlign",789.8108599999999,789.95086,"Z-@=0.729"
"PronTokAlign",789.95086,790.30086,"p-a~-s=0.77"
"PronTokAlign",790.30086,790.57086,"k-@=0.953"
"PronTokAlign",790.57086,790.80086,"n-a~=0.856"
"PronTokAlign",790.80086,790.96086,"p-s-k=0.892"
"PronTokAlign",790.96086,791.20086,"l-e=0.692"
"PronTokAlign",791.20086,791.65086,"m-E-d-j-A/=0.734"
"PronTokAlign",791.65086,792.11086,"Z-e-n-e-R-A/-l-m-a~=0.411"
"PronTokAlign",792.11086,792.15086,"i=0.644"
"PronTokAlign",792.15086,792.22086,"s=0.778"
"PronTokAlign",792.22086,792.71086,"k-O~-s-a~-t-R=0.951"
"PronTokAlign",792.71086,792.8108599999999,"s-y-R"
"PronTokAlign",792.8108599999999,792.84086,"d=0.325"
"PronTokAlign",792.84086,793.44086,"U~/-f-O/-R-m-A/-s-j-O~=0.635"
"PronTokAlign",793.44086,793.61086,"k-i=0.391"
"PronTokAlign",793.61086,793.8108599999999,"s-O~=0.641"
"PronTokAlign",793.8108599999999,794.22086,"p-w-A/-n-j-a~=0.976"
"PronTokAlign",794.22086,794.47086,"a~-f-U~/"
"PronTokAlign",794.47086,794.67086,"k-i=0.729"
"PronTokAlign",794.67086,794.95086,"k-A/-p-t=0.852"
"PronTokAlign",794.95086,795.04086,"l"
"PronTokAlign",795.04086,795.59086,"A/-t-a~-s-j-O~"
"PronTokAlign",795.59086,795.79086,"fp"
"PronTokAlign",795.79086,796.22086,"#"
"PronTokAlign",796.22086,796.34086,"d-e=0.554"
"PronTokAlign",796.34086,796.77086,"l-E-k-t-9-R=0.842"
"PronTokAlign",796.77086,797.1808599999999,"#"
"PronTokAlign",797.1808599999999,797.47086,"A/-l-O/-R-k-@"
"PronTokAlign",797.47086,797.57086,"l-e=0.386"
"PronTokAlign",797.57086,798.12086,"d-O/-k-y-m-a~-t-E-R=0.807"
"PronTokAlign",798.12086,798.38086,"s-e"
"PronTokAlign",798.38086,798.6808599999999,"p-l-y-t-O/=0.856"
"PronTokAlign",798.6808599999999,798.86086,"l-e=0.467"
"PronTokAlign",798.86086,799.17086,"p-E-R-s-O/-n=0.887"
"PronTokAlign",799.17086,799.21086,"k=0.903"
"PronTokAlign",799.21086,799.36086,"s-O~=0.912"
"PronTokAlign",799.36086,799.72086,"U~/-t-E-R-E-s-e=0.96"
"PronTokAlign",799.72086,799.85086,"p-A/-R"
"PronTokAlign",799.85086,799.96086,"s-e=0.462"
"PronTokAlign",799.96086,800.30086,"s-y-Z-e=0.608"
"PronTokAlign",800.30086,800.44086,"k-j=0.413"
"PronTokAlign",800.44086,800.60086,"v-O~=0.756"
"PronTokAlign",800.60086,800.95086,"A/-l-e=0.653"
"PronTokAlign",800.95086,801.5608599999999,"#"
"PronTokAlign",801.5608599999999,801.96086,"R-2-g-A/-R-d-e=0.879"
"PronTokAlign",801.96086,802.05086,"s=0.897"
"PronTokAlign",802.05086,802.63,"d-O/-k-y-m-a~-t-E-R=0.845"
"PronTokAlign",802.63,803.285,"#=0.0"
"PronTokAlign",803.285,803.555,"e=0.899"
"PronTokAlign",803.555,803.915,"fp"
"PronTokAlign",803.915,804.235,"d-O~-k=0.803"
"PronTokAlign",804.235,804.7049999999999,"s-e"
"PronTokAlign",804.7049999999999,805.035,"p-l-y-t-O/=0.75"
"PronTokAlign",805.035,805.0749999999999,"d=0.491"
"PronTokAlign",805.0749999999999,805.2049999999999,"l-A/"
"PronTokAlign",805.2049999999999,805.505,"R-S-E-R-S=0.565"
"PronTokAlign",805.505,805.885,"p-E-R-s-O/-n-E-l=0.782"
"PronTokAlign",805.885,806.0849999999999,"A/-l-O/-R-k-@"
"PronTokAlign",806.0849999999999,806.175,"l-E=0.405"
"PronTokAlign",806.175,806.555,"m-E-d-j-A/=0.928"
"PronTokAlign",806.555,806.635,"i=0.499"
"PronTokAlign",806.635,806.875,"n-u-z=0.957"
"PronTokAlign",806.875,807.245,"a~-f-U~/"
"PronTokAlign",807.245,807.275,"i=0.614"
"PronTokAlign",807.275,807.4449999999999,"n-u-z=0.983"
"PronTokAlign",807.4449999999999,807.765,"U~/-p-O/-z=0.964"
"PronTokAlign",807.765,807.995,"p-A/=0.815"
"PronTokAlign",807.995,808.3449999999999,"m-e=0.445"
"PronTokAlign",808.3449999999999,808.495,"i=0.45"
"PronTokAlign",808.495,808.8449999999999,"n-u-z=0.536"
"PronTokAlign",808.8449999999999,809.235,"m-E-t-@=0.97"
"PronTokAlign",809.235,809.3249999999999,"i=0.705"
"PronTokAlign",809.3249999999999,809.415,"n-u=0.862"
"PronTokAlign",809.415,809.4449999999999,"l=0.609"
"PronTokAlign",809.4449999999999,809.8249999999999,"p-R-O/-Z-E-t=0.746"
"PronTokAlign",809.8249999999999,809.865,"A/"
"PronTokAlign",809.865,809.975,"l-A/"
"PronTokAlign",809.975,810.3349999999999,"t-e-l-e=0.858"
"PronTokAlign",810.3349999999999,810.657469,"d-O~=0.52"
"PronTokAlign",810.657469,811.628928,"#=0.0"
"PronTokAlign",811.628928,811.970737,"v-l-A/=0.574"
"PronTokAlign",811.970737,812.93,"#=0.0"
"PronTokAlign",812.93,813.01,"e=0.764"
"PronTokAlign",813.01,813.16,"s-A/=0.703"
"PronTokAlign",813.16,813.76,"p-E-R-m-E-t-R-E=0.761"
"PronTokAlign",813.76,814.24,"fp"
"PronTokAlign",814.24,814.78,"#=0.0"
"PronTokAlign",814.78,814.87,"b-U~/=0.704"
"PronTokAlign",814.87,815.01,"d-@=0.694"
"PronTokAlign",815.01,815.31,"A/-v-w-A/-R"
"PronTokAlign",815.31,815.3399999999999,"d=0.736"
"PronTokAlign",815.3399999999999,815.61,"s-y-Z-e=0.609"
"PronTokAlign",815.61,815.79,"p-l-y=0.631"
"PronTokAlign",815.79,816.17,"v-A/-R-j-e=0.528"
"PronTokAlign",816.17,816.3,"k-O/-m=0.847"
"PronTokAlign",816.3,816.81,"p-A/-R-e-g-z-a~-p-l=0.315"
"PronTokAlign",816.81,817.1899999999999,"fp"
"PronTokAlign",817.1899999999999,817.28,"m-w-A/"
"PronTokAlign",817.28,817.35,"Z=0.576"
"PronTokAlign",817.35,817.4399999999999,"v-w-A/=0.905"
"PronTokAlign",817.4399999999999,817.87,"b-j-U~/-k-@"
"PronTokAlign",817.87,818.11,"s-y-R"
"PronTokAlign",818.11,818.47,"b-e-E-f-E-m"
"PronTokAlign",818.47,818.74,"t-e-v-e"
"PronTokAlign",818.74,818.9499999999999,"a~-s=0.551"
"PronTokAlign",818.9499999999999,819.13,"m-O/-m-a~"
"PronTokAlign",819.13,819.2099999999999,"i=0.548"
"PronTokAlign",819.2099999999999,819.745,"p-A/-R-l-2-t=0.882"
"PronTokAlign",819.745,819.975,"#=0.0"
"PronTokAlign",819.975,820.315,"a~-f-U~/"
"PronTokAlign",820.315,820.595,"p-A/=0.792"
"PronTokAlign",820.595,820.855,"k-@=0.884"
"PronTokAlign",820.855,821.009397,"U~/"
"PronTokAlign",821.009397,821.585076,"#=0.0"
"PronTokAlign",821.585076,821.725076,"m-e=0.393"
"PronTokAlign",821.725076,821.9850759999999,"d-@=0.603"
"PronTokAlign",821.9850759999999,822.1250759999999,"d-@=0.509"
"PronTokAlign",822.1250759999999,822.6250759999999,"z-E-m-u-R"
"PronTokAlign",822.6250759999999,822.7550759999999,"#"
"PronTokAlign",822.7550759999999,823.0050759999999,"e=0.732"
"PronTokAlign",823.0050759999999,823.095076,"fp"
"PronTokAlign",823.095076,823.195076,"i=0.464"
"PronTokAlign",823.195076,823.3850759999999,"p-A/-R-l=0.768"
"PronTokAlign",823.3850759999999,823.525076,"k-@=0.774"
"PronTokAlign",823.525076,823.6050759999999,"t=0.631"
"PronTokAlign",823.6050759999999,823.915076,"s-A/"
"PronTokAlign",823.915076,824.025076,"e=0.662"
"PronTokAlign",824.025076,824.435076,"d-y-k-u"
"PronTokAlign",824.435076,824.728672,"fp"
"PronTokAlign",824.728672,825.42,"#=0.0"
"PronTokAlign",825.42,825.5899999999999,"O~=0.567"
"PronTokAlign",825.5899999999999,825.7299999999999,"v-w-A/=0.592"
"PronTokAlign",825.7299999999999,825.9399999999999,"p-l-y=0.611"
"PronTokAlign",825.9399999999999,826.3,"k-@=0.955"
"PronTokAlign",826.3,826.62,"d-a~-z=0.585"
"PronTokAlign",826.62,826.87,"a~-f-U~/"
"PronTokAlign",826.87,826.99,"j=0.417"
"PronTokAlign",826.99,827.04,"A/"
"PronTokAlign",827.04,827.1999999999999,"p-A/=0.652"
"PronTokAlign",827.1999999999999,827.54,"k-@=0.997"
"PronTokAlign",827.54,827.89,"z-E-m-u-R"
"PronTokAlign",827.89,828.03,"d-a~=0.873"
"PronTokAlign",828.03,828.445,"l-A/"
"PronTokAlign",828.445,829.32,"#=0.0"
"PronTokAlign",829.32,829.7,"a~"
"PronTokAlign",829.7,830.31,"a~"
"PronTokAlign",830.31,830.605,"#=0.0"
"PronTokAlign",830.605,830.645,"a~"
"PronTokAlign",830.645,831.525,"A/-k-t-y-A/-l-i-t-e"
"PronTokAlign",831.525,831.585,"n-i"
"PronTokAlign",831.585,832.23,"fp"
"PronTokAlign",832.23,832.825,"#=0.0"
"PronTokAlign",832.825,833.075,"v-l-A/=0.584"
"PronTokAlign",833.075,833.365,"#"
"PronTokAlign",833.365,833.615,"d-y-k-u"
"PronTokAlign",833.615,833.6750000000001,"Z=0.592"
"PronTokAlign",833.6750000000001,833.825,"t-R-u-v=0.949"
"PronTokAlign",833.825,833.9150000000001,"s=0.633"
"PronTokAlign",833.9150000000001,834.245,"A/-s-e=0.922"
"PronTokAlign",834.245,834.735,"U~/-t-E-R-E-s-a~=0.463"
"PronTokAlign",834.735,834.825,"m=0.556"
"PronTokAlign",834.825,835.135,"A/-p-R-E=0.583"
"PronTokAlign",835.135,835.1650000000001,"l"
"PronTokAlign",835.1650000000001,835.6850000000001,"U~/-k-O~-v-e-n-j-a~=0.7"
"PronTokAlign",835.6850000000001,835.875,"s-e"
"PronTokAlign",835.875,836.085,"k-@=0.992"
"PronTokAlign",836.085,836.205,"s=0.548"
"PronTokAlign",836.205,836.4050000000001,"p-u-R-E=0.508"
"PronTokAlign",836.4050000000001,836.5250000000001,"p-A/=0.93"
"PronTokAlign",836.5250000000001,837.075,"U~/-t-E-R-E-s-e=0.559"
"PronTokAlign",837.075,837.233341,"fp"
"PronTokAlign",837.233341,837.911503,"#=0.0"
"PronTokAlign",837.911503,838.081503,"b-U~/=0.514"
"PronTokAlign",838.081503,838.2515030000001,"Z-@=0.826"
"PronTokAlign",838.2515030000001,838.461503,"s-e=0.416"
"PronTokAlign",838.461503,838.681503,"p-A/=0.81"
"PronTokAlign",838.681503,838.901503,"m-E=0.343"
"PronTokAlign",838.901503,839.051503,"fp"
"PronTokAlign",839.051503,839.301503,"l-e-z=0.909"
"PronTokAlign",839.301503,839.661503,"a~-f-a~=0.671"
"PronTokAlign",839.661503,840.211503,"p-A/-R-E-g-s-a~-p-l=0.44"
"PronTokAlign",840.211503,840.301503,"Z=0.493"
"PronTokAlign",840.301503,840.4915030000001,"p-a~-s=0.826"
"PronTokAlign",840.4915030000001,840.6215030000001,"p-A/=0.783"
"PronTokAlign",840.6215030000001,840.8915030000001,"k-@=0.833"
"PronTokAlign",840.8915030000001,840.961503,"i=0.423"
"PronTokAlign",840.961503,841.311503,"s-w-A/=0.653"
"PronTokAlign",841.311503,841.561503,"t-R-E=0.404"
"PronTokAlign",841.561503,841.834688,"fp"
"PronTokAlign",841.834688,843.56,"#=0.0"
"PronTokAlign",843.56,843.7299999999999,"t-R-E=0.417"
"PronTokAlign",843.7299999999999,844.14,"f-R-i-j-a~=0.669"
"PronTokAlign",844.14,844.4,"d-@"
"PronTokAlign",844.4,844.55,"s=0.675"
"PronTokAlign",844.55,845.525,"d-O/-k-y-m-a~-t-E-R-@=0.831"
"PronTokAlign",845.525,846.710561,"#=0.0"
"PronTokAlign",846.710561,847.058803,"u-i=0.589"
"PronTokAlign",847.058803,853.610823,"#=0.0"
"PronTokAlign",853.610823,853.952733,"u-i=0.7"
"PronTokAlign",853.952733,877.585,"#=0.0"
"PronTokAlign",877.585,878.131686,"n-O~-n=0.647"
"PronTokAlign",878.131686,879.8,"#=0.0"
"PronTokAlign",879.8,880.31611,"m=0.0"
"PronTokAlign",880.31611,930.566719,"#=0.0"
"PronTokAlign",930.566719,931.416958,"m=0.0"
"PronTokAlign",931.416958,946.78,"#=0.0"
"PronTokAlign",946.78,946.82,"Z=0.663"
"PronTokAlign",946.82,947.35,"i-m-A/-Z-i-n-@=0.914"
"PronTokAlign",947.35,947.44,"#=0.0"
"PronTokAlign",947.44,947.51,"u-i=0.641"
"PronTokAlign",947.51,947.54,"Z=0.58"
"PronTokAlign",947.54,947.944687,"i-m-A/-Z-i-n-@=0.521"
"PronTokAlign",947.944687,997.877566,"#=0.0"
"PronTokAlign",997.877566,998.354221,"w-E"
"PronTokAlign",998.354221,1005.150938,"#=0.0"
"PronTokAlign",1005.150938,1005.505312,"m=0.0"
"PronTokAlign",1005.505312,1005.834034,"#=0.0"
"PronTokAlign",1005.834034,1006.292356,"m=0.0"
"PronTokAlign",1006.292356,1016.32,"#=0.0"
"PronTokAlign",1016.32,1016.676563,"m=0.0"
"PronTokAlign",1016.676563,1066.815,"#=0.0"
"PronTokAlign",1066.815,1068.0,"m=0.0"
"PronTokAlign",1068.0,1068.23,"#=0.0"
"PronTokAlign",1068.23,1068.33,"m-w-A/"
"PronTokAlign",1068.33,1068.41,"S=0.544"
"PronTokAlign",1068.41,1069.21,"t-R-u-v-@=0.889"
"PronTokAlign",1069.21,1069.343438,"k=0.621"
"PronTokAlign",1069.343438,1083.75,"#=0.0"
"PronTokAlign",1083.75,1083.85,"b-E=0.443"
"PronTokAlign",1083.85,1084.09,"s-e"
"PronTokAlign",1084.09,1084.53,"A/-s-e-z=0.863"
"PronTokAlign",1084.53,1084.88,"l-A/-R-Z=0.634"
"PronTokAlign",1084.88,1084.94,"O~=0.729"
"PronTokAlign",1084.94,1085.17,"p-@=0.414"
"PronTokAlign",1085.17,1085.4,"O/-s-i"
"PronTokAlign",1085.4,1085.44,"l=0.608"
"PronTokAlign",1085.44,1085.9,"R-2-g-R-u-p-e=0.786"
"PronTokAlign",1085.9,1086.19,"A/-v-E-k"
"PronTokAlign",1086.19,1086.24,"l"
"PronTokAlign",1086.24,1086.83,"O/-R-9-R"
"PronTokAlign",1086.83,1087.14,"d-A/-j-2-R=0.702"
"PronTokAlign",1087.14,1087.38,"a~-f-U~/"
"PronTokAlign",1087.38,1087.41,"i=0.52"
"PronTokAlign",1087.41,1087.44,"A/"
"PronTokAlign",1087.44,1087.66,"d-e-z=0.409"
"PronTokAlign",1087.66,1088.17,"A/-v-a~-t-y-R=0.513"
"PronTokAlign",1088.17,1088.69,"a~-f-U~/"
"PronTokAlign",1088.69,1089.365,"#=0.0"
"PronTokAlign",1089.365,1089.455,"l-e=0.474"
"PronTokAlign",1089.455,1089.735,"s-y-p-E-R=0.761"
"PronTokAlign",1089.735,1090.045,"j-E-R-O/=0.541"
"PronTokAlign",1090.045,1090.415,"O/-s-i"
"PronTokAlign",1090.415,1090.985,"v-O~-t=0.523"
"PronTokAlign",1090.985,1091.015,"A/"
"PronTokAlign",1091.015,1091.065,"l"
"PronTokAlign",1091.065,1091.895,"A/-v-a~-t-y-R-@=0.527"
"PronTokAlign",1091.895,1091.945,"laugh"
"PronTokAlign",1091.945,1092.995,"#"
"PronTokAlign",1092.995,1093.165,"s-e"
"PronTokAlign",1093.165,1093.395,"t-R-E=0.718"
"PronTokAlign",1093.395,1093.905,"l-A/-R-Z-@=0.818"
"PronTokAlign",1093.905,1093.997813,"u-i=0.725"
"PronTokAlign",1093.997813,1120.445,"#=0.0"
"PronTokAlign",1120.445,1120.915,"A/"
"PronTokAlign",1120.915,1121.149688,"u-i=0.637"
"PronTokAlign",1121.149688,1197.619429,"#=0.0"
"PronTokAlign",1197.619429,1198.022753,"m=0.0"
"PronTokAlign",1198.022753,1203.944271,"#=0.0"
"PronTokAlign",1203.944271,1204.347595,"m=0.0"
"PronTokAlign",1204.347595,1206.317813,"#=0.0"
"PronTokAlign",1206.317813,1207.026563,"u-i=0.947"
"PronTokAlign",1207.026563,1236.017813,"#=0.0"
"PronTokAlign",1236.017813,1236.287813,"m"
"PronTokAlign",1236.287813,1236.647813,"b-U~/=0.965"
"PronTokAlign",1236.647813,1237.547813,"R-E-s-t-@=0.989"
"PronTokAlign",1237.547813,1237.59,"s=0.527"
"PronTokAlign",1237.59,1237.68,"#=0.0"
"PronTokAlign",1237.68,1238.05,"w-E"
"PronTokAlign",1238.05,1249.105,"#=0.0"
"PronTokAlign",1249.105,1249.325,"m-w-A/"
"PronTokAlign",1249.325,1249.475,"s-A/=0.783"
"PronTokAlign",1249.475,1249.575,"m=0.691"
"PronTokAlign",1249.575,1250.265,"A/-l-e-z=0.96"
"PronTokAlign",1250.265,1251.27,"H-i-g-R-E-k=0.999"
"PronTokAlign",1251.27,1284.73,"#=0.0"
"PronTokAlign",1284.73,1285.11,"s-@=0.833"
"PronTokAlign",1285.11,1285.42,"t-i-p=0.72"
"PronTokAlign",1285.42,1285.54,"d-@=0.624"
"PronTokAlign",1285.54,1286.11,"f-i-l-m-@=0.878"
"PronTokAlign",1286.11,1286.66,"a~-f-U~/"
"PronTokAlign",1286.66,1287.09,"p-A/-R-f-w-A/=0.945"
"PronTokAlign",1287.09,1287.29,"O/-s-i"
"PronTokAlign",1287.29,1287.51,"b-O/-k-u=0.645"
"PronTokAlign",1287.51,1287.59,"t=0.735"
"PronTokAlign",1287.59,1287.89,"s-y-k-s-E=0.697"
"PronTokAlign",1287.89,1288.36,"p-A/-R-E-g-s-a~-p-l=0.679"
"PronTokAlign",1288.36,1288.39,"j=0.675"
"PronTokAlign",1288.39,1288.58,"A/-v-e=0.486"
"PronTokAlign",1288.58,1288.84,"l-e=0.477"
"PronTokAlign",1288.84,1288.96,"l-e=0.467"
"PronTokAlign",1288.96,1289.12,"d-2=0.724"
"PronTokAlign",1289.12,1289.575,"p-A/-p=0.876"
"PronTokAlign",1289.575,1289.64,"#=0.0"
"PronTokAlign",1289.64,1289.7,"k=0.551"
"PronTokAlign",1289.7,1289.8100000000002,"e=0.522"
"PronTokAlign",1289.8100000000002,1290.3200000000002,"s-O/-R-t-i"
"PronTokAlign",1290.3200000000002,1290.48,"E=0.994"
"PronTokAlign",1290.48,1290.88,"k=0.558"
"PronTokAlign",1290.88,1290.91,"A/"
"PronTokAlign",1290.91,1291.3000000000002,"e-t-e-t=0.896"
"PronTokAlign",1291.3000000000002,1291.61,"p-R-i-m-e"
"PronTokAlign",1291.61,1291.73,"O/-z=0.965"
"PronTokAlign",1291.73,1292.11,"O/-s-k-A/-R=0.696"
"PronTokAlign",1292.11,1292.43,"d-O~-k=0.896"
"PronTokAlign",1292.43,1292.780768,"fp"
"PronTokAlign",1292.780768,1293.79,"#=0.0"
"PronTokAlign",1293.79,1294.02,"w-E"
"PronTokAlign",1294.02,1294.49,"#"
"PronTokAlign",1294.49,1294.8,"d-O~-k=0.901"
"PronTokAlign",1294.8,1295.73,"A/-p-R-E-z=0.876"
"PronTokAlign",1295.73,1300.535,"#=0.0"
"PronTokAlign",1300.535,1300.815,"b-E=0.499"
"PronTokAlign",1300.815,1300.9250000000002,"Z=0.511"
"PronTokAlign",1300.9250000000002,1301.235,"p-a~-s=0.817"
"PronTokAlign",1301.235,1301.847188,"p-A/-z=0.981"
"PronTokAlign",1301.847188,1304.699063,"#=0.0"
"PronTokAlign",1304.699063,1305.15,"m=0.0"
