"PhonAlign",0.0,4.995,"#"
"PhonAlign",4.995,5.085,"b"
"PhonAlign",5.085,5.205,"O~"
"PhonAlign",5.205,5.345,"Z"
"PhonAlign",5.345,5.455,"u"
"PhonAlign",5.455,5.492812,"R"
"PhonAlign",5.492812,199.975,"#"
"PhonAlign",199.975,201.145,"noise"
"PhonAlign",201.145,201.799224,"#"
"PhonAlign",201.799224,201.959224,"n"
"PhonAlign",201.959224,202.079224,"O/"
"PhonAlign",202.079224,202.259224,"s"
"PhonAlign",202.259224,202.339224,"e"
"PhonAlign",202.339224,202.369224,"U~/"
"PhonAlign",202.369224,202.429224,"t"
"PhonAlign",202.429224,202.469224,"E"
"PhonAlign",202.469224,202.499224,"R"
"PhonAlign",202.499224,202.549224,"E"
"PhonAlign",202.549224,202.719224,"s"
"PhonAlign",202.719224,202.889224,"a~"
"PhonAlign",202.889224,202.919224,"E"
"PhonAlign",202.919224,202.989224,"f"
"PhonAlign",202.989224,203.029224,"E"
"PhonAlign",203.029224,203.129224,"k"
"PhonAlign",203.129224,203.179224,"t"
"PhonAlign",203.179224,203.209224,"i"
"PhonAlign",203.209224,203.259224,"v"
"PhonAlign",203.259224,203.309224,"2"
"PhonAlign",203.309224,203.389224,"m"
"PhonAlign",203.389224,203.759224,"a~"
"PhonAlign",203.759224,204.539224,"fp"
"PhonAlign",204.539224,204.569224,"#"
"PhonAlign",204.569224,204.659224,"S"
"PhonAlign",204.659224,204.759224,"p"
"PhonAlign",204.759224,204.829224,"a~"
"PhonAlign",204.829224,204.909224,"s"
"PhonAlign",204.909224,204.959224,"k"
"PhonAlign",204.959224,205.049224,"s"
"PhonAlign",205.049224,205.079224,"A/"
"PhonAlign",205.079224,205.209224,"p"
"PhonAlign",205.209224,205.539224,"2"
"PhonAlign",205.539224,205.569224,"t"
"PhonAlign",205.569224,205.599224,"U~/"
"PhonAlign",205.599224,205.669224,"t"
"PhonAlign",205.669224,205.739224,"e"
"PhonAlign",205.739224,205.769224,"R"
"PhonAlign",205.769224,205.849224,"e"
"PhonAlign",205.849224,206.059224,"s"
"PhonAlign",206.059224,206.299224,"e"
"PhonAlign",206.299224,206.359224,"U~/"
"PhonAlign",206.359224,206.469224,"p"
"PhonAlign",206.469224,206.509224,"y"
"PhonAlign",206.509224,206.559224,"b"
"PhonAlign",206.559224,206.589224,"l"
"PhonAlign",206.589224,206.659224,"i"
"PhonAlign",206.659224,206.709224,"k"
"PhonAlign",206.709224,206.769224,"d"
"PhonAlign",206.769224,206.949224,"@"
"PhonAlign",206.949224,207.059224,"Z"
"PhonAlign",207.059224,207.179224,"9"
"PhonAlign",207.179224,207.319224,"n"
"PhonAlign",207.319224,207.469224,"k"
"PhonAlign",207.469224,207.539224,"O/"
"PhonAlign",207.539224,207.619224,"m"
"PhonAlign",207.619224,207.869224,"U~/"
"PhonAlign",207.869224,207.959224,"p"
"PhonAlign",207.959224,208.009224,"y"
"PhonAlign",208.009224,208.059224,"b"
"PhonAlign",208.059224,208.089224,"l"
"PhonAlign",208.089224,208.189224,"i"
"PhonAlign",208.189224,208.329224,"k"
"PhonAlign",208.329224,208.889224,"fp"
"PhonAlign",208.889224,209.279224,"#"
"PhonAlign",209.279224,209.369224,"t"
"PhonAlign",209.369224,209.509224,"p"
"PhonAlign",209.509224,209.559224,"E"
"PhonAlign",209.559224,209.629224,"R"
"PhonAlign",209.629224,209.759224,"s"
"PhonAlign",209.759224,209.859224,"O/"
"PhonAlign",209.859224,209.989224,"n"
"PhonAlign",209.989224,210.607888,"fp"
"PhonAlign",210.607888,211.255423,"#"
"PhonAlign",211.255423,211.295423,"p"
"PhonAlign",211.295423,211.325423,"l"
"PhonAlign",211.325423,211.355423,"y"
"PhonAlign",211.355423,211.405423,"s"
"PhonAlign",211.405423,211.495423,"A/"
"PhonAlign",211.495423,211.615423,"Z"
"PhonAlign",211.615423,211.745423,"e"
"PhonAlign",211.745423,211.895423,"k"
"PhonAlign",211.895423,212.015423,"w"
"PhonAlign",212.015423,212.105423,"A/"
"PhonAlign",212.105423,212.195423,"U~/"
"PhonAlign",212.195423,212.275423,"d"
"PhonAlign",212.275423,212.305423,"@"
"PhonAlign",212.305423,212.465423,"s"
"PhonAlign",212.465423,212.525423,"E"
"PhonAlign",212.525423,212.585423,"n"
"PhonAlign",212.585423,212.675423,"j"
"PhonAlign",212.675423,212.845423,"O/"
"PhonAlign",212.845423,212.895423,"R"
"PhonAlign",212.895423,212.935423,"n"
"PhonAlign",212.935423,212.985423,"O/"
"PhonAlign",212.985423,213.095423,"t"
"PhonAlign",213.095423,213.145423,"A/"
"PhonAlign",213.145423,213.215423,"m"
"PhonAlign",213.215423,213.325423,"a~"
"PhonAlign",213.325423,213.425423,"O/"
"PhonAlign",213.425423,213.615423,"s"
"PhonAlign",213.615423,213.795423,"i"
"PhonAlign",213.795423,213.945,"U~/"
"PhonAlign",213.945,214.24,"#"
"PhonAlign",214.24,214.81,"noise"
"PhonAlign",214.81,215.12,"#"
"PhonAlign",215.12,216.52,"fp"
"PhonAlign",216.52,216.69,"#"
"PhonAlign",216.69,216.83,"u"
"PhonAlign",216.83,216.93,"i"
"PhonAlign",216.93,217.05,"s"
"PhonAlign",217.05,217.12,"e"
"PhonAlign",217.12,217.23,"s"
"PhonAlign",217.23,217.26,"e"
"PhonAlign",217.26,217.34,"p"
"PhonAlign",217.34,217.41,"A/"
"PhonAlign",217.41,217.47,"m"
"PhonAlign",217.47,217.61,"A/"
"PhonAlign",217.61,217.65,"l"
"PhonAlign",217.65,217.74,"u"
"PhonAlign",217.74,217.77,"i"
"PhonAlign",217.77,217.82,"e"
"PhonAlign",217.82,217.91,"f"
"PhonAlign",217.91,217.94,"E"
"PhonAlign",217.94,218.0,"k"
"PhonAlign",218.0,218.09,"t"
"PhonAlign",218.09,218.12,"i"
"PhonAlign",218.12,218.21,"v"
"PhonAlign",218.21,218.29,"m"
"PhonAlign",218.29,218.46,"a~"
"PhonAlign",218.46,218.53,"w"
"PhonAlign",218.53,218.674688,"E"
"PhonAlign",218.674688,227.24,"#"
"PhonAlign",227.24,227.37,"m"
"PhonAlign",227.37,227.4,"w"
"PhonAlign",227.4,227.43,"A/"
"PhonAlign",227.43,227.55,"S"
"PhonAlign",227.55,227.59,"e"
"PhonAlign",227.59,227.96,"p"
"PhonAlign",227.96,228.07,"a~"
"PhonAlign",228.07,228.25,"s"
"PhonAlign",228.25,228.48,"e"
"PhonAlign",228.48,228.85,"O/"
"PhonAlign",228.85,228.93,"A/"
"PhonAlign",228.93,228.96,"l"
"PhonAlign",228.96,228.99,"A/"
"PhonAlign",228.99,229.12,"k"
"PhonAlign",229.12,229.17,"O/"
"PhonAlign",229.17,229.21,"m"
"PhonAlign",229.21,229.32,"e"
"PhonAlign",229.32,229.39,"d"
"PhonAlign",229.39,229.56,"i"
"PhonAlign",229.56,229.66,"E"
"PhonAlign",229.66,229.81,"O/"
"PhonAlign",229.81,229.85,"R"
"PhonAlign",229.85,229.93,"O/"
"PhonAlign",229.93,230.01,"m"
"PhonAlign",230.01,230.18,"a~"
"PhonAlign",230.18,230.39,"s"
"PhonAlign",230.39,230.509883,"@"
"PhonAlign",230.509883,231.145427,"#"
"PhonAlign",231.145427,231.695427,"fp"
"PhonAlign",231.695427,231.775427,"p"
"PhonAlign",231.775427,231.825427,"A/"
"PhonAlign",231.825427,231.855427,"R"
"PhonAlign",231.855427,231.905427,"s"
"PhonAlign",231.905427,231.995427,"k"
"PhonAlign",231.995427,232.045427,"s"
"PhonAlign",232.045427,232.075427,"e"
"PhonAlign",232.075427,232.205427,"2"
"PhonAlign",232.205427,232.475427,"s"
"PhonAlign",232.475427,232.605427,"O~"
"PhonAlign",232.605427,232.665427,"d"
"PhonAlign",232.665427,234.055427,"e"
"PhonAlign",234.055427,234.095427,"#"
"PhonAlign",234.095427,234.515427,"s"
"PhonAlign",234.515427,234.655427,"s"
"PhonAlign",234.655427,234.725427,"O~"
"PhonAlign",234.725427,234.945427,"s"
"PhonAlign",234.945427,235.085427,"e"
"PhonAlign",235.085427,235.195427,"U~/"
"PhonAlign",235.195427,235.235427,"n"
"PhonAlign",235.235427,235.405427,"s"
"PhonAlign",235.405427,235.445427,"y"
"PhonAlign",235.445427,235.645427,"Z"
"PhonAlign",235.645427,235.905427,"e"
"PhonAlign",235.905427,236.045427,"fp"
"PhonAlign",236.045427,236.225427,"k"
"PhonAlign",236.225427,237.015427,"i"
"PhonAlign",237.015427,237.085427,"#"
"PhonAlign",237.085427,237.115427,"U~/"
"PhonAlign",237.115427,237.235427,"t"
"PhonAlign",237.235427,237.315427,"E"
"PhonAlign",237.315427,237.385427,"R"
"PhonAlign",237.385427,237.545427,"E"
"PhonAlign",237.545427,237.825427,"s"
"PhonAlign",237.825427,237.855427,"#"
"PhonAlign",237.855427,239.365427,"fp"
"PhonAlign",239.365427,239.505427,"k"
"PhonAlign",239.505427,239.575427,"p"
"PhonAlign",239.575427,239.615427,"E"
"PhonAlign",239.615427,239.675427,"R"
"PhonAlign",239.675427,239.765427,"m"
"PhonAlign",239.765427,239.845427,"e"
"PhonAlign",239.845427,239.935427,"d"
"PhonAlign",239.935427,239.975427,"@"
"PhonAlign",239.975427,240.765427,"#"
"PhonAlign",240.765427,240.845427,"t"
"PhonAlign",240.845427,240.965427,"s"
"PhonAlign",240.965427,241.025427,"E"
"PhonAlign",241.025427,241.055427,"v"
"PhonAlign",241.055427,241.155427,"A/"
"PhonAlign",241.155427,241.235427,"d"
"PhonAlign",241.235427,241.395427,"e"
"PhonAlign",241.395427,241.465427,"Z"
"PhonAlign",241.465427,241.565427,"t"
"PhonAlign",241.565427,241.645427,"R"
"PhonAlign",241.645427,241.765427,"u"
"PhonAlign",241.765427,241.795427,"v"
"PhonAlign",241.795427,241.905427,"t"
"PhonAlign",241.905427,242.487888,"fp"
"PhonAlign",242.487888,243.385,"#"
"PhonAlign",243.385,244.635,"fp"
"PhonAlign",244.635,244.985,"s"
"PhonAlign",244.985,245.195,"e"
"PhonAlign",245.195,245.225,"a~"
"PhonAlign",245.225,245.325,"f"
"PhonAlign",245.325,245.485,"U~/"
"PhonAlign",245.485,245.625,"s"
"PhonAlign",245.625,245.755,"e"
"PhonAlign",245.755,245.945,"s"
"PhonAlign",245.945,246.295,"e"
"PhonAlign",246.295,246.405,"s"
"PhonAlign",246.405,246.455,"e"
"PhonAlign",246.455,246.515,"d"
"PhonAlign",246.515,246.555,"i"
"PhonAlign",246.555,246.625,"s"
"PhonAlign",246.625,246.685,"t"
"PhonAlign",246.685,246.725,"R"
"PhonAlign",246.725,246.765,"E"
"PhonAlign",246.765,246.905,"j"
"PhonAlign",246.905,247.115,"a~"
"PhonAlign",247.115,247.215,"k"
"PhonAlign",247.215,247.295,"w"
"PhonAlign",247.295,247.345,"A/"
"PhonAlign",247.345,247.495,"s"
"PhonAlign",247.495,247.625,"e"
"PhonAlign",247.625,247.775,"s"
"PhonAlign",247.775,247.815,"e"
"PhonAlign",247.815,248.015,"U~/"
"PhonAlign",248.015,248.395,"l"
"PhonAlign",248.395,248.525,"w"
"PhonAlign",248.525,248.585,"A/"
"PhonAlign",248.585,248.755,"z"
"PhonAlign",248.755,248.975,"i"
"PhonAlign",248.975,249.005,"R"
"PhonAlign",249.005,249.185,"U~/"
"PhonAlign",249.185,249.603589,"fp"
"PhonAlign",249.603589,250.42,"#"
"PhonAlign",250.42,250.52,"p"
"PhonAlign",250.52,250.55,"u"
"PhonAlign",250.55,250.58,"R"
"PhonAlign",250.58,250.7,"t"
"PhonAlign",250.7,250.74,"u"
"PhonAlign",250.74,250.85,"Z"
"PhonAlign",250.85,251.04,"a~"
"PhonAlign",251.04,251.09,"R"
"PhonAlign",251.09,251.15,"d"
"PhonAlign",251.15,251.63,"@"
"PhonAlign",251.63,251.69,"d"
"PhonAlign",251.69,251.73,"@"
"PhonAlign",251.73,251.82,"p"
"PhonAlign",251.82,251.87,"y"
"PhonAlign",251.87,251.91,"b"
"PhonAlign",251.91,251.94,"l"
"PhonAlign",251.94,252.06,"i"
"PhonAlign",252.06,252.13,"k"
"PhonAlign",252.13,252.23,"a~"
"PhonAlign",252.23,252.3,"f"
"PhonAlign",252.3,252.43,"E"
"PhonAlign",252.43,252.55,"t"
"PhonAlign",252.55,252.74,"U~/"
"PhonAlign",252.74,252.88,"A/"
"PhonAlign",252.88,252.99,"p"
"PhonAlign",252.99,253.23,"A/"
"PhonAlign",253.23,253.26,"R"
"PhonAlign",253.26,253.29,"l"
"PhonAlign",253.29,253.48,"e"
"PhonAlign",253.48,253.51,"l"
"PhonAlign",253.51,253.62,"e"
"PhonAlign",253.62,253.77,"Z"
"PhonAlign",253.77,253.86,"9"
"PhonAlign",253.86,254.01,"n"
"PhonAlign",254.01,254.25,"#"
"PhonAlign",254.25,254.28,"l"
"PhonAlign",254.28,254.33,"e"
"PhonAlign",254.33,254.7,"z"
"PhonAlign",254.7,254.87,"Z"
"PhonAlign",254.87,254.9,"9"
"PhonAlign",254.9,254.93,"n"
"PhonAlign",254.93,255.0,"z"
"PhonAlign",255.0,255.09,"a~"
"PhonAlign",255.09,255.19,"f"
"PhonAlign",255.19,255.47,"a~"
"PhonAlign",255.47,255.55,"z"
"PhonAlign",255.55,255.63,"U~/"
"PhonAlign",255.63,256.85,"#"
"PhonAlign",256.85,256.92,"b"
"PhonAlign",256.92,256.96000000000004,"j"
"PhonAlign",256.96000000000004,257.0,"U~/"
"PhonAlign",257.0,257.18,"s"
"PhonAlign",257.18,257.29,"y"
"PhonAlign",257.29,257.35,"R"
"PhonAlign",257.35,257.965,"#"
"PhonAlign",257.965,258.105,"b"
"PhonAlign",258.105,258.450567,"O~"
"PhonAlign",258.450567,272.768335,"#"
"PhonAlign",272.768335,274.124968,"fp"
"PhonAlign",274.124968,279.975,"#"
"PhonAlign",279.975,280.235,"u"
"PhonAlign",280.235,280.485,"i"
"PhonAlign",280.485,280.795,"O/"
"PhonAlign",280.795,280.83500000000004,"b"
"PhonAlign",280.83500000000004,280.915,"U~/"
"PhonAlign",280.915,281.01500000000004,"Z"
"PhonAlign",281.01500000000004,281.075,"@"
"PhonAlign",281.075,281.15,"#"
"PhonAlign",281.15,281.19,"p"
"PhonAlign",281.19,281.4,"a~"
"PhonAlign",281.4,281.52,"s"
"PhonAlign",281.52,281.69,"u"
"PhonAlign",281.69,281.86,"i"
"PhonAlign",281.86,282.19,"fp"
"PhonAlign",282.19,282.23999999999995,"n"
"PhonAlign",282.23999999999995,282.29999999999995,"O/"
"PhonAlign",282.29999999999995,282.42,"t"
"PhonAlign",282.42,282.5,"A/"
"PhonAlign",282.5,282.57,"m"
"PhonAlign",282.57,282.88,"a~"
"PhonAlign",282.88,284.39,"fp"
"PhonAlign",284.39,285.33,"#"
"PhonAlign",285.33,285.36,"l"
"PhonAlign",285.36,285.39,"O/"
"PhonAlign",285.39,285.44,"R"
"PhonAlign",285.44,285.47,"k"
"PhonAlign",285.47,285.53,"O/"
"PhonAlign",285.53,285.65,"m"
"PhonAlign",285.65,285.73999999999995,"a~"
"PhonAlign",285.73999999999995,285.97,"t"
"PhonAlign",285.97,286.02,"i"
"PhonAlign",286.02,286.06,"l"
"PhonAlign",286.06,286.16,"s"
"PhonAlign",286.16,286.22,"A/"
"PhonAlign",286.22,286.31,"p"
"PhonAlign",286.31,286.42,"E"
"PhonAlign",286.42,286.54,"l"
"PhonAlign",286.54,286.83,"@"
"PhonAlign",286.83,286.965,"s"
"PhonAlign",286.965,287.578446,"#"
"PhonAlign",287.578446,287.788446,"S"
"PhonAlign",287.788446,287.818446,"e"
"PhonAlign",287.818446,287.928446,"p"
"PhonAlign",287.928446,287.958446,"l"
"PhonAlign",287.958446,288.018446,"y"
"PhonAlign",288.018446,288.158446,"a~"
"PhonAlign",288.158446,288.278446,"t"
"PhonAlign",288.278446,288.358446,"E"
"PhonAlign",288.358446,288.498446,"t"
"PhonAlign",288.498446,288.528446,"@"
"PhonAlign",288.528446,288.728446,"s"
"PhonAlign",288.728446,288.968446,"@"
"PhonAlign",288.968446,289.158446,"s"
"PhonAlign",289.158446,289.188446,"e"
"PhonAlign",289.188446,289.298446,"2"
"PhonAlign",289.298446,289.418446,"s"
"PhonAlign",289.418446,289.448446,"E"
"PhonAlign",289.448446,289.698446,"t"
"PhonAlign",289.698446,289.728446,"a~"
"PhonAlign",289.728446,289.838446,"f"
"PhonAlign",289.838446,290.055,"U~/"
"PhonAlign",290.055,290.5,"#"
"PhonAlign",290.5,290.57,"s"
"PhonAlign",290.57,290.61,"@"
"PhonAlign",290.61,290.87,"f"
"PhonAlign",290.87,291.02,"i"
"PhonAlign",291.02,291.05,"l"
"PhonAlign",291.05,291.1,"m"
"PhonAlign",291.1,291.25,"p"
"PhonAlign",291.25,291.29,"u"
"PhonAlign",291.29,291.32,"R"
"PhonAlign",291.32,291.35,"l"
"PhonAlign",291.35,291.46,"e"
"PhonAlign",291.46,291.53,"z"
"PhonAlign",291.53,291.64,"a~"
"PhonAlign",291.64,291.82,"f"
"PhonAlign",291.82,292.04,"a~"
"PhonAlign",292.04,292.07,"l"
"PhonAlign",292.07,292.21,"A/"
"PhonAlign",292.21,292.66,"fp"
"PhonAlign",292.66,294.155,"#"
"PhonAlign",294.155,294.713438,"fp"
"PhonAlign",294.713438,299.49,"#"
"PhonAlign",299.49,299.66,"w"
"PhonAlign",299.66,299.78000000000003,"E"
"PhonAlign",299.78000000000003,299.83,"m"
"PhonAlign",299.83,299.93,"a~"
"PhonAlign",299.93,300.01,"f"
"PhonAlign",300.01,300.19,"U~/"
"PhonAlign",300.19,300.34000000000003,"fp"
"PhonAlign",300.34000000000003,300.38,"m"
"PhonAlign",300.38,300.42,"U~/"
"PhonAlign",300.42,300.55,"t"
"PhonAlign",300.55,300.61,"@"
"PhonAlign",300.61,300.69,"n"
"PhonAlign",300.69,300.72,"a~"
"PhonAlign",300.72,300.8,"A/"
"PhonAlign",300.8,300.86,"k"
"PhonAlign",300.86,300.94,"t"
"PhonAlign",300.94,300.98,"y"
"PhonAlign",300.98,301.02,"E"
"PhonAlign",301.02,301.06,"l"
"PhonAlign",301.06,301.11,"@"
"PhonAlign",301.11,301.2,"m"
"PhonAlign",301.2,301.5,"a~"
"PhonAlign",301.5,301.88,"fp"
"PhonAlign",301.88,301.91,"#"
"PhonAlign",301.91,302.07,"s"
"PhonAlign",302.07,302.1,"e"
"PhonAlign",302.1,302.17,"s"
"PhonAlign",302.17,302.2,"u"
"PhonAlign",302.2,302.32,"f"
"PhonAlign",302.32,302.37,"O/"
"PhonAlign",302.37,302.40000000000003,"R"
"PhonAlign",302.40000000000003,302.45,"m"
"PhonAlign",302.45,302.5,"@"
"PhonAlign",302.5,302.6,"t"
"PhonAlign",302.6,302.75,"U~/"
"PhonAlign",302.75,302.8,"p"
"PhonAlign",302.8,303.05,"t"
"PhonAlign",303.05,303.1,"i"
"PhonAlign",303.1,303.17,"p"
"PhonAlign",303.17,303.21000000000004,"2"
"PhonAlign",303.21000000000004,303.24,"d"
"PhonAlign",303.24,303.27,"d"
"PhonAlign",303.27,303.33,"e"
"PhonAlign",303.33,303.49,"s"
"PhonAlign",303.49,303.56,"U~/"
"PhonAlign",303.56,303.59000000000003,"A/"
"PhonAlign",303.59000000000003,303.67,"n"
"PhonAlign",303.67,303.78000000000003,"i"
"PhonAlign",303.78000000000003,303.85,"m"
"PhonAlign",303.85,303.90000000000003,"e"
"PhonAlign",303.90000000000003,304.56,"e"
"PhonAlign",304.56,304.69,"s"
"PhonAlign",304.69,304.75,"e"
"PhonAlign",304.75,304.82,"v"
"PhonAlign",304.82,304.86,"R"
"PhonAlign",304.86,304.93,"E"
"PhonAlign",304.93,304.99,"k"
"PhonAlign",304.99,305.02,"j"
"PhonAlign",305.02,305.05,"A/"
"PhonAlign",305.05,305.18,"t"
"PhonAlign",305.18,305.21000000000004,"u"
"PhonAlign",305.21000000000004,305.35,"Z"
"PhonAlign",305.35,305.58,"u"
"PhonAlign",305.58,305.67,"R"
"PhonAlign",305.67,306.628368,"fp"
"PhonAlign",306.628368,307.83,"#"
"PhonAlign",307.83,308.01,"y"
"PhonAlign",308.01,308.07,"n"
"PhonAlign",308.07,308.15,"@"
"PhonAlign",308.15,308.21,"#"
"PhonAlign",308.21,308.28,"p"
"PhonAlign",308.28,308.35,"A/"
"PhonAlign",308.35,308.45,"R"
"PhonAlign",308.45,308.52,"d"
"PhonAlign",308.52,308.63,"@"
"PhonAlign",308.63,308.73,"R"
"PhonAlign",308.73,309.04999999999995,"E"
"PhonAlign",309.04999999999995,309.13,"v"
"PhonAlign",309.13,309.21,"@"
"PhonAlign",309.21,309.23999999999995,"l"
"PhonAlign",309.23999999999995,309.31,"A/"
"PhonAlign",309.31,309.39,"p"
"PhonAlign",309.39,309.45,"R"
"PhonAlign",309.45,309.56,"U~/"
"PhonAlign",309.56,309.79,"s"
"PhonAlign",309.79,310.15,"E"
"PhonAlign",310.15,310.27,"s"
"PhonAlign",310.27,310.34,"l"
"PhonAlign",310.34,310.42,"p"
"PhonAlign",310.42,310.47,"R"
"PhonAlign",310.47,310.54,"U~/"
"PhonAlign",310.54,310.65,"s"
"PhonAlign",310.65,310.77,"S"
"PhonAlign",310.77,310.85,"A/"
"PhonAlign",310.85,310.9,"R"
"PhonAlign",310.9,311.01,"m"
"PhonAlign",311.01,311.48999999999995,"a~"
"PhonAlign",311.48999999999995,312.29,"fp"
"PhonAlign",312.29,312.36,"#"
"PhonAlign",312.36,312.48,"s"
"PhonAlign",312.48,312.51,"e"
"PhonAlign",312.51,312.57,"p"
"PhonAlign",312.57,312.62,"u"
"PhonAlign",312.62,312.65,"R"
"PhonAlign",312.65,312.77,"t"
"PhonAlign",312.77,312.82,"u"
"PhonAlign",312.82,312.85,"l"
"PhonAlign",312.85,312.94,"E"
"PhonAlign",312.94,313.03,"z"
"PhonAlign",313.03,313.23999999999995,"A/"
"PhonAlign",313.23999999999995,313.33,"Z"
"PhonAlign",313.33,313.43,"a~"
"PhonAlign",313.43,313.56,"f"
"PhonAlign",313.56,313.71,"E"
"PhonAlign",313.71,313.84,"t"
"PhonAlign",313.84,314.02,"U~/"
"PhonAlign",314.02,314.15,"s"
"PhonAlign",314.15,314.731845,"e"
"PhonAlign",314.731845,315.485,"#"
"PhonAlign",315.485,316.385,"fp"
"PhonAlign",316.385,316.875,"#"
"PhonAlign",316.875,317.065,"d"
"PhonAlign",317.065,317.155,"O~"
"PhonAlign",317.155,317.365,"k"
"PhonAlign",317.365,317.965,"#"
"PhonAlign",317.965,318.545,"u"
"PhonAlign",318.545,318.62221,"i"
"PhonAlign",318.62221,320.095,"#"
"PhonAlign",320.095,320.26500000000004,"d"
"PhonAlign",320.26500000000004,320.39500000000004,"O~"
"PhonAlign",320.39500000000004,320.545,"k"
"PhonAlign",320.545,320.985,"fp"
"PhonAlign",320.985,321.095,"S"
"PhonAlign",321.095,321.185,"d"
"PhonAlign",321.185,321.245,"i"
"PhonAlign",321.245,321.345,"z"
"PhonAlign",321.345,321.40500000000003,"e"
"PhonAlign",321.40500000000003,321.475,"d"
"PhonAlign",321.475,321.555,"O~"
"PhonAlign",321.555,321.71500000000003,"k"
"PhonAlign",321.71500000000003,322.378062,"fp"
"PhonAlign",322.378062,323.165,"#"
"PhonAlign",323.165,324.545,"fp"
"PhonAlign",324.545,325.38500000000005,"#"
"PhonAlign",325.38500000000005,325.565,"s"
"PhonAlign",325.565,325.63500000000005,"e"
"PhonAlign",325.63500000000005,325.70500000000004,"v"
"PhonAlign",325.70500000000004,325.735,"R"
"PhonAlign",325.735,325.785,"E"
"PhonAlign",325.785,325.915,"k"
"PhonAlign",325.915,325.995,"j"
"PhonAlign",325.995,326.045,"A/"
"PhonAlign",326.045,326.095,"d"
"PhonAlign",326.095,326.165,"e"
"PhonAlign",326.165,326.235,"z"
"PhonAlign",326.235,326.295,"A/"
"PhonAlign",326.295,326.38500000000005,"k"
"PhonAlign",326.38500000000005,326.52500000000003,"t"
"PhonAlign",326.52500000000003,326.725,"9"
"PhonAlign",326.725,326.805,"R"
"PhonAlign",326.805,326.935,"k"
"PhonAlign",326.935,326.975,"i"
"PhonAlign",326.975,327.20500000000004,"s"
"PhonAlign",327.20500000000004,327.555,"O~"
"PhonAlign",327.555,327.675,"t"
"PhonAlign",327.675,327.77500000000003,"p"
"PhonAlign",327.77500000000003,327.805,"l"
"PhonAlign",327.805,328.13500000000005,"y"
"PhonAlign",328.13500000000005,329.665,"fp"
"PhonAlign",329.665,329.865,"#"
"PhonAlign",329.865,329.915,"a~"
"PhonAlign",329.915,329.995,"f"
"PhonAlign",329.995,330.105,"U~/"
"PhonAlign",330.105,330.40500000000003,"k"
"PhonAlign",330.40500000000003,330.745,"j"
"PhonAlign",330.745,330.81,"#"
"PhonAlign",330.81,330.89,"k"
"PhonAlign",330.89,331.180313,"i"
"PhonAlign",331.180313,332.55,"#"
"PhonAlign",332.55,332.77000000000004,"f"
"PhonAlign",332.77000000000004,332.84000000000003,"O~"
"PhonAlign",332.84000000000003,332.96000000000004,"b"
"PhonAlign",332.96000000000004,333.12,"j"
"PhonAlign",333.12,333.54,"U~/"
"PhonAlign",333.54,333.72,"n"
"PhonAlign",333.72,333.89,"p"
"PhonAlign",333.89,333.93,"A/"
"PhonAlign",333.93,334.01,"R"
"PhonAlign",334.01,334.15000000000003,"t"
"PhonAlign",334.15000000000003,334.24,"i"
"PhonAlign",334.24,334.31,"d"
"PhonAlign",334.31,334.38,"@"
"PhonAlign",334.38,334.58,"s"
"PhonAlign",334.58,334.74,"e"
"PhonAlign",334.74,334.88,"k"
"PhonAlign",334.88,334.92,"O/"
"PhonAlign",334.92,334.98,"m"
"PhonAlign",334.98,335.06,"e"
"PhonAlign",335.06,335.12,"d"
"PhonAlign",335.12,335.19,"i"
"PhonAlign",335.19,335.26,"R"
"PhonAlign",335.26,335.37,"O/"
"PhonAlign",335.37,335.43,"m"
"PhonAlign",335.43,335.61,"a~"
"PhonAlign",335.61,335.78000000000003,"s"
"PhonAlign",335.78000000000003,336.057893,"U~/"
"PhonAlign",336.057893,337.135665,"#"
"PhonAlign",337.135665,338.756865,"fp"
"PhonAlign",338.756865,339.985679,"#"
"PhonAlign",339.985679,340.025679,"Z"
"PhonAlign",340.025679,340.055679,"p"
"PhonAlign",340.055679,340.095679,"a~"
"PhonAlign",340.095679,340.275679,"s"
"PhonAlign",340.275679,340.365679,"@"
"PhonAlign",340.365679,340.39567900000003,"b"
"PhonAlign",340.39567900000003,340.555679,"O~"
"PhonAlign",340.555679,340.615679,"A/"
"PhonAlign",340.615679,340.675679,"d"
"PhonAlign",340.675679,340.745679,"e"
"PhonAlign",340.745679,340.785679,"z"
"PhonAlign",340.785679,340.835679,"A/"
"PhonAlign",340.835679,340.885679,"k"
"PhonAlign",340.885679,341.005679,"t"
"PhonAlign",341.005679,341.045679,"9"
"PhonAlign",341.045679,341.075679,"R"
"PhonAlign",341.075679,341.14567900000003,"A/"
"PhonAlign",341.14567900000003,341.185679,"m"
"PhonAlign",341.185679,341.255679,"e"
"PhonAlign",341.255679,341.285679,"R"
"PhonAlign",341.285679,341.345679,"i"
"PhonAlign",341.345679,341.465679,"k"
"PhonAlign",341.465679,341.515679,"U~/"
"PhonAlign",341.515679,341.565679,"m"
"PhonAlign",341.565679,341.605679,"e"
"PhonAlign",341.605679,341.675679,"Z"
"PhonAlign",341.675679,341.70567900000003,"e"
"PhonAlign",341.70567900000003,341.735679,"O/"
"PhonAlign",341.735679,341.89567900000003,"s"
"PhonAlign",341.89567900000003,342.085679,"i"
"PhonAlign",342.085679,342.185679,"A/"
"PhonAlign",342.185679,342.245679,"d"
"PhonAlign",342.245679,342.365679,"e"
"PhonAlign",342.365679,342.39567900000003,"A/"
"PhonAlign",342.39567900000003,342.485679,"k"
"PhonAlign",342.485679,342.555679,"t"
"PhonAlign",342.555679,342.595679,"9"
"PhonAlign",342.595679,342.635679,"R"
"PhonAlign",342.635679,342.695679,"f"
"PhonAlign",342.695679,342.765679,"R"
"PhonAlign",342.765679,342.875679,"a~"
"PhonAlign",342.875679,343.135679,"s"
"PhonAlign",343.135679,343.475679,"e"
"PhonAlign",343.475679,344.190938,"fp"
"PhonAlign",344.190938,345.615,"#"
"PhonAlign",345.615,345.71500000000003,"b"
"PhonAlign",345.71500000000003,345.795,"O/"
"PhonAlign",345.795,346.182188,"n"
"PhonAlign",346.182188,348.5,"#"
"PhonAlign",348.5,348.56,"k"
"PhonAlign",348.56,348.59,"O/"
"PhonAlign",348.59,348.64,"m"
"PhonAlign",348.64,348.74,"a~"
"PhonAlign",348.74,348.84,"d"
"PhonAlign",348.84,348.98,"i"
"PhonAlign",348.98,349.305,"R"
"PhonAlign",349.305,350.45,"#"
"PhonAlign",350.45,351.852188,"fp"
"PhonAlign",351.852188,354.906563,"#"
"PhonAlign",354.906563,355.046563,"b"
"PhonAlign",355.046563,355.236563,"E"
"PhonAlign",355.236563,355.326563,"u"
"PhonAlign",355.326563,355.426563,"i"
"PhonAlign",355.426563,355.496563,"k"
"PhonAlign",355.496563,355.556563,"O/"
"PhonAlign",355.556563,355.586563,"m"
"PhonAlign",355.586563,355.706563,"s"
"PhonAlign",355.706563,355.856563,"A/"
"PhonAlign",355.856563,355.956563,"s"
"PhonAlign",355.956563,355.986563,"e"
"PhonAlign",355.986563,356.026563,"v"
"PhonAlign",356.026563,356.056563,"R"
"PhonAlign",356.056563,356.146563,"E"
"PhonAlign",356.146563,356.246563,"k"
"PhonAlign",356.246563,356.356563,"@"
"PhonAlign",356.356563,357.585,"laugh"
"PhonAlign",357.585,357.73,"#"
"PhonAlign",357.73,358.1,"fp"
"PhonAlign",358.1,358.20000000000005,"A/"
"PhonAlign",358.20000000000005,358.25,"b"
"PhonAlign",358.25,358.36,"R"
"PhonAlign",358.36,358.39000000000004,"y"
"PhonAlign",358.39000000000004,358.43,"l"
"PhonAlign",358.43,358.57,"p"
"PhonAlign",358.57,358.61,"u"
"PhonAlign",358.61,358.67,"R"
"PhonAlign",358.67,358.83000000000004,"p"
"PhonAlign",358.83000000000004,358.96000000000004,"w"
"PhonAlign",358.96000000000004,359.96,"U~/"
"PhonAlign",359.96,361.025,"#"
"PhonAlign",361.025,361.195,"v"
"PhonAlign",361.195,361.255,"w"
"PhonAlign",361.255,361.315,"A/"
"PhonAlign",361.315,361.345,"l"
"PhonAlign",361.345,361.455,"A/"
"PhonAlign",361.455,361.585,"k"
"PhonAlign",361.585,361.705,"i"
"PhonAlign",361.705,361.755,"R"
"PhonAlign",361.755,361.785,"2"
"PhonAlign",361.785,361.835,"p"
"PhonAlign",361.835,361.865,"R"
"PhonAlign",361.865,361.935,"E"
"PhonAlign",361.935,361.985,"z"
"PhonAlign",361.985,362.105,"a~"
"PhonAlign",362.105,362.195,"t"
"PhonAlign",362.195,362.285,"2"
"PhonAlign",362.285,362.355,"b"
"PhonAlign",362.355,362.465,"j"
"PhonAlign",362.465,362.595,"U~/"
"PhonAlign",362.595,362.735,"s"
"PhonAlign",362.735,362.805,"@"
"PhonAlign",362.805,362.935,"Z"
"PhonAlign",362.935,363.155,"a~"
"PhonAlign",363.155,363.215,"R"
"PhonAlign",363.215,363.265,"@"
"PhonAlign",363.265,363.355,"d"
"PhonAlign",363.355,363.585,"@"
"PhonAlign",363.585,363.645,"d"
"PhonAlign",363.645,363.805,"@"
"PhonAlign",363.805,363.905,"d"
"PhonAlign",363.905,363.995,"@"
"PhonAlign",363.995,364.255,"f"
"PhonAlign",364.255,364.445,"i"
"PhonAlign",364.445,364.475,"l"
"PhonAlign",364.475,364.545,"m"
"PhonAlign",364.545,364.875,"@"
"PhonAlign",364.875,365.585,"#"
"PhonAlign",365.585,366.77,"fp"
"PhonAlign",366.77,368.428108,"#"
"PhonAlign",368.428108,368.645895,"fp"
"PhonAlign",368.645895,368.96,"#"
"PhonAlign",368.96,369.08,"v"
"PhonAlign",369.08,369.11,"w"
"PhonAlign",369.11,369.18,"A/"
"PhonAlign",369.18,369.24,"z"
"PhonAlign",369.24,369.395,"#"
"PhonAlign",369.395,369.595,"m"
"PhonAlign",369.595,369.645,"w"
"PhonAlign",369.645,369.945,"A/"
"PhonAlign",369.945,370.085,"#"
"PhonAlign",370.085,370.235,"u"
"PhonAlign",370.235,370.505,"i"
"PhonAlign",370.505,370.545,"d"
"PhonAlign",370.545,370.595,"i"
"PhonAlign",370.595,370.685,"k"
"PhonAlign",370.685,370.745,"A/"
"PhonAlign",370.745,370.805,"p"
"PhonAlign",370.805,370.845,"R"
"PhonAlign",370.845,370.965,"i"
"PhonAlign",370.965,371.005,"j"
"PhonAlign",371.005,371.215,"O/"
"PhonAlign",371.215,371.285,"p"
"PhonAlign",371.285,371.365,"A/"
"PhonAlign",371.365,371.395,"R"
"PhonAlign",371.395,371.435,"E"
"PhonAlign",371.435,371.505,"g"
"PhonAlign",371.505,371.615,"s"
"PhonAlign",371.615,371.905,"a~"
"PhonAlign",371.905,371.995,"p"
"PhonAlign",371.995,372.065,"l"
"PhonAlign",372.065,372.615,"#"
"PhonAlign",372.615,372.755,"s"
"PhonAlign",372.755,372.785,"e"
"PhonAlign",372.785,372.815,"v"
"PhonAlign",372.815,372.845,"R"
"PhonAlign",372.845,372.875,"E"
"PhonAlign",372.875,372.91622,"k"
"PhonAlign",372.91622,373.085,"#"
"PhonAlign",373.085,373.145,"k"
"PhonAlign",373.145,373.185,"a~"
"PhonAlign",373.185,373.315,"t"
"PhonAlign",373.315,373.565,"O~"
"PhonAlign",373.565,374.01,"n"
"PhonAlign",374.01,376.235,"#"
"PhonAlign",376.235,376.365,"w"
"PhonAlign",376.365,376.465,"i"
"PhonAlign",376.465,376.545,"w"
"PhonAlign",376.545,376.86,"i"
"PhonAlign",376.86,378.575,"#"
"PhonAlign",378.575,378.755,"u"
"PhonAlign",378.755,378.955,"i"
"PhonAlign",378.955,382.2,"#"
"PhonAlign",382.2,382.28,"R"
"PhonAlign",382.28,382.35,"2"
"PhonAlign",382.35,382.44,"p"
"PhonAlign",382.44,382.66,"R"
"PhonAlign",382.66,382.71,"E"
"PhonAlign",382.71,382.79,"z"
"PhonAlign",382.79,382.84,"a~"
"PhonAlign",382.84,382.93,"t"
"PhonAlign",382.93,383.0,"A/"
"PhonAlign",383.0,383.15,"t"
"PhonAlign",383.15,383.33,"i"
"PhonAlign",383.33,383.37,"v"
"PhonAlign",383.37,383.43,"2"
"PhonAlign",383.43,383.53,"u"
"PhonAlign",383.53,383.7,"i"
"PhonAlign",383.7,383.81,"s"
"PhonAlign",383.81,383.84,"e"
"PhonAlign",383.84,383.98,"s"
"PhonAlign",383.98,384.18,"A/"
"PhonAlign",384.18,384.25,"u"
"PhonAlign",384.25,384.34,"i"
"PhonAlign",384.34,384.4,"d"
"PhonAlign",384.4,384.47,"@"
"PhonAlign",384.47,384.62,"s"
"PhonAlign",384.62,384.67,"@"
"PhonAlign",384.67,384.75,"Z"
"PhonAlign",384.75,384.82,"a~"
"PhonAlign",384.82,384.87,"R"
"PhonAlign",384.87,384.93,"d"
"PhonAlign",384.93,384.98,"@"
"PhonAlign",384.98,385.15,"f"
"PhonAlign",385.15,385.26,"i"
"PhonAlign",385.26,385.29,"l"
"PhonAlign",385.29,385.36,"m"
"PhonAlign",385.36,385.67,"U~/"
"PhonAlign",385.67,385.78,"u"
"PhonAlign",385.78,385.985,"i"
"PhonAlign",385.985,387.87,"#"
"PhonAlign",387.87,388.08,"u"
"PhonAlign",388.08,388.22,"i"
"PhonAlign",388.22,388.36,"A/"
"PhonAlign",388.36,388.42,"u"
"PhonAlign",388.42,388.56,"i"
"PhonAlign",388.56,388.87,"u"
"PhonAlign",388.87,389.010938,"i"
"PhonAlign",389.010938,390.24,"#"
"PhonAlign",390.24,390.28,"e"
"PhonAlign",390.28,390.31,"v"
"PhonAlign",390.31,390.34,"i"
"PhonAlign",390.34,390.39,"d"
"PhonAlign",390.39,390.47,"A/"
"PhonAlign",390.47,390.52,"m"
"PhonAlign",390.52,390.69,"a~"
"PhonAlign",390.69,390.75,"t"
"PhonAlign",390.75,391.018281,"fp"
"PhonAlign",391.018281,392.07,"#"
"PhonAlign",392.07,392.71,"fp"
"PhonAlign",392.71,392.85,"k"
"PhonAlign",392.85,392.88,"@"
"PhonAlign",392.88,392.94,"d"
"PhonAlign",392.94,393.02,"i"
"PhonAlign",393.02,393.09,"R"
"PhonAlign",393.09,393.15,"@"
"PhonAlign",393.15,393.24,"d"
"PhonAlign",393.24,393.35,"O/"
"PhonAlign",393.35,393.53,"t"
"PhonAlign",393.53,393.921563,"R"
"PhonAlign",393.921563,395.39,"#"
"PhonAlign",395.39,395.76,"A/"
"PhonAlign",395.76,395.8,"l"
"PhonAlign",395.8,395.89,"R"
"PhonAlign",395.89,395.97,"k"
"PhonAlign",395.97,396.0,"O/"
"PhonAlign",396.0,396.05,"m"
"PhonAlign",396.05,396.21,"a~"
"PhonAlign",396.21,396.32,"s"
"PhonAlign",396.32,396.43,"@"
"PhonAlign",396.43,396.89,"#"
"PhonAlign",396.89,396.97,"Z"
"PhonAlign",396.97,397.08,"a~"
"PhonAlign",397.08,397.11,"R"
"PhonAlign",397.11,397.16,"d"
"PhonAlign",397.16,397.2,"@"
"PhonAlign",397.2,397.39,"f"
"PhonAlign",397.39,397.49,"i"
"PhonAlign",397.49,397.52,"l"
"PhonAlign",397.52,397.56,"m"
"PhonAlign",397.56,397.76,"A/"
"PhonAlign",397.76,397.83,"b"
"PhonAlign",397.83,398.06,"j"
"PhonAlign",398.06,398.33,"U~/"
"PhonAlign",398.33,398.43,"e"
"PhonAlign",398.43,398.49,"v"
"PhonAlign",398.49,398.58,"O/"
"PhonAlign",398.58,398.61,"l"
"PhonAlign",398.61,398.64,"y"
"PhonAlign",398.64,398.71,"e"
"PhonAlign",398.71,398.8,"O/"
"PhonAlign",398.8,398.96,"f"
"PhonAlign",398.96,399.02,"i"
"PhonAlign",399.02,399.05,"l"
"PhonAlign",399.05,399.08,"d"
"PhonAlign",399.08,399.13,"y"
"PhonAlign",399.13,399.28,"t"
"PhonAlign",399.28,399.4,"a~"
"PhonAlign",399.4,399.44,"m"
"PhonAlign",399.44,399.49,"w"
"PhonAlign",399.49,399.52,"A/"
"PhonAlign",399.52,399.61,"S"
"PhonAlign",399.61,399.74,"t"
"PhonAlign",399.74,399.81,"R"
"PhonAlign",399.81,399.98,"u"
"PhonAlign",399.98,400.01,"v"
"PhonAlign",400.01,400.73,"U~/"
"PhonAlign",400.73,400.83,"p"
"PhonAlign",400.83,400.86,"A/"
"PhonAlign",400.86,400.94,"s"
"PhonAlign",400.94,401.0,"k"
"PhonAlign",401.0,401.03,"@"
"PhonAlign",401.03,401.3,"s"
"PhonAlign",401.3,401.33,"A/"
"PhonAlign",401.33,401.46,"s"
"PhonAlign",401.46,401.5,"A/"
"PhonAlign",401.5,401.53,"R"
"PhonAlign",401.53,401.57,"E"
"PhonAlign",401.57,401.69,"s"
"PhonAlign",401.69,401.75,"t"
"PhonAlign",401.75,401.81,"k"
"PhonAlign",401.81,401.86,"a~"
"PhonAlign",401.86,401.89,"m"
"PhonAlign",401.89,401.92,"E"
"PhonAlign",401.92,401.96,"m"
"PhonAlign",401.96,402.07,"t"
"PhonAlign",402.07,402.1,"u"
"PhonAlign",402.1,402.15,"Z"
"PhonAlign",402.15,402.21,"u"
"PhonAlign",402.21,402.25,"R"
"PhonAlign",402.25,402.3,"d"
"PhonAlign",402.3,402.34,"A/"
"PhonAlign",402.34,402.43,"k"
"PhonAlign",402.43,402.52,"t"
"PhonAlign",402.52,402.56,"y"
"PhonAlign",402.56,402.6,"A/"
"PhonAlign",402.6,402.63,"l"
"PhonAlign",402.63,402.7,"i"
"PhonAlign",402.7,402.84,"t"
"PhonAlign",402.84,403.07,"e"
"PhonAlign",403.07,403.19,"U~/"
"PhonAlign",403.19,403.29,"i"
"PhonAlign",403.29,403.34,"A/"
"PhonAlign",403.34,403.46,"t"
"PhonAlign",403.46,403.49,"u"
"PhonAlign",403.49,403.56,"Z"
"PhonAlign",403.56,403.7,"u"
"PhonAlign",403.7,403.79,"R"
"PhonAlign",403.79,404.50683,"fp"
"PhonAlign",404.50683,405.555,"#"
"PhonAlign",405.555,405.595,"b"
"PhonAlign",405.595,405.835,"O~"
"PhonAlign",405.835,405.885,"e"
"PhonAlign",405.885,405.995,"p"
"PhonAlign",405.995,406.035,"i"
"PhonAlign",406.035,406.085,"m"
"PhonAlign",406.085,406.115,"U~/"
"PhonAlign",406.115,406.215,"t"
"PhonAlign",406.215,406.275,"@"
"PhonAlign",406.275,406.345,"n"
"PhonAlign",406.345,406.605,"a~"
"PhonAlign",406.605,406.655,"b"
"PhonAlign",406.655,406.875,"O/"
"PhonAlign",406.875,406.915,"A/"
"PhonAlign",406.915,406.945,"v"
"PhonAlign",406.945,406.975,"E"
"PhonAlign",406.975,407.055,"k"
"PhonAlign",407.055,407.175,"t"
"PhonAlign",407.175,407.205,"u"
"PhonAlign",407.205,407.375,"s"
"PhonAlign",407.375,407.415,"e"
"PhonAlign",407.415,407.535,"2"
"PhonAlign",407.535,407.745,"k"
"PhonAlign",407.745,407.785,"i"
"PhonAlign",407.785,407.915,"s"
"PhonAlign",407.915,407.965,"@"
"PhonAlign",407.965,408.115,"p"
"PhonAlign",408.115,408.365,"A/"
"PhonAlign",408.365,408.465,"s"
"PhonAlign",408.465,408.575,"a~"
"PhonAlign",408.575,408.725,"f"
"PhonAlign",408.725,408.845,"E"
"PhonAlign",408.845,409.045,"t"
"PhonAlign",409.045,410.475,"fp"
"PhonAlign",410.475,410.985,"#"
"PhonAlign",410.985,411.125,"l"
"PhonAlign",411.125,411.715,"e"
"PhonAlign",411.715,411.785,"z"
"PhonAlign",411.785,411.815,"l"
"PhonAlign",411.815,412.045,"A/"
"PhonAlign",412.045,412.115,"l"
"PhonAlign",412.115,412.355,"A/"
"PhonAlign",412.355,412.675,"k"
"PhonAlign",412.675,412.755,"O/"
"PhonAlign",412.755,412.785,"m"
"PhonAlign",412.785,412.815,"a~"
"PhonAlign",412.815,412.845,"d"
"PhonAlign",412.845,412.915,"i"
"PhonAlign",412.915,412.965,"R"
"PhonAlign",412.965,413.045,"@"
"PhonAlign",413.045,413.075,"l"
"PhonAlign",413.075,413.295,"e"
"PhonAlign",413.295,413.345,"z"
"PhonAlign",413.345,413.375,"l"
"PhonAlign",413.375,413.705,"e"
"PhonAlign",413.705,414.27,"z"
"PhonAlign",414.27,414.72,"#"
"PhonAlign",414.72,414.79,"l"
"PhonAlign",414.79,414.87,"A/"
"PhonAlign",414.87,414.94000000000005,"R"
"PhonAlign",414.94000000000005,414.99,"2"
"PhonAlign",414.99,415.09,"k"
"PhonAlign",415.09,415.15,"O/"
"PhonAlign",415.15,415.2000000000001,"n"
"PhonAlign",415.2000000000001,415.2600000000001,"E"
"PhonAlign",415.2600000000001,415.4500000000001,"s"
"PhonAlign",415.4500000000001,415.61,"a~"
"PhonAlign",415.61,415.74,"s"
"PhonAlign",415.74,415.78,"2"
"PhonAlign",415.78,415.86,"d"
"PhonAlign",415.86,416.59,"e"
"PhonAlign",416.59,417.31,"z"
"PhonAlign",417.31,417.37,"#"
"PhonAlign",417.37,417.42,"d"
"PhonAlign",417.42,417.5100000000001,"e"
"PhonAlign",417.5100000000001,417.62,"z"
"PhonAlign",417.62,417.69000000000005,"O/"
"PhonAlign",417.69000000000005,417.74,"m"
"PhonAlign",417.74,417.81,"O/"
"PhonAlign",417.81,417.92,"s"
"PhonAlign",417.92,417.96,"E"
"PhonAlign",417.96,418.03,"k"
"PhonAlign",418.03,418.19000000000005,"s"
"PhonAlign",418.19000000000005,418.24,"y"
"PhonAlign",418.24,418.4,"E"
"PhonAlign",418.4,418.43,"l"
"PhonAlign",418.43,418.56,"a~"
"PhonAlign",418.56,418.71,"f"
"PhonAlign",418.71,418.84,"E"
"PhonAlign",418.84,419.0100000000001,"t"
"PhonAlign",419.0100000000001,419.47,"U~/"
"PhonAlign",419.47,420.41,"fp"
"PhonAlign",420.41,420.72,"#"
"PhonAlign",420.72,420.89,"s"
"PhonAlign",420.89,421.02,"A/"
"PhonAlign",421.02,421.15,"s"
"PhonAlign",421.15,421.22,"A/"
"PhonAlign",421.22,421.37,"s"
"PhonAlign",421.37,421.5,"A/"
"PhonAlign",421.5,421.61,"R"
"PhonAlign",421.61,421.81,"a~"
"PhonAlign",421.81,421.85,"t"
"PhonAlign",421.85,421.91,"R"
"PhonAlign",421.91,421.9500000000001,"@"
"PhonAlign",421.9500000000001,422.0,"d"
"PhonAlign",422.0,422.08,"a~"
"PhonAlign",422.08,422.2000000000001,"s"
"PhonAlign",422.2000000000001,422.35,"k"
"PhonAlign",422.35,422.46,"A/"
"PhonAlign",422.46,422.5,"d"
"PhonAlign",422.5,422.55,"R"
"PhonAlign",422.55,422.62,"O/"
"PhonAlign",422.62,422.8,"s"
"PhonAlign",422.8,422.99,"i"
"PhonAlign",422.99,423.04,"U~/"
"PhonAlign",423.04,423.53575,"fp"
"PhonAlign",423.53575,424.33,"#"
"PhonAlign",424.33,425.17,"e"
"PhonAlign",425.17,426.09,"#"
"PhonAlign",426.09,426.19,"w"
"PhonAlign",426.19,426.465,"i"
"PhonAlign",426.465,426.6,"#"
"PhonAlign",426.6,426.85,"u"
"PhonAlign",426.85,427.03,"i"
"PhonAlign",427.03,427.12,"d"
"PhonAlign",427.12,427.2000000000001,"O~"
"PhonAlign",427.2000000000001,427.29,"k"
"PhonAlign",427.29,427.42,"l"
"PhonAlign",427.42,427.47,"O/"
"PhonAlign",427.47,427.65,"m"
"PhonAlign",427.65,427.7000000000001,"O/"
"PhonAlign",427.7000000000001,427.79,"z"
"PhonAlign",427.79,427.84,"E"
"PhonAlign",427.84,427.9,"k"
"PhonAlign",427.9,427.99,"s"
"PhonAlign",427.99,428.02,"y"
"PhonAlign",428.02,428.05,"A/"
"PhonAlign",428.05,428.08,"l"
"PhonAlign",428.08,428.17,"i"
"PhonAlign",428.17,428.3,"t"
"PhonAlign",428.3,428.5100000000001,"e"
"PhonAlign",428.5100000000001,428.55,"b"
"PhonAlign",428.55,428.67,"O/"
"PhonAlign",428.67,428.72,"m"
"PhonAlign",428.72,428.75,"U~/"
"PhonAlign",428.75,428.87,"n"
"PhonAlign",428.87,428.97,"a~"
"PhonAlign",428.97,429.0700000000001,"s"
"PhonAlign",429.0700000000001,429.16,"A/"
"PhonAlign",429.16,429.19,"R"
"PhonAlign",429.19,429.28,"a~"
"PhonAlign",429.28,429.37,"t"
"PhonAlign",429.37,429.68,"R"
"PhonAlign",429.68,429.73,"v"
"PhonAlign",429.73,429.85,"R"
"PhonAlign",429.85,429.88,"E"
"PhonAlign",429.88,429.91,"m"
"PhonAlign",429.91,430.23,"a~"
"PhonAlign",430.23,430.27,"d"
"PhonAlign",430.27,430.3200000000001,"a~"
"PhonAlign",430.3200000000001,430.36,"l"
"PhonAlign",430.36,430.53,"k"
"PhonAlign",430.53,430.64,"A/"
"PhonAlign",430.64,430.67,"d"
"PhonAlign",430.67,430.75,"R"
"PhonAlign",430.75,430.8200000000001,"@"
"PhonAlign",430.8200000000001,430.88,"d"
"PhonAlign",430.88,430.97,"e"
"PhonAlign",430.97,431.47,"z"
"PhonAlign",431.47,431.69,"f"
"PhonAlign",431.69,431.81,"i"
"PhonAlign",431.81,431.84,"l"
"PhonAlign",431.84,431.92,"m"
"PhonAlign",431.92,432.3200000000001,"z"
"PhonAlign",432.3200000000001,432.48,"k"
"PhonAlign",432.48,432.56,"u"
"PhonAlign",432.56,432.65,"R"
"PhonAlign",432.65,432.73,"a~"
"PhonAlign",432.73,432.8200000000001,"z"
"PhonAlign",432.8200000000001,432.93,"k"
"PhonAlign",432.93,433.0,"w"
"PhonAlign",433.0,433.08,"A/"
"PhonAlign",433.08,441.24,"#"
"PhonAlign",441.24,441.41,"u"
"PhonAlign",441.41,441.55,"i"
"PhonAlign",441.55,441.63,"t"
"PhonAlign",441.63,441.67,"u"
"PhonAlign",441.67,441.74,"t"
"PhonAlign",441.74,441.81,"A/"
"PhonAlign",441.81,441.89,"f"
"PhonAlign",441.89,441.98,"e"
"PhonAlign",441.98,442.15,"t"
"PhonAlign",442.15,442.18,"u"
"PhonAlign",442.18,442.24,"t"
"PhonAlign",442.24,442.3,"A/"
"PhonAlign",442.3,442.39,"f"
"PhonAlign",442.39,442.55,"e"
"PhonAlign",442.55,447.08,"#"
"PhonAlign",447.08,447.29,"u"
"PhonAlign",447.29,447.48,"i"
"PhonAlign",447.48,447.54,"b"
"PhonAlign",447.54,447.57,"j"
"PhonAlign",447.57,447.62,"U~/"
"PhonAlign",447.62,447.79,"s"
"PhonAlign",447.79,447.85,"y"
"PhonAlign",447.85,447.965,"R"
"PhonAlign",447.965,450.840938,"#"
"PhonAlign",450.840938,450.930938,"v"
"PhonAlign",450.930938,451.080938,"w"
"PhonAlign",451.080938,451.130938,"A/"
"PhonAlign",451.130938,451.160938,"l"
"PhonAlign",451.160938,451.240938,"A/"
"PhonAlign",451.240938,451.280938,"E"
"PhonAlign",451.280938,451.340938,"g"
"PhonAlign",451.340938,451.390938,"z"
"PhonAlign",451.390938,451.430938,"A/"
"PhonAlign",451.430938,451.490938,"k"
"PhonAlign",451.490938,451.530938,"t"
"PhonAlign",451.530938,451.570938,"2"
"PhonAlign",451.570938,451.630938,"m"
"PhonAlign",451.630938,451.810938,"a~"
"PhonAlign",451.810938,451.840938,"m"
"PhonAlign",451.840938,451.880938,"U~/"
"PhonAlign",451.880938,451.970938,"t"
"PhonAlign",451.970938,452.020938,"@"
"PhonAlign",452.020938,452.060938,"n"
"PhonAlign",452.060938,452.130938,"a~"
"PhonAlign",452.130938,452.230938,"s"
"PhonAlign",452.230938,452.380938,"s"
"PhonAlign",452.380938,452.460938,"b"
"PhonAlign",452.460938,452.550938,"A/"
"PhonAlign",452.550938,452.610938,"n"
"PhonAlign",452.610938,452.680938,"A/"
"PhonAlign",452.680938,452.720938,"l"
"PhonAlign",452.720938,452.860938,"i"
"PhonAlign",452.860938,452.970938,"z"
"PhonAlign",452.970938,453.270938,"U~/"
"PhonAlign",453.270938,453.490938,"e"
"PhonAlign",453.490938,453.540938,"d"
"PhonAlign",453.540938,453.650938,"O~"
"PhonAlign",453.650938,454.325798,"k"
"PhonAlign",454.325798,454.805,"#"
"PhonAlign",454.805,455.055,"s"
"PhonAlign",455.055,455.225,"A/"
"PhonAlign",455.225,455.355,"p"
"PhonAlign",455.355,455.405,"H"
"PhonAlign",455.405,455.435,"i"
"PhonAlign",455.435,455.575,"s"
"PhonAlign",455.575,455.735,"A/"
"PhonAlign",455.735,455.975,"p"
"PhonAlign",455.975,456.025,"E"
"PhonAlign",456.025,456.065,"R"
"PhonAlign",456.065,456.125,"m"
"PhonAlign",456.125,456.205,"e"
"PhonAlign",456.205,456.345,"O/"
"PhonAlign",456.345,456.475,"Z"
"PhonAlign",456.475,456.785,"a~"
"PhonAlign",456.785,457.015,"z"
"PhonAlign",457.015,457.045,"a~"
"PhonAlign",457.045,457.155,"f"
"PhonAlign",457.155,457.265,"U~/"
"PhonAlign",457.265,457.295,"l"
"PhonAlign",457.295,457.395,"e"
"PhonAlign",457.395,457.475,"Z"
"PhonAlign",457.475,457.865,"a~"
"PhonAlign",457.865,458.18,"z"
"PhonAlign",458.18,458.28,"#"
"PhonAlign",458.28,458.35,"d"
"PhonAlign",458.35,458.45,"@"
"PhonAlign",458.45,458.48,"u"
"PhonAlign",458.48,458.58,"v"
"PhonAlign",458.58,458.61,"R"
"PhonAlign",458.61,458.64,"i"
"PhonAlign",458.64,458.7,"R"
"PhonAlign",458.7,458.87,"U~/"
"PhonAlign",458.87,458.96,"p"
"PhonAlign",458.96,459.0,"2"
"PhonAlign",459.0,459.03,"l"
"PhonAlign",459.03,459.1,"9"
"PhonAlign",459.1,459.2,"R"
"PhonAlign",459.2,459.26,"E"
"PhonAlign",459.26,459.37,"s"
"PhonAlign",459.37,459.43,"p"
"PhonAlign",459.43,459.47,"R"
"PhonAlign",459.47,459.58,"i"
"PhonAlign",459.58,459.66,"O/"
"PhonAlign",459.66,459.84,"s"
"PhonAlign",459.84,459.97,"i"
"PhonAlign",459.97,460.09,"U~/"
"PhonAlign",460.09,460.82,"#"
"PhonAlign",460.82,460.9,"s"
"PhonAlign",460.9,460.93,"y"
"PhonAlign",460.93,460.96,"R"
"PhonAlign",460.96,461.09,"s"
"PhonAlign",461.09,461.14,"@"
"PhonAlign",461.14,461.18,"Z"
"PhonAlign",461.18,461.29,"a~"
"PhonAlign",461.29,461.33,"R"
"PhonAlign",461.33,461.825,"#"
"PhonAlign",461.825,461.925,"e"
"PhonAlign",461.925,462.005,"p"
"PhonAlign",462.005,462.035,"i"
"PhonAlign",462.035,462.105,"O~"
"PhonAlign",462.105,462.145,"n"
"PhonAlign",462.145,462.225,"a~"
"PhonAlign",462.225,462.255,"v"
"PhonAlign",462.255,462.295,"w"
"PhonAlign",462.295,462.345,"A/"
"PhonAlign",462.345,462.375,"d"
"PhonAlign",462.375,462.445,"e"
"PhonAlign",462.445,462.535,"Z"
"PhonAlign",462.535,462.795,"A/"
"PhonAlign",462.795,462.845,"d"
"PhonAlign",462.845,462.895,"e"
"PhonAlign",462.895,463.035,"f"
"PhonAlign",463.035,463.115,"i"
"PhonAlign",463.115,463.145,"l"
"PhonAlign",463.145,463.195,"m"
"PhonAlign",463.195,463.785,"#"
"PhonAlign",463.785,464.095,"u"
"PhonAlign",464.095,464.225,"j"
"PhonAlign",464.225,464.285,"A/"
"PhonAlign",464.285,464.395,"d"
"PhonAlign",464.395,464.515,"e"
"PhonAlign",464.515,464.775,"z"
"PhonAlign",464.775,465.335,"#"
"PhonAlign",465.335,465.425,"O~"
"PhonAlign",465.425,465.515,"p"
"PhonAlign",465.515,465.545,"A/"
"PhonAlign",465.545,465.575,"R"
"PhonAlign",465.575,465.605,"l"
"PhonAlign",465.605,465.635,"d"
"PhonAlign",465.635,465.695,"@"
"PhonAlign",465.695,465.725,"l"
"PhonAlign",465.725,465.795,"A/"
"PhonAlign",465.795,465.875,"t"
"PhonAlign",465.875,465.915,"R"
"PhonAlign",465.915,465.985,"a~"
"PhonAlign",465.985,466.075,"s"
"PhonAlign",466.075,466.105,"E"
"PhonAlign",466.105,466.165,"k"
"PhonAlign",466.165,466.275,"s"
"PhonAlign",466.275,466.305,"y"
"PhonAlign",466.305,466.335,"A/"
"PhonAlign",466.335,466.365,"l"
"PhonAlign",466.365,466.435,"i"
"PhonAlign",466.435,466.595,"t"
"PhonAlign",466.595,466.985,"e"
"PhonAlign",466.985,467.135,"O~"
"PhonAlign",467.135,467.235,"p"
"PhonAlign",467.235,467.735,"A/"
"PhonAlign",467.735,467.765,"R"
"PhonAlign",467.765,467.795,"l"
"PhonAlign",467.795,467.825,"t"
"PhonAlign",467.825,467.855,"l"
"PhonAlign",467.855,467.915,"O/"
"PhonAlign",467.915,467.945,"m"
"PhonAlign",467.945,468.005,"O/"
"PhonAlign",468.005,468.105,"z"
"PhonAlign",468.105,468.135,"E"
"PhonAlign",468.135,468.195,"k"
"PhonAlign",468.195,468.285,"s"
"PhonAlign",468.285,468.335,"y"
"PhonAlign",468.335,468.365,"A/"
"PhonAlign",468.365,468.395,"l"
"PhonAlign",468.395,468.485,"i"
"PhonAlign",468.485,468.635,"t"
"PhonAlign",468.635,469.105,"e"
"PhonAlign",469.105,469.470938,"fp"
"PhonAlign",469.470938,471.035,"#"
"PhonAlign",471.035,471.1350000000001,"e"
"PhonAlign",471.1350000000001,471.225,"p"
"PhonAlign",471.225,471.25500000000005,"H"
"PhonAlign",471.25500000000005,471.285,"i"
"PhonAlign",471.285,471.365,"k"
"PhonAlign",471.365,471.415,"O/"
"PhonAlign",471.415,471.4450000000001,"m"
"PhonAlign",471.4450000000001,471.535,"s"
"PhonAlign",471.535,471.565,"e"
"PhonAlign",471.565,471.615,"R"
"PhonAlign",471.615,471.705,"a~"
"PhonAlign",471.705,471.765,"t"
"PhonAlign",471.765,471.795,"R"
"PhonAlign",471.795,471.845,"e"
"PhonAlign",471.845,471.895,"d"
"PhonAlign",471.895,471.935,"a~"
"PhonAlign",471.935,472.00500000000005,"l"
"PhonAlign",472.00500000000005,472.095,"e"
"PhonAlign",472.095,472.175,"m"
"PhonAlign",472.175,472.305,"9"
"PhonAlign",472.305,472.341828,"R"
"PhonAlign",472.341828,472.702208,"#"
"PhonAlign",472.702208,472.752208,"O/"
"PhonAlign",472.752208,472.982208,"t"
"PhonAlign",472.982208,473.272208,"a~"
"PhonAlign",473.272208,473.332208,"m"
"PhonAlign",473.332208,473.372208,"U~/"
"PhonAlign",473.372208,473.502208,"t"
"PhonAlign",473.502208,473.542208,"@"
"PhonAlign",473.542208,473.602208,"n"
"PhonAlign",473.602208,473.842208,"a~"
"PhonAlign",473.842208,474.012208,"fp"
"PhonAlign",474.012208,474.342208,"#"
"PhonAlign",474.342208,474.392208,"E"
"PhonAlign",474.392208,474.472208,"k"
"PhonAlign",474.472208,474.542208,"s"
"PhonAlign",474.542208,474.622208,"p"
"PhonAlign",474.622208,474.692208,"O/"
"PhonAlign",474.692208,474.762208,"z"
"PhonAlign",474.762208,474.832208,"e"
"PhonAlign",474.832208,474.862208,"l"
"PhonAlign",474.862208,474.902208,"e"
"PhonAlign",474.902208,475.032208,"S"
"PhonAlign",475.032208,475.182208,"O/"
"PhonAlign",475.182208,475.222208,"z"
"PhonAlign",475.222208,475.352208,"U~/"
"PhonAlign",475.352208,475.502208,"s"
"PhonAlign",475.502208,475.542208,"e"
"PhonAlign",475.542208,475.602208,"v"
"PhonAlign",475.602208,475.652208,"R"
"PhonAlign",475.652208,475.882208,"e"
"PhonAlign",475.882208,475.912208,"U~/"
"PhonAlign",475.912208,476.002208,"O~"
"PhonAlign",476.002208,476.082208,"p"
"PhonAlign",476.082208,476.112208,"@"
"PhonAlign",476.112208,476.192208,"p"
"PhonAlign",476.192208,476.222208,"l"
"PhonAlign",476.222208,476.252208,"y"
"PhonAlign",476.252208,476.362208,"s"
"PhonAlign",476.362208,476.402208,"@"
"PhonAlign",476.402208,476.492208,"k"
"PhonAlign",476.492208,476.562208,"A/"
"PhonAlign",476.562208,476.762208,"S"
"PhonAlign",476.762208,476.992208,"e"
"PhonAlign",476.992208,477.362208,"fp"
"PhonAlign",477.362208,477.392208,"#"
"PhonAlign",477.392208,477.442208,"d"
"PhonAlign",477.442208,477.562208,"E"
"PhonAlign",477.562208,477.592208,"R"
"PhonAlign",477.592208,477.692208,"j"
"PhonAlign",477.692208,477.802208,"E"
"PhonAlign",477.802208,477.832208,"R"
"PhonAlign",477.832208,478.495,"U~/"
"PhonAlign",478.495,478.988036,"#"
"PhonAlign",478.988036,479.078036,"U~/"
"PhonAlign",479.078036,479.198036,"f"
"PhonAlign",479.198036,479.258036,"e"
"PhonAlign",479.258036,479.298036,"n"
"PhonAlign",479.298036,479.378036,"O/"
"PhonAlign",479.378036,479.478036,"m"
"PhonAlign",479.478036,479.628036,"E"
"PhonAlign",479.628036,479.7080360000001,"n"
"PhonAlign",479.7080360000001,480.665,"fp"
"PhonAlign",480.665,481.405,"#"
"PhonAlign",481.405,481.935,"A/"
"PhonAlign",481.935,482.035,"u"
"PhonAlign",482.035,482.195,"i"
"PhonAlign",482.195,482.305,"u"
"PhonAlign",482.305,482.345,"i"
"PhonAlign",482.345,485.873438,"#"
"PhonAlign",485.873438,486.063438,"u"
"PhonAlign",486.063438,486.143438,"i"
"PhonAlign",486.143438,486.193438,"u"
"PhonAlign",486.193438,486.41,"i"
"PhonAlign",486.41,489.045,"#"
"PhonAlign",489.045,489.085,"t"
"PhonAlign",489.085,489.115,"u"
"PhonAlign",489.115,489.145,"t"
"PhonAlign",489.145,489.175,"A/"
"PhonAlign",489.175,489.275,"f"
"PhonAlign",489.275,489.365,"e"
"PhonAlign",489.365,489.42437,"t"
"PhonAlign",489.42437,492.845,"#"
"PhonAlign",492.845,492.915,"E"
"PhonAlign",492.915,492.965,"g"
"PhonAlign",492.965,493.045,"z"
"PhonAlign",493.045,493.095,"A/"
"PhonAlign",493.095,493.125,"k"
"PhonAlign",493.125,493.215,"t"
"PhonAlign",493.215,493.25500000000005,"2"
"PhonAlign",493.25500000000005,493.3250000000001,"m"
"PhonAlign",493.3250000000001,493.425,"a~"
"PhonAlign",493.425,493.465,"t"
"PhonAlign",493.465,500.55,"#"
"PhonAlign",500.55,500.69,"w"
"PhonAlign",500.69,501.297188,"i"
"PhonAlign",501.297188,508.6,"#"
"PhonAlign",508.6,508.64,"u"
"PhonAlign",508.64,508.87,"i"
"PhonAlign",508.87,509.03,"u"
"PhonAlign",509.03,509.18,"i"
"PhonAlign",509.18,520.44,"#"
"PhonAlign",520.44,520.6300000000001,"u"
"PhonAlign",520.6300000000001,520.765,"i"
"PhonAlign",520.765,551.5,"#"
"PhonAlign",551.5,551.68,"u"
"PhonAlign",551.68,551.716073,"i"
"PhonAlign",551.716073,551.96,"#"
"PhonAlign",551.96,552.09,"s"
"PhonAlign",552.09,552.22,"e"
"PhonAlign",552.22,552.35,"s"
"PhonAlign",552.35,552.4200000000001,"e"
"PhonAlign",552.4200000000001,552.45,"R"
"PhonAlign",552.45,552.5400000000001,"e"
"PhonAlign",552.5400000000001,552.59,"d"
"PhonAlign",552.59,552.6500000000001,"e"
"PhonAlign",552.6500000000001,552.69,"b"
"PhonAlign",552.69,552.74,"i"
"PhonAlign",552.74,552.83,"t"
"PhonAlign",552.83,552.96,"O/"
"PhonAlign",552.96,552.99,"i"
"PhonAlign",552.99,553.245205,"R"
"PhonAlign",553.245205,554.57,"laugh"
"PhonAlign",554.57,554.765,"#"
"PhonAlign",554.765,555.205,"laugh"
"PhonAlign",555.205,560.495,"#"
"PhonAlign",560.495,560.675,"w"
"PhonAlign",560.675,560.865,"E"
"PhonAlign",560.865,560.895,"b"
"PhonAlign",560.895,560.975,"j"
"PhonAlign",560.975,561.005,"U~/"
"PhonAlign",561.005,561.215,"s"
"PhonAlign",561.215,561.295,"y"
"PhonAlign",561.295,561.535,"R"
"PhonAlign",561.535,561.565,"w"
"PhonAlign",561.565,561.685,"E"
"PhonAlign",561.685,571.46,"#"
"PhonAlign",571.46,571.57,"s"
"PhonAlign",571.57,571.64,"e"
"PhonAlign",571.64,571.74,"s"
"PhonAlign",571.74,571.83,"E"
"PhonAlign",571.83,571.86,"g"
"PhonAlign",571.86,571.9000000000001,"z"
"PhonAlign",571.9000000000001,571.95,"A/"
"PhonAlign",571.95,571.99,"k"
"PhonAlign",571.99,572.0400000000001,"t"
"PhonAlign",572.0400000000001,572.08,"2"
"PhonAlign",572.08,572.13,"m"
"PhonAlign",572.13,572.21,"a~"
"PhonAlign",572.21,572.305,"t"
"PhonAlign",572.305,692.125,"#"
"PhonAlign",692.125,692.255,"A/"
"PhonAlign",692.255,692.325,"w"
"PhonAlign",692.325,692.415,"i"
"PhonAlign",692.415,692.505,"s"
"PhonAlign",692.505,692.535,"e"
"PhonAlign",692.535,692.635,"t"
"PhonAlign",692.635,692.665,"R"
"PhonAlign",692.665,692.745,"E"
"PhonAlign",692.745,692.795,"l"
"PhonAlign",692.795,692.935,"O~"
"PhonAlign",692.935,693.105,"g"
"PhonAlign",693.105,693.485,"s"
"PhonAlign",693.485,693.565,"e"
"PhonAlign",693.565,693.665,"v"
"PhonAlign",693.665,693.735,"R"
"PhonAlign",693.735,693.97,"E"
"PhonAlign",693.97,695.675,"#"
"PhonAlign",695.675,695.895,"u"
"PhonAlign",695.895,696.095,"i"
"PhonAlign",696.095,696.745,"#"
"PhonAlign",696.745,696.855,"t"
"PhonAlign",696.855,696.885,"u"
"PhonAlign",696.885,696.985,"t"
"PhonAlign",696.985,697.065,"A/"
"PhonAlign",697.065,697.195,"f"
"PhonAlign",697.195,697.295,"e"
"PhonAlign",697.295,697.385,"u"
"PhonAlign",697.385,697.47,"i"
"PhonAlign",697.47,699.765,"#"
"PhonAlign",699.765,700.101562,"m"
"PhonAlign",700.101562,701.94,"#"
"PhonAlign",701.94,701.99,"t"
"PhonAlign",701.99,702.0500000000001,"u"
"PhonAlign",702.0500000000001,702.1800000000001,"t"
"PhonAlign",702.1800000000001,702.23,"A/"
"PhonAlign",702.23,702.2900000000001,"f"
"PhonAlign",702.2900000000001,702.33,"E"
"PhonAlign",702.33,702.405,"#"
"PhonAlign",702.405,702.4449999999999,"u"
"PhonAlign",702.4449999999999,702.56,"i"
"PhonAlign",702.56,714.104988,"#"
"PhonAlign",714.104988,714.403882,"noise"
"PhonAlign",714.403882,721.61,"#"
"PhonAlign",721.61,721.88,"A/"
"PhonAlign",721.88,721.91,"u"
"PhonAlign",721.91,722.07,"i"
"PhonAlign",722.07,747.74,"#"
"PhonAlign",747.74,748.02,"A/"
"PhonAlign",748.02,748.1,"d"
"PhonAlign",748.1,748.1800000000001,"A/"
"PhonAlign",748.1800000000001,748.37,"k"
"PhonAlign",748.37,748.58,"O/"
"PhonAlign",748.58,748.62,"R"
"PhonAlign",748.62,748.86,"#"
"PhonAlign",748.86,749.19,"m"
"PhonAlign",749.19,749.255,"m"
"PhonAlign",749.255,757.235,"#"
"PhonAlign",757.235,757.275,"m"
"PhonAlign",757.275,757.72,"m"
"PhonAlign",757.72,760.405,"#"
"PhonAlign",760.405,760.9649999999999,"m"
"PhonAlign",760.9649999999999,761.394038,"m"
"PhonAlign",761.394038,822.71,"#"
"PhonAlign",822.71,822.97,"E"
"PhonAlign",822.97,823.07,"u"
"PhonAlign",823.07,823.25,"i"
"PhonAlign",823.25,823.2800000000001,"l"
"PhonAlign",823.2800000000001,823.3100000000001,"A/"
"PhonAlign",823.3100000000001,823.6,"p"
"PhonAlign",823.6,823.63,"O/"
"PhonAlign",823.63,823.6600000000001,"l"
"PhonAlign",823.6600000000001,823.69,"i"
"PhonAlign",823.69,823.88,"t"
"PhonAlign",823.88,823.9100000000001,"i"
"PhonAlign",823.9100000000001,824.0400000000001,"k"
"PhonAlign",824.0400000000001,824.375,"@"
"PhonAlign",824.375,824.54,"#"
"PhonAlign",824.54,824.66,"l"
"PhonAlign",824.66,824.77,"E"
"PhonAlign",824.77,824.8,"l"
"PhonAlign",824.8,824.86,"E"
"PhonAlign",824.86,824.9399999999999,"k"
"PhonAlign",824.9399999999999,825.0999999999999,"s"
"PhonAlign",825.0999999999999,825.14,"j"
"PhonAlign",825.14,825.45,"O~"
"PhonAlign",825.45,847.335938,"#"
"PhonAlign",847.335938,847.715938,"O/"
"PhonAlign",847.715938,847.875938,"u"
"PhonAlign",847.875938,847.995938,"i"
"PhonAlign",847.995938,848.125938,"k"
"PhonAlign",848.125938,848.2059380000001,"w"
"PhonAlign",848.2059380000001,848.245938,"A/"
"PhonAlign",848.245938,848.4259380000001,"k"
"PhonAlign",848.4259380000001,848.6959380000001,"@"
"PhonAlign",848.6959380000001,848.8259380000001,"u"
"PhonAlign",848.8259380000001,848.955938,"i"
"PhonAlign",848.955938,852.027188,"#"
"PhonAlign",852.027188,852.267188,"A/"
"PhonAlign",852.267188,852.3571880000001,"u"
"PhonAlign",852.3571880000001,852.449063,"i"
"PhonAlign",852.449063,871.77,"#"
"PhonAlign",871.77,871.89,"n"
"PhonAlign",871.89,872.03,"O/"
"PhonAlign",872.03,872.12,"S"
"PhonAlign",872.12,872.1899999999999,"p"
"PhonAlign",872.1899999999999,872.24,"a~"
"PhonAlign",872.24,872.31,"s"
"PhonAlign",872.31,872.36,"k"
"PhonAlign",872.36,872.42,"E"
"PhonAlign",872.42,872.4499999999999,"l"
"PhonAlign",872.4499999999999,872.61,"A/"
"PhonAlign",872.61,872.71,"E"
"PhonAlign",872.71,872.74,"A/"
"PhonAlign",872.74,872.81,"b"
"PhonAlign",872.81,872.87,"j"
"PhonAlign",872.87,872.93,"U~/"
"PhonAlign",872.93,873.01,"f"
"PhonAlign",873.01,873.05,"e"
"PhonAlign",873.05,873.0799999999999,"l"
"PhonAlign",873.0799999999999,873.12,"@"
"PhonAlign",873.12,873.21,"t"
"PhonAlign",873.21,873.26,"u"
"PhonAlign",873.26,873.29,"R"
"PhonAlign",873.29,873.3299999999999,"d"
"PhonAlign",873.3299999999999,873.36,"l"
"PhonAlign",873.36,873.42,"A/"
"PhonAlign",873.42,873.53,"k"
"PhonAlign",873.53,873.5699999999999,"E"
"PhonAlign",873.5699999999999,873.76,"s"
"PhonAlign",873.76,873.8,"t"
"PhonAlign",873.8,873.84,"j"
"PhonAlign",873.84,874.12,"O~"
"PhonAlign",874.12,874.37,"e"
"PhonAlign",874.37,874.49,"k"
"PhonAlign",874.49,875.331563,"@"
"PhonAlign",875.331563,877.91,"#"
"PhonAlign",877.91,877.9599999999999,"E"
"PhonAlign",877.9599999999999,877.99,"l"
"PhonAlign",877.99,878.05,"@"
"PhonAlign",878.05,878.0899999999999,"A/"
"PhonAlign",878.0899999999999,878.15,"b"
"PhonAlign",878.15,878.18,"j"
"PhonAlign",878.18,878.2099999999999,"U~/"
"PhonAlign",878.2099999999999,878.27,"E"
"PhonAlign",878.27,878.31,"k"
"PhonAlign",878.31,878.36,"s"
"PhonAlign",878.36,878.42,"p"
"PhonAlign",878.42,878.4499999999999,"l"
"PhonAlign",878.4499999999999,878.48,"i"
"PhonAlign",878.48,878.5799999999999,"k"
"PhonAlign",878.5799999999999,878.61,"e"
"PhonAlign",878.61,878.7199999999999,"s"
"PhonAlign",878.7199999999999,878.76,"O~"
"PhonAlign",878.76,878.8299999999999,"n"
"PhonAlign",878.8299999999999,878.99,"S"
"PhonAlign",878.99,879.11,"w"
"PhonAlign",879.11,879.185,"A/"
"PhonAlign",879.185,884.185,"#"
"PhonAlign",884.185,884.295,"b"
"PhonAlign",884.295,884.525,"U~/"
"PhonAlign",884.525,884.5949999999999,"m"
"PhonAlign",884.5949999999999,884.665,"w"
"PhonAlign",884.665,884.7149999999999,"A/"
"PhonAlign",884.7149999999999,884.765,"l"
"PhonAlign",884.765,884.895,"@"
"PhonAlign",884.895,884.9649999999999,"d"
"PhonAlign",884.9649999999999,884.9949999999999,"2"
"PhonAlign",884.9949999999999,885.045,"z"
"PhonAlign",885.045,885.0849999999999,"j"
"PhonAlign",885.0849999999999,885.145,"E"
"PhonAlign",885.145,885.175,"m"
"PhonAlign",885.175,885.3249999999999,"t"
"PhonAlign",885.3249999999999,885.4449999999999,"E"
"PhonAlign",885.4449999999999,885.4849999999999,"m"
"PhonAlign",885.4849999999999,885.625,"s"
"PhonAlign",885.625,885.665,"e"
"PhonAlign",885.665,885.6949999999999,"l"
"PhonAlign",885.6949999999999,885.775,"A/"
"PhonAlign",885.775,885.805,"v"
"PhonAlign",885.805,885.9449999999999,"a~"
"PhonAlign",885.9449999999999,886.0949999999999,"t"
"PhonAlign",886.0949999999999,886.2049999999999,"y"
"PhonAlign",886.2049999999999,886.285,"R"
"PhonAlign",886.285,886.405,"@"
"PhonAlign",886.405,887.285,"#"
"PhonAlign",887.285,887.3549999999999,"b"
"PhonAlign",887.3549999999999,887.6049999999999,"O/"
"PhonAlign",887.6049999999999,887.7449999999999,"S"
"PhonAlign",887.7449999999999,887.895,"p"
"PhonAlign",887.895,888.035,"a~"
"PhonAlign",888.035,888.185,"s"
"PhonAlign",888.185,888.2449999999999,"k"
"PhonAlign",888.2449999999999,888.3449999999999,"#"
"PhonAlign",888.3449999999999,888.385,"s"
"PhonAlign",888.385,888.435,"e"
"PhonAlign",888.435,890.0849999999999,"U~/"
"PhonAlign",890.0849999999999,890.4549999999999,"s"
"PhonAlign",890.4549999999999,890.555,"y"
"PhonAlign",890.555,890.915,"Z"
"PhonAlign",890.915,891.2049999999999,"e"
"PhonAlign",891.2049999999999,891.2349999999999,"k"
"PhonAlign",891.2349999999999,891.265,"p"
"PhonAlign",891.265,892.1149999999999,"2"
"PhonAlign",892.1149999999999,892.375,"t"
"PhonAlign",892.375,892.4549999999999,"U~/"
"PhonAlign",892.4549999999999,892.5749999999999,"t"
"PhonAlign",892.5749999999999,892.645,"e"
"PhonAlign",892.645,892.675,"R"
"PhonAlign",892.675,892.755,"e"
"PhonAlign",892.755,892.9549999999999,"s"
"PhonAlign",892.9549999999999,893.255,"e"
"PhonAlign",893.255,893.405,"p"
"PhonAlign",893.405,893.4849999999999,"A/"
"PhonAlign",893.4849999999999,893.535,"m"
"PhonAlign",893.535,893.6149999999999,"A/"
"PhonAlign",893.6149999999999,893.645,"l"
"PhonAlign",893.645,893.7449999999999,"d"
"PhonAlign",893.7449999999999,893.895,"m"
"PhonAlign",893.895,894.125,"O~"
"PhonAlign",894.125,894.175,"d"
"PhonAlign",894.175,894.2149999999999,"@"
"PhonAlign",894.2149999999999,894.305,"p"
"PhonAlign",894.305,894.3549999999999,"A/"
"PhonAlign",894.3549999999999,894.4549999999999,"s"
"PhonAlign",894.4549999999999,894.5849999999999,"k"
"PhonAlign",894.5849999999999,894.675,"@"
"PhonAlign",894.675,894.7049999999999,"l"
"PhonAlign",894.7049999999999,894.765,"A/"
"PhonAlign",894.765,894.795,"v"
"PhonAlign",894.795,894.915,"a~"
"PhonAlign",894.915,895.0849999999999,"t"
"PhonAlign",895.0849999999999,895.135,"y"
"PhonAlign",895.135,895.2349999999999,"R"
"PhonAlign",895.2349999999999,895.3149999999999,"@"
"PhonAlign",895.3149999999999,895.425,"s"
"PhonAlign",895.425,895.4549999999999,"A/"
"PhonAlign",895.4549999999999,895.5649999999999,"f"
"PhonAlign",895.5649999999999,895.635,"e"
"PhonAlign",895.635,895.665,"R"
"PhonAlign",895.665,895.765,"E"
"PhonAlign",895.765,895.8449999999999,"v"
"PhonAlign",895.8449999999999,895.9849999999999,"e"
"PhonAlign",895.9849999999999,896.1949999999999,"R"
"PhonAlign",896.1949999999999,896.255,"a~"
"PhonAlign",896.255,896.405,"f"
"PhonAlign",896.405,896.4949999999999,"E"
"PhonAlign",896.4949999999999,896.655,"t"
"PhonAlign",896.655,897.24,"U~/"
"PhonAlign",897.24,898.14,"#"
"PhonAlign",898.14,898.29,"s"
"PhonAlign",898.29,898.34,"A/"
"PhonAlign",898.34,898.46,"p"
"PhonAlign",898.46,898.52,"E"
"PhonAlign",898.52,898.58,"R"
"PhonAlign",898.58,898.66,"m"
"PhonAlign",898.66,898.8,"e"
"PhonAlign",898.8,898.83,"U~/"
"PhonAlign",898.83,898.87,"p"
"PhonAlign",898.87,899.05,"t"
"PhonAlign",899.05,899.11,"i"
"PhonAlign",899.11,899.18,"p"
"PhonAlign",899.18,899.26,"2"
"PhonAlign",899.26,899.29,"d"
"PhonAlign",899.29,899.43,"s"
"PhonAlign",899.43,899.47,"E"
"PhonAlign",899.47,899.5,"v"
"PhonAlign",899.5,899.62,"A/"
"PhonAlign",899.62,899.71,"d"
"PhonAlign",899.71,899.97,"e"
"PhonAlign",899.97,900.02,"d"
"PhonAlign",900.02,900.05,"@"
"PhonAlign",900.05,900.16,"s"
"PhonAlign",900.16,900.1999999999999,"O/"
"PhonAlign",900.1999999999999,900.23,"R"
"PhonAlign",900.23,900.47,"t"
"PhonAlign",900.47,900.56,"i"
"PhonAlign",900.56,900.62,"R"
"PhonAlign",900.62,902.21,"fp"
"PhonAlign",902.21,902.29,"#"
"PhonAlign",902.29,902.39,"d"
"PhonAlign",902.39,902.43,"e"
"PhonAlign",902.43,902.5,"p"
"PhonAlign",902.5,902.58,"R"
"PhonAlign",902.58,902.61,"O/"
"PhonAlign",902.61,902.68,"b"
"PhonAlign",902.68,902.71,"l"
"PhonAlign",902.71,902.78,"E"
"PhonAlign",902.78,902.91,"m"
"PhonAlign",902.91,903.01,"k"
"PhonAlign",903.01,903.09,"O/"
"PhonAlign",903.09,903.18,"t"
"PhonAlign",903.18,903.26,"i"
"PhonAlign",903.26,903.31,"d"
"PhonAlign",903.31,903.43,"j"
"PhonAlign",903.43,903.52,"U~/"
"PhonAlign",903.52,903.59,"k"
"PhonAlign",903.59,903.64,"E"
"PhonAlign",903.64,903.67,"l"
"PhonAlign",903.67,903.77,"O~"
"PhonAlign",903.77,903.83,"p"
"PhonAlign",903.83,903.86,"@"
"PhonAlign",903.86,903.9,"p"
"PhonAlign",903.9,903.93,"@"
"PhonAlign",903.93,904.07,"A/"
"PhonAlign",904.07,904.14,"v"
"PhonAlign",904.14,904.29,"w"
"PhonAlign",904.29,904.43,"A/"
"PhonAlign",904.43,904.54,"R"
"PhonAlign",904.54,904.94,"fp"
"PhonAlign",904.94,904.97,"d"
"PhonAlign",904.97,905.0,"a~"
"PhonAlign",905.0,905.03,"z"
"PhonAlign",905.03,905.06,"l"
"PhonAlign",905.06,905.09,"A/"
"PhonAlign",905.09,905.16,"v"
"PhonAlign",905.16,905.19,"i"
"PhonAlign",905.19,905.28,"k"
"PhonAlign",905.28,905.31,"w"
"PhonAlign",905.31,905.367503,"A/"
"PhonAlign",905.367503,905.92,"#"
"PhonAlign",905.92,906.585,"noise"
"PhonAlign",906.585,906.7,"#"
"PhonAlign",906.7,908.405,"fp"
"PhonAlign",908.405,908.7,"#"
"PhonAlign",908.7,908.9,"s"
"PhonAlign",908.9,909.01,"e"
"PhonAlign",909.01,909.04,"l"
"PhonAlign",909.04,909.1,"A/"
"PhonAlign",909.1,909.14,"v"
"PhonAlign",909.14,909.26,"a~"
"PhonAlign",909.26,909.45,"t"
"PhonAlign",909.45,909.6,"y"
"PhonAlign",909.6,909.69,"R"
"PhonAlign",909.69,910.02,"fp"
"PhonAlign",910.02,910.15,"s"
"PhonAlign",910.15,910.18,"A/"
"PhonAlign",910.18,910.29,"p"
"PhonAlign",910.29,910.32,"@"
"PhonAlign",910.32,910.39,"R"
"PhonAlign",910.39,910.43,"2"
"PhonAlign",910.43,910.53,"p"
"PhonAlign",910.53,910.57,"R"
"PhonAlign",910.57,910.61,"E"
"PhonAlign",910.61,910.67,"z"
"PhonAlign",910.67,910.79,"a~"
"PhonAlign",910.79,910.93,"t"
"PhonAlign",910.93,911.1,"e"
"PhonAlign",911.1,911.51,"fp"
"PhonAlign",911.51,911.61,"p"
"PhonAlign",911.61,911.64,"l"
"PhonAlign",911.64,911.69,"y"
"PhonAlign",911.69,911.81,"z"
"PhonAlign",911.81,911.91,"j"
"PhonAlign",911.91,912.04,"9"
"PhonAlign",912.04,912.12,"R"
"PhonAlign",912.12,912.51,"fp"
"PhonAlign",912.51,912.56,"d"
"PhonAlign",912.56,912.64,"O/"
"PhonAlign",912.64,912.69,"m"
"PhonAlign",912.69,912.89,"E"
"PhonAlign",912.89,912.95,"n"
"PhonAlign",912.95,913.04,"a~"
"PhonAlign",913.04,913.18,"f"
"PhonAlign",913.18,913.28,"E"
"PhonAlign",913.28,913.44,"t"
"PhonAlign",913.44,913.73,"U~/"
"PhonAlign",913.73,914.07,"fp"
"PhonAlign",914.07,914.16,"#"
"PhonAlign",914.16,914.73,"noise"
"PhonAlign",914.73,914.825,"#"
"PhonAlign",914.825,915.93,"fp"
"PhonAlign",915.93,917.96,"#"
"PhonAlign",917.96,918.03,"k"
"PhonAlign",918.03,918.06,"O/"
"PhonAlign",918.06,918.09,"m"
"PhonAlign",918.09,918.18,"a~"
"PhonAlign",918.18,918.31,"t"
"PhonAlign",918.31,918.34,"d"
"PhonAlign",918.34,918.4,"i"
"PhonAlign",918.4,918.51,"R"
"PhonAlign",918.51,919.82,"fp"
"PhonAlign",919.82,920.415,"#"
"PhonAlign",920.415,920.605,"l"
"PhonAlign",920.605,920.655,"A/"
"PhonAlign",920.655,920.695,"v"
"PhonAlign",920.695,920.785,"a~"
"PhonAlign",920.785,920.925,"t"
"PhonAlign",920.925,921.005,"y"
"PhonAlign",921.005,921.065,"R"
"PhonAlign",921.065,921.165,"@"
"PhonAlign",921.165,921.225,"s"
"PhonAlign",921.225,921.885,"f"
"PhonAlign",921.885,921.945,"E"
"PhonAlign",921.945,921.975,"R"
"PhonAlign",921.975,922.065,"E"
"PhonAlign",922.065,922.135,"v"
"PhonAlign",922.135,922.225,"e"
"PhonAlign",922.225,922.275,"k"
"PhonAlign",922.275,922.305,"w"
"PhonAlign",922.305,922.345,"A/"
"PhonAlign",922.345,922.425,"a~"
"PhonAlign",922.425,922.485,"n"
"PhonAlign",922.485,922.585,"f"
"PhonAlign",922.585,922.645,"E"
"PhonAlign",922.645,922.735,"t"
"PhonAlign",922.735,922.765,"a~"
"PhonAlign",922.765,922.825,"n"
"PhonAlign",922.825,923.005,"k"
"PhonAlign",923.005,923.035,"E"
"PhonAlign",923.035,923.065,"l"
"PhonAlign",923.065,923.095,"k"
"PhonAlign",923.095,923.175,"s"
"PhonAlign",923.175,923.235,"O/"
"PhonAlign",923.235,923.265,"R"
"PhonAlign",923.265,923.610755,"t"
"PhonAlign",923.610755,924.54,"#"
"PhonAlign",924.54,924.8,"fp"
"PhonAlign",924.8,925.02,"s"
"PhonAlign",925.02,925.18,"e"
"PhonAlign",925.18,925.21,"l"
"PhonAlign",925.21,925.27,"e"
"PhonAlign",925.27,925.32,"v"
"PhonAlign",925.32,925.42,"A/"
"PhonAlign",925.42,925.59,"z"
"PhonAlign",925.59,925.68,"j"
"PhonAlign",925.68,926.22,"O~"
"PhonAlign",926.22,927.17,"fp"
"PhonAlign",927.17,927.66,"#"
"PhonAlign",927.66,927.73,"b"
"PhonAlign",927.73,927.829687,"O/"
"PhonAlign",927.829687,929.32,"#"
"PhonAlign",929.32,929.43,"s"
"PhonAlign",929.43,929.47,"O/"
"PhonAlign",929.47,929.5,"R"
"PhonAlign",929.5,929.6,"t"
"PhonAlign",929.6,929.64,"i"
"PhonAlign",929.64,929.68,"R"
"PhonAlign",929.68,929.71,"d"
"PhonAlign",929.71,929.77,"y"
"PhonAlign",929.77,929.87,"k"
"PhonAlign",929.87,929.91,"O/"
"PhonAlign",929.91,930.0,"t"
"PhonAlign",930.0,930.08,"i"
"PhonAlign",930.08,930.14,"d"
"PhonAlign",930.14,930.23,"j"
"PhonAlign",930.23,930.36,"E"
"PhonAlign",930.36,930.45,"Z"
"PhonAlign",930.45,930.57,"p"
"PhonAlign",930.57,930.67,"a~"
"PhonAlign",930.67,930.93,"s"
"PhonAlign",930.93,933.29,"#"
"PhonAlign",933.29,933.5,"s"
"PhonAlign",933.5,933.63,"e"
"PhonAlign",933.63,933.921563,"fp"
"PhonAlign",933.921563,946.307812,"#"
"PhonAlign",946.307812,946.615,"m"
"PhonAlign",946.615,947.485,"#"
"PhonAlign",947.485,947.525,"m"
"PhonAlign",947.525,947.585,"w"
"PhonAlign",947.585,947.615,"A/"
"PhonAlign",947.615,947.705,"S"
"PhonAlign",947.705,947.835,"p"
"PhonAlign",947.835,947.945,"a~"
"PhonAlign",947.945,948.065,"s"
"PhonAlign",948.065,948.115,"@"
"PhonAlign",948.115,949.345,"fp"
"PhonAlign",949.345,949.385,"#"
"PhonAlign",949.385,949.445,"l"
"PhonAlign",949.445,949.545,"e"
"PhonAlign",949.545,949.645,"f"
"PhonAlign",949.645,949.675,"i"
"PhonAlign",949.675,949.705,"l"
"PhonAlign",949.705,949.735,"m"
"PhonAlign",949.735,949.765,"d"
"PhonAlign",949.765,949.955,"A/"
"PhonAlign",949.955,950.005,"v"
"PhonAlign",950.005,950.215,"a~"
"PhonAlign",950.215,950.365,"t"
"PhonAlign",950.365,950.415,"y"
"PhonAlign",950.415,950.475,"R"
"PhonAlign",950.475,950.605,"k"
"PhonAlign",950.605,950.685,"i"
"PhonAlign",950.685,950.735,"m"
"PhonAlign",950.735,950.895,"O~"
"PhonAlign",950.895,950.925,"l"
"PhonAlign",950.925,950.955,"@"
"PhonAlign",950.955,951.015,"p"
"PhonAlign",951.015,951.045,"l"
"PhonAlign",951.045,951.075,"y"
"PhonAlign",951.075,951.155,"s"
"PhonAlign",951.155,951.185,"m"
"PhonAlign",951.185,951.255,"A/"
"PhonAlign",951.255,951.305,"R"
"PhonAlign",951.305,951.415,"k"
"PhonAlign",951.415,951.605,"e"
"PhonAlign",951.605,951.745,"s"
"PhonAlign",951.745,951.825,"e"
"PhonAlign",951.825,951.985,"s"
"PhonAlign",951.985,952.055,"O~"
"PhonAlign",952.055,952.085,"l"
"PhonAlign",952.085,952.165,"e"
"PhonAlign",952.165,952.335,"f"
"PhonAlign",952.335,952.415,"i"
"PhonAlign",952.415,952.445,"l"
"PhonAlign",952.445,952.495,"m"
"PhonAlign",952.495,953.065,"fp"
"PhonAlign",953.065,953.095,"#"
"PhonAlign",953.095,953.185,"k"
"PhonAlign",953.185,953.265,"i"
"PhonAlign",953.265,953.315,"O~"
"PhonAlign",953.315,953.445,"t"
"PhonAlign",953.445,953.535,"e"
"PhonAlign",953.535,953.615,"t"
"PhonAlign",953.615,953.675,"e"
"PhonAlign",953.675,953.765,"Z"
"PhonAlign",953.765,953.955,"u"
"PhonAlign",953.955,954.205,"e"
"PhonAlign",954.205,954.395,"fp"
"PhonAlign",954.395,954.525,"k"
"PhonAlign",954.525,954.555,"O/"
"PhonAlign",954.555,954.665,"m"
"PhonAlign",954.665,954.785,"p"
"PhonAlign",954.785,954.815,"u"
"PhonAlign",954.815,954.845,"R"
"PhonAlign",954.845,954.895,"A/"
"PhonAlign",954.895,955.005,"k"
"PhonAlign",955.005,955.155,"t"
"PhonAlign",955.155,955.305,"9"
"PhonAlign",955.305,955.465,"R"
"PhonAlign",955.465,955.535,"Z"
"PhonAlign",955.535,955.625,"a~"
"PhonAlign",955.625,955.715,"p"
"PhonAlign",955.715,955.785,"O/"
"PhonAlign",955.785,955.885,"l"
"PhonAlign",955.885,956.125,"b"
"PhonAlign",956.125,956.215,"E"
"PhonAlign",956.215,956.245,"l"
"PhonAlign",956.245,956.295,"m"
"PhonAlign",956.295,956.395,"O~"
"PhonAlign",956.395,956.495,"d"
"PhonAlign",956.495,956.725,"O/"
"PhonAlign",956.725,956.895,"U~/"
"PhonAlign",956.895,957.225,"e"
"PhonAlign",957.225,957.365,"S"
"PhonAlign",957.365,957.415,"A/"
"PhonAlign",957.415,957.535,"k"
"PhonAlign",957.535,957.695,"f"
"PhonAlign",957.695,957.825,"w"
"PhonAlign",957.825,957.945,"A/"
"PhonAlign",957.945,958.865,"#"
"PhonAlign",958.865,959.545,"fp"
"PhonAlign",959.545,959.625,"b"
"PhonAlign",959.625,959.865,"O~"
"PhonAlign",959.865,960.584062,"fp"
"PhonAlign",960.584062,961.945,"#"
"PhonAlign",961.945,961.995,"l"
"PhonAlign",961.995,962.085,"e"
"PhonAlign",962.085,962.275,"Z"
"PhonAlign",962.275,962.355,"a~"
"PhonAlign",962.355,962.415,"k"
"PhonAlign",962.415,962.505,"s"
"PhonAlign",962.505,962.585,"O~"
"PhonAlign",962.585,962.675,"f"
"PhonAlign",962.675,962.735,"R"
"PhonAlign",962.735,962.825,"i"
"PhonAlign",962.825,962.875,"j"
"PhonAlign",962.875,962.985,"a~"
"PhonAlign",962.985,963.025,"d"
"PhonAlign",963.025,963.055,"@"
"PhonAlign",963.055,963.185,"s"
"PhonAlign",963.185,963.215,"@"
"PhonAlign",963.215,963.295,"Z"
"PhonAlign",963.295,963.495,"a~"
"PhonAlign",963.495,963.555,"R"
"PhonAlign",963.555,963.855,"@"
"PhonAlign",963.855,964.11,"t"
"PhonAlign",964.11,964.315,"#"
"PhonAlign",964.315,964.435,"s"
"PhonAlign",964.435,964.465,"y"
"PhonAlign",964.465,964.645,"Z"
"PhonAlign",964.645,964.905,"e"
"PhonAlign",964.905,965.285,"fp"
"PhonAlign",965.285,965.325,"n"
"PhonAlign",965.325,965.365,"@"
"PhonAlign",965.365,965.405,"m"
"PhonAlign",965.405,965.495,"a~"
"PhonAlign",965.495,965.565,"k"
"PhonAlign",965.565,965.595,"E"
"PhonAlign",965.595,965.625,"p"
"PhonAlign",965.625,965.655,"A/"
"PhonAlign",965.655,965.685,"n"
"PhonAlign",965.685,965.765,"a~"
"PhonAlign",965.765,965.815,"m"
"PhonAlign",965.815,965.845,"a~"
"PhonAlign",965.845,965.925,"k"
"PhonAlign",965.925,965.975,"A/"
"PhonAlign",965.975,966.325,"t"
"PhonAlign",966.325,966.365,"i"
"PhonAlign",966.365,966.435,"p"
"PhonAlign",966.435,966.675,"A/"
"PhonAlign",966.675,966.775,"z"
"PhonAlign",966.775,966.81,"U~/"
"PhonAlign",966.81,967.645,"#"
"PhonAlign",967.645,967.935,"U~/"
"PhonAlign",967.935,968.495,"e"
"PhonAlign",968.495,968.655,"s"
"PhonAlign",968.655,968.695,"e"
"PhonAlign",968.695,968.785,"v"
"PhonAlign",968.785,968.815,"R"
"PhonAlign",968.815,968.885,"E"
"PhonAlign",968.885,968.965,"k"
"PhonAlign",968.965,968.995,"i"
"PhonAlign",968.995,969.025,"E"
"PhonAlign",969.025,969.075,"R"
"PhonAlign",969.075,969.125,"2"
"PhonAlign",969.125,969.185,"p"
"PhonAlign",969.185,969.215,"R"
"PhonAlign",969.215,969.255,"E"
"PhonAlign",969.255,969.305,"z"
"PhonAlign",969.305,969.425,"a~"
"PhonAlign",969.425,969.555,"t"
"PhonAlign",969.555,969.595,"e"
"PhonAlign",969.595,969.635,"i"
"PhonAlign",969.635,969.705,"t"
"PhonAlign",969.705,969.785,"e"
"PhonAlign",969.785,969.855,"v"
"PhonAlign",969.855,969.905,"R"
"PhonAlign",969.905,969.965,"E"
"PhonAlign",969.965,970.025,"m"
"PhonAlign",970.025,970.155,"a~"
"PhonAlign",970.155,970.235,"R"
"PhonAlign",970.235,970.275,"2"
"PhonAlign",970.275,970.345,"p"
"PhonAlign",970.345,970.395,"R"
"PhonAlign",970.395,970.455,"E"
"PhonAlign",970.455,970.515,"z"
"PhonAlign",970.515,970.605,"a~"
"PhonAlign",970.605,970.685,"t"
"PhonAlign",970.685,970.725,"A/"
"PhonAlign",970.725,970.905,"t"
"PhonAlign",970.905,970.975,"i"
"PhonAlign",970.975,971.155,"f"
"PhonAlign",971.155,971.185,"d"
"PhonAlign",971.185,971.94,"@"
"PhonAlign",971.94,972.28,"#"
"PhonAlign",972.28,972.37,"l"
"PhonAlign",972.37,972.43,"@"
"PhonAlign",972.43,972.55,"e"
"PhonAlign",972.55,972.7,"R"
"PhonAlign",972.7,973.13,"O/"
"PhonAlign",973.13,973.28,"f"
"PhonAlign",973.28,973.38,"E"
"PhonAlign",973.38,973.52,"t"
"PhonAlign",973.52,973.62,"d"
"PhonAlign",973.62,973.65,"s"
"PhonAlign",973.65,973.68,"e"
"PhonAlign",973.68,974.19,"2"
"PhonAlign",974.19,974.4,"Z"
"PhonAlign",974.4,974.46,"a~"
"PhonAlign",974.46,974.49,"R"
"PhonAlign",974.49,974.52,"d"
"PhonAlign",974.52,974.56,"@"
"PhonAlign",974.56,974.66,"f"
"PhonAlign",974.66,974.7,"i"
"PhonAlign",974.7,974.73,"l"
"PhonAlign",974.73,974.79,"m"
"PhonAlign",974.79,974.910938,"@"
"PhonAlign",974.910938,985.245,"#"
"PhonAlign",985.245,985.345,"u"
"PhonAlign",985.345,985.475,"i"
"PhonAlign",985.475,985.515,"i"
"PhonAlign",985.515,985.665,"e"
"PhonAlign",985.665,985.705,"v"
"PhonAlign",985.705,985.735,"R"
"PhonAlign",985.735,985.765,"E"
"PhonAlign",985.765,985.845,"m"
"PhonAlign",985.845,985.885,"a~"
"PhonAlign",985.885,986.115,"A/"
"PhonAlign",986.115,986.225,"s"
"PhonAlign",986.225,986.305,"O/"
"PhonAlign",986.305,986.495,"s"
"PhonAlign",986.495,986.545,"j"
"PhonAlign",986.545,986.665,"e"
"PhonAlign",986.665,986.775,"A/"
"PhonAlign",986.775,986.905,"s"
"PhonAlign",986.905,987.015,"A/"
"PhonAlign",987.015,987.045,"v"
"PhonAlign",987.045,987.085,"w"
"PhonAlign",987.085,987.125,"A/"
"PhonAlign",987.125,987.155,"l"
"PhonAlign",987.155,987.305,"A/"
"PhonAlign",987.305,987.385,"E"
"PhonAlign",987.385,987.455,"g"
"PhonAlign",987.455,987.515,"z"
"PhonAlign",987.515,987.555,"A/"
"PhonAlign",987.555,987.615,"k"
"PhonAlign",987.615,987.665,"t"
"PhonAlign",987.665,987.725,"2"
"PhonAlign",987.725,987.775,"m"
"PhonAlign",987.775,987.935,"a~"
"PhonAlign",987.935,988.005,"w"
"PhonAlign",988.005,988.035,"i"
"PhonAlign",988.035,988.065,"u"
"PhonAlign",988.065,988.259063,"i"
"PhonAlign",988.259063,996.907307,"#"
"PhonAlign",996.907307,997.127307,"s"
"PhonAlign",997.127307,997.177307,"E"
"PhonAlign",997.177307,997.447307,"k"
"PhonAlign",997.447307,997.577307,"k"
"PhonAlign",997.577307,998.037307,"s"
"PhonAlign",998.037307,998.117307,"e"
"PhonAlign",998.117307,998.197307,"p"
"PhonAlign",998.197307,998.287307,"O/"
"PhonAlign",998.287307,998.387307,"s"
"PhonAlign",998.387307,998.467307,"i"
"PhonAlign",998.467307,998.497307,"b"
"PhonAlign",998.497307,998.527307,"l"
"PhonAlign",998.527307,998.627307,"u"
"PhonAlign",998.627307,998.687307,"i"
"PhonAlign",998.687307,998.797307,"s"
"PhonAlign",998.797307,998.867307,"e"
"PhonAlign",998.867307,998.927307,"v"
"PhonAlign",998.927307,999.017307,"R"
"PhonAlign",999.017307,999.235,"e"
"PhonAlign",999.235,1006.821563,"#"
"PhonAlign",1006.821563,1006.941563,"b"
"PhonAlign",1006.941563,1007.171563,"E"
"PhonAlign",1007.171563,1007.251563,"u"
"PhonAlign",1007.251563,1007.521563,"i"
"PhonAlign",1007.521563,1007.911563,"fp"
"PhonAlign",1007.911563,1008.051563,"s"
"PhonAlign",1008.051563,1008.131563,"A/"
"PhonAlign",1008.131563,1008.251563,"s"
"PhonAlign",1008.251563,1008.331563,"e"
"PhonAlign",1008.331563,1008.391563,"v"
"PhonAlign",1008.391563,1008.421563,"R"
"PhonAlign",1008.421563,1008.501563,"E"
"PhonAlign",1008.501563,1008.611563,"s"
"PhonAlign",1008.611563,1008.671563,"A/"
"PhonAlign",1008.671563,1008.711563,"d"
"PhonAlign",1008.711563,1008.771563,"e"
"PhonAlign",1008.771563,1008.871563,"p"
"PhonAlign",1008.871563,1008.951563,"a~"
"PhonAlign",1008.951563,1009.011563,"d"
"PhonAlign",1009.011563,1009.151563,"e"
"PhonAlign",1009.151563,1009.191563,"d"
"PhonAlign",1009.191563,1009.321563,"e"
"PhonAlign",1009.321563,1009.361563,"d"
"PhonAlign",1009.361563,1009.431563,"e"
"PhonAlign",1009.431563,1009.511563,"p"
"PhonAlign",1009.511563,1009.571563,"E"
"PhonAlign",1009.571563,1009.601563,"R"
"PhonAlign",1009.601563,1009.741563,"s"
"PhonAlign",1009.741563,1009.881563,"O/"
"PhonAlign",1009.881563,1009.941563,"n"
"PhonAlign",1009.941563,1010.011563,"z"
"PhonAlign",1010.011563,1010.501563,"#"
"PhonAlign",1010.501563,1010.551563,"i"
"PhonAlign",1010.551563,1010.581563,"j"
"PhonAlign",1010.581563,1010.611563,"A/"
"PhonAlign",1010.611563,1010.661563,"O/"
"PhonAlign",1010.661563,1010.791563,"s"
"PhonAlign",1010.791563,1010.851563,"i"
"PhonAlign",1010.851563,1010.931563,"d"
"PhonAlign",1010.931563,1011.011563,"O/"
"PhonAlign",1011.011563,1011.101563,"t"
"PhonAlign",1011.101563,1011.151563,"R"
"PhonAlign",1011.151563,1011.611563,"2"
"PhonAlign",1011.611563,1011.651563,"z"
"PhonAlign",1011.651563,1011.771563,"fp"
"PhonAlign",1011.771563,1011.841563,"S"
"PhonAlign",1011.841563,1012.051563,"p"
"PhonAlign",1012.051563,1012.151563,"A/"
"PhonAlign",1012.151563,1012.191563,"R"
"PhonAlign",1012.191563,1012.221563,"l"
"PhonAlign",1012.221563,1012.271563,"@"
"PhonAlign",1012.271563,1012.331563,"d"
"PhonAlign",1012.331563,1012.451563,"@"
"PhonAlign",1012.451563,1012.511563,"Z"
"PhonAlign",1012.511563,1012.561563,"a~"
"PhonAlign",1012.561563,1012.651563,"p"
"PhonAlign",1012.651563,1012.701563,"O/"
"PhonAlign",1012.701563,1012.731563,"l"
"PhonAlign",1012.731563,1012.761563,"b"
"PhonAlign",1012.761563,1012.831563,"E"
"PhonAlign",1012.831563,1012.861563,"l"
"PhonAlign",1012.861563,1012.911563,"m"
"PhonAlign",1012.911563,1013.021563,"O~"
"PhonAlign",1013.021563,1013.101563,"d"
"PhonAlign",1013.101563,1013.231563,"O/"
"PhonAlign",1013.231563,1013.291563,"m"
"PhonAlign",1013.291563,1013.391563,"e"
"PhonAlign",1013.391563,1013.481563,"S"
"PhonAlign",1013.481563,1013.561563,"p"
"PhonAlign",1013.561563,1013.641563,"A/"
"PhonAlign",1013.641563,1013.671563,"R"
"PhonAlign",1013.671563,1013.701563,"l"
"PhonAlign",1013.701563,1013.761563,"d"
"PhonAlign",1013.761563,1013.811563,"e"
"PhonAlign",1013.811563,1013.941563,"f"
"PhonAlign",1013.941563,1014.031563,"i"
"PhonAlign",1014.031563,1014.071563,"l"
"PhonAlign",1014.071563,1014.101563,"m"
"PhonAlign",1014.101563,1014.231563,"k"
"PhonAlign",1014.231563,1014.311563,"O/"
"PhonAlign",1014.311563,1014.371563,"m"
"PhonAlign",1014.371563,1014.591563,"@"
"PhonAlign",1014.591563,1014.621563,"l"
"PhonAlign",1014.621563,1014.731563,"e"
"PhonAlign",1014.731563,1014.771563,"d"
"PhonAlign",1014.771563,1014.801563,"Z"
"PhonAlign",1014.801563,1014.891563,"e"
"PhonAlign",1014.891563,1014.941563,"m"
"PhonAlign",1014.941563,1015.041563,"s"
"PhonAlign",1015.041563,1015.371563,"b"
"PhonAlign",1015.371563,1015.75,"O~"
"PhonAlign",1015.75,1016.04,"#"
"PhonAlign",1016.04,1016.85,"laugh"
"PhonAlign",1016.85,1016.95,"e"
"PhonAlign",1016.95,1017.0,"l"
"PhonAlign",1017.0,1017.7,"A/"
"PhonAlign",1017.7,1018.06,"s"
"PhonAlign",1018.06,1018.15,"e"
"PhonAlign",1018.15,1018.33,"d"
"PhonAlign",1018.33,1018.37,"i"
"PhonAlign",1018.37,1018.49,"f"
"PhonAlign",1018.49,1018.55,"E"
"PhonAlign",1018.55,1018.6,"R"
"PhonAlign",1018.6,1018.9,"a~"
"PhonAlign",1018.9,1018.97,"t"
"PhonAlign",1018.97,1019.0,"Z"
"PhonAlign",1019.0,1019.07,"E"
"PhonAlign",1019.07,1019.11,"m"
"PhonAlign",1019.11,1019.23,"s"
"PhonAlign",1019.23,1019.28,"b"
"PhonAlign",1019.28,1019.49,"O~"
"PhonAlign",1019.49,1020.15776,"U~/"
"PhonAlign",1020.15776,1020.78,"#"
"PhonAlign",1020.78,1020.98,"m"
"PhonAlign",1020.98,1021.21,"e"
"PhonAlign",1021.21,1021.505,"z"
"PhonAlign",1021.505,1021.99,"#"
"PhonAlign",1021.99,1022.03,"v"
"PhonAlign",1022.03,1022.13,"w"
"PhonAlign",1022.13,1022.18,"A/"
"PhonAlign",1022.18,1022.38,"l"
"PhonAlign",1022.38,1022.42,"A/"
"PhonAlign",1022.42,1023.67,"#"
"PhonAlign",1023.67,1023.81,"e"
"PhonAlign",1023.81,1023.91,"a~"
"PhonAlign",1023.91,1023.99,"f"
"PhonAlign",1023.99,1024.05,"E"
"PhonAlign",1024.05,1024.14,"t"
"PhonAlign",1024.14,1024.18,"i"
"PhonAlign",1024.18,1024.27,"z"
"PhonAlign",1024.27,1024.36,"O~"
"PhonAlign",1024.36,1024.5,"t"
"PhonAlign",1024.5,1024.53,"u"
"PhonAlign",1024.53,1024.61,"s"
"PhonAlign",1024.61,1024.65,"e"
"PhonAlign",1024.65,1024.72,"t"
"PhonAlign",1024.72,1024.77,"e"
"PhonAlign",1024.77,1024.83,"b"
"PhonAlign",1024.83,1024.95,"O~"
"PhonAlign",1024.95,1025.02,"f"
"PhonAlign",1025.02,1025.08,"i"
"PhonAlign",1025.08,1025.12,"n"
"PhonAlign",1025.12,1025.18,"A/"
"PhonAlign",1025.18,1025.21,"l"
"PhonAlign",1025.21,1025.29,"m"
"PhonAlign",1025.29,1025.43,"a~"
"PhonAlign",1025.43,1025.46,"d"
"PhonAlign",1025.46,1025.49,"a~"
"PhonAlign",1025.49,1025.52,"l"
"PhonAlign",1025.52,1025.8,"9"
"PhonAlign",1025.8,1025.99,"R"
"PhonAlign",1025.99,1026.22,"R"
"PhonAlign",1026.22,1026.37,"O/"
"PhonAlign",1026.37,1026.44,"l"
"PhonAlign",1026.44,1026.54,"U~/"
"PhonAlign",1026.54,1026.59,"d"
"PhonAlign",1026.59,1026.64,"a~"
"PhonAlign",1026.64,1026.67,"l"
"PhonAlign",1026.67,1026.7,"9"
"PhonAlign",1026.7,1026.75,"R"
"PhonAlign",1026.75,1026.82,"p"
"PhonAlign",1026.82,1026.86,"R"
"PhonAlign",1026.86,1026.89,"O/"
"PhonAlign",1026.89,1026.99,"p"
"PhonAlign",1026.99,1027.1,"R"
"PhonAlign",1027.1,1027.25,"O/"
"PhonAlign",1027.25,1027.35,"l"
"PhonAlign",1027.35,1027.53,"@"
"PhonAlign",1027.53,1028.080858,"#"
"PhonAlign",1028.080858,1028.130858,"d"
"PhonAlign",1028.130858,1028.280858,"O~"
"PhonAlign",1028.280858,1028.440858,"k"
"PhonAlign",1028.440858,1029.48,"fp"
"PhonAlign",1029.48,1030.24,"#"
"PhonAlign",1030.24,1030.28,"b"
"PhonAlign",1030.28,1030.37,"O/"
"PhonAlign",1030.37,1030.57,"s"
"PhonAlign",1030.57,1030.67,"e"
"PhonAlign",1030.67,1030.7,"U~/"
"PhonAlign",1030.7,1030.82,"t"
"PhonAlign",1030.82,1030.94,"E"
"PhonAlign",1030.94,1030.99,"m"
"PhonAlign",1030.99,1031.05,"@"
"PhonAlign",1031.05,1031.16,"k"
"PhonAlign",1031.16,1031.23,"a~"
"PhonAlign",1031.23,1031.27,"n"
"PhonAlign",1031.27,1031.64,"f"
"PhonAlign",1031.64,1032.76,"E"
"PhonAlign",1032.76,1033.087516,"t"
"PhonAlign",1033.087516,1034.346319,"#"
"PhonAlign",1034.346319,1034.446319,"k"
"PhonAlign",1034.446319,1034.496319,"i"
"PhonAlign",1034.496319,1034.846319,"p"
"PhonAlign",1034.846319,1034.966319,"@"
"PhonAlign",1034.966319,1034.996319,"U~/"
"PhonAlign",1034.996319,1035.056319,"t"
"PhonAlign",1035.056319,1035.106319,"e"
"PhonAlign",1035.106319,1035.136319,"R"
"PhonAlign",1035.136319,1035.196319,"e"
"PhonAlign",1035.196319,1035.306319,"s"
"PhonAlign",1035.306319,1035.346319,"e"
"PhonAlign",1035.346319,1035.426319,"p"
"PhonAlign",1035.426319,1035.476319,"A/"
"PhonAlign",1035.476319,1035.516319,"m"
"PhonAlign",1035.516319,1035.566319,"A/"
"PhonAlign",1035.566319,1035.596319,"l"
"PhonAlign",1035.596319,1035.656319,"d"
"PhonAlign",1035.656319,1035.746319,"m"
"PhonAlign",1035.746319,1035.876319,"O~"
"PhonAlign",1035.876319,1035.956319,"d"
"PhonAlign",1035.956319,1036.145,"@"
"PhonAlign",1036.145,1036.225,"#"
"PhonAlign",1036.225,1036.3049999999998,"k"
"PhonAlign",1036.3049999999998,1036.703713,"i"
"PhonAlign",1036.703713,1041.64,"#"
"PhonAlign",1041.64,1041.8300000000002,"U~/"
"PhonAlign",1041.8300000000002,1041.93,"d"
"PhonAlign",1041.93,1042.01,"e"
"PhonAlign",1042.01,1042.0500000000002,"m"
"PhonAlign",1042.0500000000002,1042.15,"O/"
"PhonAlign",1042.15,1042.23,"d"
"PhonAlign",1042.23,1042.48,"A/"
"PhonAlign",1042.48,1042.51,"b"
"PhonAlign",1042.51,1042.5500000000002,"l"
"PhonAlign",1042.5500000000002,1042.6,"@"
"PhonAlign",1042.6,1042.71,"u"
"PhonAlign",1042.71,1042.87,"i"
"PhonAlign",1042.87,1042.9,"E"
"PhonAlign",1042.9,1042.93,"g"
"PhonAlign",1042.93,1042.96,"z"
"PhonAlign",1042.96,1043.14,"A/"
"PhonAlign",1043.14,1043.37,"k"
"PhonAlign",1043.37,1043.67,"t"
"PhonAlign",1043.67,1043.71,"2"
"PhonAlign",1043.71,1043.7800000000002,"m"
"PhonAlign",1043.7800000000002,1043.96,"a~"
"PhonAlign",1043.96,1044.035,"t"
"PhonAlign",1044.035,1045.335,"#"
"PhonAlign",1045.335,1045.375,"s"
"PhonAlign",1045.375,1045.435,"e"
"PhonAlign",1045.435,1045.495,"v"
"PhonAlign",1045.495,1045.555,"R"
"PhonAlign",1045.555,1045.634063,"e"
"PhonAlign",1045.634063,1047.186563,"#"
"PhonAlign",1047.186563,1047.226563,"A/"
"PhonAlign",1047.226563,1047.296563,"l"
"PhonAlign",1047.296563,1047.436563,"E"
"PhonAlign",1047.436563,1047.546563,"p"
"PhonAlign",1047.546563,1047.856563,"O/"
"PhonAlign",1047.856563,1047.986563,"k"
"PhonAlign",1047.986563,1048.486563,"@"
"PhonAlign",1048.486563,1049.076563,"#"
"PhonAlign",1049.076563,1049.106563,"u"
"PhonAlign",1049.106563,1049.32,"i"
"PhonAlign",1049.32,1051.505,"#"
"PhonAlign",1051.505,1051.555,"t"
"PhonAlign",1051.555,1051.605,"u"
"PhonAlign",1051.605,1051.6850000000002,"t"
"PhonAlign",1051.6850000000002,1051.715,"A/"
"PhonAlign",1051.715,1051.765,"f"
"PhonAlign",1051.765,1051.975,"e"
"PhonAlign",1051.975,1052.055,"t"
"PhonAlign",1052.055,1052.085,"u"
"PhonAlign",1052.085,1052.1750000000002,"t"
"PhonAlign",1052.1750000000002,1052.225,"A/"
"PhonAlign",1052.225,1052.345,"f"
"PhonAlign",1052.345,1052.451563,"e"
"PhonAlign",1052.451563,1061.415,"#"
"PhonAlign",1061.415,1061.645,"A/"
"PhonAlign",1061.645,1062.897188,"fp"
"PhonAlign",1062.897188,1068.47,"#"
"PhonAlign",1068.47,1068.61,"n"
"PhonAlign",1068.61,1069.07,"a~"
"PhonAlign",1069.07,1069.13,"p"
"PhonAlign",1069.13,1069.24,"H"
"PhonAlign",1069.24,1069.39,"i"
"PhonAlign",1069.39,1069.545938,"z"
"PhonAlign",1069.545938,1076.34,"#"
"PhonAlign",1076.34,1076.72,"l"
"PhonAlign",1076.72,1076.78,"A/"
"PhonAlign",1076.78,1076.81,"v"
"PhonAlign",1076.81,1076.9399999999998,"a~"
"PhonAlign",1076.9399999999998,1077.1,"t"
"PhonAlign",1077.1,1077.26,"y"
"PhonAlign",1077.26,1077.32,"R"
"PhonAlign",1077.32,1077.5,"@"
"PhonAlign",1077.5,1077.66,"s"
"PhonAlign",1077.66,1077.86,"e"
"PhonAlign",1077.86,1077.9199999999998,"d"
"PhonAlign",1077.9199999999998,1077.9499999999998,"i"
"PhonAlign",1077.9499999999998,1078.05,"f"
"PhonAlign",1078.05,1078.09,"E"
"PhonAlign",1078.09,1078.13,"R"
"PhonAlign",1078.13,1078.28,"a~"
"PhonAlign",1078.28,1078.4499999999998,"d"
"PhonAlign",1078.4499999999998,1078.48,"i"
"PhonAlign",1078.48,1078.78,"f"
"PhonAlign",1078.78,1078.85,"E"
"PhonAlign",1078.85,1078.88,"R"
"PhonAlign",1078.88,1078.9499999999998,"a~"
"PhonAlign",1078.9499999999998,1079.08,"s"
"PhonAlign",1079.08,1079.12,"y"
"PhonAlign",1079.12,1079.2099999999998,"Z"
"PhonAlign",1079.2099999999998,1079.34,"e"
"PhonAlign",1079.34,1079.4299999999998,"k"
"PhonAlign",1079.4299999999998,1079.48,"w"
"PhonAlign",1079.48,1079.51,"A/"
"PhonAlign",1079.51,1079.6,"a~"
"PhonAlign",1079.6,1079.72,"f"
"PhonAlign",1079.72,1079.81,"E"
"PhonAlign",1079.81,1079.9199999999998,"t"
"PhonAlign",1079.9199999999998,1079.97,"U~/"
"PhonAlign",1079.97,1080.01,"l"
"PhonAlign",1080.01,1080.08,"A/"
"PhonAlign",1080.08,1080.12,"v"
"PhonAlign",1080.12,1080.22,"a~"
"PhonAlign",1080.22,1080.39,"t"
"PhonAlign",1080.39,1080.48,"y"
"PhonAlign",1080.48,1080.58,"R"
"PhonAlign",1080.58,1081.395,"@"
"PhonAlign",1081.395,1082.74,"#"
"PhonAlign",1082.74,1082.92,"s"
"PhonAlign",1082.92,1083.332813,"e"
"PhonAlign",1083.332813,1084.84,"#"
"PhonAlign",1084.84,1084.88,"v"
"PhonAlign",1084.88,1085.01,"w"
"PhonAlign",1085.01,1085.07,"A/"
"PhonAlign",1085.07,1085.1,"l"
"PhonAlign",1085.1,1085.22,"A/"
"PhonAlign",1085.22,1085.36,"s"
"PhonAlign",1085.36,1085.4499999999998,"e"
"PhonAlign",1085.4499999999998,1085.48,"l"
"PhonAlign",1085.48,1085.73,"A/"
"PhonAlign",1085.73,1085.77,"R"
"PhonAlign",1085.77,1085.87,"Z"
"PhonAlign",1085.87,1086.325,"@"
"PhonAlign",1086.325,1087.035,"#"
"PhonAlign",1087.035,1087.505,"w"
"PhonAlign",1087.505,1087.865,"i"
"PhonAlign",1087.865,1087.9250000000002,"v"
"PhonAlign",1087.9250000000002,1087.975,"w"
"PhonAlign",1087.975,1088.005,"A/"
"PhonAlign",1088.005,1088.035,"l"
"PhonAlign",1088.035,1088.1650000000002,"A/"
"PhonAlign",1088.1650000000002,1088.315,"s"
"PhonAlign",1088.315,1088.732813,"e"
"PhonAlign",1088.732813,1090.485,"#"
"PhonAlign",1090.485,1090.705,"w"
"PhonAlign",1090.705,1090.8549999999998,"E"
"PhonAlign",1090.8549999999998,1090.895,"w"
"PhonAlign",1090.895,1091.125,"E"
"PhonAlign",1091.125,1091.365,"s"
"PhonAlign",1091.365,1091.5849999999998,"e"
"PhonAlign",1091.5849999999998,1091.8449999999998,"w"
"PhonAlign",1091.8449999999998,1091.975,"i"
"PhonAlign",1091.975,1092.015,"n"
"PhonAlign",1092.015,1092.0749999999998,"O/"
"PhonAlign",1092.0749999999998,1092.125,"m"
"PhonAlign",1092.125,1092.235,"s"
"PhonAlign",1092.235,1092.285,"e"
"PhonAlign",1092.285,1092.3149999999998,"v"
"PhonAlign",1092.3149999999998,1092.3449999999998,"R"
"PhonAlign",1092.3449999999998,1092.535,"E"
"PhonAlign",1092.535,1092.685,"U~/"
"PhonAlign",1092.685,1092.8349999999998,"s"
"PhonAlign",1092.8349999999998,1093.235,"e"
"PhonAlign",1093.235,1093.475,"#"
"PhonAlign",1093.475,1093.715,"s"
"PhonAlign",1093.715,1093.765,"e"
"PhonAlign",1093.765,1093.8449999999998,"t"
"PhonAlign",1093.8449999999998,1093.905,"R"
"PhonAlign",1093.905,1093.975,"e"
"PhonAlign",1093.975,1094.005,"l"
"PhonAlign",1094.005,1094.165,"A/"
"PhonAlign",1094.165,1094.195,"R"
"PhonAlign",1094.195,1094.3049999999998,"Z"
"PhonAlign",1094.3049999999998,1094.385,"@"
"PhonAlign",1094.385,1094.43,"U~/"
"PhonAlign",1094.43,1106.930251,"#"
"PhonAlign",1106.930251,1107.110251,"u"
"PhonAlign",1107.110251,1107.260242,"i"
"PhonAlign",1107.260242,1132.425,"#"
"PhonAlign",1132.425,1132.465,"u"
"PhonAlign",1132.465,1132.495,"i"
"PhonAlign",1132.495,1132.585,"w"
"PhonAlign",1132.585,1132.73,"i"
"PhonAlign",1132.73,1134.751701,"#"
"PhonAlign",1134.751701,1134.981701,"u"
"PhonAlign",1134.981701,1135.118358,"i"
"PhonAlign",1135.118358,1192.705,"#"
"PhonAlign",1192.705,1193.155,"m"
"PhonAlign",1193.155,1196.243438,"#"
"PhonAlign",1196.243438,1196.483438,"O/"
"PhonAlign",1196.483438,1196.523438,"w"
"PhonAlign",1196.523438,1196.713438,"i"
"PhonAlign",1196.713438,1196.743438,"y"
"PhonAlign",1196.743438,1196.793438,"n"
"PhonAlign",1196.793438,1196.823438,"R"
"PhonAlign",1196.823438,1196.963438,"O/"
"PhonAlign",1196.963438,1197.023438,"m"
"PhonAlign",1197.023438,1197.143438,"a~"
"PhonAlign",1197.143438,1197.283438,"s"
"PhonAlign",1197.283438,1197.323438,"@"
"PhonAlign",1197.323438,1197.373438,"w"
"PhonAlign",1197.373438,1197.779063,"i"
"PhonAlign",1197.779063,1203.2862,"#"
"PhonAlign",1203.2862,1203.743946,"m"
"PhonAlign",1203.743946,1204.476341,"#"
"PhonAlign",1204.476341,1205.494827,"m"
"PhonAlign",1205.494827,1206.673524,"#"
"PhonAlign",1206.673524,1207.42,"m"
"PhonAlign",1207.42,1235.703826,"#"
"PhonAlign",1235.703826,1236.143815,"m"
"PhonAlign",1236.143815,1250.06,"#"
"PhonAlign",1250.06,1250.24,"u"
"PhonAlign",1250.24,1250.34,"i"
"PhonAlign",1250.34,1250.41,"m"
"PhonAlign",1250.41,1250.49,"w"
"PhonAlign",1250.49,1250.59,"A/"
"PhonAlign",1250.59,1250.66,"Z"
"PhonAlign",1250.66,1251.58,"@"
"PhonAlign",1251.58,1251.7,"p"
"PhonAlign",1251.7,1251.82,"a~"
"PhonAlign",1251.82,1251.94,"s"
"PhonAlign",1251.94,1252.03,"b"
"PhonAlign",1252.03,1252.1799999999998,"O~"
"PhonAlign",1252.1799999999998,1252.23,"l"
"PhonAlign",1252.23,1252.77,"e"
"PhonAlign",1252.77,1253.03,"f"
"PhonAlign",1253.03,1253.12,"i"
"PhonAlign",1253.12,1253.1699999999998,"l"
"PhonAlign",1253.1699999999998,1253.45,"m"
"PhonAlign",1253.45,1253.58,"i"
"PhonAlign",1253.58,1253.66,"s"
"PhonAlign",1253.66,1253.8,"t"
"PhonAlign",1253.8,1253.94,"O/"
"PhonAlign",1253.94,1253.99,"R"
"PhonAlign",1253.99,1254.12,"i"
"PhonAlign",1254.12,1254.23,"k"
"PhonAlign",1254.23,1254.29,"O/"
"PhonAlign",1254.29,1254.5,"s"
"PhonAlign",1254.5,1254.64,"i"
"PhonAlign",1254.64,1254.74,"k"
"PhonAlign",1254.74,1254.77,"E"
"PhonAlign",1254.77,1254.8,"l"
"PhonAlign",1254.8,1254.89,"k"
"PhonAlign",1254.89,1254.9299999999998,"2"
"PhonAlign",1254.9299999999998,1255.09,"f"
"PhonAlign",1255.09,1255.2,"w"
"PhonAlign",1255.2,1255.75,"A/"
"PhonAlign",1255.75,1255.81,"i"
"PhonAlign",1255.81,1255.84,"A/"
"PhonAlign",1255.84,1255.9199999999998,"y"
"PhonAlign",1255.9199999999998,1255.96,"n"
"PhonAlign",1255.96,1256.04,"p"
"PhonAlign",1256.04,1256.08,"A/"
"PhonAlign",1256.08,1256.12,"R"
"PhonAlign",1256.12,1256.2,"t"
"PhonAlign",1256.2,1256.26,"i"
"PhonAlign",1256.26,1256.32,"d"
"PhonAlign",1256.32,1256.39,"O/"
"PhonAlign",1256.39,1256.5,"k"
"PhonAlign",1256.5,1256.53,"y"
"PhonAlign",1256.53,1256.57,"m"
"PhonAlign",1256.57,1256.72,"a~"
"PhonAlign",1256.72,1256.83,"t"
"PhonAlign",1256.83,1256.95,"E"
"PhonAlign",1256.95,1257.0,"R"
"PhonAlign",1257.0,1257.07,"O/"
"PhonAlign",1257.07,1257.29,"s"
"PhonAlign",1257.29,1257.45,"i"
"PhonAlign",1257.45,1257.48,"s"
"PhonAlign",1257.48,1257.53,"d"
"PhonAlign",1257.53,1257.6,"O~"
"PhonAlign",1257.6,1257.71,"k"
"PhonAlign",1257.71,1257.83,"i"
"PhonAlign",1257.83,1257.9199999999998,"R"
"PhonAlign",1257.9199999999998,1258.15,"a~"
"PhonAlign",1258.15,1258.2,"v"
"PhonAlign",1258.2,1258.25,"R"
"PhonAlign",1258.25,1258.28,"E"
"PhonAlign",1258.28,1258.37,"m"
"PhonAlign",1258.37,1258.56,"a~"
"PhonAlign",1258.56,1258.6799999999998,"p"
"PhonAlign",1258.6799999999998,1258.74,"l"
"PhonAlign",1258.74,1259.0,"y"
"PhonAlign",1259.0,1259.49,"fp"
"PhonAlign",1259.49,1260.11,"#"
"PhonAlign",1260.11,1260.45,"fp"
"PhonAlign",1260.45,1260.49,"R"
"PhonAlign",1260.49,1260.62,"E"
"PhonAlign",1260.62,1260.71,"A/"
"PhonAlign",1260.71,1260.76,"l"
"PhonAlign",1260.76,1260.87,"i"
"PhonAlign",1260.87,1261.16,"s"
"PhonAlign",1261.16,1261.7,"t"
"PhonAlign",1261.7,1262.55,"e"
"PhonAlign",1262.55,1262.82,"#"
"PhonAlign",1262.82,1263.02,"e"
"PhonAlign",1263.02,1263.29,"e"
"PhonAlign",1263.29,1263.34,"v"
"PhonAlign",1263.34,1263.41,"E"
"PhonAlign",1263.41,1263.44,"R"
"PhonAlign",1263.44,1263.52,"i"
"PhonAlign",1263.52,1263.58,"d"
"PhonAlign",1263.58,1263.64,"i"
"PhonAlign",1263.64,1263.87,"k"
"PhonAlign",1263.87,1264.45,"#"
"PhonAlign",1264.45,1264.62,"U~/"
"PhonAlign",1264.62,1265.39,"#"
"PhonAlign",1265.39,1266.5800000000002,"fp"
"PhonAlign",1266.5800000000002,1266.7700000000002,"k"
"PhonAlign",1266.7700000000002,1266.8000000000002,"a~"
"PhonAlign",1266.8000000000002,1266.89,"t"
"PhonAlign",1266.89,1266.92,"j"
"PhonAlign",1266.92,1266.96,"A/"
"PhonAlign",1266.96,1267.0,"d"
"PhonAlign",1267.0,1267.0800000000002,"e"
"PhonAlign",1267.0800000000002,1267.12,"z"
"PhonAlign",1267.12,1267.17,"i"
"PhonAlign",1267.17,1267.2900000000002,"s"
"PhonAlign",1267.2900000000002,1267.3300000000002,"t"
"PhonAlign",1267.3300000000002,1267.38,"O/"
"PhonAlign",1267.38,1267.44,"R"
"PhonAlign",1267.44,1267.5400000000002,"j"
"PhonAlign",1267.5400000000002,1267.65,"E"
"PhonAlign",1267.65,1267.7700000000002,"k"
"PhonAlign",1267.7700000000002,1267.86,"i"
"PhonAlign",1267.86,1267.89,"U~/"
"PhonAlign",1267.89,1267.96,"t"
"PhonAlign",1267.96,1268.0300000000002,"E"
"PhonAlign",1268.0300000000002,1268.11,"R"
"PhonAlign",1268.11,1268.19,"v"
"PhonAlign",1268.19,1268.23,"j"
"PhonAlign",1268.23,1268.46,"E"
"PhonAlign",1268.46,1268.49,"n"
"PhonAlign",1268.49,1268.5300000000002,"e"
"PhonAlign",1268.5300000000002,1268.67,"k"
"PhonAlign",1268.67,1268.8200000000002,"p"
"PhonAlign",1268.8200000000002,1269.11,"A/"
"PhonAlign",1269.11,1269.14,"R"
"PhonAlign",1269.14,1269.17,"l"
"PhonAlign",1269.17,1269.26,"A/"
"PhonAlign",1269.26,1269.2900000000002,"l"
"PhonAlign",1269.2900000000002,1269.3200000000002,"R"
"PhonAlign",1269.3200000000002,1269.35,"l"
"PhonAlign",1269.35,1269.39,"A/"
"PhonAlign",1269.39,1269.468952,"S"
"PhonAlign",1269.468952,1270.3,"#"
"PhonAlign",1270.3,1270.34,"p"
"PhonAlign",1270.34,1270.48,"a~"
"PhonAlign",1270.48,1270.58,"s"
"PhonAlign",1270.58,1270.7,"k"
"PhonAlign",1270.7,1270.76,"@"
"PhonAlign",1270.76,1270.85,"b"
"PhonAlign",1270.85,1270.9199999999998,"O~"
"PhonAlign",1270.9199999999998,1271.0,"O~"
"PhonAlign",1271.0,1271.25,"p"
"PhonAlign",1271.25,1271.28,"2"
"PhonAlign",1271.28,1271.53,"t"
"PhonAlign",1271.53,1271.63,"l"
"PhonAlign",1271.63,1271.7,"e"
"PhonAlign",1271.7,1271.81,"k"
"PhonAlign",1271.81,1271.87,"a~"
"PhonAlign",1271.87,1271.9199999999998,"m"
"PhonAlign",1271.9199999999998,1271.98,"E"
"PhonAlign",1271.98,1272.01,"m"
"PhonAlign",1272.01,1272.05,"l"
"PhonAlign",1272.05,1272.1,"e"
"PhonAlign",1272.1,1272.18,"k"
"PhonAlign",1272.18,1272.24,"R"
"PhonAlign",1272.24,1272.36,"w"
"PhonAlign",1272.36,1272.51,"A/"
"PhonAlign",1272.51,1272.54,"R"
"PhonAlign",1272.54,1272.66,"@"
"PhonAlign",1272.66,1272.69,"U~/"
"PhonAlign",1272.69,1272.77,"S"
"PhonAlign",1272.77,1272.85,"p"
"PhonAlign",1272.85,1272.89,"a~"
"PhonAlign",1272.89,1272.96,"s"
"PhonAlign",1272.96,1273.05,"k"
"PhonAlign",1273.05,1273.22,"@"
"PhonAlign",1273.22,1273.76,"s"
"PhonAlign",1273.76,1273.79,"#"
"PhonAlign",1273.79,1274.08,"s"
"PhonAlign",1274.08,1274.13,"i"
"PhonAlign",1274.13,1274.3,"s"
"PhonAlign",1274.3,1274.34,"E"
"PhonAlign",1274.34,1274.43,"k"
"PhonAlign",1274.43,1274.49,"s"
"PhonAlign",1274.49,1274.6,"p"
"PhonAlign",1274.6,1274.81,"O/"
"PhonAlign",1274.81,1274.9,"z"
"PhonAlign",1274.9,1274.98,"e"
"PhonAlign",1274.98,1275.16,"k"
"PhonAlign",1275.16,1275.33,"i"
"PhonAlign",1275.33,1275.39,"l"
"PhonAlign",1275.39,1275.45,"z"
"PhonAlign",1275.45,1275.929258,"#"
"PhonAlign",1275.929258,1275.9792579999998,"b"
"PhonAlign",1275.9792579999998,1276.2492579999998,"O/"
"PhonAlign",1276.2492579999998,1276.314249,"n"
"PhonAlign",1276.314249,1276.992565,"#"
"PhonAlign",1276.992565,1277.222565,"d"
"PhonAlign",1277.222565,1277.342565,"O~"
"PhonAlign",1277.342565,1277.422565,"k"
"PhonAlign",1277.422565,1277.522565,"s"
"PhonAlign",1277.522565,1277.592565,"A/"
"PhonAlign",1277.592565,1277.672565,"d"
"PhonAlign",1277.672565,1277.752565,"O/"
"PhonAlign",1277.752565,1277.832565,"n"
"PhonAlign",1277.832565,1277.862565,"@"
"PhonAlign",1277.862565,1277.932565,"s"
"PhonAlign",1277.932565,1278.002565,"s"
"PhonAlign",1278.002565,1278.042565,"i"
"PhonAlign",1278.042565,1278.212565,"v"
"PhonAlign",1278.212565,1278.242565,"u"
"PhonAlign",1278.242565,1278.322565,"v"
"PhonAlign",1278.322565,1278.372565,"u"
"PhonAlign",1278.372565,1278.402565,"l"
"PhonAlign",1278.402565,1278.732565,"e"
"PhonAlign",1278.732565,1278.802565,"Z"
"PhonAlign",1278.802565,1278.912565,"p"
"PhonAlign",1278.912565,1279.052565,"a~"
"PhonAlign",1279.052565,1279.182565,"s"
"PhonAlign",1279.182565,1279.222565,"A/"
"PhonAlign",1279.222565,1279.652565,"U~/"
"PhonAlign",1279.652565,1279.732565,"A/"
"PhonAlign",1279.732565,1280.002565,"s"
"PhonAlign",1280.002565,1280.145,"@"
"PhonAlign",1280.145,1280.31,"#"
"PhonAlign",1280.31,1280.44,"t"
"PhonAlign",1280.44,1280.5,"i"
"PhonAlign",1280.5,1280.56,"p"
"PhonAlign",1280.56,1280.63,"d"
"PhonAlign",1280.63,1280.69,"@"
"PhonAlign",1280.69,1280.91,"f"
"PhonAlign",1280.91,1281.06,"i"
"PhonAlign",1281.06,1281.09,"l"
"PhonAlign",1281.09,1281.14,"m"
"PhonAlign",1281.14,1282.33517,"fp"
"PhonAlign",1282.33517,1283.195,"#"
"PhonAlign",1283.195,1283.235,"i"
"PhonAlign",1283.235,1283.285,"s"
"PhonAlign",1283.285,1283.365,"t"
"PhonAlign",1283.365,1283.435,"O/"
"PhonAlign",1283.435,1283.465,"R"
"PhonAlign",1283.465,1283.5549999999998,"i"
"PhonAlign",1283.5549999999998,1283.625,"k"
"PhonAlign",1283.625,1283.665,"e"
"PhonAlign",1283.665,1283.705,"d"
"PhonAlign",1283.705,1283.785,"O/"
"PhonAlign",1283.785,1283.885,"k"
"PhonAlign",1283.885,1283.925,"y"
"PhonAlign",1283.925,1283.965,"m"
"PhonAlign",1283.965,1284.075,"a~"
"PhonAlign",1284.075,1284.185,"t"
"PhonAlign",1284.185,1284.275,"E"
"PhonAlign",1284.275,1284.365,"R"
"PhonAlign",1284.365,1292.802188,"#"
"PhonAlign",1292.802188,1293.092188,"u"
"PhonAlign",1293.092188,1293.4,"i"
"PhonAlign",1293.4,1294.115,"#"
"PhonAlign",1294.115,1294.465,"m"
"PhonAlign",1294.465,1313.415,"#"
"PhonAlign",1313.415,1313.515,"v"
"PhonAlign",1313.515,1313.595,"w"
"PhonAlign",1313.595,1313.645,"A/"
"PhonAlign",1313.645,1313.675,"l"
"PhonAlign",1313.675,1313.795,"A/"
"PhonAlign",1313.795,1313.855,"u"
"PhonAlign",1313.855,1314.025,"i"
"PhonAlign",1314.025,1314.14,"#"
"PhonAlign",1314.14,1314.41,"m"
"PhonAlign",1314.41,1314.47,"m"
"TokensAlign",0.0,4.995,"#"
"TokensAlign",4.995,5.492812,"bonjour"
"TokensAlign",5.492812,199.975,"#"
"TokensAlign",199.975,201.145,"*"
"TokensAlign",201.145,201.799224,"#"
"TokensAlign",201.799224,202.079224,"non"
"TokensAlign",202.079224,202.339224,"c'est"
"TokensAlign",202.339224,202.889224,"intéressant"
"TokensAlign",202.889224,203.759224,"effectivement"
"TokensAlign",203.759224,204.539224,"euh"
"TokensAlign",204.539224,204.569224,"+"
"TokensAlign",204.569224,204.659224,"je"
"TokensAlign",204.659224,204.909224,"pense"
"TokensAlign",204.909224,204.959224,"que"
"TokensAlign",204.959224,205.079224,"ça"
"TokensAlign",205.079224,205.569224,"peut"
"TokensAlign",205.569224,206.299224,"intéresser"
"TokensAlign",206.299224,206.359224,"un"
"TokensAlign",206.359224,206.709224,"public"
"TokensAlign",206.709224,206.949224,"de"
"TokensAlign",206.949224,207.319224,"jeunes"
"TokensAlign",207.319224,207.619224,"comme"
"TokensAlign",207.619224,207.869224,"un"
"TokensAlign",207.869224,208.329224,"public"
"TokensAlign",208.329224,208.889224,"euh"
"TokensAlign",208.889224,209.279224,"+"
"TokensAlign",209.279224,209.369224,"de"
"TokensAlign",209.369224,209.989224,"personnes"
"TokensAlign",209.989224,210.607888,"euh"
"TokensAlign",210.607888,211.255423,"#"
"TokensAlign",211.255423,211.405423,"plus"
"TokensAlign",211.405423,211.745423,"âgées"
"TokensAlign",211.745423,212.105423,"quoi"
"TokensAlign",212.105423,212.195423,"hein"
"TokensAlign",212.195423,212.305423,"de"
"TokensAlign",212.305423,212.895423,"seniors"
"TokensAlign",212.895423,213.325423,"notamment"
"TokensAlign",213.325423,213.795423,"aussi"
"TokensAlign",213.795423,213.945,"hein"
"TokensAlign",213.945,214.24,"#"
"TokensAlign",214.24,214.81,"*"
"TokensAlign",214.81,215.12,"#"
"TokensAlign",215.12,216.52,"euh"
"TokensAlign",216.52,216.69,"+"
"TokensAlign",216.69,216.93,"oui"
"TokensAlign",216.93,217.12,"c'est"
"TokensAlign",217.12,217.26,"c'est"
"TokensAlign",217.26,217.41,"pas"
"TokensAlign",217.41,217.65,"mal"
"TokensAlign",217.65,217.77,"oui"
"TokensAlign",217.77,218.46,"effectivement"
"TokensAlign",218.46,218.674688,"ouais"
"TokensAlign",218.674688,227.24,"#"
"TokensAlign",227.24,227.43,"moi"
"TokensAlign",227.43,227.55,"j'"
"TokensAlign",227.55,227.59,"ai"
"TokensAlign",227.59,228.48,"pensé"
"TokensAlign",228.48,228.85,"au"
"TokensAlign",228.85,228.93,"à"
"TokensAlign",228.93,228.99,"la"
"TokensAlign",228.99,229.56,"comédie"
"TokensAlign",229.56,229.66,"et"
"TokensAlign",229.66,229.81,"aux"
"TokensAlign",229.81,230.509883,"romances"
"TokensAlign",230.509883,231.145427,"#"
"TokensAlign",231.145427,231.695427,"euh"
"TokensAlign",231.695427,231.995427,"parce_que"
"TokensAlign",231.995427,232.205427,"ce"
"TokensAlign",232.205427,232.605427,"sont"
"TokensAlign",232.605427,234.055427,"des"
"TokensAlign",234.055427,234.095427,"+"
"TokensAlign",234.095427,234.515427,"ce"
"TokensAlign",234.515427,234.725427,"sont"
"TokensAlign",234.725427,235.085427,"c'est"
"TokensAlign",235.085427,235.235427,"un"
"TokensAlign",235.235427,235.905427,"sujet"
"TokensAlign",235.905427,236.045427,"euh"
"TokensAlign",236.045427,237.015427,"qui"
"TokensAlign",237.015427,237.085427,"+"
"TokensAlign",237.085427,237.825427,"intéresse"
"TokensAlign",237.825427,237.855427,"+"
"TokensAlign",237.855427,239.365427,"euh"
"TokensAlign",239.365427,239.505427,"qui"
"TokensAlign",239.505427,239.845427,"permet"
"TokensAlign",239.845427,239.975427,"de"
"TokensAlign",239.975427,240.765427,"+"
"TokensAlign",240.765427,240.845427,"de"
"TokensAlign",240.845427,240.965427,"s'"
"TokensAlign",240.965427,241.395427,"évader"
"TokensAlign",241.395427,241.465427,"je"
"TokensAlign",241.465427,241.795427,"trouve"
"TokensAlign",241.795427,241.905427,"de"
"TokensAlign",241.905427,242.487888,"euh"
"TokensAlign",242.487888,243.385,"#"
"TokensAlign",243.385,244.635,"euh"
"TokensAlign",244.635,245.195,"c'est"
"TokensAlign",245.195,245.485,"enfin"
"TokensAlign",245.485,245.755,"c'est"
"TokensAlign",245.755,246.295,"c'est"
"TokensAlign",246.295,246.455,"c'est"
"TokensAlign",246.455,247.115,"distrayant"
"TokensAlign",247.115,247.345,"quoi"
"TokensAlign",247.345,247.625,"c'est"
"TokensAlign",247.625,247.815,"c'est"
"TokensAlign",247.815,248.015,"un"
"TokensAlign",248.015,249.005,"loisir"
"TokensAlign",249.005,249.185,"hein"
"TokensAlign",249.185,249.603589,"euh"
"TokensAlign",249.603589,250.42,"#"
"TokensAlign",250.42,250.58,"pour"
"TokensAlign",250.58,250.74,"tout"
"TokensAlign",250.74,251.09,"genre"
"TokensAlign",251.09,251.63,"de"
"TokensAlign",251.63,251.73,"de"
"TokensAlign",251.73,252.13,"public"
"TokensAlign",252.13,252.55,"en_fait"
"TokensAlign",252.55,252.74,"hein"
"TokensAlign",252.74,252.88,"à"
"TokensAlign",252.88,253.26,"part"
"TokensAlign",253.26,253.48,"les"
"TokensAlign",253.48,253.62,"les"
"TokensAlign",253.62,254.01,"jeunes"
"TokensAlign",254.01,254.25,"+"
"TokensAlign",254.25,254.7,"les"
"TokensAlign",254.7,255.0,"jeunes"
"TokensAlign",255.0,255.55,"enfants"
"TokensAlign",255.55,255.63,"hein"
"TokensAlign",255.63,256.85,"#"
"TokensAlign",256.85,257.0,"bien"
"TokensAlign",257.0,257.35,"sûr"
"TokensAlign",257.35,257.965,"#"
"TokensAlign",257.965,258.450567,"bon"
"TokensAlign",258.450567,272.768335,"#"
"TokensAlign",272.768335,274.124968,"euh"
"TokensAlign",274.124968,279.975,"#"
"TokensAlign",279.975,280.485,"oui"
"TokensAlign",280.485,280.795,"oh"
"TokensAlign",280.795,280.915,"ben"
"TokensAlign",280.915,281.075,"je"
"TokensAlign",281.075,281.15,"#"
"TokensAlign",281.15,281.52,"pense"
"TokensAlign",281.52,281.86,"oui"
"TokensAlign",281.86,282.19,"euh"
"TokensAlign",282.19,282.88,"notamment"
"TokensAlign",282.88,284.39,"euh"
"TokensAlign",284.39,285.33,"+"
"TokensAlign",285.33,285.44,"alors"
"TokensAlign",285.44,285.97,"comment"
"TokensAlign",285.97,286.06,"il"
"TokensAlign",286.06,286.16,"s'"
"TokensAlign",286.16,286.83,"appelle"
"TokensAlign",286.83,286.965,"ce"
"TokensAlign",286.965,287.578446,"#"
"TokensAlign",287.578446,287.788446,"j'"
"TokensAlign",287.788446,287.818446,"ai"
"TokensAlign",287.818446,288.018446,"plus"
"TokensAlign",288.018446,288.158446,"en"
"TokensAlign",288.158446,288.528446,"tête"
"TokensAlign",288.528446,288.968446,"ce"
"TokensAlign",288.968446,289.298446,"ce"
"TokensAlign",289.298446,289.698446,"cette"
"TokensAlign",289.698446,290.055,"enfin"
"TokensAlign",290.055,290.5,"#"
"TokensAlign",290.5,290.61,"ce"
"TokensAlign",290.61,291.1,"film"
"TokensAlign",291.1,291.32,"pour"
"TokensAlign",291.32,291.53,"les"
"TokensAlign",291.53,292.04,"enfants"
"TokensAlign",292.04,292.21,"là"
"TokensAlign",292.21,292.66,"euh"
"TokensAlign",292.66,294.155,"#"
"TokensAlign",294.155,294.713438,"euh"
"TokensAlign",294.713438,299.49,"#"
"TokensAlign",299.49,299.78000000000003,"ouais"
"TokensAlign",299.78000000000003,299.83,"mais"
"TokensAlign",299.83,300.19,"enfin"
"TokensAlign",300.19,300.34000000000003,"euh"
"TokensAlign",300.34000000000003,300.72,"maintenant"
"TokensAlign",300.72,301.5,"actuellement"
"TokensAlign",301.5,301.88,"euh"
"TokensAlign",301.88,301.91,"+"
"TokensAlign",301.91,302.1,"c'est"
"TokensAlign",302.1,302.2,"sous"
"TokensAlign",302.2,302.5,"forme"
"TokensAlign",302.5,302.6,"de"
"TokensAlign",302.6,302.75,"un"
"TokensAlign",302.75,303.1,"petit"
"TokensAlign",303.1,303.21000000000004,"peu"
"TokensAlign",303.21000000000004,303.24,"de"
"TokensAlign",303.24,303.90000000000003,"dessin_animé"
"TokensAlign",303.90000000000003,304.56,"et"
"TokensAlign",304.56,304.75,"c'est"
"TokensAlign",304.75,304.93,"vrai"
"TokensAlign",304.93,304.99,"qu'"
"TokensAlign",304.99,305.02,"il_y"
"TokensAlign",305.02,305.05,"a"
"TokensAlign",305.05,305.67,"toujours"
"TokensAlign",305.67,306.628368,"euh"
"TokensAlign",306.628368,307.83,"#"
"TokensAlign",307.83,308.15,"une"
"TokensAlign",308.15,308.21,"#"
"TokensAlign",308.21,308.45,"part"
"TokensAlign",308.45,308.63,"de"
"TokensAlign",308.63,309.21,"rêve"
"TokensAlign",309.21,309.31,"la"
"TokensAlign",309.31,310.27,"princesse"
"TokensAlign",310.27,310.34,"le"
"TokensAlign",310.34,310.65,"prince"
"TokensAlign",310.65,311.48999999999995,"charmant"
"TokensAlign",311.48999999999995,312.29,"euh"
"TokensAlign",312.29,312.36,"+"
"TokensAlign",312.36,312.51,"c'est"
"TokensAlign",312.51,312.65,"pour"
"TokensAlign",312.65,313.03,"tous_les"
"TokensAlign",313.03,313.33,"âges"
"TokensAlign",313.33,313.84,"en_fait"
"TokensAlign",313.84,314.02,"hein"
"TokensAlign",314.02,314.731845,"c'est"
"TokensAlign",314.731845,315.485,"#"
"TokensAlign",315.485,316.385,"euh"
"TokensAlign",316.385,316.875,"#"
"TokensAlign",316.875,317.365,"donc"
"TokensAlign",317.365,317.965,"#"
"TokensAlign",317.965,318.62221,"oui"
"TokensAlign",318.62221,320.095,"#"
"TokensAlign",320.095,320.545,"donc"
"TokensAlign",320.545,320.985,"euh"
"TokensAlign",320.985,321.095,"je"
"TokensAlign",321.095,321.40500000000003,"disais"
"TokensAlign",321.40500000000003,321.71500000000003,"donc"
"TokensAlign",321.71500000000003,322.378062,"euh"
"TokensAlign",322.378062,323.165,"#"
"TokensAlign",323.165,324.545,"euh"
"TokensAlign",324.545,325.38500000000005,"+"
"TokensAlign",325.38500000000005,325.63500000000005,"c'est"
"TokensAlign",325.63500000000005,325.785,"vrai"
"TokensAlign",325.785,325.915,"qu'"
"TokensAlign",325.915,325.995,"il_y"
"TokensAlign",325.995,326.045,"a"
"TokensAlign",326.045,326.235,"des"
"TokensAlign",326.235,326.805,"acteurs"
"TokensAlign",326.805,326.935,"qu'"
"TokensAlign",326.935,326.975,"ils"
"TokensAlign",326.975,327.675,"sont"
"TokensAlign",327.675,328.13500000000005,"plus"
"TokensAlign",328.13500000000005,329.665,"euh"
"TokensAlign",329.665,329.865,"+"
"TokensAlign",329.865,330.105,"enfin"
"TokensAlign",330.105,330.745,"qui"
"TokensAlign",330.745,330.81,"#"
"TokensAlign",330.81,331.180313,"qui"
"TokensAlign",331.180313,332.55,"#"
"TokensAlign",332.55,332.84000000000003,"font"
"TokensAlign",332.84000000000003,333.72,"bien"
"TokensAlign",333.72,334.24,"partie"
"TokensAlign",334.24,334.38,"de"
"TokensAlign",334.38,334.74,"ces"
"TokensAlign",334.74,335.19,"comédies"
"TokensAlign",335.19,335.78000000000003,"romances"
"TokensAlign",335.78000000000003,336.057893,"hein"
"TokensAlign",336.057893,337.135665,"#"
"TokensAlign",337.135665,338.756865,"euh"
"TokensAlign",338.756865,339.985679,"#"
"TokensAlign",339.985679,340.025679,"je"
"TokensAlign",340.025679,340.365679,"pense"
"TokensAlign",340.365679,340.555679,"bon"
"TokensAlign",340.555679,340.615679,"à"
"TokensAlign",340.615679,340.785679,"des"
"TokensAlign",340.785679,341.075679,"acteurs"
"TokensAlign",341.075679,341.515679,"américains"
"TokensAlign",341.515679,341.605679,"mais"
"TokensAlign",341.605679,341.675679,"j'"
"TokensAlign",341.675679,341.70567900000003,"ai"
"TokensAlign",341.70567900000003,342.085679,"aussi"
"TokensAlign",342.085679,342.185679,"à"
"TokensAlign",342.185679,342.365679,"des"
"TokensAlign",342.365679,342.635679,"acteurs"
"TokensAlign",342.635679,343.475679,"français"
"TokensAlign",343.475679,344.190938,"euh"
"TokensAlign",344.190938,345.615,"#"
"TokensAlign",345.615,346.182188,"bon"
"TokensAlign",346.182188,348.5,"#"
"TokensAlign",348.5,348.74,"comment"
"TokensAlign",348.74,349.305,"dire"
"TokensAlign",349.305,350.45,"#"
"TokensAlign",350.45,351.852188,"euh"
"TokensAlign",351.852188,354.906563,"#"
"TokensAlign",354.906563,355.236563,"ben"
"TokensAlign",355.236563,355.426563,"oui"
"TokensAlign",355.426563,355.586563,"comme"
"TokensAlign",355.586563,355.856563,"ça"
"TokensAlign",355.856563,355.986563,"c'est"
"TokensAlign",355.986563,356.146563,"vrai"
"TokensAlign",356.146563,356.356563,"que"
"TokensAlign",356.356563,357.585,"@"
"TokensAlign",357.585,357.73,"#"
"TokensAlign",357.73,358.1,"euh"
"TokensAlign",358.1,358.20000000000005,"à"
"TokensAlign",358.20000000000005,358.43,"brûle"
"TokensAlign",358.43,359.96,"pourpoint"
"TokensAlign",359.96,361.025,"#"
"TokensAlign",361.025,361.455,"voilà"
"TokensAlign",361.455,361.705,"qui"
"TokensAlign",361.705,362.285,"représente"
"TokensAlign",362.285,362.595,"bien"
"TokensAlign",362.595,362.805,"ce"
"TokensAlign",362.805,363.265,"genre"
"TokensAlign",363.265,363.585,"de"
"TokensAlign",363.585,363.805,"de"
"TokensAlign",363.805,363.995,"de"
"TokensAlign",363.995,364.875,"film"
"TokensAlign",364.875,365.585,"+"
"TokensAlign",365.585,366.77,"euh"
"TokensAlign",366.77,368.428108,"#"
"TokensAlign",368.428108,368.645895,"euh"
"TokensAlign",368.645895,368.96,"#"
"TokensAlign",368.96,369.24,"vois"
"TokensAlign",369.24,369.395,"#"
"TokensAlign",369.395,369.945,"moi"
"TokensAlign",369.945,370.085,"#"
"TokensAlign",370.085,370.505,"oui"
"TokensAlign",370.505,371.215,"dicaprio"
"TokensAlign",371.215,372.065,"par_exemple"
"TokensAlign",372.065,372.615,"+"
"TokensAlign",372.615,372.785,"c'est"
"TokensAlign",372.785,372.875,"vrai"
"TokensAlign",372.875,372.91622,"que"
"TokensAlign",372.91622,373.085,"#"
"TokensAlign",373.085,373.315,"quand"
"TokensAlign",373.315,374.01,"on"
"TokensAlign",374.01,376.235,"#"
"TokensAlign",376.235,376.465,"oui"
"TokensAlign",376.465,376.86,"oui"
"TokensAlign",376.86,378.575,"#"
"TokensAlign",378.575,378.955,"oui"
"TokensAlign",378.955,382.2,"#"
"TokensAlign",382.2,383.43,"représentative"
"TokensAlign",383.43,383.7,"oui"
"TokensAlign",383.7,383.84,"c'est"
"TokensAlign",383.84,384.18,"ça"
"TokensAlign",384.18,384.34,"oui"
"TokensAlign",384.34,384.47,"de"
"TokensAlign",384.47,384.67,"ce"
"TokensAlign",384.67,384.87,"genre"
"TokensAlign",384.87,384.98,"de"
"TokensAlign",384.98,385.36,"film"
"TokensAlign",385.36,385.67,"hein"
"TokensAlign",385.67,385.985,"oui"
"TokensAlign",385.985,387.87,"#"
"TokensAlign",387.87,388.22,"oui"
"TokensAlign",388.22,388.36,"ah"
"TokensAlign",388.36,388.56,"oui"
"TokensAlign",388.56,389.010938,"oui"
"TokensAlign",389.010938,390.24,"#"
"TokensAlign",390.24,390.75,"évidemment"
"TokensAlign",390.75,391.018281,"euh"
"TokensAlign",391.018281,392.07,"#"
"TokensAlign",392.07,392.71,"euh"
"TokensAlign",392.71,392.88,"que"
"TokensAlign",392.88,393.15,"dire"
"TokensAlign",393.15,393.921563,"d'autre"
"TokensAlign",393.921563,395.39,"#"
"TokensAlign",395.39,395.89,"alors"
"TokensAlign",395.89,396.21,"comment"
"TokensAlign",396.21,396.43,"ce"
"TokensAlign",396.43,396.89,"+"
"TokensAlign",396.89,397.11,"genre"
"TokensAlign",397.11,397.2,"de"
"TokensAlign",397.2,397.56,"film"
"TokensAlign",397.56,397.76,"a"
"TokensAlign",397.76,398.33,"bien"
"TokensAlign",398.33,398.71,"évolué"
"TokensAlign",398.71,398.8,"au"
"TokensAlign",398.8,399.05,"fil"
"TokensAlign",399.05,399.13,"du"
"TokensAlign",399.13,399.4,"temps"
"TokensAlign",399.4,399.52,"moi"
"TokensAlign",399.52,399.61,"je"
"TokensAlign",399.61,400.01,"trouve"
"TokensAlign",400.01,400.73,"hein"
"TokensAlign",400.73,401.03,"parce_que"
"TokensAlign",401.03,401.33,"ça"
"TokensAlign",401.33,401.5,"ça"
"TokensAlign",401.5,401.75,"reste"
"TokensAlign",401.75,401.86,"quand"
"TokensAlign",401.86,401.96,"même"
"TokensAlign",401.96,402.25,"toujours"
"TokensAlign",402.25,402.3,"d'"
"TokensAlign",402.3,403.07,"actualité"
"TokensAlign",403.07,403.19,"hein"
"TokensAlign",403.19,403.29,"il_y"
"TokensAlign",403.29,403.34,"a"
"TokensAlign",403.34,403.79,"toujours"
"TokensAlign",403.79,404.50683,"euh"
"TokensAlign",404.50683,405.555,"#"
"TokensAlign",405.555,405.835,"bon"
"TokensAlign",405.835,405.885,"et"
"TokensAlign",405.885,406.035,"puis"
"TokensAlign",406.035,406.605,"maintenant"
"TokensAlign",406.605,406.875,"bon"
"TokensAlign",406.875,407.055,"avec"
"TokensAlign",407.055,407.205,"tout"
"TokensAlign",407.205,407.535,"ce"
"TokensAlign",407.535,407.785,"qui"
"TokensAlign",407.785,407.965,"se"
"TokensAlign",407.965,408.465,"passe"
"TokensAlign",408.465,409.045,"en_fait"
"TokensAlign",409.045,410.475,"euh"
"TokensAlign",410.475,410.985,"+"
"TokensAlign",410.985,411.785,"les"
"TokensAlign",411.785,412.045,"la"
"TokensAlign",412.045,412.355,"la"
"TokensAlign",412.355,412.815,"comment"
"TokensAlign",412.815,413.045,"dire"
"TokensAlign",413.045,413.345,"les"
"TokensAlign",413.345,414.27,"les"
"TokensAlign",414.27,414.72,"#"
"TokensAlign",414.72,414.87,"la"
"TokensAlign",414.87,415.78,"reconnaissance"
"TokensAlign",415.78,417.31,"des"
"TokensAlign",417.31,417.37,"+"
"TokensAlign",417.37,417.62,"des"
"TokensAlign",417.62,418.43,"homosexuels"
"TokensAlign",418.43,419.0100000000001,"en_fait"
"TokensAlign",419.0100000000001,419.47,"hein"
"TokensAlign",419.47,420.41,"euh"
"TokensAlign",420.41,420.72,"#"
"TokensAlign",420.72,421.02,"ça"
"TokensAlign",421.02,421.22,"ça"
"TokensAlign",421.22,421.5,"ça"
"TokensAlign",421.5,421.9500000000001,"rentre"
"TokensAlign",421.9500000000001,422.08,"dans"
"TokensAlign",422.08,422.2000000000001,"ce"
"TokensAlign",422.2000000000001,422.55,"cadre"
"TokensAlign",422.55,422.99,"aussi"
"TokensAlign",422.99,423.04,"hein"
"TokensAlign",423.04,423.53575,"euh"
"TokensAlign",423.53575,424.33,"#"
"TokensAlign",424.33,425.17,"et"
"TokensAlign",425.17,426.09,"#"
"TokensAlign",426.09,426.465,"oui"
"TokensAlign",426.465,426.6,"#"
"TokensAlign",426.6,427.03,"oui"
"TokensAlign",427.03,427.29,"donc"
"TokensAlign",427.29,427.42,"l'"
"TokensAlign",427.42,428.5100000000001,"homosexualité"
"TokensAlign",428.5100000000001,428.67,"bon"
"TokensAlign",428.67,428.97,"maintenant"
"TokensAlign",428.97,429.16,"ça"
"TokensAlign",429.16,429.68,"rentre"
"TokensAlign",429.68,430.23,"vraiment"
"TokensAlign",430.23,430.3200000000001,"dans"
"TokensAlign",430.3200000000001,430.36,"le"
"TokensAlign",430.36,430.8200000000001,"cadre"
"TokensAlign",430.8200000000001,431.47,"des"
"TokensAlign",431.47,432.3200000000001,"films"
"TokensAlign",432.3200000000001,432.8200000000001,"courants"
"TokensAlign",432.8200000000001,433.08,"quoi"
"TokensAlign",433.08,441.24,"#"
"TokensAlign",441.24,441.55,"oui"
"TokensAlign",441.55,441.98,"tout_à_fait"
"TokensAlign",441.98,442.55,"tout_à_fait"
"TokensAlign",442.55,447.08,"#"
"TokensAlign",447.08,447.48,"oui"
"TokensAlign",447.48,447.62,"bien"
"TokensAlign",447.62,447.965,"sûr"
"TokensAlign",447.965,450.840938,"#"
"TokensAlign",450.840938,451.240938,"voilà"
"TokensAlign",451.240938,451.810938,"exactement"
"TokensAlign",451.810938,452.130938,"maintenant"
"TokensAlign",452.130938,452.230938,"ça"
"TokensAlign",452.230938,452.380938,"se"
"TokensAlign",452.380938,452.970938,"banalise"
"TokensAlign",452.970938,453.270938,"hein"
"TokensAlign",453.270938,453.490938,"et"
"TokensAlign",453.490938,454.325798,"donc"
"TokensAlign",454.325798,454.805,"#"
"TokensAlign",454.805,455.225,"ça"
"TokensAlign",455.225,455.435,"puis"
"TokensAlign",455.435,455.735,"ça"
"TokensAlign",455.735,456.205,"permet"
"TokensAlign",456.205,456.345,"aux"
"TokensAlign",456.345,457.015,"gens"
"TokensAlign",457.015,457.265,"enfin"
"TokensAlign",457.265,457.395,"les"
"TokensAlign",457.395,458.18,"gens"
"TokensAlign",458.18,458.28,"#"
"TokensAlign",458.28,458.45,"d'"
"TokensAlign",458.45,458.7,"ouvrir"
"TokensAlign",458.7,458.87,"un"
"TokensAlign",458.87,459.0,"peu"
"TokensAlign",459.0,459.2,"leurs"
"TokensAlign",459.2,459.58,"esprits"
"TokensAlign",459.58,459.97,"aussi"
"TokensAlign",459.97,460.09,"hein"
"TokensAlign",460.09,460.82,"#"
"TokensAlign",460.82,461.14,"sur_ce"
"TokensAlign",461.14,461.33,"genre"
"TokensAlign",461.33,461.825,"#"
"TokensAlign",461.825,461.925,"et"
"TokensAlign",461.925,462.035,"puis"
"TokensAlign",462.035,462.145,"on"
"TokensAlign",462.145,462.225,"en"
"TokensAlign",462.225,462.345,"voit"
"TokensAlign",462.345,462.795,"déjà"
"TokensAlign",462.795,462.895,"des"
"TokensAlign",462.895,463.195,"films"
"TokensAlign",463.195,463.785,"+"
"TokensAlign",463.785,464.095,"où"
"TokensAlign",464.095,464.225,"il_y"
"TokensAlign",464.225,464.285,"a"
"TokensAlign",464.285,464.775,"des"
"TokensAlign",464.775,465.335,"+"
"TokensAlign",465.335,465.425,"on"
"TokensAlign",465.425,465.605,"parle"
"TokensAlign",465.605,465.695,"de"
"TokensAlign",465.695,465.795,"la"
"TokensAlign",465.795,466.985,"transsexualité"
"TokensAlign",466.985,467.135,"on"
"TokensAlign",467.135,467.795,"parle"
"TokensAlign",467.795,467.825,"de"
"TokensAlign",467.825,467.855,"l'"
"TokensAlign",467.855,469.105,"homosexualité"
"TokensAlign",469.105,469.470938,"euh"
"TokensAlign",469.470938,471.035,"#"
"TokensAlign",471.035,471.1350000000001,"et"
"TokensAlign",471.1350000000001,471.285,"puis"
"TokensAlign",471.285,471.4450000000001,"comme"
"TokensAlign",471.4450000000001,471.565,"c'est"
"TokensAlign",471.565,471.845,"rentré"
"TokensAlign",471.845,471.935,"dans"
"TokensAlign",471.935,472.095,"les"
"TokensAlign",472.095,472.341828,"moeurs"
"TokensAlign",472.341828,472.702208,"#"
"TokensAlign",472.702208,473.272208,"autant"
"TokensAlign",473.272208,473.842208,"maintenant"
"TokensAlign",473.842208,474.012208,"euh"
"TokensAlign",474.012208,474.342208,"+"
"TokensAlign",474.342208,474.832208,"exposer"
"TokensAlign",474.832208,474.902208,"les"
"TokensAlign",474.902208,475.222208,"choses"
"TokensAlign",475.222208,475.352208,"hein"
"TokensAlign",475.352208,475.542208,"c'est"
"TokensAlign",475.542208,475.882208,"vrai"
"TokensAlign",475.882208,475.912208,"hein"
"TokensAlign",475.912208,476.002208,"on"
"TokensAlign",476.002208,476.112208,"peut"
"TokensAlign",476.112208,476.252208,"plus"
"TokensAlign",476.252208,476.402208,"se"
"TokensAlign",476.402208,476.992208,"cacher"
"TokensAlign",476.992208,477.362208,"euh"
"TokensAlign",477.362208,477.392208,"+"
"TokensAlign",477.392208,477.832208,"derrière"
"TokensAlign",477.832208,478.495,"un"
"TokensAlign",478.495,478.988036,"#"
"TokensAlign",478.988036,479.078036,"un"
"TokensAlign",479.078036,479.7080360000001,"phénomène"
"TokensAlign",479.7080360000001,480.665,"euh"
"TokensAlign",480.665,481.405,"#"
"TokensAlign",481.405,481.935,"ah"
"TokensAlign",481.935,482.195,"oui"
"TokensAlign",482.195,482.345,"oui"
"TokensAlign",482.345,485.873438,"#"
"TokensAlign",485.873438,486.143438,"oui"
"TokensAlign",486.143438,486.41,"oui"
"TokensAlign",486.41,489.045,"#"
"TokensAlign",489.045,489.42437,"tout_à_fait"
"TokensAlign",489.42437,492.845,"#"
"TokensAlign",492.845,493.465,"exactement"
"TokensAlign",493.465,500.55,"#"
"TokensAlign",500.55,501.297188,"oui"
"TokensAlign",501.297188,508.6,"#"
"TokensAlign",508.6,508.87,"oui"
"TokensAlign",508.87,509.18,"oui"
"TokensAlign",509.18,520.44,"#"
"TokensAlign",520.44,520.765,"oui"
"TokensAlign",520.765,551.5,"#"
"TokensAlign",551.5,551.716073,"oui"
"TokensAlign",551.716073,551.96,"#"
"TokensAlign",551.96,552.22,"c'est"
"TokensAlign",552.22,552.4200000000001,"c'est"
"TokensAlign",552.4200000000001,553.245205,"rédébitoires"
"TokensAlign",553.245205,554.57,"@"
"TokensAlign",554.57,554.765,"#"
"TokensAlign",554.765,555.205,"@"
"TokensAlign",555.205,560.495,"#"
"TokensAlign",560.495,560.865,"ouais"
"TokensAlign",560.865,561.005,"bien"
"TokensAlign",561.005,561.535,"sûr"
"TokensAlign",561.535,561.685,"ouais"
"TokensAlign",561.685,571.46,"#"
"TokensAlign",571.46,571.64,"c'est"
"TokensAlign",571.64,571.74,"ça"
"TokensAlign",571.74,572.305,"exactement"
"TokensAlign",572.305,692.125,"#"
"TokensAlign",692.125,692.255,"ah"
"TokensAlign",692.255,692.415,"oui"
"TokensAlign",692.415,692.535,"c'est"
"TokensAlign",692.535,692.745,"très"
"TokensAlign",692.745,693.105,"long"
"TokensAlign",693.105,693.565,"c'est"
"TokensAlign",693.565,693.97,"vrai"
"TokensAlign",693.97,695.675,"#"
"TokensAlign",695.675,696.095,"oui"
"TokensAlign",696.095,696.745,"#"
"TokensAlign",696.745,697.295,"tout_à_fait"
"TokensAlign",697.295,697.47,"oui"
"TokensAlign",697.47,699.765,"#"
"TokensAlign",699.765,700.101562,"mh"
"TokensAlign",700.101562,701.94,"#"
"TokensAlign",701.94,702.33,"tout_à_fait"
"TokensAlign",702.33,702.405,"#"
"TokensAlign",702.405,702.56,"oui"
"TokensAlign",702.56,714.104988,"#"
"TokensAlign",714.104988,714.403882,"*"
"TokensAlign",714.403882,721.61,"#"
"TokensAlign",721.61,721.88,"ah"
"TokensAlign",721.88,722.07,"oui"
"TokensAlign",722.07,747.74,"#"
"TokensAlign",747.74,748.02,"ah"
"TokensAlign",748.02,748.62,"d'accord"
"TokensAlign",748.62,748.86,"#"
"TokensAlign",748.86,749.19,"mh"
"TokensAlign",749.19,749.255,"mh"
"TokensAlign",749.255,757.235,"#"
"TokensAlign",757.235,757.275,"mh"
"TokensAlign",757.275,757.72,"mh"
"TokensAlign",757.72,760.405,"#"
"TokensAlign",760.405,760.9649999999999,"mh"
"TokensAlign",760.9649999999999,761.394038,"mh"
"TokensAlign",761.394038,822.71,"#"
"TokensAlign",822.71,822.97,"et"
"TokensAlign",822.97,823.25,"oui"
"TokensAlign",823.25,823.3100000000001,"la"
"TokensAlign",823.3100000000001,824.375,"politique"
"TokensAlign",824.375,824.54,"#"
"TokensAlign",824.54,824.66,"l'"
"TokensAlign",824.66,825.45,"élection"
"TokensAlign",825.45,847.335938,"#"
"TokensAlign",847.335938,847.715938,"oh"
"TokensAlign",847.715938,847.995938,"oui"
"TokensAlign",847.995938,848.245938,"quoi"
"TokensAlign",848.245938,848.6959380000001,"que"
"TokensAlign",848.6959380000001,848.955938,"oui"
"TokensAlign",848.955938,852.027188,"#"
"TokensAlign",852.027188,852.267188,"ah"
"TokensAlign",852.267188,852.449063,"oui"
"TokensAlign",852.449063,871.77,"#"
"TokensAlign",871.77,872.03,"non"
"TokensAlign",872.03,872.12,"je"
"TokensAlign",872.12,872.31,"pense"
"TokensAlign",872.31,872.36,"qu'"
"TokensAlign",872.36,872.4499999999999,"elle"
"TokensAlign",872.4499999999999,872.61,"a"
"TokensAlign",872.61,872.71,"elle"
"TokensAlign",872.71,872.74,"a"
"TokensAlign",872.74,872.93,"bien"
"TokensAlign",872.93,873.05,"fait"
"TokensAlign",873.05,873.12,"le"
"TokensAlign",873.12,873.29,"tour"
"TokensAlign",873.29,873.3299999999999,"de"
"TokensAlign",873.3299999999999,873.42,"la"
"TokensAlign",873.42,874.12,"question"
"TokensAlign",874.12,874.37,"et"
"TokensAlign",874.37,875.331563,"que"
"TokensAlign",875.331563,877.91,"#"
"TokensAlign",877.91,878.05,"elle"
"TokensAlign",878.05,878.0899999999999,"a"
"TokensAlign",878.0899999999999,878.2099999999999,"bien"
"TokensAlign",878.2099999999999,878.61,"expliqué"
"TokensAlign",878.61,878.8299999999999,"son"
"TokensAlign",878.8299999999999,879.185,"choix"
"TokensAlign",879.185,884.185,"#"
"TokensAlign",884.185,884.525,"ben"
"TokensAlign",884.525,884.7149999999999,"moi"
"TokensAlign",884.7149999999999,884.895,"le"
"TokensAlign",884.895,885.175,"deuxième"
"TokensAlign",885.175,885.4849999999999,"thème"
"TokensAlign",885.4849999999999,885.665,"c'est"
"TokensAlign",885.665,885.6949999999999,"l'"
"TokensAlign",885.6949999999999,886.405,"aventure"
"TokensAlign",886.405,887.285,"+"
"TokensAlign",887.285,887.6049999999999,"bon"
"TokensAlign",887.6049999999999,887.7449999999999,"je"
"TokensAlign",887.7449999999999,888.185,"pense"
"TokensAlign",888.185,888.2449999999999,"que"
"TokensAlign",888.2449999999999,888.3449999999999,"+"
"TokensAlign",888.3449999999999,888.435,"c'est"
"TokensAlign",888.435,890.0849999999999,"un"
"TokensAlign",890.0849999999999,891.2049999999999,"sujet"
"TokensAlign",891.2049999999999,891.2349999999999,"qui"
"TokensAlign",891.2349999999999,892.375,"peut"
"TokensAlign",892.375,893.255,"intéresser"
"TokensAlign",893.255,893.7449999999999,"pas_mal_de"
"TokensAlign",893.7449999999999,894.2149999999999,"monde"
"TokensAlign",894.2149999999999,894.675,"parce_que"
"TokensAlign",894.675,894.7049999999999,"l'"
"TokensAlign",894.7049999999999,895.3149999999999,"aventure"
"TokensAlign",895.3149999999999,895.4549999999999,"ça"
"TokensAlign",895.4549999999999,895.635,"fait"
"TokensAlign",895.635,896.1949999999999,"rêver"
"TokensAlign",896.1949999999999,896.655,"en_fait"
"TokensAlign",896.655,897.24,"hein"
"TokensAlign",897.24,898.14,"#"
"TokensAlign",898.14,898.34,"ça"
"TokensAlign",898.34,898.8,"permet"
"TokensAlign",898.8,898.83,"un"
"TokensAlign",898.83,899.11,"petit"
"TokensAlign",899.11,899.26,"peu"
"TokensAlign",899.26,899.29,"de"
"TokensAlign",899.29,899.43,"s'"
"TokensAlign",899.43,899.97,"évader"
"TokensAlign",899.97,900.05,"de"
"TokensAlign",900.05,900.62,"sortir"
"TokensAlign",900.62,902.21,"euh"
"TokensAlign",902.21,902.29,"+"
"TokensAlign",902.29,902.43,"des"
"TokensAlign",902.43,902.91,"problèmes"
"TokensAlign",902.91,903.52,"quotidiens"
"TokensAlign",903.52,903.59,"que"
"TokensAlign",903.59,903.77,"l'on"
"TokensAlign",903.77,903.86,"peut"
"TokensAlign",903.86,903.93,"peut"
"TokensAlign",903.93,904.54,"avoir"
"TokensAlign",904.54,904.94,"euh"
"TokensAlign",904.94,905.03,"dans"
"TokensAlign",905.03,905.09,"la"
"TokensAlign",905.09,905.19,"vie"
"TokensAlign",905.19,905.367503,"quoi"
"TokensAlign",905.367503,905.92,"#"
"TokensAlign",905.92,906.585,"*"
"TokensAlign",906.585,906.7,"#"
"TokensAlign",906.7,908.405,"euh"
"TokensAlign",908.405,908.7,"#"
"TokensAlign",908.7,909.01,"c'est"
"TokensAlign",909.01,909.04,"l'"
"TokensAlign",909.04,909.69,"aventure"
"TokensAlign",909.69,910.02,"euh"
"TokensAlign",910.02,910.18,"ça"
"TokensAlign",910.18,910.32,"peut"
"TokensAlign",910.32,911.1,"représenter"
"TokensAlign",911.1,911.51,"euh"
"TokensAlign",911.51,912.12,"plusieurs"
"TokensAlign",912.12,912.51,"euh"
"TokensAlign",912.51,912.95,"domaines"
"TokensAlign",912.95,913.44,"en_fait"
"TokensAlign",913.44,913.73,"hein"
"TokensAlign",913.73,914.07,"euh"
"TokensAlign",914.07,914.16,"#"
"TokensAlign",914.16,914.73,"*"
"TokensAlign",914.73,914.825,"#"
"TokensAlign",914.825,915.93,"euh"
"TokensAlign",915.93,917.96,"#"
"TokensAlign",917.96,918.31,"comment"
"TokensAlign",918.31,918.51,"dire"
"TokensAlign",918.51,919.82,"euh"
"TokensAlign",919.82,920.415,"#"
"TokensAlign",920.415,920.605,"l'"
"TokensAlign",920.605,921.165,"aventure"
"TokensAlign",921.165,921.225,"ça"
"TokensAlign",921.225,921.945,"fait"
"TokensAlign",921.945,922.225,"rêver"
"TokensAlign",922.225,922.345,"quoi"
"TokensAlign",922.345,922.735,"en_fait"
"TokensAlign",922.735,923.610755,"en_quelque_sorte"
"TokensAlign",923.610755,924.54,"#"
"TokensAlign",924.54,924.8,"euh"
"TokensAlign",924.8,925.18,"c'est"
"TokensAlign",925.18,925.21,"l'"
"TokensAlign",925.21,926.22,"évasion"
"TokensAlign",926.22,927.17,"euh"
"TokensAlign",927.17,927.66,"#"
"TokensAlign",927.66,927.829687,"bon"
"TokensAlign",927.829687,929.32,"#"
"TokensAlign",929.32,929.68,"sortir"
"TokensAlign",929.68,929.77,"du"
"TokensAlign",929.77,930.36,"quotidien"
"TokensAlign",930.36,930.45,"je"
"TokensAlign",930.45,930.93,"pense"
"TokensAlign",930.93,933.29,"#"
"TokensAlign",933.29,933.63,"c'est"
"TokensAlign",933.63,933.921563,"euh"
"TokensAlign",933.921563,946.307812,"#"
"TokensAlign",946.307812,946.615,"mh"
"TokensAlign",946.615,947.485,"#"
"TokensAlign",947.485,947.615,"moi"
"TokensAlign",947.615,947.705,"je"
"TokensAlign",947.705,948.115,"pense"
"TokensAlign",948.115,949.345,"euh"
"TokensAlign",949.345,949.385,"+"
"TokensAlign",949.385,949.545,"les"
"TokensAlign",949.545,949.735,"films"
"TokensAlign",949.735,949.765,"d'"
"TokensAlign",949.765,950.475,"aventure"
"TokensAlign",950.475,950.685,"qui"
"TokensAlign",950.685,950.735,"m'"
"TokensAlign",950.735,950.895,"ont"
"TokensAlign",950.895,950.955,"le"
"TokensAlign",950.955,951.155,"plus"
"TokensAlign",951.155,951.605,"marqué"
"TokensAlign",951.605,951.825,"c'est"
"TokensAlign",951.825,952.055,"sont"
"TokensAlign",952.055,952.165,"les"
"TokensAlign",952.165,952.495,"films"
"TokensAlign",952.495,953.065,"euh"
"TokensAlign",953.065,953.095,"+"
"TokensAlign",953.095,953.265,"qui"
"TokensAlign",953.265,953.445,"ont"
"TokensAlign",953.445,953.675,"été"
"TokensAlign",953.675,954.205,"joués"
"TokensAlign",954.205,954.395,"euh"
"TokensAlign",954.395,954.665,"comme"
"TokensAlign",954.665,954.845,"pour"
"TokensAlign",954.845,955.465,"acteur"
"TokensAlign",955.465,955.885,"jean-paul"
"TokensAlign",955.885,956.725,"belmondo"
"TokensAlign",956.725,956.895,"hein"
"TokensAlign",956.895,957.225,"et"
"TokensAlign",957.225,957.535,"chaque"
"TokensAlign",957.535,957.945,"fois"
"TokensAlign",957.945,958.865,"+"
"TokensAlign",958.865,959.545,"euh"
"TokensAlign",959.545,959.865,"bon"
"TokensAlign",959.865,960.584062,"euh"
"TokensAlign",960.584062,961.945,"#"
"TokensAlign",961.945,962.085,"les"
"TokensAlign",962.085,962.355,"gens"
"TokensAlign",962.355,962.415,"qui"
"TokensAlign",962.415,962.585,"sont"
"TokensAlign",962.585,962.985,"friands"
"TokensAlign",962.985,963.055,"de"
"TokensAlign",963.055,963.215,"ce"
"TokensAlign",963.215,963.855,"genre"
"TokensAlign",963.855,964.11,"de"
"TokensAlign",964.11,964.315,"#"
"TokensAlign",964.315,964.905,"sujets"
"TokensAlign",964.905,965.285,"euh"
"TokensAlign",965.285,965.365,"ne"
"TokensAlign",965.365,965.595,"manquaient"
"TokensAlign",965.595,965.655,"pas"
"TokensAlign",965.655,965.685,"n'"
"TokensAlign",965.685,965.765,"en"
"TokensAlign",965.765,966.365,"manquati"
"TokensAlign",966.365,966.775,"pas"
"TokensAlign",966.775,966.81,"un"
"TokensAlign",966.81,967.645,"#"
"TokensAlign",967.645,968.495,"heinet"
"TokensAlign",968.495,968.695,"c'est"
"TokensAlign",968.695,968.885,"vrai"
"TokensAlign",968.885,968.965,"qu'"
"TokensAlign",968.965,968.995,"il"
"TokensAlign",968.995,969.025,"est"
"TokensAlign",969.025,969.595,"représenté"
"TokensAlign",969.595,969.635,"il"
"TokensAlign",969.635,969.785,"était"
"TokensAlign",969.785,970.155,"vraiment"
"TokensAlign",970.155,971.155,"représentatif"
"TokensAlign",971.155,971.94,"de"
"TokensAlign",971.94,972.28,"#"
"TokensAlign",972.28,972.43,"le"
"TokensAlign",972.43,973.13,"héros"
"TokensAlign",973.13,973.52,"en_fait"
"TokensAlign",973.52,973.62,"de"
"TokensAlign",973.62,974.19,"ce"
"TokensAlign",974.19,974.49,"genre"
"TokensAlign",974.49,974.56,"de"
"TokensAlign",974.56,974.910938,"film"
"TokensAlign",974.910938,985.245,"#"
"TokensAlign",985.245,985.475,"oui"
"TokensAlign",985.475,985.515,"il"
"TokensAlign",985.515,985.665,"est"
"TokensAlign",985.665,985.885,"vraiment"
"TokensAlign",985.885,986.665,"associé"
"TokensAlign",986.665,986.775,"à"
"TokensAlign",986.775,987.015,"ça"
"TokensAlign",987.015,987.305,"voilà"
"TokensAlign",987.305,987.935,"exactement"
"TokensAlign",987.935,988.035,"oui"
"TokensAlign",988.035,988.259063,"oui"
"TokensAlign",988.259063,996.907307,"#"
"TokensAlign",996.907307,997.177307,"c-"
"TokensAlign",997.177307,997.447307,"c-"
"TokensAlign",997.447307,997.577307,"c-"
"TokensAlign",997.577307,998.117307,"c'est"
"TokensAlign",998.117307,998.527307,"possible"
"TokensAlign",998.527307,998.687307,"oui"
"TokensAlign",998.687307,998.867307,"c'est"
"TokensAlign",998.867307,999.235,"vrai"
"TokensAlign",999.235,1006.821563,"#"
"TokensAlign",1006.821563,1007.171563,"ben"
"TokensAlign",1007.171563,1007.521563,"oui"
"TokensAlign",1007.521563,1007.911563,"euh"
"TokensAlign",1007.911563,1008.131563,"ça"
"TokensAlign",1008.131563,1008.331563,"c'est"
"TokensAlign",1008.331563,1008.501563,"vrai"
"TokensAlign",1008.501563,1008.671563,"ça"
"TokensAlign",1008.671563,1008.951563,"dépend"
"TokensAlign",1008.951563,1009.151563,"des"
"TokensAlign",1009.151563,1009.321563,"des"
"TokensAlign",1009.321563,1009.431563,"des"
"TokensAlign",1009.431563,1010.011563,"personnes"
"TokensAlign",1010.011563,1010.501563,"+"
"TokensAlign",1010.501563,1010.551563,"il"
"TokensAlign",1010.551563,1010.581563,"y"
"TokensAlign",1010.581563,1010.611563,"a"
"TokensAlign",1010.611563,1010.851563,"aussi"
"TokensAlign",1010.851563,1011.651563,"d'autres"
"TokensAlign",1011.651563,1011.771563,"euh"
"TokensAlign",1011.771563,1011.841563,"je"
"TokensAlign",1011.841563,1012.271563,"parle"
"TokensAlign",1012.271563,1012.451563,"de"
"TokensAlign",1012.451563,1012.731563,"jean-paul"
"TokensAlign",1012.731563,1013.231563,"belmondo"
"TokensAlign",1013.231563,1013.391563,"mais"
"TokensAlign",1013.391563,1013.481563,"je"
"TokensAlign",1013.481563,1013.701563,"parle"
"TokensAlign",1013.701563,1013.811563,"des"
"TokensAlign",1013.811563,1014.101563,"films"
"TokensAlign",1014.101563,1014.591563,"comme"
"TokensAlign",1014.591563,1014.731563,"les"
"TokensAlign",1014.731563,1015.041563,"james"
"TokensAlign",1015.041563,1015.75,"bond"
"TokensAlign",1015.75,1016.04,"#"
"TokensAlign",1016.04,1016.85,"@"
"TokensAlign",1016.85,1016.95,"et"
"TokensAlign",1016.95,1017.7,"là"
"TokensAlign",1017.7,1018.15,"c'est"
"TokensAlign",1018.15,1018.97,"différent"
"TokensAlign",1018.97,1019.23,"james"
"TokensAlign",1019.23,1019.49,"bond"
"TokensAlign",1019.49,1020.15776,"hein"
"TokensAlign",1020.15776,1020.78,"#"
"TokensAlign",1020.78,1021.505,"mais"
"TokensAlign",1021.505,1021.99,"#"
"TokensAlign",1021.99,1022.42,"voilà"
"TokensAlign",1022.42,1023.67,"#"
"TokensAlign",1023.67,1023.81,"et"
"TokensAlign",1023.81,1024.14,"en_fait"
"TokensAlign",1024.14,1024.27,"ils"
"TokensAlign",1024.27,1024.36,"ont"
"TokensAlign",1024.36,1024.61,"tous"
"TokensAlign",1024.61,1024.77,"été"
"TokensAlign",1024.77,1024.95,"bons"
"TokensAlign",1024.95,1025.43,"finalement"
"TokensAlign",1025.43,1025.49,"dans"
"TokensAlign",1025.49,1025.99,"leur"
"TokensAlign",1025.99,1026.44,"rôle"
"TokensAlign",1026.44,1026.64,"heindans"
"TokensAlign",1026.64,1026.75,"leur"
"TokensAlign",1026.75,1026.99,"propre"
"TokensAlign",1026.99,1027.53,"rôle"
"TokensAlign",1027.53,1028.080858,"#"
"TokensAlign",1028.080858,1028.440858,"donc"
"TokensAlign",1028.440858,1029.48,"euh"
"TokensAlign",1029.48,1030.24,"#"
"TokensAlign",1030.24,1030.37,"bon"
"TokensAlign",1030.37,1030.67,"c'est"
"TokensAlign",1030.67,1030.7,"un"
"TokensAlign",1030.7,1031.05,"thème"
"TokensAlign",1031.05,1031.16,"qui"
"TokensAlign",1031.16,1033.087516,"en_fait"
"TokensAlign",1033.087516,1034.346319,"#"
"TokensAlign",1034.346319,1034.496319,"qui"
"TokensAlign",1034.496319,1034.966319,"peut"
"TokensAlign",1034.966319,1035.346319,"intéresser"
"TokensAlign",1035.346319,1035.656319,"pas_mal_de"
"TokensAlign",1035.656319,1036.145,"monde"
"TokensAlign",1036.145,1036.225,"#"
"TokensAlign",1036.225,1036.703713,"qui"
"TokensAlign",1036.703713,1041.64,"#"
"TokensAlign",1041.64,1042.6,"indémodable"
"TokensAlign",1042.6,1042.87,"oui"
"TokensAlign",1042.87,1044.035,"exactement"
"TokensAlign",1044.035,1045.335,"#"
"TokensAlign",1045.335,1045.435,"c'est"
"TokensAlign",1045.435,1045.634063,"vrai"
"TokensAlign",1045.634063,1047.186563,"#"
"TokensAlign",1047.186563,1047.226563,"a"
"TokensAlign",1047.226563,1047.296563,"l'"
"TokensAlign",1047.296563,1048.486563,"époque"
"TokensAlign",1048.486563,1049.076563,"+"
"TokensAlign",1049.076563,1049.32,"oui"
"TokensAlign",1049.32,1051.505,"#"
"TokensAlign",1051.505,1051.975,"tout_à_fait"
"TokensAlign",1051.975,1052.451563,"tout_à_fait"
"TokensAlign",1052.451563,1061.415,"#"
"TokensAlign",1061.415,1061.645,"ah"
"TokensAlign",1061.645,1062.897188,"euh"
"TokensAlign",1062.897188,1068.47,"#"
"TokensAlign",1068.47,1069.07,"non"
"TokensAlign",1069.07,1069.545938,"puis"
"TokensAlign",1069.545938,1076.34,"#"
"TokensAlign",1076.34,1076.72,"l'"
"TokensAlign",1076.72,1077.5,"aventure"
"TokensAlign",1077.5,1077.86,"c'est"
"TokensAlign",1077.86,1078.28,"différent"
"TokensAlign",1078.28,1078.9499999999998,"différents"
"TokensAlign",1078.9499999999998,1079.34,"sujets"
"TokensAlign",1079.34,1079.51,"quoi"
"TokensAlign",1079.51,1079.9199999999998,"en_fait"
"TokensAlign",1079.9199999999998,1079.97,"hein"
"TokensAlign",1079.97,1080.01,"l'"
"TokensAlign",1080.01,1081.395,"aventure"
"TokensAlign",1081.395,1082.74,"#"
"TokensAlign",1082.74,1083.332813,"c'est"
"TokensAlign",1083.332813,1084.84,"#"
"TokensAlign",1084.84,1085.22,"voilà"
"TokensAlign",1085.22,1085.4499999999998,"c'est"
"TokensAlign",1085.4499999999998,1086.325,"large"
"TokensAlign",1086.325,1087.035,"#"
"TokensAlign",1087.035,1087.865,"oui"
"TokensAlign",1087.865,1088.1650000000002,"voilà"
"TokensAlign",1088.1650000000002,1088.732813,"c'est"
"TokensAlign",1088.732813,1090.485,"#"
"TokensAlign",1090.485,1090.8549999999998,"ouais"
"TokensAlign",1090.8549999999998,1091.125,"ouais"
"TokensAlign",1091.125,1091.5849999999998,"c'est"
"TokensAlign",1091.5849999999998,1091.975,"oui"
"TokensAlign",1091.975,1092.0749999999998,"non"
"TokensAlign",1092.0749999999998,1092.125,"mais"
"TokensAlign",1092.125,1092.285,"c'est"
"TokensAlign",1092.285,1092.535,"vrai"
"TokensAlign",1092.535,1092.685,"hein"
"TokensAlign",1092.685,1093.235,"c'est"
"TokensAlign",1093.235,1093.475,"+"
"TokensAlign",1093.475,1093.765,"c'est"
"TokensAlign",1093.765,1093.975,"très"
"TokensAlign",1093.975,1094.385,"large"
"TokensAlign",1094.385,1094.43,"hein"
"TokensAlign",1094.43,1106.930251,"#"
"TokensAlign",1106.930251,1107.260242,"oui"
"TokensAlign",1107.260242,1132.425,"#"
"TokensAlign",1132.425,1132.73,"ouioui"
"TokensAlign",1132.73,1134.751701,"#"
"TokensAlign",1134.751701,1135.118358,"oui"
"TokensAlign",1135.118358,1192.705,"#"
"TokensAlign",1192.705,1193.155,"mh"
"TokensAlign",1193.155,1196.243438,"#"
"TokensAlign",1196.243438,1196.483438,"oh"
"TokensAlign",1196.483438,1196.713438,"oui"
"TokensAlign",1196.713438,1196.793438,"une"
"TokensAlign",1196.793438,1197.323438,"romance"
"TokensAlign",1197.323438,1197.779063,"oui"
"TokensAlign",1197.779063,1203.2862,"#"
"TokensAlign",1203.2862,1203.743946,"mh"
"TokensAlign",1203.743946,1204.476341,"#"
"TokensAlign",1204.476341,1205.494827,"mh"
"TokensAlign",1205.494827,1206.673524,"#"
"TokensAlign",1206.673524,1207.42,"mh"
"TokensAlign",1207.42,1235.703826,"#"
"TokensAlign",1235.703826,1236.143815,"mh"
"TokensAlign",1236.143815,1250.06,"#"
"TokensAlign",1250.06,1250.34,"oui"
"TokensAlign",1250.34,1250.59,"moi"
"TokensAlign",1250.59,1251.58,"je"
"TokensAlign",1251.58,1251.94,"pense"
"TokensAlign",1251.94,1252.1799999999998,"bon"
"TokensAlign",1252.1799999999998,1252.77,"les"
"TokensAlign",1252.77,1253.45,"films"
"TokensAlign",1253.45,1254.23,"historiques"
"TokensAlign",1254.23,1254.64,"aussi"
"TokensAlign",1254.64,1255.75,"quelquefois"
"TokensAlign",1255.75,1255.81,"il_y"
"TokensAlign",1255.81,1255.84,"a"
"TokensAlign",1255.84,1255.96,"une"
"TokensAlign",1255.96,1256.26,"partie"
"TokensAlign",1256.26,1257.0,"documentaire"
"TokensAlign",1257.0,1257.45,"aussi"
"TokensAlign",1257.45,1257.48,"si"
"TokensAlign",1257.48,1257.71,"donc"
"TokensAlign",1257.71,1257.83,"il"
"TokensAlign",1257.83,1258.15,"rend"
"TokensAlign",1258.15,1258.56,"vraiment"
"TokensAlign",1258.56,1259.0,"plus"
"TokensAlign",1259.0,1259.49,"euh"
"TokensAlign",1259.49,1260.11,"+"
"TokensAlign",1260.11,1260.45,"euh"
"TokensAlign",1260.45,1261.7,"réaliste"
"TokensAlign",1261.7,1262.55,"et"
"TokensAlign",1262.55,1262.82,"+"
"TokensAlign",1262.82,1263.02,"et"
"TokensAlign",1263.02,1263.29,"et"
"TokensAlign",1263.29,1263.87,"véridique"
"TokensAlign",1263.87,1264.45,"+"
"TokensAlign",1264.45,1264.62,"hein"
"TokensAlign",1264.62,1265.39,"#"
"TokensAlign",1265.39,1266.5800000000002,"euh"
"TokensAlign",1266.5800000000002,1266.89,"quand"
"TokensAlign",1266.89,1266.92,"il_y"
"TokensAlign",1266.92,1266.96,"a"
"TokensAlign",1266.96,1267.12,"des"
"TokensAlign",1267.12,1267.65,"historiens"
"TokensAlign",1267.65,1267.86,"qui"
"TokensAlign",1267.86,1268.49,"interviennent"
"TokensAlign",1268.49,1268.5300000000002,"et"
"TokensAlign",1268.5300000000002,1268.67,"qui"
"TokensAlign",1268.67,1269.17,"parlent"
"TokensAlign",1269.17,1269.3200000000002,"alors"
"TokensAlign",1269.3200000000002,1269.39,"là"
"TokensAlign",1269.39,1269.468952,"je"
"TokensAlign",1269.468952,1270.3,"#"
"TokensAlign",1270.3,1270.58,"pense"
"TokensAlign",1270.58,1270.76,"que"
"TokensAlign",1270.76,1270.9199999999998,"bon"
"TokensAlign",1270.9199999999998,1271.0,"on"
"TokensAlign",1271.0,1271.53,"peut"
"TokensAlign",1271.53,1271.7,"les"
"TokensAlign",1271.7,1271.87,"quand"
"TokensAlign",1271.87,1272.01,"même"
"TokensAlign",1272.01,1272.1,"les"
"TokensAlign",1272.1,1272.66,"croire"
"TokensAlign",1272.66,1272.69,"hein"
"TokensAlign",1272.69,1272.77,"je"
"TokensAlign",1272.77,1272.96,"pense"
"TokensAlign",1272.96,1273.22,"que"
"TokensAlign",1273.22,1273.76,"si"
"TokensAlign",1273.76,1273.79,"+"
"TokensAlign",1273.79,1274.08,"s'"
"TokensAlign",1274.08,1274.13,"ils"
"TokensAlign",1274.13,1274.3,"s'"
"TokensAlign",1274.3,1274.9,"exposent"
"TokensAlign",1274.9,1274.98,"et"
"TokensAlign",1274.98,1275.16,"qu'"
"TokensAlign",1275.16,1275.45,"ils"
"TokensAlign",1275.45,1275.929258,"#"
"TokensAlign",1275.929258,1276.314249,"bon"
"TokensAlign",1276.314249,1276.992565,"#"
"TokensAlign",1276.992565,1277.422565,"donc"
"TokensAlign",1277.422565,1277.592565,"ça"
"TokensAlign",1277.592565,1277.862565,"donne"
"TokensAlign",1277.862565,1277.932565,"si"
"TokensAlign",1277.932565,1278.042565,"si"
"TokensAlign",1278.042565,1278.242565,"vous"
"TokensAlign",1278.242565,1278.732565,"voulez"
"TokensAlign",1278.732565,1278.802565,"je"
"TokensAlign",1278.802565,1279.182565,"pense"
"TokensAlign",1279.182565,1279.222565,"à"
"TokensAlign",1279.222565,1279.652565,"un"
"TokensAlign",1279.652565,1279.732565,"à"
"TokensAlign",1279.732565,1280.145,"ce"
"TokensAlign",1280.145,1280.31,"#"
"TokensAlign",1280.31,1280.56,"type"
"TokensAlign",1280.56,1280.69,"de"
"TokensAlign",1280.69,1281.14,"film"
"TokensAlign",1281.14,1282.33517,"euh"
"TokensAlign",1282.33517,1283.195,"#"
"TokensAlign",1283.195,1283.625,"historique"
"TokensAlign",1283.625,1283.665,"et"
"TokensAlign",1283.665,1284.365,"documentaire"
"TokensAlign",1284.365,1292.802188,"#"
"TokensAlign",1292.802188,1293.4,"oui"
"TokensAlign",1293.4,1294.115,"#"
"TokensAlign",1294.115,1294.465,"mh"
"TokensAlign",1294.465,1313.415,"#"
"TokensAlign",1313.415,1313.795,"voilà"
"TokensAlign",1313.795,1314.025,"oui"
"TokensAlign",1314.025,1314.14,"#"
"TokensAlign",1314.14,1314.41,"mh"
"TokensAlign",1314.41,1314.47,"mh"
"PronTokAlign",0.0,4.995,"#=0.0"
"PronTokAlign",4.995,5.492812,"b-O~-Z-u-R"
"PronTokAlign",5.492812,199.975,"#=0.0"
"PronTokAlign",199.975,201.145,"noise=0.0"
"PronTokAlign",201.145,201.799224,"#=0.0"
"PronTokAlign",201.799224,202.079224,"n-O/=0.417"
"PronTokAlign",202.079224,202.339224,"s-e"
"PronTokAlign",202.339224,202.889224,"U~/-t-E-R-E-s-a~=0.348"
"PronTokAlign",202.889224,203.759224,"E-f-E-k-t-i-v-2-m-a~=0.347"
"PronTokAlign",203.759224,204.539224,"fp"
"PronTokAlign",204.539224,204.569224,"#"
"PronTokAlign",204.569224,204.659224,"S=0.518"
"PronTokAlign",204.659224,204.909224,"p-a~-s=0.902"
"PronTokAlign",204.909224,204.959224,"k=0.932"
"PronTokAlign",204.959224,205.079224,"s-A/=0.746"
"PronTokAlign",205.079224,205.569224,"p-2-t=0.854"
"PronTokAlign",205.569224,206.299224,"U~/-t-e-R-e-s-e=0.697"
"PronTokAlign",206.299224,206.359224,"U~/=0.655"
"PronTokAlign",206.359224,206.709224,"p-y-b-l-i-k"
"PronTokAlign",206.709224,206.949224,"d-@=0.965"
"PronTokAlign",206.949224,207.319224,"Z-9-n=0.677"
"PronTokAlign",207.319224,207.619224,"k-O/-m=0.694"
"PronTokAlign",207.619224,207.869224,"U~/=0.59"
"PronTokAlign",207.869224,208.329224,"p-y-b-l-i-k"
"PronTokAlign",208.329224,208.889224,"fp"
"PronTokAlign",208.889224,209.279224,"#"
"PronTokAlign",209.279224,209.369224,"t=0.612"
"PronTokAlign",209.369224,209.989224,"p-E-R-s-O/-n=0.762"
"PronTokAlign",209.989224,210.607888,"fp"
"PronTokAlign",210.607888,211.255423,"#=0.0"
"PronTokAlign",211.255423,211.405423,"p-l-y-s=0.567"
"PronTokAlign",211.405423,211.745423,"A/-Z-e=0.851"
"PronTokAlign",211.745423,212.105423,"k-w-A/"
"PronTokAlign",212.105423,212.195423,"U~/"
"PronTokAlign",212.195423,212.305423,"d-@=0.546"
"PronTokAlign",212.305423,212.895423,"s-E-n-j-O/-R=0.822"
"PronTokAlign",212.895423,213.325423,"n-O/-t-A/-m-a~=0.825"
"PronTokAlign",213.325423,213.795423,"O/-s-i"
"PronTokAlign",213.795423,213.945,"U~/"
"PronTokAlign",213.945,214.24,"#=0.0"
"PronTokAlign",214.24,214.81,"noise=0.0"
"PronTokAlign",214.81,215.12,"#=0.0"
"PronTokAlign",215.12,216.52,"fp"
"PronTokAlign",216.52,216.69,"#"
"PronTokAlign",216.69,216.93,"u-i=0.704"
"PronTokAlign",216.93,217.12,"s-e"
"PronTokAlign",217.12,217.26,"s-e"
"PronTokAlign",217.26,217.41,"p-A/=0.725"
"PronTokAlign",217.41,217.65,"m-A/-l"
"PronTokAlign",217.65,217.77,"u-i=0.731"
"PronTokAlign",217.77,218.46,"e-f-E-k-t-i-v-m-a~=0.31"
"PronTokAlign",218.46,218.674688,"w-E"
"PronTokAlign",218.674688,227.24,"#=0.0"
"PronTokAlign",227.24,227.43,"m-w-A/"
"PronTokAlign",227.43,227.55,"S=0.801"
"PronTokAlign",227.55,227.59,"e=0.598"
"PronTokAlign",227.59,228.48,"p-a~-s-e"
"PronTokAlign",228.48,228.85,"O/"
"PronTokAlign",228.85,228.93,"A/"
"PronTokAlign",228.93,228.99,"l-A/"
"PronTokAlign",228.99,229.56,"k-O/-m-e-d-i=0.861"
"PronTokAlign",229.56,229.66,"E=0.578"
"PronTokAlign",229.66,229.81,"O/=0.651"
"PronTokAlign",229.81,230.509883,"R-O/-m-a~-s-@=0.981"
"PronTokAlign",230.509883,231.145427,"#=0.0"
"PronTokAlign",231.145427,231.695427,"fp"
"PronTokAlign",231.695427,231.995427,"p-A/-R-s-k=0.642"
"PronTokAlign",231.995427,232.205427,"s-e-2=0.506"
"PronTokAlign",232.205427,232.605427,"s-O~=0.792"
"PronTokAlign",232.605427,234.055427,"d-e=0.789"
"PronTokAlign",234.055427,234.095427,"#"
"PronTokAlign",234.095427,234.515427,"s=0.653"
"PronTokAlign",234.515427,234.725427,"s-O~=0.724"
"PronTokAlign",234.725427,235.085427,"s-e"
"PronTokAlign",235.085427,235.235427,"U~/-n=0.621"
"PronTokAlign",235.235427,235.905427,"s-y-Z-e=0.927"
"PronTokAlign",235.905427,236.045427,"fp"
"PronTokAlign",236.045427,237.015427,"k-i"
"PronTokAlign",237.015427,237.085427,"#"
"PronTokAlign",237.085427,237.825427,"U~/-t-E-R-E-s=0.391"
"PronTokAlign",237.825427,237.855427,"#"
"PronTokAlign",237.855427,239.365427,"fp"
"PronTokAlign",239.365427,239.505427,"k=0.627"
"PronTokAlign",239.505427,239.845427,"p-E-R-m-e=0.627"
"PronTokAlign",239.845427,239.975427,"d-@=0.412"
"PronTokAlign",239.975427,240.765427,"#"
"PronTokAlign",240.765427,240.845427,"t=0.428"
"PronTokAlign",240.845427,240.965427,"s"
"PronTokAlign",240.965427,241.395427,"E-v-A/-d-e=0.579"
"PronTokAlign",241.395427,241.465427,"Z=0.436"
"PronTokAlign",241.465427,241.795427,"t-R-u-v=0.599"
"PronTokAlign",241.795427,241.905427,"t=0.537"
"PronTokAlign",241.905427,242.487888,"fp"
"PronTokAlign",242.487888,243.385,"#=0.0"
"PronTokAlign",243.385,244.635,"fp"
"PronTokAlign",244.635,245.195,"s-e"
"PronTokAlign",245.195,245.485,"a~-f-U~/"
"PronTokAlign",245.485,245.755,"s-e"
"PronTokAlign",245.755,246.295,"s-e"
"PronTokAlign",246.295,246.455,"s-e"
"PronTokAlign",246.455,247.115,"d-i-s-t-R-E-j-a~=0.583"
"PronTokAlign",247.115,247.345,"k-w-A/"
"PronTokAlign",247.345,247.625,"s-e"
"PronTokAlign",247.625,247.815,"s-e"
"PronTokAlign",247.815,248.015,"U~/=0.796"
"PronTokAlign",248.015,249.005,"l-w-A/-z-i-R"
"PronTokAlign",249.005,249.185,"U~/"
"PronTokAlign",249.185,249.603589,"fp"
"PronTokAlign",249.603589,250.42,"#=0.0"
"PronTokAlign",250.42,250.58,"p-u-R"
"PronTokAlign",250.58,250.74,"t-u=0.647"
"PronTokAlign",250.74,251.09,"Z-a~-R=0.817"
"PronTokAlign",251.09,251.63,"d-@=0.806"
"PronTokAlign",251.63,251.73,"d-@=0.604"
"PronTokAlign",251.73,252.13,"p-y-b-l-i-k"
"PronTokAlign",252.13,252.55,"a~-f-E-t=0.952"
"PronTokAlign",252.55,252.74,"U~/"
"PronTokAlign",252.74,252.88,"A/"
"PronTokAlign",252.88,253.26,"p-A/-R"
"PronTokAlign",253.26,253.48,"l-e=0.54"
"PronTokAlign",253.48,253.62,"l-e=0.585"
"PronTokAlign",253.62,254.01,"Z-9-n=0.602"
"PronTokAlign",254.01,254.25,"#"
"PronTokAlign",254.25,254.7,"l-e-z=0.314"
"PronTokAlign",254.7,255.0,"Z-9-n-z=0.601"
"PronTokAlign",255.0,255.55,"a~-f-a~-z=0.783"
"PronTokAlign",255.55,255.63,"U~/"
"PronTokAlign",255.63,256.85,"#=0.0"
"PronTokAlign",256.85,257.0,"b-j-U~/=0.595"
"PronTokAlign",257.0,257.35,"s-y-R"
"PronTokAlign",257.35,257.965,"#=0.0"
"PronTokAlign",257.965,258.450567,"b-O~=0.454"
"PronTokAlign",258.450567,272.768335,"#=0.0"
"PronTokAlign",272.768335,274.124968,"fp=0.0"
"PronTokAlign",274.124968,279.975,"#=0.0"
"PronTokAlign",279.975,280.485,"u-i=0.967"
"PronTokAlign",280.485,280.795,"O/"
"PronTokAlign",280.795,280.915,"b-U~/=0.474"
"PronTokAlign",280.915,281.075,"Z-@=0.815"
"PronTokAlign",281.075,281.15,"#=0.0"
"PronTokAlign",281.15,281.52,"p-a~-s=0.686"
"PronTokAlign",281.52,281.86,"u-i=0.808"
"PronTokAlign",281.86,282.19,"fp"
"PronTokAlign",282.19,282.88,"n-O/-t-A/-m-a~=0.801"
"PronTokAlign",282.88,284.39,"fp"
"PronTokAlign",284.39,285.33,"#"
"PronTokAlign",285.33,285.44,"l-O/-R=0.395"
"PronTokAlign",285.44,285.97,"k-O/-m-a~-t=0.956"
"PronTokAlign",285.97,286.06,"i-l=0.586"
"PronTokAlign",286.06,286.16,"s"
"PronTokAlign",286.16,286.83,"A/-p-E-l-@=0.822"
"PronTokAlign",286.83,286.965,"s=0.501"
"PronTokAlign",286.965,287.578446,"#=0.0"
"PronTokAlign",287.578446,287.788446,"S=0.841"
"PronTokAlign",287.788446,287.818446,"e=0.552"
"PronTokAlign",287.818446,288.018446,"p-l-y=0.885"
"PronTokAlign",288.018446,288.158446,"a~"
"PronTokAlign",288.158446,288.528446,"t-E-t-@=0.703"
"PronTokAlign",288.528446,288.968446,"s-@=0.559"
"PronTokAlign",288.968446,289.298446,"s-e-2=0.554"
"PronTokAlign",289.298446,289.698446,"s-E-t=0.734"
"PronTokAlign",289.698446,290.055,"a~-f-U~/"
"PronTokAlign",290.055,290.5,"#=0.0"
"PronTokAlign",290.5,290.61,"s-@=0.48"
"PronTokAlign",290.61,291.1,"f-i-l-m=0.602"
"PronTokAlign",291.1,291.32,"p-u-R"
"PronTokAlign",291.32,291.53,"l-e-z=0.595"
"PronTokAlign",291.53,292.04,"a~-f-a~=0.857"
"PronTokAlign",292.04,292.21,"l-A/"
"PronTokAlign",292.21,292.66,"fp"
"PronTokAlign",292.66,294.155,"#=0.0"
"PronTokAlign",294.155,294.713438,"fp=0.0"
"PronTokAlign",294.713438,299.49,"#=0.0"
"PronTokAlign",299.49,299.78000000000003,"w-E"
"PronTokAlign",299.78000000000003,299.83,"m=0.813"
"PronTokAlign",299.83,300.19,"a~-f-U~/"
"PronTokAlign",300.19,300.34000000000003,"fp"
"PronTokAlign",300.34000000000003,300.72,"m-U~/-t-@-n-a~=0.565"
"PronTokAlign",300.72,301.5,"A/-k-t-y-E-l-@-m-a~=0.467"
"PronTokAlign",301.5,301.88,"fp"
"PronTokAlign",301.88,301.91,"#"
"PronTokAlign",301.91,302.1,"s-e"
"PronTokAlign",302.1,302.2,"s-u=0.766"
"PronTokAlign",302.2,302.5,"f-O/-R-m-@=0.565"
"PronTokAlign",302.5,302.6,"t=0.409"
"PronTokAlign",302.6,302.75,"U~/=0.739"
"PronTokAlign",302.75,303.1,"p-t-i=0.547"
"PronTokAlign",303.1,303.21000000000004,"p-2"
"PronTokAlign",303.21000000000004,303.24,"d=0.4"
"PronTokAlign",303.24,303.90000000000003,"d-e-s-U~/-A/-n-i-m-e"
"PronTokAlign",303.90000000000003,304.56,"e=0.709"
"PronTokAlign",304.56,304.75,"s-e"
"PronTokAlign",304.75,304.93,"v-R-E=0.593"
"PronTokAlign",304.93,304.99,"k"
"PronTokAlign",304.99,305.02,"j=0.634"
"PronTokAlign",305.02,305.05,"A/"
"PronTokAlign",305.05,305.67,"t-u-Z-u-R=0.832"
"PronTokAlign",305.67,306.628368,"fp"
"PronTokAlign",306.628368,307.83,"#=0.0"
"PronTokAlign",307.83,308.15,"y-n-@=0.925"
"PronTokAlign",308.15,308.21,"#=0.0"
"PronTokAlign",308.21,308.45,"p-A/-R"
"PronTokAlign",308.45,308.63,"d-@=0.706"
"PronTokAlign",308.63,309.21,"R-E-v-@=0.548"
"PronTokAlign",309.21,309.31,"l-A/"
"PronTokAlign",309.31,310.27,"p-R-U~/-s-E-s=0.619"
"PronTokAlign",310.27,310.34,"l=0.683"
"PronTokAlign",310.34,310.65,"p-R-U~/-s=0.643"
"PronTokAlign",310.65,311.48999999999995,"S-A/-R-m-a~=0.799"
"PronTokAlign",311.48999999999995,312.29,"fp"
"PronTokAlign",312.29,312.36,"#"
"PronTokAlign",312.36,312.51,"s-e"
"PronTokAlign",312.51,312.65,"p-u-R"
"PronTokAlign",312.65,313.03,"t-u-l-E-z=0.827"
"PronTokAlign",313.03,313.33,"A/-Z=0.852"
"PronTokAlign",313.33,313.84,"a~-f-E-t=0.591"
"PronTokAlign",313.84,314.02,"U~/"
"PronTokAlign",314.02,314.731845,"s-e"
"PronTokAlign",314.731845,315.485,"#=0.0"
"PronTokAlign",315.485,316.385,"fp=0.0"
"PronTokAlign",316.385,316.875,"#=0.0"
"PronTokAlign",316.875,317.365,"d-O~-k=0.999"
"PronTokAlign",317.365,317.965,"#=0.0"
"PronTokAlign",317.965,318.62221,"u-i=0.99"
"PronTokAlign",318.62221,320.095,"#=0.0"
"PronTokAlign",320.095,320.545,"d-O~-k=0.976"
"PronTokAlign",320.545,320.985,"fp"
"PronTokAlign",320.985,321.095,"S=0.445"
"PronTokAlign",321.095,321.40500000000003,"d-i-z-e=0.58"
"PronTokAlign",321.40500000000003,321.71500000000003,"d-O~-k=0.919"
"PronTokAlign",321.71500000000003,322.378062,"fp"
"PronTokAlign",322.378062,323.165,"#=0.0"
"PronTokAlign",323.165,324.545,"fp"
"PronTokAlign",324.545,325.38500000000005,"#"
"PronTokAlign",325.38500000000005,325.63500000000005,"s-e"
"PronTokAlign",325.63500000000005,325.785,"v-R-E=0.558"
"PronTokAlign",325.785,325.915,"k"
"PronTokAlign",325.915,325.995,"j=0.531"
"PronTokAlign",325.995,326.045,"A/"
"PronTokAlign",326.045,326.235,"d-e-z=0.675"
"PronTokAlign",326.235,326.805,"A/-k-t-9-R=0.711"
"PronTokAlign",326.805,326.935,"k"
"PronTokAlign",326.935,326.975,"i=0.682"
"PronTokAlign",326.975,327.675,"s-O~-t=0.793"
"PronTokAlign",327.675,328.13500000000005,"p-l-y=0.814"
"PronTokAlign",328.13500000000005,329.665,"fp"
"PronTokAlign",329.665,329.865,"#"
"PronTokAlign",329.865,330.105,"a~-f-U~/"
"PronTokAlign",330.105,330.745,"k-j=0.758"
"PronTokAlign",330.745,330.81,"#=0.0"
"PronTokAlign",330.81,331.180313,"k-i=0.629"
"PronTokAlign",331.180313,332.55,"#=0.0"
"PronTokAlign",332.55,332.84000000000003,"f-O~=0.834"
"PronTokAlign",332.84000000000003,333.72,"b-j-U~/-n=0.681"
"PronTokAlign",333.72,334.24,"p-A/-R-t-i"
"PronTokAlign",334.24,334.38,"d-@=0.794"
"PronTokAlign",334.38,334.74,"s-e=0.757"
"PronTokAlign",334.74,335.19,"k-O/-m-e-d-i=0.735"
"PronTokAlign",335.19,335.78000000000003,"R-O/-m-a~-s=0.477"
"PronTokAlign",335.78000000000003,336.057893,"U~/"
"PronTokAlign",336.057893,337.135665,"#=0.0"
"PronTokAlign",337.135665,338.756865,"fp=0.0"
"PronTokAlign",338.756865,339.985679,"#=0.0"
"PronTokAlign",339.985679,340.025679,"Z=0.643"
"PronTokAlign",340.025679,340.365679,"p-a~-s-@=0.849"
"PronTokAlign",340.365679,340.555679,"b-O~=0.417"
"PronTokAlign",340.555679,340.615679,"A/"
"PronTokAlign",340.615679,340.785679,"d-e-z=0.444"
"PronTokAlign",340.785679,341.075679,"A/-k-t-9-R=0.951"
"PronTokAlign",341.075679,341.515679,"A/-m-e-R-i-k-U~/=0.509"
"PronTokAlign",341.515679,341.605679,"m-e=0.315"
"PronTokAlign",341.605679,341.675679,"Z=0.507"
"PronTokAlign",341.675679,341.70567900000003,"e=0.542"
"PronTokAlign",341.70567900000003,342.085679,"O/-s-i"
"PronTokAlign",342.085679,342.185679,"A/"
"PronTokAlign",342.185679,342.365679,"d-e=0.428"
"PronTokAlign",342.365679,342.635679,"A/-k-t-9-R=0.86"
"PronTokAlign",342.635679,343.475679,"f-R-a~-s-e=0.796"
"PronTokAlign",343.475679,344.190938,"fp"
"PronTokAlign",344.190938,345.615,"#=0.0"
"PronTokAlign",345.615,346.182188,"b-O/-n=0.657"
"PronTokAlign",346.182188,348.5,"#=0.0"
"PronTokAlign",348.5,348.74,"k-O/-m-a~=0.644"
"PronTokAlign",348.74,349.305,"d-i-R=0.743"
"PronTokAlign",349.305,350.45,"#=0.0"
"PronTokAlign",350.45,351.852188,"fp=0.0"
"PronTokAlign",351.852188,354.906563,"#=0.0"
"PronTokAlign",354.906563,355.236563,"b-E=0.554"
"PronTokAlign",355.236563,355.426563,"u-i=0.651"
"PronTokAlign",355.426563,355.586563,"k-O/-m=0.854"
"PronTokAlign",355.586563,355.856563,"s-A/"
"PronTokAlign",355.856563,355.986563,"s-e"
"PronTokAlign",355.986563,356.146563,"v-R-E=0.632"
"PronTokAlign",356.146563,356.356563,"k-@=0.97"
"PronTokAlign",356.356563,357.585,"laugh"
"PronTokAlign",357.585,357.73,"#=0.0"
"PronTokAlign",357.73,358.1,"fp"
"PronTokAlign",358.1,358.20000000000005,"A/"
"PronTokAlign",358.20000000000005,358.43,"b-R-y-l=0.633"
"PronTokAlign",358.43,359.96,"p-u-R-p-w-U~/"
"PronTokAlign",359.96,361.025,"#=0.0"
"PronTokAlign",361.025,361.455,"v-w-A/-l-A/=0.99"
"PronTokAlign",361.455,361.705,"k-i=0.545"
"PronTokAlign",361.705,362.285,"R-2-p-R-E-z-a~-t-2=0.976"
"PronTokAlign",362.285,362.595,"b-j-U~/=0.718"
"PronTokAlign",362.595,362.805,"s-@=0.484"
"PronTokAlign",362.805,363.265,"Z-a~-R-@=0.533"
"PronTokAlign",363.265,363.585,"d-@=0.938"
"PronTokAlign",363.585,363.805,"d-@=0.898"
"PronTokAlign",363.805,363.995,"d-@=0.871"
"PronTokAlign",363.995,364.875,"f-i-l-m-@"
"PronTokAlign",364.875,365.585,"#"
"PronTokAlign",365.585,366.77,"fp"
"PronTokAlign",366.77,368.428108,"#=0.0"
"PronTokAlign",368.428108,368.645895,"fp=0.0"
"PronTokAlign",368.645895,368.96,"#=0.0"
"PronTokAlign",368.96,369.24,"v-w-A/-z=0.898"
"PronTokAlign",369.24,369.395,"#=0.0"
"PronTokAlign",369.395,369.945,"m-w-A/"
"PronTokAlign",369.945,370.085,"#=0.0"
"PronTokAlign",370.085,370.505,"u-i=0.622"
"PronTokAlign",370.505,371.215,"d-i-k-A/-p-R-i-j-O/"
"PronTokAlign",371.215,372.065,"p-A/-R-E-g-s-a~-p-l=0.409"
"PronTokAlign",372.065,372.615,"#"
"PronTokAlign",372.615,372.785,"s-e"
"PronTokAlign",372.785,372.875,"v-R-E=0.511"
"PronTokAlign",372.875,372.91622,"k=0.836"
"PronTokAlign",372.91622,373.085,"#=0.0"
"PronTokAlign",373.085,373.315,"k-a~-t=0.695"
"PronTokAlign",373.315,374.01,"O~-n=0.997"
"PronTokAlign",374.01,376.235,"#=0.0"
"PronTokAlign",376.235,376.465,"w-i=0.602"
"PronTokAlign",376.465,376.86,"w-i=0.568"
"PronTokAlign",376.86,378.575,"#=0.0"
"PronTokAlign",378.575,378.955,"u-i=0.916"
"PronTokAlign",378.955,382.2,"#=0.0"
"PronTokAlign",382.2,383.43,"R-2-p-R-E-z-a~-t-A/-t-i-v-2=0.613"
"PronTokAlign",383.43,383.7,"u-i=0.707"
"PronTokAlign",383.7,383.84,"s-e"
"PronTokAlign",383.84,384.18,"s-A/"
"PronTokAlign",384.18,384.34,"u-i=0.608"
"PronTokAlign",384.34,384.47,"d-@=0.767"
"PronTokAlign",384.47,384.67,"s-@=0.566"
"PronTokAlign",384.67,384.87,"Z-a~-R=0.578"
"PronTokAlign",384.87,384.98,"d-@=0.551"
"PronTokAlign",384.98,385.36,"f-i-l-m=0.688"
"PronTokAlign",385.36,385.67,"U~/"
"PronTokAlign",385.67,385.985,"u-i=0.514"
"PronTokAlign",385.985,387.87,"#=0.0"
"PronTokAlign",387.87,388.22,"u-i=0.901"
"PronTokAlign",388.22,388.36,"A/"
"PronTokAlign",388.36,388.56,"u-i=0.601"
"PronTokAlign",388.56,389.010938,"u-i=0.923"
"PronTokAlign",389.010938,390.24,"#=0.0"
"PronTokAlign",390.24,390.75,"e-v-i-d-A/-m-a~-t=0.317"
"PronTokAlign",390.75,391.018281,"fp"
"PronTokAlign",391.018281,392.07,"#=0.0"
"PronTokAlign",392.07,392.71,"fp"
"PronTokAlign",392.71,392.88,"k-@=0.513"
"PronTokAlign",392.88,393.15,"d-i-R-@=0.681"
"PronTokAlign",393.15,393.921563,"d-O/-t-R=0.742"
"PronTokAlign",393.921563,395.39,"#=0.0"
"PronTokAlign",395.39,395.89,"A/-l-R=0.527"
"PronTokAlign",395.89,396.21,"k-O/-m-a~=0.69"
"PronTokAlign",396.21,396.43,"s-@=0.524"
"PronTokAlign",396.43,396.89,"#"
"PronTokAlign",396.89,397.11,"Z-a~-R=0.801"
"PronTokAlign",397.11,397.2,"d-@=0.64"
"PronTokAlign",397.2,397.56,"f-i-l-m=0.585"
"PronTokAlign",397.56,397.76,"A/"
"PronTokAlign",397.76,398.33,"b-j-U~/=0.789"
"PronTokAlign",398.33,398.71,"e-v-O/-l-y-e=0.871"
"PronTokAlign",398.71,398.8,"O/"
"PronTokAlign",398.8,399.05,"f-i-l"
"PronTokAlign",399.05,399.13,"d-y=0.625"
"PronTokAlign",399.13,399.4,"t-a~=0.895"
"PronTokAlign",399.4,399.52,"m-w-A/"
"PronTokAlign",399.52,399.61,"S=0.732"
"PronTokAlign",399.61,400.01,"t-R-u-v=0.63"
"PronTokAlign",400.01,400.73,"U~/"
"PronTokAlign",400.73,401.03,"p-A/-s-k-@=0.449"
"PronTokAlign",401.03,401.33,"s-A/=0.669"
"PronTokAlign",401.33,401.5,"s-A/=0.653"
"PronTokAlign",401.5,401.75,"R-E-s-t=0.809"
"PronTokAlign",401.75,401.86,"k-a~=0.95"
"PronTokAlign",401.86,401.96,"m-E-m=0.697"
"PronTokAlign",401.96,402.25,"t-u-Z-u-R=0.757"
"PronTokAlign",402.25,402.3,"d=0.924"
"PronTokAlign",402.3,403.07,"A/-k-t-y-A/-l-i-t-e"
"PronTokAlign",403.07,403.19,"U~/"
"PronTokAlign",403.19,403.29,"i=0.46"
"PronTokAlign",403.29,403.34,"A/"
"PronTokAlign",403.34,403.79,"t-u-Z-u-R=0.766"
"PronTokAlign",403.79,404.50683,"fp"
"PronTokAlign",404.50683,405.555,"#=0.0"
"PronTokAlign",405.555,405.835,"b-O~=0.503"
"PronTokAlign",405.835,405.885,"e=0.583"
"PronTokAlign",405.885,406.035,"p-i=0.512"
"PronTokAlign",406.035,406.605,"m-U~/-t-@-n-a~=0.627"
"PronTokAlign",406.605,406.875,"b-O/=0.518"
"PronTokAlign",406.875,407.055,"A/-v-E-k"
"PronTokAlign",407.055,407.205,"t-u=0.545"
"PronTokAlign",407.205,407.535,"s-e-2=0.67"
"PronTokAlign",407.535,407.785,"k-i=0.417"
"PronTokAlign",407.785,407.965,"s-@=0.852"
"PronTokAlign",407.965,408.465,"p-A/-s=0.738"
"PronTokAlign",408.465,409.045,"a~-f-E-t=0.481"
"PronTokAlign",409.045,410.475,"fp"
"PronTokAlign",410.475,410.985,"#"
"PronTokAlign",410.985,411.785,"l-e-z=0.761"
"PronTokAlign",411.785,412.045,"l-A/"
"PronTokAlign",412.045,412.355,"l-A/"
"PronTokAlign",412.355,412.815,"k-O/-m-a~=0.583"
"PronTokAlign",412.815,413.045,"d-i-R-@=0.505"
"PronTokAlign",413.045,413.345,"l-e-z=0.506"
"PronTokAlign",413.345,414.27,"l-e-z=0.975"
"PronTokAlign",414.27,414.72,"#=0.0"
"PronTokAlign",414.72,414.87,"l-A/"
"PronTokAlign",414.87,415.78,"R-2-k-O/-n-E-s-a~-s-2=0.628"
"PronTokAlign",415.78,417.31,"d-e-z=0.996"
"PronTokAlign",417.31,417.37,"#"
"PronTokAlign",417.37,417.62,"d-e-z=0.682"
"PronTokAlign",417.62,418.43,"O/-m-O/-s-E-k-s-y-E-l=0.932"
"PronTokAlign",418.43,419.0100000000001,"a~-f-E-t=0.941"
"PronTokAlign",419.0100000000001,419.47,"U~/"
"PronTokAlign",419.47,420.41,"fp"
"PronTokAlign",420.41,420.72,"#=0.0"
"PronTokAlign",420.72,421.02,"s-A/=0.998"
"PronTokAlign",421.02,421.22,"s-A/=0.971"
"PronTokAlign",421.22,421.5,"s-A/=0.924"
"PronTokAlign",421.5,421.9500000000001,"R-a~-t-R-@=0.592"
"PronTokAlign",421.9500000000001,422.08,"d-a~=0.694"
"PronTokAlign",422.08,422.2000000000001,"s=0.598"
"PronTokAlign",422.2000000000001,422.55,"k-A/-d-R=0.732"
"PronTokAlign",422.55,422.99,"O/-s-i"
"PronTokAlign",422.99,423.04,"U~/"
"PronTokAlign",423.04,423.53575,"fp"
"PronTokAlign",423.53575,424.33,"#=0.0"
"PronTokAlign",424.33,425.17,"e=0.0"
"PronTokAlign",425.17,426.09,"#=0.0"
"PronTokAlign",426.09,426.465,"w-i=0.611"
"PronTokAlign",426.465,426.6,"#=0.0"
"PronTokAlign",426.6,427.03,"u-i=0.954"
"PronTokAlign",427.03,427.29,"d-O~-k=0.948"
"PronTokAlign",427.29,427.42,"l"
"PronTokAlign",427.42,428.5100000000001,"O/-m-O/-z-E-k-s-y-A/-l-i-t-e"
"PronTokAlign",428.5100000000001,428.67,"b-O/=0.396"
"PronTokAlign",428.67,428.97,"m-U~/-n-a~=0.488"
"PronTokAlign",428.97,429.16,"s-A/=0.824"
"PronTokAlign",429.16,429.68,"R-a~-t-R=0.632"
"PronTokAlign",429.68,430.23,"v-R-E-m-a~=0.382"
"PronTokAlign",430.23,430.3200000000001,"d-a~=0.802"
"PronTokAlign",430.3200000000001,430.36,"l=0.421"
"PronTokAlign",430.36,430.8200000000001,"k-A/-d-R-@=0.627"
"PronTokAlign",430.8200000000001,431.47,"d-e-z=0.645"
"PronTokAlign",431.47,432.3200000000001,"f-i-l-m-z=0.987"
"PronTokAlign",432.3200000000001,432.8200000000001,"k-u-R-a~-z=0.678"
"PronTokAlign",432.8200000000001,433.08,"k-w-A/"
"PronTokAlign",433.08,441.24,"#=0.0"
"PronTokAlign",441.24,441.55,"u-i=0.588"
"PronTokAlign",441.55,441.98,"t-u-t-A/-f-e=0.516"
"PronTokAlign",441.98,442.55,"t-u-t-A/-f-e=0.515"
"PronTokAlign",442.55,447.08,"#=0.0"
"PronTokAlign",447.08,447.48,"u-i=0.585"
"PronTokAlign",447.48,447.62,"b-j-U~/=0.717"
"PronTokAlign",447.62,447.965,"s-y-R"
"PronTokAlign",447.965,450.840938,"#=0.0"
"PronTokAlign",450.840938,451.240938,"v-w-A/-l-A/=0.99"
"PronTokAlign",451.240938,451.810938,"E-g-z-A/-k-t-2-m-a~=0.513"
"PronTokAlign",451.810938,452.130938,"m-U~/-t-@-n-a~=0.51"
"PronTokAlign",452.130938,452.230938,"s=0.643"
"PronTokAlign",452.230938,452.380938,"s=0.508"
"PronTokAlign",452.380938,452.970938,"b-A/-n-A/-l-i-z=0.62"
"PronTokAlign",452.970938,453.270938,"U~/"
"PronTokAlign",453.270938,453.490938,"e=0.954"
"PronTokAlign",453.490938,454.325798,"d-O~-k=0.906"
"PronTokAlign",454.325798,454.805,"#=0.0"
"PronTokAlign",454.805,455.225,"s-A/=0.998"
"PronTokAlign",455.225,455.435,"p-H-i=0.446"
"PronTokAlign",455.435,455.735,"s-A/=0.997"
"PronTokAlign",455.735,456.205,"p-E-R-m-e=0.719"
"PronTokAlign",456.205,456.345,"O/=0.879"
"PronTokAlign",456.345,457.015,"Z-a~-z=0.886"
"PronTokAlign",457.015,457.265,"a~-f-U~/"
"PronTokAlign",457.265,457.395,"l-e=0.661"
"PronTokAlign",457.395,458.18,"Z-a~-z"
"PronTokAlign",458.18,458.28,"#=0.0"
"PronTokAlign",458.28,458.45,"d-@=0.827"
"PronTokAlign",458.45,458.7,"u-v-R-i-R"
"PronTokAlign",458.7,458.87,"U~/=0.791"
"PronTokAlign",458.87,459.0,"p-2"
"PronTokAlign",459.0,459.2,"l-9-R=0.563"
"PronTokAlign",459.2,459.58,"E-s-p-R-i=0.773"
"PronTokAlign",459.58,459.97,"O/-s-i"
"PronTokAlign",459.97,460.09,"U~/"
"PronTokAlign",460.09,460.82,"#=0.0"
"PronTokAlign",460.82,461.14,"s-y-R-s-@"
"PronTokAlign",461.14,461.33,"Z-a~-R=0.737"
"PronTokAlign",461.33,461.825,"#=0.0"
"PronTokAlign",461.825,461.925,"e=0.82"
"PronTokAlign",461.925,462.035,"p-i=0.649"
"PronTokAlign",462.035,462.145,"O~-n=0.515"
"PronTokAlign",462.145,462.225,"a~"
"PronTokAlign",462.225,462.345,"v-w-A/=0.882"
"PronTokAlign",462.345,462.795,"d-e-Z-A/=0.668"
"PronTokAlign",462.795,462.895,"d-e=0.505"
"PronTokAlign",462.895,463.195,"f-i-l-m=0.75"
"PronTokAlign",463.195,463.785,"#"
"PronTokAlign",463.785,464.095,"u"
"PronTokAlign",464.095,464.225,"j=0.656"
"PronTokAlign",464.225,464.285,"A/"
"PronTokAlign",464.285,464.775,"d-e-z=0.642"
"PronTokAlign",464.775,465.335,"#"
"PronTokAlign",465.335,465.425,"O~=0.818"
"PronTokAlign",465.425,465.605,"p-A/-R-l=0.853"
"PronTokAlign",465.605,465.695,"d-@=0.415"
"PronTokAlign",465.695,465.795,"l-A/"
"PronTokAlign",465.795,466.985,"t-R-a~-s-E-k-s-y-A/-l-i-t-e=0.718"
"PronTokAlign",466.985,467.135,"O~=0.649"
"PronTokAlign",467.135,467.795,"p-A/-R-l=0.823"
"PronTokAlign",467.795,467.825,"t=0.356"
"PronTokAlign",467.825,467.855,"l"
"PronTokAlign",467.855,469.105,"O/-m-O/-z-E-k-s-y-A/-l-i-t-e"
"PronTokAlign",469.105,469.470938,"fp"
"PronTokAlign",469.470938,471.035,"#=0.0"
"PronTokAlign",471.035,471.1350000000001,"e=0.902"
"PronTokAlign",471.1350000000001,471.285,"p-H-i=0.516"
"PronTokAlign",471.285,471.4450000000001,"k-O/-m=0.854"
"PronTokAlign",471.4450000000001,471.565,"s-e"
"PronTokAlign",471.565,471.845,"R-a~-t-R-e"
"PronTokAlign",471.845,471.935,"d-a~=0.773"
"PronTokAlign",471.935,472.095,"l-e=0.596"
"PronTokAlign",472.095,472.341828,"m-9-R=0.984"
"PronTokAlign",472.341828,472.702208,"#=0.0"
"PronTokAlign",472.702208,473.272208,"O/-t-a~=0.712"
"PronTokAlign",473.272208,473.842208,"m-U~/-t-@-n-a~=0.497"
"PronTokAlign",473.842208,474.012208,"fp"
"PronTokAlign",474.012208,474.342208,"#"
"PronTokAlign",474.342208,474.832208,"E-k-s-p-O/-z-e=0.927"
"PronTokAlign",474.832208,474.902208,"l-e=0.434"
"PronTokAlign",474.902208,475.222208,"S-O/-z"
"PronTokAlign",475.222208,475.352208,"U~/"
"PronTokAlign",475.352208,475.542208,"s-e"
"PronTokAlign",475.542208,475.882208,"v-R-e=0.7"
"PronTokAlign",475.882208,475.912208,"U~/"
"PronTokAlign",475.912208,476.002208,"O~=0.814"
"PronTokAlign",476.002208,476.112208,"p-@=0.741"
"PronTokAlign",476.112208,476.252208,"p-l-y=0.618"
"PronTokAlign",476.252208,476.402208,"s-@=0.657"
"PronTokAlign",476.402208,476.992208,"k-A/-S-e=0.67"
"PronTokAlign",476.992208,477.362208,"fp"
"PronTokAlign",477.362208,477.392208,"#"
"PronTokAlign",477.392208,477.832208,"d-E-R-j-E-R=0.755"
"PronTokAlign",477.832208,478.495,"U~/=0.551"
"PronTokAlign",478.495,478.988036,"#=0.0"
"PronTokAlign",478.988036,479.078036,"U~/=0.857"
"PronTokAlign",479.078036,479.7080360000001,"f-e-n-O/-m-E-n=0.74"
"PronTokAlign",479.7080360000001,480.665,"fp"
"PronTokAlign",480.665,481.405,"#=0.0"
"PronTokAlign",481.405,481.935,"A/"
"PronTokAlign",481.935,482.195,"u-i=0.851"
"PronTokAlign",482.195,482.345,"u-i=0.786"
"PronTokAlign",482.345,485.873438,"#=0.0"
"PronTokAlign",485.873438,486.143438,"u-i=0.814"
"PronTokAlign",486.143438,486.41,"u-i=0.683"
"PronTokAlign",486.41,489.045,"#=0.0"
"PronTokAlign",489.045,489.42437,"t-u-t-A/-f-e-t=0.522"
"PronTokAlign",489.42437,492.845,"#=0.0"
"PronTokAlign",492.845,493.465,"E-g-z-A/-k-t-2-m-a~-t=0.521"
"PronTokAlign",493.465,500.55,"#=0.0"
"PronTokAlign",500.55,501.297188,"w-i=0.621"
"PronTokAlign",501.297188,508.6,"#=0.0"
"PronTokAlign",508.6,508.87,"u-i=0.794"
"PronTokAlign",508.87,509.18,"u-i=0.615"
"PronTokAlign",509.18,520.44,"#=0.0"
"PronTokAlign",520.44,520.765,"u-i=0.939"
"PronTokAlign",520.765,551.5,"#=0.0"
"PronTokAlign",551.5,551.716073,"u-i=0.857"
"PronTokAlign",551.716073,551.96,"#=0.0"
"PronTokAlign",551.96,552.22,"s-e"
"PronTokAlign",552.22,552.4200000000001,"s-e"
"PronTokAlign",552.4200000000001,553.245205,"R-e-d-e-b-i-t-O/-i-R=0.949"
"PronTokAlign",553.245205,554.57,"laugh=0.0"
"PronTokAlign",554.57,554.765,"#=0.0"
"PronTokAlign",554.765,555.205,"laugh=0.0"
"PronTokAlign",555.205,560.495,"#=0.0"
"PronTokAlign",560.495,560.865,"w-E"
"PronTokAlign",560.865,561.005,"b-j-U~/=0.78"
"PronTokAlign",561.005,561.535,"s-y-R"
"PronTokAlign",561.535,561.685,"w-E"
"PronTokAlign",561.685,571.46,"#=0.0"
"PronTokAlign",571.46,571.64,"s-e"
"PronTokAlign",571.64,571.74,"s=0.628"
"PronTokAlign",571.74,572.305,"E-g-z-A/-k-t-2-m-a~-t=0.985"
"PronTokAlign",572.305,692.125,"#=0.0"
"PronTokAlign",692.125,692.255,"A/"
"PronTokAlign",692.255,692.415,"w-i=0.567"
"PronTokAlign",692.415,692.535,"s-e"
"PronTokAlign",692.535,692.745,"t-R-E=0.333"
"PronTokAlign",692.745,693.105,"l-O~-g=0.732"
"PronTokAlign",693.105,693.565,"s-e"
"PronTokAlign",693.565,693.97,"v-R-E=0.566"
"PronTokAlign",693.97,695.675,"#=0.0"
"PronTokAlign",695.675,696.095,"u-i=0.746"
"PronTokAlign",696.095,696.745,"#=0.0"
"PronTokAlign",696.745,697.295,"t-u-t-A/-f-e=0.528"
"PronTokAlign",697.295,697.47,"u-i=0.571"
"PronTokAlign",697.47,699.765,"#=0.0"
"PronTokAlign",699.765,700.101562,"m=0.0"
"PronTokAlign",700.101562,701.94,"#=0.0"
"PronTokAlign",701.94,702.33,"t-u-t-A/-f-E=0.481"
"PronTokAlign",702.33,702.405,"#=0.0"
"PronTokAlign",702.405,702.56,"u-i=0.641"
"PronTokAlign",702.56,714.104988,"#=0.0"
"PronTokAlign",714.104988,714.403882,"noise=0.0"
"PronTokAlign",714.403882,721.61,"#=0.0"
"PronTokAlign",721.61,721.88,"A/"
"PronTokAlign",721.88,722.07,"u-i=0.688"
"PronTokAlign",722.07,747.74,"#=0.0"
"PronTokAlign",747.74,748.02,"A/"
"PronTokAlign",748.02,748.62,"d-A/-k-O/-R"
"PronTokAlign",748.62,748.86,"#=0.0"
"PronTokAlign",748.86,749.19,"m"
"PronTokAlign",749.19,749.255,"m"
"PronTokAlign",749.255,757.235,"#=0.0"
"PronTokAlign",757.235,757.275,"m"
"PronTokAlign",757.275,757.72,"m"
"PronTokAlign",757.72,760.405,"#=0.0"
"PronTokAlign",760.405,760.9649999999999,"m"
"PronTokAlign",760.9649999999999,761.394038,"m"
"PronTokAlign",761.394038,822.71,"#=0.0"
"PronTokAlign",822.71,822.97,"E=0.964"
"PronTokAlign",822.97,823.25,"u-i=0.586"
"PronTokAlign",823.25,823.3100000000001,"l-A/"
"PronTokAlign",823.3100000000001,824.375,"p-O/-l-i-t-i-k-@=0.998"
"PronTokAlign",824.375,824.54,"#=0.0"
"PronTokAlign",824.54,824.66,"l"
"PronTokAlign",824.66,825.45,"E-l-E-k-s-j-O~"
"PronTokAlign",825.45,847.335938,"#=0.0"
"PronTokAlign",847.335938,847.715938,"O/"
"PronTokAlign",847.715938,847.995938,"u-i=0.587"
"PronTokAlign",847.995938,848.245938,"k-w-A/"
"PronTokAlign",848.245938,848.6959380000001,"k-@"
"PronTokAlign",848.6959380000001,848.955938,"u-i=0.885"
"PronTokAlign",848.955938,852.027188,"#=0.0"
"PronTokAlign",852.027188,852.267188,"A/"
"PronTokAlign",852.267188,852.449063,"u-i=0.671"
"PronTokAlign",852.449063,871.77,"#=0.0"
"PronTokAlign",871.77,872.03,"n-O/=0.414"
"PronTokAlign",872.03,872.12,"S=0.83"
"PronTokAlign",872.12,872.31,"p-a~-s=0.85"
"PronTokAlign",872.31,872.36,"k"
"PronTokAlign",872.36,872.4499999999999,"E-l=0.353"
"PronTokAlign",872.4499999999999,872.61,"A/"
"PronTokAlign",872.61,872.71,"E=0.452"
"PronTokAlign",872.71,872.74,"A/"
"PronTokAlign",872.74,872.93,"b-j-U~/=0.702"
"PronTokAlign",872.93,873.05,"f-e=0.356"
"PronTokAlign",873.05,873.12,"l-@=0.406"
"PronTokAlign",873.12,873.29,"t-u-R"
"PronTokAlign",873.29,873.3299999999999,"d=0.445"
"PronTokAlign",873.3299999999999,873.42,"l-A/"
"PronTokAlign",873.42,874.12,"k-E-s-t-j-O~"
"PronTokAlign",874.12,874.37,"e=0.985"
"PronTokAlign",874.37,875.331563,"k-@"
"PronTokAlign",875.331563,877.91,"#=0.0"
"PronTokAlign",877.91,878.05,"E-l-@=0.321"
"PronTokAlign",878.05,878.0899999999999,"A/"
"PronTokAlign",878.0899999999999,878.2099999999999,"b-j-U~/=0.725"
"PronTokAlign",878.2099999999999,878.61,"E-k-s-p-l-i-k-e"
"PronTokAlign",878.61,878.8299999999999,"s-O~-n=0.523"
"PronTokAlign",878.8299999999999,879.185,"S-w-A/=0.523"
"PronTokAlign",879.185,884.185,"#=0.0"
"PronTokAlign",884.185,884.525,"b-U~/=0.987"
"PronTokAlign",884.525,884.7149999999999,"m-w-A/"
"PronTokAlign",884.7149999999999,884.895,"l-@=0.62"
"PronTokAlign",884.895,885.175,"d-2-z-j-E-m=0.934"
"PronTokAlign",885.175,885.4849999999999,"t-E-m=0.736"
"PronTokAlign",885.4849999999999,885.665,"s-e"
"PronTokAlign",885.665,885.6949999999999,"l"
"PronTokAlign",885.6949999999999,886.405,"A/-v-a~-t-y-R-@=0.505"
"PronTokAlign",886.405,887.285,"#"
"PronTokAlign",887.285,887.6049999999999,"b-O/=0.466"
"PronTokAlign",887.6049999999999,887.7449999999999,"S=0.819"
"PronTokAlign",887.7449999999999,888.185,"p-a~-s=0.527"
"PronTokAlign",888.185,888.2449999999999,"k=0.872"
"PronTokAlign",888.2449999999999,888.3449999999999,"#"
"PronTokAlign",888.3449999999999,888.435,"s-e"
"PronTokAlign",888.435,890.0849999999999,"U~/=0.567"
"PronTokAlign",890.0849999999999,891.2049999999999,"s-y-Z-e=0.997"
"PronTokAlign",891.2049999999999,891.2349999999999,"k=0.522"
"PronTokAlign",891.2349999999999,892.375,"p-2-t"
"PronTokAlign",892.375,893.255,"U~/-t-e-R-e-s-e=0.561"
"PronTokAlign",893.255,893.7449999999999,"p-A/-m-A/-l-d=0.533"
"PronTokAlign",893.7449999999999,894.2149999999999,"m-O~-d-@=0.662"
"PronTokAlign",894.2149999999999,894.675,"p-A/-s-k-@=0.773"
"PronTokAlign",894.675,894.7049999999999,"l"
"PronTokAlign",894.7049999999999,895.3149999999999,"A/-v-a~-t-y-R-@=0.715"
"PronTokAlign",895.3149999999999,895.4549999999999,"s-A/=0.693"
"PronTokAlign",895.4549999999999,895.635,"f-e=0.417"
"PronTokAlign",895.635,896.1949999999999,"R-E-v-e-R=0.978"
"PronTokAlign",896.1949999999999,896.655,"a~-f-E-t=0.694"
"PronTokAlign",896.655,897.24,"U~/"
"PronTokAlign",897.24,898.14,"#=0.0"
"PronTokAlign",898.14,898.34,"s-A/=0.871"
"PronTokAlign",898.34,898.8,"p-E-R-m-e=0.706"
"PronTokAlign",898.8,898.83,"U~/=0.787"
"PronTokAlign",898.83,899.11,"p-t-i=0.623"
"PronTokAlign",899.11,899.26,"p-2"
"PronTokAlign",899.26,899.29,"d=0.507"
"PronTokAlign",899.29,899.43,"s"
"PronTokAlign",899.43,899.97,"E-v-A/-d-e=0.864"
"PronTokAlign",899.97,900.05,"d-@=0.417"
"PronTokAlign",900.05,900.62,"s-O/-R-t-i-R"
"PronTokAlign",900.62,902.21,"fp"
"PronTokAlign",902.21,902.29,"#"
"PronTokAlign",902.29,902.43,"d-e=0.29"
"PronTokAlign",902.43,902.91,"p-R-O/-b-l-E-m=0.538"
"PronTokAlign",902.91,903.52,"k-O/-t-i-d-j-U~/=0.709"
"PronTokAlign",903.52,903.59,"k=0.763"
"PronTokAlign",903.59,903.77,"E-l-O~=0.324"
"PronTokAlign",903.77,903.86,"p-@=0.806"
"PronTokAlign",903.86,903.93,"p-@=0.807"
"PronTokAlign",903.93,904.54,"A/-v-w-A/-R"
"PronTokAlign",904.54,904.94,"fp"
"PronTokAlign",904.94,905.03,"d-a~-z=0.517"
"PronTokAlign",905.03,905.09,"l-A/"
"PronTokAlign",905.09,905.19,"v-i"
"PronTokAlign",905.19,905.367503,"k-w-A/"
"PronTokAlign",905.367503,905.92,"#=0.0"
"PronTokAlign",905.92,906.585,"noise=0.0"
"PronTokAlign",906.585,906.7,"#=0.0"
"PronTokAlign",906.7,908.405,"fp=0.0"
"PronTokAlign",908.405,908.7,"#=0.0"
"PronTokAlign",908.7,909.01,"s-e"
"PronTokAlign",909.01,909.04,"l"
"PronTokAlign",909.04,909.69,"A/-v-a~-t-y-R=0.598"
"PronTokAlign",909.69,910.02,"fp"
"PronTokAlign",910.02,910.18,"s-A/=0.573"
"PronTokAlign",910.18,910.32,"p-@=0.639"
"PronTokAlign",910.32,911.1,"R-2-p-R-E-z-a~-t-e=0.763"
"PronTokAlign",911.1,911.51,"fp"
"PronTokAlign",911.51,912.12,"p-l-y-z-j-9-R=0.815"
"PronTokAlign",912.12,912.51,"fp"
"PronTokAlign",912.51,912.95,"d-O/-m-E-n=0.784"
"PronTokAlign",912.95,913.44,"a~-f-E-t=0.487"
"PronTokAlign",913.44,913.73,"U~/"
"PronTokAlign",913.73,914.07,"fp"
"PronTokAlign",914.07,914.16,"#=0.0"
"PronTokAlign",914.16,914.73,"noise=0.0"
"PronTokAlign",914.73,914.825,"#=0.0"
"PronTokAlign",914.825,915.93,"fp=0.0"
"PronTokAlign",915.93,917.96,"#=0.0"
"PronTokAlign",917.96,918.31,"k-O/-m-a~-t=0.709"
"PronTokAlign",918.31,918.51,"d-i-R=0.673"
"PronTokAlign",918.51,919.82,"fp"
"PronTokAlign",919.82,920.415,"#=0.0"
"PronTokAlign",920.415,920.605,"l"
"PronTokAlign",920.605,921.165,"A/-v-a~-t-y-R-@=0.887"
"PronTokAlign",921.165,921.225,"s=0.669"
"PronTokAlign",921.225,921.945,"f-E=0.3"
"PronTokAlign",921.945,922.225,"R-E-v-e=0.92"
"PronTokAlign",922.225,922.345,"k-w-A/"
"PronTokAlign",922.345,922.735,"a~-n-f-E-t=0.531"
"PronTokAlign",922.735,923.610755,"a~-n-k-E-l-k-s-O/-R-t=0.176"
"PronTokAlign",923.610755,924.54,"#=0.0"
"PronTokAlign",924.54,924.8,"fp"
"PronTokAlign",924.8,925.18,"s-e"
"PronTokAlign",925.18,925.21,"l"
"PronTokAlign",925.21,926.22,"e-v-A/-z-j-O~=0.702"
"PronTokAlign",926.22,927.17,"fp"
"PronTokAlign",927.17,927.66,"#=0.0"
"PronTokAlign",927.66,927.829687,"b-O/=0.261"
"PronTokAlign",927.829687,929.32,"#=0.0"
"PronTokAlign",929.32,929.68,"s-O/-R-t-i-R"
"PronTokAlign",929.68,929.77,"d-y=0.834"
"PronTokAlign",929.77,930.36,"k-O/-t-i-d-j-E=0.459"
"PronTokAlign",930.36,930.45,"Z=0.458"
"PronTokAlign",930.45,930.93,"p-a~-s=0.684"
"PronTokAlign",930.93,933.29,"#=0.0"
"PronTokAlign",933.29,933.63,"s-e"
"PronTokAlign",933.63,933.921563,"fp"
"PronTokAlign",933.921563,946.307812,"#=0.0"
"PronTokAlign",946.307812,946.615,"m=0.0"
"PronTokAlign",946.615,947.485,"#=0.0"
"PronTokAlign",947.485,947.615,"m-w-A/"
"PronTokAlign",947.615,947.705,"S=0.477"
"PronTokAlign",947.705,948.115,"p-a~-s-@=0.606"
"PronTokAlign",948.115,949.345,"fp"
"PronTokAlign",949.345,949.385,"#"
"PronTokAlign",949.385,949.545,"l-e=0.621"
"PronTokAlign",949.545,949.735,"f-i-l-m=0.906"
"PronTokAlign",949.735,949.765,"d=0.709"
"PronTokAlign",949.765,950.475,"A/-v-a~-t-y-R=0.602"
"PronTokAlign",950.475,950.685,"k-i=0.774"
"PronTokAlign",950.685,950.735,"m=0.857"
"PronTokAlign",950.735,950.895,"O~=0.825"
"PronTokAlign",950.895,950.955,"l-@=0.418"
"PronTokAlign",950.955,951.155,"p-l-y-s=0.919"
"PronTokAlign",951.155,951.605,"m-A/-R-k-e"
"PronTokAlign",951.605,951.825,"s-e"
"PronTokAlign",951.825,952.055,"s-O~=0.897"
"PronTokAlign",952.055,952.165,"l-e=0.544"
"PronTokAlign",952.165,952.495,"f-i-l-m=0.834"
"PronTokAlign",952.495,953.065,"fp"
"PronTokAlign",953.065,953.095,"#"
"PronTokAlign",953.095,953.265,"k-i=0.51"
"PronTokAlign",953.265,953.445,"O~-t=0.824"
"PronTokAlign",953.445,953.675,"e-t-e=0.286"
"PronTokAlign",953.675,954.205,"Z-u-e=0.676"
"PronTokAlign",954.205,954.395,"fp"
"PronTokAlign",954.395,954.665,"k-O/-m=0.729"
"PronTokAlign",954.665,954.845,"p-u-R"
"PronTokAlign",954.845,955.465,"A/-k-t-9-R"
"PronTokAlign",955.465,955.885,"Z-a~-p-O/-l"
"PronTokAlign",955.885,956.725,"b-E-l-m-O~-d-O/"
"PronTokAlign",956.725,956.895,"U~/"
"PronTokAlign",956.895,957.225,"e=0.989"
"PronTokAlign",957.225,957.535,"S-A/-k=0.526"
"PronTokAlign",957.535,957.945,"f-w-A/=0.501"
"PronTokAlign",957.945,958.865,"#"
"PronTokAlign",958.865,959.545,"fp"
"PronTokAlign",959.545,959.865,"b-O~=0.353"
"PronTokAlign",959.865,960.584062,"fp"
"PronTokAlign",960.584062,961.945,"#=0.0"
"PronTokAlign",961.945,962.085,"l-e=0.396"
"PronTokAlign",962.085,962.355,"Z-a~=0.756"
"PronTokAlign",962.355,962.415,"k=0.846"
"PronTokAlign",962.415,962.585,"s-O~=0.55"
"PronTokAlign",962.585,962.985,"f-R-i-j-a~=0.589"
"PronTokAlign",962.985,963.055,"d-@=0.418"
"PronTokAlign",963.055,963.215,"s-@=0.522"
"PronTokAlign",963.215,963.855,"Z-a~-R-@"
"PronTokAlign",963.855,964.11,"t=0.995"
"PronTokAlign",964.11,964.315,"#=0.0"
"PronTokAlign",964.315,964.905,"s-y-Z-e=0.947"
"PronTokAlign",964.905,965.285,"fp"
"PronTokAlign",965.285,965.365,"n-@=0.576"
"PronTokAlign",965.365,965.595,"m-a~-k-E=0.769"
"PronTokAlign",965.595,965.655,"p-A/=0.796"
"PronTokAlign",965.655,965.685,"n"
"PronTokAlign",965.685,965.765,"a~"
"PronTokAlign",965.765,966.365,"m-a~-k-A/-t-i=0.967"
"PronTokAlign",966.365,966.775,"p-A/-z=0.589"
"PronTokAlign",966.775,966.81,"U~/=0.86"
"PronTokAlign",966.81,967.645,"#=0.0"
"PronTokAlign",967.645,968.495,"U~/-e=0.999"
"PronTokAlign",968.495,968.695,"s-e"
"PronTokAlign",968.695,968.885,"v-R-E=0.694"
"PronTokAlign",968.885,968.965,"k"
"PronTokAlign",968.965,968.995,"i=0.866"
"PronTokAlign",968.995,969.025,"E=0.531"
"PronTokAlign",969.025,969.595,"R-2-p-R-E-z-a~-t-e=0.553"
"PronTokAlign",969.595,969.635,"i=0.818"
"PronTokAlign",969.635,969.785,"t-e=0.746"
"PronTokAlign",969.785,970.155,"v-R-E-m-a~=0.562"
"PronTokAlign",970.155,971.155,"R-2-p-R-E-z-a~-t-A/-t-i-f"
"PronTokAlign",971.155,971.94,"d-@=0.997"
"PronTokAlign",971.94,972.28,"#=0.0"
"PronTokAlign",972.28,972.43,"l-@=0.467"
"PronTokAlign",972.43,973.13,"e-R-O/=0.833"
"PronTokAlign",973.13,973.52,"f-E-t=0.494"
"PronTokAlign",973.52,973.62,"d=0.487"
"PronTokAlign",973.62,974.19,"s-e-2=0.901"
"PronTokAlign",974.19,974.49,"Z-a~-R=0.887"
"PronTokAlign",974.49,974.56,"d-@=0.462"
"PronTokAlign",974.56,974.910938,"f-i-l-m-@=0.84"
"PronTokAlign",974.910938,985.245,"#=0.0"
"PronTokAlign",985.245,985.475,"u-i=0.711"
"PronTokAlign",985.475,985.515,"i=0.689"
"PronTokAlign",985.515,985.665,"e=0.618"
"PronTokAlign",985.665,985.885,"v-R-E-m-a~=0.536"
"PronTokAlign",985.885,986.665,"A/-s-O/-s-j-e"
"PronTokAlign",986.665,986.775,"A/"
"PronTokAlign",986.775,987.015,"s-A/=0.938"
"PronTokAlign",987.015,987.305,"v-w-A/-l-A/=0.849"
"PronTokAlign",987.305,987.935,"E-g-z-A/-k-t-2-m-a~=0.448"
"PronTokAlign",987.935,988.035,"w-i=0.721"
"PronTokAlign",988.035,988.259063,"u-i=0.729"
"PronTokAlign",988.259063,996.907307,"#=0.0"
"PronTokAlign",996.907307,997.177307,"s-E=0.426"
"PronTokAlign",997.177307,997.447307,"k=0.336"
"PronTokAlign",997.447307,997.577307,"k=0.534"
"PronTokAlign",997.577307,998.117307,"s-e"
"PronTokAlign",998.117307,998.527307,"p-O/-s-i-b-l=0.786"
"PronTokAlign",998.527307,998.687307,"u-i=0.574"
"PronTokAlign",998.687307,998.867307,"s-e"
"PronTokAlign",998.867307,999.235,"v-R-e=0.522"
"PronTokAlign",999.235,1006.821563,"#=0.0"
"PronTokAlign",1006.821563,1007.171563,"b-E=0.71"
"PronTokAlign",1007.171563,1007.521563,"u-i=0.814"
"PronTokAlign",1007.521563,1007.911563,"fp"
"PronTokAlign",1007.911563,1008.131563,"s-A/=0.993"
"PronTokAlign",1008.131563,1008.331563,"s-e"
"PronTokAlign",1008.331563,1008.501563,"v-R-E=0.588"
"PronTokAlign",1008.501563,1008.671563,"s-A/=0.798"
"PronTokAlign",1008.671563,1008.951563,"d-e-p-a~=0.523"
"PronTokAlign",1008.951563,1009.151563,"d-e=0.616"
"PronTokAlign",1009.151563,1009.321563,"d-e=0.632"
"PronTokAlign",1009.321563,1009.431563,"d-e=0.472"
"PronTokAlign",1009.431563,1010.011563,"p-E-R-s-O/-n-z=0.625"
"PronTokAlign",1010.011563,1010.501563,"#"
"PronTokAlign",1010.501563,1010.551563,"i=0.927"
"PronTokAlign",1010.551563,1010.581563,"j=0.683"
"PronTokAlign",1010.581563,1010.611563,"A/"
"PronTokAlign",1010.611563,1010.851563,"O/-s-i"
"PronTokAlign",1010.851563,1011.651563,"d-O/-t-R-2-z=0.757"
"PronTokAlign",1011.651563,1011.771563,"fp"
"PronTokAlign",1011.771563,1011.841563,"S=0.418"
"PronTokAlign",1011.841563,1012.271563,"p-A/-R-l-@=0.536"
"PronTokAlign",1012.271563,1012.451563,"d-@=0.861"
"PronTokAlign",1012.451563,1012.731563,"Z-a~-p-O/-l"
"PronTokAlign",1012.731563,1013.231563,"b-E-l-m-O~-d-O/"
"PronTokAlign",1013.231563,1013.391563,"m-e=0.555"
"PronTokAlign",1013.391563,1013.481563,"S=0.439"
"PronTokAlign",1013.481563,1013.701563,"p-A/-R-l=0.649"
"PronTokAlign",1013.701563,1013.811563,"d-e=0.566"
"PronTokAlign",1013.811563,1014.101563,"f-i-l-m=0.588"
"PronTokAlign",1014.101563,1014.591563,"k-O/-m-@=0.925"
"PronTokAlign",1014.591563,1014.731563,"l-e=0.835"
"PronTokAlign",1014.731563,1015.041563,"d-Z-e-m-s=0.71"
"PronTokAlign",1015.041563,1015.75,"b-O~"
"PronTokAlign",1015.75,1016.04,"#=0.0"
"PronTokAlign",1016.04,1016.85,"laugh"
"PronTokAlign",1016.85,1016.95,"e=0.891"
"PronTokAlign",1016.95,1017.7,"l-A/"
"PronTokAlign",1017.7,1018.15,"s-e"
"PronTokAlign",1018.15,1018.97,"d-i-f-E-R-a~-t=0.527"
"PronTokAlign",1018.97,1019.23,"Z-E-m-s=0.516"
"PronTokAlign",1019.23,1019.49,"b-O~"
"PronTokAlign",1019.49,1020.15776,"U~/"
"PronTokAlign",1020.15776,1020.78,"#=0.0"
"PronTokAlign",1020.78,1021.505,"m-e-z=0.925"
"PronTokAlign",1021.505,1021.99,"#=0.0"
"PronTokAlign",1021.99,1022.42,"v-w-A/-l-A/=0.97"
"PronTokAlign",1022.42,1023.67,"#=0.0"
"PronTokAlign",1023.67,1023.81,"e=0.832"
"PronTokAlign",1023.81,1024.14,"a~-f-E-t=0.708"
"PronTokAlign",1024.14,1024.27,"i-z=0.805"
"PronTokAlign",1024.27,1024.36,"O~=0.594"
"PronTokAlign",1024.36,1024.61,"t-u-s=0.934"
"PronTokAlign",1024.61,1024.77,"e-t-e=0.353"
"PronTokAlign",1024.77,1024.95,"b-O~=0.813"
"PronTokAlign",1024.95,1025.43,"f-i-n-A/-l-m-a~=0.394"
"PronTokAlign",1025.43,1025.49,"d-a~=0.673"
"PronTokAlign",1025.49,1025.99,"l-9-R"
"PronTokAlign",1025.99,1026.44,"R-O/-l=0.67"
"PronTokAlign",1026.44,1026.64,"U~/-d-a~=0.962"
"PronTokAlign",1026.64,1026.75,"l-9-R"
"PronTokAlign",1026.75,1026.99,"p-R-O/-p=0.579"
"PronTokAlign",1026.99,1027.53,"R-O/-l-@=0.875"
"PronTokAlign",1027.53,1028.080858,"#=0.0"
"PronTokAlign",1028.080858,1028.440858,"d-O~-k=0.891"
"PronTokAlign",1028.440858,1029.48,"fp"
"PronTokAlign",1029.48,1030.24,"#=0.0"
"PronTokAlign",1030.24,1030.37,"b-O/=0.619"
"PronTokAlign",1030.37,1030.67,"s-e"
"PronTokAlign",1030.67,1030.7,"U~/=0.564"
"PronTokAlign",1030.7,1031.05,"t-E-m-@=0.619"
"PronTokAlign",1031.05,1031.16,"k=0.495"
"PronTokAlign",1031.16,1033.087516,"a~-n-f-E-t=0.428"
"PronTokAlign",1033.087516,1034.346319,"#=0.0"
"PronTokAlign",1034.346319,1034.496319,"k-i=0.496"
"PronTokAlign",1034.496319,1034.966319,"p-@=0.405"
"PronTokAlign",1034.966319,1035.346319,"U~/-t-e-R-e-s-e=0.631"
"PronTokAlign",1035.346319,1035.656319,"p-A/-m-A/-l-d=0.752"
"PronTokAlign",1035.656319,1036.145,"m-O~-d-@=0.921"
"PronTokAlign",1036.145,1036.225,"#=0.0"
"PronTokAlign",1036.225,1036.703713,"k-i=0.559"
"PronTokAlign",1036.703713,1041.64,"#=0.0"
"PronTokAlign",1041.64,1042.6,"U~/-d-e-m-O/-d-A/-b-l-@=0.415"
"PronTokAlign",1042.6,1042.87,"u-i=0.785"
"PronTokAlign",1042.87,1044.035,"E-g-z-A/-k-t-2-m-a~-t=0.826"
"PronTokAlign",1044.035,1045.335,"#=0.0"
"PronTokAlign",1045.335,1045.435,"s-e"
"PronTokAlign",1045.435,1045.634063,"v-R-e=0.57"
"PronTokAlign",1045.634063,1047.186563,"#=0.0"
"PronTokAlign",1047.186563,1047.226563,"A/"
"PronTokAlign",1047.226563,1047.296563,"l"
"PronTokAlign",1047.296563,1048.486563,"E-p-O/-k-@=0.497"
"PronTokAlign",1048.486563,1049.076563,"#"
"PronTokAlign",1049.076563,1049.32,"u-i=0.801"
"PronTokAlign",1049.32,1051.505,"#=0.0"
"PronTokAlign",1051.505,1051.975,"t-u-t-A/-f-e=0.654"
"PronTokAlign",1051.975,1052.451563,"t-u-t-A/-f-e=0.565"
"PronTokAlign",1052.451563,1061.415,"#=0.0"
"PronTokAlign",1061.415,1061.645,"A/"
"PronTokAlign",1061.645,1062.897188,"fp"
"PronTokAlign",1062.897188,1068.47,"#=0.0"
"PronTokAlign",1068.47,1069.07,"n-a~=0.598"
"PronTokAlign",1069.07,1069.545938,"p-H-i-z=0.992"
"PronTokAlign",1069.545938,1076.34,"#=0.0"
"PronTokAlign",1076.34,1076.72,"l"
"PronTokAlign",1076.72,1077.5,"A/-v-a~-t-y-R-@=0.92"
"PronTokAlign",1077.5,1077.86,"s-e"
"PronTokAlign",1077.86,1078.28,"d-i-f-E-R-a~=0.531"
"PronTokAlign",1078.28,1078.9499999999998,"d-i-f-E-R-a~=0.529"
"PronTokAlign",1078.9499999999998,1079.34,"s-y-Z-e=0.899"
"PronTokAlign",1079.34,1079.51,"k-w-A/"
"PronTokAlign",1079.51,1079.9199999999998,"a~-f-E-t=0.728"
"PronTokAlign",1079.9199999999998,1079.97,"U~/"
"PronTokAlign",1079.97,1080.01,"l"
"PronTokAlign",1080.01,1081.395,"A/-v-a~-t-y-R-@"
"PronTokAlign",1081.395,1082.74,"#=0.0"
"PronTokAlign",1082.74,1083.332813,"s-e"
"PronTokAlign",1083.332813,1084.84,"#=0.0"
"PronTokAlign",1084.84,1085.22,"v-w-A/-l-A/=0.992"
"PronTokAlign",1085.22,1085.4499999999998,"s-e"
"PronTokAlign",1085.4499999999998,1086.325,"l-A/-R-Z-@=0.977"
"PronTokAlign",1086.325,1087.035,"#=0.0"
"PronTokAlign",1087.035,1087.865,"w-i=0.643"
"PronTokAlign",1087.865,1088.1650000000002,"v-w-A/-l-A/=0.838"
"PronTokAlign",1088.1650000000002,1088.732813,"s-e"
"PronTokAlign",1088.732813,1090.485,"#=0.0"
"PronTokAlign",1090.485,1090.8549999999998,"w-E"
"PronTokAlign",1090.8549999999998,1091.125,"w-E"
"PronTokAlign",1091.125,1091.5849999999998,"s-e"
"PronTokAlign",1091.5849999999998,1091.975,"w-i=0.622"
"PronTokAlign",1091.975,1092.0749999999998,"n-O/=0.405"
"PronTokAlign",1092.0749999999998,1092.125,"m=0.796"
"PronTokAlign",1092.125,1092.285,"s-e"
"PronTokAlign",1092.285,1092.535,"v-R-E=0.959"
"PronTokAlign",1092.535,1092.685,"U~/"
"PronTokAlign",1092.685,1093.235,"s-e"
"PronTokAlign",1093.235,1093.475,"#"
"PronTokAlign",1093.475,1093.765,"s-e"
"PronTokAlign",1093.765,1093.975,"t-R-e=0.356"
"PronTokAlign",1093.975,1094.385,"l-A/-R-Z-@=0.53"
"PronTokAlign",1094.385,1094.43,"U~/"
"PronTokAlign",1094.43,1106.930251,"#=0.0"
"PronTokAlign",1106.930251,1107.260242,"u-i=0.921"
"PronTokAlign",1107.260242,1132.425,"#=0.0"
"PronTokAlign",1132.425,1132.73,"u-i-w-i=0.368"
"PronTokAlign",1132.73,1134.751701,"#=0.0"
"PronTokAlign",1134.751701,1135.118358,"u-i=0.629"
"PronTokAlign",1135.118358,1192.705,"#=0.0"
"PronTokAlign",1192.705,1193.155,"m=0.0"
"PronTokAlign",1193.155,1196.243438,"#=0.0"
"PronTokAlign",1196.243438,1196.483438,"O/"
"PronTokAlign",1196.483438,1196.713438,"w-i=0.508"
"PronTokAlign",1196.713438,1196.793438,"y-n=0.583"
"PronTokAlign",1196.793438,1197.323438,"R-O/-m-a~-s-@=0.548"
"PronTokAlign",1197.323438,1197.779063,"w-i=0.563"
"PronTokAlign",1197.779063,1203.2862,"#=0.0"
"PronTokAlign",1203.2862,1203.743946,"m=0.0"
"PronTokAlign",1203.743946,1204.476341,"#=0.0"
"PronTokAlign",1204.476341,1205.494827,"m=0.0"
"PronTokAlign",1205.494827,1206.673524,"#=0.0"
"PronTokAlign",1206.673524,1207.42,"m=0.0"
"PronTokAlign",1207.42,1235.703826,"#=0.0"
"PronTokAlign",1235.703826,1236.143815,"m=0.0"
"PronTokAlign",1236.143815,1250.06,"#=0.0"
"PronTokAlign",1250.06,1250.34,"u-i=0.804"
"PronTokAlign",1250.34,1250.59,"m-w-A/"
"PronTokAlign",1250.59,1251.58,"Z-@"
"PronTokAlign",1251.58,1251.94,"p-a~-s=0.572"
"PronTokAlign",1251.94,1252.1799999999998,"b-O~=0.433"
"PronTokAlign",1252.1799999999998,1252.77,"l-e=0.79"
"PronTokAlign",1252.77,1253.45,"f-i-l-m=0.667"
"PronTokAlign",1253.45,1254.23,"i-s-t-O/-R-i-k=0.936"
"PronTokAlign",1254.23,1254.64,"O/-s-i"
"PronTokAlign",1254.64,1255.75,"k-E-l-k-2-f-w-A/=0.645"
"PronTokAlign",1255.75,1255.81,"i=0.503"
"PronTokAlign",1255.81,1255.84,"A/"
"PronTokAlign",1255.84,1255.96,"y-n=0.788"
"PronTokAlign",1255.96,1256.26,"p-A/-R-t-i"
"PronTokAlign",1256.26,1257.0,"d-O/-k-y-m-a~-t-E-R=0.772"
"PronTokAlign",1257.0,1257.45,"O/-s-i"
"PronTokAlign",1257.45,1257.48,"s=0.926"
"PronTokAlign",1257.48,1257.71,"d-O~-k=0.997"
"PronTokAlign",1257.71,1257.83,"i=0.513"
"PronTokAlign",1257.83,1258.15,"R-a~=0.763"
"PronTokAlign",1258.15,1258.56,"v-R-E-m-a~=0.382"
"PronTokAlign",1258.56,1259.0,"p-l-y=0.757"
"PronTokAlign",1259.0,1259.49,"fp"
"PronTokAlign",1259.49,1260.11,"#"
"PronTokAlign",1260.11,1260.45,"fp"
"PronTokAlign",1260.45,1261.7,"R-E-A/-l-i-s-t=0.435"
"PronTokAlign",1261.7,1262.55,"e=0.72"
"PronTokAlign",1262.55,1262.82,"#"
"PronTokAlign",1262.82,1263.02,"e=0.93"
"PronTokAlign",1263.02,1263.29,"e=0.815"
"PronTokAlign",1263.29,1263.87,"v-E-R-i-d-i-k=0.833"
"PronTokAlign",1263.87,1264.45,"#"
"PronTokAlign",1264.45,1264.62,"U~/"
"PronTokAlign",1264.62,1265.39,"#=0.0"
"PronTokAlign",1265.39,1266.5800000000002,"fp"
"PronTokAlign",1266.5800000000002,1266.89,"k-a~-t=0.847"
"PronTokAlign",1266.89,1266.92,"j=0.725"
"PronTokAlign",1266.92,1266.96,"A/"
"PronTokAlign",1266.96,1267.12,"d-e-z=0.503"
"PronTokAlign",1267.12,1267.65,"i-s-t-O/-R-j-E=0.761"
"PronTokAlign",1267.65,1267.86,"k-i=0.703"
"PronTokAlign",1267.86,1268.49,"U~/-t-E-R-v-j-E-n=0.705"
"PronTokAlign",1268.49,1268.5300000000002,"e=0.656"
"PronTokAlign",1268.5300000000002,1268.67,"k=0.401"
"PronTokAlign",1268.67,1269.17,"p-A/-R-l=0.723"
"PronTokAlign",1269.17,1269.3200000000002,"A/-l-R=0.454"
"PronTokAlign",1269.3200000000002,1269.39,"l-A/"
"PronTokAlign",1269.39,1269.468952,"S=0.54"
"PronTokAlign",1269.468952,1270.3,"#=0.0"
"PronTokAlign",1270.3,1270.58,"p-a~-s=0.748"
"PronTokAlign",1270.58,1270.76,"k-@=0.65"
"PronTokAlign",1270.76,1270.9199999999998,"b-O~=0.412"
"PronTokAlign",1270.9199999999998,1271.0,"O~=0.631"
"PronTokAlign",1271.0,1271.53,"p-2-t=0.651"
"PronTokAlign",1271.53,1271.7,"l-e=0.472"
"PronTokAlign",1271.7,1271.87,"k-a~=0.891"
"PronTokAlign",1271.87,1272.01,"m-E-m=0.783"
"PronTokAlign",1272.01,1272.1,"l-e=0.503"
"PronTokAlign",1272.1,1272.66,"k-R-w-A/-R-@=0.542"
"PronTokAlign",1272.66,1272.69,"U~/"
"PronTokAlign",1272.69,1272.77,"S=0.548"
"PronTokAlign",1272.77,1272.96,"p-a~-s=0.872"
"PronTokAlign",1272.96,1273.22,"k-@=0.849"
"PronTokAlign",1273.22,1273.76,"s=0.887"
"PronTokAlign",1273.76,1273.79,"#"
"PronTokAlign",1273.79,1274.08,"s"
"PronTokAlign",1274.08,1274.13,"i=0.526"
"PronTokAlign",1274.13,1274.3,"s"
"PronTokAlign",1274.3,1274.9,"E-k-s-p-O/-z=0.784"
"PronTokAlign",1274.9,1274.98,"e=0.789"
"PronTokAlign",1274.98,1275.16,"k"
"PronTokAlign",1275.16,1275.45,"i-l-z=0.404"
"PronTokAlign",1275.45,1275.929258,"#=0.0"
"PronTokAlign",1275.929258,1276.314249,"b-O/-n=0.573"
"PronTokAlign",1276.314249,1276.992565,"#=0.0"
"PronTokAlign",1276.992565,1277.422565,"d-O~-k=0.991"
"PronTokAlign",1277.422565,1277.592565,"s-A/=0.953"
"PronTokAlign",1277.592565,1277.862565,"d-O/-n-@=0.638"
"PronTokAlign",1277.862565,1277.932565,"s=0.837"
"PronTokAlign",1277.932565,1278.042565,"s-i=0.589"
"PronTokAlign",1278.042565,1278.242565,"v-u=0.625"
"PronTokAlign",1278.242565,1278.732565,"v-u-l-e=0.763"
"PronTokAlign",1278.732565,1278.802565,"Z=0.395"
"PronTokAlign",1278.802565,1279.182565,"p-a~-s=0.717"
"PronTokAlign",1279.182565,1279.222565,"A/"
"PronTokAlign",1279.222565,1279.652565,"U~/=0.845"
"PronTokAlign",1279.652565,1279.732565,"A/"
"PronTokAlign",1279.732565,1280.145,"s-@=0.494"
"PronTokAlign",1280.145,1280.31,"#=0.0"
"PronTokAlign",1280.31,1280.56,"t-i-p=0.673"
"PronTokAlign",1280.56,1280.69,"d-@=0.587"
"PronTokAlign",1280.69,1281.14,"f-i-l-m=0.67"
"PronTokAlign",1281.14,1282.33517,"fp"
"PronTokAlign",1282.33517,1283.195,"#=0.0"
"PronTokAlign",1283.195,1283.625,"i-s-t-O/-R-i-k=0.949"
"PronTokAlign",1283.625,1283.665,"e=0.666"
"PronTokAlign",1283.665,1284.365,"d-O/-k-y-m-a~-t-E-R=0.872"
"PronTokAlign",1284.365,1292.802188,"#=0.0"
"PronTokAlign",1292.802188,1293.4,"u-i=0.898"
"PronTokAlign",1293.4,1294.115,"#=0.0"
"PronTokAlign",1294.115,1294.465,"m=0.0"
"PronTokAlign",1294.465,1313.415,"#=0.0"
"PronTokAlign",1313.415,1313.795,"v-w-A/-l-A/=0.928"
"PronTokAlign",1313.795,1314.025,"u-i=0.74"
"PronTokAlign",1314.025,1314.14,"#=0.0"
"PronTokAlign",1314.14,1314.41,"m"
"PronTokAlign",1314.41,1314.47,"m"
