"PhonAlign",0.0,38.54,"#"
"PhonAlign",38.54,38.72,"e"
"PhonAlign",38.72,38.84,"m"
"PhonAlign",38.84,38.91,"w"
"PhonAlign",38.91,38.96,"A/"
"PhonAlign",38.96,39.05,"Z"
"PhonAlign",39.05,39.09,"@"
"PhonAlign",39.09,39.3,"s"
"PhonAlign",39.3,39.33,"y"
"PhonAlign",39.33,39.5,"i"
"PhonAlign",39.5,39.59,"l"
"PhonAlign",39.59,39.72,"O/"
"PhonAlign",39.72,39.77,"a~"
"PhonAlign",39.77,39.88,"E"
"PhonAlign",39.88,39.91,"Z"
"PhonAlign",39.91,40.12,"@"
"PhonAlign",40.12,40.21,"v"
"PhonAlign",40.21,40.42,"e"
"PhonAlign",40.42,40.53,"z"
"PhonAlign",40.53,40.68,"v"
"PhonAlign",40.68,40.77,"u"
"PhonAlign",40.77,40.89,"p"
"PhonAlign",40.89,40.96,"A/"
"PhonAlign",40.96,40.99,"R"
"PhonAlign",40.99,41.02,"l"
"PhonAlign",41.02,41.07,"e"
"PhonAlign",41.07,41.17,"d"
"PhonAlign",41.17,41.27,"A/"
"PhonAlign",41.27,41.32,"v"
"PhonAlign",41.32,41.43,"a~"
"PhonAlign",41.43,41.65,"t"
"PhonAlign",41.65,41.69,"y"
"PhonAlign",41.69,41.77,"R"
"PhonAlign",41.77,340.17,"#"
"PhonAlign",340.17,340.28000000000003,"l"
"PhonAlign",340.28000000000003,340.46000000000004,"O/"
"PhonAlign",340.46000000000004,340.5,"R"
"PhonAlign",340.5,340.75,"fp"
"PhonAlign",340.75,340.87,"m"
"PhonAlign",340.87,340.92,"w"
"PhonAlign",340.92,340.99,"A/"
"PhonAlign",340.99,341.05,"d"
"PhonAlign",341.05,341.14000000000004,"y"
"PhonAlign",341.14000000000004,341.26,"k"
"PhonAlign",341.26,341.37,"u"
"PhonAlign",341.37,341.42,"Z"
"PhonAlign",341.42,341.51,"Z"
"PhonAlign",341.51,341.97,"E"
"PhonAlign",341.97,342.0,"m"
"PhonAlign",342.0,342.05,"@"
"PhonAlign",342.05,342.17,"R"
"PhonAlign",342.17,342.21000000000004,"E"
"PhonAlign",342.21000000000004,342.26,"b"
"PhonAlign",342.26,342.32,"j"
"PhonAlign",342.32,342.41,"U~/"
"PhonAlign",342.41,342.49,"p"
"PhonAlign",342.49,342.57,"R"
"PhonAlign",342.57,342.61,"O/"
"PhonAlign",342.61,342.69,"m"
"PhonAlign",342.69,342.77000000000004,"u"
"PhonAlign",342.77000000000004,342.90000000000003,"v"
"PhonAlign",342.90000000000003,342.98,"w"
"PhonAlign",342.98,343.11,"A/"
"PhonAlign",343.11,343.21000000000004,"R"
"PhonAlign",343.21000000000004,343.6,"fp"
"PhonAlign",343.6,343.63,"#"
"PhonAlign",343.63,343.78000000000003,"s"
"PhonAlign",343.78000000000003,343.81,"y"
"PhonAlign",343.81,343.88,"R"
"PhonAlign",343.88,343.91,"l"
"PhonAlign",343.91,344.09000000000003,"@"
"PhonAlign",344.09000000000003,344.19,"d"
"PhonAlign",344.19,344.23,"2"
"PhonAlign",344.23,344.27000000000004,"v"
"PhonAlign",344.27000000000004,344.40000000000003,"a~"
"PhonAlign",344.40000000000003,344.43,"d"
"PhonAlign",344.43,344.55,"@"
"PhonAlign",344.55,344.6,"n"
"PhonAlign",344.6,344.66,"O/"
"PhonAlign",344.66,344.74,"t"
"PhonAlign",344.74,344.84000000000003,"R"
"PhonAlign",344.84000000000003,345.1,"@"
"PhonAlign",345.1,345.24,"f"
"PhonAlign",345.24,345.3,"E"
"PhonAlign",345.3,345.5,"s"
"PhonAlign",345.5,345.55,"t"
"PhonAlign",345.55,345.65000000000003,"i"
"PhonAlign",345.65000000000003,345.72,"v"
"PhonAlign",345.72,345.93,"A/"
"PhonAlign",345.93,346.16,"l"
"PhonAlign",346.16,346.41,"@"
"PhonAlign",346.41,346.54,"m"
"PhonAlign",346.54,347.23,"#"
"PhonAlign",347.23,347.26,"l"
"PhonAlign",347.26,347.85,"e"
"PhonAlign",347.85,347.90000000000003,"l"
"PhonAlign",347.90000000000003,347.98,"e"
"PhonAlign",347.98,348.17,"f"
"PhonAlign",348.17,348.25,"i"
"PhonAlign",348.25,348.28000000000003,"l"
"PhonAlign",348.28000000000003,348.40000000000003,"m"
"PhonAlign",348.40000000000003,349.02000000000004,"fp"
"PhonAlign",349.02000000000004,349.14000000000004,"d"
"PhonAlign",349.14000000000004,349.24,"A/"
"PhonAlign",349.24,349.29,"v"
"PhonAlign",349.29,349.43,"a~"
"PhonAlign",349.43,349.63,"t"
"PhonAlign",349.63,349.72,"y"
"PhonAlign",349.72,349.785,"R"
"PhonAlign",349.785,350.365,"#"
"PhonAlign",350.365,350.40500000000003,"d"
"PhonAlign",350.40500000000003,350.46500000000003,"O~"
"PhonAlign",350.46500000000003,350.575,"k"
"PhonAlign",350.575,350.945,"fp"
"PhonAlign",350.945,351.015,"Z"
"PhonAlign",351.015,351.095,"R"
"PhonAlign",351.095,351.175,"2"
"PhonAlign",351.175,351.245,"Z"
"PhonAlign",351.245,351.33500000000004,"w"
"PhonAlign",351.33500000000004,351.46500000000003,"U~/"
"PhonAlign",351.46500000000003,351.515,"A/"
"PhonAlign",351.515,351.645,"s"
"PhonAlign",351.645,351.755,"e"
"PhonAlign",351.755,351.855,"s"
"PhonAlign",351.855,351.945,"k"
"PhonAlign",351.945,352.075,"A/"
"PhonAlign",352.075,352.145,"d"
"PhonAlign",352.145,352.295,"i"
"PhonAlign",352.295,352.375,"m"
"PhonAlign",352.375,352.475,"A/"
"PhonAlign",352.475,352.575,"k"
"PhonAlign",352.575,352.605,"O/"
"PhonAlign",352.605,352.645,"l"
"PhonAlign",352.645,352.71500000000003,"E"
"PhonAlign",352.71500000000003,352.815,"g"
"PhonAlign",352.815,353.165,"@"
"PhonAlign",353.165,353.21500000000003,"*"
"PhonAlign",353.21500000000003,353.305,"*"
"PhonAlign",353.305,353.33500000000004,"*"
"PhonAlign",353.33500000000004,353.475,"*"
"PhonAlign",353.475,353.645,"*"
"PhonAlign",353.645,353.735,"d"
"PhonAlign",353.735,353.77500000000003,"y"
"PhonAlign",353.77500000000003,353.895,"k"
"PhonAlign",353.895,354.015,"u"
"PhonAlign",354.015,354.15500000000003,"s"
"PhonAlign",354.15500000000003,354.185,"y"
"PhonAlign",354.185,354.21500000000003,"R"
"PhonAlign",354.21500000000003,354.555,"fp"
"PhonAlign",354.555,354.58500000000004,"l"
"PhonAlign",354.58500000000004,354.645,"A/"
"PhonAlign",354.645,354.705,"f"
"PhonAlign",354.705,354.755,"R"
"PhonAlign",354.755,354.815,"a~"
"PhonAlign",354.815,354.945,"S"
"PhonAlign",354.945,355.015,"i"
"PhonAlign",355.015,355.095,"z"
"PhonAlign",355.095,355.33500000000004,"e"
"PhonAlign",355.33500000000004,355.365,"l"
"PhonAlign",355.365,355.415,"e"
"PhonAlign",355.415,355.555,"s"
"PhonAlign",355.555,355.58500000000004,"y"
"PhonAlign",355.58500000000004,355.675,"p"
"PhonAlign",355.675,355.915,"E"
"PhonAlign",355.915,355.955,"R"
"PhonAlign",355.955,355.985,"e"
"PhonAlign",355.985,356.015,"R"
"PhonAlign",356.015,356.15,"O/"
"PhonAlign",356.15,356.72,"#"
"PhonAlign",356.72,356.8,"s"
"PhonAlign",356.8,356.95000000000005,"s"
"PhonAlign",356.95000000000005,357.11,"O~"
"PhonAlign",357.11,357.18,"d"
"PhonAlign",357.18,357.37,"e"
"PhonAlign",357.37,357.52000000000004,"f"
"PhonAlign",357.52000000000004,357.65000000000003,"i"
"PhonAlign",357.65000000000003,357.8,"l"
"PhonAlign",357.8,357.97,"m"
"PhonAlign",357.97,358.20000000000005,"k"
"PhonAlign",358.20000000000005,358.36,"i"
"PhonAlign",358.36,359.17,"fp"
"PhonAlign",359.17,359.20000000000005,"#"
"PhonAlign",359.20000000000005,359.31,"k"
"PhonAlign",359.31,359.42,"i"
"PhonAlign",359.42,359.54,"U~/"
"PhonAlign",359.54,359.62,"p"
"PhonAlign",359.62,359.70000000000005,"A/"
"PhonAlign",359.70000000000005,359.77000000000004,"k"
"PhonAlign",359.77000000000004,359.90000000000003,"t"
"PhonAlign",359.90000000000003,360.26000000000005,"n"
"PhonAlign",360.26000000000005,360.5100000000001,"t"
"PhonAlign",360.5100000000001,360.58,"A/"
"PhonAlign",360.58,360.67,"p"
"PhonAlign",360.67,360.7000000000001,"2"
"PhonAlign",360.7000000000001,360.7600000000001,"p"
"PhonAlign",360.7600000000001,360.79,"R"
"PhonAlign",360.79,360.85,"E"
"PhonAlign",360.85,360.97,"t"
"PhonAlign",360.97,361.0,"u"
"PhonAlign",361.0,361.08,"t"
"PhonAlign",361.08,361.11,"l"
"PhonAlign",361.11,361.23,"e"
"PhonAlign",361.23,361.29,"Z"
"PhonAlign",361.29,361.33,"e"
"PhonAlign",361.33,361.36,"n"
"PhonAlign",361.36,361.39,"e"
"PhonAlign",361.39,361.42,"R"
"PhonAlign",361.42,361.59,"A/"
"PhonAlign",361.59,361.72,"s"
"PhonAlign",361.72,361.75,"j"
"PhonAlign",361.75,361.9,"O~"
"PhonAlign",361.9,362.02,"E"
"PhonAlign",362.02,362.13000000000005,"k"
"PhonAlign",362.13000000000005,362.17,"j"
"PhonAlign",362.17,362.24,"U~/"
"PhonAlign",362.24,362.3,"t"
"PhonAlign",362.3,362.34,"E"
"PhonAlign",362.34,362.37,"R"
"PhonAlign",362.37,362.43,"E"
"PhonAlign",362.43,362.6,"s"
"PhonAlign",362.6,362.94000000000005,"2"
"PhonAlign",362.94000000000005,362.97,"t"
"PhonAlign",362.97,363.1,"b"
"PhonAlign",363.1,363.17,"O/"
"PhonAlign",363.17,363.31,"k"
"PhonAlign",363.31,363.35,"u"
"PhonAlign",363.35,363.39,"d"
"PhonAlign",363.39,363.52,"m"
"PhonAlign",363.52,363.7000000000001,"O~"
"PhonAlign",363.7000000000001,363.77,"d"
"PhonAlign",363.77,363.895,"@"
"PhonAlign",363.895,364.66,"#"
"PhonAlign",364.66,364.84,"Z"
"PhonAlign",364.84,365.735,"@"
"PhonAlign",365.735,367.03,"#"
"PhonAlign",367.03,367.07,"a~"
"PhonAlign",367.07,367.1,"f"
"PhonAlign",367.1,367.37,"U~/"
"PhonAlign",367.37,367.735,"#"
"PhonAlign",367.735,367.905,"s"
"PhonAlign",367.905,367.945,"e"
"PhonAlign",367.945,368.085,"O~"
"PhonAlign",368.085,368.145,"p"
"PhonAlign",368.145,368.185,"@"
"PhonAlign",368.185,368.255,"p"
"PhonAlign",368.255,368.305,"A/"
"PhonAlign",368.305,368.375,"E"
"PhonAlign",368.375,368.425,"t"
"PhonAlign",368.425,368.475,"p"
"PhonAlign",368.475,368.505,"l"
"PhonAlign",368.505,368.595,"y"
"PhonAlign",368.595,368.735,"k"
"PhonAlign",368.735,368.765,"l"
"PhonAlign",368.765,368.885,"E"
"PhonAlign",368.885,368.935,"R"
"PhonAlign",368.935,369.045,"k"
"PhonAlign",369.045,369.405,"@"
"PhonAlign",369.405,369.475,"d"
"PhonAlign",369.475,369.915,"a~"
"PhonAlign",369.915,370.055,"z"
"PhonAlign",370.055,370.815,"#"
"PhonAlign",370.815,370.955,"A/"
"PhonAlign",370.955,370.985,"v"
"PhonAlign",370.985,371.125,"a~"
"PhonAlign",371.125,371.255,"t"
"PhonAlign",371.255,371.375,"y"
"PhonAlign",371.375,371.475,"R"
"PhonAlign",371.475,371.785,"@"
"PhonAlign",371.785,371.835,"k"
"PhonAlign",371.835,371.865,"l"
"PhonAlign",371.865,371.925,"E"
"PhonAlign",371.925,371.975,"R"
"PhonAlign",371.975,372.045,"m"
"PhonAlign",372.045,372.155,"a~"
"PhonAlign",372.155,372.265,"s"
"PhonAlign",372.265,372.295,"e"
"PhonAlign",372.295,373.075,"2"
"PhonAlign",373.075,373.105,"#"
"PhonAlign",373.105,373.325,"s"
"PhonAlign",373.325,373.385,"O~"
"PhonAlign",373.385,373.445,"d"
"PhonAlign",373.445,373.535,"e"
"PhonAlign",373.535,373.705,"f"
"PhonAlign",373.705,373.805,"i"
"PhonAlign",373.805,373.835,"l"
"PhonAlign",373.835,374.545,"m"
"PhonAlign",374.545,374.575,"u"
"PhonAlign",374.575,374.655,"d"
"PhonAlign",374.655,374.805,"y"
"PhonAlign",374.805,374.885,"k"
"PhonAlign",374.885,374.935,"u"
"PhonAlign",374.935,375.015,"O~"
"PhonAlign",375.015,375.045,"v"
"PhonAlign",375.045,375.085,"A/"
"PhonAlign",375.085,375.185,"A/"
"PhonAlign",375.185,375.245,"v"
"PhonAlign",375.245,375.285,"w"
"PhonAlign",375.285,375.315,"A/"
"PhonAlign",375.315,375.655,"R"
"PhonAlign",375.655,375.795,"p"
"PhonAlign",375.795,375.865,"A/"
"PhonAlign",375.865,375.945,"m"
"PhonAlign",375.945,376.045,"A/"
"PhonAlign",376.045,376.075,"l"
"PhonAlign",376.075,376.165,"d"
"PhonAlign",376.165,376.245,"A/"
"PhonAlign",376.245,376.315,"k"
"PhonAlign",376.315,376.455,"s"
"PhonAlign",376.455,376.495,"j"
"PhonAlign",376.495,376.795,"O~"
"PhonAlign",376.795,377.06,"fp"
"PhonAlign",377.06,377.465,"#"
"PhonAlign",377.465,377.545,"y"
"PhonAlign",377.545,377.585,"n"
"PhonAlign",377.585,377.665,"i"
"PhonAlign",377.665,377.755,"s"
"PhonAlign",377.755,377.835,"t"
"PhonAlign",377.835,377.885,"w"
"PhonAlign",377.885,377.955,"A/"
"PhonAlign",377.955,378.065,"R"
"PhonAlign",378.065,378.535,"@"
"PhonAlign",378.535,378.705,"t"
"PhonAlign",378.705,378.765,"u"
"PhonAlign",378.765,378.795,"l"
"PhonAlign",378.795,378.905,"@"
"PhonAlign",378.905,378.945,"l"
"PhonAlign",378.945,379.095,"O~"
"PhonAlign",379.095,379.245,"A/"
"PhonAlign",379.245,379.285,"v"
"PhonAlign",379.285,379.375,"E"
"PhonAlign",379.375,379.505,"k"
"PhonAlign",379.505,380.21,"fp"
"PhonAlign",380.21,380.975,"#"
"PhonAlign",380.975,381.0750000000001,"A/"
"PhonAlign",381.0750000000001,381.125,"v"
"PhonAlign",381.125,381.1950000000001,"E"
"PhonAlign",381.1950000000001,381.315,"k"
"PhonAlign",381.315,382.08,"fp"
"PhonAlign",382.08,382.43,"#"
"PhonAlign",382.43,382.53,"A/"
"PhonAlign",382.53,382.57,"v"
"PhonAlign",382.57,382.65,"E"
"PhonAlign",382.65,382.71,"k"
"PhonAlign",382.71,382.8,"d"
"PhonAlign",382.8,383.3,"e"
"PhonAlign",383.3,383.36,"d"
"PhonAlign",383.36,383.45,"e"
"PhonAlign",383.45,383.54,"n"
"PhonAlign",383.54,383.57,"u"
"PhonAlign",383.57,383.62,"v"
"PhonAlign",383.62,383.67,"E"
"PhonAlign",383.67,383.7,"l"
"PhonAlign",383.7,383.82,"S"
"PhonAlign",383.82,383.9,"O/"
"PhonAlign",383.9,383.96,"z"
"PhonAlign",383.96,384.14,"t"
"PhonAlign",384.14,384.18,"u"
"PhonAlign",384.18,384.21,"t"
"PhonAlign",384.21,384.34,"O/"
"PhonAlign",384.34,384.37,"l"
"PhonAlign",384.37,384.4,"O~"
"PhonAlign",384.4,384.44,"d"
"PhonAlign",384.44,384.47,"l"
"PhonAlign",384.47,384.5,"i"
"PhonAlign",384.5,384.58,"s"
"PhonAlign",384.58,384.66,"t"
"PhonAlign",384.66,384.71,"w"
"PhonAlign",384.71,384.78,"A/"
"PhonAlign",384.78,384.81,"R"
"PhonAlign",384.81,384.94,"k"
"PhonAlign",384.94,385.0,"i"
"PhonAlign",385.0,385.05,"v"
"PhonAlign",385.05,385.2,"O~"
"PhonAlign",385.2,385.56,"#"
"PhonAlign",385.56,385.72,"k"
"PhonAlign",385.72,385.75,"v"
"PhonAlign",385.75,385.81,"O~"
"PhonAlign",385.81,385.89,"n"
"PhonAlign",385.89,385.93,"u"
"PhonAlign",385.93,386.0,"p"
"PhonAlign",386.0,386.06,"E"
"PhonAlign",386.06,386.09,"R"
"PhonAlign",386.09,386.12,"m"
"PhonAlign",386.12,386.19,"E"
"PhonAlign",386.19,386.22,"t"
"PhonAlign",386.22,386.25,"R"
"PhonAlign",386.25,386.3,"d"
"PhonAlign",386.3,386.4,"@"
"PhonAlign",386.4,386.54,"t"
"PhonAlign",386.54,386.61,"u"
"PhonAlign",386.61,386.67,"k"
"PhonAlign",386.67,386.79,"O~"
"PhonAlign",386.79,386.84,"p"
"PhonAlign",386.84,386.92,"R"
"PhonAlign",386.92,387.09,"a~"
"PhonAlign",387.09,387.13,"d"
"PhonAlign",387.13,387.18,"R"
"PhonAlign",387.18,387.78,"E"
"PhonAlign",387.78,387.86,"d"
"PhonAlign",387.86,387.98,"@"
"PhonAlign",387.98,388.07,"n"
"PhonAlign",388.07,388.13,"u"
"PhonAlign",388.13,388.21,"d"
"PhonAlign",388.21,388.28,"i"
"PhonAlign",388.28,388.31,"v"
"PhonAlign",388.31,388.39,"E"
"PhonAlign",388.39,388.42,"R"
"PhonAlign",388.42,388.56,"t"
"PhonAlign",388.56,388.59,"i"
"PhonAlign",388.59,388.66,"R"
"PhonAlign",388.66,388.74,"f"
"PhonAlign",388.74,388.81,"A/"
"PhonAlign",388.81,388.92,"s"
"PhonAlign",388.92,388.96,"A/"
"PhonAlign",388.96,389.1,"s"
"PhonAlign",389.1,389.16,"@"
"PhonAlign",389.16,389.38,"f"
"PhonAlign",389.38,389.49,"i"
"PhonAlign",389.49,389.54,"l"
"PhonAlign",389.54,389.64,"m"
"PhonAlign",389.64,389.74,"@"
"PhonAlign",389.74,390.73,"#"
"PhonAlign",390.73,391.44,"fp"
"PhonAlign",391.44,391.63,"Z"
"PhonAlign",391.63,391.96,"@"
"PhonAlign",391.96,392.06,"m"
"PhonAlign",392.06,392.1,"w"
"PhonAlign",392.1,392.16,"A/"
"PhonAlign",392.16,392.29,"s"
"PhonAlign",392.29,392.5,"e"
"PhonAlign",392.5,393.12,"fp"
"PhonAlign",393.12,393.47,"#"
"PhonAlign",393.47,393.57,"d"
"PhonAlign",393.57,393.72,"e"
"PhonAlign",393.72,393.85,"f"
"PhonAlign",393.85,393.91,"i"
"PhonAlign",393.91,393.94,"l"
"PhonAlign",393.94,394.22,"m"
"PhonAlign",394.22,394.35,"k"
"PhonAlign",394.35,394.69,"@"
"PhonAlign",394.69,394.79,"k"
"PhonAlign",394.79,394.82,"@"
"PhonAlign",394.82,394.88,"Z"
"PhonAlign",394.88,394.94,"E"
"PhonAlign",394.94,395.03,"m"
"PhonAlign",395.03,395.09,"b"
"PhonAlign",395.09,395.18,"O/"
"PhonAlign",395.18,395.33,"k"
"PhonAlign",395.33,395.53,"u"
"PhonAlign",395.53,395.61,"k"
"PhonAlign",395.61,395.88,"@"
"PhonAlign",395.88,395.96,"S"
"PhonAlign",395.96,396.05,"#"
"PhonAlign",396.05,396.09,"p"
"PhonAlign",396.09,396.22,"2"
"PhonAlign",396.22,396.25,"z"
"PhonAlign",396.25,396.34,"A/"
"PhonAlign",396.34,396.37,"l"
"PhonAlign",396.37,396.44,"e"
"PhonAlign",396.44,396.48,"v"
"PhonAlign",396.48,396.52,"w"
"PhonAlign",396.52,396.57,"A/"
"PhonAlign",396.57,396.6,"R"
"PhonAlign",396.6,396.66,"A/"
"PhonAlign",396.66,396.69,"v"
"PhonAlign",396.69,396.76,"E"
"PhonAlign",396.76,396.86,"k"
"PhonAlign",396.86,396.89,"n"
"PhonAlign",396.89,397.24,"U~/"
"PhonAlign",397.24,397.29,"p"
"PhonAlign",397.29,397.34,"O/"
"PhonAlign",397.34,397.38,"R"
"PhonAlign",397.38,397.46,"t"
"PhonAlign",397.46,397.52,"@"
"PhonAlign",397.52,397.71,"k"
"PhonAlign",397.71,397.86,"i"
"PhonAlign",397.86,397.93,"O/"
"PhonAlign",397.93,398.03,"t"
"PhonAlign",398.03,398.28,"a~"
"PhonAlign",398.28,398.755,"t"
"PhonAlign",398.755,399.285,"#"
"PhonAlign",399.285,399.365,"O/"
"PhonAlign",399.365,399.455,"t"
"PhonAlign",399.455,399.545,"a~"
"PhonAlign",399.545,399.595,"d"
"PhonAlign",399.595,399.665,"e"
"PhonAlign",399.665,399.75500000000005,"z"
"PhonAlign",399.75500000000005,399.905,"a~"
"PhonAlign",399.905,400.035,"f"
"PhonAlign",400.035,400.165,"a~"
"PhonAlign",400.165,400.245,"z"
"PhonAlign",400.245,400.365,"k"
"PhonAlign",400.365,400.425,"A/"
"PhonAlign",400.425,400.475,"v"
"PhonAlign",400.475,400.545,"E"
"PhonAlign",400.545,400.665,"k"
"PhonAlign",400.665,400.975,"fp"
"PhonAlign",400.975,401.145,"#"
"PhonAlign",401.145,401.235,"m"
"PhonAlign",401.235,401.305,"e"
"PhonAlign",401.305,401.3850000000001,"g"
"PhonAlign",401.3850000000001,401.425,"R"
"PhonAlign",401.425,401.555,"a~"
"PhonAlign",401.555,401.625,"p"
"PhonAlign",401.625,401.735,"A/"
"PhonAlign",401.735,401.765,"R"
"PhonAlign",401.765,401.9450000000001,"a~"
"PhonAlign",401.9450000000001,402.015,"d"
"PhonAlign",402.015,402.145,"O~"
"PhonAlign",402.145,402.275,"k"
"PhonAlign",402.275,402.765,"v"
"PhonAlign",402.765,402.795,"w"
"PhonAlign",402.795,402.835,"A/"
"PhonAlign",402.835,402.865,"l"
"PhonAlign",402.865,403.025,"A/"
"PhonAlign",403.025,403.62,"#"
"PhonAlign",403.62,403.69,"s"
"PhonAlign",403.69,403.72,"e"
"PhonAlign",403.72,403.75,"v"
"PhonAlign",403.75,403.78,"R"
"PhonAlign",403.78,403.81,"E"
"PhonAlign",403.81,403.84,"m"
"PhonAlign",403.84,403.91,"a~"
"PhonAlign",403.91,403.96,"d"
"PhonAlign",403.96,404.14,"e"
"PhonAlign",404.14,404.21,"d"
"PhonAlign",404.21,404.27,"e"
"PhonAlign",404.27,404.38,"f"
"PhonAlign",404.38,404.46,"i"
"PhonAlign",404.46,404.49,"l"
"PhonAlign",404.49,404.56,"m"
"PhonAlign",404.56,404.66,"k"
"PhonAlign",404.66,404.76,"i"
"PhonAlign",404.76,404.84,"Z"
"PhonAlign",404.84,404.9,"@"
"PhonAlign",404.9,404.97,"p"
"PhonAlign",404.97,405.08,"a~"
"PhonAlign",405.08,405.18,"s"
"PhonAlign",405.18,405.32,"U~/"
"PhonAlign",405.32,405.39,"t"
"PhonAlign",405.39,405.48,"E"
"PhonAlign",405.48,405.51,"R"
"PhonAlign",405.51,405.57,"E"
"PhonAlign",405.57,405.66,"s"
"PhonAlign",405.66,405.81,"t"
"PhonAlign",405.81,405.88,"u"
"PhonAlign",405.88,405.91,"l"
"PhonAlign",405.91,406.01,"m"
"PhonAlign",406.01,406.2,"O~"
"PhonAlign",406.2,406.28,"d"
"PhonAlign",406.28,406.455,"@"
"PhonAlign",406.455,407.33,"#"
"PhonAlign",407.33,407.7,"e"
"PhonAlign",407.7,408.41,"fp"
"PhonAlign",408.41,408.44,"#"
"PhonAlign",408.44,408.57,"Z"
"PhonAlign",408.57,408.61,"@"
"PhonAlign",408.61,408.71,"p"
"PhonAlign",408.71,408.82,"a~"
"PhonAlign",408.82,408.93,"s"
"PhonAlign",408.93,408.98,"n"
"PhonAlign",408.98,409.04,"O/"
"PhonAlign",409.04,409.13,"t"
"PhonAlign",409.13,409.22,"A/"
"PhonAlign",409.22,409.3,"m"
"PhonAlign",409.3,409.44,"a~"
"PhonAlign",409.44,409.52,"b"
"PhonAlign",409.52,409.64,"U~/"
"PhonAlign",409.64,409.71,"O/"
"PhonAlign",409.71,409.85,"f"
"PhonAlign",409.85,409.91,"i"
"PhonAlign",409.91,409.94,"l"
"PhonAlign",409.94,410.05,"m"
"PhonAlign",410.05,410.49,"@"
"PhonAlign",410.49,410.57,"Z"
"PhonAlign",410.57,410.6,"y"
"PhonAlign",410.6,410.67,"m"
"PhonAlign",410.67,410.79,"a~"
"PhonAlign",410.79,411.0,"Z"
"PhonAlign",411.0,411.08,"i"
"PhonAlign",411.08,411.14,"p"
"PhonAlign",411.14,411.23,"A/"
"PhonAlign",411.23,411.26,"R"
"PhonAlign",411.26,411.29,"e"
"PhonAlign",411.29,411.34,"g"
"PhonAlign",411.34,411.42,"z"
"PhonAlign",411.42,411.55,"a~"
"PhonAlign",411.55,411.58,"p"
"PhonAlign",411.58,411.655,"l"
"PhonAlign",411.655,411.945,"#"
"PhonAlign",411.945,411.995,"k"
"PhonAlign",411.995,412.215,"i"
"PhonAlign",412.215,413.015,"fp"
"PhonAlign",413.015,413.095,"#"
"PhonAlign",413.095,413.235,"k"
"PhonAlign",413.235,413.335,"j"
"PhonAlign",413.335,413.365,"A/"
"PhonAlign",413.365,413.465,"e"
"PhonAlign",413.465,413.565,"t"
"PhonAlign",413.565,413.695,"e"
"PhonAlign",413.695,413.765,"m"
"PhonAlign",413.765,413.825,"E"
"PhonAlign",413.825,413.935,"m"
"PhonAlign",413.935,414.525,"@"
"PhonAlign",414.525,414.615,"#"
"PhonAlign",414.615,414.815,"R"
"PhonAlign",414.815,414.915,"2"
"PhonAlign",414.915,415.095,"f"
"PhonAlign",415.095,415.245,"E"
"PhonAlign",415.245,415.292322,"t"
"PhonAlign",415.292322,415.96,"#"
"PhonAlign",415.96,416.11,"e"
"PhonAlign",416.11,416.88,"fp"
"PhonAlign",416.88,416.99,"#"
"PhonAlign",416.99,417.25,"e"
"PhonAlign",417.25,417.36,"O~"
"PhonAlign",417.36,417.41,"v"
"PhonAlign",417.41,417.46,"w"
"PhonAlign",417.46,417.49,"A/"
"PhonAlign",417.49,417.56,"b"
"PhonAlign",417.56,417.6,"j"
"PhonAlign",417.6,417.91,"U~/"
"PhonAlign",417.91,418.0,"d"
"PhonAlign",418.0,418.11,"O~"
"PhonAlign",418.11,418.33,"t"
"PhonAlign",418.33,418.36,"u"
"PhonAlign",418.36,418.48,"t"
"PhonAlign",418.48,418.53,"O/"
"PhonAlign",418.53,418.58,"l"
"PhonAlign",418.58,418.72,"O~"
"PhonAlign",418.72,418.8,"d"
"PhonAlign",418.8,418.86,"y"
"PhonAlign",418.86,419.0,"f"
"PhonAlign",419.0,419.09,"i"
"PhonAlign",419.09,419.12,"l"
"PhonAlign",419.12,419.18,"m"
"PhonAlign",419.18,419.22,"@"
"PhonAlign",419.22,419.34,"k"
"PhonAlign",419.34,420.025,"fp"
"PhonAlign",420.025,420.84,"#"
"PhonAlign",420.84,420.92,"k"
"PhonAlign",420.92,421.01,"@"
"PhonAlign",421.01,421.07,"b"
"PhonAlign",421.07,421.39,"E"
"PhonAlign",421.39,421.48,"d"
"PhonAlign",421.48,421.6,"O~"
"PhonAlign",421.6,421.75,"k"
"PhonAlign",421.75,421.93,"s"
"PhonAlign",421.93,421.98,"i"
"PhonAlign",421.98,422.06,"v"
"PhonAlign",422.06,422.09,"u"
"PhonAlign",422.09,422.17,"k"
"PhonAlign",422.17,422.22,"O/"
"PhonAlign",422.22,422.25,"n"
"PhonAlign",422.25,422.35,"E"
"PhonAlign",422.35,422.44,"s"
"PhonAlign",422.44,422.51,"e"
"PhonAlign",422.51,422.6,"p"
"PhonAlign",422.6,422.7,"A/"
"PhonAlign",422.7,422.75,"l"
"PhonAlign",422.75,423.01,"@"
"PhonAlign",423.01,423.09,"t"
"PhonAlign",423.09,423.14,"R"
"PhonAlign",423.14,423.2,"O/"
"PhonAlign",423.2,423.23,"l"
"PhonAlign",423.23,423.4,"f"
"PhonAlign",423.4,423.5,"i"
"PhonAlign",423.5,423.53,"l"
"PhonAlign",423.53,423.64,"m"
"PhonAlign",423.64,423.79,"@"
"PhonAlign",423.79,423.89,"s"
"PhonAlign",423.89,424.2,"A/"
"PhonAlign",424.2,424.33,"s"
"PhonAlign",424.33,424.36,"A/"
"PhonAlign",424.36,424.45,"p"
"PhonAlign",424.45,424.49,"A/"
"PhonAlign",424.49,424.55,"R"
"PhonAlign",424.55,424.68,"s"
"PhonAlign",424.68,424.71,"y"
"PhonAlign",424.71,425.335,"R"
"PhonAlign",425.335,425.92,"#"
"PhonAlign",425.92,425.99,"s"
"PhonAlign",425.99,426.02,"y"
"PhonAlign",426.02,426.05,"R"
"PhonAlign",426.05,426.13,"U~/"
"PhonAlign",426.13,426.2,"Z"
"PhonAlign",426.2,426.25,"2"
"PhonAlign",426.25,426.31,"t"
"PhonAlign",426.31,426.38,"s"
"PhonAlign",426.38,426.44,"O/"
"PhonAlign",426.44,426.58,"s"
"PhonAlign",426.58,426.61,"j"
"PhonAlign",426.61,426.68,"e"
"PhonAlign",426.68,426.82,"t"
"PhonAlign",426.82,427.15,"e"
"PhonAlign",427.15,427.23,"d"
"PhonAlign",427.23,427.39,"O~"
"PhonAlign",427.39,427.51,"k"
"PhonAlign",427.51,427.77,"k"
"PhonAlign",427.77,428.465,"i"
"PhonAlign",428.465,429.795,"#"
"PhonAlign",429.795,430.125,"e"
"PhonAlign",430.125,430.205,"O/"
"PhonAlign",430.205,430.295,"f"
"PhonAlign",430.295,430.335,"i"
"PhonAlign",430.335,430.365,"n"
"PhonAlign",430.365,430.465,"A/"
"PhonAlign",430.465,430.495,"l"
"PhonAlign",430.495,430.525,"l"
"PhonAlign",430.525,431.015,"E"
"PhonAlign",431.015,431.055,"p"
"PhonAlign",431.055,431.265,"e"
"PhonAlign",431.265,431.445,"R"
"PhonAlign",431.445,431.555,"s"
"PhonAlign",431.555,431.595,"O/"
"PhonAlign",431.595,431.625,"n"
"PhonAlign",431.625,431.735,"A/"
"PhonAlign",431.735,431.765,"Z"
"PhonAlign",431.765,431.815,"d"
"PhonAlign",431.815,431.855,"y"
"PhonAlign",431.855,431.965,"f"
"PhonAlign",431.965,432.015,"i"
"PhonAlign",432.015,432.045,"l"
"PhonAlign",432.045,432.135,"m"
"PhonAlign",432.135,432.165,"v"
"PhonAlign",432.165,432.255,"O~"
"PhonAlign",432.255,432.355,"s"
"PhonAlign",432.355,432.445,"R"
"PhonAlign",432.445,432.475,"2"
"PhonAlign",432.475,432.545,"t"
"PhonAlign",432.545,432.595,"R"
"PhonAlign",432.595,432.645,"u"
"PhonAlign",432.645,432.675,"v"
"PhonAlign",432.675,432.705,"e"
"PhonAlign",432.705,432.775,"R"
"PhonAlign",432.775,432.905,"A/"
"PhonAlign",432.905,432.965,"l"
"PhonAlign",432.965,433.065,"U~/"
"PhonAlign",433.065,433.135,"t"
"PhonAlign",433.135,433.235,"E"
"PhonAlign",433.235,433.265,"R"
"PhonAlign",433.265,433.305,"j"
"PhonAlign",433.305,433.405,"9"
"PhonAlign",433.405,433.445,"R"
"PhonAlign",433.445,433.485,"d"
"PhonAlign",433.485,433.515,"d"
"PhonAlign",433.515,433.575,"Z"
"PhonAlign",433.575,433.905,"2"
"PhonAlign",433.905,434.105,"d"
"PhonAlign",434.105,434.185,"@"
"PhonAlign",434.185,434.325,"s"
"PhonAlign",434.325,434.385,"O/"
"PhonAlign",434.385,434.525,"s"
"PhonAlign",434.525,434.555,"j"
"PhonAlign",434.555,434.615,"e"
"PhonAlign",434.615,434.725,"t"
"PhonAlign",434.725,434.91,"e"
"PhonAlign",434.91,435.88,"#"
"PhonAlign",435.88,436.09,"e"
"PhonAlign",436.09,437.04,"fp"
"PhonAlign",437.04,437.16,"E"
"PhonAlign",437.16,437.29,"s"
"PhonAlign",437.29,437.33,"e"
"PhonAlign",437.33,437.43,"U~/"
"PhonAlign",437.43,437.52,"Z"
"PhonAlign",437.52,437.56,"2"
"PhonAlign",437.56,437.62,"t"
"PhonAlign",437.62,437.68,"s"
"PhonAlign",437.68,437.71,"O/"
"PhonAlign",437.71,437.81,"s"
"PhonAlign",437.81,437.84,"j"
"PhonAlign",437.84,437.87,"e"
"PhonAlign",437.87,437.95,"t"
"PhonAlign",437.95,438.01,"e"
"PhonAlign",438.01,438.13,"k"
"PhonAlign",438.13,438.21,"e"
"PhonAlign",438.21,438.3,"t"
"PhonAlign",438.3,438.38,"R"
"PhonAlign",438.38,438.44,"u"
"PhonAlign",438.44,438.49,"v"
"PhonAlign",438.49,438.57,"e"
"PhonAlign",438.57,438.7,"k"
"PhonAlign",438.7,438.98,"e"
"PhonAlign",438.98,439.23,"t"
"PhonAlign",439.23,439.32,"A/"
"PhonAlign",439.32,439.44,"s"
"PhonAlign",439.44,439.51,"e"
"PhonAlign",439.51,439.58,"v"
"PhonAlign",439.58,439.68,"j"
"PhonAlign",439.68,439.79,"@"
"PhonAlign",439.79,439.82,"d"
"PhonAlign",439.82,439.88,"a~"
"PhonAlign",439.88,439.91,"d"
"PhonAlign",439.91,439.94,"a~"
"PhonAlign",439.94,439.97,"l"
"PhonAlign",439.97,440.11,"f"
"PhonAlign",440.11,440.17,"i"
"PhonAlign",440.17,440.2,"l"
"PhonAlign",440.2,440.32,"m"
"PhonAlign",440.32,440.36,"d"
"PhonAlign",440.36,440.48,"O~"
"PhonAlign",440.48,440.58,"k"
"PhonAlign",440.58,440.985,"fp"
"PhonAlign",440.985,441.554769,"#"
"PhonAlign",441.554769,441.624769,"d"
"PhonAlign",441.624769,441.704769,"O~"
"PhonAlign",441.704769,442.184769,"O/"
"PhonAlign",442.184769,442.294769,"f"
"PhonAlign",442.294769,442.324769,"i"
"PhonAlign",442.324769,442.354769,"n"
"PhonAlign",442.354769,442.434769,"A/"
"PhonAlign",442.434769,442.4647690000001,"l"
"PhonAlign",442.4647690000001,442.504769,"m"
"PhonAlign",442.504769,442.594769,"E"
"PhonAlign",442.594769,442.674769,"m"
"PhonAlign",442.674769,442.7147690000001,"d"
"PhonAlign",442.7147690000001,442.834769,"a~"
"PhonAlign",442.834769,442.864769,"l"
"PhonAlign",442.864769,443.034769,"f"
"PhonAlign",443.034769,443.104769,"i"
"PhonAlign",443.104769,443.144769,"l"
"PhonAlign",443.144769,443.194769,"m"
"PhonAlign",443.194769,443.304769,"O~"
"PhonAlign",443.304769,443.364769,"v"
"PhonAlign",443.364769,443.444769,"w"
"PhonAlign",443.444769,443.494769,"A/"
"PhonAlign",443.494769,443.564769,"l"
"PhonAlign",443.564769,444.63,"@"
"PhonAlign",444.63,445.04,"#"
"PhonAlign",445.04,445.17,"s"
"PhonAlign",445.17,445.2000000000001,"e"
"PhonAlign",445.2000000000001,445.65,"2"
"PhonAlign",445.65,446.14,"#"
"PhonAlign",446.14,446.21,"s"
"PhonAlign",446.21,446.27,"@"
"PhonAlign",446.27,446.4,"Z"
"PhonAlign",446.4,446.47,"2"
"PhonAlign",446.47,446.6,"k"
"PhonAlign",446.6,446.67,"p"
"PhonAlign",446.67,446.76,"A/"
"PhonAlign",446.76,446.82,"s"
"PhonAlign",446.82,446.85,"d"
"PhonAlign",446.85,446.92,"@"
"PhonAlign",446.92,447.01,"Z"
"PhonAlign",447.01,447.04,"E"
"PhonAlign",447.04,447.11,"n"
"PhonAlign",447.11,447.14,"E"
"PhonAlign",447.14,447.17,"R"
"PhonAlign",447.17,447.28,"A/"
"PhonAlign",447.28,447.4,"s"
"PhonAlign",447.4,447.43,"j"
"PhonAlign",447.43,448.07,"O~"
"PhonAlign",448.07,448.19,"a~"
"PhonAlign",448.19,448.27,"Z"
"PhonAlign",448.27,448.3,"E"
"PhonAlign",448.3,448.36,"n"
"PhonAlign",448.36,448.39,"E"
"PhonAlign",448.39,448.42,"R"
"PhonAlign",448.42,448.5,"A/"
"PhonAlign",448.5,448.6,"s"
"PhonAlign",448.6,448.63,"j"
"PhonAlign",448.63,448.785,"O~"
"PhonAlign",448.785,449.515,"#"
"PhonAlign",449.515,449.655,"e"
"PhonAlign",449.655,450.055,"fp"
"PhonAlign",450.055,450.135,"d"
"PhonAlign",450.135,450.225,"O~"
"PhonAlign",450.225,450.285,"k"
"PhonAlign",450.285,450.325,"i"
"PhonAlign",450.325,450.355,"v"
"PhonAlign",450.355,450.445,"O~"
"PhonAlign",450.445,450.525,"s"
"PhonAlign",450.525,450.565,"R"
"PhonAlign",450.565,450.595,"2"
"PhonAlign",450.595,450.665,"t"
"PhonAlign",450.665,450.705,"R"
"PhonAlign",450.705,450.755,"u"
"PhonAlign",450.755,450.785,"v"
"PhonAlign",450.785,450.875,"e"
"PhonAlign",450.875,450.945,"d"
"PhonAlign",450.945,451.075,"a~"
"PhonAlign",451.075,451.215,"s"
"PhonAlign",451.215,451.285,"@"
"PhonAlign",451.285,451.415,"Z"
"PhonAlign",451.415,451.595,"2"
"PhonAlign",451.595,451.955,"e"
"PhonAlign",451.955,452.405,"fp"
"PhonAlign",452.405,452.605,"E"
"PhonAlign",452.605,452.645,"v"
"PhonAlign",452.645,452.795,"O~"
"PhonAlign",452.795,452.855,"v"
"PhonAlign",452.855,452.985,"i"
"PhonAlign",452.985,453.055,"v"
"PhonAlign",453.055,453.315,"R"
"PhonAlign",453.315,453.385,"f"
"PhonAlign",453.385,453.435,"O/"
"PhonAlign",453.435,453.475,"R"
"PhonAlign",453.475,453.565,"s"
"PhonAlign",453.565,453.595,"E"
"PhonAlign",453.595,453.635,"m"
"PhonAlign",453.635,453.745,"a~"
"PhonAlign",453.745,453.795,"b"
"PhonAlign",453.795,454.315,"U~/"
"PhonAlign",454.315,454.385,"d"
"PhonAlign",454.385,454.625,"e"
"PhonAlign",454.625,454.685,"d"
"PhonAlign",454.685,454.735,"e"
"PhonAlign",454.735,454.885,"s"
"PhonAlign",454.885,454.915,"y"
"PhonAlign",454.915,454.995,"p"
"PhonAlign",454.995,455.055,"E"
"PhonAlign",455.055,455.145,"R"
"PhonAlign",455.145,455.245,"A/"
"PhonAlign",455.245,455.275,"v"
"PhonAlign",455.275,455.405,"a~"
"PhonAlign",455.405,455.555,"t"
"PhonAlign",455.555,455.685,"y"
"PhonAlign",455.685,455.78,"R"
"PhonAlign",455.78,456.535,"#"
"PhonAlign",456.535,456.75500000000005,"e"
"PhonAlign",456.75500000000005,457.205,"fp"
"PhonAlign",457.205,457.305,"d"
"PhonAlign",457.305,457.6350000000001,"e"
"PhonAlign",457.6350000000001,457.685,"z"
"PhonAlign",457.685,457.725,"d"
"PhonAlign",457.725,457.815,"e"
"PhonAlign",457.815,457.8850000000001,"d"
"PhonAlign",457.8850000000001,457.965,"R"
"PhonAlign",457.965,458.055,"O/"
"PhonAlign",458.055,458.105,"l"
"PhonAlign",458.105,458.305,"e"
"PhonAlign",458.305,458.355,"d"
"PhonAlign",458.355,458.415,"e"
"PhonAlign",458.415,458.50500000000005,"m"
"PhonAlign",458.50500000000005,458.555,"w"
"PhonAlign",458.555,458.615,"U~/"
"PhonAlign",458.615,458.645,"d"
"PhonAlign",458.645,458.715,"R"
"PhonAlign",458.715,458.785,"O/"
"PhonAlign",458.785,458.845,"l"
"PhonAlign",458.845,458.975,"p"
"PhonAlign",458.975,459.105,"u"
"PhonAlign",459.105,459.1350000000001,"R"
"PhonAlign",459.1350000000001,459.205,"@"
"PhonAlign",459.205,459.25500000000005,"O/"
"PhonAlign",459.25500000000005,459.4450000000001,"s"
"PhonAlign",459.4450000000001,459.59,"i"
"PhonAlign",459.59,460.385,"#"
"PhonAlign",460.385,460.425,"m"
"PhonAlign",460.425,461.725,"fp"
"PhonAlign",461.725,461.765,"#"
"PhonAlign",461.765,461.905,"e"
"PhonAlign",461.905,462.025,"Z"
"PhonAlign",462.025,462.145,"@"
"PhonAlign",462.145,462.275,"Z"
"PhonAlign",462.275,462.305,"@"
"PhonAlign",462.305,462.385,"p"
"PhonAlign",462.385,462.525,"a~"
"PhonAlign",462.525,462.655,"s"
"PhonAlign",462.655,462.855,"@"
"PhonAlign",462.855,462.905,"v"
"PhonAlign",462.905,462.945,"w"
"PhonAlign",462.945,462.985,"A/"
"PhonAlign",462.985,463.015,"l"
"PhonAlign",463.015,463.125,"A/"
"PhonAlign",463.125,463.235,"s"
"PhonAlign",463.235,463.275,"@"
"PhonAlign",463.275,463.375,"f"
"PhonAlign",463.375,463.425,"i"
"PhonAlign",463.425,463.455,"l"
"PhonAlign",463.455,463.495,"m"
"PhonAlign",463.495,463.615,"m"
"PhonAlign",463.615,463.845,"A/"
"PhonAlign",463.845,463.975,"m"
"PhonAlign",463.975,464.045,"A/"
"PhonAlign",464.045,464.125,"b"
"PhonAlign",464.125,464.185,"O/"
"PhonAlign",464.185,464.265,"k"
"PhonAlign",464.265,464.335,"u"
"PhonAlign",464.335,464.405,"p"
"PhonAlign",464.405,464.465,"p"
"PhonAlign",464.465,464.495,"l"
"PhonAlign",464.495,464.705,"y"
"PhonAlign",464.705,464.765,"e"
"PhonAlign",464.765,464.795,"S"
"PhonAlign",464.795,464.825,"p"
"PhonAlign",464.825,464.855,"a~"
"PhonAlign",464.855,464.905,"s"
"PhonAlign",464.905,464.975,"Z"
"PhonAlign",464.975,465.015,"@"
"PhonAlign",465.015,465.105,"p"
"PhonAlign",465.105,465.195,"a~"
"PhonAlign",465.195,465.285,"s"
"PhonAlign",465.285,465.325,"k"
"PhonAlign",465.325,465.385,"i"
"PhonAlign",465.385,465.495,"p"
"PhonAlign",465.495,465.645,"2"
"PhonAlign",465.645,465.705,"t"
"PhonAlign",465.705,465.775,"t"
"PhonAlign",465.775,465.805,"u"
"PhonAlign",465.805,465.945,"S"
"PhonAlign",465.945,466.075,"e"
"PhonAlign",466.075,466.69,"fp"
"PhonAlign",466.69,467.255,"#"
"PhonAlign",467.255,467.375,"U~/"
"PhonAlign",467.375,467.455,"g"
"PhonAlign",467.455,467.525,"R"
"PhonAlign",467.525,467.595,"a~"
"PhonAlign",467.595,467.675,"n"
"PhonAlign",467.675,467.755,"O~"
"PhonAlign",467.755,467.785,"b"
"PhonAlign",467.785,467.815,"R"
"PhonAlign",467.815,467.885,"d"
"PhonAlign",467.885,467.945,"@"
"PhonAlign",467.945,468.025,"p"
"PhonAlign",468.025,468.075,"E"
"PhonAlign",468.075,468.135,"R"
"PhonAlign",468.135,468.225,"s"
"PhonAlign",468.225,468.295,"O/"
"PhonAlign",468.295,468.425,"n"
"PhonAlign",468.425,468.455,"d"
"PhonAlign",468.455,468.565,"O~"
"PhonAlign",468.565,468.665,"k"
"PhonAlign",468.665,468.775,"fp"
"PhonAlign",468.775,468.845,"m"
"PhonAlign",468.845,468.875,"w"
"PhonAlign",468.875,468.925,"A/"
"PhonAlign",468.925,468.985,"Z"
"PhonAlign",468.985,469.025,"E"
"PhonAlign",469.025,469.055,"m"
"PhonAlign",469.055,469.105,"R"
"PhonAlign",469.105,469.135,"E"
"PhonAlign",469.135,469.195,"b"
"PhonAlign",469.195,469.235,"j"
"PhonAlign",469.235,469.325,"U~/"
"PhonAlign",469.325,469.415,"k"
"PhonAlign",469.415,469.725,"@"
"PhonAlign",469.725,469.825,"k"
"PhonAlign",469.825,469.925,"O~"
"PhonAlign",469.925,469.955,"l"
"PhonAlign",469.955,470.005,"m"
"PhonAlign",470.005,470.065,"E"
"PhonAlign",470.065,470.225,"t"
"PhonAlign",470.225,470.715,"fp"
"PhonAlign",470.715,470.825,"k"
"PhonAlign",470.825,470.895,"O~"
"PhonAlign",470.895,470.945,"l"
"PhonAlign",470.945,471.025,"m"
"PhonAlign",471.025,471.095,"E"
"PhonAlign",471.095,471.205,"t"
"PhonAlign",471.205,471.435,"a~"
"PhonAlign",471.435,471.545,"t"
"PhonAlign",471.545,471.595,"E"
"PhonAlign",471.595,471.745,"t"
"PhonAlign",471.745,472.285,"fp"
"PhonAlign",472.285,472.415,"d"
"PhonAlign",472.415,472.505,"@"
"PhonAlign",472.505,472.635,"f"
"PhonAlign",472.635,472.665,"E"
"PhonAlign",472.665,472.865,"s"
"PhonAlign",472.865,472.905,"t"
"PhonAlign",472.905,472.985,"i"
"PhonAlign",472.985,473.065,"v"
"PhonAlign",473.065,473.195,"A/"
"PhonAlign",473.195,473.285,"l"
"PhonAlign",473.285,474.44,"#"
"PhonAlign",474.44,475.87,"@"
"PhonAlign",475.87,475.97,"m"
"PhonAlign",475.97,476.315,"#"
"PhonAlign",476.315,476.455,"A/"
"PhonAlign",476.455,476.585,"p"
"PhonAlign",476.585,476.715,"R"
"PhonAlign",476.715,477.165,"e"
"PhonAlign",477.165,477.895,"fp"
"PhonAlign",477.895,477.925,"#"
"PhonAlign",477.925,478.025,"b"
"PhonAlign",478.025,478.135,"E"
"PhonAlign",478.135,478.165,"d"
"PhonAlign",478.165,478.425,"y"
"PhonAlign",478.425,478.615,"k"
"PhonAlign",478.615,478.695,"u"
"PhonAlign",478.695,478.815,"Z"
"PhonAlign",478.815,478.955,"@"
"PhonAlign",478.955,479.055,"w"
"PhonAlign",479.055,479.125,"E"
"PhonAlign",479.125,479.285,"Z"
"PhonAlign",479.285,479.315,"l"
"PhonAlign",479.315,479.405,"t"
"PhonAlign",479.405,479.465,"R"
"PhonAlign",479.465,479.505,"u"
"PhonAlign",479.505,479.555,"v"
"PhonAlign",479.555,479.585,"v"
"PhonAlign",479.585,479.615,"R"
"PhonAlign",479.615,479.695,"E"
"PhonAlign",479.695,479.765,"m"
"PhonAlign",479.765,479.945,"a~"
"PhonAlign",479.945,479.975,"t"
"PhonAlign",479.975,480.105,"a~"
"PhonAlign",480.105,480.165,"b"
"PhonAlign",480.165,480.205,"l"
"PhonAlign",480.205,480.275,"E"
"PhonAlign",480.275,480.345,"m"
"PhonAlign",480.345,480.425,"A/"
"PhonAlign",480.425,480.555,"t"
"PhonAlign",480.555,480.615,"i"
"PhonAlign",480.615,480.685,"k"
"PhonAlign",480.685,480.755,"p"
"PhonAlign",480.755,480.805,"A/"
"PhonAlign",480.805,480.905,"s"
"PhonAlign",480.905,480.995,"k"
"PhonAlign",480.995,481.025,"@"
"PhonAlign",481.025,481.595,"fp"
"PhonAlign",481.595,481.705,"b"
"PhonAlign",481.705,481.775,"U~/"
"PhonAlign",481.775,481.865,"O~"
"PhonAlign",481.865,481.945,"p"
"PhonAlign",481.945,481.995,"@"
"PhonAlign",481.995,482.095,"s"
"PhonAlign",482.095,482.185,"R"
"PhonAlign",482.185,482.215,"2"
"PhonAlign",482.215,482.315,"t"
"PhonAlign",482.315,482.375,"R"
"PhonAlign",482.375,482.425,"u"
"PhonAlign",482.425,482.465,"v"
"PhonAlign",482.465,482.585,"e"
"PhonAlign",482.585,482.615,"O/"
"PhonAlign",482.615,482.745,"s"
"PhonAlign",482.745,482.785,"i"
"PhonAlign",482.785,482.815,"fp"
"PhonAlign",482.815,482.845,"A/"
"PhonAlign",482.845,482.875,"l"
"PhonAlign",482.875,483.135,"U~/"
"PhonAlign",483.135,483.635,"t"
"PhonAlign",483.635,483.865,"E"
"PhonAlign",483.865,483.905,"R"
"PhonAlign",483.905,483.935,"j"
"PhonAlign",483.935,484.205,"9"
"PhonAlign",484.205,484.305,"R"
"PhonAlign",484.305,485.305,"fp"
"PhonAlign",485.305,485.55,"#"
"PhonAlign",485.55,485.64,"d"
"PhonAlign",485.64,485.7,"e"
"PhonAlign",485.7,485.79,"p"
"PhonAlign",485.79,485.86,"E"
"PhonAlign",485.86,485.93,"R"
"PhonAlign",485.93,486.01,"s"
"PhonAlign",486.01,486.07,"O/"
"PhonAlign",486.07,486.13,"n"
"PhonAlign",486.13,486.32,"A/"
"PhonAlign",486.32,486.48,"Z"
"PhonAlign",486.48,486.55,"p"
"PhonAlign",486.55,486.58,"s"
"PhonAlign",486.58,486.62,"k"
"PhonAlign",486.62,486.65,"#"
"PhonAlign",486.65,486.83,"s"
"PhonAlign",486.83,486.86,"e"
"PhonAlign",486.86,487.66,"2"
"PhonAlign",487.66,487.99,"s"
"PhonAlign",487.99,488.15,"O~"
"PhonAlign",488.15,488.21,"d"
"PhonAlign",488.21,488.26,"E"
"PhonAlign",488.26,488.35,"p"
"PhonAlign",488.35,488.38,"E"
"PhonAlign",488.38,488.41,"R"
"PhonAlign",488.41,488.49,"s"
"PhonAlign",488.49,488.52,"O/"
"PhonAlign",488.52,488.55,"n"
"PhonAlign",488.55,488.64,"A/"
"PhonAlign",488.64,488.74,"Z"
"PhonAlign",488.74,488.77,"k"
"PhonAlign",488.77,488.8,"a~"
"PhonAlign",488.8,488.83,"m"
"PhonAlign",488.83,488.86,"E"
"PhonAlign",488.86,488.93,"m"
"PhonAlign",488.93,488.98,"k"
"PhonAlign",488.98,489.14,"s"
"PhonAlign",489.14,489.29,"O~"
"PhonAlign",489.29,489.32,"R"
"PhonAlign",489.32,489.56,"E"
"PhonAlign",489.56,489.61,"E"
"PhonAlign",489.61,489.67,"l"
"PhonAlign",489.67,489.98,"#"
"PhonAlign",489.98,490.02,"A/"
"PhonAlign",490.02,490.09,"p"
"PhonAlign",490.09,490.18,"R"
"PhonAlign",490.18,490.22,"e"
"PhonAlign",490.22,490.25,"m"
"PhonAlign",490.25,490.35,"A/"
"PhonAlign",490.35,490.39,"l"
"PhonAlign",490.39,490.42,"9"
"PhonAlign",490.42,490.4500000000001,"R"
"PhonAlign",490.4500000000001,490.55,"2"
"PhonAlign",490.55,490.64,"z"
"PhonAlign",490.64,490.67,"9"
"PhonAlign",490.67,490.7000000000001,"m"
"PhonAlign",490.7000000000001,490.8,"a~"
"PhonAlign",490.8,490.87,"t"
"PhonAlign",490.87,490.985,"#"
"PhonAlign",490.985,491.075,"b"
"PhonAlign",491.075,491.305,"U~/"
"PhonAlign",491.305,491.385,"p"
"PhonAlign",491.385,491.475,"A/"
"PhonAlign",491.475,491.505,"R"
"PhonAlign",491.505,491.535,"e"
"PhonAlign",491.535,491.565,"g"
"PhonAlign",491.565,491.615,"z"
"PhonAlign",491.615,491.745,"a~"
"PhonAlign",491.745,491.855,"p"
"PhonAlign",491.855,491.885,"l"
"PhonAlign",491.885,491.985,"@"
"PhonAlign",491.985,492.035,"Z"
"PhonAlign",492.035,492.065,"y"
"PhonAlign",492.065,492.115,"m"
"PhonAlign",492.115,492.225,"A/"
"PhonAlign",492.225,492.265,"n"
"PhonAlign",492.265,492.325,"Z"
"PhonAlign",492.325,492.355,"i"
"PhonAlign",492.355,492.495,"s"
"PhonAlign",492.495,492.875,"e"
"PhonAlign",492.875,492.905,"y"
"PhonAlign",492.905,492.955,"n"
"PhonAlign",492.955,492.995,"i"
"PhonAlign",492.995,493.085,"s"
"PhonAlign",493.085,493.125,"t"
"PhonAlign",493.125,493.155,"w"
"PhonAlign",493.155,493.185,"A/"
"PhonAlign",493.185,493.215,"R"
"PhonAlign",493.215,493.255,"k"
"PhonAlign",493.255,493.315,"s"
"PhonAlign",493.315,493.365,"n"
"PhonAlign",493.365,493.425,"p"
"PhonAlign",493.425,493.465,"u"
"PhonAlign",493.465,493.495,"R"
"PhonAlign",493.495,493.545,"E"
"PhonAlign",493.545,493.625,"p"
"PhonAlign",493.625,493.715,"A/"
"PhonAlign",493.715,493.775,"n"
"PhonAlign",493.775,493.925,"u"
"PhonAlign",493.925,494.035,"z"
"PhonAlign",494.035,494.155,"n"
"PhonAlign",494.155,494.215,"u"
"PhonAlign",494.215,494.315,"z"
"PhonAlign",494.315,494.415,"A/"
"PhonAlign",494.415,494.445,"R"
"PhonAlign",494.445,494.565,"i"
"PhonAlign",494.565,494.625,"v"
"PhonAlign",494.625,494.795,"e"
"PhonAlign",494.795,494.84,"R"
"PhonAlign",494.84,495.44,"#"
"PhonAlign",495.44,495.53,"Z"
"PhonAlign",495.53,495.58,"@"
"PhonAlign",495.58,495.66,"k"
"PhonAlign",495.66,495.73,"R"
"PhonAlign",495.73,495.82,"w"
"PhonAlign",495.82,495.87,"A/"
"PhonAlign",495.87,495.95,"Z"
"PhonAlign",495.95,495.98,"y"
"PhonAlign",495.98,496.08,"s"
"PhonAlign",496.08,496.14,"k"
"PhonAlign",496.14,496.21,"A/"
"PhonAlign",496.21,496.24,"l"
"PhonAlign",496.24,496.33,"9"
"PhonAlign",496.33,496.38,"R"
"PhonAlign",496.38,496.42,"d"
"PhonAlign",496.42,496.5,"O/"
"PhonAlign",496.5,496.53,"Z"
"PhonAlign",496.53,496.61,"u"
"PhonAlign",496.61,496.65,"R"
"PhonAlign",496.65,496.7,"d"
"PhonAlign",496.7,496.73,"y"
"PhonAlign",496.73,496.76,"i"
"PhonAlign",496.76,496.85,"O~"
"PhonAlign",496.85,496.88,"n"
"PhonAlign",496.88,496.93,"p"
"PhonAlign",496.93,496.98,"@"
"PhonAlign",496.98,497.05,"p"
"PhonAlign",497.05,497.1,"A/"
"PhonAlign",497.1,497.13,"R"
"PhonAlign",497.13,497.23,"a~"
"PhonAlign",497.23,497.29,"t"
"PhonAlign",497.29,497.34,"R"
"PhonAlign",497.34,497.38,"e"
"PhonAlign",497.38,497.45,"d"
"PhonAlign",497.45,497.54,"a~"
"PhonAlign",497.54,497.57,"l"
"PhonAlign",497.57,497.87,"e"
"PhonAlign",497.87,497.96,"Z"
"PhonAlign",497.96,498.0,"@"
"PhonAlign",498.0,498.06,"t"
"PhonAlign",498.06,498.11,"s"
"PhonAlign",498.11,498.14,"O/"
"PhonAlign",498.14,498.23,"s"
"PhonAlign",498.23,498.26,"j"
"PhonAlign",498.26,498.32,"e"
"PhonAlign",498.32,498.38,"t"
"PhonAlign",498.38,498.6,"e"
"PhonAlign",498.6,499.24,"#"
"PhonAlign",499.24,499.43,"m"
"PhonAlign",499.43,499.66,"E"
"PhonAlign",499.66,500.66,"fp"
"PhonAlign",500.66,500.71,"m"
"PhonAlign",500.71,500.79,"e"
"PhonAlign",500.79,500.86,"d"
"PhonAlign",500.86,500.91,"y"
"PhonAlign",500.91,500.99,"k"
"PhonAlign",500.99,501.03,"u"
"PhonAlign",501.03,501.11,"O~"
"PhonAlign",501.11,501.14,"n"
"PhonAlign",501.14,501.2,"p"
"PhonAlign",501.2,501.25,"@"
"PhonAlign",501.25,501.33,"v"
"PhonAlign",501.33,501.36,"R"
"PhonAlign",501.36,501.43,"E"
"PhonAlign",501.43,501.5,"m"
"PhonAlign",501.5,501.61,"a~"
"PhonAlign",501.61,501.73,"s"
"PhonAlign",501.73,501.85,"@"
"PhonAlign",501.85,501.99,"s"
"PhonAlign",501.99,502.11,"p"
"PhonAlign",502.11,502.16,"R"
"PhonAlign",502.16,502.24,"O/"
"PhonAlign",502.24,502.38,"Z"
"PhonAlign",502.38,502.41,"2"
"PhonAlign",502.41,502.47,"t"
"PhonAlign",502.47,502.78,"e"
"PhonAlign",502.78,502.81,"R"
"PhonAlign",502.81,503.06,"e"
"PhonAlign",503.06,503.975,"fp"
"PhonAlign",503.975,504.15,"#"
"PhonAlign",504.15,504.25,"e"
"PhonAlign",504.25,504.36,"s"
"PhonAlign",504.36,504.4,"e"
"PhonAlign",504.4,504.45,"n"
"PhonAlign",504.45,504.52,"O/"
"PhonAlign",504.52,504.59,"t"
"PhonAlign",504.59,504.67,"R"
"PhonAlign",504.67,504.95,"@"
"PhonAlign",504.95,504.99,"i"
"PhonAlign",504.99,505.05,"m"
"PhonAlign",505.05,505.13,"A/"
"PhonAlign",505.13,505.21,"Z"
"PhonAlign",505.21,505.24,"i"
"PhonAlign",505.24,505.28,"n"
"PhonAlign",505.28,505.37,"A/"
"PhonAlign",505.37,505.49,"s"
"PhonAlign",505.49,505.52,"j"
"PhonAlign",505.52,505.61,"O~"
"PhonAlign",505.61,505.73,"k"
"PhonAlign",505.73,505.82,"e"
"PhonAlign",505.82,505.87,"v"
"PhonAlign",505.87,505.9,"R"
"PhonAlign",505.9,505.93,"E"
"PhonAlign",505.93,506.02,"m"
"PhonAlign",506.02,506.25,"a~"
"PhonAlign",506.25,506.52,"fp"
"PhonAlign",506.52,506.64,"m"
"PhonAlign",506.64,506.67,"i"
"PhonAlign",506.67,506.81,"z"
"PhonAlign",506.81,506.98,"a~"
"PhonAlign",506.98,507.06,"Z"
"PhonAlign",507.06,507.19,"2"
"PhonAlign",507.19,507.22,"l"
"PhonAlign",507.22,507.3,"A/"
"PhonAlign",507.3,507.36,"d"
"PhonAlign",507.36,507.39,"2"
"PhonAlign",507.39,507.46,"d"
"PhonAlign",507.46,507.64,"a~"
"PhonAlign",507.64,508.475,"#"
"PhonAlign",508.475,508.655,"e"
"PhonAlign",508.655,509.64,"fp"
"PhonAlign",509.64,509.745,"#"
"PhonAlign",509.745,509.915,"e"
"PhonAlign",509.915,510.035,"k"
"PhonAlign",510.035,510.185,"Z"
"PhonAlign",510.185,510.245,"@"
"PhonAlign",510.245,510.335,"p"
"PhonAlign",510.335,510.465,"a~"
"PhonAlign",510.465,510.615,"s"
"PhonAlign",510.615,510.905,"fp"
"PhonAlign",510.905,511.035,"p"
"PhonAlign",511.035,511.095,"l"
"PhonAlign",511.095,511.185,"E"
"PhonAlign",511.185,511.245,"O/"
"PhonAlign",511.245,511.405,"s"
"PhonAlign",511.405,511.465,"i"
"PhonAlign",511.465,512.075,"A/"
"PhonAlign",512.075,512.215,"#"
"PhonAlign",512.215,512.335,"U~/"
"PhonAlign",512.335,512.375,"n"
"PhonAlign",512.375,512.425,"g"
"PhonAlign",512.425,512.505,"R"
"PhonAlign",512.505,512.615,"a~"
"PhonAlign",512.615,512.675,"n"
"PhonAlign",512.675,512.805,"O~"
"PhonAlign",512.805,512.895,"b"
"PhonAlign",512.895,512.975,"R"
"PhonAlign",512.975,513.665,"fp"
"PhonAlign",513.665,514.339032,"#"
"PhonAlign",514.339032,514.419032,"d"
"PhonAlign",514.419032,514.4990319999999,"@"
"PhonAlign",514.4990319999999,514.579032,"p"
"PhonAlign",514.579032,514.6290319999999,"E"
"PhonAlign",514.6290319999999,514.8890319999999,"R"
"PhonAlign",514.8890319999999,515.0090319999999,"s"
"PhonAlign",515.0090319999999,515.039032,"O/"
"PhonAlign",515.039032,515.2490319999999,"n"
"PhonAlign",515.2490319999999,515.349032,"k"
"PhonAlign",515.349032,515.409032,"k"
"PhonAlign",515.409032,515.449032,"j"
"PhonAlign",515.449032,515.479032,"v"
"PhonAlign",515.479032,515.599032,"O~"
"PhonAlign",515.599032,515.6390319999999,"v"
"PhonAlign",515.6390319999999,515.699032,"w"
"PhonAlign",515.699032,515.729032,"A/"
"PhonAlign",515.729032,515.799032,"R"
"PhonAlign",515.799032,515.939032,"s"
"PhonAlign",515.939032,515.979032,"e"
"PhonAlign",515.979032,516.239032,"2"
"PhonAlign",516.239032,516.369032,"s"
"PhonAlign",516.369032,516.429032,"@"
"PhonAlign",516.429032,516.479032,"Z"
"PhonAlign",516.479032,516.559032,"a~"
"PhonAlign",516.559032,516.589032,"R"
"PhonAlign",516.589032,516.6290319999999,"d"
"PhonAlign",516.6290319999999,516.669032,"@"
"PhonAlign",516.669032,516.789032,"f"
"PhonAlign",516.789032,516.829032,"i"
"PhonAlign",516.829032,516.859032,"l"
"PhonAlign",516.859032,516.8890319999999,"m"
"PhonAlign",516.8890319999999,516.99,"@"
"PhonAlign",516.99,518.215,"#"
"PhonAlign",518.215,519.325,"fp"
"PhonAlign",519.325,519.5550000000001,"#"
"PhonAlign",519.5550000000001,519.605,"d"
"PhonAlign",519.605,519.6750000000001,"y"
"PhonAlign",519.6750000000001,519.7950000000001,"k"
"PhonAlign",519.7950000000001,519.955,"u"
"PhonAlign",519.955,520.005,"u"
"PhonAlign",520.005,520.075,"i"
"PhonAlign",520.075,520.255,"s"
"PhonAlign",520.255,520.775,"i"
"PhonAlign",520.775,521.655,"#"
"PhonAlign",521.655,521.755,"s"
"PhonAlign",521.755,521.795,"i"
"PhonAlign",521.795,521.885,"s"
"PhonAlign",521.885,521.9549999999999,"A/"
"PhonAlign",521.9549999999999,522.005,"v"
"PhonAlign",522.005,522.035,"u"
"PhonAlign",522.035,522.125,"d"
"PhonAlign",522.125,522.155,"i"
"PhonAlign",522.155,522.185,"R"
"PhonAlign",522.185,522.305,"E"
"PhonAlign",522.305,522.375,"d"
"PhonAlign",522.375,522.5649999999999,"@"
"PhonAlign",522.5649999999999,522.635,"d"
"PhonAlign",522.635,522.7049999999999,"@"
"PhonAlign",522.7049999999999,522.755,"m"
"PhonAlign",522.755,522.8249999999999,"E"
"PhonAlign",522.8249999999999,522.935,"t"
"PhonAlign",522.935,522.985,"R"
"PhonAlign",522.985,523.105,"@"
"PhonAlign",523.105,523.265,"s"
"PhonAlign",523.265,523.435,"f"
"PhonAlign",523.435,523.505,"i"
"PhonAlign",523.505,523.535,"l"
"PhonAlign",523.535,523.625,"m"
"PhonAlign",523.625,523.905,"a~"
"PhonAlign",523.905,523.9549999999999,"a~"
"PhonAlign",523.9549999999999,524.015,"a~"
"PhonAlign",524.015,524.105,"t"
"PhonAlign",524.105,524.155,"E"
"PhonAlign",524.155,524.185,"t"
"PhonAlign",524.185,524.255,"d"
"PhonAlign",524.255,524.305,"A/"
"PhonAlign",524.305,524.435,"f"
"PhonAlign",524.435,524.515,"i"
"PhonAlign",524.515,524.675,"S"
"PhonAlign",524.675,524.855,"fp"
"PhonAlign",524.855,524.9649999999999,"m"
"PhonAlign",524.9649999999999,525.035,"w"
"PhonAlign",525.035,525.0849999999999,"A/"
"PhonAlign",525.0849999999999,525.175,"s"
"PhonAlign",525.175,525.245,"A/"
"PhonAlign",525.245,525.3249999999999,"m"
"PhonAlign",525.3249999999999,525.81,"fp"
"PhonAlign",525.81,526.765,"#"
"PhonAlign",526.765,526.8149999999999,"s"
"PhonAlign",526.8149999999999,526.855,"A/"
"PhonAlign",526.855,526.885,"m"
"PhonAlign",526.885,526.915,"d"
"PhonAlign",526.915,526.955,"i"
"PhonAlign",526.955,527.005,"R"
"PhonAlign",527.005,527.135,"E"
"PhonAlign",527.135,527.185,"b"
"PhonAlign",527.185,527.245,"j"
"PhonAlign",527.245,527.385,"U~/"
"PhonAlign",527.385,678.04,"#"
"PhonAlign",678.04,678.12,"n"
"PhonAlign",678.12,678.29,"a~"
"PhonAlign",678.29,678.36,"m"
"PhonAlign",678.36,678.4,"w"
"PhonAlign",678.4,678.4399999999999,"A/"
"PhonAlign",678.4399999999999,678.51,"Z"
"PhonAlign",678.51,678.5999999999999,"a~"
"PhonAlign",678.5999999999999,678.68,"E"
"PhonAlign",678.68,678.7199999999999,"Z"
"PhonAlign",678.7199999999999,678.79,"A/"
"PhonAlign",678.79,678.8399999999999,"m"
"PhonAlign",678.8399999999999,678.91,"E"
"PhonAlign",678.91,678.9399999999999,"l"
"PhonAlign",678.9399999999999,679.13,"y"
"PhonAlign",679.13,679.2099999999999,"m"
"PhonAlign",679.2099999999999,679.4499999999999,"e"
"PhonAlign",679.4499999999999,679.54,"Z"
"PhonAlign",679.54,679.5699999999999,"@"
"PhonAlign",679.5699999999999,679.68,"s"
"PhonAlign",679.68,679.7199999999999,"e"
"PhonAlign",679.7199999999999,679.8299999999999,"k"
"PhonAlign",679.8299999999999,680.27,"@"
"PhonAlign",680.27,680.3,"#"
"PhonAlign",680.3,680.42,"b"
"PhonAlign",680.42,680.56,"E"
"PhonAlign",680.56,680.5999999999999,"k"
"PhonAlign",680.5999999999999,680.7199999999999,"a~"
"PhonAlign",680.7199999999999,680.79,"Z"
"PhonAlign",680.79,680.9,"t"
"PhonAlign",680.9,680.9399999999999,"E"
"PhonAlign",680.9399999999999,681.06,"a~"
"PhonAlign",681.06,681.13,"p"
"PhonAlign",681.13,681.23,"R"
"PhonAlign",681.23,681.27,"i"
"PhonAlign",681.27,681.3399999999999,"m"
"PhonAlign",681.3399999999999,681.4399999999999,"E"
"PhonAlign",681.4399999999999,681.52,"R"
"PhonAlign",681.52,681.5799999999999,"O~"
"PhonAlign",681.5799999999999,681.63,"n"
"PhonAlign",681.63,681.6999999999999,"A/"
"PhonAlign",681.6999999999999,681.75,"v"
"PhonAlign",681.75,682.25,"E"
"PhonAlign",682.25,682.31,"d"
"PhonAlign",682.31,682.36,"y"
"PhonAlign",682.36,682.43,"k"
"PhonAlign",682.43,682.49,"u"
"PhonAlign",682.49,682.8399999999999,"U~/"
"PhonAlign",682.8399999999999,682.92,"n"
"PhonAlign",682.92,682.98,"p"
"PhonAlign",682.98,683.05,"t"
"PhonAlign",683.05,683.0899999999999,"i"
"PhonAlign",683.0899999999999,683.2199999999999,"s"
"PhonAlign",683.2199999999999,683.27,"e"
"PhonAlign",683.27,683.3299999999999,"d"
"PhonAlign",683.3299999999999,683.78,"e"
"PhonAlign",683.78,683.81,"i"
"PhonAlign",683.81,683.8399999999999,"e"
"PhonAlign",683.8399999999999,683.89,"j"
"PhonAlign",683.89,683.93,"A/"
"PhonAlign",683.93,683.99,"v"
"PhonAlign",683.99,684.0799999999999,"e"
"PhonAlign",684.0799999999999,684.11,"y"
"PhonAlign",684.11,684.25,"n"
"PhonAlign",684.25,684.3499999999999,"g"
"PhonAlign",684.3499999999999,684.41,"R"
"PhonAlign",684.41,684.54,"a~"
"PhonAlign",684.54,684.5699999999999,"d"
"PhonAlign",684.5699999999999,684.62,"e"
"PhonAlign",684.62,684.6999999999999,"t"
"PhonAlign",684.6999999999999,684.77,"A/"
"PhonAlign",684.77,684.8299999999999,"Z"
"PhonAlign",684.8299999999999,684.87,"E"
"PhonAlign",684.87,684.9,"R"
"PhonAlign",684.9,684.99,"A/"
"PhonAlign",684.99,685.02,"v"
"PhonAlign",685.02,685.05,"E"
"PhonAlign",685.05,685.0799999999999,"k"
"PhonAlign",685.0799999999999,685.14,"b"
"PhonAlign",685.14,685.1999999999999,"O/"
"PhonAlign",685.1999999999999,685.27,"k"
"PhonAlign",685.27,685.3,"u"
"PhonAlign",685.3,685.3299999999999,"d"
"PhonAlign",685.3299999999999,685.43,"S"
"PhonAlign",685.43,685.4599999999999,"E"
"PhonAlign",685.4599999999999,685.51,"R"
"PhonAlign",685.51,685.55,"d"
"PhonAlign",685.55,685.61,"@"
"PhonAlign",685.61,685.7199999999999,"p"
"PhonAlign",685.7199999999999,685.81,"u"
"PhonAlign",685.81,685.8499999999999,"l"
"PhonAlign",685.8499999999999,685.92,"m"
"PhonAlign",685.92,686.17,"e"
"PhonAlign",686.17,686.2199999999999,"m"
"PhonAlign",686.2199999999999,686.27,"E"
"PhonAlign",686.27,686.3299999999999,"Z"
"PhonAlign",686.3299999999999,686.4,"A/"
"PhonAlign",686.4,686.43,"v"
"PhonAlign",686.43,686.4599999999999,"E"
"PhonAlign",686.4599999999999,686.54,"t"
"PhonAlign",686.54,686.5899999999999,"R"
"PhonAlign",686.5899999999999,686.66,"E"
"PhonAlign",686.66,686.76,"p"
"PhonAlign",686.76,686.86,"9"
"PhonAlign",686.86,686.93,"R"
"PhonAlign",686.93,686.98,"d"
"PhonAlign",686.98,687.05,"@"
"PhonAlign",687.05,687.0899999999999,"l"
"PhonAlign",687.0899999999999,687.1899999999999,"e"
"PhonAlign",687.1899999999999,687.2199999999999,"l"
"PhonAlign",687.2199999999999,687.29,"i"
"PhonAlign",687.29,687.74,"R"
"PhonAlign",687.74,688.03,"@"
"PhonAlign",688.03,688.11,"d"
"PhonAlign",688.11,688.2199999999999,"O~"
"PhonAlign",688.2199999999999,689.01,"k"
"PhonAlign",689.01,689.15,"fp"
"PhonAlign",689.15,689.365,"laugh"
"PhonAlign",689.365,691.170029,"laugh"
"PhonAlign",691.170029,736.725,"#"
"PhonAlign",736.725,736.885,"u"
"PhonAlign",736.885,737.155,"i"
"PhonAlign",737.155,737.275,"d"
"PhonAlign",737.275,737.345,"y"
"PhonAlign",737.345,737.455,"k"
"PhonAlign",737.455,737.5550000000001,"u"
"PhonAlign",737.5550000000001,737.755,"k"
"PhonAlign",737.755,737.815,"E"
"PhonAlign",737.815,737.9350000000001,"l"
"PhonAlign",737.9350000000001,739.045,"fp"
"PhonAlign",739.045,740.495,"#"
"PhonAlign",740.495,741.44,"laugh"
"PhonAlign",741.44,743.255,"#"
"PhonAlign",743.255,743.325,"k"
"PhonAlign",743.325,743.445,"E"
"PhonAlign",743.445,743.515,"l"
"PhonAlign",743.515,744.33,"fp"
"PhonAlign",744.33,744.72,"#"
"PhonAlign",744.72,744.78,"k"
"PhonAlign",744.78,744.85,"E"
"PhonAlign",744.85,744.88,"l"
"PhonAlign",744.88,745.03,"Z"
"PhonAlign",745.03,745.11,"a~"
"PhonAlign",745.11,745.14,"R"
"PhonAlign",745.14,745.22,"O~"
"PhonAlign",745.22,745.26,"n"
"PhonAlign",745.26,745.34,"p"
"PhonAlign",745.34,745.38,"u"
"PhonAlign",745.38,745.4100000000001,"R"
"PhonAlign",745.4100000000001,745.45,"E"
"PhonAlign",745.45,745.52,"m"
"PhonAlign",745.52,745.59,"E"
"PhonAlign",745.59,745.6600000000001,"t"
"PhonAlign",745.6600000000001,745.74,"R"
"PhonAlign",745.74,745.8000000000001,"a~"
"PhonAlign",745.8000000000001,745.97,"A/"
"PhonAlign",745.97,746.0600000000001,"v"
"PhonAlign",746.0600000000001,746.22,"a~"
"PhonAlign",746.22,746.3100000000001,"k"
"PhonAlign",746.3100000000001,746.36,"e"
"PhonAlign",746.36,746.5400000000001,"s"
"PhonAlign",746.5400000000001,747.11,"2"
"PhonAlign",747.11,747.14,"k"
"PhonAlign",747.14,747.205,"2"
"PhonAlign",747.205,748.28,"#"
"PhonAlign",748.28,748.35,"k"
"PhonAlign",748.35,748.4499999999999,"s"
"PhonAlign",748.4499999999999,748.5,"k"
"PhonAlign",748.5,748.55,"@"
"PhonAlign",748.55,748.65,"v"
"PhonAlign",748.65,748.76,"u"
"PhonAlign",748.76,748.81,"v"
"PhonAlign",748.81,748.8399999999999,"u"
"PhonAlign",748.8399999999999,748.87,"z"
"PhonAlign",748.87,748.9499999999999,"A/"
"PhonAlign",748.9499999999999,748.98,"v"
"PhonAlign",748.98,749.03,"e"
"PhonAlign",749.03,749.1,"p"
"PhonAlign",749.1,749.18,"a~"
"PhonAlign",749.18,749.28,"s"
"PhonAlign",749.28,749.3199999999999,"e"
"PhonAlign",749.3199999999999,749.35,"d"
"PhonAlign",749.35,749.4499999999999,"t"
"PhonAlign",749.4499999999999,749.49,"u"
"PhonAlign",749.49,749.64,"s"
"PhonAlign",749.64,749.805,"A/"
"PhonAlign",749.805,756.51379,"#"
"PhonAlign",756.51379,758.635084,"laugh"
"PhonAlign",758.635084,773.74,"#"
"PhonAlign",773.74,773.8100000000001,"s"
"PhonAlign",773.8100000000001,773.87,"e"
"PhonAlign",773.87,774.03,"v"
"PhonAlign",774.03,774.0600000000001,"R"
"PhonAlign",774.0600000000001,774.1,"E"
"PhonAlign",774.1,775.24,"#"
"PhonAlign",775.24,775.4,"w"
"PhonAlign",775.4,775.58,"E"
"PhonAlign",775.58,775.85,"m"
"PhonAlign",775.85,775.89,"w"
"PhonAlign",775.89,775.99,"A/"
"PhonAlign",775.99,776.07,"Z"
"PhonAlign",776.07,776.34,"E"
"PhonAlign",776.34,776.37,"l"
"PhonAlign",776.37,776.46,"A/"
"PhonAlign",776.46,776.49,"v"
"PhonAlign",776.49,776.59,"a~"
"PhonAlign",776.59,776.7,"t"
"PhonAlign",776.7,776.76,"y"
"PhonAlign",776.76,776.79,"R"
"PhonAlign",776.79,776.94,"u"
"PhonAlign",776.94,776.99,"l"
"PhonAlign",776.99,777.07,"E"
"PhonAlign",777.07,777.1800000000001,"s"
"PhonAlign",777.1800000000001,777.21,"y"
"PhonAlign",777.21,777.29,"p"
"PhonAlign",777.29,777.46,"E"
"PhonAlign",777.46,777.49,"R"
"PhonAlign",777.49,777.52,"e"
"PhonAlign",777.52,777.55,"R"
"PhonAlign",777.55,777.7,"O/"
"PhonAlign",777.7,777.73,"O/"
"PhonAlign",777.73,777.84,"s"
"PhonAlign",777.84,777.89,"i"
"PhonAlign",777.89,777.98,"s"
"PhonAlign",777.98,778.04,"A/"
"PhonAlign",778.04,778.16,"t"
"PhonAlign",778.16,778.19,"u"
"PhonAlign",778.19,778.33,"S"
"PhonAlign",778.33,778.79,"@"
"PhonAlign",778.79,778.86,"p"
"PhonAlign",778.86,778.94,"A/"
"PhonAlign",778.94,779.0,"m"
"PhonAlign",779.0,779.1,"A/"
"PhonAlign",779.1,779.14,"l"
"PhonAlign",779.14,779.21,"d"
"PhonAlign",779.21,779.34,"m"
"PhonAlign",779.34,779.48,"O~"
"PhonAlign",779.48,779.53,"d"
"PhonAlign",779.53,779.87,"e"
"PhonAlign",779.87,779.99,"s"
"PhonAlign",779.99,780.1,"U~/"
"PhonAlign",780.1,780.17,"t"
"PhonAlign",780.17,780.22,"E"
"PhonAlign",780.22,780.25,"R"
"PhonAlign",780.25,780.32,"E"
"PhonAlign",780.32,780.45,"s"
"PhonAlign",780.45,780.48,"b"
"PhonAlign",780.48,780.51,"O/"
"PhonAlign",780.51,780.54,"k"
"PhonAlign",780.54,780.57,"u"
"PhonAlign",780.57,780.6,"d"
"PhonAlign",780.6,780.63,"m"
"PhonAlign",780.63,780.66,"O~"
"PhonAlign",780.66,780.69,"d"
"PhonAlign",780.69,780.73,"b"
"PhonAlign",780.73,780.76,"O/"
"PhonAlign",780.76,780.83,"k"
"PhonAlign",780.83,780.87,"u"
"PhonAlign",780.87,780.92,"d"
"PhonAlign",780.92,780.99,"m"
"PhonAlign",780.99,781.07,"O~"
"PhonAlign",781.07,781.1,"d"
"PhonAlign",781.1,781.17,"b"
"PhonAlign",781.17,781.27,"E"
"PhonAlign",781.27,781.34,"n"
"PhonAlign",781.34,781.41,"O/"
"PhonAlign",781.41,781.47,"t"
"PhonAlign",781.47,781.54,"A/"
"PhonAlign",781.54,781.57,"m"
"PhonAlign",781.57,781.69,"a~"
"PhonAlign",781.69,781.76,"m"
"PhonAlign",781.76,781.86,"A/"
"PhonAlign",781.86,781.89,"R"
"PhonAlign",781.89,781.94,"v"
"PhonAlign",781.94,782.05,"E"
"PhonAlign",782.05,782.08,"l"
"PhonAlign",782.08,782.15,"d"
"PhonAlign",782.15,782.23,"y"
"PhonAlign",782.23,782.34,"k"
"PhonAlign",782.34,782.51,"u"
"PhonAlign",782.51,782.73,"e"
"PhonAlign",782.73,782.78,"A/"
"PhonAlign",782.78,782.82,"v"
"PhonAlign",782.82,782.87,"E"
"PhonAlign",782.87,782.905,"k"
"PhonAlign",782.905,783.0,"#"
"PhonAlign",783.0,783.07,"s"
"PhonAlign",783.07,783.1,"p"
"PhonAlign",783.1,783.17,"i"
"PhonAlign",783.17,783.21,"d"
"PhonAlign",783.21,783.24,"2"
"PhonAlign",783.24,783.3,"R"
"PhonAlign",783.3,783.38,"m"
"PhonAlign",783.38,783.47,"A/"
"PhonAlign",783.47,783.53,"n"
"PhonAlign",783.53,783.56,"w"
"PhonAlign",783.56,783.7,"E"
"PhonAlign",783.7,783.8,"s"
"PhonAlign",783.8,784.05,"e"
"PhonAlign",784.05,784.17,"s"
"PhonAlign",784.17,784.22,"e"
"PhonAlign",784.22,784.28,"d"
"PhonAlign",784.28,784.37,"E"
"PhonAlign",784.37,784.4,"R"
"PhonAlign",784.4,784.43,"n"
"PhonAlign",784.43,784.46,"j"
"PhonAlign",784.46,784.54,"e"
"PhonAlign",784.54,784.62,"t"
"PhonAlign",784.62,784.79,"a~"
"PhonAlign",784.79,784.91,"s"
"PhonAlign",784.91,785.425,"A/"
"PhonAlign",785.425,786.48,"#"
"PhonAlign",786.48,786.52,"p"
"PhonAlign",786.52,786.5600000000001,"@"
"PhonAlign",786.5600000000001,786.62,"f"
"PhonAlign",786.62,786.66,"E"
"PhonAlign",786.66,786.69,"R"
"PhonAlign",786.69,786.82,"f"
"PhonAlign",786.82,786.85,"y"
"PhonAlign",786.85,786.89,"R"
"PhonAlign",786.89,786.94,"9"
"PhonAlign",786.94,786.975,"R"
"PhonAlign",786.975,787.48,"#"
"PhonAlign",787.48,787.93,"laugh"
"PhonAlign",787.93,788.94,"#"
"PhonAlign",788.94,789.1700000000001,"A/"
"PhonAlign",789.1700000000001,789.77,"laugh"
"PhonAlign",789.77,790.61,"#"
"PhonAlign",790.61,791.72,"laugh"
"PhonAlign",791.72,792.495,"#"
"PhonAlign",792.495,793.395,"laugh"
"PhonAlign",793.395,793.465,"w"
"PhonAlign",793.465,793.555,"i"
"PhonAlign",793.555,793.645,"s"
"PhonAlign",793.645,793.705,"e"
"PhonAlign",793.705,793.735,"v"
"PhonAlign",793.735,793.785,"R"
"PhonAlign",793.785,793.845,"e"
"PhonAlign",793.845,793.915,"k"
"PhonAlign",793.915,793.995,"@"
"PhonAlign",793.995,794.115,"t"
"PhonAlign",794.115,794.195,"O/"
"PhonAlign",794.195,794.265,"m"
"PhonAlign",794.265,794.315,"O/"
"PhonAlign",794.315,794.495,"l"
"PhonAlign",794.495,794.585,"a~"
"PhonAlign",794.585,794.615,"d"
"PhonAlign",794.615,794.6850000000001,"s"
"PhonAlign",794.6850000000001,794.785,"A/"
"PhonAlign",794.785,794.845,"O/"
"PhonAlign",794.845,794.875,"R"
"PhonAlign",794.875,794.955,"E"
"PhonAlign",794.955,795.025,"p"
"PhonAlign",795.025,795.095,"y"
"PhonAlign",795.095,795.145,"m"
"PhonAlign",795.145,795.305,"E"
"PhonAlign",795.305,795.375,"t"
"PhonAlign",795.375,795.415,"R"
"PhonAlign",795.415,795.525,"t"
"PhonAlign",795.525,795.555,"u"
"PhonAlign",795.555,795.585,"l"
"PhonAlign",795.585,795.665,"m"
"PhonAlign",795.665,795.735,"O~"
"PhonAlign",795.735,795.765,"d"
"PhonAlign",795.765,795.795,"d"
"PhonAlign",795.795,795.905,"A/"
"PhonAlign",795.905,795.975,"k"
"PhonAlign",795.975,796.075,"O/"
"PhonAlign",796.075,796.125,"R"
"PhonAlign",796.125,798.605,"#"
"PhonAlign",798.605,798.655,"s"
"PhonAlign",798.655,798.705,"e"
"PhonAlign",798.705,798.765,"v"
"PhonAlign",798.765,798.8050000000001,"R"
"PhonAlign",798.8050000000001,798.955,"E"
"PhonAlign",798.955,804.94,"#"
"PhonAlign",804.94,805.11,"s"
"PhonAlign",805.11,805.1700000000001,"e"
"PhonAlign",805.1700000000001,805.24,"v"
"PhonAlign",805.24,805.2800000000001,"R"
"PhonAlign",805.2800000000001,805.45,"E"
"PhonAlign",805.45,805.56,"#"
"PhonAlign",805.56,805.75,"s"
"PhonAlign",805.75,806.505,"e"
"PhonAlign",806.505,806.93,"#"
"PhonAlign",806.93,806.9699999999999,"t"
"PhonAlign",806.9699999999999,807.0,"R"
"PhonAlign",807.0,807.04,"E"
"PhonAlign",807.04,807.0799999999999,"b"
"PhonAlign",807.0799999999999,807.15,"O/"
"PhonAlign",807.15,807.2299999999999,"n"
"PhonAlign",807.2299999999999,807.3,"i"
"PhonAlign",807.3,807.37,"d"
"PhonAlign",807.37,807.5,"e"
"PhonAlign",807.5,807.53,"w"
"PhonAlign",807.53,807.66,"E"
"PhonAlign",807.66,810.795,"#"
"PhonAlign",810.795,810.8349999999999,"b"
"PhonAlign",810.8349999999999,810.875,"E"
"PhonAlign",810.875,810.935,"e"
"PhonAlign",810.935,810.995,"k"
"PhonAlign",810.995,811.025,"u"
"PhonAlign",811.025,811.135,"t"
"PhonAlign",811.135,811.2249999999999,"e"
"PhonAlign",811.2249999999999,811.3149999999999,"m"
"PhonAlign",811.3149999999999,811.375,"w"
"PhonAlign",811.375,811.665,"A/"
"PhonAlign",811.665,812.784649,"#"
"PhonAlign",812.784649,813.317274,"laugh"
"PhonAlign",813.317274,814.355,"#"
"PhonAlign",814.355,814.395,"s"
"PhonAlign",814.395,814.525,"e"
"PhonAlign",814.525,814.725,"p"
"PhonAlign",814.725,814.99,"A/"
"PhonAlign",814.99,818.3,"#"
"PhonAlign",818.3,819.774337,"laugh"
"PhonAlign",819.774337,820.23,"#"
"PhonAlign",820.23,820.46,"n"
"PhonAlign",820.46,820.6800000000001,"a~"
"PhonAlign",820.6800000000001,820.79,"s"
"PhonAlign",820.79,820.9,"A/"
"PhonAlign",820.9,821.01,"s"
"PhonAlign",821.01,821.08,"A/"
"PhonAlign",821.08,821.14,"p"
"PhonAlign",821.14,821.2,"u"
"PhonAlign",821.2,821.24,"v"
"PhonAlign",821.24,821.33,"E"
"PhonAlign",821.33,821.38,"E"
"PhonAlign",821.38,821.45,"t"
"PhonAlign",821.45,821.53,"R"
"PhonAlign",821.53,821.9300000000001,"U~/"
"PhonAlign",821.9300000000001,822.0,"b"
"PhonAlign",822.0,822.07,"O/"
"PhonAlign",822.07,822.1800000000001,"s"
"PhonAlign",822.1800000000001,822.24,"y"
"PhonAlign",822.24,822.28,"Z"
"PhonAlign",822.28,822.37,"E"
"PhonAlign",822.37,822.41,"m"
"PhonAlign",822.41,822.58,"i"
"PhonAlign",822.58,822.6800000000001,"p"
"PhonAlign",822.6800000000001,822.75,"@"
"PhonAlign",822.75,822.83,"t"
"PhonAlign",822.83,822.86,"u"
"PhonAlign",822.86,822.97,"S"
"PhonAlign",822.97,823.02,"e"
"PhonAlign",823.02,823.0500000000001,"Z"
"PhonAlign",823.0500000000001,823.08,"e"
"PhonAlign",823.08,823.12,"m"
"PhonAlign",823.12,823.15,"w"
"PhonAlign",823.15,823.22,"U~/"
"PhonAlign",823.22,823.29,"d"
"PhonAlign",823.29,823.37,"m"
"PhonAlign",823.37,823.57,"O~"
"PhonAlign",823.57,823.66,"d"
"PhonAlign",823.66,824.0500000000001,"@"
"PhonAlign",824.0500000000001,824.1800000000001,"s"
"PhonAlign",824.1800000000001,824.49,"e"
"PhonAlign",824.49,828.225,"#"
"PhonAlign",828.225,828.315,"b"
"PhonAlign",828.315,828.535,"O/"
"PhonAlign",828.535,828.565,"m"
"PhonAlign",828.565,828.715,"E"
"PhonAlign",828.715,828.815,"p"
"PhonAlign",828.815,828.875,"A/"
"PhonAlign",828.875,828.9250000000001,"R"
"PhonAlign",828.9250000000001,829.015,"t"
"PhonAlign",829.015,829.065,"O~"
"PhonAlign",829.065,829.195,"s"
"PhonAlign",829.195,829.225,"y"
"PhonAlign",829.225,829.255,"R"
"PhonAlign",829.255,829.325,"A/"
"PhonAlign",829.325,829.365,"v"
"PhonAlign",829.365,829.485,"a~"
"PhonAlign",829.485,829.655,"t"
"PhonAlign",829.655,829.6850000000001,"y"
"PhonAlign",829.6850000000001,829.715,"R"
"PhonAlign",829.715,829.865,"A/"
"PhonAlign",829.865,829.895,"l"
"PhonAlign",829.895,829.985,"O/"
"PhonAlign",829.985,830.015,"R"
"PhonAlign",830.015,830.105,"s"
"PhonAlign",830.105,830.145,"e"
"PhonAlign",830.145,830.1750000000001,"v"
"PhonAlign",830.1750000000001,830.205,"R"
"PhonAlign",830.205,830.275,"E"
"PhonAlign",830.275,830.325,"k"
"PhonAlign",830.325,830.475,"@"
"PhonAlign",830.475,830.5450000000001,"Z"
"PhonAlign",830.5450000000001,830.575,"y"
"PhonAlign",830.575,830.635,"m"
"PhonAlign",830.635,830.705,"A/"
"PhonAlign",830.705,830.765,"n"
"PhonAlign",830.765,830.855,"Z"
"PhonAlign",830.855,830.905,"i"
"PhonAlign",830.905,830.995,"w"
"PhonAlign",830.995,831.0550000000001,"E"
"PhonAlign",831.0550000000001,831.1650000000001,"p"
"PhonAlign",831.1650000000001,831.325,"2"
"PhonAlign",831.325,831.355,"t"
"PhonAlign",831.355,831.4250000000001,"t"
"PhonAlign",831.4250000000001,831.455,"u"
"PhonAlign",831.455,831.565,"S"
"PhonAlign",831.565,831.605,"e"
"PhonAlign",831.605,831.705,"p"
"PhonAlign",831.705,831.785,"A/"
"PhonAlign",831.785,831.845,"m"
"PhonAlign",831.845,831.9250000000001,"A/"
"PhonAlign",831.9250000000001,831.955,"l"
"PhonAlign",831.955,832.035,"d"
"PhonAlign",832.035,832.135,"Z"
"PhonAlign",832.135,832.1650000000001,"E"
"PhonAlign",832.1650000000001,832.195,"n"
"PhonAlign",832.195,832.225,"E"
"PhonAlign",832.225,832.255,"R"
"PhonAlign",832.255,832.335,"A/"
"PhonAlign",832.335,832.4350000000001,"s"
"PhonAlign",832.4350000000001,832.465,"j"
"PhonAlign",832.465,832.535,"O~"
"PhonAlign",832.535,832.615,"E"
"PhonAlign",832.615,832.855,"s"
"PhonAlign",832.855,832.895,"e"
"PhonAlign",832.895,832.9250000000001,"y"
"PhonAlign",832.9250000000001,832.965,"n"
"PhonAlign",832.965,833.015,"t"
"PhonAlign",833.015,833.075,"R"
"PhonAlign",833.075,833.105,"E"
"PhonAlign",833.105,833.1750000000001,"b"
"PhonAlign",833.1750000000001,833.205,"O/"
"PhonAlign",833.205,833.285,"n"
"PhonAlign",833.285,833.365,"i"
"PhonAlign",833.365,833.4150000000001,"d"
"PhonAlign",833.4150000000001,833.505,"e"
"PhonAlign",833.505,833.575,"d"
"PhonAlign",833.575,833.975,"@"
"PhonAlign",833.975,834.015,"#"
"PhonAlign",834.015,834.115,"d"
"PhonAlign",834.115,834.1750000000001,"@"
"PhonAlign",834.1750000000001,834.205,"l"
"PhonAlign",834.205,834.245,"m"
"PhonAlign",834.245,834.315,"E"
"PhonAlign",834.315,834.365,"t"
"PhonAlign",834.365,834.4150000000001,"R"
"PhonAlign",834.4150000000001,834.455,"a~"
"PhonAlign",834.455,834.5550000000001,"A/"
"PhonAlign",834.5550000000001,834.625,"k"
"PhonAlign",834.625,834.695,"t"
"PhonAlign",834.695,834.735,"i"
"PhonAlign",834.735,834.765,"v"
"PhonAlign",834.765,834.8050000000001,"i"
"PhonAlign",834.8050000000001,834.895,"t"
"PhonAlign",834.895,834.9350000000001,"e"
"PhonAlign",834.9350000000001,835.015,"A/"
"PhonAlign",835.015,835.095,"k"
"PhonAlign",835.095,835.145,"O/"
"PhonAlign",835.145,835.235,"t"
"PhonAlign",835.235,835.285,"e"
"PhonAlign",835.285,835.385,"a~"
"PhonAlign",835.385,835.475,"p"
"PhonAlign",835.475,835.505,"l"
"PhonAlign",835.505,835.585,"y"
"PhonAlign",835.585,835.635,"z"
"PhonAlign",835.635,835.71,"#"
"PhonAlign",835.71,835.75,"d"
"PhonAlign",835.75,836.205,"@"
"PhonAlign",836.205,837.16,"#"
"PhonAlign",837.16,837.2199999999999,"s"
"PhonAlign",837.2199999999999,837.73,"i"
"PhonAlign",837.73,837.88,"s"
"PhonAlign",837.88,837.91,"i"
"PhonAlign",837.91,838.0,"s"
"PhonAlign",838.0,838.04,"E"
"PhonAlign",838.04,838.11,"R"
"PhonAlign",838.11,838.1999999999999,"t"
"PhonAlign",838.1999999999999,838.29,"U~/"
"PhonAlign",838.29,838.39,"v"
"PhonAlign",838.39,838.89,"9"
"PhonAlign",838.89,838.93,"l"
"PhonAlign",838.93,839.575,"#"
"PhonAlign",839.575,839.615,"t"
"PhonAlign",839.615,839.735,"a~"
"PhonAlign",839.735,839.835,"t"
"PhonAlign",839.835,839.945,"e"
"PhonAlign",839.945,840.0150000000001,"d"
"PhonAlign",840.0150000000001,840.225,"@"
"PhonAlign",840.225,840.2950000000001,"d"
"PhonAlign",840.2950000000001,840.345,"@"
"PhonAlign",840.345,840.4150000000001,"R"
"PhonAlign",840.4150000000001,840.505,"a~"
"PhonAlign",840.505,840.5550000000001,"t"
"PhonAlign",840.5550000000001,840.625,"R"
"PhonAlign",840.625,840.6550000000001,"e"
"PhonAlign",840.6550000000001,840.695,"d"
"PhonAlign",840.695,840.8050000000001,"a~"
"PhonAlign",840.8050000000001,840.9350000000001,"s"
"PhonAlign",840.9350000000001,840.965,"e"
"PhonAlign",840.965,841.125,"2"
"PhonAlign",841.125,841.225,"d"
"PhonAlign",841.225,841.315,"a~"
"PhonAlign",841.315,841.445,"s"
"PhonAlign",841.445,841.495,"@"
"PhonAlign",841.495,841.6550000000001,"Z"
"PhonAlign",841.6550000000001,841.73,"2"
"PhonAlign",841.73,841.925,"#"
"PhonAlign",841.925,842.29,"laugh"
"PhonAlign",842.29,855.83,"#"
"PhonAlign",855.83,855.9300000000001,"A/"
"PhonAlign",855.9300000000001,855.96,"v"
"PhonAlign",855.96,856.09,"a~"
"PhonAlign",856.09,856.2800000000001,"t"
"PhonAlign",856.2800000000001,856.32,"y"
"PhonAlign",856.32,856.35,"R"
"PhonAlign",856.35,856.44,"@"
"PhonAlign",856.44,856.5,"w"
"PhonAlign",856.5,856.685,"E"
"PhonAlign",856.685,863.715,"#"
"PhonAlign",863.715,863.755,"p"
"PhonAlign",863.755,863.815,"2"
"PhonAlign",863.815,863.9350000000001,"t"
"PhonAlign",863.9350000000001,864.085,"E"
"PhonAlign",864.085,864.225,"t"
"PhonAlign",864.225,864.355,"R"
"PhonAlign",864.355,864.465,"2"
"PhonAlign",864.465,864.615,"Z"
"PhonAlign",864.615,864.6750000000001,"@"
"PhonAlign",864.6750000000001,865.305,"fp"
"PhonAlign",865.305,865.7,"#"
"PhonAlign",865.7,865.76,"s"
"PhonAlign",865.76,865.8100000000001,"y"
"PhonAlign",865.8100000000001,865.84,"i"
"PhonAlign",865.84,866.01,"p"
"PhonAlign",866.01,866.12,"A/"
"PhonAlign",866.12,866.1700000000001,"O/"
"PhonAlign",866.1700000000001,866.23,"k"
"PhonAlign",866.23,866.2700000000001,"u"
"PhonAlign",866.2700000000001,866.3000000000001,"R"
"PhonAlign",866.3000000000001,866.4100000000001,"a~"
"PhonAlign",866.4100000000001,866.45,"m"
"PhonAlign",866.45,866.51,"E"
"PhonAlign",866.51,866.63,"s"
"PhonAlign",866.63,866.7800000000001,"e"
"PhonAlign",866.7800000000001,866.88,"s"
"PhonAlign",866.88,866.96,"e"
"PhonAlign",866.96,867.0600000000001,"f"
"PhonAlign",867.0600000000001,867.1400000000001,"O/"
"PhonAlign",867.1400000000001,867.1700000000001,"R"
"PhonAlign",867.1700000000001,867.25,"p"
"PhonAlign",867.25,867.32,"O/"
"PhonAlign",867.32,867.48,"s"
"PhonAlign",867.48,867.6,"i"
"PhonAlign",867.6,867.6600000000001,"b"
"PhonAlign",867.6600000000001,867.7,"l"
"PhonAlign",867.7,867.9000000000001,"@"
"PhonAlign",867.9000000000001,867.9300000000001,"w"
"PhonAlign",867.9300000000001,867.965,"E"
"PhonAlign",867.965,875.72,"#"
"PhonAlign",875.72,875.85,"w"
"PhonAlign",875.85,875.95,"i"
"PhonAlign",875.95,876.13,"s"
"PhonAlign",876.13,876.27,"e"
"PhonAlign",876.27,876.895,"#"
"PhonAlign",876.895,877.005,"w"
"PhonAlign",877.005,877.155,"i"
"PhonAlign",877.155,877.265,"p"
"PhonAlign",877.265,877.305,"O/"
"PhonAlign",877.305,877.505,"s"
"PhonAlign",877.505,877.555,"i"
"PhonAlign",877.555,877.615,"b"
"PhonAlign",877.615,877.645,"l"
"PhonAlign",877.645,877.675,"w"
"PhonAlign",877.675,877.765,"E"
"PhonAlign",877.765,877.875,"s"
"PhonAlign",877.875,877.915,"e"
"PhonAlign",877.915,877.995,"v"
"PhonAlign",877.995,878.045,"R"
"PhonAlign",878.045,878.105,"E"
"PhonAlign",878.105,880.96,"#"
"PhonAlign",880.96,881.13,"s"
"PhonAlign",881.13,881.19,"e"
"PhonAlign",881.19,881.2900000000001,"v"
"PhonAlign",881.2900000000001,881.32,"R"
"PhonAlign",881.32,881.535,"E"
"PhonAlign",881.535,881.765,"#"
"PhonAlign",881.765,881.855,"w"
"PhonAlign",881.855,881.925,"E"
"PhonAlign",881.925,881.975,"E"
"PhonAlign",881.975,882.145,"k"
"PhonAlign",882.145,882.225,"i"
"PhonAlign",882.225,882.515,"s"
"PhonAlign",882.515,882.615,"A/"
"PhonAlign",882.615,882.685,"d"
"PhonAlign",882.685,882.785,"A/"
"PhonAlign",882.785,882.8249999999999,"p"
"PhonAlign",882.8249999999999,882.955,"t"
"PhonAlign",882.955,883.355,"@"
"PhonAlign",883.355,883.465,"d"
"PhonAlign",883.465,883.655,"a~"
"PhonAlign",883.655,883.685,"l"
"PhonAlign",883.685,883.795,"t"
"PhonAlign",883.795,884.0649999999999,"a~"
"PhonAlign",884.0649999999999,884.355,"E"
"PhonAlign",884.355,884.5649999999999,"a~"
"PhonAlign",884.5649999999999,884.655,"f"
"PhonAlign",884.655,884.725,"O~"
"PhonAlign",884.725,884.755,"k"
"PhonAlign",884.755,884.855,"s"
"PhonAlign",884.855,884.885,"j"
"PhonAlign",884.885,884.915,"O~"
"PhonAlign",884.915,884.965,"d"
"PhonAlign",884.965,885.365,"e"
"PhonAlign",885.365,885.405,"d"
"PhonAlign",885.405,885.475,"e"
"PhonAlign",885.475,885.555,"n"
"PhonAlign",885.555,885.595,"u"
"PhonAlign",885.595,885.645,"v"
"PhonAlign",885.645,885.715,"E"
"PhonAlign",885.715,885.745,"l"
"PhonAlign",885.745,885.865,"S"
"PhonAlign",885.865,885.9449999999999,"O/"
"PhonAlign",885.9449999999999,886.015,"z"
"PhonAlign",886.015,886.095,"k"
"PhonAlign",886.095,886.135,"O~"
"PhonAlign",886.135,886.215,"v"
"PhonAlign",886.215,886.245,"A/"
"PhonAlign",886.245,886.3249999999999,"i"
"PhonAlign",886.3249999999999,886.455,"f"
"PhonAlign",886.455,886.505,"E"
"PhonAlign",886.505,886.5749999999999,"R"
"PhonAlign",886.5749999999999,886.645,"d"
"PhonAlign",886.645,886.765,"O~"
"PhonAlign",886.765,886.885,"k"
"PhonAlign",886.885,887.095,"fp"
"PhonAlign",887.095,887.1949999999999,"w"
"PhonAlign",887.1949999999999,887.255,"E"
"PhonAlign",887.255,887.285,"i"
"PhonAlign",887.285,887.685,"e"
"PhonAlign",887.685,887.72,"i"
"PhonAlign",887.72,888.0,"#"
"PhonAlign",888.0,888.11,"i"
"PhonAlign",888.11,888.14,"l"
"PhonAlign",888.14,888.19,"A/"
"PhonAlign",888.19,888.34,"p"
"PhonAlign",888.34,888.39,"y"
"PhonAlign",888.39,888.53,"A/"
"PhonAlign",888.53,888.56,"v"
"PhonAlign",888.56,888.68,"w"
"PhonAlign",888.68,888.71,"A/"
"PhonAlign",888.71,888.74,"R"
"PhonAlign",888.74,888.77,"U~/"
"PhonAlign",888.77,888.9,"U~/"
"PhonAlign",888.9,888.99,"p"
"PhonAlign",888.99,889.11,"A/"
"PhonAlign",889.11,889.18,"k"
"PhonAlign",889.18,889.32,"t"
"PhonAlign",889.32,889.47,"m"
"PhonAlign",889.47,889.83,"E"
"PhonAlign",889.83,889.91,"m"
"PhonAlign",889.91,889.94,"Z"
"PhonAlign",889.94,889.99,"d"
"PhonAlign",889.99,890.04,"i"
"PhonAlign",890.04,890.08,"R"
"PhonAlign",890.08,890.18,"E"
"PhonAlign",890.18,890.27,"k"
"PhonAlign",890.27,890.34,"i"
"PhonAlign",890.34,890.47,"e"
"PhonAlign",890.47,890.53,"t"
"PhonAlign",890.53,890.73,"#"
"PhonAlign",890.73,890.76,"p"
"PhonAlign",890.76,890.79,"l"
"PhonAlign",890.79,890.83,"y"
"PhonAlign",890.83,890.91,"t"
"PhonAlign",890.91,891.0,"O/"
"PhonAlign",891.0,891.05,"p"
"PhonAlign",891.05,891.11,"O/"
"PhonAlign",891.11,891.25,"z"
"PhonAlign",891.25,891.28,"i"
"PhonAlign",891.28,891.39,"t"
"PhonAlign",891.39,891.49,"i"
"PhonAlign",891.49,891.58,"f"
"PhonAlign",891.58,891.65,"A/"
"PhonAlign",891.65,891.72,"p"
"PhonAlign",891.72,891.79,"R"
"PhonAlign",891.79,891.93,"e"
"PhonAlign",891.93,892.58,"fp"
"PhonAlign",892.58,892.64,"i"
"PhonAlign",892.64,892.68,"a~"
"PhonAlign",892.68,892.77,"A/"
"PhonAlign",892.77,892.85,"k"
"PhonAlign",892.85,893.1,"s"
"PhonAlign",893.1,893.2,"O~"
"PhonAlign",893.2,893.27,"p"
"PhonAlign",893.27,893.33,"A/"
"PhonAlign",893.33,893.36,"d"
"PhonAlign",893.36,893.44,"A/"
"PhonAlign",893.44,893.52,"k"
"PhonAlign",893.52,893.55,"O/"
"PhonAlign",893.55,893.58,"R"
"PhonAlign",893.58,893.63,"A/"
"PhonAlign",893.63,893.66,"v"
"PhonAlign",893.66,893.73,"E"
"PhonAlign",893.73,893.78,"k"
"PhonAlign",893.78,893.87,"s"
"PhonAlign",893.87,894.01,"A/"
"PhonAlign",894.01,894.15,"m"
"PhonAlign",894.15,894.37,"E"
"PhonAlign",894.37,894.815,"fp"
"PhonAlign",894.815,895.215,"#"
"PhonAlign",895.215,895.69,"laugh"
"PhonAlign",895.69,907.89,"#"
"PhonAlign",907.89,907.96,"w"
"PhonAlign",907.96,908.13,"i"
"PhonAlign",908.13,908.17,"v"
"PhonAlign",908.17,908.24,"w"
"PhonAlign",908.24,908.28,"A/"
"PhonAlign",908.28,908.31,"l"
"PhonAlign",908.31,908.4,"A/"
"PhonAlign",908.4,908.51,"s"
"PhonAlign",908.51,908.54,"e"
"PhonAlign",908.54,908.63,"s"
"PhonAlign",908.63,908.76,"A/"
"PhonAlign",908.76,908.92,"e"
"PhonAlign",908.92,909.03,"d"
"PhonAlign",909.03,909.07,"y"
"PhonAlign",909.07,909.15,"k"
"PhonAlign",909.15,909.19,"u"
"PhonAlign",909.19,909.26,"s"
"PhonAlign",909.26,909.33,"A/"
"PhonAlign",909.33,909.42,"p"
"PhonAlign",909.42,909.5,"@"
"PhonAlign",909.5,909.53,"O/"
"PhonAlign",909.53,909.64,"s"
"PhonAlign",909.64,909.7,"i"
"PhonAlign",909.7,909.79,"t"
"PhonAlign",909.79,909.82,"u"
"PhonAlign",909.82,909.94,"S"
"PhonAlign",909.94,910.02,"e"
"PhonAlign",910.02,910.08,"p"
"PhonAlign",910.08,910.11,"l"
"PhonAlign",910.11,910.16,"y"
"PhonAlign",910.16,910.19,"z"
"PhonAlign",910.19,910.22,"j"
"PhonAlign",910.22,910.3,"9"
"PhonAlign",910.3,910.33,"R"
"PhonAlign",910.33,910.41,"Z"
"PhonAlign",910.41,910.44,"e"
"PhonAlign",910.44,910.47,"n"
"PhonAlign",910.47,910.5,"e"
"PhonAlign",910.5,910.53,"R"
"PhonAlign",910.53,910.6,"A/"
"PhonAlign",910.6,910.7,"s"
"PhonAlign",910.7,910.73,"j"
"PhonAlign",910.73,910.97,"O~"
"PhonAlign",910.97,911.14,"j"
"PhonAlign",911.14,911.19,"a~"
"PhonAlign",911.19,911.28,"A/"
"PhonAlign",911.28,911.38,"k"
"PhonAlign",911.38,911.42,"i"
"PhonAlign",911.42,911.46,"v"
"PhonAlign",911.46,911.55,"O~"
"PhonAlign",911.55,911.58,"v"
"PhonAlign",911.58,911.68,"n"
"PhonAlign",911.68,911.71,"i"
"PhonAlign",911.71,911.8,"R"
"PhonAlign",911.8,911.88,"l"
"PhonAlign",911.88,911.98,"v"
"PhonAlign",911.98,912.26,"w"
"PhonAlign",912.26,912.39,"A/"
"PhonAlign",912.39,912.42,"R"
"PhonAlign",912.42,912.53,"Z"
"PhonAlign",912.53,912.56,"y"
"PhonAlign",912.56,912.62,"s"
"PhonAlign",912.62,912.68,"t"
"PhonAlign",912.68,912.77,"p"
"PhonAlign",912.77,912.8,"A/"
"PhonAlign",912.8,912.83,"R"
"PhonAlign",912.83,912.9,"s"
"PhonAlign",912.9,913.01,"k"
"PhonAlign",913.01,913.34,"i"
"PhonAlign",913.34,913.44,"s"
"PhonAlign",913.44,913.54,"R"
"PhonAlign",913.54,913.9,"A/"
"PhonAlign",913.9,914.12,"#"
"PhonAlign",914.12,914.51,"p"
"PhonAlign",914.51,914.55,"A/"
"PhonAlign",914.55,914.58,"R"
"PhonAlign",914.58,914.67,"A/"
"PhonAlign",914.67,914.76,"p"
"PhonAlign",914.76,914.82,"O/"
"PhonAlign",914.82,914.85,"R"
"PhonAlign",914.85,914.89,"A/"
"PhonAlign",914.89,914.98,"s"
"PhonAlign",914.98,915.05,"e"
"PhonAlign",915.05,915.38,"z"
"PhonAlign",915.38,915.51,"s"
"PhonAlign",915.51,915.56,"e"
"PhonAlign",915.56,915.65,"n"
"PhonAlign",915.65,915.68,"u"
"PhonAlign",915.68,915.72,"v"
"PhonAlign",915.72,915.82,"E"
"PhonAlign",915.82,915.85,"l"
"PhonAlign",915.85,915.92,"t"
"PhonAlign",915.92,915.96,"E"
"PhonAlign",915.96,916.04,"k"
"PhonAlign",916.04,916.12,"n"
"PhonAlign",916.12,916.15,"O/"
"PhonAlign",916.15,916.25,"l"
"PhonAlign",916.25,916.28,"O/"
"PhonAlign",916.28,916.42,"Z"
"PhonAlign",916.42,916.5,"i"
"PhonAlign",916.5,916.53,"l"
"PhonAlign",916.53,916.58,"A/"
"PhonAlign",916.58,916.61,"j"
"PhonAlign",916.61,916.64,"a~"
"PhonAlign",916.64,916.76,"A/"
"PhonAlign",916.76,916.81,"k"
"PhonAlign",916.81,916.84,"s"
"PhonAlign",916.84,916.87,"R"
"PhonAlign",916.87,916.9,"O~"
"PhonAlign",916.9,917.17,"p"
"PhonAlign",917.17,917.3,"l"
"PhonAlign",917.3,917.35,"y"
"PhonAlign",917.35,917.58,"s"
"PhonAlign",917.58,917.61,"e"
"PhonAlign",917.61,917.8,"p"
"PhonAlign",917.8,917.83,"l"
"PhonAlign",917.83,917.9,"y"
"PhonAlign",917.9,917.93,"R"
"PhonAlign",917.93,918.04,"E"
"PhonAlign",918.04,918.11,"t"
"PhonAlign",918.11,918.17,"i"
"PhonAlign",918.17,918.28,"s"
"PhonAlign",918.28,918.47,"a~"
"PhonAlign",918.47,918.68,"m"
"PhonAlign",918.68,918.86,"E"
"PhonAlign",918.86,919.345,"fp"
"PhonAlign",919.345,920.27,"#"
"PhonAlign",920.27,920.32,"m"
"PhonAlign",920.32,920.36,"e"
"PhonAlign",920.36,920.46,"s"
"PhonAlign",920.46,920.6,"A/"
"PhonAlign",920.6,920.71,"s"
"PhonAlign",920.71,920.74,"A/"
"PhonAlign",920.74,920.86,"p"
"PhonAlign",920.86,920.9,"@"
"PhonAlign",920.9,921.01,"t"
"PhonAlign",921.01,921.04,"u"
"PhonAlign",921.04,921.16,"S"
"PhonAlign",921.16,921.25,"e"
"PhonAlign",921.25,921.28,"O/"
"PhonAlign",921.28,921.4,"s"
"PhonAlign",921.4,921.45,"i"
"PhonAlign",921.45,921.5,"d"
"PhonAlign",921.5,921.72,"@"
"PhonAlign",921.72,921.81,"d"
"PhonAlign",921.81,921.85,"@"
"PhonAlign",921.85,921.92,"n"
"PhonAlign",921.92,921.96,"u"
"PhonAlign",921.96,921.99,"v"
"PhonAlign",921.99,922.05,"E"
"PhonAlign",922.05,922.09,"l"
"PhonAlign",922.09,922.17,"p"
"PhonAlign",922.17,922.2,"E"
"PhonAlign",922.2,922.23,"R"
"PhonAlign",922.23,922.32,"s"
"PhonAlign",922.32,922.36,"O/"
"PhonAlign",922.36,922.44,"n"
"PhonAlign",922.44,922.48,"k"
"PhonAlign",922.48,922.57,"s"
"PhonAlign",922.57,922.63,"R"
"PhonAlign",922.63,922.68,"E"
"PhonAlign",922.68,922.78,"p"
"PhonAlign",922.78,922.87,"A/"
"PhonAlign",922.87,922.94,"f"
"PhonAlign",922.94,922.99,"O/"
"PhonAlign",922.99,923.03,"R"
"PhonAlign",923.03,923.13,"s"
"PhonAlign",923.13,923.17,"E"
"PhonAlign",923.17,923.25,"m"
"PhonAlign",923.25,923.54,"a~"
"PhonAlign",923.54,923.8,"fp"
"PhonAlign",923.8,923.92,"v"
"PhonAlign",923.92,924.0,"2"
"PhonAlign",924.0,924.06,"n"
"PhonAlign",924.06,924.12,"y"
"PhonAlign",924.12,924.21,"v"
"PhonAlign",924.21,924.3,"w"
"PhonAlign",924.3,924.34,"A/"
"PhonAlign",924.34,924.42,"R"
"PhonAlign",924.42,924.99,"fp"
"PhonAlign",924.99,925.13,"#"
"PhonAlign",925.13,925.28,"U~/"
"PhonAlign",925.28,925.41,"f"
"PhonAlign",925.41,925.46,"i"
"PhonAlign",925.46,925.49,"l"
"PhonAlign",925.49,925.52,"m"
"PhonAlign",925.52,925.59,"d"
"PhonAlign",925.59,925.68,"A/"
"PhonAlign",925.68,925.72,"v"
"PhonAlign",925.72,925.84,"a~"
"PhonAlign",925.84,925.99,"t"
"PhonAlign",925.99,926.04,"y"
"PhonAlign",926.04,926.166357,"R"
"PhonAlign",926.166357,945.63,"#"
"PhonAlign",945.63,945.73,"s"
"PhonAlign",945.73,945.79,"e"
"PhonAlign",945.79,945.85,"v"
"PhonAlign",945.85,945.88,"R"
"PhonAlign",945.88,945.936563,"E"
"PhonAlign",945.936563,951.114889,"#"
"PhonAlign",951.114889,951.746681,"laugh"
"PhonAlign",951.746681,960.84,"#"
"PhonAlign",960.84,960.92,"s"
"PhonAlign",960.92,960.97,"e"
"PhonAlign",960.97,961.02,"v"
"PhonAlign",961.02,961.06,"R"
"PhonAlign",961.06,961.13,"E"
"PhonAlign",961.13,961.24,"s"
"PhonAlign",961.24,961.27,"e"
"PhonAlign",961.27,961.34,"t"
"PhonAlign",961.34,961.56,"E"
"PhonAlign",961.56,961.68,"R"
"PhonAlign",961.68,961.71,"i"
"PhonAlign",961.71,961.74,"b"
"PhonAlign",961.74,961.79,"l"
"PhonAlign",961.79,961.875,"@"
"PhonAlign",961.875,963.76,"#"
"PhonAlign",963.76,963.83,"s"
"PhonAlign",963.83,963.89,"e"
"PhonAlign",963.89,963.97,"t"
"PhonAlign",963.97,964.14,"E"
"PhonAlign",964.14,964.17,"R"
"PhonAlign",964.17,964.2,"i"
"PhonAlign",964.2,964.23,"b"
"PhonAlign",964.23,964.26,"l"
"PhonAlign",964.26,964.3,"m"
"PhonAlign",964.3,964.39,"E"
"PhonAlign",964.39,964.54,"s"
"PhonAlign",964.54,964.6,"A/"
"PhonAlign",964.6,964.71,"p"
"PhonAlign",964.71,964.78,"@"
"PhonAlign",964.78,964.85,"d"
"PhonAlign",964.85,964.91,"y"
"PhonAlign",964.91,964.97,"R"
"PhonAlign",964.97,965.05,"e"
"PhonAlign",965.05,965.22,"p"
"PhonAlign",965.22,965.25,"l"
"PhonAlign",965.25,965.31,"y"
"PhonAlign",965.31,965.35,"l"
"PhonAlign",965.35,965.5,"O~"
"PhonAlign",965.5,965.58,"t"
"PhonAlign",965.58,965.64,"a~"
"PhonAlign",965.64,965.83,"a~"
"PhonAlign",965.83,965.93,"s"
"PhonAlign",965.93,966.01,"E"
"PhonAlign",966.01,966.04,"R"
"PhonAlign",966.04,966.21,"i"
"PhonAlign",966.21,966.29,"d"
"PhonAlign",966.29,966.45,"O~"
"PhonAlign",966.45,966.53,"k"
"PhonAlign",966.53,967.19,"fp"
"PhonAlign",967.19,967.585,"#"
"PhonAlign",967.585,967.71,"noise"
"PhonAlign",967.71,968.405,"#"
"PhonAlign",968.405,968.445,"Z"
"PhonAlign",968.445,968.505,"s"
"PhonAlign",968.505,968.545,"y"
"PhonAlign",968.545,968.575,"i"
"PhonAlign",968.575,968.685,"p"
"PhonAlign",968.685,968.735,"A/"
"PhonAlign",968.735,968.765,"R"
"PhonAlign",968.765,968.805,"t"
"PhonAlign",968.805,968.835,"A/"
"PhonAlign",968.835,968.865,"Z"
"PhonAlign",968.865,968.9,"e"
"PhonAlign",968.9,970.76,"#"
"PhonAlign",970.76,970.93,"s"
"PhonAlign",970.93,971.0,"e"
"PhonAlign",971.0,971.03,"v"
"PhonAlign",971.03,971.06,"R"
"PhonAlign",971.06,971.33,"E"
"PhonAlign",971.33,971.48,"s"
"PhonAlign",971.48,971.52,"e"
"PhonAlign",971.52,971.81,"v"
"PhonAlign",971.81,971.84,"R"
"PhonAlign",971.84,971.88,"E"
"PhonAlign",971.88,972.505,"#"
"PhonAlign",972.505,972.635,"w"
"PhonAlign",972.635,972.725,"E"
"PhonAlign",972.725,972.875,"s"
"PhonAlign",972.875,973.095,"A/"
"PhonAlign",973.095,973.185,"s"
"PhonAlign",973.185,973.225,"A/"
"PhonAlign",973.225,973.325,"p"
"PhonAlign",973.325,973.355,"@"
"PhonAlign",973.355,973.425,"E"
"PhonAlign",973.425,973.455,"t"
"PhonAlign",973.455,973.505,"d"
"PhonAlign",973.505,973.585,"i"
"PhonAlign",973.585,973.635,"f"
"PhonAlign",973.635,973.665,"i"
"PhonAlign",973.665,973.775,"s"
"PhonAlign",973.775,973.895,"i"
"PhonAlign",973.895,973.925,"l"
"PhonAlign",973.925,974.07,"@"
"PhonAlign",974.07,976.785,"#"
"PhonAlign",976.785,976.945,"w"
"PhonAlign",976.945,977.045,"E"
"PhonAlign",977.045,977.165,"s"
"PhonAlign",977.165,977.195,"e"
"PhonAlign",977.195,977.315,"s"
"PhonAlign",977.315,977.385,"A/"
"PhonAlign",977.385,977.475,"s"
"PhonAlign",977.475,977.515,"s"
"PhonAlign",977.515,977.625,"e"
"PhonAlign",977.625,977.855,"U~/"
"PhonAlign",977.855,981.919209,"#"
"PhonAlign",981.919209,981.959209,"n"
"PhonAlign",981.959209,981.989209,"O/"
"PhonAlign",981.989209,982.069209,"t"
"PhonAlign",982.069209,982.119209,"f"
"PhonAlign",982.119209,982.159209,"E"
"PhonAlign",982.159209,982.269209,"s"
"PhonAlign",982.269209,982.299209,"t"
"PhonAlign",982.299209,982.369209,"i"
"PhonAlign",982.369209,982.399209,"v"
"PhonAlign",982.399209,982.589209,"A/"
"PhonAlign",982.589209,982.635,"l"
"PhonAlign",982.635,985.33,"#"
"PhonAlign",985.33,985.43,"w"
"PhonAlign",985.43,985.49,"i"
"PhonAlign",985.49,985.55,"A/"
"PhonAlign",985.55,985.77,"l"
"PhonAlign",985.77,985.92,"A/"
"PhonAlign",985.92,985.95,"l"
"PhonAlign",985.95,986.06,"i"
"PhonAlign",986.06,986.1,"m"
"PhonAlign",986.1,986.25,"i"
"PhonAlign",986.25,986.33,"t"
"PhonAlign",986.33,986.44,"@"
"PhonAlign",986.44,986.47,"laugh"
"PhonAlign",986.47,987.2,"#"
"PhonAlign",987.2,987.39,"v"
"PhonAlign",987.39,987.42,"u"
"PhonAlign",987.42,987.53,"p"
"PhonAlign",987.53,987.56,"u"
"PhonAlign",987.56,987.59,"R"
"PhonAlign",987.59,987.62,"e"
"PhonAlign",987.62,987.65,"v"
"PhonAlign",987.65,987.74,"w"
"PhonAlign",987.74,987.83,"A/"
"PhonAlign",987.83,987.99,"R"
"PhonAlign",987.99,988.09,"s"
"PhonAlign",988.09,988.255,"A/"
"PhonAlign",988.255,988.96,"#"
"PhonAlign",988.96,989.07,"U~/"
"PhonAlign",989.07,989.23,"e"
"PhonAlign",989.23,989.27,"p"
"PhonAlign",989.27,989.31,"i"
"PhonAlign",989.31,989.4,"z"
"PhonAlign",989.4,989.48,"O/"
"PhonAlign",989.48,989.52,"d"
"PhonAlign",989.52,989.59,"p"
"PhonAlign",989.59,989.63,"A/"
"PhonAlign",989.63,989.77,"R"
"PhonAlign",989.77,989.8,"Z"
"PhonAlign",989.8,989.83,"u"
"PhonAlign",989.83,989.99,"R"
"PhonAlign",989.99,991.665,"#"
"PhonAlign",991.665,991.705,"v"
"PhonAlign",991.705,991.785,"w"
"PhonAlign",991.785,991.865,"A/"
"PhonAlign",991.865,991.895,"l"
"PhonAlign",991.895,992.045,"A/"
"PhonAlign",992.045,992.155,"s"
"PhonAlign",992.155,992.185,"e"
"PhonAlign",992.185,992.275,"s"
"PhonAlign",992.275,992.415,"A/"
"PhonAlign",992.415,992.485,"w"
"PhonAlign",992.485,992.565,"E"
"PhonAlign",992.565,992.715,"s"
"PhonAlign",992.715,992.815,"A/"
"PhonAlign",992.815,992.895,"s"
"PhonAlign",992.895,992.935,"A/"
"PhonAlign",992.935,993.015,"p"
"PhonAlign",993.015,993.045,"@"
"PhonAlign",993.045,993.095,"E"
"PhonAlign",993.095,993.205,"t"
"PhonAlign",993.205,993.235,"R"
"PhonAlign",993.235,993.265,"i"
"PhonAlign",993.265,993.325,"s"
"PhonAlign",993.325,993.375,"k"
"PhonAlign",993.375,993.535,"e"
"PhonAlign",993.535,995.775,"#"
"PhonAlign",995.775,996.655,"fp"
"PhonAlign",996.655,996.835,"s"
"PhonAlign",996.835,997.005,"e"
"PhonAlign",997.005,997.035,"R"
"PhonAlign",997.035,997.065,"i"
"PhonAlign",997.065,997.095,"d"
"PhonAlign",997.095,997.185,"A/"
"PhonAlign",997.185,997.245,"v"
"PhonAlign",997.245,997.365,"a~"
"PhonAlign",997.365,997.615,"t"
"PhonAlign",997.615,997.785,"y"
"PhonAlign",997.785,998.105,"R"
"PhonAlign",998.105,998.51,"z"
"PhonAlign",998.51,1001.26,"#"
"PhonAlign",1001.26,1001.34,"w"
"PhonAlign",1001.34,1001.41,"i"
"PhonAlign",1001.41,1001.58,"i"
"PhonAlign",1001.58,1001.65,"d"
"PhonAlign",1001.65,1001.68,"w"
"PhonAlign",1001.68,1001.72,"A/"
"PhonAlign",1001.72,1001.83,"j"
"PhonAlign",1001.83,1001.86,"a~"
"PhonAlign",1001.86,1001.99,"A/"
"PhonAlign",1001.99,1002.06,"v"
"PhonAlign",1002.06,1002.11,"w"
"PhonAlign",1002.11,1002.2,"A/"
"PhonAlign",1002.2,1002.29,"R"
"PhonAlign",1002.29,1002.39,"m"
"PhonAlign",1002.39,1002.95,"fp"
"PhonAlign",1002.95,1005.48,"#"
"PhonAlign",1005.48,1005.63,"w"
"PhonAlign",1005.63,1005.725,"E"
"PhonAlign",1005.725,1012.12944,"#"
"PhonAlign",1012.12944,1014.9495,"laugh"
"PhonAlign",1014.9495,1017.845,"#"
"PhonAlign",1017.845,1017.935,"w"
"PhonAlign",1017.935,1018.04,"E"
"PhonAlign",1018.04,1018.13,"#"
"PhonAlign",1018.13,1018.24,"p"
"PhonAlign",1018.24,1018.29,"O/"
"PhonAlign",1018.29,1018.4,"s"
"PhonAlign",1018.4,1018.43,"i"
"PhonAlign",1018.43,1018.46,"b"
"PhonAlign",1018.46,1018.504323,"l"
"PhonAlign",1018.504323,1024.125,"#"
"PhonAlign",1024.125,1024.275,"w"
"PhonAlign",1024.275,1024.385,"i"
"PhonAlign",1024.385,1024.515,"s"
"PhonAlign",1024.515,1024.655,"s"
"PhonAlign",1024.655,1024.685,"e"
"PhonAlign",1024.685,1024.725,"b"
"PhonAlign",1024.725,1024.795,"j"
"PhonAlign",1024.795,1024.895,"U~/"
"PhonAlign",1024.895,1024.93,"n"
"PhonAlign",1024.93,1033.675,"#"
"PhonAlign",1033.675,1033.805,"w"
"PhonAlign",1033.805,1034.015,"E"
"PhonAlign",1034.015,1034.145,"A/"
"PhonAlign",1034.145,1034.225,"k"
"PhonAlign",1034.225,1034.365,"s"
"PhonAlign",1034.365,1034.395,"j"
"PhonAlign",1034.395,1034.5449999999998,"O~"
"PhonAlign",1034.5449999999998,1034.595,"A/"
"PhonAlign",1034.595,1034.665,"v"
"PhonAlign",1034.665,1034.745,"a~"
"PhonAlign",1034.745,1034.955,"t"
"PhonAlign",1034.955,1034.985,"y"
"PhonAlign",1034.985,1035.065,"R"
"PhonAlign",1035.065,1035.135,"w"
"PhonAlign",1035.135,1035.175,"E"
"PhonAlign",1035.175,1035.345,"s"
"PhonAlign",1035.345,1035.792225,"e"
"PhonAlign",1035.792225,1039.09,"#"
"PhonAlign",1039.09,1039.23,"u"
"PhonAlign",1039.23,1039.36,"i"
"PhonAlign",1039.36,1039.57,"s"
"PhonAlign",1039.57,1039.6,"#"
"PhonAlign",1039.6,1039.9599999999998,"p"
"PhonAlign",1039.9599999999998,1040.06,"@"
"PhonAlign",1040.06,1040.2099999999998,"a~"
"PhonAlign",1040.2099999999998,1040.39,"s"
"PhonAlign",1040.39,1040.51,"w"
"PhonAlign",1040.51,1041.1799999999998,"A/"
"PhonAlign",1041.1799999999998,1041.2099999999998,"u"
"PhonAlign",1041.2099999999998,1041.25,"i"
"PhonAlign",1041.25,1042.92,"#"
"PhonAlign",1042.92,1043.02,"w"
"PhonAlign",1043.02,1043.195,"i"
"PhonAlign",1043.195,1044.175,"#"
"PhonAlign",1044.175,1044.215,"u"
"PhonAlign",1044.215,1044.255,"i"
"PhonAlign",1044.255,1044.715,"v"
"PhonAlign",1044.715,1044.745,"l"
"PhonAlign",1044.745,1044.785,"A/"
"PhonAlign",1044.785,1046.21,"#"
"PhonAlign",1046.21,1046.32,"w"
"PhonAlign",1046.32,1046.665,"i"
"PhonAlign",1046.665,1046.945,"#"
"PhonAlign",1046.945,1047.0449999999998,"w"
"PhonAlign",1047.0449999999998,1047.38,"i"
"PhonAlign",1047.38,1048.02,"#"
"PhonAlign",1048.02,1048.07,"b"
"PhonAlign",1048.07,1048.19,"U~/"
"PhonAlign",1048.19,1048.22,"l"
"PhonAlign",1048.22,1048.32,"E"
"PhonAlign",1048.32,1048.745,"z"
"PhonAlign",1048.745,1048.95,"#"
"PhonAlign",1048.95,1049.18,"p"
"PhonAlign",1049.18,1049.22,"E"
"PhonAlign",1049.22,1049.25,"R"
"PhonAlign",1049.25,1049.35,"s"
"PhonAlign",1049.35,1049.39,"O/"
"PhonAlign",1049.39,1049.47,"n"
"PhonAlign",1049.47,1049.52,"m"
"PhonAlign",1049.52,1049.57,"U~/"
"PhonAlign",1049.57,1049.66,"n"
"PhonAlign",1049.66,1050.07,"a~"
"PhonAlign",1050.07,1050.36,"O~"
"PhonAlign",1050.36,1050.46,"t"
"PhonAlign",1050.46,1050.69,"#"
"PhonAlign",1050.69,1050.79,"s"
"PhonAlign",1050.79,1050.88,"O~"
"PhonAlign",1050.88,1050.95,"t"
"PhonAlign",1050.95,1051.02,"R"
"PhonAlign",1051.02,1051.07,"e"
"PhonAlign",1051.07,1051.12,"z"
"PhonAlign",1051.12,1051.21,"A/"
"PhonAlign",1051.21,1051.32,"t"
"PhonAlign",1051.32,1051.37,"i"
"PhonAlign",1051.37,1051.4,"R"
"PhonAlign",1051.4,1051.51,"e"
"PhonAlign",1051.51,1051.59,"p"
"PhonAlign",1051.59,1051.71,"A/"
"PhonAlign",1051.71,1051.75,"R"
"PhonAlign",1051.75,1051.79,"w"
"PhonAlign",1051.79,1051.94,"E"
"PhonAlign",1051.94,1052.455,"laugh"
"PhonAlign",1052.455,1053.0,"#"
"PhonAlign",1053.0,1053.04,"d"
"PhonAlign",1053.04,1053.16,"a~"
"PhonAlign",1053.16,1053.19,"l"
"PhonAlign",1053.19,1053.3,"A/"
"PhonAlign",1053.3,1053.39,"k"
"PhonAlign",1053.39,1053.48,"O/"
"PhonAlign",1053.48,1053.53,"m"
"PhonAlign",1053.53,1053.67,"e"
"PhonAlign",1053.67,1053.73,"d"
"PhonAlign",1053.73,1053.9,"i"
"PhonAlign",1053.9,1054.0,"O/"
"PhonAlign",1054.0,1054.16,"s"
"PhonAlign",1054.16,1054.2,"i"
"PhonAlign",1054.2,1054.23,"a~"
"PhonAlign",1054.23,1054.33,"f"
"PhonAlign",1054.33,1054.63,"U~/"
"PhonAlign",1054.63,1054.72,"d"
"PhonAlign",1054.72,1054.99,"a~"
"PhonAlign",1054.99,1055.2,"z"
"PhonAlign",1055.2,1055.25,"#"
"PhonAlign",1055.25,1055.32,"d"
"PhonAlign",1055.32,1055.41,"a~"
"PhonAlign",1055.41,1055.52,"t"
"PhonAlign",1055.52,1055.55,"u"
"PhonAlign",1055.55,1055.58,"l"
"PhonAlign",1055.58,1055.64,"e"
"PhonAlign",1055.64,1055.74,"f"
"PhonAlign",1055.74,1055.78,"i"
"PhonAlign",1055.78,1055.81,"l"
"PhonAlign",1055.81,1055.84,"m"
"PhonAlign",1055.84,1055.92,"k"
"PhonAlign",1055.92,1055.99,"O/"
"PhonAlign",1055.99,1056.08,"m"
"PhonAlign",1056.08,1056.14,"@"
"PhonAlign",1056.14,1056.23,"d"
"PhonAlign",1056.23,1056.36,"a~"
"PhonAlign",1056.36,1056.56,"z"
"PhonAlign",1056.56,1056.69,"d"
"PhonAlign",1056.69,1056.79,"a~"
"PhonAlign",1056.79,1056.82,"l"
"PhonAlign",1056.82,1056.91,"e"
"PhonAlign",1056.91,1056.94,"d"
"PhonAlign",1056.94,1056.99,"E"
"PhonAlign",1056.99,1057.08,"R"
"PhonAlign",1057.08,1057.12,"n"
"PhonAlign",1057.12,1057.15,"j"
"PhonAlign",1057.15,1057.2,"e"
"PhonAlign",1057.2,1057.25,"m"
"PhonAlign",1057.25,1057.37,"A/"
"PhonAlign",1057.37,1057.4,"R"
"PhonAlign",1057.4,1057.46,"v"
"PhonAlign",1057.46,1057.6,"E"
"PhonAlign",1057.6,1057.64,"l"
"PhonAlign",1057.64,1057.72,"O/"
"PhonAlign",1057.72,1057.89,"s"
"PhonAlign",1057.89,1058.04,"i"
"PhonAlign",1058.04,1058.41,"a~"
"PhonAlign",1058.41,1058.52,"f"
"PhonAlign",1058.52,1058.89,"U~/"
"PhonAlign",1058.89,1059.06,"#"
"PhonAlign",1059.06,1059.21,"j"
"PhonAlign",1059.21,1059.46,"A/"
"PhonAlign",1059.46,1059.6,"t"
"PhonAlign",1059.6,1059.63,"u"
"PhonAlign",1059.63,1059.69,"Z"
"PhonAlign",1059.69,1059.78,"u"
"PhonAlign",1059.78,1059.81,"R"
"PhonAlign",1059.81,1059.9,"U~/"
"PhonAlign",1059.9,1059.97,"p"
"PhonAlign",1059.97,1060.02,"2"
"PhonAlign",1060.02,1060.09,"t"
"PhonAlign",1060.09,1060.16,"k"
"PhonAlign",1060.16,1060.23,"O/"
"PhonAlign",1060.23,1060.29,"m"
"PhonAlign",1060.29,1060.38,"e"
"PhonAlign",1060.38,1060.49,"d"
"PhonAlign",1060.49,1060.61,"i"
"PhonAlign",1060.61,1060.66,"p"
"PhonAlign",1060.66,1060.72,"A/"
"PhonAlign",1060.72,1060.87,"s"
"PhonAlign",1060.87,1061.0,"@"
"PhonAlign",1061.0,1061.05,"b"
"PhonAlign",1061.05,1061.36,"U~/"
"PhonAlign",1061.36,1062.485,"#"
"PhonAlign",1062.485,1062.525,"s"
"PhonAlign",1062.525,1062.5949999999998,"m"
"PhonAlign",1062.5949999999998,1062.655,"e"
"PhonAlign",1062.655,1062.735,"t"
"PhonAlign",1062.735,1062.775,"u"
"PhonAlign",1062.775,1062.8049999999998,"l"
"PhonAlign",1062.8049999999998,1062.8349999999998,"m"
"PhonAlign",1062.8349999999998,1062.875,"O~"
"PhonAlign",1062.875,1062.905,"d"
"PhonAlign",1062.905,1062.965,"d"
"PhonAlign",1062.965,1063.025,"A/"
"PhonAlign",1063.025,1063.1049999999998,"k"
"PhonAlign",1063.1049999999998,1063.185,"O/"
"PhonAlign",1063.185,1063.215,"R"
"PhonAlign",1063.215,1063.245,"l"
"PhonAlign",1063.245,1063.3049999999998,"A/"
"PhonAlign",1063.3049999999998,1063.395,"k"
"PhonAlign",1063.395,1063.435,"O/"
"PhonAlign",1063.435,1063.465,"m"
"PhonAlign",1063.465,1063.535,"E"
"PhonAlign",1063.535,1063.725,"d"
"PhonAlign",1063.725,1063.965,"i"
"PhonAlign",1063.965,1064.035,"b"
"PhonAlign",1064.035,1064.145,"U~/"
"PhonAlign",1064.145,1064.545,"laugh"
"PhonAlign",1064.545,1066.7,"#"
"PhonAlign",1066.7,1066.74,"u"
"PhonAlign",1066.74,1066.77,"i"
"PhonAlign",1066.77,1067.09,"O/"
"PhonAlign",1067.09,1067.28,"s"
"PhonAlign",1067.28,1067.555,"i"
"PhonAlign",1067.555,1070.335,"#"
"PhonAlign",1070.335,1070.555,"u"
"PhonAlign",1070.555,1070.585,"i"
"PhonAlign",1070.585,1070.615,"u"
"PhonAlign",1070.615,1070.685,"i"
"PhonAlign",1070.685,1070.815,"s"
"PhonAlign",1070.815,1070.87,"e"
"PhonAlign",1070.87,1072.949598,"#"
"PhonAlign",1072.949598,1073.386993,"laugh"
"PhonAlign",1073.386993,1079.293974,"#"
"PhonAlign",1079.293974,1079.860968,"laugh"
"PhonAlign",1079.860968,1081.435401,"#"
"PhonAlign",1081.435401,1082.504588,"laugh"
"PhonAlign",1082.504588,1096.905,"#"
"PhonAlign",1096.905,1097.155,"A/"
"PhonAlign",1097.155,1097.185,"u"
"PhonAlign",1097.185,1097.265,"i"
"PhonAlign",1097.265,1097.585,"U~/"
"PhonAlign",1097.585,1097.635,"d"
"PhonAlign",1097.635,1097.665,"j"
"PhonAlign",1097.665,1097.735,"A/"
"PhonAlign",1097.735,1097.845,"n"
"PhonAlign",1097.845,1097.885,"A/"
"PhonAlign",1097.885,1097.935,"d"
"PhonAlign",1097.935,1097.985,"Z"
"PhonAlign",1097.985,1098.065,"O/"
"PhonAlign",1098.065,1098.135,"n"
"PhonAlign",1098.135,1098.315,"s"
"PhonAlign",1098.315,1098.345,"a~"
"PhonAlign",1098.345,1098.585,"f"
"PhonAlign",1098.585,1099.085,"U~/"
"PhonAlign",1099.085,1099.128388,"S"
"PhonAlign",1099.128388,1101.955,"#"
"PhonAlign",1101.955,1102.015,"s"
"PhonAlign",1102.015,1102.0449999999998,"e"
"PhonAlign",1102.0449999999998,1102.155,"U~/"
"PhonAlign",1102.155,1102.215,"n"
"PhonAlign",1102.215,1102.335,"p"
"PhonAlign",1102.335,1102.495,"t"
"PhonAlign",1102.495,1102.5449999999998,"i"
"PhonAlign",1102.5449999999998,1102.675,"p"
"PhonAlign",1102.675,1102.7949999999998,"2"
"PhonAlign",1102.7949999999998,1102.855,"v"
"PhonAlign",1102.855,1102.945,"j"
"PhonAlign",1102.945,1103.095,"@"
"PhonAlign",1103.095,1103.245,"w"
"PhonAlign",1103.245,1103.345,"E"
"PhonAlign",1103.345,1103.455,"m"
"PhonAlign",1103.455,1104.085,"E"
"PhonAlign",1104.085,1104.12,"z"
"PhonAlign",1104.12,1105.086573,"#"
"PhonAlign",1105.086573,1105.386573,"s"
"PhonAlign",1105.386573,1105.455,"e"
"PhonAlign",1105.455,1106.205,"#"
"PhonAlign",1106.205,1106.245,"v"
"PhonAlign",1106.245,1106.3149999999998,"w"
"PhonAlign",1106.3149999999998,1106.365,"A/"
"PhonAlign",1106.365,1106.395,"l"
"PhonAlign",1106.395,1106.615,"A/"
"PhonAlign",1106.615,1106.8049999999998,"s"
"PhonAlign",1106.8049999999998,1107.105,"e"
"PhonAlign",1107.105,1107.5549999999998,"#"
"PhonAlign",1107.5549999999998,1107.645,"w"
"PhonAlign",1107.645,1107.705,"E"
"PhonAlign",1107.705,1107.735,"w"
"PhonAlign",1107.735,1107.945,"E"
"PhonAlign",1107.945,1109.46813,"#"
"PhonAlign",1109.46813,1109.71813,"s"
"PhonAlign",1109.71813,1110.79813,"fp"
"PhonAlign",1110.79813,1110.82813,"#"
"PhonAlign",1110.82813,1110.91813,"A/"
"PhonAlign",1110.91813,1111.10813,"p"
"PhonAlign",1111.10813,1111.14813,"R"
"PhonAlign",1111.14813,1111.28813,"e"
"PhonAlign",1111.28813,1111.51813,"U~/"
"PhonAlign",1111.51813,1111.57813,"n"
"PhonAlign",1111.57813,1111.69813,"A/"
"PhonAlign",1111.69813,1111.76813,"v"
"PhonAlign",1111.76813,1111.88813,"a~"
"PhonAlign",1111.88813,1112.15813,"t"
"PhonAlign",1112.15813,1112.26813,"y"
"PhonAlign",1112.26813,1112.41813,"R"
"PhonAlign",1112.41813,1112.835,"fp"
"PhonAlign",1112.835,1113.299701,"#"
"PhonAlign",1113.299701,1113.599701,"k"
"PhonAlign",1113.599701,1113.689701,"m"
"PhonAlign",1113.689701,1113.809701,"v"
"PhonAlign",1113.809701,1113.839701,"j"
"PhonAlign",1113.839701,1113.979701,"E"
"PhonAlign",1113.979701,1114.1197009999998,"n"
"PhonAlign",1114.1197009999998,1114.179701,"l"
"PhonAlign",1114.179701,1114.39,"A/"
"PhonAlign",1114.39,1115.945,"#"
"PhonAlign",1115.945,1116.43,"fp"
"PhonAlign",1116.43,1122.97,"#"
"PhonAlign",1122.97,1123.21,"w"
"PhonAlign",1123.21,1123.56,"E"
"PhonAlign",1123.56,1125.145,"#"
"PhonAlign",1125.145,1125.185,"s"
"PhonAlign",1125.185,1125.215,"e"
"PhonAlign",1125.215,1125.355,"s"
"PhonAlign",1125.355,1125.585,"A/"
"PhonAlign",1125.585,1125.615,"u"
"PhonAlign",1125.615,1125.655,"i"
"PhonAlign",1125.655,1125.745,"A/"
"PhonAlign",1125.745,1125.805,"v"
"PhonAlign",1125.805,1125.875,"a~"
"PhonAlign",1125.875,1126.025,"t"
"PhonAlign",1126.025,1126.065,"y"
"PhonAlign",1126.065,1126.175,"R"
"PhonAlign",1126.175,1126.245,"@"
"PhonAlign",1126.245,1126.385,"s"
"PhonAlign",1126.385,1126.73,"e"
"PhonAlign",1126.73,1128.165,"#"
"PhonAlign",1128.165,1128.235,"w"
"PhonAlign",1128.235,1128.385,"i"
"PhonAlign",1128.385,1128.515,"s"
"PhonAlign",1128.515,1128.545,"e"
"PhonAlign",1128.545,1128.675,"s"
"PhonAlign",1128.675,1129.015,"A/"
"PhonAlign",1129.015,1129.055,"u"
"PhonAlign",1129.055,1129.215,"#"
"PhonAlign",1129.215,1129.295,"s"
"PhonAlign",1129.295,1129.335,"e"
"PhonAlign",1129.335,1129.385,"p"
"PhonAlign",1129.385,1129.425,"u"
"PhonAlign",1129.425,1129.475,"R"
"PhonAlign",1129.475,1129.525,"s"
"PhonAlign",1129.525,1129.555,"k"
"PhonAlign",1129.555,1129.645,"@"
"PhonAlign",1129.645,1129.695,"Z"
"PhonAlign",1129.695,1129.735,"y"
"PhonAlign",1129.735,1129.805,"m"
"PhonAlign",1129.805,1129.885,"A/"
"PhonAlign",1129.885,1129.955,"n"
"PhonAlign",1129.955,1130.055,"Z"
"PhonAlign",1130.055,1130.125,"i"
"PhonAlign",1130.125,1130.215,"m"
"PhonAlign",1130.215,1130.66,"E"
"PhonAlign",1130.66,1137.91,"#"
"PhonAlign",1137.91,1137.95,"v"
"PhonAlign",1137.95,1137.98,"l"
"PhonAlign",1137.98,1138.13,"A/"
"PhonAlign",1138.13,1138.18,"A/"
"PhonAlign",1138.18,1138.27,"p"
"PhonAlign",1138.27,1138.35,"R"
"PhonAlign",1138.35,1138.44,"E"
"PhonAlign",1138.44,1138.49,"A/"
"PhonAlign",1138.49,1138.5800000000002,"k"
"PhonAlign",1138.5800000000002,1138.72,"s"
"PhonAlign",1138.72,1138.75,"j"
"PhonAlign",1138.75,1138.85,"O~"
"PhonAlign",1138.85,1138.91,"A/"
"PhonAlign",1138.91,1138.95,"v"
"PhonAlign",1138.95,1139.09,"a~"
"PhonAlign",1139.09,1139.2900000000002,"t"
"PhonAlign",1139.2900000000002,1139.3200000000002,"y"
"PhonAlign",1139.3200000000002,1139.41,"R"
"PhonAlign",1139.41,1139.63,"@"
"PhonAlign",1139.63,1139.7,"m"
"PhonAlign",1139.7,1139.74,"w"
"PhonAlign",1139.74,1139.7900000000002,"A/"
"PhonAlign",1139.7900000000002,1139.9,"Z"
"PhonAlign",1139.9,1139.93,"t"
"PhonAlign",1139.93,1139.96,"R"
"PhonAlign",1139.96,1139.99,"u"
"PhonAlign",1139.99,1140.0500000000002,"v"
"PhonAlign",1140.0500000000002,1140.15,"k"
"PhonAlign",1140.15,1140.18,"@"
"PhonAlign",1140.18,1140.3000000000002,"s"
"PhonAlign",1140.3000000000002,1140.34,"A/"
"PhonAlign",1140.34,1140.5,"s"
"PhonAlign",1140.5,1140.85,"@"
"PhonAlign",1140.85,1141.695,"#"
"PhonAlign",1141.695,1141.735,"s"
"PhonAlign",1141.735,1141.845,"s"
"PhonAlign",1141.845,1141.915,"R"
"PhonAlign",1141.915,1141.985,"2"
"PhonAlign",1141.985,1142.015,"g"
"PhonAlign",1142.015,1142.0449999999998,"R"
"PhonAlign",1142.0449999999998,1142.125,"u"
"PhonAlign",1142.125,1142.155,"p"
"PhonAlign",1142.155,1142.225,"v"
"PhonAlign",1142.225,1142.3149999999998,"A/"
"PhonAlign",1142.3149999999998,1142.405,"S"
"PhonAlign",1142.405,1142.435,"2"
"PhonAlign",1142.435,1142.475,"m"
"PhonAlign",1142.475,1142.575,"a~"
"PhonAlign",1142.575,1142.655,"k"
"PhonAlign",1142.655,1142.685,"w"
"PhonAlign",1142.685,1142.745,"A/"
"PhonAlign",1142.745,1150.06162,"#"
"PhonAlign",1150.06162,1150.24162,"Z"
"PhonAlign",1150.24162,1150.27162,"a~"
"PhonAlign",1150.27162,1150.30162,"E"
"PhonAlign",1150.30162,1150.50162,"a~"
"PhonAlign",1150.50162,1150.62162,"t"
"PhonAlign",1150.62162,1150.65162,"a~"
"PhonAlign",1150.65162,1150.73162,"d"
"PhonAlign",1150.73162,1150.77162,"y"
"PhonAlign",1150.77162,1150.87162,"p"
"PhonAlign",1150.87162,1150.99162,"A/"
"PhonAlign",1150.99162,1151.02162,"R"
"PhonAlign",1151.02162,1151.05162,"l"
"PhonAlign",1151.05162,1151.08162,"e"
"PhonAlign",1151.08162,1151.1816199999998,"m"
"PhonAlign",1151.1816199999998,1151.28162,"E"
"PhonAlign",1151.28162,1151.45,"z"
"PhonAlign",1151.45,1154.137358,"#"
"PhonAlign",1154.137358,1155.352344,"laugh"
"PhonAlign",1155.352344,1167.345,"#"
"PhonAlign",1167.345,1168.904851,"laugh"
"PhonAlign",1168.904851,1181.6,"#"
"PhonAlign",1181.6,1181.6799999999998,"w"
"PhonAlign",1181.6799999999998,1181.77,"E"
"PhonAlign",1181.77,1181.87,"s"
"PhonAlign",1181.87,1182.01,"p"
"PhonAlign",1182.01,1182.04,"@"
"PhonAlign",1182.04,1182.09,"E"
"PhonAlign",1182.09,1182.1899999999998,"t"
"PhonAlign",1182.1899999999998,1182.27,"U~/"
"PhonAlign",1182.27,1182.32,"t"
"PhonAlign",1182.32,1182.37,"E"
"PhonAlign",1182.37,1182.4,"R"
"PhonAlign",1182.4,1182.4699999999998,"E"
"PhonAlign",1182.4699999999998,1182.59,"s"
"PhonAlign",1182.59,1182.73,"a~"
"PhonAlign",1182.73,1182.76,"O/"
"PhonAlign",1182.76,1182.89,"s"
"PhonAlign",1182.89,1183.01,"i"
"PhonAlign",1183.01,1183.13,"w"
"PhonAlign",1183.13,1183.21,"E"
"PhonAlign",1183.21,1185.195,"#"
"PhonAlign",1185.195,1185.275,"w"
"PhonAlign",1185.275,1185.355,"i"
"PhonAlign",1185.355,1192.2,"#"
"PhonAlign",1192.2,1192.28,"w"
"PhonAlign",1192.28,1192.35,"E"
"PhonAlign",1192.35,1192.47,"s"
"PhonAlign",1192.47,1192.5800000000002,"p"
"PhonAlign",1192.5800000000002,1192.61,"@"
"PhonAlign",1192.61,1192.66,"E"
"PhonAlign",1192.66,1192.73,"t"
"PhonAlign",1192.73,1192.77,"p"
"PhonAlign",1192.77,1192.82,"A/"
"PhonAlign",1192.82,1192.9,"m"
"PhonAlign",1192.9,1192.98,"A/"
"PhonAlign",1192.98,1193.03,"l"
"PhonAlign",1193.03,1193.06,"O/"
"PhonAlign",1193.06,1193.18,"s"
"PhonAlign",1193.18,1193.26,"i"
"PhonAlign",1193.26,1193.32,"t"
"PhonAlign",1193.32,1193.35,"l"
"PhonAlign",1193.35,1193.42,"m"
"PhonAlign",1193.42,1193.48,"E"
"PhonAlign",1193.48,1193.54,"t"
"PhonAlign",1193.54,1193.61,"R"
"PhonAlign",1193.61,1193.68,"a~"
"PhonAlign",1193.68,1193.82,"A/"
"PhonAlign",1193.82,1193.88,"v"
"PhonAlign",1193.88,1194.19,"a~"
"PhonAlign",1194.19,1196.603049,"#"
"PhonAlign",1196.603049,1196.833049,"O/"
"PhonAlign",1196.833049,1196.953049,"k"
"PhonAlign",1196.953049,1197.09,"E"
"PhonAlign",1197.09,1197.507919,"laugh"
"PhonAlign",1197.507919,1200.78,"#"
"PhonAlign",1200.78,1200.95,"s"
"PhonAlign",1200.95,1201.03,"e"
"PhonAlign",1201.03,1201.11,"v"
"PhonAlign",1201.11,1201.14,"R"
"PhonAlign",1201.14,1201.32,"E"
"PhonAlign",1201.32,1201.35,"O/"
"PhonAlign",1201.35,1201.58,"s"
"PhonAlign",1201.58,1201.68,"i"
"PhonAlign",1201.68,1201.87,"w"
"PhonAlign",1201.87,1202.005,"E"
"PhonAlign",1202.005,1204.32,"#"
"PhonAlign",1204.32,1204.45,"w"
"PhonAlign",1204.45,1204.59,"E"
"PhonAlign",1204.59,1204.6699999999998,"d"
"PhonAlign",1204.6699999999998,1204.76,"O~"
"PhonAlign",1204.76,1204.91,"s"
"PhonAlign",1204.91,1204.96,"A/"
"PhonAlign",1204.96,1205.21,"v"
"PhonAlign",1205.21,1205.25,"A/"
"PhonAlign",1205.25,1210.445,"#"
"PhonAlign",1210.445,1210.5549999999998,"A/"
"PhonAlign",1210.5549999999998,1210.625,"p"
"PhonAlign",1210.625,1210.695,"R"
"PhonAlign",1210.695,1210.735,"E"
"PhonAlign",1210.735,1210.8149999999998,"A/"
"PhonAlign",1210.8149999999998,1210.845,"l"
"PhonAlign",1210.845,1210.935,"A/"
"PhonAlign",1210.935,1210.965,"l"
"PhonAlign",1210.965,1211.015,"i"
"PhonAlign",1211.015,1211.0649999999998,"m"
"PhonAlign",1211.0649999999998,1211.175,"i"
"PhonAlign",1211.175,1211.265,"t"
"PhonAlign",1211.265,1211.3049999999998,"@"
"PhonAlign",1211.3049999999998,1211.335,"O~"
"PhonAlign",1211.335,1211.385,"n"
"PhonAlign",1211.385,1211.485,"p"
"PhonAlign",1211.485,1211.535,"u"
"PhonAlign",1211.535,1211.5649999999998,"R"
"PhonAlign",1211.5649999999998,1211.605,"E"
"PhonAlign",1211.605,1211.715,"f"
"PhonAlign",1211.715,1211.765,"E"
"PhonAlign",1211.765,1211.7949999999998,"R"
"PhonAlign",1211.7949999999998,1211.925,"p"
"PhonAlign",1211.925,1211.955,"l"
"PhonAlign",1211.955,1212.025,"y"
"PhonAlign",1212.025,1212.105,"z"
"PhonAlign",1212.105,1212.135,"j"
"PhonAlign",1212.135,1212.245,"9"
"PhonAlign",1212.245,1212.275,"R"
"PhonAlign",1212.275,1212.355,"z"
"PhonAlign",1212.355,1212.485,"a~"
"PhonAlign",1212.485,1212.5549999999998,"d"
"PhonAlign",1212.5549999999998,1212.635,"R"
"PhonAlign",1212.635,1212.785,"w"
"PhonAlign",1212.785,1213.035,"A/"
"PhonAlign",1213.035,1213.285,"e"
"PhonAlign",1213.285,1213.71,"fp"
"PhonAlign",1213.71,1216.419721,"#"
"PhonAlign",1216.419721,1218.1774,"laugh"
"PhonAlign",1218.1774,1219.34,"#"
"PhonAlign",1219.34,1219.75,"laugh"
"PhonAlign",1219.75,1219.88,"m"
"PhonAlign",1219.88,1219.9399999999998,"w"
"PhonAlign",1219.9399999999998,1219.97,"A/"
"PhonAlign",1219.97,1220.0,"O/"
"PhonAlign",1220.0,1220.09,"s"
"PhonAlign",1220.09,1220.13,"i"
"PhonAlign",1220.13,1220.1999999999998,"Z"
"PhonAlign",1220.1999999999998,1220.4599999999998,"A/"
"PhonAlign",1220.4599999999998,1220.49,"v"
"PhonAlign",1220.49,1220.55,"e"
"PhonAlign",1220.55,1220.58,"u"
"PhonAlign",1220.58,1220.61,"b"
"PhonAlign",1220.61,1220.6899999999998,"l"
"PhonAlign",1220.6899999999998,1220.72,"i"
"PhonAlign",1220.72,1220.755,"e"
"PhonAlign",1220.755,1221.52,"#"
"PhonAlign",1221.52,1221.56,"u"
"PhonAlign",1221.56,1221.63,"i"
"PhonAlign",1221.63,1221.66,"s"
"PhonAlign",1221.66,1221.79,"e"
"PhonAlign",1221.79,1221.82,"v"
"PhonAlign",1221.82,1221.85,"R"
"PhonAlign",1221.85,1221.93,"E"
"PhonAlign",1221.93,1222.11,"O/"
"PhonAlign",1222.11,1222.22,"d"
"PhonAlign",1222.22,1222.29,"e"
"PhonAlign",1222.29,1222.36,"b"
"PhonAlign",1222.36,1222.46,"y"
"PhonAlign",1222.46,1222.6,"a~"
"PhonAlign",1222.6,1222.7,"p"
"PhonAlign",1222.7,1222.73,"l"
"PhonAlign",1222.73,1222.76,"y"
"PhonAlign",1222.76,1223.05,"s"
"PhonAlign",1223.05,1223.53,"laugh"
"PhonAlign",1223.53,1223.71,"#"
"PhonAlign",1223.71,1223.82,"p"
"PhonAlign",1223.82,1223.97,"A/"
"PhonAlign",1223.97,1224.04,"z"
"PhonAlign",1224.04,1224.21,"f"
"PhonAlign",1224.21,1224.325,"O/"
"PhonAlign",1224.325,1225.255,"#"
"PhonAlign",1225.255,1225.295,"n"
"PhonAlign",1225.295,1225.465,"O/"
"PhonAlign",1225.465,1225.545,"m"
"PhonAlign",1225.545,1225.675,"E"
"PhonAlign",1225.675,1225.885,"#"
"PhonAlign",1225.885,1225.975,"A/"
"PhonAlign",1225.975,1226.005,"l"
"PhonAlign",1226.005,1226.105,"A/"
"PhonAlign",1226.105,1226.145,"l"
"PhonAlign",1226.145,1226.215,"i"
"PhonAlign",1226.215,1226.245,"m"
"PhonAlign",1226.245,1226.355,"i"
"PhonAlign",1226.355,1226.425,"t"
"PhonAlign",1226.425,1226.505,"O~"
"PhonAlign",1226.505,1226.595,"p"
"PhonAlign",1226.595,1226.645,"u"
"PhonAlign",1226.645,1226.675,"R"
"PhonAlign",1226.675,1226.725,"E"
"PhonAlign",1226.725,1226.805,"f"
"PhonAlign",1226.805,1226.885,"E"
"PhonAlign",1226.885,1226.925,"R"
"PhonAlign",1226.925,1227.015,"p"
"PhonAlign",1227.015,1227.045,"l"
"PhonAlign",1227.045,1227.095,"y"
"PhonAlign",1227.095,1227.185,"z"
"PhonAlign",1227.185,1227.215,"j"
"PhonAlign",1227.215,1227.295,"9"
"PhonAlign",1227.295,1227.325,"R"
"PhonAlign",1227.325,1227.405,"z"
"PhonAlign",1227.405,1227.525,"a~"
"PhonAlign",1227.525,1227.585,"d"
"PhonAlign",1227.585,1227.655,"R"
"PhonAlign",1227.655,1227.785,"w"
"PhonAlign",1227.785,1227.935,"A/"
"PhonAlign",1227.935,1228.105,"e"
"PhonAlign",1228.105,1228.635,"fp"
"PhonAlign",1228.635,1228.765,"#"
"PhonAlign",1228.765,1228.875,"k"
"PhonAlign",1228.875,1228.905,"l"
"PhonAlign",1228.905,1228.965,"A/"
"PhonAlign",1228.965,1229.065,"s"
"PhonAlign",1229.065,1229.095,"e"
"PhonAlign",1229.095,1229.145,"U~/"
"PhonAlign",1229.145,1229.215,"p"
"PhonAlign",1229.215,1229.265,"2"
"PhonAlign",1229.265,1229.345,"p"
"PhonAlign",1229.345,1229.415,"A/"
"PhonAlign",1229.415,1229.485,"R"
"PhonAlign",1229.485,1229.715,"A/"
"PhonAlign",1229.715,1229.835,"Z"
"PhonAlign",1229.835,1230.005,"u"
"PhonAlign",1230.005,1230.425,"fp"
"PhonAlign",1230.425,1230.535,"p"
"PhonAlign",1230.535,1230.605,"R"
"PhonAlign",1230.605,1230.695,"E"
"PhonAlign",1230.695,1230.735,"v"
"PhonAlign",1230.735,1230.765,"2"
"PhonAlign",1230.765,1230.845,"n"
"PhonAlign",1230.845,1230.895,"i"
"PhonAlign",1230.895,1230.925,"R"
"PhonAlign",1230.925,1231.155,"A/"
"PhonAlign",1231.155,1231.185,"v"
"PhonAlign",1231.185,1231.225,"a~"
"PhonAlign",1231.225,1231.255,"l"
"PhonAlign",1231.255,1231.335,"p"
"PhonAlign",1231.335,1231.395,"y"
"PhonAlign",1231.395,1231.455,"b"
"PhonAlign",1231.455,1231.485,"l"
"PhonAlign",1231.485,1231.585,"i"
"PhonAlign",1231.585,1231.715,"k"
"PhonAlign",1231.715,1231.915,"p"
"PhonAlign",1231.915,1231.955,"u"
"PhonAlign",1231.955,1232.055,"R"
"PhonAlign",1232.055,1232.28,"#"
"PhonAlign",1232.28,1232.32,"p"
"PhonAlign",1232.32,1232.35,"u"
"PhonAlign",1232.35,1232.38,"R"
"PhonAlign",1232.38,1232.43,"p"
"PhonAlign",1232.43,1232.49,"A/"
"PhonAlign",1232.49,1232.54,"k"
"PhonAlign",1232.54,1232.57,"i"
"PhonAlign",1232.57,1232.67,"s"
"PhonAlign",1232.67,1232.7,"w"
"PhonAlign",1232.7,1232.73,"A/"
"PhonAlign",1232.73,1232.82,"S"
"PhonAlign",1232.82,1232.89,"O/"
"PhonAlign",1232.89,1232.93,"k"
"PhonAlign",1232.93,1233.045,"e"
"PhonAlign",1233.045,1236.225,"#"
"PhonAlign",1236.225,1236.3149999999998,"w"
"PhonAlign",1236.3149999999998,1236.495,"i"
"PhonAlign",1236.495,1236.525,"v"
"PhonAlign",1236.525,1236.635,"w"
"PhonAlign",1236.635,1236.695,"A/"
"PhonAlign",1236.695,1236.725,"l"
"PhonAlign",1236.725,1236.975,"A/"
"PhonAlign",1236.975,1237.105,"A/"
"PhonAlign",1237.105,1237.165,"v"
"PhonAlign",1237.165,1237.3149999999998,"a~"
"PhonAlign",1237.3149999999998,1237.475,"t"
"PhonAlign",1237.475,1237.5549999999998,"y"
"PhonAlign",1237.5549999999998,1237.655,"R"
"PhonAlign",1237.655,1237.745,"s"
"PhonAlign",1237.745,1237.8449999999998,"e"
"PhonAlign",1237.8449999999998,1237.915,"p"
"PhonAlign",1237.915,1238.025,"A/"
"PhonAlign",1238.025,1238.465,"R"
"PhonAlign",1238.465,1238.605,"f"
"PhonAlign",1238.605,1238.725,"E"
"PhonAlign",1238.725,1238.88,"t"
"PhonAlign",1238.88,1241.32,"#"
"PhonAlign",1241.32,1241.48,"u"
"PhonAlign",1241.48,1241.6,"i"
"PhonAlign",1241.6,1241.72,"s"
"PhonAlign",1241.72,1241.78,"e"
"PhonAlign",1241.78,1241.82,"v"
"PhonAlign",1241.82,1241.85,"R"
"PhonAlign",1241.85,1241.9299999999998,"E"
"PhonAlign",1241.9299999999998,1242.0,"k"
"PhonAlign",1242.0,1242.06,"@"
"PhonAlign",1242.06,1242.51,"fp"
"PhonAlign",1242.51,1242.6,"u"
"PhonAlign",1242.6,1242.72,"i"
"PhonAlign",1242.72,1242.79,"i"
"PhonAlign",1242.79,1242.87,"l"
"PhonAlign",1242.87,1242.99,"i"
"PhonAlign",1242.99,1243.2,"A/"
"PhonAlign",1243.2,1243.3,"j"
"PhonAlign",1243.3,1243.37,"A/"
"PhonAlign",1243.37,1243.59,"#"
"PhonAlign",1243.59,1243.63,"k"
"PhonAlign",1243.63,1243.6799999999998,"E"
"PhonAlign",1243.6799999999998,1243.72,"l"
"PhonAlign",1243.72,1243.79,"k"
"PhonAlign",1243.79,1243.83,"@"
"PhonAlign",1243.83,1243.9,"t"
"PhonAlign",1243.9,1243.99,"a~"
"PhonAlign",1243.99,1244.04,"m"
"PhonAlign",1244.04,1244.07,"k"
"PhonAlign",1244.07,1244.31,"i"
"PhonAlign",1244.31,1244.4499999999998,"t"
"PhonAlign",1244.4499999999998,1244.54,"A/"
"PhonAlign",1244.54,1244.64,"s"
"PhonAlign",1244.64,1244.6799999999998,"e"
"PhonAlign",1244.6799999999998,1244.7099999999998,"R"
"PhonAlign",1244.7099999999998,1244.77,"E"
"PhonAlign",1244.77,1244.86,"s"
"PhonAlign",1244.86,1245.0,"a~"
"PhonAlign",1245.0,1245.06,"k"
"PhonAlign",1245.06,1245.13,"a~"
"PhonAlign",1245.13,1245.16,"m"
"PhonAlign",1245.16,1245.23,"E"
"PhonAlign",1245.23,1245.32,"m"
"PhonAlign",1245.32,1245.36,"E"
"PhonAlign",1245.36,1245.4599999999998,"s"
"PhonAlign",1245.4599999999998,1245.55,"A/"
"PhonAlign",1245.55,1245.64,"m"
"PhonAlign",1245.64,1245.6699999999998,"@"
"PhonAlign",1245.6699999999998,1245.76,"s"
"PhonAlign",1245.76,1245.83,"A/"
"PhonAlign",1245.83,1245.86,"m"
"PhonAlign",1245.86,1245.9399999999998,"d"
"PhonAlign",1245.9399999999998,1245.97,"i"
"PhonAlign",1245.97,1246.04,"k"
"PhonAlign",1246.04,1246.1,"E"
"PhonAlign",1246.1,1246.13,"l"
"PhonAlign",1246.13,1246.22,"k"
"PhonAlign",1246.22,1246.33,"S"
"PhonAlign",1246.33,1246.41,"O/"
"PhonAlign",1246.41,1246.4499999999998,"z"
"PhonAlign",1246.4499999999998,1246.49,"O/"
"PhonAlign",1246.49,1246.61,"s"
"PhonAlign",1246.61,1246.6999999999998,"i"
"PhonAlign",1246.6999999999998,1246.83,"#"
"PhonAlign",1246.83,1246.88,"m"
"PhonAlign",1246.88,1246.9499999999998,"E"
"PhonAlign",1246.9499999999998,1247.15,"z"
"PhonAlign",1247.15,1247.2099999999998,"Z"
"PhonAlign",1247.2099999999998,1247.26,"E"
"PhonAlign",1247.26,1247.33,"p"
"PhonAlign",1247.33,1247.41,"A/"
"PhonAlign",1247.41,1247.5,"v"
"PhonAlign",1247.5,1247.62,"y"
"PhonAlign",1247.62,1247.66,"m"
"PhonAlign",1247.66,1248.07,"E"
"PhonAlign",1248.07,1248.105,"z"
"TokensAlign",0.0,38.54,"#"
"TokensAlign",38.54,38.72,"et"
"TokensAlign",38.72,38.96,"moi"
"TokensAlign",38.96,39.09,"je"
"TokensAlign",39.09,39.5,"suis"
"TokensAlign",39.5,39.77,"lohan"
"TokensAlign",39.77,39.88,"et"
"TokensAlign",39.88,40.12,"je"
"TokensAlign",40.12,40.53,"vais"
"TokensAlign",40.53,40.77,"vous"
"TokensAlign",40.77,41.07,"parler"
"TokensAlign",41.07,41.17,"d'"
"TokensAlign",41.17,41.77,"aventure"
"TokensAlign",41.77,340.17,"#"
"TokensAlign",340.17,340.5,"alors"
"TokensAlign",340.5,340.75,"euh"
"TokensAlign",340.75,340.99,"moi"
"TokensAlign",340.99,341.37,"du_coup"
"TokensAlign",341.37,341.42,"je"
"TokensAlign",341.42,341.51,"j'"
"TokensAlign",341.51,342.21000000000004,"aimerais"
"TokensAlign",342.21000000000004,342.41,"bien"
"TokensAlign",342.41,343.21000000000004,"promouvoir"
"TokensAlign",343.21000000000004,343.6,"euh"
"TokensAlign",343.6,343.63,"+"
"TokensAlign",343.63,343.88,"sur"
"TokensAlign",343.88,344.09000000000003,"le"
"TokensAlign",344.09000000000003,344.40000000000003,"devant"
"TokensAlign",344.40000000000003,344.55,"de"
"TokensAlign",344.55,345.1,"notre"
"TokensAlign",345.1,346.16,"festival"
"TokensAlign",346.16,346.54,"hum"
"TokensAlign",346.54,347.23,"+"
"TokensAlign",347.23,347.85,"les"
"TokensAlign",347.85,347.98,"les"
"TokensAlign",347.98,348.40000000000003,"films"
"TokensAlign",348.40000000000003,349.02000000000004,"euh"
"TokensAlign",349.02000000000004,349.14000000000004,"d'"
"TokensAlign",349.14000000000004,349.785,"aventure"
"TokensAlign",349.785,350.365,"#"
"TokensAlign",350.365,350.575,"donc"
"TokensAlign",350.575,350.945,"euh"
"TokensAlign",350.945,351.015,"je"
"TokensAlign",351.015,351.46500000000003,"rejoins"
"TokensAlign",351.46500000000003,351.755,"assez"
"TokensAlign",351.755,351.855,"ce"
"TokensAlign",351.855,351.945,"qu'"
"TokensAlign",351.945,352.075,"a"
"TokensAlign",352.075,352.295,"dit"
"TokensAlign",352.295,352.475,"ma"
"TokensAlign",352.475,353.165,"collègue"
"TokensAlign",353.165,353.645,"SPEAKER_2"
"TokensAlign",353.645,354.015,"du_coup"
"TokensAlign",354.015,354.21500000000003,"sur"
"TokensAlign",354.21500000000003,354.555,"euh"
"TokensAlign",354.555,354.645,"la"
"TokensAlign",354.645,355.095,"franchise"
"TokensAlign",355.095,355.33500000000004,"et"
"TokensAlign",355.33500000000004,355.415,"les"
"TokensAlign",355.415,355.955,"super"
"TokensAlign",355.955,356.15,"héros"
"TokensAlign",356.15,356.72,"#"
"TokensAlign",356.72,356.8,"ce"
"TokensAlign",356.8,357.11,"sont"
"TokensAlign",357.11,357.37,"des"
"TokensAlign",357.37,357.97,"films"
"TokensAlign",357.97,358.36,"qui"
"TokensAlign",358.36,359.17,"euh"
"TokensAlign",359.17,359.20000000000005,"+"
"TokensAlign",359.20000000000005,359.42,"qui"
"TokensAlign",359.42,360.5100000000001,"impactent"
"TokensAlign",360.5100000000001,360.58,"à"
"TokensAlign",360.58,360.7000000000001,"peu"
"TokensAlign",360.7000000000001,360.85,"près"
"TokensAlign",360.85,361.23,"toutes_les"
"TokensAlign",361.23,361.9,"générations"
"TokensAlign",361.9,362.02,"et"
"TokensAlign",362.02,362.17,"qui"
"TokensAlign",362.17,362.97,"intéressent"
"TokensAlign",362.97,363.35,"beaucoup"
"TokensAlign",363.35,363.39,"de"
"TokensAlign",363.39,363.895,"monde"
"TokensAlign",363.895,364.66,"#"
"TokensAlign",364.66,365.735,"je"
"TokensAlign",365.735,367.03,"#"
"TokensAlign",367.03,367.37,"enfin"
"TokensAlign",367.37,367.735,"#"
"TokensAlign",367.735,367.945,"c'est"
"TokensAlign",367.945,368.085,"on"
"TokensAlign",368.085,368.185,"peut"
"TokensAlign",368.185,368.305,"pas"
"TokensAlign",368.305,368.425,"être"
"TokensAlign",368.425,368.595,"plus"
"TokensAlign",368.595,368.935,"clair"
"TokensAlign",368.935,369.405,"que"
"TokensAlign",369.405,370.055,"dans"
"TokensAlign",370.055,370.815,"#"
"TokensAlign",370.815,371.785,"aventure"
"TokensAlign",371.785,372.155,"clairement"
"TokensAlign",372.155,373.075,"ce"
"TokensAlign",373.075,373.105,"+"
"TokensAlign",373.105,373.385,"sont"
"TokensAlign",373.385,373.535,"des"
"TokensAlign",373.535,374.545,"films"
"TokensAlign",374.545,374.575,"où"
"TokensAlign",374.575,374.935,"du_coup"
"TokensAlign",374.935,375.015,"on"
"TokensAlign",375.015,375.085,"va"
"TokensAlign",375.085,375.655,"avoir"
"TokensAlign",375.655,376.165,"pas_mal_d'"
"TokensAlign",376.165,376.795,"action"
"TokensAlign",376.795,377.06,"euh"
"TokensAlign",377.06,377.465,"#"
"TokensAlign",377.465,377.585,"une"
"TokensAlign",377.585,378.535,"histoire"
"TokensAlign",378.535,378.905,"tout_le"
"TokensAlign",378.905,379.095,"long"
"TokensAlign",379.095,379.505,"avec"
"TokensAlign",379.505,380.21,"euh"
"TokensAlign",380.21,380.975,"#"
"TokensAlign",380.975,381.315,"avec"
"TokensAlign",381.315,382.08,"euh"
"TokensAlign",382.08,382.43,"#"
"TokensAlign",382.43,382.71,"avec"
"TokensAlign",382.71,383.3,"des"
"TokensAlign",383.3,383.45,"des"
"TokensAlign",383.45,383.7,"nouvelles"
"TokensAlign",383.7,383.96,"choses"
"TokensAlign",383.96,384.4,"tout_au_long"
"TokensAlign",384.4,384.44,"de"
"TokensAlign",384.44,384.47,"l'"
"TokensAlign",384.47,384.81,"histoire"
"TokensAlign",384.81,385.0,"qui"
"TokensAlign",385.0,385.2,"vont"
"TokensAlign",385.2,385.56,"+"
"TokensAlign",385.56,385.72,"qui"
"TokensAlign",385.72,385.81,"vont"
"TokensAlign",385.81,385.93,"nous"
"TokensAlign",385.93,386.25,"permettre"
"TokensAlign",386.25,386.4,"de"
"TokensAlign",386.4,386.61,"tout"
"TokensAlign",386.61,387.18,"comprendre"
"TokensAlign",387.18,387.78,"et"
"TokensAlign",387.78,387.98,"de"
"TokensAlign",387.98,388.13,"nous"
"TokensAlign",388.13,388.66,"divertir"
"TokensAlign",388.66,388.92,"face"
"TokensAlign",388.92,388.96,"à"
"TokensAlign",388.96,389.16,"ce"
"TokensAlign",389.16,389.74,"film"
"TokensAlign",389.74,390.73,"#"
"TokensAlign",390.73,391.44,"euh"
"TokensAlign",391.44,391.96,"je"
"TokensAlign",391.96,392.16,"moi"
"TokensAlign",392.16,392.5,"c'est"
"TokensAlign",392.5,393.12,"euh"
"TokensAlign",393.12,393.47,"+"
"TokensAlign",393.47,393.72,"des"
"TokensAlign",393.72,394.22,"films"
"TokensAlign",394.22,394.69,"que"
"TokensAlign",394.69,394.82,"que"
"TokensAlign",394.82,394.88,"j'"
"TokensAlign",394.88,395.03,"aime"
"TokensAlign",395.03,395.53,"beaucoup"
"TokensAlign",395.53,395.88,"que"
"TokensAlign",395.88,395.96,"je"
"TokensAlign",395.96,396.05,"#"
"TokensAlign",396.05,396.25,"peux"
"TokensAlign",396.25,396.44,"aller"
"TokensAlign",396.44,396.6,"voir"
"TokensAlign",396.6,396.86,"avec"
"TokensAlign",396.86,397.52,"n'importe"
"TokensAlign",397.52,397.86,"qui"
"TokensAlign",397.86,398.755,"autant"
"TokensAlign",398.755,399.285,"#"
"TokensAlign",399.285,399.545,"autant"
"TokensAlign",399.545,399.75500000000005,"des"
"TokensAlign",399.75500000000005,400.245,"enfants"
"TokensAlign",400.245,400.365,"qu'"
"TokensAlign",400.365,400.665,"avec"
"TokensAlign",400.665,400.975,"euh"
"TokensAlign",400.975,401.145,"+"
"TokensAlign",401.145,401.305,"mes"
"TokensAlign",401.305,401.9450000000001,"grands-parents"
"TokensAlign",401.9450000000001,402.275,"donc"
"TokensAlign",402.275,403.025,"voilà"
"TokensAlign",403.025,403.62,"#"
"TokensAlign",403.62,403.72,"c'est"
"TokensAlign",403.72,403.91,"vraiment"
"TokensAlign",403.91,404.14,"des"
"TokensAlign",404.14,404.27,"des"
"TokensAlign",404.27,404.56,"films"
"TokensAlign",404.56,404.76,"qui"
"TokensAlign",404.76,404.9,"je"
"TokensAlign",404.9,405.18,"pense"
"TokensAlign",405.18,405.66,"intéresse"
"TokensAlign",405.66,405.91,"tout_le"
"TokensAlign",405.91,406.455,"monde"
"TokensAlign",406.455,407.33,"#"
"TokensAlign",407.33,407.7,"et"
"TokensAlign",407.7,408.41,"euh"
"TokensAlign",408.41,408.44,"+"
"TokensAlign",408.44,408.61,"je"
"TokensAlign",408.61,408.93,"pense"
"TokensAlign",408.93,409.44,"notamment"
"TokensAlign",409.44,409.64,"ben"
"TokensAlign",409.64,409.71,"au"
"TokensAlign",409.71,410.49,"film"
"TokensAlign",410.49,411.08,"jumanji"
"TokensAlign",411.08,411.655,"par_exemple"
"TokensAlign",411.655,411.945,"#"
"TokensAlign",411.945,412.215,"qui"
"TokensAlign",412.215,413.015,"euh"
"TokensAlign",413.015,413.095,"+"
"TokensAlign",413.095,413.335,"qui"
"TokensAlign",413.335,413.365,"a"
"TokensAlign",413.365,413.695,"été"
"TokensAlign",413.695,414.525,"même"
"TokensAlign",414.525,414.615,"#"
"TokensAlign",414.615,415.292322,"refait"
"TokensAlign",415.292322,415.96,"#"
"TokensAlign",415.96,416.11,"et"
"TokensAlign",416.11,416.88,"euh"
"TokensAlign",416.88,416.99,"+"
"TokensAlign",416.99,417.25,"et"
"TokensAlign",417.25,417.36,"on"
"TokensAlign",417.36,417.49,"voit"
"TokensAlign",417.49,417.91,"bien"
"TokensAlign",417.91,418.11,"donc"
"TokensAlign",418.11,418.72,"tout_au_long"
"TokensAlign",418.72,418.86,"du"
"TokensAlign",418.86,419.22,"film"
"TokensAlign",419.22,419.34,"que"
"TokensAlign",419.34,420.025,"euh"
"TokensAlign",420.025,420.84,"#"
"TokensAlign",420.84,421.01,"que"
"TokensAlign",421.01,421.39,"ben"
"TokensAlign",421.39,421.75,"donc"
"TokensAlign",421.75,421.98,"si"
"TokensAlign",421.98,422.09,"vous"
"TokensAlign",422.09,422.51,"connaissez"
"TokensAlign",422.51,422.7,"pas"
"TokensAlign",422.7,423.01,"le"
"TokensAlign",423.01,423.2,"trop"
"TokensAlign",423.2,423.23,"le"
"TokensAlign",423.23,423.79,"film"
"TokensAlign",423.79,424.2,"ça"
"TokensAlign",424.2,424.36,"ça"
"TokensAlign",424.36,424.55,"part"
"TokensAlign",424.55,425.335,"sur"
"TokensAlign",425.335,425.92,"#"
"TokensAlign",425.92,426.05,"sur"
"TokensAlign",426.05,426.13,"un"
"TokensAlign",426.13,426.25,"jeu"
"TokensAlign",426.25,426.31,"de"
"TokensAlign",426.31,427.15,"société"
"TokensAlign",427.15,427.51,"donc"
"TokensAlign",427.51,428.465,"qui"
"TokensAlign",428.465,429.795,"#"
"TokensAlign",429.795,430.125,"et"
"TokensAlign",430.125,430.205,"au"
"TokensAlign",430.205,430.495,"final"
"TokensAlign",430.495,431.015,"les"
"TokensAlign",431.015,431.765,"personnages"
"TokensAlign",431.765,431.855,"du"
"TokensAlign",431.855,432.135,"film"
"TokensAlign",432.135,432.255,"vont"
"TokensAlign",432.255,432.355,"se"
"TokensAlign",432.355,432.775,"retrouver"
"TokensAlign",432.775,432.905,"à"
"TokensAlign",432.905,432.965,"l'"
"TokensAlign",432.965,433.445,"intérieur"
"TokensAlign",433.445,433.485,"du"
"TokensAlign",433.485,433.515,"du"
"TokensAlign",433.515,433.905,"jeu"
"TokensAlign",433.905,434.185,"de"
"TokensAlign",434.185,434.91,"société"
"TokensAlign",434.91,435.88,"#"
"TokensAlign",435.88,436.09,"et"
"TokensAlign",436.09,437.04,"euh"
"TokensAlign",437.04,437.16,"et"
"TokensAlign",437.16,437.33,"c'est"
"TokensAlign",437.33,437.43,"un"
"TokensAlign",437.43,437.56,"jeu"
"TokensAlign",437.56,437.62,"de"
"TokensAlign",437.62,438.01,"société"
"TokensAlign",438.01,438.13,"qui"
"TokensAlign",438.13,438.21,"est"
"TokensAlign",438.21,438.57,"trouvé"
"TokensAlign",438.57,438.7,"qui"
"TokensAlign",438.7,439.23,"est"
"TokensAlign",439.23,439.51,"assez"
"TokensAlign",439.51,439.79,"vieux"
"TokensAlign",439.79,439.88,"dans"
"TokensAlign",439.88,439.94,"dans"
"TokensAlign",439.94,439.97,"le"
"TokensAlign",439.97,440.32,"film"
"TokensAlign",440.32,440.58,"donc"
"TokensAlign",440.58,440.985,"euh"
"TokensAlign",440.985,441.554769,"#"
"TokensAlign",441.554769,441.704769,"donc"
"TokensAlign",441.704769,442.184769,"au"
"TokensAlign",442.184769,442.4647690000001,"final"
"TokensAlign",442.4647690000001,442.674769,"même"
"TokensAlign",442.674769,442.834769,"dans"
"TokensAlign",442.834769,442.864769,"le"
"TokensAlign",442.864769,443.194769,"film"
"TokensAlign",443.194769,443.304769,"on"
"TokensAlign",443.304769,443.494769,"voit"
"TokensAlign",443.494769,444.63,"le"
"TokensAlign",444.63,445.04,"#"
"TokensAlign",445.04,445.65,"ce"
"TokensAlign",445.65,446.14,"#"
"TokensAlign",446.14,446.27,"ce"
"TokensAlign",446.27,446.47,"jeu"
"TokensAlign",446.47,446.6,"qui"
"TokensAlign",446.6,446.82,"passe"
"TokensAlign",446.82,446.92,"de"
"TokensAlign",446.92,448.07,"génération"
"TokensAlign",448.07,448.19,"en"
"TokensAlign",448.19,448.785,"génération"
"TokensAlign",448.785,449.515,"#"
"TokensAlign",449.515,449.655,"et"
"TokensAlign",449.655,450.055,"euh"
"TokensAlign",450.055,450.285,"donc"
"TokensAlign",450.285,450.325,"ils"
"TokensAlign",450.325,450.445,"vont"
"TokensAlign",450.445,450.525,"se"
"TokensAlign",450.525,450.875,"retrouver"
"TokensAlign",450.875,451.075,"dans"
"TokensAlign",451.075,451.285,"ce"
"TokensAlign",451.285,451.595,"jeu"
"TokensAlign",451.595,451.955,"et"
"TokensAlign",451.955,452.405,"euh"
"TokensAlign",452.405,452.605,"et"
"TokensAlign",452.605,452.795,"vont"
"TokensAlign",452.795,453.315,"vivre"
"TokensAlign",453.315,453.745,"forcément"
"TokensAlign",453.745,454.315,"ben"
"TokensAlign",454.315,454.625,"des"
"TokensAlign",454.625,454.735,"des"
"TokensAlign",454.735,455.145,"super"
"TokensAlign",455.145,455.78,"aventures"
"TokensAlign",455.78,456.535,"#"
"TokensAlign",456.535,456.75500000000005,"et"
"TokensAlign",456.75500000000005,457.205,"euh"
"TokensAlign",457.205,457.685,"des"
"TokensAlign",457.685,457.815,"des"
"TokensAlign",457.815,458.105,"drôles"
"TokensAlign",458.105,458.305,"et"
"TokensAlign",458.305,458.415,"des"
"TokensAlign",458.415,458.615,"moins"
"TokensAlign",458.615,458.845,"drôles"
"TokensAlign",458.845,459.1350000000001,"pour"
"TokensAlign",459.1350000000001,459.205,"eux"
"TokensAlign",459.205,459.59,"aussi"
"TokensAlign",459.59,460.385,"#"
"TokensAlign",460.385,460.425,"mais"
"TokensAlign",460.425,461.725,"euh"
"TokensAlign",461.725,461.765,"+"
"TokensAlign",461.765,461.905,"et"
"TokensAlign",461.905,462.145,"je"
"TokensAlign",462.145,462.305,"je"
"TokensAlign",462.305,462.855,"pense"
"TokensAlign",462.855,463.125,"voilà"
"TokensAlign",463.125,463.275,"ce"
"TokensAlign",463.275,463.495,"film"
"TokensAlign",463.495,463.615,"m'"
"TokensAlign",463.615,463.845,"a"
"TokensAlign",463.845,463.975,"m'"
"TokensAlign",463.975,464.045,"a"
"TokensAlign",464.045,464.405,"beaucoup"
"TokensAlign",464.405,464.705,"plu"
"TokensAlign",464.705,464.765,"et"
"TokensAlign",464.765,464.795,"je"
"TokensAlign",464.795,464.905,"pense"
"TokensAlign",464.905,465.015,"je"
"TokensAlign",465.015,465.285,"pense"
"TokensAlign",465.285,465.325,"qu'"
"TokensAlign",465.325,465.385,"il"
"TokensAlign",465.385,465.705,"peut"
"TokensAlign",465.705,466.075,"toucher"
"TokensAlign",466.075,466.69,"euh"
"TokensAlign",466.69,467.255,"#"
"TokensAlign",467.255,467.375,"un"
"TokensAlign",467.375,467.595,"grand"
"TokensAlign",467.595,467.815,"nombre"
"TokensAlign",467.815,467.945,"de"
"TokensAlign",467.945,468.425,"personnes"
"TokensAlign",468.425,468.665,"donc"
"TokensAlign",468.665,468.775,"euh"
"TokensAlign",468.775,468.925,"moi"
"TokensAlign",468.925,468.985,"j'"
"TokensAlign",468.985,469.135,"aimerais"
"TokensAlign",469.135,469.725,"bien_que"
"TokensAlign",469.725,469.825,"qu'"
"TokensAlign",469.825,469.925,"on"
"TokensAlign",469.925,469.955,"le"
"TokensAlign",469.955,470.225,"mette"
"TokensAlign",470.225,470.715,"euh"
"TokensAlign",470.715,470.825,"qu'"
"TokensAlign",470.825,470.895,"on"
"TokensAlign",470.895,470.945,"le"
"TokensAlign",470.945,471.205,"mette"
"TokensAlign",471.205,471.435,"en"
"TokensAlign",471.435,471.745,"tête"
"TokensAlign",471.745,472.285,"euh"
"TokensAlign",472.285,472.505,"de"
"TokensAlign",472.505,473.285,"festival"
"TokensAlign",473.285,474.44,"#"
"TokensAlign",474.44,475.97,"hum"
"TokensAlign",475.97,476.315,"#"
"TokensAlign",476.315,477.165,"après"
"TokensAlign",477.165,477.895,"euh"
"TokensAlign",477.895,477.925,"+"
"TokensAlign",477.925,478.135,"ben"
"TokensAlign",478.135,478.695,"du_coup"
"TokensAlign",478.695,478.955,"je"
"TokensAlign",478.955,479.125,"ouais"
"TokensAlign",479.125,479.285,"je"
"TokensAlign",479.285,479.315,"le"
"TokensAlign",479.315,479.555,"trouve"
"TokensAlign",479.555,479.975,"vraiment"
"TokensAlign",479.975,480.685,"emblématique"
"TokensAlign",480.685,481.025,"parce_que"
"TokensAlign",481.025,481.595,"euh"
"TokensAlign",481.595,481.775,"ben"
"TokensAlign",481.775,481.865,"on"
"TokensAlign",481.865,481.995,"peut"
"TokensAlign",481.995,482.095,"se"
"TokensAlign",482.095,482.585,"retrouver"
"TokensAlign",482.585,482.785,"aussi"
"TokensAlign",482.785,482.815,"euh"
"TokensAlign",482.815,482.845,"à"
"TokensAlign",482.845,482.875,"l'"
"TokensAlign",482.875,484.305,"intérieur"
"TokensAlign",484.305,485.305,"euh"
"TokensAlign",485.305,485.55,"#"
"TokensAlign",485.55,485.7,"des"
"TokensAlign",485.7,486.48,"personnages"
"TokensAlign",486.48,486.62,"parce_que"
"TokensAlign",486.62,486.65,"+"
"TokensAlign",486.65,487.66,"ce"
"TokensAlign",487.66,488.15,"sont"
"TokensAlign",488.15,488.26,"des"
"TokensAlign",488.26,488.74,"personnages"
"TokensAlign",488.74,488.8,"quand"
"TokensAlign",488.8,488.93,"même"
"TokensAlign",488.93,488.98,"qui"
"TokensAlign",488.98,489.29,"sont"
"TokensAlign",489.29,489.67,"réels"
"TokensAlign",489.67,489.98,"#"
"TokensAlign",489.98,490.22,"après"
"TokensAlign",490.22,490.87,"malheureusement"
"TokensAlign",490.87,490.985,"#"
"TokensAlign",490.985,491.305,"ben"
"TokensAlign",491.305,491.985,"par_exemple"
"TokensAlign",491.985,492.355,"jumanji"
"TokensAlign",492.355,492.875,"c'est"
"TokensAlign",492.875,492.955,"une"
"TokensAlign",492.955,493.215,"histoire"
"TokensAlign",493.215,493.255,"qui"
"TokensAlign",493.255,493.315,"ça"
"TokensAlign",493.315,493.365,"ne"
"TokensAlign",493.365,493.545,"pourrait"
"TokensAlign",493.545,493.715,"pas"
"TokensAlign",493.715,494.035,"nous"
"TokensAlign",494.035,494.315,"nous"
"TokensAlign",494.315,494.84,"arriver"
"TokensAlign",494.84,495.44,"#"
"TokensAlign",495.44,495.58,"je"
"TokensAlign",495.58,495.87,"crois"
"TokensAlign",495.87,496.21,"jusqu'à"
"TokensAlign",496.21,496.24,"l'"
"TokensAlign",496.24,496.38,"heure"
"TokensAlign",496.38,496.42,"d'"
"TokensAlign",496.42,496.76,"aujourd'hui"
"TokensAlign",496.76,496.85,"on"
"TokensAlign",496.85,496.88,"ne"
"TokensAlign",496.88,496.98,"peut"
"TokensAlign",496.98,497.1,"pas"
"TokensAlign",497.1,497.38,"rentrer"
"TokensAlign",497.38,497.54,"dans"
"TokensAlign",497.54,497.87,"les"
"TokensAlign",497.87,498.0,"jeux"
"TokensAlign",498.0,498.06,"de"
"TokensAlign",498.06,498.6,"société"
"TokensAlign",498.6,499.24,"+"
"TokensAlign",499.24,499.66,"mais"
"TokensAlign",499.66,500.66,"euh"
"TokensAlign",500.66,500.79,"mais"
"TokensAlign",500.79,501.03,"du_coup"
"TokensAlign",501.03,501.14,"on"
"TokensAlign",501.14,501.25,"peut"
"TokensAlign",501.25,501.61,"vraiment"
"TokensAlign",501.61,501.85,"se"
"TokensAlign",501.85,501.99,"se"
"TokensAlign",501.99,502.81,"projeter"
"TokensAlign",502.81,503.06,"et"
"TokensAlign",503.06,503.975,"euh"
"TokensAlign",503.975,504.15,"#"
"TokensAlign",504.15,504.25,"et"
"TokensAlign",504.25,504.4,"c'est"
"TokensAlign",504.4,504.95,"notre"
"TokensAlign",504.95,505.61,"imagination"
"TokensAlign",505.61,505.73,"qui"
"TokensAlign",505.73,505.82,"est"
"TokensAlign",505.82,506.25,"vraiment"
"TokensAlign",506.25,506.52,"euh"
"TokensAlign",506.52,506.81,"mise"
"TokensAlign",506.81,506.98,"en"
"TokensAlign",506.98,507.19,"jeu"
"TokensAlign",507.19,507.64,"là-dedans"
"TokensAlign",507.64,508.475,"#"
"TokensAlign",508.475,508.655,"et"
"TokensAlign",508.655,509.64,"euh"
"TokensAlign",509.64,509.745,"#"
"TokensAlign",509.745,509.915,"et"
"TokensAlign",509.915,510.035,"qui"
"TokensAlign",510.035,510.245,"je"
"TokensAlign",510.245,510.615,"pense"
"TokensAlign",510.615,510.905,"euh"
"TokensAlign",510.905,511.185,"plaît"
"TokensAlign",511.185,511.465,"aussi"
"TokensAlign",511.465,512.075,"à"
"TokensAlign",512.075,512.215,"+"
"TokensAlign",512.215,512.375,"un"
"TokensAlign",512.375,512.615,"grand"
"TokensAlign",512.615,512.975,"nombre"
"TokensAlign",512.975,513.665,"euh"
"TokensAlign",513.665,514.339032,"#"
"TokensAlign",514.339032,514.4990319999999,"de"
"TokensAlign",514.4990319999999,515.2490319999999,"personnes"
"TokensAlign",515.2490319999999,515.349032,"qui"
"TokensAlign",515.349032,515.449032,"qui"
"TokensAlign",515.449032,515.599032,"vont"
"TokensAlign",515.599032,515.799032,"voir"
"TokensAlign",515.799032,516.239032,"ce"
"TokensAlign",516.239032,516.429032,"ce"
"TokensAlign",516.429032,516.589032,"genre"
"TokensAlign",516.589032,516.669032,"de"
"TokensAlign",516.669032,516.99,"film"
"TokensAlign",516.99,518.215,"#"
"TokensAlign",518.215,519.325,"euh"
"TokensAlign",519.325,519.5550000000001,"+"
"TokensAlign",519.5550000000001,519.955,"du_coup"
"TokensAlign",519.955,520.075,"oui"
"TokensAlign",520.075,520.775,"si"
"TokensAlign",520.775,521.655,"#"
"TokensAlign",521.655,521.795,"si"
"TokensAlign",521.795,521.9549999999999,"ça"
"TokensAlign",521.9549999999999,522.035,"vous"
"TokensAlign",522.035,522.305,"dirait"
"TokensAlign",522.305,522.5649999999999,"de"
"TokensAlign",522.5649999999999,522.7049999999999,"de"
"TokensAlign",522.7049999999999,523.105,"mettre"
"TokensAlign",523.105,523.265,"ce"
"TokensAlign",523.265,523.625,"film"
"TokensAlign",523.625,523.905,"en"
"TokensAlign",523.905,523.9549999999999,"en"
"TokensAlign",523.9549999999999,524.015,"en"
"TokensAlign",524.015,524.185,"tête"
"TokensAlign",524.185,524.255,"d'"
"TokensAlign",524.255,524.675,"affiche"
"TokensAlign",524.675,524.855,"euh"
"TokensAlign",524.855,525.0849999999999,"moi"
"TokensAlign",525.0849999999999,525.245,"ça"
"TokensAlign",525.245,525.3249999999999,"me"
"TokensAlign",525.3249999999999,525.81,"euh"
"TokensAlign",525.81,526.765,"#"
"TokensAlign",526.765,526.855,"ça"
"TokensAlign",526.855,526.885,"me"
"TokensAlign",526.885,527.135,"dirait"
"TokensAlign",527.135,527.385,"bien"
"TokensAlign",527.385,678.04,"#"
"TokensAlign",678.04,678.29,"non"
"TokensAlign",678.29,678.4399999999999,"moi"
"TokensAlign",678.4399999999999,678.51,"j'"
"TokensAlign",678.51,678.5999999999999,"en"
"TokensAlign",678.5999999999999,678.68,"ai"
"TokensAlign",678.68,678.91,"jamais"
"TokensAlign",678.91,679.13,"lu"
"TokensAlign",679.13,679.4499999999999,"mais"
"TokensAlign",679.4499999999999,679.5699999999999,"je"
"TokensAlign",679.5699999999999,679.7199999999999,"sais"
"TokensAlign",679.7199999999999,680.27,"que"
"TokensAlign",680.27,680.3,"+"
"TokensAlign",680.3,680.56,"ben"
"TokensAlign",680.56,680.7199999999999,"quand"
"TokensAlign",680.7199999999999,680.79,"j'"
"TokensAlign",680.79,680.9399999999999,"étais"
"TokensAlign",680.9399999999999,681.06,"en"
"TokensAlign",681.06,681.52,"primaire"
"TokensAlign",681.52,681.63,"on"
"TokensAlign",681.63,682.25,"avait"
"TokensAlign",682.25,682.49,"du_coup"
"TokensAlign",682.49,682.92,"un"
"TokensAlign",682.92,683.0899999999999,"petit"
"TokensAlign",683.0899999999999,683.81,"cdi"
"TokensAlign",683.81,683.8399999999999,"et"
"TokensAlign",683.8399999999999,683.89,"il_y"
"TokensAlign",683.89,684.0799999999999,"avait"
"TokensAlign",684.0799999999999,684.25,"une"
"TokensAlign",684.25,684.5699999999999,"grande"
"TokensAlign",684.5699999999999,684.9,"étagère"
"TokensAlign",684.9,685.0799999999999,"avec"
"TokensAlign",685.0799999999999,685.3,"beaucoup"
"TokensAlign",685.3,685.3299999999999,"de"
"TokensAlign",685.3299999999999,685.51,"chaires"
"TokensAlign",685.51,685.61,"de"
"TokensAlign",685.61,685.8499999999999,"poules"
"TokensAlign",685.8499999999999,686.17,"mais"
"TokensAlign",686.17,686.27,"mais"
"TokensAlign",686.27,686.3299999999999,"j'"
"TokensAlign",686.3299999999999,686.4599999999999,"avais"
"TokensAlign",686.4599999999999,686.66,"très"
"TokensAlign",686.66,686.93,"peur"
"TokensAlign",686.93,687.05,"de"
"TokensAlign",687.05,687.1899999999999,"les"
"TokensAlign",687.1899999999999,688.03,"lire"
"TokensAlign",688.03,689.01,"donc"
"TokensAlign",689.01,689.15,"euh"
"TokensAlign",689.15,689.365,"@"
"TokensAlign",689.365,691.170029,"@"
"TokensAlign",691.170029,736.725,"#"
"TokensAlign",736.725,737.155,"oui"
"TokensAlign",737.155,737.5550000000001,"du_coup"
"TokensAlign",737.5550000000001,737.9350000000001,"quel"
"TokensAlign",737.9350000000001,739.045,"euh"
"TokensAlign",739.045,740.495,"#"
"TokensAlign",740.495,741.44,"@"
"TokensAlign",741.44,743.255,"#"
"TokensAlign",743.255,743.515,"quel"
"TokensAlign",743.515,744.33,"euh"
"TokensAlign",744.33,744.72,"#"
"TokensAlign",744.72,744.88,"quel"
"TokensAlign",744.88,745.14,"genre"
"TokensAlign",745.14,745.26,"on"
"TokensAlign",745.26,745.45,"pourrait"
"TokensAlign",745.45,745.74,"mettre"
"TokensAlign",745.74,745.8000000000001,"en"
"TokensAlign",745.8000000000001,746.3100000000001,"avant_qu'"
"TokensAlign",746.3100000000001,747.205,"est-ce_que"
"TokensAlign",747.205,748.28,"#"
"TokensAlign",748.28,748.35,"qu'"
"TokensAlign",748.35,748.55,"est-ce_que"
"TokensAlign",748.55,748.76,"vous"
"TokensAlign",748.76,748.87,"vous"
"TokensAlign",748.87,749.03,"avez"
"TokensAlign",749.03,749.3199999999999,"pensé"
"TokensAlign",749.3199999999999,749.35,"de"
"TokensAlign",749.35,749.49,"tout"
"TokensAlign",749.49,749.805,"ça"
"TokensAlign",749.805,756.51379,"#"
"TokensAlign",756.51379,758.635084,"@"
"TokensAlign",758.635084,773.74,"#"
"TokensAlign",773.74,773.87,"c'est"
"TokensAlign",773.87,774.1,"vrai"
"TokensAlign",774.1,775.24,"#"
"TokensAlign",775.24,775.58,"ouais"
"TokensAlign",775.58,775.99,"moi"
"TokensAlign",775.99,776.07,"j'"
"TokensAlign",776.07,776.34,"ai"
"TokensAlign",776.34,776.37,"l'"
"TokensAlign",776.37,776.79,"aventure"
"TokensAlign",776.79,776.94,"ou"
"TokensAlign",776.94,777.07,"les"
"TokensAlign",777.07,777.49,"super"
"TokensAlign",777.49,777.7,"héros"
"TokensAlign",777.7,777.89,"aussi"
"TokensAlign",777.89,778.04,"ça"
"TokensAlign",778.04,778.79,"touche"
"TokensAlign",778.79,779.21,"pas_mal_de"
"TokensAlign",779.21,779.53,"monde"
"TokensAlign",779.53,779.87,"et"
"TokensAlign",779.87,779.99,"ça"
"TokensAlign",779.99,780.45,"intéresse"
"TokensAlign",780.45,780.57,"beaucoup"
"TokensAlign",780.57,780.6,"de"
"TokensAlign",780.6,780.69,"monde"
"TokensAlign",780.69,780.87,"beaucoup"
"TokensAlign",780.87,780.92,"de"
"TokensAlign",780.92,781.1,"monde"
"TokensAlign",781.1,781.27,"ben"
"TokensAlign",781.27,781.69,"notamment"
"TokensAlign",781.69,782.08,"marvel"
"TokensAlign",782.08,782.51,"du_coup"
"TokensAlign",782.51,782.73,"et"
"TokensAlign",782.73,782.905,"avec"
"TokensAlign",782.905,783.0,"#"
"TokensAlign",783.0,783.3,"spider"
"TokensAlign",783.3,783.53,"man"
"TokensAlign",783.53,783.7,"ouais"
"TokensAlign",783.7,784.05,"ces"
"TokensAlign",784.05,784.22,"ces"
"TokensAlign",784.22,784.54,"derniers"
"TokensAlign",784.54,784.79,"temps"
"TokensAlign",784.79,785.425,"ça"
"TokensAlign",785.425,786.48,"#"
"TokensAlign",786.48,786.5600000000001,"peut"
"TokensAlign",786.5600000000001,786.69,"faire"
"TokensAlign",786.69,786.975,"fureur"
"TokensAlign",786.975,787.48,"#"
"TokensAlign",787.48,787.93,"@"
"TokensAlign",787.93,788.94,"#"
"TokensAlign",788.94,789.1700000000001,"ah"
"TokensAlign",789.1700000000001,789.77,"@"
"TokensAlign",789.77,790.61,"#"
"TokensAlign",790.61,791.72,"@"
"TokensAlign",791.72,792.495,"#"
"TokensAlign",792.495,793.395,"@"
"TokensAlign",793.395,793.555,"oui"
"TokensAlign",793.555,793.705,"c'est"
"TokensAlign",793.705,793.845,"vrai"
"TokensAlign",793.845,793.995,"que"
"TokensAlign",793.995,794.265,"tom"
"TokensAlign",794.265,794.615,"holland"
"TokensAlign",794.615,794.785,"ça"
"TokensAlign",794.785,794.955,"aurait"
"TokensAlign",794.955,795.095,"pu"
"TokensAlign",795.095,795.415,"mettre"
"TokensAlign",795.415,795.585,"tout_le"
"TokensAlign",795.585,795.765,"monde"
"TokensAlign",795.765,796.125,"d'accord"
"TokensAlign",796.125,798.605,"#"
"TokensAlign",798.605,798.705,"c'est"
"TokensAlign",798.705,798.955,"vrai"
"TokensAlign",798.955,804.94,"#"
"TokensAlign",804.94,805.1700000000001,"c'est"
"TokensAlign",805.1700000000001,805.45,"vrai"
"TokensAlign",805.45,805.56,"#"
"TokensAlign",805.56,806.505,"c'est"
"TokensAlign",806.505,806.93,"#"
"TokensAlign",806.93,807.04,"très"
"TokensAlign",807.04,807.2299999999999,"bonne"
"TokensAlign",807.2299999999999,807.5,"idée"
"TokensAlign",807.5,807.66,"ouais"
"TokensAlign",807.66,810.795,"#"
"TokensAlign",810.795,810.875,"ben"
"TokensAlign",810.875,811.2249999999999,"écoutez"
"TokensAlign",811.2249999999999,811.665,"moi"
"TokensAlign",811.665,812.784649,"#"
"TokensAlign",812.784649,813.317274,"@"
"TokensAlign",813.317274,814.355,"#"
"TokensAlign",814.355,814.525,"sais"
"TokensAlign",814.525,814.99,"pas"
"TokensAlign",814.99,818.3,"#"
"TokensAlign",818.3,819.774337,"@"
"TokensAlign",819.774337,820.23,"#"
"TokensAlign",820.23,820.6800000000001,"non"
"TokensAlign",820.6800000000001,820.9,"ça"
"TokensAlign",820.9,821.08,"ça"
"TokensAlign",821.08,821.33,"pouvait"
"TokensAlign",821.33,821.53,"être"
"TokensAlign",821.53,821.9300000000001,"un"
"TokensAlign",821.9300000000001,822.07,"bon"
"TokensAlign",822.07,822.37,"sujet"
"TokensAlign",822.37,822.41,"mais"
"TokensAlign",822.41,822.58,"il"
"TokensAlign",822.58,822.75,"peut"
"TokensAlign",822.75,823.02,"toucher"
"TokensAlign",823.02,823.0500000000001,"j"
"TokensAlign",823.0500000000001,823.08,"ai"
"TokensAlign",823.08,823.22,"moins"
"TokensAlign",823.22,823.29,"de"
"TokensAlign",823.29,824.0500000000001,"monde"
"TokensAlign",824.0500000000001,824.49,"c'est"
"TokensAlign",824.49,828.225,"#"
"TokensAlign",828.225,828.535,"bon"
"TokensAlign",828.535,828.715,"mais"
"TokensAlign",828.715,829.065,"partons"
"TokensAlign",829.065,829.255,"sur"
"TokensAlign",829.255,829.715,"aventure"
"TokensAlign",829.715,830.015,"alors"
"TokensAlign",830.015,830.145,"c'est"
"TokensAlign",830.145,830.275,"vrai"
"TokensAlign",830.275,830.475,"que"
"TokensAlign",830.475,830.905,"jumanji"
"TokensAlign",830.905,831.0550000000001,"ouais"
"TokensAlign",831.0550000000001,831.355,"peut"
"TokensAlign",831.355,831.605,"toucher"
"TokensAlign",831.605,832.035,"pas_mal_de"
"TokensAlign",832.035,832.535,"générations"
"TokensAlign",832.535,832.615,"et"
"TokensAlign",832.615,832.895,"c'est"
"TokensAlign",832.895,832.965,"une"
"TokensAlign",832.965,833.105,"très"
"TokensAlign",833.105,833.285,"bonne"
"TokensAlign",833.285,833.505,"idée"
"TokensAlign",833.505,833.975,"de"
"TokensAlign",833.975,834.015,"+"
"TokensAlign",834.015,834.1750000000001,"de"
"TokensAlign",834.1750000000001,834.205,"le"
"TokensAlign",834.205,834.4150000000001,"mettre"
"TokensAlign",834.4150000000001,834.455,"en"
"TokensAlign",834.455,834.9350000000001,"activité"
"TokensAlign",834.9350000000001,835.015,"à"
"TokensAlign",835.015,835.285,"côté"
"TokensAlign",835.285,835.385,"en"
"TokensAlign",835.385,835.635,"plus"
"TokensAlign",835.635,835.71,"#"
"TokensAlign",835.71,836.205,"de"
"TokensAlign",836.205,837.16,"#"
"TokensAlign",837.16,837.73,"si"
"TokensAlign",837.73,837.91,"si"
"TokensAlign",837.91,838.29,"certains"
"TokensAlign",838.29,838.93,"veulent"
"TokensAlign",838.93,839.575,"#"
"TokensAlign",839.575,839.945,"tenter"
"TokensAlign",839.945,840.225,"de"
"TokensAlign",840.225,840.345,"de"
"TokensAlign",840.345,840.6550000000001,"rentrer"
"TokensAlign",840.6550000000001,840.8050000000001,"dans"
"TokensAlign",840.8050000000001,841.125,"ce"
"TokensAlign",841.125,841.315,"dans"
"TokensAlign",841.315,841.495,"ce"
"TokensAlign",841.495,841.73,"jeu"
"TokensAlign",841.73,841.925,"#"
"TokensAlign",841.925,842.29,"@"
"TokensAlign",842.29,855.83,"#"
"TokensAlign",855.83,856.44,"aventure"
"TokensAlign",856.44,856.685,"ouais"
"TokensAlign",856.685,863.715,"#"
"TokensAlign",863.715,864.465,"peut-être"
"TokensAlign",864.465,864.6750000000001,"je"
"TokensAlign",864.6750000000001,865.305,"euh"
"TokensAlign",865.305,865.7,"#"
"TokensAlign",865.7,865.84,"suis"
"TokensAlign",865.84,866.12,"pas"
"TokensAlign",866.12,866.4100000000001,"au_courant"
"TokensAlign",866.4100000000001,866.51,"mais"
"TokensAlign",866.51,866.7800000000001,"c'est"
"TokensAlign",866.7800000000001,866.96,"c'est"
"TokensAlign",866.96,867.1700000000001,"fort"
"TokensAlign",867.1700000000001,867.9000000000001,"possible"
"TokensAlign",867.9000000000001,867.965,"ouais"
"TokensAlign",867.965,875.72,"#"
"TokensAlign",875.72,875.95,"oui"
"TokensAlign",875.95,876.27,"c'est"
"TokensAlign",876.27,876.895,"#"
"TokensAlign",876.895,877.155,"oui"
"TokensAlign",877.155,877.645,"possible"
"TokensAlign",877.645,877.765,"ouais"
"TokensAlign",877.765,877.915,"c'est"
"TokensAlign",877.915,878.105,"vrai"
"TokensAlign",878.105,880.96,"#"
"TokensAlign",880.96,881.19,"c'est"
"TokensAlign",881.19,881.535,"vrai"
"TokensAlign",881.535,881.765,"#"
"TokensAlign",881.765,881.925,"ouais"
"TokensAlign",881.925,881.975,"et"
"TokensAlign",881.975,882.225,"qui"
"TokensAlign",882.225,882.515,"s'"
"TokensAlign",882.515,883.355,"adapte"
"TokensAlign",883.355,883.655,"dans"
"TokensAlign",883.655,883.685,"le"
"TokensAlign",883.685,884.0649999999999,"temps"
"TokensAlign",884.0649999999999,884.355,"et"
"TokensAlign",884.355,884.5649999999999,"en"
"TokensAlign",884.5649999999999,884.915,"fonction"
"TokensAlign",884.915,885.365,"des"
"TokensAlign",885.365,885.475,"des"
"TokensAlign",885.475,885.745,"nouvelles"
"TokensAlign",885.745,886.015,"choses"
"TokensAlign",886.015,886.095,"qu'"
"TokensAlign",886.095,886.135,"on"
"TokensAlign",886.135,886.245,"va"
"TokensAlign",886.245,886.3249999999999,"y"
"TokensAlign",886.3249999999999,886.5749999999999,"faire"
"TokensAlign",886.5749999999999,886.885,"donc"
"TokensAlign",886.885,887.095,"euh"
"TokensAlign",887.095,887.255,"ouais"
"TokensAlign",887.255,887.285,"il"
"TokensAlign",887.285,887.685,"est"
"TokensAlign",887.685,887.72,"il"
"TokensAlign",887.72,888.0,"#"
"TokensAlign",888.0,888.14,"il"
"TokensAlign",888.14,888.19,"a"
"TokensAlign",888.19,888.39,"pu"
"TokensAlign",888.39,888.74,"avoir"
"TokensAlign",888.74,888.77,"un"
"TokensAlign",888.77,889.32,"impact"
"TokensAlign",889.32,889.83,"mais"
"TokensAlign",889.83,889.91,"mais"
"TokensAlign",889.91,889.94,"je"
"TokensAlign",889.94,890.18,"dirais"
"TokensAlign",890.18,890.27,"qu'"
"TokensAlign",890.27,890.34,"il"
"TokensAlign",890.34,890.53,"est"
"TokensAlign",890.53,890.73,"+"
"TokensAlign",890.73,891.0,"plutôt"
"TokensAlign",891.0,891.58,"positif"
"TokensAlign",891.58,891.93,"après"
"TokensAlign",891.93,892.58,"euh"
"TokensAlign",892.58,892.64,"il_y"
"TokensAlign",892.64,892.68,"en"
"TokensAlign",892.68,892.77,"a"
"TokensAlign",892.77,892.85,"qui"
"TokensAlign",892.85,893.2,"sont"
"TokensAlign",893.2,893.33,"pas"
"TokensAlign",893.33,893.58,"d'accord"
"TokensAlign",893.58,893.78,"avec"
"TokensAlign",893.78,894.01,"ça"
"TokensAlign",894.01,894.37,"mais"
"TokensAlign",894.37,894.815,"euh"
"TokensAlign",894.815,895.215,"#"
"TokensAlign",895.215,895.69,"@"
"TokensAlign",895.69,907.89,"#"
"TokensAlign",907.89,908.13,"oui"
"TokensAlign",908.13,908.4,"voilà"
"TokensAlign",908.4,908.54,"c'est"
"TokensAlign",908.54,908.76,"ça"
"TokensAlign",908.76,908.92,"et"
"TokensAlign",908.92,909.19,"du_coup"
"TokensAlign",909.19,909.33,"ça"
"TokensAlign",909.33,909.5,"peut"
"TokensAlign",909.5,909.7,"aussi"
"TokensAlign",909.7,910.02,"toucher"
"TokensAlign",910.02,910.33,"plusieurs"
"TokensAlign",910.33,910.97,"générations"
"TokensAlign",910.97,911.14,"il_y"
"TokensAlign",911.14,911.19,"en"
"TokensAlign",911.19,911.28,"a"
"TokensAlign",911.28,911.42,"qui"
"TokensAlign",911.42,911.55,"vont"
"TokensAlign",911.55,911.8,"venir"
"TokensAlign",911.8,911.88,"le"
"TokensAlign",911.88,912.42,"voir"
"TokensAlign",912.42,912.68,"juste"
"TokensAlign",912.68,913.01,"parce_qu'"
"TokensAlign",913.01,913.34,"il"
"TokensAlign",913.34,913.9,"sera"
"TokensAlign",913.9,914.12,"+"
"TokensAlign",914.12,914.89,"par_rapport_à"
"TokensAlign",914.89,915.38,"ces"
"TokensAlign",915.38,915.56,"ces"
"TokensAlign",915.56,915.85,"nouvelles"
"TokensAlign",915.85,916.5,"technologies"
"TokensAlign",916.5,916.58,"là"
"TokensAlign",916.58,916.61,"il_y"
"TokensAlign",916.61,916.64,"en"
"TokensAlign",916.64,916.76,"a"
"TokensAlign",916.76,916.81,"qui"
"TokensAlign",916.81,916.9,"seront"
"TokensAlign",916.9,917.35,"plus"
"TokensAlign",917.35,917.61,"c'est"
"TokensAlign",917.61,917.9,"plus"
"TokensAlign",917.9,918.47,"réticent"
"TokensAlign",918.47,918.86,"mais"
"TokensAlign",918.86,919.345,"euh"
"TokensAlign",919.345,920.27,"#"
"TokensAlign",920.27,920.36,"mais"
"TokensAlign",920.36,920.6,"ça"
"TokensAlign",920.6,920.74,"ça"
"TokensAlign",920.74,920.9,"peut"
"TokensAlign",920.9,921.25,"toucher"
"TokensAlign",921.25,921.45,"aussi"
"TokensAlign",921.45,921.72,"de"
"TokensAlign",921.72,921.85,"de"
"TokensAlign",921.85,922.09,"nouvelles"
"TokensAlign",922.09,922.44,"personnes"
"TokensAlign",922.44,922.48,"qui"
"TokensAlign",922.48,922.68,"seraient"
"TokensAlign",922.68,922.87,"pas"
"TokensAlign",922.87,923.54,"forcément"
"TokensAlign",923.54,923.8,"euh"
"TokensAlign",923.8,924.12,"venues"
"TokensAlign",924.12,924.42,"voir"
"TokensAlign",924.42,924.99,"euh"
"TokensAlign",924.99,925.13,"+"
"TokensAlign",925.13,925.28,"un"
"TokensAlign",925.28,925.52,"film"
"TokensAlign",925.52,925.59,"d'"
"TokensAlign",925.59,926.166357,"aventure"
"TokensAlign",926.166357,945.63,"#"
"TokensAlign",945.63,945.79,"c'est"
"TokensAlign",945.79,945.936563,"vrai"
"TokensAlign",945.936563,951.114889,"#"
"TokensAlign",951.114889,951.746681,"@"
"TokensAlign",951.746681,960.84,"#"
"TokensAlign",960.84,960.97,"c'est"
"TokensAlign",960.97,961.13,"vrai"
"TokensAlign",961.13,961.27,"c'est"
"TokensAlign",961.27,961.875,"terrible"
"TokensAlign",961.875,963.76,"#"
"TokensAlign",963.76,963.89,"c'est"
"TokensAlign",963.89,964.26,"terrible"
"TokensAlign",964.26,964.39,"mais"
"TokensAlign",964.39,964.6,"ça"
"TokensAlign",964.6,964.78,"peut"
"TokensAlign",964.78,965.05,"durer"
"TokensAlign",965.05,965.31,"plus"
"TokensAlign",965.31,965.64,"longtemps"
"TokensAlign",965.64,965.83,"en"
"TokensAlign",965.83,966.21,"série"
"TokensAlign",966.21,966.53,"donc"
"TokensAlign",966.53,967.19,"euh"
"TokensAlign",967.19,967.585,"#"
"TokensAlign",967.585,967.71,"*"
"TokensAlign",967.71,968.405,"#"
"TokensAlign",968.405,968.445,"je"
"TokensAlign",968.445,968.575,"suis"
"TokensAlign",968.575,968.9,"partagée"
"TokensAlign",968.9,970.76,"#"
"TokensAlign",970.76,971.0,"c'est"
"TokensAlign",971.0,971.33,"vrai"
"TokensAlign",971.33,971.52,"c'est"
"TokensAlign",971.52,971.88,"vrai"
"TokensAlign",971.88,972.505,"#"
"TokensAlign",972.505,972.725,"ouais"
"TokensAlign",972.725,973.095,"ça"
"TokensAlign",973.095,973.225,"ça"
"TokensAlign",973.225,973.355,"peut"
"TokensAlign",973.355,973.455,"être"
"TokensAlign",973.455,974.07,"difficile"
"TokensAlign",974.07,976.785,"#"
"TokensAlign",976.785,977.045,"ouais"
"TokensAlign",977.045,977.195,"c'est"
"TokensAlign",977.195,977.385,"ça"
"TokensAlign",977.385,977.475,"ça"
"TokensAlign",977.475,977.625,"c'est"
"TokensAlign",977.625,977.855,"un"
"TokensAlign",977.855,981.919209,"#"
"TokensAlign",981.919209,982.069209,"notre"
"TokensAlign",982.069209,982.635,"festival"
"TokensAlign",982.635,985.33,"#"
"TokensAlign",985.33,985.49,"oui"
"TokensAlign",985.49,985.55,"à"
"TokensAlign",985.55,985.92,"la"
"TokensAlign",985.92,986.44,"limite"
"TokensAlign",986.44,986.47,"@"
"TokensAlign",986.47,987.2,"+"
"TokensAlign",987.2,987.42,"vous"
"TokensAlign",987.42,987.62,"pourrez"
"TokensAlign",987.62,987.99,"voir"
"TokensAlign",987.99,988.255,"ça"
"TokensAlign",988.255,988.96,"#"
"TokensAlign",988.96,989.07,"un"
"TokensAlign",989.07,989.52,"épisode"
"TokensAlign",989.52,989.77,"par"
"TokensAlign",989.77,989.99,"jour"
"TokensAlign",989.99,991.665,"#"
"TokensAlign",991.665,992.045,"voilà"
"TokensAlign",992.045,992.185,"c'est"
"TokensAlign",992.185,992.415,"ça"
"TokensAlign",992.415,992.565,"ouais"
"TokensAlign",992.565,992.815,"ça"
"TokensAlign",992.815,992.935,"ça"
"TokensAlign",992.935,993.045,"peut"
"TokensAlign",993.045,993.205,"être"
"TokensAlign",993.205,993.535,"risqué"
"TokensAlign",993.535,995.775,"#"
"TokensAlign",995.775,996.655,"euh"
"TokensAlign",996.655,997.065,"série"
"TokensAlign",997.065,997.095,"d'"
"TokensAlign",997.095,998.51,"aventures"
"TokensAlign",998.51,1001.26,"#"
"TokensAlign",1001.26,1001.41,"oui"
"TokensAlign",1001.41,1001.58,"il"
"TokensAlign",1001.58,1001.72,"doit"
"TokensAlign",1001.72,1001.83,"y"
"TokensAlign",1001.83,1001.86,"en"
"TokensAlign",1001.86,1002.29,"avoir"
"TokensAlign",1002.29,1002.39,"mais"
"TokensAlign",1002.39,1002.95,"euh"
"TokensAlign",1002.95,1005.48,"#"
"TokensAlign",1005.48,1005.725,"ouais"
"TokensAlign",1005.725,1012.12944,"#"
"TokensAlign",1012.12944,1014.9495,"@"
"TokensAlign",1014.9495,1017.845,"#"
"TokensAlign",1017.845,1018.04,"ouais"
"TokensAlign",1018.04,1018.13,"#"
"TokensAlign",1018.13,1018.504323,"possible"
"TokensAlign",1018.504323,1024.125,"#"
"TokensAlign",1024.125,1024.385,"oui"
"TokensAlign",1024.385,1024.515,"ça"
"TokensAlign",1024.515,1024.685,"c'est"
"TokensAlign",1024.685,1024.93,"bien"
"TokensAlign",1024.93,1033.675,"#"
"TokensAlign",1033.675,1034.015,"ouais"
"TokensAlign",1034.015,1034.5449999999998,"action"
"TokensAlign",1034.5449999999998,1035.065,"aventure"
"TokensAlign",1035.065,1035.175,"ouais"
"TokensAlign",1035.175,1035.792225,"c'est"
"TokensAlign",1035.792225,1039.09,"#"
"TokensAlign",1039.09,1039.36,"oui"
"TokensAlign",1039.36,1039.57,"ça"
"TokensAlign",1039.57,1039.6,"+"
"TokensAlign",1039.6,1040.06,"peut"
"TokensAlign",1040.06,1040.2099999999998,"en"
"TokensAlign",1040.2099999999998,1041.1799999999998,"soi"
"TokensAlign",1041.1799999999998,1041.25,"oui"
"TokensAlign",1041.25,1042.92,"#"
"TokensAlign",1042.92,1043.195,"oui"
"TokensAlign",1043.195,1044.175,"#"
"TokensAlign",1044.175,1044.255,"oui"
"TokensAlign",1044.255,1044.785,"voilà"
"TokensAlign",1044.785,1046.21,"#"
"TokensAlign",1046.21,1046.665,"oui"
"TokensAlign",1046.665,1046.945,"#"
"TokensAlign",1046.945,1047.38,"oui"
"TokensAlign",1047.38,1048.02,"#"
"TokensAlign",1048.02,1048.19,"ben"
"TokensAlign",1048.19,1048.745,"les"
"TokensAlign",1048.745,1048.95,"#"
"TokensAlign",1048.95,1049.47,"personnes"
"TokensAlign",1049.47,1050.07,"maintenant"
"TokensAlign",1050.07,1050.46,"ont"
"TokensAlign",1050.46,1050.69,"+"
"TokensAlign",1050.69,1050.88,"sont"
"TokensAlign",1050.88,1051.12,"très"
"TokensAlign",1051.12,1051.51,"attirées"
"TokensAlign",1051.51,1051.75,"par"
"TokensAlign",1051.75,1051.94,"ouais"
"TokensAlign",1051.94,1052.455,"@"
"TokensAlign",1052.455,1053.0,"#"
"TokensAlign",1053.0,1053.16,"dans"
"TokensAlign",1053.16,1053.3,"la"
"TokensAlign",1053.3,1053.9,"comédie"
"TokensAlign",1053.9,1054.2,"aussi"
"TokensAlign",1054.2,1054.63,"enfin"
"TokensAlign",1054.63,1055.2,"dans"
"TokensAlign",1055.2,1055.25,"+"
"TokensAlign",1055.25,1055.41,"dans"
"TokensAlign",1055.41,1055.64,"tous_les"
"TokensAlign",1055.64,1055.84,"films"
"TokensAlign",1055.84,1056.14,"comme"
"TokensAlign",1056.14,1056.56,"dans"
"TokensAlign",1056.56,1056.79,"dans"
"TokensAlign",1056.79,1056.91,"les"
"TokensAlign",1056.91,1057.2,"derniers"
"TokensAlign",1057.2,1057.64,"marvel"
"TokensAlign",1057.64,1058.04,"aussi"
"TokensAlign",1058.04,1058.89,"enfin"
"TokensAlign",1058.89,1059.06,"+"
"TokensAlign",1059.06,1059.21,"il_y"
"TokensAlign",1059.21,1059.46,"a"
"TokensAlign",1059.46,1059.81,"toujours"
"TokensAlign",1059.81,1059.9,"un"
"TokensAlign",1059.9,1060.02,"peu"
"TokensAlign",1060.02,1060.09,"de"
"TokensAlign",1060.09,1060.61,"comédie"
"TokensAlign",1060.61,1061.0,"parce_que"
"TokensAlign",1061.0,1061.36,"ben"
"TokensAlign",1061.36,1062.485,"#"
"TokensAlign",1062.485,1062.525,"ça"
"TokensAlign",1062.525,1062.655,"met"
"TokensAlign",1062.655,1062.8049999999998,"tout_le"
"TokensAlign",1062.8049999999998,1062.905,"monde"
"TokensAlign",1062.905,1063.215,"d'accord"
"TokensAlign",1063.215,1063.3049999999998,"la"
"TokensAlign",1063.3049999999998,1063.965,"comédie"
"TokensAlign",1063.965,1064.145,"ben"
"TokensAlign",1064.145,1064.545,"@"
"TokensAlign",1064.545,1066.7,"#"
"TokensAlign",1066.7,1066.77,"oui"
"TokensAlign",1066.77,1067.555,"aussi"
"TokensAlign",1067.555,1070.335,"#"
"TokensAlign",1070.335,1070.585,"oui"
"TokensAlign",1070.585,1070.685,"oui"
"TokensAlign",1070.685,1070.87,"c'est"
"TokensAlign",1070.87,1072.949598,"#"
"TokensAlign",1072.949598,1073.386993,"@"
"TokensAlign",1073.386993,1079.293974,"#"
"TokensAlign",1079.293974,1079.860968,"@"
"TokensAlign",1079.860968,1081.435401,"#"
"TokensAlign",1081.435401,1082.504588,"@"
"TokensAlign",1082.504588,1096.905,"#"
"TokensAlign",1096.905,1097.155,"ah"
"TokensAlign",1097.155,1097.265,"oui"
"TokensAlign",1097.265,1097.885,"indiana"
"TokensAlign",1097.885,1098.315,"jones"
"TokensAlign",1098.315,1099.085,"enfin"
"TokensAlign",1099.085,1099.128388,"je"
"TokensAlign",1099.128388,1101.955,"#"
"TokensAlign",1101.955,1102.0449999999998,"c'est"
"TokensAlign",1102.0449999999998,1102.215,"un"
"TokensAlign",1102.215,1102.5449999999998,"petit"
"TokensAlign",1102.5449999999998,1102.7949999999998,"peu"
"TokensAlign",1102.7949999999998,1103.095,"vieux"
"TokensAlign",1103.095,1103.345,"ouais"
"TokensAlign",1103.345,1104.12,"mais"
"TokensAlign",1104.12,1105.086573,"#"
"TokensAlign",1105.086573,1105.455,"c'est"
"TokensAlign",1105.455,1106.205,"#"
"TokensAlign",1106.205,1106.615,"voilà"
"TokensAlign",1106.615,1107.105,"c'est"
"TokensAlign",1107.105,1107.5549999999998,"+"
"TokensAlign",1107.5549999999998,1107.705,"ouais"
"TokensAlign",1107.705,1107.945,"ouais"
"TokensAlign",1107.945,1109.46813,"#"
"TokensAlign",1109.46813,1109.71813,"ça"
"TokensAlign",1109.71813,1110.79813,"euh"
"TokensAlign",1110.79813,1110.82813,"+"
"TokensAlign",1110.82813,1111.28813,"après"
"TokensAlign",1111.28813,1111.57813,"un"
"TokensAlign",1111.57813,1112.41813,"aventure"
"TokensAlign",1112.41813,1112.835,"euh"
"TokensAlign",1112.835,1113.299701,"#"
"TokensAlign",1113.299701,1113.599701,"qui"
"TokensAlign",1113.599701,1113.689701,"me"
"TokensAlign",1113.689701,1114.1197009999998,"vienne"
"TokensAlign",1114.1197009999998,1114.39,"là"
"TokensAlign",1114.39,1115.945,"#"
"TokensAlign",1115.945,1116.43,"euh"
"TokensAlign",1116.43,1122.97,"#"
"TokensAlign",1122.97,1123.56,"ouais"
"TokensAlign",1123.56,1125.145,"#"
"TokensAlign",1125.145,1125.215,"c'est"
"TokensAlign",1125.215,1125.585,"ça"
"TokensAlign",1125.585,1125.655,"oui"
"TokensAlign",1125.655,1126.245,"aventure"
"TokensAlign",1126.245,1126.73,"c'est"
"TokensAlign",1126.73,1128.165,"#"
"TokensAlign",1128.165,1128.385,"oui"
"TokensAlign",1128.385,1128.545,"c'est"
"TokensAlign",1128.545,1129.015,"ça"
"TokensAlign",1129.015,1129.055,"ou"
"TokensAlign",1129.055,1129.215,"+"
"TokensAlign",1129.215,1129.335,"c'est"
"TokensAlign",1129.335,1129.475,"pour"
"TokensAlign",1129.475,1129.525,"ça"
"TokensAlign",1129.525,1129.645,"que"
"TokensAlign",1129.645,1130.125,"jumanji"
"TokensAlign",1130.125,1130.66,"mais"
"TokensAlign",1130.66,1137.91,"#"
"TokensAlign",1137.91,1138.13,"voilà"
"TokensAlign",1138.13,1138.44,"après"
"TokensAlign",1138.44,1138.85,"action"
"TokensAlign",1138.85,1139.63,"avanture"
"TokensAlign",1139.63,1139.7900000000002,"moi"
"TokensAlign",1139.7900000000002,1139.9,"je"
"TokensAlign",1139.9,1140.0500000000002,"trouve"
"TokensAlign",1140.0500000000002,1140.18,"que"
"TokensAlign",1140.18,1140.34,"ça"
"TokensAlign",1140.34,1140.85,"se"
"TokensAlign",1140.85,1141.695,"#"
"TokensAlign",1141.695,1141.735,"ça"
"TokensAlign",1141.735,1141.845,"se"
"TokensAlign",1141.845,1142.155,"regroupe"
"TokensAlign",1142.155,1142.575,"vachement"
"TokensAlign",1142.575,1142.745,"quoi"
"TokensAlign",1142.745,1150.06162,"#"
"TokensAlign",1150.06162,1150.24162,"j'"
"TokensAlign",1150.24162,1150.27162,"en"
"TokensAlign",1150.27162,1150.30162,"ai"
"TokensAlign",1150.30162,1150.77162,"entendu"
"TokensAlign",1150.77162,1151.08162,"parler"
"TokensAlign",1151.08162,1151.45,"mais"
"TokensAlign",1151.45,1154.137358,"#"
"TokensAlign",1154.137358,1155.352344,"@"
"TokensAlign",1155.352344,1167.345,"#"
"TokensAlign",1167.345,1168.904851,"@"
"TokensAlign",1168.904851,1181.6,"#"
"TokensAlign",1181.6,1181.77,"ouais"
"TokensAlign",1181.77,1181.87,"ça"
"TokensAlign",1181.87,1182.04,"peut"
"TokensAlign",1182.04,1182.1899999999998,"être"
"TokensAlign",1182.1899999999998,1182.73,"intéressant"
"TokensAlign",1182.73,1183.01,"aussi"
"TokensAlign",1183.01,1183.21,"ouais"
"TokensAlign",1183.21,1185.195,"#"
"TokensAlign",1185.195,1185.355,"oui"
"TokensAlign",1185.355,1192.2,"#"
"TokensAlign",1192.2,1192.35,"ouais"
"TokensAlign",1192.35,1192.47,"ça"
"TokensAlign",1192.47,1192.61,"peut"
"TokensAlign",1192.61,1192.73,"être"
"TokensAlign",1192.73,1192.82,"pas"
"TokensAlign",1192.82,1193.03,"mal"
"TokensAlign",1193.03,1193.26,"aussi"
"TokensAlign",1193.26,1193.32,"de"
"TokensAlign",1193.32,1193.35,"le"
"TokensAlign",1193.35,1193.61,"mettre"
"TokensAlign",1193.61,1193.68,"en"
"TokensAlign",1193.68,1194.19,"avant"
"TokensAlign",1194.19,1196.603049,"#"
"TokensAlign",1196.603049,1197.09,"ok"
"TokensAlign",1197.09,1197.507919,"@"
"TokensAlign",1197.507919,1200.78,"#"
"TokensAlign",1200.78,1201.03,"c'est"
"TokensAlign",1201.03,1201.32,"vrai"
"TokensAlign",1201.32,1201.68,"aussi"
"TokensAlign",1201.68,1202.005,"ouais"
"TokensAlign",1202.005,1204.32,"#"
"TokensAlign",1204.32,1204.59,"ouais"
"TokensAlign",1204.59,1204.76,"donc"
"TokensAlign",1204.76,1204.96,"ça"
"TokensAlign",1204.96,1205.25,"va"
"TokensAlign",1205.25,1210.445,"#"
"TokensAlign",1210.445,1210.735,"après"
"TokensAlign",1210.735,1210.8149999999998,"à"
"TokensAlign",1210.8149999999998,1210.935,"la"
"TokensAlign",1210.935,1211.3049999999998,"limite"
"TokensAlign",1211.3049999999998,1211.385,"on"
"TokensAlign",1211.385,1211.605,"pourrait"
"TokensAlign",1211.605,1211.7949999999998,"faire"
"TokensAlign",1211.7949999999998,1212.355,"plusieurs"
"TokensAlign",1212.355,1213.035,"endroits"
"TokensAlign",1213.035,1213.285,"et"
"TokensAlign",1213.285,1213.71,"euh"
"TokensAlign",1213.71,1216.419721,"#"
"TokensAlign",1216.419721,1218.1774,"@"
"TokensAlign",1218.1774,1219.34,"#"
"TokensAlign",1219.34,1219.75,"@"
"TokensAlign",1219.75,1219.97,"moi"
"TokensAlign",1219.97,1220.13,"aussi"
"TokensAlign",1220.13,1220.1999999999998,"j'"
"TokensAlign",1220.1999999999998,1220.55,"avais"
"TokensAlign",1220.55,1220.755,"oublié"
"TokensAlign",1220.755,1221.52,"#"
"TokensAlign",1221.52,1221.63,"oui"
"TokensAlign",1221.63,1221.79,"c'est"
"TokensAlign",1221.79,1221.93,"vrai"
"TokensAlign",1221.93,1222.46,"au_début"
"TokensAlign",1222.46,1222.6,"en"
"TokensAlign",1222.6,1223.05,"plus"
"TokensAlign",1223.05,1223.53,"@"
"TokensAlign",1223.53,1223.71,"+"
"TokensAlign",1223.71,1224.04,"pas"
"TokensAlign",1224.04,1224.325,"faux"
"TokensAlign",1224.325,1225.255,"#"
"TokensAlign",1225.255,1225.465,"non"
"TokensAlign",1225.465,1225.675,"mais"
"TokensAlign",1225.675,1225.885,"#"
"TokensAlign",1225.885,1225.975,"à"
"TokensAlign",1225.975,1226.105,"la"
"TokensAlign",1226.105,1226.425,"limite"
"TokensAlign",1226.425,1226.505,"on"
"TokensAlign",1226.505,1226.725,"pourrait"
"TokensAlign",1226.725,1226.925,"faire"
"TokensAlign",1226.925,1227.405,"plusieurs"
"TokensAlign",1227.405,1227.935,"endroits"
"TokensAlign",1227.935,1228.105,"et"
"TokensAlign",1228.105,1228.635,"euh"
"TokensAlign",1228.635,1228.765,"+"
"TokensAlign",1228.765,1229.095,"classer"
"TokensAlign",1229.095,1229.145,"un"
"TokensAlign",1229.145,1229.265,"peu"
"TokensAlign",1229.265,1229.485,"par"
"TokensAlign",1229.485,1229.835,"âge"
"TokensAlign",1229.835,1230.005,"ou"
"TokensAlign",1230.005,1230.425,"euh"
"TokensAlign",1230.425,1230.925,"prévenir"
"TokensAlign",1230.925,1231.225,"avant"
"TokensAlign",1231.225,1231.255,"le"
"TokensAlign",1231.255,1231.715,"public"
"TokensAlign",1231.715,1232.055,"pour"
"TokensAlign",1232.055,1232.28,"#"
"TokensAlign",1232.28,1232.38,"pour"
"TokensAlign",1232.38,1232.49,"pas"
"TokensAlign",1232.49,1232.54,"qu'"
"TokensAlign",1232.54,1232.57,"il"
"TokensAlign",1232.57,1232.73,"soit"
"TokensAlign",1232.73,1233.045,"choqué"
"TokensAlign",1233.045,1236.225,"#"
"TokensAlign",1236.225,1236.495,"oui"
"TokensAlign",1236.495,1236.975,"voilà"
"TokensAlign",1236.975,1237.655,"aventure"
"TokensAlign",1237.655,1237.8449999999998,"c'est"
"TokensAlign",1237.8449999999998,1238.88,"parfait"
"TokensAlign",1238.88,1241.32,"#"
"TokensAlign",1241.32,1241.6,"oui"
"TokensAlign",1241.6,1241.78,"c'est"
"TokensAlign",1241.78,1241.9299999999998,"vrai"
"TokensAlign",1241.9299999999998,1242.06,"que"
"TokensAlign",1242.06,1242.51,"euh"
"TokensAlign",1242.51,1242.72,"oui"
"TokensAlign",1242.72,1242.99,"il_y"
"TokensAlign",1242.99,1243.2,"a"
"TokensAlign",1243.2,1243.3,"il_y"
"TokensAlign",1243.3,1243.37,"a"
"TokensAlign",1243.37,1243.59,"#"
"TokensAlign",1243.59,1243.83,"quelques"
"TokensAlign",1243.83,1243.99,"temps"
"TokensAlign",1243.99,1244.04,"mais"
"TokensAlign",1244.04,1244.31,"qui"
"TokensAlign",1244.31,1244.4499999999998,"est"
"TokensAlign",1244.4499999999998,1244.6799999999998,"assez"
"TokensAlign",1244.6799999999998,1245.0,"récent"
"TokensAlign",1245.0,1245.13,"quand"
"TokensAlign",1245.13,1245.32,"même"
"TokensAlign",1245.32,1245.36,"et"
"TokensAlign",1245.36,1245.55,"ça"
"TokensAlign",1245.55,1245.6699999999998,"me"
"TokensAlign",1245.6699999999998,1245.83,"ça"
"TokensAlign",1245.83,1245.86,"me"
"TokensAlign",1245.86,1245.97,"dit"
"TokensAlign",1245.97,1246.4499999999998,"quelque_chose"
"TokensAlign",1246.4499999999998,1246.6999999999998,"aussi"
"TokensAlign",1246.6999999999998,1246.83,"+"
"TokensAlign",1246.83,1247.15,"mais"
"TokensAlign",1247.15,1247.2099999999998,"j'"
"TokensAlign",1247.2099999999998,1247.26,"ai"
"TokensAlign",1247.26,1247.41,"pas"
"TokensAlign",1247.41,1247.62,"vu"
"TokensAlign",1247.62,1248.105,"mais"
"PronTokAlign",0.0,38.54,"#=0.0"
"PronTokAlign",38.54,38.72,"e=0.88"
"PronTokAlign",38.72,38.96,"m-w-A/"
"PronTokAlign",38.96,39.09,"Z-@=0.609"
"PronTokAlign",39.09,39.5,"s-y-i=0.748"
"PronTokAlign",39.5,39.77,"l-O/-a~"
"PronTokAlign",39.77,39.88,"E=0.599"
"PronTokAlign",39.88,40.12,"Z-@=0.599"
"PronTokAlign",40.12,40.53,"v-e-z=0.869"
"PronTokAlign",40.53,40.77,"v-u=0.63"
"PronTokAlign",40.77,41.07,"p-A/-R-l-e=0.811"
"PronTokAlign",41.07,41.17,"d=0.711"
"PronTokAlign",41.17,41.77,"A/-v-a~-t-y-R=0.559"
"PronTokAlign",41.77,340.17,"#=0.0"
"PronTokAlign",340.17,340.5,"l-O/-R=0.493"
"PronTokAlign",340.5,340.75,"fp"
"PronTokAlign",340.75,340.99,"m-w-A/"
"PronTokAlign",340.99,341.37,"d-y-k-u"
"PronTokAlign",341.37,341.42,"Z=0.466"
"PronTokAlign",341.42,341.51,"Z=0.768"
"PronTokAlign",341.51,342.21000000000004,"E-m-@-R-E=0.413"
"PronTokAlign",342.21000000000004,342.41,"b-j-U~/=0.502"
"PronTokAlign",342.41,343.21000000000004,"p-R-O/-m-u-v-w-A/-R"
"PronTokAlign",343.21000000000004,343.6,"fp"
"PronTokAlign",343.6,343.63,"#"
"PronTokAlign",343.63,343.88,"s-y-R"
"PronTokAlign",343.88,344.09000000000003,"l-@=0.6"
"PronTokAlign",344.09000000000003,344.40000000000003,"d-2-v-a~=0.808"
"PronTokAlign",344.40000000000003,344.55,"d-@=0.928"
"PronTokAlign",344.55,345.1,"n-O/-t-R-@=0.999"
"PronTokAlign",345.1,346.16,"f-E-s-t-i-v-A/-l"
"PronTokAlign",346.16,346.54,"@-m"
"PronTokAlign",346.54,347.23,"#"
"PronTokAlign",347.23,347.85,"l-e=0.579"
"PronTokAlign",347.85,347.98,"l-e=0.521"
"PronTokAlign",347.98,348.40000000000003,"f-i-l-m=0.741"
"PronTokAlign",348.40000000000003,349.02000000000004,"fp"
"PronTokAlign",349.02000000000004,349.14000000000004,"d=0.682"
"PronTokAlign",349.14000000000004,349.785,"A/-v-a~-t-y-R=0.552"
"PronTokAlign",349.785,350.365,"#=0.0"
"PronTokAlign",350.365,350.575,"d-O~-k=0.852"
"PronTokAlign",350.575,350.945,"fp"
"PronTokAlign",350.945,351.015,"Z=0.448"
"PronTokAlign",351.015,351.46500000000003,"R-2-Z-w-U~/=0.942"
"PronTokAlign",351.46500000000003,351.755,"A/-s-e=0.738"
"PronTokAlign",351.755,351.855,"s=0.88"
"PronTokAlign",351.855,351.945,"k"
"PronTokAlign",351.945,352.075,"A/"
"PronTokAlign",352.075,352.295,"d-i=0.724"
"PronTokAlign",352.295,352.475,"m-A/"
"PronTokAlign",352.475,353.165,"k-O/-l-E-g-@=0.984"
"PronTokAlign",353.165,353.645,"anon"
"PronTokAlign",353.645,354.015,"d-y-k-u"
"PronTokAlign",354.015,354.21500000000003,"s-y-R"
"PronTokAlign",354.21500000000003,354.555,"fp"
"PronTokAlign",354.555,354.645,"l-A/"
"PronTokAlign",354.645,355.095,"f-R-a~-S-i-z=0.737"
"PronTokAlign",355.095,355.33500000000004,"e=0.629"
"PronTokAlign",355.33500000000004,355.415,"l-e=0.307"
"PronTokAlign",355.415,355.955,"s-y-p-E-R=0.933"
"PronTokAlign",355.955,356.15,"e-R-O/=0.803"
"PronTokAlign",356.15,356.72,"#=0.0"
"PronTokAlign",356.72,356.8,"s=0.629"
"PronTokAlign",356.8,357.11,"s-O~=0.843"
"PronTokAlign",357.11,357.37,"d-e=0.643"
"PronTokAlign",357.37,357.97,"f-i-l-m=0.736"
"PronTokAlign",357.97,358.36,"k-i=0.716"
"PronTokAlign",358.36,359.17,"fp"
"PronTokAlign",359.17,359.20000000000005,"#"
"PronTokAlign",359.20000000000005,359.42,"k-i=0.55"
"PronTokAlign",359.42,360.5100000000001,"U~/-p-A/-k-t-n-t=0.425"
"PronTokAlign",360.5100000000001,360.58,"A/"
"PronTokAlign",360.58,360.7000000000001,"p-2"
"PronTokAlign",360.7000000000001,360.85,"p-R-E=0.749"
"PronTokAlign",360.85,361.23,"t-u-t-l-e=0.667"
"PronTokAlign",361.23,361.9,"Z-e-n-e-R-A/-s-j-O~=0.455"
"PronTokAlign",361.9,362.02,"E=0.519"
"PronTokAlign",362.02,362.17,"k-j=0.528"
"PronTokAlign",362.17,362.97,"U~/-t-E-R-E-s-2-t"
"PronTokAlign",362.97,363.35,"b-O/-k-u=0.933"
"PronTokAlign",363.35,363.39,"d=0.611"
"PronTokAlign",363.39,363.895,"m-O~-d-@=0.646"
"PronTokAlign",363.895,364.66,"#=0.0"
"PronTokAlign",364.66,365.735,"Z-@"
"PronTokAlign",365.735,367.03,"#=0.0"
"PronTokAlign",367.03,367.37,"a~-f-U~/"
"PronTokAlign",367.37,367.735,"#=0.0"
"PronTokAlign",367.735,367.945,"s-e"
"PronTokAlign",367.945,368.085,"O~=0.521"
"PronTokAlign",368.085,368.185,"p-@=0.819"
"PronTokAlign",368.185,368.305,"p-A/=0.95"
"PronTokAlign",368.305,368.425,"E-t=0.712"
"PronTokAlign",368.425,368.595,"p-l-y=0.608"
"PronTokAlign",368.595,368.935,"k-l-E-R"
"PronTokAlign",368.935,369.405,"k-@"
"PronTokAlign",369.405,370.055,"d-a~-z=0.909"
"PronTokAlign",370.055,370.815,"#=0.0"
"PronTokAlign",370.815,371.785,"A/-v-a~-t-y-R-@=0.911"
"PronTokAlign",371.785,372.155,"k-l-E-R-m-a~=0.75"
"PronTokAlign",372.155,373.075,"s-e-2"
"PronTokAlign",373.075,373.105,"#"
"PronTokAlign",373.105,373.385,"s-O~=0.763"
"PronTokAlign",373.385,373.535,"d-e=0.515"
"PronTokAlign",373.535,374.545,"f-i-l-m=0.702"
"PronTokAlign",374.545,374.575,"u"
"PronTokAlign",374.575,374.935,"d-y-k-u"
"PronTokAlign",374.935,375.015,"O~=0.763"
"PronTokAlign",375.015,375.085,"v-A/"
"PronTokAlign",375.085,375.655,"A/-v-w-A/-R"
"PronTokAlign",375.655,376.165,"p-A/-m-A/-l-d=0.426"
"PronTokAlign",376.165,376.795,"A/-k-s-j-O~"
"PronTokAlign",376.795,377.06,"fp"
"PronTokAlign",377.06,377.465,"#=0.0"
"PronTokAlign",377.465,377.585,"y-n=0.703"
"PronTokAlign",377.585,378.535,"i-s-t-w-A/-R-@"
"PronTokAlign",378.535,378.905,"t-u-l-@=0.514"
"PronTokAlign",378.905,379.095,"l-O~=0.666"
"PronTokAlign",379.095,379.505,"A/-v-E-k"
"PronTokAlign",379.505,380.21,"fp"
"PronTokAlign",380.21,380.975,"#=0.0"
"PronTokAlign",380.975,381.315,"A/-v-E-k"
"PronTokAlign",381.315,382.08,"fp"
"PronTokAlign",382.08,382.43,"#=0.0"
"PronTokAlign",382.43,382.71,"A/-v-E-k"
"PronTokAlign",382.71,383.3,"d-e=0.794"
"PronTokAlign",383.3,383.45,"d-e=0.544"
"PronTokAlign",383.45,383.7,"n-u-v-E-l=0.82"
"PronTokAlign",383.7,383.96,"S-O/-z"
"PronTokAlign",383.96,384.4,"t-u-t-O/-l-O~"
"PronTokAlign",384.4,384.44,"d=0.605"
"PronTokAlign",384.44,384.47,"l"
"PronTokAlign",384.47,384.81,"i-s-t-w-A/-R=0.879"
"PronTokAlign",384.81,385.0,"k-i=0.49"
"PronTokAlign",385.0,385.2,"v-O~=0.803"
"PronTokAlign",385.2,385.56,"#"
"PronTokAlign",385.56,385.72,"k=0.516"
"PronTokAlign",385.72,385.81,"v-O~=0.833"
"PronTokAlign",385.81,385.93,"n-u=0.757"
"PronTokAlign",385.93,386.25,"p-E-R-m-E-t-R=0.82"
"PronTokAlign",386.25,386.4,"d-@=0.51"
"PronTokAlign",386.4,386.61,"t-u=0.637"
"PronTokAlign",386.61,387.18,"k-O~-p-R-a~-d-R=0.389"
"PronTokAlign",387.18,387.78,"E=0.979"
"PronTokAlign",387.78,387.98,"d-@=0.681"
"PronTokAlign",387.98,388.13,"n-u=0.717"
"PronTokAlign",388.13,388.66,"d-i-v-E-R-t-i-R"
"PronTokAlign",388.66,388.92,"f-A/-s=0.714"
"PronTokAlign",388.92,388.96,"A/"
"PronTokAlign",388.96,389.16,"s-@=0.614"
"PronTokAlign",389.16,389.74,"f-i-l-m-@=0.986"
"PronTokAlign",389.74,390.73,"#=0.0"
"PronTokAlign",390.73,391.44,"fp"
"PronTokAlign",391.44,391.96,"Z-@=0.963"
"PronTokAlign",391.96,392.16,"m-w-A/"
"PronTokAlign",392.16,392.5,"s-e"
"PronTokAlign",392.5,393.12,"fp"
"PronTokAlign",393.12,393.47,"#"
"PronTokAlign",393.47,393.72,"d-e=0.725"
"PronTokAlign",393.72,394.22,"f-i-l-m=0.65"
"PronTokAlign",394.22,394.69,"k-@=0.998"
"PronTokAlign",394.69,394.82,"k-@=0.565"
"PronTokAlign",394.82,394.88,"Z=0.636"
"PronTokAlign",394.88,395.03,"E-m=0.764"
"PronTokAlign",395.03,395.53,"b-O/-k-u=0.583"
"PronTokAlign",395.53,395.88,"k-@=0.998"
"PronTokAlign",395.88,395.96,"S=0.678"
"PronTokAlign",395.96,396.05,"#=0.0"
"PronTokAlign",396.05,396.25,"p-2-z=0.601"
"PronTokAlign",396.25,396.44,"A/-l-e=0.728"
"PronTokAlign",396.44,396.6,"v-w-A/-R"
"PronTokAlign",396.6,396.86,"A/-v-E-k"
"PronTokAlign",396.86,397.52,"n-U~/-p-O/-R-t-@=0.699"
"PronTokAlign",397.52,397.86,"k-i=0.701"
"PronTokAlign",397.86,398.755,"O/-t-a~-t=0.998"
"PronTokAlign",398.755,399.285,"#=0.0"
"PronTokAlign",399.285,399.545,"O/-t-a~=0.775"
"PronTokAlign",399.545,399.75500000000005,"d-e-z=0.621"
"PronTokAlign",399.75500000000005,400.245,"a~-f-a~-z=0.688"
"PronTokAlign",400.245,400.365,"k"
"PronTokAlign",400.365,400.665,"A/-v-E-k"
"PronTokAlign",400.665,400.975,"fp"
"PronTokAlign",400.975,401.145,"#"
"PronTokAlign",401.145,401.305,"m-e=0.3"
"PronTokAlign",401.305,401.9450000000001,"g-R-a~-p-A/-R-a~=0.623"
"PronTokAlign",401.9450000000001,402.275,"d-O~-k"
"PronTokAlign",402.275,403.025,"v-w-A/-l-A/=0.69"
"PronTokAlign",403.025,403.62,"#=0.0"
"PronTokAlign",403.62,403.72,"s-e"
"PronTokAlign",403.72,403.91,"v-R-E-m-a~=0.628"
"PronTokAlign",403.91,404.14,"d-e=0.695"
"PronTokAlign",404.14,404.27,"d-e=0.583"
"PronTokAlign",404.27,404.56,"f-i-l-m=0.734"
"PronTokAlign",404.56,404.76,"k-i=0.707"
"PronTokAlign",404.76,404.9,"Z-@=0.776"
"PronTokAlign",404.9,405.18,"p-a~-s=0.634"
"PronTokAlign",405.18,405.66,"U~/-t-E-R-E-s=0.706"
"PronTokAlign",405.66,405.91,"t-u-l=0.552"
"PronTokAlign",405.91,406.455,"m-O~-d-@=0.995"
"PronTokAlign",406.455,407.33,"#=0.0"
"PronTokAlign",407.33,407.7,"e=0.78"
"PronTokAlign",407.7,408.41,"fp"
"PronTokAlign",408.41,408.44,"#"
"PronTokAlign",408.44,408.61,"Z-@=0.67"
"PronTokAlign",408.61,408.93,"p-a~-s=0.731"
"PronTokAlign",408.93,409.44,"n-O/-t-A/-m-a~=0.78"
"PronTokAlign",409.44,409.64,"b-U~/=0.465"
"PronTokAlign",409.64,409.71,"O/"
"PronTokAlign",409.71,410.49,"f-i-l-m-@=0.999"
"PronTokAlign",410.49,411.08,"Z-y-m-a~-Z-i=0.511"
"PronTokAlign",411.08,411.655,"p-A/-R-e-g-z-a~-p-l=0.394"
"PronTokAlign",411.655,411.945,"#=0.0"
"PronTokAlign",411.945,412.215,"k-i=0.895"
"PronTokAlign",412.215,413.015,"fp"
"PronTokAlign",413.015,413.095,"#"
"PronTokAlign",413.095,413.335,"k-j=0.497"
"PronTokAlign",413.335,413.365,"A/"
"PronTokAlign",413.365,413.695,"e-t-e=0.449"
"PronTokAlign",413.695,414.525,"m-E-m-@=0.997"
"PronTokAlign",414.525,414.615,"#=0.0"
"PronTokAlign",414.615,415.292322,"R-2-f-E-t=0.633"
"PronTokAlign",415.292322,415.96,"#=0.0"
"PronTokAlign",415.96,416.11,"e=0.926"
"PronTokAlign",416.11,416.88,"fp"
"PronTokAlign",416.88,416.99,"#"
"PronTokAlign",416.99,417.25,"e=0.859"
"PronTokAlign",417.25,417.36,"O~=0.756"
"PronTokAlign",417.36,417.49,"v-w-A/=0.832"
"PronTokAlign",417.49,417.91,"b-j-U~/=0.765"
"PronTokAlign",417.91,418.11,"d-O~=0.691"
"PronTokAlign",418.11,418.72,"t-u-t-O/-l-O~"
"PronTokAlign",418.72,418.86,"d-y=0.501"
"PronTokAlign",418.86,419.22,"f-i-l-m-@=0.637"
"PronTokAlign",419.22,419.34,"k=0.676"
"PronTokAlign",419.34,420.025,"fp"
"PronTokAlign",420.025,420.84,"#=0.0"
"PronTokAlign",420.84,421.01,"k-@=0.53"
"PronTokAlign",421.01,421.39,"b-E=0.563"
"PronTokAlign",421.39,421.75,"d-O~-k=0.983"
"PronTokAlign",421.75,421.98,"s-i=0.825"
"PronTokAlign",421.98,422.09,"v-u=0.699"
"PronTokAlign",422.09,422.51,"k-O/-n-E-s-e=0.767"
"PronTokAlign",422.51,422.7,"p-A/=0.831"
"PronTokAlign",422.7,423.01,"l-@=0.973"
"PronTokAlign",423.01,423.2,"t-R-O/=0.975"
"PronTokAlign",423.2,423.23,"l=0.93"
"PronTokAlign",423.23,423.79,"f-i-l-m-@=0.972"
"PronTokAlign",423.79,424.2,"s-A/"
"PronTokAlign",424.2,424.36,"s-A/=0.662"
"PronTokAlign",424.36,424.55,"p-A/-R"
"PronTokAlign",424.55,425.335,"s-y-R"
"PronTokAlign",425.335,425.92,"#=0.0"
"PronTokAlign",425.92,426.05,"s-y-R"
"PronTokAlign",426.05,426.13,"U~/=0.826"
"PronTokAlign",426.13,426.25,"Z-2"
"PronTokAlign",426.25,426.31,"t=0.674"
"PronTokAlign",426.31,427.15,"s-O/-s-j-e-t-e=0.516"
"PronTokAlign",427.15,427.51,"d-O~-k=0.949"
"PronTokAlign",427.51,428.465,"k-i=0.995"
"PronTokAlign",428.465,429.795,"#=0.0"
"PronTokAlign",429.795,430.125,"e=0.995"
"PronTokAlign",430.125,430.205,"O/"
"PronTokAlign",430.205,430.495,"f-i-n-A/-l"
"PronTokAlign",430.495,431.015,"l-E=0.529"
"PronTokAlign",431.015,431.765,"p-e-R-s-O/-n-A/-Z=0.564"
"PronTokAlign",431.765,431.855,"d-y=0.57"
"PronTokAlign",431.855,432.135,"f-i-l-m=0.767"
"PronTokAlign",432.135,432.255,"v-O~=0.798"
"PronTokAlign",432.255,432.355,"s=0.553"
"PronTokAlign",432.355,432.775,"R-2-t-R-u-v-e-R=0.735"
"PronTokAlign",432.775,432.905,"A/"
"PronTokAlign",432.905,432.965,"l"
"PronTokAlign",432.965,433.445,"U~/-t-E-R-j-9-R=0.78"
"PronTokAlign",433.445,433.485,"d=0.827"
"PronTokAlign",433.485,433.515,"d=0.711"
"PronTokAlign",433.515,433.905,"Z-2"
"PronTokAlign",433.905,434.185,"d-@=0.734"
"PronTokAlign",434.185,434.91,"s-O/-s-j-e-t-e=0.636"
"PronTokAlign",434.91,435.88,"#=0.0"
"PronTokAlign",435.88,436.09,"e=0.576"
"PronTokAlign",436.09,437.04,"fp"
"PronTokAlign",437.04,437.16,"E=0.587"
"PronTokAlign",437.16,437.33,"s-e"
"PronTokAlign",437.33,437.43,"U~/=0.623"
"PronTokAlign",437.43,437.56,"Z-2"
"PronTokAlign",437.56,437.62,"t=0.629"
"PronTokAlign",437.62,438.01,"s-O/-s-j-e-t-e=0.565"
"PronTokAlign",438.01,438.13,"k=0.425"
"PronTokAlign",438.13,438.21,"e=0.367"
"PronTokAlign",438.21,438.57,"t-R-u-v-e"
"PronTokAlign",438.57,438.7,"k=0.499"
"PronTokAlign",438.7,439.23,"e-t=0.761"
"PronTokAlign",439.23,439.51,"A/-s-e=0.603"
"PronTokAlign",439.51,439.79,"v-j-@=0.813"
"PronTokAlign",439.79,439.88,"d-a~=0.931"
"PronTokAlign",439.88,439.94,"d-a~=0.957"
"PronTokAlign",439.94,439.97,"l=0.896"
"PronTokAlign",439.97,440.32,"f-i-l-m=0.672"
"PronTokAlign",440.32,440.58,"d-O~-k=0.939"
"PronTokAlign",440.58,440.985,"fp"
"PronTokAlign",440.985,441.554769,"#=0.0"
"PronTokAlign",441.554769,441.704769,"d-O~=0.558"
"PronTokAlign",441.704769,442.184769,"O/"
"PronTokAlign",442.184769,442.4647690000001,"f-i-n-A/-l"
"PronTokAlign",442.4647690000001,442.674769,"m-E-m=0.594"
"PronTokAlign",442.674769,442.834769,"d-a~=0.906"
"PronTokAlign",442.834769,442.864769,"l=0.81"
"PronTokAlign",442.864769,443.194769,"f-i-l-m=0.784"
"PronTokAlign",443.194769,443.304769,"O~=0.8"
"PronTokAlign",443.304769,443.494769,"v-w-A/=0.801"
"PronTokAlign",443.494769,444.63,"l-@=0.999"
"PronTokAlign",444.63,445.04,"#=0.0"
"PronTokAlign",445.04,445.65,"s-e-2=0.992"
"PronTokAlign",445.65,446.14,"#=0.0"
"PronTokAlign",446.14,446.27,"s-@=0.526"
"PronTokAlign",446.27,446.47,"Z-2"
"PronTokAlign",446.47,446.6,"k=0.738"
"PronTokAlign",446.6,446.82,"p-A/-s=0.93"
"PronTokAlign",446.82,446.92,"d-@=0.459"
"PronTokAlign",446.92,448.07,"Z-E-n-E-R-A/-s-j-O~=0.702"
"PronTokAlign",448.07,448.19,"a~"
"PronTokAlign",448.19,448.785,"Z-E-n-E-R-A/-s-j-O~=0.664"
"PronTokAlign",448.785,449.515,"#=0.0"
"PronTokAlign",449.515,449.655,"e=0.686"
"PronTokAlign",449.655,450.055,"fp"
"PronTokAlign",450.055,450.285,"d-O~-k=0.895"
"PronTokAlign",450.285,450.325,"i=0.504"
"PronTokAlign",450.325,450.445,"v-O~=0.844"
"PronTokAlign",450.445,450.525,"s=0.924"
"PronTokAlign",450.525,450.875,"R-2-t-R-u-v-e=0.883"
"PronTokAlign",450.875,451.075,"d-a~=0.89"
"PronTokAlign",451.075,451.285,"s-@=0.61"
"PronTokAlign",451.285,451.595,"Z-2"
"PronTokAlign",451.595,451.955,"e=0.929"
"PronTokAlign",451.955,452.405,"fp"
"PronTokAlign",452.405,452.605,"E=0.523"
"PronTokAlign",452.605,452.795,"v-O~=0.736"
"PronTokAlign",452.795,453.315,"v-i-v-R=0.533"
"PronTokAlign",453.315,453.745,"f-O/-R-s-E-m-a~=0.523"
"PronTokAlign",453.745,454.315,"b-U~/=0.997"
"PronTokAlign",454.315,454.625,"d-e=0.793"
"PronTokAlign",454.625,454.735,"d-e=0.53"
"PronTokAlign",454.735,455.145,"s-y-p-E-R=0.655"
"PronTokAlign",455.145,455.78,"A/-v-a~-t-y-R=0.832"
"PronTokAlign",455.78,456.535,"#=0.0"
"PronTokAlign",456.535,456.75500000000005,"e=0.902"
"PronTokAlign",456.75500000000005,457.205,"fp"
"PronTokAlign",457.205,457.685,"d-e-z=0.614"
"PronTokAlign",457.685,457.815,"d-e=0.65"
"PronTokAlign",457.815,458.105,"d-R-O/-l=0.828"
"PronTokAlign",458.105,458.305,"e=0.594"
"PronTokAlign",458.305,458.415,"d-e=0.531"
"PronTokAlign",458.415,458.615,"m-w-U~/=0.887"
"PronTokAlign",458.615,458.845,"d-R-O/-l=0.649"
"PronTokAlign",458.845,459.1350000000001,"p-u-R"
"PronTokAlign",459.1350000000001,459.205,"@=0.761"
"PronTokAlign",459.205,459.59,"O/-s-i"
"PronTokAlign",459.59,460.385,"#=0.0"
"PronTokAlign",460.385,460.425,"m=0.486"
"PronTokAlign",460.425,461.725,"fp"
"PronTokAlign",461.725,461.765,"#"
"PronTokAlign",461.765,461.905,"e=0.86"
"PronTokAlign",461.905,462.145,"Z-@=0.985"
"PronTokAlign",462.145,462.305,"Z-@=0.46"
"PronTokAlign",462.305,462.855,"p-a~-s-@=0.981"
"PronTokAlign",462.855,463.125,"v-w-A/-l-A/=0.819"
"PronTokAlign",463.125,463.275,"s-@=0.67"
"PronTokAlign",463.275,463.495,"f-i-l-m=0.648"
"PronTokAlign",463.495,463.615,"m=0.743"
"PronTokAlign",463.615,463.845,"A/"
"PronTokAlign",463.845,463.975,"m=0.722"
"PronTokAlign",463.975,464.045,"A/"
"PronTokAlign",464.045,464.405,"b-O/-k-u-p=0.647"
"PronTokAlign",464.405,464.705,"p-l-y"
"PronTokAlign",464.705,464.765,"e=0.667"
"PronTokAlign",464.765,464.795,"S=0.393"
"PronTokAlign",464.795,464.905,"p-a~-s=0.681"
"PronTokAlign",464.905,465.015,"Z-@=0.436"
"PronTokAlign",465.015,465.285,"p-a~-s=0.965"
"PronTokAlign",465.285,465.325,"k"
"PronTokAlign",465.325,465.385,"i=0.704"
"PronTokAlign",465.385,465.705,"p-2-t=0.847"
"PronTokAlign",465.705,466.075,"t-u-S-e=0.784"
"PronTokAlign",466.075,466.69,"fp"
"PronTokAlign",466.69,467.255,"#=0.0"
"PronTokAlign",467.255,467.375,"U~/=0.562"
"PronTokAlign",467.375,467.595,"g-R-a~=0.546"
"PronTokAlign",467.595,467.815,"n-O~-b-R=0.691"
"PronTokAlign",467.815,467.945,"d-@=0.733"
"PronTokAlign",467.945,468.425,"p-E-R-s-O/-n=0.803"
"PronTokAlign",468.425,468.665,"d-O~-k=0.897"
"PronTokAlign",468.665,468.775,"fp"
"PronTokAlign",468.775,468.925,"m-w-A/"
"PronTokAlign",468.925,468.985,"Z=0.687"
"PronTokAlign",468.985,469.135,"E-m-R-E=0.51"
"PronTokAlign",469.135,469.725,"b-j-U~/-k-@"
"PronTokAlign",469.725,469.825,"k"
"PronTokAlign",469.825,469.925,"O~=0.612"
"PronTokAlign",469.925,469.955,"l=0.522"
"PronTokAlign",469.955,470.225,"m-E-t=0.697"
"PronTokAlign",470.225,470.715,"fp"
"PronTokAlign",470.715,470.825,"k"
"PronTokAlign",470.825,470.895,"O~=0.513"
"PronTokAlign",470.895,470.945,"l=0.412"
"PronTokAlign",470.945,471.205,"m-E-t=0.862"
"PronTokAlign",471.205,471.435,"a~"
"PronTokAlign",471.435,471.745,"t-E-t=0.642"
"PronTokAlign",471.745,472.285,"fp"
"PronTokAlign",472.285,472.505,"d-@=0.82"
"PronTokAlign",472.505,473.285,"f-E-s-t-i-v-A/-l"
"PronTokAlign",473.285,474.44,"#=0.0"
"PronTokAlign",474.44,475.97,"@-m"
"PronTokAlign",475.97,476.315,"#=0.0"
"PronTokAlign",476.315,477.165,"A/-p-R-e=0.392"
"PronTokAlign",477.165,477.895,"fp"
"PronTokAlign",477.895,477.925,"#"
"PronTokAlign",477.925,478.135,"b-E=0.614"
"PronTokAlign",478.135,478.695,"d-y-k-u"
"PronTokAlign",478.695,478.955,"Z-@=0.968"
"PronTokAlign",478.955,479.125,"w-E"
"PronTokAlign",479.125,479.285,"Z=0.56"
"PronTokAlign",479.285,479.315,"l=0.504"
"PronTokAlign",479.315,479.555,"t-R-u-v=0.871"
"PronTokAlign",479.555,479.975,"v-R-E-m-a~-t=0.601"
"PronTokAlign",479.975,480.685,"a~-b-l-E-m-A/-t-i-k=0.806"
"PronTokAlign",480.685,481.025,"p-A/-s-k-@=0.498"
"PronTokAlign",481.025,481.595,"fp"
"PronTokAlign",481.595,481.775,"b-U~/=0.598"
"PronTokAlign",481.775,481.865,"O~=0.538"
"PronTokAlign",481.865,481.995,"p-@=0.794"
"PronTokAlign",481.995,482.095,"s=0.831"
"PronTokAlign",482.095,482.585,"R-2-t-R-u-v-e=0.76"
"PronTokAlign",482.585,482.785,"O/-s-i"
"PronTokAlign",482.785,482.815,"fp"
"PronTokAlign",482.815,482.845,"A/"
"PronTokAlign",482.845,482.875,"l"
"PronTokAlign",482.875,484.305,"U~/-t-E-R-j-9-R=0.979"
"PronTokAlign",484.305,485.305,"fp"
"PronTokAlign",485.305,485.55,"#=0.0"
"PronTokAlign",485.55,485.7,"d-e=0.506"
"PronTokAlign",485.7,486.48,"p-E-R-s-O/-n-A/-Z=0.611"
"PronTokAlign",486.48,486.62,"p-s-k=0.476"
"PronTokAlign",486.62,486.65,"#"
"PronTokAlign",486.65,487.66,"s-e-2=0.998"
"PronTokAlign",487.66,488.15,"s-O~=0.81"
"PronTokAlign",488.15,488.26,"d-E=0.374"
"PronTokAlign",488.26,488.74,"p-E-R-s-O/-n-A/-Z=0.655"
"PronTokAlign",488.74,488.8,"k-a~=0.885"
"PronTokAlign",488.8,488.93,"m-E-m=0.655"
"PronTokAlign",488.93,488.98,"k=0.847"
"PronTokAlign",488.98,489.29,"s-O~=0.715"
"PronTokAlign",489.29,489.67,"R-E-E-l=0.542"
"PronTokAlign",489.67,489.98,"#=0.0"
"PronTokAlign",489.98,490.22,"A/-p-R-e=0.382"
"PronTokAlign",490.22,490.87,"m-A/-l-9-R-2-z-9-m-a~-t=0.602"
"PronTokAlign",490.87,490.985,"#=0.0"
"PronTokAlign",490.985,491.305,"b-U~/=0.822"
"PronTokAlign",491.305,491.985,"p-A/-R-e-g-z-a~-p-l-@=0.44"
"PronTokAlign",491.985,492.355,"Z-y-m-A/-n-Z-i=0.583"
"PronTokAlign",492.355,492.875,"s-e"
"PronTokAlign",492.875,492.955,"y-n=0.735"
"PronTokAlign",492.955,493.215,"i-s-t-w-A/-R=0.981"
"PronTokAlign",493.215,493.255,"k=0.96"
"PronTokAlign",493.255,493.315,"s=0.832"
"PronTokAlign",493.315,493.365,"n=0.896"
"PronTokAlign",493.365,493.545,"p-u-R-E=0.55"
"PronTokAlign",493.545,493.715,"p-A/=0.731"
"PronTokAlign",493.715,494.035,"n-u-z=0.757"
"PronTokAlign",494.035,494.315,"n-u-z=0.996"
"PronTokAlign",494.315,494.84,"A/-R-i-v-e-R=0.653"
"PronTokAlign",494.84,495.44,"#=0.0"
"PronTokAlign",495.44,495.58,"Z-@=0.615"
"PronTokAlign",495.58,495.87,"k-R-w-A/=0.752"
"PronTokAlign",495.87,496.21,"Z-y-s-k-A/"
"PronTokAlign",496.21,496.24,"l"
"PronTokAlign",496.24,496.38,"9-R=0.824"
"PronTokAlign",496.38,496.42,"d=0.524"
"PronTokAlign",496.42,496.76,"O/-Z-u-R-d-y-i"
"PronTokAlign",496.76,496.85,"O~=0.941"
"PronTokAlign",496.85,496.88,"n=0.968"
"PronTokAlign",496.88,496.98,"p-@=0.687"
"PronTokAlign",496.98,497.1,"p-A/=0.967"
"PronTokAlign",497.1,497.38,"R-a~-t-R-e=0.771"
"PronTokAlign",497.38,497.54,"d-a~=0.815"
"PronTokAlign",497.54,497.87,"l-e=0.516"
"PronTokAlign",497.87,498.0,"Z-@=0.919"
"PronTokAlign",498.0,498.06,"t=0.709"
"PronTokAlign",498.06,498.6,"s-O/-s-j-e-t-e=0.579"
"PronTokAlign",498.6,499.24,"#"
"PronTokAlign",499.24,499.66,"m-E=0.466"
"PronTokAlign",499.66,500.66,"fp"
"PronTokAlign",500.66,500.79,"m-e=0.428"
"PronTokAlign",500.79,501.03,"d-y-k-u"
"PronTokAlign",501.03,501.14,"O~-n=0.502"
"PronTokAlign",501.14,501.25,"p-@=0.649"
"PronTokAlign",501.25,501.61,"v-R-E-m-a~=0.704"
"PronTokAlign",501.61,501.85,"s-@=0.997"
"PronTokAlign",501.85,501.99,"s=0.778"
"PronTokAlign",501.99,502.81,"p-R-O/-Z-2-t-e-R=0.654"
"PronTokAlign",502.81,503.06,"e=0.965"
"PronTokAlign",503.06,503.975,"fp"
"PronTokAlign",503.975,504.15,"#=0.0"
"PronTokAlign",504.15,504.25,"e=0.859"
"PronTokAlign",504.25,504.4,"s-e"
"PronTokAlign",504.4,504.95,"n-O/-t-R-@=0.968"
"PronTokAlign",504.95,505.61,"i-m-A/-Z-i-n-A/-s-j-O~"
"PronTokAlign",505.61,505.73,"k=0.519"
"PronTokAlign",505.73,505.82,"e=0.484"
"PronTokAlign",505.82,506.25,"v-R-E-m-a~=0.46"
"PronTokAlign",506.25,506.52,"fp"
"PronTokAlign",506.52,506.81,"m-i-z=0.8"
"PronTokAlign",506.81,506.98,"a~"
"PronTokAlign",506.98,507.19,"Z-2"
"PronTokAlign",507.19,507.64,"l-A/-d-2-d-a~"
"PronTokAlign",507.64,508.475,"#=0.0"
"PronTokAlign",508.475,508.655,"e=0.992"
"PronTokAlign",508.655,509.64,"fp"
"PronTokAlign",509.64,509.745,"#=0.0"
"PronTokAlign",509.745,509.915,"e=0.952"
"PronTokAlign",509.915,510.035,"k=0.607"
"PronTokAlign",510.035,510.245,"Z-@=0.772"
"PronTokAlign",510.245,510.615,"p-a~-s=0.67"
"PronTokAlign",510.615,510.905,"fp"
"PronTokAlign",510.905,511.185,"p-l-E=0.778"
"PronTokAlign",511.185,511.465,"O/-s-i"
"PronTokAlign",511.465,512.075,"A/"
"PronTokAlign",512.075,512.215,"#"
"PronTokAlign",512.215,512.375,"U~/-n=0.511"
"PronTokAlign",512.375,512.615,"g-R-a~=0.664"
"PronTokAlign",512.615,512.975,"n-O~-b-R=0.634"
"PronTokAlign",512.975,513.665,"fp"
"PronTokAlign",513.665,514.339032,"#=0.0"
"PronTokAlign",514.339032,514.4990319999999,"d-@=0.85"
"PronTokAlign",514.4990319999999,515.2490319999999,"p-E-R-s-O/-n=0.788"
"PronTokAlign",515.2490319999999,515.349032,"k=0.588"
"PronTokAlign",515.349032,515.449032,"k-j=0.45"
"PronTokAlign",515.449032,515.599032,"v-O~=0.718"
"PronTokAlign",515.599032,515.799032,"v-w-A/-R"
"PronTokAlign",515.799032,516.239032,"s-e-2=0.99"
"PronTokAlign",516.239032,516.429032,"s-@=0.577"
"PronTokAlign",516.429032,516.589032,"Z-a~-R=0.883"
"PronTokAlign",516.589032,516.669032,"d-@=0.506"
"PronTokAlign",516.669032,516.99,"f-i-l-m-@=0.764"
"PronTokAlign",516.99,518.215,"#=0.0"
"PronTokAlign",518.215,519.325,"fp"
"PronTokAlign",519.325,519.5550000000001,"#"
"PronTokAlign",519.5550000000001,519.955,"d-y-k-u"
"PronTokAlign",519.955,520.075,"u-i=0.508"
"PronTokAlign",520.075,520.775,"s-i"
"PronTokAlign",520.775,521.655,"#=0.0"
"PronTokAlign",521.655,521.795,"s-i=0.624"
"PronTokAlign",521.795,521.9549999999999,"s-A/=0.899"
"PronTokAlign",521.9549999999999,522.035,"v-u=0.772"
"PronTokAlign",522.035,522.305,"d-i-R-E=0.859"
"PronTokAlign",522.305,522.5649999999999,"d-@=0.989"
"PronTokAlign",522.5649999999999,522.7049999999999,"d-@=0.713"
"PronTokAlign",522.7049999999999,523.105,"m-E-t-R-@=0.97"
"PronTokAlign",523.105,523.265,"s=0.508"
"PronTokAlign",523.265,523.625,"f-i-l-m=0.757"
"PronTokAlign",523.625,523.905,"a~"
"PronTokAlign",523.905,523.9549999999999,"a~"
"PronTokAlign",523.9549999999999,524.015,"a~"
"PronTokAlign",524.015,524.185,"t-E-t=0.76"
"PronTokAlign",524.185,524.255,"d=0.652"
"PronTokAlign",524.255,524.675,"A/-f-i-S=0.734"
"PronTokAlign",524.675,524.855,"fp"
"PronTokAlign",524.855,525.0849999999999,"m-w-A/"
"PronTokAlign",525.0849999999999,525.245,"s-A/=0.82"
"PronTokAlign",525.245,525.3249999999999,"m=0.744"
"PronTokAlign",525.3249999999999,525.81,"fp"
"PronTokAlign",525.81,526.765,"#=0.0"
"PronTokAlign",526.765,526.855,"s-A/=0.631"
"PronTokAlign",526.855,526.885,"m=0.711"
"PronTokAlign",526.885,527.135,"d-i-R-E=0.861"
"PronTokAlign",527.135,527.385,"b-j-U~/=0.527"
"PronTokAlign",527.385,678.04,"#=0.0"
"PronTokAlign",678.04,678.29,"n-a~=0.601"
"PronTokAlign",678.29,678.4399999999999,"m-w-A/"
"PronTokAlign",678.4399999999999,678.51,"Z=0.722"
"PronTokAlign",678.51,678.5999999999999,"a~"
"PronTokAlign",678.5999999999999,678.68,"E=0.783"
"PronTokAlign",678.68,678.91,"Z-A/-m-E=0.574"
"PronTokAlign",678.91,679.13,"l-y"
"PronTokAlign",679.13,679.4499999999999,"m-e=0.621"
"PronTokAlign",679.4499999999999,679.5699999999999,"Z-@=0.632"
"PronTokAlign",679.5699999999999,679.7199999999999,"s-e=0.392"
"PronTokAlign",679.7199999999999,680.27,"k-@=0.999"
"PronTokAlign",680.27,680.3,"#"
"PronTokAlign",680.3,680.56,"b-E=0.613"
"PronTokAlign",680.56,680.7199999999999,"k-a~=0.82"
"PronTokAlign",680.7199999999999,680.79,"Z=0.662"
"PronTokAlign",680.79,680.9399999999999,"t-E=0.644"
"PronTokAlign",680.9399999999999,681.06,"a~"
"PronTokAlign",681.06,681.52,"p-R-i-m-E-R=0.841"
"PronTokAlign",681.52,681.63,"O~-n=0.775"
"PronTokAlign",681.63,682.25,"A/-v-E=0.835"
"PronTokAlign",682.25,682.49,"d-y-k-u"
"PronTokAlign",682.49,682.92,"U~/-n=0.689"
"PronTokAlign",682.92,683.0899999999999,"p-t-i=0.612"
"PronTokAlign",683.0899999999999,683.81,"s-e-d-e-i"
"PronTokAlign",683.81,683.8399999999999,"e=0.693"
"PronTokAlign",683.8399999999999,683.89,"j=0.69"
"PronTokAlign",683.89,684.0799999999999,"A/-v-e=0.592"
"PronTokAlign",684.0799999999999,684.25,"y-n=0.563"
"PronTokAlign",684.25,684.5699999999999,"g-R-a~-d=0.668"
"PronTokAlign",684.5699999999999,684.9,"e-t-A/-Z-E-R=0.702"
"PronTokAlign",684.9,685.0799999999999,"A/-v-E-k"
"PronTokAlign",685.0799999999999,685.3,"b-O/-k-u=0.884"
"PronTokAlign",685.3,685.3299999999999,"d=0.578"
"PronTokAlign",685.3299999999999,685.51,"S-E-R=0.945"
"PronTokAlign",685.51,685.61,"d-@=0.71"
"PronTokAlign",685.61,685.8499999999999,"p-u-l=0.587"
"PronTokAlign",685.8499999999999,686.17,"m-e=0.437"
"PronTokAlign",686.17,686.27,"m-E=0.321"
"PronTokAlign",686.27,686.3299999999999,"Z=0.631"
"PronTokAlign",686.3299999999999,686.4599999999999,"A/-v-E=0.499"
"PronTokAlign",686.4599999999999,686.66,"t-R-E=0.548"
"PronTokAlign",686.66,686.93,"p-9-R"
"PronTokAlign",686.93,687.05,"d-@=0.491"
"PronTokAlign",687.05,687.1899999999999,"l-e=0.417"
"PronTokAlign",687.1899999999999,688.03,"l-i-R-@=0.861"
"PronTokAlign",688.03,689.01,"d-O~-k=0.972"
"PronTokAlign",689.01,689.15,"fp"
"PronTokAlign",689.15,689.365,"laugh"
"PronTokAlign",689.365,691.170029,"laugh=0.0"
"PronTokAlign",691.170029,736.725,"#=0.0"
"PronTokAlign",736.725,737.155,"u-i=0.833"
"PronTokAlign",737.155,737.5550000000001,"d-y-k-u"
"PronTokAlign",737.5550000000001,737.9350000000001,"k-E-l"
"PronTokAlign",737.9350000000001,739.045,"fp"
"PronTokAlign",739.045,740.495,"#=0.0"
"PronTokAlign",740.495,741.44,"laugh=0.0"
"PronTokAlign",741.44,743.255,"#=0.0"
"PronTokAlign",743.255,743.515,"k-E-l"
"PronTokAlign",743.515,744.33,"fp"
"PronTokAlign",744.33,744.72,"#=0.0"
"PronTokAlign",744.72,744.88,"k-E-l"
"PronTokAlign",744.88,745.14,"Z-a~-R=0.806"
"PronTokAlign",745.14,745.26,"O~-n=0.521"
"PronTokAlign",745.26,745.45,"p-u-R-E=0.518"
"PronTokAlign",745.45,745.74,"m-E-t-R=0.752"
"PronTokAlign",745.74,745.8000000000001,"a~"
"PronTokAlign",745.8000000000001,746.3100000000001,"A/-v-a~-k"
"PronTokAlign",746.3100000000001,747.205,"e-s-2-k-2=0.999"
"PronTokAlign",747.205,748.28,"#=0.0"
"PronTokAlign",748.28,748.35,"k"
"PronTokAlign",748.35,748.55,"s-k-@=0.351"
"PronTokAlign",748.55,748.76,"v-u=0.774"
"PronTokAlign",748.76,748.87,"v-u-z=0.584"
"PronTokAlign",748.87,749.03,"A/-v-e=0.871"
"PronTokAlign",749.03,749.3199999999999,"p-a~-s-e"
"PronTokAlign",749.3199999999999,749.35,"d=0.46"
"PronTokAlign",749.35,749.49,"t-u=0.749"
"PronTokAlign",749.49,749.805,"s-A/=0.989"
"PronTokAlign",749.805,756.51379,"#=0.0"
"PronTokAlign",756.51379,758.635084,"laugh=0.0"
"PronTokAlign",758.635084,773.74,"#=0.0"
"PronTokAlign",773.74,773.87,"s-e"
"PronTokAlign",773.87,774.1,"v-R-E=0.567"
"PronTokAlign",774.1,775.24,"#=0.0"
"PronTokAlign",775.24,775.58,"w-E"
"PronTokAlign",775.58,775.99,"m-w-A/"
"PronTokAlign",775.99,776.07,"Z=0.757"
"PronTokAlign",776.07,776.34,"E=0.994"
"PronTokAlign",776.34,776.37,"l"
"PronTokAlign",776.37,776.79,"A/-v-a~-t-y-R=0.687"
"PronTokAlign",776.79,776.94,"u"
"PronTokAlign",776.94,777.07,"l-E=0.359"
"PronTokAlign",777.07,777.49,"s-y-p-E-R=0.926"
"PronTokAlign",777.49,777.7,"e-R-O/=0.602"
"PronTokAlign",777.7,777.89,"O/-s-i"
"PronTokAlign",777.89,778.04,"s-A/=0.825"
"PronTokAlign",778.04,778.79,"t-u-S-@"
"PronTokAlign",778.79,779.21,"p-A/-m-A/-l-d=0.71"
"PronTokAlign",779.21,779.53,"m-O~-d=0.767"
"PronTokAlign",779.53,779.87,"e=0.965"
"PronTokAlign",779.87,779.99,"s=0.603"
"PronTokAlign",779.99,780.45,"U~/-t-E-R-E-s=0.661"
"PronTokAlign",780.45,780.57,"b-O/-k-u=0.99"
"PronTokAlign",780.57,780.6,"d=0.505"
"PronTokAlign",780.6,780.69,"m-O~-d=0.974"
"PronTokAlign",780.69,780.87,"b-O/-k-u=0.737"
"PronTokAlign",780.87,780.92,"d=0.5"
"PronTokAlign",780.92,781.1,"m-O~-d=0.768"
"PronTokAlign",781.1,781.27,"b-E=0.429"
"PronTokAlign",781.27,781.69,"n-O/-t-A/-m-a~=0.813"
"PronTokAlign",781.69,782.08,"m-A/-R-v-E-l=0.612"
"PronTokAlign",782.08,782.51,"d-y-k-u"
"PronTokAlign",782.51,782.73,"e=0.783"
"PronTokAlign",782.73,782.905,"A/-v-E-k"
"PronTokAlign",782.905,783.0,"#=0.0"
"PronTokAlign",783.0,783.3,"s-p-i-d-2-R=0.707"
"PronTokAlign",783.3,783.53,"m-A/-n=0.981"
"PronTokAlign",783.53,783.7,"w-E"
"PronTokAlign",783.7,784.05,"s-e=0.489"
"PronTokAlign",784.05,784.22,"s-e=0.395"
"PronTokAlign",784.22,784.54,"d-E-R-n-j-e=0.847"
"PronTokAlign",784.54,784.79,"t-a~=0.854"
"PronTokAlign",784.79,785.425,"s-A/"
"PronTokAlign",785.425,786.48,"#=0.0"
"PronTokAlign",786.48,786.5600000000001,"p-@=0.688"
"PronTokAlign",786.5600000000001,786.69,"f-E-R=0.949"
"PronTokAlign",786.69,786.975,"f-y-R-9-R"
"PronTokAlign",786.975,787.48,"#=0.0"
"PronTokAlign",787.48,787.93,"laugh=0.0"
"PronTokAlign",787.93,788.94,"#=0.0"
"PronTokAlign",788.94,789.1700000000001,"A/"
"PronTokAlign",789.1700000000001,789.77,"laugh"
"PronTokAlign",789.77,790.61,"#=0.0"
"PronTokAlign",790.61,791.72,"laugh=0.0"
"PronTokAlign",791.72,792.495,"#=0.0"
"PronTokAlign",792.495,793.395,"laugh"
"PronTokAlign",793.395,793.555,"w-i=0.655"
"PronTokAlign",793.555,793.705,"s-e"
"PronTokAlign",793.705,793.845,"v-R-e=0.573"
"PronTokAlign",793.845,793.995,"k-@=0.785"
"PronTokAlign",793.995,794.265,"t-O/-m"
"PronTokAlign",794.265,794.615,"O/-l-a~-d"
"PronTokAlign",794.615,794.785,"s-A/=0.664"
"PronTokAlign",794.785,794.955,"O/-R-E=0.424"
"PronTokAlign",794.955,795.095,"p-y"
"PronTokAlign",795.095,795.415,"m-E-t-R=0.784"
"PronTokAlign",795.415,795.585,"t-u-l=0.483"
"PronTokAlign",795.585,795.765,"m-O~-d=0.855"
"PronTokAlign",795.765,796.125,"d-A/-k-O/-R"
"PronTokAlign",796.125,798.605,"#=0.0"
"PronTokAlign",798.605,798.705,"s-e"
"PronTokAlign",798.705,798.955,"v-R-E=0.532"
"PronTokAlign",798.955,804.94,"#=0.0"
"PronTokAlign",804.94,805.1700000000001,"s-e"
"PronTokAlign",805.1700000000001,805.45,"v-R-E=0.838"
"PronTokAlign",805.45,805.56,"#=0.0"
"PronTokAlign",805.56,806.505,"s-e"
"PronTokAlign",806.505,806.93,"#=0.0"
"PronTokAlign",806.93,807.04,"t-R-E=0.483"
"PronTokAlign",807.04,807.2299999999999,"b-O/-n=0.634"
"PronTokAlign",807.2299999999999,807.5,"i-d-e"
"PronTokAlign",807.5,807.66,"w-E"
"PronTokAlign",807.66,810.795,"#=0.0"
"PronTokAlign",810.795,810.875,"b-E=0.618"
"PronTokAlign",810.875,811.2249999999999,"e-k-u-t-e=0.43"
"PronTokAlign",811.2249999999999,811.665,"m-w-A/"
"PronTokAlign",811.665,812.784649,"#=0.0"
"PronTokAlign",812.784649,813.317274,"laugh=0.0"
"PronTokAlign",813.317274,814.355,"#=0.0"
"PronTokAlign",814.355,814.525,"s-e=0.33"
"PronTokAlign",814.525,814.99,"p-A/=0.671"
"PronTokAlign",814.99,818.3,"#=0.0"
"PronTokAlign",818.3,819.774337,"laugh=0.0"
"PronTokAlign",819.774337,820.23,"#=0.0"
"PronTokAlign",820.23,820.6800000000001,"n-a~=0.622"
"PronTokAlign",820.6800000000001,820.9,"s-A/=0.983"
"PronTokAlign",820.9,821.08,"s-A/=0.96"
"PronTokAlign",821.08,821.33,"p-u-v-E=0.377"
"PronTokAlign",821.33,821.53,"E-t-R=0.464"
"PronTokAlign",821.53,821.9300000000001,"U~/=0.538"
"PronTokAlign",821.9300000000001,822.07,"b-O/=0.453"
"PronTokAlign",822.07,822.37,"s-y-Z-E=0.676"
"PronTokAlign",822.37,822.41,"m=0.514"
"PronTokAlign",822.41,822.58,"i=0.578"
"PronTokAlign",822.58,822.75,"p-@=0.662"
"PronTokAlign",822.75,823.02,"t-u-S-e=0.704"
"PronTokAlign",823.02,823.0500000000001,"Z=0.902"
"PronTokAlign",823.0500000000001,823.08,"e=0.535"
"PronTokAlign",823.08,823.22,"m-w-U~/=0.656"
"PronTokAlign",823.22,823.29,"d=0.511"
"PronTokAlign",823.29,824.0500000000001,"m-O~-d-@=0.997"
"PronTokAlign",824.0500000000001,824.49,"s-e"
"PronTokAlign",824.49,828.225,"#=0.0"
"PronTokAlign",828.225,828.535,"b-O/=0.511"
"PronTokAlign",828.535,828.715,"m-E=0.516"
"PronTokAlign",828.715,829.065,"p-A/-R-t-O~=0.836"
"PronTokAlign",829.065,829.255,"s-y-R"
"PronTokAlign",829.255,829.715,"A/-v-a~-t-y-R=0.738"
"PronTokAlign",829.715,830.015,"A/-l-O/-R=0.636"
"PronTokAlign",830.015,830.145,"s-e"
"PronTokAlign",830.145,830.275,"v-R-E=0.543"
"PronTokAlign",830.275,830.475,"k-@=0.977"
"PronTokAlign",830.475,830.905,"Z-y-m-A/-n-Z-i=0.621"
"PronTokAlign",830.905,831.0550000000001,"w-E"
"PronTokAlign",831.0550000000001,831.355,"p-2-t=0.548"
"PronTokAlign",831.355,831.605,"t-u-S-e=0.835"
"PronTokAlign",831.605,832.035,"p-A/-m-A/-l-d=0.739"
"PronTokAlign",832.035,832.535,"Z-E-n-E-R-A/-s-j-O~=0.51"
"PronTokAlign",832.535,832.615,"E=0.842"
"PronTokAlign",832.615,832.895,"s-e"
"PronTokAlign",832.895,832.965,"y-n=0.894"
"PronTokAlign",832.965,833.105,"t-R-E=0.601"
"PronTokAlign",833.105,833.285,"b-O/-n=0.698"
"PronTokAlign",833.285,833.505,"i-d-e"
"PronTokAlign",833.505,833.975,"d-@=0.985"
"PronTokAlign",833.975,834.015,"#"
"PronTokAlign",834.015,834.1750000000001,"d-@=0.48"
"PronTokAlign",834.1750000000001,834.205,"l=0.581"
"PronTokAlign",834.205,834.4150000000001,"m-E-t-R=0.829"
"PronTokAlign",834.4150000000001,834.455,"a~"
"PronTokAlign",834.455,834.9350000000001,"A/-k-t-i-v-i-t-e"
"PronTokAlign",834.9350000000001,835.015,"A/"
"PronTokAlign",835.015,835.285,"k-O/-t-e"
"PronTokAlign",835.285,835.385,"a~"
"PronTokAlign",835.385,835.635,"p-l-y-z=0.443"
"PronTokAlign",835.635,835.71,"#=0.0"
"PronTokAlign",835.71,836.205,"d-@=0.769"
"PronTokAlign",836.205,837.16,"#=0.0"
"PronTokAlign",837.16,837.73,"s-i=0.916"
"PronTokAlign",837.73,837.91,"s-i=0.539"
"PronTokAlign",837.91,838.29,"s-E-R-t-U~/=0.787"
"PronTokAlign",838.29,838.93,"v-9-l=0.677"
"PronTokAlign",838.93,839.575,"#=0.0"
"PronTokAlign",839.575,839.945,"t-a~-t-e=0.83"
"PronTokAlign",839.945,840.225,"d-@=0.98"
"PronTokAlign",840.225,840.345,"d-@=0.492"
"PronTokAlign",840.345,840.6550000000001,"R-a~-t-R-e=0.876"
"PronTokAlign",840.6550000000001,840.8050000000001,"d-a~=0.921"
"PronTokAlign",840.8050000000001,841.125,"s-e-2=0.808"
"PronTokAlign",841.125,841.315,"d-a~=0.909"
"PronTokAlign",841.315,841.495,"s-@=0.639"
"PronTokAlign",841.495,841.73,"Z-2"
"PronTokAlign",841.73,841.925,"#=0.0"
"PronTokAlign",841.925,842.29,"laugh=0.0"
"PronTokAlign",842.29,855.83,"#=0.0"
"PronTokAlign",855.83,856.44,"A/-v-a~-t-y-R-@=0.542"
"PronTokAlign",856.44,856.685,"w-E"
"PronTokAlign",856.685,863.715,"#=0.0"
"PronTokAlign",863.715,864.465,"p-2-t-E-t-R-2=0.847"
"PronTokAlign",864.465,864.6750000000001,"Z-@=0.63"
"PronTokAlign",864.6750000000001,865.305,"fp"
"PronTokAlign",865.305,865.7,"#=0.0"
"PronTokAlign",865.7,865.84,"s-y-i=0.784"
"PronTokAlign",865.84,866.12,"p-A/=0.948"
"PronTokAlign",866.12,866.4100000000001,"O/-k-u-R-a~"
"PronTokAlign",866.4100000000001,866.51,"m-E=0.553"
"PronTokAlign",866.51,866.7800000000001,"s-e"
"PronTokAlign",866.7800000000001,866.96,"s-e"
"PronTokAlign",866.96,867.1700000000001,"f-O/-R=0.711"
"PronTokAlign",867.1700000000001,867.9000000000001,"p-O/-s-i-b-l-@=0.863"
"PronTokAlign",867.9000000000001,867.965,"w-E"
"PronTokAlign",867.965,875.72,"#=0.0"
"PronTokAlign",875.72,875.95,"w-i=0.69"
"PronTokAlign",875.95,876.27,"s-e"
"PronTokAlign",876.27,876.895,"#=0.0"
"PronTokAlign",876.895,877.155,"w-i=0.814"
"PronTokAlign",877.155,877.645,"p-O/-s-i-b-l=0.681"
"PronTokAlign",877.645,877.765,"w-E"
"PronTokAlign",877.765,877.915,"s-e"
"PronTokAlign",877.915,878.105,"v-R-E=0.518"
"PronTokAlign",878.105,880.96,"#=0.0"
"PronTokAlign",880.96,881.19,"s-e"
"PronTokAlign",881.19,881.535,"v-R-E=0.953"
"PronTokAlign",881.535,881.765,"#=0.0"
"PronTokAlign",881.765,881.925,"w-E"
"PronTokAlign",881.925,881.975,"E=0.551"
"PronTokAlign",881.975,882.225,"k-i=0.856"
"PronTokAlign",882.225,882.515,"s"
"PronTokAlign",882.515,883.355,"A/-d-A/-p-t-@"
"PronTokAlign",883.355,883.655,"d-a~=0.794"
"PronTokAlign",883.655,883.685,"l=0.402"
"PronTokAlign",883.685,884.0649999999999,"t-a~=0.86"
"PronTokAlign",884.0649999999999,884.355,"E=0.863"
"PronTokAlign",884.355,884.5649999999999,"a~"
"PronTokAlign",884.5649999999999,884.915,"f-O~-k-s-j-O~"
"PronTokAlign",884.915,885.365,"d-e=0.78"
"PronTokAlign",885.365,885.475,"d-e=0.454"
"PronTokAlign",885.475,885.745,"n-u-v-E-l=0.777"
"PronTokAlign",885.745,886.015,"S-O/-z"
"PronTokAlign",886.015,886.095,"k"
"PronTokAlign",886.095,886.135,"O~=0.741"
"PronTokAlign",886.135,886.245,"v-A/"
"PronTokAlign",886.245,886.3249999999999,"i=0.549"
"PronTokAlign",886.3249999999999,886.5749999999999,"f-E-R=0.692"
"PronTokAlign",886.5749999999999,886.885,"d-O~-k=0.929"
"PronTokAlign",886.885,887.095,"fp"
"PronTokAlign",887.095,887.255,"w-E"
"PronTokAlign",887.255,887.285,"i=0.733"
"PronTokAlign",887.285,887.685,"e=0.643"
"PronTokAlign",887.685,887.72,"i=0.622"
"PronTokAlign",887.72,888.0,"#=0.0"
"PronTokAlign",888.0,888.14,"i-l=0.548"
"PronTokAlign",888.14,888.19,"A/"
"PronTokAlign",888.19,888.39,"p-y"
"PronTokAlign",888.39,888.74,"A/-v-w-A/-R"
"PronTokAlign",888.74,888.77,"U~/=0.724"
"PronTokAlign",888.77,889.32,"U~/-p-A/-k-t"
"PronTokAlign",889.32,889.83,"m-E=0.621"
"PronTokAlign",889.83,889.91,"m=0.349"
"PronTokAlign",889.91,889.94,"Z=0.376"
"PronTokAlign",889.94,890.18,"d-i-R-E=0.633"
"PronTokAlign",890.18,890.27,"k"
"PronTokAlign",890.27,890.34,"i=0.578"
"PronTokAlign",890.34,890.53,"e-t=0.412"
"PronTokAlign",890.53,890.73,"#"
"PronTokAlign",890.73,891.0,"p-l-y-t-O/=0.783"
"PronTokAlign",891.0,891.58,"p-O/-z-i-t-i-f"
"PronTokAlign",891.58,891.93,"A/-p-R-e=0.467"
"PronTokAlign",891.93,892.58,"fp"
"PronTokAlign",892.58,892.64,"i=0.485"
"PronTokAlign",892.64,892.68,"a~"
"PronTokAlign",892.68,892.77,"A/"
"PronTokAlign",892.77,892.85,"k=0.887"
"PronTokAlign",892.85,893.2,"s-O~=0.699"
"PronTokAlign",893.2,893.33,"p-A/=0.896"
"PronTokAlign",893.33,893.58,"d-A/-k-O/-R"
"PronTokAlign",893.58,893.78,"A/-v-E-k"
"PronTokAlign",893.78,894.01,"s-A/=0.997"
"PronTokAlign",894.01,894.37,"m-E=0.453"
"PronTokAlign",894.37,894.815,"fp"
"PronTokAlign",894.815,895.215,"#=0.0"
"PronTokAlign",895.215,895.69,"laugh=0.0"
"PronTokAlign",895.69,907.89,"#=0.0"
"PronTokAlign",907.89,908.13,"w-i=0.71"
"PronTokAlign",908.13,908.4,"v-w-A/-l-A/=0.938"
"PronTokAlign",908.4,908.54,"s-e"
"PronTokAlign",908.54,908.76,"s-A/=0.997"
"PronTokAlign",908.76,908.92,"e=0.774"
"PronTokAlign",908.92,909.19,"d-y-k-u"
"PronTokAlign",909.19,909.33,"s-A/=0.942"
"PronTokAlign",909.33,909.5,"p-@=0.817"
"PronTokAlign",909.5,909.7,"O/-s-i"
"PronTokAlign",909.7,910.02,"t-u-S-e=0.762"
"PronTokAlign",910.02,910.33,"p-l-y-z-j-9-R=0.816"
"PronTokAlign",910.33,910.97,"Z-e-n-e-R-A/-s-j-O~=0.386"
"PronTokAlign",910.97,911.14,"j=0.735"
"PronTokAlign",911.14,911.19,"a~"
"PronTokAlign",911.19,911.28,"A/"
"PronTokAlign",911.28,911.42,"k-i=0.433"
"PronTokAlign",911.42,911.55,"v-O~=0.829"
"PronTokAlign",911.55,911.8,"v-n-i-R=0.654"
"PronTokAlign",911.8,911.88,"l=0.442"
"PronTokAlign",911.88,912.42,"v-w-A/-R"
"PronTokAlign",912.42,912.68,"Z-y-s-t=0.548"
"PronTokAlign",912.68,913.01,"p-A/-R-s-k=0.603"
"PronTokAlign",913.01,913.34,"i=0.752"
"PronTokAlign",913.34,913.9,"s-R-A/=0.877"
"PronTokAlign",913.9,914.12,"#"
"PronTokAlign",914.12,914.89,"p-A/-R-A/-p-O/-R-A/"
"PronTokAlign",914.89,915.38,"s-e-z=0.634"
"PronTokAlign",915.38,915.56,"s-e=0.38"
"PronTokAlign",915.56,915.85,"n-u-v-E-l=0.714"
"PronTokAlign",915.85,916.5,"t-E-k-n-O/-l-O/-Z-i=0.629"
"PronTokAlign",916.5,916.58,"l-A/"
"PronTokAlign",916.58,916.61,"j=0.586"
"PronTokAlign",916.61,916.64,"a~"
"PronTokAlign",916.64,916.76,"A/"
"PronTokAlign",916.76,916.81,"k=0.565"
"PronTokAlign",916.81,916.9,"s-R-O~=0.816"
"PronTokAlign",916.9,917.35,"p-l-y=0.509"
"PronTokAlign",917.35,917.61,"s-e"
"PronTokAlign",917.61,917.9,"p-l-y=0.638"
"PronTokAlign",917.9,918.47,"R-E-t-i-s-a~=0.829"
"PronTokAlign",918.47,918.86,"m-E=0.585"
"PronTokAlign",918.86,919.345,"fp"
"PronTokAlign",919.345,920.27,"#=0.0"
"PronTokAlign",920.27,920.36,"m-e=0.29"
"PronTokAlign",920.36,920.6,"s-A/=0.998"
"PronTokAlign",920.6,920.74,"s-A/=0.58"
"PronTokAlign",920.74,920.9,"p-@=0.56"
"PronTokAlign",920.9,921.25,"t-u-S-e=0.733"
"PronTokAlign",921.25,921.45,"O/-s-i"
"PronTokAlign",921.45,921.72,"d-@=0.986"
"PronTokAlign",921.72,921.85,"d-@=0.581"
"PronTokAlign",921.85,922.09,"n-u-v-E-l=0.924"
"PronTokAlign",922.09,922.44,"p-E-R-s-O/-n=0.852"
"PronTokAlign",922.44,922.48,"k=0.916"
"PronTokAlign",922.48,922.68,"s-R-E=0.876"
"PronTokAlign",922.68,922.87,"p-A/=0.798"
"PronTokAlign",922.87,923.54,"f-O/-R-s-E-m-a~=0.504"
"PronTokAlign",923.54,923.8,"fp"
"PronTokAlign",923.8,924.12,"v-2-n-y=0.702"
"PronTokAlign",924.12,924.42,"v-w-A/-R"
"PronTokAlign",924.42,924.99,"fp"
"PronTokAlign",924.99,925.13,"#"
"PronTokAlign",925.13,925.28,"U~/=0.66"
"PronTokAlign",925.28,925.52,"f-i-l-m=0.523"
"PronTokAlign",925.52,925.59,"d=0.722"
"PronTokAlign",925.59,926.166357,"A/-v-a~-t-y-R=0.792"
"PronTokAlign",926.166357,945.63,"#=0.0"
"PronTokAlign",945.63,945.79,"s-e"
"PronTokAlign",945.79,945.936563,"v-R-E=0.692"
"PronTokAlign",945.936563,951.114889,"#=0.0"
"PronTokAlign",951.114889,951.746681,"laugh=0.0"
"PronTokAlign",951.746681,960.84,"#=0.0"
"PronTokAlign",960.84,960.97,"s-e"
"PronTokAlign",960.97,961.13,"v-R-E=0.718"
"PronTokAlign",961.13,961.27,"s-e"
"PronTokAlign",961.27,961.875,"t-E-R-i-b-l-@=0.72"
"PronTokAlign",961.875,963.76,"#=0.0"
"PronTokAlign",963.76,963.89,"s-e"
"PronTokAlign",963.89,964.26,"t-E-R-i-b-l=0.64"
"PronTokAlign",964.26,964.39,"m-E=0.364"
"PronTokAlign",964.39,964.6,"s-A/=0.924"
"PronTokAlign",964.6,964.78,"p-@=0.679"
"PronTokAlign",964.78,965.05,"d-y-R-e=0.699"
"PronTokAlign",965.05,965.31,"p-l-y=0.606"
"PronTokAlign",965.31,965.64,"l-O~-t-a~"
"PronTokAlign",965.64,965.83,"a~"
"PronTokAlign",965.83,966.21,"s-E-R-i=0.578"
"PronTokAlign",966.21,966.53,"d-O~-k=0.878"
"PronTokAlign",966.53,967.19,"fp"
"PronTokAlign",967.19,967.585,"#=0.0"
"PronTokAlign",967.585,967.71,"noise=0.0"
"PronTokAlign",967.71,968.405,"#=0.0"
"PronTokAlign",968.405,968.445,"Z=0.544"
"PronTokAlign",968.445,968.575,"s-y-i=0.93"
"PronTokAlign",968.575,968.9,"p-A/-R-t-A/-Z-e"
"PronTokAlign",968.9,970.76,"#=0.0"
"PronTokAlign",970.76,971.0,"s-e"
"PronTokAlign",971.0,971.33,"v-R-E=0.949"
"PronTokAlign",971.33,971.52,"s-e"
"PronTokAlign",971.52,971.88,"v-R-E=0.541"
"PronTokAlign",971.88,972.505,"#=0.0"
"PronTokAlign",972.505,972.725,"w-E"
"PronTokAlign",972.725,973.095,"s-A/=0.997"
"PronTokAlign",973.095,973.225,"s-A/=0.801"
"PronTokAlign",973.225,973.355,"p-@=0.814"
"PronTokAlign",973.355,973.455,"E-t=0.778"
"PronTokAlign",973.455,974.07,"d-i-f-i-s-i-l-@=0.951"
"PronTokAlign",974.07,976.785,"#=0.0"
"PronTokAlign",976.785,977.045,"w-E"
"PronTokAlign",977.045,977.195,"s-e"
"PronTokAlign",977.195,977.385,"s-A/=0.858"
"PronTokAlign",977.385,977.475,"s=0.555"
"PronTokAlign",977.475,977.625,"s-e"
"PronTokAlign",977.625,977.855,"U~/=0.64"
"PronTokAlign",977.855,981.919209,"#=0.0"
"PronTokAlign",981.919209,982.069209,"n-O/-t=0.816"
"PronTokAlign",982.069209,982.635,"f-E-s-t-i-v-A/-l"
"PronTokAlign",982.635,985.33,"#=0.0"
"PronTokAlign",985.33,985.49,"w-i=0.624"
"PronTokAlign",985.49,985.55,"A/"
"PronTokAlign",985.55,985.92,"l-A/"
"PronTokAlign",985.92,986.44,"l-i-m-i-t-@=0.638"
"PronTokAlign",986.44,986.47,"laugh"
"PronTokAlign",986.47,987.2,"#"
"PronTokAlign",987.2,987.42,"v-u=0.681"
"PronTokAlign",987.42,987.62,"p-u-R-e=0.676"
"PronTokAlign",987.62,987.99,"v-w-A/-R"
"PronTokAlign",987.99,988.255,"s-A/"
"PronTokAlign",988.255,988.96,"#=0.0"
"PronTokAlign",988.96,989.07,"U~/=0.692"
"PronTokAlign",989.07,989.52,"e-p-i-z-O/-d=0.674"
"PronTokAlign",989.52,989.77,"p-A/-R"
"PronTokAlign",989.77,989.99,"Z-u-R"
"PronTokAlign",989.99,991.665,"#=0.0"
"PronTokAlign",991.665,992.045,"v-w-A/-l-A/=0.98"
"PronTokAlign",992.045,992.185,"s-e"
"PronTokAlign",992.185,992.415,"s-A/=0.882"
"PronTokAlign",992.415,992.565,"w-E"
"PronTokAlign",992.565,992.815,"s-A/=0.899"
"PronTokAlign",992.815,992.935,"s-A/=0.579"
"PronTokAlign",992.935,993.045,"p-@=0.809"
"PronTokAlign",993.045,993.205,"E-t=0.547"
"PronTokAlign",993.205,993.535,"R-i-s-k-e"
"PronTokAlign",993.535,995.775,"#=0.0"
"PronTokAlign",995.775,996.655,"fp"
"PronTokAlign",996.655,997.065,"s-e-R-i=0.945"
"PronTokAlign",997.065,997.095,"d=0.68"
"PronTokAlign",997.095,998.51,"A/-v-a~-t-y-R-z=0.946"
"PronTokAlign",998.51,1001.26,"#=0.0"
"PronTokAlign",1001.26,1001.41,"w-i=0.518"
"PronTokAlign",1001.41,1001.58,"i=0.692"
"PronTokAlign",1001.58,1001.72,"d-w-A/=0.602"
"PronTokAlign",1001.72,1001.83,"j=0.34"
"PronTokAlign",1001.83,1001.86,"a~"
"PronTokAlign",1001.86,1002.29,"A/-v-w-A/-R"
"PronTokAlign",1002.29,1002.39,"m=0.419"
"PronTokAlign",1002.39,1002.95,"fp"
"PronTokAlign",1002.95,1005.48,"#=0.0"
"PronTokAlign",1005.48,1005.725,"w-E"
"PronTokAlign",1005.725,1012.12944,"#=0.0"
"PronTokAlign",1012.12944,1014.9495,"laugh=0.0"
"PronTokAlign",1014.9495,1017.845,"#=0.0"
"PronTokAlign",1017.845,1018.04,"w-E"
"PronTokAlign",1018.04,1018.13,"#=0.0"
"PronTokAlign",1018.13,1018.504323,"p-O/-s-i-b-l=0.902"
"PronTokAlign",1018.504323,1024.125,"#=0.0"
"PronTokAlign",1024.125,1024.385,"w-i=0.534"
"PronTokAlign",1024.385,1024.515,"s=0.58"
"PronTokAlign",1024.515,1024.685,"s-e"
"PronTokAlign",1024.685,1024.93,"b-j-U~/-n=0.506"
"PronTokAlign",1024.93,1033.675,"#=0.0"
"PronTokAlign",1033.675,1034.015,"w-E"
"PronTokAlign",1034.015,1034.5449999999998,"A/-k-s-j-O~"
"PronTokAlign",1034.5449999999998,1035.065,"A/-v-a~-t-y-R=0.549"
"PronTokAlign",1035.065,1035.175,"w-E"
"PronTokAlign",1035.175,1035.792225,"s-e"
"PronTokAlign",1035.792225,1039.09,"#=0.0"
"PronTokAlign",1039.09,1039.36,"u-i=0.919"
"PronTokAlign",1039.36,1039.57,"s=0.517"
"PronTokAlign",1039.57,1039.6,"#"
"PronTokAlign",1039.6,1040.06,"p-@=0.469"
"PronTokAlign",1040.06,1040.2099999999998,"a~"
"PronTokAlign",1040.2099999999998,1041.1799999999998,"s-w-A/"
"PronTokAlign",1041.1799999999998,1041.25,"u-i=0.689"
"PronTokAlign",1041.25,1042.92,"#=0.0"
"PronTokAlign",1042.92,1043.195,"w-i=0.599"
"PronTokAlign",1043.195,1044.175,"#=0.0"
"PronTokAlign",1044.175,1044.255,"u-i=0.744"
"PronTokAlign",1044.255,1044.785,"v-l-A/=0.885"
"PronTokAlign",1044.785,1046.21,"#=0.0"
"PronTokAlign",1046.21,1046.665,"w-i=0.728"
"PronTokAlign",1046.665,1046.945,"#=0.0"
"PronTokAlign",1046.945,1047.38,"w-i=0.668"
"PronTokAlign",1047.38,1048.02,"#=0.0"
"PronTokAlign",1048.02,1048.19,"b-U~/=0.834"
"PronTokAlign",1048.19,1048.745,"l-E-z=0.601"
"PronTokAlign",1048.745,1048.95,"#=0.0"
"PronTokAlign",1048.95,1049.47,"p-E-R-s-O/-n=0.739"
"PronTokAlign",1049.47,1050.07,"m-U~/-n-a~=0.545"
"PronTokAlign",1050.07,1050.46,"O~-t=0.622"
"PronTokAlign",1050.46,1050.69,"#"
"PronTokAlign",1050.69,1050.88,"s-O~=0.66"
"PronTokAlign",1050.88,1051.12,"t-R-e-z=0.542"
"PronTokAlign",1051.12,1051.51,"A/-t-i-R-e=0.654"
"PronTokAlign",1051.51,1051.75,"p-A/-R"
"PronTokAlign",1051.75,1051.94,"w-E"
"PronTokAlign",1051.94,1052.455,"laugh"
"PronTokAlign",1052.455,1053.0,"#=0.0"
"PronTokAlign",1053.0,1053.16,"d-a~=0.851"
"PronTokAlign",1053.16,1053.3,"l-A/"
"PronTokAlign",1053.3,1053.9,"k-O/-m-e-d-i=0.706"
"PronTokAlign",1053.9,1054.2,"O/-s-i"
"PronTokAlign",1054.2,1054.63,"a~-f-U~/"
"PronTokAlign",1054.63,1055.2,"d-a~-z=0.6"
"PronTokAlign",1055.2,1055.25,"#"
"PronTokAlign",1055.25,1055.41,"d-a~=0.676"
"PronTokAlign",1055.41,1055.64,"t-u-l-e=0.511"
"PronTokAlign",1055.64,1055.84,"f-i-l-m=0.568"
"PronTokAlign",1055.84,1056.14,"k-O/-m-@=0.709"
"PronTokAlign",1056.14,1056.56,"d-a~-z=0.916"
"PronTokAlign",1056.56,1056.79,"d-a~=0.915"
"PronTokAlign",1056.79,1056.91,"l-e=0.461"
"PronTokAlign",1056.91,1057.2,"d-E-R-n-j-e=0.902"
"PronTokAlign",1057.2,1057.64,"m-A/-R-v-E-l=0.867"
"PronTokAlign",1057.64,1058.04,"O/-s-i"
"PronTokAlign",1058.04,1058.89,"a~-f-U~/"
"PronTokAlign",1058.89,1059.06,"#"
"PronTokAlign",1059.06,1059.21,"j=0.685"
"PronTokAlign",1059.21,1059.46,"A/"
"PronTokAlign",1059.46,1059.81,"t-u-Z-u-R=0.658"
"PronTokAlign",1059.81,1059.9,"U~/=0.596"
"PronTokAlign",1059.9,1060.02,"p-2"
"PronTokAlign",1060.02,1060.09,"t=0.529"
"PronTokAlign",1060.09,1060.61,"k-O/-m-e-d-i=0.652"
"PronTokAlign",1060.61,1061.0,"p-A/-s-@=0.492"
"PronTokAlign",1061.0,1061.36,"b-U~/=0.961"
"PronTokAlign",1061.36,1062.485,"#=0.0"
"PronTokAlign",1062.485,1062.525,"s=0.789"
"PronTokAlign",1062.525,1062.655,"m-e=0.37"
"PronTokAlign",1062.655,1062.8049999999998,"t-u-l=0.929"
"PronTokAlign",1062.8049999999998,1062.905,"m-O~-d=0.673"
"PronTokAlign",1062.905,1063.215,"d-A/-k-O/-R"
"PronTokAlign",1063.215,1063.3049999999998,"l-A/"
"PronTokAlign",1063.3049999999998,1063.965,"k-O/-m-E-d-i=0.554"
"PronTokAlign",1063.965,1064.145,"b-U~/=0.532"
"PronTokAlign",1064.145,1064.545,"laugh"
"PronTokAlign",1064.545,1066.7,"#=0.0"
"PronTokAlign",1066.7,1066.77,"u-i=0.506"
"PronTokAlign",1066.77,1067.555,"O/-s-i"
"PronTokAlign",1067.555,1070.335,"#=0.0"
"PronTokAlign",1070.335,1070.585,"u-i=0.569"
"PronTokAlign",1070.585,1070.685,"u-i=0.536"
"PronTokAlign",1070.685,1070.87,"s-e"
"PronTokAlign",1070.87,1072.949598,"#=0.0"
"PronTokAlign",1072.949598,1073.386993,"laugh=0.0"
"PronTokAlign",1073.386993,1079.293974,"#=0.0"
"PronTokAlign",1079.293974,1079.860968,"laugh=0.0"
"PronTokAlign",1079.860968,1081.435401,"#=0.0"
"PronTokAlign",1081.435401,1082.504588,"laugh=0.0"
"PronTokAlign",1082.504588,1096.905,"#=0.0"
"PronTokAlign",1096.905,1097.155,"A/"
"PronTokAlign",1097.155,1097.265,"u-i=0.659"
"PronTokAlign",1097.265,1097.885,"U~/-d-j-A/-n-A/=0.99"
"PronTokAlign",1097.885,1098.315,"d-Z-O/-n-s=0.733"
"PronTokAlign",1098.315,1099.085,"a~-f-U~/"
"PronTokAlign",1099.085,1099.128388,"S=0.444"
"PronTokAlign",1099.128388,1101.955,"#=0.0"
"PronTokAlign",1101.955,1102.0449999999998,"s-e"
"PronTokAlign",1102.0449999999998,1102.215,"U~/-n=0.512"
"PronTokAlign",1102.215,1102.5449999999998,"p-t-i=0.646"
"PronTokAlign",1102.5449999999998,1102.7949999999998,"p-2"
"PronTokAlign",1102.7949999999998,1103.095,"v-j-@=0.616"
"PronTokAlign",1103.095,1103.345,"w-E"
"PronTokAlign",1103.345,1104.12,"m-E-z=0.59"
"PronTokAlign",1104.12,1105.086573,"#=0.0"
"PronTokAlign",1105.086573,1105.455,"s-e"
"PronTokAlign",1105.455,1106.205,"#=0.0"
"PronTokAlign",1106.205,1106.615,"v-w-A/-l-A/=0.945"
"PronTokAlign",1106.615,1107.105,"s-e"
"PronTokAlign",1107.105,1107.5549999999998,"#"
"PronTokAlign",1107.5549999999998,1107.705,"w-E"
"PronTokAlign",1107.705,1107.945,"w-E"
"PronTokAlign",1107.945,1109.46813,"#=0.0"
"PronTokAlign",1109.46813,1109.71813,"s=0.737"
"PronTokAlign",1109.71813,1110.79813,"fp"
"PronTokAlign",1110.79813,1110.82813,"#"
"PronTokAlign",1110.82813,1111.28813,"A/-p-R-e=0.543"
"PronTokAlign",1111.28813,1111.57813,"U~/-n=0.804"
"PronTokAlign",1111.57813,1112.41813,"A/-v-a~-t-y-R=0.669"
"PronTokAlign",1112.41813,1112.835,"fp"
"PronTokAlign",1112.835,1113.299701,"#=0.0"
"PronTokAlign",1113.299701,1113.599701,"k=0.436"
"PronTokAlign",1113.599701,1113.689701,"m=0.586"
"PronTokAlign",1113.689701,1114.1197009999998,"v-j-E-n=0.55"
"PronTokAlign",1114.1197009999998,1114.39,"l-A/"
"PronTokAlign",1114.39,1115.945,"#=0.0"
"PronTokAlign",1115.945,1116.43,"fp=0.0"
"PronTokAlign",1116.43,1122.97,"#=0.0"
"PronTokAlign",1122.97,1123.56,"w-E"
"PronTokAlign",1123.56,1125.145,"#=0.0"
"PronTokAlign",1125.145,1125.215,"s-e"
"PronTokAlign",1125.215,1125.585,"s-A/=0.894"
"PronTokAlign",1125.585,1125.655,"u-i=0.669"
"PronTokAlign",1125.655,1126.245,"A/-v-a~-t-y-R-@=0.543"
"PronTokAlign",1126.245,1126.73,"s-e"
"PronTokAlign",1126.73,1128.165,"#=0.0"
"PronTokAlign",1128.165,1128.385,"w-i=0.677"
"PronTokAlign",1128.385,1128.545,"s-e"
"PronTokAlign",1128.545,1129.015,"s-A/"
"PronTokAlign",1129.015,1129.055,"u"
"PronTokAlign",1129.055,1129.215,"#"
"PronTokAlign",1129.215,1129.335,"s-e"
"PronTokAlign",1129.335,1129.475,"p-u-R"
"PronTokAlign",1129.475,1129.525,"s=0.853"
"PronTokAlign",1129.525,1129.645,"k-@=0.828"
"PronTokAlign",1129.645,1130.125,"Z-y-m-A/-n-Z-i=0.806"
"PronTokAlign",1130.125,1130.66,"m-E=0.717"
"PronTokAlign",1130.66,1137.91,"#=0.0"
"PronTokAlign",1137.91,1138.13,"v-l-A/=0.641"
"PronTokAlign",1138.13,1138.44,"A/-p-R-E=0.53"
"PronTokAlign",1138.44,1138.85,"A/-k-s-j-O~"
"PronTokAlign",1138.85,1139.63,"A/-v-a~-t-y-R-@=0.985"
"PronTokAlign",1139.63,1139.7900000000002,"m-w-A/"
"PronTokAlign",1139.7900000000002,1139.9,"Z=0.496"
"PronTokAlign",1139.9,1140.0500000000002,"t-R-u-v=0.88"
"PronTokAlign",1140.0500000000002,1140.18,"k-@=0.629"
"PronTokAlign",1140.18,1140.34,"s-A/=0.602"
"PronTokAlign",1140.34,1140.85,"s-@"
"PronTokAlign",1140.85,1141.695,"#=0.0"
"PronTokAlign",1141.695,1141.735,"s=0.95"
"PronTokAlign",1141.735,1141.845,"s=0.87"
"PronTokAlign",1141.845,1142.155,"R-2-g-R-u-p=0.853"
"PronTokAlign",1142.155,1142.575,"v-A/-S-2-m-a~=0.645"
"PronTokAlign",1142.575,1142.745,"k-w-A/"
"PronTokAlign",1142.745,1150.06162,"#=0.0"
"PronTokAlign",1150.06162,1150.24162,"Z=0.852"
"PronTokAlign",1150.24162,1150.27162,"a~"
"PronTokAlign",1150.27162,1150.30162,"E=0.689"
"PronTokAlign",1150.30162,1150.77162,"a~-t-a~-d-y"
"PronTokAlign",1150.77162,1151.08162,"p-A/-R-l-e=0.624"
"PronTokAlign",1151.08162,1151.45,"m-E-z=0.38"
"PronTokAlign",1151.45,1154.137358,"#=0.0"
"PronTokAlign",1154.137358,1155.352344,"laugh=0.0"
"PronTokAlign",1155.352344,1167.345,"#=0.0"
"PronTokAlign",1167.345,1168.904851,"laugh=0.0"
"PronTokAlign",1168.904851,1181.6,"#=0.0"
"PronTokAlign",1181.6,1181.77,"w-E"
"PronTokAlign",1181.77,1181.87,"s=0.796"
"PronTokAlign",1181.87,1182.04,"p-@=0.641"
"PronTokAlign",1182.04,1182.1899999999998,"E-t=0.615"
"PronTokAlign",1182.1899999999998,1182.73,"U~/-t-E-R-E-s-a~=0.521"
"PronTokAlign",1182.73,1183.01,"O/-s-i"
"PronTokAlign",1183.01,1183.21,"w-E"
"PronTokAlign",1183.21,1185.195,"#=0.0"
"PronTokAlign",1185.195,1185.355,"w-i=0.532"
"PronTokAlign",1185.355,1192.2,"#=0.0"
"PronTokAlign",1192.2,1192.35,"w-E"
"PronTokAlign",1192.35,1192.47,"s=0.507"
"PronTokAlign",1192.47,1192.61,"p-@=0.641"
"PronTokAlign",1192.61,1192.73,"E-t=0.776"
"PronTokAlign",1192.73,1192.82,"p-A/=0.913"
"PronTokAlign",1192.82,1193.03,"m-A/-l"
"PronTokAlign",1193.03,1193.26,"O/-s-i"
"PronTokAlign",1193.26,1193.32,"t=0.478"
"PronTokAlign",1193.32,1193.35,"l=0.474"
"PronTokAlign",1193.35,1193.61,"m-E-t-R=0.794"
"PronTokAlign",1193.61,1193.68,"a~"
"PronTokAlign",1193.68,1194.19,"A/-v-a~=0.625"
"PronTokAlign",1194.19,1196.603049,"#=0.0"
"PronTokAlign",1196.603049,1197.09,"O/-k-E=0.6"
"PronTokAlign",1197.09,1197.507919,"laugh=0.0"
"PronTokAlign",1197.507919,1200.78,"#=0.0"
"PronTokAlign",1200.78,1201.03,"s-e"
"PronTokAlign",1201.03,1201.32,"v-R-E=0.88"
"PronTokAlign",1201.32,1201.68,"O/-s-i"
"PronTokAlign",1201.68,1202.005,"w-E"
"PronTokAlign",1202.005,1204.32,"#=0.0"
"PronTokAlign",1204.32,1204.59,"w-E"
"PronTokAlign",1204.59,1204.76,"d-O~=0.619"
"PronTokAlign",1204.76,1204.96,"s-A/=0.593"
"PronTokAlign",1204.96,1205.25,"v-A/"
"PronTokAlign",1205.25,1210.445,"#=0.0"
"PronTokAlign",1210.445,1210.735,"A/-p-R-E=0.617"
"PronTokAlign",1210.735,1210.8149999999998,"A/"
"PronTokAlign",1210.8149999999998,1210.935,"l-A/"
"PronTokAlign",1210.935,1211.3049999999998,"l-i-m-i-t-@=0.513"
"PronTokAlign",1211.3049999999998,1211.385,"O~-n=0.543"
"PronTokAlign",1211.385,1211.605,"p-u-R-E=0.424"
"PronTokAlign",1211.605,1211.7949999999998,"f-E-R=0.776"
"PronTokAlign",1211.7949999999998,1212.355,"p-l-y-z-j-9-R-z=0.947"
"PronTokAlign",1212.355,1213.035,"a~-d-R-w-A/=0.835"
"PronTokAlign",1213.035,1213.285,"e=0.904"
"PronTokAlign",1213.285,1213.71,"fp"
"PronTokAlign",1213.71,1216.419721,"#=0.0"
"PronTokAlign",1216.419721,1218.1774,"laugh=0.0"
"PronTokAlign",1218.1774,1219.34,"#=0.0"
"PronTokAlign",1219.34,1219.75,"laugh"
"PronTokAlign",1219.75,1219.97,"m-w-A/"
"PronTokAlign",1219.97,1220.13,"O/-s-i"
"PronTokAlign",1220.13,1220.1999999999998,"Z=0.742"
"PronTokAlign",1220.1999999999998,1220.55,"A/-v-e=0.371"
"PronTokAlign",1220.55,1220.755,"u-b-l-i-e=0.691"
"PronTokAlign",1220.755,1221.52,"#=0.0"
"PronTokAlign",1221.52,1221.63,"u-i=0.87"
"PronTokAlign",1221.63,1221.79,"s-e"
"PronTokAlign",1221.79,1221.93,"v-R-E=0.799"
"PronTokAlign",1221.93,1222.46,"O/-d-e-b-y"
"PronTokAlign",1222.46,1222.6,"a~"
"PronTokAlign",1222.6,1223.05,"p-l-y-s=0.812"
"PronTokAlign",1223.05,1223.53,"laugh"
"PronTokAlign",1223.53,1223.71,"#"
"PronTokAlign",1223.71,1224.04,"p-A/-z=0.541"
"PronTokAlign",1224.04,1224.325,"f-O/=0.556"
"PronTokAlign",1224.325,1225.255,"#=0.0"
"PronTokAlign",1225.255,1225.465,"n-O/=0.447"
"PronTokAlign",1225.465,1225.675,"m-E=0.623"
"PronTokAlign",1225.675,1225.885,"#=0.0"
"PronTokAlign",1225.885,1225.975,"A/"
"PronTokAlign",1225.975,1226.105,"l-A/"
"PronTokAlign",1226.105,1226.425,"l-i-m-i-t=0.516"
"PronTokAlign",1226.425,1226.505,"O~=0.734"
"PronTokAlign",1226.505,1226.725,"p-u-R-E=0.379"
"PronTokAlign",1226.725,1226.925,"f-E-R=0.882"
"PronTokAlign",1226.925,1227.405,"p-l-y-z-j-9-R-z=0.878"
"PronTokAlign",1227.405,1227.935,"a~-d-R-w-A/=0.866"
"PronTokAlign",1227.935,1228.105,"e=0.892"
"PronTokAlign",1228.105,1228.635,"fp"
"PronTokAlign",1228.635,1228.765,"#"
"PronTokAlign",1228.765,1229.095,"k-l-A/-s-e=0.931"
"PronTokAlign",1229.095,1229.145,"U~/=0.746"
"PronTokAlign",1229.145,1229.265,"p-2"
"PronTokAlign",1229.265,1229.485,"p-A/-R"
"PronTokAlign",1229.485,1229.835,"A/-Z=0.556"
"PronTokAlign",1229.835,1230.005,"u"
"PronTokAlign",1230.005,1230.425,"fp"
"PronTokAlign",1230.425,1230.925,"p-R-E-v-2-n-i-R"
"PronTokAlign",1230.925,1231.225,"A/-v-a~=0.871"
"PronTokAlign",1231.225,1231.255,"l=0.77"
"PronTokAlign",1231.255,1231.715,"p-y-b-l-i-k"
"PronTokAlign",1231.715,1232.055,"p-u-R"
"PronTokAlign",1232.055,1232.28,"#=0.0"
"PronTokAlign",1232.28,1232.38,"p-u-R"
"PronTokAlign",1232.38,1232.49,"p-A/=0.953"
"PronTokAlign",1232.49,1232.54,"k"
"PronTokAlign",1232.54,1232.57,"i=0.929"
"PronTokAlign",1232.57,1232.73,"s-w-A/=0.675"
"PronTokAlign",1232.73,1233.045,"S-O/-k-e"
"PronTokAlign",1233.045,1236.225,"#=0.0"
"PronTokAlign",1236.225,1236.495,"w-i=0.511"
"PronTokAlign",1236.495,1236.975,"v-w-A/-l-A/=0.975"
"PronTokAlign",1236.975,1237.655,"A/-v-a~-t-y-R=0.74"
"PronTokAlign",1237.655,1237.8449999999998,"s-e"
"PronTokAlign",1237.8449999999998,1238.88,"p-A/-R-f-E-t=0.618"
"PronTokAlign",1238.88,1241.32,"#=0.0"
"PronTokAlign",1241.32,1241.6,"u-i=0.727"
"PronTokAlign",1241.6,1241.78,"s-e"
"PronTokAlign",1241.78,1241.9299999999998,"v-R-E=0.594"
"PronTokAlign",1241.9299999999998,1242.06,"k-@=0.52"
"PronTokAlign",1242.06,1242.51,"fp"
"PronTokAlign",1242.51,1242.72,"u-i=0.576"
"PronTokAlign",1242.72,1242.99,"i-l-i=0.439"
"PronTokAlign",1242.99,1243.2,"A/"
"PronTokAlign",1243.2,1243.3,"j=0.529"
"PronTokAlign",1243.3,1243.37,"A/"
"PronTokAlign",1243.37,1243.59,"#=0.0"
"PronTokAlign",1243.59,1243.83,"k-E-l-k-@=0.575"
"PronTokAlign",1243.83,1243.99,"t-a~=0.811"
"PronTokAlign",1243.99,1244.04,"m=0.477"
"PronTokAlign",1244.04,1244.31,"k-i=0.708"
"PronTokAlign",1244.31,1244.4499999999998,"t=0.489"
"PronTokAlign",1244.4499999999998,1244.6799999999998,"A/-s-e=0.954"
"PronTokAlign",1244.6799999999998,1245.0,"R-E-s-a~=0.603"
"PronTokAlign",1245.0,1245.13,"k-a~=0.829"
"PronTokAlign",1245.13,1245.32,"m-E-m=0.752"
"PronTokAlign",1245.32,1245.36,"E=0.538"
"PronTokAlign",1245.36,1245.55,"s-A/=0.976"
"PronTokAlign",1245.55,1245.6699999999998,"m-@=0.564"
"PronTokAlign",1245.6699999999998,1245.83,"s-A/=0.881"
"PronTokAlign",1245.83,1245.86,"m=0.693"
"PronTokAlign",1245.86,1245.97,"d-i=0.68"
"PronTokAlign",1245.97,1246.4499999999998,"k-E-l-k-S-O/-z=0.365"
"PronTokAlign",1246.4499999999998,1246.6999999999998,"O/-s-i"
"PronTokAlign",1246.6999999999998,1246.83,"#"
"PronTokAlign",1246.83,1247.15,"m-E-z=0.436"
"PronTokAlign",1247.15,1247.2099999999998,"Z=0.654"
"PronTokAlign",1247.2099999999998,1247.26,"E=0.663"
"PronTokAlign",1247.26,1247.41,"p-A/=0.724"
"PronTokAlign",1247.41,1247.62,"v-y"
"PronTokAlign",1247.62,1248.105,"m-E-z=0.539"
