"PhonAlign",0.0,26.26,"#"
"PhonAlign",26.26,26.5,"fp"
"PhonAlign",26.5,26.540000000000003,"d"
"PhonAlign",26.540000000000003,26.610000000000003,"y"
"PhonAlign",26.610000000000003,26.73,"k"
"PhonAlign",26.73,26.790000000000003,"u"
"PhonAlign",26.790000000000003,26.83,"m"
"PhonAlign",26.83,26.880000000000003,"w"
"PhonAlign",26.880000000000003,26.930000000000003,"A/"
"PhonAlign",26.930000000000003,27.07,"s"
"PhonAlign",27.07,27.14,"e"
"PhonAlign",27.14,27.22,"*"
"PhonAlign",27.22,27.31,"*"
"PhonAlign",27.31,27.39,"*"
"PhonAlign",27.39,27.49,"*"
"PhonAlign",27.49,27.64,"*"
"PhonAlign",27.64,27.73,"E"
"PhonAlign",27.73,27.76,"Z"
"PhonAlign",27.76,27.85,"v"
"PhonAlign",27.85,28.16,"e"
"PhonAlign",28.16,28.23,"v"
"PhonAlign",28.23,28.360000000000003,"u"
"PhonAlign",28.360000000000003,28.450000000000003,"p"
"PhonAlign",28.450000000000003,28.51,"A/"
"PhonAlign",28.51,28.58,"R"
"PhonAlign",28.58,28.610000000000003,"l"
"PhonAlign",28.610000000000003,28.72,"e"
"PhonAlign",28.72,28.81,"d"
"PhonAlign",28.81,28.9,"@"
"PhonAlign",28.9,28.99,"f"
"PhonAlign",28.99,29.06,"R"
"PhonAlign",29.06,29.110000000000003,"a~"
"PhonAlign",29.110000000000003,29.24,"S"
"PhonAlign",29.24,29.31,"i"
"PhonAlign",29.31,29.4,"z"
"PhonAlign",29.4,29.53,"e"
"PhonAlign",29.53,29.65,"d"
"PhonAlign",29.65,29.78,"@"
"PhonAlign",29.78,29.85,"l"
"PhonAlign",29.85,29.89,"y"
"PhonAlign",29.89,29.94,"n"
"PhonAlign",29.94,30.01,"i"
"PhonAlign",30.01,30.040000000000003,"v"
"PhonAlign",30.040000000000003,30.110000000000003,"E"
"PhonAlign",30.110000000000003,30.15,"R"
"PhonAlign",30.15,30.200000000000003,"d"
"PhonAlign",30.200000000000003,30.24,"e"
"PhonAlign",30.24,30.35,"s"
"PhonAlign",30.35,30.380000000000003,"y"
"PhonAlign",30.380000000000003,30.44,"p"
"PhonAlign",30.44,30.5,"E"
"PhonAlign",30.5,30.540000000000003,"R"
"PhonAlign",30.540000000000003,30.6,"e"
"PhonAlign",30.6,30.65,"R"
"PhonAlign",30.65,30.822187,"O/"
"PhonAlign",30.822187,73.482187,"#"
"PhonAlign",73.482187,73.662187,"A/"
"PhonAlign",73.662187,73.702187,"l"
"PhonAlign",73.702187,73.80218699999999,"R"
"PhonAlign",73.80218699999999,73.852187,"d"
"PhonAlign",73.852187,73.932187,"y"
"PhonAlign",73.932187,74.072187,"k"
"PhonAlign",74.072187,74.132187,"u"
"PhonAlign",74.132187,74.182187,"m"
"PhonAlign",74.182187,74.22218699999999,"w"
"PhonAlign",74.22218699999999,74.282187,"A/"
"PhonAlign",74.282187,74.36218699999999,"Z"
"PhonAlign",74.36218699999999,74.39218699999999,"E"
"PhonAlign",74.39218699999999,74.452187,"m"
"PhonAlign",74.452187,74.492187,"R"
"PhonAlign",74.492187,74.542187,"E"
"PhonAlign",74.542187,74.652187,"b"
"PhonAlign",74.652187,74.732187,"O/"
"PhonAlign",74.732187,74.852187,"k"
"PhonAlign",74.852187,74.912187,"u"
"PhonAlign",74.912187,75.032187,"p"
"PhonAlign",75.032187,75.152187,"k"
"PhonAlign",75.152187,75.522187,"@"
"PhonAlign",75.522187,75.822187,"s"
"PhonAlign",75.822187,75.852187,"e"
"PhonAlign",75.852187,76.38,"2"
"PhonAlign",76.38,76.61,"#"
"PhonAlign",76.61,76.85,"f"
"PhonAlign",76.85,76.9,"E"
"PhonAlign",76.9,76.98,"s"
"PhonAlign",76.98,77.01,"t"
"PhonAlign",77.01,77.04,"i"
"PhonAlign",77.04,77.07,"v"
"PhonAlign",77.07,77.12,"A/"
"PhonAlign",77.12,77.16,"l"
"PhonAlign",77.16,77.2,"d"
"PhonAlign",77.2,77.26,"y"
"PhonAlign",77.26,77.36,"s"
"PhonAlign",77.36,77.39,"i"
"PhonAlign",77.39,77.42,"n"
"PhonAlign",77.42,77.45,"e"
"PhonAlign",77.45,77.48,"m"
"PhonAlign",77.48,77.56,"A/"
"PhonAlign",77.56,77.7,"p"
"PhonAlign",77.7,77.78,"O/"
"PhonAlign",77.78,77.83,"R"
"PhonAlign",77.83,77.9,"t"
"PhonAlign",77.9,77.97,"s"
"PhonAlign",77.97,78.0,"y"
"PhonAlign",78.0,78.03,"R"
"PhonAlign",78.03,78.06,"l"
"PhonAlign",78.06,78.12,"A/"
"PhonAlign",78.12,78.19,"f"
"PhonAlign",78.19,78.24,"R"
"PhonAlign",78.24,78.28,"a~"
"PhonAlign",78.28,78.37,"S"
"PhonAlign",78.37,78.42999999999999,"i"
"PhonAlign",78.42999999999999,78.52,"z"
"PhonAlign",78.52,78.61,"e"
"PhonAlign",78.61,78.64,"l"
"PhonAlign",78.64,78.72,"y"
"PhonAlign",78.72,78.75,"n"
"PhonAlign",78.75,78.81,"i"
"PhonAlign",78.81,78.84,"v"
"PhonAlign",78.84,78.9,"E"
"PhonAlign",78.9,78.94,"R"
"PhonAlign",78.94,78.97,"d"
"PhonAlign",78.97,79.03,"e"
"PhonAlign",79.03,79.12,"s"
"PhonAlign",79.12,79.16,"y"
"PhonAlign",79.16,79.23,"p"
"PhonAlign",79.23,79.3,"E"
"PhonAlign",79.3,79.33,"R"
"PhonAlign",79.33,79.41,"e"
"PhonAlign",79.41,79.45,"R"
"PhonAlign",79.45,79.59,"O/"
"PhonAlign",79.59,80.02,"#"
"PhonAlign",80.02,80.21,"p"
"PhonAlign",80.21,80.29,"u"
"PhonAlign",80.29,80.34,"R"
"PhonAlign",80.34,80.42999999999999,"k"
"PhonAlign",80.42999999999999,80.49,"w"
"PhonAlign",80.49,80.55,"A/"
"PhonAlign",80.55,80.63,"p"
"PhonAlign",80.63,80.66,"A/"
"PhonAlign",80.66,80.69,"R"
"PhonAlign",80.69,80.81,"s"
"PhonAlign",80.81,80.93,"k"
"PhonAlign",80.93,81.14,"O~"
"PhonAlign",81.14,81.7,"E"
"PhonAlign",81.7,81.85,"s"
"PhonAlign",81.85,82.05,"t"
"PhonAlign",82.05,82.35,"@"
"PhonAlign",82.35,82.5,"y"
"PhonAlign",82.5,82.56,"n"
"PhonAlign",82.56,82.62,"A/"
"PhonAlign",82.62,82.72,"s"
"PhonAlign",82.72,82.75,"O/"
"PhonAlign",82.75,82.87,"s"
"PhonAlign",82.87,82.94,"A/"
"PhonAlign",82.94,83.08,"s"
"PhonAlign",83.08,83.11,"j"
"PhonAlign",83.11,83.3,"O~"
"PhonAlign",83.3,83.55,"e"
"PhonAlign",83.55,83.61,"j"
"PhonAlign",83.61,83.65,"A/"
"PhonAlign",83.65,83.76,"b"
"PhonAlign",83.76,83.84,"O/"
"PhonAlign",83.84,83.91,"k"
"PhonAlign",83.91,83.99,"u"
"PhonAlign",83.99,84.05,"d"
"PhonAlign",84.05,84.16,"a~"
"PhonAlign",84.16,84.26,"f"
"PhonAlign",84.26,84.36,"a~"
"PhonAlign",84.36,84.47,"S"
"PhonAlign",84.47,84.53999999999999,"e"
"PhonAlign",84.53999999999999,84.59,"n"
"PhonAlign",84.59,84.71,"u"
"PhonAlign",84.71,85.41,"#"
"PhonAlign",85.41,85.52,"d"
"PhonAlign",85.52,85.71,"O~"
"PhonAlign",85.71,85.85,"k"
"PhonAlign",85.85,85.98,"Z"
"PhonAlign",85.98,86.38,"@"
"PhonAlign",86.38,86.53999999999999,"p"
"PhonAlign",86.53999999999999,86.64,"a~"
"PhonAlign",86.64,86.75,"s"
"PhonAlign",86.75,86.88,"k"
"PhonAlign",86.88,87.12,"@"
"PhonAlign",87.12,87.34,"s"
"PhonAlign",87.34,87.46,"e"
"PhonAlign",87.46,87.61,"U~/"
"PhonAlign",87.61,87.69,"Z"
"PhonAlign",87.69,87.76,"a~"
"PhonAlign",87.76,87.78999999999999,"R"
"PhonAlign",87.78999999999999,87.84,"d"
"PhonAlign",87.84,87.9,"@"
"PhonAlign",87.9,88.02,"f"
"PhonAlign",88.02,88.06,"i"
"PhonAlign",88.06,88.09,"l"
"PhonAlign",88.09,88.16,"m"
"PhonAlign",88.16,88.32,"k"
"PhonAlign",88.32,88.45,"@"
"PhonAlign",88.45,88.48,"l"
"PhonAlign",88.48,88.57,"e"
"PhonAlign",88.57,88.61,"z"
"PhonAlign",88.61,88.72,"a~"
"PhonAlign",88.72,88.78999999999999,"f"
"PhonAlign",88.78999999999999,88.89,"a~"
"PhonAlign",88.89,88.96,"E"
"PhonAlign",88.96,88.99,"m"
"PhonAlign",88.99,89.02,"@"
"PhonAlign",89.02,89.06,"b"
"PhonAlign",89.06,89.14,"j"
"PhonAlign",89.14,89.41,"U~/"
"PhonAlign",89.41,89.51,"e"
"PhonAlign",89.51,89.58,"m"
"PhonAlign",89.58,89.66,"E"
"PhonAlign",89.66,89.72,"m"
"PhonAlign",89.72,89.75,"l"
"PhonAlign",89.75,89.87,"e"
"PhonAlign",89.87,89.94,"z"
"PhonAlign",89.94,90.02,"A/"
"PhonAlign",90.02,90.1,"d"
"PhonAlign",90.1,90.23,"y"
"PhonAlign",90.23,90.3,"l"
"PhonAlign",90.3,90.4,"t"
"PhonAlign",90.4,90.43,"A/"
"PhonAlign",90.43,90.85,"p"
"PhonAlign",90.85,91.04,"R"
"PhonAlign",91.04,91.09,"E"
"PhonAlign",91.09,91.18,"s"
"PhonAlign",91.18,91.25,"i"
"PhonAlign",91.25,91.35,"t"
"PhonAlign",91.35,91.41,"u"
"PhonAlign",91.41,91.46,"Z"
"PhonAlign",91.46,91.55,"u"
"PhonAlign",91.55,91.63,"R"
"PhonAlign",91.63,91.78,"A/"
"PhonAlign",91.78,91.86,"k"
"PhonAlign",91.86,91.97,"O~"
"PhonAlign",91.97,92.04,"p"
"PhonAlign",92.04,92.13,"A/"
"PhonAlign",92.13,92.19,"n"
"PhonAlign",92.19,92.22,"j"
"PhonAlign",92.22,92.54,"e"
"PhonAlign",92.54,92.64,"R"
"PhonAlign",92.64,92.83,"l"
"PhonAlign",92.83,92.93,"9"
"PhonAlign",92.93,93.04,"R"
"PhonAlign",93.04,93.17,"a~"
"PhonAlign",93.17,93.3,"f"
"PhonAlign",93.3,93.49,"a~"
"PhonAlign",93.49,93.77,"z"
"PhonAlign",93.77,93.86,"#"
"PhonAlign",93.86,94.11,"k"
"PhonAlign",94.11,94.2,"O/"
"PhonAlign",94.2,94.27,"m"
"PhonAlign",94.27,94.32,"@"
"PhonAlign",94.32,94.42,"E"
"PhonAlign",94.42,94.47,"k"
"PhonAlign",94.47,94.55,"s"
"PhonAlign",94.55,94.7,"k"
"PhonAlign",94.7,94.77,"y"
"PhonAlign",94.77,94.84,"z"
"PhonAlign",94.84,94.95,"p"
"PhonAlign",94.95,95.0,"u"
"PhonAlign",95.0,95.03,"R"
"PhonAlign",95.03,95.07,"A/"
"PhonAlign",95.07,95.1,"l"
"PhonAlign",95.1,95.15,"e"
"PhonAlign",95.15,95.18,"v"
"PhonAlign",95.18,95.21,"w"
"PhonAlign",95.21,95.24,"A/"
"PhonAlign",95.24,95.3,"R"
"PhonAlign",95.3,95.37,"s"
"PhonAlign",95.37,95.43,"e"
"PhonAlign",95.43,95.55,"f"
"PhonAlign",95.55,95.6,"i"
"PhonAlign",95.6,95.63,"l"
"PhonAlign",95.63,95.75,"m"
"PhonAlign",95.75,95.91,"m"
"PhonAlign",95.91,95.99,"e"
"PhonAlign",95.99,96.11,"a~"
"PhonAlign",96.11,96.15,"v"
"PhonAlign",96.15,96.19,"R"
"PhonAlign",96.19,96.25,"E"
"PhonAlign",96.25,96.35,"i"
"PhonAlign",96.35,96.41,"z"
"PhonAlign",96.41,96.49,"A/"
"PhonAlign",96.49,96.57,"d"
"PhonAlign",96.57,96.65,"O/"
"PhonAlign",96.65,96.76,"R"
"PhonAlign",96.76,97.51,"#"
"PhonAlign",97.51,97.85,"e"
"PhonAlign",97.85,98.83,"fp"
"PhonAlign",98.83,99.82,"#"
"PhonAlign",99.82,99.9,"S"
"PhonAlign",99.9,100.0,"v"
"PhonAlign",100.0,100.13,"e"
"PhonAlign",100.13,100.16,"v"
"PhonAlign",100.16,100.23,"u"
"PhonAlign",100.23,100.31,"p"
"PhonAlign",100.31,100.4,"A/"
"PhonAlign",100.4,100.43,"R"
"PhonAlign",100.43,100.46,"l"
"PhonAlign",100.46,100.52,"e"
"PhonAlign",100.52,100.57,"d"
"PhonAlign",100.57,100.62,"y"
"PhonAlign",100.62,100.72,"s"
"PhonAlign",100.72,100.75,"9"
"PhonAlign",100.75,100.79,"l"
"PhonAlign",100.79,100.9,"f"
"PhonAlign",100.9,100.94,"i"
"PhonAlign",100.94,100.97,"l"
"PhonAlign",100.97,101.02,"m"
"PhonAlign",101.02,101.09,"k"
"PhonAlign",101.09,101.16,"@"
"PhonAlign",101.16,101.2,"Z"
"PhonAlign",101.2,101.26,"@"
"PhonAlign",101.26,101.35,"k"
"PhonAlign",101.35,101.4,"O/"
"PhonAlign",101.4,101.49,"n"
"PhonAlign",101.49,101.62,"e"
"PhonAlign",101.62,101.65,"z"
"PhonAlign",101.65,101.69,"d"
"PhonAlign",101.69,102.03,"a~"
"PhonAlign",102.03,102.2,"s"
"PhonAlign",102.2,102.27,"E"
"PhonAlign",102.27,102.47,"t"
"PhonAlign",102.47,102.65,"@"
"PhonAlign",102.65,102.72,"R"
"PhonAlign",102.72,102.75,"y"
"PhonAlign",102.75,102.79,"b"
"PhonAlign",102.79,102.82,"R"
"PhonAlign",102.82,102.91,"i"
"PhonAlign",102.91,103.23,"k"
"PhonAlign",103.23,103.98,"#"
"PhonAlign",103.98,104.37,"E"
"PhonAlign",104.37,104.43,"d"
"PhonAlign",104.43,104.48,"@"
"PhonAlign",104.48,104.51,"l"
"PhonAlign",104.51,104.58,"A/"
"PhonAlign",104.58,104.63,"f"
"PhonAlign",104.63,104.66,"R"
"PhonAlign",104.66,104.73,"a~"
"PhonAlign",104.73,104.82,"S"
"PhonAlign",104.82,104.89,"i"
"PhonAlign",104.89,104.98,"z"
"PhonAlign",104.98,105.08,"m"
"PhonAlign",105.08,105.18,"A/"
"PhonAlign",105.18,105.27,"R"
"PhonAlign",105.27,105.35,"v"
"PhonAlign",105.35,105.5,"E"
"PhonAlign",105.5,105.54,"l"
"PhonAlign",105.54,105.74,"A/"
"PhonAlign",105.74,105.77,"v"
"PhonAlign",105.77,105.85,"E"
"PhonAlign",105.85,105.92,"k"
"PhonAlign",105.92,105.95,"l"
"PhonAlign",105.95,106.03,"e"
"PhonAlign",106.03,106.14,"f"
"PhonAlign",106.14,106.21,"i"
"PhonAlign",106.21,106.24,"l"
"PhonAlign",106.24,106.31,"m"
"PhonAlign",106.31,106.39,"s"
"PhonAlign",106.39,106.5,"p"
"PhonAlign",106.5,106.6,"i"
"PhonAlign",106.6,106.65,"d"
"PhonAlign",106.65,106.69,"2"
"PhonAlign",106.69,106.76,"R"
"PhonAlign",106.76,106.81,"m"
"PhonAlign",106.81,106.94,"A/"
"PhonAlign",106.94,107.05,"n"
"PhonAlign",107.05,107.34,"#"
"PhonAlign",107.34,107.4,"s"
"PhonAlign",107.4,107.49,"p"
"PhonAlign",107.49,107.6,"i"
"PhonAlign",107.6,107.63,"d"
"PhonAlign",107.63,107.67,"2"
"PhonAlign",107.67,107.72,"R"
"PhonAlign",107.72,107.75,"m"
"PhonAlign",107.75,107.82,"A/"
"PhonAlign",107.82,107.86,"n"
"PhonAlign",107.86,107.95,"s"
"PhonAlign",107.95,107.99,"e"
"PhonAlign",107.99,108.02,"v"
"PhonAlign",108.02,108.07,"R"
"PhonAlign",108.07,108.1,"e"
"PhonAlign",108.1,108.13,"m"
"PhonAlign",108.13,108.16,"a~"
"PhonAlign",108.16,108.25,"U~/"
"PhonAlign",108.25,108.42,"s"
"PhonAlign",108.42,108.46,"y"
"PhonAlign",108.46,108.54,"p"
"PhonAlign",108.54,108.63,"E"
"PhonAlign",108.63,108.67,"R"
"PhonAlign",108.67,108.83,"f"
"PhonAlign",108.83,108.88,"i"
"PhonAlign",108.88,108.91,"l"
"PhonAlign",108.91,109.06,"m"
"PhonAlign",109.06,109.14,"@"
"PhonAlign",109.14,109.24,"e"
"PhonAlign",109.24,109.3,"S"
"PhonAlign",109.3,109.39,"p"
"PhonAlign",109.39,109.47,"a~"
"PhonAlign",109.47,109.62,"s"
"PhonAlign",109.62,109.73,"k"
"PhonAlign",109.73,109.9,"@"
"PhonAlign",109.9,110.17,"s"
"PhonAlign",110.17,110.23,"i"
"PhonAlign",110.23,110.34,"O~"
"PhonAlign",110.34,110.38,"l"
"PhonAlign",110.38,110.42,"@"
"PhonAlign",110.42,110.49,"m"
"PhonAlign",110.49,110.55,"E"
"PhonAlign",110.55,110.69,"t"
"PhonAlign",110.69,110.88,"e"
"PhonAlign",110.88,111.08,"a~"
"PhonAlign",111.08,111.19,"A/"
"PhonAlign",111.19,111.36,"f"
"PhonAlign",111.36,111.46,"i"
"PhonAlign",111.46,111.69,"S"
"PhonAlign",111.69,111.73,"fp"
"PhonAlign",111.73,112.77,"#"
"PhonAlign",112.77,112.95,"t"
"PhonAlign",112.95,113.0,"u"
"PhonAlign",113.0,113.03,"l"
"PhonAlign",113.03,113.06,"m"
"PhonAlign",113.06,113.16,"O~"
"PhonAlign",113.16,113.19,"d"
"PhonAlign",113.19,113.28,"s"
"PhonAlign",113.28,113.36,"@"
"PhonAlign",113.36,113.39,"R"
"PhonAlign",113.39,113.49,"E"
"PhonAlign",113.49,113.64,"t"
"PhonAlign",113.64,113.67,"R"
"PhonAlign",113.67,113.75,"e"
"PhonAlign",113.75,113.81,"k"
"PhonAlign",113.81,113.94,"O~"
"PhonAlign",113.94,114.0,"t"
"PhonAlign",114.0,114.17,"a~"
"PhonAlign",114.17,114.245,"t"
"PhonAlign",114.245,114.566479,"#"
"PhonAlign",114.566479,114.936479,"s"
"PhonAlign",114.936479,114.976479,"i"
"PhonAlign",114.976479,115.036479,"O~"
"PhonAlign",115.036479,115.136479,"m"
"PhonAlign",115.136479,115.196479,"E"
"PhonAlign",115.196479,115.226479,"l"
"PhonAlign",115.226479,115.316479,"e"
"PhonAlign",115.316479,115.406479,"d"
"PhonAlign",115.406479,115.486479,"E"
"PhonAlign",115.486479,115.556479,"R"
"PhonAlign",115.556479,115.636479,"n"
"PhonAlign",115.636479,115.716479,"j"
"PhonAlign",115.716479,115.746479,"E"
"PhonAlign",115.746479,115.836479,"A/"
"PhonAlign",115.836479,115.866479,"v"
"PhonAlign",115.866479,115.926479,"E"
"PhonAlign",115.926479,116.006479,"k"
"PhonAlign",116.006479,116.156479,"t"
"PhonAlign",116.156479,116.236479,"O/"
"PhonAlign",116.236479,116.276479,"m"
"PhonAlign",116.276479,116.386479,"O/"
"PhonAlign",116.386479,116.426479,"l"
"PhonAlign",116.426479,116.636479,"a~"
"PhonAlign",116.636479,116.83,"d"
"PhonAlign",116.83,117.405909,"#"
"PhonAlign",117.405909,117.605909,"i"
"PhonAlign",117.605909,117.645909,"e"
"PhonAlign",117.645909,117.755909,"A/"
"PhonAlign",117.755909,117.795909,"l"
"PhonAlign",117.795909,117.895909,"A/"
"PhonAlign",117.895909,117.985909,"m"
"PhonAlign",117.985909,118.075909,"O/"
"PhonAlign",118.075909,118.155909,"d"
"PhonAlign",118.155909,118.245909,"a~"
"PhonAlign",118.245909,118.415909,"s"
"PhonAlign",118.415909,118.465909,"m"
"PhonAlign",118.465909,118.545909,"O/"
"PhonAlign",118.545909,118.635909,"m"
"PhonAlign",118.635909,119.07,"a~"
"PhonAlign",119.07,119.440858,"#"
"PhonAlign",119.440858,119.550858,"i"
"PhonAlign",119.550858,119.670858,"f"
"PhonAlign",119.670858,119.740858,"e"
"PhonAlign",119.740858,119.770858,"l"
"PhonAlign",119.770858,119.830858,"e"
"PhonAlign",119.830858,119.920858,"y"
"PhonAlign",119.920858,119.990858,"n"
"PhonAlign",119.990858,120.020858,"d"
"PhonAlign",120.020858,120.150858,"e"
"PhonAlign",120.150858,120.210858,"Z"
"PhonAlign",120.210858,120.290858,"u"
"PhonAlign",120.290858,120.400858,"R"
"PhonAlign",120.400858,120.470858,"n"
"PhonAlign",120.470858,120.690858,"O/"
"PhonAlign",120.690858,121.030858,"#"
"PhonAlign",121.030858,121.120858,"s"
"PhonAlign",121.120858,121.190858,"A/"
"PhonAlign",121.190858,121.280858,"p"
"PhonAlign",121.280858,121.350858,"u"
"PhonAlign",121.350858,121.380858,"R"
"PhonAlign",121.380858,121.460858,"E"
"PhonAlign",121.460858,121.600858,"A/"
"PhonAlign",121.600858,121.750858,"t"
"PhonAlign",121.750858,121.800858,"i"
"PhonAlign",121.800858,121.830858,"R"
"PhonAlign",121.830858,121.950858,"e"
"PhonAlign",121.950858,122.060858,"b"
"PhonAlign",122.060858,122.160858,"O/"
"PhonAlign",122.160858,122.260858,"k"
"PhonAlign",122.260858,122.320858,"u"
"PhonAlign",122.320858,122.370858,"d"
"PhonAlign",122.370858,122.460858,"m"
"PhonAlign",122.460858,122.610858,"O~"
"PhonAlign",122.610858,122.820858,"d"
"PhonAlign",122.820858,122.930858,"n"
"PhonAlign",122.930858,123.000858,"O/"
"PhonAlign",123.000858,123.100858,"t"
"PhonAlign",123.100858,123.190858,"A/"
"PhonAlign",123.190858,123.280858,"m"
"PhonAlign",123.280858,123.460858,"a~"
"PhonAlign",123.460858,123.540858,"t"
"PhonAlign",123.540858,124.030858,"#"
"PhonAlign",124.030858,124.600858,"fp"
"PhonAlign",124.600858,125.270858,"#"
"PhonAlign",125.270858,125.300858,"l"
"PhonAlign",125.300858,125.580858,"e"
"PhonAlign",125.580858,125.670858,"d"
"PhonAlign",125.670858,125.750858,"i"
"PhonAlign",125.750858,125.810858,"z"
"PhonAlign",125.810858,125.860858,"y"
"PhonAlign",125.860858,125.920858,"i"
"PhonAlign",125.920858,125.990858,"v"
"PhonAlign",125.990858,126.110858,"U~/"
"PhonAlign",126.110858,126.210858,"s"
"PhonAlign",126.210858,126.310858,"U~/"
"PhonAlign",126.310858,126.380858,"k"
"PhonAlign",126.380858,126.560858,"a~"
"PhonAlign",126.560858,126.920672,"z"
"PhonAlign",126.920672,127.315,"#"
"PhonAlign",127.315,127.435,"k"
"PhonAlign",127.435,127.495,"i"
"PhonAlign",127.495,127.675,"s"
"PhonAlign",127.675,127.845,"O~"
"PhonAlign",127.845,127.915,"t"
"PhonAlign",127.915,128.005,"R"
"PhonAlign",128.005,128.145,"e"
"PhonAlign",128.145,128.175,"R"
"PhonAlign",128.175,128.255,"E"
"PhonAlign",128.255,128.305,"z"
"PhonAlign",128.305,128.365,"O/"
"PhonAlign",128.365,128.45499999999998,"s"
"PhonAlign",128.45499999999998,128.515,"O/"
"PhonAlign",128.515,128.575,"s"
"PhonAlign",128.575,128.625,"j"
"PhonAlign",128.625,128.755,"O/"
"PhonAlign",128.755,128.900622,"z"
"PhonAlign",128.900622,130.105,"#"
"PhonAlign",130.105,130.415,"e"
"PhonAlign",130.415,130.885,"fp"
"PhonAlign",130.885,131.005,"b"
"PhonAlign",131.005,131.355,"E"
"PhonAlign",131.355,131.545,"s"
"PhonAlign",131.545,131.61499999999998,"e"
"PhonAlign",131.61499999999998,131.655,"v"
"PhonAlign",131.655,131.695,"R"
"PhonAlign",131.695,131.765,"E"
"PhonAlign",131.765,131.845,"m"
"PhonAlign",131.845,131.905,"a~"
"PhonAlign",131.905,132.415,"U~/"
"PhonAlign",132.415,132.55499999999998,"Z"
"PhonAlign",132.55499999999998,132.625,"a~"
"PhonAlign",132.625,132.685,"R"
"PhonAlign",132.685,132.765,"d"
"PhonAlign",132.765,132.845,"@"
"PhonAlign",132.845,133.005,"f"
"PhonAlign",133.005,133.05499999999998,"i"
"PhonAlign",133.05499999999998,133.08499999999998,"l"
"PhonAlign",133.08499999999998,133.235,"m"
"PhonAlign",133.235,133.325,"S"
"PhonAlign",133.325,133.405,"p"
"PhonAlign",133.405,133.49499999999998,"a~"
"PhonAlign",133.49499999999998,133.55499999999998,"s"
"PhonAlign",133.55499999999998,133.64499999999998,"k"
"PhonAlign",133.64499999999998,133.715,"i"
"PhonAlign",133.715,133.74499999999998,"v"
"PhonAlign",133.74499999999998,133.95499999999998,"A/"
"PhonAlign",133.95499999999998,134.075,"e"
"PhonAlign",134.075,134.14499999999998,"v"
"PhonAlign",134.14499999999998,134.24499999999998,"O/"
"PhonAlign",134.24499999999998,134.27499999999998,"l"
"PhonAlign",134.27499999999998,134.33499999999998,"y"
"PhonAlign",134.33499999999998,134.445,"e"
"PhonAlign",134.445,134.515,"O/"
"PhonAlign",134.515,134.625,"f"
"PhonAlign",134.625,134.665,"i"
"PhonAlign",134.665,134.715,"l"
"PhonAlign",134.715,134.74499999999998,"d"
"PhonAlign",134.74499999999998,134.80499999999998,"y"
"PhonAlign",134.80499999999998,134.89499999999998,"t"
"PhonAlign",134.89499999999998,135.095,"a~"
"PhonAlign",135.095,135.20499999999998,"e"
"PhonAlign",135.20499999999998,136.21,"k"
"PhonAlign",136.21,137.144235,"#"
"PhonAlign",137.144235,137.494235,"s"
"PhonAlign",137.494235,137.57423500000002,"@"
"PhonAlign",137.57423500000002,137.654235,"R"
"PhonAlign",137.654235,137.85423500000002,"A/"
"PhonAlign",137.85423500000002,137.904235,"U~/"
"PhonAlign",137.904235,137.94423500000002,"n"
"PhonAlign",137.94423500000002,138.044235,"p"
"PhonAlign",138.044235,138.234235,"2"
"PhonAlign",138.234235,138.38423500000002,"U~/"
"PhonAlign",138.38423500000002,138.454235,"d"
"PhonAlign",138.454235,138.534235,"e"
"PhonAlign",138.534235,138.614235,"m"
"PhonAlign",138.614235,138.69423500000002,"O/"
"PhonAlign",138.69423500000002,138.774235,"d"
"PhonAlign",138.774235,138.924235,"A/"
"PhonAlign",138.924235,138.954235,"b"
"PhonAlign",138.954235,139.044235,"l"
"PhonAlign",139.044235,139.16423500000002,"p"
"PhonAlign",139.16423500000002,139.204235,"A/"
"PhonAlign",139.204235,139.234235,"R"
"PhonAlign",139.234235,139.334235,"s"
"PhonAlign",139.334235,139.434235,"k"
"PhonAlign",139.434235,139.464235,"O~"
"PhonAlign",139.464235,139.72423500000002,"n"
"PhonAlign",139.72423500000002,140.054235,"E"
"PhonAlign",140.054235,140.13423500000002,"m"
"PhonAlign",140.13423500000002,140.174235,"b"
"PhonAlign",140.174235,140.274235,"j"
"PhonAlign",140.274235,140.44423500000002,"U~/"
"PhonAlign",140.44423500000002,140.60423500000002,"S"
"PhonAlign",140.60423500000002,140.714235,"a~"
"PhonAlign",140.714235,140.784235,"Z"
"PhonAlign",140.784235,140.874235,"e"
"PhonAlign",140.874235,140.91423500000002,"d"
"PhonAlign",140.91423500000002,141.024235,"y"
"PhonAlign",141.024235,141.114235,"n"
"PhonAlign",141.114235,141.19423500000002,"i"
"PhonAlign",141.19423500000002,141.234235,"v"
"PhonAlign",141.234235,141.554235,"E"
"PhonAlign",141.554235,141.674235,"R"
"PhonAlign",141.674235,141.91423500000002,"e"
"PhonAlign",141.91423500000002,142.174235,"fp"
"PhonAlign",142.174235,143.054235,"#"
"PhonAlign",143.054235,143.394235,"v"
"PhonAlign",143.394235,143.50423500000002,"w"
"PhonAlign",143.50423500000002,143.534235,"A/"
"PhonAlign",143.534235,143.63423500000002,"R"
"PhonAlign",143.63423500000002,143.774235,"d"
"PhonAlign",143.774235,143.844235,"O/"
"PhonAlign",143.844235,143.904235,"t"
"PhonAlign",143.904235,144.144235,"R"
"PhonAlign",144.144235,144.38423500000002,"2"
"PhonAlign",144.38423500000002,144.454235,"z"
"PhonAlign",144.454235,144.514235,"S"
"PhonAlign",144.514235,144.544235,"O/"
"PhonAlign",144.544235,144.57423500000002,"z"
"PhonAlign",144.57423500000002,145.204235,"#"
"PhonAlign",145.204235,145.234235,"k"
"PhonAlign",145.234235,145.79,"@"
"PhonAlign",145.79,146.32,"#"
"PhonAlign",146.32,146.36,"l"
"PhonAlign",146.36,146.39,"A/"
"PhonAlign",146.39,146.51999999999998,"v"
"PhonAlign",146.51999999999998,146.57999999999998,"i"
"PhonAlign",146.57999999999998,146.61,"d"
"PhonAlign",146.61,146.76999999999998,"@"
"PhonAlign",146.76999999999998,147.01,"t"
"PhonAlign",147.01,147.04,"u"
"PhonAlign",147.04,147.07,"l"
"PhonAlign",147.07,147.19,"e"
"PhonAlign",147.19,147.25,"Z"
"PhonAlign",147.25,147.37,"u"
"PhonAlign",147.37,147.479062,"R"
"PhonAlign",147.479062,150.010312,"#"
"PhonAlign",150.010312,150.230312,"s"
"PhonAlign",150.230312,150.300312,"e"
"PhonAlign",150.300312,150.410312,"A/"
"PhonAlign",150.410312,150.600312,"s"
"PhonAlign",150.600312,150.770312,"e"
"PhonAlign",150.770312,151.000312,"E"
"PhonAlign",151.000312,151.080312,"k"
"PhonAlign",151.080312,151.210312,"s"
"PhonAlign",151.210312,151.240312,"t"
"PhonAlign",151.240312,151.290312,"R"
"PhonAlign",151.290312,151.330312,"A/"
"PhonAlign",151.330312,151.380312,"O/"
"PhonAlign",151.380312,151.530312,"R"
"PhonAlign",151.530312,151.560312,"d"
"PhonAlign",151.560312,151.590312,"i"
"PhonAlign",151.590312,151.640312,"n"
"PhonAlign",151.640312,151.790312,"E"
"PhonAlign",151.790312,151.850312,"R"
"PhonAlign",151.850312,151.960312,"e"
"PhonAlign",151.960312,152.240312,"p"
"PhonAlign",152.240312,152.540312,"i"
"PhonAlign",152.540312,152.946563,"fp"
"PhonAlign",152.946563,154.532812,"#"
"PhonAlign",154.532812,154.692812,"j"
"PhonAlign",154.692812,154.742812,"A/"
"PhonAlign",154.742812,154.852812,"t"
"PhonAlign",154.852812,154.89281200000002,"u"
"PhonAlign",154.89281200000002,154.952812,"j"
"PhonAlign",154.952812,155.02281200000002,"u"
"PhonAlign",155.02281200000002,155.05281200000002,"R"
"PhonAlign",155.05281200000002,155.092812,"d"
"PhonAlign",155.092812,155.192812,"e"
"PhonAlign",155.192812,155.27281200000002,"z"
"PhonAlign",155.27281200000002,155.39281200000002,"U~/"
"PhonAlign",155.39281200000002,155.482812,"t"
"PhonAlign",155.482812,155.542812,"R"
"PhonAlign",155.542812,155.622812,"i"
"PhonAlign",155.622812,155.702812,"g"
"PhonAlign",155.702812,155.882812,"f"
"PhonAlign",155.882812,156.02281200000002,"O/"
"PhonAlign",156.02281200000002,156.122812,"R"
"PhonAlign",156.122812,156.389063,"t"
"PhonAlign",156.389063,157.080938,"#"
"PhonAlign",157.080938,157.270938,"s"
"PhonAlign",157.270938,157.320938,"A/"
"PhonAlign",157.320938,157.390938,"n"
"PhonAlign",157.390938,157.460938,"u"
"PhonAlign",157.460938,157.560938,"p"
"PhonAlign",157.560938,157.620938,"E"
"PhonAlign",157.620938,157.710938,"R"
"PhonAlign",157.710938,157.760938,"m"
"PhonAlign",157.760938,157.850938,"E"
"PhonAlign",157.850938,157.930938,"p"
"PhonAlign",157.930938,157.990938,"a~"
"PhonAlign",157.990938,158.020938,"d"
"PhonAlign",158.020938,158.050938,"a~"
"PhonAlign",158.050938,158.080938,"d"
"PhonAlign",158.080938,158.19093800000002,"a~"
"PhonAlign",158.19093800000002,158.270938,"d"
"PhonAlign",158.270938,158.380938,"2"
"PhonAlign",158.380938,158.470938,"z"
"PhonAlign",158.470938,158.610938,"9"
"PhonAlign",158.610938,158.680938,"R"
"PhonAlign",158.680938,158.780938,"d"
"PhonAlign",158.780938,159.260938,"@"
"PhonAlign",159.260938,159.370938,"n"
"PhonAlign",159.370938,159.470938,"u"
"PhonAlign",159.470938,159.560938,"k"
"PhonAlign",159.560938,159.640938,"O~"
"PhonAlign",159.640938,159.740938,"s"
"PhonAlign",159.740938,159.820938,"a~"
"PhonAlign",159.820938,159.870938,"t"
"PhonAlign",159.870938,159.930938,"R"
"PhonAlign",159.930938,159.990938,"e"
"PhonAlign",159.990938,160.120938,"s"
"PhonAlign",160.120938,160.150938,"y"
"PhonAlign",160.150938,160.250938,"R"
"PhonAlign",160.250938,160.280938,"O/"
"PhonAlign",160.280938,160.320938,"t"
"PhonAlign",160.320938,160.41093800000002,"R"
"PhonAlign",160.41093800000002,160.580938,"S"
"PhonAlign",160.580938,160.69093800000002,"O/"
"PhonAlign",160.69093800000002,160.890938,"z"
"PhonAlign",160.890938,161.080938,"k"
"PhonAlign",161.080938,161.44093800000002,"@"
"PhonAlign",161.44093800000002,161.510938,"l"
"PhonAlign",161.510938,161.600938,"A/"
"PhonAlign",161.600938,161.66093800000002,"v"
"PhonAlign",161.66093800000002,161.750938,"i"
"PhonAlign",161.750938,161.840938,"k"
"PhonAlign",161.840938,161.890938,"O/"
"PhonAlign",161.890938,162.030938,"t"
"PhonAlign",162.030938,162.090938,"i"
"PhonAlign",162.090938,162.140938,"d"
"PhonAlign",162.140938,162.180938,"j"
"PhonAlign",162.180938,162.290938,"E"
"PhonAlign",162.290938,162.360938,"n"
"PhonAlign",162.360938,162.438352,"@"
"PhonAlign",162.438352,163.29,"#"
"PhonAlign",163.29,163.48,"e"
"PhonAlign",163.48,163.53,"v"
"PhonAlign",163.53,163.59,"w"
"PhonAlign",163.59,163.63,"A/"
"PhonAlign",163.63,163.66,"l"
"PhonAlign",163.66,163.82999999999998,"A/"
"PhonAlign",163.82999999999998,164.12,"s"
"PhonAlign",164.12,164.42,"e"
"PhonAlign",164.42,164.53,"s"
"PhonAlign",164.53,164.57,"e"
"PhonAlign",164.57,164.6,"v"
"PhonAlign",164.6,164.63,"R"
"PhonAlign",164.63,164.67,"E"
"PhonAlign",164.67,164.75,"m"
"PhonAlign",164.75,164.82999999999998,"a~"
"PhonAlign",164.82999999999998,164.94,"U~/"
"PhonAlign",164.94,165.04999999999998,"f"
"PhonAlign",165.04999999999998,165.09,"i"
"PhonAlign",165.09,165.12,"l"
"PhonAlign",165.12,165.17,"m"
"PhonAlign",165.17,165.25,"b"
"PhonAlign",165.25,165.32,"j"
"PhonAlign",165.32,165.6,"U~/"
"PhonAlign",165.6,166.017557,"#"
"PhonAlign",166.017557,166.157557,"e"
"PhonAlign",166.157557,166.187557,"d"
"PhonAlign",166.187557,166.267557,"y"
"PhonAlign",166.267557,166.31755700000002,"k"
"PhonAlign",166.31755700000002,166.397557,"u"
"PhonAlign",166.397557,166.457557,"S"
"PhonAlign",166.457557,166.517557,"p"
"PhonAlign",166.517557,166.607557,"a~"
"PhonAlign",166.607557,166.677557,"s"
"PhonAlign",166.677557,166.75755700000002,"k"
"PhonAlign",166.75755700000002,166.937557,"@"
"PhonAlign",166.937557,167.157557,"s"
"PhonAlign",167.157557,167.217557,"i"
"PhonAlign",167.217557,167.297557,"O~"
"PhonAlign",167.297557,167.367557,"m"
"PhonAlign",167.367557,167.457557,"E"
"PhonAlign",167.457557,167.577557,"t"
"PhonAlign",167.577557,167.677557,"e"
"PhonAlign",167.677557,167.78755700000002,"s"
"PhonAlign",167.78755700000002,167.857557,"#"
"PhonAlign",167.857557,168.217557,"a~"
"PhonAlign",168.217557,168.487557,"t"
"PhonAlign",168.487557,168.587557,"O/"
"PhonAlign",168.587557,168.63755700000002,"p"
"PhonAlign",168.63755700000002,168.737557,"d"
"PhonAlign",168.737557,168.81755700000002,"A/"
"PhonAlign",168.81755700000002,168.997557,"f"
"PhonAlign",168.997557,169.057557,"i"
"PhonAlign",169.057557,169.267557,"S"
"PhonAlign",169.267557,169.37755700000002,"s"
"PhonAlign",169.37755700000002,169.407557,"y"
"PhonAlign",169.407557,169.47755700000002,"R"
"PhonAlign",169.47755700000002,169.53755700000002,"n"
"PhonAlign",169.53755700000002,169.587557,"O/"
"PhonAlign",169.587557,169.62755700000002,"t"
"PhonAlign",169.62755700000002,169.69755700000002,"f"
"PhonAlign",169.69755700000002,169.737557,"E"
"PhonAlign",169.737557,169.78755700000002,"s"
"PhonAlign",169.78755700000002,169.907557,"t"
"PhonAlign",169.907557,169.937557,"i"
"PhonAlign",169.937557,169.967557,"v"
"PhonAlign",169.967557,170.057557,"A/"
"PhonAlign",170.057557,170.087557,"l"
"PhonAlign",170.087557,170.157557,"fp"
"PhonAlign",170.157557,170.297557,"s"
"PhonAlign",170.297557,170.34755700000002,"e"
"PhonAlign",170.34755700000002,170.437557,"2"
"PhonAlign",170.437557,170.547557,"s"
"PhonAlign",170.547557,170.59755700000002,"@"
"PhonAlign",170.59755700000002,170.66755700000002,"R"
"PhonAlign",170.66755700000002,170.827557,"E"
"PhonAlign",170.827557,170.88755700000002,"Z"
"PhonAlign",170.88755700000002,170.937557,"E"
"PhonAlign",170.937557,171.00755700000002,"n"
"PhonAlign",171.00755700000002,171.147557,"A/"
"PhonAlign",171.147557,171.188438,"l"
"PhonAlign",171.188438,750.67,"#"
"PhonAlign",750.67,750.7199999999999,"l"
"PhonAlign",750.7199999999999,750.9499999999999,"O/"
"PhonAlign",750.9499999999999,750.9799999999999,"R"
"PhonAlign",750.9799999999999,751.03,"S"
"PhonAlign",751.03,751.14,"p"
"PhonAlign",751.14,751.2199999999999,"a~"
"PhonAlign",751.2199999999999,751.36,"s"
"PhonAlign",751.36,751.54,"k"
"PhonAlign",751.54,751.63,"a~"
"PhonAlign",751.63,751.7299999999999,"m"
"PhonAlign",751.7299999999999,751.8299999999999,"E"
"PhonAlign",751.8299999999999,751.9599999999999,"m"
"PhonAlign",751.9599999999999,752.13,"k"
"PhonAlign",752.13,752.4499999999999,"@"
"PhonAlign",752.4499999999999,752.56,"l"
"PhonAlign",752.56,752.705,"e"
"PhonAlign",752.705,753.199883,"#"
"PhonAlign",753.199883,753.309883,"l"
"PhonAlign",753.309883,753.389883,"A/"
"PhonAlign",753.389883,753.609883,"S"
"PhonAlign",753.609883,753.729883,"O/"
"PhonAlign",753.729883,753.859883,"z"
"PhonAlign",753.859883,753.949883,"A/"
"PhonAlign",753.949883,754.099883,"e"
"PhonAlign",754.099883,754.139883,"v"
"PhonAlign",754.139883,754.229883,"i"
"PhonAlign",754.229883,754.349883,"t"
"PhonAlign",754.349883,754.469883,"e"
"PhonAlign",754.469883,754.589883,"s"
"PhonAlign",754.589883,754.629883,"@"
"PhonAlign",754.629883,754.789883,"s"
"PhonAlign",754.789883,754.819883,"2"
"PhonAlign",754.819883,754.859883,"R"
"PhonAlign",754.859883,754.949883,"e"
"PhonAlign",754.949883,755.059883,"O/"
"PhonAlign",755.059883,755.139883,"R"
"PhonAlign",755.139883,755.209883,"9"
"PhonAlign",755.209883,755.239883,"R"
"PhonAlign",755.239883,755.319883,"e"
"PhonAlign",755.319883,755.389883,"s"
"PhonAlign",755.389883,755.459883,"y"
"PhonAlign",755.459883,755.529883,"s"
"PhonAlign",755.529883,755.609883,"p"
"PhonAlign",755.609883,755.689883,"a~"
"PhonAlign",755.689883,755.739883,"z"
"PhonAlign",755.739883,755.939883,"p"
"PhonAlign",755.939883,755.989883,"A/"
"PhonAlign",755.989883,756.049883,"s"
"PhonAlign",756.049883,756.129883,"k"
"PhonAlign",756.129883,756.199883,"@"
"PhonAlign",756.199883,756.319883,"s"
"PhonAlign",756.319883,756.409883,"A/"
"PhonAlign",756.409883,756.439883,"v"
"PhonAlign",756.439883,756.609883,"A/"
"PhonAlign",756.609883,756.979883,"v"
"PhonAlign",756.979883,757.099883,"A/"
"PhonAlign",757.099883,757.289883,"S"
"PhonAlign",757.289883,757.329883,"2"
"PhonAlign",757.329883,757.359883,"m"
"PhonAlign",757.359883,757.499883,"a~"
"PhonAlign",757.499883,757.539883,"R"
"PhonAlign",757.539883,757.679883,"E"
"PhonAlign",757.679883,757.769883,"d"
"PhonAlign",757.769883,757.979883,"y"
"PhonAlign",757.979883,758.019883,"i"
"PhonAlign",758.019883,758.109883,"R"
"PhonAlign",758.109883,758.829883,"#"
"PhonAlign",758.829883,758.939883,"n"
"PhonAlign",758.939883,759.009883,"O/"
"PhonAlign",759.009883,759.099883,"t"
"PhonAlign",759.099883,759.139883,"R"
"PhonAlign",759.139883,759.229883,"@"
"PhonAlign",759.229883,759.319883,"p"
"PhonAlign",759.319883,759.379883,"y"
"PhonAlign",759.379883,759.439883,"b"
"PhonAlign",759.439883,759.479883,"l"
"PhonAlign",759.479883,759.639883,"i"
"PhonAlign",759.639883,759.869883,"k"
"PhonAlign",759.869883,760.569883,"#"
"PhonAlign",760.569883,761.469883,"fp"
"PhonAlign",761.469883,761.589883,"l"
"PhonAlign",761.589883,761.649883,"@"
"PhonAlign",761.649883,761.739883,"p"
"PhonAlign",761.739883,761.789883,"R"
"PhonAlign",761.789883,761.849883,"O/"
"PhonAlign",761.849883,761.899883,"b"
"PhonAlign",761.899883,761.929883,"l"
"PhonAlign",761.929883,762.019883,"E"
"PhonAlign",762.019883,762.089883,"m"
"PhonAlign",762.089883,762.159883,"d"
"PhonAlign",762.159883,762.209883,"@"
"PhonAlign",762.209883,762.249883,"l"
"PhonAlign",762.249883,762.349883,"A/"
"PhonAlign",762.349883,762.409883,"R"
"PhonAlign",762.409883,762.539883,"O/"
"PhonAlign",762.539883,762.589883,"m"
"PhonAlign",762.589883,762.759883,"a~"
"PhonAlign",762.759883,763.029883,"s"
"PhonAlign",763.029883,763.069883,"@"
"PhonAlign",763.069883,763.219883,"s"
"PhonAlign",763.219883,763.339883,"e"
"PhonAlign",763.339883,763.589883,"k"
"PhonAlign",763.589883,763.879883,"@"
"PhonAlign",763.879883,764.069883,"s"
"PhonAlign",764.069883,764.099883,"e"
"PhonAlign",764.099883,764.229883,"U~/"
"PhonAlign",764.229883,764.319883,"p"
"PhonAlign",764.319883,764.369883,"2"
"PhonAlign",764.369883,764.539883,"s"
"PhonAlign",764.539883,764.599883,"u"
"PhonAlign",764.599883,764.659883,"k"
"PhonAlign",764.659883,764.739883,"O/"
"PhonAlign",764.739883,764.869883,"t"
"PhonAlign",764.869883,764.939883,"e"
"PhonAlign",764.939883,765.029883,"a~"
"PhonAlign",765.029883,765.179883,"s"
"PhonAlign",765.179883,765.219883,"m"
"PhonAlign",765.219883,765.269883,"O/"
"PhonAlign",765.269883,765.299883,"m"
"PhonAlign",765.299883,765.54,"a~"
"PhonAlign",765.54,766.089985,"#"
"PhonAlign",766.089985,766.439985,"E"
"PhonAlign",766.439985,766.529985,"m"
"PhonAlign",766.529985,766.6199849999999,"A/"
"PhonAlign",766.6199849999999,766.659985,"l"
"PhonAlign",766.659985,766.7599849999999,"g"
"PhonAlign",766.7599849999999,766.789985,"R"
"PhonAlign",766.789985,766.8899849999999,"e"
"PhonAlign",766.8899849999999,766.9799849999999,"k"
"PhonAlign",766.9799849999999,767.0099849999999,"j"
"PhonAlign",767.0099849999999,767.049985,"e"
"PhonAlign",767.049985,767.1299849999999,"b"
"PhonAlign",767.1299849999999,767.219985,"O/"
"PhonAlign",767.219985,767.299985,"k"
"PhonAlign",767.299985,767.329985,"u"
"PhonAlign",767.329985,767.419985,"d"
"PhonAlign",767.419985,767.4799849999999,"i"
"PhonAlign",767.4799849999999,767.549985,"p"
"PhonAlign",767.549985,767.6299849999999,"E"
"PhonAlign",767.6299849999999,767.659985,"R"
"PhonAlign",767.659985,767.7499849999999,"s"
"PhonAlign",767.7499849999999,767.829985,"a~"
"PhonAlign",767.829985,767.939985,"s"
"PhonAlign",767.939985,767.9999849999999,"i"
"PhonAlign",767.9999849999999,768.049985,"b"
"PhonAlign",768.049985,768.1399849999999,"l"
"PhonAlign",768.1399849999999,768.209985,"d"
"PhonAlign",768.209985,768.339985,"a~"
"PhonAlign",768.339985,768.439985,"z"
"PhonAlign",768.439985,768.469985,"l"
"PhonAlign",768.469985,768.569985,"@"
"PhonAlign",768.569985,768.6199849999999,"m"
"PhonAlign",768.6199849999999,768.679985,"O~"
"PhonAlign",768.679985,768.709985,"d"
"PhonAlign",768.709985,768.74782,"@"
"PhonAlign",768.74782,770.012789,"#"
"PhonAlign",770.012789,770.052789,"i"
"PhonAlign",770.052789,770.272789,"l"
"PhonAlign",770.272789,770.372789,"i"
"PhonAlign",770.372789,770.544442,"A/"
"PhonAlign",770.544442,771.2,"#"
"PhonAlign",771.2,771.34,"p"
"PhonAlign",771.34,771.37,"l"
"PhonAlign",771.37,771.44,"y"
"PhonAlign",771.44,771.5,"t"
"PhonAlign",771.5,771.57,"R"
"PhonAlign",771.57,771.6500000000001,"O/"
"PhonAlign",771.6500000000001,771.7,"d"
"PhonAlign",771.7,771.74,"Z"
"PhonAlign",771.74,771.85,"a~"
"PhonAlign",771.85,772.0,"k"
"PhonAlign",772.0,772.0300000000001,"j"
"PhonAlign",772.0300000000001,772.07,"v"
"PhonAlign",772.07,772.19,"9"
"PhonAlign",772.19,772.22,"l"
"PhonAlign",772.22,772.25,"R"
"PhonAlign",772.25,772.2800000000001,"2"
"PhonAlign",772.2800000000001,772.38,"g"
"PhonAlign",772.38,772.4300000000001,"A/"
"PhonAlign",772.4300000000001,772.46,"R"
"PhonAlign",772.46,772.5,"d"
"PhonAlign",772.5,772.5600000000001,"e"
"PhonAlign",772.5600000000001,772.59,"d"
"PhonAlign",772.59,772.62,"l"
"PhonAlign",772.62,772.6800000000001,"A/"
"PhonAlign",772.6800000000001,772.76,"R"
"PhonAlign",772.76,772.82,"O/"
"PhonAlign",772.82,772.86,"m"
"PhonAlign",772.86,772.98,"a~"
"PhonAlign",772.98,773.1800000000001,"s"
"PhonAlign",773.1800000000001,773.7900000000001,"#"
"PhonAlign",773.7900000000001,773.83,"l"
"PhonAlign",773.83,773.9300000000001,"A/"
"PhonAlign",773.9300000000001,773.99,"v"
"PhonAlign",773.99,774.0600000000001,"a~"
"PhonAlign",774.0600000000001,774.1700000000001,"t"
"PhonAlign",774.1700000000001,774.2,"y"
"PhonAlign",774.2,774.3000000000001,"R"
"PhonAlign",774.3000000000001,774.33,"S"
"PhonAlign",774.33,774.38,"p"
"PhonAlign",774.38,774.46,"a~"
"PhonAlign",774.46,774.5200000000001,"s"
"PhonAlign",774.5200000000001,774.5600000000001,"k"
"PhonAlign",774.5600000000001,774.62,"@"
"PhonAlign",774.62,774.6500000000001,"s"
"PhonAlign",774.6500000000001,774.73,"A/"
"PhonAlign",774.73,774.8000000000001,"p"
"PhonAlign",774.8000000000001,774.84,"@"
"PhonAlign",774.84,774.9300000000001,"E"
"PhonAlign",774.9300000000001,774.97,"t"
"PhonAlign",774.97,775.0300000000001,"b"
"PhonAlign",775.0300000000001,775.1,"j"
"PhonAlign",775.1,775.296563,"U~/"
"PhonAlign",775.296563,790.315313,"#"
"PhonAlign",790.315313,790.405313,"l"
"PhonAlign",790.405313,790.555313,"O/"
"PhonAlign",790.555313,790.645313,"R"
"PhonAlign",790.645313,790.685313,"E"
"PhonAlign",790.685313,790.815313,"k"
"PhonAlign",790.815313,790.925313,"s"
"PhonAlign",790.925313,790.9753129999999,"k"
"PhonAlign",790.9753129999999,791.035313,"y"
"PhonAlign",791.035313,791.1153129999999,"z"
"PhonAlign",791.1153129999999,791.155313,"m"
"PhonAlign",791.155313,791.185313,"w"
"PhonAlign",791.185313,791.275313,"A/"
"PhonAlign",791.275313,791.3453129999999,"Z"
"PhonAlign",791.3453129999999,791.405313,"e"
"PhonAlign",791.405313,791.4653129999999,"p"
"PhonAlign",791.4653129999999,791.525313,"A/"
"PhonAlign",791.525313,791.5753129999999,"R"
"PhonAlign",791.5753129999999,791.6153129999999,"l"
"PhonAlign",791.6153129999999,791.6953129999999,"e"
"PhonAlign",791.6953129999999,791.7453129999999,"d"
"PhonAlign",791.7453129999999,791.815313,"@"
"PhonAlign",791.815313,791.935313,"t"
"PhonAlign",791.935313,791.9953129999999,"O/"
"PhonAlign",791.9953129999999,792.0753129999999,"m"
"PhonAlign",792.0753129999999,792.155313,"O/"
"PhonAlign",792.155313,792.2053129999999,"l"
"PhonAlign",792.2053129999999,792.305313,"a~"
"PhonAlign",792.305313,792.3353129999999,"d"
"PhonAlign",792.3353129999999,793.420062,"laugh"
"PhonAlign",793.420062,794.98942,"#"
"PhonAlign",794.98942,795.386256,"laugh"
"PhonAlign",795.386256,798.482813,"#"
"PhonAlign",798.482813,798.6428129999999,"s"
"PhonAlign",798.6428129999999,798.712813,"e"
"PhonAlign",798.712813,798.7628129999999,"v"
"PhonAlign",798.7628129999999,798.802813,"R"
"PhonAlign",798.802813,798.852813,"E"
"PhonAlign",798.852813,799.0228129999999,"i"
"PhonAlign",799.0228129999999,799.062813,"e"
"PhonAlign",799.062813,799.192813,"U~/"
"PhonAlign",799.192813,799.252813,"k"
"PhonAlign",799.252813,799.312813,"R"
"PhonAlign",799.312813,799.342813,"w"
"PhonAlign",799.342813,799.3928129999999,"A/"
"PhonAlign",799.3928129999999,799.452813,"j"
"PhonAlign",799.452813,799.612813,"A/"
"PhonAlign",799.612813,799.712813,"b"
"PhonAlign",799.712813,799.748438,"l"
"PhonAlign",799.748438,813.9,"#"
"PhonAlign",813.9,814.02,"b"
"PhonAlign",814.02,814.2099999999999,"E"
"PhonAlign",814.2099999999999,814.5699999999999,"#"
"PhonAlign",814.5699999999999,814.65,"O/"
"PhonAlign",814.65,814.6899999999999,"m"
"PhonAlign",814.6899999999999,814.75,"O/"
"PhonAlign",814.75,814.81,"m"
"PhonAlign",814.81,814.86,"a~"
"PhonAlign",814.86,814.93,"u"
"PhonAlign",814.93,815.05,"t"
"PhonAlign",815.05,815.0799999999999,"y"
"PhonAlign",815.0799999999999,815.26,"p"
"PhonAlign",815.26,815.49,"A/"
"PhonAlign",815.49,815.75,"R"
"PhonAlign",815.75,815.85,"A/"
"PhonAlign",815.85,815.93,"v"
"PhonAlign",815.93,816.05,"E"
"PhonAlign",816.05,816.3299999999999,"k"
"PhonAlign",816.3299999999999,816.42,"l"
"PhonAlign",816.42,816.5,"A/"
"PhonAlign",816.5,816.55,"R"
"PhonAlign",816.55,816.63,"g"
"PhonAlign",816.63,816.72,"y"
"PhonAlign",816.72,816.8,"m"
"PhonAlign",816.8,816.97,"a~"
"PhonAlign",816.97,817.01,"s"
"PhonAlign",817.01,817.04,"e"
"PhonAlign",817.04,817.4399999999999,"p"
"PhonAlign",817.4399999999999,817.54,"u"
"PhonAlign",817.54,817.68,"R"
"PhonAlign",817.68,817.72,"l"
"PhonAlign",817.72,817.81,"e"
"PhonAlign",817.81,817.87,"z"
"PhonAlign",817.87,817.9399999999999,"i"
"PhonAlign",817.9399999999999,817.98,"p"
"PhonAlign",817.98,818.03,"E"
"PhonAlign",818.03,818.36,"R"
"PhonAlign",818.36,818.51,"s"
"PhonAlign",818.51,818.55,"a~"
"PhonAlign",818.55,818.63,"s"
"PhonAlign",818.63,818.72,"i"
"PhonAlign",818.72,818.77,"b"
"PhonAlign",818.77,819.06,"l"
"PhonAlign",819.06,819.492188,"z"
"PhonAlign",819.492188,823.424063,"#"
"PhonAlign",823.424063,823.6340630000001,"s"
"PhonAlign",823.6340630000001,823.714063,"e"
"PhonAlign",823.714063,823.824063,"s"
"PhonAlign",823.824063,823.954063,"A/"
"PhonAlign",823.954063,823.984063,"l"
"PhonAlign",823.984063,824.074063,"p"
"PhonAlign",824.074063,824.1240630000001,"R"
"PhonAlign",824.1240630000001,824.204063,"O/"
"PhonAlign",824.204063,824.234063,"b"
"PhonAlign",824.234063,824.2640630000001,"l"
"PhonAlign",824.2640630000001,824.3940630000001,"E"
"PhonAlign",824.3940630000001,824.454063,"m"
"PhonAlign",824.454063,824.67,"@"
"PhonAlign",824.67,825.7,"#"
"PhonAlign",825.7,825.74,"d"
"PhonAlign",825.74,825.7900000000001,"y"
"PhonAlign",825.7900000000001,825.99,"k"
"PhonAlign",825.99,826.0300000000001,"u"
"PhonAlign",826.0300000000001,826.0600000000001,"Z"
"PhonAlign",826.0600000000001,826.1400000000001,"@"
"PhonAlign",826.1400000000001,826.24,"s"
"PhonAlign",826.24,826.2700000000001,"y"
"PhonAlign",826.2700000000001,826.3000000000001,"i"
"PhonAlign",826.3000000000001,826.33,"d"
"PhonAlign",826.33,826.4100000000001,"A/"
"PhonAlign",826.4100000000001,826.48,"k"
"PhonAlign",826.48,826.5600000000001,"O/"
"PhonAlign",826.5600000000001,826.59,"R"
"PhonAlign",826.59,826.72,"A/"
"PhonAlign",826.72,826.75,"v"
"PhonAlign",826.75,826.86,"a~"
"PhonAlign",826.86,826.99,"t"
"PhonAlign",826.99,827.0200000000001,"y"
"PhonAlign",827.0200000000001,827.09,"R"
"PhonAlign",827.09,827.24,"s"
"PhonAlign",827.24,827.3000000000001,"e"
"PhonAlign",827.3000000000001,827.4000000000001,"U~/"
"PhonAlign",827.4000000000001,827.49,"t"
"PhonAlign",827.49,827.5400000000001,"R"
"PhonAlign",827.5400000000001,827.57,"E"
"PhonAlign",827.57,827.6,"b"
"PhonAlign",827.6,827.7,"O~"
"PhonAlign",827.7,827.7800000000001,"t"
"PhonAlign",827.7800000000001,827.85,"E"
"PhonAlign",827.85,827.9200000000001,"m"
"PhonAlign",827.9200000000001,828.023907,"@"
"PhonAlign",828.023907,855.419063,"#"
"PhonAlign",855.419063,855.459063,"A/"
"PhonAlign",855.459063,855.5290630000001,"v"
"PhonAlign",855.5290630000001,855.709063,"a~"
"PhonAlign",855.709063,855.7790630000001,"t"
"PhonAlign",855.7790630000001,855.8990630000001,"y"
"PhonAlign",855.8990630000001,856.161563,"R"
"PhonAlign",856.161563,865.172813,"#"
"PhonAlign",865.172813,865.432813,"fp"
"PhonAlign",865.432813,865.572813,"u"
"PhonAlign",865.572813,865.712813,"i"
"PhonAlign",865.712813,865.7528130000001,"j"
"PhonAlign",865.7528130000001,865.782813,"A/"
"PhonAlign",865.782813,865.8728130000001,"y"
"PhonAlign",865.8728130000001,865.952813,"n"
"PhonAlign",865.952813,866.312813,"@"
"PhonAlign",866.312813,866.342813,"v"
"PhonAlign",866.342813,866.3728130000001,"w"
"PhonAlign",866.3728130000001,866.402813,"A/"
"PhonAlign",866.402813,866.512813,"z"
"PhonAlign",866.512813,866.852813,"t"
"PhonAlign",866.852813,866.882813,"y"
"PhonAlign",866.882813,866.944688,"n"
"PhonAlign",866.944688,935.56,"#"
"PhonAlign",935.56,935.74,"A/"
"PhonAlign",935.74,935.79,"l"
"PhonAlign",935.79,935.9,"R"
"PhonAlign",935.9,936.09,"p"
"PhonAlign",936.09,936.15,"E"
"PhonAlign",936.15,936.2,"R"
"PhonAlign",936.2,936.34,"s"
"PhonAlign",936.34,936.38,"O/"
"PhonAlign",936.38,936.41,"n"
"PhonAlign",936.41,936.44,"E"
"PhonAlign",936.44,936.48,"l"
"PhonAlign",936.48,936.58,"m"
"PhonAlign",936.58,936.68,"a~"
"PhonAlign",936.68,936.72,"m"
"PhonAlign",936.72,936.75,"w"
"PhonAlign",936.75,936.8,"A/"
"PhonAlign",936.8,936.85,"S"
"PhonAlign",936.85,936.92,"p"
"PhonAlign",936.92,936.96,"R"
"PhonAlign",936.96,937.01,"E"
"PhonAlign",937.01,937.1,"f"
"PhonAlign",937.1,937.16,"E"
"PhonAlign",937.16,937.21,"R"
"PhonAlign",937.21,937.25,"l"
"PhonAlign",937.25,937.33,"e"
"PhonAlign",937.33,937.52,"f"
"PhonAlign",937.52,937.66,"i"
"PhonAlign",937.66,937.69,"l"
"PhonAlign",937.69,937.81,"m"
"PhonAlign",937.81,937.88,"z"
"PhonAlign",937.88,938.45,"#"
"PhonAlign",938.45,938.51,"p"
"PhonAlign",938.51,938.56,"A/"
"PhonAlign",938.56,938.66,"s"
"PhonAlign",938.66,938.73,"k"
"PhonAlign",938.73,938.76,"@"
"PhonAlign",938.76,938.79,"l"
"PhonAlign",938.79,938.84,"@"
"PhonAlign",938.84,938.92,"p"
"PhonAlign",938.92,938.97,"R"
"PhonAlign",938.97,939.05,"O/"
"PhonAlign",939.05,939.08,"b"
"PhonAlign",939.08,939.11,"l"
"PhonAlign",939.11,939.15,"E"
"PhonAlign",939.15,939.23,"m"
"PhonAlign",939.23,939.29,"d"
"PhonAlign",939.29,939.38,"e"
"PhonAlign",939.38,939.55,"s"
"PhonAlign",939.55,939.64,"e"
"PhonAlign",939.64,939.67,"R"
"PhonAlign",939.67,939.77,"i"
"PhonAlign",939.77,939.82,"d"
"PhonAlign",939.82,939.92,"A/"
"PhonAlign",939.92,939.96,"v"
"PhonAlign",939.96,940.09,"a~"
"PhonAlign",940.09,940.24,"t"
"PhonAlign",940.24,940.45,"y"
"PhonAlign",940.45,940.58,"R"
"PhonAlign",940.58,940.79,"s"
"PhonAlign",940.79,940.89,"e"
"PhonAlign",940.89,941.08,"k"
"PhonAlign",941.08,941.35,"@"
"PhonAlign",941.35,941.78,"#"
"PhonAlign",941.78,941.85,"A/"
"PhonAlign",941.85,941.88,"l"
"PhonAlign",941.88,941.95,"A/"
"PhonAlign",941.95,942.05,"f"
"PhonAlign",942.05,942.11,"U~/"
"PhonAlign",942.11,942.14,"d"
"PhonAlign",942.14,942.17,"l"
"PhonAlign",942.17,942.23,"e"
"PhonAlign",942.23,942.34,"p"
"PhonAlign",942.34,942.37,"i"
"PhonAlign",942.37,942.44,"z"
"PhonAlign",942.44,942.52,"O/"
"PhonAlign",942.52,942.58,"d"
"PhonAlign",942.58,942.64,"O~"
"PhonAlign",942.64,942.75,"s"
"PhonAlign",942.75,942.81,"e"
"PhonAlign",942.81,942.87,"p"
"PhonAlign",942.87,942.95,"A/"
"PhonAlign",942.95,943.04,"s"
"PhonAlign",943.04,943.13,"k"
"PhonAlign",943.13,943.16,"i"
"PhonAlign",943.16,943.25,"s"
"PhonAlign",943.25,943.31,"e"
"PhonAlign",943.31,943.37,"p"
"PhonAlign",943.37,943.45,"A/"
"PhonAlign",943.45,943.54,"s"
"PhonAlign",943.54,943.79,"e"
"PhonAlign",943.79,944.045,"#"
"PhonAlign",944.045,944.375,"a~"
"PhonAlign",944.375,944.525,"f"
"PhonAlign",944.525,944.565,"U~/"
"PhonAlign",944.565,944.625,"O~"
"PhonAlign",944.625,944.675,"n"
"PhonAlign",944.675,944.745,"k"
"PhonAlign",944.745,944.775,"O/"
"PhonAlign",944.775,944.845,"n"
"PhonAlign",944.845,944.895,"E"
"PhonAlign",944.895,944.965,"p"
"PhonAlign",944.965,945.145,"A/"
"PhonAlign",945.145,945.205,"z"
"PhonAlign",945.205,945.235,"l"
"PhonAlign",945.235,945.395,"A/"
"PhonAlign",945.395,945.455,"f"
"PhonAlign",945.455,945.505,"U~/"
"PhonAlign",945.505,945.715,"e"
"PhonAlign",945.715,945.765,"m"
"PhonAlign",945.765,945.815,"w"
"PhonAlign",945.815,945.865,"A/"
"PhonAlign",945.865,945.945,"s"
"PhonAlign",945.945,945.985,"A/"
"PhonAlign",945.985,946.025,"m"
"PhonAlign",946.025,946.115,"@"
"PhonAlign",946.115,946.235,"f"
"PhonAlign",946.235,946.305,"R"
"PhonAlign",946.305,946.385,"y"
"PhonAlign",946.385,946.435,"s"
"PhonAlign",946.435,946.575,"t"
"PhonAlign",946.575,946.635,"R"
"PhonAlign",946.635,946.735,"e"
"PhonAlign",946.735,946.855,"n"
"PhonAlign",946.855,946.945,"O/"
"PhonAlign",946.945,947.005,"R"
"PhonAlign",947.005,947.055,"m"
"PhonAlign",947.055,947.125,"e"
"PhonAlign",947.125,947.175,"m"
"PhonAlign",947.175,947.345,"a~"
"PhonAlign",947.345,948.725,"#"
"PhonAlign",948.725,948.805,"E"
"PhonAlign",948.805,948.875,"g"
"PhonAlign",948.875,948.905,"z"
"PhonAlign",948.905,949.005,"A/"
"PhonAlign",949.005,949.085,"k"
"PhonAlign",949.085,949.175,"t"
"PhonAlign",949.175,949.355,"2"
"PhonAlign",949.355,949.395,"m"
"PhonAlign",949.395,949.425,"a~"
"PhonAlign",949.425,949.51,"t"
"PhonAlign",949.51,950.74315,"#"
"PhonAlign",950.74315,950.91315,"Z"
"PhonAlign",950.91315,950.96315,"@"
"PhonAlign",950.96315,951.02315,"s"
"PhonAlign",951.02315,951.08315,"E"
"PhonAlign",951.08315,951.11315,"p"
"PhonAlign",951.11315,951.23315,"A/"
"PhonAlign",951.23315,951.28315,"m"
"PhonAlign",951.28315,951.40315,"e"
"PhonAlign",951.40315,951.46315,"k"
"PhonAlign",951.46315,951.57315,"a~"
"PhonAlign",951.57315,951.67315,"Z"
"PhonAlign",951.67315,951.70315,"@"
"PhonAlign",951.70315,951.79315,"v"
"PhonAlign",951.79315,951.87315,"w"
"PhonAlign",951.87315,951.96315,"A/"
"PhonAlign",951.96315,952.13315,"k"
"PhonAlign",952.13315,952.26315,"@"
"PhonAlign",952.26315,952.31315,"l"
"PhonAlign",952.31315,952.37315,"e"
"PhonAlign",952.37315,952.48315,"s"
"PhonAlign",952.48315,952.51315,"y"
"PhonAlign",952.51315,952.59315,"p"
"PhonAlign",952.59315,952.78315,"e"
"PhonAlign",952.78315,952.82315,"e"
"PhonAlign",952.82315,952.85315,"R"
"PhonAlign",952.85315,952.91315,"O/"
"PhonAlign",952.91315,953.17315,"a~"
"PhonAlign",953.17315,953.26315,"f"
"PhonAlign",953.26315,953.74315,"U~/"
"PhonAlign",953.74315,953.85315,"l"
"PhonAlign",953.85315,953.94315,"e"
"PhonAlign",953.94315,954.05315,"R"
"PhonAlign",954.05315,954.43315,"O/"
"PhonAlign",954.43315,954.64315,"i"
"PhonAlign",954.64315,954.84315,"e"
"PhonAlign",954.84315,954.99315,"p"
"PhonAlign",954.99315,955.13315,"a~"
"PhonAlign",955.13315,955.22315,"d"
"PhonAlign",955.22315,955.41315,"y"
"PhonAlign",955.41315,955.65315,"a~"
"PhonAlign",955.65315,955.87315,"O/"
"PhonAlign",955.87315,955.95315,"d"
"PhonAlign",955.95315,956.04315,"U~/"
"PhonAlign",956.04315,956.10315,"n"
"PhonAlign",956.10315,956.30315,"A/"
"PhonAlign",956.30315,956.40315,"R"
"PhonAlign",956.40315,956.48315,"b"
"PhonAlign",956.48315,956.74315,"R"
"PhonAlign",956.74315,956.77315,"E"
"PhonAlign",956.77315,956.81315,"O~"
"PhonAlign",956.81315,956.91315,"s"
"PhonAlign",956.91315,956.98315,"e"
"PhonAlign",956.98315,957.02315,"p"
"PhonAlign",957.02315,957.15315,"A/"
"PhonAlign",957.15315,957.31315,"s"
"PhonAlign",957.31315,957.39315,"i"
"PhonAlign",957.39315,957.42315,"v"
"PhonAlign",957.42315,957.50315,"A/"
"PhonAlign",957.50315,957.63315,"s"
"PhonAlign",957.63315,957.66315,"y"
"PhonAlign",957.66315,957.72315,"R"
"PhonAlign",957.72315,957.75315,"v"
"PhonAlign",957.75315,957.87315,"i"
"PhonAlign",957.87315,957.90315,"v"
"PhonAlign",957.90315,957.93315,"R"
"PhonAlign",957.93315,957.98315,"E"
"PhonAlign",957.98315,958.08315,"k"
"PhonAlign",958.08315,958.13315,"@"
"PhonAlign",958.13315,958.18315,"l"
"PhonAlign",958.18315,958.26315,"A/"
"PhonAlign",958.26315,958.36315,"s"
"PhonAlign",958.36315,958.39315,"e"
"PhonAlign",958.39315,958.42315,"l"
"PhonAlign",958.42315,958.47315,"A/"
"PhonAlign",958.47315,958.55315,"f"
"PhonAlign",958.55315,958.59315,"U~/"
"PhonAlign",958.59315,958.62315,"d"
"PhonAlign",958.62315,958.65315,"l"
"PhonAlign",958.65315,958.71315,"e"
"PhonAlign",958.71315,958.79315,"p"
"PhonAlign",958.79315,958.84315,"i"
"PhonAlign",958.84315,958.92315,"z"
"PhonAlign",958.92315,959.01315,"O/"
"PhonAlign",959.01315,959.10315,"d"
"PhonAlign",959.10315,959.60315,"#"
"PhonAlign",959.60315,959.63315,"Z"
"PhonAlign",959.63315,959.66315,"s"
"PhonAlign",959.66315,959.73315,"y"
"PhonAlign",959.73315,959.76315,"i"
"PhonAlign",959.76315,959.86315,"z"
"PhonAlign",959.86315,959.92315,"p"
"PhonAlign",959.92315,959.98315,"A/"
"PhonAlign",959.98315,960.01315,"R"
"PhonAlign",960.01315,960.07315,"t"
"PhonAlign",960.07315,960.10315,"i"
"PhonAlign",960.10315,960.15315,"k"
"PhonAlign",960.15315,960.18315,"y"
"PhonAlign",960.18315,960.21315,"l"
"PhonAlign",960.21315,960.24315,"j"
"PhonAlign",960.24315,960.27315,"E"
"PhonAlign",960.27315,960.31315,"R"
"PhonAlign",960.31315,960.34315,"m"
"PhonAlign",960.34315,960.41315,"a~"
"PhonAlign",960.41315,960.50315,"f"
"PhonAlign",960.50315,960.53315,"R"
"PhonAlign",960.53315,960.56315,"y"
"PhonAlign",960.56315,960.73315,"s"
"PhonAlign",960.73315,960.92315,"t"
"PhonAlign",960.92315,960.95315,"R"
"PhonAlign",960.95315,960.989063,"e"
"PhonAlign",960.989063,961.828112,"#"
"PhonAlign",961.828112,962.249325,"laugh"
"PhonAlign",962.249325,985.592813,"#"
"PhonAlign",985.592813,985.872813,"u"
"PhonAlign",985.872813,986.239189,"i"
"PhonAlign",986.239189,986.573924,"#"
"PhonAlign",986.573924,987.091414,"laugh"
"PhonAlign",987.091414,991.650938,"#"
"PhonAlign",991.650938,991.800938,"e"
"PhonAlign",991.800938,991.840938,"g"
"PhonAlign",991.840938,991.930938,"z"
"PhonAlign",991.930938,992.040938,"A/"
"PhonAlign",992.040938,992.090938,"k"
"PhonAlign",992.090938,992.160938,"t"
"PhonAlign",992.160938,992.220938,"2"
"PhonAlign",992.220938,992.290938,"m"
"PhonAlign",992.290938,992.470938,"a~"
"PhonAlign",992.470938,992.510938,"w"
"PhonAlign",992.510938,992.629688,"E"
"PhonAlign",992.629688,1004.189062,"#"
"PhonAlign",1004.189062,1004.249062,"w"
"PhonAlign",1004.249062,1004.492813,"E"
"PhonAlign",1004.492813,1033.41,"#"
"PhonAlign",1033.41,1033.5800000000002,"u"
"PhonAlign",1033.5800000000002,1033.821563,"i"
"PhonAlign",1033.821563,1038.71,"#"
"PhonAlign",1038.71,1038.78,"b"
"PhonAlign",1038.78,1038.86,"E"
"PhonAlign",1038.86,1038.96,"s"
"PhonAlign",1038.96,1038.99,"A/"
"PhonAlign",1038.99,1039.07,"p"
"PhonAlign",1039.07,1039.12,"@"
"PhonAlign",1039.12,1039.18,"f"
"PhonAlign",1039.18,1039.23,"E"
"PhonAlign",1039.23,1039.26,"R"
"PhonAlign",1039.26,1039.35,"O/"
"PhonAlign",1039.35,1039.47,"s"
"PhonAlign",1039.47,1039.52,"i"
"PhonAlign",1039.52,1039.65,"k"
"PhonAlign",1039.65,1039.75,"O/"
"PhonAlign",1039.75,1039.81,"m"
"PhonAlign",1039.81,1039.93,"e"
"PhonAlign",1039.93,1040.05,"d"
"PhonAlign",1040.05,1040.26,"i"
"PhonAlign",1040.26,1040.45,"U~/"
"PhonAlign",1040.45,1040.67,"p"
"PhonAlign",1040.67,1040.7,"R"
"PhonAlign",1040.7,1040.78,"s"
"PhonAlign",1040.78,1040.84,"k"
"PhonAlign",1040.84,1040.89,"@"
"PhonAlign",1040.89,1040.95,"p"
"PhonAlign",1040.95,1040.99,"A/"
"PhonAlign",1040.99,1041.02,"R"
"PhonAlign",1041.02,1041.06,"E"
"PhonAlign",1041.06,1041.1,"g"
"PhonAlign",1041.1,1041.16,"s"
"PhonAlign",1041.16,1041.24,"a~"
"PhonAlign",1041.24,1041.27,"p"
"PhonAlign",1041.27,1041.3,"l"
"PhonAlign",1041.3,1041.34,"d"
"PhonAlign",1041.34,1041.47,"a~"
"PhonAlign",1041.47,1041.56,"z"
"PhonAlign",1041.56,1041.65,"Z"
"PhonAlign",1041.65,1041.68,"y"
"PhonAlign",1041.68,1041.74,"m"
"PhonAlign",1041.74,1041.85,"A/"
"PhonAlign",1041.85,1041.92,"n"
"PhonAlign",1041.92,1042.06,"Z"
"PhonAlign",1042.06,1042.21,"i"
"PhonAlign",1042.21,1042.43,"#"
"PhonAlign",1042.43,1042.59,"d"
"PhonAlign",1042.59,1042.82,"2"
"PhonAlign",1042.82,1043.11,"z"
"PhonAlign",1043.11,1043.35,"s"
"PhonAlign",1043.35,1043.38,"e"
"PhonAlign",1043.38,1043.46,"t"
"PhonAlign",1043.46,1043.49,"R"
"PhonAlign",1043.49,1043.56,"e"
"PhonAlign",1043.56,1043.63,"k"
"PhonAlign",1043.63,1043.67,"O/"
"PhonAlign",1043.67,1043.75,"m"
"PhonAlign",1043.75,1044.0,"E"
"PhonAlign",1044.0,1044.09,"d"
"PhonAlign",1044.09,1044.125,"i"
"PhonAlign",1044.125,1046.427188,"#"
"PhonAlign",1046.427188,1046.627188,"u"
"PhonAlign",1046.627188,1046.984063,"i"
"PhonAlign",1046.984063,1050.976688,"#"
"PhonAlign",1050.976688,1052.979361,"laugh"
"PhonAlign",1052.979361,1063.994063,"#"
"PhonAlign",1063.994063,1064.1540630000002,"s"
"PhonAlign",1064.1540630000002,1064.274063,"e"
"PhonAlign",1064.274063,1064.3740630000002,"s"
"PhonAlign",1064.3740630000002,1064.736563,"A/"
"PhonAlign",1064.736563,1075.418437,"#"
"PhonAlign",1075.418437,1075.518437,"A/"
"PhonAlign",1075.518437,1075.598437,"p"
"PhonAlign",1075.598437,1075.628437,"R"
"PhonAlign",1075.628437,1075.858437,"e"
"PhonAlign",1075.858437,1076.009063,"z"
"PhonAlign",1076.009063,1081.450859,"#"
"PhonAlign",1081.450859,1082.006182,"laugh"
"PhonAlign",1082.006182,1083.565,"#"
"PhonAlign",1083.565,1083.785,"s"
"PhonAlign",1083.785,1083.905,"e"
"PhonAlign",1083.905,1084.095,"s"
"PhonAlign",1084.095,1084.135,"y"
"PhonAlign",1084.135,1084.37,"R"
"PhonAlign",1084.37,1096.98,"#"
"PhonAlign",1096.98,1097.22,"u"
"PhonAlign",1097.22,1097.4,"i"
"PhonAlign",1097.4,1097.7,"U~/"
"PhonAlign",1097.7,1097.76,"d"
"PhonAlign",1097.76,1097.82,"j"
"PhonAlign",1097.82,1097.85,"A/"
"PhonAlign",1097.85,1097.9,"n"
"PhonAlign",1097.9,1098.03,"A/"
"PhonAlign",1098.03,1098.11,"d"
"PhonAlign",1098.11,1098.18,"Z"
"PhonAlign",1098.18,1098.21,"O/"
"PhonAlign",1098.21,1098.35,"n"
"PhonAlign",1098.35,1098.503438,"s"
"PhonAlign",1098.503438,1104.695,"#"
"PhonAlign",1104.695,1104.775,"m"
"PhonAlign",1104.775,1104.925,"e"
"PhonAlign",1104.925,1104.965,"d"
"PhonAlign",1104.965,1105.015,"y"
"PhonAlign",1105.015,1105.105,"k"
"PhonAlign",1105.105,1105.165,"u"
"PhonAlign",1105.165,1105.285,"s"
"PhonAlign",1105.285,1105.345,"A/"
"PhonAlign",1105.345,1105.465,"p"
"PhonAlign",1105.465,1105.5449999999998,"u"
"PhonAlign",1105.5449999999998,1105.585,"R"
"PhonAlign",1105.585,1105.665,"E"
"PhonAlign",1105.665,1105.735,"R"
"PhonAlign",1105.735,1105.835,"A/"
"PhonAlign",1105.835,1105.895,"m"
"PhonAlign",1105.895,1105.925,"2"
"PhonAlign",1105.925,1105.965,"n"
"PhonAlign",1105.965,1106.205,"e"
"PhonAlign",1106.205,1106.265,"l"
"PhonAlign",1106.265,1106.325,"e"
"PhonAlign",1106.325,1106.435,"p"
"PhonAlign",1106.435,1106.505,"y"
"PhonAlign",1106.505,1106.5549999999998,"b"
"PhonAlign",1106.5549999999998,1106.585,"l"
"PhonAlign",1106.585,1106.695,"i"
"PhonAlign",1106.695,1106.825,"k"
"PhonAlign",1106.825,1107.135,"A/"
"PhonAlign",1107.135,1107.245,"Z"
"PhonAlign",1107.245,1107.396563,"@"
"PhonAlign",1107.396563,1118.055,"#"
"PhonAlign",1118.055,1118.1950000000002,"E"
"PhonAlign",1118.1950000000002,1118.315,"s"
"PhonAlign",1118.315,1118.365,"k"
"PhonAlign",1118.365,1118.465,"@"
"PhonAlign",1118.465,1118.625,"f"
"PhonAlign",1118.625,1118.7050000000002,"A/"
"PhonAlign",1118.7050000000002,1118.825,"s"
"PhonAlign",1118.825,1118.895,"t"
"PhonAlign",1118.895,1118.925,"U~/"
"PhonAlign",1118.925,1119.015,"d"
"PhonAlign",1119.015,1119.085,"f"
"PhonAlign",1119.085,1119.115,"y"
"PhonAlign",1119.115,1119.145,"R"
"PhonAlign",1119.145,1119.1950000000002,"j"
"PhonAlign",1119.1950000000002,1119.245,"O/"
"PhonAlign",1119.245,1119.395,"y"
"PhonAlign",1119.395,1119.485,"s"
"PhonAlign",1119.485,1119.655,"s"
"PhonAlign",1119.655,1119.7050000000002,"e"
"PhonAlign",1119.7050000000002,1119.765,"d"
"PhonAlign",1119.765,1119.835,"e"
"PhonAlign",1119.835,1119.895,"z"
"PhonAlign",1119.895,1119.975,"A/"
"PhonAlign",1119.975,1120.005,"v"
"PhonAlign",1120.005,1120.135,"a~"
"PhonAlign",1120.135,1120.245,"t"
"PhonAlign",1120.245,1120.275,"y"
"PhonAlign",1120.275,1120.305,"R"
"PhonAlign",1120.305,1120.525,"@"
"PhonAlign",1120.525,1122.57,"#"
"PhonAlign",1122.57,1122.76,"s"
"PhonAlign",1122.76,1122.79,"e"
"PhonAlign",1122.79,1122.88,"p"
"PhonAlign",1122.88,1122.91,"l"
"PhonAlign",1122.91,1122.95,"y"
"PhonAlign",1122.95,1123.05,"s"
"PhonAlign",1123.05,1123.13,"A/"
"PhonAlign",1123.13,1123.2,"k"
"PhonAlign",1123.2,1123.29,"s"
"PhonAlign",1123.29,1123.36,"j"
"PhonAlign",1123.36,1123.6,"O~"
"PhonAlign",1123.6,1123.950622,"#"
"PhonAlign",1123.950622,1124.0806220000002,"s"
"PhonAlign",1124.0806220000002,1124.110622,"e"
"PhonAlign",1124.110622,1124.180622,"s"
"PhonAlign",1124.180622,1124.250622,"A/"
"PhonAlign",1124.250622,1124.310622,"k"
"PhonAlign",1124.310622,1124.380622,"e"
"PhonAlign",1124.380622,1124.470622,"k"
"PhonAlign",1124.470622,1124.560622,"O~"
"PhonAlign",1124.560622,1124.610622,"p"
"PhonAlign",1124.610622,1124.640622,"l"
"PhonAlign",1124.640622,1124.740622,"i"
"PhonAlign",1124.740622,1124.880622,"k"
"PhonAlign",1124.880622,1125.435938,"e"
"PhonAlign",1125.435938,1148.845,"#"
"PhonAlign",1148.845,1149.095,"u"
"PhonAlign",1149.095,1149.31,"i"
"PhonAlign",1149.31,1152.030938,"#"
"PhonAlign",1152.030938,1152.2009380000002,"s"
"PhonAlign",1152.2009380000002,1152.240938,"e"
"PhonAlign",1152.240938,1152.290938,"a~"
"PhonAlign",1152.290938,1152.350938,"k"
"PhonAlign",1152.350938,1152.390938,"O/"
"PhonAlign",1152.390938,1152.4209380000002,"R"
"PhonAlign",1152.4209380000002,1152.520938,"U~/"
"PhonAlign",1152.520938,1152.600938,"f"
"PhonAlign",1152.600938,1152.630938,"i"
"PhonAlign",1152.630938,1152.6609380000002,"l"
"PhonAlign",1152.6609380000002,1152.7109380000002,"m"
"PhonAlign",1152.7109380000002,1152.760938,"A/"
"PhonAlign",1152.760938,1152.790938,"v"
"PhonAlign",1152.790938,1152.860938,"E"
"PhonAlign",1152.860938,1152.890938,"k"
"PhonAlign",1152.890938,1152.9809380000002,"d"
"PhonAlign",1152.9809380000002,1153.010938,"w"
"PhonAlign",1153.010938,1153.070938,"E"
"PhonAlign",1153.070938,1153.140938,"n"
"PhonAlign",1153.140938,1153.2109380000002,"Z"
"PhonAlign",1153.2109380000002,1153.240938,"O/"
"PhonAlign",1153.240938,1153.330938,"n"
"PhonAlign",1153.330938,1153.4309380000002,"s"
"PhonAlign",1153.4309380000002,1153.4809380000002,"O/"
"PhonAlign",1153.4809380000002,1153.63,"n"
"PhonAlign",1153.63,1154.423288,"#"
"PhonAlign",1154.423288,1155.220313,"laugh"
"PhonAlign",1155.220313,1158.089063,"#"
"PhonAlign",1158.089063,1158.259063,"u"
"PhonAlign",1158.259063,1158.43,"i"
"PhonAlign",1158.43,1159.855,"#"
"PhonAlign",1159.855,1160.295,"fp"
"PhonAlign",1160.295,1160.435,"R"
"PhonAlign",1160.435,1160.515,"j"
"PhonAlign",1160.515,1160.555,"A/"
"PhonAlign",1160.555,1160.655,"n"
"PhonAlign",1160.655,1160.745,"R"
"PhonAlign",1160.745,1160.795,"E"
"PhonAlign",1160.795,1160.875,"n"
"PhonAlign",1160.875,1160.965,"O/"
"PhonAlign",1160.965,1160.995,"l"
"PhonAlign",1160.995,1161.105,"d"
"PhonAlign",1161.105,1161.19,"s"
"PhonAlign",1161.19,1164.815565,"#"
"PhonAlign",1164.815565,1164.915565,"v"
"PhonAlign",1164.915565,1164.9955650000002,"l"
"PhonAlign",1164.9955650000002,1165.295565,"A/"
"PhonAlign",1165.295565,1165.622212,"laugh"
"PhonAlign",1165.622212,1165.988922,"laugh"
"PhonAlign",1165.988922,1167.034985,"#"
"PhonAlign",1167.034985,1168.368202,"laugh"
"PhonAlign",1168.368202,1199.922188,"#"
"PhonAlign",1199.922188,1200.172188,"s"
"PhonAlign",1200.172188,1200.232188,"e"
"PhonAlign",1200.232188,1200.382188,"p"
"PhonAlign",1200.382188,1200.512188,"A/"
"PhonAlign",1200.512188,1200.602188,"v"
"PhonAlign",1200.602188,1200.722188,"j"
"PhonAlign",1200.722188,1200.812188,"O/"
"PhonAlign",1200.812188,1200.882188,"l"
"PhonAlign",1200.882188,1201.142188,"a~"
"PhonAlign",1201.142188,1201.37,"t"
"PhonAlign",1201.37,1201.58,"#"
"PhonAlign",1201.58,1202.0,"s"
"PhonAlign",1202.0,1202.08,"e"
"PhonAlign",1202.08,1202.14,"d"
"PhonAlign",1202.14,1202.23,"y"
"PhonAlign",1202.23,1202.33,"m"
"PhonAlign",1202.33,1202.4199999999998,"E"
"PhonAlign",1202.4199999999998,1202.4499999999998,"m"
"PhonAlign",1202.4499999999998,1202.54,"n"
"PhonAlign",1202.54,1202.61,"i"
"PhonAlign",1202.61,1202.64,"v"
"PhonAlign",1202.64,1202.6999999999998,"O/"
"PhonAlign",1202.6999999999998,1202.73,"d"
"PhonAlign",1202.73,1202.78,"v"
"PhonAlign",1202.78,1202.9,"j"
"PhonAlign",1202.9,1202.9299999999998,"O/"
"PhonAlign",1202.9299999999998,1202.96,"l"
"PhonAlign",1202.96,1203.06,"a~"
"PhonAlign",1203.06,1203.1899999999998,"s"
"PhonAlign",1203.1899999999998,1203.26,"@"
"PhonAlign",1203.26,1203.31,"k"
"PhonAlign",1203.31,1203.36,"Z"
"PhonAlign",1203.36,1203.39,"y"
"PhonAlign",1203.39,1203.46,"m"
"PhonAlign",1203.46,1203.53,"A/"
"PhonAlign",1203.53,1203.62,"n"
"PhonAlign",1203.62,1203.71,"Z"
"PhonAlign",1203.71,1203.8,"i"
"PhonAlign",1203.8,1203.89,"Z"
"PhonAlign",1203.89,1203.99,"p"
"PhonAlign",1203.99,1204.13,"a~"
"PhonAlign",1204.13,1204.309688,"s"
"PhonAlign",1204.309688,1211.684062,"#"
"PhonAlign",1211.684062,1211.854062,"A/"
"PhonAlign",1211.854062,1211.934062,"p"
"PhonAlign",1211.934062,1211.984062,"R"
"PhonAlign",1211.984062,1212.104062,"e"
"PhonAlign",1212.104062,1212.194062,"Z"
"PhonAlign",1212.194062,1212.224062,"y"
"PhonAlign",1212.224062,1212.314062,"m"
"PhonAlign",1212.314062,1212.384062,"A/"
"PhonAlign",1212.384062,1212.454062,"n"
"PhonAlign",1212.454062,1212.564062,"Z"
"PhonAlign",1212.564062,1212.784062,"i"
"PhonAlign",1212.784062,1212.834062,"j"
"PhonAlign",1212.834062,1212.894062,"A/"
"PhonAlign",1212.894062,1212.984062,"k"
"PhonAlign",1212.984062,1213.054062,"E"
"PhonAlign",1213.054062,1213.084062,"l"
"PhonAlign",1213.084062,1213.134062,"k"
"PhonAlign",1213.134062,1213.194062,"U~/"
"PhonAlign",1213.194062,1213.224062,"k"
"PhonAlign",1213.224062,1213.274062,"i"
"PhonAlign",1213.274062,1213.374062,"s"
"PhonAlign",1213.374062,1213.414062,"f"
"PhonAlign",1213.414062,1213.504062,"e"
"PhonAlign",1213.504062,1213.644062,"b"
"PhonAlign",1213.644062,1213.724062,"u"
"PhonAlign",1213.724062,1213.874062,"f"
"PhonAlign",1213.874062,1213.984062,"e"
"PhonAlign",1213.984062,1214.064062,"p"
"PhonAlign",1214.064062,1214.174062,"A/"
"PhonAlign",1214.174062,1214.264062,"R"
"PhonAlign",1214.264062,1214.955956,"U~/"
"PhonAlign",1214.955956,1215.22,"#"
"PhonAlign",1215.22,1215.39,"i"
"PhonAlign",1215.39,1215.46,"p"
"PhonAlign",1215.46,1215.51,"O/"
"PhonAlign",1215.51,1215.55,"p"
"PhonAlign",1215.55,1215.61,"O/"
"PhonAlign",1215.61,1215.7,"t"
"PhonAlign",1215.7,1215.8,"A/"
"PhonAlign",1215.8,1215.98,"m"
"PhonAlign",1215.98,1216.055929,"@"
"PhonAlign",1216.055929,1217.166948,"#"
"PhonAlign",1217.166948,1217.843316,"laugh"
"PhonAlign",1217.843316,1219.429283,"#"
"PhonAlign",1219.429283,1219.94239,"laugh"
"PhonAlign",1219.94239,1222.416563,"#"
"PhonAlign",1222.416563,1222.456563,"v"
"PhonAlign",1222.456563,1222.586563,"l"
"PhonAlign",1222.586563,1223.036563,"A/"
"PhonAlign",1223.036563,1223.076563,"laugh"
"PhonAlign",1223.076563,1224.696563,"#"
"PhonAlign",1224.696563,1224.736563,"d"
"PhonAlign",1224.736563,1224.836563,"a~"
"PhonAlign",1224.836563,1224.876563,"l"
"PhonAlign",1224.876563,1224.946563,"e"
"PhonAlign",1224.946563,1225.096563,"s"
"PhonAlign",1225.096563,1225.166563,"U~/"
"PhonAlign",1225.166563,1225.266563,"p"
"PhonAlign",1225.266563,1225.326563,"R"
"PhonAlign",1225.326563,1225.356563,"2"
"PhonAlign",1225.356563,1225.396563,"m"
"PhonAlign",1225.396563,1225.446563,"j"
"PhonAlign",1225.446563,1225.486563,"E"
"PhonAlign",1225.486563,1225.536563,"R"
"PhonAlign",1225.536563,1225.596563,"m"
"PhonAlign",1225.596563,1225.716563,"i"
"PhonAlign",1225.716563,1225.756563,"n"
"PhonAlign",1225.756563,1225.896563,"y"
"PhonAlign",1225.896563,1226.112188,"t"
"PhonAlign",1226.112188,1228.715,"#"
"PhonAlign",1228.715,1228.785,"w"
"PhonAlign",1228.785,1228.980937,"E"
"PhonAlign",1228.980937,1233.554063,"#"
"PhonAlign",1233.554063,1233.774063,"A/"
"PhonAlign",1233.774063,1233.844063,"p"
"PhonAlign",1233.844063,1233.874063,"R"
"PhonAlign",1233.874063,1233.964063,"e"
"PhonAlign",1233.964063,1234.034063,"p"
"PhonAlign",1234.034063,1234.094063,"u"
"PhonAlign",1234.094063,1234.124063,"R"
"PhonAlign",1234.124063,1234.164063,"l"
"PhonAlign",1234.164063,1234.224063,"e"
"PhonAlign",1234.224063,1234.324063,"t"
"PhonAlign",1234.324063,1234.374063,"u"
"PhonAlign",1234.374063,1234.444063,"p"
"PhonAlign",1234.444063,1234.504063,"@"
"PhonAlign",1234.504063,1234.624063,"t"
"PhonAlign",1234.624063,1234.654063,"i"
"PhonAlign",1234.654063,1234.734063,"O~"
"PhonAlign",1234.734063,1234.784063,"p"
"PhonAlign",1234.784063,1234.844063,"@"
"PhonAlign",1234.844063,1234.884063,"m"
"PhonAlign",1234.884063,1234.954063,"E"
"PhonAlign",1234.954063,1235.024063,"t"
"PhonAlign",1235.024063,1235.074063,"R"
"PhonAlign",1235.074063,1235.104063,"m"
"PhonAlign",1235.104063,1235.134063,"A/"
"PhonAlign",1235.134063,1235.194063,"R"
"PhonAlign",1235.194063,1235.274063,"s"
"PhonAlign",1235.274063,1235.324063,"y"
"PhonAlign",1235.324063,1235.404063,"p"
"PhonAlign",1235.404063,1235.454063,"i"
"PhonAlign",1235.454063,1235.484063,"l"
"PhonAlign",1235.484063,1235.574063,"A/"
"PhonAlign",1235.574063,1235.924063,"m"
"PhonAlign",1235.924063,1235.99,"i"
"PhonAlign",1235.99,1236.503717,"#"
"PhonAlign",1236.503717,1236.833717,"s"
"PhonAlign",1236.833717,1236.903717,"e"
"PhonAlign",1236.903717,1237.023717,"A/"
"PhonAlign",1237.023717,1237.063717,"v"
"PhonAlign",1237.063717,1237.193717,"a~"
"PhonAlign",1237.193717,1237.333717,"t"
"PhonAlign",1237.333717,1237.483717,"y"
"PhonAlign",1237.483717,1237.613717,"R"
"PhonAlign",1237.613717,1237.671563,"@"
"TokensAlign",0.0,26.26,"#"
"TokensAlign",26.26,26.5,"euh"
"TokensAlign",26.5,26.790000000000003,"du_coup"
"TokensAlign",26.790000000000003,26.930000000000003,"moi"
"TokensAlign",26.930000000000003,27.14,"c'est"
"TokensAlign",27.14,27.64,"SPEAKER_2"
"TokensAlign",27.64,27.73,"et"
"TokensAlign",27.73,27.76,"je"
"TokensAlign",27.76,28.16,"vais"
"TokensAlign",28.16,28.360000000000003,"vous"
"TokensAlign",28.360000000000003,28.72,"parler"
"TokensAlign",28.72,28.9,"de"
"TokensAlign",28.9,29.4,"franchise"
"TokensAlign",29.4,29.53,"et"
"TokensAlign",29.53,29.78,"de"
"TokensAlign",29.78,29.85,"l'"
"TokensAlign",29.85,30.15,"univers"
"TokensAlign",30.15,30.24,"des"
"TokensAlign",30.24,30.540000000000003,"super"
"TokensAlign",30.540000000000003,30.822187,"héros"
"TokensAlign",30.822187,73.482187,"#"
"TokensAlign",73.482187,73.80218699999999,"alors"
"TokensAlign",73.80218699999999,74.132187,"du_coup"
"TokensAlign",74.132187,74.282187,"moi"
"TokensAlign",74.282187,74.36218699999999,"j'"
"TokensAlign",74.36218699999999,74.542187,"aimerais"
"TokensAlign",74.542187,75.032187,"beaucoup"
"TokensAlign",75.032187,75.522187,"que"
"TokensAlign",75.522187,76.38,"ce"
"TokensAlign",76.38,76.61,"#"
"TokensAlign",76.61,77.16,"festival"
"TokensAlign",77.16,77.26,"du"
"TokensAlign",77.26,77.56,"cinéma"
"TokensAlign",77.56,77.9,"porte"
"TokensAlign",77.9,78.03,"sur"
"TokensAlign",78.03,78.12,"la"
"TokensAlign",78.12,78.52,"franchise"
"TokensAlign",78.52,78.61,"et"
"TokensAlign",78.61,78.64,"l'"
"TokensAlign",78.64,78.94,"univers"
"TokensAlign",78.94,79.03,"des"
"TokensAlign",79.03,79.33,"super"
"TokensAlign",79.33,79.59,"héros"
"TokensAlign",79.59,80.02,"+"
"TokensAlign",80.02,80.55,"pourquoi"
"TokensAlign",80.55,80.81,"parce"
"TokensAlign",80.81,80.93,"qu'"
"TokensAlign",80.93,81.14,"on"
"TokensAlign",81.14,82.35,"est"
"TokensAlign",82.35,82.56,"une"
"TokensAlign",82.56,83.3,"association"
"TokensAlign",83.3,83.55,"et"
"TokensAlign",83.55,83.61,"il_y"
"TokensAlign",83.61,83.65,"a"
"TokensAlign",83.65,83.99,"beaucoup"
"TokensAlign",83.99,84.05,"d'"
"TokensAlign",84.05,84.36,"enfants"
"TokensAlign",84.36,84.53999999999999,"chez"
"TokensAlign",84.53999999999999,84.71,"nous"
"TokensAlign",84.71,85.41,"+"
"TokensAlign",85.41,85.85,"donc"
"TokensAlign",85.85,86.38,"je"
"TokensAlign",86.38,86.75,"pense"
"TokensAlign",86.75,87.12,"que"
"TokensAlign",87.12,87.46,"c'est"
"TokensAlign",87.46,87.61,"un"
"TokensAlign",87.61,87.78999999999999,"genre"
"TokensAlign",87.78999999999999,87.9,"de"
"TokensAlign",87.9,88.16,"film"
"TokensAlign",88.16,88.45,"que"
"TokensAlign",88.45,88.61,"les"
"TokensAlign",88.61,88.89,"enfants"
"TokensAlign",88.89,89.02,"aiment"
"TokensAlign",89.02,89.41,"bien"
"TokensAlign",89.41,89.51,"et"
"TokensAlign",89.51,89.72,"même"
"TokensAlign",89.72,89.94,"les"
"TokensAlign",89.94,90.4,"adultes"
"TokensAlign",90.4,91.25,"apprécient"
"TokensAlign",91.25,91.63,"toujours"
"TokensAlign",91.63,92.64,"accompagner"
"TokensAlign",92.64,93.04,"leurs"
"TokensAlign",93.04,93.77,"enfants"
"TokensAlign",93.77,93.86,"#"
"TokensAlign",93.86,94.32,"comme"
"TokensAlign",94.32,94.84,"excuse"
"TokensAlign",94.84,95.03,"pour"
"TokensAlign",95.03,95.15,"aller"
"TokensAlign",95.15,95.3,"voir"
"TokensAlign",95.3,95.43,"ces"
"TokensAlign",95.43,95.75,"films"
"TokensAlign",95.75,95.99,"mais"
"TokensAlign",95.99,96.11,"en"
"TokensAlign",96.11,96.25,"vrai"
"TokensAlign",96.25,96.41,"ils"
"TokensAlign",96.41,96.76,"adorent"
"TokensAlign",96.76,97.51,"+"
"TokensAlign",97.51,97.85,"et"
"TokensAlign",97.85,98.83,"euh"
"TokensAlign",98.83,99.82,"+"
"TokensAlign",99.82,99.9,"je"
"TokensAlign",99.9,100.13,"vais"
"TokensAlign",100.13,100.23,"vous"
"TokensAlign",100.23,100.52,"parler"
"TokensAlign",100.52,100.62,"du"
"TokensAlign",100.62,100.79,"seul"
"TokensAlign",100.79,101.02,"film"
"TokensAlign",101.02,101.16,"que"
"TokensAlign",101.16,101.26,"je"
"TokensAlign",101.26,101.65,"connais"
"TokensAlign",101.65,102.03,"dans"
"TokensAlign",102.03,102.65,"cette"
"TokensAlign",102.65,103.23,"rubrique"
"TokensAlign",103.23,103.98,"+"
"TokensAlign",103.98,104.37,"et"
"TokensAlign",104.37,104.48,"de"
"TokensAlign",104.48,104.58,"la"
"TokensAlign",104.58,104.98,"franchise"
"TokensAlign",104.98,105.54,"marvel"
"TokensAlign",105.54,105.92,"avec"
"TokensAlign",105.92,106.03,"le"
"TokensAlign",106.03,106.31,"film"
"TokensAlign",106.31,106.76,"spider"
"TokensAlign",106.76,107.05,"man"
"TokensAlign",107.05,107.34,"+"
"TokensAlign",107.34,107.72,"spider"
"TokensAlign",107.72,107.86,"man"
"TokensAlign",107.86,107.99,"c'est"
"TokensAlign",107.99,108.16,"vraiment"
"TokensAlign",108.16,108.25,"un"
"TokensAlign",108.25,108.67,"super"
"TokensAlign",108.67,109.14,"film"
"TokensAlign",109.14,109.24,"et"
"TokensAlign",109.24,109.3,"je"
"TokensAlign",109.3,109.62,"pense"
"TokensAlign",109.62,109.9,"que"
"TokensAlign",109.9,110.23,"si"
"TokensAlign",110.23,110.34,"on"
"TokensAlign",110.34,110.42,"le"
"TokensAlign",110.42,110.88,"mettait"
"TokensAlign",110.88,111.08,"en"
"TokensAlign",111.08,111.69,"affiche"
"TokensAlign",111.69,111.73,"euh"
"TokensAlign",111.73,112.77,"+"
"TokensAlign",112.77,113.03,"tout_le"
"TokensAlign",113.03,113.19,"monde"
"TokensAlign",113.19,113.49,"serait"
"TokensAlign",113.49,113.75,"très"
"TokensAlign",113.75,114.245,"content"
"TokensAlign",114.245,114.566479,"#"
"TokensAlign",114.566479,114.976479,"si"
"TokensAlign",114.976479,115.036479,"on"
"TokensAlign",115.036479,115.196479,"met"
"TokensAlign",115.196479,115.316479,"le"
"TokensAlign",115.316479,115.746479,"dernier"
"TokensAlign",115.746479,116.006479,"avec"
"TokensAlign",116.006479,116.276479,"tom"
"TokensAlign",116.276479,116.83,"holland"
"TokensAlign",116.83,117.405909,"#"
"TokensAlign",117.405909,117.605909,"il"
"TokensAlign",117.605909,117.645909,"est"
"TokensAlign",117.645909,117.755909,"à"
"TokensAlign",117.755909,117.895909,"la"
"TokensAlign",117.895909,118.155909,"mode"
"TokensAlign",118.155909,118.415909,"en_ce"
"TokensAlign",118.415909,119.07,"moment"
"TokensAlign",119.07,119.440858,"#"
"TokensAlign",119.440858,119.550858,"il"
"TokensAlign",119.550858,119.740858,"fait"
"TokensAlign",119.740858,119.830858,"les"
"TokensAlign",119.830858,119.990858,"unes"
"TokensAlign",119.990858,120.150858,"des"
"TokensAlign",120.150858,120.690858,"journaux"
"TokensAlign",120.690858,121.030858,"+"
"TokensAlign",121.030858,121.190858,"ça"
"TokensAlign",121.190858,121.460858,"pourrait"
"TokensAlign",121.460858,121.950858,"attirer"
"TokensAlign",121.950858,122.320858,"beaucoup"
"TokensAlign",122.320858,122.370858,"de"
"TokensAlign",122.370858,122.820858,"monde"
"TokensAlign",122.820858,123.540858,"notamment"
"TokensAlign",123.540858,124.030858,"+"
"TokensAlign",124.030858,124.600858,"euh"
"TokensAlign",124.600858,125.270858,"+"
"TokensAlign",125.270858,125.580858,"les"
"TokensAlign",125.580858,125.920858,"dix-huit"
"TokensAlign",125.920858,126.380858,"vingt_cinq"
"TokensAlign",126.380858,126.920672,"ans"
"TokensAlign",126.920672,127.315,"#"
"TokensAlign",127.315,127.495,"qui"
"TokensAlign",127.495,127.845,"sont"
"TokensAlign",127.845,128.145,"très"
"TokensAlign",128.145,128.365,"réseau"
"TokensAlign",128.365,128.900622,"sociaux"
"TokensAlign",128.900622,130.105,"#"
"TokensAlign",130.105,130.415,"et"
"TokensAlign",130.415,130.885,"euh"
"TokensAlign",130.885,131.355,"ben"
"TokensAlign",131.355,131.61499999999998,"c'est"
"TokensAlign",131.61499999999998,131.905,"vraiment"
"TokensAlign",131.905,132.415,"un"
"TokensAlign",132.415,132.685,"genre"
"TokensAlign",132.685,132.845,"de"
"TokensAlign",132.845,133.235,"film"
"TokensAlign",133.235,133.325,"je"
"TokensAlign",133.325,133.55499999999998,"pense"
"TokensAlign",133.55499999999998,133.715,"qui"
"TokensAlign",133.715,133.95499999999998,"va"
"TokensAlign",133.95499999999998,134.445,"évoluer"
"TokensAlign",134.445,134.515,"au"
"TokensAlign",134.515,134.715,"fil"
"TokensAlign",134.715,134.80499999999998,"du"
"TokensAlign",134.80499999999998,135.095,"temps"
"TokensAlign",135.095,135.20499999999998,"et"
"TokensAlign",135.20499999999998,136.21,"qui"
"TokensAlign",136.21,137.144235,"#"
"TokensAlign",137.144235,137.85423500000002,"sera"
"TokensAlign",137.85423500000002,137.94423500000002,"un"
"TokensAlign",137.94423500000002,138.234235,"peu"
"TokensAlign",138.234235,139.044235,"indémodable"
"TokensAlign",139.044235,139.434235,"parce_qu'"
"TokensAlign",139.434235,139.72423500000002,"on"
"TokensAlign",139.72423500000002,140.13423500000002,"aime"
"TokensAlign",140.13423500000002,140.44423500000002,"bien"
"TokensAlign",140.44423500000002,140.874235,"changer"
"TokensAlign",140.874235,140.91423500000002,"d'"
"TokensAlign",140.91423500000002,141.674235,"univers"
"TokensAlign",141.674235,141.91423500000002,"et"
"TokensAlign",141.91423500000002,142.174235,"euh"
"TokensAlign",142.174235,143.054235,"+"
"TokensAlign",143.054235,143.63423500000002,"voir"
"TokensAlign",143.63423500000002,144.454235,"d'autres"
"TokensAlign",144.454235,144.57423500000002,"choses"
"TokensAlign",144.57423500000002,145.204235,"+"
"TokensAlign",145.204235,145.79,"que"
"TokensAlign",145.79,146.32,"#"
"TokensAlign",146.32,146.39,"la"
"TokensAlign",146.39,146.57999999999998,"vie"
"TokensAlign",146.57999999999998,146.76999999999998,"de"
"TokensAlign",146.76999999999998,147.19,"tous_les"
"TokensAlign",147.19,147.479062,"jours"
"TokensAlign",147.479062,150.010312,"#"
"TokensAlign",150.010312,150.300312,"c'est"
"TokensAlign",150.300312,150.770312,"assez"
"TokensAlign",150.770312,151.850312,"extraordinaire"
"TokensAlign",151.850312,151.960312,"et"
"TokensAlign",151.960312,152.540312,"puis"
"TokensAlign",152.540312,152.946563,"euh"
"TokensAlign",152.946563,154.532812,"#"
"TokensAlign",154.532812,154.692812,"il_y"
"TokensAlign",154.692812,154.742812,"a"
"TokensAlign",154.742812,155.05281200000002,"toujours"
"TokensAlign",155.05281200000002,155.27281200000002,"des"
"TokensAlign",155.27281200000002,155.702812,"intrigues"
"TokensAlign",155.702812,156.389063,"fortes"
"TokensAlign",156.389063,157.080938,"#"
"TokensAlign",157.080938,157.320938,"ça"
"TokensAlign",157.320938,157.460938,"nous"
"TokensAlign",157.460938,157.850938,"permet"
"TokensAlign",157.850938,158.050938,"pendant"
"TokensAlign",158.050938,158.19093800000002,"dans"
"TokensAlign",158.19093800000002,158.470938,"deux"
"TokensAlign",158.470938,158.680938,"heures"
"TokensAlign",158.680938,159.260938,"de"
"TokensAlign",159.260938,159.470938,"nous"
"TokensAlign",159.470938,159.990938,"concentrer"
"TokensAlign",159.990938,160.250938,"sur"
"TokensAlign",160.250938,160.890938,"autre_chose"
"TokensAlign",160.890938,161.44093800000002,"que"
"TokensAlign",161.44093800000002,161.600938,"la"
"TokensAlign",161.600938,161.750938,"vie"
"TokensAlign",161.750938,162.438352,"quotidienne"
"TokensAlign",162.438352,163.29,"#"
"TokensAlign",163.29,163.48,"et"
"TokensAlign",163.48,163.82999999999998,"voilà"
"TokensAlign",163.82999999999998,164.42,"c'est"
"TokensAlign",164.42,164.57,"c'est"
"TokensAlign",164.57,164.82999999999998,"vraiment"
"TokensAlign",164.82999999999998,164.94,"un"
"TokensAlign",164.94,165.17,"film"
"TokensAlign",165.17,165.6,"bien"
"TokensAlign",165.6,166.017557,"#"
"TokensAlign",166.017557,166.157557,"et"
"TokensAlign",166.157557,166.397557,"du_coup"
"TokensAlign",166.397557,166.457557,"je"
"TokensAlign",166.457557,166.677557,"pense"
"TokensAlign",166.677557,166.937557,"que"
"TokensAlign",166.937557,167.217557,"si"
"TokensAlign",167.217557,167.297557,"on"
"TokensAlign",167.297557,167.677557,"mettait"
"TokensAlign",167.677557,167.78755700000002,"ça"
"TokensAlign",167.78755700000002,167.857557,"+"
"TokensAlign",167.857557,168.217557,"en"
"TokensAlign",168.217557,168.63755700000002,"top"
"TokensAlign",168.63755700000002,168.737557,"d'"
"TokensAlign",168.737557,169.267557,"affiche"
"TokensAlign",169.267557,169.47755700000002,"sur"
"TokensAlign",169.47755700000002,169.62755700000002,"notre"
"TokensAlign",169.62755700000002,170.087557,"festival"
"TokensAlign",170.087557,170.157557,"euh"
"TokensAlign",170.157557,170.437557,"ce"
"TokensAlign",170.437557,170.827557,"serait"
"TokensAlign",170.827557,171.188438,"génial"
"TokensAlign",171.188438,750.67,"#"
"TokensAlign",750.67,750.9799999999999,"alors"
"TokensAlign",750.9799999999999,751.03,"je"
"TokensAlign",751.03,751.36,"pense"
"TokensAlign",751.36,751.63,"quand"
"TokensAlign",751.63,751.9599999999999,"même"
"TokensAlign",751.9599999999999,752.4499999999999,"que"
"TokensAlign",752.4499999999999,752.705,"le"
"TokensAlign",752.705,753.199883,"#"
"TokensAlign",753.199883,753.389883,"la"
"TokensAlign",753.389883,753.859883,"chose"
"TokensAlign",753.859883,753.949883,"à"
"TokensAlign",753.949883,754.469883,"éviter"
"TokensAlign",754.469883,754.629883,"ce"
"TokensAlign",754.629883,754.949883,"serait"
"TokensAlign",754.949883,755.239883,"horreur"
"TokensAlign",755.239883,755.319883,"et"
"TokensAlign",755.319883,755.739883,"suspens"
"TokensAlign",755.739883,756.199883,"parce_que"
"TokensAlign",756.199883,756.409883,"ça"
"TokensAlign",756.409883,756.609883,"va"
"TokensAlign",756.609883,757.499883,"vachement"
"TokensAlign",757.499883,758.109883,"réduire"
"TokensAlign",758.109883,758.829883,"+"
"TokensAlign",758.829883,759.229883,"notre"
"TokensAlign",759.229883,759.869883,"public"
"TokensAlign",759.869883,760.569883,"+"
"TokensAlign",760.569883,761.469883,"euh"
"TokensAlign",761.469883,761.649883,"le"
"TokensAlign",761.649883,762.089883,"problème"
"TokensAlign",762.089883,762.209883,"de"
"TokensAlign",762.209883,762.349883,"la"
"TokensAlign",762.349883,763.069883,"romance"
"TokensAlign",763.069883,763.339883,"c'est"
"TokensAlign",763.339883,763.879883,"que"
"TokensAlign",763.879883,764.099883,"c'est"
"TokensAlign",764.099883,764.229883,"un"
"TokensAlign",764.229883,764.369883,"peu"
"TokensAlign",764.369883,764.599883,"sous"
"TokensAlign",764.599883,764.939883,"coté"
"TokensAlign",764.939883,765.179883,"en_ce"
"TokensAlign",765.179883,765.54,"moment"
"TokensAlign",765.54,766.089985,"#"
"TokensAlign",766.089985,766.439985,"et"
"TokensAlign",766.439985,766.8899849999999,"malgré"
"TokensAlign",766.8899849999999,766.9799849999999,"qu'"
"TokensAlign",766.9799849999999,767.0099849999999,"il_y"
"TokensAlign",767.0099849999999,767.049985,"ait"
"TokensAlign",767.049985,767.329985,"beaucoup"
"TokensAlign",767.329985,767.419985,"d'"
"TokensAlign",767.419985,768.1399849999999,"hypersensibles"
"TokensAlign",768.1399849999999,768.439985,"dans"
"TokensAlign",768.439985,768.569985,"le"
"TokensAlign",768.569985,768.74782,"monde"
"TokensAlign",768.74782,770.012789,"#"
"TokensAlign",770.012789,770.372789,"il_y"
"TokensAlign",770.372789,770.544442,"a"
"TokensAlign",770.544442,771.2,"#"
"TokensAlign",771.2,771.44,"plus"
"TokensAlign",771.44,771.6500000000001,"trop"
"TokensAlign",771.6500000000001,771.7,"de"
"TokensAlign",771.7,771.85,"gens"
"TokensAlign",771.85,772.0300000000001,"qui"
"TokensAlign",772.0300000000001,772.22,"veulent"
"TokensAlign",772.22,772.5600000000001,"regarder"
"TokensAlign",772.5600000000001,772.59,"de"
"TokensAlign",772.59,772.6800000000001,"la"
"TokensAlign",772.6800000000001,773.1800000000001,"romance"
"TokensAlign",773.1800000000001,773.7900000000001,"+"
"TokensAlign",773.7900000000001,773.83,"l"
"TokensAlign",773.83,774.3000000000001,"aventure"
"TokensAlign",774.3000000000001,774.33,"je"
"TokensAlign",774.33,774.5200000000001,"pense"
"TokensAlign",774.5200000000001,774.62,"que"
"TokensAlign",774.62,774.73,"ça"
"TokensAlign",774.73,774.84,"peut"
"TokensAlign",774.84,774.97,"être"
"TokensAlign",774.97,775.296563,"bien"
"TokensAlign",775.296563,790.315313,"#"
"TokensAlign",790.315313,790.645313,"alors"
"TokensAlign",790.645313,791.1153129999999,"excuse"
"TokensAlign",791.1153129999999,791.275313,"moi"
"TokensAlign",791.275313,791.3453129999999,"j'"
"TokensAlign",791.3453129999999,791.405313,"ai"
"TokensAlign",791.405313,791.6953129999999,"parlé"
"TokensAlign",791.6953129999999,791.815313,"de"
"TokensAlign",791.815313,792.0753129999999,"tom"
"TokensAlign",792.0753129999999,792.3353129999999,"holland"
"TokensAlign",792.3353129999999,793.420062,"@"
"TokensAlign",793.420062,794.98942,"#"
"TokensAlign",794.98942,795.386256,"@"
"TokensAlign",795.386256,798.482813,"#"
"TokensAlign",798.482813,798.712813,"c'est"
"TokensAlign",798.712813,798.852813,"vrai"
"TokensAlign",798.852813,799.0228129999999,"il"
"TokensAlign",799.0228129999999,799.062813,"est"
"TokensAlign",799.062813,799.748438,"incroyable"
"TokensAlign",799.748438,813.9,"#"
"TokensAlign",813.9,814.2099999999999,"ben"
"TokensAlign",814.2099999999999,814.5699999999999,"+"
"TokensAlign",814.5699999999999,814.65,"au"
"TokensAlign",814.65,814.86,"moment"
"TokensAlign",814.86,814.93,"où"
"TokensAlign",814.93,815.0799999999999,"tu"
"TokensAlign",815.0799999999999,815.75,"pars"
"TokensAlign",815.75,816.3299999999999,"avec"
"TokensAlign",816.3299999999999,816.42,"l'"
"TokensAlign",816.42,816.97,"argument"
"TokensAlign",816.97,817.04,"c'est"
"TokensAlign",817.04,817.68,"pour"
"TokensAlign",817.68,817.87,"les"
"TokensAlign",817.87,819.492188,"hypersensibles"
"TokensAlign",819.492188,823.424063,"#"
"TokensAlign",823.424063,823.714063,"c'est"
"TokensAlign",823.714063,823.954063,"ça"
"TokensAlign",823.954063,823.984063,"le"
"TokensAlign",823.984063,824.67,"problème"
"TokensAlign",824.67,825.7,"#"
"TokensAlign",825.7,825.7900000000001,"du"
"TokensAlign",825.7900000000001,826.0300000000001,"coup"
"TokensAlign",826.0300000000001,826.1400000000001,"je"
"TokensAlign",826.1400000000001,826.3000000000001,"suis"
"TokensAlign",826.3000000000001,826.59,"d'accord"
"TokensAlign",826.59,827.09,"aventure"
"TokensAlign",827.09,827.3000000000001,"c'est"
"TokensAlign",827.3000000000001,827.4000000000001,"un"
"TokensAlign",827.4000000000001,827.57,"très"
"TokensAlign",827.57,827.7,"bon"
"TokensAlign",827.7,828.023907,"thème"
"TokensAlign",828.023907,855.419063,"#"
"TokensAlign",855.419063,856.161563,"aventure"
"TokensAlign",856.161563,865.172813,"#"
"TokensAlign",865.172813,865.432813,"euh"
"TokensAlign",865.432813,865.712813,"oui"
"TokensAlign",865.712813,865.7528130000001,"il_y"
"TokensAlign",865.7528130000001,865.782813,"a"
"TokensAlign",865.782813,866.312813,"une"
"TokensAlign",866.312813,866.512813,"voix"
"TokensAlign",866.512813,866.852813,"de"
"TokensAlign",866.852813,866.944688,"une"
"TokensAlign",866.944688,935.56,"#"
"TokensAlign",935.56,935.9,"alors"
"TokensAlign",935.9,936.68,"personnellement"
"TokensAlign",936.68,936.8,"moi"
"TokensAlign",936.8,936.85,"je"
"TokensAlign",936.85,937.21,"préfère"
"TokensAlign",937.21,937.33,"les"
"TokensAlign",937.33,937.88,"films"
"TokensAlign",937.88,938.45,"+"
"TokensAlign",938.45,938.76,"parce_que"
"TokensAlign",938.76,938.84,"le"
"TokensAlign",938.84,939.23,"problème"
"TokensAlign",939.23,939.38,"des"
"TokensAlign",939.38,939.77,"séries"
"TokensAlign",939.77,939.82,"d'"
"TokensAlign",939.82,940.58,"aventure"
"TokensAlign",940.58,940.89,"c'est"
"TokensAlign",940.89,941.35,"que"
"TokensAlign",941.35,941.78,"+"
"TokensAlign",941.78,941.85,"à"
"TokensAlign",941.85,941.95,"la"
"TokensAlign",941.95,942.11,"fin"
"TokensAlign",942.11,942.14,"de"
"TokensAlign",942.14,942.17,"l'"
"TokensAlign",942.17,942.58,"épisode"
"TokensAlign",942.58,942.64,"on"
"TokensAlign",942.64,942.81,"sait"
"TokensAlign",942.81,942.95,"pas"
"TokensAlign",942.95,943.04,"ce"
"TokensAlign",943.04,943.16,"qui"
"TokensAlign",943.16,943.31,"s'est"
"TokensAlign",943.31,943.79,"passé"
"TokensAlign",943.79,944.045,"#"
"TokensAlign",944.045,944.565,"enfin"
"TokensAlign",944.565,944.675,"on"
"TokensAlign",944.675,944.895,"connait"
"TokensAlign",944.895,945.205,"pas"
"TokensAlign",945.205,945.395,"la"
"TokensAlign",945.395,945.505,"fin"
"TokensAlign",945.505,945.715,"et"
"TokensAlign",945.715,945.865,"moi"
"TokensAlign",945.865,945.985,"ça"
"TokensAlign",945.985,946.115,"me"
"TokensAlign",946.115,946.635,"frustre"
"TokensAlign",946.635,947.345,"énormément"
"TokensAlign",947.345,948.725,"+"
"TokensAlign",948.725,949.51,"exactement"
"TokensAlign",949.51,950.74315,"#"
"TokensAlign",950.74315,950.96315,"je"
"TokensAlign",950.96315,951.08315,"sais"
"TokensAlign",951.08315,951.23315,"pas"
"TokensAlign",951.23315,951.40315,"mais"
"TokensAlign",951.40315,951.57315,"quand"
"TokensAlign",951.57315,951.70315,"je"
"TokensAlign",951.70315,951.96315,"vois"
"TokensAlign",951.96315,952.26315,"que"
"TokensAlign",952.26315,952.37315,"le"
"TokensAlign",952.37315,952.78315,"super"
"TokensAlign",952.78315,952.91315,"héros"
"TokensAlign",952.91315,953.74315,"enfin"
"TokensAlign",953.74315,953.85315,"l'"
"TokensAlign",953.85315,954.43315,"héros"
"TokensAlign",954.43315,954.64315,"il"
"TokensAlign",954.64315,954.84315,"est"
"TokensAlign",954.84315,955.41315,"pendu"
"TokensAlign",955.41315,955.65315,"en"
"TokensAlign",955.65315,955.87315,"haut"
"TokensAlign",955.87315,955.95315,"d'"
"TokensAlign",955.95315,956.10315,"un"
"TokensAlign",956.10315,956.74315,"arbre"
"TokensAlign",956.74315,956.77315,"et"
"TokensAlign",956.77315,956.81315,"on"
"TokensAlign",956.81315,956.98315,"sait"
"TokensAlign",956.98315,957.15315,"pas"
"TokensAlign",957.15315,957.39315,"s'il"
"TokensAlign",957.39315,957.50315,"va"
"TokensAlign",957.50315,957.93315,"survivre"
"TokensAlign",957.93315,957.98315,"et"
"TokensAlign",957.98315,958.13315,"que"
"TokensAlign",958.13315,958.26315,"là"
"TokensAlign",958.26315,958.39315,"c'est"
"TokensAlign",958.39315,958.47315,"la"
"TokensAlign",958.47315,958.59315,"fin"
"TokensAlign",958.59315,958.62315,"de"
"TokensAlign",958.62315,958.65315,"l'"
"TokensAlign",958.65315,959.10315,"épisode"
"TokensAlign",959.10315,959.60315,"+"
"TokensAlign",959.60315,959.63315,"je"
"TokensAlign",959.63315,959.86315,"suis"
"TokensAlign",959.86315,960.41315,"particulièrement"
"TokensAlign",960.41315,960.989063,"frustrée"
"TokensAlign",960.989063,961.828112,"#"
"TokensAlign",961.828112,962.249325,"@"
"TokensAlign",962.249325,985.592813,"#"
"TokensAlign",985.592813,986.239189,"oui"
"TokensAlign",986.239189,986.573924,"#"
"TokensAlign",986.573924,987.091414,"@"
"TokensAlign",987.091414,991.650938,"#"
"TokensAlign",991.650938,992.470938,"exactement"
"TokensAlign",992.470938,992.629688,"ouais"
"TokensAlign",992.629688,1004.189062,"#"
"TokensAlign",1004.189062,1004.492813,"ouais"
"TokensAlign",1004.492813,1033.41,"#"
"TokensAlign",1033.41,1033.821563,"oui"
"TokensAlign",1033.821563,1038.71,"#"
"TokensAlign",1038.71,1038.86,"ben"
"TokensAlign",1038.86,1038.99,"ça"
"TokensAlign",1038.99,1039.12,"peut"
"TokensAlign",1039.12,1039.26,"faire"
"TokensAlign",1039.26,1039.52,"aussi"
"TokensAlign",1039.52,1040.26,"comédie"
"TokensAlign",1040.26,1040.45,"hein"
"TokensAlign",1040.45,1040.78,"parce"
"TokensAlign",1040.78,1040.89,"que"
"TokensAlign",1040.89,1041.3,"par_exemple"
"TokensAlign",1041.3,1041.56,"dans"
"TokensAlign",1041.56,1042.21,"jumanji"
"TokensAlign",1042.21,1042.43,"+"
"TokensAlign",1042.43,1043.11,"deux"
"TokensAlign",1043.11,1043.38,"c'est"
"TokensAlign",1043.38,1043.56,"très"
"TokensAlign",1043.56,1044.125,"comédie"
"TokensAlign",1044.125,1046.427188,"#"
"TokensAlign",1046.427188,1046.984063,"oui"
"TokensAlign",1046.984063,1050.976688,"#"
"TokensAlign",1050.976688,1052.979361,"@"
"TokensAlign",1052.979361,1063.994063,"#"
"TokensAlign",1063.994063,1064.274063,"c'est"
"TokensAlign",1064.274063,1064.736563,"ça"
"TokensAlign",1064.736563,1075.418437,"#"
"TokensAlign",1075.418437,1076.009063,"après"
"TokensAlign",1076.009063,1081.450859,"#"
"TokensAlign",1081.450859,1082.006182,"@"
"TokensAlign",1082.006182,1083.565,"#"
"TokensAlign",1083.565,1083.905,"c'est"
"TokensAlign",1083.905,1084.37,"sûr"
"TokensAlign",1084.37,1096.98,"#"
"TokensAlign",1096.98,1097.4,"oui"
"TokensAlign",1097.4,1098.03,"indiana"
"TokensAlign",1098.03,1098.503438,"jones"
"TokensAlign",1098.503438,1104.695,"#"
"TokensAlign",1104.695,1104.925,"mais"
"TokensAlign",1104.925,1105.165,"du_coup"
"TokensAlign",1105.165,1105.345,"ça"
"TokensAlign",1105.345,1105.665,"pourrait"
"TokensAlign",1105.665,1106.205,"ramener"
"TokensAlign",1106.205,1106.325,"le"
"TokensAlign",1106.325,1106.825,"public"
"TokensAlign",1106.825,1107.135,"à"
"TokensAlign",1107.135,1107.396563,"je"
"TokensAlign",1107.396563,1118.055,"#"
"TokensAlign",1118.055,1118.315,"est-ce"
"TokensAlign",1118.315,1118.465,"que"
"TokensAlign",1118.465,1118.895,"fast"
"TokensAlign",1118.895,1119.015,"and"
"TokensAlign",1119.015,1119.485,"furious"
"TokensAlign",1119.485,1119.7050000000002,"c'est"
"TokensAlign",1119.7050000000002,1119.895,"des"
"TokensAlign",1119.895,1120.525,"aventures"
"TokensAlign",1120.525,1122.57,"#"
"TokensAlign",1122.57,1122.79,"c'est"
"TokensAlign",1122.79,1123.05,"plus"
"TokensAlign",1123.05,1123.6,"action"
"TokensAlign",1123.6,1123.950622,"#"
"TokensAlign",1123.950622,1124.110622,"c'est"
"TokensAlign",1124.110622,1124.250622,"ça"
"TokensAlign",1124.250622,1124.310622,"qui"
"TokensAlign",1124.310622,1124.380622,"est"
"TokensAlign",1124.380622,1125.435938,"compliqué"
"TokensAlign",1125.435938,1148.845,"#"
"TokensAlign",1148.845,1149.31,"oui"
"TokensAlign",1149.31,1152.030938,"#"
"TokensAlign",1152.030938,1152.240938,"c'est"
"TokensAlign",1152.240938,1152.4209380000002,"encore"
"TokensAlign",1152.4209380000002,1152.520938,"un"
"TokensAlign",1152.520938,1152.7109380000002,"film"
"TokensAlign",1152.7109380000002,1152.890938,"avec"
"TokensAlign",1152.890938,1153.140938,"dwayne"
"TokensAlign",1153.140938,1153.63,"johnson"
"TokensAlign",1153.63,1154.423288,"#"
"TokensAlign",1154.423288,1155.220313,"@"
"TokensAlign",1155.220313,1158.089063,"#"
"TokensAlign",1158.089063,1158.43,"oui"
"TokensAlign",1158.43,1159.855,"#"
"TokensAlign",1159.855,1160.295,"euh"
"TokensAlign",1160.295,1160.655,"ryan"
"TokensAlign",1160.655,1161.19,"reynolds"
"TokensAlign",1161.19,1164.815565,"#"
"TokensAlign",1164.815565,1165.295565,"voilà"
"TokensAlign",1165.295565,1165.622212,"@"
"TokensAlign",1165.622212,1165.988922,"@"
"TokensAlign",1165.988922,1167.034985,"#"
"TokensAlign",1167.034985,1168.368202,"@"
"TokensAlign",1168.368202,1199.922188,"#"
"TokensAlign",1199.922188,1200.232188,"c'est"
"TokensAlign",1200.232188,1200.512188,"pas"
"TokensAlign",1200.512188,1201.37,"violent"
"TokensAlign",1201.37,1201.58,"#"
"TokensAlign",1201.58,1202.08,"c'est"
"TokensAlign",1202.08,1202.23,"du"
"TokensAlign",1202.23,1202.4499999999998,"même"
"TokensAlign",1202.4499999999998,1202.6999999999998,"niveau"
"TokensAlign",1202.6999999999998,1202.73,"de"
"TokensAlign",1202.73,1203.26,"violence"
"TokensAlign",1203.26,1203.31,"que"
"TokensAlign",1203.31,1203.8,"jumanji"
"TokensAlign",1203.8,1203.89,"je"
"TokensAlign",1203.89,1204.309688,"pense"
"TokensAlign",1204.309688,1211.684062,"#"
"TokensAlign",1211.684062,1212.104062,"après"
"TokensAlign",1212.104062,1212.784062,"jumanji"
"TokensAlign",1212.784062,1212.834062,"il_y"
"TokensAlign",1212.834062,1212.894062,"a"
"TokensAlign",1212.894062,1213.194062,"quelqu'un"
"TokensAlign",1213.194062,1213.274062,"qui"
"TokensAlign",1213.274062,1213.374062,"se"
"TokensAlign",1213.374062,1213.504062,"fait"
"TokensAlign",1213.504062,1213.984062,"bouffer"
"TokensAlign",1213.984062,1214.264062,"par"
"TokensAlign",1214.264062,1214.955956,"un"
"TokensAlign",1214.955956,1215.22,"#"
"TokensAlign",1215.22,1216.055929,"hippopotame"
"TokensAlign",1216.055929,1217.166948,"#"
"TokensAlign",1217.166948,1217.843316,"@"
"TokensAlign",1217.843316,1219.429283,"#"
"TokensAlign",1219.429283,1219.94239,"@"
"TokensAlign",1219.94239,1222.416563,"#"
"TokensAlign",1222.416563,1223.036563,"voilà"
"TokensAlign",1223.036563,1223.076563,"@"
"TokensAlign",1223.076563,1224.696563,"+"
"TokensAlign",1224.696563,1224.836563,"dans"
"TokensAlign",1224.836563,1224.946563,"les"
"TokensAlign",1224.946563,1225.166563,"cinq"
"TokensAlign",1225.166563,1225.536563,"premières"
"TokensAlign",1225.536563,1226.112188,"minutes"
"TokensAlign",1226.112188,1228.715,"#"
"TokensAlign",1228.715,1228.980937,"ouais"
"TokensAlign",1228.980937,1233.554063,"#"
"TokensAlign",1233.554063,1233.964063,"après"
"TokensAlign",1233.964063,1234.124063,"pour"
"TokensAlign",1234.124063,1234.224063,"les"
"TokensAlign",1234.224063,1234.374063,"tout"
"TokensAlign",1234.374063,1234.654063,"petits"
"TokensAlign",1234.654063,1234.734063,"on"
"TokensAlign",1234.734063,1234.844063,"peut"
"TokensAlign",1234.844063,1235.074063,"mettre"
"TokensAlign",1235.074063,1235.99,"marsupilami"
"TokensAlign",1235.99,1236.503717,"#"
"TokensAlign",1236.503717,1236.903717,"c'est"
"TokensAlign",1236.903717,1237.671563,"aventure"
"PronTokAlign",0.0,26.26,"#=0.0"
"PronTokAlign",26.26,26.5,"fp"
"PronTokAlign",26.5,26.790000000000003,"d-y-k-u"
"PronTokAlign",26.790000000000003,26.930000000000003,"m-w-A/"
"PronTokAlign",26.930000000000003,27.14,"s-e"
"PronTokAlign",27.14,27.64,"anon"
"PronTokAlign",27.64,27.73,"E=0.575"
"PronTokAlign",27.73,27.76,"Z=0.372"
"PronTokAlign",27.76,28.16,"v-e=0.49"
"PronTokAlign",28.16,28.360000000000003,"v-u=0.722"
"PronTokAlign",28.360000000000003,28.72,"p-A/-R-l-e=0.803"
"PronTokAlign",28.72,28.9,"d-@=0.931"
"PronTokAlign",28.9,29.4,"f-R-a~-S-i-z=0.866"
"PronTokAlign",29.4,29.53,"e=0.939"
"PronTokAlign",29.53,29.78,"d-@=0.661"
"PronTokAlign",29.78,29.85,"l"
"PronTokAlign",29.85,30.15,"y-n-i-v-E-R=0.89"
"PronTokAlign",30.15,30.24,"d-e=0.33"
"PronTokAlign",30.24,30.540000000000003,"s-y-p-E-R=0.616"
"PronTokAlign",30.540000000000003,30.822187,"e-R-O/=0.681"
"PronTokAlign",30.822187,73.482187,"#=0.0"
"PronTokAlign",73.482187,73.80218699999999,"A/-l-R=0.399"
"PronTokAlign",73.80218699999999,74.132187,"d-y-k-u"
"PronTokAlign",74.132187,74.282187,"m-w-A/"
"PronTokAlign",74.282187,74.36218699999999,"Z=0.576"
"PronTokAlign",74.36218699999999,74.542187,"E-m-R-E=0.413"
"PronTokAlign",74.542187,75.032187,"b-O/-k-u-p=0.843"
"PronTokAlign",75.032187,75.522187,"k-@"
"PronTokAlign",75.522187,76.38,"s-e-2=0.993"
"PronTokAlign",76.38,76.61,"#=0.0"
"PronTokAlign",76.61,77.16,"f-E-s-t-i-v-A/-l"
"PronTokAlign",77.16,77.26,"d-y=0.823"
"PronTokAlign",77.26,77.56,"s-i-n-e-m-A/=0.529"
"PronTokAlign",77.56,77.9,"p-O/-R-t=0.887"
"PronTokAlign",77.9,78.03,"s-y-R"
"PronTokAlign",78.03,78.12,"l-A/"
"PronTokAlign",78.12,78.52,"f-R-a~-S-i-z=0.723"
"PronTokAlign",78.52,78.61,"e=0.695"
"PronTokAlign",78.61,78.64,"l"
"PronTokAlign",78.64,78.94,"y-n-i-v-E-R=0.906"
"PronTokAlign",78.94,79.03,"d-e=0.47"
"PronTokAlign",79.03,79.33,"s-y-p-E-R=0.377"
"PronTokAlign",79.33,79.59,"e-R-O/=0.624"
"PronTokAlign",79.59,80.02,"#"
"PronTokAlign",80.02,80.55,"p-u-R-k-w-A/"
"PronTokAlign",80.55,80.81,"p-A/-R-s=0.642"
"PronTokAlign",80.81,80.93,"k"
"PronTokAlign",80.93,81.14,"O~=0.763"
"PronTokAlign",81.14,82.35,"E-s-t-@=0.983"
"PronTokAlign",82.35,82.56,"y-n=0.784"
"PronTokAlign",82.56,83.3,"A/-s-O/-s-A/-s-j-O~"
"PronTokAlign",83.3,83.55,"e=0.986"
"PronTokAlign",83.55,83.61,"j=0.623"
"PronTokAlign",83.61,83.65,"A/"
"PronTokAlign",83.65,83.99,"b-O/-k-u=0.85"
"PronTokAlign",83.99,84.05,"d=0.746"
"PronTokAlign",84.05,84.36,"a~-f-a~=0.854"
"PronTokAlign",84.36,84.53999999999999,"S-e=0.598"
"PronTokAlign",84.53999999999999,84.71,"n-u=0.569"
"PronTokAlign",84.71,85.41,"#"
"PronTokAlign",85.41,85.85,"d-O~-k=0.997"
"PronTokAlign",85.85,86.38,"Z-@"
"PronTokAlign",86.38,86.75,"p-a~-s=0.709"
"PronTokAlign",86.75,87.12,"k-@=0.948"
"PronTokAlign",87.12,87.46,"s-e"
"PronTokAlign",87.46,87.61,"U~/=0.831"
"PronTokAlign",87.61,87.78999999999999,"Z-a~-R=0.889"
"PronTokAlign",87.78999999999999,87.9,"d-@=0.533"
"PronTokAlign",87.9,88.16,"f-i-l-m=0.612"
"PronTokAlign",88.16,88.45,"k-@=0.92"
"PronTokAlign",88.45,88.61,"l-e-z=0.504"
"PronTokAlign",88.61,88.89,"a~-f-a~=0.684"
"PronTokAlign",88.89,89.02,"E-m-@=0.403"
"PronTokAlign",89.02,89.41,"b-j-U~/=0.749"
"PronTokAlign",89.41,89.51,"e=0.821"
"PronTokAlign",89.51,89.72,"m-E-m=0.731"
"PronTokAlign",89.72,89.94,"l-e-z=0.873"
"PronTokAlign",89.94,90.4,"A/-d-y-l-t=0.75"
"PronTokAlign",90.4,91.25,"A/-p-R-E-s-i=0.614"
"PronTokAlign",91.25,91.63,"t-u-Z-u-R=0.592"
"PronTokAlign",91.63,92.64,"A/-k-O~-p-A/-n-j-e-R=0.765"
"PronTokAlign",92.64,93.04,"l-9-R=0.54"
"PronTokAlign",93.04,93.77,"a~-f-a~-z=0.993"
"PronTokAlign",93.77,93.86,"#=0.0"
"PronTokAlign",93.86,94.32,"k-O/-m-@=0.592"
"PronTokAlign",94.32,94.84,"E-k-s-k-y-z=0.771"
"PronTokAlign",94.84,95.03,"p-u-R"
"PronTokAlign",95.03,95.15,"A/-l-e=0.837"
"PronTokAlign",95.15,95.3,"v-w-A/-R"
"PronTokAlign",95.3,95.43,"s-e=0.616"
"PronTokAlign",95.43,95.75,"f-i-l-m=0.599"
"PronTokAlign",95.75,95.99,"m-e=0.471"
"PronTokAlign",95.99,96.11,"a~"
"PronTokAlign",96.11,96.25,"v-R-E=0.523"
"PronTokAlign",96.25,96.41,"i-z=0.668"
"PronTokAlign",96.41,96.76,"A/-d-O/-R=0.834"
"PronTokAlign",96.76,97.51,"#"
"PronTokAlign",97.51,97.85,"e=0.985"
"PronTokAlign",97.85,98.83,"fp"
"PronTokAlign",98.83,99.82,"#"
"PronTokAlign",99.82,99.9,"S=0.455"
"PronTokAlign",99.9,100.13,"v-e=0.704"
"PronTokAlign",100.13,100.23,"v-u=0.848"
"PronTokAlign",100.23,100.52,"p-A/-R-l-e=0.868"
"PronTokAlign",100.52,100.62,"d-y=0.795"
"PronTokAlign",100.62,100.79,"s-9-l"
"PronTokAlign",100.79,101.02,"f-i-l-m=0.764"
"PronTokAlign",101.02,101.16,"k-@=0.854"
"PronTokAlign",101.16,101.26,"Z-@=0.745"
"PronTokAlign",101.26,101.65,"k-O/-n-e-z=0.346"
"PronTokAlign",101.65,102.03,"d-a~=0.783"
"PronTokAlign",102.03,102.65,"s-E-t-@=0.998"
"PronTokAlign",102.65,103.23,"R-y-b-R-i-k=0.744"
"PronTokAlign",103.23,103.98,"#"
"PronTokAlign",103.98,104.37,"E=0.948"
"PronTokAlign",104.37,104.48,"d-@=0.49"
"PronTokAlign",104.48,104.58,"l-A/"
"PronTokAlign",104.58,104.98,"f-R-a~-S-i-z=0.504"
"PronTokAlign",104.98,105.54,"m-A/-R-v-E-l=0.8"
"PronTokAlign",105.54,105.92,"A/-v-E-k"
"PronTokAlign",105.92,106.03,"l-e=0.573"
"PronTokAlign",106.03,106.31,"f-i-l-m=0.505"
"PronTokAlign",106.31,106.76,"s-p-i-d-2-R=0.751"
"PronTokAlign",106.76,107.05,"m-A/-n=0.991"
"PronTokAlign",107.05,107.34,"#"
"PronTokAlign",107.34,107.72,"s-p-i-d-2-R=0.531"
"PronTokAlign",107.72,107.86,"m-A/-n=0.851"
"PronTokAlign",107.86,107.99,"s-e"
"PronTokAlign",107.99,108.16,"v-R-e-m-a~=0.282"
"PronTokAlign",108.16,108.25,"U~/=0.874"
"PronTokAlign",108.25,108.67,"s-y-p-E-R=0.53"
"PronTokAlign",108.67,109.14,"f-i-l-m-@=0.871"
"PronTokAlign",109.14,109.24,"e=0.869"
"PronTokAlign",109.24,109.3,"S=0.503"
"PronTokAlign",109.3,109.62,"p-a~-s=0.848"
"PronTokAlign",109.62,109.9,"k-@=0.68"
"PronTokAlign",109.9,110.23,"s-i=0.949"
"PronTokAlign",110.23,110.34,"O~=0.689"
"PronTokAlign",110.34,110.42,"l-@=0.404"
"PronTokAlign",110.42,110.88,"m-E-t-e=0.645"
"PronTokAlign",110.88,111.08,"a~"
"PronTokAlign",111.08,111.69,"A/-f-i-S=0.716"
"PronTokAlign",111.69,111.73,"fp"
"PronTokAlign",111.73,112.77,"#"
"PronTokAlign",112.77,113.03,"t-u-l=0.465"
"PronTokAlign",113.03,113.19,"m-O~-d=0.907"
"PronTokAlign",113.19,113.49,"s-@-R-E=0.254"
"PronTokAlign",113.49,113.75,"t-R-e=0.416"
"PronTokAlign",113.75,114.245,"k-O~-t-a~-t=0.946"
"PronTokAlign",114.245,114.566479,"#=0.0"
"PronTokAlign",114.566479,114.976479,"s-i=0.677"
"PronTokAlign",114.976479,115.036479,"O~=0.555"
"PronTokAlign",115.036479,115.196479,"m-E=0.458"
"PronTokAlign",115.196479,115.316479,"l-e=0.581"
"PronTokAlign",115.316479,115.746479,"d-E-R-n-j-E=0.357"
"PronTokAlign",115.746479,116.006479,"A/-v-E-k"
"PronTokAlign",116.006479,116.276479,"t-O/-m"
"PronTokAlign",116.276479,116.83,"O/-l-a~-d"
"PronTokAlign",116.83,117.405909,"#=0.0"
"PronTokAlign",117.405909,117.605909,"i=0.64"
"PronTokAlign",117.605909,117.645909,"e=0.376"
"PronTokAlign",117.645909,117.755909,"A/"
"PronTokAlign",117.755909,117.895909,"l-A/"
"PronTokAlign",117.895909,118.155909,"m-O/-d=0.759"
"PronTokAlign",118.155909,118.415909,"a~-s=0.764"
"PronTokAlign",118.415909,119.07,"m-O/-m-a~"
"PronTokAlign",119.07,119.440858,"#=0.0"
"PronTokAlign",119.440858,119.550858,"i=0.664"
"PronTokAlign",119.550858,119.740858,"f-e=0.616"
"PronTokAlign",119.740858,119.830858,"l-e=0.544"
"PronTokAlign",119.830858,119.990858,"y-n=0.723"
"PronTokAlign",119.990858,120.150858,"d-e=0.639"
"PronTokAlign",120.150858,120.690858,"Z-u-R-n-O/=0.554"
"PronTokAlign",120.690858,121.030858,"#"
"PronTokAlign",121.030858,121.190858,"s-A/=0.946"
"PronTokAlign",121.190858,121.460858,"p-u-R-E=0.502"
"PronTokAlign",121.460858,121.950858,"A/-t-i-R-e=0.797"
"PronTokAlign",121.950858,122.320858,"b-O/-k-u=0.778"
"PronTokAlign",122.320858,122.370858,"d=0.487"
"PronTokAlign",122.370858,122.820858,"m-O~-d=0.607"
"PronTokAlign",122.820858,123.540858,"n-O/-t-A/-m-a~-t=0.77"
"PronTokAlign",123.540858,124.030858,"#"
"PronTokAlign",124.030858,124.600858,"fp"
"PronTokAlign",124.600858,125.270858,"#"
"PronTokAlign",125.270858,125.580858,"l-e=0.711"
"PronTokAlign",125.580858,125.920858,"d-i-z-y-i=0.651"
"PronTokAlign",125.920858,126.380858,"v-U~/-s-U~/-k=0.533"
"PronTokAlign",126.380858,126.920672,"a~-z=0.985"
"PronTokAlign",126.920672,127.315,"#=0.0"
"PronTokAlign",127.315,127.495,"k-i=0.7"
"PronTokAlign",127.495,127.845,"s-O~=0.673"
"PronTokAlign",127.845,128.145,"t-R-e=0.526"
"PronTokAlign",128.145,128.365,"R-E-z-O/"
"PronTokAlign",128.365,128.900622,"s-O/-s-j-O/-z=0.983"
"PronTokAlign",128.900622,130.105,"#=0.0"
"PronTokAlign",130.105,130.415,"e=0.91"
"PronTokAlign",130.415,130.885,"fp"
"PronTokAlign",130.885,131.355,"b-E=0.723"
"PronTokAlign",131.355,131.61499999999998,"s-e"
"PronTokAlign",131.61499999999998,131.905,"v-R-E-m-a~=0.776"
"PronTokAlign",131.905,132.415,"U~/=0.762"
"PronTokAlign",132.415,132.685,"Z-a~-R=0.71"
"PronTokAlign",132.685,132.845,"d-@=0.893"
"PronTokAlign",132.845,133.235,"f-i-l-m=0.763"
"PronTokAlign",133.235,133.325,"S=0.456"
"PronTokAlign",133.325,133.55499999999998,"p-a~-s=0.912"
"PronTokAlign",133.55499999999998,133.715,"k-i=0.57"
"PronTokAlign",133.715,133.95499999999998,"v-A/"
"PronTokAlign",133.95499999999998,134.445,"e-v-O/-l-y-e=0.905"
"PronTokAlign",134.445,134.515,"O/"
"PronTokAlign",134.515,134.715,"f-i-l"
"PronTokAlign",134.715,134.80499999999998,"d-y=0.795"
"PronTokAlign",134.80499999999998,135.095,"t-a~=0.754"
"PronTokAlign",135.095,135.20499999999998,"e=0.556"
"PronTokAlign",135.20499999999998,136.21,"k=0.779"
"PronTokAlign",136.21,137.144235,"#=0.0"
"PronTokAlign",137.144235,137.85423500000002,"s-@-R-A/=0.83"
"PronTokAlign",137.85423500000002,137.94423500000002,"U~/-n=0.508"
"PronTokAlign",137.94423500000002,138.234235,"p-2"
"PronTokAlign",138.234235,139.044235,"U~/-d-e-m-O/-d-A/-b-l=0.482"
"PronTokAlign",139.044235,139.434235,"p-A/-R-s-k=0.831"
"PronTokAlign",139.434235,139.72423500000002,"O~-n=0.77"
"PronTokAlign",139.72423500000002,140.13423500000002,"E-m=0.656"
"PronTokAlign",140.13423500000002,140.44423500000002,"b-j-U~/=0.933"
"PronTokAlign",140.44423500000002,140.874235,"S-a~-Z-e=0.876"
"PronTokAlign",140.874235,140.91423500000002,"d=0.894"
"PronTokAlign",140.91423500000002,141.674235,"y-n-i-v-E-R=0.863"
"PronTokAlign",141.674235,141.91423500000002,"e=0.996"
"PronTokAlign",141.91423500000002,142.174235,"fp"
"PronTokAlign",142.174235,143.054235,"#"
"PronTokAlign",143.054235,143.63423500000002,"v-w-A/-R"
"PronTokAlign",143.63423500000002,144.454235,"d-O/-t-R-2-z=0.811"
"PronTokAlign",144.454235,144.57423500000002,"S-O/-z"
"PronTokAlign",144.57423500000002,145.204235,"#"
"PronTokAlign",145.204235,145.79,"k-@=0.999"
"PronTokAlign",145.79,146.32,"#=0.0"
"PronTokAlign",146.32,146.39,"l-A/"
"PronTokAlign",146.39,146.57999999999998,"v-i"
"PronTokAlign",146.57999999999998,146.76999999999998,"d-@=0.695"
"PronTokAlign",146.76999999999998,147.19,"t-u-l-e=0.808"
"PronTokAlign",147.19,147.479062,"Z-u-R=0.816"
"PronTokAlign",147.479062,150.010312,"#=0.0"
"PronTokAlign",150.010312,150.300312,"s-e"
"PronTokAlign",150.300312,150.770312,"A/-s-e=0.805"
"PronTokAlign",150.770312,151.850312,"E-k-s-t-R-A/-O/-R-d-i-n-E-R=0.624"
"PronTokAlign",151.850312,151.960312,"e=0.64"
"PronTokAlign",151.960312,152.540312,"p-i=0.419"
"PronTokAlign",152.540312,152.946563,"fp"
"PronTokAlign",152.946563,154.532812,"#=0.0"
"PronTokAlign",154.532812,154.692812,"j=0.433"
"PronTokAlign",154.692812,154.742812,"A/"
"PronTokAlign",154.742812,155.05281200000002,"t-u-j-u-R=0.609"
"PronTokAlign",155.05281200000002,155.27281200000002,"d-e-z=0.685"
"PronTokAlign",155.27281200000002,155.702812,"U~/-t-R-i-g=0.665"
"PronTokAlign",155.702812,156.389063,"f-O/-R-t=0.682"
"PronTokAlign",156.389063,157.080938,"#=0.0"
"PronTokAlign",157.080938,157.320938,"s-A/=0.797"
"PronTokAlign",157.320938,157.460938,"n-u=0.733"
"PronTokAlign",157.460938,157.850938,"p-E-R-m-E=0.599"
"PronTokAlign",157.850938,158.050938,"p-a~-d-a~=0.907"
"PronTokAlign",158.050938,158.19093800000002,"d-a~=0.852"
"PronTokAlign",158.19093800000002,158.470938,"d-2-z=0.947"
"PronTokAlign",158.470938,158.680938,"9-R=0.806"
"PronTokAlign",158.680938,159.260938,"d-@=0.991"
"PronTokAlign",159.260938,159.470938,"n-u=0.631"
"PronTokAlign",159.470938,159.990938,"k-O~-s-a~-t-R-e=0.897"
"PronTokAlign",159.990938,160.250938,"s-y-R"
"PronTokAlign",160.250938,160.890938,"O/-t-R-S-O/-z"
"PronTokAlign",160.890938,161.44093800000002,"k-@=0.997"
"PronTokAlign",161.44093800000002,161.600938,"l-A/"
"PronTokAlign",161.600938,161.750938,"v-i"
"PronTokAlign",161.750938,162.438352,"k-O/-t-i-d-j-E-n-@=0.728"
"PronTokAlign",162.438352,163.29,"#=0.0"
"PronTokAlign",163.29,163.48,"e=0.901"
"PronTokAlign",163.48,163.82999999999998,"v-w-A/-l-A/=0.932"
"PronTokAlign",163.82999999999998,164.42,"s-e"
"PronTokAlign",164.42,164.57,"s-e"
"PronTokAlign",164.57,164.82999999999998,"v-R-E-m-a~=0.569"
"PronTokAlign",164.82999999999998,164.94,"U~/=0.818"
"PronTokAlign",164.94,165.17,"f-i-l-m=0.682"
"PronTokAlign",165.17,165.6,"b-j-U~/=0.662"
"PronTokAlign",165.6,166.017557,"#=0.0"
"PronTokAlign",166.017557,166.157557,"e=0.945"
"PronTokAlign",166.157557,166.397557,"d-y-k-u"
"PronTokAlign",166.397557,166.457557,"S=0.487"
"PronTokAlign",166.457557,166.677557,"p-a~-s=0.881"
"PronTokAlign",166.677557,166.937557,"k-@=0.931"
"PronTokAlign",166.937557,167.217557,"s-i=0.692"
"PronTokAlign",167.217557,167.297557,"O~=0.657"
"PronTokAlign",167.297557,167.677557,"m-E-t-e=0.577"
"PronTokAlign",167.677557,167.78755700000002,"s=0.72"
"PronTokAlign",167.78755700000002,167.857557,"#"
"PronTokAlign",167.857557,168.217557,"a~"
"PronTokAlign",168.217557,168.63755700000002,"t-O/-p"
"PronTokAlign",168.63755700000002,168.737557,"d=0.759"
"PronTokAlign",168.737557,169.267557,"A/-f-i-S=0.827"
"PronTokAlign",169.267557,169.47755700000002,"s-y-R"
"PronTokAlign",169.47755700000002,169.62755700000002,"n-O/-t=0.801"
"PronTokAlign",169.62755700000002,170.087557,"f-E-s-t-i-v-A/-l"
"PronTokAlign",170.087557,170.157557,"fp"
"PronTokAlign",170.157557,170.437557,"s-e-2=0.53"
"PronTokAlign",170.437557,170.827557,"s-@-R-E=0.319"
"PronTokAlign",170.827557,171.188438,"Z-E-n-A/-l=0.536"
"PronTokAlign",171.188438,750.67,"#=0.0"
"PronTokAlign",750.67,750.9799999999999,"l-O/-R=0.954"
"PronTokAlign",750.9799999999999,751.03,"S=0.427"
"PronTokAlign",751.03,751.36,"p-a~-s=0.883"
"PronTokAlign",751.36,751.63,"k-a~=0.842"
"PronTokAlign",751.63,751.9599999999999,"m-E-m=0.513"
"PronTokAlign",751.9599999999999,752.4499999999999,"k-@"
"PronTokAlign",752.4499999999999,752.705,"l-e=0.436"
"PronTokAlign",752.705,753.199883,"#=0.0"
"PronTokAlign",753.199883,753.389883,"l-A/"
"PronTokAlign",753.389883,753.859883,"S-O/-z=0.695"
"PronTokAlign",753.859883,753.949883,"A/"
"PronTokAlign",753.949883,754.469883,"e-v-i-t-e=0.781"
"PronTokAlign",754.469883,754.629883,"s-@=0.753"
"PronTokAlign",754.629883,754.949883,"s-2-R-e=0.365"
"PronTokAlign",754.949883,755.239883,"O/-R-9-R"
"PronTokAlign",755.239883,755.319883,"e=0.568"
"PronTokAlign",755.319883,755.739883,"s-y-s-p-a~-z=0.707"
"PronTokAlign",755.739883,756.199883,"p-A/-s-k-@=0.685"
"PronTokAlign",756.199883,756.409883,"s-A/=0.979"
"PronTokAlign",756.409883,756.609883,"v-A/"
"PronTokAlign",756.609883,757.499883,"v-A/-S-2-m-a~=0.835"
"PronTokAlign",757.499883,758.109883,"R-E-d-y-i-R=0.715"
"PronTokAlign",758.109883,758.829883,"#"
"PronTokAlign",758.829883,759.229883,"n-O/-t-R-@=0.769"
"PronTokAlign",759.229883,759.869883,"p-y-b-l-i-k"
"PronTokAlign",759.869883,760.569883,"#"
"PronTokAlign",760.569883,761.469883,"fp"
"PronTokAlign",761.469883,761.649883,"l-@=0.664"
"PronTokAlign",761.649883,762.089883,"p-R-O/-b-l-E-m=0.62"
"PronTokAlign",762.089883,762.209883,"d-@=0.524"
"PronTokAlign",762.209883,762.349883,"l-A/"
"PronTokAlign",762.349883,763.069883,"R-O/-m-a~-s-@=0.704"
"PronTokAlign",763.069883,763.339883,"s-e"
"PronTokAlign",763.339883,763.879883,"k-@=0.997"
"PronTokAlign",763.879883,764.099883,"s-e"
"PronTokAlign",764.099883,764.229883,"U~/=0.627"
"PronTokAlign",764.229883,764.369883,"p-2"
"PronTokAlign",764.369883,764.599883,"s-u=0.734"
"PronTokAlign",764.599883,764.939883,"k-O/-t-e"
"PronTokAlign",764.939883,765.179883,"a~-s=0.715"
"PronTokAlign",765.179883,765.54,"m-O/-m-a~"
"PronTokAlign",765.54,766.089985,"#=0.0"
"PronTokAlign",766.089985,766.439985,"E=0.708"
"PronTokAlign",766.439985,766.8899849999999,"m-A/-l-g-R-e"
"PronTokAlign",766.8899849999999,766.9799849999999,"k"
"PronTokAlign",766.9799849999999,767.0099849999999,"j=0.565"
"PronTokAlign",767.0099849999999,767.049985,"e=0.46"
"PronTokAlign",767.049985,767.329985,"b-O/-k-u=0.876"
"PronTokAlign",767.329985,767.419985,"d=0.81"
"PronTokAlign",767.419985,768.1399849999999,"i-p-E-R-s-a~-s-i-b-l=0.597"
"PronTokAlign",768.1399849999999,768.439985,"d-a~-z=0.677"
"PronTokAlign",768.439985,768.569985,"l-@=0.626"
"PronTokAlign",768.569985,768.74782,"m-O~-d-@=0.508"
"PronTokAlign",768.74782,770.012789,"#=0.0"
"PronTokAlign",770.012789,770.372789,"i-l-i=0.686"
"PronTokAlign",770.372789,770.544442,"A/"
"PronTokAlign",770.544442,771.2,"#=0.0"
"PronTokAlign",771.2,771.44,"p-l-y=0.564"
"PronTokAlign",771.44,771.6500000000001,"t-R-O/=0.882"
"PronTokAlign",771.6500000000001,771.7,"d=0.561"
"PronTokAlign",771.7,771.85,"Z-a~=0.683"
"PronTokAlign",771.85,772.0300000000001,"k-j=0.454"
"PronTokAlign",772.0300000000001,772.22,"v-9-l=0.852"
"PronTokAlign",772.22,772.5600000000001,"R-2-g-A/-R-d-e=0.876"
"PronTokAlign",772.5600000000001,772.59,"d=0.542"
"PronTokAlign",772.59,772.6800000000001,"l-A/"
"PronTokAlign",772.6800000000001,773.1800000000001,"R-O/-m-a~-s=0.774"
"PronTokAlign",773.1800000000001,773.7900000000001,"#"
"PronTokAlign",773.7900000000001,773.83,"l=0.569"
"PronTokAlign",773.83,774.3000000000001,"A/-v-a~-t-y-R=0.773"
"PronTokAlign",774.3000000000001,774.33,"S=0.464"
"PronTokAlign",774.33,774.5200000000001,"p-a~-s=0.966"
"PronTokAlign",774.5200000000001,774.62,"k-@=0.817"
"PronTokAlign",774.62,774.73,"s-A/=0.963"
"PronTokAlign",774.73,774.84,"p-@=0.788"
"PronTokAlign",774.84,774.97,"E-t=0.719"
"PronTokAlign",774.97,775.296563,"b-j-U~/=0.528"
"PronTokAlign",775.296563,790.315313,"#=0.0"
"PronTokAlign",790.315313,790.645313,"l-O/-R=0.523"
"PronTokAlign",790.645313,791.1153129999999,"E-k-s-k-y-z=0.449"
"PronTokAlign",791.1153129999999,791.275313,"m-w-A/"
"PronTokAlign",791.275313,791.3453129999999,"Z=0.784"
"PronTokAlign",791.3453129999999,791.405313,"e=0.586"
"PronTokAlign",791.405313,791.6953129999999,"p-A/-R-l-e"
"PronTokAlign",791.6953129999999,791.815313,"d-@=0.831"
"PronTokAlign",791.815313,792.0753129999999,"t-O/-m"
"PronTokAlign",792.0753129999999,792.3353129999999,"O/-l-a~-d"
"PronTokAlign",792.3353129999999,793.420062,"laugh"
"PronTokAlign",793.420062,794.98942,"#=0.0"
"PronTokAlign",794.98942,795.386256,"laugh=0.0"
"PronTokAlign",795.386256,798.482813,"#=0.0"
"PronTokAlign",798.482813,798.712813,"s-e"
"PronTokAlign",798.712813,798.852813,"v-R-E=0.568"
"PronTokAlign",798.852813,799.0228129999999,"i=0.691"
"PronTokAlign",799.0228129999999,799.062813,"e=0.355"
"PronTokAlign",799.062813,799.748438,"U~/-k-R-w-A/-j-A/-b-l=0.598"
"PronTokAlign",799.748438,813.9,"#=0.0"
"PronTokAlign",813.9,814.2099999999999,"b-E=0.77"
"PronTokAlign",814.2099999999999,814.5699999999999,"#"
"PronTokAlign",814.5699999999999,814.65,"O/"
"PronTokAlign",814.65,814.86,"m-O/-m-a~"
"PronTokAlign",814.86,814.93,"u"
"PronTokAlign",814.93,815.0799999999999,"t-y=0.428"
"PronTokAlign",815.0799999999999,815.75,"p-A/-R"
"PronTokAlign",815.75,816.3299999999999,"A/-v-E-k"
"PronTokAlign",816.3299999999999,816.42,"l"
"PronTokAlign",816.42,816.97,"A/-R-g-y-m-a~"
"PronTokAlign",816.97,817.04,"s-e"
"PronTokAlign",817.04,817.68,"p-u-R"
"PronTokAlign",817.68,817.87,"l-e-z=0.65"
"PronTokAlign",817.87,819.492188,"i-p-E-R-s-a~-s-i-b-l-z"
"PronTokAlign",819.492188,823.424063,"#=0.0"
"PronTokAlign",823.424063,823.714063,"s-e"
"PronTokAlign",823.714063,823.954063,"s-A/=0.998"
"PronTokAlign",823.954063,823.984063,"l=0.671"
"PronTokAlign",823.984063,824.67,"p-R-O/-b-l-E-m-@=0.868"
"PronTokAlign",824.67,825.7,"#=0.0"
"PronTokAlign",825.7,825.7900000000001,"d-y=0.68"
"PronTokAlign",825.7900000000001,826.0300000000001,"k-u"
"PronTokAlign",826.0300000000001,826.1400000000001,"Z-@=0.463"
"PronTokAlign",826.1400000000001,826.3000000000001,"s-y-i=0.755"
"PronTokAlign",826.3000000000001,826.59,"d-A/-k-O/-R"
"PronTokAlign",826.59,827.09,"A/-v-a~-t-y-R=0.783"
"PronTokAlign",827.09,827.3000000000001,"s-e"
"PronTokAlign",827.3000000000001,827.4000000000001,"U~/=0.536"
"PronTokAlign",827.4000000000001,827.57,"t-R-E=0.439"
"PronTokAlign",827.57,827.7,"b-O~=0.436"
"PronTokAlign",827.7,828.023907,"t-E-m-@=0.826"
"PronTokAlign",828.023907,855.419063,"#=0.0"
"PronTokAlign",855.419063,856.161563,"A/-v-a~-t-y-R=0.659"
"PronTokAlign",856.161563,865.172813,"#=0.0"
"PronTokAlign",865.172813,865.432813,"fp"
"PronTokAlign",865.432813,865.712813,"u-i=0.762"
"PronTokAlign",865.712813,865.7528130000001,"j=0.389"
"PronTokAlign",865.7528130000001,865.782813,"A/"
"PronTokAlign",865.782813,866.312813,"y-n-@=0.502"
"PronTokAlign",866.312813,866.512813,"v-w-A/-z=0.505"
"PronTokAlign",866.512813,866.852813,"t=0.984"
"PronTokAlign",866.852813,866.944688,"y-n=0.559"
"PronTokAlign",866.944688,935.56,"#=0.0"
"PronTokAlign",935.56,935.9,"A/-l-R=0.562"
"PronTokAlign",935.9,936.68,"p-E-R-s-O/-n-E-l-m-a~=0.471"
"PronTokAlign",936.68,936.8,"m-w-A/"
"PronTokAlign",936.8,936.85,"S=0.483"
"PronTokAlign",936.85,937.21,"p-R-E-f-E-R=0.666"
"PronTokAlign",937.21,937.33,"l-e=0.428"
"PronTokAlign",937.33,937.88,"f-i-l-m-z=0.517"
"PronTokAlign",937.88,938.45,"#"
"PronTokAlign",938.45,938.76,"p-A/-s-k-@=0.497"
"PronTokAlign",938.76,938.84,"l-@=0.587"
"PronTokAlign",938.84,939.23,"p-R-O/-b-l-E-m=0.638"
"PronTokAlign",939.23,939.38,"d-e=0.6"
"PronTokAlign",939.38,939.77,"s-e-R-i=0.803"
"PronTokAlign",939.77,939.82,"d=0.822"
"PronTokAlign",939.82,940.58,"A/-v-a~-t-y-R=0.69"
"PronTokAlign",940.58,940.89,"s-e"
"PronTokAlign",940.89,941.35,"k-@"
"PronTokAlign",941.35,941.78,"#"
"PronTokAlign",941.78,941.85,"A/"
"PronTokAlign",941.85,941.95,"l-A/"
"PronTokAlign",941.95,942.11,"f-U~/=0.797"
"PronTokAlign",942.11,942.14,"d=0.619"
"PronTokAlign",942.14,942.17,"l"
"PronTokAlign",942.17,942.58,"e-p-i-z-O/-d=0.692"
"PronTokAlign",942.58,942.64,"O~=0.82"
"PronTokAlign",942.64,942.81,"s-e=0.625"
"PronTokAlign",942.81,942.95,"p-A/=0.705"
"PronTokAlign",942.95,943.04,"s=0.892"
"PronTokAlign",943.04,943.16,"k-i=0.51"
"PronTokAlign",943.16,943.31,"s-e"
"PronTokAlign",943.31,943.79,"p-A/-s-e"
"PronTokAlign",943.79,944.045,"#=0.0"
"PronTokAlign",944.045,944.565,"a~-f-U~/"
"PronTokAlign",944.565,944.675,"O~-n=0.552"
"PronTokAlign",944.675,944.895,"k-O/-n-E=0.752"
"PronTokAlign",944.895,945.205,"p-A/-z=0.529"
"PronTokAlign",945.205,945.395,"l-A/"
"PronTokAlign",945.395,945.505,"f-U~/=0.759"
"PronTokAlign",945.505,945.715,"e=0.941"
"PronTokAlign",945.715,945.865,"m-w-A/"
"PronTokAlign",945.865,945.985,"s-A/=0.84"
"PronTokAlign",945.985,946.115,"m-@=0.914"
"PronTokAlign",946.115,946.635,"f-R-y-s-t-R=0.752"
"PronTokAlign",946.635,947.345,"e-n-O/-R-m-e-m-a~=0.52"
"PronTokAlign",947.345,948.725,"#"
"PronTokAlign",948.725,949.51,"E-g-z-A/-k-t-2-m-a~-t=0.819"
"PronTokAlign",949.51,950.74315,"#=0.0"
"PronTokAlign",950.74315,950.96315,"Z-@=0.574"
"PronTokAlign",950.96315,951.08315,"s-E=0.305"
"PronTokAlign",951.08315,951.23315,"p-A/=0.826"
"PronTokAlign",951.23315,951.40315,"m-e=0.369"
"PronTokAlign",951.40315,951.57315,"k-a~=0.876"
"PronTokAlign",951.57315,951.70315,"Z-@=0.448"
"PronTokAlign",951.70315,951.96315,"v-w-A/=0.707"
"PronTokAlign",951.96315,952.26315,"k-@=0.943"
"PronTokAlign",952.26315,952.37315,"l-e=0.535"
"PronTokAlign",952.37315,952.78315,"s-y-p-e=0.608"
"PronTokAlign",952.78315,952.91315,"e-R-O/=0.695"
"PronTokAlign",952.91315,953.74315,"a~-f-U~/"
"PronTokAlign",953.74315,953.85315,"l"
"PronTokAlign",953.85315,954.43315,"e-R-O/=0.737"
"PronTokAlign",954.43315,954.64315,"i=0.521"
"PronTokAlign",954.64315,954.84315,"e=0.746"
"PronTokAlign",954.84315,955.41315,"p-a~-d-y"
"PronTokAlign",955.41315,955.65315,"a~"
"PronTokAlign",955.65315,955.87315,"O/=0.483"
"PronTokAlign",955.87315,955.95315,"d=0.667"
"PronTokAlign",955.95315,956.10315,"U~/-n=0.69"
"PronTokAlign",956.10315,956.74315,"A/-R-b-R=0.791"
"PronTokAlign",956.74315,956.77315,"E=0.68"
"PronTokAlign",956.77315,956.81315,"O~=0.901"
"PronTokAlign",956.81315,956.98315,"s-e=0.612"
"PronTokAlign",956.98315,957.15315,"p-A/=0.715"
"PronTokAlign",957.15315,957.39315,"s-i=0.451"
"PronTokAlign",957.39315,957.50315,"v-A/"
"PronTokAlign",957.50315,957.93315,"s-y-R-v-i-v-R=0.966"
"PronTokAlign",957.93315,957.98315,"E=0.514"
"PronTokAlign",957.98315,958.13315,"k-@=0.583"
"PronTokAlign",958.13315,958.26315,"l-A/"
"PronTokAlign",958.26315,958.39315,"s-e"
"PronTokAlign",958.39315,958.47315,"l-A/"
"PronTokAlign",958.47315,958.59315,"f-U~/=0.877"
"PronTokAlign",958.59315,958.62315,"d=0.48"
"PronTokAlign",958.62315,958.65315,"l"
"PronTokAlign",958.65315,959.10315,"e-p-i-z-O/-d=0.52"
"PronTokAlign",959.10315,959.60315,"#"
"PronTokAlign",959.60315,959.63315,"Z=0.473"
"PronTokAlign",959.63315,959.86315,"s-y-i-z=0.64"
"PronTokAlign",959.86315,960.41315,"p-A/-R-t-i-k-y-l-j-E-R-m-a~=0.809"
"PronTokAlign",960.41315,960.989063,"f-R-y-s-t-R-e"
"PronTokAlign",960.989063,961.828112,"#=0.0"
"PronTokAlign",961.828112,962.249325,"laugh=0.0"
"PronTokAlign",962.249325,985.592813,"#=0.0"
"PronTokAlign",985.592813,986.239189,"u-i=0.919"
"PronTokAlign",986.239189,986.573924,"#=0.0"
"PronTokAlign",986.573924,987.091414,"laugh=0.0"
"PronTokAlign",987.091414,991.650938,"#=0.0"
"PronTokAlign",991.650938,992.470938,"e-g-z-A/-k-t-2-m-a~=0.599"
"PronTokAlign",992.470938,992.629688,"w-E"
"PronTokAlign",992.629688,1004.189062,"#=0.0"
"PronTokAlign",1004.189062,1004.492813,"w-E"
"PronTokAlign",1004.492813,1033.41,"#=0.0"
"PronTokAlign",1033.41,1033.821563,"u-i=0.869"
"PronTokAlign",1033.821563,1038.71,"#=0.0"
"PronTokAlign",1038.71,1038.86,"b-E=0.683"
"PronTokAlign",1038.86,1038.99,"s-A/=0.638"
"PronTokAlign",1038.99,1039.12,"p-@=0.635"
"PronTokAlign",1039.12,1039.26,"f-E-R=0.774"
"PronTokAlign",1039.26,1039.52,"O/-s-i"
"PronTokAlign",1039.52,1040.26,"k-O/-m-e-d-i=0.608"
"PronTokAlign",1040.26,1040.45,"U~/"
"PronTokAlign",1040.45,1040.78,"p-R-s=0.668"
"PronTokAlign",1040.78,1040.89,"k-@=0.687"
"PronTokAlign",1040.89,1041.3,"p-A/-R-E-g-s-a~-p-l=0.498"
"PronTokAlign",1041.3,1041.56,"d-a~-z=0.602"
"PronTokAlign",1041.56,1042.21,"Z-y-m-A/-n-Z-i=0.523"
"PronTokAlign",1042.21,1042.43,"#"
"PronTokAlign",1042.43,1043.11,"d-2-z=0.763"
"PronTokAlign",1043.11,1043.38,"s-e"
"PronTokAlign",1043.38,1043.56,"t-R-e=0.415"
"PronTokAlign",1043.56,1044.125,"k-O/-m-E-d-i=0.556"
"PronTokAlign",1044.125,1046.427188,"#=0.0"
"PronTokAlign",1046.427188,1046.984063,"u-i=0.537"
"PronTokAlign",1046.984063,1050.976688,"#=0.0"
"PronTokAlign",1050.976688,1052.979361,"laugh=0.0"
"PronTokAlign",1052.979361,1063.994063,"#=0.0"
"PronTokAlign",1063.994063,1064.274063,"s-e"
"PronTokAlign",1064.274063,1064.736563,"s-A/"
"PronTokAlign",1064.736563,1075.418437,"#=0.0"
"PronTokAlign",1075.418437,1076.009063,"A/-p-R-e-z=0.687"
"PronTokAlign",1076.009063,1081.450859,"#=0.0"
"PronTokAlign",1081.450859,1082.006182,"laugh=0.0"
"PronTokAlign",1082.006182,1083.565,"#=0.0"
"PronTokAlign",1083.565,1083.905,"s-e"
"PronTokAlign",1083.905,1084.37,"s-y-R"
"PronTokAlign",1084.37,1096.98,"#=0.0"
"PronTokAlign",1096.98,1097.4,"u-i=0.631"
"PronTokAlign",1097.4,1098.03,"U~/-d-j-A/-n-A/=0.696"
"PronTokAlign",1098.03,1098.503438,"d-Z-O/-n-s=0.751"
"PronTokAlign",1098.503438,1104.695,"#=0.0"
"PronTokAlign",1104.695,1104.925,"m-e=0.37"
"PronTokAlign",1104.925,1105.165,"d-y-k-u"
"PronTokAlign",1105.165,1105.345,"s-A/=0.903"
"PronTokAlign",1105.345,1105.665,"p-u-R-E=0.601"
"PronTokAlign",1105.665,1106.205,"R-A/-m-2-n-e=0.624"
"PronTokAlign",1106.205,1106.325,"l-e=0.418"
"PronTokAlign",1106.325,1106.825,"p-y-b-l-i-k"
"PronTokAlign",1106.825,1107.135,"A/"
"PronTokAlign",1107.135,1107.396563,"Z-@=0.962"
"PronTokAlign",1107.396563,1118.055,"#=0.0"
"PronTokAlign",1118.055,1118.315,"E-s=0.802"
"PronTokAlign",1118.315,1118.465,"k-@=0.86"
"PronTokAlign",1118.465,1118.895,"f-A/-s-t"
"PronTokAlign",1118.895,1119.015,"U~/-d=0.673"
"PronTokAlign",1119.015,1119.485,"f-y-R-j-O/-y-s=0.417"
"PronTokAlign",1119.485,1119.7050000000002,"s-e"
"PronTokAlign",1119.7050000000002,1119.895,"d-e-z=0.593"
"PronTokAlign",1119.895,1120.525,"A/-v-a~-t-y-R-@=0.935"
"PronTokAlign",1120.525,1122.57,"#=0.0"
"PronTokAlign",1122.57,1122.79,"s-e"
"PronTokAlign",1122.79,1123.05,"p-l-y-s=0.698"
"PronTokAlign",1123.05,1123.6,"A/-k-s-j-O~"
"PronTokAlign",1123.6,1123.950622,"#=0.0"
"PronTokAlign",1123.950622,1124.110622,"s-e"
"PronTokAlign",1124.110622,1124.250622,"s-A/=0.804"
"PronTokAlign",1124.250622,1124.310622,"k=0.686"
"PronTokAlign",1124.310622,1124.380622,"e=0.284"
"PronTokAlign",1124.380622,1125.435938,"k-O~-p-l-i-k-e"
"PronTokAlign",1125.435938,1148.845,"#=0.0"
"PronTokAlign",1148.845,1149.31,"u-i=0.921"
"PronTokAlign",1149.31,1152.030938,"#=0.0"
"PronTokAlign",1152.030938,1152.240938,"s-e"
"PronTokAlign",1152.240938,1152.4209380000002,"a~-k-O/-R=0.654"
"PronTokAlign",1152.4209380000002,1152.520938,"U~/=0.81"
"PronTokAlign",1152.520938,1152.7109380000002,"f-i-l-m=0.807"
"PronTokAlign",1152.7109380000002,1152.890938,"A/-v-E-k"
"PronTokAlign",1152.890938,1153.140938,"d-w-E-n=0.485"
"PronTokAlign",1153.140938,1153.63,"Z-O/-n-s-O/-n=0.652"
"PronTokAlign",1153.63,1154.423288,"#=0.0"
"PronTokAlign",1154.423288,1155.220313,"laugh=0.0"
"PronTokAlign",1155.220313,1158.089063,"#=0.0"
"PronTokAlign",1158.089063,1158.43,"u-i=0.841"
"PronTokAlign",1158.43,1159.855,"#=0.0"
"PronTokAlign",1159.855,1160.295,"fp"
"PronTokAlign",1160.295,1160.655,"R-j-A/-n"
"PronTokAlign",1160.655,1161.19,"R-E-n-O/-l-d-s"
"PronTokAlign",1161.19,1164.815565,"#=0.0"
"PronTokAlign",1164.815565,1165.295565,"v-l-A/=0.661"
"PronTokAlign",1165.295565,1165.622212,"laugh"
"PronTokAlign",1165.622212,1165.988922,"laugh=0.0"
"PronTokAlign",1165.988922,1167.034985,"#=0.0"
"PronTokAlign",1167.034985,1168.368202,"laugh=0.0"
"PronTokAlign",1168.368202,1199.922188,"#=0.0"
"PronTokAlign",1199.922188,1200.232188,"s-e"
"PronTokAlign",1200.232188,1200.512188,"p-A/=0.631"
"PronTokAlign",1200.512188,1201.37,"v-j-O/-l-a~-t=0.999"
"PronTokAlign",1201.37,1201.58,"#=0.0"
"PronTokAlign",1201.58,1202.08,"s-e"
"PronTokAlign",1202.08,1202.23,"d-y=0.888"
"PronTokAlign",1202.23,1202.4499999999998,"m-E-m=0.621"
"PronTokAlign",1202.4499999999998,1202.6999999999998,"n-i-v-O/"
"PronTokAlign",1202.6999999999998,1202.73,"d=0.406"
"PronTokAlign",1202.73,1203.26,"v-j-O/-l-a~-s-@=0.84"
"PronTokAlign",1203.26,1203.31,"k=0.781"
"PronTokAlign",1203.31,1203.8,"Z-y-m-A/-n-Z-i=0.752"
"PronTokAlign",1203.8,1203.89,"Z=0.348"
"PronTokAlign",1203.89,1204.309688,"p-a~-s=0.694"
"PronTokAlign",1204.309688,1211.684062,"#=0.0"
"PronTokAlign",1211.684062,1212.104062,"A/-p-R-e=0.451"
"PronTokAlign",1212.104062,1212.784062,"Z-y-m-A/-n-Z-i=0.608"
"PronTokAlign",1212.784062,1212.834062,"j=0.675"
"PronTokAlign",1212.834062,1212.894062,"A/"
"PronTokAlign",1212.894062,1213.194062,"k-E-l-k-U~/"
"PronTokAlign",1213.194062,1213.274062,"k-i=0.47"
"PronTokAlign",1213.274062,1213.374062,"s=0.939"
"PronTokAlign",1213.374062,1213.504062,"f-e=0.532"
"PronTokAlign",1213.504062,1213.984062,"b-u-f-e=0.785"
"PronTokAlign",1213.984062,1214.264062,"p-A/-R"
"PronTokAlign",1214.264062,1214.955956,"U~/=0.51"
"PronTokAlign",1214.955956,1215.22,"#=0.0"
"PronTokAlign",1215.22,1216.055929,"i-p-O/-p-O/-t-A/-m-@=0.929"
"PronTokAlign",1216.055929,1217.166948,"#=0.0"
"PronTokAlign",1217.166948,1217.843316,"laugh=0.0"
"PronTokAlign",1217.843316,1219.429283,"#=0.0"
"PronTokAlign",1219.429283,1219.94239,"laugh=0.0"
"PronTokAlign",1219.94239,1222.416563,"#=0.0"
"PronTokAlign",1222.416563,1223.036563,"v-l-A/=0.549"
"PronTokAlign",1223.036563,1223.076563,"laugh"
"PronTokAlign",1223.076563,1224.696563,"#"
"PronTokAlign",1224.696563,1224.836563,"d-a~=0.749"
"PronTokAlign",1224.836563,1224.946563,"l-e=0.45"
"PronTokAlign",1224.946563,1225.166563,"s-U~/=0.673"
"PronTokAlign",1225.166563,1225.536563,"p-R-2-m-j-E-R=0.904"
"PronTokAlign",1225.536563,1226.112188,"m-i-n-y-t=0.446"
"PronTokAlign",1226.112188,1228.715,"#=0.0"
"PronTokAlign",1228.715,1228.980937,"w-E"
"PronTokAlign",1228.980937,1233.554063,"#=0.0"
"PronTokAlign",1233.554063,1233.964063,"A/-p-R-e=0.497"
"PronTokAlign",1233.964063,1234.124063,"p-u-R"
"PronTokAlign",1234.124063,1234.224063,"l-e=0.416"
"PronTokAlign",1234.224063,1234.374063,"t-u=0.724"
"PronTokAlign",1234.374063,1234.654063,"p-@-t-i=0.759"
"PronTokAlign",1234.654063,1234.734063,"O~=0.581"
"PronTokAlign",1234.734063,1234.844063,"p-@=0.68"
"PronTokAlign",1234.844063,1235.074063,"m-E-t-R=0.873"
"PronTokAlign",1235.074063,1235.99,"m-A/-R-s-y-p-i-l-A/-m-i=0.78"
"PronTokAlign",1235.99,1236.503717,"#=0.0"
"PronTokAlign",1236.503717,1236.903717,"s-e"
"PronTokAlign",1236.903717,1237.671563,"A/-v-a~-t-y-R-@=0.585"
