"PhonAlign",0.0,1.43,"#"
"PhonAlign",1.43,1.56,"O/"
"PhonAlign",1.56,1.65,"Z"
"PhonAlign",1.65,1.7,"u"
"PhonAlign",1.7,1.74,"R"
"PhonAlign",1.74,1.7999999999999998,"d"
"PhonAlign",1.7999999999999998,1.83,"y"
"PhonAlign",1.83,1.86,"i"
"PhonAlign",1.86,1.94,"O~"
"PhonAlign",1.94,2.05,"s"
"PhonAlign",2.05,2.09,"R"
"PhonAlign",2.09,2.16,"2"
"PhonAlign",2.16,2.25,"t"
"PhonAlign",2.25,2.32,"R"
"PhonAlign",2.32,2.39,"u"
"PhonAlign",2.39,2.52,"v"
"PhonAlign",2.52,2.61,"2"
"PhonAlign",2.61,2.68,"d"
"PhonAlign",2.68,2.73,"y"
"PhonAlign",2.73,2.88,"k"
"PhonAlign",2.88,2.98,"u"
"PhonAlign",2.98,3.17,"p"
"PhonAlign",3.17,3.32,"u"
"PhonAlign",3.32,3.37,"R"
"PhonAlign",3.37,3.945,"fp"
"PhonAlign",3.945,4.985,"#"
"PhonAlign",4.985,5.045,"p"
"PhonAlign",5.045,5.135000000000001,"u"
"PhonAlign",5.135000000000001,5.2250000000000005,"R"
"PhonAlign",5.2250000000000005,5.465,"fp"
"PhonAlign",5.465,5.595000000000001,"f"
"PhonAlign",5.595000000000001,5.655,"E"
"PhonAlign",5.655,5.6850000000000005,"R"
"PhonAlign",5.6850000000000005,5.715,"y"
"PhonAlign",5.715,5.825,"n"
"PhonAlign",5.825,5.925000000000001,"@"
"PhonAlign",5.925000000000001,5.965,"R"
"PhonAlign",5.965,6.045,"e"
"PhonAlign",6.045,6.095000000000001,"y"
"PhonAlign",6.095000000000001,6.195,"n"
"PhonAlign",6.195,6.265000000000001,"j"
"PhonAlign",6.265000000000001,6.345,"O~"
"PhonAlign",6.345,6.915,"#"
"PhonAlign",6.915,7.055,"d"
"PhonAlign",7.055,7.085,"i"
"PhonAlign",7.085,7.1850000000000005,"s"
"PhonAlign",7.1850000000000005,7.255,"k"
"PhonAlign",7.255,7.305,"y"
"PhonAlign",7.305,7.465,"t"
"PhonAlign",7.465,7.585,"e"
"PhonAlign",7.585,7.645,"d"
"PhonAlign",7.645,7.695,"@"
"PhonAlign",7.695,7.785,"k"
"PhonAlign",7.785,7.845,"E"
"PhonAlign",7.845,7.875,"l"
"PhonAlign",7.875,8.015,"s"
"PhonAlign",8.015,8.075,"y"
"PhonAlign",8.075,8.165,"Z"
"PhonAlign",8.165,8.225,"E"
"PhonAlign",8.225,8.275,"t"
"PhonAlign",8.275,8.365,"E"
"PhonAlign",8.365,8.455,"d"
"PhonAlign",8.455,8.515,"@"
"PhonAlign",8.515,8.635,"k"
"PhonAlign",8.635,9.065,"E"
"PhonAlign",9.065,9.095,"l"
"PhonAlign",9.095,9.255,"Z"
"PhonAlign",9.255,9.375,"a~"
"PhonAlign",9.375,9.475,"R"
"PhonAlign",9.475,9.535,"d"
"PhonAlign",9.535,9.585,"@"
"PhonAlign",9.585,9.755,"f"
"PhonAlign",9.755,9.805,"i"
"PhonAlign",9.805,9.835,"l"
"PhonAlign",9.835,9.865,"m"
"PhonAlign",9.865,9.895,"n"
"PhonAlign",9.895,9.955,"u"
"PhonAlign",9.955,10.045,"z"
"PhonAlign",10.045,10.105,"A/"
"PhonAlign",10.105,10.135,"l"
"PhonAlign",10.135,10.165,"O~"
"PhonAlign",10.165,10.205,"y"
"PhonAlign",10.205,10.345,"t"
"PhonAlign",10.345,10.385,"i"
"PhonAlign",10.385,10.415,"l"
"PhonAlign",10.415,10.445,"i"
"PhonAlign",10.445,10.525,"z"
"PhonAlign",10.525,10.605,"e"
"PhonAlign",10.605,10.735,"p"
"PhonAlign",10.735,10.925,"u"
"PhonAlign",10.925,11.335,"R"
"PhonAlign",11.335,12.19,"#"
"PhonAlign",12.19,12.32,"l"
"PhonAlign",12.32,12.59,"@"
"PhonAlign",12.59,12.74,"f"
"PhonAlign",12.74,12.77,"E"
"PhonAlign",12.77,12.84,"s"
"PhonAlign",12.84,12.99,"t"
"PhonAlign",12.99,13.04,"i"
"PhonAlign",13.04,13.09,"v"
"PhonAlign",13.09,13.71,"A/"
"PhonAlign",13.71,13.75,"l"
"PhonAlign",13.75,14.765,"#"
"PhonAlign",14.765,14.825,"s"
"PhonAlign",14.825,14.855,"i"
"PhonAlign",14.855,14.895,"n"
"PhonAlign",14.895,14.925,"E"
"PhonAlign",14.925,14.955,"m"
"PhonAlign",14.955,15.005,"A/"
"PhonAlign",15.005,15.095,"t"
"PhonAlign",15.095,15.135,"O/"
"PhonAlign",15.135,15.195,"g"
"PhonAlign",15.195,15.225,"R"
"PhonAlign",15.225,15.285,"A/"
"PhonAlign",15.285,15.395,"f"
"PhonAlign",15.395,15.455,"i"
"PhonAlign",15.455,15.575,"k"
"PhonAlign",15.575,15.615,"k"
"PhonAlign",15.615,15.655,"O~"
"PhonAlign",15.655,15.955,"v"
"PhonAlign",15.955,16.015,"A/"
"PhonAlign",16.015,16.055,"O/"
"PhonAlign",16.055,16.095,"R"
"PhonAlign",16.095,16.175,"g"
"PhonAlign",16.175,16.225,"A/"
"PhonAlign",16.225,16.265,"n"
"PhonAlign",16.265,16.295,"i"
"PhonAlign",16.295,16.445,"z"
"PhonAlign",16.445,16.505,"e"
"PhonAlign",16.505,17.4,"#"
"PhonAlign",17.4,18.14,"fp"
"PhonAlign",18.14,18.21,"d"
"PhonAlign",18.21,18.25,"y"
"PhonAlign",18.25,18.36,"k"
"PhonAlign",18.36,18.4,"u"
"PhonAlign",18.4,18.43,"n"
"PhonAlign",18.43,18.46,"u"
"PhonAlign",18.46,18.57,"s"
"PhonAlign",18.57,18.61,"O/"
"PhonAlign",18.61,18.67,"m"
"PhonAlign",18.67,18.77,"k"
"PhonAlign",18.77,18.87,"A/"
"PhonAlign",18.87,18.94,"t"
"PhonAlign",18.94,19.0,"R"
"PhonAlign",19.0,19.03,"O/"
"PhonAlign",19.03,19.11,"Z"
"PhonAlign",19.11,19.18,"u"
"PhonAlign",19.18,19.22,"R"
"PhonAlign",19.22,19.28,"d"
"PhonAlign",19.28,19.35,"y"
"PhonAlign",19.35,19.48,"i"
"PhonAlign",19.48,20.175,"#"
"PhonAlign",20.175,20.785,"fp"
"PhonAlign",20.785,20.895,"O~"
"PhonAlign",20.895,20.945,"v"
"PhonAlign",20.945,20.975,"A/"
"PhonAlign",20.975,21.105,"s"
"PhonAlign",21.105,21.135,"@"
"PhonAlign",21.135,21.225,"p"
"PhonAlign",21.225,21.265,"R"
"PhonAlign",21.265,21.295,"E"
"PhonAlign",21.295,21.355,"z"
"PhonAlign",21.355,21.455,"a~"
"PhonAlign",21.455,21.555,"t"
"PhonAlign",21.555,21.635,"e"
"PhonAlign",21.635,21.665,"v"
"PhonAlign",21.665,21.725,"i"
"PhonAlign",21.725,21.795,"t"
"PhonAlign",21.795,21.905,"f"
"PhonAlign",21.905,22.235,"e"
"PhonAlign",22.235,22.425,"#"
"PhonAlign",22.425,23.14,"fp"
"PhonAlign",23.14,23.47,"#"
"PhonAlign",23.47,23.53,"f"
"PhonAlign",23.53,23.56,"E"
"PhonAlign",23.56,23.59,"R"
"PhonAlign",23.59,23.62,"U~/"
"PhonAlign",23.62,23.65,"p"
"PhonAlign",23.65,23.69,"t"
"PhonAlign",23.69,23.72,"i"
"PhonAlign",23.72,23.83,"t"
"PhonAlign",23.83,23.87,"u"
"PhonAlign",23.87,23.9,"R"
"PhonAlign",23.9,23.94,"d"
"PhonAlign",23.94,23.99,"@"
"PhonAlign",23.99,24.11,"t"
"PhonAlign",24.11,24.16,"A/"
"PhonAlign",24.16,24.19,"b"
"PhonAlign",24.19,24.225,"l"
"PhonAlign",24.225,24.665,"#"
"PhonAlign",24.665,24.705,"A/"
"PhonAlign",24.705,24.735,"v"
"PhonAlign",24.735,24.765,"E"
"PhonAlign",24.765,24.815,"k"
"PhonAlign",24.815,24.845,"v"
"PhonAlign",24.845,24.885,"O/"
"PhonAlign",24.885,24.925,"t"
"PhonAlign",24.925,24.985,"p"
"PhonAlign",24.985,25.035,"R"
"PhonAlign",25.035,25.105,"E"
"PhonAlign",25.105,25.165,"n"
"PhonAlign",25.165,25.435,"O~"
"PhonAlign",25.435,25.79,"e"
"PhonAlign",25.79,26.84,"#"
"PhonAlign",26.84,26.98,"v"
"PhonAlign",26.98,27.01,"l"
"PhonAlign",27.01,27.05,"A/"
"PhonAlign",27.05,31.55,"#"
"PhonAlign",31.55,31.64,"O/"
"PhonAlign",31.64,31.77,"k"
"PhonAlign",31.77,31.859249,"e"
"PhonAlign",31.859249,37.19,"#"
"PhonAlign",37.19,37.23,"d"
"PhonAlign",37.23,37.27,"A/"
"PhonAlign",37.27,37.43,"k"
"PhonAlign",37.43,37.47,"O/"
"PhonAlign",37.47,37.545,"R"
"PhonAlign",37.545,43.085,"#"
"PhonAlign",43.085,43.165,"d"
"PhonAlign",43.165,43.195,"O~"
"PhonAlign",43.195,44.065,"#"
"PhonAlign",44.065,44.145,"m"
"PhonAlign",44.145,44.185,"w"
"PhonAlign",44.185,44.415,"A/"
"PhonAlign",44.415,44.535,"s"
"PhonAlign",44.535,44.565,"e"
"PhonAlign",44.565,44.685,"*"
"PhonAlign",44.685,44.775,"*"
"PhonAlign",44.775,44.805,"*"
"PhonAlign",44.805,45.015,"*"
"PhonAlign",45.015,45.125,"S"
"PhonAlign",45.125,45.245000000000005,"s"
"PhonAlign",45.245000000000005,45.275,"2"
"PhonAlign",45.275,45.305,"R"
"PhonAlign",45.305,45.335,"E"
"PhonAlign",45.335,45.415,"m"
"PhonAlign",45.415,45.455,"O/"
"PhonAlign",45.455,45.505,"d"
"PhonAlign",45.505,45.575,"E"
"PhonAlign",45.575,45.605,"R"
"PhonAlign",45.605,45.685,"A/"
"PhonAlign",45.685,45.755,"t"
"PhonAlign",45.755,45.785,"R"
"PhonAlign",45.785,45.845,"i"
"PhonAlign",45.845,45.965,"s"
"PhonAlign",45.965,45.995000000000005,"O/"
"PhonAlign",45.995000000000005,46.065,"Z"
"PhonAlign",46.065,46.095,"u"
"PhonAlign",46.095,46.155,"R"
"PhonAlign",46.155,46.205,"d"
"PhonAlign",46.205,46.285,"y"
"PhonAlign",46.285,46.325,"i"
"PhonAlign",46.325,46.855,"#"
"PhonAlign",46.855,46.945,"e"
"PhonAlign",46.945,46.995,"Z"
"PhonAlign",46.995,47.025,"v"
"PhonAlign",47.025,47.055,"e"
"PhonAlign",47.055,47.085,"v"
"PhonAlign",47.085,47.115,"u"
"PhonAlign",47.115,47.205,"p"
"PhonAlign",47.205,47.26499999999999,"A/"
"PhonAlign",47.26499999999999,47.295,"R"
"PhonAlign",47.295,47.325,"l"
"PhonAlign",47.325,47.415,"e"
"PhonAlign",47.415,47.505,"d"
"PhonAlign",47.505,47.565,"O/"
"PhonAlign",47.565,47.595,"R"
"PhonAlign",47.595,47.735,"9"
"PhonAlign",47.735,47.76499999999999,"R"
"PhonAlign",47.76499999999999,47.835,"E"
"PhonAlign",47.835,47.905,"d"
"PhonAlign",47.905,47.945,"@"
"PhonAlign",47.945,48.26499999999999,"s"
"PhonAlign",48.26499999999999,48.295,"y"
"PhonAlign",48.295,48.325,"s"
"PhonAlign",48.325,48.415,"p"
"PhonAlign",48.415,48.445,"a~"
"PhonAlign",48.445,48.542166,"z"
"PhonAlign",48.542166,49.6,"#"
"PhonAlign",49.6,49.73,"d"
"PhonAlign",49.73,49.86,"O~"
"PhonAlign",49.86,50.042616,"k"
"PhonAlign",50.042616,52.415,"#"
"PhonAlign",52.415,52.475,"E"
"PhonAlign",52.475,52.605,"k"
"PhonAlign",52.605,52.705,"s"
"PhonAlign",52.705,52.745,"k"
"PhonAlign",52.745,52.775,"y"
"PhonAlign",52.775,52.845,"z"
"PhonAlign",52.845,52.875,"e"
"PhonAlign",52.875,52.935,"m"
"PhonAlign",52.935,52.965,"w"
"PhonAlign",52.965,53.025,"A/"
"PhonAlign",53.025,53.075,"Z"
"PhonAlign",53.075,53.105,"e"
"PhonAlign",53.105,53.185,"d"
"PhonAlign",53.185,53.215,"m"
"PhonAlign",53.215,53.245,"A/"
"PhonAlign",53.245,53.275,"l"
"PhonAlign",53.275,53.305,"A/"
"PhonAlign",53.305,53.335,"v"
"PhonAlign",53.335,53.375,"E"
"PhonAlign",53.375,53.425,"k"
"PhonAlign",53.425,53.455,"l"
"PhonAlign",53.455,53.485,"A/"
"PhonAlign",53.485,53.585,"t"
"PhonAlign",53.585,53.625,"A/"
"PhonAlign",53.625,53.665,"b"
"PhonAlign",53.665,53.695,"l"
"PhonAlign",53.695,53.745,"E"
"PhonAlign",53.745,53.78,"t"
"PhonAlign",53.78,55.085,"#"
"PhonAlign",55.085,55.205,"d"
"PhonAlign",55.205,55.305,"O~"
"PhonAlign",55.305,55.405,"k"
"PhonAlign",55.405,55.515,"fp"
"PhonAlign",55.515,55.615,"n"
"PhonAlign",55.615,55.645,"u"
"PhonAlign",55.645,55.695,"R"
"PhonAlign",55.695,55.725,"2"
"PhonAlign",55.725,55.785,"t"
"PhonAlign",55.785,55.825,"R"
"PhonAlign",55.825,55.885,"u"
"PhonAlign",55.885,55.915,"v"
"PhonAlign",55.915,55.945,"O~"
"PhonAlign",55.945,55.985,"O/"
"PhonAlign",55.985,56.065,"Z"
"PhonAlign",56.065,56.135,"u"
"PhonAlign",56.135,56.165,"R"
"PhonAlign",56.165,56.225,"d"
"PhonAlign",56.225,56.265,"y"
"PhonAlign",56.265,56.335,"i"
"PhonAlign",56.335,56.455,"p"
"PhonAlign",56.455,56.545,"u"
"PhonAlign",56.545,56.735,"R"
"PhonAlign",56.735,57.155,"fp"
"PhonAlign",57.155,57.205,"O/"
"PhonAlign",57.205,57.235,"m"
"PhonAlign",57.235,57.265,"m"
"PhonAlign",57.265,57.365,"S"
"PhonAlign",57.365,57.405,"e"
"PhonAlign",57.405,57.435,"d"
"PhonAlign",57.435,57.515,"i"
"PhonAlign",57.515,57.545,"l"
"PhonAlign",57.545,57.615,"A/"
"PhonAlign",57.615,57.685,"R"
"PhonAlign",57.685,57.755,"E"
"PhonAlign",57.755,57.785,"y"
"PhonAlign",57.785,57.815,"n"
"PhonAlign",57.815,57.885,"j"
"PhonAlign",57.885,57.98,"O~"
"PhonAlign",57.98,58.74,"#"
"PhonAlign",58.74,58.84,"e"
"PhonAlign",58.84,58.91,"d"
"PhonAlign",58.91,58.99,"O~"
"PhonAlign",58.99,59.11,"k"
"PhonAlign",59.11,59.18,"v"
"PhonAlign",59.18,59.260000000000005,"A/"
"PhonAlign",59.260000000000005,59.34,"k"
"PhonAlign",59.34,59.370000000000005,"O/"
"PhonAlign",59.370000000000005,59.43,"m"
"PhonAlign",59.43,59.5,"a~"
"PhonAlign",59.5,59.63,"s"
"PhonAlign",59.63,59.67,"e"
"PhonAlign",59.67,59.75,"p"
"PhonAlign",59.75,59.81,"A/"
"PhonAlign",59.81,59.86,"R"
"PhonAlign",59.86,59.940000000000005,"p"
"PhonAlign",59.940000000000005,59.98,"R"
"PhonAlign",59.98,60.010000000000005,"a~"
"PhonAlign",60.010000000000005,60.04,"d"
"PhonAlign",60.04,60.07,"R"
"PhonAlign",60.07,60.1,"l"
"PhonAlign",60.1,60.15,"A/"
"PhonAlign",60.15,60.24,"p"
"PhonAlign",60.24,60.3,"A/"
"PhonAlign",60.3,60.39,"R"
"PhonAlign",60.39,60.5,"O/"
"PhonAlign",60.5,60.64,"l"
"PhonAlign",60.64,60.84,"@"
"PhonAlign",60.84,61.375,"#"
"PhonAlign",61.375,61.725,"@"
"PhonAlign",61.725,62.075,"m"
"PhonAlign",62.075,63.06,"#"
"PhonAlign",63.06,63.260000000000005,"*"
"PhonAlign",63.260000000000005,63.35,"*"
"PhonAlign",63.35,63.440000000000005,"*"
"PhonAlign",63.440000000000005,63.55,"*"
"PhonAlign",63.55,63.62,"*"
"PhonAlign",63.62,64.22,"#"
"PhonAlign",64.22,64.28999999999999,"p"
"PhonAlign",64.28999999999999,64.34,"i"
"PhonAlign",64.34,64.42,"s"
"PhonAlign",64.42,64.45,"@"
"PhonAlign",64.45,64.56,"s"
"PhonAlign",64.56,64.61,"R"
"PhonAlign",64.61,64.65,"A/"
"PhonAlign",64.65,64.77,"O/"
"PhonAlign",64.77,64.91,"t"
"PhonAlign",64.91,65.05,"u"
"PhonAlign",65.05,65.09,"R"
"PhonAlign",65.09,65.19,"d"
"PhonAlign",65.19,65.53999999999999,"@"
"PhonAlign",65.53999999999999,65.65,"*"
"PhonAlign",65.65,65.74,"*"
"PhonAlign",65.74,65.9,"*"
"PhonAlign",65.9,65.98,"*"
"PhonAlign",65.98,66.785,"#"
"PhonAlign",66.785,66.965,"e"
"PhonAlign",66.965,67.35,"#"
"PhonAlign",67.35,67.42999999999999,"d"
"PhonAlign",67.42999999999999,67.50999999999999,"@"
"PhonAlign",67.50999999999999,67.58,"l"
"PhonAlign",67.58,67.64999999999999,"O/"
"PhonAlign",67.64999999999999,67.78999999999999,"a~"
"PhonAlign",67.78999999999999,68.1,"#"
"PhonAlign",68.1,68.21,"S"
"PhonAlign",68.21,68.38,"s"
"PhonAlign",68.38,68.42999999999999,"2"
"PhonAlign",68.42999999999999,68.46,"R"
"PhonAlign",68.46,68.69999999999999,"e"
"PhonAlign",68.69999999999999,68.75999999999999,"l"
"PhonAlign",68.75999999999999,68.83999999999999,"e"
"PhonAlign",68.83999999999999,69.05,"l"
"PhonAlign",69.05,69.11999999999999,"A/"
"PhonAlign",69.11999999999999,69.19999999999999,"d"
"PhonAlign",69.19999999999999,69.25999999999999,"E"
"PhonAlign",69.25999999999999,69.3,"R"
"PhonAlign",69.3,69.36999999999999,"n"
"PhonAlign",69.36999999999999,69.39999999999999,"j"
"PhonAlign",69.39999999999999,69.44,"E"
"PhonAlign",69.44,69.47,"R"
"PhonAlign",69.47,69.53,"A/"
"PhonAlign",69.53,69.58999999999999,"p"
"PhonAlign",69.58999999999999,69.64,"R"
"PhonAlign",69.64,69.69999999999999,"a~"
"PhonAlign",69.69999999999999,69.72999999999999,"d"
"PhonAlign",69.72999999999999,69.75999999999999,"R"
"PhonAlign",69.75999999999999,69.78999999999999,"l"
"PhonAlign",69.78999999999999,69.82,"A/"
"PhonAlign",69.82,69.86999999999999,"p"
"PhonAlign",69.86999999999999,69.91999999999999,"A/"
"PhonAlign",69.91999999999999,69.96,"R"
"PhonAlign",69.96,70.05999999999999,"O/"
"PhonAlign",70.05999999999999,70.16999999999999,"l"
"PhonAlign",70.16999999999999,71.0,"#"
"PhonAlign",71.0,71.03,"d"
"PhonAlign",71.03,71.08999999999999,"y"
"PhonAlign",71.08999999999999,71.24,"k"
"PhonAlign",71.24,71.39,"u"
"PhonAlign",71.39,71.66999999999999,"fp"
"PhonAlign",71.66999999999999,71.8,"*"
"PhonAlign",71.8,71.89999999999999,"*"
"PhonAlign",71.89999999999999,71.92999999999999,"*"
"PhonAlign",71.92999999999999,71.99,"*"
"PhonAlign",71.99,72.05999999999999,"*"
"PhonAlign",72.05999999999999,72.14999999999999,"t"
"PhonAlign",72.14999999999999,72.21,"p"
"PhonAlign",72.21,72.25,"@"
"PhonAlign",72.25,72.33,"k"
"PhonAlign",72.33,72.38,"O/"
"PhonAlign",72.38,72.42999999999999,"m"
"PhonAlign",72.42999999999999,72.49,"a~"
"PhonAlign",72.49,72.61,"s"
"PhonAlign",72.61,72.69,"e"
"PhonAlign",72.69,175.105,"#"
"PhonAlign",175.105,175.795,"fp"
"PhonAlign",175.795,175.875,"t"
"PhonAlign",175.875,175.965,"R"
"PhonAlign",175.965,175.99499999999998,"E"
"PhonAlign",175.99499999999998,176.08499999999998,"b"
"PhonAlign",176.08499999999998,176.17499999999998,"j"
"PhonAlign",176.17499999999998,176.315,"U~/"
"PhonAlign",176.315,176.375,"#"
"PhonAlign",176.375,176.415,"d"
"PhonAlign",176.415,176.465,"O~"
"PhonAlign",176.465,176.645,"k"
"PhonAlign",176.645,176.805,"s"
"PhonAlign",176.805,176.835,"e"
"PhonAlign",176.835,176.885,"m"
"PhonAlign",176.885,176.965,"U~/"
"PhonAlign",176.965,177.025,"n"
"PhonAlign",177.025,177.085,"a~"
"PhonAlign",177.085,177.165,"O/"
"PhonAlign",177.165,177.345,"t"
"PhonAlign",177.345,177.395,"u"
"PhonAlign",177.395,177.575,"R"
"PhonAlign",177.575,177.695,"d"
"PhonAlign",177.695,178.32,"@"
"PhonAlign",178.32,179.01,"#"
"PhonAlign",179.01,179.06,"*"
"PhonAlign",179.06,179.13,"*"
"PhonAlign",179.13,179.2,"*"
"PhonAlign",179.2,179.28,"*"
"PhonAlign",179.28,179.925,"#"
"PhonAlign",179.925,179.985,"m"
"PhonAlign",179.985,180.04500000000002,"E"
"PhonAlign",180.04500000000002,180.07500000000002,"R"
"PhonAlign",180.07500000000002,180.165,"s"
"PhonAlign",180.165,180.205,"i"
"PhonAlign",180.205,180.265,"d"
"PhonAlign",180.265,180.345,"n"
"PhonAlign",180.345,180.405,"@"
"PhonAlign",180.405,180.495,"p"
"PhonAlign",180.495,180.525,"A/"
"PhonAlign",180.525,180.555,"l"
"PhonAlign",180.555,180.585,"H"
"PhonAlign",180.585,180.635,"i"
"PhonAlign",180.635,180.745,"k"
"PhonAlign",180.745,180.775,"u"
"PhonAlign",180.775,180.855,"p"
"PhonAlign",180.855,180.885,"e"
"PhonAlign",180.885,180.915,"l"
"PhonAlign",180.915,180.955,"A/"
"PhonAlign",180.955,181.055,"p"
"PhonAlign",181.055,181.105,"A/"
"PhonAlign",181.105,181.135,"R"
"PhonAlign",181.135,181.225,"O/"
"PhonAlign",181.225,181.31,"l"
"PhonAlign",181.31,198.958477,"#"
"PhonAlign",198.958477,199.592818,"laugh"
"PhonAlign",199.592818,269.63,"#"
"PhonAlign",269.63,269.85,"fp"
"PhonAlign",269.85,269.88,"y"
"PhonAlign",269.88,269.98,"n"
"PhonAlign",269.98,270.01,"i"
"PhonAlign",270.01,270.07,"d"
"PhonAlign",270.07,270.14,"e"
"PhonAlign",270.14,270.18,"d"
"PhonAlign",270.18,270.25,"@"
"PhonAlign",270.25,270.4,"f"
"PhonAlign",270.4,270.47,"i"
"PhonAlign",270.47,270.5,"l"
"PhonAlign",270.5,270.53,"m"
"PhonAlign",270.53,270.62,"s"
"PhonAlign",270.62,270.65,"e"
"PhonAlign",270.65,270.75,"s"
"PhonAlign",270.75,270.89,"A/"
"PhonAlign",270.89,272.015,"#"
"PhonAlign",272.015,272.305,"fp"
"PhonAlign",272.305,272.435,"Z"
"PhonAlign",272.435,272.565,"k"
"PhonAlign",272.565,272.595,"O/"
"PhonAlign",272.595,272.695,"n"
"PhonAlign",272.695,272.735,"e"
"PhonAlign",272.735,272.825,"k"
"PhonAlign",272.825,272.855,"O/"
"PhonAlign",272.855,272.925,"m"
"PhonAlign",272.925,272.985,"a~"
"PhonAlign",272.985,273.105,"s"
"PhonAlign",273.105,273.145,"@"
"PhonAlign",273.145,273.245,"f"
"PhonAlign",273.245,273.335,"E"
"PhonAlign",273.335,273.385,"R"
"PhonAlign",273.385,273.425,"l"
"PhonAlign",273.425,273.515,"A/"
"PhonAlign",273.515,273.565,"R"
"PhonAlign",273.565,273.675,"g"
"PhonAlign",273.675,273.845,"e"
"PhonAlign",273.845,274.255,"a~"
"PhonAlign",274.255,274.345,"d"
"PhonAlign",274.345,274.405,"i"
"PhonAlign",274.405,274.495,"s"
"PhonAlign",274.495,274.565,"e"
"PhonAlign",274.565,274.665,"t"
"PhonAlign",274.665,274.765,"A/"
"PhonAlign",274.765,275.019136,"p"
"PhonAlign",275.019136,275.44,"#"
"PhonAlign",275.44,275.52,"s"
"PhonAlign",275.52,275.55,"e"
"PhonAlign",275.55,275.995,"fp"
"PhonAlign",275.995,278.235,"#"
"PhonAlign",278.235,278.33500000000004,"b"
"PhonAlign",278.33500000000004,278.575,"E"
"PhonAlign",278.575,278.65500000000003,"Z"
"PhonAlign",278.65500000000003,278.685,"y"
"PhonAlign",278.685,278.735,"s"
"PhonAlign",278.735,278.825,"t"
"PhonAlign",278.825,278.855,"2"
"PhonAlign",278.855,278.915,"m"
"PhonAlign",278.915,279.005,"a~"
"PhonAlign",279.005,279.08500000000004,"s"
"PhonAlign",279.08500000000004,279.125,"i"
"PhonAlign",279.125,279.225,"s"
"PhonAlign",279.225,279.27500000000003,"i"
"PhonAlign",279.27500000000003,279.425,"s"
"PhonAlign",279.425,279.45500000000004,"e"
"PhonAlign",279.45500000000004,279.98,"U~/"
"PhonAlign",279.98,280.1,"#"
"PhonAlign",280.1,280.36,"f"
"PhonAlign",280.36,280.40000000000003,"i"
"PhonAlign",280.40000000000003,280.43,"l"
"PhonAlign",280.43,280.48,"m"
"PhonAlign",280.48,280.51000000000005,"R"
"PhonAlign",280.51000000000005,280.58000000000004,"O/"
"PhonAlign",280.58000000000004,280.62,"m"
"PhonAlign",280.62,280.72,"a~"
"PhonAlign",280.72,280.87,"t"
"PhonAlign",280.87,280.93,"i"
"PhonAlign",280.93,281.09000000000003,"k"
"PhonAlign",281.09000000000003,281.26000000000005,"y"
"PhonAlign",281.26000000000005,281.31,"n"
"PhonAlign",281.31,281.46000000000004,"k"
"PhonAlign",281.46000000000004,281.49,"O/"
"PhonAlign",281.49,281.56,"m"
"PhonAlign",281.56,281.64000000000004,"e"
"PhonAlign",281.64000000000004,281.73,"d"
"PhonAlign",281.73,281.78000000000003,"i"
"PhonAlign",281.78000000000003,281.82000000000005,"R"
"PhonAlign",281.82000000000005,281.90000000000003,"O/"
"PhonAlign",281.90000000000003,281.97,"m"
"PhonAlign",281.97,282.07000000000005,"a~"
"PhonAlign",282.07000000000005,282.19,"t"
"PhonAlign",282.19,282.28000000000003,"i"
"PhonAlign",282.28000000000003,282.333954,"k"
"PhonAlign",282.333954,282.865,"#"
"PhonAlign",282.865,283.095,"u"
"PhonAlign",283.095,283.505,"fp"
"PhonAlign",283.505,283.605,"E"
"PhonAlign",283.605,283.685,"s"
"PhonAlign",283.685,283.755,"k"
"PhonAlign",283.755,283.815,"@"
"PhonAlign",283.815,283.90500000000003,"Z"
"PhonAlign",283.90500000000003,284.055,"@"
"PhonAlign",284.055,284.105,"E"
"PhonAlign",284.105,284.185,"s"
"PhonAlign",284.185,284.265,"k"
"PhonAlign",284.265,284.295,"@"
"PhonAlign",284.295,284.375,"Z"
"PhonAlign",284.375,284.40500000000003,"E"
"PhonAlign",284.40500000000003,284.435,"k"
"PhonAlign",284.435,284.52500000000003,"s"
"PhonAlign",284.52500000000003,284.595,"p"
"PhonAlign",284.595,284.625,"l"
"PhonAlign",284.625,284.735,"i"
"PhonAlign",284.735,284.77500000000003,"k"
"PhonAlign",284.77500000000003,284.815,"@"
"PhonAlign",284.815,284.845,"v"
"PhonAlign",284.845,284.875,"R"
"PhonAlign",284.875,284.90500000000003,"e"
"PhonAlign",284.90500000000003,284.935,"m"
"PhonAlign",284.935,284.975,"a~"
"PhonAlign",284.975,285.015,"l"
"PhonAlign",285.015,285.045,"i"
"PhonAlign",285.045,285.205,"s"
"PhonAlign",285.205,285.245,"t"
"PhonAlign",285.245,285.27500000000003,"w"
"PhonAlign",285.27500000000003,285.345,"A/"
"PhonAlign",285.345,285.385,"R"
"PhonAlign",285.385,285.633871,"#"
"PhonAlign",285.633871,285.733871,"p"
"PhonAlign",285.733871,285.823871,"s"
"PhonAlign",285.823871,285.873871,"k"
"PhonAlign",285.873871,285.943871,"m"
"PhonAlign",285.943871,285.973871,"w"
"PhonAlign",285.973871,286.003871,"A/"
"PhonAlign",286.003871,286.073871,"Z"
"PhonAlign",286.073871,286.103871,"l"
"PhonAlign",286.103871,286.133871,"A/"
"PhonAlign",286.133871,286.213871,"t"
"PhonAlign",286.213871,286.263871,"R"
"PhonAlign",286.263871,286.353871,"u"
"PhonAlign",286.353871,286.383871,"v"
"PhonAlign",286.383871,286.563871,"t"
"PhonAlign",286.563871,286.593871,"R"
"PhonAlign",286.593871,286.633871,"e"
"PhonAlign",286.633871,286.713871,"m"
"PhonAlign",286.713871,286.753871,"i"
"PhonAlign",286.753871,286.863871,"n"
"PhonAlign",286.863871,286.923871,"j"
"PhonAlign",286.923871,286.963871,"O/"
"PhonAlign",286.963871,287.103871,"n"
"PhonAlign",287.103871,287.313871,"E"
"PhonAlign",287.313871,287.353871,"A/"
"PhonAlign",287.353871,287.413871,"k"
"PhonAlign",287.413871,287.443871,"s"
"PhonAlign",287.443871,287.473871,"E"
"PhonAlign",287.473871,287.593871,"s"
"PhonAlign",287.593871,287.633871,"i"
"PhonAlign",287.633871,287.693871,"b"
"PhonAlign",287.693871,287.723871,"l"
"PhonAlign",287.723871,287.973871,"A/"
"PhonAlign",287.973871,288.143871,"#"
"PhonAlign",288.143871,288.223871,"A/"
"PhonAlign",288.223871,288.373871,"t"
"PhonAlign",288.373871,288.453871,"u"
"PhonAlign",288.453871,288.625446,"s"
"PhonAlign",288.625446,289.935,"#"
"PhonAlign",289.935,290.215,"fp"
"PhonAlign",290.215,290.255,"w"
"PhonAlign",290.255,290.31,"E"
"PhonAlign",290.31,291.03,"#"
"PhonAlign",291.03,291.26,"u"
"PhonAlign",291.26,291.45,"a~"
"PhonAlign",291.45,291.48,"g"
"PhonAlign",291.48,291.54,"R"
"PhonAlign",291.54,291.63,"O/"
"PhonAlign",291.63,291.75,"s"
"PhonAlign",291.75,291.79,"A/"
"PhonAlign",291.79,291.82,"v"
"PhonAlign",291.82,291.85,"A/"
"PhonAlign",291.85,291.9,"E"
"PhonAlign",291.9,292.01,"t"
"PhonAlign",292.01,292.05999999999995,"k"
"PhonAlign",292.05999999999995,292.1,"E"
"PhonAlign",292.1,292.13,"l"
"PhonAlign",292.13,292.22,"k"
"PhonAlign",292.22,292.36,"U~/"
"PhonAlign",292.36,292.45,"k"
"PhonAlign",292.45,292.48,"i"
"PhonAlign",292.48,292.52,"v"
"PhonAlign",292.52,292.6,"A/"
"PhonAlign",292.6,292.7,"f"
"PhonAlign",292.7,292.76,"E"
"PhonAlign",292.76,292.79,"R"
"PhonAlign",292.79,292.83,"U~/"
"PhonAlign",292.83,292.86,"A/"
"PhonAlign",292.86,292.89,"R"
"PhonAlign",292.89,292.92,"d"
"PhonAlign",292.92,292.98,"@"
"PhonAlign",292.98,293.17999999999995,"k"
"PhonAlign",293.17999999999995,293.21,"l"
"PhonAlign",293.21,293.34,"U~/"
"PhonAlign",293.34,293.47,"n"
"PhonAlign",293.47,293.52,"O/"
"PhonAlign",293.52,293.6,"m"
"PhonAlign",293.6,293.72,"k"
"PhonAlign",293.72,293.75,"v"
"PhonAlign",293.75,293.78,"A/"
"PhonAlign",293.78,293.86999999999995,"f"
"PhonAlign",293.86999999999995,293.9,"E"
"PhonAlign",293.9,293.92999999999995,"R"
"PhonAlign",293.92999999999995,293.96,"U~/"
"PhonAlign",293.96,294.0,"n"
"PhonAlign",294.0,294.03,"A/"
"PhonAlign",294.03,294.05999999999995,"R"
"PhonAlign",294.05999999999995,294.19,"t"
"PhonAlign",294.19,294.23,"i"
"PhonAlign",294.23,294.28,"k"
"PhonAlign",294.28,294.30999999999995,"l"
"PhonAlign",294.30999999999995,294.34,"d"
"PhonAlign",294.34,294.36999999999995,"Z"
"PhonAlign",294.36999999999995,294.47,"u"
"PhonAlign",294.47,294.5,"R"
"PhonAlign",294.5,294.54,"n"
"PhonAlign",294.54,294.73,"A/"
"PhonAlign",294.73,294.775,"l"
"PhonAlign",294.775,295.52,"#"
"PhonAlign",295.52,295.58,"s"
"PhonAlign",295.58,295.62,"y"
"PhonAlign",295.62,295.7,"R"
"PhonAlign",295.7,295.81,"k"
"PhonAlign",295.81,295.85,"O/"
"PhonAlign",295.85,295.93,"m"
"PhonAlign",295.93,296.01,"a~"
"PhonAlign",296.01,296.11,"s"
"PhonAlign",296.11,296.16,"@"
"PhonAlign",296.16,296.23,"f"
"PhonAlign",296.23,296.31,"E"
"PhonAlign",296.31,296.34,"R"
"PhonAlign",296.34,296.37,"l"
"PhonAlign",296.37,296.43,"A/"
"PhonAlign",296.43,296.46,"R"
"PhonAlign",296.46,296.54,"g"
"PhonAlign",296.54,296.58,"e"
"PhonAlign",296.58,296.66,"a~"
"PhonAlign",296.66,296.73,"d"
"PhonAlign",296.73,296.79,"i"
"PhonAlign",296.79,296.85,"e"
"PhonAlign",296.85,296.95,"t"
"PhonAlign",296.95,297.04,"A/"
"PhonAlign",297.04,297.075,"p"
"PhonAlign",297.075,297.74,"#"
"PhonAlign",297.74,298.02,"e"
"PhonAlign",298.02,298.38,"#"
"PhonAlign",298.38,298.44,"y"
"PhonAlign",298.44,298.52,"n"
"PhonAlign",298.52,298.64,"f"
"PhonAlign",298.64,298.72,"A/"
"PhonAlign",298.72,298.79,"m"
"PhonAlign",298.79,298.88,"k"
"PhonAlign",298.88,298.91,"v"
"PhonAlign",298.91,298.94,"A/"
"PhonAlign",298.94,299.04,"f"
"PhonAlign",299.04,299.08,"E"
"PhonAlign",299.08,299.11,"R"
"PhonAlign",299.11,299.15,"U~/"
"PhonAlign",299.15,299.21,"n"
"PhonAlign",299.21,299.29,"A/"
"PhonAlign",299.29,299.34,"R"
"PhonAlign",299.34,299.46,"t"
"PhonAlign",299.46,299.51,"i"
"PhonAlign",299.51,299.65,"k"
"PhonAlign",299.65,299.68,"l"
"PhonAlign",299.68,299.71,"d"
"PhonAlign",299.71,299.74,"Z"
"PhonAlign",299.74,299.81,"u"
"PhonAlign",299.81,299.87,"R"
"PhonAlign",299.87,299.95,"n"
"PhonAlign",299.95,299.98,"A/"
"PhonAlign",299.98,300.02,"l"
"PhonAlign",300.02,300.18,"s"
"PhonAlign",300.18,300.21,"y"
"PhonAlign",300.21,300.31,"R"
"PhonAlign",300.31,300.45,"k"
"PhonAlign",300.45,300.51,"O/"
"PhonAlign",300.51,300.57,"m"
"PhonAlign",300.57,300.735,"a~"
"PhonAlign",300.735,301.245,"#"
"PhonAlign",301.245,301.385,"s"
"PhonAlign",301.385,301.425,"E"
"PhonAlign",301.425,301.485,"d"
"PhonAlign",301.485,301.515,"y"
"PhonAlign",301.515,301.545,"i"
"PhonAlign",301.545,301.575,"R"
"PhonAlign",301.575,301.665,"k"
"PhonAlign",301.665,301.755,"E"
"PhonAlign",301.755,301.785,"l"
"PhonAlign",301.785,301.855,"k"
"PhonAlign",301.855,301.885,"U~/"
"PhonAlign",301.885,301.975,"a~"
"PhonAlign",301.975,302.005,"d"
"PhonAlign",302.005,302.035,"i"
"PhonAlign",302.035,302.145,"z"
"PhonAlign",302.145,302.185,"e"
"PhonAlign",302.185,302.275,"t"
"PhonAlign",302.275,302.375,"A/"
"PhonAlign",302.375,302.49,"p"
"PhonAlign",302.49,302.95,"#"
"PhonAlign",302.95,303.04,"e"
"PhonAlign",303.04,303.18,"S"
"PhonAlign",303.18,303.23,"A/"
"PhonAlign",303.23,303.34,"k"
"PhonAlign",303.34,303.46,"U~/"
"PhonAlign",303.46,303.49,"v"
"PhonAlign",303.49,303.56,"A/"
"PhonAlign",303.56,303.67,"f"
"PhonAlign",303.67,303.78,"E"
"PhonAlign",303.78,303.92,"R"
"PhonAlign",303.92,304.09,"s"
"PhonAlign",304.09,304.22,"O~"
"PhonAlign",304.22,304.3,"n"
"PhonAlign",304.3,304.37,"e"
"PhonAlign",304.37,304.51,"t"
"PhonAlign",304.51,304.59,"y"
"PhonAlign",304.59,304.64,"d"
"PhonAlign",304.64,304.77,"t"
"PhonAlign",304.77,304.86,"E"
"PhonAlign",304.86,304.92,"s"
"PhonAlign",304.92,305.03,"t"
"PhonAlign",305.03,305.06,"@"
"PhonAlign",305.06,305.22,"s"
"PhonAlign",305.22,305.25,"y"
"PhonAlign",305.25,305.31,"R"
"PhonAlign",305.31,305.34,"l"
"PhonAlign",305.34,305.42,"O/"
"PhonAlign",305.42,305.49,"t"
"PhonAlign",305.49,305.56,"R"
"PhonAlign",305.56,305.66,"s"
"PhonAlign",305.66,305.72,"a~"
"PhonAlign",305.72,305.75,"l"
"PhonAlign",305.75,305.86,"s"
"PhonAlign",305.86,305.92,"A/"
"PhonAlign",305.92,306.115,"R"
"PhonAlign",306.115,306.59,"#"
"PhonAlign",306.59,306.63,"v"
"PhonAlign",306.63,306.66,"l"
"PhonAlign",306.66,306.73999999999995,"A/"
"PhonAlign",306.73999999999995,306.95,"#"
"PhonAlign",306.95,307.04999999999995,"s"
"PhonAlign",307.04999999999995,307.11,"e"
"PhonAlign",307.11,307.17999999999995,"t"
"PhonAlign",307.17999999999995,307.25,"R"
"PhonAlign",307.25,307.29999999999995,"e"
"PhonAlign",307.29999999999995,307.33,"R"
"PhonAlign",307.33,307.42,"i"
"PhonAlign",307.42,307.47,"g"
"PhonAlign",307.47,307.59,"O/"
"PhonAlign",307.59,307.61999999999995,"l"
"PhonAlign",307.61999999999995,307.92999999999995,"O/"
"PhonAlign",307.92999999999995,308.01,"j"
"PhonAlign",308.01,308.04,"A/"
"PhonAlign",308.04,308.13,"b"
"PhonAlign",308.13,308.16,"O/"
"PhonAlign",308.16,308.26,"k"
"PhonAlign",308.26,308.29,"u"
"PhonAlign",308.29,308.35,"t"
"PhonAlign",308.35,308.45,"k"
"PhonAlign",308.45,308.48,"i"
"PhonAlign",308.48,308.53,"p"
"PhonAlign",308.53,308.6,"R"
"PhonAlign",308.6,308.67,"O/"
"PhonAlign",308.67,308.79999999999995,"k"
"PhonAlign",308.79999999999995,308.93,"O/"
"PhonAlign",308.93,309.81,"#"
"PhonAlign",309.81,309.85,"s"
"PhonAlign",309.85,309.88,"e"
"PhonAlign",309.88,309.91,"l"
"PhonAlign",309.91,309.94,"A/"
"PhonAlign",309.94,310.1,"s"
"PhonAlign",310.1,310.15,"9"
"PhonAlign",310.15,310.18,"l"
"PhonAlign",310.18,310.21,"@"
"PhonAlign",310.21,310.34,"k"
"PhonAlign",310.34,310.37,"O/"
"PhonAlign",310.37,310.45,"m"
"PhonAlign",310.45,310.48,"E"
"PhonAlign",310.48,310.56,"d"
"PhonAlign",310.56,310.63,"i"
"PhonAlign",310.63,310.66,"k"
"PhonAlign",310.66,310.71,"Z"
"PhonAlign",310.71,310.77,"e"
"PhonAlign",310.77,310.81,"v"
"PhonAlign",310.81,310.86,"y"
"PhonAlign",310.86,310.89,"d"
"PhonAlign",310.89,310.97,"m"
"PhonAlign",310.97,311.05,"A/"
"PhonAlign",311.05,311.09,"v"
"PhonAlign",311.09,311.205,"i"
"PhonAlign",311.205,311.68,"#"
"PhonAlign",311.68,311.74,"R"
"PhonAlign",311.74,311.79,"O/"
"PhonAlign",311.79,311.85,"m"
"PhonAlign",311.85,311.92,"a~"
"PhonAlign",311.92,312.01,"t"
"PhonAlign",312.01,312.1,"i"
"PhonAlign",312.1,312.14,"k"
"PhonAlign",312.14,312.19,"k"
"PhonAlign",312.19,312.22,"@"
"PhonAlign",312.22,312.29,"Z"
"PhonAlign",312.29,312.35,"e"
"PhonAlign",312.35,312.46,"v"
"PhonAlign",312.46,312.53000000000003,"y"
"PhonAlign",312.53000000000003,312.58,"d"
"PhonAlign",312.58,312.68,"m"
"PhonAlign",312.68,312.71,"A/"
"PhonAlign",312.71,312.83,"v"
"PhonAlign",312.83,312.88,"i"
"PhonAlign",312.88,312.94,"m"
"PhonAlign",312.94,313.26,"e"
"PhonAlign",313.26,313.32,"Z"
"PhonAlign",313.32,313.35,"l"
"PhonAlign",313.35,313.38,"A/"
"PhonAlign",313.38,313.47,"t"
"PhonAlign",313.47,313.51,"R"
"PhonAlign",313.51,313.54,"u"
"PhonAlign",313.54,313.57,"v"
"PhonAlign",313.57,313.64,"t"
"PhonAlign",313.64,313.73,"R"
"PhonAlign",313.73,313.76,"E"
"PhonAlign",313.76,313.81,"b"
"PhonAlign",313.81,313.85,"j"
"PhonAlign",313.85,313.96,"U~/"
"PhonAlign",313.96,314.02,"S"
"PhonAlign",314.02,314.05,"k"
"PhonAlign",314.05,314.09000000000003,"R"
"PhonAlign",314.09000000000003,314.12,"w"
"PhonAlign",314.12,314.15000000000003,"A/"
"PhonAlign",314.15000000000003,314.26,"k"
"PhonAlign",314.26,314.31,"E"
"PhonAlign",314.31,314.34000000000003,"t"
"PhonAlign",314.34000000000003,314.40000000000003,"s"
"PhonAlign",314.40000000000003,314.43,"y"
"PhonAlign",314.43,314.47,"R"
"PhonAlign",314.47,314.54,"n"
"PhonAlign",314.54,314.57,"E"
"PhonAlign",314.57,314.64,"t"
"PhonAlign",314.64,314.68,"f"
"PhonAlign",314.68,314.71,"l"
"PhonAlign",314.71,314.74,"i"
"PhonAlign",314.74,314.88,"k"
"PhonAlign",314.88,315.045,"s"
"PhonAlign",315.045,316.252082,"laugh"
"PhonAlign",316.252082,317.845,"#"
"PhonAlign",317.845,317.88500000000005,"v"
"PhonAlign",317.88500000000005,317.995,"w"
"PhonAlign",317.995,318.225,"A/"
"PhonAlign",318.225,318.475,"l"
"PhonAlign",318.475,318.51317,"A/"
"PhonAlign",318.51317,318.69,"#"
"PhonAlign",318.69,318.73,"t"
"PhonAlign",318.73,318.79,"R"
"PhonAlign",318.79,318.83,"E"
"PhonAlign",318.83,318.86,"b"
"PhonAlign",318.86,318.98,"j"
"PhonAlign",318.98,319.15,"U~/"
"PhonAlign",319.15,320.31,"#"
"PhonAlign",320.31,320.42,"U~/"
"PhonAlign",320.42,320.48,"p"
"PhonAlign",320.48,320.53000000000003,"t"
"PhonAlign",320.53000000000003,320.6,"i"
"PhonAlign",320.6,320.67,"p"
"PhonAlign",320.67,320.7,"A/"
"PhonAlign",320.7,320.74,"R"
"PhonAlign",320.74,320.85,"t"
"PhonAlign",320.85,320.89,"2"
"PhonAlign",320.89,320.97,"n"
"PhonAlign",320.97,321.08,"A/"
"PhonAlign",321.08,321.11,"R"
"PhonAlign",321.11,321.18,"j"
"PhonAlign",321.18,321.29,"A/"
"PhonAlign",321.29,321.35,"A/"
"PhonAlign",321.35,321.38,"v"
"PhonAlign",321.38,321.45,"E"
"PhonAlign",321.45,321.51,"k"
"PhonAlign",321.51,321.54,"n"
"PhonAlign",321.54,321.59,"E"
"PhonAlign",321.59,321.7,"t"
"PhonAlign",321.7,321.75,"f"
"PhonAlign",321.75,321.78000000000003,"l"
"PhonAlign",321.78000000000003,321.83,"i"
"PhonAlign",321.83,321.87,"k"
"PhonAlign",321.87,321.93,"s"
"PhonAlign",321.93,321.99,"p"
"PhonAlign",321.99,322.03000000000003,"u"
"PhonAlign",322.03000000000003,322.06,"R"
"PhonAlign",322.06,322.1,"k"
"PhonAlign",322.1,322.13,"w"
"PhonAlign",322.13,322.17,"A/"
"PhonAlign",322.17,322.25,"p"
"PhonAlign",322.25,322.395,"A/"
"PhonAlign",322.395,325.034203,"#"
"PhonAlign",325.034203,325.986516,"laugh"
"PhonAlign",325.986516,327.125,"#"
"PhonAlign",327.125,327.195,"t"
"PhonAlign",327.195,327.225,"R"
"PhonAlign",327.225,327.285,"j"
"PhonAlign",327.285,327.76,"U~/"
"PhonAlign",327.76,328.59,"#"
"PhonAlign",328.59,329.215,"fp"
"PhonAlign",329.215,329.92,"#"
"PhonAlign",329.92,329.99,"v"
"PhonAlign",329.99,330.02000000000004,"u"
"PhonAlign",330.02000000000004,330.05,"A/"
"PhonAlign",330.05,330.08000000000004,"v"
"PhonAlign",330.08000000000004,330.12,"e"
"PhonAlign",330.12,330.24,"f"
"PhonAlign",330.24,330.28000000000003,"i"
"PhonAlign",330.28000000000003,330.35,"n"
"PhonAlign",330.35,330.43,"i"
"PhonAlign",330.43,331.84,"#"
"PhonAlign",331.84,331.9,"d"
"PhonAlign",331.9,331.98,"A/"
"PhonAlign",331.98,332.14,"k"
"PhonAlign",332.14,332.22,"O/"
"PhonAlign",332.22,332.3,"R"
"PhonAlign",332.3,332.855,"#"
"PhonAlign",332.855,333.779063,"fp"
"PhonAlign",333.779063,335.845,"#"
"PhonAlign",335.845,336.33500000000004,"fp"
"PhonAlign",336.33500000000004,336.44500000000005,"d"
"PhonAlign",336.44500000000005,336.495,"O~"
"PhonAlign",336.495,336.65500000000003,"k"
"PhonAlign",336.65500000000003,336.725,"fp"
"PhonAlign",336.725,336.83500000000004,"m"
"PhonAlign",336.83500000000004,336.915,"U~/"
"PhonAlign",336.915,337.035,"n"
"PhonAlign",337.035,337.175,"a~"
"PhonAlign",337.175,337.355,"s"
"PhonAlign",337.355,337.51500000000004,"e"
"PhonAlign",337.51500000000004,337.92,"A/"
"PhonAlign",337.92,338.865,"#"
"PhonAlign",338.865,339.015,"*"
"PhonAlign",339.015,339.08500000000004,"*"
"PhonAlign",339.08500000000004,339.21500000000003,"*"
"PhonAlign",339.21500000000003,339.280313,"*"
"PhonAlign",339.280313,459.851424,"#"
"PhonAlign",459.851424,460.239052,"laugh"
"PhonAlign",460.239052,496.841212,"#"
"PhonAlign",496.841212,499.082579,"laugh"
"PhonAlign",499.082579,528.975,"#"
"PhonAlign",528.975,529.035,"d"
"PhonAlign",529.035,529.085,"A/"
"PhonAlign",529.085,529.215,"k"
"PhonAlign",529.215,529.2950000000001,"O/"
"PhonAlign",529.2950000000001,529.37,"R"
"PhonAlign",529.37,529.895,"#"
"PhonAlign",529.895,530.6,"fp"
"PhonAlign",530.6,532.51,"#"
"PhonAlign",532.51,533.4399999999999,"fp"
"PhonAlign",533.4399999999999,533.51,"d"
"PhonAlign",533.51,533.56,"y"
"PhonAlign",533.56,533.6899999999999,"k"
"PhonAlign",533.6899999999999,533.77,"u"
"PhonAlign",533.77,534.51,"fp"
"PhonAlign",534.51,534.54,"O~"
"PhonAlign",534.54,534.6,"n"
"PhonAlign",534.6,534.66,"A/"
"PhonAlign",534.66,534.6899999999999,"R"
"PhonAlign",534.6899999999999,534.8,"i"
"PhonAlign",534.8,534.88,"v"
"PhonAlign",534.88,534.98,"A/"
"PhonAlign",534.98,535.01,"l"
"PhonAlign",535.01,535.0699999999999,"A/"
"PhonAlign",535.0699999999999,535.2,"f"
"PhonAlign",535.2,535.26,"U~/"
"PhonAlign",535.26,535.29,"d"
"PhonAlign",535.29,535.3199999999999,"l"
"PhonAlign",535.3199999999999,535.38,"A/"
"PhonAlign",535.38,535.42,"R"
"PhonAlign",535.42,535.5,"E"
"PhonAlign",535.5,535.55,"y"
"PhonAlign",535.55,535.62,"n"
"PhonAlign",535.62,535.6899999999999,"j"
"PhonAlign",535.6899999999999,535.725,"O~"
"PhonAlign",535.725,536.19,"#"
"PhonAlign",536.19,536.23,"d"
"PhonAlign",536.23,536.34,"k"
"PhonAlign",536.34,536.3900000000001,"u"
"PhonAlign",536.3900000000001,536.4300000000001,"Z"
"PhonAlign",536.4300000000001,536.46,"v"
"PhonAlign",536.46,536.5100000000001,"E"
"PhonAlign",536.5100000000001,536.5600000000001,"p"
"PhonAlign",536.5600000000001,536.6,"R"
"PhonAlign",536.6,536.6500000000001,"a~"
"PhonAlign",536.6500000000001,536.6800000000001,"d"
"PhonAlign",536.6800000000001,536.71,"R"
"PhonAlign",536.71,536.74,"l"
"PhonAlign",536.74,536.7900000000001,"d"
"PhonAlign",536.7900000000001,536.83,"E"
"PhonAlign",536.83,536.87,"R"
"PhonAlign",536.87,536.9100000000001,"n"
"PhonAlign",536.9100000000001,536.94,"j"
"PhonAlign",536.94,536.99,"E"
"PhonAlign",536.99,537.09,"t"
"PhonAlign",537.09,537.12,"u"
"PhonAlign",537.12,537.1500000000001,"R"
"PhonAlign",537.1500000000001,537.1800000000001,"d"
"PhonAlign",537.1800000000001,537.22,"@"
"PhonAlign",537.22,537.3100000000001,"p"
"PhonAlign",537.3100000000001,537.44,"A/"
"PhonAlign",537.44,537.47,"R"
"PhonAlign",537.47,537.5,"O/"
"PhonAlign",537.5,537.54,"l"
"PhonAlign",537.54,538.585,"#"
"PhonAlign",538.585,538.895,"@"
"PhonAlign",538.895,539.16,"m"
"PhonAlign",539.16,539.8,"#"
"PhonAlign",539.8,539.88,"d"
"PhonAlign",539.88,539.93,"y"
"PhonAlign",539.93,540.04,"k"
"PhonAlign",540.04,540.0799999999999,"u"
"PhonAlign",540.0799999999999,540.1099999999999,"m"
"PhonAlign",540.1099999999999,540.14,"w"
"PhonAlign",540.14,540.18,"A/"
"PhonAlign",540.18,540.26,"Z"
"PhonAlign",540.26,540.3199999999999,"v"
"PhonAlign",540.3199999999999,540.39,"e"
"PhonAlign",540.39,540.4499999999999,"p"
"PhonAlign",540.4499999999999,540.4799999999999,"R"
"PhonAlign",540.4799999999999,540.51,"O/"
"PhonAlign",540.51,540.6099999999999,"p"
"PhonAlign",540.6099999999999,540.67,"O/"
"PhonAlign",540.67,540.8199999999999,"z"
"PhonAlign",540.8199999999999,540.9799999999999,"e"
"PhonAlign",540.9799999999999,541.05,"k"
"PhonAlign",541.05,541.0899999999999,"E"
"PhonAlign",541.0899999999999,541.12,"l"
"PhonAlign",541.12,541.15,"k"
"PhonAlign",541.15,541.1899999999999,"@"
"PhonAlign",541.1899999999999,541.29,"S"
"PhonAlign",541.29,541.3399999999999,"O/"
"PhonAlign",541.3399999999999,541.38,"z"
"PhonAlign",541.38,541.4499999999999,"d"
"PhonAlign",541.4499999999999,541.52,"A/"
"PhonAlign",541.52,541.6999999999999,"s"
"PhonAlign",541.6999999999999,541.8499999999999,"e"
"PhonAlign",541.8499999999999,542.49,"fp"
"PhonAlign",542.49,543.06,"#"
"PhonAlign",543.06,543.2199999999999,"d"
"PhonAlign",543.2199999999999,543.28,"i"
"PhonAlign",543.28,543.4,"f"
"PhonAlign",543.4,543.4599999999999,"E"
"PhonAlign",543.4599999999999,543.4899999999999,"R"
"PhonAlign",543.4899999999999,543.7299999999999,"a~"
"PhonAlign",543.7299999999999,543.77,"d"
"PhonAlign",543.77,543.8399999999999,"e"
"PhonAlign",543.8399999999999,543.91,"t"
"PhonAlign",543.91,543.9899999999999,"E"
"PhonAlign",543.9899999999999,544.06,"m"
"PhonAlign",544.06,544.18,"k"
"PhonAlign",544.18,544.2399999999999,"i"
"PhonAlign",544.2399999999999,544.27,"O~"
"PhonAlign",544.27,544.3699999999999,"t"
"PhonAlign",544.3699999999999,544.4,"e"
"PhonAlign",544.4,544.4599999999999,"p"
"PhonAlign",544.4599999999999,544.4899999999999,"R"
"PhonAlign",544.4899999999999,544.52,"O/"
"PhonAlign",544.52,544.5699999999999,"p"
"PhonAlign",544.5699999999999,544.5999999999999,"O/"
"PhonAlign",544.5999999999999,544.6899999999999,"z"
"PhonAlign",544.6899999999999,544.7199999999999,"e"
"PhonAlign",544.7199999999999,544.75,"O/"
"PhonAlign",544.75,544.9499999999999,"p"
"PhonAlign",544.9499999999999,544.9799999999999,"A/"
"PhonAlign",544.9799999999999,545.0799999999999,"R"
"PhonAlign",545.0799999999999,545.27,"A/"
"PhonAlign",545.27,545.3,"v"
"PhonAlign",545.3,545.4799999999999,"a~"
"PhonAlign",545.4799999999999,545.5799999999999,"k"
"PhonAlign",545.5799999999999,545.67,"p"
"PhonAlign",545.67,545.6999999999999,"@"
"PhonAlign",545.6999999999999,545.75,"E"
"PhonAlign",545.75,545.8499999999999,"t"
"PhonAlign",545.8499999999999,545.93,"U~/"
"PhonAlign",545.93,546.03,"p"
"PhonAlign",546.03,546.0699999999999,"2"
"PhonAlign",546.0699999999999,546.16,"O/"
"PhonAlign",546.16,546.29,"z"
"PhonAlign",546.29,546.46,"e"
"PhonAlign",546.46,546.86,"#"
"PhonAlign",546.86,546.95,"S"
"PhonAlign",546.95,546.98,"v"
"PhonAlign",546.98,547.01,"E"
"PhonAlign",547.01,547.04,"p"
"PhonAlign",547.04,547.07,"R"
"PhonAlign",547.07,547.12,"O/"
"PhonAlign",547.12,547.2,"p"
"PhonAlign",547.2,547.26,"O/"
"PhonAlign",547.26,547.35,"z"
"PhonAlign",547.35,547.4300000000001,"e"
"PhonAlign",547.4300000000001,547.49,"l"
"PhonAlign",547.49,547.59,"O/"
"PhonAlign",547.59,547.64,"R"
"PhonAlign",547.64,547.9,"9"
"PhonAlign",547.9,548.0600000000001,"R"
"PhonAlign",548.0600000000001,548.12,"u"
"PhonAlign",548.12,548.17,"l"
"PhonAlign",548.17,548.29,"e"
"PhonAlign",548.29,548.42,"s"
"PhonAlign",548.42,548.45,"y"
"PhonAlign",548.45,548.54,"s"
"PhonAlign",548.54,548.61,"p"
"PhonAlign",548.61,548.72,"E"
"PhonAlign",548.72,548.75,"n"
"PhonAlign",548.75,548.939243,"s"
"PhonAlign",548.939243,550.295,"#"
"PhonAlign",550.295,551.0649999999999,"fp"
"PhonAlign",551.0649999999999,551.2049999999999,"d"
"PhonAlign",551.2049999999999,551.3149999999999,"O~"
"PhonAlign",551.3149999999999,551.4649999999999,"k"
"PhonAlign",551.4649999999999,551.615,"fp"
"PhonAlign",551.615,551.685,"O/"
"PhonAlign",551.685,551.7149999999999,"R"
"PhonAlign",551.7149999999999,551.8149999999999,"9"
"PhonAlign",551.8149999999999,551.8449999999999,"R"
"PhonAlign",551.8449999999999,551.9649999999999,"s"
"PhonAlign",551.9649999999999,551.995,"y"
"PhonAlign",551.995,552.115,"s"
"PhonAlign",552.115,552.1949999999999,"p"
"PhonAlign",552.1949999999999,552.285,"E"
"PhonAlign",552.285,552.365,"n"
"PhonAlign",552.365,552.5949999999999,"s"
"PhonAlign",552.5949999999999,552.655,"@"
"PhonAlign",552.655,553.0749999999999,"fp"
"PhonAlign",553.0749999999999,553.1049999999999,"#"
"PhonAlign",553.1049999999999,553.175,"m"
"PhonAlign",553.175,553.2049999999999,"E"
"PhonAlign",553.2049999999999,553.245,"m"
"PhonAlign",553.245,553.365,"s"
"PhonAlign",553.365,553.435,"s"
"PhonAlign",553.435,553.4749999999999,"e"
"PhonAlign",553.4749999999999,553.5949999999999,"p"
"PhonAlign",553.5949999999999,553.655,"A/"
"PhonAlign",553.655,553.7049999999999,"E"
"PhonAlign",553.7049999999999,553.745,"g"
"PhonAlign",553.745,553.805,"z"
"PhonAlign",553.805,553.8549999999999,"A/"
"PhonAlign",553.8549999999999,553.925,"k"
"PhonAlign",553.925,553.9749999999999,"t"
"PhonAlign",553.9749999999999,554.005,"2"
"PhonAlign",554.005,554.035,"m"
"PhonAlign",554.035,554.1049999999999,"a~"
"PhonAlign",554.1049999999999,554.165,"p"
"PhonAlign",554.165,554.255,"A/"
"PhonAlign",554.255,554.285,"R"
"PhonAlign",554.285,554.395,"E"
"PhonAlign",554.395,554.425,"j"
"PhonAlign",554.425,554.4549999999999,"l"
"PhonAlign",554.4549999999999,554.515,"e"
"PhonAlign",554.515,554.6049999999999,"d"
"PhonAlign",554.6049999999999,554.765,"2"
"PhonAlign",554.765,554.8149999999999,"d"
"PhonAlign",554.8149999999999,554.905,"O~"
"PhonAlign",554.905,555.0849999999999,"s"
"PhonAlign",555.0849999999999,555.125,"e"
"PhonAlign",555.125,555.175,"A/"
"PhonAlign",555.175,555.2149999999999,"v"
"PhonAlign",555.2149999999999,555.3149999999999,"E"
"PhonAlign",555.3149999999999,555.435,"k"
"PhonAlign",555.435,555.4749999999999,"d"
"PhonAlign",555.4749999999999,555.525,"e"
"PhonAlign",555.525,555.5849999999999,"z"
"PhonAlign",555.5849999999999,555.635,"i"
"PhonAlign",555.635,555.755,"s"
"PhonAlign",555.755,555.8149999999999,"t"
"PhonAlign",555.8149999999999,555.8549999999999,"w"
"PhonAlign",555.8549999999999,555.885,"A/"
"PhonAlign",555.885,555.915,"R"
"PhonAlign",555.915,556.055,"k"
"PhonAlign",556.055,556.265,"i"
"PhonAlign",556.265,556.425,"f"
"PhonAlign",556.425,556.515,"O~"
"PhonAlign",556.515,556.635,"p"
"PhonAlign",556.635,556.9749999999999,"9"
"PhonAlign",556.9749999999999,557.06,"R"
"PhonAlign",557.06,557.695,"#"
"PhonAlign",557.695,558.1350000000001,"fp"
"PhonAlign",558.1350000000001,558.3050000000001,"k"
"PhonAlign",558.3050000000001,558.505,"i"
"PhonAlign",558.505,558.7650000000001,"k"
"PhonAlign",558.7650000000001,559.28,"i"
"PhonAlign",559.28,559.935,"#"
"PhonAlign",559.935,559.9949999999999,"n"
"PhonAlign",559.9949999999999,560.025,"u"
"PhonAlign",560.025,560.0649999999999,"m"
"PhonAlign",560.0649999999999,560.125,"E"
"PhonAlign",560.125,560.2349999999999,"t"
"PhonAlign",560.2349999999999,560.3249999999999,"a~"
"PhonAlign",560.3249999999999,560.4849999999999,"a~"
"PhonAlign",560.4849999999999,560.5849999999999,"g"
"PhonAlign",560.5849999999999,560.655,"w"
"PhonAlign",560.655,560.9949999999999,"A/"
"PhonAlign",560.9949999999999,561.18909,"s"
"PhonAlign",561.18909,561.21,"#"
"PhonAlign",561.21,561.535,"fp"
"PhonAlign",561.535,562.2,"#"
"PhonAlign",562.2,562.26,"s"
"PhonAlign",562.26,562.665,"e"
"PhonAlign",562.665,564.16,"#"
"PhonAlign",564.16,564.51,"E"
"PhonAlign",564.51,564.74,"fp"
"PhonAlign",564.74,565.325,"#"
"PhonAlign",565.325,565.3950000000001,"p"
"PhonAlign",565.3950000000001,565.465,"u"
"PhonAlign",565.465,565.495,"R"
"PhonAlign",565.495,565.5550000000001,"v"
"PhonAlign",565.5550000000001,565.705,"i"
"PhonAlign",565.705,565.745,"v"
"PhonAlign",565.745,565.7750000000001,"R"
"PhonAlign",565.7750000000001,565.815,"@"
"PhonAlign",565.815,565.845,"y"
"PhonAlign",565.845,565.9050000000001,"n"
"PhonAlign",565.9050000000001,565.975,"t"
"PhonAlign",565.975,566.075,"a~"
"PhonAlign",566.075,566.205,"s"
"PhonAlign",566.205,566.235,"j"
"PhonAlign",566.235,566.335,"O~"
"PhonAlign",566.335,566.385,"p"
"PhonAlign",566.385,566.4150000000001,"l"
"PhonAlign",566.4150000000001,566.445,"y"
"PhonAlign",566.445,566.5150000000001,"s"
"PhonAlign",566.5150000000001,566.605,"k"
"PhonAlign",566.605,566.6650000000001,"@"
"PhonAlign",566.6650000000001,566.7950000000001,"p"
"PhonAlign",566.7950000000001,566.9350000000001,"u"
"PhonAlign",566.9350000000001,566.965,"R"
"PhonAlign",566.965,567.0250000000001,"fp"
"PhonAlign",567.0250000000001,567.125,"p"
"PhonAlign",567.125,567.1850000000001,"A/"
"PhonAlign",567.1850000000001,567.315,"s"
"PhonAlign",567.315,567.345,"e"
"PhonAlign",567.345,567.4250000000001,"U~/"
"PhonAlign",567.4250000000001,567.485,"b"
"PhonAlign",567.485,567.565,"O~"
"PhonAlign",567.565,567.635,"m"
"PhonAlign",567.635,567.695,"O/"
"PhonAlign",567.695,567.7650000000001,"m"
"PhonAlign",567.7650000000001,567.875,"a~"
"PhonAlign",567.875,567.9350000000001,"p"
"PhonAlign",567.9350000000001,567.985,"A/"
"PhonAlign",567.985,568.0450000000001,"R"
"PhonAlign",568.0450000000001,568.135,"f"
"PhonAlign",568.135,568.1650000000001,"w"
"PhonAlign",568.1650000000001,568.225,"A/"
"PhonAlign",568.225,568.2650000000001,"Z"
"PhonAlign",568.2650000000001,568.2950000000001,"E"
"PhonAlign",568.2950000000001,568.385,"a~"
"PhonAlign",568.385,568.4150000000001,"v"
"PhonAlign",568.4150000000001,568.455,"i"
"PhonAlign",568.455,568.5450000000001,"d"
"PhonAlign",568.5450000000001,568.625,"d"
"PhonAlign",568.625,568.725,"i"
"PhonAlign",568.725,568.795,"R"
"PhonAlign",568.795,569.295,"#"
"PhonAlign",569.295,569.365,"d"
"PhonAlign",569.365,569.435,"O~"
"PhonAlign",569.435,569.535,"s"
"PhonAlign",569.535,569.635,"e"
"PhonAlign",569.635,569.665,"v"
"PhonAlign",569.665,569.7049999999999,"R"
"PhonAlign",569.7049999999999,569.745,"E"
"PhonAlign",569.745,569.775,"k"
"PhonAlign",569.775,569.8149999999999,"s"
"PhonAlign",569.8149999999999,569.875,"s"
"PhonAlign",569.875,569.925,"O/"
"PhonAlign",569.925,570.035,"p"
"PhonAlign",570.035,570.0949999999999,"O/"
"PhonAlign",570.0949999999999,570.1949999999999,"z"
"PhonAlign",570.1949999999999,570.275,"@"
"PhonAlign",570.275,570.735,"O/"
"PhonAlign",570.735,570.8549999999999,"s"
"PhonAlign",570.8549999999999,570.895,"y"
"PhonAlign",570.895,571.055,"Z"
"PhonAlign",571.055,571.485,"E"
"PhonAlign",571.485,571.615,"k"
"PhonAlign",571.615,571.655,"m"
"PhonAlign",571.655,571.6949999999999,"A/"
"PhonAlign",571.6949999999999,571.8149999999999,"t"
"PhonAlign",571.8149999999999,572.045,"e"
"PhonAlign",572.045,572.165,"s"
"PhonAlign",572.165,572.1949999999999,"i"
"PhonAlign",572.1949999999999,572.285,"t"
"PhonAlign",572.285,572.3149999999999,"e"
"PhonAlign",572.3149999999999,572.365,"O/"
"PhonAlign",572.365,572.4749999999999,"p"
"PhonAlign",572.4749999999999,572.615,"A/"
"PhonAlign",572.615,572.655,"R"
"PhonAlign",572.655,572.685,"A/"
"PhonAlign",572.685,572.7249999999999,"v"
"PhonAlign",572.7249999999999,572.87,"a~"
"PhonAlign",572.87,573.835,"#"
"PhonAlign",573.835,575.15,"fp"
"PhonAlign",575.15,575.755,"#"
"PhonAlign",575.755,575.795,"p"
"PhonAlign",575.795,575.825,"E"
"PhonAlign",575.825,575.855,"R"
"PhonAlign",575.855,575.965,"s"
"PhonAlign",575.965,576.005,"O/"
"PhonAlign",576.005,576.085,"n"
"PhonAlign",576.085,576.165,"E"
"PhonAlign",576.165,576.195,"l"
"PhonAlign",576.195,576.255,"m"
"PhonAlign",576.255,576.435,"a~"
"PhonAlign",576.435,576.575,"Z"
"PhonAlign",576.575,576.625,"e"
"PhonAlign",576.625,576.745,"t"
"PhonAlign",576.745,576.775,"u"
"PhonAlign",576.775,576.895,"Z"
"PhonAlign",576.895,576.945,"u"
"PhonAlign",576.945,576.995,"R"
"PhonAlign",576.995,577.095,"E"
"PhonAlign",577.095,577.145,"m"
"PhonAlign",577.145,577.215,"e"
"PhonAlign",577.215,577.355,"s"
"PhonAlign",577.355,577.415,"@"
"PhonAlign",577.415,577.535,"Z"
"PhonAlign",577.535,577.765,"a~"
"PhonAlign",577.765,578.175,"R"
"PhonAlign",578.175,579.245,"#"
"PhonAlign",579.245,579.865,"fp"
"PhonAlign",579.865,582.29,"#"
"PhonAlign",582.29,582.4499999999999,"e"
"PhonAlign",582.4499999999999,582.82,"fp"
"PhonAlign",582.82,583.85,"#"
"PhonAlign",583.85,584.2900000000001,"p"
"PhonAlign",584.2900000000001,584.32,"u"
"PhonAlign",584.32,584.35,"R"
"PhonAlign",584.35,584.4300000000001,"p"
"PhonAlign",584.4300000000001,584.46,"l"
"PhonAlign",584.46,584.49,"y"
"PhonAlign",584.49,584.61,"t"
"PhonAlign",584.61,584.74,"O/"
"PhonAlign",584.74,584.8000000000001,"E"
"PhonAlign",584.8000000000001,584.85,"k"
"PhonAlign",584.85,584.9200000000001,"s"
"PhonAlign",584.9200000000001,584.99,"p"
"PhonAlign",584.99,585.02,"l"
"PhonAlign",585.02,585.07,"O/"
"PhonAlign",585.07,585.11,"R"
"PhonAlign",585.11,585.21,"e"
"PhonAlign",585.21,585.24,"d"
"PhonAlign",585.24,585.3100000000001,"n"
"PhonAlign",585.3100000000001,585.34,"u"
"PhonAlign",585.34,585.4200000000001,"v"
"PhonAlign",585.4200000000001,585.5,"O/"
"PhonAlign",585.5,585.65,"t"
"PhonAlign",585.65,585.96,"E"
"PhonAlign",585.96,586.03,"m"
"PhonAlign",586.03,586.16,"p"
"PhonAlign",586.16,586.36,"u"
"PhonAlign",586.36,586.49,"R"
"PhonAlign",586.49,587.295,"#"
"PhonAlign",587.295,587.385,"p"
"PhonAlign",587.385,587.4549999999999,"u"
"PhonAlign",587.4549999999999,587.495,"R"
"PhonAlign",587.495,587.945,"fp"
"PhonAlign",587.945,588.565,"#"
"PhonAlign",588.565,588.695,"v"
"PhonAlign",588.695,588.735,"w"
"PhonAlign",588.735,588.7650000000001,"A/"
"PhonAlign",588.7650000000001,588.7950000000001,"R"
"PhonAlign",588.7950000000001,588.825,"d"
"PhonAlign",588.825,588.865,"E"
"PhonAlign",588.865,588.9350000000001,"S"
"PhonAlign",588.9350000000001,588.965,"O/"
"PhonAlign",588.965,588.995,"z"
"PhonAlign",588.995,589.075,"k"
"PhonAlign",589.075,589.105,"@"
"PhonAlign",589.105,589.1450000000001,"Z"
"PhonAlign",589.1450000000001,589.1750000000001,"e"
"PhonAlign",589.1750000000001,589.245,"Z"
"PhonAlign",589.245,589.2950000000001,"A/"
"PhonAlign",589.2950000000001,589.345,"m"
"PhonAlign",589.345,589.445,"E"
"PhonAlign",589.445,589.5050000000001,"v"
"PhonAlign",589.5050000000001,589.595,"y"
"PhonAlign",589.595,589.6650000000001,"p"
"PhonAlign",589.6650000000001,589.735,"A/"
"PhonAlign",589.735,589.7650000000001,"R"
"PhonAlign",589.7650000000001,589.7950000000001,"E"
"PhonAlign",589.7950000000001,589.825,"g"
"PhonAlign",589.825,589.855,"z"
"PhonAlign",589.855,589.8850000000001,"a~"
"PhonAlign",589.8850000000001,589.9150000000001,"p"
"PhonAlign",589.9150000000001,589.945,"l"
"PhonAlign",589.945,589.995,"d"
"PhonAlign",589.995,590.195,"e"
"PhonAlign",590.195,590.365,"z"
"PhonAlign",590.365,590.5350000000001,"m"
"PhonAlign",590.5350000000001,590.7750000000001,"O~"
"PhonAlign",590.7750000000001,590.8850000000001,"s"
"PhonAlign",590.8850000000001,590.965,"t"
"PhonAlign",590.965,591.0150000000001,"R"
"PhonAlign",591.0150000000001,591.0450000000001,"d"
"PhonAlign",591.0450000000001,591.105,"e"
"PhonAlign",591.105,591.215,"f"
"PhonAlign",591.215,591.3050000000001,"a~"
"PhonAlign",591.3050000000001,591.4250000000001,"t"
"PhonAlign",591.4250000000001,591.715,"O/"
"PhonAlign",591.715,591.845,"m"
"PhonAlign",591.845,591.955,"z"
"PhonAlign",591.955,592.0050000000001,"d"
"PhonAlign",592.0050000000001,592.29,"e"
"PhonAlign",592.29,593.23,"#"
"PhonAlign",593.23,593.4,"d"
"PhonAlign",593.4,593.51,"e"
"PhonAlign",593.51,593.69,"z"
"PhonAlign",593.69,593.87,"i"
"PhonAlign",593.87,593.9200000000001,"s"
"PhonAlign",593.9200000000001,594.0,"t"
"PhonAlign",594.0,594.03,"w"
"PhonAlign",594.03,594.08,"A/"
"PhonAlign",594.08,594.11,"R"
"PhonAlign",594.11,594.23,"k"
"PhonAlign",594.23,594.26,"R"
"PhonAlign",594.26,594.3100000000001,"i"
"PhonAlign",594.3100000000001,594.35,"m"
"PhonAlign",594.35,594.39,"i"
"PhonAlign",594.39,594.5,"n"
"PhonAlign",594.5,594.76,"E"
"PhonAlign",594.76,594.86,"l"
"PhonAlign",594.86,595.03,"#"
"PhonAlign",595.03,595.0600000000001,"l"
"PhonAlign",595.0600000000001,595.14,"O/"
"PhonAlign",595.14,595.1700000000001,"R"
"PhonAlign",595.1700000000001,595.27,"s"
"PhonAlign",595.27,595.3000000000001,"e"
"PhonAlign",595.3000000000001,595.33,"v"
"PhonAlign",595.33,595.36,"R"
"PhonAlign",595.36,595.39,"e"
"PhonAlign",595.39,595.4200000000001,"k"
"PhonAlign",595.4200000000001,595.48,"s"
"PhonAlign",595.48,595.51,"e"
"PhonAlign",595.51,595.5600000000001,"p"
"PhonAlign",595.5600000000001,595.64,"A/"
"PhonAlign",595.64,595.72,"f"
"PhonAlign",595.72,595.78,"O/"
"PhonAlign",595.78,595.8100000000001,"R"
"PhonAlign",595.8100000000001,595.9200000000001,"s"
"PhonAlign",595.9200000000001,595.95,"E"
"PhonAlign",595.95,595.98,"m"
"PhonAlign",595.98,596.09,"a~"
"PhonAlign",596.09,596.1800000000001,"p"
"PhonAlign",596.1800000000001,596.23,"O/"
"PhonAlign",596.23,596.32,"z"
"PhonAlign",596.32,596.39,"i"
"PhonAlign",596.39,596.53,"t"
"PhonAlign",596.53,596.7,"i"
"PhonAlign",596.7,596.86,"f"
"PhonAlign",596.86,596.97,"m"
"PhonAlign",596.97,597.1800000000001,"E"
"PhonAlign",597.1800000000001,597.385,"fp"
"PhonAlign",597.385,598.005,"#"
"PhonAlign",598.005,598.045,"m"
"PhonAlign",598.045,598.075,"e"
"PhonAlign",598.075,598.165,"Z"
"PhonAlign",598.165,598.205,"@"
"PhonAlign",598.205,598.235,"d"
"PhonAlign",598.235,598.265,"i"
"PhonAlign",598.265,598.295,"R"
"PhonAlign",598.295,598.435,"E"
"PhonAlign",598.435,598.505,"p"
"PhonAlign",598.505,598.585,"A/"
"PhonAlign",598.585,598.655,"k"
"PhonAlign",598.655,598.805,"s"
"PhonAlign",598.805,598.835,"e"
"PhonAlign",598.835,598.905,"U~/"
"PhonAlign",598.905,599.025,"s"
"PhonAlign",599.025,599.165,"p"
"PhonAlign",599.165,599.205,"i"
"PhonAlign",599.205,599.235,"R"
"PhonAlign",599.235,599.405,"a~"
"PhonAlign",599.405,599.455,"u"
"PhonAlign",599.455,599.535,"E"
"PhonAlign",599.535,599.575,"k"
"PhonAlign",599.575,599.725,"s"
"PhonAlign",599.725,599.755,"i"
"PhonAlign",599.755,599.875,"t"
"PhonAlign",599.875,600.185,"a~"
"PhonAlign",600.185,600.255,"m"
"PhonAlign",600.255,600.455,"e"
"PhonAlign",600.455,600.635,"fp"
"PhonAlign",600.635,601.4,"#"
"PhonAlign",601.4,601.4599999999999,"s"
"PhonAlign",601.4599999999999,601.52,"A/"
"PhonAlign",601.52,601.6,"p"
"PhonAlign",601.6,601.63,"@"
"PhonAlign",601.63,601.68,"E"
"PhonAlign",601.68,601.74,"t"
"PhonAlign",601.74,601.79,"R"
"PhonAlign",601.79,601.8199999999999,"A/"
"PhonAlign",601.8199999999999,601.89,"m"
"PhonAlign",601.89,601.9499999999999,"y"
"PhonAlign",601.9499999999999,602.02,"z"
"PhonAlign",602.02,602.18,"a~"
"PhonAlign",602.18,602.2099999999999,"A/"
"PhonAlign",602.2099999999999,602.25,"v"
"PhonAlign",602.25,602.3199999999999,"w"
"PhonAlign",602.3199999999999,602.37,"A/"
"PhonAlign",602.37,602.43,"R"
"PhonAlign",602.43,602.5,"s"
"PhonAlign",602.5,602.53,"y"
"PhonAlign",602.53,602.56,"R"
"PhonAlign",602.56,602.63,"t"
"PhonAlign",602.63,602.67,"u"
"PhonAlign",602.67,602.73,"A/"
"PhonAlign",602.73,602.78,"v"
"PhonAlign",602.78,602.86,"E"
"PhonAlign",602.86,602.89,"k"
"PhonAlign",602.89,602.9499999999999,"d"
"PhonAlign",602.9499999999999,603.04,"A/"
"PhonAlign",603.04,603.12,"m"
"PhonAlign",603.12,603.26,"i"
"PhonAlign",603.26,603.37,"s"
"PhonAlign",603.37,603.4,"y"
"PhonAlign",603.4,603.43,"R"
"PhonAlign",603.43,603.56,"t"
"PhonAlign",603.56,603.6,"u"
"PhonAlign",603.6,603.6999999999999,"A/"
"PhonAlign",603.6999999999999,603.77,"l"
"PhonAlign",603.77,603.88,"O/"
"PhonAlign",603.88,604.04,"i"
"PhonAlign",604.04,604.52,"n"
"PhonAlign",604.52,604.64,"s"
"PhonAlign",604.64,604.67,"y"
"PhonAlign",604.67,604.6999999999999,"R"
"PhonAlign",604.6999999999999,604.8199999999999,"t"
"PhonAlign",604.8199999999999,605.0,"u"
"PhonAlign",605.0,605.12,"l"
"PhonAlign",605.12,605.17,"e"
"PhonAlign",605.17,605.3199999999999,"s"
"PhonAlign",605.3199999999999,605.37,"w"
"PhonAlign",605.37,605.4399999999999,"A/"
"PhonAlign",605.4399999999999,605.47,"R"
"PhonAlign",605.47,605.55,"O/"
"PhonAlign",605.55,605.72,"s"
"PhonAlign",605.72,605.75,"i"
"PhonAlign",605.75,605.78,"n"
"PhonAlign",605.78,605.84,"e"
"PhonAlign",605.84,605.89,"m"
"PhonAlign",605.89,606.01,"A/"
"PhonAlign",606.01,606.13,"s"
"PhonAlign",606.13,606.405,"e"
"PhonAlign",606.405,606.93,"#"
"PhonAlign",606.93,606.9699999999999,"s"
"PhonAlign",606.9699999999999,607.2099999999999,"e"
"PhonAlign",607.2099999999999,607.4,"t"
"PhonAlign",607.4,607.43,"u"
"PhonAlign",607.43,607.4699999999999,"Z"
"PhonAlign",607.4699999999999,607.53,"u"
"PhonAlign",607.53,607.56,"R"
"PhonAlign",607.56,607.66,"U~/"
"PhonAlign",607.66,607.6999999999999,"b"
"PhonAlign",607.6999999999999,607.78,"O~"
"PhonAlign",607.78,607.89,"n"
"PhonAlign",607.89,607.92,"m"
"PhonAlign",607.92,607.9599999999999,"O/"
"PhonAlign",607.9599999999999,608.0,"m"
"PhonAlign",608.0,608.16,"a~"
"PhonAlign",608.16,608.1899999999999,"d"
"PhonAlign",608.1899999999999,608.28,"b"
"PhonAlign",608.28,608.3399999999999,"O/"
"PhonAlign",608.3399999999999,608.41,"n"
"PhonAlign",608.41,608.52,"9"
"PhonAlign",608.52,608.585,"R"
"PhonAlign",608.585,609.575,"#"
"PhonAlign",609.575,609.8950000000001,"@"
"PhonAlign",609.8950000000001,610.17,"m"
"PhonAlign",610.17,611.37,"#"
"PhonAlign",611.37,611.45,"l"
"PhonAlign",611.45,611.62,"A/"
"PhonAlign",611.62,611.77,"u"
"PhonAlign",611.77,611.8,"j"
"PhonAlign",611.8,611.83,"A/"
"PhonAlign",611.83,612.305,"U~/"
"PhonAlign",612.305,612.555,"#"
"PhonAlign",612.555,612.5949999999999,"p"
"PhonAlign",612.5949999999999,612.625,"R"
"PhonAlign",612.625,612.685,"O/"
"PhonAlign",612.685,612.7149999999999,"b"
"PhonAlign",612.7149999999999,612.745,"l"
"PhonAlign",612.745,612.8349999999999,"E"
"PhonAlign",612.8349999999999,612.875,"m"
"PhonAlign",612.875,612.9749999999999,"@"
"PhonAlign",612.9749999999999,613.035,"e"
"PhonAlign",613.035,613.2049999999999,"S"
"PhonAlign",613.2049999999999,613.3249999999999,"s"
"PhonAlign",613.3249999999999,613.3549999999999,"y"
"PhonAlign",613.3549999999999,613.415,"i"
"PhonAlign",613.415,613.4749999999999,"d"
"PhonAlign",613.4749999999999,613.545,"A/"
"PhonAlign",613.545,613.645,"k"
"PhonAlign",613.645,613.785,"O/"
"PhonAlign",613.785,613.93,"R"
"PhonAlign",613.93,614.045,"#"
"PhonAlign",614.045,614.0849999999999,"s"
"PhonAlign",614.0849999999999,614.115,"e"
"PhonAlign",614.115,614.2149999999999,"k"
"PhonAlign",614.2149999999999,614.245,"@"
"PhonAlign",614.245,614.3149999999999,"d"
"PhonAlign",614.3149999999999,614.375,"y"
"PhonAlign",614.375,614.4749999999999,"k"
"PhonAlign",614.4749999999999,614.545,"u"
"PhonAlign",614.545,614.665,"s"
"PhonAlign",614.665,614.7249999999999,"A/"
"PhonAlign",614.7249999999999,614.795,"n"
"PhonAlign",614.795,615.015,"@"
"PhonAlign",615.015,615.155,"k"
"PhonAlign",615.155,615.2249999999999,"O~"
"PhonAlign",615.2249999999999,615.255,"v"
"PhonAlign",615.255,615.3449999999999,"j"
"PhonAlign",615.3449999999999,615.425,"U~/"
"PhonAlign",615.425,615.495,"p"
"PhonAlign",615.495,615.545,"A/"
"PhonAlign",615.545,615.645,"A/"
"PhonAlign",615.645,615.805,"t"
"PhonAlign",615.805,615.8449999999999,"u"
"PhonAlign",615.8449999999999,615.875,"l"
"PhonAlign",615.875,615.925,"m"
"PhonAlign",615.925,616.0749999999999,"O~"
"PhonAlign",616.0749999999999,616.215,"d"
"PhonAlign",616.215,616.465,"#"
"PhonAlign",616.465,616.5350000000001,"v"
"PhonAlign",616.5350000000001,616.605,"u"
"PhonAlign",616.605,616.6750000000001,"z"
"PhonAlign",616.6750000000001,616.705,"A/"
"PhonAlign",616.705,616.735,"l"
"PhonAlign",616.735,616.775,"e"
"PhonAlign",616.775,616.865,"p"
"PhonAlign",616.865,617.255,"A/"
"PhonAlign",617.255,617.2950000000001,"A/"
"PhonAlign",617.2950000000001,617.325,"l"
"PhonAlign",617.325,617.395,"e"
"PhonAlign",617.395,617.485,"v"
"PhonAlign",617.485,617.515,"w"
"PhonAlign",617.515,617.5450000000001,"A/"
"PhonAlign",617.5450000000001,617.575,"R"
"PhonAlign",617.575,617.635,"U~/"
"PhonAlign",617.635,617.725,"f"
"PhonAlign",617.725,617.775,"i"
"PhonAlign",617.775,617.8050000000001,"l"
"PhonAlign",617.8050000000001,617.835,"m"
"PhonAlign",617.835,617.875,"d"
"PhonAlign",617.875,617.945,"O/"
"PhonAlign",617.945,617.975,"R"
"PhonAlign",617.975,618.0450000000001,"9"
"PhonAlign",618.0450000000001,618.075,"R"
"PhonAlign",618.075,618.125,"A/"
"PhonAlign",618.125,618.1550000000001,"v"
"PhonAlign",618.1550000000001,618.205,"E"
"PhonAlign",618.205,618.235,"k"
"PhonAlign",618.235,618.265,"v"
"PhonAlign",618.265,618.315,"O/"
"PhonAlign",618.315,618.395,"t"
"PhonAlign",618.395,618.4250000000001,"R"
"PhonAlign",618.4250000000001,618.475,"g"
"PhonAlign",618.475,618.5550000000001,"R"
"PhonAlign",618.5550000000001,618.6650000000001,"a~"
"PhonAlign",618.6650000000001,618.735,"m"
"PhonAlign",618.735,618.945,"E"
"PhonAlign",618.945,618.975,"R"
"PhonAlign",618.975,619.025,"u"
"PhonAlign",619.025,619.085,"v"
"PhonAlign",619.085,619.115,"O/"
"PhonAlign",619.115,619.1850000000001,"t"
"PhonAlign",619.1850000000001,619.215,"p"
"PhonAlign",619.215,619.245,"t"
"PhonAlign",619.245,619.2850000000001,"i"
"PhonAlign",619.2850000000001,619.455,"t"
"PhonAlign",619.455,619.565,"s"
"PhonAlign",619.565,619.705,"9"
"PhonAlign",619.705,619.745,"R"
"PhonAlign",619.745,620.87,"#"
"PhonAlign",620.87,621.38,"fp"
"PhonAlign",621.38,621.48,"Z"
"PhonAlign",621.48,621.55,"p"
"PhonAlign",621.55,621.6,"@"
"PhonAlign",621.6,621.66,"p"
"PhonAlign",621.66,621.71,"R"
"PhonAlign",621.71,621.77,"O/"
"PhonAlign",621.77,621.83,"p"
"PhonAlign",621.83,621.89,"O/"
"PhonAlign",621.89,621.97,"z"
"PhonAlign",621.97,622.03,"e"
"PhonAlign",622.03,622.08,"d"
"PhonAlign",622.08,622.17,"e"
"PhonAlign",622.17,622.3,"f"
"PhonAlign",622.3,622.36,"i"
"PhonAlign",622.36,622.39,"l"
"PhonAlign",622.39,622.42,"m"
"PhonAlign",622.42,622.5,"d"
"PhonAlign",622.5,622.6,"O/"
"PhonAlign",622.6,622.65,"R"
"PhonAlign",622.65,622.77,"9"
"PhonAlign",622.77,622.81,"R"
"PhonAlign",622.81,622.87,"#"
"PhonAlign",622.87,622.92,"p"
"PhonAlign",622.92,622.95,"l"
"PhonAlign",622.95,622.98,"y"
"PhonAlign",622.98,623.08,"t"
"PhonAlign",623.08,623.13,"O/"
"PhonAlign",623.13,623.22,"A/"
"PhonAlign",623.22,623.29,"d"
"PhonAlign",623.29,623.38,"A/"
"PhonAlign",623.38,623.44,"p"
"PhonAlign",623.44,623.5600000000001,"t"
"PhonAlign",623.5600000000001,623.785,"e"
"PhonAlign",623.785,624.62,"#"
"PhonAlign",624.62,625.03,"O/"
"PhonAlign",625.03,625.13,"z"
"PhonAlign",625.13,625.24,"a~"
"PhonAlign",625.24,625.38,"f"
"PhonAlign",625.38,625.54,"a~"
"PhonAlign",625.54,625.64,"p"
"PhonAlign",625.64,625.68,"A/"
"PhonAlign",625.68,625.71,"R"
"PhonAlign",625.71,625.74,"e"
"PhonAlign",625.74,625.77,"g"
"PhonAlign",625.77,625.8,"z"
"PhonAlign",625.8,625.83,"a~"
"PhonAlign",625.83,625.86,"p"
"PhonAlign",625.86,625.89,"l"
"PhonAlign",625.89,626.02,"S"
"PhonAlign",626.02,626.0600000000001,"E"
"PhonAlign",626.0600000000001,626.13,"R"
"PhonAlign",626.13,626.2,"d"
"PhonAlign",626.2,626.27,"@"
"PhonAlign",626.27,626.44,"p"
"PhonAlign",626.44,626.65,"u"
"PhonAlign",626.65,626.78,"l"
"PhonAlign",626.78,626.845,"@"
"PhonAlign",626.845,627.105,"#"
"PhonAlign",627.105,627.84,"fp"
"PhonAlign",627.84,630.475,"#"
"PhonAlign",630.475,630.5450000000001,"n"
"PhonAlign",630.5450000000001,630.6750000000001,"a~"
"PhonAlign",630.6750000000001,630.785,"S"
"PhonAlign",630.785,630.825,"E"
"PhonAlign",630.825,630.865,"R"
"PhonAlign",630.865,630.895,"d"
"PhonAlign",630.895,630.945,"@"
"PhonAlign",630.945,631.0550000000001,"p"
"PhonAlign",631.0550000000001,631.105,"u"
"PhonAlign",631.105,631.135,"l"
"PhonAlign",631.135,631.215,"a~"
"PhonAlign",631.215,631.3050000000001,"f"
"PhonAlign",631.3050000000001,631.38,"E"
"PhonAlign",631.38,631.65,"#"
"PhonAlign",631.65,632.145,"fp"
"PhonAlign",632.145,632.35,"#"
"PhonAlign",632.35,633.21,"laugh"
"PhonAlign",633.21,633.34,"S"
"PhonAlign",633.34,633.38,"E"
"PhonAlign",633.38,633.4300000000001,"R"
"PhonAlign",633.4300000000001,633.51,"d"
"PhonAlign",633.51,633.63,"@"
"PhonAlign",633.63,633.76,"p"
"PhonAlign",633.76,633.83,"u"
"PhonAlign",633.83,633.87,"l"
"PhonAlign",633.87,633.94,"@"
"PhonAlign",633.94,634.67,"#"
"PhonAlign",634.67,635.475,"fp"
"PhonAlign",635.475,635.65,"#"
"PhonAlign",635.65,635.6999999999999,"e"
"PhonAlign",635.6999999999999,636.52,"fp"
"PhonAlign",636.52,636.91,"#"
"PhonAlign",636.91,636.98,"S"
"PhonAlign",636.98,637.01,"s"
"PhonAlign",637.01,637.04,"k"
"PhonAlign",637.04,637.12,"s"
"PhonAlign",637.12,637.16,"e"
"PhonAlign",637.16,637.1999999999999,"A/"
"PhonAlign",637.1999999999999,637.28,"s"
"PhonAlign",637.28,637.3299999999999,"e"
"PhonAlign",637.3299999999999,637.37,"d"
"PhonAlign",637.37,637.4399999999999,"i"
"PhonAlign",637.4399999999999,637.49,"f"
"PhonAlign",637.49,637.52,"E"
"PhonAlign",637.52,637.55,"R"
"PhonAlign",637.55,637.65,"a~"
"PhonAlign",637.65,637.7199999999999,"d"
"PhonAlign",637.7199999999999,637.79,"y"
"PhonAlign",637.79,637.8199999999999,"R"
"PhonAlign",637.8199999999999,637.91,"E"
"PhonAlign",637.91,637.9699999999999,"s"
"PhonAlign",637.9699999999999,638.01,"t"
"PhonAlign",638.01,638.0699999999999,"m"
"PhonAlign",638.0699999999999,638.1899999999999,"s"
"PhonAlign",638.1899999999999,638.23,"A/"
"PhonAlign",638.23,638.3199999999999,"p"
"PhonAlign",638.3199999999999,638.35,"@"
"PhonAlign",638.35,638.38,"E"
"PhonAlign",638.38,638.4599999999999,"t"
"PhonAlign",638.4599999999999,638.5699999999999,"R"
"PhonAlign",638.5699999999999,638.7099999999999,"s"
"PhonAlign",638.7099999999999,638.77,"U~/"
"PhonAlign",638.77,638.8399999999999,"p"
"PhonAlign",638.8399999999999,638.91,"A/"
"PhonAlign",638.91,639.02,"t"
"PhonAlign",639.02,639.1,"i"
"PhonAlign",639.1,639.14,"k"
"PhonAlign",639.14,639.25,"s"
"PhonAlign",639.25,639.28,"y"
"PhonAlign",639.28,639.31,"R"
"PhonAlign",639.31,639.39,"t"
"PhonAlign",639.39,639.438977,"u"
"PhonAlign",639.438977,639.54,"#"
"PhonAlign",639.54,639.61,"k"
"PhonAlign",639.61,639.91,"@"
"PhonAlign",639.91,639.9699999999999,"O~"
"PhonAlign",639.9699999999999,640.39,"n"
"PhonAlign",640.39,640.955,"#"
"PhonAlign",640.955,641.0250000000001,"O~"
"PhonAlign",641.0250000000001,641.105,"n"
"PhonAlign",641.105,641.4250000000001,"e"
"PhonAlign",641.4250000000001,641.5450000000001,"k"
"PhonAlign",641.5450000000001,641.605,"a~"
"PhonAlign",641.605,641.6550000000001,"m"
"PhonAlign",641.6550000000001,641.725,"E"
"PhonAlign",641.725,641.7950000000001,"m"
"PhonAlign",641.7950000000001,641.875,"p"
"PhonAlign",641.875,641.9350000000001,"R"
"PhonAlign",641.9350000000001,642.0250000000001,"O/"
"PhonAlign",642.0250000000001,642.115,"S"
"PhonAlign",642.115,642.1750000000001,"d"
"PhonAlign",642.1750000000001,642.215,"O/"
"PhonAlign",642.215,642.255,"k"
"PhonAlign",642.255,642.3950000000001,"t"
"PhonAlign",642.3950000000001,642.7750000000001,"O/"
"PhonAlign",642.7750000000001,642.8050000000001,"b"
"PhonAlign",642.8050000000001,643.095,"R"
"PhonAlign",643.095,643.2850000000001,"e"
"PhonAlign",643.2850000000001,643.59,"fp"
"PhonAlign",643.59,644.18,"#"
"PhonAlign",644.18,644.2399999999999,"s"
"PhonAlign",644.2399999999999,644.31,"s"
"PhonAlign",644.31,644.3599999999999,"R"
"PhonAlign",644.3599999999999,644.4,"E"
"PhonAlign",644.4,644.51,"s"
"PhonAlign",644.51,644.5799999999999,"U~/"
"PhonAlign",644.5799999999999,644.63,"p"
"PhonAlign",644.63,644.7199999999999,"A/"
"PhonAlign",644.7199999999999,644.75,"d"
"PhonAlign",644.75,644.8,"@"
"PhonAlign",644.8,644.89,"f"
"PhonAlign",644.89,644.9399999999999,"E"
"PhonAlign",644.9399999999999,644.9699999999999,"R"
"PhonAlign",644.9699999999999,645.02,"k"
"PhonAlign",645.02,645.0899999999999,"k"
"PhonAlign",645.0899999999999,645.17,"S"
"PhonAlign",645.17,645.2099999999999,"O/"
"PhonAlign",645.2099999999999,645.26,"z"
"PhonAlign",645.26,645.29,"d"
"PhonAlign",645.29,645.37,"a~"
"PhonAlign",645.37,645.4,"l"
"PhonAlign",645.4,645.5,"t"
"PhonAlign",645.5,645.5699999999999,"E"
"PhonAlign",645.5699999999999,645.68,"m"
"PhonAlign",645.68,647.055,"#"
"PhonAlign",647.055,648.5,"fp"
"PhonAlign",648.5,650.36,"#"
"PhonAlign",650.36,650.52,"Z"
"PhonAlign",650.52,650.69,"@"
"PhonAlign",650.69,650.8000000000001,"k"
"PhonAlign",650.8000000000001,650.84,"O/"
"PhonAlign",650.84,650.9,"n"
"PhonAlign",650.9,651.0,"e"
"PhonAlign",651.0,651.1,"z"
"PhonAlign",651.1,651.1800000000001,"Z"
"PhonAlign",651.1800000000001,651.25,"p"
"PhonAlign",651.25,651.29,"@"
"PhonAlign",651.29,651.36,"p"
"PhonAlign",651.36,651.45,"A/"
"PhonAlign",651.45,651.5500000000001,"s"
"PhonAlign",651.5500000000001,651.61,"i"
"PhonAlign",651.61,651.74,"t"
"PhonAlign",651.74,651.91,"e"
"PhonAlign",651.91,651.97,"p"
"PhonAlign",651.97,652.01,"R"
"PhonAlign",652.01,652.0600000000001,"e"
"PhonAlign",652.0600000000001,652.19,"s"
"PhonAlign",652.19,652.22,"i"
"PhonAlign",652.22,652.25,"z"
"PhonAlign",652.25,652.28,"e"
"PhonAlign",652.28,652.35,"m"
"PhonAlign",652.35,652.46,"a~"
"PhonAlign",652.46,652.51,"d"
"PhonAlign",652.51,652.54,"e"
"PhonAlign",652.54,652.62,"z"
"PhonAlign",652.62,652.7,"A/"
"PhonAlign",652.7,652.78,"k"
"PhonAlign",652.78,652.84,"t"
"PhonAlign",652.84,652.96,"9"
"PhonAlign",652.96,652.99,"R"
"PhonAlign",652.99,653.04,"u"
"PhonAlign",653.04,653.1,"d"
"PhonAlign",653.1,653.13,"R"
"PhonAlign",653.13,653.2,"e"
"PhonAlign",653.2,653.23,"A/"
"PhonAlign",653.23,653.26,"l"
"PhonAlign",653.26,653.29,"i"
"PhonAlign",653.29,653.36,"z"
"PhonAlign",653.36,653.44,"A/"
"PhonAlign",653.44,653.5600000000001,"t"
"PhonAlign",653.5600000000001,653.6800000000001,"9"
"PhonAlign",653.6800000000001,653.87,"R"
"PhonAlign",653.87,654.04,"s"
"PhonAlign",654.04,654.11,"E"
"PhonAlign",654.11,654.14,"l"
"PhonAlign",654.14,654.28,"E"
"PhonAlign",654.28,654.3100000000001,"b"
"PhonAlign",654.3100000000001,654.5500000000001,"R"
"PhonAlign",654.5500000000001,654.61,"@"
"PhonAlign",654.61,655.095,"fp"
"PhonAlign",655.095,655.595,"#"
"PhonAlign",655.595,655.635,"p"
"PhonAlign",655.635,655.6650000000001,"A/"
"PhonAlign",655.6650000000001,655.695,"v"
"PhonAlign",655.695,655.735,"R"
"PhonAlign",655.735,655.7950000000001,"E"
"PhonAlign",655.7950000000001,655.865,"m"
"PhonAlign",655.865,655.9250000000001,"a~"
"PhonAlign",655.9250000000001,656.005,"k"
"PhonAlign",656.005,656.065,"k"
"PhonAlign",656.065,656.145,"S"
"PhonAlign",656.145,656.1750000000001,"O/"
"PhonAlign",656.1750000000001,656.235,"z"
"PhonAlign",656.235,656.345,"k"
"PhonAlign",656.345,656.455,"Z"
"PhonAlign",656.455,656.5350000000001,"R"
"PhonAlign",656.5350000000001,656.565,"@"
"PhonAlign",656.565,656.6750000000001,"g"
"PhonAlign",656.6750000000001,656.765,"A/"
"PhonAlign",656.765,656.7950000000001,"R"
"PhonAlign",656.7950000000001,656.885,"d"
"PhonAlign",656.885,657.13,"@"
"PhonAlign",657.13,657.43,"#"
"PhonAlign",657.43,657.4699999999999,"k"
"PhonAlign",657.4699999999999,657.53,"a~"
"PhonAlign",657.53,657.62,"Z"
"PhonAlign",657.62,657.66,"R"
"PhonAlign",657.66,657.7299999999999,"g"
"PhonAlign",657.7299999999999,657.78,"A/"
"PhonAlign",657.78,657.81,"R"
"PhonAlign",657.81,657.8399999999999,"d"
"PhonAlign",657.8399999999999,657.9499999999999,"U~/"
"PhonAlign",657.9499999999999,658.0799999999999,"f"
"PhonAlign",658.0799999999999,658.12,"i"
"PhonAlign",658.12,658.15,"l"
"PhonAlign",658.15,658.18,"m"
"PhonAlign",658.18,658.25,"m"
"PhonAlign",658.25,658.3199999999999,"E"
"PhonAlign",658.3199999999999,658.4399999999999,"b"
"PhonAlign",658.4399999999999,658.48,"O/"
"PhonAlign",658.48,659.825,"#"
"PhonAlign",659.825,660.6650000000001,"fp"
"PhonAlign",660.6650000000001,660.745,"d"
"PhonAlign",660.745,660.7950000000001,"O~"
"PhonAlign",660.7950000000001,660.965,"u"
"PhonAlign",660.965,661.0450000000001,"i"
"PhonAlign",661.0450000000001,661.105,"S"
"PhonAlign",661.105,661.1850000000001,"p"
"PhonAlign",661.1850000000001,661.215,"u"
"PhonAlign",661.215,661.245,"R"
"PhonAlign",661.245,661.2850000000001,"E"
"PhonAlign",661.2850000000001,661.325,"p"
"PhonAlign",661.325,661.355,"R"
"PhonAlign",661.355,661.4050000000001,"O/"
"PhonAlign",661.4050000000001,661.445,"p"
"PhonAlign",661.445,661.505,"O/"
"PhonAlign",661.505,661.595,"z"
"PhonAlign",661.595,661.6550000000001,"e"
"PhonAlign",661.6550000000001,661.7750000000001,"S"
"PhonAlign",661.7750000000001,661.8050000000001,"E"
"PhonAlign",661.8050000000001,661.855,"R"
"PhonAlign",661.855,661.9150000000001,"d"
"PhonAlign",661.9150000000001,661.975,"@"
"PhonAlign",661.975,662.075,"p"
"PhonAlign",662.075,662.1550000000001,"u"
"PhonAlign",662.1550000000001,662.1850000000001,"l"
"PhonAlign",662.1850000000001,662.225,"p"
"PhonAlign",662.225,662.2850000000001,"A/"
"PhonAlign",662.2850000000001,662.355,"s"
"PhonAlign",662.355,662.4150000000001,"k"
"PhonAlign",662.4150000000001,662.445,"@"
"PhonAlign",662.445,662.575,"s"
"PhonAlign",662.575,662.615,"e"
"PhonAlign",662.615,662.815,"A/"
"PhonAlign",662.815,662.845,"s"
"PhonAlign",662.845,662.875,"e"
"PhonAlign",662.875,663.0150000000001,"s"
"PhonAlign",663.0150000000001,663.0450000000001,"e"
"PhonAlign",663.0450000000001,663.115,"U~/"
"PhonAlign",663.115,663.215,"s"
"PhonAlign",663.215,663.2750000000001,"p"
"PhonAlign",663.2750000000001,663.335,"i"
"PhonAlign",663.335,663.365,"R"
"PhonAlign",663.365,663.485,"e"
"PhonAlign",663.485,663.5550000000001,"d"
"PhonAlign",663.5550000000001,663.745,"U~/"
"PhonAlign",663.745,663.7750000000001,"l"
"PhonAlign",663.7750000000001,663.845,"i"
"PhonAlign",663.845,663.875,"v"
"PhonAlign",663.875,663.9350000000001,"k"
"PhonAlign",663.9350000000001,663.995,"t"
"PhonAlign",663.995,664.0350000000001,"u"
"PhonAlign",664.0350000000001,664.1650000000001,"t"
"PhonAlign",664.1650000000001,664.195,"l"
"PhonAlign",664.195,664.225,"m"
"PhonAlign",664.225,664.255,"O~"
"PhonAlign",664.255,664.2850000000001,"d"
"PhonAlign",664.2850000000001,664.385,"R"
"PhonAlign",664.385,664.455,"g"
"PhonAlign",664.455,664.505,"A/"
"PhonAlign",664.505,664.5450000000001,"R"
"PhonAlign",664.5450000000001,664.585,"d"
"PhonAlign",664.585,664.625,"t"
"PhonAlign",664.625,664.7750000000001,"p"
"PhonAlign",664.7750000000001,664.8050000000001,"y"
"PhonAlign",664.8050000000001,664.985,"i"
"PhonAlign",664.985,665.475,"fp"
"PhonAlign",665.475,665.615,"t"
"PhonAlign",665.615,665.6450000000001,"u"
"PhonAlign",665.6450000000001,665.6750000000001,"l"
"PhonAlign",665.6750000000001,665.705,"m"
"PhonAlign",665.705,665.735,"O~"
"PhonAlign",665.735,665.7750000000001,"d"
"PhonAlign",665.7750000000001,665.865,"A/"
"PhonAlign",665.865,665.9350000000001,"l"
"PhonAlign",665.9350000000001,666.005,"y"
"PhonAlign",666.005,666.245,"t"
"PhonAlign",666.245,666.2850000000001,"p"
"PhonAlign",666.2850000000001,666.315,"y"
"PhonAlign",666.315,666.345,"i"
"PhonAlign",666.345,666.3950000000001,"t"
"PhonAlign",666.3950000000001,666.455,"R"
"PhonAlign",666.455,666.485,"E"
"PhonAlign",666.485,666.5150000000001,"l"
"PhonAlign",666.5150000000001,666.635,"O~"
"PhonAlign",666.635,666.715,"t"
"PhonAlign",666.715,666.865,"a~"
"PhonAlign",666.865,666.8950000000001,"d"
"PhonAlign",666.8950000000001,666.965,"O~"
"PhonAlign",666.965,667.075,"s"
"PhonAlign",667.075,667.125,"A/"
"PhonAlign",667.125,667.225,"f"
"PhonAlign",667.225,667.2750000000001,"R"
"PhonAlign",667.2750000000001,667.455,"E"
"PhonAlign",667.455,667.495,"s"
"PhonAlign",667.495,667.7650000000001,"p"
"PhonAlign",667.7650000000001,667.7950000000001,"u"
"PhonAlign",667.7950000000001,667.845,"R"
"PhonAlign",667.845,667.875,"E"
"PhonAlign",667.875,667.955,"t"
"PhonAlign",667.955,668.115,"O/"
"PhonAlign",668.115,668.245,"s"
"PhonAlign",668.245,668.315,"i"
"PhonAlign",668.315,668.345,"R"
"PhonAlign",668.345,668.4350000000001,"A/"
"PhonAlign",668.4350000000001,668.495,"m"
"PhonAlign",668.495,668.575,"2"
"PhonAlign",668.575,668.605,"n"
"PhonAlign",668.605,668.6550000000001,"e"
"PhonAlign",668.6550000000001,668.6850000000001,"d"
"PhonAlign",668.6850000000001,668.725,"p"
"PhonAlign",668.725,668.8050000000001,"E"
"PhonAlign",668.8050000000001,668.845,"R"
"PhonAlign",668.845,668.9350000000001,"s"
"PhonAlign",668.9350000000001,668.965,"O/"
"PhonAlign",668.965,669.0350000000001,"n"
"PhonAlign",669.0350000000001,669.065,"d"
"PhonAlign",669.065,669.095,"l"
"PhonAlign",669.095,669.195,"A/"
"PhonAlign",669.195,669.225,"g"
"PhonAlign",669.225,669.315,"e"
"PhonAlign",669.315,669.495,"n"
"PhonAlign",669.495,669.885,"e"
"PhonAlign",669.885,670.345,"t"
"PhonAlign",670.345,670.375,"d"
"PhonAlign",670.375,670.4050000000001,"e"
"PhonAlign",670.4050000000001,670.505,"Z"
"PhonAlign",670.505,670.5350000000001,"E"
"PhonAlign",670.5350000000001,670.595,"n"
"PhonAlign",670.595,670.6450000000001,"E"
"PhonAlign",670.6450000000001,670.6750000000001,"R"
"PhonAlign",670.6750000000001,670.735,"A/"
"PhonAlign",670.735,670.875,"s"
"PhonAlign",670.875,670.9050000000001,"j"
"PhonAlign",670.9050000000001,670.945,"O~"
"PhonAlign",670.945,670.995,"U~/"
"PhonAlign",670.995,671.065,"p"
"PhonAlign",671.065,671.105,"2"
"PhonAlign",671.105,671.255,"p"
"PhonAlign",671.255,671.2850000000001,"l"
"PhonAlign",671.2850000000001,671.4050000000001,"y"
"PhonAlign",671.4050000000001,671.475,"s"
"PhonAlign",671.475,671.5550000000001,"a~"
"PhonAlign",671.5550000000001,671.6650000000001,"s"
"PhonAlign",671.6650000000001,671.695,"j"
"PhonAlign",671.695,671.735,"E"
"PhonAlign",671.735,671.7750000000001,"n"
"PhonAlign",671.7750000000001,671.8050000000001,"d"
"PhonAlign",671.8050000000001,671.845,"O~"
"PhonAlign",671.845,671.985,"s"
"PhonAlign",671.985,672.0350000000001,"A/"
"PhonAlign",672.0350000000001,672.115,"d"
"PhonAlign",672.115,672.1750000000001,"A/"
"PhonAlign",672.1750000000001,672.205,"t"
"PhonAlign",672.205,672.315,"d"
"PhonAlign",672.315,672.4250000000001,"@"
"PhonAlign",672.4250000000001,672.5350000000001,"k"
"PhonAlign",672.5350000000001,672.585,"A/"
"PhonAlign",672.585,672.6550000000001,"t"
"PhonAlign",672.6550000000001,672.6850000000001,"R"
"PhonAlign",672.6850000000001,672.715,"v"
"PhonAlign",672.715,672.7750000000001,"U~/"
"PhonAlign",672.7750000000001,672.8050000000001,"z"
"PhonAlign",672.8050000000001,672.835,"E"
"PhonAlign",672.835,672.865,"R"
"PhonAlign",672.865,672.955,"O/"
"PhonAlign",672.955,673.005,"Z"
"PhonAlign",673.005,673.0550000000001,"@"
"PhonAlign",673.0550000000001,673.115,"k"
"PhonAlign",673.115,673.195,"R"
"PhonAlign",673.195,673.225,"w"
"PhonAlign",673.225,673.2750000000001,"A/"
"PhonAlign",673.2750000000001,673.3050000000001,"l"
"PhonAlign",673.3050000000001,673.375,"e"
"PhonAlign",673.375,673.4050000000001,"l"
"PhonAlign",673.4050000000001,673.5150000000001,"i"
"PhonAlign",673.5150000000001,673.565,"v"
"PhonAlign",673.565,673.605,"R"
"PhonAlign",673.605,674.22,"#"
"PhonAlign",674.22,674.34,"e"
"PhonAlign",674.34,674.39,"fp"
"PhonAlign",674.39,674.4200000000001,"v"
"PhonAlign",674.4200000000001,674.45,"u"
"PhonAlign",674.45,674.48,"a~"
"PhonAlign",674.48,674.51,"A/"
"PhonAlign",674.51,674.5500000000001,"v"
"PhonAlign",674.5500000000001,674.58,"e"
"PhonAlign",674.58,674.62,"p"
"PhonAlign",674.62,674.6700000000001,"2"
"PhonAlign",674.6700000000001,674.7,"t"
"PhonAlign",674.7,674.75,"E"
"PhonAlign",674.75,674.84,"t"
"PhonAlign",674.84,674.87,"R"
"PhonAlign",674.87,674.97,"d"
"PhonAlign",674.97,675.01,"e"
"PhonAlign",675.01,675.11,"Z"
"PhonAlign",675.11,675.1800000000001,"A/"
"PhonAlign",675.1800000000001,675.21,"l"
"PhonAlign",675.21,675.3100000000001,"y"
"PhonAlign",675.3100000000001,675.4300000000001,"#"
"PhonAlign",675.4300000000001,675.5600000000001,"k"
"PhonAlign",675.5600000000001,675.62,"a~"
"PhonAlign",675.62,675.6700000000001,"v"
"PhonAlign",675.6700000000001,675.7,"u"
"PhonAlign",675.7,675.74,"e"
"PhonAlign",675.74,675.84,"t"
"PhonAlign",675.84,675.87,"j"
"PhonAlign",675.87,675.9,"e"
"PhonAlign",675.9,675.96,"Z"
"PhonAlign",675.96,676.0400000000001,"9"
"PhonAlign",676.0400000000001,676.15,"n"
"PhonAlign",676.15,677.13,"#"
"PhonAlign",677.13,677.17,"l"
"PhonAlign",677.17,677.23,"e"
"PhonAlign",677.23,677.34,"S"
"PhonAlign",677.34,677.37,"E"
"PhonAlign",677.37,677.42,"R"
"PhonAlign",677.42,677.46,"d"
"PhonAlign",677.46,677.52,"@"
"PhonAlign",677.52,677.65,"p"
"PhonAlign",677.65,677.6899999999999,"O/"
"PhonAlign",677.6899999999999,677.79,"l"
"PhonAlign",677.79,687.15,"#"
"PhonAlign",687.15,687.34,"u"
"PhonAlign",687.34,687.48,"i"
"PhonAlign",687.48,687.68,"v"
"PhonAlign",687.68,687.78,"w"
"PhonAlign",687.78,688.02,"A/"
"PhonAlign",688.02,688.17,"l"
"PhonAlign",688.17,688.3,"A/"
"PhonAlign",688.3,688.68,"laugh"
"PhonAlign",688.68,689.02,"#"
"PhonAlign",689.02,689.05,"d"
"PhonAlign",689.05,689.0799999999999,"O~"
"PhonAlign",689.0799999999999,689.15,"s"
"PhonAlign",689.15,689.1899999999999,"e"
"PhonAlign",689.1899999999999,689.22,"k"
"PhonAlign",689.22,689.28,"s"
"PhonAlign",689.28,689.37,"A/"
"PhonAlign",689.37,689.43,"p"
"PhonAlign",689.43,689.51,"@"
"PhonAlign",689.51,689.5799999999999,"f"
"PhonAlign",689.5799999999999,689.66,"E"
"PhonAlign",689.66,689.6899999999999,"R"
"PhonAlign",689.6899999999999,689.8,"p"
"PhonAlign",689.8,689.91,"9"
"PhonAlign",689.91,689.9399999999999,"R"
"PhonAlign",689.9399999999999,690.01,"m"
"PhonAlign",690.01,690.09,"E"
"PhonAlign",690.09,690.16,"b"
"PhonAlign",690.16,690.28,"O~"
"PhonAlign",690.28,691.1,"#"
"PhonAlign",691.1,692.42,"fp"
"PhonAlign",692.42,693.02,"#"
"PhonAlign",693.02,693.13,"d"
"PhonAlign",693.13,693.3,"O~"
"PhonAlign",693.3,693.4499999999999,"k"
"PhonAlign",693.4499999999999,693.78,"fp"
"PhonAlign",693.78,693.89,"v"
"PhonAlign",693.89,693.9499999999999,"w"
"PhonAlign",693.9499999999999,694.0,"A/"
"PhonAlign",694.0,694.03,"l"
"PhonAlign",694.03,694.48,"A/"
"PhonAlign",694.48,694.76,"fp"
"PhonAlign",694.76,694.81,"#"
"PhonAlign",694.81,694.85,"A/"
"PhonAlign",694.85,694.92,"p"
"PhonAlign",694.92,694.97,"R"
"PhonAlign",694.97,695.03,"e"
"PhonAlign",695.03,695.11,"S"
"PhonAlign",695.11,695.22,"s"
"PhonAlign",695.22,695.27,"e"
"PhonAlign",695.27,695.31,"k"
"PhonAlign",695.31,695.38,"s"
"PhonAlign",695.38,695.42,"e"
"PhonAlign",695.42,695.47,"A/"
"PhonAlign",695.47,695.6,"s"
"PhonAlign",695.6,695.63,"e"
"PhonAlign",695.63,695.72,"a~"
"PhonAlign",695.72,695.89,"s"
"PhonAlign",695.89,695.92,"j"
"PhonAlign",695.92,696.01,"U~/"
"PhonAlign",696.01,696.0799999999999,"m"
"PhonAlign",696.0799999999999,696.16,"E"
"PhonAlign",696.16,696.1999999999999,"e"
"PhonAlign",696.1999999999999,696.3199999999999,"f"
"PhonAlign",696.3199999999999,696.35,"E"
"PhonAlign",696.35,696.4,"k"
"PhonAlign",696.4,696.51,"t"
"PhonAlign",696.51,696.55,"i"
"PhonAlign",696.55,696.5799999999999,"v"
"PhonAlign",696.5799999999999,696.63,"m"
"PhonAlign",696.63,696.85,"a~"
"PhonAlign",696.85,697.11,"fp"
"PhonAlign",697.11,697.18,"l"
"PhonAlign",697.18,697.29,"@"
"PhonAlign",697.29,697.41,"Z"
"PhonAlign",697.41,697.62,"a~"
"PhonAlign",697.62,697.65,"R"
"PhonAlign",697.65,697.6999999999999,"@"
"PhonAlign",697.6999999999999,697.76,"d"
"PhonAlign",697.76,697.8,"@"
"PhonAlign",697.8,697.85,"O/"
"PhonAlign",697.85,697.88,"R"
"PhonAlign",697.88,698.0799999999999,"9"
"PhonAlign",698.0799999999999,698.11,"R"
"PhonAlign",698.11,698.14,"A/"
"PhonAlign",698.14,698.28,"E"
"PhonAlign",698.28,698.38,"v"
"PhonAlign",698.38,698.41,"O/"
"PhonAlign",698.41,698.47,"l"
"PhonAlign",698.47,698.5,"y"
"PhonAlign",698.5,698.6899999999999,"e"
"PhonAlign",698.6899999999999,698.72,"O/"
"PhonAlign",698.72,698.79,"Z"
"PhonAlign",698.79,698.86,"u"
"PhonAlign",698.86,698.9,"R"
"PhonAlign",698.9,698.96,"d"
"PhonAlign",698.96,699.0,"y"
"PhonAlign",699.0,699.0699999999999,"i"
"PhonAlign",699.0699999999999,699.14,"O/"
"PhonAlign",699.14,699.3199999999999,"s"
"PhonAlign",699.3199999999999,699.54,"i"
"PhonAlign",699.54,699.736395,"fp"
"PhonAlign",699.736395,700.745376,"#"
"PhonAlign",700.745376,700.885376,"O/"
"PhonAlign",700.885376,700.955376,"Z"
"PhonAlign",700.955376,701.0253759999999,"u"
"PhonAlign",701.0253759999999,701.0553759999999,"R"
"PhonAlign",701.0553759999999,701.095376,"d"
"PhonAlign",701.095376,701.2853759999999,"y"
"PhonAlign",701.2853759999999,701.315376,"i"
"PhonAlign",701.315376,701.4053759999999,"l"
"PhonAlign",701.4053759999999,701.475376,"O/"
"PhonAlign",701.475376,701.505376,"R"
"PhonAlign",701.505376,701.615376,"9"
"PhonAlign",701.615376,701.6453759999999,"R"
"PhonAlign",701.6453759999999,701.755376,"s"
"PhonAlign",701.755376,701.7853759999999,"e"
"PhonAlign",701.7853759999999,701.845376,"p"
"PhonAlign",701.845376,701.875376,"l"
"PhonAlign",701.875376,701.9153759999999,"y"
"PhonAlign",701.9153759999999,702.0253759999999,"t"
"PhonAlign",702.0253759999999,702.325376,"O/"
"PhonAlign",702.325376,702.435376,"d"
"PhonAlign",702.435376,702.5353759999999,"y"
"PhonAlign",702.5353759999999,702.6453759999999,"g"
"PhonAlign",702.6453759999999,702.935376,"O/"
"PhonAlign",702.935376,703.0253759999999,"R"
"PhonAlign",703.0253759999999,703.455376,"@"
"PhonAlign",703.455376,703.5253759999999,"d"
"PhonAlign",703.5253759999999,703.635376,"y"
"PhonAlign",703.635376,703.725376,"s"
"PhonAlign",703.725376,703.815376,"t"
"PhonAlign",703.815376,703.885376,"E"
"PhonAlign",703.885376,704.085376,"k"
"PhonAlign",704.085376,704.1753759999999,"d"
"PhonAlign",704.1753759999999,704.245376,"O~"
"PhonAlign",704.245376,704.3053759999999,"k"
"PhonAlign",704.3053759999999,704.355376,"O~"
"PhonAlign",704.355376,704.385376,"v"
"PhonAlign",704.385376,704.455376,"A/"
"PhonAlign",704.455376,704.5453759999999,"p"
"PhonAlign",704.5453759999999,704.615376,"A/"
"PhonAlign",704.615376,704.6653759999999,"m"
"PhonAlign",704.6653759999999,704.725376,"E"
"PhonAlign",704.725376,704.765376,"t"
"PhonAlign",704.765376,704.7953759999999,"R"
"PhonAlign",704.7953759999999,704.855376,"s"
"PhonAlign",704.855376,704.8953759999999,"A/"
"PhonAlign",704.8953759999999,704.985376,"U~/"
"PhonAlign",704.985376,705.085376,"f"
"PhonAlign",705.085376,705.125376,"E"
"PhonAlign",705.125376,705.185376,"s"
"PhonAlign",705.185376,705.325376,"t"
"PhonAlign",705.325376,705.365376,"i"
"PhonAlign",705.365376,705.3953759999999,"v"
"PhonAlign",705.3953759999999,705.515376,"A/"
"PhonAlign",705.515376,705.5453759999999,"l"
"PhonAlign",705.5453759999999,705.575376,"e"
"PhonAlign",705.575376,705.605376,"v"
"PhonAlign",705.605376,705.705376,"i"
"PhonAlign",705.705376,705.765376,"d"
"PhonAlign",705.765376,705.845376,"A/"
"PhonAlign",705.845376,705.8953759999999,"m"
"PhonAlign",705.8953759999999,706.045,"a~"
"PhonAlign",706.045,706.92,"#"
"PhonAlign",706.92,706.9699999999999,"d"
"PhonAlign",706.9699999999999,707.0899999999999,"O~"
"PhonAlign",707.0899999999999,707.2299999999999,"k"
"PhonAlign",707.2299999999999,707.26,"Z"
"PhonAlign",707.26,707.81,"@"
"PhonAlign",707.81,707.9,"p"
"PhonAlign",707.9,708.0,"a~"
"PhonAlign",708.0,708.12,"s"
"PhonAlign",708.12,708.15,"k"
"PhonAlign",708.15,708.2299999999999,"O~"
"PhonAlign",708.2299999999999,708.3299999999999,"p"
"PhonAlign",708.3299999999999,708.88,"2"
"PhonAlign",708.88,708.93,"t"
"PhonAlign",708.93,708.9599999999999,"R"
"PhonAlign",708.9599999999999,708.99,"2"
"PhonAlign",708.99,709.0799999999999,"v"
"PhonAlign",709.0799999999999,709.17,"n"
"PhonAlign",709.17,709.2099999999999,"i"
"PhonAlign",709.2099999999999,709.24,"R"
"PhonAlign",709.24,709.36,"U~/"
"PhonAlign",709.36,709.42,"p"
"PhonAlign",709.42,709.49,"t"
"PhonAlign",709.49,709.52,"i"
"PhonAlign",709.52,709.5999999999999,"t"
"PhonAlign",709.5999999999999,709.66,"p"
"PhonAlign",709.66,709.7099999999999,"2"
"PhonAlign",709.7099999999999,709.8,"a~"
"PhonAlign",709.8,709.93,"A/"
"PhonAlign",709.93,709.9699999999999,"R"
"PhonAlign",709.9699999999999,710.0,"j"
"PhonAlign",710.0,710.15,"E"
"PhonAlign",710.15,710.18,"R"
"PhonAlign",710.18,710.3299999999999,"e"
"PhonAlign",710.3299999999999,710.41,"p"
"PhonAlign",710.41,710.4799999999999,"R"
"PhonAlign",710.4799999999999,710.56,"a~"
"PhonAlign",710.56,710.62,"d"
"PhonAlign",710.62,710.65,"R"
"PhonAlign",710.65,710.68,"d"
"PhonAlign",710.68,710.74,"e"
"PhonAlign",710.74,710.79,"v"
"PhonAlign",710.79,710.87,"j"
"PhonAlign",710.87,710.9,"@"
"PhonAlign",710.9,711.0899999999999,"f"
"PhonAlign",711.0899999999999,711.13,"i"
"PhonAlign",711.13,711.16,"l"
"PhonAlign",711.16,711.2299999999999,"m"
"PhonAlign",711.2299999999999,711.26,"k"
"PhonAlign",711.26,711.4399999999999,"s"
"PhonAlign",711.4399999999999,711.52,"O~"
"PhonAlign",711.52,711.89,"t"
"PhonAlign",711.89,712.0899999999999,"p"
"PhonAlign",712.0899999999999,712.12,"l"
"PhonAlign",712.12,712.15,"y"
"PhonAlign",712.15,712.26,"A/"
"PhonAlign",712.26,712.3299999999999,"k"
"PhonAlign",712.3299999999999,712.41,"s"
"PhonAlign",712.41,712.4399999999999,"E"
"PhonAlign",712.4399999999999,712.63,"s"
"PhonAlign",712.63,712.6999999999999,"i"
"PhonAlign",712.6999999999999,712.81,"b"
"PhonAlign",712.81,712.87,"l"
"PhonAlign",712.87,713.04,"z"
"PhonAlign",713.04,714.22,"#"
"PhonAlign",714.22,714.39,"e"
"PhonAlign",714.39,714.61,"e"
"PhonAlign",714.61,714.6600000000001,"v"
"PhonAlign",714.6600000000001,714.75,"a~"
"PhonAlign",714.75,714.84,"t"
"PhonAlign",714.84,714.87,"j"
"PhonAlign",714.87,714.9100000000001,"E"
"PhonAlign",714.9100000000001,714.94,"l"
"PhonAlign",714.94,715.01,"m"
"PhonAlign",715.01,715.1,"a~"
"PhonAlign",715.1,715.13,"d"
"PhonAlign",715.13,715.21,"R"
"PhonAlign",715.21,715.2900000000001,"O/"
"PhonAlign",715.2900000000001,715.32,"l"
"PhonAlign",715.32,715.415,"z"
"PhonAlign",715.415,715.54,"#"
"PhonAlign",715.54,715.5999999999999,"s"
"PhonAlign",715.5999999999999,715.63,"e"
"PhonAlign",715.63,715.6999999999999,"p"
"PhonAlign",715.6999999999999,715.76,"A/"
"PhonAlign",715.76,715.88,"k"
"PhonAlign",715.88,715.9499999999999,"@"
"PhonAlign",715.9499999999999,716.0,"d"
"PhonAlign",716.0,716.04,"@"
"PhonAlign",716.04,716.0699999999999,"l"
"PhonAlign",716.0699999999999,716.1999999999999,"O/"
"PhonAlign",716.1999999999999,716.23,"R"
"PhonAlign",716.23,716.3399999999999,"9"
"PhonAlign",716.3399999999999,716.81,"R"
"PhonAlign",716.81,719.245,"#"
"PhonAlign",719.245,719.325,"d"
"PhonAlign",719.325,719.425,"O~"
"PhonAlign",719.425,719.505,"k"
"PhonAlign",719.505,719.595,"v"
"PhonAlign",719.595,719.625,"l"
"PhonAlign",719.625,719.775,"A/"
"PhonAlign",719.775,720.665,"#"
"PhonAlign",720.665,721.2049999999999,"@"
"PhonAlign",721.2049999999999,721.33,"m"
"PhonAlign",721.33,726.425,"#"
"PhonAlign",726.425,726.7149999999999,"fp"
"PhonAlign",726.7149999999999,726.805,"Z"
"PhonAlign",726.805,726.8449999999999,"@"
"PhonAlign",726.8449999999999,726.925,"p"
"PhonAlign",726.925,726.995,"a~"
"PhonAlign",726.995,727.045,"s"
"PhonAlign",727.045,727.1049999999999,"k"
"PhonAlign",727.1049999999999,727.135,"O~"
"PhonAlign",727.135,727.1949999999999,"n"
"PhonAlign",727.1949999999999,727.295,"A/"
"PhonAlign",727.295,727.525,"f"
"PhonAlign",727.525,727.5649999999999,"i"
"PhonAlign",727.5649999999999,727.8349999999999,"n"
"PhonAlign",727.8349999999999,727.875,"i"
"PhonAlign",727.875,729.475,"#"
"PhonAlign",729.475,730.5,"fp"
"PhonAlign",730.5,731.115,"#"
"PhonAlign",731.115,731.165,"e"
"PhonAlign",731.165,731.235,"p"
"PhonAlign",731.235,731.275,"2"
"PhonAlign",731.275,731.3050000000001,"t"
"PhonAlign",731.3050000000001,731.335,"E"
"PhonAlign",731.335,731.375,"t"
"PhonAlign",731.375,731.405,"R"
"PhonAlign",731.405,731.445,"k"
"PhonAlign",731.445,731.475,"O~"
"PhonAlign",731.475,731.505,"v"
"PhonAlign",731.505,731.565,"A/"
"PhonAlign",731.565,731.6850000000001,"f"
"PhonAlign",731.6850000000001,731.715,"E"
"PhonAlign",731.715,731.755,"R"
"PhonAlign",731.755,731.8050000000001,"U~/"
"PhonAlign",731.8050000000001,731.915,"k"
"PhonAlign",731.915,731.995,"O~"
"PhonAlign",731.995,732.065,"t"
"PhonAlign",732.065,732.095,"2"
"PhonAlign",732.095,732.155,"R"
"PhonAlign",732.155,732.215,"a~"
"PhonAlign",732.215,732.285,"d"
"PhonAlign",732.285,732.42,"y"
"PhonAlign",732.42,739.495,"#"
"PhonAlign",739.495,739.535,"s"
"PhonAlign",739.535,739.565,"i"
"PhonAlign",739.565,739.735,"n"
"PhonAlign",739.735,739.775,"O~"
"PhonAlign",739.775,748.077188,"#"
"PhonAlign",748.077188,748.2471879999999,"d"
"PhonAlign",748.2471879999999,748.3771879999999,"O~"
"PhonAlign",748.3771879999999,748.6171879999999,"k"
"PhonAlign",748.6171879999999,748.647188,"d"
"PhonAlign",748.647188,748.717188,"y"
"PhonAlign",748.717188,748.8771879999999,"k"
"PhonAlign",748.8771879999999,748.92,"u"
"PhonAlign",748.92,756.33,"#"
"PhonAlign",756.33,756.4200000000001,"fp"
"PhonAlign",756.4200000000001,756.5400000000001,"Z"
"PhonAlign",756.5400000000001,756.6,"@"
"PhonAlign",756.6,756.75,"s"
"PhonAlign",756.75,756.7800000000001,"y"
"PhonAlign",756.7800000000001,756.8100000000001,"i"
"PhonAlign",756.8100000000001,756.86,"d"
"PhonAlign",756.86,756.94,"A/"
"PhonAlign",756.94,757.0600000000001,"k"
"PhonAlign",757.0600000000001,757.2,"O/"
"PhonAlign",757.2,757.33,"R"
"PhonAlign",757.33,757.665,"laugh"
"PhonAlign",757.665,769.545881,"#"
"PhonAlign",769.545881,770.043681,"laugh"
"PhonAlign",770.043681,790.39073,"#"
"PhonAlign",790.39073,791.429617,"laugh"
"PhonAlign",791.429617,792.468504,"#"
"PhonAlign",792.468504,793.345,"laugh"
"PhonAlign",793.345,793.625,"s"
"PhonAlign",793.625,793.6650000000001,"e"
"PhonAlign",793.6650000000001,793.775,"U~/"
"PhonAlign",793.775,793.865,"t"
"PhonAlign",793.865,793.9350000000001,"R"
"PhonAlign",793.9350000000001,793.995,"E"
"PhonAlign",793.995,794.075,"b"
"PhonAlign",794.075,794.1650000000001,"O~"
"PhonAlign",794.1650000000001,794.275,"A/"
"PhonAlign",794.275,794.3050000000001,"R"
"PhonAlign",794.3050000000001,794.385,"g"
"PhonAlign",794.385,794.4250000000001,"y"
"PhonAlign",794.4250000000001,794.505,"m"
"PhonAlign",794.505,794.655,"a~"
"PhonAlign",794.655,795.576209,"laugh"
"PhonAlign",795.576209,804.925,"#"
"PhonAlign",804.925,805.772813,"A/"
"PhonAlign",805.772813,807.97,"#"
"PhonAlign",807.97,808.02,"w"
"PhonAlign",808.02,808.135,"E"
"PhonAlign",808.135,809.125,"#"
"PhonAlign",809.125,809.41,"noise"
"PhonAlign",809.41,824.035,"#"
"PhonAlign",824.035,824.0849999999999,"s"
"PhonAlign",824.0849999999999,824.145,"e"
"PhonAlign",824.145,824.245,"s"
"PhonAlign",824.245,824.38,"A/"
"PhonAlign",824.38,828.24,"#"
"PhonAlign",828.24,828.28,"w"
"PhonAlign",828.28,828.3100000000001,"E"
"PhonAlign",828.3100000000001,828.34,"w"
"PhonAlign",828.34,828.49,"E"
"PhonAlign",828.49,829.025,"#"
"PhonAlign",829.025,829.225,"v"
"PhonAlign",829.225,829.255,"l"
"PhonAlign",829.255,829.29,"A/"
"PhonAlign",829.29,843.28,"#"
"PhonAlign",843.28,843.39,"m"
"PhonAlign",843.39,843.68,"E"
"PhonAlign",843.68,843.7099999999999,"fp"
"PhonAlign",843.7099999999999,843.78,"d"
"PhonAlign",843.78,843.8299999999999,"y"
"PhonAlign",843.8299999999999,843.89,"k"
"PhonAlign",843.89,843.9599999999999,"u"
"PhonAlign",843.9599999999999,844.05,"f"
"PhonAlign",844.05,844.0799999999999,"O/"
"PhonAlign",844.0799999999999,844.14,"d"
"PhonAlign",844.14,844.17,"R"
"PhonAlign",844.17,844.22,"E"
"PhonAlign",844.22,844.28,"s"
"PhonAlign",844.28,844.3399999999999,"d"
"PhonAlign",844.3399999999999,844.39,"@"
"PhonAlign",844.39,844.43,"m"
"PhonAlign",844.43,844.54,"a~"
"PhonAlign",844.54,844.5899999999999,"d"
"PhonAlign",844.5899999999999,844.73,"e"
"PhonAlign",844.73,844.8399999999999,"s"
"PhonAlign",844.8399999999999,844.9,"k"
"PhonAlign",844.9,844.93,"l"
"PhonAlign",844.93,845.0,"e"
"PhonAlign",845.0,845.06,"n"
"PhonAlign",845.06,845.0899999999999,"u"
"PhonAlign",845.0899999999999,845.12,"v"
"PhonAlign",845.12,845.1999999999999,"E"
"PhonAlign",845.1999999999999,845.23,"l"
"PhonAlign",845.23,845.37,"t"
"PhonAlign",845.37,845.4,"E"
"PhonAlign",845.4,845.62,"k"
"PhonAlign",845.62,845.66,"n"
"PhonAlign",845.66,845.72,"O/"
"PhonAlign",845.72,845.75,"l"
"PhonAlign",845.75,845.78,"O/"
"PhonAlign",845.78,845.8299999999999,"Z"
"PhonAlign",845.8299999999999,846.01,"i"
"PhonAlign",846.01,846.04,"O~"
"PhonAlign",846.04,846.26,"U~/"
"PhonAlign",846.26,846.3199999999999,"n"
"PhonAlign",846.3199999999999,846.42,"U~/"
"PhonAlign",846.42,846.51,"p"
"PhonAlign",846.51,846.5699999999999,"A/"
"PhonAlign",846.5699999999999,846.62,"k"
"PhonAlign",846.62,846.65,"t"
"PhonAlign",846.65,846.73,"s"
"PhonAlign",846.73,846.76,"y"
"PhonAlign",846.76,846.81,"R"
"PhonAlign",846.81,846.93,"s"
"PhonAlign",846.93,847.0,"@"
"PhonAlign",847.0,847.1,"Z"
"PhonAlign",847.1,847.18,"a~"
"PhonAlign",847.18,847.265,"R"
"PhonAlign",847.265,848.24,"#"
"PhonAlign",848.24,848.3,"d"
"PhonAlign",848.3,848.4,"O~"
"PhonAlign",848.4,848.5600000000001,"k"
"PhonAlign",848.5600000000001,848.73,"fp"
"PhonAlign",848.73,848.83,"p"
"PhonAlign",848.83,848.86,"A/"
"PhonAlign",848.86,848.89,"R"
"PhonAlign",848.89,848.92,"E"
"PhonAlign",848.92,848.95,"g"
"PhonAlign",848.95,848.98,"z"
"PhonAlign",848.98,849.08,"a~"
"PhonAlign",849.08,849.11,"p"
"PhonAlign",849.11,849.14,"l"
"PhonAlign",849.14,849.17,"l"
"PhonAlign",849.17,849.635,"A/"
"PhonAlign",849.635,850.53,"#"
"PhonAlign",850.53,850.5699999999999,"l"
"PhonAlign",850.5699999999999,850.86,"A/"
"PhonAlign",850.86,850.89,"l"
"PhonAlign",850.89,851.015,"A/"
"PhonAlign",851.015,851.825,"#"
"PhonAlign",851.825,851.865,"s"
"PhonAlign",851.865,851.8950000000001,"l"
"PhonAlign",851.8950000000001,852.125,"e"
"PhonAlign",852.125,852.4250000000001,"f"
"PhonAlign",852.4250000000001,852.475,"i"
"PhonAlign",852.475,852.755,"l"
"PhonAlign",852.755,852.875,"m"
"PhonAlign",852.875,853.09,"@"
"PhonAlign",853.09,853.63,"#"
"PhonAlign",853.63,853.74,"d"
"PhonAlign",853.74,853.78,"O~"
"PhonAlign",853.78,853.84,"k"
"PhonAlign",853.84,853.89,"O~"
"PhonAlign",853.89,853.99,"A/"
"PhonAlign",853.99,854.03,"d"
"PhonAlign",854.03,854.24,"i"
"PhonAlign",854.24,854.34,"A/"
"PhonAlign",854.34,854.41,"k"
"PhonAlign",854.41,854.49,"s"
"PhonAlign",854.49,854.52,"j"
"PhonAlign",854.52,854.58,"O~"
"PhonAlign",854.58,854.67,"s"
"PhonAlign",854.67,854.71,"e"
"PhonAlign",854.71,854.8,"s"
"PhonAlign",854.8,854.905,"A/"
"PhonAlign",854.905,855.67,"#"
"PhonAlign",855.67,856.02,"A/"
"PhonAlign",856.02,856.05,"v"
"PhonAlign",856.05,856.17,"a~"
"PhonAlign",856.17,856.28,"t"
"PhonAlign",856.28,856.3199999999999,"y"
"PhonAlign",856.3199999999999,856.39,"R"
"PhonAlign",856.39,856.4599999999999,"p"
"PhonAlign",856.4599999999999,856.55,"A/"
"PhonAlign",856.55,856.5899999999999,"d"
"PhonAlign",856.5899999999999,856.7299999999999,"O~"
"PhonAlign",856.7299999999999,856.8399999999999,"S"
"PhonAlign",856.8399999999999,856.9,"k"
"PhonAlign",856.9,856.9599999999999,"O~"
"PhonAlign",856.9599999999999,857.06,"f"
"PhonAlign",857.06,857.0999999999999,"O~"
"PhonAlign",857.0999999999999,857.13,"l"
"PhonAlign",857.13,857.1999999999999,"E"
"PhonAlign",857.1999999999999,857.25,"d"
"PhonAlign",857.25,857.36,"2"
"PhonAlign",857.36,857.39,"z"
"PhonAlign",857.39,857.99,"#"
"PhonAlign",857.99,858.06,"d"
"PhonAlign",858.06,858.1999999999999,"O~"
"PhonAlign",858.1999999999999,858.3399999999999,"k"
"PhonAlign",858.3399999999999,858.64,"@"
"PhonAlign",858.64,858.77,"m"
"PhonAlign",858.77,859.5699999999999,"#"
"PhonAlign",859.5699999999999,859.64,"Z"
"PhonAlign",859.64,859.68,"y"
"PhonAlign",859.68,859.75,"m"
"PhonAlign",859.75,859.86,"a~"
"PhonAlign",859.86,859.89,"Z"
"PhonAlign",859.89,859.9799999999999,"i"
"PhonAlign",859.9799999999999,860.02,"O~"
"PhonAlign",860.02,860.05,"A/"
"PhonAlign",860.05,860.0799999999999,"v"
"PhonAlign",860.0799999999999,860.18,"E"
"PhonAlign",860.18,860.2299999999999,"d"
"PhonAlign",860.2299999999999,860.3299999999999,"i"
"PhonAlign",860.3299999999999,860.37,"k"
"PhonAlign",860.37,860.4699999999999,"s"
"PhonAlign",860.4699999999999,860.5999999999999,"t"
"PhonAlign",860.5999999999999,860.66,"e"
"PhonAlign",860.66,860.7199999999999,"b"
"PhonAlign",860.7199999999999,860.86,"j"
"PhonAlign",860.86,860.9499999999999,"U~/"
"PhonAlign",860.9499999999999,861.04,"Z"
"PhonAlign",861.04,861.4599999999999,"k"
"PhonAlign",861.4599999999999,861.63,"R"
"PhonAlign",861.63,861.66,"w"
"PhonAlign",861.66,861.76,"A/"
"PhonAlign",861.76,861.87,"k"
"PhonAlign",861.87,861.99,"i"
"PhonAlign",861.99,862.02,"A/"
"PhonAlign",862.02,862.0899999999999,"y"
"PhonAlign",862.0899999999999,862.18,"n"
"PhonAlign",862.18,862.2099999999999,"v"
"PhonAlign",862.2099999999999,862.24,"E"
"PhonAlign",862.24,862.27,"R"
"PhonAlign",862.27,862.3199999999999,"s"
"PhonAlign",862.3199999999999,862.3499999999999,"j"
"PhonAlign",862.3499999999999,862.38,"O~"
"PhonAlign",862.38,862.41,"a~"
"PhonAlign",862.41,862.55,"d"
"PhonAlign",862.55,862.68,"e"
"PhonAlign",862.68,862.75,"Z"
"PhonAlign",862.75,862.8,"@"
"PhonAlign",862.8,862.8499999999999,"k"
"PhonAlign",862.8499999999999,862.91,"R"
"PhonAlign",862.91,862.9499999999999,"w"
"PhonAlign",862.9499999999999,862.99,"A/"
"PhonAlign",862.99,863.02,"n"
"PhonAlign",863.02,863.13,"a~"
"PhonAlign",863.13,863.68,"#"
"PhonAlign",863.68,863.9699999999999,"d"
"PhonAlign",863.9699999999999,864.185,"e"
"PhonAlign",864.185,865.149449,"laugh"
"PhonAlign",865.149449,868.4,"#"
"PhonAlign",868.4,868.4399999999999,"Z"
"PhonAlign",868.4399999999999,868.5799999999999,"p"
"PhonAlign",868.5799999999999,868.61,"a~"
"PhonAlign",868.61,868.68,"s"
"PhonAlign",868.68,868.85,"@"
"PhonAlign",868.85,868.93,"k"
"PhonAlign",868.93,869.3,"@"
"PhonAlign",869.3,869.3299999999999,"Z"
"PhonAlign",869.3299999999999,869.36,"E"
"PhonAlign",869.36,869.42,"v"
"PhonAlign",869.42,869.4499999999999,"y"
"PhonAlign",869.4499999999999,869.62,"k"
"PhonAlign",869.62,869.66,"@"
"PhonAlign",869.66,869.7099999999999,"d"
"PhonAlign",869.7099999999999,869.76,"a~"
"PhonAlign",869.76,869.8,"l"
"PhonAlign",869.8,869.86,"E"
"PhonAlign",869.86,869.9,"g"
"PhonAlign",869.9,869.93,"R"
"PhonAlign",869.93,870.05,"a~"
"PhonAlign",870.05,870.1899999999999,"s"
"PhonAlign",870.1899999999999,870.22,"i"
"PhonAlign",870.22,870.25,"n"
"PhonAlign",870.25,870.31,"E"
"PhonAlign",870.31,870.35,"m"
"PhonAlign",870.35,870.4399999999999,"A/"
"PhonAlign",870.4399999999999,870.59,"i"
"PhonAlign",870.59,870.68,"t"
"PhonAlign",870.68,870.73,"e"
"PhonAlign",870.73,870.79,"p"
"PhonAlign",870.79,870.84,"R"
"PhonAlign",870.84,870.88,"O/"
"PhonAlign",870.88,871.0,"p"
"PhonAlign",871.0,871.04,"O/"
"PhonAlign",871.04,871.13,"z"
"PhonAlign",871.13,871.27,"e"
"PhonAlign",871.27,871.76,"a~"
"PhonAlign",871.76,873.155,"#"
"PhonAlign",873.155,873.245,"S"
"PhonAlign",873.245,873.4549999999999,"d"
"PhonAlign",873.4549999999999,873.505,"e"
"PhonAlign",873.505,873.605,"E"
"PhonAlign",873.605,873.775,"m"
"PhonAlign",873.775,873.855,"k"
"PhonAlign",873.855,873.89,"s"
"PhonAlign",873.89,874.305,"#"
"PhonAlign",874.305,874.405,"E"
"PhonAlign",874.405,874.435,"s"
"PhonAlign",874.435,874.4649999999999,"k"
"PhonAlign",874.4649999999999,874.515,"Z"
"PhonAlign",874.515,874.5649999999999,"e"
"PhonAlign",874.5649999999999,874.675,"k"
"PhonAlign",874.675,874.755,"O~"
"PhonAlign",874.755,874.805,"p"
"PhonAlign",874.805,874.875,"R"
"PhonAlign",874.875,874.995,"i"
"PhonAlign",874.995,875.625,"#"
"PhonAlign",875.625,875.665,"u"
"PhonAlign",875.665,875.765,"t"
"PhonAlign",875.765,875.8249999999999,"A/"
"PhonAlign",875.8249999999999,875.8549999999999,"l"
"PhonAlign",875.8549999999999,875.905,"e"
"PhonAlign",875.905,876.055,"s"
"PhonAlign",876.055,876.0849999999999,"j"
"PhonAlign",876.0849999999999,876.165,"E"
"PhonAlign",876.165,876.2149999999999,"Z"
"PhonAlign",876.2149999999999,876.3249999999999,"k"
"PhonAlign",876.3249999999999,876.3549999999999,"j"
"PhonAlign",876.3549999999999,876.435,"b"
"PhonAlign",876.435,876.525,"u"
"PhonAlign",876.525,876.5849999999999,"Z"
"PhonAlign",876.5849999999999,876.685,"e"
"PhonAlign",876.685,876.785,"t"
"PhonAlign",876.785,876.94,"u"
"PhonAlign",876.94,879.83,"#"
"PhonAlign",879.83,880.08,"v"
"PhonAlign",880.08,880.11,"l"
"PhonAlign",880.11,880.145,"A/"
"PhonAlign",880.145,881.68,"#"
"PhonAlign",881.68,881.77,"e"
"PhonAlign",881.77,881.8199999999999,"g"
"PhonAlign",881.8199999999999,881.89,"z"
"PhonAlign",881.89,881.9699999999999,"A/"
"PhonAlign",881.9699999999999,882.03,"k"
"PhonAlign",882.03,882.13,"t"
"PhonAlign",882.13,882.1899999999999,"2"
"PhonAlign",882.1899999999999,882.25,"m"
"PhonAlign",882.25,882.425,"a~"
"PhonAlign",882.425,896.04,"#"
"PhonAlign",896.04,896.0799999999999,"v"
"PhonAlign",896.0799999999999,896.11,"l"
"PhonAlign",896.11,896.2099999999999,"A/"
"PhonAlign",896.2099999999999,896.26,"d"
"PhonAlign",896.26,896.3199999999999,"O~"
"PhonAlign",896.3199999999999,896.43,"s"
"PhonAlign",896.43,896.48,"A/"
"PhonAlign",896.48,896.54,"m"
"PhonAlign",896.54,896.63,"E"
"PhonAlign",896.63,896.66,"l"
"PhonAlign",896.66,896.81,"a~"
"PhonAlign",896.81,896.9,"Z"
"PhonAlign",896.9,897.0,"@"
"PhonAlign",897.0,897.05,"n"
"PhonAlign",897.05,897.0799999999999,"u"
"PhonAlign",897.0799999999999,897.11,"v"
"PhonAlign",897.11,897.18,"E"
"PhonAlign",897.18,897.2099999999999,"l"
"PhonAlign",897.2099999999999,897.3,"t"
"PhonAlign",897.3,897.3299999999999,"E"
"PhonAlign",897.3299999999999,897.4699999999999,"k"
"PhonAlign",897.4699999999999,897.56,"n"
"PhonAlign",897.56,897.5899999999999,"O/"
"PhonAlign",897.5899999999999,897.62,"l"
"PhonAlign",897.62,897.65,"O/"
"PhonAlign",897.65,897.77,"Z"
"PhonAlign",897.77,898.03,"i"
"PhonAlign",898.03,898.38,"e"
"PhonAlign",898.38,898.6899999999999,"a~"
"PhonAlign",898.6899999999999,898.75,"m"
"PhonAlign",898.75,898.8399999999999,"E"
"PhonAlign",898.8399999999999,898.87,"m"
"PhonAlign",898.87,898.98,"t"
"PhonAlign",898.98,899.2199999999999,"a~"
"PhonAlign",899.2199999999999,899.29,"z"
"PhonAlign",899.29,899.325,"s"
"PhonAlign",899.325,899.57,"#"
"PhonAlign",899.57,899.61,"s"
"PhonAlign",899.61,899.72,"s"
"PhonAlign",899.72,899.75,"e"
"PhonAlign",899.75,899.85,"s"
"PhonAlign",899.85,899.9200000000001,"A/"
"PhonAlign",899.9200000000001,900.08,"s"
"PhonAlign",900.08,900.19,"O~"
"PhonAlign",900.19,900.25,"p"
"PhonAlign",900.25,900.2800000000001,"R"
"PhonAlign",900.2800000000001,900.35,"O/"
"PhonAlign",900.35,900.44,"p"
"PhonAlign",900.44,900.5200000000001,"O/"
"PhonAlign",900.5200000000001,900.58,"z"
"PhonAlign",900.58,900.6700000000001,"d"
"PhonAlign",900.6700000000001,900.73,"@"
"PhonAlign",900.73,900.82,"Z"
"PhonAlign",900.82,900.86,"u"
"PhonAlign",900.86,900.96,"e"
"PhonAlign",900.96,901.12,"O/"
"PhonAlign",901.12,901.19,"v"
"PhonAlign",901.19,901.24,"R"
"PhonAlign",901.24,901.28,"E"
"PhonAlign",901.28,901.36,"Z"
"PhonAlign",901.36,901.42,"@"
"PhonAlign",901.42,901.46,"t"
"PhonAlign",901.46,901.55,"p"
"PhonAlign",901.55,901.58,"l"
"PhonAlign",901.58,901.63,"A/"
"PhonAlign",901.63,901.71,"t"
"PhonAlign",901.71,901.77,"O/"
"PhonAlign",901.77,901.86,"s"
"PhonAlign",901.86,901.92,"A/"
"PhonAlign",901.92,902.04,"p"
"PhonAlign",902.04,902.08,"@"
"PhonAlign",902.08,902.15,"O/"
"PhonAlign",902.15,902.28,"s"
"PhonAlign",902.28,902.31,"i"
"PhonAlign",902.31,902.37,"p"
"PhonAlign",902.37,902.41,"A/"
"PhonAlign",902.41,902.45,"R"
"PhonAlign",902.45,902.55,"t"
"PhonAlign",902.55,902.59,"i"
"PhonAlign",902.59,902.62,"R"
"PhonAlign",902.62,902.69,"d"
"PhonAlign",902.69,902.77,"a~"
"PhonAlign",902.77,902.8,"l"
"PhonAlign",902.8,902.87,"e"
"PhonAlign",902.87,902.9,"v"
"PhonAlign",902.9,902.98,"R"
"PhonAlign",902.98,903.02,"E"
"PhonAlign",903.02,903.3,"v"
"PhonAlign",903.3,903.71,"R"
"PhonAlign",903.71,903.75,"E"
"PhonAlign",903.75,903.85,"m"
"PhonAlign",903.85,904.3,"a~"
"PhonAlign",904.3,904.33,"t"
"PhonAlign",904.33,904.48,"a~"
"PhonAlign",904.48,904.57,"s"
"PhonAlign",904.57,904.6,"j"
"PhonAlign",904.6,904.64,"E"
"PhonAlign",904.64,904.69,"n"
"PhonAlign",904.69,904.78,"s"
"PhonAlign",904.78,904.81,"e"
"PhonAlign",904.81,904.86,"p"
"PhonAlign",904.86,904.89,"A/"
"PhonAlign",904.89,904.92,"y"
"PhonAlign",904.92,904.99,"n"
"PhonAlign",904.99,905.06,"a~"
"PhonAlign",905.06,905.13,"s"
"PhonAlign",905.13,905.16,"j"
"PhonAlign",905.16,905.19,"E"
"PhonAlign",905.19,905.23,"n"
"PhonAlign",905.23,905.29,"t"
"PhonAlign",905.29,905.34,"E"
"PhonAlign",905.34,905.39,"k"
"PhonAlign",905.39,905.45,"n"
"PhonAlign",905.45,905.48,"O/"
"PhonAlign",905.48,905.53,"l"
"PhonAlign",905.53,905.56,"O/"
"PhonAlign",905.56,905.66,"Z"
"PhonAlign",905.66,905.78,"i"
"PhonAlign",905.78,905.85,"m"
"PhonAlign",905.85,906.195,"E"
"PhonAlign",906.195,906.83,"#"
"PhonAlign",906.83,906.94,"l"
"PhonAlign",906.94,906.99,"e"
"PhonAlign",906.99,907.1,"Z"
"PhonAlign",907.1,907.17,"@"
"PhonAlign",907.17,907.25,"p"
"PhonAlign",907.25,907.28,"l"
"PhonAlign",907.28,907.32,"y"
"PhonAlign",907.32,907.37,"b"
"PhonAlign",907.37,907.47,"A/"
"PhonAlign",907.47,907.58,"z"
"PhonAlign",907.58,907.61,"i"
"PhonAlign",907.61,907.67,"k"
"PhonAlign",907.67,907.79,"#"
"PhonAlign",907.79,907.85,"O~"
"PhonAlign",907.85,907.88,"v"
"PhonAlign",907.88,907.92,"A/"
"PhonAlign",907.92,907.99,"d"
"PhonAlign",907.99,908.04,"i"
"PhonAlign",908.04,908.095,"R"
"PhonAlign",908.095,908.51,"#"
"PhonAlign",908.51,908.65,"v"
"PhonAlign",908.65,908.71,"l"
"PhonAlign",908.71,908.845,"A/"
"PhonAlign",908.845,927.1,"#"
"PhonAlign",927.1,927.18,"m"
"PhonAlign",927.18,927.66,"E"
"PhonAlign",927.66,927.78,"fp"
"PhonAlign",927.78,927.88,"d"
"PhonAlign",927.88,927.94,"y"
"PhonAlign",927.94,928.03,"k"
"PhonAlign",928.03,928.06,"u"
"PhonAlign",928.06,928.09,"l"
"PhonAlign",928.09,928.16,"@"
"PhonAlign",928.16,928.22,"Z"
"PhonAlign",928.22,928.28,"a~"
"PhonAlign",928.28,928.31,"R"
"PhonAlign",928.31,928.35,"d"
"PhonAlign",928.35,928.43,"A/"
"PhonAlign",928.43,928.46,"v"
"PhonAlign",928.46,928.57,"a~"
"PhonAlign",928.57,928.66,"t"
"PhonAlign",928.66,928.69,"y"
"PhonAlign",928.69,928.72,"R"
"PhonAlign",928.72,928.75,"v"
"PhonAlign",928.75,928.78,"u"
"PhonAlign",928.78,928.86,"p"
"PhonAlign",928.86,928.93,"a~"
"PhonAlign",928.93,929.0,"s"
"PhonAlign",929.0,929.06,"e"
"PhonAlign",929.06,929.11,"k"
"PhonAlign",929.11,929.21,"s"
"PhonAlign",929.21,929.27,"e"
"PhonAlign",929.27,929.37,"m"
"PhonAlign",929.37,929.49,"j"
"PhonAlign",929.49,929.54,"@"
"PhonAlign",929.54,930.01,"a~"
"PhonAlign",930.01,930.17,"f"
"PhonAlign",930.17,930.26,"O/"
"PhonAlign",930.26,930.29,"R"
"PhonAlign",930.29,930.35,"m"
"PhonAlign",930.35,930.49,"A/"
"PhonAlign",930.49,930.75,"f"
"PhonAlign",930.75,930.92,"i"
"PhonAlign",930.92,930.95,"l"
"PhonAlign",930.95,931.02,"m"
"PhonAlign",931.02,931.05,"u"
"PhonAlign",931.05,931.19,"f"
"PhonAlign",931.19,931.25,"O/"
"PhonAlign",931.25,931.28,"R"
"PhonAlign",931.28,931.36,"m"
"PhonAlign",931.36,931.68,"A/"
"PhonAlign",931.68,931.88,"s"
"PhonAlign",931.88,931.96,"e"
"PhonAlign",931.96,931.99,"R"
"PhonAlign",931.99,932.12,"i"
"PhonAlign",932.12,932.2,"k"
"PhonAlign",932.2,932.23,"O/"
"PhonAlign",932.23,932.28,"m"
"PhonAlign",932.28,932.32,"j"
"PhonAlign",932.32,932.38,"a~"
"PhonAlign",932.38,932.46,"A/"
"PhonAlign",932.46,932.55,"b"
"PhonAlign",932.55,932.59,"O/"
"PhonAlign",932.59,932.72,"k"
"PhonAlign",932.72,932.81,"u"
"PhonAlign",932.81,932.96,"s"
"PhonAlign",932.96,932.99,"y"
"PhonAlign",932.99,933.03,"R"
"PhonAlign",933.03,933.06,"fp"
"PhonAlign",933.06,933.1,"b"
"PhonAlign",933.1,933.19,"U~/"
"PhonAlign",933.19,933.26,"n"
"PhonAlign",933.26,933.29,"E"
"PhonAlign",933.29,933.38,"t"
"PhonAlign",933.38,933.43,"f"
"PhonAlign",933.43,933.46,"l"
"PhonAlign",933.46,933.53,"i"
"PhonAlign",933.53,933.58,"k"
"PhonAlign",933.58,933.66,"s"
"PhonAlign",933.66,933.76,"a~"
"PhonAlign",933.76,933.82,"k"
"PhonAlign",933.82,933.9,"O/"
"PhonAlign",933.9,933.97,"R"
"PhonAlign",933.97,947.18,"#"
"PhonAlign",947.18,947.26,"w"
"PhonAlign",947.26,947.38,"E"
"PhonAlign",947.38,947.43,"i"
"PhonAlign",947.43,947.46,"m"
"PhonAlign",947.46,947.54,"E"
"PhonAlign",947.54,947.57,"t"
"PhonAlign",947.57,947.6,"d"
"PhonAlign",947.6,947.63,"s"
"PhonAlign",947.63,947.66,"e"
"PhonAlign",947.66,947.71,"E"
"PhonAlign",947.71,947.79,"l"
"PhonAlign",947.79,947.86,"i"
"PhonAlign",947.86,947.91,"f"
"PhonAlign",947.91,947.96,"f"
"PhonAlign",947.96,948.08,"a~"
"PhonAlign",948.08,948.11,"Z"
"PhonAlign",948.11,948.21,"E"
"PhonAlign",948.21,948.63,"R"
"PhonAlign",948.63,948.67,"s"
"PhonAlign",948.67,948.76,"s"
"PhonAlign",948.76,948.79,"e"
"PhonAlign",948.79,948.89,"s"
"PhonAlign",948.89,949.07,"E"
"PhonAlign",949.07,949.12,"g"
"PhonAlign",949.12,949.18,"z"
"PhonAlign",949.18,949.23,"A/"
"PhonAlign",949.23,949.29,"k"
"PhonAlign",949.29,949.36,"t"
"PhonAlign",949.36,949.4,"2"
"PhonAlign",949.4,949.43,"m"
"PhonAlign",949.43,949.55,"a~"
"PhonAlign",949.55,949.725,"#"
"PhonAlign",949.725,949.765,"s"
"PhonAlign",949.765,949.805,"e"
"PhonAlign",949.805,949.865,"S"
"PhonAlign",949.865,949.925,"s"
"PhonAlign",949.925,949.965,"p"
"PhonAlign",949.965,950.025,"A/"
"PhonAlign",950.025,950.075,"k"
"PhonAlign",950.075,950.115,"O/"
"PhonAlign",950.115,950.145,"m"
"PhonAlign",950.145,950.175,"a~"
"PhonAlign",950.175,950.225,"O~"
"PhonAlign",950.225,950.255,"d"
"PhonAlign",950.255,950.285,"i"
"PhonAlign",950.285,950.365,"a~"
"PhonAlign",950.365,950.425,"f"
"PhonAlign",950.425,950.495,"R"
"PhonAlign",950.495,950.535,"a~"
"PhonAlign",950.535,950.665,"s"
"PhonAlign",950.665,951.015,"e"
"PhonAlign",951.015,951.75,"laugh"
"PhonAlign",951.75,959.17,"#"
"PhonAlign",959.17,959.22,"w"
"PhonAlign",959.22,959.38,"E"
"PhonAlign",959.38,959.41,"w"
"PhonAlign",959.41,959.545,"E"
"PhonAlign",959.545,960.86,"#"
"PhonAlign",960.86,961.03,"A/"
"PhonAlign",961.03,961.06,"u"
"PhonAlign",961.06,961.21,"i"
"PhonAlign",961.21,961.38,"A/"
"PhonAlign",961.38,961.41,"u"
"PhonAlign",961.41,961.48,"i"
"PhonAlign",961.48,961.58,"s"
"PhonAlign",961.58,961.62,"A/"
"PhonAlign",961.62,961.78,"s"
"PhonAlign",961.78,961.98,"e"
"PhonAlign",961.98,962.37,"fp"
"PhonAlign",962.37,962.51,"s"
"PhonAlign",962.51,962.55,"A/"
"PhonAlign",962.55,962.6,"m"
"PhonAlign",962.6,962.66,"E"
"PhonAlign",962.66,962.71,"n"
"PhonAlign",962.71,962.78,"E"
"PhonAlign",962.78,962.82,"R"
"PhonAlign",962.82,962.86,"v"
"PhonAlign",962.86,962.94,"@"
"PhonAlign",962.94,963.01,"i"
"PhonAlign",963.01,963.07,"m"
"PhonAlign",963.07,963.12,"e"
"PhonAlign",963.12,963.17,"d"
"PhonAlign",963.17,963.21,"j"
"PhonAlign",963.21,963.25,"A/"
"PhonAlign",963.25,963.35,"t"
"PhonAlign",963.35,963.41,"m"
"PhonAlign",963.41,963.5,"a~"
"PhonAlign",963.5,963.59,"k"
"PhonAlign",963.59,963.62,"w"
"PhonAlign",963.62,963.735,"A/"
"PhonAlign",963.735,966.25,"#"
"PhonAlign",966.25,966.29,"w"
"PhonAlign",966.29,966.74,"E"
"PhonAlign",966.74,971.34,"#"
"PhonAlign",971.34,971.49,"s"
"PhonAlign",971.49,971.56,"e"
"PhonAlign",971.56,971.6,"v"
"PhonAlign",971.6,971.63,"R"
"PhonAlign",971.63,971.74,"E"
"PhonAlign",971.74,971.91,"s"
"PhonAlign",971.91,972.04,"s"
"PhonAlign",972.04,972.09,"R"
"PhonAlign",972.09,972.25,"E"
"PhonAlign",972.25,972.34,"d"
"PhonAlign",972.34,972.43,"y"
"PhonAlign",972.43,972.49,"R"
"PhonAlign",972.49,972.6,"f"
"PhonAlign",972.6,972.69,"O/"
"PhonAlign",972.69,972.74,"d"
"PhonAlign",972.74,972.79,"R"
"PhonAlign",972.79,972.82,"E"
"PhonAlign",972.82,972.85,"k"
"PhonAlign",972.85,973.27,"@"
"PhonAlign",973.27,974.42,"#"
"PhonAlign",974.42,974.46,"k"
"PhonAlign",974.46,974.51,"@"
"PhonAlign",974.51,974.59,"Z"
"PhonAlign",974.59,974.69,"k"
"PhonAlign",974.69,974.72,"O/"
"PhonAlign",974.72,974.78,"n"
"PhonAlign",974.78,974.83,"e"
"PhonAlign",974.83,974.9,"p"
"PhonAlign",974.9,974.97,"A/"
"PhonAlign",974.97,975.01,"d"
"PhonAlign",975.01,975.06,"@"
"PhonAlign",975.06,975.2,"s"
"PhonAlign",975.2,975.24,"E"
"PhonAlign",975.24,975.27,"R"
"PhonAlign",975.27,975.36,"i"
"PhonAlign",975.36,975.49,"k"
"PhonAlign",975.49,975.55,"u"
"PhonAlign",975.55,975.59,"R"
"PhonAlign",975.59,975.72,"t"
"PhonAlign",975.72,975.81,"U~/"
"PhonAlign",975.81,975.84,"Z"
"PhonAlign",975.84,975.88,"e"
"PhonAlign",975.88,975.91,"n"
"PhonAlign",975.91,975.94,"e"
"PhonAlign",975.94,975.97,"R"
"PhonAlign",975.97,976.0,"A/"
"PhonAlign",976.0,976.03,"l"
"PhonAlign",976.03,976.06,"m"
"PhonAlign",976.06,976.09,"a~"
"PhonAlign",976.09,976.12,"l"
"PhonAlign",976.12,976.17,"E"
"PhonAlign",976.17,976.32,"s"
"PhonAlign",976.32,976.38,"e"
"PhonAlign",976.38,976.41,"R"
"PhonAlign",976.41,976.63,"i"
"PhonAlign",976.63,976.78,"O~"
"PhonAlign",976.78,977.01,"A/"
"PhonAlign",977.01,977.14,"d"
"PhonAlign",977.14,977.18,"u"
"PhonAlign",977.18,977.21,"z"
"PhonAlign",977.21,977.39,"s"
"PhonAlign",977.39,977.44,"E"
"PhonAlign",977.44,977.57,"z"
"PhonAlign",977.57,977.69,"O~"
"PhonAlign",977.69,977.78,"s"
"PhonAlign",977.78,977.82,"e"
"PhonAlign",977.82,977.92,"s"
"PhonAlign",977.92,978.01,"a~"
"PhonAlign",978.01,978.14,"f"
"PhonAlign",978.14,978.325,"U~/"
"PhonAlign",978.325,986.71,"#"
"PhonAlign",986.71,986.82,"A/"
"PhonAlign",986.82,986.85,"w"
"PhonAlign",986.85,986.9,"E"
"PhonAlign",986.9,986.93,"m"
"PhonAlign",986.93,986.98,"e"
"PhonAlign",986.98,987.09,"z"
"PhonAlign",987.09,987.2,"l"
"PhonAlign",987.2,987.47,"A/"
"PhonAlign",987.47,987.5,"i"
"PhonAlign",987.5,987.58,"l"
"PhonAlign",987.58,987.62,"f"
"PhonAlign",987.62,987.65,"O/"
"PhonAlign",987.65,987.68,"d"
"PhonAlign",987.68,987.78,"R"
"PhonAlign",987.78,987.85,"E"
"PhonAlign",987.85,987.89,"t"
"PhonAlign",987.89,987.96,"f"
"PhonAlign",987.96,988.01,"E"
"PhonAlign",988.01,988.26,"R"
"PhonAlign",988.26,988.29,"U~/"
"PhonAlign",988.29,988.39,"e"
"PhonAlign",988.39,988.44,"p"
"PhonAlign",988.44,988.5,"i"
"PhonAlign",988.5,988.59,"z"
"PhonAlign",988.59,988.64,"O/"
"PhonAlign",988.64,988.7,"d"
"PhonAlign",988.7,988.8,"p"
"PhonAlign",988.8,988.89,"A/"
"PhonAlign",988.89,988.92,"R"
"PhonAlign",988.92,989.07,"Z"
"PhonAlign",989.07,989.46,"u"
"PhonAlign",989.46,989.95,"R"
"PhonAlign",989.95,991.72,"#"
"PhonAlign",991.72,991.79,"a~"
"PhonAlign",991.79,991.88,"p"
"PhonAlign",991.88,991.91,"l"
"PhonAlign",991.91,991.94,"y"
"PhonAlign",991.94,992.08,"s"
"PhonAlign",992.08,992.315,"fp"
"PhonAlign",992.315,993.075,"#"
"PhonAlign",993.075,993.165,"j"
"PhonAlign",993.165,993.225,"A/"
"PhonAlign",993.225,993.255,"i"
"PhonAlign",993.255,993.325,"l"
"PhonAlign",993.325,993.425,"i"
"PhonAlign",993.425,993.495,"A/"
"PhonAlign",993.495,993.575,"k"
"PhonAlign",993.575,993.605,"w"
"PhonAlign",993.605,993.635,"A/"
"PhonAlign",993.635,993.715,"k"
"PhonAlign",993.715,993.745,"O/"
"PhonAlign",993.745,993.805,"m"
"PhonAlign",993.805,993.955,"s"
"PhonAlign",993.955,993.985,"e"
"PhonAlign",993.985,994.015,"R"
"PhonAlign",994.015,994.125,"i"
"PhonAlign",994.125,994.195,"d"
"PhonAlign",994.195,994.485,"@"
"PhonAlign",994.485,994.595,"A/"
"PhonAlign",994.595,995.065,"k"
"PhonAlign",995.065,995.205,"s"
"PhonAlign",995.205,995.235,"j"
"PhonAlign",995.235,995.325,"O~"
"PhonAlign",995.325,995.355,"A/"
"PhonAlign",995.355,995.395,"v"
"PhonAlign",995.395,995.485,"a~"
"PhonAlign",995.485,995.645,"t"
"PhonAlign",995.645,995.675,"y"
"PhonAlign",995.675,995.895,"R"
"PhonAlign",995.895,999.235,"#"
"PhonAlign",999.235,999.275,"b"
"PhonAlign",999.275,999.315,"E"
"PhonAlign",999.315,999.425,"s"
"PhonAlign",999.425,999.455,"e"
"PhonAlign",999.455,999.585,"s"
"PhonAlign",999.585,999.73,"A/"
"PhonAlign",999.73,1000.27,"#"
"PhonAlign",1000.27,1000.31,"d"
"PhonAlign",1000.31,1000.39,"O~"
"PhonAlign",1000.39,1000.53,"k"
"PhonAlign",1000.53,1000.56,"O~"
"PhonAlign",1000.56,1000.59,"n"
"PhonAlign",1000.59,1000.87,"A/"
"PhonAlign",1000.87,1000.99,"p"
"PhonAlign",1000.99,1001.03,"A/"
"PhonAlign",1001.03,1001.07,"t"
"PhonAlign",1001.07,1001.11,"R"
"PhonAlign",1001.11,1001.17,"O/"
"PhonAlign",1001.17,1001.23,"s"
"PhonAlign",1001.23,1001.28,"p"
"PhonAlign",1001.28,1001.31,"R"
"PhonAlign",1001.31,1001.37,"O/"
"PhonAlign",1001.37,1001.4,"b"
"PhonAlign",1001.4,1001.43,"l"
"PhonAlign",1001.43,1001.51,"E"
"PhonAlign",1001.51,1001.54,"m"
"PhonAlign",1001.54,1001.57,"d"
"PhonAlign",1001.57,1001.63,"y"
"PhonAlign",1001.63,1001.71,"k"
"PhonAlign",1001.71,1001.85,"u"
"PhonAlign",1001.85,1003.88,"#"
"PhonAlign",1003.88,1003.92,"b"
"PhonAlign",1003.92,1003.97,"E"
"PhonAlign",1003.97,1004.03,"b"
"PhonAlign",1004.03,1004.23,"E"
"PhonAlign",1004.23,1004.3,"m"
"PhonAlign",1004.3,1004.33,"w"
"PhonAlign",1004.33,1004.37,"A/"
"PhonAlign",1004.37,1004.45,"Z"
"PhonAlign",1004.45,1004.48,"@"
"PhonAlign",1004.48,1004.59,"s"
"PhonAlign",1004.59,1004.63,"y"
"PhonAlign",1004.63,1004.66,"i"
"PhonAlign",1004.66,1004.69,"d"
"PhonAlign",1004.69,1004.72,"A/"
"PhonAlign",1004.72,1004.84,"k"
"PhonAlign",1004.84,1004.9,"O/"
"PhonAlign",1004.9,1005.025,"R"
"PhonAlign",1005.025,1005.44,"#"
"PhonAlign",1005.44,1005.79,"m"
"PhonAlign",1005.79,1005.845,"m"
"PhonAlign",1005.845,1006.365,"#"
"PhonAlign",1006.365,1006.435,"m"
"PhonAlign",1006.435,1006.465,"w"
"PhonAlign",1006.465,1006.515,"A/"
"PhonAlign",1006.515,1006.585,"k"
"PhonAlign",1006.585,1006.635,"a~"
"PhonAlign",1006.635,1006.695,"O~"
"PhonAlign",1006.695,1006.785,"k"
"PhonAlign",1006.785,1006.835,"O/"
"PhonAlign",1006.835,1006.875,"m"
"PhonAlign",1006.875,1007.225,"a~"
"PhonAlign",1007.225,1007.275,"t"
"PhonAlign",1007.275,1007.365,"O~"
"PhonAlign",1007.365,1007.525,"n"
"PhonAlign",1007.525,1007.645,"k"
"PhonAlign",1007.645,1007.695,"O~"
"PhonAlign",1007.695,1007.785,"s"
"PhonAlign",1007.785,1007.815,"E"
"PhonAlign",1007.815,1007.845,"j"
"PhonAlign",1007.845,1007.875,"y"
"PhonAlign",1007.875,1007.905,"n"
"PhonAlign",1007.905,1008.015,"s"
"PhonAlign",1008.015,1008.065,"e"
"PhonAlign",1008.065,1008.095,"R"
"PhonAlign",1008.095,1008.125,"i"
"PhonAlign",1008.125,1008.215,"s"
"PhonAlign",1008.215,1008.245,"y"
"PhonAlign",1008.245,1008.275,"R"
"PhonAlign",1008.275,1008.305,"n"
"PhonAlign",1008.305,1008.355,"E"
"PhonAlign",1008.355,1008.445,"t"
"PhonAlign",1008.445,1008.505,"f"
"PhonAlign",1008.505,1008.535,"l"
"PhonAlign",1008.535,1008.575,"i"
"PhonAlign",1008.575,1008.605,"k"
"PhonAlign",1008.605,1008.635,"s"
"PhonAlign",1008.635,1008.775,"e"
"PhonAlign",1008.775,1008.815,"Z"
"PhonAlign",1008.815,1008.845,"v"
"PhonAlign",1008.845,1008.885,"w"
"PhonAlign",1008.885,1008.945,"A/"
"PhonAlign",1008.945,1009.045,"k"
"PhonAlign",1009.045,1009.085,"j"
"PhonAlign",1009.085,1009.275,"A/"
"PhonAlign",1009.275,1009.425,"s"
"PhonAlign",1009.425,1009.485,"U~/"
"PhonAlign",1009.485,1009.635,"s"
"PhonAlign",1009.635,1009.675,"E"
"PhonAlign",1009.675,1009.735,"z"
"PhonAlign",1009.735,1009.895,"O~"
"PhonAlign",1009.895,1010.17,"#"
"PhonAlign",1010.17,1010.25,"d"
"PhonAlign",1010.25,1010.31,"@"
"PhonAlign",1010.31,1010.37,"d"
"PhonAlign",1010.37,1010.42,"u"
"PhonAlign",1010.42,1010.47,"z"
"PhonAlign",1010.47,1010.53,"e"
"PhonAlign",1010.53,1010.59,"p"
"PhonAlign",1010.59,1010.64,"i"
"PhonAlign",1010.64,1010.68,"z"
"PhonAlign",1010.68,1010.74,"O/"
"PhonAlign",1010.74,1010.78,"d"
"PhonAlign",1010.78,1010.87,"S"
"PhonAlign",1010.87,1010.9,"A/"
"PhonAlign",1010.9,1011.02,"k"
"PhonAlign",1011.02,1011.05,"y"
"PhonAlign",1011.05,1011.1,"n"
"PhonAlign",1011.1,1011.2,"Z"
"PhonAlign",1011.2,1011.26,"@"
"PhonAlign",1011.26,1011.29,"d"
"PhonAlign",1011.29,1011.32,"i"
"PhonAlign",1011.32,1011.39,"z"
"PhonAlign",1011.39,1011.43,"n"
"PhonAlign",1011.43,1011.555,"a~"
"PhonAlign",1011.555,1012.465,"#"
"PhonAlign",1012.465,1012.505,"Z"
"PhonAlign",1012.505,1012.575,"i"
"PhonAlign",1012.575,1012.625,"e"
"PhonAlign",1012.625,1012.695,"p"
"PhonAlign",1012.695,1012.755,"A/"
"PhonAlign",1012.755,1012.785,"l"
"PhonAlign",1012.785,1012.935,"t"
"PhonAlign",1012.935,1013.065,"a~"
"PhonAlign",1013.065,1013.325,"#"
"PhonAlign",1013.325,1014.26179,"laugh"
"PhonAlign",1014.26179,1015.355,"#"
"PhonAlign",1015.355,1015.985,"fp"
"PhonAlign",1015.985,1017.425,"#"
"PhonAlign",1017.425,1017.605,"v"
"PhonAlign",1017.605,1017.635,"l"
"PhonAlign",1017.635,1017.895,"A/"
"PhonAlign",1017.895,1019.14,"#"
"PhonAlign",1019.14,1019.89,"fp"
"PhonAlign",1019.89,1020.0,"m"
"PhonAlign",1020.0,1020.07,"A/"
"PhonAlign",1020.07,1020.14,"p"
"PhonAlign",1020.14,1020.18,"R"
"PhonAlign",1020.18,1020.57,"E"
"PhonAlign",1020.57,1020.74,"s"
"PhonAlign",1020.74,1020.77,"e"
"PhonAlign",1020.77,1020.8,"v"
"PhonAlign",1020.8,1020.83,"R"
"PhonAlign",1020.83,1020.87,"E"
"PhonAlign",1020.87,1020.96,"k"
"PhonAlign",1020.96,1021.0,"@"
"PhonAlign",1021.0,1021.09,"k"
"PhonAlign",1021.09,1021.13,"a~"
"PhonAlign",1021.13,1021.2,"O~"
"PhonAlign",1021.2,1021.26,"p"
"PhonAlign",1021.26,1021.29,"A/"
"PhonAlign",1021.29,1021.32,"R"
"PhonAlign",1021.32,1021.35,"l"
"PhonAlign",1021.35,1021.42,"e"
"PhonAlign",1021.42,1021.47,"t"
"PhonAlign",1021.47,1021.58,"s"
"PhonAlign",1021.58,1021.61,"y"
"PhonAlign",1021.61,1021.69,"p"
"PhonAlign",1021.69,1021.73,"e"
"PhonAlign",1021.73,1021.76,"j"
"PhonAlign",1021.76,1021.88,"E"
"PhonAlign",1021.88,1021.93,"R"
"PhonAlign",1021.93,1022.31,"O/"
"PhonAlign",1022.31,1022.51,"E"
"PhonAlign",1022.51,1022.65,"A/"
"PhonAlign",1022.65,1022.69,"v"
"PhonAlign",1022.69,1022.81,"a~"
"PhonAlign",1022.81,1022.9,"t"
"PhonAlign",1022.9,1022.93,"y"
"PhonAlign",1022.93,1022.97,"R"
"PhonAlign",1022.97,1023.07,"s"
"PhonAlign",1023.07,1023.13,"A/"
"PhonAlign",1023.13,1023.23,"s"
"PhonAlign",1023.23,1023.28,"R"
"PhonAlign",1023.28,1023.32,"2"
"PhonAlign",1023.32,1023.39,"Z"
"PhonAlign",1023.39,1023.44,"w"
"PhonAlign",1023.44,1023.48,"U~/"
"PhonAlign",1023.48,1023.57,"b"
"PhonAlign",1023.57,1023.64,"O/"
"PhonAlign",1023.64,1023.76,"k"
"PhonAlign",1023.76,1023.8,"u"
"PhonAlign",1023.8,1023.83,"d"
"PhonAlign",1023.83,1023.91,"y"
"PhonAlign",1023.91,1024.05,"k"
"PhonAlign",1024.05,1024.18,"u"
"PhonAlign",1024.18,1024.44,"E"
"PhonAlign",1024.44,1024.53,"s"
"PhonAlign",1024.53,1024.61,"k"
"PhonAlign",1024.61,1024.65,"@"
"PhonAlign",1024.65,1024.72,"l"
"PhonAlign",1024.72,1024.9,"@"
"PhonAlign",1024.9,1025.06,"Z"
"PhonAlign",1025.06,1025.17,"a~"
"PhonAlign",1025.17,1025.25,"R"
"PhonAlign",1025.25,1025.655,"@"
"PhonAlign",1025.655,1026.265,"#"
"PhonAlign",1026.265,1026.3950000000002,"A/"
"PhonAlign",1026.3950000000002,1026.4350000000002,"v"
"PhonAlign",1026.4350000000002,1026.555,"a~"
"PhonAlign",1026.555,1026.6950000000002,"t"
"PhonAlign",1026.6950000000002,1026.745,"y"
"PhonAlign",1026.745,1026.775,"R"
"PhonAlign",1026.775,1027.025,"i"
"PhonAlign",1027.025,1027.135,"U~/"
"PhonAlign",1027.135,1027.225,"t"
"PhonAlign",1027.225,1027.265,"E"
"PhonAlign",1027.265,1027.295,"R"
"PhonAlign",1027.295,1027.3950000000002,"A/"
"PhonAlign",1027.3950000000002,1027.535,"Z"
"PhonAlign",1027.535,1027.575,"i"
"PhonAlign",1027.575,1027.605,"A/"
"PhonAlign",1027.605,1027.6550000000002,"v"
"PhonAlign",1027.6550000000002,1027.725,"E"
"PhonAlign",1027.725,1027.765,"k"
"PhonAlign",1027.765,1027.845,"d"
"PhonAlign",1027.845,1027.9050000000002,"O/"
"PhonAlign",1027.9050000000002,1027.975,"t"
"PhonAlign",1027.975,1028.005,"R"
"PhonAlign",1028.005,1028.035,"@"
"PhonAlign",1028.035,1028.065,"Z"
"PhonAlign",1028.065,1028.1550000000002,"a~"
"PhonAlign",1028.1550000000002,1028.19,"R"
"PhonAlign",1028.19,1029.115,"#"
"PhonAlign",1029.115,1029.165,"m"
"PhonAlign",1029.165,1029.255,"p"
"PhonAlign",1029.255,1029.315,"A/"
"PhonAlign",1029.315,1029.365,"f"
"PhonAlign",1029.365,1029.415,"O/"
"PhonAlign",1029.415,1029.445,"R"
"PhonAlign",1029.445,1029.515,"s"
"PhonAlign",1029.515,1029.545,"E"
"PhonAlign",1029.545,1029.585,"m"
"PhonAlign",1029.585,1029.655,"a~"
"PhonAlign",1029.655,1029.765,"s"
"PhonAlign",1029.765,1029.815,"2"
"PhonAlign",1029.815,1029.895,"k"
"PhonAlign",1029.895,1029.935,"O~"
"PhonAlign",1029.935,1029.985,"n"
"PhonAlign",1029.985,1030.035,"A/"
"PhonAlign",1030.035,1030.185,"s"
"PhonAlign",1030.185,1030.215,"i"
"PhonAlign",1030.215,1030.305,"t"
"PhonAlign",1030.305,1030.4,"e"
"PhonAlign",1030.4,1035.38,"#"
"PhonAlign",1035.38,1035.44,"s"
"PhonAlign",1035.44,1035.47,"A/"
"PhonAlign",1035.47,1035.5800000000002,"p"
"PhonAlign",1035.5800000000002,1035.63,"@"
"PhonAlign",1035.63,1035.75,"f"
"PhonAlign",1035.75,1035.7900000000002,"E"
"PhonAlign",1035.7900000000002,1035.8200000000002,"R"
"PhonAlign",1035.8200000000002,1035.92,"U~/"
"PhonAlign",1035.92,1036.0400000000002,"p"
"PhonAlign",1036.0400000000002,1036.5,"2"
"PhonAlign",1036.5,1036.61,"O/"
"PhonAlign",1036.61,1036.68,"R"
"PhonAlign",1036.68,1036.74,"9"
"PhonAlign",1036.74,1036.7700000000002,"R"
"PhonAlign",1036.7700000000002,1036.94,"O/"
"PhonAlign",1036.94,1037.0700000000002,"s"
"PhonAlign",1037.0700000000002,1037.19,"i"
"PhonAlign",1037.19,1037.22,"Z"
"PhonAlign",1037.22,1037.25,"d"
"PhonAlign",1037.25,1037.2800000000002,"i"
"PhonAlign",1037.2800000000002,1037.3100000000002,"R"
"PhonAlign",1037.3100000000002,1037.48,"E"
"PhonAlign",1037.48,1037.5800000000002,"u"
"PhonAlign",1037.5800000000002,1037.69,"s"
"PhonAlign",1037.69,1037.73,"y"
"PhonAlign",1037.73,1037.86,"s"
"PhonAlign",1037.86,1037.95,"p"
"PhonAlign",1037.95,1038.0800000000002,"a~"
"PhonAlign",1038.0800000000002,1038.19,"z"
"PhonAlign",1038.19,1038.95,"#"
"PhonAlign",1038.95,1039.31,"noise"
"PhonAlign",1039.31,1044.22,"#"
"PhonAlign",1044.22,1044.26,"s"
"PhonAlign",1044.26,1044.29,"e"
"PhonAlign",1044.29,1044.32,"y"
"PhonAlign",1044.32,1044.35,"n"
"PhonAlign",1044.35,1044.42,"@"
"PhonAlign",1044.42,1044.9,"k"
"PhonAlign",1044.9,1044.95,"O/"
"PhonAlign",1044.95,1045.01,"m"
"PhonAlign",1045.01,1045.07,"e"
"PhonAlign",1045.07,1045.15,"d"
"PhonAlign",1045.15,1045.25,"i"
"PhonAlign",1045.25,1045.35,"Z"
"PhonAlign",1045.35,1045.39,"E"
"PhonAlign",1045.39,1045.6,"d"
"PhonAlign",1045.6,1045.74,"i"
"PhonAlign",1045.74,1045.8,"A/"
"PhonAlign",1045.8,1045.86,"m"
"PhonAlign",1045.86,1045.89,"w"
"PhonAlign",1045.89,1045.96,"A/"
"PhonAlign",1045.96,1046.11,"t"
"PhonAlign",1046.11,1046.14,"j"
"PhonAlign",1046.14,1046.23,"e"
"PhonAlign",1046.23,1046.26,"v"
"PhonAlign",1046.26,1046.3,"R"
"PhonAlign",1046.3,1046.36,"E"
"PhonAlign",1046.36,1046.42,"m"
"PhonAlign",1046.42,1046.75,"a~"
"PhonAlign",1046.75,1046.87,"t"
"PhonAlign",1046.87,1046.9,"u"
"PhonAlign",1046.9,1047.1,"t"
"PhonAlign",1047.1,1047.13,"l"
"PhonAlign",1047.13,1047.17,"E"
"PhonAlign",1047.17,1047.23,"b"
"PhonAlign",1047.23,1047.26,"l"
"PhonAlign",1047.26,1047.33,"A/"
"PhonAlign",1047.33,1047.39,"g"
"PhonAlign",1047.39,1047.5,"k"
"PhonAlign",1047.5,1047.57,"i"
"PhonAlign",1047.57,1047.69,"f"
"PhonAlign",1047.69,1047.75,"O~"
"PhonAlign",1047.75,1047.78,"m"
"PhonAlign",1047.78,1047.81,"w"
"PhonAlign",1047.81,1047.87,"A/"
"PhonAlign",1047.87,1047.95,"Z"
"PhonAlign",1047.95,1048.0,"E"
"PhonAlign",1048.0,1048.08,"m"
"PhonAlign",1048.08,1048.12,"b"
"PhonAlign",1048.12,1048.16,"j"
"PhonAlign",1048.16,1048.25,"U~/"
"PhonAlign",1048.25,1048.345,"n"
"PhonAlign",1048.345,1051.2,"#"
"PhonAlign",1051.2,1051.41,"A/"
"PhonAlign",1051.41,1051.46,"m"
"PhonAlign",1051.46,1051.52,"w"
"PhonAlign",1051.52,1051.56,"A/"
"PhonAlign",1051.56,1051.59,"O/"
"PhonAlign",1051.59,1051.89,"s"
"PhonAlign",1051.89,1052.03,"i"
"PhonAlign",1052.03,1052.612151,"laugh"
"PhonAlign",1052.612151,1058.595,"#"
"PhonAlign",1058.595,1058.645,"w"
"PhonAlign",1058.645,1058.745,"E"
"PhonAlign",1058.745,1058.775,"w"
"PhonAlign",1058.775,1059.02,"E"
"PhonAlign",1059.02,1064.035,"#"
"PhonAlign",1064.035,1064.075,"b"
"PhonAlign",1064.075,1064.255,"E"
"PhonAlign",1064.255,1064.4150000000002,"s"
"PhonAlign",1064.4150000000002,1064.545,"A/"
"PhonAlign",1064.545,1064.625,"S"
"PhonAlign",1064.625,1064.6650000000002,"p"
"PhonAlign",1064.6650000000002,1064.745,"a~"
"PhonAlign",1064.745,1064.775,"s"
"PhonAlign",1064.775,1064.835,"k"
"PhonAlign",1064.835,1064.9450000000002,"s"
"PhonAlign",1064.9450000000002,1065.015,"A/"
"PhonAlign",1065.015,1065.045,"l"
"PhonAlign",1065.045,1065.095,"9"
"PhonAlign",1065.095,1065.125,"R"
"PhonAlign",1065.125,1065.155,"R"
"PhonAlign",1065.155,1065.235,"a~"
"PhonAlign",1065.235,1065.365,"p"
"PhonAlign",1065.365,1065.395,"l"
"PhonAlign",1065.395,1065.635,"y"
"PhonAlign",1065.635,1065.7050000000002,"s"
"PhonAlign",1065.7050000000002,1065.815,"A/"
"PhonAlign",1065.815,1065.865,"k"
"PhonAlign",1065.865,1065.9450000000002,"s"
"PhonAlign",1065.9450000000002,1065.985,"E"
"PhonAlign",1065.985,1066.125,"s"
"PhonAlign",1066.125,1066.1650000000002,"i"
"PhonAlign",1066.1650000000002,1066.2050000000002,"b"
"PhonAlign",1066.2050000000002,1066.235,"l"
"PhonAlign",1066.235,1066.275,"O/"
"PhonAlign",1066.275,1066.355,"z"
"PhonAlign",1066.355,1066.465,"a~"
"PhonAlign",1066.465,1066.575,"f"
"PhonAlign",1066.575,1066.6650000000002,"a~"
"PhonAlign",1066.6650000000002,1066.795,"s"
"PhonAlign",1066.795,1066.825,"e"
"PhonAlign",1066.825,1066.9250000000002,"p"
"PhonAlign",1066.9250000000002,1067.025,"A/"
"PhonAlign",1067.025,1067.1750000000002,"t"
"PhonAlign",1067.1750000000002,1067.305,"R"
"PhonAlign",1067.305,1067.405,"O/"
"PhonAlign",1067.405,1067.585,"s"
"PhonAlign",1067.585,1067.655,"E"
"PhonAlign",1067.655,1067.745,"R"
"PhonAlign",1067.745,1067.885,"j"
"PhonAlign",1067.885,1067.9450000000002,"@"
"PhonAlign",1067.9450000000002,1068.055,"u"
"PhonAlign",1068.055,1068.155,"t"
"PhonAlign",1068.155,1068.285,"R"
"PhonAlign",1068.285,1068.335,"O/"
"PhonAlign",1068.335,1068.505,"s"
"PhonAlign",1068.505,1068.6750000000002,"O~"
"PhonAlign",1068.6750000000002,1068.715,"b"
"PhonAlign",1068.715,1068.745,"R"
"PhonAlign",1068.745,1068.835,"k"
"PhonAlign",1068.835,1068.865,"O/"
"PhonAlign",1068.865,1068.975,"m"
"PhonAlign",1068.975,1069.095,"@"
"PhonAlign",1069.095,1069.155,"b"
"PhonAlign",1069.155,1069.245,"E"
"PhonAlign",1069.245,1069.275,"l"
"PhonAlign",1069.275,1069.365,"e"
"PhonAlign",1069.365,1069.545,"f"
"PhonAlign",1069.545,1069.585,"i"
"PhonAlign",1069.585,1069.615,"l"
"PhonAlign",1069.615,1069.6650000000002,"m"
"PhonAlign",1069.6650000000002,1069.715,"b"
"PhonAlign",1069.715,1069.785,"A/"
"PhonAlign",1069.785,1069.885,"t"
"PhonAlign",1069.885,1069.9350000000002,"m"
"PhonAlign",1069.9350000000002,1069.995,"A/"
"PhonAlign",1069.995,1070.075,"n"
"PhonAlign",1070.075,1070.1850000000002,"p"
"PhonAlign",1070.1850000000002,1070.215,"A/"
"PhonAlign",1070.215,1070.245,"R"
"PhonAlign",1070.245,1070.295,"E"
"PhonAlign",1070.295,1070.325,"g"
"PhonAlign",1070.325,1070.375,"z"
"PhonAlign",1070.375,1070.4350000000002,"a~"
"PhonAlign",1070.4350000000002,1070.465,"p"
"PhonAlign",1070.465,1070.495,"l"
"PhonAlign",1070.495,1070.615,"k"
"PhonAlign",1070.615,1070.745,"s"
"PhonAlign",1070.745,1071.1,"O~"
"PhonAlign",1071.1,1071.52,"#"
"PhonAlign",1071.52,1071.69,"t"
"PhonAlign",1071.69,1071.78,"R"
"PhonAlign",1071.78,1072.14,"e"
"PhonAlign",1072.14,1072.22,"t"
"PhonAlign",1072.22,1072.28,"R"
"PhonAlign",1072.28,1072.4,"i"
"PhonAlign",1072.4,1072.52,"s"
"PhonAlign",1072.52,1072.63,"t"
"PhonAlign",1072.63,1072.795,"z"
"PhonAlign",1072.795,1073.355,"#"
"PhonAlign",1073.355,1073.405,"s"
"PhonAlign",1073.405,1073.435,"p"
"PhonAlign",1073.435,1073.465,"i"
"PhonAlign",1073.465,1073.525,"d"
"PhonAlign",1073.525,1073.645,"m"
"PhonAlign",1073.645,1073.705,"A/"
"PhonAlign",1073.705,1073.745,"n"
"PhonAlign",1073.745,1073.825,"i"
"PhonAlign",1073.825,1073.855,"e"
"PhonAlign",1073.855,1073.925,"p"
"PhonAlign",1073.925,1073.955,"l"
"PhonAlign",1073.955,1073.985,"y"
"PhonAlign",1073.985,1074.115,"t"
"PhonAlign",1074.115,1074.405,"O/"
"PhonAlign",1074.405,1074.9,"#"
"PhonAlign",1074.9,1074.95,"f"
"PhonAlign",1074.95,1075.15,"U~/"
"PhonAlign",1075.15,1075.26,"n"
"PhonAlign",1075.26,1075.4,"E"
"PhonAlign",1075.4,1075.46,"i"
"PhonAlign",1075.46,1075.49,"A/"
"PhonAlign",1075.49,1075.5300000000002,"t"
"PhonAlign",1075.5300000000002,1075.61,"u"
"PhonAlign",1075.61,1075.72,"Z"
"PhonAlign",1075.72,1075.76,"u"
"PhonAlign",1075.76,1075.7900000000002,"R"
"PhonAlign",1075.7900000000002,1075.8200000000002,"d"
"PhonAlign",1075.8200000000002,1075.89,"E"
"PhonAlign",1075.89,1075.92,"b"
"PhonAlign",1075.92,1075.95,"l"
"PhonAlign",1075.95,1076.02,"A/"
"PhonAlign",1076.02,1076.0600000000002,"g"
"PhonAlign",1076.0600000000002,1076.14,"s"
"PhonAlign",1076.14,1076.17,"e"
"PhonAlign",1076.17,1076.2,"v"
"PhonAlign",1076.2,1076.23,"R"
"PhonAlign",1076.23,1076.27,"e"
"PhonAlign",1076.27,1076.3100000000002,"k"
"PhonAlign",1076.3100000000002,1076.42,"s"
"PhonAlign",1076.42,1076.74,"e"
"PhonAlign",1076.74,1076.84,"S"
"PhonAlign",1076.84,1076.88,"m"
"PhonAlign",1076.88,1076.94,"O~"
"PhonAlign",1076.94,1076.97,"t"
"PhonAlign",1076.97,1077.0,"R"
"PhonAlign",1077.0,1077.0300000000002,"2"
"PhonAlign",1077.0300000000002,1077.0600000000002,"R"
"PhonAlign",1077.0600000000002,1077.1,"E"
"PhonAlign",1077.1,1077.18,"p"
"PhonAlign",1077.18,1077.25,"A/"
"PhonAlign",1077.25,1077.36,"s"
"PhonAlign",1077.36,1077.69,"A/"
"PhonAlign",1077.69,1078.0800000000002,"#"
"PhonAlign",1078.0800000000002,1078.11,"A/"
"PhonAlign",1078.11,1078.16,"m"
"PhonAlign",1078.16,1078.25,"A/"
"PhonAlign",1078.25,1078.3100000000002,"p"
"PhonAlign",1078.3100000000002,1078.38,"t"
"PhonAlign",1078.38,1078.43,"i"
"PhonAlign",1078.43,1078.48,"t"
"PhonAlign",1078.48,1078.59,"s"
"PhonAlign",1078.59,1078.7,"9"
"PhonAlign",1078.7,1078.7800000000002,"R"
"PhonAlign",1078.7800000000002,1078.84,"b"
"PhonAlign",1078.84,1078.91,"A/"
"PhonAlign",1078.91,1079.0400000000002,"t"
"PhonAlign",1079.0400000000002,1079.0700000000002,"m"
"PhonAlign",1079.0700000000002,1079.12,"A/"
"PhonAlign",1079.12,1079.16,"n"
"PhonAlign",1079.16,1079.25,"S"
"PhonAlign",1079.25,1079.3000000000002,"p"
"PhonAlign",1079.3000000000002,1079.36,"a~"
"PhonAlign",1079.36,1079.43,"s"
"PhonAlign",1079.43,1079.49,"k"
"PhonAlign",1079.49,1079.5300000000002,"E"
"PhonAlign",1079.5300000000002,1079.63,"s"
"PhonAlign",1079.63,1079.7,"a~"
"PhonAlign",1079.7,1079.75,"d"
"PhonAlign",1079.75,1079.8200000000002,"O/"
"PhonAlign",1079.8200000000002,1079.85,"R"
"PhonAlign",1079.85,1079.92,"m"
"PhonAlign",1079.92,1079.98,"i"
"PhonAlign",1079.98,1080.0300000000002,"R"
"PhonAlign",1080.0300000000002,1080.22,"E"
"PhonAlign",1080.22,1080.35,"u"
"PhonAlign",1080.35,1080.42,"E"
"PhonAlign",1080.42,1080.52,"s"
"PhonAlign",1080.52,1080.5700000000002,"R"
"PhonAlign",1080.5700000000002,1080.72,"E"
"PhonAlign",1080.72,1080.84,"a~"
"PhonAlign",1080.84,1080.89,"d"
"PhonAlign",1080.89,1080.93,"E"
"PhonAlign",1080.93,1080.98,"p"
"PhonAlign",1080.98,1081.0400000000002,"R"
"PhonAlign",1081.0400000000002,1081.09,"E"
"PhonAlign",1081.09,1081.2,"s"
"PhonAlign",1081.2,1081.23,"j"
"PhonAlign",1081.23,1081.315,"O~"
"PhonAlign",1081.315,1082.1,"#"
"PhonAlign",1082.1,1082.1899999999998,"d"
"PhonAlign",1082.1899999999998,1082.23,"O~"
"PhonAlign",1082.23,1082.32,"v"
"PhonAlign",1082.32,1082.35,"l"
"PhonAlign",1082.35,1082.55,"A/"
"PhonAlign",1082.55,1083.53,"#"
"PhonAlign",1083.53,1084.33,"fp"
"PhonAlign",1084.33,1084.67,"#"
"PhonAlign",1084.67,1084.74,"A/"
"PhonAlign",1084.74,1084.8300000000002,"p"
"PhonAlign",1084.8300000000002,1084.89,"A/"
"PhonAlign",1084.89,1084.93,"R"
"PhonAlign",1084.93,1084.98,"d"
"PhonAlign",1084.98,1085.01,"Z"
"PhonAlign",1085.01,1085.0600000000002,"y"
"PhonAlign",1085.0600000000002,1085.12,"m"
"PhonAlign",1085.12,1085.24,"a~"
"PhonAlign",1085.24,1085.39,"Z"
"PhonAlign",1085.39,1085.71,"i"
"PhonAlign",1085.71,1085.75,"d"
"PhonAlign",1085.75,1085.8000000000002,"y"
"PhonAlign",1085.8000000000002,1085.9,"k"
"PhonAlign",1085.9,1085.95,"u"
"PhonAlign",1085.95,1085.98,"d"
"PhonAlign",1085.98,1086.0800000000002,"a~"
"PhonAlign",1086.0800000000002,1086.11,"l"
"PhonAlign",1086.11,1086.18,"@"
"PhonAlign",1086.18,1086.26,"Z"
"PhonAlign",1086.26,1086.3100000000002,"a~"
"PhonAlign",1086.3100000000002,1086.34,"R"
"PhonAlign",1086.34,1086.43,"A/"
"PhonAlign",1086.43,1086.46,"v"
"PhonAlign",1086.46,1086.5800000000002,"a~"
"PhonAlign",1086.5800000000002,1086.73,"t"
"PhonAlign",1086.73,1086.8100000000002,"y"
"PhonAlign",1086.8100000000002,1086.87,"R"
"PhonAlign",1086.87,1086.95,"i"
"PhonAlign",1086.95,1087.01,"A/"
"PhonAlign",1087.01,1087.09,"k"
"PhonAlign",1087.09,1087.12,"w"
"PhonAlign",1087.12,1087.16,"A/"
"PhonAlign",1087.16,1087.27,"k"
"PhonAlign",1087.27,1087.3000000000002,"O/"
"PhonAlign",1087.3000000000002,1087.41,"m"
"PhonAlign",1087.41,1087.47,"@"
"PhonAlign",1087.47,1087.79,"f"
"PhonAlign",1087.79,1087.85,"i"
"PhonAlign",1087.85,1087.88,"l"
"PhonAlign",1087.88,1087.94,"m"
"PhonAlign",1087.94,1088.0,"u"
"PhonAlign",1088.0,1088.15,"s"
"PhonAlign",1088.15,1088.23,"e"
"PhonAlign",1088.23,1088.26,"R"
"PhonAlign",1088.26,1088.3200000000002,"i"
"PhonAlign",1088.3200000000002,1088.45,"k"
"PhonAlign",1088.45,1088.52,"i"
"PhonAlign",1088.52,1088.5500000000002,"e"
"PhonAlign",1088.5500000000002,1088.5800000000002,"l"
"PhonAlign",1088.5800000000002,1088.92,"@"
"PhonAlign",1088.92,1089.0600000000002,"p"
"PhonAlign",1089.0600000000002,1089.09,"l"
"PhonAlign",1089.09,1089.15,"y"
"PhonAlign",1089.15,1089.28,"k"
"PhonAlign",1089.28,1089.3100000000002,"O/"
"PhonAlign",1089.3100000000002,1089.38,"n"
"PhonAlign",1089.38,1089.5,"y"
"PhonAlign",1089.5,1091.47,"#"
"PhonAlign",1091.47,1091.51,"v"
"PhonAlign",1091.51,1091.54,"R"
"PhonAlign",1091.54,1091.57,"E"
"PhonAlign",1091.57,1091.66,"m"
"PhonAlign",1091.66,1091.69,"a~"
"PhonAlign",1091.69,1092.11,"fp"
"PhonAlign",1092.11,1093.18,"#"
"PhonAlign",1093.18,1094.26,"fp"
"PhonAlign",1094.26,1095.44,"#"
"PhonAlign",1095.44,1095.56,"U~/"
"PhonAlign",1095.56,1095.6,"d"
"PhonAlign",1095.6,1095.64,"j"
"PhonAlign",1095.64,1095.68,"A/"
"PhonAlign",1095.68,1095.74,"n"
"PhonAlign",1095.74,1095.84,"A/"
"PhonAlign",1095.84,1095.93,"Z"
"PhonAlign",1095.93,1096.0,"O/"
"PhonAlign",1096.0,1096.09,"n"
"PhonAlign",1096.09,1096.287153,"s"
"PhonAlign",1096.287153,1100.089688,"#"
"PhonAlign",1100.089688,1100.189688,"s"
"PhonAlign",1100.189688,1100.219688,"A/"
"PhonAlign",1100.219688,1100.349688,"s"
"PhonAlign",1100.349688,1100.399688,"e"
"PhonAlign",1100.399688,1100.429688,"p"
"PhonAlign",1100.429688,1100.459688,"2"
"PhonAlign",1100.459688,1100.489688,"t"
"PhonAlign",1100.489688,1100.559688,"E"
"PhonAlign",1100.559688,1100.629688,"t"
"PhonAlign",1100.629688,1100.659688,"R"
"PhonAlign",1100.659688,1100.719688,"U~/"
"PhonAlign",1100.719688,1100.829688,"p"
"PhonAlign",1100.829688,1100.869688,"2"
"PhonAlign",1100.869688,1100.959688,"t"
"PhonAlign",1100.959688,1101.009688,"R"
"PhonAlign",1101.009688,1101.109688,"O/"
"PhonAlign",1101.109688,1101.139688,"v"
"PhonAlign",1101.139688,1101.239688,"j"
"PhonAlign",1101.239688,1101.469688,"2"
"PhonAlign",1101.469688,1101.505,"z"
"PhonAlign",1101.505,1103.685,"#"
"PhonAlign",1103.685,1103.745,"w"
"PhonAlign",1103.745,1104.05,"E"
"PhonAlign",1104.05,1107.86,"#"
"PhonAlign",1107.86,1108.085,"m"
"PhonAlign",1108.085,1109.645,"#"
"PhonAlign",1109.645,1109.715,"k"
"PhonAlign",1109.715,1109.745,"s"
"PhonAlign",1109.745,1109.775,"k"
"PhonAlign",1109.775,1109.805,"O~"
"PhonAlign",1109.805,1109.895,"A/"
"PhonAlign",1109.895,1109.925,"d"
"PhonAlign",1109.925,1109.955,"O/"
"PhonAlign",1109.955,1109.995,"t"
"PhonAlign",1109.995,1110.025,"R"
"PhonAlign",1110.025,1110.15,"@"
"PhonAlign",1110.15,1117.57,"#"
"PhonAlign",1117.57,1117.61,"s"
"PhonAlign",1117.61,1117.64,"e"
"PhonAlign",1117.64,1117.6699999999998,"v"
"PhonAlign",1117.6699999999998,1117.7,"R"
"PhonAlign",1117.7,1117.73,"e"
"PhonAlign",1117.73,1117.76,"k"
"PhonAlign",1117.76,1117.79,"k"
"PhonAlign",1117.79,1117.82,"a~"
"PhonAlign",1117.82,1117.9,"O~"
"PhonAlign",1117.9,1117.97,"p"
"PhonAlign",1117.97,1118.04,"a~"
"PhonAlign",1118.04,1118.14,"s"
"PhonAlign",1118.14,1118.1799999999998,"A/"
"PhonAlign",1118.1799999999998,1118.21,"v"
"PhonAlign",1118.21,1118.33,"a~"
"PhonAlign",1118.33,1118.47,"t"
"PhonAlign",1118.47,1118.51,"y"
"PhonAlign",1118.51,1118.54,"R"
"PhonAlign",1118.54,1118.62,"O~"
"PhonAlign",1118.62,1118.66,"n"
"PhonAlign",1118.66,1118.74,"p"
"PhonAlign",1118.74,1118.84,"a~"
"PhonAlign",1118.84,1119.08,"s"
"PhonAlign",1119.08,1119.46,"@"
"PhonAlign",1119.46,1120.89,"#"
"PhonAlign",1120.89,1120.97,"s"
"PhonAlign",1120.97,1121.01,"e"
"PhonAlign",1121.01,1121.11,"s"
"PhonAlign",1121.11,1121.18,"A/"
"PhonAlign",1121.18,1121.21,"k"
"PhonAlign",1121.21,1121.2900000000002,"S"
"PhonAlign",1121.2900000000002,1121.3200000000002,"A/"
"PhonAlign",1121.3200000000002,1121.35,"l"
"PhonAlign",1121.35,1121.41,"E"
"PhonAlign",1121.41,1121.47,"d"
"PhonAlign",1121.47,1121.5500000000002,"i"
"PhonAlign",1121.5500000000002,1121.66,"R"
"PhonAlign",1121.66,1122.86,"#"
"PhonAlign",1122.86,1123.03,"w"
"PhonAlign",1123.03,1123.305,"E"
"PhonAlign",1123.305,1123.825,"#"
"PhonAlign",1123.825,1123.865,"m"
"PhonAlign",1123.865,1123.925,"e"
"PhonAlign",1123.925,1124.005,"k"
"PhonAlign",1124.005,1124.045,"a~"
"PhonAlign",1124.045,1124.105,"O~"
"PhonAlign",1124.105,1124.145,"p"
"PhonAlign",1124.145,1124.2050000000002,"a~"
"PhonAlign",1124.2050000000002,1124.305,"s"
"PhonAlign",1124.305,1124.385,"A/"
"PhonAlign",1124.385,1124.4550000000002,"v"
"PhonAlign",1124.4550000000002,1124.565,"a~"
"PhonAlign",1124.565,1124.715,"t"
"PhonAlign",1124.715,1124.775,"y"
"PhonAlign",1124.775,1124.815,"R"
"PhonAlign",1124.815,1124.905,"O~"
"PhonAlign",1124.905,1124.975,"p"
"PhonAlign",1124.975,1125.075,"a~"
"PhonAlign",1125.075,1125.175,"s"
"PhonAlign",1125.175,1125.255,"t"
"PhonAlign",1125.255,1125.295,"u"
"PhonAlign",1125.295,1125.425,"Z"
"PhonAlign",1125.425,1125.535,"u"
"PhonAlign",1125.535,1125.615,"R"
"PhonAlign",1125.615,1126.015,"fp"
"PhonAlign",1126.015,1126.635,"#"
"PhonAlign",1126.635,1126.725,"U~/"
"PhonAlign",1126.725,1126.755,"n"
"PhonAlign",1126.755,1126.865,"p"
"PhonAlign",1126.865,1126.905,"2"
"PhonAlign",1126.905,1126.995,"E"
"PhonAlign",1126.995,1127.065,"k"
"PhonAlign",1127.065,1127.135,"s"
"PhonAlign",1127.135,1127.215,"p"
"PhonAlign",1127.215,1127.245,"l"
"PhonAlign",1127.245,1127.295,"O/"
"PhonAlign",1127.295,1127.325,"R"
"PhonAlign",1127.325,1127.405,"A/"
"PhonAlign",1127.405,1127.595,"s"
"PhonAlign",1127.595,1127.625,"j"
"PhonAlign",1127.625,1127.725,"O~"
"PhonAlign",1127.725,1127.755,"d"
"PhonAlign",1127.755,1127.845,"a~"
"PhonAlign",1127.845,1127.875,"l"
"PhonAlign",1127.875,1127.955,"A/"
"PhonAlign",1127.955,1128.075,"Z"
"PhonAlign",1128.075,1128.205,"U~/"
"PhonAlign",1128.205,1128.235,"g"
"PhonAlign",1128.235,1128.265,"l"
"PhonAlign",1128.265,1128.305,"A/"
"PhonAlign",1128.305,1128.405,"S"
"PhonAlign",1128.405,1128.455,"A/"
"PhonAlign",1128.455,1128.525,"k"
"PhonAlign",1128.525,1128.595,"f"
"PhonAlign",1128.595,1128.635,"w"
"PhonAlign",1128.635,1128.705,"A/"
"PhonAlign",1128.705,1128.77,"z"
"PhonAlign",1128.77,1129.26,"#"
"PhonAlign",1129.26,1129.35,"i"
"PhonAlign",1129.35,1129.39,"A/"
"PhonAlign",1129.39,1129.47,"p"
"PhonAlign",1129.47,1129.58,"A/"
"PhonAlign",1129.58,1129.67,"d"
"PhonAlign",1129.67,1129.71,"O/"
"PhonAlign",1129.71,1129.74,"t"
"PhonAlign",1129.74,1129.77,"R"
"PhonAlign",1129.77,1129.91,"Z"
"PhonAlign",1129.91,1130.03,"a~"
"PhonAlign",1130.03,1130.06,"R"
"PhonAlign",1130.06,1130.1,"d"
"PhonAlign",1130.1,1130.19,"A/"
"PhonAlign",1130.19,1130.25,"v"
"PhonAlign",1130.25,1130.37,"a~"
"PhonAlign",1130.37,1130.52,"t"
"PhonAlign",1130.52,1130.61,"y"
"PhonAlign",1130.61,1130.83,"R"
"PhonAlign",1130.83,1131.575,"#"
"PhonAlign",1131.575,1131.735,"s"
"PhonAlign",1131.735,1131.775,"e"
"PhonAlign",1131.775,1131.805,"s"
"PhonAlign",1131.805,1131.835,"k"
"PhonAlign",1131.835,1131.925,"Z"
"PhonAlign",1131.925,1132.015,"m"
"PhonAlign",1132.015,1132.045,"d"
"PhonAlign",1132.045,1132.125,"2"
"PhonAlign",1132.125,1132.245,"m"
"PhonAlign",1132.245,1132.375,"a~"
"PhonAlign",1132.375,1132.4550000000002,"d"
"PhonAlign",1132.4550000000002,1132.523438,"2"
"PhonAlign",1132.523438,1138.045,"#"
"PhonAlign",1138.045,1138.095,"w"
"PhonAlign",1138.095,1138.34,"E"
"PhonAlign",1138.34,1146.06,"#"
"PhonAlign",1146.06,1146.2,"A/"
"PhonAlign",1146.2,1146.23,"l"
"PhonAlign",1146.23,1146.26,"R"
"PhonAlign",1146.26,1146.29,"Z"
"PhonAlign",1146.29,1146.32,"a~"
"PhonAlign",1146.32,1146.39,"E"
"PhonAlign",1146.39,1146.55,"m"
"PhonAlign",1146.55,1146.65,"E"
"PhonAlign",1146.65,1146.6799999999998,"m"
"PhonAlign",1146.6799999999998,1146.79,"p"
"PhonAlign",1146.79,1146.82,"A/"
"PhonAlign",1146.82,1146.9,"a~"
"PhonAlign",1146.9,1146.98,"t"
"PhonAlign",1146.98,1147.03,"a~"
"PhonAlign",1147.03,1147.06,"d"
"PhonAlign",1147.06,1147.13,"y"
"PhonAlign",1147.13,1147.2,"p"
"PhonAlign",1147.2,1147.26,"A/"
"PhonAlign",1147.26,1147.29,"R"
"PhonAlign",1147.29,1147.32,"l"
"PhonAlign",1147.32,1147.4,"e"
"PhonAlign",1147.4,1149.59,"#"
"PhonAlign",1149.59,1149.63,"s"
"PhonAlign",1149.63,1149.6699999999998,"e"
"PhonAlign",1149.6699999999998,1149.78,"k"
"PhonAlign",1149.78,1149.82,"w"
"PhonAlign",1149.82,1149.99,"A/"
"PhonAlign",1149.99,1153.885,"#"
"PhonAlign",1153.885,1154.095,"A/"
"PhonAlign",1154.095,1154.305,"s"
"PhonAlign",1154.305,1154.375,"y"
"PhonAlign",1154.375,1154.465,"p"
"PhonAlign",1154.465,1154.615,"E"
"PhonAlign",1154.615,1154.795,"R"
"PhonAlign",1154.795,1155.345,"#"
"PhonAlign",1155.345,1155.485,"S"
"PhonAlign",1155.485,1155.515,"l"
"PhonAlign",1155.515,1155.575,"A/"
"PhonAlign",1155.575,1155.655,"d"
"PhonAlign",1155.655,1155.685,"O/"
"PhonAlign",1155.685,1155.794063,"R"
"PhonAlign",1155.794063,1161.505,"#"
"PhonAlign",1161.505,1161.895,"O/"
"PhonAlign",1161.895,1162.675,"#"
"PhonAlign",1162.675,1162.725,"w"
"PhonAlign",1162.725,1162.765,"E"
"PhonAlign",1162.765,1162.925,"s"
"PhonAlign",1162.925,1162.985,"e"
"PhonAlign",1162.985,1163.035,"b"
"PhonAlign",1163.035,1163.145,"j"
"PhonAlign",1163.145,1163.465,"U~/"
"PhonAlign",1163.465,1163.555,"s"
"PhonAlign",1163.555,1163.615,"A/"
"PhonAlign",1163.615,1163.675,"s"
"PhonAlign",1163.675,1163.745,"e"
"PhonAlign",1163.745,1163.775,"d"
"PhonAlign",1163.775,1163.835,"e"
"PhonAlign",1163.835,1163.885,"b"
"PhonAlign",1163.885,1163.985,"O~"
"PhonAlign",1163.985,1164.015,"z"
"PhonAlign",1164.015,1164.085,"A/"
"PhonAlign",1164.085,1164.115,"R"
"PhonAlign",1164.115,1164.175,"g"
"PhonAlign",1164.175,1164.235,"y"
"PhonAlign",1164.235,1164.315,"m"
"PhonAlign",1164.315,1164.4,"a~"
"PhonAlign",1164.4,1164.625,"#"
"PhonAlign",1164.625,1165.810073,"laugh"
"PhonAlign",1165.810073,1167.148255,"#"
"PhonAlign",1167.148255,1168.663299,"laugh"
"PhonAlign",1168.663299,1182.0,"#"
"PhonAlign",1182.0,1182.11,"w"
"PhonAlign",1182.11,1182.15,"E"
"PhonAlign",1182.15,1182.24,"s"
"PhonAlign",1182.24,1182.3,"A/"
"PhonAlign",1182.3,1182.42,"p"
"PhonAlign",1182.42,1182.45,"@"
"PhonAlign",1182.45,1182.51,"E"
"PhonAlign",1182.51,1182.54,"t"
"PhonAlign",1182.54,1182.63,"b"
"PhonAlign",1182.63,1182.72,"j"
"PhonAlign",1182.72,1182.78,"U~/"
"PhonAlign",1182.78,1182.87,"O/"
"PhonAlign",1182.87,1183.04,"s"
"PhonAlign",1183.04,1183.21,"i"
"PhonAlign",1183.21,1183.44,"#"
"PhonAlign",1183.44,1183.48,"p"
"PhonAlign",1183.48,1183.52,"R"
"PhonAlign",1183.52,1183.55,"s"
"PhonAlign",1183.55,1183.5800000000002,"k"
"PhonAlign",1183.5800000000002,1183.63,"O~"
"PhonAlign",1183.63,1183.66,"v"
"PhonAlign",1183.66,1183.7,"A/"
"PhonAlign",1183.7,1183.74,"p"
"PhonAlign",1183.74,1183.77,"A/"
"PhonAlign",1183.77,1183.8,"p"
"PhonAlign",1183.8,1183.8300000000002,"R"
"PhonAlign",1183.8300000000002,1183.86,"E"
"PhonAlign",1183.86,1183.9,"z"
"PhonAlign",1183.9,1183.98,"a~"
"PhonAlign",1183.98,1184.05,"t"
"PhonAlign",1184.05,1184.11,"e"
"PhonAlign",1184.11,1184.17,"k"
"PhonAlign",1184.17,1184.23,"U~/"
"PhonAlign",1184.23,1184.3200000000002,"s"
"PhonAlign",1184.3200000000002,1184.35,"9"
"PhonAlign",1184.35,1184.38,"l"
"PhonAlign",1184.38,1184.51,"f"
"PhonAlign",1184.51,1184.5800000000002,"i"
"PhonAlign",1184.5800000000002,1184.61,"l"
"PhonAlign",1184.61,1184.765,"m"
"PhonAlign",1184.765,1196.85,"#"
"PhonAlign",1196.85,1196.9199999999998,"b"
"PhonAlign",1196.9199999999998,1197.04,"U~/"
"PhonAlign",1197.04,1197.16,"A/"
"PhonAlign",1197.16,1197.1899999999998,"v"
"PhonAlign",1197.1899999999998,1197.2199999999998,"w"
"PhonAlign",1197.2199999999998,1197.25,"A/"
"PhonAlign",1197.25,1197.28,"R"
"PhonAlign",1197.28,1197.4299999999998,"s"
"PhonAlign",1197.4299999999998,1197.4699999999998,"s"
"PhonAlign",1197.4699999999998,1197.55,"e"
"PhonAlign",1197.55,1197.61,"p"
"PhonAlign",1197.61,1197.6799999999998,"A/"
"PhonAlign",1197.6799999999998,1197.75,"t"
"PhonAlign",1197.75,1197.81,"R"
"PhonAlign",1197.81,1197.87,"O/"
"PhonAlign",1197.87,1197.91,"v"
"PhonAlign",1197.91,1198.01,"j"
"PhonAlign",1198.01,1198.04,"O/"
"PhonAlign",1198.04,1198.07,"l"
"PhonAlign",1198.07,1198.1799999999998,"a~"
"PhonAlign",1198.1799999999998,1198.2099999999998,"p"
"PhonAlign",1198.2099999999998,1198.27,"A/"
"PhonAlign",1198.27,1198.32,"s"
"PhonAlign",1198.32,1198.4,"k"
"PhonAlign",1198.4,1198.4399999999998,"@"
"PhonAlign",1198.4399999999998,1198.6,"s"
"PhonAlign",1198.6,1198.6899999999998,"O~"
"PhonAlign",1198.6899999999998,1198.73,"v"
"PhonAlign",1198.73,1198.76,"@"
"PhonAlign",1198.76,1198.79,"R"
"PhonAlign",1198.79,1198.85,"E"
"PhonAlign",1198.85,1198.89,"s"
"PhonAlign",1198.89,1198.9599999999998,"t"
"PhonAlign",1198.9599999999998,1199.01,"e"
"PhonAlign",1199.01,1199.04,"d"
"PhonAlign",1199.04,1199.14,"a~"
"PhonAlign",1199.14,1199.1699999999998,"l"
"PhonAlign",1199.1699999999998,1199.27,"i"
"PhonAlign",1199.27,1199.35,"d"
"PhonAlign",1199.35,1199.58,"e"
"PhonAlign",1199.58,1199.86,"#"
"PhonAlign",1199.86,1200.15,"k"
"PhonAlign",1200.15,1200.1799999999998,"j"
"PhonAlign",1200.1799999999998,1200.2199999999998,"e"
"PhonAlign",1200.2199999999998,1200.25,"d"
"PhonAlign",1200.25,1200.31,"e"
"PhonAlign",1200.31,1200.38,"z"
"PhonAlign",1200.38,1200.5,"a~"
"PhonAlign",1200.5,1200.62,"f"
"PhonAlign",1200.62,1200.875,"a~"
"PhonAlign",1200.875,1201.545,"#"
"PhonAlign",1201.545,1201.715,"s"
"PhonAlign",1201.715,1201.775,"A/"
"PhonAlign",1201.775,1201.865,"v"
"PhonAlign",1201.865,1202.01,"A/"
"PhonAlign",1202.01,1203.985,"#"
"PhonAlign",1203.985,1204.225,"O/"
"PhonAlign",1204.225,1204.2949999999998,"b"
"PhonAlign",1204.2949999999998,1204.3349999999998,"A/"
"PhonAlign",1204.3349999999998,1204.455,"s"
"PhonAlign",1204.455,1204.515,"A/"
"PhonAlign",1204.515,1204.5849999999998,"v"
"PhonAlign",1204.5849999999998,1204.73,"A/"
"PhonAlign",1204.73,1210.365,"#"
"PhonAlign",1210.365,1210.405,"b"
"PhonAlign",1210.405,1210.465,"E"
"PhonAlign",1210.465,1210.525,"d"
"PhonAlign",1210.525,1210.585,"y"
"PhonAlign",1210.585,1210.615,"m"
"PhonAlign",1210.615,1210.645,"O/"
"PhonAlign",1210.645,1210.675,"m"
"PhonAlign",1210.675,1210.755,"a~"
"PhonAlign",1210.755,1210.805,"k"
"PhonAlign",1210.805,1210.885,"s"
"PhonAlign",1210.885,1210.915,"e"
"PhonAlign",1210.915,1210.985,"p"
"PhonAlign",1210.985,1211.065,"A/"
"PhonAlign",1211.065,1211.135,"t"
"PhonAlign",1211.135,1211.205,"R"
"PhonAlign",1211.205,1211.335,"O/"
"PhonAlign",1211.335,1211.415,"g"
"PhonAlign",1211.415,1211.735,"O/"
"PhonAlign",1211.735,1211.9,"R"
"PhonAlign",1211.9,1213.62,"#"
"PhonAlign",1213.62,1213.76,"w"
"PhonAlign",1213.76,1214.029688,"E"
"PhonAlign",1214.029688,1217.935,"#"
"PhonAlign",1217.935,1217.995,"A/"
"PhonAlign",1217.995,1218.085,"s"
"PhonAlign",1218.085,1218.115,"d"
"PhonAlign",1218.115,1218.145,"w"
"PhonAlign",1218.145,1218.175,"A/"
"PhonAlign",1218.175,1218.275,"s"
"PhonAlign",1218.275,1218.365,"A/"
"PhonAlign",1218.365,1218.395,"v"
"PhonAlign",1218.395,1218.425,"A/"
"PhonAlign",1218.425,1218.455,"p"
"PhonAlign",1218.455,1218.495,"A/"
"PhonAlign",1218.495,1218.525,"f"
"PhonAlign",1218.525,1218.5549999999998,"E"
"PhonAlign",1218.5549999999998,1218.585,"R"
"PhonAlign",1218.585,1218.615,"m"
"PhonAlign",1218.615,1218.645,"A/"
"PhonAlign",1218.645,1218.675,"l"
"PhonAlign",1218.675,1218.745,"Z"
"PhonAlign",1218.745,1218.8049999999998,"e"
"PhonAlign",1218.8049999999998,1218.835,"u"
"PhonAlign",1218.835,1218.895,"b"
"PhonAlign",1218.895,1218.925,"l"
"PhonAlign",1218.925,1218.955,"i"
"PhonAlign",1218.955,1219.035,"e"
"PhonAlign",1219.035,1219.155,"s"
"PhonAlign",1219.155,1219.265,"A/"
"PhonAlign",1219.265,1220.69,"#"
"PhonAlign",1220.69,1221.483911,"laugh"
"PhonAlign",1221.483911,1232.175,"#"
"PhonAlign",1232.175,1232.425,"u"
"PhonAlign",1232.425,1232.595,"i"
"PhonAlign",1232.595,1236.295307,"#"
"PhonAlign",1236.295307,1237.334194,"laugh"
"PhonAlign",1237.334194,1238.125,"#"
"PhonAlign",1238.125,1238.315,"A/"
"PhonAlign",1238.315,1238.395,"s"
"PhonAlign",1238.395,1238.455,"A/"
"PhonAlign",1238.455,1238.585,"s"
"PhonAlign",1238.585,1238.875,"e"
"PhonAlign",1238.875,1238.905,"b"
"PhonAlign",1238.905,1238.975,"j"
"PhonAlign",1238.975,1239.065,"U~/"
"PhonAlign",1239.065,1239.135,"m"
"PhonAlign",1239.135,1239.255,"j"
"PhonAlign",1239.255,1239.325,"A/"
"PhonAlign",1239.325,1239.375,"U~/"
"PhonAlign",1239.375,1239.545,"f"
"PhonAlign",1239.545,1239.695,"i"
"PhonAlign",1239.695,1239.855,"l"
"PhonAlign",1239.855,1239.885,"m"
"PhonAlign",1239.885,1239.935,"@"
"PhonAlign",1239.935,1240.015,"d"
"PhonAlign",1240.015,1240.135,"e"
"PhonAlign",1240.135,1240.245,"k"
"PhonAlign",1240.245,1240.295,"e"
"PhonAlign",1240.295,1240.405,"s"
"PhonAlign",1240.405,1240.435,"O/"
"PhonAlign",1240.435,1240.465,"R"
"PhonAlign",1240.465,1240.595,"t"
"PhonAlign",1240.595,1240.625,"i"
"PhonAlign",1240.625,1240.655,"j"
"PhonAlign",1240.655,1240.685,"A/"
"PhonAlign",1240.685,1240.745,"p"
"PhonAlign",1240.745,1240.815,"A/"
"PhonAlign",1240.815,1240.875,"t"
"PhonAlign",1240.875,1240.915,"R"
"PhonAlign",1240.915,1240.945,"O/"
"PhonAlign",1240.945,1240.975,"l"
"PhonAlign",1240.975,1241.085,"O~"
"PhonAlign",1241.085,1241.165,"t"
"PhonAlign",1241.165,1241.255,"a~"
"PhonAlign",1241.255,1241.315,"S"
"PhonAlign",1241.315,1241.345,"k"
"PhonAlign",1241.345,1241.445,"R"
"PhonAlign",1241.445,1241.495,"w"
"PhonAlign",1241.495,1241.595,"A/"
"PhonAlign",1241.595,1241.725,"z"
"PhonAlign",1241.725,1241.755,"m"
"PhonAlign",1241.755,1241.805,"A/"
"PhonAlign",1241.805,1241.835,"R"
"PhonAlign",1241.835,1241.955,"s"
"PhonAlign",1241.955,1242.005,"y"
"PhonAlign",1242.005,1242.145,"p"
"PhonAlign",1242.145,1242.185,"i"
"PhonAlign",1242.185,1242.215,"l"
"PhonAlign",1242.215,1242.265,"A/"
"PhonAlign",1242.265,1242.345,"m"
"PhonAlign",1242.345,1242.459103,"i"
"PhonAlign",1242.459103,1243.5,"#"
"PhonAlign",1243.5,1243.55,"p"
"PhonAlign",1243.55,1243.58,"A/"
"PhonAlign",1243.58,1243.89,"v"
"PhonAlign",1243.89,1243.92,"y"
"PhonAlign",1243.92,1244.23,"laugh"
"PhonAlign",1244.23,1246.432357,"#"
"PhonAlign",1246.432357,1247.363027,"laugh"
"PhonAlign",1247.363027,1248.67,"#"
"PhonAlign",1248.67,1248.76,"E"
"PhonAlign",1248.76,1248.84,"s"
"PhonAlign",1248.84,1248.92,"k"
"PhonAlign",1248.92,1248.95,"@"
"PhonAlign",1248.95,1249.0700000000002,"A/"
"PhonAlign",1249.0700000000002,1249.13,"s"
"PhonAlign",1249.13,1249.24,"t"
"PhonAlign",1249.24,1249.28,"e"
"PhonAlign",1249.28,1249.3100000000002,"R"
"PhonAlign",1249.3100000000002,1249.34,"i"
"PhonAlign",1249.34,1249.38,"k"
"PhonAlign",1249.38,1249.49,"s"
"PhonAlign",1249.49,1249.5500000000002,"m"
"PhonAlign",1249.5500000000002,1249.6,"i"
"PhonAlign",1249.6,1249.75,"s"
"PhonAlign",1249.75,1249.78,"j"
"PhonAlign",1249.78,1249.87,"O~"
"PhonAlign",1249.87,1249.93,"k"
"PhonAlign",1249.93,1249.96,"l"
"PhonAlign",1249.96,1250.01,"e"
"PhonAlign",1250.01,1250.0700000000002,"O/"
"PhonAlign",1250.0700000000002,1250.16,"p"
"PhonAlign",1250.16,1250.22,"A/"
"PhonAlign",1250.22,1250.27,"t"
"PhonAlign",1250.27,1250.3000000000002,"R"
"PhonAlign",1250.3000000000002,1250.35,"s"
"PhonAlign",1250.35,1250.41,"A/"
"PhonAlign",1250.41,1250.53,"k"
"PhonAlign",1250.53,1250.62,"O~"
"PhonAlign",1250.62,1250.655,"t"
"PhonAlign",1250.655,1251.460545,"#"
"PhonAlign",1251.460545,1251.5705449999998,"p"
"PhonAlign",1251.5705449999998,1251.600545,"s"
"PhonAlign",1251.600545,1251.690545,"k"
"PhonAlign",1251.690545,1251.8005449999998,"t"
"PhonAlign",1251.8005449999998,1251.850545,"E"
"PhonAlign",1251.850545,1251.880545,"k"
"PhonAlign",1251.880545,1251.910545,"n"
"PhonAlign",1251.910545,1251.940545,"i"
"PhonAlign",1251.940545,1251.970545,"k"
"PhonAlign",1251.970545,1252.000545,"2"
"PhonAlign",1252.000545,1252.0405449999998,"m"
"PhonAlign",1252.0405449999998,1252.090545,"a~"
"PhonAlign",1252.090545,1252.190545,"i"
"PhonAlign",1252.190545,1252.3105449999998,"f"
"PhonAlign",1252.3105449999998,1252.340545,"O~"
"PhonAlign",1252.340545,1252.370545,"y"
"PhonAlign",1252.370545,1252.410545,"n"
"PhonAlign",1252.410545,1252.480545,"A/"
"PhonAlign",1252.480545,1252.520545,"v"
"PhonAlign",1252.520545,1252.640545,"a~"
"PhonAlign",1252.640545,1252.7905449999998,"t"
"PhonAlign",1252.7905449999998,1252.860545,"y"
"PhonAlign",1252.860545,1252.91,"R"
"PhonAlign",1252.91,1254.32,"#"
"PhonAlign",1254.32,1254.38,"s"
"PhonAlign",1254.38,1254.4299999999998,"e"
"PhonAlign",1254.4299999999998,1254.54,"t"
"PhonAlign",1254.54,1254.59,"R"
"PhonAlign",1254.59,1254.65,"E"
"PhonAlign",1254.65,1254.73,"b"
"PhonAlign",1254.73,1254.77,"j"
"PhonAlign",1254.77,1254.92,"U~/"
"TokensAlign",0.0,1.43,"#"
"TokensAlign",1.43,1.86,"aujourd'hui"
"TokensAlign",1.86,1.94,"on"
"TokensAlign",1.94,2.05,"se"
"TokensAlign",2.05,2.61,"retrouve"
"TokensAlign",2.61,2.98,"du_coup"
"TokensAlign",2.98,3.37,"pour"
"TokensAlign",3.37,3.945,"euh"
"TokensAlign",3.945,4.985,"#"
"TokensAlign",4.985,5.2250000000000005,"pour"
"TokensAlign",5.2250000000000005,5.465,"euh"
"TokensAlign",5.465,5.6850000000000005,"faire"
"TokensAlign",5.6850000000000005,5.925000000000001,"une"
"TokensAlign",5.925000000000001,6.345,"réunion"
"TokensAlign",6.345,6.915,"#"
"TokensAlign",6.915,7.585,"discuter"
"TokensAlign",7.585,7.695,"de"
"TokensAlign",7.695,7.875,"quel"
"TokensAlign",7.875,8.275,"sujet"
"TokensAlign",8.275,8.365,"et"
"TokensAlign",8.365,8.515,"de"
"TokensAlign",8.515,9.095,"quel"
"TokensAlign",9.095,9.475,"genre"
"TokensAlign",9.475,9.585,"de"
"TokensAlign",9.585,9.865,"film"
"TokensAlign",9.865,10.045,"nous"
"TokensAlign",10.045,10.165,"allons"
"TokensAlign",10.165,10.605,"utiliser"
"TokensAlign",10.605,11.335,"pour"
"TokensAlign",11.335,12.19,"#"
"TokensAlign",12.19,12.59,"le"
"TokensAlign",12.59,13.75,"festival"
"TokensAlign",13.75,14.765,"#"
"TokensAlign",14.765,15.575,"cinématographique"
"TokensAlign",15.575,15.615,"qu'"
"TokensAlign",15.615,15.655,"on"
"TokensAlign",15.655,16.015,"va"
"TokensAlign",16.015,16.505,"organiser"
"TokensAlign",16.505,17.4,"#"
"TokensAlign",17.4,18.14,"euh"
"TokensAlign",18.14,18.25,"du"
"TokensAlign",18.25,18.4,"coup"
"TokensAlign",18.4,18.46,"nous"
"TokensAlign",18.46,18.67,"sommes"
"TokensAlign",18.67,19.0,"quatre"
"TokensAlign",19.0,19.48,"aujourd'hui"
"TokensAlign",19.48,20.175,"#"
"TokensAlign",20.175,20.785,"euh"
"TokensAlign",20.785,20.895,"on"
"TokensAlign",20.895,20.975,"va"
"TokensAlign",20.975,21.135,"se"
"TokensAlign",21.135,21.635,"présenter"
"TokensAlign",21.635,21.795,"vite"
"TokensAlign",21.795,22.235,"fait"
"TokensAlign",22.235,22.425,"#"
"TokensAlign",22.425,23.14,"euh"
"TokensAlign",23.14,23.47,"#"
"TokensAlign",23.47,23.59,"faire"
"TokensAlign",23.59,23.62,"un"
"TokensAlign",23.62,23.72,"petit"
"TokensAlign",23.72,23.9,"tour"
"TokensAlign",23.9,23.99,"de"
"TokensAlign",23.99,24.225,"table"
"TokensAlign",24.225,24.665,"#"
"TokensAlign",24.665,24.815,"avec"
"TokensAlign",24.815,24.925,"votre"
"TokensAlign",24.925,25.435,"prénom"
"TokensAlign",25.435,25.79,"et"
"TokensAlign",25.79,26.84,"#"
"TokensAlign",26.84,27.05,"voilà"
"TokensAlign",27.05,31.55,"#"
"TokensAlign",31.55,31.859249,"ok"
"TokensAlign",31.859249,37.19,"#"
"TokensAlign",37.19,37.545,"d'accord"
"TokensAlign",37.545,43.085,"#"
"TokensAlign",43.085,43.195,"donc"
"TokensAlign",43.195,44.065,"+"
"TokensAlign",44.065,44.415,"moi"
"TokensAlign",44.415,44.565,"c'est"
"TokensAlign",44.565,45.015,"SPEAKER_3"
"TokensAlign",45.015,45.125,"je"
"TokensAlign",45.125,45.335,"serai"
"TokensAlign",45.335,45.965,"modératrice"
"TokensAlign",45.965,46.325,"aujourd'hui"
"TokensAlign",46.325,46.855,"#"
"TokensAlign",46.855,46.945,"et"
"TokensAlign",46.945,46.995,"je"
"TokensAlign",46.995,47.055,"vais"
"TokensAlign",47.055,47.115,"vous"
"TokensAlign",47.115,47.415,"parler"
"TokensAlign",47.415,47.505,"d'"
"TokensAlign",47.505,47.76499999999999,"horreur"
"TokensAlign",47.76499999999999,47.835,"et"
"TokensAlign",47.835,47.945,"de"
"TokensAlign",47.945,48.542166,"suspens"
"TokensAlign",48.542166,49.6,"#"
"TokensAlign",49.6,50.042616,"donc"
"TokensAlign",50.042616,52.415,"#"
"TokensAlign",52.415,52.875,"excusez"
"TokensAlign",52.875,53.025,"-moi"
"TokensAlign",53.025,53.075,"j'"
"TokensAlign",53.075,53.105,"ai"
"TokensAlign",53.105,53.185,"du"
"TokensAlign",53.185,53.275,"mal"
"TokensAlign",53.275,53.425,"avec"
"TokensAlign",53.425,53.485,"la"
"TokensAlign",53.485,53.78,"tablette"
"TokensAlign",53.78,55.085,"#"
"TokensAlign",55.085,55.405,"donc"
"TokensAlign",55.405,55.515,"euh"
"TokensAlign",55.515,55.645,"nous"
"TokensAlign",55.645,55.945,"retrouvons"
"TokensAlign",55.945,56.335,"aujourd'hui"
"TokensAlign",56.335,56.735,"pour"
"TokensAlign",56.735,57.155,"euh"
"TokensAlign",57.155,57.265,"omme"
"TokensAlign",57.265,57.365,"j'"
"TokensAlign",57.365,57.405,"ai"
"TokensAlign",57.405,57.515,"dit"
"TokensAlign",57.515,57.615,"la"
"TokensAlign",57.615,57.98,"réunion"
"TokensAlign",57.98,58.74,"#"
"TokensAlign",58.74,58.84,"et"
"TokensAlign",58.84,59.11,"donc"
"TokensAlign",59.11,59.260000000000005,"va"
"TokensAlign",59.260000000000005,59.67,"commencer"
"TokensAlign",59.67,59.86,"par"
"TokensAlign",59.86,60.07,"prendre"
"TokensAlign",60.07,60.15,"la"
"TokensAlign",60.15,60.84,"parole"
"TokensAlign",60.84,61.375,"#"
"TokensAlign",61.375,62.075,"hum"
"TokensAlign",62.075,63.06,"#"
"TokensAlign",63.06,63.62,"SPEAKER_2"
"TokensAlign",63.62,64.22,"#"
"TokensAlign",64.22,64.34,"puis"
"TokensAlign",64.34,64.45,"ce"
"TokensAlign",64.45,64.65,"sera"
"TokensAlign",64.65,64.77,"au"
"TokensAlign",64.77,65.09,"tour"
"TokensAlign",65.09,65.53999999999999,"de"
"TokensAlign",65.53999999999999,65.98,"SPEAKER_1"
"TokensAlign",65.98,66.785,"#"
"TokensAlign",66.785,66.965,"et"
"TokensAlign",66.965,67.35,"#"
"TokensAlign",67.35,67.50999999999999,"de"
"TokensAlign",67.50999999999999,67.78999999999999,"lohan"
"TokensAlign",67.78999999999999,68.1,"+"
"TokensAlign",68.1,68.21,"je"
"TokensAlign",68.21,68.69999999999999,"serai"
"TokensAlign",68.69999999999999,68.83999999999999,"le"
"TokensAlign",68.83999999999999,69.11999999999999,"la"
"TokensAlign",69.11999999999999,69.47,"dernière"
"TokensAlign",69.47,69.53,"à"
"TokensAlign",69.53,69.75999999999999,"prendre"
"TokensAlign",69.75999999999999,69.82,"la"
"TokensAlign",69.82,70.16999999999999,"parole"
"TokensAlign",70.16999999999999,71.0,"+"
"TokensAlign",71.0,71.08999999999999,"du"
"TokensAlign",71.08999999999999,71.39,"coup"
"TokensAlign",71.39,71.66999999999999,"euh"
"TokensAlign",71.66999999999999,72.05999999999999,"SPEAKER_2"
"TokensAlign",72.05999999999999,72.14999999999999,"tu"
"TokensAlign",72.14999999999999,72.25,"peux"
"TokensAlign",72.25,72.69,"commencer"
"TokensAlign",72.69,175.105,"#"
"TokensAlign",175.105,175.795,"euh"
"TokensAlign",175.795,175.99499999999998,"très"
"TokensAlign",175.99499999999998,176.315,"bien"
"TokensAlign",176.315,176.375,"#"
"TokensAlign",176.375,176.645,"donc"
"TokensAlign",176.645,176.835,"c'est"
"TokensAlign",176.835,177.085,"maintenant"
"TokensAlign",177.085,177.165,"au"
"TokensAlign",177.165,177.575,"tour"
"TokensAlign",177.575,178.32,"de"
"TokensAlign",178.32,179.01,"#"
"TokensAlign",179.01,179.28,"SPEAKER_1"
"TokensAlign",179.28,179.925,"#"
"TokensAlign",179.925,180.205,"merci"
"TokensAlign",180.205,180.265,"de"
"TokensAlign",180.265,180.525,"ne_pas"
"TokensAlign",180.525,180.635,"lui"
"TokensAlign",180.635,180.885,"couper"
"TokensAlign",180.885,180.955,"la"
"TokensAlign",180.955,181.31,"parole"
"TokensAlign",181.31,198.958477,"#"
"TokensAlign",198.958477,199.592818,"@"
"TokensAlign",199.592818,269.63,"#"
"TokensAlign",269.63,269.85,"euh"
"TokensAlign",269.85,269.98,"une"
"TokensAlign",269.98,270.14,"idée"
"TokensAlign",270.14,270.25,"de"
"TokensAlign",270.25,270.53,"film"
"TokensAlign",270.53,270.65,"c'est"
"TokensAlign",270.65,270.89,"ça"
"TokensAlign",270.89,272.015,"#"
"TokensAlign",272.015,272.305,"euh"
"TokensAlign",272.305,272.435,"je"
"TokensAlign",272.435,272.735,"connais"
"TokensAlign",272.735,272.985,"comment"
"TokensAlign",272.985,273.145,"se"
"TokensAlign",273.145,273.385,"faire"
"TokensAlign",273.385,273.845,"larguer"
"TokensAlign",273.845,274.255,"en"
"TokensAlign",274.255,274.495,"dix"
"TokensAlign",274.495,275.019136,"étapes"
"TokensAlign",275.019136,275.44,"#"
"TokensAlign",275.44,275.55,"c'est"
"TokensAlign",275.55,275.995,"euh"
"TokensAlign",275.995,278.235,"#"
"TokensAlign",278.235,278.575,"ben"
"TokensAlign",278.575,279.005,"justement"
"TokensAlign",279.005,279.125,"si"
"TokensAlign",279.125,279.27500000000003,"si"
"TokensAlign",279.27500000000003,279.45500000000004,"c'est"
"TokensAlign",279.45500000000004,279.98,"un"
"TokensAlign",279.98,280.1,"#"
"TokensAlign",280.1,280.48,"film"
"TokensAlign",280.48,281.09000000000003,"romantique"
"TokensAlign",281.09000000000003,281.31,"une"
"TokensAlign",281.31,281.78000000000003,"comédie"
"TokensAlign",281.78000000000003,282.333954,"romantique"
"TokensAlign",282.333954,282.865,"#"
"TokensAlign",282.865,283.095,"ou"
"TokensAlign",283.095,283.505,"euh"
"TokensAlign",283.505,283.815,"est-ce_que"
"TokensAlign",283.815,284.055,"je"
"TokensAlign",284.055,284.295,"est-ce_que"
"TokensAlign",284.295,284.375,"j'"
"TokensAlign",284.375,284.815,"explique"
"TokensAlign",284.815,284.975,"vraiment"
"TokensAlign",284.975,285.015,"l'"
"TokensAlign",285.015,285.385,"histoire"
"TokensAlign",285.385,285.633871,"#"
"TokensAlign",285.633871,285.873871,"parce_que"
"TokensAlign",285.873871,286.003871,"moi"
"TokensAlign",286.003871,286.073871,"je"
"TokensAlign",286.073871,286.133871,"la"
"TokensAlign",286.133871,286.383871,"trouve"
"TokensAlign",286.383871,286.633871,"très"
"TokensAlign",286.633871,287.103871,"mignonne"
"TokensAlign",287.103871,287.313871,"et"
"TokensAlign",287.313871,287.723871,"accessible"
"TokensAlign",287.723871,287.973871,"à"
"TokensAlign",287.973871,288.143871,"+"
"TokensAlign",288.143871,288.223871,"à"
"TokensAlign",288.223871,288.625446,"tous"
"TokensAlign",288.625446,289.935,"#"
"TokensAlign",289.935,290.215,"euh"
"TokensAlign",290.215,290.31,"ouais"
"TokensAlign",290.31,291.03,"#"
"TokensAlign",291.03,291.26,"où"
"TokensAlign",291.26,291.45,"en"
"TokensAlign",291.45,291.63,"gros"
"TokensAlign",291.63,291.79,"ça"
"TokensAlign",291.79,291.85,"va"
"TokensAlign",291.85,292.01,"être"
"TokensAlign",292.01,292.36,"quelqu'un"
"TokensAlign",292.36,292.48,"qui"
"TokensAlign",292.48,292.6,"va"
"TokensAlign",292.6,292.79,"faire"
"TokensAlign",292.79,292.83,"un"
"TokensAlign",292.83,293.21,"artiicle"
"TokensAlign",293.21,293.47,"un"
"TokensAlign",293.47,293.6,"homme"
"TokensAlign",293.6,293.72,"qui"
"TokensAlign",293.72,293.78,"va"
"TokensAlign",293.78,293.92999999999995,"faire"
"TokensAlign",293.92999999999995,294.0,"un"
"TokensAlign",294.0,294.30999999999995,"article"
"TokensAlign",294.30999999999995,294.34,"de"
"TokensAlign",294.34,294.775,"journal"
"TokensAlign",294.775,295.52,"#"
"TokensAlign",295.52,295.7,"sur"
"TokensAlign",295.7,296.01,"comment"
"TokensAlign",296.01,296.16,"se"
"TokensAlign",296.16,296.34,"faire"
"TokensAlign",296.34,296.58,"larguer"
"TokensAlign",296.58,296.66,"en"
"TokensAlign",296.66,296.79,"dix"
"TokensAlign",296.79,297.075,"étapes"
"TokensAlign",297.075,297.74,"#"
"TokensAlign",297.74,298.02,"et"
"TokensAlign",298.02,298.38,"#"
"TokensAlign",298.38,298.52,"une"
"TokensAlign",298.52,298.79,"femme"
"TokensAlign",298.79,298.88,"qui"
"TokensAlign",298.88,298.94,"va"
"TokensAlign",298.94,299.11,"faire"
"TokensAlign",299.11,299.21,"un"
"TokensAlign",299.21,299.68,"article"
"TokensAlign",299.68,299.71,"de"
"TokensAlign",299.71,300.02,"journal"
"TokensAlign",300.02,300.31,"sur"
"TokensAlign",300.31,300.735,"comment"
"TokensAlign",300.735,301.245,"#"
"TokensAlign",301.245,301.575,"séduire"
"TokensAlign",301.575,301.885,"quelqu'un"
"TokensAlign",301.885,301.975,"en"
"TokensAlign",301.975,302.145,"dix"
"TokensAlign",302.145,302.49,"étapes"
"TokensAlign",302.49,302.95,"#"
"TokensAlign",302.95,303.04,"et"
"TokensAlign",303.04,303.46,"chacun"
"TokensAlign",303.46,303.56,"va"
"TokensAlign",303.56,303.92,"faire"
"TokensAlign",303.92,304.3,"son"
"TokensAlign",304.3,304.64,"étude"
"TokensAlign",304.64,305.06,"test"
"TokensAlign",305.06,305.31,"sur"
"TokensAlign",305.31,305.56,"l'autre"
"TokensAlign",305.56,305.72,"sans"
"TokensAlign",305.72,305.75,"le"
"TokensAlign",305.75,306.115,"savoir"
"TokensAlign",306.115,306.59,"#"
"TokensAlign",306.59,306.73999999999995,"voilà"
"TokensAlign",306.73999999999995,306.95,"+"
"TokensAlign",306.95,307.11,"c'est"
"TokensAlign",307.11,307.29999999999995,"très"
"TokensAlign",307.29999999999995,307.92999999999995,"rigolo"
"TokensAlign",307.92999999999995,308.01,"il_y"
"TokensAlign",308.01,308.04,"a"
"TokensAlign",308.04,308.29,"beaucoup"
"TokensAlign",308.29,308.35,"de"
"TokensAlign",308.35,308.93,"quiproquos"
"TokensAlign",308.93,309.81,"#"
"TokensAlign",309.81,309.88,"c'est"
"TokensAlign",309.88,309.94,"la"
"TokensAlign",309.94,310.21,"seule"
"TokensAlign",310.21,310.63,"comédie"
"TokensAlign",310.63,310.66,"que"
"TokensAlign",310.66,310.71,"j'"
"TokensAlign",310.71,310.77,"ai"
"TokensAlign",310.77,310.86,"vue"
"TokensAlign",310.86,310.89,"de"
"TokensAlign",310.89,311.05,"ma"
"TokensAlign",311.05,311.205,"vie"
"TokensAlign",311.205,311.68,"#"
"TokensAlign",311.68,312.14,"romantique"
"TokensAlign",312.14,312.22,"que"
"TokensAlign",312.22,312.29,"j'"
"TokensAlign",312.29,312.35,"ai"
"TokensAlign",312.35,312.53000000000003,"vue"
"TokensAlign",312.53000000000003,312.58,"de"
"TokensAlign",312.58,312.71,"ma"
"TokensAlign",312.71,312.88,"vie"
"TokensAlign",312.88,313.26,"mais"
"TokensAlign",313.26,313.32,"je"
"TokensAlign",313.32,313.38,"la"
"TokensAlign",313.38,313.57,"trouve"
"TokensAlign",313.57,313.76,"très"
"TokensAlign",313.76,313.96,"bien"
"TokensAlign",313.96,314.02,"je"
"TokensAlign",314.02,314.15000000000003,"crois"
"TokensAlign",314.15000000000003,314.26,"qu'"
"TokensAlign",314.26,314.31,"elle"
"TokensAlign",314.31,314.34000000000003,"est"
"TokensAlign",314.34000000000003,314.47,"sur"
"TokensAlign",314.47,315.045,"netflix"
"TokensAlign",315.045,316.252082,"@"
"TokensAlign",316.252082,317.845,"#"
"TokensAlign",317.845,318.51317,"voilà"
"TokensAlign",318.51317,318.69,"#"
"TokensAlign",318.69,318.83,"très"
"TokensAlign",318.83,319.15,"bien"
"TokensAlign",319.15,320.31,"#"
"TokensAlign",320.31,320.42,"un"
"TokensAlign",320.42,320.6,"petit"
"TokensAlign",320.6,321.29,"partenariat"
"TokensAlign",321.29,321.51,"avec"
"TokensAlign",321.51,321.93,"netflix"
"TokensAlign",321.93,322.17,"pourquoi"
"TokensAlign",322.17,322.395,"pas"
"TokensAlign",322.395,325.034203,"#"
"TokensAlign",325.034203,325.986516,"@"
"TokensAlign",325.986516,327.125,"#"
"TokensAlign",327.125,327.195,"de"
"TokensAlign",327.195,327.76,"rien"
"TokensAlign",327.76,328.59,"#"
"TokensAlign",328.59,329.215,"euh"
"TokensAlign",329.215,329.92,"#"
"TokensAlign",329.92,330.02000000000004,"vous"
"TokensAlign",330.02000000000004,330.12,"avez"
"TokensAlign",330.12,330.43,"fini"
"TokensAlign",330.43,331.84,"#"
"TokensAlign",331.84,332.3,"d'accord"
"TokensAlign",332.3,332.855,"#"
"TokensAlign",332.855,333.779063,"euh"
"TokensAlign",333.779063,335.845,"#"
"TokensAlign",335.845,336.33500000000004,"euh"
"TokensAlign",336.33500000000004,336.65500000000003,"donc"
"TokensAlign",336.65500000000003,336.725,"euh"
"TokensAlign",336.725,337.175,"maintenant"
"TokensAlign",337.175,337.51500000000004,"c'est"
"TokensAlign",337.51500000000004,337.92,"à"
"TokensAlign",337.92,338.865,"#"
"TokensAlign",338.865,339.280313,"SPEAKER_0"
"TokensAlign",339.280313,459.851424,"#"
"TokensAlign",459.851424,460.239052,"@"
"TokensAlign",460.239052,496.841212,"#"
"TokensAlign",496.841212,499.082579,"@"
"TokensAlign",499.082579,528.975,"#"
"TokensAlign",528.975,529.37,"d'accord"
"TokensAlign",529.37,529.895,"#"
"TokensAlign",529.895,530.6,"euh"
"TokensAlign",530.6,532.51,"#"
"TokensAlign",532.51,533.4399999999999,"euh"
"TokensAlign",533.4399999999999,533.77,"du_coup"
"TokensAlign",533.77,534.51,"euh"
"TokensAlign",534.51,534.6,"on"
"TokensAlign",534.6,534.88,"arrive"
"TokensAlign",534.88,534.98,"à"
"TokensAlign",534.98,535.0699999999999,"la"
"TokensAlign",535.0699999999999,535.26,"fin"
"TokensAlign",535.26,535.29,"de"
"TokensAlign",535.29,535.38,"la"
"TokensAlign",535.38,535.725,"réunion"
"TokensAlign",535.725,536.19,"#"
"TokensAlign",536.19,536.23,"du"
"TokensAlign",536.23,536.3900000000001,"coup"
"TokensAlign",536.3900000000001,536.4300000000001,"je"
"TokensAlign",536.4300000000001,536.5100000000001,"vais"
"TokensAlign",536.5100000000001,536.71,"prendre"
"TokensAlign",536.71,536.74,"le"
"TokensAlign",536.74,536.99,"dernier"
"TokensAlign",536.99,537.1500000000001,"tour"
"TokensAlign",537.1500000000001,537.22,"de"
"TokensAlign",537.22,537.54,"parole"
"TokensAlign",537.54,538.585,"#"
"TokensAlign",538.585,539.16,"hum"
"TokensAlign",539.16,539.8,"#"
"TokensAlign",539.8,540.0799999999999,"du_coup"
"TokensAlign",540.0799999999999,540.18,"moi"
"TokensAlign",540.18,540.26,"je"
"TokensAlign",540.26,540.39,"vais"
"TokensAlign",540.39,540.9799999999999,"proposer"
"TokensAlign",540.9799999999999,541.38,"quelque_chose"
"TokensAlign",541.38,541.4499999999999,"d'"
"TokensAlign",541.4499999999999,541.8499999999999,"assez"
"TokensAlign",541.8499999999999,542.49,"euh"
"TokensAlign",542.49,543.06,"#"
"TokensAlign",543.06,543.7299999999999,"différent"
"TokensAlign",543.7299999999999,543.8399999999999,"des"
"TokensAlign",543.8399999999999,544.06,"thèmes"
"TokensAlign",544.06,544.2399999999999,"qui"
"TokensAlign",544.2399999999999,544.27,"ont"
"TokensAlign",544.27,544.4,"été"
"TokensAlign",544.4,544.7199999999999,"proposés"
"TokensAlign",544.7199999999999,545.4799999999999,"auparavant"
"TokensAlign",545.4799999999999,545.5799999999999,"qui"
"TokensAlign",545.5799999999999,545.6999999999999,"peut"
"TokensAlign",545.6999999999999,545.8499999999999,"être"
"TokensAlign",545.8499999999999,545.93,"un"
"TokensAlign",545.93,546.0699999999999,"peu"
"TokensAlign",546.0699999999999,546.46,"osé"
"TokensAlign",546.46,546.86,"#"
"TokensAlign",546.86,546.95,"je"
"TokensAlign",546.95,547.01,"vais"
"TokensAlign",547.01,547.4300000000001,"proposer"
"TokensAlign",547.4300000000001,547.49,"l'"
"TokensAlign",547.49,548.0600000000001,"horreur"
"TokensAlign",548.0600000000001,548.12,"ou"
"TokensAlign",548.12,548.29,"le"
"TokensAlign",548.29,548.939243,"suspense"
"TokensAlign",548.939243,550.295,"#"
"TokensAlign",550.295,551.0649999999999,"euh"
"TokensAlign",551.0649999999999,551.4649999999999,"donc"
"TokensAlign",551.4649999999999,551.615,"euh"
"TokensAlign",551.615,551.8449999999999,"horreur"
"TokensAlign",551.8449999999999,552.655,"suspense"
"TokensAlign",552.655,553.0749999999999,"euh"
"TokensAlign",553.0749999999999,553.1049999999999,"+"
"TokensAlign",553.1049999999999,553.245,"même"
"TokensAlign",553.245,553.365,"si"
"TokensAlign",553.365,553.4749999999999,"c'est"
"TokensAlign",553.4749999999999,553.655,"pas"
"TokensAlign",553.655,554.1049999999999,"exactement"
"TokensAlign",554.1049999999999,554.425,"pareil"
"TokensAlign",554.425,554.515,"les"
"TokensAlign",554.515,554.765,"deux"
"TokensAlign",554.765,554.905,"donc"
"TokensAlign",554.905,555.125,"c'est"
"TokensAlign",555.125,555.435,"avec"
"TokensAlign",555.435,555.5849999999999,"des"
"TokensAlign",555.5849999999999,555.915,"histoires"
"TokensAlign",555.915,556.265,"qui"
"TokensAlign",556.265,556.515,"font"
"TokensAlign",556.515,557.06,"peur"
"TokensAlign",557.06,557.695,"#"
"TokensAlign",557.695,558.1350000000001,"euh"
"TokensAlign",558.1350000000001,558.505,"qui"
"TokensAlign",558.505,559.28,"qui"
"TokensAlign",559.28,559.935,"#"
"TokensAlign",559.935,560.025,"nous"
"TokensAlign",560.025,560.2349999999999,"mettent"
"TokensAlign",560.2349999999999,560.3249999999999,"en"
"TokensAlign",560.3249999999999,561.18909,"angoisse"
"TokensAlign",561.18909,561.21,"#"
"TokensAlign",561.21,561.535,"euh"
"TokensAlign",561.535,562.2,"#"
"TokensAlign",562.2,562.665,"c'est"
"TokensAlign",562.665,564.16,"#"
"TokensAlign",564.16,564.51,"et"
"TokensAlign",564.51,564.74,"euh"
"TokensAlign",564.74,565.325,"#"
"TokensAlign",565.325,565.495,"pour"
"TokensAlign",565.495,565.815,"vivre"
"TokensAlign",565.815,565.9050000000001,"une"
"TokensAlign",565.9050000000001,566.335,"tension"
"TokensAlign",566.335,566.5150000000001,"plus"
"TokensAlign",566.5150000000001,566.6650000000001,"que"
"TokensAlign",566.6650000000001,566.965,"pour"
"TokensAlign",566.965,567.0250000000001,"euh"
"TokensAlign",567.0250000000001,567.345,"passer"
"TokensAlign",567.345,567.4250000000001,"un"
"TokensAlign",567.4250000000001,567.565,"bon"
"TokensAlign",567.565,567.875,"moment"
"TokensAlign",567.875,568.225,"parfois"
"TokensAlign",568.225,568.2650000000001,"j'"
"TokensAlign",568.2650000000001,568.2950000000001,"ai"
"TokensAlign",568.2950000000001,568.455,"envie"
"TokensAlign",568.455,568.5450000000001,"de"
"TokensAlign",568.5450000000001,568.795,"dire"
"TokensAlign",568.795,569.295,"#"
"TokensAlign",569.295,569.435,"donc"
"TokensAlign",569.435,569.635,"c'est"
"TokensAlign",569.635,569.745,"vrai"
"TokensAlign",569.745,569.775,"que"
"TokensAlign",569.775,569.8149999999999,"ça"
"TokensAlign",569.8149999999999,569.875,"s'"
"TokensAlign",569.875,570.275,"oppose"
"TokensAlign",570.275,570.735,"au"
"TokensAlign",570.735,571.485,"sujet"
"TokensAlign",571.485,571.615,"qui"
"TokensAlign",571.615,571.655,"m'"
"TokensAlign",571.655,571.6949999999999,"a"
"TokensAlign",571.6949999999999,572.045,"été"
"TokensAlign",572.045,572.3149999999999,"cité"
"TokensAlign",572.3149999999999,572.87,"auparavant"
"TokensAlign",572.87,573.835,"#"
"TokensAlign",573.835,575.15,"euh"
"TokensAlign",575.15,575.755,"#"
"TokensAlign",575.755,576.435,"personnellement"
"TokensAlign",576.435,576.575,"j'"
"TokensAlign",576.575,576.625,"ai"
"TokensAlign",576.625,576.995,"toujours"
"TokensAlign",576.995,577.215,"aimé"
"TokensAlign",577.215,577.415,"ce"
"TokensAlign",577.415,578.175,"genre"
"TokensAlign",578.175,579.245,"#"
"TokensAlign",579.245,579.865,"euh"
"TokensAlign",579.865,582.29,"#"
"TokensAlign",582.29,582.4499999999999,"et"
"TokensAlign",582.4499999999999,582.82,"euh"
"TokensAlign",582.82,583.85,"#"
"TokensAlign",583.85,584.35,"pour"
"TokensAlign",584.35,584.74,"plutôt"
"TokensAlign",584.74,585.21,"explorer"
"TokensAlign",585.21,585.24,"des"
"TokensAlign",585.24,585.5,"nouveaux"
"TokensAlign",585.5,586.03,"thèmes"
"TokensAlign",586.03,586.49,"pour"
"TokensAlign",586.49,587.295,"#"
"TokensAlign",587.295,587.495,"pour"
"TokensAlign",587.495,587.945,"euh"
"TokensAlign",587.945,588.565,"#"
"TokensAlign",588.565,588.7950000000001,"voir"
"TokensAlign",588.7950000000001,588.865,"des"
"TokensAlign",588.865,588.995,"choses"
"TokensAlign",588.995,589.105,"que"
"TokensAlign",589.105,589.1450000000001,"j'"
"TokensAlign",589.1450000000001,589.1750000000001,"ai"
"TokensAlign",589.1750000000001,589.445,"jamais"
"TokensAlign",589.445,589.595,"vues"
"TokensAlign",589.595,589.945,"par_exemple"
"TokensAlign",589.945,590.365,"des"
"TokensAlign",590.365,591.0150000000001,"monstres"
"TokensAlign",591.0150000000001,591.105,"des"
"TokensAlign",591.105,591.955,"fantômes"
"TokensAlign",591.955,592.29,"des"
"TokensAlign",592.29,593.23,"#"
"TokensAlign",593.23,593.69,"des"
"TokensAlign",593.69,594.11,"histoires"
"TokensAlign",594.11,594.86,"criminelles"
"TokensAlign",594.86,595.03,"+"
"TokensAlign",595.03,595.1700000000001,"alors"
"TokensAlign",595.1700000000001,595.3000000000001,"c'est"
"TokensAlign",595.3000000000001,595.39,"vrai"
"TokensAlign",595.39,595.4200000000001,"que"
"TokensAlign",595.4200000000001,595.51,"c'est"
"TokensAlign",595.51,595.64,"pas"
"TokensAlign",595.64,596.09,"forcément"
"TokensAlign",596.09,596.86,"positif"
"TokensAlign",596.86,597.1800000000001,"mais"
"TokensAlign",597.1800000000001,597.385,"euh"
"TokensAlign",597.385,598.005,"#"
"TokensAlign",598.005,598.075,"mais"
"TokensAlign",598.075,598.205,"je"
"TokensAlign",598.205,598.435,"dirais"
"TokensAlign",598.435,598.585,"pas"
"TokensAlign",598.585,598.655,"que"
"TokensAlign",598.655,598.835,"c'est"
"TokensAlign",598.835,599.405,"inspirant"
"TokensAlign",599.405,599.455,"ou"
"TokensAlign",599.455,600.185,"excitant"
"TokensAlign",600.185,600.455,"mais"
"TokensAlign",600.455,600.635,"euh"
"TokensAlign",600.635,601.4,"#"
"TokensAlign",601.4,601.52,"ça"
"TokensAlign",601.52,601.63,"peut"
"TokensAlign",601.63,601.79,"être"
"TokensAlign",601.79,602.18,"amusant"
"TokensAlign",602.18,602.2099999999999,"à"
"TokensAlign",602.2099999999999,602.43,"voir"
"TokensAlign",602.43,602.67,"surtout"
"TokensAlign",602.67,602.89,"avec"
"TokensAlign",602.89,602.9499999999999,"des"
"TokensAlign",602.9499999999999,603.26,"amis"
"TokensAlign",603.26,603.6,"surtout"
"TokensAlign",603.6,604.52,"halloween"
"TokensAlign",604.52,605.0,"surtout"
"TokensAlign",605.0,605.17,"le"
"TokensAlign",605.17,605.47,"soir"
"TokensAlign",605.47,605.55,"au"
"TokensAlign",605.55,606.01,"cinéma"
"TokensAlign",606.01,606.405,"c'est"
"TokensAlign",606.405,606.93,"#"
"TokensAlign",606.93,607.2099999999999,"c'est"
"TokensAlign",607.2099999999999,607.56,"toujours"
"TokensAlign",607.56,607.66,"un"
"TokensAlign",607.66,607.89,"bon"
"TokensAlign",607.89,608.16,"moment"
"TokensAlign",608.16,608.1899999999999,"de"
"TokensAlign",608.1899999999999,608.585,"bonheur"
"TokensAlign",608.585,609.575,"#"
"TokensAlign",609.575,610.17,"hum"
"TokensAlign",610.17,611.37,"#"
"TokensAlign",611.37,611.62,"là"
"TokensAlign",611.62,611.77,"où"
"TokensAlign",611.77,611.8,"il_y"
"TokensAlign",611.8,611.83,"a"
"TokensAlign",611.83,612.305,"un"
"TokensAlign",612.305,612.555,"#"
"TokensAlign",612.555,612.9749999999999,"problème"
"TokensAlign",612.9749999999999,613.035,"et"
"TokensAlign",613.035,613.2049999999999,"je"
"TokensAlign",613.2049999999999,613.415,"suis"
"TokensAlign",613.415,613.93,"d'accord"
"TokensAlign",613.93,614.045,"#"
"TokensAlign",614.045,614.115,"c'est"
"TokensAlign",614.115,614.245,"que"
"TokensAlign",614.245,614.545,"du_coup"
"TokensAlign",614.545,614.7249999999999,"ça"
"TokensAlign",614.7249999999999,615.015,"ne"
"TokensAlign",615.015,615.425,"convient"
"TokensAlign",615.425,615.545,"pas"
"TokensAlign",615.545,615.645,"à"
"TokensAlign",615.645,615.875,"tout_le"
"TokensAlign",615.875,616.215,"monde"
"TokensAlign",616.215,616.465,"#"
"TokensAlign",616.465,616.6750000000001,"vous"
"TokensAlign",616.6750000000001,616.775,"allez"
"TokensAlign",616.775,617.255,"pas"
"TokensAlign",617.255,617.395,"aller"
"TokensAlign",617.395,617.575,"voir"
"TokensAlign",617.575,617.635,"un"
"TokensAlign",617.635,617.835,"film"
"TokensAlign",617.835,617.875,"d'"
"TokensAlign",617.875,618.075,"horreur"
"TokensAlign",618.075,618.235,"avec"
"TokensAlign",618.235,618.4250000000001,"votre"
"TokensAlign",618.4250000000001,618.975,"grand-mère"
"TokensAlign",618.975,619.025,"ou"
"TokensAlign",619.025,619.1850000000001,"votre"
"TokensAlign",619.1850000000001,619.455,"petite"
"TokensAlign",619.455,619.745,"soeur"
"TokensAlign",619.745,620.87,"#"
"TokensAlign",620.87,621.38,"euh"
"TokensAlign",621.38,621.48,"je"
"TokensAlign",621.48,621.6,"peux"
"TokensAlign",621.6,622.03,"proposer"
"TokensAlign",622.03,622.17,"des"
"TokensAlign",622.17,622.42,"films"
"TokensAlign",622.42,622.5,"d'"
"TokensAlign",622.5,622.81,"horreur"
"TokensAlign",622.81,622.87,"#"
"TokensAlign",622.87,623.13,"plutôt"
"TokensAlign",623.13,623.785,"adaptés"
"TokensAlign",623.785,624.62,"#"
"TokensAlign",624.62,625.13,"aux"
"TokensAlign",625.13,625.54,"enfants"
"TokensAlign",625.54,625.89,"par_exemple"
"TokensAlign",625.89,626.13,"chair"
"TokensAlign",626.13,626.27,"de"
"TokensAlign",626.27,626.845,"poule"
"TokensAlign",626.845,627.105,"#"
"TokensAlign",627.105,627.84,"euh"
"TokensAlign",627.84,630.475,"#"
"TokensAlign",630.475,630.6750000000001,"non"
"TokensAlign",630.6750000000001,630.865,"chair"
"TokensAlign",630.865,630.945,"de"
"TokensAlign",630.945,631.135,"poule"
"TokensAlign",631.135,631.38,"en_fait"
"TokensAlign",631.38,631.65,"#"
"TokensAlign",631.65,632.145,"euh"
"TokensAlign",632.145,632.35,"#"
"TokensAlign",632.35,633.21,"@"
"TokensAlign",633.21,633.4300000000001,"chair"
"TokensAlign",633.4300000000001,633.63,"de"
"TokensAlign",633.63,633.94,"poule"
"TokensAlign",633.94,634.67,"#"
"TokensAlign",634.67,635.475,"euh"
"TokensAlign",635.475,635.65,"#"
"TokensAlign",635.65,635.6999999999999,"et"
"TokensAlign",635.6999999999999,636.52,"euh"
"TokensAlign",636.52,636.91,"#"
"TokensAlign",636.91,636.98,"je"
"TokensAlign",636.98,637.01,"sais"
"TokensAlign",637.01,637.04,"que"
"TokensAlign",637.04,637.16,"c'est"
"TokensAlign",637.16,637.3299999999999,"assez"
"TokensAlign",637.3299999999999,637.65,"différent"
"TokensAlign",637.65,637.79,"du"
"TokensAlign",637.79,638.01,"reste"
"TokensAlign",638.01,638.0699999999999,"mais"
"TokensAlign",638.0699999999999,638.23,"ça"
"TokensAlign",638.23,638.35,"peut"
"TokensAlign",638.35,638.5699999999999,"être"
"TokensAlign",638.5699999999999,639.14,"sympathique"
"TokensAlign",639.14,639.438977,"surtout"
"TokensAlign",639.438977,639.54,"#"
"TokensAlign",639.54,639.91,"que"
"TokensAlign",639.91,640.39,"on"
"TokensAlign",640.39,640.955,"#"
"TokensAlign",640.955,641.105,"on"
"TokensAlign",641.105,641.4250000000001,"est"
"TokensAlign",641.4250000000001,641.605,"quand"
"TokensAlign",641.605,641.7950000000001,"même"
"TokensAlign",641.7950000000001,642.115,"proche"
"TokensAlign",642.115,642.1750000000001,"d'"
"TokensAlign",642.1750000000001,643.095,"octobre"
"TokensAlign",643.095,643.2850000000001,"et"
"TokensAlign",643.2850000000001,643.59,"euh"
"TokensAlign",643.59,644.18,"#"
"TokensAlign",644.18,644.2399999999999,"ça"
"TokensAlign",644.2399999999999,644.4,"serait"
"TokensAlign",644.4,644.7199999999999,"sympa"
"TokensAlign",644.7199999999999,644.8,"de"
"TokensAlign",644.8,644.9699999999999,"faire"
"TokensAlign",644.9699999999999,645.26,"quelque_chose"
"TokensAlign",645.26,645.37,"dans"
"TokensAlign",645.37,645.4,"le"
"TokensAlign",645.4,645.68,"thème"
"TokensAlign",645.68,647.055,"#"
"TokensAlign",647.055,648.5,"euh"
"TokensAlign",648.5,650.36,"#"
"TokensAlign",650.36,650.69,"je"
"TokensAlign",650.69,651.1,"connais"
"TokensAlign",651.1,651.1800000000001,"je"
"TokensAlign",651.1800000000001,651.29,"peux"
"TokensAlign",651.29,651.45,"pas"
"TokensAlign",651.45,651.91,"citer"
"TokensAlign",651.91,652.46,"précisément"
"TokensAlign",652.46,652.62,"des"
"TokensAlign",652.62,652.99,"acteurs"
"TokensAlign",652.99,653.04,"ou"
"TokensAlign",653.04,653.1,"des"
"TokensAlign",653.1,653.87,"réalisateurs"
"TokensAlign",653.87,654.61,"célèbres"
"TokensAlign",654.61,655.095,"euh"
"TokensAlign",655.095,655.595,"#"
"TokensAlign",655.595,655.6650000000001,"pas"
"TokensAlign",655.6650000000001,655.9250000000001,"vraiment"
"TokensAlign",655.9250000000001,656.235,"quelque_chose"
"TokensAlign",656.235,656.345,"que"
"TokensAlign",656.345,656.455,"je"
"TokensAlign",656.455,657.13,"regarde"
"TokensAlign",657.13,657.43,"#"
"TokensAlign",657.43,657.53,"quand"
"TokensAlign",657.53,657.62,"je"
"TokensAlign",657.62,657.8399999999999,"regarde"
"TokensAlign",657.8399999999999,657.9499999999999,"un"
"TokensAlign",657.9499999999999,658.18,"film"
"TokensAlign",658.18,658.3199999999999,"mais"
"TokensAlign",658.3199999999999,658.48,"bon"
"TokensAlign",658.48,659.825,"#"
"TokensAlign",659.825,660.6650000000001,"euh"
"TokensAlign",660.6650000000001,660.7950000000001,"donc"
"TokensAlign",660.7950000000001,661.0450000000001,"oui"
"TokensAlign",661.0450000000001,661.105,"je"
"TokensAlign",661.105,661.2850000000001,"pourrais"
"TokensAlign",661.2850000000001,661.6550000000001,"proposer"
"TokensAlign",661.6550000000001,661.855,"chair"
"TokensAlign",661.855,661.975,"de"
"TokensAlign",661.975,662.1850000000001,"poule"
"TokensAlign",662.1850000000001,662.445,"parce_que"
"TokensAlign",662.445,662.615,"c'est"
"TokensAlign",662.615,662.875,"assez"
"TokensAlign",662.875,663.0450000000001,"c'est"
"TokensAlign",663.0450000000001,663.485,"inspiré"
"TokensAlign",663.485,663.5550000000001,"d'"
"TokensAlign",663.5550000000001,663.745,"un"
"TokensAlign",663.745,663.875,"livre"
"TokensAlign",663.875,663.9350000000001,"que"
"TokensAlign",663.9350000000001,664.195,"tout_le"
"TokensAlign",664.195,664.2850000000001,"monde"
"TokensAlign",664.2850000000001,664.585,"regarde"
"TokensAlign",664.585,664.985,"depuis"
"TokensAlign",664.985,665.475,"euh"
"TokensAlign",665.475,665.6750000000001,"tout_le"
"TokensAlign",665.6750000000001,665.7750000000001,"monde"
"TokensAlign",665.7750000000001,665.865,"a"
"TokensAlign",665.865,666.005,"lu"
"TokensAlign",666.005,666.345,"depuis"
"TokensAlign",666.345,666.485,"très"
"TokensAlign",666.485,666.865,"longtemps"
"TokensAlign",666.865,666.965,"donc"
"TokensAlign",666.965,667.125,"ça"
"TokensAlign",667.125,667.455,"ferait"
"TokensAlign",667.455,667.495,"ça"
"TokensAlign",667.495,667.955,"pourrait"
"TokensAlign",667.955,668.315,"aussi"
"TokensAlign",668.315,668.6550000000001,"ramener"
"TokensAlign",668.6550000000001,668.6850000000001,"des"
"TokensAlign",668.6850000000001,669.0350000000001,"personnes"
"TokensAlign",669.0350000000001,669.065,"de"
"TokensAlign",669.065,669.195,"la"
"TokensAlign",669.195,669.885,"géné"
"TokensAlign",669.885,670.345,"de"
"TokensAlign",670.345,670.4050000000001,"des"
"TokensAlign",670.4050000000001,670.945,"générations"
"TokensAlign",670.945,670.995,"un"
"TokensAlign",670.995,671.105,"peu"
"TokensAlign",671.105,671.475,"plus"
"TokensAlign",671.475,671.7750000000001,"anciennes"
"TokensAlign",671.7750000000001,671.845,"donc"
"TokensAlign",671.845,672.0350000000001,"ça"
"TokensAlign",672.0350000000001,672.205,"date"
"TokensAlign",672.205,672.4250000000001,"de"
"TokensAlign",672.4250000000001,672.955,"quatre-vingt_zéro"
"TokensAlign",672.955,673.0550000000001,"je"
"TokensAlign",673.0550000000001,673.2750000000001,"crois"
"TokensAlign",673.2750000000001,673.375,"les"
"TokensAlign",673.375,673.605,"livres"
"TokensAlign",673.605,674.22,"#"
"TokensAlign",674.22,674.34,"et"
"TokensAlign",674.34,674.39,"euh"
"TokensAlign",674.39,674.45,"vous"
"TokensAlign",674.45,674.48,"en"
"TokensAlign",674.48,674.58,"avez"
"TokensAlign",674.58,674.87,"peut-être"
"TokensAlign",674.87,675.1800000000001,"déjà"
"TokensAlign",675.1800000000001,675.3100000000001,"lu"
"TokensAlign",675.3100000000001,675.4300000000001,"+"
"TokensAlign",675.4300000000001,675.62,"quand"
"TokensAlign",675.62,675.7,"vous"
"TokensAlign",675.7,675.9,"étiez"
"TokensAlign",675.9,676.15,"jeune"
"TokensAlign",676.15,677.13,"#"
"TokensAlign",677.13,677.23,"les"
"TokensAlign",677.23,677.42,"chairs"
"TokensAlign",677.42,677.52,"de"
"TokensAlign",677.52,677.79,"paule"
"TokensAlign",677.79,687.15,"#"
"TokensAlign",687.15,687.48,"oui"
"TokensAlign",687.48,688.3,"voilà"
"TokensAlign",688.3,688.68,"@"
"TokensAlign",688.68,689.02,"+"
"TokensAlign",689.02,689.0799999999999,"donc"
"TokensAlign",689.0799999999999,689.1899999999999,"c'est"
"TokensAlign",689.1899999999999,689.22,"que"
"TokensAlign",689.22,689.37,"ça"
"TokensAlign",689.37,689.51,"peut"
"TokensAlign",689.51,689.6899999999999,"faire"
"TokensAlign",689.6899999999999,689.9399999999999,"peur"
"TokensAlign",689.9399999999999,690.09,"mais"
"TokensAlign",690.09,690.28,"bon"
"TokensAlign",690.28,691.1,"#"
"TokensAlign",691.1,692.42,"euh"
"TokensAlign",692.42,693.02,"#"
"TokensAlign",693.02,693.4499999999999,"donc"
"TokensAlign",693.4499999999999,693.78,"euh"
"TokensAlign",693.78,694.48,"voilà"
"TokensAlign",694.48,694.76,"euh"
"TokensAlign",694.76,694.81,"+"
"TokensAlign",694.81,695.03,"après"
"TokensAlign",695.03,695.11,"je"
"TokensAlign",695.11,695.27,"sais"
"TokensAlign",695.27,695.31,"que"
"TokensAlign",695.31,695.42,"c'est"
"TokensAlign",695.42,695.63,"assez"
"TokensAlign",695.63,696.01,"ancien"
"TokensAlign",696.01,696.16,"mais"
"TokensAlign",696.16,696.85,"effectivement"
"TokensAlign",696.85,697.11,"euh"
"TokensAlign",697.11,697.29,"le"
"TokensAlign",697.29,697.6999999999999,"genre"
"TokensAlign",697.6999999999999,697.8,"d'"
"TokensAlign",697.8,698.11,"horreur"
"TokensAlign",698.11,698.14,"a"
"TokensAlign",698.14,698.6899999999999,"évolué"
"TokensAlign",698.6899999999999,699.0699999999999,"aujourd'hui"
"TokensAlign",699.0699999999999,699.54,"aussi"
"TokensAlign",699.54,699.736395,"euh"
"TokensAlign",699.736395,700.745376,"#"
"TokensAlign",700.745376,701.315376,"aujourd'hui"
"TokensAlign",701.315376,701.4053759999999,"l'"
"TokensAlign",701.4053759999999,701.6453759999999,"horreur"
"TokensAlign",701.6453759999999,701.7853759999999,"c'est"
"TokensAlign",701.7853759999999,702.325376,"plutôt"
"TokensAlign",702.325376,702.5353759999999,"du"
"TokensAlign",702.5353759999999,703.455376,"gore"
"TokensAlign",703.455376,703.635376,"du"
"TokensAlign",703.635376,704.085376,"steak"
"TokensAlign",704.085376,704.3053759999999,"donc"
"TokensAlign",704.3053759999999,704.355376,"on"
"TokensAlign",704.355376,704.455376,"va"
"TokensAlign",704.455376,704.615376,"pas"
"TokensAlign",704.615376,704.7953759999999,"mettre"
"TokensAlign",704.7953759999999,704.855376,"ça"
"TokensAlign",704.855376,704.8953759999999,"à"
"TokensAlign",704.8953759999999,704.985376,"un"
"TokensAlign",704.985376,705.5453759999999,"festival"
"TokensAlign",705.5453759999999,706.045,"évidemment"
"TokensAlign",706.045,706.92,"#"
"TokensAlign",706.92,707.2299999999999,"donc"
"TokensAlign",707.2299999999999,707.81,"je"
"TokensAlign",707.81,708.12,"pense"
"TokensAlign",708.12,708.15,"qu'"
"TokensAlign",708.15,708.2299999999999,"on"
"TokensAlign",708.2299999999999,708.93,"peut"
"TokensAlign",708.93,709.24,"revenir"
"TokensAlign",709.24,709.36,"un"
"TokensAlign",709.36,709.5999999999999,"petit"
"TokensAlign",709.5999999999999,709.7099999999999,"peu"
"TokensAlign",709.7099999999999,709.8,"en"
"TokensAlign",709.8,710.18,"arrière"
"TokensAlign",710.18,710.3299999999999,"et"
"TokensAlign",710.3299999999999,710.65,"prendre"
"TokensAlign",710.65,710.74,"des"
"TokensAlign",710.74,710.9,"vieux"
"TokensAlign",710.9,711.2299999999999,"films"
"TokensAlign",711.2299999999999,711.26,"qui"
"TokensAlign",711.26,711.89,"sont"
"TokensAlign",711.89,712.15,"plus"
"TokensAlign",712.15,713.04,"accessibles"
"TokensAlign",713.04,714.22,"#"
"TokensAlign",714.22,714.39,"et"
"TokensAlign",714.39,715.1,"éventuellement"
"TokensAlign",715.1,715.415,"drôles"
"TokensAlign",715.415,715.54,"#"
"TokensAlign",715.54,715.63,"c'est"
"TokensAlign",715.63,715.76,"pas"
"TokensAlign",715.76,715.9499999999999,"que"
"TokensAlign",715.9499999999999,716.04,"de"
"TokensAlign",716.04,716.0699999999999,"l'"
"TokensAlign",716.0699999999999,716.81,"horreur"
"TokensAlign",716.81,719.245,"#"
"TokensAlign",719.245,719.505,"donc"
"TokensAlign",719.505,719.775,"voilà"
"TokensAlign",719.775,720.665,"#"
"TokensAlign",720.665,721.33,"hum"
"TokensAlign",721.33,726.425,"#"
"TokensAlign",726.425,726.7149999999999,"euh"
"TokensAlign",726.7149999999999,726.8449999999999,"je"
"TokensAlign",726.8449999999999,727.045,"pense"
"TokensAlign",727.045,727.1049999999999,"qu'"
"TokensAlign",727.1049999999999,727.1949999999999,"on"
"TokensAlign",727.1949999999999,727.295,"a"
"TokensAlign",727.295,727.875,"fini"
"TokensAlign",727.875,729.475,"#"
"TokensAlign",729.475,730.5,"euh"
"TokensAlign",730.5,731.115,"#"
"TokensAlign",731.115,731.165,"et"
"TokensAlign",731.165,731.405,"peut-être"
"TokensAlign",731.405,731.445,"qu'"
"TokensAlign",731.445,731.475,"on"
"TokensAlign",731.475,731.565,"va"
"TokensAlign",731.565,731.755,"faire"
"TokensAlign",731.755,731.8050000000001,"un"
"TokensAlign",731.8050000000001,732.42,"compte-rendu"
"TokensAlign",732.42,739.495,"#"
"TokensAlign",739.495,739.775,"sinon"
"TokensAlign",739.775,748.077188,"#"
"TokensAlign",748.077188,748.6171879999999,"donc"
"TokensAlign",748.6171879999999,748.92,"du_coup"
"TokensAlign",748.92,756.33,"#"
"TokensAlign",756.33,756.4200000000001,"euh"
"TokensAlign",756.4200000000001,756.6,"je"
"TokensAlign",756.6,756.8100000000001,"suis"
"TokensAlign",756.8100000000001,757.33,"d'accord"
"TokensAlign",757.33,757.665,"@"
"TokensAlign",757.665,769.545881,"#"
"TokensAlign",769.545881,770.043681,"@"
"TokensAlign",770.043681,790.39073,"#"
"TokensAlign",790.39073,791.429617,"@"
"TokensAlign",791.429617,792.468504,"#"
"TokensAlign",792.468504,793.345,"@"
"TokensAlign",793.345,793.6650000000001,"c'est"
"TokensAlign",793.6650000000001,793.775,"un"
"TokensAlign",793.775,793.995,"très"
"TokensAlign",793.995,794.1650000000001,"bon"
"TokensAlign",794.1650000000001,794.655,"argument"
"TokensAlign",794.655,795.576209,"@"
"TokensAlign",795.576209,804.925,"#"
"TokensAlign",804.925,805.772813,"ah"
"TokensAlign",805.772813,807.97,"#"
"TokensAlign",807.97,808.135,"ouais"
"TokensAlign",808.135,809.125,"#"
"TokensAlign",809.125,809.41,"*"
"TokensAlign",809.41,824.035,"#"
"TokensAlign",824.035,824.145,"c'est"
"TokensAlign",824.145,824.38,"ça"
"TokensAlign",824.38,828.24,"#"
"TokensAlign",828.24,828.3100000000001,"ouais"
"TokensAlign",828.3100000000001,828.49,"ouais"
"TokensAlign",828.49,829.025,"#"
"TokensAlign",829.025,829.29,"voilà"
"TokensAlign",829.29,843.28,"#"
"TokensAlign",843.28,843.68,"mais"
"TokensAlign",843.68,843.7099999999999,"euh"
"TokensAlign",843.7099999999999,843.9599999999999,"du_coup"
"TokensAlign",843.9599999999999,844.22,"faudrait"
"TokensAlign",844.22,844.28,"se"
"TokensAlign",844.28,844.73,"demander"
"TokensAlign",844.73,844.9,"est-ce_que"
"TokensAlign",844.9,845.0,"les"
"TokensAlign",845.0,845.23,"nouvelles"
"TokensAlign",845.23,846.01,"technologies"
"TokensAlign",846.01,846.04,"ont"
"TokensAlign",846.04,846.3199999999999,"un"
"TokensAlign",846.3199999999999,846.65,"impact"
"TokensAlign",846.65,847.0,"sur_ce"
"TokensAlign",847.0,847.265,"genre"
"TokensAlign",847.265,848.24,"#"
"TokensAlign",848.24,848.5600000000001,"donc"
"TokensAlign",848.5600000000001,848.73,"euh"
"TokensAlign",848.73,849.14,"par_exemple"
"TokensAlign",849.14,849.635,"la"
"TokensAlign",849.635,850.53,"#"
"TokensAlign",850.53,850.86,"la"
"TokensAlign",850.86,851.015,"la"
"TokensAlign",851.015,851.825,"#"
"TokensAlign",851.825,851.865,"si"
"TokensAlign",851.865,852.125,"le"
"TokensAlign",852.125,853.09,"film"
"TokensAlign",853.09,853.63,"#"
"TokensAlign",853.63,853.84,"donc"
"TokensAlign",853.84,853.89,"on"
"TokensAlign",853.89,853.99,"a"
"TokensAlign",853.99,854.24,"dit"
"TokensAlign",854.24,854.58,"action"
"TokensAlign",854.58,854.71,"c'est"
"TokensAlign",854.71,854.905,"ça"
"TokensAlign",854.905,855.67,"#"
"TokensAlign",855.67,856.39,"aventure"
"TokensAlign",856.39,856.7299999999999,"pardon"
"TokensAlign",856.7299999999999,856.8399999999999,"je"
"TokensAlign",856.8399999999999,857.0999999999999,"confonds"
"TokensAlign",857.0999999999999,857.1999999999999,"les"
"TokensAlign",857.1999999999999,857.39,"deux"
"TokensAlign",857.39,857.99,"+"
"TokensAlign",857.99,858.3399999999999,"donc"
"TokensAlign",858.3399999999999,858.77,"hum"
"TokensAlign",858.77,859.5699999999999,"+"
"TokensAlign",859.5699999999999,859.9799999999999,"jumanji"
"TokensAlign",859.9799999999999,860.02,"on"
"TokensAlign",860.02,860.18,"avait"
"TokensAlign",860.18,860.3299999999999,"dit"
"TokensAlign",860.3299999999999,860.37,"que"
"TokensAlign",860.37,860.66,"c'était"
"TokensAlign",860.66,860.9499999999999,"bien"
"TokensAlign",860.9499999999999,861.04,"je"
"TokensAlign",861.04,861.76,"crois"
"TokensAlign",861.76,861.87,"qu'"
"TokensAlign",861.87,861.99,"il_y"
"TokensAlign",861.99,862.02,"a"
"TokensAlign",862.02,862.18,"une"
"TokensAlign",862.18,862.38,"version"
"TokensAlign",862.38,862.41,"en"
"TokensAlign",862.41,862.68,"4d"
"TokensAlign",862.68,862.8,"je"
"TokensAlign",862.8,862.99,"crois"
"TokensAlign",862.99,863.13,"non"
"TokensAlign",863.13,863.68,"#"
"TokensAlign",863.68,864.185,"3d"
"TokensAlign",864.185,865.149449,"@"
"TokensAlign",865.149449,868.4,"#"
"TokensAlign",868.4,868.4399999999999,"je"
"TokensAlign",868.4399999999999,868.85,"pense"
"TokensAlign",868.85,869.3,"que"
"TokensAlign",869.3,869.3299999999999,"j'"
"TokensAlign",869.3299999999999,869.36,"ai"
"TokensAlign",869.36,869.4499999999999,"vu"
"TokensAlign",869.4499999999999,869.66,"que"
"TokensAlign",869.66,869.76,"dans"
"TokensAlign",869.76,869.86,"les"
"TokensAlign",869.86,870.05,"grands"
"TokensAlign",870.05,870.4399999999999,"cinémas"
"TokensAlign",870.4399999999999,870.59,"il"
"TokensAlign",870.59,870.73,"était"
"TokensAlign",870.73,871.27,"proposé"
"TokensAlign",871.27,871.76,"en"
"TokensAlign",871.76,873.155,"#"
"TokensAlign",873.155,873.89,"hdmx"
"TokensAlign",873.89,874.305,"#"
"TokensAlign",874.305,874.435,"est-ce"
"TokensAlign",874.435,874.4649999999999,"que"
"TokensAlign",874.4649999999999,874.515,"j'"
"TokensAlign",874.515,874.5649999999999,"ai"
"TokensAlign",874.5649999999999,874.995,"compris"
"TokensAlign",874.995,875.625,"+"
"TokensAlign",875.625,875.665,"où"
"TokensAlign",875.665,875.765,"t'"
"TokensAlign",875.765,875.8249999999999,"as"
"TokensAlign",875.8249999999999,875.905,"le"
"TokensAlign",875.905,876.2149999999999,"siège"
"TokensAlign",876.2149999999999,876.3549999999999,"qui"
"TokensAlign",876.3549999999999,876.5849999999999,"bouge"
"TokensAlign",876.5849999999999,876.685,"et"
"TokensAlign",876.685,876.94,"tout"
"TokensAlign",876.94,879.83,"#"
"TokensAlign",879.83,880.145,"voilà"
"TokensAlign",880.145,881.68,"#"
"TokensAlign",881.68,882.425,"exactement"
"TokensAlign",882.425,896.04,"#"
"TokensAlign",896.04,896.2099999999999,"voilà"
"TokensAlign",896.2099999999999,896.3199999999999,"donc"
"TokensAlign",896.3199999999999,896.48,"ça"
"TokensAlign",896.48,897.0,"mélange"
"TokensAlign",897.0,897.2099999999999,"nouvelles"
"TokensAlign",897.2099999999999,898.03,"technologies"
"TokensAlign",898.03,898.38,"et"
"TokensAlign",898.38,898.6899999999999,"en"
"TokensAlign",898.6899999999999,898.87,"même"
"TokensAlign",898.87,899.29,"temps"
"TokensAlign",899.29,899.325,"si"
"TokensAlign",899.325,899.57,"#"
"TokensAlign",899.57,899.61,"si"
"TokensAlign",899.61,899.75,"c'est"
"TokensAlign",899.75,899.9200000000001,"ça"
"TokensAlign",899.9200000000001,900.08,"si"
"TokensAlign",900.08,900.19,"on"
"TokensAlign",900.19,900.58,"propose"
"TokensAlign",900.58,900.73,"de"
"TokensAlign",900.73,900.96,"jouer"
"TokensAlign",900.96,901.12,"aux"
"TokensAlign",901.12,901.28,"vrais"
"TokensAlign",901.28,901.42,"jeux"
"TokensAlign",901.42,901.46,"de"
"TokensAlign",901.46,901.77,"plateau"
"TokensAlign",901.77,901.92,"ça"
"TokensAlign",901.92,902.08,"peut"
"TokensAlign",902.08,902.31,"aussi"
"TokensAlign",902.31,902.62,"partir"
"TokensAlign",902.62,902.77,"dans"
"TokensAlign",902.77,902.87,"les"
"TokensAlign",902.87,903.02,"vrai"
"TokensAlign",903.02,904.33,"vraiment"
"TokensAlign",904.33,904.69,"anciennes"
"TokensAlign",904.69,904.81,"c'est"
"TokensAlign",904.81,904.89,"pas"
"TokensAlign",904.89,904.99,"une"
"TokensAlign",904.99,905.23,"ancienne"
"TokensAlign",905.23,905.78,"technologie"
"TokensAlign",905.78,906.195,"mais"
"TokensAlign",906.195,906.83,"#"
"TokensAlign",906.83,906.99,"les"
"TokensAlign",906.99,907.17,"jeux"
"TokensAlign",907.17,907.32,"plus"
"TokensAlign",907.32,907.67,"basiques"
"TokensAlign",907.67,907.79,"#"
"TokensAlign",907.79,907.85,"on"
"TokensAlign",907.85,907.92,"va"
"TokensAlign",907.92,908.095,"dire"
"TokensAlign",908.095,908.51,"#"
"TokensAlign",908.51,908.845,"voilà"
"TokensAlign",908.845,927.1,"#"
"TokensAlign",927.1,927.66,"mais"
"TokensAlign",927.66,927.78,"euh"
"TokensAlign",927.78,928.06,"du_coup"
"TokensAlign",928.06,928.16,"le"
"TokensAlign",928.16,928.31,"genre"
"TokensAlign",928.31,928.35,"d'"
"TokensAlign",928.35,928.72,"aventure"
"TokensAlign",928.72,928.78,"vous"
"TokensAlign",928.78,929.06,"pensez"
"TokensAlign",929.06,929.11,"que"
"TokensAlign",929.11,929.27,"c'est"
"TokensAlign",929.27,929.54,"mieux"
"TokensAlign",929.54,930.01,"en"
"TokensAlign",930.01,930.49,"format"
"TokensAlign",930.49,931.02,"film"
"TokensAlign",931.02,931.05,"ou"
"TokensAlign",931.05,931.68,"format"
"TokensAlign",931.68,932.12,"série"
"TokensAlign",932.12,932.28,"comme"
"TokensAlign",932.28,932.32,"il_y"
"TokensAlign",932.32,932.38,"en"
"TokensAlign",932.38,932.46,"a"
"TokensAlign",932.46,932.81,"beaucoup"
"TokensAlign",932.81,933.03,"sur"
"TokensAlign",933.03,933.06,"euh"
"TokensAlign",933.06,933.19,"ben"
"TokensAlign",933.19,933.66,"netflix"
"TokensAlign",933.66,933.97,"encore"
"TokensAlign",933.97,947.18,"#"
"TokensAlign",947.18,947.38,"ouais"
"TokensAlign",947.38,947.43,"ils"
"TokensAlign",947.43,947.57,"mettent"
"TokensAlign",947.57,947.6,"des"
"TokensAlign",947.6,948.67,"cliffhangers"
"TokensAlign",948.67,948.79,"c'est"
"TokensAlign",948.79,948.89,"ça"
"TokensAlign",948.89,949.55,"exactement"
"TokensAlign",949.55,949.725,"#"
"TokensAlign",949.725,949.805,"c'est"
"TokensAlign",949.805,949.865,"je"
"TokensAlign",949.865,949.925,"sais"
"TokensAlign",949.925,950.025,"pas"
"TokensAlign",950.025,950.175,"comment"
"TokensAlign",950.175,950.225,"on"
"TokensAlign",950.225,950.285,"dit"
"TokensAlign",950.285,950.365,"en"
"TokensAlign",950.365,951.015,"français"
"TokensAlign",951.015,951.75,"@"
"TokensAlign",951.75,959.17,"#"
"TokensAlign",959.17,959.38,"ouais"
"TokensAlign",959.38,959.545,"ouais"
"TokensAlign",959.545,960.86,"#"
"TokensAlign",960.86,961.03,"ah"
"TokensAlign",961.03,961.21,"oui"
"TokensAlign",961.21,961.38,"ah"
"TokensAlign",961.38,961.48,"oui"
"TokensAlign",961.48,961.62,"ça"
"TokensAlign",961.62,961.98,"c'est"
"TokensAlign",961.98,962.37,"euh"
"TokensAlign",962.37,962.55,"ça"
"TokensAlign",962.55,962.6,"m'"
"TokensAlign",962.6,962.94,"énerve"
"TokensAlign",962.94,963.5,"immédiatement"
"TokensAlign",963.5,963.735,"quoi"
"TokensAlign",963.735,966.25,"#"
"TokensAlign",966.25,966.74,"ouais"
"TokensAlign",966.74,971.34,"#"
"TokensAlign",971.34,971.56,"c'est"
"TokensAlign",971.56,971.74,"vrai"
"TokensAlign",971.74,971.91,"ça"
"TokensAlign",971.91,972.25,"serait"
"TokensAlign",972.25,972.49,"dur"
"TokensAlign",972.49,972.82,"faudrait"
"TokensAlign",972.82,973.27,"que"
"TokensAlign",973.27,974.42,"#"
"TokensAlign",974.42,974.51,"que"
"TokensAlign",974.51,974.59,"je"
"TokensAlign",974.59,974.83,"connais"
"TokensAlign",974.83,974.97,"pas"
"TokensAlign",974.97,975.06,"de"
"TokensAlign",975.06,975.36,"séries"
"TokensAlign",975.36,975.72,"courtes"
"TokensAlign",975.72,975.81,"hein"
"TokensAlign",975.81,976.09,"généralement"
"TokensAlign",976.09,976.17,"les"
"TokensAlign",976.17,976.63,"séries"
"TokensAlign",976.63,976.78,"on"
"TokensAlign",976.78,977.01,"a"
"TokensAlign",977.01,977.21,"douze"
"TokensAlign",977.21,977.69,"saisons"
"TokensAlign",977.69,977.82,"c'est"
"TokensAlign",977.82,978.01,"sans"
"TokensAlign",978.01,978.325,"fin"
"TokensAlign",978.325,986.71,"#"
"TokensAlign",986.71,986.82,"ah"
"TokensAlign",986.82,986.9,"ouais"
"TokensAlign",986.9,987.09,"mais"
"TokensAlign",987.09,987.47,"là"
"TokensAlign",987.47,987.58,"il"
"TokensAlign",987.58,987.89,"faudrait"
"TokensAlign",987.89,988.26,"faire"
"TokensAlign",988.26,988.29,"un"
"TokensAlign",988.29,988.7,"épisode"
"TokensAlign",988.7,988.92,"par"
"TokensAlign",988.92,989.95,"jour"
"TokensAlign",989.95,991.72,"#"
"TokensAlign",991.72,991.79,"en"
"TokensAlign",991.79,992.08,"plus"
"TokensAlign",992.08,992.315,"euh"
"TokensAlign",992.315,993.075,"#"
"TokensAlign",993.075,993.165,"il_y"
"TokensAlign",993.165,993.225,"a"
"TokensAlign",993.225,993.425,"il_y"
"TokensAlign",993.425,993.495,"a"
"TokensAlign",993.495,993.635,"quoi"
"TokensAlign",993.635,993.805,"comme"
"TokensAlign",993.805,994.125,"série"
"TokensAlign",994.125,994.485,"d'"
"TokensAlign",994.485,995.325,"action"
"TokensAlign",995.325,995.895,"aventure"
"TokensAlign",995.895,999.235,"#"
"TokensAlign",999.235,999.315,"ben"
"TokensAlign",999.315,999.455,"c'est"
"TokensAlign",999.455,999.73,"ça"
"TokensAlign",999.73,1000.27,"#"
"TokensAlign",1000.27,1000.53,"donc"
"TokensAlign",1000.53,1000.56,"on"
"TokensAlign",1000.56,1000.59,"n'"
"TokensAlign",1000.59,1000.87,"a"
"TokensAlign",1000.87,1001.03,"pas"
"TokensAlign",1001.03,1001.17,"trop"
"TokensAlign",1001.17,1001.23,"ce"
"TokensAlign",1001.23,1001.54,"problème"
"TokensAlign",1001.54,1001.85,"du_coup"
"TokensAlign",1001.85,1003.88,"#"
"TokensAlign",1003.88,1003.97,"ben"
"TokensAlign",1003.97,1004.23,"ben"
"TokensAlign",1004.23,1004.37,"moi"
"TokensAlign",1004.37,1004.48,"je"
"TokensAlign",1004.48,1004.66,"suis"
"TokensAlign",1004.66,1005.025,"d'accord"
"TokensAlign",1005.025,1005.44,"#"
"TokensAlign",1005.44,1005.79,"mh"
"TokensAlign",1005.79,1005.845,"mh"
"TokensAlign",1005.845,1006.365,"#"
"TokensAlign",1006.365,1006.515,"moi"
"TokensAlign",1006.515,1006.635,"quand"
"TokensAlign",1006.635,1006.695,"on"
"TokensAlign",1006.695,1007.275,"comment"
"TokensAlign",1007.275,1007.525,"on"
"TokensAlign",1007.525,1007.845,"conseille"
"TokensAlign",1007.845,1007.905,"une"
"TokensAlign",1007.905,1008.125,"série"
"TokensAlign",1008.125,1008.275,"sur"
"TokensAlign",1008.275,1008.635,"netflix"
"TokensAlign",1008.635,1008.775,"et"
"TokensAlign",1008.775,1008.815,"je"
"TokensAlign",1008.815,1008.945,"vois"
"TokensAlign",1008.945,1009.045,"qu'"
"TokensAlign",1009.045,1009.085,"il_y"
"TokensAlign",1009.085,1009.275,"a"
"TokensAlign",1009.275,1009.485,"cinq"
"TokensAlign",1009.485,1009.895,"saisons"
"TokensAlign",1009.895,1010.17,"#"
"TokensAlign",1010.17,1010.31,"de"
"TokensAlign",1010.31,1010.47,"douze"
"TokensAlign",1010.47,1010.78,"épisodes"
"TokensAlign",1010.78,1011.1,"chacune"
"TokensAlign",1011.1,1011.26,"je"
"TokensAlign",1011.26,1011.39,"dis"
"TokensAlign",1011.39,1011.555,"non"
"TokensAlign",1011.555,1012.465,"#"
"TokensAlign",1012.465,1012.575,"j"
"TokensAlign",1012.575,1012.625,"ai"
"TokensAlign",1012.625,1012.755,"pas"
"TokensAlign",1012.755,1012.785,"le"
"TokensAlign",1012.785,1013.065,"temps"
"TokensAlign",1013.065,1013.325,"#"
"TokensAlign",1013.325,1014.26179,"@"
"TokensAlign",1014.26179,1015.355,"#"
"TokensAlign",1015.355,1015.985,"euh"
"TokensAlign",1015.985,1017.425,"#"
"TokensAlign",1017.425,1017.895,"voilà"
"TokensAlign",1017.895,1019.14,"#"
"TokensAlign",1019.14,1019.89,"euh"
"TokensAlign",1019.89,1020.0,"mais"
"TokensAlign",1020.0,1020.57,"après"
"TokensAlign",1020.57,1020.77,"c'est"
"TokensAlign",1020.77,1020.87,"vrai"
"TokensAlign",1020.87,1021.0,"que"
"TokensAlign",1021.0,1021.13,"quand"
"TokensAlign",1021.13,1021.2,"on"
"TokensAlign",1021.2,1021.42,"parlait"
"TokensAlign",1021.42,1021.47,"de"
"TokensAlign",1021.47,1021.73,"super"
"TokensAlign",1021.73,1022.31,"héros"
"TokensAlign",1022.31,1022.51,"et"
"TokensAlign",1022.51,1022.97,"aventure"
"TokensAlign",1022.97,1023.13,"ça"
"TokensAlign",1023.13,1023.23,"se"
"TokensAlign",1023.23,1023.48,"rejoint"
"TokensAlign",1023.48,1023.8,"beaucoup"
"TokensAlign",1023.8,1024.18,"du_coup"
"TokensAlign",1024.18,1024.65,"est-ce_que"
"TokensAlign",1024.65,1024.9,"le"
"TokensAlign",1024.9,1025.655,"genre"
"TokensAlign",1025.655,1026.265,"#"
"TokensAlign",1026.265,1026.775,"aventure"
"TokensAlign",1026.775,1027.025,"il"
"TokensAlign",1027.025,1027.575,"interagit"
"TokensAlign",1027.575,1027.765,"avec"
"TokensAlign",1027.765,1028.035,"d'autres"
"TokensAlign",1028.035,1028.19,"genres"
"TokensAlign",1028.19,1029.115,"#"
"TokensAlign",1029.115,1029.165,"mais"
"TokensAlign",1029.165,1029.315,"pas"
"TokensAlign",1029.315,1029.655,"forcément"
"TokensAlign",1029.655,1029.815,"ceux"
"TokensAlign",1029.815,1029.895,"qu'"
"TokensAlign",1029.895,1029.985,"on"
"TokensAlign",1029.985,1030.035,"a"
"TokensAlign",1030.035,1030.4,"cités"
"TokensAlign",1030.4,1035.38,"#"
"TokensAlign",1035.38,1035.47,"ça"
"TokensAlign",1035.47,1035.63,"peut"
"TokensAlign",1035.63,1035.8200000000002,"faire"
"TokensAlign",1035.8200000000002,1035.92,"un"
"TokensAlign",1035.92,1036.5,"peu"
"TokensAlign",1036.5,1036.7700000000002,"horreur"
"TokensAlign",1036.7700000000002,1037.19,"aussi"
"TokensAlign",1037.19,1037.22,"je"
"TokensAlign",1037.22,1037.48,"dirais"
"TokensAlign",1037.48,1037.5800000000002,"ou"
"TokensAlign",1037.5800000000002,1038.19,"suspens"
"TokensAlign",1038.19,1038.95,"#"
"TokensAlign",1038.95,1039.31,"*"
"TokensAlign",1039.31,1044.22,"#"
"TokensAlign",1044.22,1044.29,"c'est"
"TokensAlign",1044.29,1044.42,"une"
"TokensAlign",1044.42,1045.25,"comédie"
"TokensAlign",1045.25,1045.35,"j'"
"TokensAlign",1045.35,1045.39,"ai"
"TokensAlign",1045.39,1045.74,"dit"
"TokensAlign",1045.74,1045.8,"à"
"TokensAlign",1045.8,1046.23,"moitié"
"TokensAlign",1046.23,1046.75,"vraiment"
"TokensAlign",1046.75,1047.17,"toutes_les"
"TokensAlign",1047.17,1047.39,"blagues"
"TokensAlign",1047.39,1047.5,"qu'"
"TokensAlign",1047.5,1047.57,"ils"
"TokensAlign",1047.57,1047.75,"font"
"TokensAlign",1047.75,1047.87,"moi"
"TokensAlign",1047.87,1047.95,"j'"
"TokensAlign",1047.95,1048.08,"aime"
"TokensAlign",1048.08,1048.345,"bien"
"TokensAlign",1048.345,1051.2,"#"
"TokensAlign",1051.2,1051.41,"ah"
"TokensAlign",1051.41,1051.56,"moi"
"TokensAlign",1051.56,1052.03,"aussi"
"TokensAlign",1052.03,1052.612151,"@"
"TokensAlign",1052.612151,1058.595,"#"
"TokensAlign",1058.595,1058.745,"ouais"
"TokensAlign",1058.745,1059.02,"ouais"
"TokensAlign",1059.02,1064.035,"#"
"TokensAlign",1064.035,1064.255,"ben"
"TokensAlign",1064.255,1064.545,"ça"
"TokensAlign",1064.545,1064.625,"je"
"TokensAlign",1064.625,1064.775,"pense"
"TokensAlign",1064.775,1064.835,"que"
"TokensAlign",1064.835,1065.015,"ça"
"TokensAlign",1065.015,1065.125,"leur"
"TokensAlign",1065.125,1065.235,"rend"
"TokensAlign",1065.235,1065.7050000000002,"plus"
"TokensAlign",1065.7050000000002,1066.235,"accessible"
"TokensAlign",1066.235,1066.355,"aux"
"TokensAlign",1066.355,1066.6650000000002,"enfants"
"TokensAlign",1066.6650000000002,1066.825,"c'est"
"TokensAlign",1066.825,1067.025,"pas"
"TokensAlign",1067.025,1067.405,"trop"
"TokensAlign",1067.405,1067.9450000000002,"sérieux"
"TokensAlign",1067.9450000000002,1068.055,"ou"
"TokensAlign",1068.055,1068.335,"trop"
"TokensAlign",1068.335,1068.745,"sombre"
"TokensAlign",1068.745,1069.095,"comme"
"TokensAlign",1069.095,1069.245,"ben"
"TokensAlign",1069.245,1069.365,"les"
"TokensAlign",1069.365,1069.6650000000002,"films"
"TokensAlign",1069.6650000000002,1070.075,"batman"
"TokensAlign",1070.075,1070.495,"par_exemple"
"TokensAlign",1070.495,1070.615,"qui"
"TokensAlign",1070.615,1071.1,"sont"
"TokensAlign",1071.1,1071.52,"#"
"TokensAlign",1071.52,1072.14,"très"
"TokensAlign",1072.14,1072.795,"tristes"
"TokensAlign",1072.795,1073.355,"#"
"TokensAlign",1073.355,1073.745,"spiderman"
"TokensAlign",1073.745,1073.825,"il"
"TokensAlign",1073.825,1073.855,"est"
"TokensAlign",1073.855,1074.405,"plutôt"
"TokensAlign",1074.405,1074.9,"#"
"TokensAlign",1074.9,1075.26,"fun"
"TokensAlign",1075.26,1075.4,"et"
"TokensAlign",1075.4,1075.46,"il_y"
"TokensAlign",1075.46,1075.49,"a"
"TokensAlign",1075.49,1075.7900000000002,"toujours"
"TokensAlign",1075.7900000000002,1075.89,"des"
"TokensAlign",1075.89,1076.0600000000002,"blagues"
"TokensAlign",1076.0600000000002,1076.17,"c'est"
"TokensAlign",1076.17,1076.27,"vrai"
"TokensAlign",1076.27,1076.3100000000002,"que"
"TokensAlign",1076.3100000000002,1076.74,"c'est"
"TokensAlign",1076.74,1076.84,"je"
"TokensAlign",1076.84,1077.1,"montrerais"
"TokensAlign",1077.1,1077.25,"pas"
"TokensAlign",1077.25,1077.69,"ça"
"TokensAlign",1077.69,1078.0800000000002,"+"
"TokensAlign",1078.0800000000002,1078.11,"à"
"TokensAlign",1078.11,1078.25,"ma"
"TokensAlign",1078.25,1078.48,"petite"
"TokensAlign",1078.48,1078.7800000000002,"soeur"
"TokensAlign",1078.7800000000002,1079.16,"batman"
"TokensAlign",1079.16,1079.25,"je"
"TokensAlign",1079.25,1079.43,"pense"
"TokensAlign",1079.43,1079.49,"qu'"
"TokensAlign",1079.49,1079.5300000000002,"elle"
"TokensAlign",1079.5300000000002,1079.63,"s'"
"TokensAlign",1079.63,1080.22,"endormirait"
"TokensAlign",1080.22,1080.35,"ou"
"TokensAlign",1080.35,1080.42,"elle"
"TokensAlign",1080.42,1080.72,"serait"
"TokensAlign",1080.72,1080.84,"en"
"TokensAlign",1080.84,1081.315,"dépression"
"TokensAlign",1081.315,1082.1,"#"
"TokensAlign",1082.1,1082.23,"donc"
"TokensAlign",1082.23,1082.55,"voilà"
"TokensAlign",1082.55,1083.53,"#"
"TokensAlign",1083.53,1084.33,"euh"
"TokensAlign",1084.33,1084.67,"#"
"TokensAlign",1084.67,1084.74,"à"
"TokensAlign",1084.74,1084.93,"part"
"TokensAlign",1084.93,1084.98,"du"
"TokensAlign",1084.98,1085.71,"jumanji"
"TokensAlign",1085.71,1085.95,"du_coup"
"TokensAlign",1085.95,1086.0800000000002,"dans"
"TokensAlign",1086.0800000000002,1086.18,"le"
"TokensAlign",1086.18,1086.34,"genre"
"TokensAlign",1086.34,1086.87,"aventure"
"TokensAlign",1086.87,1086.95,"il_y"
"TokensAlign",1086.95,1087.01,"a"
"TokensAlign",1087.01,1087.16,"quoi"
"TokensAlign",1087.16,1087.47,"comme"
"TokensAlign",1087.47,1087.94,"film"
"TokensAlign",1087.94,1088.0,"ou"
"TokensAlign",1088.0,1088.3200000000002,"série"
"TokensAlign",1088.3200000000002,1088.52,"qui"
"TokensAlign",1088.52,1088.5500000000002,"est"
"TokensAlign",1088.5500000000002,1088.92,"le"
"TokensAlign",1088.92,1089.15,"plus"
"TokensAlign",1089.15,1089.5,"connu"
"TokensAlign",1089.5,1091.47,"#"
"TokensAlign",1091.47,1091.69,"vraiment"
"TokensAlign",1091.69,1092.11,"euh"
"TokensAlign",1092.11,1093.18,"#"
"TokensAlign",1093.18,1094.26,"euh"
"TokensAlign",1094.26,1095.44,"#"
"TokensAlign",1095.44,1095.84,"indiana"
"TokensAlign",1095.84,1096.287153,"jones"
"TokensAlign",1096.287153,1100.089688,"#"
"TokensAlign",1100.089688,1100.219688,"ça"
"TokensAlign",1100.219688,1100.399688,"c'est"
"TokensAlign",1100.399688,1100.659688,"peut-être"
"TokensAlign",1100.659688,1100.719688,"un"
"TokensAlign",1100.719688,1100.869688,"peu"
"TokensAlign",1100.869688,1101.109688,"trop"
"TokensAlign",1101.109688,1101.505,"vieux"
"TokensAlign",1101.505,1103.685,"#"
"TokensAlign",1103.685,1104.05,"ouais"
"TokensAlign",1104.05,1107.86,"#"
"TokensAlign",1107.86,1108.085,"mh"
"TokensAlign",1108.085,1109.645,"#"
"TokensAlign",1109.645,1109.715,"qu"
"TokensAlign",1109.715,1109.775,"est-ce_qu'"
"TokensAlign",1109.775,1109.805,"on"
"TokensAlign",1109.805,1109.895,"a"
"TokensAlign",1109.895,1110.15,"d'autre"
"TokensAlign",1110.15,1117.57,"#"
"TokensAlign",1117.57,1117.64,"c'est"
"TokensAlign",1117.64,1117.73,"vrai"
"TokensAlign",1117.73,1117.76,"que"
"TokensAlign",1117.76,1117.82,"quand"
"TokensAlign",1117.82,1117.9,"on"
"TokensAlign",1117.9,1118.14,"pense"
"TokensAlign",1118.14,1118.54,"aventure"
"TokensAlign",1118.54,1118.66,"on"
"TokensAlign",1118.66,1119.46,"pense"
"TokensAlign",1119.46,1120.89,"#"
"TokensAlign",1120.89,1121.01,"c'est"
"TokensAlign",1121.01,1121.18,"ça"
"TokensAlign",1121.18,1121.21,"que"
"TokensAlign",1121.21,1121.2900000000002,"j'"
"TokensAlign",1121.2900000000002,1121.41,"allais"
"TokensAlign",1121.41,1121.66,"dire"
"TokensAlign",1121.66,1122.86,"#"
"TokensAlign",1122.86,1123.305,"ouais"
"TokensAlign",1123.305,1123.825,"#"
"TokensAlign",1123.825,1123.925,"mais"
"TokensAlign",1123.925,1124.045,"quand"
"TokensAlign",1124.045,1124.105,"on"
"TokensAlign",1124.105,1124.305,"pense"
"TokensAlign",1124.305,1124.815,"aventure"
"TokensAlign",1124.815,1124.905,"on"
"TokensAlign",1124.905,1125.175,"pense"
"TokensAlign",1125.175,1125.615,"toujours"
"TokensAlign",1125.615,1126.015,"euh"
"TokensAlign",1126.015,1126.635,"#"
"TokensAlign",1126.635,1126.755,"un"
"TokensAlign",1126.755,1126.905,"peu"
"TokensAlign",1126.905,1127.725,"exploration"
"TokensAlign",1127.725,1127.845,"dans"
"TokensAlign",1127.845,1127.955,"la"
"TokensAlign",1127.955,1128.265,"jungle"
"TokensAlign",1128.265,1128.305,"à"
"TokensAlign",1128.305,1128.525,"chaque"
"TokensAlign",1128.525,1128.77,"fois"
"TokensAlign",1128.77,1129.26,"#"
"TokensAlign",1129.26,1129.35,"y"
"TokensAlign",1129.35,1129.39,"a"
"TokensAlign",1129.39,1129.58,"pas"
"TokensAlign",1129.58,1129.77,"d'autre"
"TokensAlign",1129.77,1130.06,"genre"
"TokensAlign",1130.06,1130.1,"d'"
"TokensAlign",1130.1,1130.83,"aventure"
"TokensAlign",1130.83,1131.575,"#"
"TokensAlign",1131.575,1131.775,"c'est"
"TokensAlign",1131.775,1131.805,"ça"
"TokensAlign",1131.805,1131.835,"que"
"TokensAlign",1131.835,1131.925,"je"
"TokensAlign",1131.925,1132.015,"me"
"TokensAlign",1132.015,1132.523438,"demande"
"TokensAlign",1132.523438,1138.045,"#"
"TokensAlign",1138.045,1138.34,"ouais"
"TokensAlign",1138.34,1146.06,"#"
"TokensAlign",1146.06,1146.26,"alors"
"TokensAlign",1146.26,1146.29,"j'"
"TokensAlign",1146.29,1146.32,"en"
"TokensAlign",1146.32,1146.39,"ai"
"TokensAlign",1146.39,1146.6799999999998,"même"
"TokensAlign",1146.6799999999998,1146.82,"pas"
"TokensAlign",1146.82,1147.13,"entendu"
"TokensAlign",1147.13,1147.4,"parler"
"TokensAlign",1147.4,1149.59,"#"
"TokensAlign",1149.59,1149.6699999999998,"c'est"
"TokensAlign",1149.6699999999998,1149.99,"quoi"
"TokensAlign",1149.99,1153.885,"#"
"TokensAlign",1153.885,1154.095,"ah"
"TokensAlign",1154.095,1154.795,"super"
"TokensAlign",1154.795,1155.345,"#"
"TokensAlign",1155.345,1155.485,"je"
"TokensAlign",1155.485,1155.515,"l'"
"TokensAlign",1155.515,1155.794063,"adore"
"TokensAlign",1155.794063,1161.505,"#"
"TokensAlign",1161.505,1161.895,"oh"
"TokensAlign",1161.895,1162.675,"#"
"TokensAlign",1162.675,1162.765,"ouais"
"TokensAlign",1162.765,1162.985,"c'est"
"TokensAlign",1162.985,1163.465,"bien"
"TokensAlign",1163.465,1163.615,"ça"
"TokensAlign",1163.615,1163.745,"c'est"
"TokensAlign",1163.745,1163.835,"des"
"TokensAlign",1163.835,1164.015,"bons"
"TokensAlign",1164.015,1164.4,"arguments"
"TokensAlign",1164.4,1164.625,"#"
"TokensAlign",1164.625,1165.810073,"@"
"TokensAlign",1165.810073,1167.148255,"#"
"TokensAlign",1167.148255,1168.663299,"@"
"TokensAlign",1168.663299,1182.0,"#"
"TokensAlign",1182.0,1182.15,"ouais"
"TokensAlign",1182.15,1182.3,"ça"
"TokensAlign",1182.3,1182.45,"peut"
"TokensAlign",1182.45,1182.54,"être"
"TokensAlign",1182.54,1182.78,"bien"
"TokensAlign",1182.78,1183.21,"aussi"
"TokensAlign",1183.21,1183.44,"#"
"TokensAlign",1183.44,1183.55,"parce"
"TokensAlign",1183.55,1183.5800000000002,"qu'"
"TokensAlign",1183.5800000000002,1183.63,"on"
"TokensAlign",1183.63,1183.7,"va"
"TokensAlign",1183.7,1183.77,"pas"
"TokensAlign",1183.77,1184.11,"présenter"
"TokensAlign",1184.11,1184.17,"qu'"
"TokensAlign",1184.17,1184.23,"un"
"TokensAlign",1184.23,1184.38,"seul"
"TokensAlign",1184.38,1184.765,"film"
"TokensAlign",1184.765,1196.85,"#"
"TokensAlign",1196.85,1197.04,"ben"
"TokensAlign",1197.04,1197.16,"à"
"TokensAlign",1197.16,1197.28,"voir"
"TokensAlign",1197.28,1197.4299999999998,"si"
"TokensAlign",1197.4299999999998,1197.55,"c'est"
"TokensAlign",1197.55,1197.6799999999998,"pas"
"TokensAlign",1197.6799999999998,1197.87,"trop"
"TokensAlign",1197.87,1198.1799999999998,"violent"
"TokensAlign",1198.1799999999998,1198.4399999999998,"parce_que"
"TokensAlign",1198.4399999999998,1198.6,"si"
"TokensAlign",1198.6,1198.6899999999998,"on"
"TokensAlign",1198.6899999999998,1198.76,"veut"
"TokensAlign",1198.76,1199.01,"rester"
"TokensAlign",1199.01,1199.14,"dans"
"TokensAlign",1199.14,1199.1699999999998,"l'"
"TokensAlign",1199.1699999999998,1199.58,"idée"
"TokensAlign",1199.58,1199.86,"+"
"TokensAlign",1199.86,1200.15,"qu'"
"TokensAlign",1200.15,1200.1799999999998,"il_y"
"TokensAlign",1200.1799999999998,1200.2199999999998,"ait"
"TokensAlign",1200.2199999999998,1200.38,"des"
"TokensAlign",1200.38,1200.875,"enfants"
"TokensAlign",1200.875,1201.545,"#"
"TokensAlign",1201.545,1201.775,"ça"
"TokensAlign",1201.775,1202.01,"va"
"TokensAlign",1202.01,1203.985,"#"
"TokensAlign",1203.985,1204.225,"oh"
"TokensAlign",1204.225,1204.3349999999998,"bah"
"TokensAlign",1204.3349999999998,1204.515,"ça"
"TokensAlign",1204.515,1204.73,"va"
"TokensAlign",1204.73,1210.365,"#"
"TokensAlign",1210.365,1210.465,"ben"
"TokensAlign",1210.465,1210.585,"du"
"TokensAlign",1210.585,1210.755,"moment"
"TokensAlign",1210.755,1210.805,"que"
"TokensAlign",1210.805,1210.915,"c'est"
"TokensAlign",1210.915,1211.065,"pas"
"TokensAlign",1211.065,1211.335,"trop"
"TokensAlign",1211.335,1211.9,"gore"
"TokensAlign",1211.9,1213.62,"#"
"TokensAlign",1213.62,1214.029688,"ouais"
"TokensAlign",1214.029688,1217.935,"#"
"TokensAlign",1217.935,1217.995,"ah"
"TokensAlign",1217.995,1218.085,"ça"
"TokensAlign",1218.085,1218.175,"doit"
"TokensAlign",1218.175,1218.365,"ça"
"TokensAlign",1218.365,1218.425,"va"
"TokensAlign",1218.425,1218.495,"pas"
"TokensAlign",1218.495,1218.585,"faire"
"TokensAlign",1218.585,1218.675,"mal"
"TokensAlign",1218.675,1218.745,"j'"
"TokensAlign",1218.745,1218.8049999999998,"ai"
"TokensAlign",1218.8049999999998,1219.035,"oublié"
"TokensAlign",1219.035,1219.265,"ça"
"TokensAlign",1219.265,1220.69,"#"
"TokensAlign",1220.69,1221.483911,"@"
"TokensAlign",1221.483911,1232.175,"#"
"TokensAlign",1232.175,1232.595,"oui"
"TokensAlign",1232.595,1236.295307,"#"
"TokensAlign",1236.295307,1237.334194,"@"
"TokensAlign",1237.334194,1238.125,"#"
"TokensAlign",1238.125,1238.315,"ah"
"TokensAlign",1238.315,1238.455,"ça"
"TokensAlign",1238.455,1238.875,"c'est"
"TokensAlign",1238.875,1239.065,"bien"
"TokensAlign",1239.065,1239.135,"mais"
"TokensAlign",1239.135,1239.255,"il_y"
"TokensAlign",1239.255,1239.325,"a"
"TokensAlign",1239.325,1239.375,"un"
"TokensAlign",1239.375,1239.935,"film"
"TokensAlign",1239.935,1240.135,"3d"
"TokensAlign",1240.135,1240.245,"qui"
"TokensAlign",1240.245,1240.295,"est"
"TokensAlign",1240.295,1240.625,"sorti"
"TokensAlign",1240.625,1240.655,"il_y"
"TokensAlign",1240.655,1240.685,"a"
"TokensAlign",1240.685,1240.815,"pas"
"TokensAlign",1240.815,1240.945,"trop"
"TokensAlign",1240.945,1241.255,"longtemps"
"TokensAlign",1241.255,1241.315,"je"
"TokensAlign",1241.315,1241.725,"crois"
"TokensAlign",1241.725,1242.459103,"marsupilami"
"TokensAlign",1242.459103,1243.5,"#"
"TokensAlign",1243.5,1243.58,"pas"
"TokensAlign",1243.58,1243.92,"vu"
"TokensAlign",1243.92,1244.23,"@"
"TokensAlign",1244.23,1246.432357,"#"
"TokensAlign",1246.432357,1247.363027,"@"
"TokensAlign",1247.363027,1248.67,"#"
"TokensAlign",1248.67,1248.95,"est-ce_que"
"TokensAlign",1248.95,1249.49,"astérix"
"TokensAlign",1249.49,1249.87,"mission"
"TokensAlign",1249.87,1250.3000000000002,"cléopâtre"
"TokensAlign",1250.3000000000002,1250.41,"ça"
"TokensAlign",1250.41,1250.655,"compte"
"TokensAlign",1250.655,1251.460545,"#"
"TokensAlign",1251.460545,1251.690545,"parce_que"
"TokensAlign",1251.690545,1252.090545,"techniquement"
"TokensAlign",1252.090545,1252.190545,"ils"
"TokensAlign",1252.190545,1252.340545,"font"
"TokensAlign",1252.340545,1252.410545,"une"
"TokensAlign",1252.410545,1252.91,"aventure"
"TokensAlign",1252.91,1254.32,"#"
"TokensAlign",1254.32,1254.4299999999998,"c'est"
"TokensAlign",1254.4299999999998,1254.65,"très"
"TokensAlign",1254.65,1254.92,"bien"
"PronTokAlign",0.0,1.43,"#=0.0"
"PronTokAlign",1.43,1.86,"O/-Z-u-R-d-y-i"
"PronTokAlign",1.86,1.94,"O~=0.864"
"PronTokAlign",1.94,2.05,"s=0.902"
"PronTokAlign",2.05,2.61,"R-2-t-R-u-v-2=0.795"
"PronTokAlign",2.61,2.98,"d-y-k-u"
"PronTokAlign",2.98,3.37,"p-u-R"
"PronTokAlign",3.37,3.945,"fp"
"PronTokAlign",3.945,4.985,"#=0.0"
"PronTokAlign",4.985,5.2250000000000005,"p-u-R"
"PronTokAlign",5.2250000000000005,5.465,"fp"
"PronTokAlign",5.465,5.6850000000000005,"f-E-R=0.832"
"PronTokAlign",5.6850000000000005,5.925000000000001,"y-n-@=0.729"
"PronTokAlign",5.925000000000001,6.345,"R-e-y-n-j-O~=0.666"
"PronTokAlign",6.345,6.915,"#=0.0"
"PronTokAlign",6.915,7.585,"d-i-s-k-y-t-e=0.709"
"PronTokAlign",7.585,7.695,"d-@=0.757"
"PronTokAlign",7.695,7.875,"k-E-l"
"PronTokAlign",7.875,8.275,"s-y-Z-E-t=0.473"
"PronTokAlign",8.275,8.365,"E=0.618"
"PronTokAlign",8.365,8.515,"d-@=0.809"
"PronTokAlign",8.515,9.095,"k-E-l"
"PronTokAlign",9.095,9.475,"Z-a~-R=0.659"
"PronTokAlign",9.475,9.585,"d-@=0.631"
"PronTokAlign",9.585,9.865,"f-i-l-m=0.822"
"PronTokAlign",9.865,10.045,"n-u-z=0.97"
"PronTokAlign",10.045,10.165,"A/-l-O~=0.887"
"PronTokAlign",10.165,10.605,"y-t-i-l-i-z-e=0.786"
"PronTokAlign",10.605,11.335,"p-u-R"
"PronTokAlign",11.335,12.19,"#=0.0"
"PronTokAlign",12.19,12.59,"l-@=0.842"
"PronTokAlign",12.59,13.75,"f-E-s-t-i-v-A/-l"
"PronTokAlign",13.75,14.765,"#=0.0"
"PronTokAlign",14.765,15.575,"s-i-n-E-m-A/-t-O/-g-R-A/-f-i-k=0.791"
"PronTokAlign",15.575,15.615,"k"
"PronTokAlign",15.615,15.655,"O~=0.767"
"PronTokAlign",15.655,16.015,"v-A/"
"PronTokAlign",16.015,16.505,"O/-R-g-A/-n-i-z-e=0.873"
"PronTokAlign",16.505,17.4,"#=0.0"
"PronTokAlign",17.4,18.14,"fp"
"PronTokAlign",18.14,18.25,"d-y=0.724"
"PronTokAlign",18.25,18.4,"k-u"
"PronTokAlign",18.4,18.46,"n-u=0.889"
"PronTokAlign",18.46,18.67,"s-O/-m=0.666"
"PronTokAlign",18.67,19.0,"k-A/-t-R=0.628"
"PronTokAlign",19.0,19.48,"O/-Z-u-R-d-y-i"
"PronTokAlign",19.48,20.175,"#=0.0"
"PronTokAlign",20.175,20.785,"fp"
"PronTokAlign",20.785,20.895,"O~=0.783"
"PronTokAlign",20.895,20.975,"v-A/"
"PronTokAlign",20.975,21.135,"s-@=0.637"
"PronTokAlign",21.135,21.635,"p-R-E-z-a~-t-e=0.489"
"PronTokAlign",21.635,21.795,"v-i-t=0.916"
"PronTokAlign",21.795,22.235,"f-e=0.688"
"PronTokAlign",22.235,22.425,"#=0.0"
"PronTokAlign",22.425,23.14,"fp=0.0"
"PronTokAlign",23.14,23.47,"#=0.0"
"PronTokAlign",23.47,23.59,"f-E-R=0.992"
"PronTokAlign",23.59,23.62,"U~/=0.993"
"PronTokAlign",23.62,23.72,"p-t-i=0.61"
"PronTokAlign",23.72,23.9,"t-u-R"
"PronTokAlign",23.9,23.99,"d-@=0.542"
"PronTokAlign",23.99,24.225,"t-A/-b-l=0.834"
"PronTokAlign",24.225,24.665,"#=0.0"
"PronTokAlign",24.665,24.815,"A/-v-E-k"
"PronTokAlign",24.815,24.925,"v-O/-t=0.751"
"PronTokAlign",24.925,25.435,"p-R-E-n-O~=0.552"
"PronTokAlign",25.435,25.79,"e=0.795"
"PronTokAlign",25.79,26.84,"#=0.0"
"PronTokAlign",26.84,27.05,"v-l-A/=0.843"
"PronTokAlign",27.05,31.55,"#=0.0"
"PronTokAlign",31.55,31.859249,"O/-k-e=0.552"
"PronTokAlign",31.859249,37.19,"#=0.0"
"PronTokAlign",37.19,37.545,"d-A/-k-O/-R"
"PronTokAlign",37.545,43.085,"#=0.0"
"PronTokAlign",43.085,43.195,"d-O~=0.586"
"PronTokAlign",43.195,44.065,"#"
"PronTokAlign",44.065,44.415,"m-w-A/"
"PronTokAlign",44.415,44.565,"s-e"
"PronTokAlign",44.565,45.015,"anon"
"PronTokAlign",45.015,45.125,"S=0.6"
"PronTokAlign",45.125,45.335,"s-2-R-E=0.641"
"PronTokAlign",45.335,45.965,"m-O/-d-E-R-A/-t-R-i-s=0.94"
"PronTokAlign",45.965,46.325,"O/-Z-u-R-d-y-i"
"PronTokAlign",46.325,46.855,"#=0.0"
"PronTokAlign",46.855,46.945,"e=0.609"
"PronTokAlign",46.945,46.995,"Z=0.677"
"PronTokAlign",46.995,47.055,"v-e=0.564"
"PronTokAlign",47.055,47.115,"v-u=0.959"
"PronTokAlign",47.115,47.415,"p-A/-R-l-e=0.808"
"PronTokAlign",47.415,47.505,"d=0.513"
"PronTokAlign",47.505,47.76499999999999,"O/-R-9-R"
"PronTokAlign",47.76499999999999,47.835,"E=0.634"
"PronTokAlign",47.835,47.945,"d-@=0.6"
"PronTokAlign",47.945,48.542166,"s-y-s-p-a~-z=0.941"
"PronTokAlign",48.542166,49.6,"#=0.0"
"PronTokAlign",49.6,50.042616,"d-O~-k"
"PronTokAlign",50.042616,52.415,"#=0.0"
"PronTokAlign",52.415,52.875,"E-k-s-k-y-z-e=0.851"
"PronTokAlign",52.875,53.025,"m-w-A/"
"PronTokAlign",53.025,53.075,"Z=0.672"
"PronTokAlign",53.075,53.105,"e=0.661"
"PronTokAlign",53.105,53.185,"d=0.624"
"PronTokAlign",53.185,53.275,"m-A/-l"
"PronTokAlign",53.275,53.425,"A/-v-E-k"
"PronTokAlign",53.425,53.485,"l-A/"
"PronTokAlign",53.485,53.78,"t-A/-b-l-E-t=0.785"
"PronTokAlign",53.78,55.085,"#=0.0"
"PronTokAlign",55.085,55.405,"d-O~-k=0.899"
"PronTokAlign",55.405,55.515,"fp"
"PronTokAlign",55.515,55.645,"n-u=0.907"
"PronTokAlign",55.645,55.945,"R-2-t-R-u-v-O~=0.902"
"PronTokAlign",55.945,56.335,"O/-Z-u-R-d-y-i"
"PronTokAlign",56.335,56.735,"p-u-R"
"PronTokAlign",56.735,57.155,"fp"
"PronTokAlign",57.155,57.265,"O/-m-m=0.816"
"PronTokAlign",57.265,57.365,"S=0.596"
"PronTokAlign",57.365,57.405,"e=0.673"
"PronTokAlign",57.405,57.515,"d-i=0.568"
"PronTokAlign",57.515,57.615,"l-A/"
"PronTokAlign",57.615,57.98,"R-E-y-n-j-O~=0.673"
"PronTokAlign",57.98,58.74,"#=0.0"
"PronTokAlign",58.74,58.84,"e=0.862"
"PronTokAlign",58.84,59.11,"d-O~-k=0.994"
"PronTokAlign",59.11,59.260000000000005,"v-A/"
"PronTokAlign",59.260000000000005,59.67,"k-O/-m-a~-s-e=0.899"
"PronTokAlign",59.67,59.86,"p-A/-R"
"PronTokAlign",59.86,60.07,"p-R-a~-d-R=0.805"
"PronTokAlign",60.07,60.15,"l-A/"
"PronTokAlign",60.15,60.84,"p-A/-R-O/-l-@=0.979"
"PronTokAlign",60.84,61.375,"#=0.0"
"PronTokAlign",61.375,62.075,"@-m"
"PronTokAlign",62.075,63.06,"#=0.0"
"PronTokAlign",63.06,63.62,"anon"
"PronTokAlign",63.62,64.22,"#=0.0"
"PronTokAlign",64.22,64.34,"p-i=0.775"
"PronTokAlign",64.34,64.45,"s-@=0.631"
"PronTokAlign",64.45,64.65,"s-R-A/=0.531"
"PronTokAlign",64.65,64.77,"O/"
"PronTokAlign",64.77,65.09,"t-u-R"
"PronTokAlign",65.09,65.53999999999999,"d-@"
"PronTokAlign",65.53999999999999,65.98,"anon"
"PronTokAlign",65.98,66.785,"#=0.0"
"PronTokAlign",66.785,66.965,"e=0.0"
"PronTokAlign",66.965,67.35,"#=0.0"
"PronTokAlign",67.35,67.50999999999999,"d-@=0.618"
"PronTokAlign",67.50999999999999,67.78999999999999,"l-O/-a~"
"PronTokAlign",67.78999999999999,68.1,"#"
"PronTokAlign",68.1,68.21,"S=0.704"
"PronTokAlign",68.21,68.69999999999999,"s-2-R-e=0.811"
"PronTokAlign",68.69999999999999,68.83999999999999,"l-e=0.453"
"PronTokAlign",68.83999999999999,69.11999999999999,"l-A/"
"PronTokAlign",69.11999999999999,69.47,"d-E-R-n-j-E-R=0.587"
"PronTokAlign",69.47,69.53,"A/"
"PronTokAlign",69.53,69.75999999999999,"p-R-a~-d-R=0.899"
"PronTokAlign",69.75999999999999,69.82,"l-A/"
"PronTokAlign",69.82,70.16999999999999,"p-A/-R-O/-l=0.543"
"PronTokAlign",70.16999999999999,71.0,"#"
"PronTokAlign",71.0,71.08999999999999,"d-y=0.817"
"PronTokAlign",71.08999999999999,71.39,"k-u"
"PronTokAlign",71.39,71.66999999999999,"fp"
"PronTokAlign",71.66999999999999,72.05999999999999,"anon"
"PronTokAlign",72.05999999999999,72.14999999999999,"t=0.833"
"PronTokAlign",72.14999999999999,72.25,"p-@=0.988"
"PronTokAlign",72.25,72.69,"k-O/-m-a~-s-e=0.673"
"PronTokAlign",72.69,175.105,"#=0.0"
"PronTokAlign",175.105,175.795,"fp"
"PronTokAlign",175.795,175.99499999999998,"t-R-E=0.391"
"PronTokAlign",175.99499999999998,176.315,"b-j-U~/=0.849"
"PronTokAlign",176.315,176.375,"#=0.0"
"PronTokAlign",176.375,176.645,"d-O~-k=0.982"
"PronTokAlign",176.645,176.835,"s-e"
"PronTokAlign",176.835,177.085,"m-U~/-n-a~=0.617"
"PronTokAlign",177.085,177.165,"O/"
"PronTokAlign",177.165,177.575,"t-u-R"
"PronTokAlign",177.575,178.32,"d-@"
"PronTokAlign",178.32,179.01,"#=0.0"
"PronTokAlign",179.01,179.28,"anon"
"PronTokAlign",179.28,179.925,"#=0.0"
"PronTokAlign",179.925,180.205,"m-E-R-s-i"
"PronTokAlign",180.205,180.265,"d=0.47"
"PronTokAlign",180.265,180.525,"n-@-p-A/=0.716"
"PronTokAlign",180.525,180.635,"l-H-i=0.413"
"PronTokAlign",180.635,180.885,"k-u-p-e=0.963"
"PronTokAlign",180.885,180.955,"l-A/"
"PronTokAlign",180.955,181.31,"p-A/-R-O/-l=0.544"
"PronTokAlign",181.31,198.958477,"#=0.0"
"PronTokAlign",198.958477,199.592818,"laugh=0.0"
"PronTokAlign",199.592818,269.63,"#=0.0"
"PronTokAlign",269.63,269.85,"fp"
"PronTokAlign",269.85,269.98,"y-n=0.745"
"PronTokAlign",269.98,270.14,"i-d-e"
"PronTokAlign",270.14,270.25,"d-@=0.825"
"PronTokAlign",270.25,270.53,"f-i-l-m=0.503"
"PronTokAlign",270.53,270.65,"s-e"
"PronTokAlign",270.65,270.89,"s-A/=0.986"
"PronTokAlign",270.89,272.015,"#=0.0"
"PronTokAlign",272.015,272.305,"fp"
"PronTokAlign",272.305,272.435,"Z=0.568"
"PronTokAlign",272.435,272.735,"k-O/-n-e=0.58"
"PronTokAlign",272.735,272.985,"k-O/-m-a~=0.848"
"PronTokAlign",272.985,273.145,"s-@=0.733"
"PronTokAlign",273.145,273.385,"f-E-R=0.585"
"PronTokAlign",273.385,273.845,"l-A/-R-g-e=0.59"
"PronTokAlign",273.845,274.255,"a~"
"PronTokAlign",274.255,274.495,"d-i-s=0.694"
"PronTokAlign",274.495,275.019136,"e-t-A/-p=0.686"
"PronTokAlign",275.019136,275.44,"#=0.0"
"PronTokAlign",275.44,275.55,"s-e"
"PronTokAlign",275.55,275.995,"fp"
"PronTokAlign",275.995,278.235,"#=0.0"
"PronTokAlign",278.235,278.575,"b-E=0.683"
"PronTokAlign",278.575,279.005,"Z-y-s-t-2-m-a~=0.809"
"PronTokAlign",279.005,279.125,"s-i=0.763"
"PronTokAlign",279.125,279.27500000000003,"s-i=0.888"
"PronTokAlign",279.27500000000003,279.45500000000004,"s-e"
"PronTokAlign",279.45500000000004,279.98,"U~/=0.53"
"PronTokAlign",279.98,280.1,"#=0.0"
"PronTokAlign",280.1,280.48,"f-i-l-m=0.745"
"PronTokAlign",280.48,281.09000000000003,"R-O/-m-a~-t-i-k=0.753"
"PronTokAlign",281.09000000000003,281.31,"y-n=0.506"
"PronTokAlign",281.31,281.78000000000003,"k-O/-m-e-d-i=0.516"
"PronTokAlign",281.78000000000003,282.333954,"R-O/-m-a~-t-i-k=0.942"
"PronTokAlign",282.333954,282.865,"#=0.0"
"PronTokAlign",282.865,283.095,"u"
"PronTokAlign",283.095,283.505,"fp"
"PronTokAlign",283.505,283.815,"E-s-k-@=0.572"
"PronTokAlign",283.815,284.055,"Z-@=0.539"
"PronTokAlign",284.055,284.295,"E-s-k-@=0.46"
"PronTokAlign",284.295,284.375,"Z=0.8"
"PronTokAlign",284.375,284.815,"E-k-s-p-l-i-k-@=0.621"
"PronTokAlign",284.815,284.975,"v-R-e-m-a~=0.403"
"PronTokAlign",284.975,285.015,"l"
"PronTokAlign",285.015,285.385,"i-s-t-w-A/-R=0.717"
"PronTokAlign",285.385,285.633871,"#=0.0"
"PronTokAlign",285.633871,285.873871,"p-s-k=0.603"
"PronTokAlign",285.873871,286.003871,"m-w-A/"
"PronTokAlign",286.003871,286.073871,"Z=0.506"
"PronTokAlign",286.073871,286.133871,"l-A/"
"PronTokAlign",286.133871,286.383871,"t-R-u-v=0.851"
"PronTokAlign",286.383871,286.633871,"t-R-e=0.462"
"PronTokAlign",286.633871,287.103871,"m-i-n-j-O/-n=0.674"
"PronTokAlign",287.103871,287.313871,"E=0.553"
"PronTokAlign",287.313871,287.723871,"A/-k-s-E-s-i-b-l=0.662"
"PronTokAlign",287.723871,287.973871,"A/"
"PronTokAlign",287.973871,288.143871,"#"
"PronTokAlign",288.143871,288.223871,"A/"
"PronTokAlign",288.223871,288.625446,"t-u-s=0.973"
"PronTokAlign",288.625446,289.935,"#=0.0"
"PronTokAlign",289.935,290.215,"fp"
"PronTokAlign",290.215,290.31,"w-E"
"PronTokAlign",290.31,291.03,"#=0.0"
"PronTokAlign",291.03,291.26,"u"
"PronTokAlign",291.26,291.45,"a~"
"PronTokAlign",291.45,291.63,"g-R-O/=0.704"
"PronTokAlign",291.63,291.79,"s-A/=0.658"
"PronTokAlign",291.79,291.85,"v-A/"
"PronTokAlign",291.85,292.01,"E-t=0.718"
"PronTokAlign",292.01,292.36,"k-E-l-k-U~/"
"PronTokAlign",292.36,292.48,"k-i=0.425"
"PronTokAlign",292.48,292.6,"v-A/"
"PronTokAlign",292.6,292.79,"f-E-R=0.791"
"PronTokAlign",292.79,292.83,"U~/=0.755"
"PronTokAlign",292.83,293.21,"A/-R-d-@-k-l=0.681"
"PronTokAlign",293.21,293.47,"U~/-n=0.981"
"PronTokAlign",293.47,293.6,"O/-m=0.671"
"PronTokAlign",293.6,293.72,"k=0.438"
"PronTokAlign",293.72,293.78,"v-A/"
"PronTokAlign",293.78,293.92999999999995,"f-E-R=0.987"
"PronTokAlign",293.92999999999995,294.0,"U~/-n=0.515"
"PronTokAlign",294.0,294.30999999999995,"A/-R-t-i-k-l=0.89"
"PronTokAlign",294.30999999999995,294.34,"d=0.656"
"PronTokAlign",294.34,294.775,"Z-u-R-n-A/-l=0.995"
"PronTokAlign",294.775,295.52,"#=0.0"
"PronTokAlign",295.52,295.7,"s-y-R"
"PronTokAlign",295.7,296.01,"k-O/-m-a~=0.862"
"PronTokAlign",296.01,296.16,"s-@=0.853"
"PronTokAlign",296.16,296.34,"f-E-R=0.632"
"PronTokAlign",296.34,296.58,"l-A/-R-g-e=0.633"
"PronTokAlign",296.58,296.66,"a~"
"PronTokAlign",296.66,296.79,"d-i=0.496"
"PronTokAlign",296.79,297.075,"e-t-A/-p=0.678"
"PronTokAlign",297.075,297.74,"#=0.0"
"PronTokAlign",297.74,298.02,"e=0.0"
"PronTokAlign",298.02,298.38,"#=0.0"
"PronTokAlign",298.38,298.52,"y-n=0.825"
"PronTokAlign",298.52,298.79,"f-A/-m=0.616"
"PronTokAlign",298.79,298.88,"k=0.545"
"PronTokAlign",298.88,298.94,"v-A/"
"PronTokAlign",298.94,299.11,"f-E-R=0.87"
"PronTokAlign",299.11,299.21,"U~/-n=0.782"
"PronTokAlign",299.21,299.68,"A/-R-t-i-k-l=0.644"
"PronTokAlign",299.68,299.71,"d=0.427"
"PronTokAlign",299.71,300.02,"Z-u-R-n-A/-l=0.779"
"PronTokAlign",300.02,300.31,"s-y-R"
"PronTokAlign",300.31,300.735,"k-O/-m-a~=0.897"
"PronTokAlign",300.735,301.245,"#=0.0"
"PronTokAlign",301.245,301.575,"s-E-d-y-i-R=0.874"
"PronTokAlign",301.575,301.885,"k-E-l-k-U~/"
"PronTokAlign",301.885,301.975,"a~"
"PronTokAlign",301.975,302.145,"d-i-z=0.836"
"PronTokAlign",302.145,302.49,"e-t-A/-p=0.534"
"PronTokAlign",302.49,302.95,"#=0.0"
"PronTokAlign",302.95,303.04,"e=0.822"
"PronTokAlign",303.04,303.46,"S-A/-k-U~/=0.608"
"PronTokAlign",303.46,303.56,"v-A/"
"PronTokAlign",303.56,303.92,"f-E-R=0.668"
"PronTokAlign",303.92,304.3,"s-O~-n=0.865"
"PronTokAlign",304.3,304.64,"e-t-y-d=0.507"
"PronTokAlign",304.64,305.06,"t-E-s-t-@=0.708"
"PronTokAlign",305.06,305.31,"s-y-R"
"PronTokAlign",305.31,305.56,"l-O/-t-R=0.634"
"PronTokAlign",305.56,305.72,"s-a~=0.915"
"PronTokAlign",305.72,305.75,"l=0.959"
"PronTokAlign",305.75,306.115,"s-A/-R=0.72"
"PronTokAlign",306.115,306.59,"#=0.0"
"PronTokAlign",306.59,306.73999999999995,"v-l-A/=0.891"
"PronTokAlign",306.73999999999995,306.95,"#"
"PronTokAlign",306.95,307.11,"s-e"
"PronTokAlign",307.11,307.29999999999995,"t-R-e=0.364"
"PronTokAlign",307.29999999999995,307.92999999999995,"R-i-g-O/-l-O/"
"PronTokAlign",307.92999999999995,308.01,"j=0.415"
"PronTokAlign",308.01,308.04,"A/"
"PronTokAlign",308.04,308.29,"b-O/-k-u=0.721"
"PronTokAlign",308.29,308.35,"t=0.608"
"PronTokAlign",308.35,308.93,"k-i-p-R-O/-k-O/=0.89"
"PronTokAlign",308.93,309.81,"#=0.0"
"PronTokAlign",309.81,309.88,"s-e"
"PronTokAlign",309.88,309.94,"l-A/"
"PronTokAlign",309.94,310.21,"s-9-l-@=0.525"
"PronTokAlign",310.21,310.63,"k-O/-m-E-d-i=0.54"
"PronTokAlign",310.63,310.66,"k=0.832"
"PronTokAlign",310.66,310.71,"Z=0.648"
"PronTokAlign",310.71,310.77,"e=0.682"
"PronTokAlign",310.77,310.86,"v-y"
"PronTokAlign",310.86,310.89,"d=0.45"
"PronTokAlign",310.89,311.05,"m-A/"
"PronTokAlign",311.05,311.205,"v-i"
"PronTokAlign",311.205,311.68,"#=0.0"
"PronTokAlign",311.68,312.14,"R-O/-m-a~-t-i-k=0.857"
"PronTokAlign",312.14,312.22,"k-@=0.581"
"PronTokAlign",312.22,312.29,"Z=0.658"
"PronTokAlign",312.29,312.35,"e=0.582"
"PronTokAlign",312.35,312.53000000000003,"v-y"
"PronTokAlign",312.53000000000003,312.58,"d=0.432"
"PronTokAlign",312.58,312.71,"m-A/"
"PronTokAlign",312.71,312.88,"v-i"
"PronTokAlign",312.88,313.26,"m-e=0.502"
"PronTokAlign",313.26,313.32,"Z=0.512"
"PronTokAlign",313.32,313.38,"l-A/"
"PronTokAlign",313.38,313.57,"t-R-u-v=0.944"
"PronTokAlign",313.57,313.76,"t-R-E=0.581"
"PronTokAlign",313.76,313.96,"b-j-U~/=0.762"
"PronTokAlign",313.96,314.02,"S=0.733"
"PronTokAlign",314.02,314.15000000000003,"k-R-w-A/=0.917"
"PronTokAlign",314.15000000000003,314.26,"k"
"PronTokAlign",314.26,314.31,"E=0.453"
"PronTokAlign",314.31,314.34000000000003,"t=0.348"
"PronTokAlign",314.34000000000003,314.47,"s-y-R"
"PronTokAlign",314.47,315.045,"n-E-t-f-l-i-k-s=0.995"
"PronTokAlign",315.045,316.252082,"laugh=0.0"
"PronTokAlign",316.252082,317.845,"#=0.0"
"PronTokAlign",317.845,318.51317,"v-w-A/-l-A/=0.931"
"PronTokAlign",318.51317,318.69,"#=0.0"
"PronTokAlign",318.69,318.83,"t-R-E=0.39"
"PronTokAlign",318.83,319.15,"b-j-U~/=0.884"
"PronTokAlign",319.15,320.31,"#=0.0"
"PronTokAlign",320.31,320.42,"U~/=0.584"
"PronTokAlign",320.42,320.6,"p-t-i=0.672"
"PronTokAlign",320.6,321.29,"p-A/-R-t-2-n-A/-R-j-A/"
"PronTokAlign",321.29,321.51,"A/-v-E-k"
"PronTokAlign",321.51,321.93,"n-E-t-f-l-i-k-s=0.998"
"PronTokAlign",321.93,322.17,"p-u-R-k-w-A/"
"PronTokAlign",322.17,322.395,"p-A/=0.657"
"PronTokAlign",322.395,325.034203,"#=0.0"
"PronTokAlign",325.034203,325.986516,"laugh=0.0"
"PronTokAlign",325.986516,327.125,"#=0.0"
"PronTokAlign",327.125,327.195,"t=0.866"
"PronTokAlign",327.195,327.76,"R-j-U~/=0.944"
"PronTokAlign",327.76,328.59,"#=0.0"
"PronTokAlign",328.59,329.215,"fp=0.0"
"PronTokAlign",329.215,329.92,"#=0.0"
"PronTokAlign",329.92,330.02000000000004,"v-u=0.902"
"PronTokAlign",330.02000000000004,330.12,"A/-v-e=0.86"
"PronTokAlign",330.12,330.43,"f-i-n-i"
"PronTokAlign",330.43,331.84,"#=0.0"
"PronTokAlign",331.84,332.3,"d-A/-k-O/-R"
"PronTokAlign",332.3,332.855,"#=0.0"
"PronTokAlign",332.855,333.779063,"fp=0.0"
"PronTokAlign",333.779063,335.845,"#=0.0"
"PronTokAlign",335.845,336.33500000000004,"fp"
"PronTokAlign",336.33500000000004,336.65500000000003,"d-O~-k=0.96"
"PronTokAlign",336.65500000000003,336.725,"fp"
"PronTokAlign",336.725,337.175,"m-U~/-n-a~=0.575"
"PronTokAlign",337.175,337.51500000000004,"s-e"
"PronTokAlign",337.51500000000004,337.92,"A/"
"PronTokAlign",337.92,338.865,"#=0.0"
"PronTokAlign",338.865,339.280313,"anon"
"PronTokAlign",339.280313,459.851424,"#=0.0"
"PronTokAlign",459.851424,460.239052,"laugh=0.0"
"PronTokAlign",460.239052,496.841212,"#=0.0"
"PronTokAlign",496.841212,499.082579,"laugh=0.0"
"PronTokAlign",499.082579,528.975,"#=0.0"
"PronTokAlign",528.975,529.37,"d-A/-k-O/-R"
"PronTokAlign",529.37,529.895,"#=0.0"
"PronTokAlign",529.895,530.6,"fp=0.0"
"PronTokAlign",530.6,532.51,"#=0.0"
"PronTokAlign",532.51,533.4399999999999,"fp"
"PronTokAlign",533.4399999999999,533.77,"d-y-k-u"
"PronTokAlign",533.77,534.51,"fp"
"PronTokAlign",534.51,534.6,"O~-n=0.758"
"PronTokAlign",534.6,534.88,"A/-R-i-v=0.706"
"PronTokAlign",534.88,534.98,"A/"
"PronTokAlign",534.98,535.0699999999999,"l-A/"
"PronTokAlign",535.0699999999999,535.26,"f-U~/=0.551"
"PronTokAlign",535.26,535.29,"d=0.584"
"PronTokAlign",535.29,535.38,"l-A/"
"PronTokAlign",535.38,535.725,"R-E-y-n-j-O~=0.58"
"PronTokAlign",535.725,536.19,"#=0.0"
"PronTokAlign",536.19,536.23,"d=0.623"
"PronTokAlign",536.23,536.3900000000001,"k-u"
"PronTokAlign",536.3900000000001,536.4300000000001,"Z=0.646"
"PronTokAlign",536.4300000000001,536.5100000000001,"v-E=0.483"
"PronTokAlign",536.5100000000001,536.71,"p-R-a~-d-R=0.866"
"PronTokAlign",536.71,536.74,"l=0.854"
"PronTokAlign",536.74,536.99,"d-E-R-n-j-E=0.403"
"PronTokAlign",536.99,537.1500000000001,"t-u-R"
"PronTokAlign",537.1500000000001,537.22,"d-@=0.51"
"PronTokAlign",537.22,537.54,"p-A/-R-O/-l=0.801"
"PronTokAlign",537.54,538.585,"#=0.0"
"PronTokAlign",538.585,539.16,"@-m"
"PronTokAlign",539.16,539.8,"#=0.0"
"PronTokAlign",539.8,540.0799999999999,"d-y-k-u"
"PronTokAlign",540.0799999999999,540.18,"m-w-A/"
"PronTokAlign",540.18,540.26,"Z=0.491"
"PronTokAlign",540.26,540.39,"v-e=0.575"
"PronTokAlign",540.39,540.9799999999999,"p-R-O/-p-O/-z-e=0.769"
"PronTokAlign",540.9799999999999,541.38,"k-E-l-k-@-S-O/-z=0.462"
"PronTokAlign",541.38,541.4499999999999,"d=0.501"
"PronTokAlign",541.4499999999999,541.8499999999999,"A/-s-e=0.823"
"PronTokAlign",541.8499999999999,542.49,"fp"
"PronTokAlign",542.49,543.06,"#=0.0"
"PronTokAlign",543.06,543.7299999999999,"d-i-f-E-R-a~=0.635"
"PronTokAlign",543.7299999999999,543.8399999999999,"d-e=0.568"
"PronTokAlign",543.8399999999999,544.06,"t-E-m=0.875"
"PronTokAlign",544.06,544.2399999999999,"k-i=0.529"
"PronTokAlign",544.2399999999999,544.27,"O~=0.724"
"PronTokAlign",544.27,544.4,"t-e=0.279"
"PronTokAlign",544.4,544.7199999999999,"p-R-O/-p-O/-z-e=0.803"
"PronTokAlign",544.7199999999999,545.4799999999999,"O/-p-A/-R-A/-v-a~"
"PronTokAlign",545.4799999999999,545.5799999999999,"k=0.485"
"PronTokAlign",545.5799999999999,545.6999999999999,"p-@=0.977"
"PronTokAlign",545.6999999999999,545.8499999999999,"E-t=0.532"
"PronTokAlign",545.8499999999999,545.93,"U~/=0.716"
"PronTokAlign",545.93,546.0699999999999,"p-2"
"PronTokAlign",546.0699999999999,546.46,"O/-z-e"
"PronTokAlign",546.46,546.86,"#=0.0"
"PronTokAlign",546.86,546.95,"S=0.718"
"PronTokAlign",546.95,547.01,"v-E=0.476"
"PronTokAlign",547.01,547.4300000000001,"p-R-O/-p-O/-z-e=0.751"
"PronTokAlign",547.4300000000001,547.49,"l"
"PronTokAlign",547.49,548.0600000000001,"O/-R-9-R"
"PronTokAlign",548.0600000000001,548.12,"u"
"PronTokAlign",548.12,548.29,"l-e=0.643"
"PronTokAlign",548.29,548.939243,"s-y-s-p-E-n-s=0.934"
"PronTokAlign",548.939243,550.295,"#=0.0"
"PronTokAlign",550.295,551.0649999999999,"fp"
"PronTokAlign",551.0649999999999,551.4649999999999,"d-O~-k=0.966"
"PronTokAlign",551.4649999999999,551.615,"fp"
"PronTokAlign",551.615,551.8449999999999,"O/-R-9-R"
"PronTokAlign",551.8449999999999,552.655,"s-y-s-p-E-n-s-@=0.584"
"PronTokAlign",552.655,553.0749999999999,"fp"
"PronTokAlign",553.0749999999999,553.1049999999999,"#"
"PronTokAlign",553.1049999999999,553.245,"m-E-m=0.895"
"PronTokAlign",553.245,553.365,"s=0.976"
"PronTokAlign",553.365,553.4749999999999,"s-e"
"PronTokAlign",553.4749999999999,553.655,"p-A/=0.943"
"PronTokAlign",553.655,554.1049999999999,"E-g-z-A/-k-t-2-m-a~=0.561"
"PronTokAlign",554.1049999999999,554.425,"p-A/-R-E-j"
"PronTokAlign",554.425,554.515,"l-e=0.475"
"PronTokAlign",554.515,554.765,"d-2=0.747"
"PronTokAlign",554.765,554.905,"d-O~=0.53"
"PronTokAlign",554.905,555.125,"s-e"
"PronTokAlign",555.125,555.435,"A/-v-E-k"
"PronTokAlign",555.435,555.5849999999999,"d-e-z=0.622"
"PronTokAlign",555.5849999999999,555.915,"i-s-t-w-A/-R=0.926"
"PronTokAlign",555.915,556.265,"k-i=0.801"
"PronTokAlign",556.265,556.515,"f-O~=0.739"
"PronTokAlign",556.515,557.06,"p-9-R"
"PronTokAlign",557.06,557.695,"#=0.0"
"PronTokAlign",557.695,558.1350000000001,"fp"
"PronTokAlign",558.1350000000001,558.505,"k-i=0.533"
"PronTokAlign",558.505,559.28,"k-i=0.971"
"PronTokAlign",559.28,559.935,"#=0.0"
"PronTokAlign",559.935,560.025,"n-u=0.842"
"PronTokAlign",560.025,560.2349999999999,"m-E-t=0.942"
"PronTokAlign",560.2349999999999,560.3249999999999,"a~"
"PronTokAlign",560.3249999999999,561.18909,"a~-g-w-A/-s=0.987"
"PronTokAlign",561.18909,561.21,"#=0.0"
"PronTokAlign",561.21,561.535,"fp=0.0"
"PronTokAlign",561.535,562.2,"#=0.0"
"PronTokAlign",562.2,562.665,"s-e"
"PronTokAlign",562.665,564.16,"#=0.0"
"PronTokAlign",564.16,564.51,"E=0.847"
"PronTokAlign",564.51,564.74,"fp"
"PronTokAlign",564.74,565.325,"#=0.0"
"PronTokAlign",565.325,565.495,"p-u-R"
"PronTokAlign",565.495,565.815,"v-i-v-R-@=0.525"
"PronTokAlign",565.815,565.9050000000001,"y-n=0.804"
"PronTokAlign",565.9050000000001,566.335,"t-a~-s-j-O~"
"PronTokAlign",566.335,566.5150000000001,"p-l-y-s=0.724"
"PronTokAlign",566.5150000000001,566.6650000000001,"k-@=0.876"
"PronTokAlign",566.6650000000001,566.965,"p-u-R"
"PronTokAlign",566.965,567.0250000000001,"fp"
"PronTokAlign",567.0250000000001,567.345,"p-A/-s-e=0.656"
"PronTokAlign",567.345,567.4250000000001,"U~/=0.841"
"PronTokAlign",567.4250000000001,567.565,"b-O~=0.323"
"PronTokAlign",567.565,567.875,"m-O/-m-a~"
"PronTokAlign",567.875,568.225,"p-A/-R-f-w-A/=0.933"
"PronTokAlign",568.225,568.2650000000001,"Z=0.646"
"PronTokAlign",568.2650000000001,568.2950000000001,"E=0.652"
"PronTokAlign",568.2950000000001,568.455,"a~-v-i"
"PronTokAlign",568.455,568.5450000000001,"d=0.641"
"PronTokAlign",568.5450000000001,568.795,"d-i-R=0.653"
"PronTokAlign",568.795,569.295,"#=0.0"
"PronTokAlign",569.295,569.435,"d-O~=0.863"
"PronTokAlign",569.435,569.635,"s-e"
"PronTokAlign",569.635,569.745,"v-R-E=0.735"
"PronTokAlign",569.745,569.775,"k=0.886"
"PronTokAlign",569.775,569.8149999999999,"s=0.515"
"PronTokAlign",569.8149999999999,569.875,"s"
"PronTokAlign",569.875,570.275,"O/-p-O/-z-@=0.699"
"PronTokAlign",570.275,570.735,"O/"
"PronTokAlign",570.735,571.485,"s-y-Z-E=0.678"
"PronTokAlign",571.485,571.615,"k=0.616"
"PronTokAlign",571.615,571.655,"m=0.812"
"PronTokAlign",571.655,571.6949999999999,"A/"
"PronTokAlign",571.6949999999999,572.045,"t-e=0.242"
"PronTokAlign",572.045,572.3149999999999,"s-i-t-e"
"PronTokAlign",572.3149999999999,572.87,"O/-p-A/-R-A/-v-a~"
"PronTokAlign",572.87,573.835,"#=0.0"
"PronTokAlign",573.835,575.15,"fp=0.0"
"PronTokAlign",575.15,575.755,"#=0.0"
"PronTokAlign",575.755,576.435,"p-E-R-s-O/-n-E-l-m-a~=0.558"
"PronTokAlign",576.435,576.575,"Z=0.779"
"PronTokAlign",576.575,576.625,"e=0.661"
"PronTokAlign",576.625,576.995,"t-u-Z-u-R=0.775"
"PronTokAlign",576.995,577.215,"E-m-e=0.682"
"PronTokAlign",577.215,577.415,"s-@=0.575"
"PronTokAlign",577.415,578.175,"Z-a~-R=0.606"
"PronTokAlign",578.175,579.245,"#=0.0"
"PronTokAlign",579.245,579.865,"fp=0.0"
"PronTokAlign",579.865,582.29,"#=0.0"
"PronTokAlign",582.29,582.4499999999999,"e=0.582"
"PronTokAlign",582.4499999999999,582.82,"fp"
"PronTokAlign",582.82,583.85,"#=0.0"
"PronTokAlign",583.85,584.35,"p-u-R"
"PronTokAlign",584.35,584.74,"p-l-y-t-O/=0.831"
"PronTokAlign",584.74,585.21,"E-k-s-p-l-O/-R-e=0.832"
"PronTokAlign",585.21,585.24,"d=0.49"
"PronTokAlign",585.24,585.5,"n-u-v-O/=0.787"
"PronTokAlign",585.5,586.03,"t-E-m=0.79"
"PronTokAlign",586.03,586.49,"p-u-R"
"PronTokAlign",586.49,587.295,"#=0.0"
"PronTokAlign",587.295,587.495,"p-u-R"
"PronTokAlign",587.495,587.945,"fp"
"PronTokAlign",587.945,588.565,"#=0.0"
"PronTokAlign",588.565,588.7950000000001,"v-w-A/-R"
"PronTokAlign",588.7950000000001,588.865,"d-E=0.378"
"PronTokAlign",588.865,588.995,"S-O/-z"
"PronTokAlign",588.995,589.105,"k-@=0.592"
"PronTokAlign",589.105,589.1450000000001,"Z=0.64"
"PronTokAlign",589.1450000000001,589.1750000000001,"e=0.657"
"PronTokAlign",589.1750000000001,589.445,"Z-A/-m-E=0.553"
"PronTokAlign",589.445,589.595,"v-y=0.922"
"PronTokAlign",589.595,589.945,"p-A/-R-E-g-z-a~-p-l=0.424"
"PronTokAlign",589.945,590.365,"d-e-z=0.585"
"PronTokAlign",590.365,591.0150000000001,"m-O~-s-t-R=0.644"
"PronTokAlign",591.0150000000001,591.105,"d-e=0.334"
"PronTokAlign",591.105,591.955,"f-a~-t-O/-m-z=0.651"
"PronTokAlign",591.955,592.29,"d-e=0.707"
"PronTokAlign",592.29,593.23,"#=0.0"
"PronTokAlign",593.23,593.69,"d-e-z=0.758"
"PronTokAlign",593.69,594.11,"i-s-t-w-A/-R=0.904"
"PronTokAlign",594.11,594.86,"k-R-i-m-i-n-E-l=0.799"
"PronTokAlign",594.86,595.03,"#"
"PronTokAlign",595.03,595.1700000000001,"l-O/-R=0.439"
"PronTokAlign",595.1700000000001,595.3000000000001,"s-e"
"PronTokAlign",595.3000000000001,595.39,"v-R-e=0.651"
"PronTokAlign",595.39,595.4200000000001,"k=0.98"
"PronTokAlign",595.4200000000001,595.51,"s-e"
"PronTokAlign",595.51,595.64,"p-A/=0.841"
"PronTokAlign",595.64,596.09,"f-O/-R-s-E-m-a~=0.345"
"PronTokAlign",596.09,596.86,"p-O/-z-i-t-i-f"
"PronTokAlign",596.86,597.1800000000001,"m-E=0.581"
"PronTokAlign",597.1800000000001,597.385,"fp"
"PronTokAlign",597.385,598.005,"#=0.0"
"PronTokAlign",598.005,598.075,"m-e=0.355"
"PronTokAlign",598.075,598.205,"Z-@=0.452"
"PronTokAlign",598.205,598.435,"d-i-R-E=0.741"
"PronTokAlign",598.435,598.585,"p-A/=0.881"
"PronTokAlign",598.585,598.655,"k=0.886"
"PronTokAlign",598.655,598.835,"s-e"
"PronTokAlign",598.835,599.405,"U~/-s-p-i-R-a~=0.905"
"PronTokAlign",599.405,599.455,"u"
"PronTokAlign",599.455,600.185,"E-k-s-i-t-a~=0.865"
"PronTokAlign",600.185,600.455,"m-e=0.316"
"PronTokAlign",600.455,600.635,"fp"
"PronTokAlign",600.635,601.4,"#=0.0"
"PronTokAlign",601.4,601.52,"s-A/=0.926"
"PronTokAlign",601.52,601.63,"p-@=0.93"
"PronTokAlign",601.63,601.79,"E-t-R=0.526"
"PronTokAlign",601.79,602.18,"A/-m-y-z-a~=0.806"
"PronTokAlign",602.18,602.2099999999999,"A/"
"PronTokAlign",602.2099999999999,602.43,"v-w-A/-R"
"PronTokAlign",602.43,602.67,"s-y-R-t-u=0.934"
"PronTokAlign",602.67,602.89,"A/-v-E-k"
"PronTokAlign",602.89,602.9499999999999,"d=0.344"
"PronTokAlign",602.9499999999999,603.26,"A/-m-i=0.802"
"PronTokAlign",603.26,603.6,"s-y-R-t-u=0.955"
"PronTokAlign",603.6,604.52,"A/-l-O/-i-n"
"PronTokAlign",604.52,605.0,"s-y-R-t-u=0.667"
"PronTokAlign",605.0,605.17,"l-e=0.477"
"PronTokAlign",605.17,605.47,"s-w-A/-R"
"PronTokAlign",605.47,605.55,"O/"
"PronTokAlign",605.55,606.01,"s-i-n-e-m-A/=0.524"
"PronTokAlign",606.01,606.405,"s-e"
"PronTokAlign",606.405,606.93,"#=0.0"
"PronTokAlign",606.93,607.2099999999999,"s-e"
"PronTokAlign",607.2099999999999,607.56,"t-u-Z-u-R=0.55"
"PronTokAlign",607.56,607.66,"U~/=0.855"
"PronTokAlign",607.66,607.89,"b-O~-n=0.289"
"PronTokAlign",607.89,608.16,"m-O/-m-a~"
"PronTokAlign",608.16,608.1899999999999,"d=0.552"
"PronTokAlign",608.1899999999999,608.585,"b-O/-n-9-R"
"PronTokAlign",608.585,609.575,"#=0.0"
"PronTokAlign",609.575,610.17,"@-m"
"PronTokAlign",610.17,611.37,"#=0.0"
"PronTokAlign",611.37,611.62,"l-A/"
"PronTokAlign",611.62,611.77,"u"
"PronTokAlign",611.77,611.8,"j=0.539"
"PronTokAlign",611.8,611.83,"A/"
"PronTokAlign",611.83,612.305,"U~/=0.811"
"PronTokAlign",612.305,612.555,"#=0.0"
"PronTokAlign",612.555,612.9749999999999,"p-R-O/-b-l-E-m-@=0.854"
"PronTokAlign",612.9749999999999,613.035,"e=0.753"
"PronTokAlign",613.035,613.2049999999999,"S=0.494"
"PronTokAlign",613.2049999999999,613.415,"s-y-i=0.713"
"PronTokAlign",613.415,613.93,"d-A/-k-O/-R"
"PronTokAlign",613.93,614.045,"#=0.0"
"PronTokAlign",614.045,614.115,"s-e"
"PronTokAlign",614.115,614.245,"k-@=0.505"
"PronTokAlign",614.245,614.545,"d-y-k-u"
"PronTokAlign",614.545,614.7249999999999,"s-A/=0.849"
"PronTokAlign",614.7249999999999,615.015,"n-@=0.998"
"PronTokAlign",615.015,615.425,"k-O~-v-j-U~/=0.814"
"PronTokAlign",615.425,615.545,"p-A/=0.9"
"PronTokAlign",615.545,615.645,"A/"
"PronTokAlign",615.645,615.875,"t-u-l=0.698"
"PronTokAlign",615.875,616.215,"m-O~-d=0.568"
"PronTokAlign",616.215,616.465,"#=0.0"
"PronTokAlign",616.465,616.6750000000001,"v-u-z=0.819"
"PronTokAlign",616.6750000000001,616.775,"A/-l-e=0.96"
"PronTokAlign",616.775,617.255,"p-A/=0.861"
"PronTokAlign",617.255,617.395,"A/-l-e=0.799"
"PronTokAlign",617.395,617.575,"v-w-A/-R"
"PronTokAlign",617.575,617.635,"U~/=0.885"
"PronTokAlign",617.635,617.835,"f-i-l-m=0.933"
"PronTokAlign",617.835,617.875,"d=0.691"
"PronTokAlign",617.875,618.075,"O/-R-9-R"
"PronTokAlign",618.075,618.235,"A/-v-E-k"
"PronTokAlign",618.235,618.4250000000001,"v-O/-t-R=0.474"
"PronTokAlign",618.4250000000001,618.975,"g-R-a~-m-E-R=0.719"
"PronTokAlign",618.975,619.025,"u"
"PronTokAlign",619.025,619.1850000000001,"v-O/-t=0.843"
"PronTokAlign",619.1850000000001,619.455,"p-t-i-t=0.867"
"PronTokAlign",619.455,619.745,"s-9-R"
"PronTokAlign",619.745,620.87,"#=0.0"
"PronTokAlign",620.87,621.38,"fp"
"PronTokAlign",621.38,621.48,"Z=0.623"
"PronTokAlign",621.48,621.6,"p-@=0.91"
"PronTokAlign",621.6,622.03,"p-R-O/-p-O/-z-e=0.804"
"PronTokAlign",622.03,622.17,"d-e=0.597"
"PronTokAlign",622.17,622.42,"f-i-l-m=0.678"
"PronTokAlign",622.42,622.5,"d=0.581"
"PronTokAlign",622.5,622.81,"O/-R-9-R"
"PronTokAlign",622.81,622.87,"#=0.0"
"PronTokAlign",622.87,623.13,"p-l-y-t-O/=0.914"
"PronTokAlign",623.13,623.785,"A/-d-A/-p-t-e=0.865"
"PronTokAlign",623.785,624.62,"#=0.0"
"PronTokAlign",624.62,625.13,"O/-z=0.993"
"PronTokAlign",625.13,625.54,"a~-f-a~=0.868"
"PronTokAlign",625.54,625.89,"p-A/-R-e-g-z-a~-p-l=0.446"
"PronTokAlign",625.89,626.13,"S-E-R"
"PronTokAlign",626.13,626.27,"d-@=0.921"
"PronTokAlign",626.27,626.845,"p-u-l-@=0.535"
"PronTokAlign",626.845,627.105,"#=0.0"
"PronTokAlign",627.105,627.84,"fp=0.0"
"PronTokAlign",627.84,630.475,"#=0.0"
"PronTokAlign",630.475,630.6750000000001,"n-a~=0.504"
"PronTokAlign",630.6750000000001,630.865,"S-E-R"
"PronTokAlign",630.865,630.945,"d-@=0.635"
"PronTokAlign",630.945,631.135,"p-u-l=0.664"
"PronTokAlign",631.135,631.38,"a~-f-E=0.347"
"PronTokAlign",631.38,631.65,"#=0.0"
"PronTokAlign",631.65,632.145,"fp=0.0"
"PronTokAlign",632.145,632.35,"#=0.0"
"PronTokAlign",632.35,633.21,"laugh"
"PronTokAlign",633.21,633.4300000000001,"S-E-R"
"PronTokAlign",633.4300000000001,633.63,"d-@=0.963"
"PronTokAlign",633.63,633.94,"p-u-l-@=0.608"
"PronTokAlign",633.94,634.67,"#=0.0"
"PronTokAlign",634.67,635.475,"fp=0.0"
"PronTokAlign",635.475,635.65,"#=0.0"
"PronTokAlign",635.65,635.6999999999999,"e=0.641"
"PronTokAlign",635.6999999999999,636.52,"fp"
"PronTokAlign",636.52,636.91,"#=0.0"
"PronTokAlign",636.91,636.98,"S=0.558"
"PronTokAlign",636.98,637.01,"s=0.429"
"PronTokAlign",637.01,637.04,"k=0.873"
"PronTokAlign",637.04,637.16,"s-e"
"PronTokAlign",637.16,637.3299999999999,"A/-s-e=0.744"
"PronTokAlign",637.3299999999999,637.65,"d-i-f-E-R-a~=0.509"
"PronTokAlign",637.65,637.79,"d-y=0.73"
"PronTokAlign",637.79,638.01,"R-E-s-t=0.832"
"PronTokAlign",638.01,638.0699999999999,"m=0.446"
"PronTokAlign",638.0699999999999,638.23,"s-A/=0.646"
"PronTokAlign",638.23,638.35,"p-@=0.661"
"PronTokAlign",638.35,638.5699999999999,"E-t-R=0.39"
"PronTokAlign",638.5699999999999,639.14,"s-U~/-p-A/-t-i-k=0.947"
"PronTokAlign",639.14,639.438977,"s-y-R-t-u=0.995"
"PronTokAlign",639.438977,639.54,"#=0.0"
"PronTokAlign",639.54,639.91,"k-@"
"PronTokAlign",639.91,640.39,"O~-n=0.943"
"PronTokAlign",640.39,640.955,"#=0.0"
"PronTokAlign",640.955,641.105,"O~-n=0.873"
"PronTokAlign",641.105,641.4250000000001,"e=0.326"
"PronTokAlign",641.4250000000001,641.605,"k-a~=0.955"
"PronTokAlign",641.605,641.7950000000001,"m-E-m=0.707"
"PronTokAlign",641.7950000000001,642.115,"p-R-O/-S=0.888"
"PronTokAlign",642.115,642.1750000000001,"d=0.648"
"PronTokAlign",642.1750000000001,643.095,"O/-k-t-O/-b-R=0.656"
"PronTokAlign",643.095,643.2850000000001,"e=0.968"
"PronTokAlign",643.2850000000001,643.59,"fp"
"PronTokAlign",643.59,644.18,"#=0.0"
"PronTokAlign",644.18,644.2399999999999,"s=0.777"
"PronTokAlign",644.2399999999999,644.4,"s-R-E=0.763"
"PronTokAlign",644.4,644.7199999999999,"s-U~/-p-A/"
"PronTokAlign",644.7199999999999,644.8,"d-@=0.772"
"PronTokAlign",644.8,644.9699999999999,"f-E-R=0.8"
"PronTokAlign",644.9699999999999,645.26,"k-k-S-O/-z=0.649"
"PronTokAlign",645.26,645.37,"d-a~=0.939"
"PronTokAlign",645.37,645.4,"l=0.875"
"PronTokAlign",645.4,645.68,"t-E-m=0.742"
"PronTokAlign",645.68,647.055,"#=0.0"
"PronTokAlign",647.055,648.5,"fp=0.0"
"PronTokAlign",648.5,650.36,"#=0.0"
"PronTokAlign",650.36,650.69,"Z-@=0.998"
"PronTokAlign",650.69,651.1,"k-O/-n-e-z=0.66"
"PronTokAlign",651.1,651.1800000000001,"Z=0.502"
"PronTokAlign",651.1800000000001,651.29,"p-@=0.894"
"PronTokAlign",651.29,651.45,"p-A/=0.859"
"PronTokAlign",651.45,651.91,"s-i-t-e=0.879"
"PronTokAlign",651.91,652.46,"p-R-e-s-i-z-e-m-a~=0.451"
"PronTokAlign",652.46,652.62,"d-e-z=0.49"
"PronTokAlign",652.62,652.99,"A/-k-t-9-R=0.938"
"PronTokAlign",652.99,653.04,"u"
"PronTokAlign",653.04,653.1,"d=0.69"
"PronTokAlign",653.1,653.87,"R-e-A/-l-i-z-A/-t-9-R=0.473"
"PronTokAlign",653.87,654.61,"s-E-l-E-b-R-@=0.384"
"PronTokAlign",654.61,655.095,"fp"
"PronTokAlign",655.095,655.595,"#=0.0"
"PronTokAlign",655.595,655.6650000000001,"p-A/=0.934"
"PronTokAlign",655.6650000000001,655.9250000000001,"v-R-E-m-a~=0.644"
"PronTokAlign",655.9250000000001,656.235,"k-k-S-O/-z=0.849"
"PronTokAlign",656.235,656.345,"k=0.532"
"PronTokAlign",656.345,656.455,"Z=0.516"
"PronTokAlign",656.455,657.13,"R-@-g-A/-R-d-@=0.94"
"PronTokAlign",657.13,657.43,"#=0.0"
"PronTokAlign",657.43,657.53,"k-a~=0.821"
"PronTokAlign",657.53,657.62,"Z=0.561"
"PronTokAlign",657.62,657.8399999999999,"R-g-A/-R-d=0.603"
"PronTokAlign",657.8399999999999,657.9499999999999,"U~/=0.79"
"PronTokAlign",657.9499999999999,658.18,"f-i-l-m=0.736"
"PronTokAlign",658.18,658.3199999999999,"m-E=0.381"
"PronTokAlign",658.3199999999999,658.48,"b-O/=0.302"
"PronTokAlign",658.48,659.825,"#=0.0"
"PronTokAlign",659.825,660.6650000000001,"fp"
"PronTokAlign",660.6650000000001,660.7950000000001,"d-O~=0.857"
"PronTokAlign",660.7950000000001,661.0450000000001,"u-i=0.782"
"PronTokAlign",661.0450000000001,661.105,"S=0.695"
"PronTokAlign",661.105,661.2850000000001,"p-u-R-E=0.554"
"PronTokAlign",661.2850000000001,661.6550000000001,"p-R-O/-p-O/-z-e=0.873"
"PronTokAlign",661.6550000000001,661.855,"S-E-R"
"PronTokAlign",661.855,661.975,"d-@=0.931"
"PronTokAlign",661.975,662.1850000000001,"p-u-l=0.602"
"PronTokAlign",662.1850000000001,662.445,"p-A/-s-k-@=0.53"
"PronTokAlign",662.445,662.615,"s-e"
"PronTokAlign",662.615,662.875,"A/-s-e=0.782"
"PronTokAlign",662.875,663.0450000000001,"s-e"
"PronTokAlign",663.0450000000001,663.485,"U~/-s-p-i-R-e"
"PronTokAlign",663.485,663.5550000000001,"d=0.666"
"PronTokAlign",663.5550000000001,663.745,"U~/=0.657"
"PronTokAlign",663.745,663.875,"l-i-v=0.804"
"PronTokAlign",663.875,663.9350000000001,"k=0.885"
"PronTokAlign",663.9350000000001,664.195,"t-u-t-l=0.519"
"PronTokAlign",664.195,664.2850000000001,"m-O~-d=0.867"
"PronTokAlign",664.2850000000001,664.585,"R-g-A/-R-d=0.402"
"PronTokAlign",664.585,664.985,"t-p-y-i=0.563"
"PronTokAlign",664.985,665.475,"fp"
"PronTokAlign",665.475,665.6750000000001,"t-u-l=0.675"
"PronTokAlign",665.6750000000001,665.7750000000001,"m-O~-d=0.754"
"PronTokAlign",665.7750000000001,665.865,"A/"
"PronTokAlign",665.865,666.005,"l-y"
"PronTokAlign",666.005,666.345,"t-p-y-i=0.992"
"PronTokAlign",666.345,666.485,"t-R-E=0.461"
"PronTokAlign",666.485,666.865,"l-O~-t-a~"
"PronTokAlign",666.865,666.965,"d-O~=0.652"
"PronTokAlign",666.965,667.125,"s-A/=0.896"
"PronTokAlign",667.125,667.455,"f-R-E=0.659"
"PronTokAlign",667.455,667.495,"s=0.858"
"PronTokAlign",667.495,667.955,"p-u-R-E-t=0.458"
"PronTokAlign",667.955,668.315,"O/-s-i"
"PronTokAlign",668.315,668.6550000000001,"R-A/-m-2-n-e=0.931"
"PronTokAlign",668.6550000000001,668.6850000000001,"d=0.712"
"PronTokAlign",668.6850000000001,669.0350000000001,"p-E-R-s-O/-n=0.883"
"PronTokAlign",669.0350000000001,669.065,"d=0.424"
"PronTokAlign",669.065,669.195,"l-A/"
"PronTokAlign",669.195,669.885,"g-e-n-e"
"PronTokAlign",669.885,670.345,"t"
"PronTokAlign",670.345,670.4050000000001,"d-e=0.378"
"PronTokAlign",670.4050000000001,670.945,"Z-E-n-E-R-A/-s-j-O~=0.589"
"PronTokAlign",670.945,670.995,"U~/=0.826"
"PronTokAlign",670.995,671.105,"p-2"
"PronTokAlign",671.105,671.475,"p-l-y-s=0.596"
"PronTokAlign",671.475,671.7750000000001,"a~-s-j-E-n=0.968"
"PronTokAlign",671.7750000000001,671.845,"d-O~=0.682"
"PronTokAlign",671.845,672.0350000000001,"s-A/=0.809"
"PronTokAlign",672.0350000000001,672.205,"d-A/-t=0.748"
"PronTokAlign",672.205,672.4250000000001,"d-@=0.447"
"PronTokAlign",672.4250000000001,672.955,"k-A/-t-R-v-U~/-z-E-R-O/=0.349"
"PronTokAlign",672.955,673.0550000000001,"Z-@=0.63"
"PronTokAlign",673.0550000000001,673.2750000000001,"k-R-w-A/=0.924"
"PronTokAlign",673.2750000000001,673.375,"l-e=0.366"
"PronTokAlign",673.375,673.605,"l-i-v-R=0.658"
"PronTokAlign",673.605,674.22,"#=0.0"
"PronTokAlign",674.22,674.34,"e=0.614"
"PronTokAlign",674.34,674.39,"fp"
"PronTokAlign",674.39,674.45,"v-u=0.785"
"PronTokAlign",674.45,674.48,"a~"
"PronTokAlign",674.48,674.58,"A/-v-e=0.625"
"PronTokAlign",674.58,674.87,"p-2-t-E-t-R=0.861"
"PronTokAlign",674.87,675.1800000000001,"d-e-Z-A/=0.396"
"PronTokAlign",675.1800000000001,675.3100000000001,"l-y"
"PronTokAlign",675.3100000000001,675.4300000000001,"#"
"PronTokAlign",675.4300000000001,675.62,"k-a~=0.731"
"PronTokAlign",675.62,675.7,"v-u=0.707"
"PronTokAlign",675.7,675.9,"e-t-j-e=0.592"
"PronTokAlign",675.9,676.15,"Z-9-n=0.642"
"PronTokAlign",676.15,677.13,"#=0.0"
"PronTokAlign",677.13,677.23,"l-e=0.493"
"PronTokAlign",677.23,677.42,"S-E-R=0.884"
"PronTokAlign",677.42,677.52,"d-@=0.754"
"PronTokAlign",677.52,677.79,"p-O/-l=0.371"
"PronTokAlign",677.79,687.15,"#=0.0"
"PronTokAlign",687.15,687.48,"u-i=0.879"
"PronTokAlign",687.48,688.3,"v-w-A/-l-A/=0.93"
"PronTokAlign",688.3,688.68,"laugh"
"PronTokAlign",688.68,689.02,"#"
"PronTokAlign",689.02,689.0799999999999,"d-O~=0.765"
"PronTokAlign",689.0799999999999,689.1899999999999,"s-e"
"PronTokAlign",689.1899999999999,689.22,"k=0.885"
"PronTokAlign",689.22,689.37,"s-A/=0.919"
"PronTokAlign",689.37,689.51,"p-@=0.682"
"PronTokAlign",689.51,689.6899999999999,"f-E-R=0.632"
"PronTokAlign",689.6899999999999,689.9399999999999,"p-9-R"
"PronTokAlign",689.9399999999999,690.09,"m-E=0.426"
"PronTokAlign",690.09,690.28,"b-O~=0.389"
"PronTokAlign",690.28,691.1,"#=0.0"
"PronTokAlign",691.1,692.42,"fp=0.0"
"PronTokAlign",692.42,693.02,"#=0.0"
"PronTokAlign",693.02,693.4499999999999,"d-O~-k=0.936"
"PronTokAlign",693.4499999999999,693.78,"fp"
"PronTokAlign",693.78,694.48,"v-w-A/-l-A/=0.779"
"PronTokAlign",694.48,694.76,"fp"
"PronTokAlign",694.76,694.81,"#"
"PronTokAlign",694.81,695.03,"A/-p-R-e=0.668"
"PronTokAlign",695.03,695.11,"S=0.476"
"PronTokAlign",695.11,695.27,"s-e=0.561"
"PronTokAlign",695.27,695.31,"k=0.91"
"PronTokAlign",695.31,695.42,"s-e"
"PronTokAlign",695.42,695.63,"A/-s-e=0.934"
"PronTokAlign",695.63,696.01,"a~-s-j-U~/=0.626"
"PronTokAlign",696.01,696.16,"m-E=0.33"
"PronTokAlign",696.16,696.85,"e-f-E-k-t-i-v-m-a~=0.473"
"PronTokAlign",696.85,697.11,"fp"
"PronTokAlign",697.11,697.29,"l-@=0.678"
"PronTokAlign",697.29,697.6999999999999,"Z-a~-R-@=0.586"
"PronTokAlign",697.6999999999999,697.8,"d-@=0.575"
"PronTokAlign",697.8,698.11,"O/-R-9-R"
"PronTokAlign",698.11,698.14,"A/"
"PronTokAlign",698.14,698.6899999999999,"E-v-O/-l-y-e=0.518"
"PronTokAlign",698.6899999999999,699.0699999999999,"O/-Z-u-R-d-y-i"
"PronTokAlign",699.0699999999999,699.54,"O/-s-i"
"PronTokAlign",699.54,699.736395,"fp"
"PronTokAlign",699.736395,700.745376,"#=0.0"
"PronTokAlign",700.745376,701.315376,"O/-Z-u-R-d-y-i"
"PronTokAlign",701.315376,701.4053759999999,"l"
"PronTokAlign",701.4053759999999,701.6453759999999,"O/-R-9-R"
"PronTokAlign",701.6453759999999,701.7853759999999,"s-e"
"PronTokAlign",701.7853759999999,702.325376,"p-l-y-t-O/=0.658"
"PronTokAlign",702.325376,702.5353759999999,"d-y=0.888"
"PronTokAlign",702.5353759999999,703.455376,"g-O/-R-@=0.981"
"PronTokAlign",703.455376,703.635376,"d-y=0.93"
"PronTokAlign",703.635376,704.085376,"s-t-E-k=0.674"
"PronTokAlign",704.085376,704.3053759999999,"d-O~-k=0.939"
"PronTokAlign",704.3053759999999,704.355376,"O~=0.914"
"PronTokAlign",704.355376,704.455376,"v-A/"
"PronTokAlign",704.455376,704.615376,"p-A/=0.919"
"PronTokAlign",704.615376,704.7953759999999,"m-E-t-R=0.987"
"PronTokAlign",704.7953759999999,704.855376,"s=0.763"
"PronTokAlign",704.855376,704.8953759999999,"A/"
"PronTokAlign",704.8953759999999,704.985376,"U~/=0.744"
"PronTokAlign",704.985376,705.5453759999999,"f-E-s-t-i-v-A/-l"
"PronTokAlign",705.5453759999999,706.045,"e-v-i-d-A/-m-a~=0.335"
"PronTokAlign",706.045,706.92,"#=0.0"
"PronTokAlign",706.92,707.2299999999999,"d-O~-k=0.991"
"PronTokAlign",707.2299999999999,707.81,"Z-@=0.999"
"PronTokAlign",707.81,708.12,"p-a~-s=0.607"
"PronTokAlign",708.12,708.15,"k"
"PronTokAlign",708.15,708.2299999999999,"O~=0.582"
"PronTokAlign",708.2299999999999,708.93,"p-2-t=0.986"
"PronTokAlign",708.93,709.24,"R-2-v-n-i-R=0.788"
"PronTokAlign",709.24,709.36,"U~/=0.505"
"PronTokAlign",709.36,709.5999999999999,"p-t-i-t=0.503"
"PronTokAlign",709.5999999999999,709.7099999999999,"p-2"
"PronTokAlign",709.7099999999999,709.8,"a~"
"PronTokAlign",709.8,710.18,"A/-R-j-E-R=0.621"
"PronTokAlign",710.18,710.3299999999999,"e=0.646"
"PronTokAlign",710.3299999999999,710.65,"p-R-a~-d-R=0.847"
"PronTokAlign",710.65,710.74,"d-e=0.357"
"PronTokAlign",710.74,710.9,"v-j-@=0.733"
"PronTokAlign",710.9,711.2299999999999,"f-i-l-m=0.846"
"PronTokAlign",711.2299999999999,711.26,"k=0.838"
"PronTokAlign",711.26,711.89,"s-O~-t=0.919"
"PronTokAlign",711.89,712.15,"p-l-y=0.496"
"PronTokAlign",712.15,713.04,"A/-k-s-E-s-i-b-l-z=0.952"
"PronTokAlign",713.04,714.22,"#=0.0"
"PronTokAlign",714.22,714.39,"e=0.946"
"PronTokAlign",714.39,715.1,"e-v-a~-t-j-E-l-m-a~=0.683"
"PronTokAlign",715.1,715.415,"d-R-O/-l-z=0.844"
"PronTokAlign",715.415,715.54,"#=0.0"
"PronTokAlign",715.54,715.63,"s-e"
"PronTokAlign",715.63,715.76,"p-A/=0.85"
"PronTokAlign",715.76,715.9499999999999,"k-@=0.704"
"PronTokAlign",715.9499999999999,716.04,"d-@=0.393"
"PronTokAlign",716.04,716.0699999999999,"l"
"PronTokAlign",716.0699999999999,716.81,"O/-R-9-R"
"PronTokAlign",716.81,719.245,"#=0.0"
"PronTokAlign",719.245,719.505,"d-O~-k=0.875"
"PronTokAlign",719.505,719.775,"v-l-A/=0.791"
"PronTokAlign",719.775,720.665,"#=0.0"
"PronTokAlign",720.665,721.33,"@-m"
"PronTokAlign",721.33,726.425,"#=0.0"
"PronTokAlign",726.425,726.7149999999999,"fp"
"PronTokAlign",726.7149999999999,726.8449999999999,"Z-@=0.559"
"PronTokAlign",726.8449999999999,727.045,"p-a~-s=0.977"
"PronTokAlign",727.045,727.1049999999999,"k"
"PronTokAlign",727.1049999999999,727.1949999999999,"O~-n=0.835"
"PronTokAlign",727.1949999999999,727.295,"A/"
"PronTokAlign",727.295,727.875,"f-i-n-i"
"PronTokAlign",727.875,729.475,"#=0.0"
"PronTokAlign",729.475,730.5,"fp=0.0"
"PronTokAlign",730.5,731.115,"#=0.0"
"PronTokAlign",731.115,731.165,"e=0.572"
"PronTokAlign",731.165,731.405,"p-2-t-E-t-R=0.98"
"PronTokAlign",731.405,731.445,"k"
"PronTokAlign",731.445,731.475,"O~=0.87"
"PronTokAlign",731.475,731.565,"v-A/"
"PronTokAlign",731.565,731.755,"f-E-R=0.91"
"PronTokAlign",731.755,731.8050000000001,"U~/=0.92"
"PronTokAlign",731.8050000000001,732.42,"k-O~-t-2-R-a~-d-y"
"PronTokAlign",732.42,739.495,"#=0.0"
"PronTokAlign",739.495,739.775,"s-i-n-O~"
"PronTokAlign",739.775,748.077188,"#=0.0"
"PronTokAlign",748.077188,748.6171879999999,"d-O~-k=0.734"
"PronTokAlign",748.6171879999999,748.92,"d-y-k-u"
"PronTokAlign",748.92,756.33,"#=0.0"
"PronTokAlign",756.33,756.4200000000001,"fp"
"PronTokAlign",756.4200000000001,756.6,"Z-@=0.632"
"PronTokAlign",756.6,756.8100000000001,"s-y-i=0.634"
"PronTokAlign",756.8100000000001,757.33,"d-A/-k-O/-R"
"PronTokAlign",757.33,757.665,"laugh"
"PronTokAlign",757.665,769.545881,"#=0.0"
"PronTokAlign",769.545881,770.043681,"laugh=0.0"
"PronTokAlign",770.043681,790.39073,"#=0.0"
"PronTokAlign",790.39073,791.429617,"laugh=0.0"
"PronTokAlign",791.429617,792.468504,"#=0.0"
"PronTokAlign",792.468504,793.345,"laugh=0.0"
"PronTokAlign",793.345,793.6650000000001,"s-e"
"PronTokAlign",793.6650000000001,793.775,"U~/=0.733"
"PronTokAlign",793.775,793.995,"t-R-E=0.57"
"PronTokAlign",793.995,794.1650000000001,"b-O~=0.464"
"PronTokAlign",794.1650000000001,794.655,"A/-R-g-y-m-a~"
"PronTokAlign",794.655,795.576209,"laugh"
"PronTokAlign",795.576209,804.925,"#=0.0"
"PronTokAlign",804.925,805.772813,"A/=0.0"
"PronTokAlign",805.772813,807.97,"#=0.0"
"PronTokAlign",807.97,808.135,"w-E"
"PronTokAlign",808.135,809.125,"#=0.0"
"PronTokAlign",809.125,809.41,"noise=0.0"
"PronTokAlign",809.41,824.035,"#=0.0"
"PronTokAlign",824.035,824.145,"s-e"
"PronTokAlign",824.145,824.38,"s-A/"
"PronTokAlign",824.38,828.24,"#=0.0"
"PronTokAlign",828.24,828.3100000000001,"w-E"
"PronTokAlign",828.3100000000001,828.49,"w-E"
"PronTokAlign",828.49,829.025,"#=0.0"
"PronTokAlign",829.025,829.29,"v-l-A/=0.92"
"PronTokAlign",829.29,843.28,"#=0.0"
"PronTokAlign",843.28,843.68,"m-E=0.723"
"PronTokAlign",843.68,843.7099999999999,"fp"
"PronTokAlign",843.7099999999999,843.9599999999999,"d-y-k-u"
"PronTokAlign",843.9599999999999,844.22,"f-O/-d-R-E=0.494"
"PronTokAlign",844.22,844.28,"s=0.769"
"PronTokAlign",844.28,844.73,"d-@-m-a~-d-e=0.581"
"PronTokAlign",844.73,844.9,"s-k=0.636"
"PronTokAlign",844.9,845.0,"l-e=0.503"
"PronTokAlign",845.0,845.23,"n-u-v-E-l=0.82"
"PronTokAlign",845.23,846.01,"t-E-k-n-O/-l-O/-Z-i=0.809"
"PronTokAlign",846.01,846.04,"O~=0.853"
"PronTokAlign",846.04,846.3199999999999,"U~/-n=0.77"
"PronTokAlign",846.3199999999999,846.65,"U~/-p-A/-k-t"
"PronTokAlign",846.65,847.0,"s-y-R-s-@"
"PronTokAlign",847.0,847.265,"Z-a~-R=0.773"
"PronTokAlign",847.265,848.24,"#=0.0"
"PronTokAlign",848.24,848.5600000000001,"d-O~-k=0.956"
"PronTokAlign",848.5600000000001,848.73,"fp"
"PronTokAlign",848.73,849.14,"p-A/-R-E-g-z-a~-p-l=0.322"
"PronTokAlign",849.14,849.635,"l-A/"
"PronTokAlign",849.635,850.53,"#=0.0"
"PronTokAlign",850.53,850.86,"l-A/"
"PronTokAlign",850.86,851.015,"l-A/"
"PronTokAlign",851.015,851.825,"#=0.0"
"PronTokAlign",851.825,851.865,"s=0.853"
"PronTokAlign",851.865,852.125,"l-e=0.526"
"PronTokAlign",852.125,853.09,"f-i-l-m-@=0.999"
"PronTokAlign",853.09,853.63,"#=0.0"
"PronTokAlign",853.63,853.84,"d-O~-k=0.803"
"PronTokAlign",853.84,853.89,"O~=0.541"
"PronTokAlign",853.89,853.99,"A/"
"PronTokAlign",853.99,854.24,"d-i=0.593"
"PronTokAlign",854.24,854.58,"A/-k-s-j-O~"
"PronTokAlign",854.58,854.71,"s-e"
"PronTokAlign",854.71,854.905,"s-A/=0.996"
"PronTokAlign",854.905,855.67,"#=0.0"
"PronTokAlign",855.67,856.39,"A/-v-a~-t-y-R=0.529"
"PronTokAlign",856.39,856.7299999999999,"p-A/-d-O~=0.743"
"PronTokAlign",856.7299999999999,856.8399999999999,"S=0.809"
"PronTokAlign",856.8399999999999,857.0999999999999,"k-O~-f-O~=0.936"
"PronTokAlign",857.0999999999999,857.1999999999999,"l-E=0.489"
"PronTokAlign",857.1999999999999,857.39,"d-2-z=0.503"
"PronTokAlign",857.39,857.99,"#"
"PronTokAlign",857.99,858.3399999999999,"d-O~-k=0.999"
"PronTokAlign",858.3399999999999,858.77,"@-m"
"PronTokAlign",858.77,859.5699999999999,"#"
"PronTokAlign",859.5699999999999,859.9799999999999,"Z-y-m-a~-Z-i=0.624"
"PronTokAlign",859.9799999999999,860.02,"O~=0.667"
"PronTokAlign",860.02,860.18,"A/-v-E=0.59"
"PronTokAlign",860.18,860.3299999999999,"d-i=0.762"
"PronTokAlign",860.3299999999999,860.37,"k=0.918"
"PronTokAlign",860.37,860.66,"s-t-e=0.587"
"PronTokAlign",860.66,860.9499999999999,"b-j-U~/=0.849"
"PronTokAlign",860.9499999999999,861.04,"Z=0.443"
"PronTokAlign",861.04,861.76,"k-R-w-A/=0.728"
"PronTokAlign",861.76,861.87,"k"
"PronTokAlign",861.87,861.99,"i=0.51"
"PronTokAlign",861.99,862.02,"A/"
"PronTokAlign",862.02,862.18,"y-n=0.802"
"PronTokAlign",862.18,862.38,"v-E-R-s-j-O~"
"PronTokAlign",862.38,862.41,"a~"
"PronTokAlign",862.41,862.68,"d-e=0.882"
"PronTokAlign",862.68,862.8,"Z-@=0.691"
"PronTokAlign",862.8,862.99,"k-R-w-A/=0.849"
"PronTokAlign",862.99,863.13,"n-a~=0.472"
"PronTokAlign",863.13,863.68,"#=0.0"
"PronTokAlign",863.68,864.185,"d-e=0.935"
"PronTokAlign",864.185,865.149449,"laugh=0.0"
"PronTokAlign",865.149449,868.4,"#=0.0"
"PronTokAlign",868.4,868.4399999999999,"Z=0.4"
"PronTokAlign",868.4399999999999,868.85,"p-a~-s-@=0.747"
"PronTokAlign",868.85,869.3,"k-@=0.855"
"PronTokAlign",869.3,869.3299999999999,"Z=0.578"
"PronTokAlign",869.3299999999999,869.36,"E=0.569"
"PronTokAlign",869.36,869.4499999999999,"v-y"
"PronTokAlign",869.4499999999999,869.66,"k-@=0.629"
"PronTokAlign",869.66,869.76,"d-a~=0.913"
"PronTokAlign",869.76,869.86,"l-E=0.441"
"PronTokAlign",869.86,870.05,"g-R-a~=0.886"
"PronTokAlign",870.05,870.4399999999999,"s-i-n-E-m-A/=0.686"
"PronTokAlign",870.4399999999999,870.59,"i=0.774"
"PronTokAlign",870.59,870.73,"t-e=0.396"
"PronTokAlign",870.73,871.27,"p-R-O/-p-O/-z-e"
"PronTokAlign",871.27,871.76,"a~"
"PronTokAlign",871.76,873.155,"#=0.0"
"PronTokAlign",873.155,873.89,"S-d-e-E-m-k-s=0.392"
"PronTokAlign",873.89,874.305,"#=0.0"
"PronTokAlign",874.305,874.435,"E-s=0.804"
"PronTokAlign",874.435,874.4649999999999,"k=0.897"
"PronTokAlign",874.4649999999999,874.515,"Z=0.604"
"PronTokAlign",874.515,874.5649999999999,"e=0.598"
"PronTokAlign",874.5649999999999,874.995,"k-O~-p-R-i=0.646"
"PronTokAlign",874.995,875.625,"#"
"PronTokAlign",875.625,875.665,"u"
"PronTokAlign",875.665,875.765,"t"
"PronTokAlign",875.765,875.8249999999999,"A/=0.738"
"PronTokAlign",875.8249999999999,875.905,"l-e=0.504"
"PronTokAlign",875.905,876.2149999999999,"s-j-E-Z=0.891"
"PronTokAlign",876.2149999999999,876.3549999999999,"k-j=0.416"
"PronTokAlign",876.3549999999999,876.5849999999999,"b-u-Z=0.72"
"PronTokAlign",876.5849999999999,876.685,"e=0.69"
"PronTokAlign",876.685,876.94,"t-u=0.878"
"PronTokAlign",876.94,879.83,"#=0.0"
"PronTokAlign",879.83,880.145,"v-l-A/=0.786"
"PronTokAlign",880.145,881.68,"#=0.0"
"PronTokAlign",881.68,882.425,"e-g-z-A/-k-t-2-m-a~=0.376"
"PronTokAlign",882.425,896.04,"#=0.0"
"PronTokAlign",896.04,896.2099999999999,"v-l-A/=0.866"
"PronTokAlign",896.2099999999999,896.3199999999999,"d-O~=0.767"
"PronTokAlign",896.3199999999999,896.48,"s-A/=0.725"
"PronTokAlign",896.48,897.0,"m-E-l-a~-Z-@=0.922"
"PronTokAlign",897.0,897.2099999999999,"n-u-v-E-l=0.754"
"PronTokAlign",897.2099999999999,898.03,"t-E-k-n-O/-l-O/-Z-i=0.559"
"PronTokAlign",898.03,898.38,"e=0.731"
"PronTokAlign",898.38,898.6899999999999,"a~"
"PronTokAlign",898.6899999999999,898.87,"m-E-m=0.621"
"PronTokAlign",898.87,899.29,"t-a~-z=0.685"
"PronTokAlign",899.29,899.325,"s=0.711"
"PronTokAlign",899.325,899.57,"#=0.0"
"PronTokAlign",899.57,899.61,"s=0.962"
"PronTokAlign",899.61,899.75,"s-e"
"PronTokAlign",899.75,899.9200000000001,"s-A/=0.892"
"PronTokAlign",899.9200000000001,900.08,"s=0.675"
"PronTokAlign",900.08,900.19,"O~=0.687"
"PronTokAlign",900.19,900.58,"p-R-O/-p-O/-z=0.798"
"PronTokAlign",900.58,900.73,"d-@=0.669"
"PronTokAlign",900.73,900.96,"Z-u-e=0.607"
"PronTokAlign",900.96,901.12,"O/=0.63"
"PronTokAlign",901.12,901.28,"v-R-E=0.469"
"PronTokAlign",901.28,901.42,"Z-@=0.885"
"PronTokAlign",901.42,901.46,"t=0.557"
"PronTokAlign",901.46,901.77,"p-l-A/-t-O/"
"PronTokAlign",901.77,901.92,"s-A/=0.903"
"PronTokAlign",901.92,902.08,"p-@=0.785"
"PronTokAlign",902.08,902.31,"O/-s-i"
"PronTokAlign",902.31,902.62,"p-A/-R-t-i-R"
"PronTokAlign",902.62,902.77,"d-a~=0.583"
"PronTokAlign",902.77,902.87,"l-e=0.373"
"PronTokAlign",902.87,903.02,"v-R-E=0.522"
"PronTokAlign",903.02,904.33,"v-R-E-m-a~-t=0.45"
"PronTokAlign",904.33,904.69,"a~-s-j-E-n=0.937"
"PronTokAlign",904.69,904.81,"s-e"
"PronTokAlign",904.81,904.89,"p-A/=0.969"
"PronTokAlign",904.89,904.99,"y-n=0.864"
"PronTokAlign",904.99,905.23,"a~-s-j-E-n=0.927"
"PronTokAlign",905.23,905.78,"t-E-k-n-O/-l-O/-Z-i"
"PronTokAlign",905.78,906.195,"m-E=0.498"
"PronTokAlign",906.195,906.83,"#=0.0"
"PronTokAlign",906.83,906.99,"l-e=0.349"
"PronTokAlign",906.99,907.17,"Z-@=0.867"
"PronTokAlign",907.17,907.32,"p-l-y=0.966"
"PronTokAlign",907.32,907.67,"b-A/-z-i-k=0.986"
"PronTokAlign",907.67,907.79,"#=0.0"
"PronTokAlign",907.79,907.85,"O~=0.886"
"PronTokAlign",907.85,907.92,"v-A/"
"PronTokAlign",907.92,908.095,"d-i-R=0.63"
"PronTokAlign",908.095,908.51,"#=0.0"
"PronTokAlign",908.51,908.845,"v-l-A/=0.801"
"PronTokAlign",908.845,927.1,"#=0.0"
"PronTokAlign",927.1,927.66,"m-E=0.642"
"PronTokAlign",927.66,927.78,"fp"
"PronTokAlign",927.78,928.06,"d-y-k-u"
"PronTokAlign",928.06,928.16,"l-@=0.513"
"PronTokAlign",928.16,928.31,"Z-a~-R=0.951"
"PronTokAlign",928.31,928.35,"d=0.768"
"PronTokAlign",928.35,928.72,"A/-v-a~-t-y-R=0.889"
"PronTokAlign",928.72,928.78,"v-u=0.886"
"PronTokAlign",928.78,929.06,"p-a~-s-e=0.904"
"PronTokAlign",929.06,929.11,"k=0.963"
"PronTokAlign",929.11,929.27,"s-e"
"PronTokAlign",929.27,929.54,"m-j-@=0.84"
"PronTokAlign",929.54,930.01,"a~"
"PronTokAlign",930.01,930.49,"f-O/-R-m-A/"
"PronTokAlign",930.49,931.02,"f-i-l-m=0.755"
"PronTokAlign",931.02,931.05,"u"
"PronTokAlign",931.05,931.68,"f-O/-R-m-A/"
"PronTokAlign",931.68,932.12,"s-e-R-i=0.739"
"PronTokAlign",932.12,932.28,"k-O/-m=0.575"
"PronTokAlign",932.28,932.32,"j=0.604"
"PronTokAlign",932.32,932.38,"a~"
"PronTokAlign",932.38,932.46,"A/"
"PronTokAlign",932.46,932.81,"b-O/-k-u=0.708"
"PronTokAlign",932.81,933.03,"s-y-R"
"PronTokAlign",933.03,933.06,"fp"
"PronTokAlign",933.06,933.19,"b-U~/=0.513"
"PronTokAlign",933.19,933.66,"n-E-t-f-l-i-k-s=0.996"
"PronTokAlign",933.66,933.97,"a~-k-O/-R=0.759"
"PronTokAlign",933.97,947.18,"#=0.0"
"PronTokAlign",947.18,947.38,"w-E"
"PronTokAlign",947.38,947.43,"i=0.76"
"PronTokAlign",947.43,947.57,"m-E-t=0.999"
"PronTokAlign",947.57,947.6,"d=0.94"
"PronTokAlign",947.6,948.67,"s-e-E-l-i-f-f-a~-Z-E-R-s=0.768"
"PronTokAlign",948.67,948.79,"s-e"
"PronTokAlign",948.79,948.89,"s=0.575"
"PronTokAlign",948.89,949.55,"E-g-z-A/-k-t-2-m-a~=0.475"
"PronTokAlign",949.55,949.725,"#=0.0"
"PronTokAlign",949.725,949.805,"s-e"
"PronTokAlign",949.805,949.865,"S=0.496"
"PronTokAlign",949.865,949.925,"s=0.978"
"PronTokAlign",949.925,950.025,"p-A/=0.953"
"PronTokAlign",950.025,950.175,"k-O/-m-a~=0.952"
"PronTokAlign",950.175,950.225,"O~=0.86"
"PronTokAlign",950.225,950.285,"d-i=0.815"
"PronTokAlign",950.285,950.365,"a~"
"PronTokAlign",950.365,951.015,"f-R-a~-s-e=0.458"
"PronTokAlign",951.015,951.75,"laugh"
"PronTokAlign",951.75,959.17,"#=0.0"
"PronTokAlign",959.17,959.38,"w-E"
"PronTokAlign",959.38,959.545,"w-E"
"PronTokAlign",959.545,960.86,"#=0.0"
"PronTokAlign",960.86,961.03,"A/"
"PronTokAlign",961.03,961.21,"u-i=0.736"
"PronTokAlign",961.21,961.38,"A/"
"PronTokAlign",961.38,961.48,"u-i=0.739"
"PronTokAlign",961.48,961.62,"s-A/=0.822"
"PronTokAlign",961.62,961.98,"s-e"
"PronTokAlign",961.98,962.37,"fp"
"PronTokAlign",962.37,962.55,"s-A/=0.663"
"PronTokAlign",962.55,962.6,"m=0.524"
"PronTokAlign",962.6,962.94,"E-n-E-R-v-@=0.728"
"PronTokAlign",962.94,963.5,"i-m-e-d-j-A/-t-m-a~=0.407"
"PronTokAlign",963.5,963.735,"k-w-A/"
"PronTokAlign",963.735,966.25,"#=0.0"
"PronTokAlign",966.25,966.74,"w-E"
"PronTokAlign",966.74,971.34,"#=0.0"
"PronTokAlign",971.34,971.56,"s-e"
"PronTokAlign",971.56,971.74,"v-R-E=0.792"
"PronTokAlign",971.74,971.91,"s=0.602"
"PronTokAlign",971.91,972.25,"s-R-E=0.488"
"PronTokAlign",972.25,972.49,"d-y-R"
"PronTokAlign",972.49,972.82,"f-O/-d-R-E=0.332"
"PronTokAlign",972.82,973.27,"k-@=0.973"
"PronTokAlign",973.27,974.42,"#=0.0"
"PronTokAlign",974.42,974.51,"k-@=0.593"
"PronTokAlign",974.51,974.59,"Z=0.471"
"PronTokAlign",974.59,974.83,"k-O/-n-e=0.512"
"PronTokAlign",974.83,974.97,"p-A/=0.958"
"PronTokAlign",974.97,975.06,"d-@=0.768"
"PronTokAlign",975.06,975.36,"s-E-R-i=0.443"
"PronTokAlign",975.36,975.72,"k-u-R-t=0.821"
"PronTokAlign",975.72,975.81,"U~/"
"PronTokAlign",975.81,976.09,"Z-e-n-e-R-A/-l-m-a~=0.542"
"PronTokAlign",976.09,976.17,"l-E=0.313"
"PronTokAlign",976.17,976.63,"s-e-R-i=0.409"
"PronTokAlign",976.63,976.78,"O~=0.726"
"PronTokAlign",976.78,977.01,"A/"
"PronTokAlign",977.01,977.21,"d-u-z=0.773"
"PronTokAlign",977.21,977.69,"s-E-z-O~=0.902"
"PronTokAlign",977.69,977.82,"s-e"
"PronTokAlign",977.82,978.01,"s-a~=0.934"
"PronTokAlign",978.01,978.325,"f-U~/=0.998"
"PronTokAlign",978.325,986.71,"#=0.0"
"PronTokAlign",986.71,986.82,"A/"
"PronTokAlign",986.82,986.9,"w-E"
"PronTokAlign",986.9,987.09,"m-e-z=0.339"
"PronTokAlign",987.09,987.47,"l-A/"
"PronTokAlign",987.47,987.58,"i-l=0.639"
"PronTokAlign",987.58,987.89,"f-O/-d-R-E-t=0.264"
"PronTokAlign",987.89,988.26,"f-E-R=0.614"
"PronTokAlign",988.26,988.29,"U~/=0.552"
"PronTokAlign",988.29,988.7,"e-p-i-z-O/-d=0.63"
"PronTokAlign",988.7,988.92,"p-A/-R"
"PronTokAlign",988.92,989.95,"Z-u-R"
"PronTokAlign",989.95,991.72,"#=0.0"
"PronTokAlign",991.72,991.79,"a~"
"PronTokAlign",991.79,992.08,"p-l-y-s=0.967"
"PronTokAlign",992.08,992.315,"fp"
"PronTokAlign",992.315,993.075,"#=0.0"
"PronTokAlign",993.075,993.165,"j=0.77"
"PronTokAlign",993.165,993.225,"A/"
"PronTokAlign",993.225,993.425,"i-l-i=0.477"
"PronTokAlign",993.425,993.495,"A/"
"PronTokAlign",993.495,993.635,"k-w-A/"
"PronTokAlign",993.635,993.805,"k-O/-m=0.589"
"PronTokAlign",993.805,994.125,"s-e-R-i=0.531"
"PronTokAlign",994.125,994.485,"d-@=0.994"
"PronTokAlign",994.485,995.325,"A/-k-s-j-O~"
"PronTokAlign",995.325,995.895,"A/-v-a~-t-y-R=0.661"
"PronTokAlign",995.895,999.235,"#=0.0"
"PronTokAlign",999.235,999.315,"b-E=0.659"
"PronTokAlign",999.315,999.455,"s-e"
"PronTokAlign",999.455,999.73,"s-A/=0.999"
"PronTokAlign",999.73,1000.27,"#=0.0"
"PronTokAlign",1000.27,1000.53,"d-O~-k=0.994"
"PronTokAlign",1000.53,1000.56,"O~=0.738"
"PronTokAlign",1000.56,1000.59,"n"
"PronTokAlign",1000.59,1000.87,"A/"
"PronTokAlign",1000.87,1001.03,"p-A/=0.96"
"PronTokAlign",1001.03,1001.17,"t-R-O/=0.975"
"PronTokAlign",1001.17,1001.23,"s=0.973"
"PronTokAlign",1001.23,1001.54,"p-R-O/-b-l-E-m=0.862"
"PronTokAlign",1001.54,1001.85,"d-y-k-u"
"PronTokAlign",1001.85,1003.88,"#=0.0"
"PronTokAlign",1003.88,1003.97,"b-E=0.497"
"PronTokAlign",1003.97,1004.23,"b-E=0.62"
"PronTokAlign",1004.23,1004.37,"m-w-A/"
"PronTokAlign",1004.37,1004.48,"Z-@=0.489"
"PronTokAlign",1004.48,1004.66,"s-y-i=0.947"
"PronTokAlign",1004.66,1005.025,"d-A/-k-O/-R"
"PronTokAlign",1005.025,1005.44,"#=0.0"
"PronTokAlign",1005.44,1005.79,"m"
"PronTokAlign",1005.79,1005.845,"m"
"PronTokAlign",1005.845,1006.365,"#=0.0"
"PronTokAlign",1006.365,1006.515,"m-w-A/"
"PronTokAlign",1006.515,1006.635,"k-a~=0.905"
"PronTokAlign",1006.635,1006.695,"O~=0.709"
"PronTokAlign",1006.695,1007.275,"k-O/-m-a~-t=0.822"
"PronTokAlign",1007.275,1007.525,"O~-n=0.816"
"PronTokAlign",1007.525,1007.845,"k-O~-s-E-j=0.99"
"PronTokAlign",1007.845,1007.905,"y-n=0.991"
"PronTokAlign",1007.905,1008.125,"s-e-R-i=0.522"
"PronTokAlign",1008.125,1008.275,"s-y-R"
"PronTokAlign",1008.275,1008.635,"n-E-t-f-l-i-k-s=0.999"
"PronTokAlign",1008.635,1008.775,"e=0.96"
"PronTokAlign",1008.775,1008.815,"Z=0.523"
"PronTokAlign",1008.815,1008.945,"v-w-A/=0.953"
"PronTokAlign",1008.945,1009.045,"k"
"PronTokAlign",1009.045,1009.085,"j=0.675"
"PronTokAlign",1009.085,1009.275,"A/"
"PronTokAlign",1009.275,1009.485,"s-U~/=0.645"
"PronTokAlign",1009.485,1009.895,"s-E-z-O~=0.626"
"PronTokAlign",1009.895,1010.17,"#=0.0"
"PronTokAlign",1010.17,1010.31,"d-@=0.735"
"PronTokAlign",1010.31,1010.47,"d-u-z=0.576"
"PronTokAlign",1010.47,1010.78,"e-p-i-z-O/-d=0.507"
"PronTokAlign",1010.78,1011.1,"S-A/-k-y-n=0.757"
"PronTokAlign",1011.1,1011.26,"Z-@=0.368"
"PronTokAlign",1011.26,1011.39,"d-i-z=0.686"
"PronTokAlign",1011.39,1011.555,"n-a~=0.564"
"PronTokAlign",1011.555,1012.465,"#=0.0"
"PronTokAlign",1012.465,1012.575,"Z-i=0.584"
"PronTokAlign",1012.575,1012.625,"e=0.565"
"PronTokAlign",1012.625,1012.755,"p-A/=0.955"
"PronTokAlign",1012.755,1012.785,"l=0.752"
"PronTokAlign",1012.785,1013.065,"t-a~=0.844"
"PronTokAlign",1013.065,1013.325,"#=0.0"
"PronTokAlign",1013.325,1014.26179,"laugh=0.0"
"PronTokAlign",1014.26179,1015.355,"#=0.0"
"PronTokAlign",1015.355,1015.985,"fp=0.0"
"PronTokAlign",1015.985,1017.425,"#=0.0"
"PronTokAlign",1017.425,1017.895,"v-l-A/=0.532"
"PronTokAlign",1017.895,1019.14,"#=0.0"
"PronTokAlign",1019.14,1019.89,"fp"
"PronTokAlign",1019.89,1020.0,"m=0.656"
"PronTokAlign",1020.0,1020.57,"A/-p-R-E=0.736"
"PronTokAlign",1020.57,1020.77,"s-e"
"PronTokAlign",1020.77,1020.87,"v-R-E=0.504"
"PronTokAlign",1020.87,1021.0,"k-@=0.678"
"PronTokAlign",1021.0,1021.13,"k-a~=0.839"
"PronTokAlign",1021.13,1021.2,"O~=0.683"
"PronTokAlign",1021.2,1021.42,"p-A/-R-l-e=0.476"
"PronTokAlign",1021.42,1021.47,"t=0.589"
"PronTokAlign",1021.47,1021.73,"s-y-p-e=0.489"
"PronTokAlign",1021.73,1022.31,"j-E-R-O/=0.545"
"PronTokAlign",1022.31,1022.51,"E=0.505"
"PronTokAlign",1022.51,1022.97,"A/-v-a~-t-y-R=0.973"
"PronTokAlign",1022.97,1023.13,"s-A/=0.811"
"PronTokAlign",1023.13,1023.23,"s=0.916"
"PronTokAlign",1023.23,1023.48,"R-2-Z-w-U~/=0.801"
"PronTokAlign",1023.48,1023.8,"b-O/-k-u=0.891"
"PronTokAlign",1023.8,1024.18,"d-y-k-u"
"PronTokAlign",1024.18,1024.65,"E-s-k-@=0.995"
"PronTokAlign",1024.65,1024.9,"l-@=0.503"
"PronTokAlign",1024.9,1025.655,"Z-a~-R-@=0.928"
"PronTokAlign",1025.655,1026.265,"#=0.0"
"PronTokAlign",1026.265,1026.775,"A/-v-a~-t-y-R=0.568"
"PronTokAlign",1026.775,1027.025,"i=0.52"
"PronTokAlign",1027.025,1027.575,"U~/-t-E-R-A/-Z-i=0.756"
"PronTokAlign",1027.575,1027.765,"A/-v-E-k"
"PronTokAlign",1027.765,1028.035,"d-O/-t-R-@=0.797"
"PronTokAlign",1028.035,1028.19,"Z-a~-R=0.941"
"PronTokAlign",1028.19,1029.115,"#=0.0"
"PronTokAlign",1029.115,1029.165,"m=0.59"
"PronTokAlign",1029.165,1029.315,"p-A/=0.899"
"PronTokAlign",1029.315,1029.655,"f-O/-R-s-E-m-a~=0.584"
"PronTokAlign",1029.655,1029.815,"s-2=0.955"
"PronTokAlign",1029.815,1029.895,"k"
"PronTokAlign",1029.895,1029.985,"O~-n=0.673"
"PronTokAlign",1029.985,1030.035,"A/"
"PronTokAlign",1030.035,1030.4,"s-i-t-e=0.768"
"PronTokAlign",1030.4,1035.38,"#=0.0"
"PronTokAlign",1035.38,1035.47,"s-A/=0.721"
"PronTokAlign",1035.47,1035.63,"p-@=0.667"
"PronTokAlign",1035.63,1035.8200000000002,"f-E-R=0.812"
"PronTokAlign",1035.8200000000002,1035.92,"U~/=0.625"
"PronTokAlign",1035.92,1036.5,"p-2"
"PronTokAlign",1036.5,1036.7700000000002,"O/-R-9-R"
"PronTokAlign",1036.7700000000002,1037.19,"O/-s-i"
"PronTokAlign",1037.19,1037.22,"Z=0.546"
"PronTokAlign",1037.22,1037.48,"d-i-R-E=0.805"
"PronTokAlign",1037.48,1037.5800000000002,"u"
"PronTokAlign",1037.5800000000002,1038.19,"s-y-s-p-a~-z"
"PronTokAlign",1038.19,1038.95,"#=0.0"
"PronTokAlign",1038.95,1039.31,"noise=0.0"
"PronTokAlign",1039.31,1044.22,"#=0.0"
"PronTokAlign",1044.22,1044.29,"s-e"
"PronTokAlign",1044.29,1044.42,"y-n-@=0.59"
"PronTokAlign",1044.42,1045.25,"k-O/-m-e-d-i=0.526"
"PronTokAlign",1045.25,1045.35,"Z=0.677"
"PronTokAlign",1045.35,1045.39,"E=0.502"
"PronTokAlign",1045.39,1045.74,"d-i=0.605"
"PronTokAlign",1045.74,1045.8,"A/"
"PronTokAlign",1045.8,1046.23,"m-w-A/-t-j-e"
"PronTokAlign",1046.23,1046.75,"v-R-E-m-a~=0.511"
"PronTokAlign",1046.75,1047.17,"t-u-t-l-E=0.357"
"PronTokAlign",1047.17,1047.39,"b-l-A/-g=0.863"
"PronTokAlign",1047.39,1047.5,"k"
"PronTokAlign",1047.5,1047.57,"i=0.498"
"PronTokAlign",1047.57,1047.75,"f-O~=0.899"
"PronTokAlign",1047.75,1047.87,"m-w-A/"
"PronTokAlign",1047.87,1047.95,"Z=0.694"
"PronTokAlign",1047.95,1048.08,"E-m=0.757"
"PronTokAlign",1048.08,1048.345,"b-j-U~/-n=0.565"
"PronTokAlign",1048.345,1051.2,"#=0.0"
"PronTokAlign",1051.2,1051.41,"A/"
"PronTokAlign",1051.41,1051.56,"m-w-A/"
"PronTokAlign",1051.56,1052.03,"O/-s-i"
"PronTokAlign",1052.03,1052.612151,"laugh"
"PronTokAlign",1052.612151,1058.595,"#=0.0"
"PronTokAlign",1058.595,1058.745,"w-E"
"PronTokAlign",1058.745,1059.02,"w-E"
"PronTokAlign",1059.02,1064.035,"#=0.0"
"PronTokAlign",1064.035,1064.255,"b-E=0.643"
"PronTokAlign",1064.255,1064.545,"s-A/"
"PronTokAlign",1064.545,1064.625,"S=0.67"
"PronTokAlign",1064.625,1064.775,"p-a~-s=0.909"
"PronTokAlign",1064.775,1064.835,"k=0.71"
"PronTokAlign",1064.835,1065.015,"s-A/=0.639"
"PronTokAlign",1065.015,1065.125,"l-9-R"
"PronTokAlign",1065.125,1065.235,"R-a~=0.595"
"PronTokAlign",1065.235,1065.7050000000002,"p-l-y-s=0.674"
"PronTokAlign",1065.7050000000002,1066.235,"A/-k-s-E-s-i-b-l=0.682"
"PronTokAlign",1066.235,1066.355,"O/-z=0.956"
"PronTokAlign",1066.355,1066.6650000000002,"a~-f-a~=0.946"
"PronTokAlign",1066.6650000000002,1066.825,"s-e"
"PronTokAlign",1066.825,1067.025,"p-A/=0.879"
"PronTokAlign",1067.025,1067.405,"t-R-O/=0.83"
"PronTokAlign",1067.405,1067.9450000000002,"s-E-R-j-@=0.662"
"PronTokAlign",1067.9450000000002,1068.055,"u"
"PronTokAlign",1068.055,1068.335,"t-R-O/=0.834"
"PronTokAlign",1068.335,1068.745,"s-O~-b-R=0.635"
"PronTokAlign",1068.745,1069.095,"k-O/-m-@=0.911"
"PronTokAlign",1069.095,1069.245,"b-E=0.668"
"PronTokAlign",1069.245,1069.365,"l-e=0.569"
"PronTokAlign",1069.365,1069.6650000000002,"f-i-l-m=0.827"
"PronTokAlign",1069.6650000000002,1070.075,"b-A/-t-m-A/-n"
"PronTokAlign",1070.075,1070.495,"p-A/-R-E-g-z-a~-p-l=0.387"
"PronTokAlign",1070.495,1070.615,"k=0.788"
"PronTokAlign",1070.615,1071.1,"s-O~=0.679"
"PronTokAlign",1071.1,1071.52,"#=0.0"
"PronTokAlign",1071.52,1072.14,"t-R-e=0.794"
"PronTokAlign",1072.14,1072.795,"t-R-i-s-t-z=0.942"
"PronTokAlign",1072.795,1073.355,"#=0.0"
"PronTokAlign",1073.355,1073.745,"s-p-i-d-m-A/-n=0.42"
"PronTokAlign",1073.745,1073.825,"i=0.702"
"PronTokAlign",1073.825,1073.855,"e=0.401"
"PronTokAlign",1073.855,1074.405,"p-l-y-t-O/=0.63"
"PronTokAlign",1074.405,1074.9,"#=0.0"
"PronTokAlign",1074.9,1075.26,"f-U~/-n=0.959"
"PronTokAlign",1075.26,1075.4,"E=0.606"
"PronTokAlign",1075.4,1075.46,"i=0.504"
"PronTokAlign",1075.46,1075.49,"A/"
"PronTokAlign",1075.49,1075.7900000000002,"t-u-Z-u-R=0.549"
"PronTokAlign",1075.7900000000002,1075.89,"d-E=0.494"
"PronTokAlign",1075.89,1076.0600000000002,"b-l-A/-g=0.786"
"PronTokAlign",1076.0600000000002,1076.17,"s-e"
"PronTokAlign",1076.17,1076.27,"v-R-e=0.552"
"PronTokAlign",1076.27,1076.3100000000002,"k=0.82"
"PronTokAlign",1076.3100000000002,1076.74,"s-e"
"PronTokAlign",1076.74,1076.84,"S=0.497"
"PronTokAlign",1076.84,1077.1,"m-O~-t-R-2-R-E=0.949"
"PronTokAlign",1077.1,1077.25,"p-A/=0.89"
"PronTokAlign",1077.25,1077.69,"s-A/=0.566"
"PronTokAlign",1077.69,1078.0800000000002,"#"
"PronTokAlign",1078.0800000000002,1078.11,"A/"
"PronTokAlign",1078.11,1078.25,"m-A/"
"PronTokAlign",1078.25,1078.48,"p-t-i-t=0.781"
"PronTokAlign",1078.48,1078.7800000000002,"s-9-R"
"PronTokAlign",1078.7800000000002,1079.16,"b-A/-t-m-A/-n"
"PronTokAlign",1079.16,1079.25,"S=0.84"
"PronTokAlign",1079.25,1079.43,"p-a~-s=0.933"
"PronTokAlign",1079.43,1079.49,"k"
"PronTokAlign",1079.49,1079.5300000000002,"E=0.671"
"PronTokAlign",1079.5300000000002,1079.63,"s"
"PronTokAlign",1079.63,1080.22,"a~-d-O/-R-m-i-R-E=0.884"
"PronTokAlign",1080.22,1080.35,"u"
"PronTokAlign",1080.35,1080.42,"E=0.625"
"PronTokAlign",1080.42,1080.72,"s-R-E=0.553"
"PronTokAlign",1080.72,1080.84,"a~"
"PronTokAlign",1080.84,1081.315,"d-E-p-R-E-s-j-O~"
"PronTokAlign",1081.315,1082.1,"#=0.0"
"PronTokAlign",1082.1,1082.23,"d-O~=0.726"
"PronTokAlign",1082.23,1082.55,"v-l-A/=0.508"
"PronTokAlign",1082.55,1083.53,"#=0.0"
"PronTokAlign",1083.53,1084.33,"fp=0.0"
"PronTokAlign",1084.33,1084.67,"#=0.0"
"PronTokAlign",1084.67,1084.74,"A/"
"PronTokAlign",1084.74,1084.93,"p-A/-R"
"PronTokAlign",1084.93,1084.98,"d=0.549"
"PronTokAlign",1084.98,1085.71,"Z-y-m-a~-Z-i=0.527"
"PronTokAlign",1085.71,1085.95,"d-y-k-u"
"PronTokAlign",1085.95,1086.0800000000002,"d-a~=0.923"
"PronTokAlign",1086.0800000000002,1086.18,"l-@=0.508"
"PronTokAlign",1086.18,1086.34,"Z-a~-R=0.838"
"PronTokAlign",1086.34,1086.87,"A/-v-a~-t-y-R=0.733"
"PronTokAlign",1086.87,1086.95,"i=0.476"
"PronTokAlign",1086.95,1087.01,"A/"
"PronTokAlign",1087.01,1087.16,"k-w-A/"
"PronTokAlign",1087.16,1087.47,"k-O/-m-@=0.885"
"PronTokAlign",1087.47,1087.94,"f-i-l-m=0.708"
"PronTokAlign",1087.94,1088.0,"u"
"PronTokAlign",1088.0,1088.3200000000002,"s-e-R-i=0.613"
"PronTokAlign",1088.3200000000002,1088.52,"k-i=0.404"
"PronTokAlign",1088.52,1088.5500000000002,"e=0.436"
"PronTokAlign",1088.5500000000002,1088.92,"l-@=0.94"
"PronTokAlign",1088.92,1089.15,"p-l-y=0.833"
"PronTokAlign",1089.15,1089.5,"k-O/-n-y"
"PronTokAlign",1089.5,1091.47,"#=0.0"
"PronTokAlign",1091.47,1091.69,"v-R-E-m-a~=0.486"
"PronTokAlign",1091.69,1092.11,"fp"
"PronTokAlign",1092.11,1093.18,"#=0.0"
"PronTokAlign",1093.18,1094.26,"fp=0.0"
"PronTokAlign",1094.26,1095.44,"#=0.0"
"PronTokAlign",1095.44,1095.84,"U~/-d-j-A/-n-A/=0.99"
"PronTokAlign",1095.84,1096.287153,"Z-O/-n-s=0.593"
"PronTokAlign",1096.287153,1100.089688,"#=0.0"
"PronTokAlign",1100.089688,1100.219688,"s-A/=0.561"
"PronTokAlign",1100.219688,1100.399688,"s-e"
"PronTokAlign",1100.399688,1100.659688,"p-2-t-E-t-R=0.908"
"PronTokAlign",1100.659688,1100.719688,"U~/=0.559"
"PronTokAlign",1100.719688,1100.869688,"p-2"
"PronTokAlign",1100.869688,1101.109688,"t-R-O/=0.875"
"PronTokAlign",1101.109688,1101.505,"v-j-2-z=0.855"
"PronTokAlign",1101.505,1103.685,"#=0.0"
"PronTokAlign",1103.685,1104.05,"w-E"
"PronTokAlign",1104.05,1107.86,"#=0.0"
"PronTokAlign",1107.86,1108.085,"m=0.0"
"PronTokAlign",1108.085,1109.645,"#=0.0"
"PronTokAlign",1109.645,1109.715,"k=0.75"
"PronTokAlign",1109.715,1109.775,"s-k=0.374"
"PronTokAlign",1109.775,1109.805,"O~=0.663"
"PronTokAlign",1109.805,1109.895,"A/"
"PronTokAlign",1109.895,1110.15,"d-O/-t-R-@=0.636"
"PronTokAlign",1110.15,1117.57,"#=0.0"
"PronTokAlign",1117.57,1117.64,"s-e"
"PronTokAlign",1117.64,1117.73,"v-R-e=0.611"
"PronTokAlign",1117.73,1117.76,"k=0.968"
"PronTokAlign",1117.76,1117.82,"k-a~=0.917"
"PronTokAlign",1117.82,1117.9,"O~=0.758"
"PronTokAlign",1117.9,1118.14,"p-a~-s=0.635"
"PronTokAlign",1118.14,1118.54,"A/-v-a~-t-y-R=0.804"
"PronTokAlign",1118.54,1118.66,"O~-n=0.512"
"PronTokAlign",1118.66,1119.46,"p-a~-s-@=0.974"
"PronTokAlign",1119.46,1120.89,"#=0.0"
"PronTokAlign",1120.89,1121.01,"s-e"
"PronTokAlign",1121.01,1121.18,"s-A/=0.702"
"PronTokAlign",1121.18,1121.21,"k=0.568"
"PronTokAlign",1121.21,1121.2900000000002,"S=0.526"
"PronTokAlign",1121.2900000000002,1121.41,"A/-l-E=0.74"
"PronTokAlign",1121.41,1121.66,"d-i-R=0.756"
"PronTokAlign",1121.66,1122.86,"#=0.0"
"PronTokAlign",1122.86,1123.305,"w-E"
"PronTokAlign",1123.305,1123.825,"#=0.0"
"PronTokAlign",1123.825,1123.925,"m-e=0.427"
"PronTokAlign",1123.925,1124.045,"k-a~=0.907"
"PronTokAlign",1124.045,1124.105,"O~=0.52"
"PronTokAlign",1124.105,1124.305,"p-a~-s=0.672"
"PronTokAlign",1124.305,1124.815,"A/-v-a~-t-y-R=0.775"
"PronTokAlign",1124.815,1124.905,"O~=0.713"
"PronTokAlign",1124.905,1125.175,"p-a~-s=0.792"
"PronTokAlign",1125.175,1125.615,"t-u-Z-u-R=0.663"
"PronTokAlign",1125.615,1126.015,"fp"
"PronTokAlign",1126.015,1126.635,"#=0.0"
"PronTokAlign",1126.635,1126.755,"U~/-n=0.552"
"PronTokAlign",1126.755,1126.905,"p-2"
"PronTokAlign",1126.905,1127.725,"E-k-s-p-l-O/-R-A/-s-j-O~"
"PronTokAlign",1127.725,1127.845,"d-a~=0.837"
"PronTokAlign",1127.845,1127.955,"l-A/"
"PronTokAlign",1127.955,1128.265,"Z-U~/-g-l=0.703"
"PronTokAlign",1128.265,1128.305,"A/"
"PronTokAlign",1128.305,1128.525,"S-A/-k=0.921"
"PronTokAlign",1128.525,1128.77,"f-w-A/-z=0.754"
"PronTokAlign",1128.77,1129.26,"#=0.0"
"PronTokAlign",1129.26,1129.35,"i=0.518"
"PronTokAlign",1129.35,1129.39,"A/"
"PronTokAlign",1129.39,1129.58,"p-A/=0.801"
"PronTokAlign",1129.58,1129.77,"d-O/-t-R=0.761"
"PronTokAlign",1129.77,1130.06,"Z-a~-R=0.676"
"PronTokAlign",1130.06,1130.1,"d=0.693"
"PronTokAlign",1130.1,1130.83,"A/-v-a~-t-y-R=0.715"
"PronTokAlign",1130.83,1131.575,"#=0.0"
"PronTokAlign",1131.575,1131.775,"s-e"
"PronTokAlign",1131.775,1131.805,"s=0.62"
"PronTokAlign",1131.805,1131.835,"k=0.555"
"PronTokAlign",1131.835,1131.925,"Z=0.395"
"PronTokAlign",1131.925,1132.015,"m=0.747"
"PronTokAlign",1132.015,1132.523438,"d-2-m-a~-d-2=0.785"
"PronTokAlign",1132.523438,1138.045,"#=0.0"
"PronTokAlign",1138.045,1138.34,"w-E"
"PronTokAlign",1138.34,1146.06,"#=0.0"
"PronTokAlign",1146.06,1146.26,"A/-l-R=0.446"
"PronTokAlign",1146.26,1146.29,"Z=0.561"
"PronTokAlign",1146.29,1146.32,"a~"
"PronTokAlign",1146.32,1146.39,"E=0.625"
"PronTokAlign",1146.39,1146.6799999999998,"m-E-m=0.882"
"PronTokAlign",1146.6799999999998,1146.82,"p-A/=0.947"
"PronTokAlign",1146.82,1147.13,"a~-t-a~-d-y"
"PronTokAlign",1147.13,1147.4,"p-A/-R-l-e=0.759"
"PronTokAlign",1147.4,1149.59,"#=0.0"
"PronTokAlign",1149.59,1149.6699999999998,"s-e"
"PronTokAlign",1149.6699999999998,1149.99,"k-w-A/"
"PronTokAlign",1149.99,1153.885,"#=0.0"
"PronTokAlign",1153.885,1154.095,"A/"
"PronTokAlign",1154.095,1154.795,"s-y-p-E-R=0.534"
"PronTokAlign",1154.795,1155.345,"#=0.0"
"PronTokAlign",1155.345,1155.485,"S=0.847"
"PronTokAlign",1155.485,1155.515,"l"
"PronTokAlign",1155.515,1155.794063,"A/-d-O/-R=0.828"
"PronTokAlign",1155.794063,1161.505,"#=0.0"
"PronTokAlign",1161.505,1161.895,"O/=0.0"
"PronTokAlign",1161.895,1162.675,"#=0.0"
"PronTokAlign",1162.675,1162.765,"w-E"
"PronTokAlign",1162.765,1162.985,"s-e"
"PronTokAlign",1162.985,1163.465,"b-j-U~/=0.895"
"PronTokAlign",1163.465,1163.615,"s-A/=0.887"
"PronTokAlign",1163.615,1163.745,"s-e"
"PronTokAlign",1163.745,1163.835,"d-e=0.424"
"PronTokAlign",1163.835,1164.015,"b-O~-z=0.518"
"PronTokAlign",1164.015,1164.4,"A/-R-g-y-m-a~=0.578"
"PronTokAlign",1164.4,1164.625,"#=0.0"
"PronTokAlign",1164.625,1165.810073,"laugh=0.0"
"PronTokAlign",1165.810073,1167.148255,"#=0.0"
"PronTokAlign",1167.148255,1168.663299,"laugh=0.0"
"PronTokAlign",1168.663299,1182.0,"#=0.0"
"PronTokAlign",1182.0,1182.15,"w-E"
"PronTokAlign",1182.15,1182.3,"s-A/=0.869"
"PronTokAlign",1182.3,1182.45,"p-@=0.829"
"PronTokAlign",1182.45,1182.54,"E-t=0.756"
"PronTokAlign",1182.54,1182.78,"b-j-U~/=0.88"
"PronTokAlign",1182.78,1183.21,"O/-s-i"
"PronTokAlign",1183.21,1183.44,"#=0.0"
"PronTokAlign",1183.44,1183.55,"p-R-s=0.999"
"PronTokAlign",1183.55,1183.5800000000002,"k"
"PronTokAlign",1183.5800000000002,1183.63,"O~=0.985"
"PronTokAlign",1183.63,1183.7,"v-A/"
"PronTokAlign",1183.7,1183.77,"p-A/"
"PronTokAlign",1183.77,1184.11,"p-R-E-z-a~-t-e=0.579"
"PronTokAlign",1184.11,1184.17,"k"
"PronTokAlign",1184.17,1184.23,"U~/=0.797"
"PronTokAlign",1184.23,1184.38,"s-9-l"
"PronTokAlign",1184.38,1184.765,"f-i-l-m=0.73"
"PronTokAlign",1184.765,1196.85,"#=0.0"
"PronTokAlign",1196.85,1197.04,"b-U~/=0.764"
"PronTokAlign",1197.04,1197.16,"A/"
"PronTokAlign",1197.16,1197.28,"v-w-A/-R"
"PronTokAlign",1197.28,1197.4299999999998,"s=0.972"
"PronTokAlign",1197.4299999999998,1197.55,"s-e"
"PronTokAlign",1197.55,1197.6799999999998,"p-A/=0.964"
"PronTokAlign",1197.6799999999998,1197.87,"t-R-O/=0.823"
"PronTokAlign",1197.87,1198.1799999999998,"v-j-O/-l-a~=0.841"
"PronTokAlign",1198.1799999999998,1198.4399999999998,"p-A/-s-k-@=0.513"
"PronTokAlign",1198.4399999999998,1198.6,"s=0.748"
"PronTokAlign",1198.6,1198.6899999999998,"O~=0.723"
"PronTokAlign",1198.6899999999998,1198.76,"v-@=0.857"
"PronTokAlign",1198.76,1199.01,"R-E-s-t-e=0.885"
"PronTokAlign",1199.01,1199.14,"d-a~=0.858"
"PronTokAlign",1199.14,1199.1699999999998,"l"
"PronTokAlign",1199.1699999999998,1199.58,"i-d-e"
"PronTokAlign",1199.58,1199.86,"#"
"PronTokAlign",1199.86,1200.15,"k"
"PronTokAlign",1200.15,1200.1799999999998,"j=0.604"
"PronTokAlign",1200.1799999999998,1200.2199999999998,"e=0.628"
"PronTokAlign",1200.2199999999998,1200.38,"d-e-z=0.57"
"PronTokAlign",1200.38,1200.875,"a~-f-a~=0.875"
"PronTokAlign",1200.875,1201.545,"#=0.0"
"PronTokAlign",1201.545,1201.775,"s-A/=0.757"
"PronTokAlign",1201.775,1202.01,"v-A/"
"PronTokAlign",1202.01,1203.985,"#=0.0"
"PronTokAlign",1203.985,1204.225,"O/"
"PronTokAlign",1204.225,1204.3349999999998,"b-A/"
"PronTokAlign",1204.3349999999998,1204.515,"s-A/=0.709"
"PronTokAlign",1204.515,1204.73,"v-A/"
"PronTokAlign",1204.73,1210.365,"#=0.0"
"PronTokAlign",1210.365,1210.465,"b-E=0.753"
"PronTokAlign",1210.465,1210.585,"d-y=0.639"
"PronTokAlign",1210.585,1210.755,"m-O/-m-a~"
"PronTokAlign",1210.755,1210.805,"k=0.806"
"PronTokAlign",1210.805,1210.915,"s-e"
"PronTokAlign",1210.915,1211.065,"p-A/=0.847"
"PronTokAlign",1211.065,1211.335,"t-R-O/=0.614"
"PronTokAlign",1211.335,1211.9,"g-O/-R=0.609"
"PronTokAlign",1211.9,1213.62,"#=0.0"
"PronTokAlign",1213.62,1214.029688,"w-E"
"PronTokAlign",1214.029688,1217.935,"#=0.0"
"PronTokAlign",1217.935,1217.995,"A/"
"PronTokAlign",1217.995,1218.085,"s=0.902"
"PronTokAlign",1218.085,1218.175,"d-w-A/=0.643"
"PronTokAlign",1218.175,1218.365,"s-A/=0.776"
"PronTokAlign",1218.365,1218.425,"v-A/"
"PronTokAlign",1218.425,1218.495,"p-A/=0.942"
"PronTokAlign",1218.495,1218.585,"f-E-R=0.857"
"PronTokAlign",1218.585,1218.675,"m-A/-l"
"PronTokAlign",1218.675,1218.745,"Z=0.553"
"PronTokAlign",1218.745,1218.8049999999998,"e=0.563"
"PronTokAlign",1218.8049999999998,1219.035,"u-b-l-i-e=0.63"
"PronTokAlign",1219.035,1219.265,"s-A/=0.985"
"PronTokAlign",1219.265,1220.69,"#=0.0"
"PronTokAlign",1220.69,1221.483911,"laugh=0.0"
"PronTokAlign",1221.483911,1232.175,"#=0.0"
"PronTokAlign",1232.175,1232.595,"u-i=0.957"
"PronTokAlign",1232.595,1236.295307,"#=0.0"
"PronTokAlign",1236.295307,1237.334194,"laugh=0.0"
"PronTokAlign",1237.334194,1238.125,"#=0.0"
"PronTokAlign",1238.125,1238.315,"A/"
"PronTokAlign",1238.315,1238.455,"s-A/=0.952"
"PronTokAlign",1238.455,1238.875,"s-e"
"PronTokAlign",1238.875,1239.065,"b-j-U~/=0.728"
"PronTokAlign",1239.065,1239.135,"m=0.373"
"PronTokAlign",1239.135,1239.255,"j=0.475"
"PronTokAlign",1239.255,1239.325,"A/"
"PronTokAlign",1239.325,1239.375,"U~/=0.87"
"PronTokAlign",1239.375,1239.935,"f-i-l-m-@=0.693"
"PronTokAlign",1239.935,1240.135,"d-e=0.898"
"PronTokAlign",1240.135,1240.245,"k=0.62"
"PronTokAlign",1240.245,1240.295,"e=0.494"
"PronTokAlign",1240.295,1240.625,"s-O/-R-t-i"
"PronTokAlign",1240.625,1240.655,"j=0.645"
"PronTokAlign",1240.655,1240.685,"A/"
"PronTokAlign",1240.685,1240.815,"p-A/=0.93"
"PronTokAlign",1240.815,1240.945,"t-R-O/=0.89"
"PronTokAlign",1240.945,1241.255,"l-O~-t-a~"
"PronTokAlign",1241.255,1241.315,"S=0.774"
"PronTokAlign",1241.315,1241.725,"k-R-w-A/-z=0.949"
"PronTokAlign",1241.725,1242.459103,"m-A/-R-s-y-p-i-l-A/-m-i=0.696"
"PronTokAlign",1242.459103,1243.5,"#=0.0"
"PronTokAlign",1243.5,1243.58,"p-A/=0.633"
"PronTokAlign",1243.58,1243.92,"v-y"
"PronTokAlign",1243.92,1244.23,"laugh"
"PronTokAlign",1244.23,1246.432357,"#=0.0"
"PronTokAlign",1246.432357,1247.363027,"laugh=0.0"
"PronTokAlign",1247.363027,1248.67,"#=0.0"
"PronTokAlign",1248.67,1248.95,"E-s-k-@=0.925"
"PronTokAlign",1248.95,1249.49,"A/-s-t-e-R-i-k-s"
"PronTokAlign",1249.49,1249.87,"m-i-s-j-O~"
"PronTokAlign",1249.87,1250.3000000000002,"k-l-e-O/-p-A/-t-R"
"PronTokAlign",1250.3000000000002,1250.41,"s-A/=0.877"
"PronTokAlign",1250.41,1250.655,"k-O~-t=0.785"
"PronTokAlign",1250.655,1251.460545,"#=0.0"
"PronTokAlign",1251.460545,1251.690545,"p-s-k=0.929"
"PronTokAlign",1251.690545,1252.090545,"t-E-k-n-i-k-2-m-a~=0.837"
"PronTokAlign",1252.090545,1252.190545,"i=0.633"
"PronTokAlign",1252.190545,1252.340545,"f-O~=0.909"
"PronTokAlign",1252.340545,1252.410545,"y-n=0.68"
"PronTokAlign",1252.410545,1252.91,"A/-v-a~-t-y-R=0.824"
"PronTokAlign",1252.91,1254.32,"#=0.0"
"PronTokAlign",1254.32,1254.4299999999998,"s-e"
"PronTokAlign",1254.4299999999998,1254.65,"t-R-E=0.637"
"PronTokAlign",1254.65,1254.92,"b-j-U~/=0.653"
